feature_idx,seq_effect_obs,struct_effect_obs,seq_effect_shuffle,struct_effect_shuffle,seq_delta,struct_delta
0,0.42159542,0.09670297,0.25496083,0.17275327,0.16663459,-0.076050304
1,0.94712824,0.20485601,0.27954707,0.17966682,0.6675812,0.025189191
2,0.12719685,0.07966073,0.11224914,0.07017705,0.014947705,0.00948368
3,0.56733584,0.068640254,0.12867337,0.09907719,0.43866247,-0.030436933
4,0.07136059,0.04310349,0.02857463,0.01803249,0.042785957,0.025071
5,0.11748216,0.0021194094,0.059348192,0.043915626,0.05813397,-0.041796215
6,0.2765927,0.08659362,0.059257876,0.041012622,0.21733482,0.045580998
7,0.11825573,0.1156213,0.05330076,0.037155725,0.06495497,0.07846557
8,0.92091143,0.22122219,0.31448114,0.24530852,0.6064303,-0.024086326
9,0.3290687,0.08454626,0.11247566,0.07978825,0.21659303,0.004758008
10,0.34105623,0.11845976,0.14336926,0.09269436,0.19768697,0.025765404
11,-0.0126342885,0.12452648,0.015869608,0.007876551,-0.028503897,0.116649926
12,0.78831136,0.16834605,0.24075025,0.17377949,0.5475611,-0.00543344
13,1.0853261,0.224265,0.3126401,0.22436723,0.772686,-0.00010223687
14,0.36035368,0.10376358,0.10011398,0.07534825,0.2602397,0.02841533
15,0.43883052,0.17713286,0.23989855,0.16442727,0.19893198,0.012705594
16,0.8439064,0.22928195,0.25464037,0.19083507,0.58926606,0.038446873
17,0.18371882,0.042019986,0.056681953,0.03957652,0.12703687,0.0024434663
18,0.746469,0.2919149,0.4105058,0.27297986,0.33596322,0.018935055
19,0.8221363,0.33763087,0.39341414,0.2897126,0.42872214,0.04791826
20,0.12446966,0.026631115,0.033679515,0.019911356,0.090790145,0.0067197587
21,0.57638276,0.27504048,0.2283716,0.17309889,0.34801114,0.101941586
22,1.1430743,0.29637793,0.40396965,0.2863474,0.7391046,0.010030538
23,0.3064638,0.08377637,0.15278646,0.09436839,0.15367734,-0.010592021
24,1.0223585,0.24556,0.38465744,0.24150118,0.6377011,0.004058823
25,0.9817062,0.28369242,0.32218608,0.2194735,0.65952015,0.06421892
26,1.0259675,0.16500595,0.27812234,0.19186403,0.7478452,-0.026858076
27,0.9362051,0.25664875,0.32412392,0.21194008,0.61208117,0.04470867
28,0.24916756,0.09013504,0.14766796,0.0721759,0.1014996,0.01795914
29,0.9769927,0.47104436,0.544298,0.34950376,0.43269473,0.121540606
30,0.7699926,0.21213865,0.28403068,0.19409949,0.4859619,0.018039167
31,0.098944165,-0.0068144808,0.051778812,0.033942144,0.047165353,-0.040756624
32,0.10333795,0.08298227,0.08363542,0.056371108,0.019702531,0.026611164
33,0.14390804,0.030562183,0.039894205,0.030468285,0.10401383,9.3897805e-05
34,0.5030213,0.13673855,0.19371122,0.13612945,0.30931008,0.00060909986
35,0.34638333,0.057215042,0.07861338,0.059139047,0.26776996,-0.0019240044
36,1.2796046,0.47306752,0.6684484,0.4839826,0.61115617,-0.010915071
37,0.052589685,0.0027098933,0.05471713,0.03516878,-0.0021274462,-0.032458887
38,0.9891476,0.17894463,0.26762918,0.19942936,0.7215184,-0.02048473
39,0.06950418,0.057111785,0.05180725,0.033765603,0.017696928,0.023346182
40,0.8560456,0.1828198,0.23633316,0.17335948,0.6197125,0.009460315
41,0.5130907,0.1477988,0.21281734,0.14769338,0.3002734,0.000105425715
42,0.13591154,0.13158515,0.08113659,0.05215052,0.054774947,0.07943463
43,0.734523,0.27425545,0.32455727,0.21264173,0.40996572,0.061613724
44,0.46210885,0.17690563,0.15538092,0.10964837,0.30672795,0.06725726
45,0.07505242,0.029175859,0.037683427,0.024014108,0.03736899,0.005161751
46,0.61240774,0.19051902,0.21669717,0.16800453,0.3957106,0.022514492
47,0.34804353,0.11317096,0.16520378,0.1111349,0.18283975,0.0020360574
48,0.93124336,0.27683726,0.32708314,0.21393701,0.6041602,0.062900245
49,0.4687167,0.16682176,0.20065759,0.1338137,0.26805913,0.03300807
50,0.038875267,0.18774918,0.04303457,0.025407124,-0.0041593015,0.16234206
51,0.6760077,0.18609679,0.3154793,0.2205835,0.36052838,-0.03448671
52,0.034420818,0.04268706,0.035460126,0.028596867,-0.0010393076,0.014090192
53,0.928579,0.18429779,0.26888093,0.18818353,0.659698,-0.003885746
54,1.0134048,0.1577597,0.31001785,0.18820526,0.703387,-0.03044556
55,0.118975125,0.07744405,0.04716867,0.033757184,0.07180646,0.043686863
56,0.9578432,0.47948298,0.5166062,0.40723523,0.44123697,0.07224774
57,0.33148465,0.00785042,0.08510576,0.051452354,0.24637888,-0.043601934
58,0.076553956,0.026226234,0.038226116,0.026227254,0.03832784,-1.0207295e-06
59,1.0307559,0.30353114,0.28855014,0.22816671,0.74220574,0.075364426
60,1.1437718,0.3467472,0.3739273,0.29557988,0.7698445,0.05116731
61,0.108796224,-0.010758745,0.0263634,0.016762825,0.08243282,-0.02752157
62,1.4069403,0.39959416,0.54554635,0.40477875,0.861394,-0.005184591
63,0.10134344,0.12863365,0.061031565,0.03887603,0.040311873,0.08975762
64,1.0995591,0.48657778,0.59710705,0.40454173,0.502452,0.08203605
65,0.3091353,0.099121414,0.13881062,0.09789406,0.17032467,0.0012273565
66,0.048517156,0.008970233,0.0141214905,0.011432415,0.034395665,-0.0024621822
67,1.292828,0.4250082,0.5000201,0.3824429,0.7928079,0.042565316
68,0.1490299,0.050339233,0.05317184,0.036209792,0.09585805,0.014129441
69,-0.019435925,0.10584427,0.023061223,0.0155157875,-0.04249715,0.09032848
70,1.5428879,0.41415274,0.5138082,0.37872696,1.0290797,0.035425782
71,0.24690408,0.12872367,0.11696843,0.089461304,0.12993565,0.03926236
72,0.687354,0.19352217,0.25256646,0.18485942,0.43478757,0.008662745
73,0.7111122,0.20468594,0.29160312,0.18803418,0.41950908,0.016651765
74,0.22299194,0.04985487,0.055026032,0.04518552,0.16796592,0.0046693496
75,0.73831904,0.18044317,0.25955442,0.19201897,0.47876462,-0.011575803
76,0.9838649,0.32953393,0.41907254,0.30116642,0.5647924,0.02836752
77,0.012321285,0.047945123,0.01815235,0.01180965,-0.0058310656,0.036135472
78,1.0668439,0.21127942,0.31582108,0.22953485,0.7510228,-0.018255427
79,0.9281524,0.19312663,0.26969254,0.174623,0.65845984,0.018503636
80,1.1944304,0.31998685,0.497201,0.32569343,0.6972294,-0.0057065785
81,0.0095529165,0.13333704,0.026716843,0.013151708,-0.017163927,0.12018533
82,0.8223816,0.15064675,0.20063968,0.13772947,0.62174195,0.01291728
83,0.7878426,0.29388958,0.31021577,0.22789356,0.4776268,0.06599602
84,0.9140333,0.30344877,0.3886674,0.25087115,0.5253659,0.052577615
85,1.0613286,0.21668077,0.3531722,0.24258682,0.70815647,-0.025906056
86,0.16399397,0.08444002,0.09552216,0.06428094,0.06847181,0.02015908
87,0.41066924,0.120886125,0.14962241,0.10017052,0.26104683,0.020715602
88,0.8665037,0.2011908,0.2606097,0.19893402,0.605894,0.0022567809
89,0.030179573,0.02469363,0.039132513,0.025909033,-0.00895294,-0.001215402
90,0.9358045,0.3201668,0.32823417,0.264827,0.6075703,0.055339783
91,0.9892563,0.2559199,0.322908,0.22816771,0.66634834,0.02775219
92,0.1346047,0.050346382,0.038884815,0.0269311,0.09571989,0.023415282
93,0.76703423,0.21728814,0.28217497,0.20009834,0.48485926,0.0171898
94,0.90174824,0.20173481,0.3968916,0.22772135,0.50485665,-0.025986537
95,0.21481882,0.13300231,0.049333714,0.03029138,0.16548511,0.10271093
96,1.1909297,0.24816702,0.36963955,0.24848759,0.82129014,-0.00032056868
97,1.5716615,0.38421774,0.5080603,0.37559623,1.0636013,0.008621514
98,0.80448806,0.3602312,0.4236104,0.28746098,0.38087767,0.07277021
99,0.7503014,0.18580683,0.3110456,0.19401743,0.43925583,-0.008210599
100,0.36036524,0.08145678,0.09000101,0.07106428,0.27036422,0.010392502
101,0.22541736,0.07509821,0.09204496,0.0628746,0.1333724,0.012223609
102,0.10679065,-0.0024637836,0.035823476,0.022555199,0.07096717,-0.025018983
103,0.52677035,0.25399435,0.2714107,0.20111535,0.25535965,0.05287899
104,-0.050667472,0.11283555,0.0077547897,0.0019232741,-0.05842226,0.11091228
105,1.0246397,0.27560863,0.34143323,0.26350257,0.6832065,0.012106061
106,0.37460062,0.05181918,0.1660136,0.09968951,0.20858702,-0.047870334
107,0.72793084,0.22789548,0.21288148,0.15203689,0.51504934,0.07585859
108,0.68908626,0.14209695,0.17404608,0.12011348,0.51504016,0.021983474
109,1.0296955,0.24124233,0.4608905,0.27632013,0.568805,-0.035077795
110,0.59142494,0.12535773,0.13257465,0.102997065,0.4588503,0.022360668
111,1.0099661,0.1648923,0.23553033,0.17064537,0.7744358,-0.00575307
112,0.044083297,-0.048957556,0.03137515,0.015380588,0.012708146,-0.06433815
113,1.0564965,0.30260068,0.3043234,0.23604013,0.75217307,0.06656055
114,0.69695383,0.26021352,0.27976412,0.18875152,0.41718972,0.071462005
115,0.78056735,0.18013614,0.26607105,0.17932342,0.5144963,0.00081272423
116,0.27658778,0.07649542,0.09111159,0.07546306,0.18547618,0.0010323599
117,0.6192812,0.15241183,0.19003022,0.12689269,0.42925096,0.025519148
118,0.8690272,0.30971897,0.44098517,0.3297451,0.42804202,-0.020026147
119,1.2069688,0.34921062,0.4728905,0.36088982,0.7340783,-0.011679202
120,0.011226541,0.12527964,0.028720038,0.01573232,-0.017493498,0.10954732
121,0.64906174,0.18409425,0.26330638,0.16386418,0.38575536,0.02023007
122,0.7272985,0.13539213,0.20990717,0.15180793,0.5173913,-0.016415805
123,1.368962,0.3401929,0.40352917,0.30615947,0.9654329,0.034033448
124,0.22758241,0.1543758,0.10430513,0.06927609,0.12327728,0.08509972
125,0.16750057,0.12971978,0.043985583,0.02670014,0.12351499,0.10301964
126,1.0259348,0.20146392,0.32323724,0.23866992,0.7026976,-0.037205994
127,0.5877469,0.186667,0.23182063,0.17570114,0.35592628,0.010965854
128,0.13469803,0.048468858,0.04758063,0.035615195,0.087117404,0.012853663
129,0.9468291,0.28586823,0.4151772,0.28595456,0.53165185,-8.633733e-05
130,1.0011228,0.26240367,0.3238143,0.22556502,0.67730856,0.03683865
131,0.8117274,0.33471426,0.478946,0.3184294,0.3327814,0.016284853
132,0.5965167,0.29615498,0.28251344,0.21152246,0.3140033,0.084632516
133,0.66813004,0.15970343,0.2567306,0.18803482,0.41139945,-0.028331384
134,0.92468715,0.3283194,0.3296813,0.21321821,0.59500587,0.11510119
135,0.8092709,0.21154794,0.34604827,0.20993382,0.46322265,0.0016141236
136,0.30853066,0.109170854,0.12800354,0.08333354,0.18052712,0.025837317
137,1.13564,0.19009782,0.26805928,0.1807424,0.8675808,0.009355426
138,1.3313295,0.35416508,0.48247033,0.33108062,0.84885913,0.023084462
139,1.3187836,0.48067206,0.56564224,0.42480457,0.7531414,0.055867493
140,0.2634043,0.11541404,0.090489455,0.058094703,0.17291486,0.057319336
141,0.5490575,0.22559485,0.32814848,0.20402862,0.220909,0.021566227
142,0.0273726,-0.029881593,0.033169035,0.018858783,-0.0057964344,-0.048740376
143,1.0183523,0.1409596,0.18258946,0.1332454,0.8357628,0.007714212
144,0.43498322,0.15573949,0.17581499,0.14172676,0.25916824,0.014012724
145,0.055157073,0.054756884,0.045651663,0.0367485,0.00950541,0.018008385
146,0.26739067,0.09967926,0.12961498,0.09802301,0.13777569,0.0016562492
147,0.270067,0.07802348,0.11330952,0.07754255,0.15675749,0.00048092753
148,0.6884181,0.18822479,0.20471321,0.14468588,0.48370486,0.043538913
149,0.8803422,0.21356715,0.2854414,0.19777039,0.5949008,0.015796766
150,1.0767517,0.23203817,0.38131088,0.23856403,0.6954408,-0.0065258592
151,0.87032884,0.18831402,0.27216586,0.21045618,0.598163,-0.022142157
152,0.98561615,0.2102823,0.277733,0.20260404,0.7078831,0.0076782554
153,0.7253979,0.17136602,0.2561144,0.18528393,0.4692835,-0.013917908
154,1.1188507,0.34749886,0.49074918,0.36982548,0.6281015,-0.022326618
155,0.2771919,0.106230654,0.10167847,0.07623134,0.17551345,0.029999316
156,0.060253493,0.03657033,0.03390236,0.021739697,0.026351135,0.014830632
157,0.8235899,0.28255755,0.37565383,0.27900285,0.4479361,0.0035547018
158,0.75183606,0.25913563,0.30852887,0.23311336,0.4433072,0.02602227
159,0.76923084,0.4059238,0.49933425,0.40601197,0.2698966,-8.815527e-05
160,1.2644182,0.4972058,0.6558015,0.48684567,0.60861677,0.010360122
161,0.9288806,0.29224274,0.3895592,0.28887826,0.53932136,0.0033644736
162,1.0808061,0.27931836,0.43054244,0.26831874,0.65026367,0.01099962
163,0.98021454,0.16166878,0.25162843,0.1781086,0.7285861,-0.016439825
164,0.0022622347,0.14577085,0.052474104,0.03258566,-0.05021187,0.11318518
165,1.0510808,0.20113376,0.29446405,0.2166116,0.7566168,-0.015477836
166,1.1360393,0.38314977,0.5027438,0.37055588,0.6332955,0.012593895
167,0.6513994,0.15074055,0.19173166,0.13847844,0.4596677,0.012262106
168,1.0766528,0.40795085,0.4856832,0.3413099,0.59096956,0.06664094
169,0.19852479,0.14979061,0.102192156,0.06800722,0.09633263,0.08178339
170,1.0449677,0.22794007,0.24869454,0.19452162,0.7962731,0.033418447
171,0.27969426,0.12484988,0.055897046,0.038713913,0.22379722,0.08613597
172,0.8842271,0.2558224,0.28406715,0.20037192,0.60015994,0.05545047
173,0.015551195,-0.038124394,0.022906454,0.014652583,-0.0073552597,-0.052776977
174,1.0838131,0.29666886,0.4524844,0.30695426,0.6313287,-0.010285407
175,0.48213524,0.10676805,0.15550773,0.10295805,0.3266275,0.003809996
176,0.29293993,0.11213879,0.095880225,0.06885652,0.1970597,0.04328227
177,0.2976285,0.027395478,0.06540075,0.045116976,0.23222774,-0.017721498
178,0.208071,0.011247023,0.04800169,0.03806121,0.1600693,-0.026814185
179,0.9165093,0.23957781,0.3221114,0.23735714,0.5943979,0.0022206753
180,1.1604022,0.30255985,0.39593342,0.29344693,0.7644688,0.009112924
181,0.94044775,0.117189705,0.18746667,0.13719462,0.75298107,-0.020004913
182,1.2442504,0.21167363,0.41905645,0.25865686,0.825194,-0.046983227
183,0.8206475,0.12763464,0.20113236,0.14341769,0.6195151,-0.015783042
184,0.12572315,0.07132628,0.1166572,0.076196104,0.009065956,-0.004869826
185,0.22279717,-0.0040228935,0.05359711,0.03171952,0.16920006,-0.035742413
186,1.3762156,0.32506827,0.33500585,0.24341612,1.0412097,0.08165215
187,1.365642,0.2694236,0.46128842,0.3050976,0.9043535,-0.035674006
188,0.8360218,0.38143566,0.49832866,0.36535522,0.33769313,0.01608044
189,1.1554303,0.2530461,0.3683826,0.24050947,0.78704774,0.01253663
190,0.7475291,0.3142831,0.3893843,0.2820265,0.3581448,0.032256603
191,0.34358433,0.097583525,0.11577019,0.07240597,0.22781414,0.025177553
192,1.0652546,0.29042324,0.34110793,0.24337906,0.7241466,0.047044188
193,0.86893266,0.22706637,0.3206223,0.21007682,0.5483104,0.016989544
194,0.7404979,0.09184051,0.15238014,0.09134956,0.5881177,0.000490956
195,0.10155738,-0.00081412226,0.087156884,0.050148915,0.014400497,-0.050963037
196,0.7272601,0.13819489,0.21838388,0.14179419,0.5088762,-0.003599301
197,0.44841754,0.12370608,0.15353037,0.09628252,0.29488719,0.02742356
198,0.9982635,0.24970354,0.3696052,0.22827668,0.6286583,0.021426857
199,0.062220354,0.082956105,0.084479064,0.0644123,-0.02225871,0.018543802
200,0.11609717,-0.005347995,0.083208434,0.045230553,0.032888733,-0.05057855
201,0.5835748,0.1418865,0.18376772,0.11180437,0.39980704,0.030082129
202,0.2749189,0.0790574,0.096801564,0.0726196,0.17811735,0.006437801
203,0.41225505,0.08376966,0.13892806,0.090027615,0.273327,-0.0062579587
204,1.0580572,0.32078078,0.48720142,0.33591765,0.57085574,-0.015136868
205,0.95658153,0.20777407,0.32889158,0.24394178,0.62768996,-0.03616771
206,0.8340862,0.15104254,0.19225441,0.13464142,0.64183176,0.016401112
207,0.57847667,0.1145871,0.17300865,0.13073061,0.40546802,-0.016143516
208,0.8168794,0.11068783,0.20856246,0.12104181,0.6083169,-0.010353982
209,1.0276101,0.20463513,0.28517666,0.18588865,0.7424334,0.01874648
210,0.75359344,0.10633724,0.17341009,0.108571626,0.5801834,-0.0022343844
211,1.061456,0.13509142,0.19194418,0.14303814,0.8695118,-0.007946715
212,0.0008614654,0.13175996,0.008189386,0.0016769645,-0.0073279203,0.130083
213,1.1010017,0.21145761,0.24270923,0.18697235,0.8582925,0.02448526
214,0.6408303,0.219922,0.21272899,0.15495016,0.4281013,0.06497185
215,0.28886014,0.014999903,0.07847551,0.05290214,0.21038464,-0.037902236
216,0.83159226,0.22464764,0.27342173,0.19348651,0.55817056,0.03116113
217,0.62854534,0.14991964,0.22622877,0.15259044,0.40231657,-0.0026707947
218,0.10957585,0.09310232,0.06309472,0.043582268,0.046481133,0.049520053
219,0.7520433,0.14241694,0.211783,0.16087237,0.5402603,-0.01845543
220,0.32698533,0.07729267,0.12747717,0.10024732,0.19950816,-0.02295465
221,0.90210086,0.24819554,0.32374242,0.22281161,0.5783584,0.025383934
222,0.71782446,0.19395022,0.28554642,0.20625101,0.43227804,-0.012300789
223,0.670867,0.22068587,0.28798673,0.20428617,0.3828803,0.016399696
224,1.1520804,0.5058219,0.6512711,0.5137624,0.5008093,-0.007940531
225,0.3063406,0.13467215,0.07385042,0.056724038,0.23249018,0.07794811
226,0.17696558,0.050269976,0.100213096,0.063214675,0.076752484,-0.012944698
227,1.055877,0.17702097,0.2767991,0.1878207,0.7790779,-0.010799736
228,0.88012266,0.36340612,0.4198858,0.3008605,0.46023685,0.06254563
229,0.15702826,0.017792786,0.06307388,0.04066512,0.09395438,-0.022872334
230,0.836023,0.27137664,0.42997277,0.28352195,0.4060502,-0.012145311
231,0.09450203,0.026849998,0.078312635,0.048342686,0.016189396,-0.021492688
232,0.6817506,0.08557163,0.15646608,0.10589467,0.5252845,-0.020323038
233,0.40647003,0.062398996,0.099269524,0.06521717,0.3072005,-0.002818171
234,1.1395538,0.22646356,0.39713287,0.2566877,0.7424209,-0.030224144
235,0.42225298,0.18203612,0.14729334,0.11050595,0.27495962,0.07153016
236,0.14939122,0.056839123,0.06751795,0.048268676,0.08187327,0.008570448
237,0.3513863,0.09158832,0.108072005,0.07080994,0.2433143,0.02077838
238,1.4026433,0.14268251,0.20027994,0.14528403,1.2023634,-0.0026015192
239,0.85292125,0.16170876,0.20716171,0.14927097,0.6457595,0.012437791
240,0.875747,0.3012631,0.43168625,0.28995454,0.44406077,0.011308551
241,0.8358557,0.176133,0.26437554,0.1717793,0.57148015,0.004353702
242,0.80650955,0.17128697,0.20981432,0.14125168,0.59669524,0.030035287
243,1.0642935,0.14089401,0.27561933,0.1690496,0.7886742,-0.028155595
244,0.16961022,0.099163756,0.04229289,0.03398617,0.12731732,0.06517759
245,0.7188402,0.2722652,0.3970451,0.2924957,0.32179508,-0.020230502
246,0.82446533,0.16288881,0.23799977,0.16774195,0.5864656,-0.0048531443
247,1.0615523,0.49701923,0.56121105,0.4154459,0.50034124,0.08157334
248,1.0206316,0.2529686,0.29456028,0.2248313,0.72607124,0.028137311
249,0.9819713,0.24571024,0.30843678,0.21845326,0.6735345,0.02725698
250,0.0873848,0.033138786,0.032800067,0.022814557,0.05458473,0.010324229
251,0.13392125,0.023357164,0.08449603,0.0612855,0.049425222,-0.037928335
252,0.15798068,-0.020804903,0.041538958,0.02179884,0.11644173,-0.042603742
253,0.9627902,0.27236906,0.3390542,0.24788718,0.623736,0.024481878
254,0.10194473,0.051906858,0.04064267,0.032762505,0.06130206,0.019144353
255,0.76798403,0.19316015,0.25439805,0.1969606,0.513586,-0.0038004518
256,0.18416521,0.055686533,0.14275838,0.10128002,0.041406825,-0.045593485
257,0.42315096,0.11109841,0.09436497,0.0711424,0.328786,0.03995601
258,0.062492814,-0.0002665135,0.05006601,0.03634579,0.012426805,-0.036612306
259,1.2089244,0.31212348,0.38774338,0.28358153,0.82118106,0.028541952
260,0.37413567,0.031753432,0.10229339,0.061525244,0.2718423,-0.029771812
261,0.1791097,0.037386395,0.059197262,0.038011853,0.11991243,-0.0006254576
262,0.049326945,0.013864538,0.0074877604,0.003688212,0.041839186,0.010176325
263,0.99778694,0.20743194,0.23763041,0.17619474,0.7601565,0.0312372
264,1.0298519,0.2977395,0.44756794,0.30658576,0.582284,-0.008846253
265,1.2744387,0.2555926,0.37823677,0.25990084,0.89620197,-0.0043082237
266,0.90561193,0.20418333,0.3184095,0.20828813,0.5872024,-0.004104808
267,1.2006414,0.29932037,0.50025636,0.33202603,0.70038503,-0.032705665
268,0.9335649,0.29062954,0.38966122,0.290432,0.5439037,0.0001975298
269,0.74876237,0.2265107,0.25331458,0.19486153,0.49544778,0.031649172
270,0.18866922,0.09442138,0.08780373,0.06989338,0.10086549,0.024527997
271,0.09079657,0.09003673,0.04216806,0.031167379,0.04862851,0.058869347
272,0.8528697,0.15585479,0.21007794,0.14990638,0.64279175,0.0059484094
273,0.9831401,0.17186208,0.24644531,0.16540335,0.7366948,0.0064587295
274,0.73762757,0.19153173,0.23097135,0.16897935,0.5066562,0.022552386
275,0.049782295,-0.00833795,0.051791105,0.035746228,-0.0020088106,-0.044084176
276,0.107536316,0.01775745,0.023622416,0.016916612,0.0839139,0.00084083714
277,1.083212,0.11495857,0.1510897,0.10858283,0.93212235,0.0063757375
278,-0.0047296854,0.121202976,0.016268041,0.007836532,-0.020997725,0.11336644
279,0.25673053,0.1426316,0.09580295,0.07280788,0.16092758,0.06982373
280,0.6300899,0.08394394,0.13823624,0.0880641,0.49185365,-0.004120156
281,0.7873061,0.2150248,0.25027782,0.16752239,0.53702825,0.047502413
282,0.03181219,0.1311697,0.029926086,0.016602112,0.0018861052,0.11456759
283,0.9413368,0.14251298,0.23755229,0.15926418,0.7037845,-0.0167512
284,0.79284275,0.14701836,0.22020179,0.14354418,0.57264096,0.003474176
285,0.672126,0.16171113,0.21888584,0.16955015,0.45324016,-0.007839024
286,0.1260713,0.15080608,0.061233744,0.038895797,0.06483756,0.11191028
287,1.0274551,0.22030899,0.25126725,0.18015301,0.77618784,0.040155977
288,0.6597717,0.18697754,0.24705766,0.16964829,0.412714,0.017329246
289,0.021583242,0.038601797,0.039042097,0.028474605,-0.017458854,0.010127192
290,1.2256329,0.27333325,0.41738534,0.30694816,0.80824757,-0.033614904
291,0.8479132,0.22892709,0.35920975,0.25329134,0.48870346,-0.024364248
292,0.87000483,0.14795916,0.20837486,0.13940299,0.66163,0.008556172
293,1.1295574,0.18033923,0.28381294,0.1664105,0.84574443,0.013928726
294,0.4189776,0.12177599,0.17771828,0.1111133,0.2412593,0.01066269
295,0.75189245,0.22712342,0.34005147,0.23584685,0.41184098,-0.008723423
296,0.77003145,0.22935052,0.2711877,0.18006407,0.49884376,0.049286455
297,0.72274655,0.22336529,0.2749281,0.1886613,0.44781846,0.034703985
298,0.1720332,0.044173434,0.028317878,0.021204555,0.14371532,0.022968879
299,0.15133518,0.032918498,0.08667121,0.061401203,0.06466397,-0.028482705
300,0.7443285,0.18006784,0.18750009,0.13059494,0.5568284,0.0494729
301,1.1798259,0.30399254,0.44016963,0.30514762,0.73965627,-0.0011550784
302,0.7818753,0.26616603,0.356425,0.2524133,0.42545033,0.013752729
303,0.5950693,0.16872378,0.28871673,0.19919088,0.30635256,-0.030467108
304,0.46881953,0.14000714,0.15826808,0.11773215,0.31055146,0.022274986
305,0.9512316,0.33337855,0.486566,0.33484277,0.4646656,-0.0014642179
306,0.6386049,0.29830304,0.36991227,0.24538153,0.2686926,0.052921504
307,0.83478594,0.14645968,0.17480907,0.13148086,0.65997684,0.014978826
308,1.0976261,0.3248911,0.29382116,0.19682279,0.80380493,0.1280683
309,0.4880238,0.24600443,0.2080638,0.13989478,0.27995998,0.10610965
310,0.08246942,0.04768952,0.042848364,0.03711565,0.039621055,0.010573871
311,0.89312595,0.11936546,0.16297218,0.110434525,0.7301538,0.008930936
312,0.14921448,0.0097759785,0.027256165,0.017433193,0.121958315,-0.007657214
313,0.7981332,0.20536399,0.29569227,0.20020738,0.5024409,0.0051566064
314,0.26139736,0.027863936,0.08925967,0.06658439,0.1721377,-0.03872046
315,0.16820498,0.03655286,0.053678706,0.0361792,0.11452627,0.00037366152
316,0.068757765,0.035819665,0.028452968,0.018497886,0.040304795,0.017321778
317,0.85636306,0.32210773,0.33688575,0.24216552,0.5194773,0.07994221
318,0.11185166,0.037712485,0.056540012,0.046248313,0.05531165,-0.008535828
319,0.19999704,0.08181679,0.056709513,0.042082738,0.14328752,0.039734054
320,1.2335241,0.3534833,0.45195103,0.34100166,0.78157306,0.01248163
321,0.7185437,0.13682348,0.1765926,0.13884668,0.5419511,-0.0020232052
322,0.35511705,0.058167685,0.06518765,0.0416039,0.2899294,0.016563784
323,0.48051646,0.15446799,0.14749032,0.10609252,0.33302614,0.048375465
324,0.01331239,0.012357438,0.028215632,0.01947355,-0.014903242,-0.007116113
325,0.22346653,0.052117493,0.09757361,0.0706967,0.12589292,-0.018579204
326,0.5026463,0.15358977,0.14642659,0.10117558,0.35621974,0.052414194
327,0.55502146,0.15032843,0.1656992,0.11717109,0.38932228,0.03315734
328,0.18180443,0.06863063,0.049775265,0.035672605,0.13202918,0.032958023
329,1.196615,0.21813674,0.34715068,0.24349697,0.8494643,-0.025360227
330,-0.029574165,0.14008868,0.0069564376,0.004528219,-0.036530603,0.13556045
331,0.43649027,0.20160358,0.08006833,0.06312097,0.35642195,0.1384826
332,0.13351007,0.08816365,0.0492935,0.035851076,0.084216565,0.052312575
333,0.47534886,0.1818046,0.109208256,0.08587667,0.3661406,0.095927924
334,-0.027431587,0.10777183,0.009679189,0.0035461856,-0.037110776,0.10422564
335,1.274747,0.2561641,0.3912844,0.28692004,0.8834626,-0.030755937
336,0.78089875,0.2057423,0.27452493,0.17238292,0.5063738,0.03335938
337,0.68763644,0.2423959,0.24690562,0.17714195,0.4407308,0.06525394
338,0.40899307,0.11410995,0.106617525,0.082175165,0.30237556,0.031934783
339,0.14120725,0.051225252,0.05596176,0.04103622,0.08524549,0.010189034
340,0.32991531,0.07084894,0.10746618,0.07951371,0.22244912,-0.008664772
341,0.2666282,0.11241965,0.10395217,0.074781865,0.16267604,0.037637785
342,0.7083612,0.20022093,0.25557312,0.19723961,0.45278808,0.00298132
343,0.517524,0.09024254,0.13330548,0.07937142,0.3842185,0.01087112
344,0.44279546,0.17835712,0.14921042,0.11233852,0.29358503,0.066018604
345,0.7461609,0.15775636,0.2044104,0.15014416,0.54175055,0.0076121986
346,0.7672595,0.20782004,0.33236575,0.2451763,0.43489373,-0.037356257
347,0.4341813,0.059718885,0.1706678,0.112493,0.2635135,-0.052774116
348,0.42388293,0.1067978,0.109609224,0.08444333,0.31427372,0.022354469
349,0.39882538,0.10141609,0.11633138,0.0749865,0.282494,0.026429586
350,0.12932126,0.010949528,0.0611654,0.043593522,0.06815586,-0.032643996
351,1.6926571,0.44054553,0.60633385,0.39310935,1.0863233,0.047436178
352,0.8020089,0.24724247,0.21027315,0.15487328,0.5917358,0.092369184
353,0.8374624,0.23838311,0.39548916,0.2785042,0.44197327,-0.04012108
354,0.36050224,0.13010854,0.17706566,0.12849353,0.18343659,0.0016150028
355,0.8006786,0.1429684,0.18565409,0.13889931,0.6150245,0.00406909
356,1.133174,0.30117393,0.3126682,0.22585902,0.82050574,0.07531491
357,0.6604508,0.16703261,0.24760322,0.18707085,0.41284758,-0.020038232
358,0.86967516,0.13755092,0.25396746,0.1799978,0.6157077,-0.04244688
359,0.11173591,-0.013470481,0.029195823,0.017791172,0.08254009,-0.031261653
360,1.0454049,0.23547058,0.34004554,0.23968016,0.70535934,-0.004209578
361,0.07406843,-0.0043994826,0.06114508,0.04090062,0.012923349,-0.045300104
362,1.2138021,0.20773414,0.2584923,0.20487437,0.9553098,0.0028597713
363,0.89446706,0.1842875,0.25384125,0.17209332,0.64062583,0.012194186
364,0.51191807,0.13557865,0.13662589,0.10074431,0.37529218,0.03483434
365,0.7016354,0.25270152,0.32005593,0.24325226,0.3815795,0.009449258
366,0.96056217,0.17517802,0.28240034,0.18871471,0.67816186,-0.013536692
367,0.93153167,0.16605715,0.23143108,0.1692721,0.7001006,-0.0032149404
368,0.7330452,0.12162921,0.20019488,0.11791655,0.5328503,0.0037126616
369,0.09681352,0.053397212,0.04742162,0.030675499,0.049391903,0.022721713
370,0.6369567,0.29071948,0.26948687,0.19512331,0.36746982,0.095596164
371,0.94027394,0.31469434,0.4061734,0.29577294,0.53410053,0.018921405
372,0.80915,0.1920784,0.29150292,0.21691184,0.517647,-0.02483344
373,0.7622744,0.129387,0.2005392,0.13562313,0.56173515,-0.006236121
374,-0.0035066877,0.2309839,0.027161205,0.02010954,-0.030667894,0.21087436
375,0.8483584,0.20120937,0.25237027,0.17989391,0.59598815,0.021315455
376,0.9053608,0.17386816,0.22540188,0.16666317,0.67995894,0.0072049946
377,1.0471228,0.29510236,0.32819566,0.24174234,0.71892715,0.053360015
378,0.14373001,0.033993114,0.08203773,0.043365628,0.061692283,-0.009372514
379,0.7126014,0.16365208,0.25929645,0.18825369,0.45330498,-0.024601609
380,0.8814362,0.33558002,0.44875354,0.28789502,0.4326827,0.047684997
381,0.6038735,0.24319683,0.29440978,0.20619665,0.3094637,0.03700018
382,0.13056393,0.054947495,0.055107903,0.03737752,0.07545602,0.017569974
383,1.1198703,0.2286615,0.38024235,0.24869381,0.73962796,-0.020032302
384,0.7435956,0.17992613,0.2415553,0.18252957,0.50204027,-0.0026034415
385,0.92927086,0.1807731,0.16790968,0.12094065,0.7613612,0.059832446
386,0.8598192,0.10649984,0.23625863,0.14401303,0.62356055,-0.03751319
387,0.40742928,0.19481295,0.24744268,0.15865277,0.1599866,0.036160186
388,0.84154344,0.15100798,0.24519606,0.15990163,0.5963474,-0.008893654
389,0.06475196,0.0061816066,0.048542716,0.032989345,0.016209245,-0.026807738
390,0.9406055,0.2150974,0.30089438,0.22749585,0.63971114,-0.012398452
391,0.12841313,0.09925911,0.033796858,0.022322569,0.094616264,0.07693654
392,0.28618127,0.12786952,0.104321174,0.07921121,0.18186009,0.048658304
393,0.23035602,0.055022504,0.036665183,0.025365895,0.19369084,0.02965661
394,0.11580628,0.031059826,0.032234713,0.021325435,0.08357157,0.00973439
395,0.21685435,0.0775754,0.061675843,0.04893455,0.1551785,0.028640851
396,0.8500796,0.2613552,0.35768428,0.26156422,0.4923953,-0.00020903349
397,0.76225704,0.12906787,0.185391,0.12629786,0.57686603,0.0027700067
398,0.100155786,-0.029735018,0.03521027,0.024112914,0.06494552,-0.05384793
399,0.5744238,0.24747561,0.288149,0.21447837,0.2862748,0.032997236
400,0.8058266,0.21594574,0.2852108,0.21601336,0.5206158,-6.762147e-05
401,0.96850425,0.15801966,0.19055344,0.14262594,0.7779508,0.015393719
402,1.1353635,0.13421911,0.23671444,0.15835403,0.89864904,-0.024134919
403,0.5959745,0.21311995,0.2233095,0.1632801,0.372665,0.049839854
404,0.64838004,0.13235512,0.2621491,0.16147758,0.38623095,-0.029122457
405,1.3038752,0.3080757,0.49828312,0.3664473,0.80559206,-0.058371603
406,0.4753859,0.09483729,0.114322975,0.07667387,0.36106294,0.01816342
407,0.2201133,0.05792026,0.07116809,0.05454849,0.14894521,0.0033717677
408,0.44707647,0.20486861,0.23316628,0.17093132,0.21391019,0.03393729
409,0.3604845,0.1462938,0.14570516,0.09738797,0.21477935,0.048905835
410,0.8315841,0.30027407,0.36383042,0.27030075,0.46775368,0.029973328
411,0.55912596,0.18108338,0.27713525,0.19477886,0.2819907,-0.013695478
412,0.122005455,0.09217659,0.06456897,0.04411666,0.05743649,0.048059925
413,0.12471445,0.057553437,0.062399402,0.05142135,0.062315047,0.006132085
414,0.09427264,0.15428567,0.046089996,0.03575977,0.048182648,0.1185259
415,0.51022065,0.15441135,0.17765611,0.13388786,0.33256453,0.020523489
416,0.07623596,0.024050975,0.0722726,0.04445543,0.0039633587,-0.020404456
417,0.104289554,0.055646826,0.05046499,0.037111867,0.053824563,0.018534958
418,0.67499864,0.13248922,0.17474405,0.13156524,0.5002546,0.0009239763
419,0.17189272,-0.021247433,0.053517863,0.029119974,0.118374854,-0.050367408
420,-0.00010424059,0.020548744,0.008115051,0.009403931,-0.008219291,0.011144813
421,-0.03516618,-0.023463577,0.015954997,0.010753926,-0.05112118,-0.034217503
422,0.766363,0.19013408,0.22062403,0.1659399,0.545739,0.024194181
423,0.7169808,0.19738403,0.26971433,0.18133608,0.4472665,0.016047955
424,0.18414147,0.048311368,0.058559686,0.045996193,0.12558179,0.0023151748
425,0.56258494,0.17368753,0.18564035,0.128703,0.3769446,0.044984534
426,0.013715628,0.01001402,0.044640597,0.023952961,-0.030924968,-0.013938941
427,0.13446376,0.09171759,0.09378741,0.065728016,0.040676348,0.025989577
428,0.26333553,0.062201045,0.091694795,0.06409975,0.17164072,-0.001898706
429,1.1708392,0.29957062,0.39507762,0.3002473,0.7757616,-0.00067669153
430,0.07504389,0.030621532,0.04230976,0.031678133,0.032734126,-0.0010566004
431,0.6397507,0.16334684,0.2451937,0.16489452,0.394557,-0.0015476793
432,0.5318808,0.16408812,0.2570134,0.1748429,0.2748674,-0.010754779
433,0.05206407,0.033833284,0.037139084,0.024313515,0.014924984,0.009519769
434,0.6024865,0.10071017,0.14532866,0.09384788,0.45715785,0.00686229
435,-0.02572893,-0.057739273,0.0063342666,0.00093071506,-0.032063197,-0.058669988
436,0.11365692,0.08391203,0.067172624,0.04953119,0.0464843,0.03438084
437,0.12415261,0.052175928,0.061411854,0.043702632,0.06274076,0.008473296
438,0.13104089,0.1352403,0.041079585,0.021041121,0.089961305,0.11419918
439,1.13792,0.12386771,0.20867223,0.13322136,0.9292478,-0.009353645
440,0.92833054,0.17773202,0.2580564,0.19416524,0.67027414,-0.016433224
441,0.052095372,0.06650664,0.06015946,0.045939907,-0.0080640875,0.020566732
442,0.4910878,0.24403916,0.22368991,0.17618427,0.26739788,0.067854896
443,0.89936435,0.37053087,0.4576136,0.33069012,0.44175076,0.039840758
444,0.94323695,0.25632083,0.37947524,0.25929248,0.5637617,-0.0029716492
445,1.2947618,0.24998225,0.43011242,0.2974262,0.86464936,-0.04744394
446,0.24904941,0.0476092,0.04889653,0.036464337,0.20015287,0.011144862
447,0.7860978,0.11241045,0.14191177,0.1035767,0.644186,0.008833751
448,0.047244553,0.04117893,0.03720253,0.025944822,0.010042023,0.015234109
449,0.12876281,-0.041956227,0.0668321,0.043403283,0.06193071,-0.085359514
450,0.21712264,0.05657272,0.055318017,0.039408837,0.16180463,0.017163884
451,0.65230465,0.1390433,0.15470135,0.11221436,0.4976033,0.026828945
452,0.5042817,0.16300344,0.20947415,0.14498721,0.29480755,0.018016234
453,1.0179275,0.18082012,0.21829106,0.16525419,0.7996365,0.015565932
454,0.96271425,0.19079217,0.29534778,0.21949425,0.6673665,-0.02870208
455,0.9170619,0.32021004,0.38930702,0.29006267,0.5277549,0.030147374
456,0.19419394,0.043436628,0.038559936,0.027439378,0.15563402,0.01599725
457,0.87913966,0.28914726,0.3842417,0.26804963,0.49489796,0.02109763
458,0.940223,0.2925379,0.36509815,0.26732722,0.57512486,0.025210679
459,0.5580605,0.13037857,0.13710496,0.09665343,0.42095557,0.033725142
460,0.1048748,0.03192298,0.021934833,0.015391534,0.08293997,0.016531447
461,1.29383,0.25510976,0.39585575,0.26532894,0.89797425,-0.010219187
462,0.14467447,0.05465361,0.06789052,0.048314657,0.07678395,0.006338954
463,1.160471,0.36828306,0.5194045,0.38570502,0.6410665,-0.01742196
464,0.6443129,0.2287855,0.2738899,0.21622683,0.37042302,0.012558669
465,0.13619414,0.11816576,0.05120335,0.033079308,0.084990785,0.08508645
466,0.99780524,0.41173995,0.57956755,0.42485887,0.4182377,-0.013118923
467,0.055706203,0.12701392,0.06709053,0.040762357,-0.011384331,0.086251564
468,1.0955108,0.1348202,0.33304837,0.17753682,0.7624625,-0.042716622
469,0.7641051,0.1527917,0.21736771,0.15540254,0.5467374,-0.0026108474
470,0.13368492,0.06025627,0.06659505,0.03916991,0.06708987,0.021086358
471,0.20000657,0.06004842,0.0776604,0.04955937,0.12234618,0.01048905
472,0.7320571,0.18785204,0.24705109,0.17349963,0.485006,0.014352411
473,1.0636533,0.17490157,0.3162731,0.19967581,0.74738026,-0.024774238
474,0.7978137,0.18676482,0.21992281,0.14976272,0.5778909,0.0370021
475,0.15181632,0.042397644,0.050402947,0.036165845,0.10141338,0.0062317997
476,0.012438864,0.022674311,0.026338238,0.021650482,-0.013899374,0.001023829
477,0.06847439,-0.009306865,0.045265626,0.03046967,0.023208763,-0.039776534
478,0.59935033,0.15566234,0.19077043,0.14820969,0.4085799,0.007452652
479,0.0216082,-0.05721462,0.011673009,0.004668939,0.009935191,-0.06188356
480,1.2285995,0.2912738,0.3840297,0.2707756,0.84456986,0.020498216
481,0.81384665,0.20652315,0.2556241,0.18966302,0.55822253,0.016860127
482,0.9049676,0.24941851,0.39029226,0.26976445,0.5146754,-0.020345941
483,0.13084565,0.0021838143,0.03059819,0.020779995,0.10024746,-0.018596182
484,0.9815113,0.3564449,0.37393534,0.2748868,0.60757595,0.08155811
485,0.994914,0.12593631,0.19733687,0.13515954,0.79757714,-0.009223223
486,0.020837203,-0.016923161,0.021169465,0.011519893,-0.00033226237,-0.028443053
487,0.91857994,0.20661049,0.2626581,0.17352955,0.6559218,0.033080935
488,0.03820303,0.049887694,0.01873686,0.013399792,0.019466171,0.036487903
489,0.8467965,0.17045012,0.21855758,0.1599831,0.6282389,0.010467023
490,-0.017589,0.12388612,0.050643448,0.032816943,-0.06823245,0.09106918
491,0.27887347,0.06708365,0.12495236,0.078241974,0.15392111,-0.011158325
492,0.2602906,0.08972928,0.13534285,0.09188376,0.12494774,-0.0021544844
493,0.051350925,0.0015668424,0.032617804,0.026643265,0.018733121,-0.025076423
494,0.17837243,0.049581416,0.04912582,0.030199349,0.1292466,0.019382067
495,0.7531005,0.25480974,0.36864087,0.2603052,0.38445964,-0.005495459
496,0.18584745,0.100132585,0.08195543,0.06537192,0.10389201,0.03476066
497,1.1280835,0.46489593,0.5737438,0.3735492,0.55433965,0.09134674
498,0.029878087,0.19961375,0.053750068,0.037718676,-0.02387198,0.16189507
499,0.86499983,0.36432165,0.4204508,0.30354246,0.44454902,0.060779184
500,0.3484912,0.089462936,0.17601295,0.111096375,0.17247824,-0.021633439
501,0.78718925,0.15082484,0.29007003,0.17770162,0.49711922,-0.026876777
502,0.3381129,0.13892622,0.06935083,0.045037147,0.26876205,0.09388907
503,0.8383343,0.18008871,0.23636915,0.17070234,0.6019652,0.009386376
504,0.07587073,-0.0049624243,0.038826775,0.020156436,0.037043955,-0.02511886
505,0.7339934,0.28103778,0.37413234,0.29580295,0.35986108,-0.014765173
506,0.15509608,0.069798574,0.052476093,0.03910785,0.10261999,0.030690722
507,0.06808061,0.13903257,0.0442673,0.037842132,0.023813311,0.10119044
508,0.031241195,0.027459294,0.030073354,0.022155495,0.0011678413,0.0053037982
509,0.08772431,0.08780881,0.014413485,0.010103637,0.07331083,0.077705175
510,1.1411972,0.3549923,0.515967,0.35445958,0.6252302,0.0005327165
511,0.8609626,0.14457183,0.23977436,0.16758658,0.6211883,-0.023014754
512,-0.009288337,0.19697599,0.050290357,0.020946309,-0.059578694,0.17602968
513,0.30591536,0.023476789,0.075098604,0.05217721,0.23081675,-0.02870042
514,1.2251469,0.62372833,0.7697297,0.6107584,0.45541722,0.012969911
515,0.87078977,0.24769892,0.34681553,0.26103938,0.52397424,-0.013340458
516,0.95029134,0.28397623,0.37855938,0.2636812,0.5717319,0.020295024
517,0.00030080014,0.05147275,0.014987566,0.014899492,-0.014686765,0.036573257
518,0.7028713,0.22277147,0.3425515,0.24186695,0.36031982,-0.01909548
519,0.34919944,0.073832385,0.095606156,0.069885984,0.2535933,0.003946401
520,0.9975394,0.35712606,0.4109355,0.28400704,0.5866039,0.073119015
521,0.09680086,0.01705345,0.084732056,0.055552993,0.012068801,-0.03849954
522,0.89302224,0.1936565,0.26559657,0.16383319,0.6274257,0.029823318
523,1.2709429,0.33581963,0.38917348,0.27048028,0.8817694,0.06533936
524,0.047018263,-0.012504993,0.03962082,0.023444181,0.007397443,-0.035949174
525,0.49855936,0.082311995,0.18000902,0.13806514,0.31855035,-0.05575315
526,0.94970256,0.18229511,0.24341786,0.17688817,0.7062847,0.005406946
527,0.40841135,0.21028425,0.15135235,0.11062339,0.257059,0.09966086
528,0.09318275,0.03849002,0.028060459,0.020799074,0.06512229,0.017690945
529,0.52029353,0.112763,0.16833864,0.12117686,0.35195488,-0.008413859
530,0.7672494,0.24403238,0.29668313,0.23028126,0.47056627,0.013751119
531,0.16785157,0.018211622,0.08115075,0.05695469,0.08670082,-0.038743068
532,1.3790696,0.21814354,0.523772,0.32692295,0.85529757,-0.108779415
533,0.9116238,0.34484226,0.5226371,0.33908808,0.38898665,0.005754173
534,0.8844734,0.14667057,0.1932685,0.1484773,0.6912049,-0.001806736
535,0.7939594,0.32731846,0.3580557,0.23402709,0.43590367,0.09329137
536,0.7008998,0.2889543,0.4000096,0.26422107,0.30089018,0.024733216
537,0.5106553,0.15116492,0.17242163,0.11930626,0.33823365,0.03185866
538,0.84182405,0.2411147,0.28832158,0.2121791,0.55350244,0.028935611
539,0.10373377,0.11732125,0.052459985,0.032952517,0.051273786,0.084368736
540,0.7714628,0.15884987,0.21445322,0.15065831,0.5570096,0.008191556
541,1.2640411,0.3211015,0.4608701,0.33738983,0.803171,-0.01628834
542,1.0501727,0.17249675,0.2976289,0.18521477,0.7525438,-0.012718022
543,0.16928066,0.027619442,0.033232063,0.023275161,0.1360486,0.004344281
544,0.73478943,0.21380228,0.22627196,0.16599901,0.5085175,0.047803268
545,1.5007149,0.3005139,0.4924052,0.34739825,1.0083097,-0.046884358
546,0.08541404,0.0017313167,0.04556406,0.031011362,0.039849978,-0.029280044
547,1.0789291,0.17458321,0.23474467,0.15196887,0.8441844,0.022614345
548,0.31886214,0.069286086,0.117141515,0.082082465,0.20172063,-0.01279638
549,0.039034944,-0.019827038,0.017245632,0.0117454585,0.021789312,-0.0315725
550,0.8633223,0.28934187,0.3576004,0.26887107,0.5057219,0.020470798
551,0.82698566,0.14292695,0.18908285,0.13570449,0.6379028,0.0072224587
552,0.102579646,0.10649777,0.046181522,0.027502341,0.056398124,0.07899543
553,0.60185784,0.13318491,0.17995624,0.12850825,0.42190158,0.004676655
554,0.06623041,-0.020008452,0.03637971,0.019779505,0.029850699,-0.039787956
555,0.29654264,0.15677649,0.14809434,0.09528371,0.1484483,0.06149278
556,0.8330824,0.22230393,0.3574529,0.23660073,0.47562948,-0.0142968
557,0.05837866,0.06284959,0.05392065,0.037597414,0.00445801,0.025252175
558,0.7577956,0.27133605,0.37111783,0.25817594,0.38667774,0.0131601095
559,0.8597483,0.22866172,0.36941996,0.2371613,0.49032834,-0.008499578
560,0.69136757,0.18250267,0.2441923,0.1532382,0.44717526,0.029264465
561,0.70872307,0.21025576,0.26043057,0.20309156,0.4482925,0.007164195
562,0.2671499,0.032844897,0.13126534,0.07453526,0.13588455,-0.04169036
563,0.08751696,0.027562154,0.04046343,0.026028307,0.047053535,0.0015338473
564,0.98509437,0.22613136,0.42489132,0.22499105,0.5602031,0.0011403114
565,0.8820947,0.23692366,0.30126336,0.20251746,0.5808313,0.0344062
566,1.3807949,0.31007326,0.35729966,0.27109024,1.0234952,0.038983017
567,0.13997352,0.021818666,0.040460065,0.025080383,0.099513456,-0.003261717
568,0.57171756,0.08161123,0.14059807,0.09842623,0.4311195,-0.016815
569,0.69238615,0.10972347,0.2003845,0.1417677,0.49200165,-0.032044224
570,0.50452274,0.10877376,0.14357573,0.104704104,0.360947,0.004069656
571,0.40658757,0.1297542,0.12671854,0.085919164,0.27986902,0.043835036
572,0.20507888,0.28866902,0.16776493,0.1191863,0.037313953,0.16948272
573,1.2241474,0.5313859,0.62323004,0.47474736,0.6009174,0.05663854
574,0.89051443,0.18821746,0.27396426,0.18750755,0.6165502,0.0007099062
575,0.30322975,0.096910186,0.11547467,0.08709428,0.18775508,0.009815909
576,1.306308,0.25758022,0.33293113,0.2264315,0.97337687,0.031148717
577,0.19358248,0.07224689,0.07507613,0.062120963,0.11850634,0.010125924
578,1.0243711,0.30764428,0.4013179,0.31478328,0.62305325,-0.0071389973
579,1.2825066,0.3246295,0.3805035,0.2626404,0.90200305,0.0619891
580,0.33708307,0.08447468,0.0947785,0.07015706,0.24230456,0.014317624
581,1.121345,0.27795088,0.4542998,0.30927777,0.66704524,-0.03132689
582,1.0020088,0.15515786,0.23145573,0.16390283,0.77055305,-0.00874497
583,0.18138151,0.052510016,0.054175887,0.03825944,0.12720563,0.0142505765
584,0.18421715,0.18644208,0.10112256,0.06608327,0.0830946,0.12035881
585,4.0643674e-05,-0.038258832,0.019767387,0.01281858,-0.019726744,-0.05107741
586,0.075129375,0.043973673,0.028974978,0.0223334,0.046154395,0.021640273
587,0.074811235,0.1596478,0.024382627,0.016643869,0.050428607,0.14300393
588,0.9865165,0.24596097,0.38159552,0.259946,0.604921,-0.013985023
589,0.8131708,0.26301363,0.29385936,0.19805655,0.5193114,0.06495708
590,0.9528667,0.29726347,0.3884103,0.28713468,0.56445634,0.010128796
591,0.78202945,0.20572157,0.31688598,0.22792767,0.46514347,-0.022206098
592,0.37071753,0.088188276,0.14924473,0.09241131,0.2214728,-0.004223034
593,0.9956032,0.19640756,0.27744582,0.19488722,0.7181574,0.0015203357
594,0.938224,0.1452052,0.2398079,0.15532948,0.6984161,-0.010124281
595,0.71948576,0.11615418,0.16922216,0.11734261,0.5502636,-0.0011884347
596,0.66273195,0.1067099,0.14718518,0.09827647,0.5155468,0.008433424
597,0.30243737,0.20155942,0.22160919,0.16662182,0.080828175,0.034937605
598,0.04632098,0.0082988,0.023883391,0.018818049,0.022437587,-0.010519248
599,0.19064349,0.10879409,0.10882752,0.06959996,0.08181597,0.03919413
600,0.8599217,0.19792874,0.28465682,0.19466266,0.5752649,0.0032660812
601,0.13548918,0.04561267,0.04319486,0.023929095,0.09229432,0.021683576
602,0.8726824,0.1703968,0.24279425,0.18388873,0.6298882,-0.013491929
603,0.105114155,0.011941835,0.061939564,0.036768127,0.04317459,-0.024826292
604,0.81140006,0.25771374,0.33450273,0.241525,0.47689733,0.01618874
605,0.58481246,0.28835097,0.3642457,0.2406129,0.22056675,0.047738075
606,1.2001739,0.29989317,0.40763995,0.29900542,0.7925339,0.0008877516
607,0.110505365,0.02488041,0.04502847,0.03150227,0.065476894,-0.00662186
608,0.9173431,0.2933203,0.41421044,0.29361254,0.50313264,-0.00029224157
609,0.71208537,0.25539166,0.33450618,0.23755552,0.37757918,0.017836139
610,0.48265073,0.18904752,0.25208828,0.18391679,0.23056245,0.005130723
611,0.49956593,0.049866304,0.08284369,0.06481348,0.41672224,-0.014947176
612,0.9839164,0.3130398,0.4388836,0.3092029,0.5450328,0.0038369
613,0.003135749,-0.05638065,0.02464847,0.010028031,-0.021512723,-0.06640868
614,0.6422478,0.24408959,0.32366386,0.22311653,0.31858394,0.020973057
615,1.173631,0.14243568,0.19430742,0.14404982,0.9793235,-0.0016141385
616,0.2182573,0.060604583,0.045069672,0.029969865,0.17318761,0.030634718
617,0.9356782,0.18359835,0.23458537,0.18534155,0.70109284,-0.0017431974
618,0.54862154,0.25822404,0.3683653,0.26685134,0.18025625,-0.0086272955
619,0.07832742,0.04378558,0.029568555,0.02194249,0.048758864,0.021843089
620,-0.0016504467,-0.0020339582,0.022619639,0.015091794,-0.024270086,-0.017125752
621,1.0257502,0.36550033,0.41570577,0.31352356,0.61004436,0.05197677
622,0.90982294,0.13957767,0.30283943,0.19560005,0.60698354,-0.056022376
623,1.4208372,0.30361122,0.41929257,0.3061566,1.0015446,-0.0025453866
624,0.20511927,0.065439306,0.05382569,0.04444548,0.15129358,0.020993825
625,0.9338457,0.26212627,0.32359776,0.2348274,0.61024797,0.027298868
626,0.1719368,0.03427266,0.053800516,0.032765813,0.11813628,0.0015068464
627,1.0853329,0.25950488,0.28295338,0.19623631,0.8023795,0.06326857
628,1.0210272,0.23498146,0.34236535,0.22643162,0.6786618,0.008549839
629,0.7446193,0.2204809,0.3579683,0.23346214,0.386651,-0.012981236
630,0.7528811,0.115441255,0.20239517,0.14418215,0.55048597,-0.02874089
631,0.795177,0.19808353,0.2728876,0.18017443,0.5222894,0.01790911
632,0.7574234,0.18460473,0.27604583,0.19158547,0.48137757,-0.006980732
633,0.7182606,0.16589703,0.36939645,0.20980781,0.34886414,-0.043910787
634,0.048950236,0.05438861,0.03707031,0.027391039,0.011879925,0.02699757
635,0.85957885,0.18291691,0.2595412,0.17792672,0.60003763,0.0049901903
636,1.1149981,0.36190858,0.4386309,0.36565876,0.67636716,-0.0037501752
637,0.13973956,0.058578294,0.040083222,0.025446735,0.099656336,0.03313156
638,0.10785078,0.03800474,0.06278415,0.03964706,0.045066632,-0.0016423203
639,0.28843933,0.028025413,0.10322999,0.062494937,0.18520933,-0.034469523
640,1.2502462,0.4653229,0.58145255,0.45123655,0.6687936,0.014086366
641,0.91515434,0.25129035,0.32626188,0.23928297,0.58889246,0.0120073855
642,0.7620915,0.30752477,0.34872004,0.26604718,0.41337147,0.04147759
643,0.07553046,0.040232785,0.030395636,0.024459174,0.045134827,0.015773611
644,1.2083282,0.36143008,0.5485442,0.35194683,0.659784,0.009483248
645,0.20195298,0.071937434,0.082490295,0.062906325,0.119462684,0.0090311095
646,0.635137,0.12836175,0.20048454,0.14961001,0.43465248,-0.021248266
647,1.175451,0.1989793,0.37657672,0.22863029,0.7988743,-0.029650986
648,0.92398125,0.26692164,0.40008792,0.28521365,0.52389336,-0.01829201
649,0.42094332,0.22676903,0.26176906,0.19595961,0.15917426,0.030809417
650,0.3558361,0.06427752,0.08229889,0.060342718,0.27353722,0.0039348044
651,0.5022927,0.18475477,0.25811628,0.18352923,0.24417642,0.001225546
652,0.8023136,0.2506333,0.31833822,0.22606938,0.4839754,0.024563923
653,0.9497659,0.21017322,0.32803085,0.20543903,0.6217351,0.0047341883
654,0.17844394,0.022051156,0.062325202,0.04886446,0.11611874,-0.026813306
655,1.1258823,0.28944287,0.33686078,0.2508296,0.7890215,0.03861326
656,1.3391819,0.26587248,0.36449736,0.24818689,0.97468454,0.017685592
657,0.95667636,0.39487797,0.56982875,0.4020646,0.38684762,-0.0071866214
658,0.9604646,0.22152285,0.30425316,0.21180233,0.65621144,0.009720519
659,0.18252718,0.08821492,0.07982311,0.056060933,0.10270408,0.032153986
660,0.0007094453,0.021052537,0.01897925,0.009227964,-0.018269803,0.011824573
661,0.7424567,0.1884401,0.2377594,0.17494412,0.50469726,0.013495982
662,0.25831577,0.045187265,0.061502725,0.043589953,0.19681305,0.0015973113
663,0.4955931,0.16324575,0.2007937,0.12190379,0.2947994,0.04134196
664,0.70059234,0.11116614,0.19166674,0.12818839,0.5089256,-0.017022245
665,0.8075837,0.15792325,0.27249855,0.16576384,0.53508514,-0.007840589
666,1.0623553,0.14534274,0.21280159,0.15965956,0.8495537,-0.014316827
667,0.12185051,0.03747965,0.04511729,0.029211039,0.076733224,0.0082686115
668,1.0870097,0.40035605,0.4320601,0.3311239,0.65494955,0.069232166
669,0.1526127,0.15732153,0.069359966,0.052743215,0.083252735,0.104578316
670,0.24846631,0.09771232,0.10095663,0.07226597,0.14750968,0.025446355
671,0.69156367,0.26143068,0.3002203,0.20872824,0.39134336,0.05270244
672,0.5841124,0.2749717,0.40738636,0.29023612,0.17672604,-0.015264422
673,0.9629336,0.29333627,0.36371624,0.284032,0.59921736,0.009304285
674,0.8365361,0.19761924,0.2176132,0.15764828,0.6189229,0.039970964
675,0.67897457,0.23653166,0.3568414,0.25569925,0.32213318,-0.019167587
676,1.0304198,0.12824896,0.22851236,0.16001242,0.8019075,-0.031763464
677,0.57252955,0.18238454,0.26865366,0.18902977,0.3038759,-0.0066452324
678,0.8800132,0.26447096,0.34800956,0.23579168,0.53200364,0.028679281
679,0.7432922,0.1634368,0.25515234,0.17315273,0.48813987,-0.00971593
680,0.7942989,0.22799915,0.28570777,0.21122225,0.5085911,0.016776904
681,0.6714495,0.19956496,0.2749028,0.19840518,0.3965467,0.0011597872
682,0.75243855,0.30430982,0.39118522,0.3053898,0.36125332,-0.0010799766
683,0.07432726,0.008899559,0.031614933,0.021934627,0.042712327,-0.013035067
684,0.09492854,0.03096214,0.056578636,0.041070092,0.038349904,-0.010107953
685,0.7668968,0.18664657,0.25386775,0.17110893,0.51302904,0.0155376345
686,0.19154826,0.012774992,0.05501279,0.03862966,0.13653547,-0.025854666
687,1.1411071,0.2539533,0.32945833,0.2261172,0.8116487,0.027836114
688,0.60996336,0.16331555,0.23923807,0.1625113,0.37072527,0.0008042455
689,0.7237592,0.16401258,0.17863405,0.11486153,0.5451251,0.049151048
690,0.2732552,0.086657114,0.11041856,0.067795284,0.16283664,0.01886183
691,0.166587,0.058328558,0.042244792,0.031098247,0.1243422,0.027230311
692,0.85672885,0.34751493,0.36220363,0.26923877,0.49452522,0.07827616
693,0.22528638,0.024092363,0.04171004,0.030149452,0.18357635,-0.006057089
694,0.8120859,0.22754368,0.3402469,0.2154544,0.47183904,0.012089282
695,0.5837494,0.12356447,0.15614489,0.10267538,0.42760453,0.020889089
696,0.7004404,0.12755623,0.18035965,0.12589279,0.52008075,0.0016634464
697,1.1463296,0.32615596,0.46211642,0.3295329,0.6842132,-0.003376931
698,0.7820604,0.24152786,0.32826096,0.2505423,0.45379943,-0.009014457
699,0.72844845,0.25857916,0.28754485,0.2122868,0.4409036,0.046292365
700,0.08282302,0.057799116,0.07350296,0.05519014,0.009320065,0.0026089773
701,0.90466815,0.1470109,0.19309187,0.1354813,0.7115763,0.011529595
702,0.028180182,0.05533705,0.023538161,0.020684406,0.004642021,0.034652643
703,0.1379911,0.052470263,0.041731194,0.034696218,0.09625991,0.017774045
704,0.88775,0.15627205,0.20286213,0.15677051,0.6848879,-0.00049845874
705,0.9668166,0.22974895,0.33844364,0.231496,0.62837297,-0.0017470568
706,1.011293,0.309356,0.43228042,0.2619654,0.57901263,0.04739061
707,0.9745208,0.21667933,0.2385258,0.174715,0.735995,0.041964337
708,0.44598377,0.16503946,0.25386143,0.19105388,0.19212234,-0.026014417
709,0.92188144,0.18750599,0.28147838,0.18908411,0.64040303,-0.0015781224
710,0.0688855,0.06443543,0.04759535,0.03663405,0.02129015,0.02780138
711,0.65855783,0.13402054,0.27050003,0.17001764,0.3880578,-0.035997108
712,0.8758953,0.23346512,0.26233658,0.2019664,0.61355877,0.031498715
713,0.85197437,0.22076716,0.38343143,0.24117489,0.46854293,-0.020407736
714,0.90807235,0.24233676,0.2898376,0.20802711,0.61823475,0.034309655
715,1.2147435,0.21860224,0.25602916,0.18171495,0.95871437,0.036887288
716,0.3942321,0.08436823,0.13071892,0.09784853,0.26351318,-0.013480298
717,0.19145077,-0.0147797335,0.054455534,0.03373089,0.13699524,-0.048510626
718,0.4979073,0.14206353,0.15072167,0.10103732,0.34718564,0.041026205
719,1.1527474,0.29656067,0.3432457,0.24422625,0.8095017,0.052334428
720,-0.014427732,-0.05633648,0.02174355,0.010445268,-0.036171284,-0.06678175
721,0.12272998,0.12201608,0.07608074,0.060035877,0.04664924,0.061980203
722,0.6818644,0.31593797,0.34854007,0.25239068,0.3333243,0.06354728
723,0.07569198,0.009378265,0.046692327,0.03477399,0.028999656,-0.025395725
724,0.5849856,0.1159651,0.15326436,0.10190388,0.43172127,0.01406122
725,0.8040249,0.12657735,0.19104737,0.13466346,0.6129775,-0.008086115
726,0.6759611,0.31511375,0.2361229,0.17628671,0.43983817,0.13882704
727,0.9036832,0.2812724,0.33957914,0.25703305,0.5641041,0.024239361
728,0.90972584,0.26844862,0.30075908,0.23059005,0.60896677,0.037858576
729,0.959161,0.20065431,0.32487583,0.20778736,0.63428515,-0.0071330518
730,1.100086,0.50882196,0.6693259,0.4956593,0.4307601,0.0131626725
731,0.81043905,0.2498742,0.34205315,0.22700854,0.4683859,0.022865668
732,0.7798226,0.14821085,0.2537796,0.16603251,0.526043,-0.017821655
733,1.2850044,0.32471728,0.47445378,0.3439305,0.8105506,-0.01921323
734,0.6921416,0.113837406,0.13653287,0.10824844,0.55560875,0.0055889636
735,1.0606385,0.32769632,0.4398251,0.29159918,0.6208135,0.03609714
736,-0.014146515,0.1945811,0.028353501,0.02168174,-0.042500015,0.17289937
737,1.0590723,0.2756777,0.3834035,0.27333125,0.6756687,0.002346456
738,-0.019958246,0.13172139,0.028666684,0.015281552,-0.048624933,0.11643984
739,0.3174007,0.21215576,0.09943573,0.07619085,0.21796496,0.1359649
740,0.09718817,0.02832942,0.036890127,0.029273203,0.06029804,-0.0009437818
741,0.24649231,0.0791892,0.14575021,0.10285051,0.1007421,-0.023661308
742,0.17065392,0.06258071,0.0886026,0.05355794,0.08205132,0.009022772
743,0.12543134,0.049184036,0.08403516,0.06786935,0.041396186,-0.018685315
744,1.2932106,0.6249565,0.79360604,0.61949617,0.49960458,0.005460322
745,0.8732294,0.3553572,0.45339656,0.30215028,0.41983283,0.05320692
746,0.031582788,0.103576325,0.040109295,0.028152337,-0.008526508,0.075423986
747,0.13318563,-0.012185194,0.074112795,0.040833145,0.05907283,-0.05301834
748,0.0040084813,-0.001014587,0.024655558,0.015199329,-0.020647077,-0.016213916
749,0.73479944,0.18487947,0.23301314,0.15701556,0.5017863,0.027863905
750,1.0618569,0.24792142,0.3563437,0.25377107,0.7055132,-0.0058496445
751,0.67479265,0.20725699,0.24069335,0.17620377,0.43409932,0.031053215
752,0.35467333,0.119052105,0.12613508,0.07938446,0.22853824,0.039667644
753,0.554312,0.15296713,0.17842211,0.13871065,0.3758899,0.014256477
754,0.48264053,0.14634788,0.1413084,0.09692229,0.34133214,0.049425587
755,0.1286205,-0.018212166,0.038469132,0.023931926,0.09015137,-0.04214409
756,0.5362247,0.16721177,0.26040038,0.18269731,0.27582434,-0.01548554
757,0.09511861,0.049603827,0.035080153,0.027003782,0.06003846,0.022600045
758,0.4594112,0.20273075,0.24783239,0.17736728,0.21157882,0.02536346
759,0.77087146,0.21606274,0.40541467,0.26356614,0.3654568,-0.047503397
760,0.0794112,0.0744234,0.036913287,0.029968165,0.042497914,0.044455238
761,1.2458234,0.38303956,0.5250103,0.37259296,0.7208131,0.010446608
762,0.4575861,0.18715169,0.1895222,0.1436279,0.2680639,0.04352379
763,0.08398062,0.044071265,0.048693705,0.036955073,0.035286915,0.007116191
764,0.15349731,0.058387216,0.10174129,0.071764804,0.051756017,-0.013377588
765,0.102283664,0.0050230767,0.04708775,0.029155716,0.055195913,-0.02413264
766,0.13104108,0.012659741,0.052840132,0.033776842,0.07820095,-0.021117102
767,0.3597323,0.064010374,0.070316575,0.051822975,0.28941572,0.012187399
768,-0.004827829,0.12289665,0.022233687,0.011896116,-0.027061516,0.11100053
769,0.6194861,0.18285438,0.30490184,0.21353911,0.31458426,-0.030684724
770,0.44674167,0.111205116,0.21438617,0.1293117,0.2323555,-0.01810658
771,1.2653674,0.23755175,0.42396438,0.26081,0.841403,-0.023258239
772,-0.0227022,0.13296562,0.018694364,0.008458539,-0.041396566,0.124507084
773,1.0729995,0.22549184,0.28259742,0.20941202,0.79040205,0.016079813
774,-0.002085779,0.1469501,0.02259545,0.01455873,-0.02468123,0.13239136
775,0.83197165,0.2903841,0.3795231,0.2829614,0.45244855,0.0074227154
776,0.87968385,0.17168757,0.23096152,0.1655157,0.64872235,0.0061718673
777,0.66964495,0.1772961,0.2164039,0.1594186,0.45324105,0.017877504
778,0.95399344,0.20617405,0.33511275,0.23367631,0.6188807,-0.027502269
779,0.8760719,0.23076582,0.29358497,0.21048746,0.58248687,0.020278364
780,0.41868386,0.25341776,0.2049164,0.15025921,0.21376745,0.10315855
781,0.6736347,0.25992638,0.3390973,0.26050332,0.33453742,-0.00057694316
782,0.088280305,0.14811857,0.032478873,0.024781987,0.055801433,0.12333658
783,0.72936034,0.2037394,0.26079094,0.1845006,0.4685694,0.0192388
784,1.1459397,0.13445571,0.19867809,0.14898519,0.94726163,-0.0145294815
785,0.20516562,0.076059476,0.0799909,0.06256238,0.12517473,0.013497092
786,0.11862057,0.0026614668,0.052418366,0.034089595,0.0662022,-0.03142813
787,0.28614134,0.064084165,0.08097495,0.05452667,0.20516638,0.009557493
788,0.36962906,0.10789226,0.16972165,0.10880949,0.1999074,-0.0009172335
789,0.26858667,0.06695323,0.09965146,0.06331465,0.16893521,0.0036385804
790,0.16235942,0.046898127,0.08334,0.06052186,0.07901942,-0.013623733
791,0.12683567,0.029901123,0.045028295,0.029200502,0.081807375,0.00070062093
792,0.47433135,0.21149212,0.26183194,0.18447077,0.21249941,0.027021348
793,0.29875493,0.113286845,0.096567504,0.075910114,0.20218742,0.03737673
794,1.0690795,0.3031539,0.38254893,0.28880343,0.6865306,0.014350474
795,0.18962331,0.2166475,0.068223454,0.04205309,0.12139986,0.17459442
796,0.7186176,0.046428654,0.0977997,0.07079119,0.6208179,-0.024362538
797,0.025929509,0.1522604,0.022362757,0.013773211,0.0035667513,0.13848718
798,0.79118073,0.10026238,0.17037547,0.11739358,0.62080526,-0.017131202
799,0.17750275,0.16280401,0.086040296,0.05655303,0.091462456,0.10625098
800,0.06494844,0.013163734,0.025646307,0.015933989,0.039302133,-0.0027702544
801,0.78492504,0.17069672,0.25382638,0.19022955,0.53109866,-0.01953283
802,1.2133943,0.4235796,0.46584296,0.36875314,0.7475513,0.05482647
803,0.918123,0.22490932,0.37388116,0.24495076,0.54424185,-0.020041436
804,1.0075289,0.34973097,0.42835265,0.30460343,0.57917625,0.04512754
805,0.8689821,0.21498577,0.2958022,0.21600395,0.57317984,-0.0010181814
806,0.8467062,0.21102285,0.28298947,0.1998765,0.56371677,0.011146352
807,0.82980824,0.19673808,0.22398975,0.15477997,0.6058185,0.04195811
808,1.0906767,0.21229964,0.26283228,0.18547836,0.8278444,0.026821285
809,-0.021129008,0.13106199,0.019895244,0.00992109,-0.041024253,0.1211409
810,0.9062866,0.2556174,0.36114234,0.25014523,0.54514426,0.005472183
811,0.72317755,0.209893,0.30796677,0.2159611,0.41521078,-0.0060680956
812,0.9439661,0.28703806,0.39596328,0.2987109,0.54800284,-0.011672854
813,0.7154027,0.27627665,0.29468775,0.21921,0.42071497,0.05706665
814,1.3056113,0.22211714,0.3903042,0.25802812,0.91530704,-0.03591098
815,0.06454579,0.027683502,0.051627073,0.032901477,0.012918714,-0.005217975
816,0.9876912,0.1559613,0.29186487,0.2027175,0.69582635,-0.046756193
817,1.1293057,0.19770704,0.25243703,0.17472644,0.8768687,0.0229806
818,0.05954491,0.033106856,0.01825814,0.011568441,0.04128677,0.021538414
819,0.039937124,0.02041608,0.018414192,0.011866203,0.021522932,0.0085498765
820,0.27227947,0.08401606,0.1135162,0.087388046,0.15876327,-0.0033719838
821,0.031092718,0.0020719538,0.017764604,0.012049906,0.0133281145,-0.009977952
822,1.1512929,0.22900164,0.33728305,0.21034996,0.8140099,0.01865168
823,1.2222354,0.23636661,0.41617188,0.2760631,0.80606353,-0.0396965
824,0.16229518,0.05690597,0.06474757,0.04694416,0.097547606,0.00996181
825,0.8381629,0.3572431,0.4595953,0.3265503,0.3785676,0.030692786
826,0.16778284,0.073595025,0.04721871,0.03520466,0.12056413,0.038390364
827,0.10064324,0.1419231,0.089225195,0.06521674,0.011418045,0.07670636
828,1.1239103,0.21302177,0.26225606,0.1929844,0.8616543,0.020037368
829,0.67663103,0.14167278,0.16666798,0.12145216,0.50996304,0.020220615
830,0.18120717,0.05107773,0.044388205,0.034928862,0.13681896,0.016148869
831,0.8425816,0.10227952,0.16991036,0.11811581,0.67267126,-0.015836291
832,0.63108623,0.1984614,0.20361307,0.15123388,0.42747316,0.047227517
833,0.9160405,0.14938757,0.29373634,0.18803774,0.62230414,-0.03865017
834,0.071747795,-0.004504373,0.042563964,0.029877158,0.029183831,-0.03438153
835,0.85748047,0.31874087,0.39128888,0.2717597,0.4661916,0.046981186
836,0.38352564,0.064679936,0.09038882,0.06330566,0.29313684,0.0013742745
837,0.2643163,0.088955246,0.110511854,0.08253431,0.15380444,0.0064209327
838,0.86939514,0.16185234,0.3025291,0.19303477,0.56686604,-0.031182423
839,0.14614443,0.019996779,0.032404434,0.016765913,0.11374,0.003230866
840,0.6868797,0.19418806,0.22615393,0.16976048,0.46072578,0.024427578
841,0.016717346,0.1385736,0.027234146,0.01685298,-0.0105168,0.12172062
842,0.98845154,0.2830131,0.37622613,0.28156337,0.6122254,0.001449734
843,0.5900921,0.17822434,0.20621802,0.13821237,0.38387412,0.040011972
844,0.9784904,0.22205853,0.26594907,0.19284391,0.71254134,0.02921462
845,0.20288563,0.08118128,0.0751369,0.060634624,0.12774873,0.020546656
846,0.86736315,0.15287048,0.21990503,0.1527713,0.64745814,9.918213e-05
847,0.14351977,0.05188988,0.03880773,0.028100522,0.10471204,0.02378936
848,0.6459695,0.09658847,0.18087223,0.11706237,0.46509728,-0.020473897
849,0.10369242,0.052149914,0.04098635,0.03276451,0.06270607,0.019385405
850,0.08732509,-0.019858187,0.025444286,0.015386433,0.061880805,-0.03524462
851,0.040609647,0.054019514,0.019841542,0.0143846795,0.020768104,0.039634835
852,0.8947062,0.2001191,0.32395115,0.22078146,0.570755,-0.020662367
853,0.10345269,0.011080741,0.05160685,0.034841828,0.05184584,-0.023761086
854,0.09735864,0.038463745,0.044560205,0.030031431,0.05279843,0.008432314
855,0.31850004,0.13182218,0.19264808,0.11412992,0.12585196,0.01769226
856,0.82248586,0.1864568,0.3208709,0.19767101,0.5016149,-0.011214212
857,1.0505966,0.16658016,0.24083224,0.17042765,0.8097644,-0.0038474947
858,0.19065534,0.057614863,0.07659989,0.047992874,0.11405545,0.009621989
859,0.67619,0.051327493,0.120923646,0.08447473,0.5552664,-0.033147234
860,0.93183434,0.20943977,0.33258414,0.23118557,0.5992502,-0.021745801
861,0.6750025,0.15153813,0.27015,0.16739067,0.4048525,-0.01585254
862,0.04044822,0.05208306,0.020703774,0.017043535,0.019744445,0.035039525
863,0.8122402,0.20747922,0.29984587,0.20254534,0.5123943,0.004933879
864,0.6000731,0.09833635,0.17958432,0.1207613,0.42048877,-0.022424951
865,0.89541376,0.2724797,0.34135985,0.22264554,0.5540539,0.049834177
866,0.70405245,0.17369525,0.27030218,0.18337116,0.43375027,-0.009675905
867,0.1728089,0.06881761,0.075426966,0.04877297,0.097381935,0.02004464
868,0.91604483,0.2736627,0.3226727,0.23796777,0.5933721,0.035694912
869,1.0706736,0.19516648,0.21838829,0.17147893,0.85228527,0.023687556
870,0.15573084,0.058174375,0.058389653,0.04511435,0.097341195,0.013060026
871,0.20399189,-0.0040208693,0.09285375,0.045560855,0.11113814,-0.049581725
872,1.1489218,0.23819683,0.37613982,0.26037362,0.772782,-0.022176787
873,0.9756146,0.23463008,0.28165063,0.20693202,0.693964,0.027698055
874,0.88645214,0.15695038,0.2717453,0.15756072,0.6147069,-0.00061033666
875,0.14534017,-0.016337989,0.020646868,0.016109737,0.124693304,-0.032447726
876,0.22571482,-0.024435941,0.045265064,0.03037576,0.18044975,-0.0548117
877,0.44696757,0.11510977,0.206606,0.11726805,0.24036157,-0.0021582767
878,0.34197304,0.19873843,0.22394711,0.15127128,0.11802593,0.047467142
879,1.0903897,0.30594492,0.42622864,0.2919641,0.6641611,0.013980806
880,0.2765695,0.14857005,0.07348196,0.051526256,0.20308752,0.09704379
881,0.82155424,0.18883519,0.2138755,0.14418413,0.6076788,0.04465106
882,0.9038791,0.21907361,0.3381277,0.22230259,0.56575143,-0.0032289773
883,0.6129731,0.1426872,0.17152472,0.12475052,0.4414484,0.017936684
884,0.7411785,0.26426542,0.32911667,0.23101014,0.41206184,0.03325528
885,0.121834196,0.13397382,0.047152363,0.033101674,0.07468183,0.100872144
886,0.7214418,0.18077342,0.23846878,0.18089722,0.48297304,-0.00012379885
887,0.0151922265,0.065595746,0.0071654916,0.0047805146,0.008026735,0.06081523
888,0.13921116,0.013072773,0.1093576,0.06646141,0.02985356,-0.053388633
889,1.0843014,0.24907443,0.30573556,0.20602041,0.77856576,0.043054014
890,0.27404195,0.08085982,0.08827481,0.06680568,0.18576714,0.0140541345
891,1.0729727,0.2136813,0.28344923,0.20124905,0.7895234,0.012432247
892,0.81054634,0.20216092,0.23187919,0.16637616,0.57866716,0.035784766
893,0.1622254,0.043680787,0.08242422,0.05057651,0.07980117,-0.0068957247
894,0.057005532,0.063871086,0.03493364,0.02873214,0.02207189,0.035138946
895,0.95271826,0.273435,0.36739504,0.2538996,0.5853232,0.019535393
896,0.93622845,0.24351288,0.3573251,0.26046628,0.5789033,-0.016953394
897,0.82329494,0.18131779,0.30619374,0.19758533,0.51710117,-0.016267538
898,0.5825502,0.08798765,0.17650005,0.122379646,0.40605018,-0.034392
899,0.102535896,0.087427065,0.10926748,0.07730129,-0.0067315847,0.010125771
900,0.98218936,0.45137236,0.6353514,0.4787198,0.34683794,-0.027347445
901,0.2682393,0.08836166,0.09070551,0.066256925,0.17753378,0.022104733
902,1.2106164,0.19377717,0.2522264,0.1632794,0.95838994,0.030497774
903,0.80045545,0.20924242,0.2693216,0.1921487,0.5311339,0.017093718
904,0.1593224,0.030751739,0.051015712,0.03917266,0.10830668,-0.008420922
905,1.2063289,0.28106537,0.3686454,0.25480244,0.83768344,0.026262939
906,1.1592628,0.26765034,0.44553393,0.28361833,0.71372885,-0.015967995
907,0.62772393,0.18076906,0.23141205,0.17307481,0.39631188,0.0076942444
908,0.15762028,0.06196669,0.060699645,0.04301221,0.09692064,0.018954482
909,0.968897,0.283906,0.4278163,0.28553787,0.5410807,-0.001631856
910,0.6570968,0.13088876,0.15353827,0.10733674,0.5035585,0.023552023
911,0.850802,0.19560103,0.28461358,0.19041929,0.56618845,0.0051817447
912,0.34790865,0.10703472,0.1827628,0.10800923,0.16514584,-0.00097450614
913,0.38411516,0.08997049,0.13241099,0.08768343,0.25170416,0.00228706
914,0.99056053,0.35561273,0.44685742,0.3475858,0.5437031,0.008026928
915,0.42235172,0.21214841,0.21833442,0.16548592,0.2040173,0.046662495
916,0.80069655,0.23572697,0.30086118,0.200445,0.49983537,0.03528197
917,0.9936341,0.19682251,0.30853936,0.21087244,0.6850947,-0.014049932
918,0.1911285,0.036466096,0.077414736,0.04584506,0.11371377,-0.009378966
919,1.0033597,0.22746977,0.24146767,0.18068334,0.761892,0.046786427
920,0.61597645,0.14325364,0.17884907,0.12635505,0.43712738,0.016898587
921,0.221293,0.042868435,0.08415897,0.05858968,0.13713403,-0.015721243
922,0.5664613,0.07203671,0.13235512,0.09041654,0.4341062,-0.01837983
923,0.43660074,0.1269829,0.1263661,0.09009068,0.31023467,0.03689222
924,0.88106334,0.25166583,0.3198031,0.22918224,0.5612602,0.022483587
925,0.77484614,0.17609374,0.2544965,0.1647828,0.5203496,0.011310935
926,1.0635825,0.36159745,0.46628562,0.35370418,0.59729695,0.007893264
927,0.03103312,0.053061657,0.025708908,0.019102326,0.005324211,0.03395933
928,-0.02650931,0.12110227,0.013323174,0.0064658504,-0.039832484,0.11463642
929,1.0448959,0.27516782,0.36342373,0.25005397,0.6814722,0.02511385
930,1.008054,0.299428,0.381133,0.28618634,0.62692106,0.013241649
931,0.27252713,0.043342415,0.11278758,0.058334764,0.15973955,-0.014992349
932,0.16432528,0.12002013,0.13324922,0.10285164,0.031076059,0.017168492
933,0.23710108,0.14438815,0.12727804,0.0931765,0.10982303,0.051211655
934,0.08669624,0.070106566,0.047263037,0.031630013,0.0394332,0.038476553
935,1.3693708,0.18995593,0.2122912,0.15648863,1.1570796,0.033467308
936,0.72822076,0.32487005,0.4038645,0.26779512,0.32435626,0.057074934
937,1.0610001,0.28251046,0.38026056,0.28731948,0.6807395,-0.004809022
938,0.06368811,0.046507012,0.0316491,0.02097759,0.032039005,0.025529422
939,0.4798822,0.14404458,0.18648517,0.13981852,0.29339704,0.0042260587
940,1.037957,0.25312343,0.4253306,0.28557023,0.6126263,-0.0324468
941,0.11663621,0.097974904,0.0798075,0.06672331,0.03682871,0.031251594
942,0.7955398,0.102961265,0.21821876,0.13253403,0.57732105,-0.029572763
943,0.041142393,0.0547014,0.046368442,0.03248686,-0.0052260496,0.02221454
944,1.2770212,0.26429638,0.44471264,0.29753757,0.83230853,-0.033241183
945,0.14094597,0.09009041,0.043062534,0.0269265,0.09788343,0.06316391
946,0.009460534,0.12522593,0.038538653,0.0188728,-0.029078119,0.106353134
947,0.4521741,0.09270478,0.14549692,0.09688879,0.30667716,-0.0041840076
948,0.16108918,0.0576154,0.043713845,0.03488479,0.11737534,0.022730608
949,0.244206,0.018772386,0.09502194,0.055554803,0.14918405,-0.036782417
950,0.46808344,0.039879534,0.114568226,0.07238585,0.3535152,-0.032506313
951,1.1343923,0.3334459,0.52302986,0.3326012,0.6113624,0.000844717
952,1.139441,0.23855859,0.33866814,0.22314939,0.8007729,0.015409201
953,0.96464145,0.24050787,0.29986426,0.22996181,0.66477716,0.010546058
954,1.058926,0.3585139,0.53599054,0.322629,0.52293545,0.035884887
955,0.50097555,0.14273828,0.1964824,0.13489015,0.30449313,0.007848129
956,0.6202505,0.109461926,0.12969585,0.091014296,0.4905547,0.01844763
957,0.8153937,0.19512345,0.32510564,0.20843542,0.49028805,-0.013311967
958,0.7685738,0.13471322,0.16416462,0.10333622,0.6044092,0.031376995
959,0.85990125,0.19921651,0.353669,0.2296475,0.50623226,-0.030430987
960,0.21914844,0.10149527,0.11233395,0.082666256,0.10681449,0.018829018
961,0.08425976,0.116107926,0.022226252,0.011751425,0.06203351,0.1043565
962,1.1362568,0.16412224,0.26960492,0.18677732,0.8666519,-0.022655085
963,0.16746803,0.0059861033,0.07075533,0.04315686,0.09671269,-0.037170757
964,0.059450205,0.11942828,0.048691478,0.031508908,0.010758728,0.08791937
965,0.4946781,0.13445003,0.19262402,0.13225505,0.3020541,0.0021949857
966,0.21190926,0.03730884,0.039344974,0.022484414,0.1725643,0.014824424
967,0.10337723,-0.026007751,0.059392694,0.035023913,0.043984536,-0.061031662
968,1.323969,0.45214278,0.55740315,0.42293727,0.76656586,0.029205501
969,0.9658229,0.16615577,0.25944397,0.18866503,0.70637894,-0.022509262
970,0.030871505,0.14982884,0.03033364,0.023191726,0.00053786486,0.12663712
971,0.79499316,0.23948649,0.29392377,0.20437695,0.5010694,0.035109535
972,0.9521953,0.20149952,0.27542612,0.2067621,0.67676914,-0.0052625835
973,0.37901977,0.07575549,0.11273208,0.08538454,0.26628768,-0.009629048
974,0.14992422,0.14267854,0.0849681,0.07026801,0.06495612,0.07241053
975,0.13565622,0.029399863,0.02750926,0.017915122,0.108146966,0.01148474
976,0.94491434,0.18082367,0.26420888,0.18735479,0.6807054,-0.0065311193
977,0.033848006,0.05929282,0.03869197,0.032330774,-0.004843965,0.026962046
978,0.92743486,0.18000361,0.2093081,0.1520519,0.7181268,0.027951717
979,0.21641152,0.036868248,0.115955964,0.075376794,0.10045555,-0.038508546
980,0.98819345,0.30551195,0.41101336,0.31264743,0.5771801,-0.0071354806
981,0.6031638,0.18996064,0.3084505,0.21892716,0.2947133,-0.028966516
982,0.8259795,0.15193056,0.2004596,0.15270816,0.6255199,-0.0007776022
983,0.04772694,0.07132421,0.041092023,0.02972676,0.006634917,0.04159745
984,0.1059299,0.15610878,0.05563641,0.047310635,0.050293494,0.108798146
985,0.86478573,0.25479606,0.3865382,0.24748127,0.47824752,0.0073147863
986,0.9829677,0.2784357,0.39768705,0.2925541,0.58528066,-0.014118403
987,0.05841346,0.014226864,0.028458077,0.017775085,0.029955383,-0.0035482207
988,0.73027194,0.2138967,0.28080004,0.2200592,0.4494719,-0.0061624944
989,0.408614,0.2029204,0.13362572,0.08335529,0.2749883,0.119565114
990,0.22682817,0.07850686,0.14205986,0.09947198,0.08476831,-0.020965122
991,0.13202487,0.036872495,0.036089014,0.017098362,0.09593585,0.019774133
992,-0.0021164499,0.04094225,0.016883621,0.015564748,-0.01900007,0.025377505
993,0.48025444,0.15762189,0.22263622,0.1351062,0.25761822,0.022515684
994,0.99834305,0.28218412,0.36339465,0.27986735,0.6349484,0.002316773
995,0.8091141,0.26063415,0.3450862,0.24406576,0.4640279,0.016568393
996,0.9373803,0.31523052,0.41771653,0.30246603,0.5196638,0.012764484
997,1.2582958,0.15494023,0.21986677,0.15948667,1.038429,-0.0045464337
998,1.2560037,0.12786728,0.2397771,0.17459098,1.0162266,-0.046723694
999,0.81287414,0.38480163,0.45130566,0.35504836,0.36156848,0.029753268
1000,0.6259537,0.20898378,0.28555438,0.20535219,0.3403993,0.0036315918
1001,0.14015959,0.026621522,0.07964125,0.056656826,0.06051834,-0.030035304
1002,0.49311787,0.15431711,0.18786259,0.1433243,0.3052553,0.01099281
1003,0.9487396,0.2827311,0.34680426,0.25670874,0.6019353,0.026022345
1004,0.7368968,0.22990623,0.34769973,0.2558993,0.38919708,-0.025993079
1005,0.10397092,0.042687196,0.064111724,0.032397877,0.039859198,0.010289319
1006,0.077995345,0.03383904,0.06843035,0.04585797,0.009564996,-0.01201893
1007,0.09869906,0.05432812,0.050360173,0.03586558,0.04833889,0.018462542
1008,0.38410035,0.075012155,0.09764884,0.06485341,0.28645152,0.010158747
1009,0.9627483,0.41852245,0.49889386,0.37678096,0.46385443,0.04174149
1010,0.14598551,-0.027977355,0.04776546,0.024590261,0.09822005,-0.052567616
1011,0.661396,0.17336814,0.2132274,0.16948113,0.44816864,0.0038870126
1012,0.07018549,-0.02944757,0.03279144,0.017900484,0.03739405,-0.047348052
1013,0.25598267,0.06539491,0.06620319,0.049026743,0.18977948,0.016368166
1014,0.82310903,0.30576435,0.36823684,0.29677764,0.4548722,0.0089867115
1015,0.15272261,0.069114186,0.08702854,0.062829696,0.06569407,0.00628449
1016,0.23191296,0.10046692,0.11043599,0.08097515,0.12147696,0.01949177
1017,1.1349448,0.1919298,0.31452596,0.21140784,0.82041883,-0.019478038
1018,1.4842132,0.33471328,0.5106132,0.37212455,0.97360003,-0.037411273
1019,0.1586891,0.2130771,0.1360593,0.10434966,0.022629797,0.10872744
1020,0.5881501,0.19837198,0.27794808,0.20291801,0.310202,-0.0045460314
1021,0.72135776,0.22689828,0.2664456,0.1898333,0.45491216,0.037064984
1022,1.2616118,0.22425427,0.29309672,0.22986063,0.9685151,-0.005606368
1023,0.8707321,0.2467955,0.39157337,0.28751737,0.47915876,-0.040721864
1024,0.07857207,-0.026452612,0.04145204,0.020779807,0.037120033,-0.04723242
1025,1.1379753,0.27249366,0.33338046,0.24070255,0.8045949,0.031791106
1026,0.27978602,0.13360088,0.14040518,0.10130555,0.13938084,0.032295324
1027,0.18827547,0.06837475,0.029365474,0.025221212,0.15890999,0.04315354
1028,0.33155456,0.08643241,0.16635664,0.10633316,0.16519792,-0.019900747
1029,0.050059732,0.049834926,0.03988414,0.0254443,0.010175593,0.024390625
1030,0.1359988,0.037237637,0.033342257,0.024071986,0.10265654,0.013165651
1031,1.1734006,0.24958059,0.35896805,0.2621119,0.8144326,-0.01253131
1032,0.73496664,0.33453795,0.4078415,0.31330758,0.32712513,0.02123037
1033,1.1043283,0.33096159,0.42603824,0.3223971,0.67829,0.008564472
1034,1.0102612,0.20189315,0.27876338,0.18879297,0.73149776,0.013100177
1035,1.0786663,0.26994956,0.34173635,0.24302608,0.73693,0.026923478
1036,0.9600828,0.33690664,0.45252287,0.29292825,0.50755996,0.043978393
1037,0.66248137,0.21336348,0.24380928,0.18629612,0.41867208,0.027067363
1038,0.68559057,0.13057964,0.13958707,0.105701484,0.54600346,0.024878152
1039,0.11409673,0.1504152,0.07961981,0.050925523,0.03447692,0.099489674
1040,1.5248808,0.4416755,0.53976953,0.39701653,0.98511124,0.04465899
1041,0.90410644,0.3262133,0.4332688,0.32087147,0.47083765,0.005341828
1042,0.97133774,0.2261748,0.36426848,0.22621782,0.60706925,-4.3019652e-05
1043,0.82230324,0.18624757,0.29462105,0.19593114,0.5276822,-0.009683564
1044,0.055333436,0.016154628,0.043147687,0.030305428,0.012185749,-0.0141508
1045,0.23103626,0.08410933,0.051754933,0.038367897,0.17928132,0.04574143
1046,1.4985259,0.2623304,0.30133373,0.22949736,1.1971922,0.032833055
1047,0.72331667,0.3899401,0.32153305,0.23088464,0.40178362,0.15905547
1048,0.10971985,0.14181125,0.073328674,0.04973198,0.036391176,0.09207927
1049,-0.024239775,-0.035047613,0.021038376,0.014462866,-0.04527815,-0.04951048
1050,0.4129816,0.09969719,0.15696044,0.11031137,0.25602114,-0.010614179
1051,0.109756894,0.039604813,0.03473686,0.026139969,0.07502003,0.013464844
1052,0.19388337,0.09264392,0.05670686,0.04303564,0.13717651,0.049608275
1053,0.6545828,0.28247198,0.23851852,0.16002275,0.41606426,0.122449234
1054,0.022698894,0.016066547,0.022214253,0.014017288,0.00048464164,0.0020492598
1055,0.07858899,0.0915091,0.041721836,0.0325188,0.036867157,0.058990296
1056,0.75181943,0.19700356,0.26059932,0.1774539,0.49122012,0.019549653
1057,1.0391312,0.28199783,0.45611748,0.307672,0.58301365,-0.025674164
1058,0.992646,0.18486758,0.2860294,0.19774725,0.7066166,-0.01287967
1059,0.97014743,0.25250414,0.35571796,0.25194392,0.6144295,0.00056022406
1060,-0.033996765,0.114220984,0.0006017398,-0.0022569192,-0.034598503,0.11647791
1061,0.13824898,0.048183843,0.08551618,0.05862001,0.052732803,-0.010436166
1062,0.87077594,0.16197746,0.26816046,0.17436236,0.6026155,-0.012384906
1063,0.6910077,0.1703652,0.24620736,0.1652426,0.44480032,0.005122602
1064,1.031603,0.19374055,0.3343716,0.22467583,0.6972314,-0.030935287
1065,0.7289006,0.23725526,0.29455602,0.21250187,0.4343446,0.024753392
1066,0.3387087,0.23037226,0.17328364,0.13102032,0.16542506,0.09935194
1067,1.1299102,0.22720668,0.35258278,0.25425416,0.7773274,-0.027047485
1068,0.7052171,0.16638356,0.2504516,0.16615097,0.45476553,0.00023259223
1069,0.8011369,0.14959146,0.19956696,0.14093749,0.60156995,0.008653969
1070,0.9718473,0.21944787,0.2908128,0.20290034,0.6810345,0.01654753
1071,0.7673237,0.1667628,0.21812256,0.16455866,0.54920113,0.002204135
1072,1.1067449,0.26933303,0.39135942,0.2775343,0.71538544,-0.008201271
1073,1.1087023,0.36542124,0.5076837,0.3518464,0.6010186,0.013574839
1074,0.7744939,0.2864386,0.2502183,0.18170851,0.52427554,0.1047301
1075,0.6995076,0.1951733,0.20837459,0.14409345,0.491133,0.05107984
1076,0.9237857,0.08777186,0.14733124,0.10998844,0.77645445,-0.02221658
1077,0.030305525,0.14189392,0.013473806,0.012747976,0.016831718,0.12914595
1078,0.8960641,0.2091147,0.2462615,0.18439741,0.64980257,0.024717286
1079,0.9234664,0.36251837,0.4147329,0.31313783,0.5087335,0.04938054
1080,0.9284139,0.20142473,0.24846534,0.1878378,0.67994857,0.013586938
1081,0.08175826,-0.035154298,0.037083585,0.022174263,0.044674676,-0.05732856
1082,0.1729751,0.032987297,0.06774587,0.053299632,0.10522922,-0.020312335
1083,0.7417543,0.20708038,0.27624086,0.20796531,0.46551344,-0.00088493526
1084,0.7957471,0.17939366,0.2471663,0.18170638,0.54858077,-0.0023127198
1085,0.85547465,0.14050075,0.17454429,0.1266181,0.6809304,0.013882652
1086,1.2777516,0.31947163,0.42306194,0.30360776,0.8546896,0.015863866
1087,0.17012185,-0.02229143,0.02261522,0.015905641,0.14750662,-0.03819707
1088,0.865093,0.20067026,0.2560193,0.17103174,0.6090737,0.029638514
1089,1.1547995,0.1148533,0.20081998,0.1508257,0.9539795,-0.035972394
1090,0.71631014,0.19685939,0.3441504,0.22890897,0.37215975,-0.03204958
1091,0.36929247,0.13724618,0.24503312,0.14977632,0.12425935,-0.012530148
1092,0.07813285,0.03417286,0.03595103,0.025736315,0.042181823,0.008436544
1093,1.114224,0.25571704,0.35483438,0.2424082,0.7593896,0.013308838
1094,-0.02181936,0.021043453,0.0026371258,0.004436924,-0.024456486,0.016606528
1095,0.069331,0.12020438,0.024655433,0.01428634,0.044675566,0.10591804
1096,0.13658138,0.07773677,0.090126306,0.06123518,0.04645507,0.016501594
1097,0.13339,0.035432886,0.034966636,0.025644975,0.09842336,0.009787912
1098,0.2849555,0.10104639,0.11519606,0.07533214,0.16975945,0.025714248
1099,0.12955275,0.035076797,0.10113129,0.071953185,0.028421462,-0.036876388
1100,0.593499,0.17057636,0.22840539,0.17105271,0.36509362,-0.00047634542
1101,0.044303432,-0.03373436,0.022884712,0.011023359,0.02141872,-0.044757716
1102,0.9061551,0.16078517,0.2555414,0.17357048,0.65061367,-0.0127853155
1103,0.7499157,0.18982334,0.19093274,0.14144292,0.55898297,0.04838042
1104,0.5053566,0.14679691,0.187458,0.1339468,0.31789863,0.012850106
1105,0.65495855,0.14405832,0.17641863,0.13164021,0.4785399,0.012418106
1106,0.21037175,0.07239914,0.098677084,0.07091707,0.111694664,0.0014820695
1107,0.025396494,0.014130024,0.025221325,0.020896768,0.00017516874,-0.006766744
1108,1.060801,0.25482163,0.33710742,0.24672854,0.7236936,0.008093089
1109,1.2305088,0.36922133,0.5977833,0.3872452,0.6327255,-0.018023878
1110,0.6580661,0.12747091,0.20329972,0.14551283,0.4547664,-0.018041924
1111,0.11990399,0.025027957,0.028892746,0.019617012,0.09101124,0.005410945
1112,0.91911,0.2384928,0.3761625,0.27929893,0.54294753,-0.04080613
1113,0.10029961,0.035134353,0.04088932,0.030759644,0.059410293,0.004374709
1114,0.15321651,-0.029727824,0.04183251,0.02615278,0.111384004,-0.055880606
1115,0.95902586,0.2982665,0.4147,0.28182048,0.5443258,0.016446024
1116,0.63581616,0.2511403,0.31991547,0.20583418,0.31590068,0.045306116
1117,0.9094513,0.27833015,0.40035626,0.27102336,0.5090951,0.0073067844
1118,0.6322812,0.15945399,0.26102445,0.1956123,0.37125674,-0.03615831
1119,0.008842203,-0.028979758,0.017515086,0.012134837,-0.008672883,-0.041114595
1120,0.59219134,0.13637063,0.20013657,0.12930125,0.39205477,0.007069379
1121,1.2805725,0.46838605,0.51780444,0.3349259,0.7627681,0.13346016
1122,0.6742112,0.21082728,0.27879938,0.20018788,0.39541182,0.010639399
1123,1.2724665,0.249115,0.28867206,0.2096059,0.98379445,0.039509103
1124,0.91612184,0.22479531,0.33371848,0.24339963,0.58240336,-0.018604323
1125,0.024917308,0.00062138564,0.016402908,0.009763455,0.008514401,-0.009142069
1126,0.1911671,0.07537555,0.10096111,0.073870085,0.09020599,0.0015054643
1127,0.72377175,0.051816832,0.12047526,0.07569576,0.6032965,-0.023878928
1128,0.76959914,0.17877401,0.26471597,0.17872795,0.50488317,4.605949e-05
1129,0.035887733,-0.032341167,0.033583157,0.015085314,0.0023045763,-0.04742648
1130,0.8214563,0.14624579,0.2445982,0.18462683,0.5768581,-0.03838104
1131,1.009779,0.24553248,0.33045295,0.22053713,0.67932606,0.024995357
1132,0.77487195,0.26579997,0.34195694,0.25584033,0.432915,0.009959638
1133,0.18598895,0.07730817,0.11845589,0.07697505,0.06753306,0.0003331229
1134,0.79733795,0.355852,0.4286731,0.30626893,0.36866486,0.049583077
1135,0.9009011,0.22192441,0.3080045,0.22358425,0.5928966,-0.0016598403
1136,0.2621095,0.05254908,0.10959179,0.077301264,0.1525177,-0.024752185
1137,1.02122,0.16920914,0.28022447,0.17756571,0.7409955,-0.008356571
1138,0.61724114,0.22015437,0.24942976,0.17472118,0.36781138,0.045433193
1139,0.9815305,0.31953275,0.4377636,0.3193327,0.54376686,0.00020006299
1140,0.6359932,0.13753235,0.18307865,0.12684682,0.45291454,0.010685533
1141,0.6127497,0.13867185,0.16793586,0.120831855,0.44481385,0.01783999
1142,1.0243204,0.20949778,0.304682,0.22028625,0.71963835,-0.0107884705
1143,0.8339198,0.3170967,0.46405488,0.36195254,0.36986494,-0.044855833
1144,1.3081279,0.4365146,0.56501323,0.4348608,0.74311465,0.0016537905
1145,0.833695,0.11565491,0.1795895,0.13138014,0.6541055,-0.015725233
1146,1.2477633,0.21852402,0.37552768,0.25705588,0.8722356,-0.038531855
1147,1.2118403,0.1801174,0.32062393,0.2323191,0.89121634,-0.052201703
1148,0.10432601,0.047549866,0.03877746,0.024625234,0.065548554,0.022924632
1149,0.040288847,0.036389947,0.033452407,0.024136383,0.0068364404,0.012253564
1150,0.82910854,0.21065797,0.3138893,0.21229857,0.5152192,-0.001640603
1151,0.10218446,-0.002959259,0.030006897,0.017988868,0.07217756,-0.020948127
1152,0.39347652,0.10357483,0.092645645,0.06205577,0.30083087,0.041519057
1153,0.8716136,0.23698066,0.329117,0.23782532,0.5424966,-0.0008446574
1154,0.008288551,0.041041967,0.013869308,0.009956161,-0.005580757,0.031085806
1155,0.4000185,0.132114,0.17288904,0.11630018,0.22712947,0.015813813
1156,0.13815343,0.051679913,0.10365406,0.07087708,0.034499377,-0.01919717
1157,0.67283267,0.2315498,0.31255248,0.21979217,0.3602802,0.011757627
1158,0.07145027,0.01740768,0.04074912,0.031317964,0.03070115,-0.013910284
1159,1.0604607,0.29724622,0.41187614,0.30753654,0.64858454,-0.010290325
1160,0.053372312,0.03433522,0.016449764,0.012996295,0.036922548,0.021338925
1161,0.27601057,0.04828202,0.05139152,0.039250888,0.22461906,0.009031132
1162,1.2463628,0.34954876,0.51605994,0.3249476,0.7303029,0.024601161
1163,0.041230585,0.02705587,0.030454399,0.018397668,0.010776186,0.008658202
1164,0.52756137,0.15889268,0.1954138,0.14090972,0.33214757,0.01798296
1165,0.8228404,0.20983565,0.25552467,0.17817885,0.5673157,0.0316568
1166,0.4355205,0.1620727,0.10835382,0.07495167,0.32716668,0.08712103
1167,1.0926121,0.38157365,0.49190712,0.34132823,0.600705,0.040245414
1168,0.3639212,0.1313683,0.14923044,0.103961475,0.21469076,0.02740682
1169,0.64757323,0.23476511,0.28367978,0.19805096,0.36389345,0.03671415
1170,0.59193414,0.21967977,0.21888733,0.15960163,0.37304682,0.060078144
1171,0.22939073,0.19171777,0.13617146,0.0991867,0.093219265,0.09253107
1172,0.80945456,0.14086698,0.22723988,0.1607612,0.5822147,-0.019894227
1173,0.14474028,0.004722826,0.04564984,0.033320677,0.09909044,-0.02859785
1174,1.0306743,0.2202191,0.3148502,0.21925737,0.7158241,0.00096173584
1175,-0.016323756,0.116310425,0.016873179,0.008264815,-0.033196934,0.10804561
1176,0.09410989,-0.02296699,0.02811667,0.018957652,0.06599322,-0.04192464
1177,0.70146567,0.15218537,0.20318693,0.14290085,0.49827874,0.009284511
1178,0.36053824,0.070176594,0.07672701,0.05487894,0.28381124,0.015297655
1179,0.69704795,0.17599769,0.26924837,0.17987598,0.42779958,-0.0038782954
1180,0.19184056,0.055407815,0.08086601,0.057781335,0.11097455,-0.0023735203
1181,1.0829313,0.14154746,0.20398052,0.134934,0.8789508,0.006613463
1182,0.80655247,0.264526,0.35103717,0.23658945,0.4555153,0.027936563
1183,0.3242216,0.10095389,0.10906284,0.075655304,0.21515876,0.025298588
1184,0.060311235,0.022348382,0.03027567,0.021719087,0.030035565,0.00062929466
1185,0.24290906,0.06756342,0.077469766,0.0575459,0.1654393,0.010017522
1186,-0.017942708,0.12333849,0.017437851,0.009312451,-0.035380557,0.11402604
1187,0.9851938,0.5345591,0.63123256,0.46138245,0.35396123,0.07317662
1188,1.3909357,0.27015248,0.44653603,0.2843146,0.9443996,-0.014162123
1189,1.0204937,0.26430306,0.32618508,0.2364092,0.69430864,0.027893856
1190,1.3452386,0.38407898,0.472931,0.3331596,0.87230754,0.050919384
1191,0.4916164,0.18087338,0.26718688,0.19007328,0.22442952,-0.009199902
1192,0.74603605,0.25868654,0.2969035,0.21975069,0.44913256,0.038935855
1193,1.0664234,0.18862231,0.30084577,0.19643939,0.7655777,-0.007817075
1194,0.6520511,0.15456837,0.20516886,0.14228469,0.44688225,0.012283683
1195,0.89045656,0.33684266,0.43392417,0.3127842,0.4565324,0.024058461
1196,0.4081915,0.18297829,0.19976391,0.14362879,0.2084276,0.039349496
1197,0.28678772,0.049844578,0.11360338,0.071748495,0.17318434,-0.021903917
1198,0.121873505,-0.009495127,0.030868387,0.014031965,0.09100512,-0.023527093
1199,0.11458343,0.032816436,0.020642262,0.017375743,0.09394117,0.015440693
1200,0.20454004,-0.022180336,0.06536664,0.04170838,0.1391734,-0.06388871
1201,0.95446086,0.32693356,0.37354487,0.30049828,0.580916,0.026435286
1202,0.065210655,-0.0034949998,0.07210279,0.045656957,-0.006892137,-0.049151957
1203,0.9117006,0.26927102,0.38758254,0.25709525,0.52411807,0.012175769
1204,0.92186517,0.22379753,0.3074899,0.23170708,0.61437523,-0.007909551
1205,0.96986836,0.4089818,0.5121962,0.39697698,0.45767218,0.0120048225
1206,0.9761711,0.20219488,0.29419848,0.20516002,0.6819726,-0.0029651374
1207,0.70180804,0.08433627,0.10200129,0.08093877,0.5998067,0.003397502
1208,0.8609636,0.21423057,0.29335108,0.20521525,0.5676125,0.009015322
1209,0.82525325,0.19412486,0.25976115,0.17858498,0.5654921,0.015539885
1210,0.6850256,0.18505353,0.2868371,0.1953185,0.39818847,-0.010264978
1211,0.9739384,0.2195809,0.33205998,0.23050772,0.6418784,-0.010926813
1212,0.7440953,0.20258634,0.30799052,0.21481526,0.4361048,-0.012228921
1213,0.7400518,0.17271872,0.21051551,0.16465433,0.5295363,0.008064389
1214,0.95126575,0.17158514,0.22972554,0.16304389,0.7215402,0.008541256
1215,1.0687304,0.14905116,0.2785827,0.20553935,0.79014766,-0.056488186
1216,0.82529014,0.18878004,0.3173973,0.20619175,0.50789285,-0.017411709
1217,0.7352854,0.18049239,0.29714903,0.22079535,0.43813637,-0.040302962
1218,0.87317103,0.22637954,0.28422394,0.1956872,0.58894706,0.030692339
1219,0.90851057,0.26442102,0.23751666,0.17251629,0.6709939,0.09190473
1220,0.14174104,0.054387767,0.051703893,0.044047512,0.090037145,0.010340255
1221,0.7782302,0.11523134,0.18481146,0.13678974,0.5934187,-0.021558397
1222,0.054897375,0.061597124,0.061240923,0.04849787,-0.0063435473,0.013099253
1223,0.08658692,0.11489804,0.048603863,0.033979293,0.03798306,0.080918744
1224,0.06698691,0.0434956,0.03183858,0.024585947,0.03514833,0.018909652
1225,1.1555215,0.29818892,0.45869252,0.30658096,0.69682896,-0.008392036
1226,0.4511646,0.066943616,0.13682862,0.09190359,0.314336,-0.024959974
1227,0.72734296,0.13230991,0.17148392,0.115921825,0.555859,0.016388088
1228,0.20445628,0.097015694,0.08975703,0.062262554,0.11469925,0.03475314
1229,0.89658517,0.1451656,0.14913872,0.11105704,0.7474464,0.034108564
1230,0.08133892,0.13090053,0.042339575,0.030969387,0.038999345,0.09993114
1231,0.62084246,0.23697141,0.27219385,0.20245904,0.3486486,0.03451237
1232,1.0338305,0.10750439,0.16987844,0.12705292,0.8639521,-0.019548528
1233,0.094383605,0.08593734,0.06669574,0.050266966,0.027687863,0.035670377
1234,0.16856438,0.039245725,0.07638849,0.05107536,0.092175886,-0.011829637
1235,0.013961389,0.12864569,0.031125154,0.019914867,-0.017163765,0.10873082
1236,0.92488843,0.245432,0.31461725,0.22118835,0.6102712,0.024243653
1237,0.30524048,0.13166314,0.10707159,0.07698301,0.19816889,0.05468013
1238,1.029582,0.2896196,0.36120084,0.2852022,0.6683812,0.0044173896
1239,0.03052255,0.007989257,0.03953075,0.022478038,-0.009008201,-0.014488782
1240,1.2108889,0.34640792,0.5193075,0.34673524,0.69158137,-0.0003273189
1241,1.4217758,0.20484461,0.42603374,0.23625322,0.9957421,-0.031408608
1242,0.791571,0.11724578,0.1639221,0.10958555,0.62764895,0.007660225
1243,0.63936293,0.18971033,0.27246544,0.18968771,0.3668975,2.2619963e-05
1244,0.99810517,0.19892372,0.33877712,0.21563616,0.65932804,-0.016712442
1245,0.4707021,0.0694299,0.13723677,0.091330975,0.33346534,-0.021901079
1246,1.2299907,0.36576018,0.514695,0.3636101,0.71529573,0.0021500885
1247,0.88139725,0.22569504,0.31674993,0.22844593,0.5646473,-0.0027508885
1248,0.04873531,0.06509341,0.02734001,0.017553978,0.0213953,0.047539435
1249,0.8336378,0.21944484,0.28979415,0.21273729,0.5438436,0.006707549
1250,0.9629518,0.3233038,0.41300642,0.29916084,0.54994535,0.02414295
1251,0.17164576,0.07606125,0.10599078,0.07141477,0.06565498,0.00464648
1252,0.908406,0.28567448,0.4740113,0.28752515,0.43439472,-0.0018506646
1253,0.80502695,0.36752203,0.46795848,0.34551048,0.33706847,0.022011548
1254,0.81766,0.23069952,0.28674933,0.18796678,0.5309106,0.042732745
1255,0.6397951,0.12954968,0.20259652,0.1450856,0.4371986,-0.015535921
1256,1.1666505,0.36491683,0.5063887,0.35818717,0.6602618,0.0067296624
1257,1.1807824,0.29764205,0.39511356,0.28468835,0.78566885,0.012953699
1258,1.0553203,0.3279628,0.47920334,0.32191518,0.5761169,0.0060476065
1259,0.8540132,0.18656686,0.24213043,0.18303949,0.6118828,0.003527373
1260,0.95627624,0.2139094,0.25546375,0.18094772,0.70081246,0.03296168
1261,-0.014770168,0.12823617,0.031956315,0.016249778,-0.046726484,0.1119864
1262,0.8257896,0.15796208,0.21014261,0.13317169,0.61564696,0.024790391
1263,0.3288227,0.14570938,0.20080376,0.14441925,0.12801895,0.0012901276
1264,1.1578169,0.3395628,0.44124267,0.36281952,0.7165742,-0.02325672
1265,0.7432513,0.26600203,0.34489265,0.24967635,0.39835867,0.016325682
1266,-0.0010916746,0.12861449,0.045742244,0.023722544,-0.046833917,0.10489194
1267,0.0470387,0.111374184,0.040137243,0.023346886,0.006901458,0.0880273
1268,0.7744213,0.23007353,0.28553006,0.21789478,0.4888912,0.012178749
1269,0.82562226,0.20878494,0.26351303,0.19360715,0.56210923,0.015177786
1270,0.8205432,0.37226915,0.40313384,0.270626,0.4174094,0.101643145
1271,0.6566436,0.19052124,0.2783321,0.19600657,0.3783115,-0.005485326
1272,0.8748762,0.19702043,0.30447602,0.19389656,0.5704002,0.0031238645
1273,0.7591562,0.19377202,0.23935932,0.17927593,0.5197969,0.014496088
1274,0.7907899,0.22138743,0.30310342,0.21867466,0.48768649,0.0027127713
1275,0.7694914,0.14058189,0.22565025,0.15523511,0.5438411,-0.014653221
1276,0.09367592,0.1500202,0.059019875,0.045041367,0.034656044,0.10497883
1277,1.0234226,0.22568475,0.29460987,0.21764913,0.7288127,0.008035615
1278,0.45677552,0.20939535,0.26237348,0.19250514,0.19440204,0.016890213
1279,0.863953,0.274222,0.28636366,0.2061152,0.57758933,0.068106785
1280,1.2249376,0.42294705,0.5463765,0.36245713,0.67856103,0.060489923
1281,0.8258159,0.21160214,0.29337656,0.20586143,0.53243935,0.005740702
1282,0.006812757,-0.061320104,0.013529752,0.0035468163,-0.0067169955,-0.06486692
1283,0.6794079,0.14601906,0.13283414,0.099796765,0.54657376,0.046222292
1284,1.4436406,0.4816973,0.7371027,0.49341312,0.7065379,-0.011715829
1285,0.8619463,0.24184816,0.2718336,0.20092367,0.5901127,0.04092449
1286,0.7834692,0.15262958,0.23925442,0.16420868,0.5442148,-0.011579096
1287,0.90078855,0.09437308,0.16500233,0.120982416,0.7357862,-0.026609339
1288,0.7687725,0.23699422,0.19295746,0.13909113,0.575815,0.09790309
1289,0.20808157,0.025964368,0.07754899,0.050862893,0.13053259,-0.024898525
1290,1.3348461,0.19299288,0.25406444,0.173469,1.0807817,0.019523874
1291,0.8227665,0.17460166,0.29822427,0.19820586,0.5245422,-0.0236042
1292,0.7893871,0.13834248,0.2848755,0.17104524,0.5045116,-0.03270276
1293,0.71635514,0.20285633,0.26135156,0.17325686,0.4550036,0.029599473
1294,0.011678729,0.0591728,0.03964157,0.028401196,-0.027962841,0.030771606
1295,1.2623881,0.20717368,0.34508362,0.22440186,0.9173045,-0.017228186
1296,0.932018,0.25513312,0.3504926,0.22963035,0.5815254,0.025502771
1297,0.9530859,0.20875242,0.33306903,0.23201732,0.6200169,-0.0232649
1298,0.08079228,0.015380188,0.04765907,0.030870661,0.03313321,-0.015490473
1299,0.95793825,0.25362563,0.31157175,0.23629537,0.6463665,0.01733026
1300,0.21972482,0.0766759,0.06898509,0.046762805,0.15073973,0.029913094
1301,0.9530091,0.2514723,0.37492427,0.23823464,0.5780848,0.013237655
1302,0.18496381,0.059698317,0.078994654,0.054891434,0.10596915,0.0048068836
1303,0.028919594,0.2145067,0.05252589,0.03844448,-0.023606295,0.17606223
1304,0.4705663,0.1820421,0.20353499,0.16567451,0.2670313,0.0163676
1305,0.0062227156,-0.024757182,0.030125158,0.016012553,-0.023902442,-0.040769733
1306,0.2036592,0.05006163,0.09524508,0.063309625,0.10841413,-0.013247997
1307,0.9197784,0.2323171,0.32103235,0.23962376,0.59874606,-0.0073066503
1308,0.6556041,0.22398709,0.27145773,0.19026943,0.3841464,0.033717662
1309,1.0973052,0.2642286,0.3441985,0.2256435,0.7531067,0.03858511
1310,0.06934156,0.05682046,0.035730515,0.021672912,0.033611048,0.035147548
1311,0.45173064,0.096102625,0.07335252,0.0581867,0.37837812,0.037915926
1312,0.08185816,0.03966234,0.078370936,0.058904782,0.003487222,-0.019242443
1313,0.804824,0.14810824,0.21427017,0.1522906,0.5905538,-0.0041823536
1314,0.7597793,0.22124267,0.26871163,0.1914741,0.49106765,0.029768571
1315,0.43164897,0.13206038,0.11081555,0.06322901,0.3208334,0.06883137
1316,0.5556542,0.08924709,0.13942093,0.099930525,0.4162333,-0.010683432
1317,0.023519972,0.07683898,0.01979186,0.011644935,0.0037281122,0.06519404
1318,0.9105913,0.2940248,0.30786794,0.24206719,0.60272336,0.051957607
1319,0.11586263,0.08314588,0.09263577,0.063919455,0.023226857,0.019226424
1320,0.14067452,0.15228336,0.120224126,0.09774222,0.02045039,0.054541133
1321,0.2040438,0.11466099,0.07956949,0.05748362,0.12447432,0.057177372
1322,0.2854604,0.10816979,0.13415498,0.09891469,0.15130544,0.009255096
1323,0.65931857,0.10799359,0.15031987,0.10441949,0.5089987,0.0035740957
1324,1.0352343,0.27192083,0.33030918,0.23447311,0.7049252,0.03744772
1325,0.7321563,0.22605482,0.28865385,0.21386991,0.44350243,0.012184903
1326,0.68641675,0.26538432,0.34857318,0.2595695,0.33784357,0.0058148205
1327,0.15975381,0.14370112,0.13293375,0.10106469,0.026820064,0.04263643
1328,0.7433458,0.24860336,0.25713384,0.18867178,0.48621196,0.059931576
1329,0.7712987,0.1184284,0.16273907,0.1252965,0.6085596,-0.0068681017
1330,0.97357386,0.16958603,0.31446743,0.20392266,0.65910643,-0.034336627
1331,1.0337625,0.30897385,0.46325147,0.34205943,0.570511,-0.033085585
1332,0.19933629,0.037302744,0.046346083,0.0304984,0.1529902,0.0068043433
1333,0.060709365,0.029260812,0.020021973,0.017321369,0.04068739,0.011939444
1334,0.012690611,0.006650786,0.015337684,0.009200494,-0.002647073,-0.002549708
1335,0.50949395,0.1719772,0.2624554,0.14914098,0.24703854,0.022836223
1336,1.0157297,0.30378613,0.38358605,0.27466458,0.6321436,0.029121548
1337,0.9317897,0.23167126,0.30879274,0.22238371,0.6229969,0.009287551
1338,0.20477667,0.016170746,0.083171695,0.04986557,0.12160498,-0.033694826
1339,0.89482284,0.1308406,0.20590287,0.12821925,0.68891996,0.0026213527
1340,1.0136815,0.29980597,0.41241983,0.29550233,0.60126173,0.004303634
1341,0.98000664,0.20999077,0.29249018,0.18737492,0.68751645,0.02261585
1342,0.90990597,0.13983235,0.1609901,0.11731142,0.74891585,0.02252093
1343,0.1326528,0.032542706,0.03591453,0.025817435,0.09673828,0.0067252703
1344,0.09138944,0.04703371,0.061056532,0.045193996,0.030332908,0.0018397123
1345,0.36099067,0.10335741,0.14944676,0.10365577,0.21154392,-0.0002983585
1346,0.09029515,-0.04478256,0.015769618,0.006194444,0.074525535,-0.050977003
1347,0.88094586,0.14491239,0.18345058,0.13351968,0.6974953,0.011392713
1348,0.8533649,0.20895919,0.3132066,0.22636582,0.5401583,-0.017406628
1349,0.66186523,0.16251229,0.23232453,0.1641608,0.4295407,-0.0016485155
1350,1.033944,0.13975185,0.1672597,0.12273266,0.8666843,0.01701919
1351,0.9256925,0.42145532,0.479326,0.36341405,0.4463665,0.058041275
1352,0.8203122,0.31023064,0.36935806,0.27276,0.45095414,0.03747064
1353,0.19107984,0.010201284,0.077220775,0.052055243,0.113859065,-0.04185396
1354,0.7692077,0.17913331,0.38659814,0.23578167,0.38260958,-0.05664836
1355,1.1168015,0.45015213,0.6336719,0.4412112,0.48312962,0.008940935
1356,0.14122474,0.04378177,0.05390009,0.03888951,0.08732465,0.00489226
1357,0.4609433,0.18461742,0.20891231,0.13950142,0.252031,0.045115992
1358,0.96868426,0.20700626,0.25028232,0.18664736,0.7184019,0.020358905
1359,0.14381434,0.051907033,0.06741465,0.047938854,0.07639969,0.003968179
1360,0.6031445,0.22785285,0.30264074,0.22030756,0.3005038,0.0075452924
1361,0.92829716,0.3175606,0.32631752,0.24020572,0.6019796,0.07735489
1362,0.7957886,0.16518672,0.21039572,0.15034969,0.58539283,0.014837027
1363,0.95453095,0.27935535,0.3869262,0.2743115,0.5676048,0.0050438344
1364,0.9248149,0.2919199,0.3936557,0.30979797,0.53115916,-0.017878085
1365,1.0470977,0.3482206,0.45861152,0.30588686,0.5884862,0.042333722
1366,0.32467172,0.14909638,0.17212969,0.124351,0.15254202,0.024745382
1367,0.6269557,0.16291384,0.20148997,0.1479399,0.4254657,0.014973938
1368,0.9013923,0.11951181,0.2260261,0.13767448,0.67536616,-0.018162668
1369,0.8707757,0.23017311,0.3458496,0.26041293,0.52492607,-0.03023982
1370,1.0071484,0.11070173,0.21451843,0.1514604,0.79262996,-0.040758662
1371,0.9820029,0.28504923,0.3407899,0.2538597,0.641213,0.031189531
1372,0.115787305,0.009592672,0.064795695,0.047334734,0.05099161,-0.037742063
1373,0.05882503,0.006802292,0.016250456,0.00947502,0.042574577,-0.0026727277
1374,0.032965742,0.029579138,0.037394837,0.02472864,-0.0044290945,0.0048504975
1375,0.059403054,-0.008495216,0.062447015,0.035322897,-0.0030439608,-0.043818112
1376,0.078159034,0.030085396,0.03392327,0.0256137,0.044235766,0.004471697
1377,1.0298843,0.33184826,0.43614274,0.31309712,0.5937416,0.018751144
1378,0.2244762,0.07791953,0.08121888,0.06554023,0.14325732,0.012379296
1379,0.6430121,0.23794824,0.3376864,0.23267336,0.30532572,0.005274877
1380,0.96216536,0.20405994,0.29709557,0.21646443,0.6650698,-0.012404487
1381,0.1608224,0.038634457,0.04827794,0.03831134,0.11254446,0.00032311678
1382,0.04975018,0.136736,0.056153398,0.03692538,-0.006403219,0.09981063
1383,0.1137217,-0.0060533825,0.072964884,0.039797112,0.040756814,-0.045850493
1384,1.1927465,0.15159985,0.22676755,0.15537477,0.965979,-0.0037749112
1385,0.16537282,0.22503488,0.08340942,0.05122931,0.0819634,0.17380556
1386,1.1230644,0.16869506,0.32851422,0.23411477,0.7945502,-0.0654197
1387,0.23391439,0.089709364,0.11767315,0.08447253,0.11624124,0.0052368343
1388,0.4394679,0.10731851,0.121694796,0.08569346,0.3177731,0.02162505
1389,1.2118256,0.29292357,0.4194811,0.2741968,0.7923445,0.018726766
1390,0.06609617,0.06092541,0.044696525,0.038093355,0.021399647,0.022832055
1391,1.0537406,0.35998484,0.44037604,0.3067398,0.6133646,0.053245038
1392,0.5858158,0.18757467,0.21266045,0.122521594,0.37315536,0.065053076
1393,0.9264088,0.12539381,0.20177473,0.13381606,0.7246341,-0.0084222555
1394,0.6636237,0.22760108,0.34399167,0.25003305,0.31963202,-0.02243197
1395,0.46584705,0.0731508,0.17997415,0.116253026,0.28587288,-0.043102227
1396,1.0109622,0.33917782,0.48097938,0.32349032,0.52998286,0.015687495
1397,0.10301939,0.16285451,0.052451663,0.037603945,0.050567724,0.12525056
1398,0.75578123,0.30104434,0.36739182,0.28449294,0.3883894,0.016551405
1399,0.74256116,0.19322677,0.2246477,0.16451046,0.51791346,0.02871631
1400,1.1203845,0.29898247,0.41961357,0.2939973,0.70077085,0.0049851835
1401,1.0359393,0.46176547,0.60538185,0.42114446,0.4305575,0.040621012
1402,1.1823965,0.26104885,0.4109692,0.24827644,0.77142733,0.012772411
1403,0.17752323,0.03623082,0.057377372,0.037572365,0.12014586,-0.0013415441
1404,0.7019072,0.15390612,0.2602572,0.16562575,0.44165,-0.011719629
1405,0.722934,0.2524421,0.23474258,0.15597671,0.48819143,0.09646538
1406,0.15525302,0.07538728,0.055504464,0.038975652,0.09974856,0.036411624
1407,0.061581433,0.13126017,0.041729856,0.033669427,0.019851577,0.097590744
1408,0.9518422,0.18554547,0.26339853,0.18694033,0.68844366,-0.001394853
1409,0.8134489,0.18725964,0.21839687,0.15558681,0.595052,0.031672835
1410,0.7700214,0.19201295,0.33725628,0.2229417,0.4327651,-0.030928746
1411,0.6357265,0.17086276,0.22472014,0.15062557,0.4110064,0.020237193
1412,0.012940473,0.031914476,0.021340832,0.015698843,-0.008400359,0.016215634
1413,0.58438677,0.13042207,0.18903534,0.1410852,0.3953514,-0.010663122
1414,0.8049287,0.14824805,0.23819159,0.14238346,0.5667371,0.0058645904
1415,0.82836723,0.27854788,0.36442292,0.26212537,0.46394432,0.01642251
1416,1.2894202,0.14434691,0.18067665,0.13620587,1.1087435,0.008141041
1417,0.40801743,0.07228347,0.07314761,0.05382436,0.3348698,0.018459108
1418,0.17923722,0.036940943,0.054482106,0.03776895,0.124755114,-0.0008280054
1419,0.6761939,0.17010812,0.20487621,0.14628056,0.47131768,0.023827568
1420,1.091946,0.39840886,0.41702843,0.29599467,0.6749176,0.10241419
1421,0.69301,0.22077355,0.31025586,0.21101102,0.38275412,0.009762526
1422,0.7519355,0.1688258,0.22963926,0.17129436,0.5222962,-0.0024685562
1423,0.25991756,0.13132708,0.062857725,0.044507828,0.19705984,0.08681925
1424,0.36126348,0.11547161,0.13342634,0.10236463,0.22783715,0.013106979
1425,1.1148349,0.29111284,0.34896764,0.24233478,0.76586723,0.048778057
1426,0.29622784,0.15933642,0.12413444,0.08670416,0.17209339,0.07263226
1427,0.11246773,0.09614665,0.08540987,0.063600704,0.027057856,0.032545947
1428,0.15453446,0.049237788,0.04859143,0.037795372,0.105943024,0.011442415
1429,0.51659966,0.14831561,0.16139431,0.10705494,0.35520536,0.041260667
1430,0.7084733,0.33623025,0.3751657,0.3087873,0.33330762,0.027442962
1431,0.5060334,0.2575823,0.25330195,0.16918188,0.25273147,0.08840042
1432,0.91587424,0.13023259,0.23564965,0.14762942,0.6802246,-0.017396837
1433,0.8599319,0.25511104,0.34816265,0.25015616,0.51176924,0.0049548745
1434,1.1152037,0.25298813,0.321375,0.2231378,0.7938287,0.029850334
1435,0.40923935,0.11237505,0.16509669,0.10431783,0.24414267,0.008057222
1436,0.7318798,0.21891096,0.24310657,0.16491134,0.4887732,0.053999618
1437,0.044307474,0.13053463,0.03448284,0.023924835,0.009824634,0.1066098
1438,1.0448254,0.23390454,0.36821663,0.23510428,0.6766088,-0.0011997372
1439,0.24884583,0.20435394,0.113202974,0.07856929,0.13564286,0.12578465
1440,0.5930591,0.21779008,0.25456378,0.19199643,0.33849534,0.025793657
1441,0.16782074,0.08692039,0.094973475,0.061608978,0.07284726,0.02531141
1442,0.9356665,0.1985331,0.25523728,0.19633837,0.6804292,0.0021947324
1443,0.85491997,0.3794588,0.43669978,0.32423264,0.4182202,0.055226177
1444,0.28054446,0.11082472,0.118717164,0.08283494,0.1618273,0.027989782
1445,0.7797336,0.18711586,0.2506356,0.18655519,0.52909803,0.0005606711
1446,1.1929588,0.30256727,0.452258,0.29164165,0.74070084,0.010925621
1447,0.82610357,0.17656776,0.32329133,0.1988928,0.50281227,-0.022325039
1448,1.0270675,0.24389906,0.2936817,0.21749951,0.7333858,0.026399553
1449,1.0468662,0.21329953,0.33687058,0.23086767,0.7099956,-0.017568141
1450,0.71236396,0.21799085,0.2805876,0.20475714,0.43177634,0.013233706
1451,0.18209612,0.04892054,0.05589061,0.040529046,0.12620552,0.008391492
1452,0.401688,0.20047149,0.25360513,0.18693392,0.14808288,0.013537571
1453,0.014767014,-0.061109774,0.043881044,0.024356823,-0.02911403,-0.08546659
1454,0.88705283,0.19071107,0.2768784,0.19409575,0.6101744,-0.0033846796
1455,0.07236272,0.028032983,0.039573845,0.0316257,0.032788876,-0.0035927165
1456,0.4710826,0.122158095,0.121441774,0.08861018,0.34964082,0.033547916
1457,0.12906733,-6.617096e-05,0.07135146,0.04659726,0.05771587,-0.046663433
1458,0.5003341,0.23670976,0.20892069,0.1614901,0.2914134,0.07521966
1459,1.149731,0.45290226,0.5417747,0.4132408,0.60795635,0.039661467
1460,0.79920834,0.13992459,0.22816502,0.16492668,0.5710433,-0.025002092
1461,1.0374516,0.16594383,0.18445326,0.1333182,0.8529984,0.03262563
1462,0.56855655,0.18399198,0.25917152,0.19069494,0.30938503,-0.0067029595
1463,0.8815711,0.03665773,0.08835836,0.06667153,0.7932128,-0.0300138
1464,0.8328382,0.19400541,0.22662818,0.15729786,0.60621,0.03670755
1465,0.8420509,0.1973875,0.25064778,0.18322529,0.5914031,0.014162213
1466,0.172184,0.06752761,0.067716114,0.04746796,0.10446789,0.020059649
1467,0.734927,0.2595484,0.33341175,0.25426963,0.40151525,0.005278766
1468,0.07961489,0.028933411,0.036594704,0.026144689,0.04302019,0.0027887225
1469,0.18358971,0.085359916,0.09121225,0.0720155,0.09237746,0.0133444145
1470,0.33475268,0.07374948,0.077756405,0.060350552,0.25699627,0.01339893
1471,1.050875,0.29963312,0.41519234,0.30423638,0.6356826,-0.0046032667
1472,0.1475975,0.076315686,0.07124356,0.043398876,0.076353945,0.03291681
1473,1.3057349,0.19491254,0.32080525,0.22378163,0.9849296,-0.028869092
1474,0.12104834,0.048343353,0.028606245,0.021419901,0.092442095,0.026923452
1475,0.5787902,0.20114946,0.25247425,0.17814688,0.32631594,0.02300258
1476,0.026524916,0.017194748,0.02168088,0.018199693,0.004844036,-0.0010049455
1477,1.0692068,0.33479923,0.4031229,0.3038931,0.66608393,0.03090614
1478,0.1614995,0.026020346,0.033303622,0.02628805,0.12819588,-0.0002677031
1479,1.1093981,0.2791892,0.4183385,0.30624944,0.6910596,-0.02706024
1480,0.7567051,0.16966033,0.19384882,0.13624611,0.5628563,0.033414215
1481,0.7532438,0.17101595,0.24450314,0.16685778,0.50874066,0.004158169
1482,0.00515174,-0.0031601381,0.019450566,0.010570126,-0.014298826,-0.013730263
1483,0.39443004,0.082029566,0.10400577,0.06887699,0.2904243,0.013152577
1484,1.1909379,0.24911998,0.35266277,0.2384862,0.8382751,0.010633782
1485,1.0842074,0.27232122,0.34005803,0.25436834,0.7441494,0.01795289
1486,0.7928211,0.29712582,0.41093633,0.29504913,0.38188478,0.0020766854
1487,0.8026828,0.19553933,0.2655864,0.19109727,0.5370964,0.004442051
1488,1.0005809,0.1564093,0.24172075,0.16798921,0.7588602,-0.011579916
1489,0.10835253,0.042912554,0.041494153,0.033176567,0.06685837,0.009735987
1490,0.9155497,0.12853795,0.1934849,0.14027658,0.7220648,-0.011738628
1491,0.122913614,0.0687625,0.060616616,0.040786676,0.062296998,0.027975827
1492,1.3755021,0.21435776,0.37207872,0.23666851,1.0034235,-0.022310749
1493,0.08949932,0.11408941,0.066112615,0.036723934,0.023386702,0.07736547
1494,0.870668,0.23906451,0.31661263,0.24996772,0.55405533,-0.010903209
1495,0.31471217,0.035333578,0.098259956,0.070697434,0.21645221,-0.035363857
1496,0.36233065,0.07589081,0.10588925,0.07632156,0.25644138,-0.00043074787
1497,-0.01641581,0.13099848,0.011725965,0.005259822,-0.028141774,0.12573865
1498,0.037184503,-0.0051958635,0.025016313,0.01650779,0.0121681895,-0.021703653
1499,0.7161187,0.1626014,0.2512548,0.1893528,0.4648639,-0.026751399
1500,0.42350534,0.11537249,0.14050846,0.096697204,0.2829969,0.018675283
1501,0.6041016,0.17590258,0.18658262,0.13576941,0.41751897,0.040133163
1502,1.0248184,0.15957427,0.23926878,0.16377045,0.78554964,-0.004196182
1503,0.27899194,0.04539891,0.06899796,0.048784256,0.20999399,-0.0033853464
1504,0.29164806,0.056021284,0.113814145,0.067581266,0.17783391,-0.011559982
1505,0.2289018,0.049173914,0.04930593,0.033757664,0.17959587,0.01541625
1506,0.8225261,0.19537422,0.311578,0.20706812,0.51094806,-0.011693895
1507,0.67966646,0.1201447,0.2009282,0.13936463,0.47873825,-0.019219927
1508,0.115434974,0.008338085,0.07959752,0.04893419,0.035837457,-0.040596105
1509,-0.0018173932,-0.008970163,0.013850174,0.010777892,-0.015667567,-0.019748054
1510,0.3959346,0.18967447,0.23583941,0.1618067,0.1600952,0.027867764
1511,0.1958057,0.045931555,0.047394514,0.030732995,0.14841118,0.01519856
1512,0.08594487,0.03707585,0.030885475,0.021846175,0.055059396,0.015229676
1513,0.24233179,0.07784183,0.093700536,0.07098654,0.14863124,0.006855294
1514,0.99849266,0.1402416,0.20472102,0.15555309,0.7937716,-0.0153114945
1515,0.7050571,0.20867287,0.33657098,0.23139983,0.3684861,-0.022726968
1516,1.2330738,0.27662286,0.32064667,0.22553301,0.9124272,0.051089853
1517,0.7210771,0.2280345,0.21641321,0.16333014,0.5046639,0.06470436
1518,0.38811603,0.12435595,0.12571342,0.09501563,0.2624026,0.02934032
1519,0.97040725,0.20579338,0.31346828,0.2235311,0.65693897,-0.017737716
1520,1.0529498,0.13848096,0.24459326,0.16605516,0.8083565,-0.027574196
1521,0.23621903,0.12590604,0.07316392,0.05368865,0.16305512,0.07221739
1522,0.09499051,0.123204574,0.046143707,0.029435731,0.0488468,0.09376884
1523,0.079198115,-0.00045409947,0.08179536,0.04814272,-0.0025972426,-0.048596818
1524,0.122728266,0.06779617,0.08070865,0.065754846,0.042019613,0.002041325
1525,0.12885013,-0.007929801,0.04094687,0.029738782,0.08790326,-0.037668582
1526,0.54317963,0.16585171,0.22741613,0.17376299,0.3157635,-0.00791128
1527,1.2373847,0.30044544,0.44632787,0.30576214,0.7910568,-0.0053167045
1528,0.75823164,0.25775936,0.25630835,0.19802906,0.5019233,0.059730306
1529,0.0971903,0.01654457,0.026726604,0.014256046,0.070463695,0.0022885231
1530,0.17654584,0.08730477,0.10876414,0.063500635,0.0677817,0.023804136
1531,0.08899847,0.047802642,0.05204942,0.040500592,0.036949046,0.0073020495
1532,0.39594042,0.21949272,0.2291843,0.17552751,0.16675612,0.043965206
1533,0.78486186,0.27042767,0.3604385,0.25903365,0.42442337,0.011394024
1534,0.39048055,0.06111383,0.08435666,0.05507178,0.30612388,0.006042052
1535,0.7281765,0.2574174,0.38077945,0.2649659,0.34739703,-0.007548481
1536,1.2887077,0.26086867,0.3745116,0.25225458,0.91419613,0.008614093
1537,0.79512584,0.14954259,0.18313973,0.12850843,0.6119861,0.021034151
1538,1.0288002,0.3325254,0.45327118,0.3257423,0.5755291,0.006783098
1539,0.6539422,0.21814947,0.3428395,0.22318345,0.31110272,-0.005033985
1540,0.7420816,0.34165663,0.41873035,0.30215028,0.32335123,0.039506346
1541,1.0421845,0.25130746,0.39239433,0.27586615,0.64979017,-0.024558693
1542,0.65334874,0.18248834,0.17418467,0.12810713,0.47916406,0.054381207
1543,0.64136356,0.13974543,0.22696759,0.16358744,0.414396,-0.023842007
1544,1.0077853,0.17377493,0.26733637,0.185444,0.74044895,-0.0116690695
1545,0.11740511,-0.027185343,0.04338437,0.022677658,0.07402074,-0.049863003
1546,0.7713695,0.13387457,0.23250833,0.16372557,0.53886116,-0.029851004
1547,0.6932152,0.1806054,0.23547949,0.15866499,0.45773572,0.02194041
1548,1.0303789,0.26527393,0.43972147,0.27336305,0.5906575,-0.008089125
1549,0.8154411,0.123364106,0.19648328,0.13306868,0.61895776,-0.009704575
1550,0.25439617,0.08039255,0.13389486,0.0910881,0.12050131,-0.010695554
1551,1.2803955,0.3606161,0.4604179,0.29556876,0.81997764,0.06504732
1552,0.044798624,0.13646896,0.034354217,0.023050226,0.010444406,0.113418736
1553,0.42843965,0.080118015,0.11775286,0.081925675,0.3106868,-0.0018076599
1554,0.19924055,0.1330951,0.10512236,0.08969907,0.09411819,0.043396033
1555,0.21013339,0.050077144,0.048758782,0.030611675,0.1613746,0.019465469
1556,0.32994014,0.14078493,0.20228964,0.12904821,0.1276505,0.011736721
1557,0.038966235,-0.02996262,0.03230872,0.018229581,0.0066575147,-0.048192203
1558,0.66767263,0.17696504,0.2831896,0.19092943,0.38448304,-0.013964385
1559,0.10692086,0.058884423,0.06411855,0.051464878,0.04280231,0.007419545
1560,-0.017928343,-0.03392501,0.0114138415,0.0051572095,-0.029342186,-0.03908222
1561,1.0544921,0.32609028,0.38025653,0.29759452,0.6742356,0.028495759
1562,1.0546277,0.3097752,0.44271296,0.28483194,0.6119147,0.024943262
1563,0.62394357,0.111700624,0.13894935,0.09205614,0.48499423,0.019644484
1564,-0.026528306,0.11138891,0.0093386825,0.0030862363,-0.03586699,0.10830267
1565,0.17520756,0.022985784,0.09795672,0.06622258,0.07725084,-0.043236792
1566,0.2406096,0.19509375,0.10207577,0.07219021,0.13853383,0.12290354
1567,0.0023856445,0.06384697,0.022194078,0.019066019,-0.019808434,0.044780947
1568,0.8291655,0.45738792,0.4951087,0.3873901,0.33405682,0.06999782
1569,0.8353403,0.16492148,0.23888402,0.17159283,0.5964563,-0.006671354
1570,0.5078851,0.05201637,0.12022158,0.07841007,0.3876635,-0.026393697
1571,0.007533748,0.10046559,0.016087448,0.0051522898,-0.0085537005,0.095313296
1572,0.13821033,0.051651407,0.04394813,0.029280305,0.0942622,0.022371102
1573,0.59841055,0.13971436,0.13515267,0.10024486,0.46325788,0.039469503
1574,1.0180357,0.27749848,0.3509606,0.2417612,0.66707504,0.03573729
1575,0.058912765,-0.010914512,0.044966925,0.028095104,0.01394584,-0.039009616
1576,0.1582625,0.041532088,0.048613567,0.034961887,0.10964894,0.0065702014
1577,0.42554894,0.04618023,0.10616824,0.0669653,0.3193807,-0.020785067
1578,0.3132492,0.12621604,0.12533942,0.10042735,0.18790978,0.025788687
1579,0.12048946,0.058627296,0.033905286,0.027694628,0.08658418,0.030932669
1580,0.87571627,0.13760744,0.18154007,0.12597382,0.6941762,0.01163362
1581,1.0037998,0.14258423,0.2072522,0.14944318,0.7965476,-0.006858945
1582,0.73509514,0.14553611,0.21273606,0.15105481,0.5223591,-0.0055187047
1583,0.1920335,0.04915187,0.059462786,0.040580977,0.13257071,0.008570895
1584,0.5577315,0.10857208,0.13667509,0.09488876,0.42105642,0.013683319
1585,0.74480796,0.09594469,0.16499479,0.123464316,0.5798132,-0.027519628
1586,0.47855067,0.13181943,0.16734587,0.112032175,0.3112048,0.019787252
1587,0.35549232,0.1260069,0.14955267,0.10531467,0.20593965,0.02069223
1588,0.5672038,0.16706254,0.23246731,0.16408813,0.33473653,0.002974406
1589,0.050258085,0.036723703,0.022247534,0.011435384,0.02801055,0.02528832
1590,0.7788238,0.17463495,0.29117844,0.19765984,0.48764536,-0.023024887
1591,1.2024943,0.20432426,0.3090082,0.19792938,0.893486,0.006394878
1592,0.7615961,0.23456307,0.28999186,0.21617499,0.47160423,0.018388078
1593,0.67848307,0.13135597,0.13982165,0.104002416,0.5386614,0.027353555
1594,0.83098537,0.34109434,0.48188245,0.30362102,0.3491029,0.03747332
1595,0.25385192,0.15834671,0.09900533,0.071271226,0.1548466,0.08707549
1596,0.06903791,0.0030302252,0.022108743,0.012275773,0.046929166,-0.009245548
1597,1.0898383,0.3326268,0.39317432,0.28996605,0.696664,0.042660743
1598,0.99782777,0.25197822,0.36094302,0.22608492,0.63688475,0.0258933
1599,0.73246634,0.29843837,0.3596204,0.25957948,0.37284595,0.03885889
1600,-0.00011576337,-0.006895263,0.0042718262,0.0040722755,-0.0043875896,-0.010967539
1601,0.7866895,0.23772733,0.2839,0.21105528,0.5027895,0.02667205
1602,0.111874476,0.044828046,0.06283657,0.039589178,0.049037904,0.0052388683
1603,0.30886883,0.042714383,0.056546092,0.03489018,0.25232273,0.007824205
1604,0.6445108,0.122675024,0.15048595,0.10994019,0.49402487,0.01273483
1605,0.022554742,0.15087418,0.039962392,0.032366928,-0.01740765,0.11850725
1606,0.7069234,0.2146732,0.2655392,0.18957937,0.44138423,0.025093839
1607,0.71579283,0.16199577,0.240275,0.15394877,0.47551784,0.008047
1608,0.8727187,0.18792443,0.24936579,0.17388006,0.6233529,0.014044374
1609,0.80040485,0.2180049,0.29456198,0.19372748,0.50584286,0.024277419
1610,0.4742643,0.2133028,0.24648811,0.16406307,0.22777618,0.04923974
1611,0.68121636,0.18356842,0.23277876,0.16030037,0.4484376,0.023268044
1612,0.31503502,0.050264057,0.1283192,0.08858365,0.18671581,-0.03831959
1613,0.7651569,0.09361848,0.14611645,0.106197864,0.6190405,-0.0125793815
1614,0.9238712,0.37191465,0.49620456,0.3499045,0.42766666,0.022010148
1615,0.7870977,0.19913253,0.308043,0.20448998,0.4790547,-0.0053574443
1616,1.2440351,0.21593024,0.2631292,0.19939613,0.9809059,0.016534105
1617,0.23247255,0.11936949,0.13095735,0.09106586,0.1015152,0.02830363
1618,0.9746707,0.14688683,0.2407877,0.16694061,0.733883,-0.020053789
1619,0.79050905,0.17695753,0.21790321,0.15165474,0.57260585,0.025302798
1620,0.056839816,0.05850957,0.04224847,0.032829136,0.014591347,0.025680434
1621,1.0700167,0.2421793,0.37567994,0.26288807,0.6943368,-0.02070877
1622,0.7554159,0.18627422,0.23637307,0.16216913,0.51904285,0.024105087
1623,1.0094805,0.32908526,0.46803778,0.29872778,0.5414427,0.03035748
1624,1.4527267,0.1556017,0.30103856,0.19762859,1.1516881,-0.042026892
1625,0.91201997,0.22654663,0.34403503,0.2468162,0.56798494,-0.020269573
1626,1.0410963,0.1802465,0.25762746,0.18730631,0.78346884,-0.0070598125
1627,1.0008324,0.29335064,0.40803578,0.30089596,0.5927967,-0.007545322
1628,0.969298,0.25940448,0.37904987,0.2615721,0.5902481,-0.0021676123
1629,0.7715696,0.26961973,0.4546062,0.2946049,0.3169634,-0.024985164
1630,1.1036646,0.25403485,0.35069013,0.23989226,0.7529745,0.014142588
1631,0.5867723,0.11796391,0.14645456,0.10600963,0.44031775,0.011954278
1632,0.8903139,0.3271223,0.4417876,0.3122023,0.44852632,0.014919996
1633,0.12787606,0.04627906,0.07679348,0.056173425,0.05108258,-0.009894364
1634,0.052043356,0.06792323,0.06842576,0.04930684,-0.016382404,0.018616393
1635,1.0835114,0.32103333,0.40332982,0.31161135,0.6801815,0.009421974
1636,0.7963268,0.22041383,0.25481477,0.16812289,0.541512,0.052290946
1637,0.03187893,0.040965576,0.026324227,0.021490201,0.005554702,0.019475374
1638,1.041632,0.27240458,0.38597283,0.2658182,0.6556592,0.006586373
1639,0.775417,0.14457889,0.193066,0.13891381,0.58235097,0.0056650788
1640,0.06904175,0.083783485,0.055909,0.044451907,0.013132751,0.039331578
1641,-0.018457772,-0.024780553,0.01790569,0.01300737,-0.03636346,-0.03778792
1642,0.3601069,0.027010454,0.07242222,0.048943926,0.28768468,-0.021933472
1643,1.1665525,0.30323315,0.41569033,0.31788,0.75086224,-0.014646858
1644,1.1400839,0.24457401,0.27513963,0.20770201,0.8649443,0.036872
1645,0.8616729,0.18049711,0.24217768,0.17700529,0.6194952,0.003491819
1646,0.9494611,0.19314963,0.28947207,0.2014135,0.659989,-0.008263871
1647,0.7863616,0.25130248,0.28949752,0.17341696,0.49686405,0.07788552
1648,0.19221383,0.07616206,0.08668659,0.06301781,0.105527245,0.013144255
1649,0.23451932,0.11076472,0.122795716,0.071417734,0.1117236,0.039346986
1650,0.238903,0.1352403,0.10841942,0.0846539,0.13048358,0.050586402
1651,1.0253624,0.39536035,0.37574577,0.2717111,0.6496166,0.12364924
1652,1.1044166,0.35679758,0.417159,0.3061275,0.68725765,0.050670087
1653,1.0349797,0.26240206,0.35857746,0.24197966,0.6764022,0.020422399
1654,0.811304,0.27863774,0.37365898,0.2500151,0.437645,0.028622627
1655,0.22759427,0.06836892,0.03999682,0.03159771,0.18759745,0.036771208
1656,0.017138112,-0.07094812,0.022873728,0.013985969,-0.0057356153,-0.084934086
1657,0.20179376,0.123379186,0.10748543,0.079647124,0.09430833,0.043732062
1658,1.0828545,0.18132955,0.26447833,0.20091575,0.8183762,-0.019586205
1659,0.06164001,0.02658966,0.02602274,0.013038925,0.03561727,0.013550735
1660,0.75932825,0.15417157,0.21168709,0.16063759,0.54764116,-0.006466016
1661,0.18402974,0.10657996,0.13780217,0.09891796,0.046227574,0.0076619983
1662,1.0160012,0.2140768,0.31111312,0.22158563,0.7048881,-0.0075088292
1663,0.3871382,0.10693892,0.13087152,0.096814625,0.25626665,0.010124296
1664,0.16992489,0.05302634,0.05871364,0.042212807,0.11121124,0.010813534
1665,0.9509314,0.14412804,0.20891026,0.14789398,0.7420211,-0.0037659407
1666,0.19992042,0.12577136,0.14016804,0.10934592,0.059752375,0.016425438
1667,0.5808975,0.11405812,0.17421402,0.11687282,0.4066835,-0.0028146952
1668,1.2213048,0.4083082,0.60334706,0.42823175,0.6179577,-0.019923538
1669,0.08115478,0.040846247,0.056314066,0.035750158,0.024840713,0.005096089
1670,0.10529974,-0.008662166,0.044497132,0.029391075,0.06080261,-0.03805324
1671,1.221432,0.20429282,0.3152167,0.23077562,0.9062153,-0.026482806
1672,0.112594076,0.15801886,0.05203487,0.039177753,0.060559206,0.118841104
1673,0.7343165,0.18592913,0.24405521,0.18889555,0.49026132,-0.0029664189
1674,0.8211852,0.21030402,0.28643316,0.20089972,0.534752,0.009404302
1675,1.2345816,0.32639366,0.46382895,0.30269995,0.77075267,0.02369371
1676,0.8755143,0.24205798,0.36585754,0.23253657,0.5096568,0.00952141
1677,0.46616048,0.24031173,0.16375166,0.09251653,0.3024088,0.1477952
1678,0.42183325,0.14961103,0.16898586,0.1314525,0.25284737,0.018158525
1679,0.17513674,-0.028230604,0.05884724,0.03314485,0.116289504,-0.061375454
1680,0.3129279,0.049559884,0.094719134,0.070234634,0.21820876,-0.02067475
1681,1.1219183,0.19258432,0.29771307,0.2062406,0.8242053,-0.0136562735
1682,0.50258464,0.092314936,0.18395485,0.11092414,0.3186298,-0.018609203
1683,0.90290254,0.38811976,0.4837415,0.37890965,0.41916105,0.00921011
1684,0.8226449,0.2563359,0.3525643,0.25361332,0.47008058,0.0027225912
1685,0.67673856,0.23263566,0.30759516,0.21858902,0.3691434,0.014046639
1686,0.5101509,0.20114751,0.21085519,0.14566803,0.29929572,0.05547948
1687,0.7477185,0.10333891,0.18750107,0.10935624,0.56021744,-0.0060173273
1688,0.053014338,0.024950812,0.061414905,0.03365146,-0.008400567,-0.008700648
1689,0.19698274,0.056386884,0.051643535,0.037200756,0.1453392,0.019186128
1690,0.6722489,0.17264828,0.25166473,0.1718511,0.42058417,0.0007971823
1691,0.6209624,0.20518395,0.2619665,0.19930002,0.35899588,0.005883932
1692,0.6929696,0.17665312,0.20741723,0.15254319,0.48555237,0.02410993
1693,0.4273901,0.14245555,0.1848176,0.12246378,0.2425725,0.01999177
1694,0.9236192,0.20547275,0.3062519,0.21620218,0.61736727,-0.010729432
1695,0.87687683,0.17648639,0.26342192,0.19170934,0.61345494,-0.015222952
1696,0.68289375,0.18876617,0.24186783,0.17431064,0.4410259,0.014455527
1697,0.76506245,0.19455473,0.2666249,0.20248325,0.49843755,-0.00792852
1698,0.48142695,0.11017343,0.1462989,0.101018235,0.33512807,0.0091551915
1699,0.44774532,0.1258346,0.14170727,0.10215508,0.30603805,0.023679517
1700,0.6600712,0.3070069,0.3190502,0.21408142,0.341021,0.092925474
1701,0.19662845,0.14887398,0.10164812,0.07159004,0.09498033,0.07728394
1702,0.7773652,0.18939804,0.24807495,0.17858268,0.52929026,0.010815352
1703,1.0855602,0.117466964,0.21915808,0.14773767,0.86640215,-0.030270703
1704,0.01562855,0.017750489,0.052979294,0.040221773,-0.037350744,-0.022471284
1705,0.014342951,0.033811558,0.023530858,0.015265274,-0.009187907,0.018546283
1706,1.1342095,0.26267183,0.41134122,0.2762038,0.7228683,-0.013531983
1707,0.7353192,0.18366039,0.2405892,0.17445157,0.49473,0.009208813
1708,0.9348521,0.26620138,0.38377833,0.28870338,0.5510738,-0.022502005
1709,0.34373787,0.098630264,0.11512035,0.07938217,0.22861752,0.01924809
1710,0.13952506,0.020584472,0.08189476,0.05199236,0.057630293,-0.03140789
1711,0.15863445,0.0672401,0.06507776,0.049240883,0.093556695,0.017999213
1712,0.989123,0.26385784,0.26643208,0.19246934,0.72269094,0.0713885
1713,0.059883963,0.033197362,0.050256252,0.030265085,0.009627711,0.0029322766
1714,0.28463328,0.17949362,0.16792788,0.1059771,0.1167054,0.07351652
1715,0.08140417,0.04349347,0.032010563,0.02124276,0.04939361,0.022250708
1716,0.6380632,0.16792499,0.2339598,0.16844054,0.4041034,-0.0005155504
1717,0.4065953,0.09922452,0.15108803,0.10555052,0.25550726,-0.0063259974
1718,0.0124906665,0.04958147,0.059155103,0.045602698,-0.046664435,0.003978774
1719,0.87631655,0.3220678,0.41312772,0.30630323,0.46318883,0.015764564
1720,0.12756662,0.13739866,0.04681347,0.03055485,0.08075315,0.106843814
1721,0.26546365,0.074975066,0.121667355,0.08508477,0.1437963,-0.010109708
1722,0.0437304,0.024868844,0.029832536,0.022050736,0.013897864,0.0028181076
1723,0.7947278,0.33284032,0.45995593,0.35592723,0.33477187,-0.023086905
1724,0.7836332,0.14982879,0.19398272,0.14603643,0.58965045,0.0037923604
1725,0.8007745,0.23675829,0.33332074,0.22436143,0.46745378,0.012396857
1726,0.41341627,0.114531144,0.10706156,0.075377986,0.3063547,0.03915316
1727,0.02782977,0.10909585,0.040006533,0.025287127,-0.012176763,0.08380872
1728,0.86797255,0.26311153,0.29596367,0.20997034,0.57200885,0.05314119
1729,0.5364907,0.15056014,0.107941896,0.07500121,0.42854878,0.07555893
1730,1.3263178,0.3298451,0.39086887,0.27594683,0.9354489,0.053898275
1731,0.11825709,-0.004730272,0.07134195,0.04307078,0.046915144,-0.04780105
1732,0.109774314,0.033598308,0.048264507,0.033108026,0.061509807,0.00049028173
1733,1.1747023,0.097980045,0.15979467,0.11190475,1.0149076,-0.013924703
1734,0.9505806,0.3580988,0.5570728,0.3770615,0.39350778,-0.018962681
1735,0.06730313,0.010192896,0.052424718,0.029462822,0.014878411,-0.019269925
1736,0.96809036,0.23758721,0.27644563,0.20035233,0.6916447,0.037234887
1737,0.0580923,0.053940535,0.03840178,0.028345015,0.019690521,0.02559552
1738,0.11552284,0.09592257,0.16931777,0.1236864,-0.053794928,-0.027763836
1739,0.8202411,0.29502055,0.49312907,0.32826832,0.32711202,-0.03324777
1740,0.11487313,0.017276676,0.045491114,0.033766795,0.06938202,-0.016490119
1741,0.8447027,0.17079648,0.27446812,0.19083288,0.5702346,-0.0200364
1742,0.047527898,0.051524792,0.04477702,0.02741113,0.0027508773,0.024113663
1743,0.7710956,0.18925351,0.23271675,0.15865196,0.53837883,0.030601546
1744,0.21521342,0.09404538,0.065689266,0.050450627,0.14952415,0.04359475
1745,0.07707299,0.097735085,0.044837818,0.029626003,0.032235175,0.06810908
1746,0.4282697,0.11920201,0.19397897,0.14063491,0.23429075,-0.021432899
1747,0.70858383,0.1869584,0.21487683,0.16746902,0.493707,0.019489378
1748,0.78043044,0.20202251,0.27778026,0.19192122,0.50265014,0.010101289
1749,0.048391793,0.044608995,0.028476581,0.019677859,0.019915212,0.024931137
1750,0.4055983,0.110127494,0.11668561,0.080832586,0.2889127,0.029294908
1751,0.85835123,0.21766734,0.2628508,0.1944088,0.59550047,0.023258537
1752,0.1764111,0.052010648,0.073545165,0.045253854,0.10286594,0.0067567937
1753,0.78368205,0.16196537,0.23996441,0.18046492,0.5437176,-0.018499553
1754,0.85529983,0.18999837,0.25784457,0.18806316,0.59745526,0.0019352138
1755,0.28405645,0.18437573,0.14030468,0.08557429,0.14375177,0.09880144
1756,0.06590984,0.15476114,0.03875155,0.025402606,0.02715829,0.12935853
1757,0.053854145,-0.027854385,0.037735764,0.02276606,0.016118381,-0.050620444
1758,0.668078,0.14246337,0.20348302,0.14511265,0.464595,-0.0026492774
1759,0.6481767,0.13105562,0.16948755,0.11601304,0.4786892,0.015042581
1760,1.1155221,0.3674933,0.5410022,0.35990036,0.57451993,0.0075929463
1761,0.015211125,0.054301996,0.02730213,0.021397494,-0.012091004,0.032904502
1762,1.0458388,0.25079235,0.3012537,0.21487829,0.74458516,0.035914063
1763,0.47106022,0.16322403,0.1834776,0.12236866,0.28758264,0.040855363
1764,0.7378783,0.22146213,0.26400653,0.19474459,0.4738718,0.026717544
1765,1.1938391,0.20880254,0.39757934,0.21846344,0.79625976,-0.0096609
1766,0.3371479,0.15930817,0.12938313,0.09776722,0.20776476,0.061540946
1767,0.5412891,0.10920666,0.124572106,0.08741286,0.416717,0.021793805
1768,0.051983286,0.022755837,0.021308472,0.018853415,0.030674813,0.0039024223
1769,1.0543904,0.26626617,0.3517204,0.26302448,0.70267004,0.003241688
1770,0.7560074,0.11996096,0.18874712,0.14359123,0.56726027,-0.023630269
1771,0.6599015,0.17308037,0.26354182,0.1797061,0.39635968,-0.006625727
1772,0.9850792,0.18753943,0.24075311,0.15506968,0.7443261,0.03246975
1773,0.17301562,0.044202942,0.119964086,0.08423857,0.05305154,-0.040035624
1774,0.61827105,0.110723265,0.22666536,0.14797638,0.39160568,-0.03725312
1775,0.7348014,0.2150531,0.26984206,0.19764361,0.46495935,0.017409489
1776,0.9428607,0.19283605,0.25559354,0.17885971,0.6872672,0.0139763355
1777,0.96625507,0.22641543,0.28927135,0.22019783,0.6769837,0.006217599
1778,0.07892154,0.17438525,0.08065516,0.044948626,-0.001733616,0.12943663
1779,0.5697055,0.11420514,0.15291364,0.10405078,0.41679186,0.010154359
1780,0.80939186,0.19762422,0.32588655,0.21496944,0.4835053,-0.01734522
1781,1.368124,0.41365504,0.40302387,0.29364085,0.96510017,0.12001419
1782,1.0519435,0.3198203,0.44787124,0.2939544,0.60407233,0.025865912
1783,0.25149325,0.10668801,0.17311484,0.1192613,0.07837841,-0.012573294
1784,0.1469071,0.1571624,0.04573446,0.03806707,0.10117264,0.119095325
1785,0.9703933,0.34532547,0.44241107,0.32376865,0.52798223,0.021556824
1786,1.1637005,0.41761562,0.6136703,0.46327057,0.5500302,-0.045654953
1787,0.71978974,0.19439182,0.2941512,0.20473576,0.42563856,-0.010343939
1788,0.9864219,0.18846978,0.26852557,0.18857214,0.71789634,-0.000102356076
1789,1.1636539,0.2848174,0.34608757,0.2647169,0.8175663,0.020100504
1790,0.21208389,-0.020360803,0.03957261,0.027810244,0.17251128,-0.048171047
1791,0.4347562,0.092447095,0.10428648,0.08127941,0.33046973,0.011167683
1792,0.9282736,0.1569428,0.26282394,0.17096865,0.6654497,-0.014025852
1793,0.41890636,0.113751404,0.13565205,0.10745025,0.28325433,0.006301157
1794,0.067395926,0.040781267,0.028366227,0.012917443,0.0390297,0.027863823
1795,0.84353244,0.106021784,0.17734206,0.122932084,0.6661904,-0.0169103
1796,0.32217166,0.17823063,0.09611105,0.06448003,0.2260606,0.1137506
1797,0.32884762,0.082122184,0.123793736,0.08720176,0.20505388,-0.005079575
1798,1.2050146,0.36839253,0.42547268,0.32164353,0.7795419,0.046748996
1799,0.83608615,0.28436399,0.36054042,0.25518283,0.47554573,0.029181153
1800,0.70246965,0.12341106,0.19272003,0.1346624,0.50974965,-0.011251345
1801,0.8013167,0.19151244,0.24443722,0.17318077,0.55687946,0.018331662
1802,0.79621494,0.2016453,0.23527035,0.16528589,0.56094456,0.036359414
1803,1.4879385,0.40107816,0.49736816,0.36703578,0.99057037,0.03404239
1804,0.82236433,0.14510907,0.18051721,0.12721483,0.64184713,0.017894238
1805,1.0549884,0.21927127,0.28600612,0.19720471,0.7689823,0.022066563
1806,1.039082,0.307016,0.3552344,0.26264665,0.68384767,0.04436934
1807,0.095380366,-0.016694425,0.057400476,0.038176183,0.03797989,-0.054870605
1808,0.04830667,0.038030118,0.02426759,0.017271422,0.02403908,0.020758696
1809,0.8617276,0.24964434,0.3810801,0.26564723,0.4806475,-0.016002893
1810,0.96009505,0.24540624,0.3349508,0.24732386,0.62514424,-0.0019176155
1811,0.88442963,0.29873878,0.44483075,0.28738305,0.4395989,0.011355728
1812,0.26197228,-0.034312416,0.03794978,0.021817489,0.22402251,-0.056129903
1813,0.8295174,0.21388926,0.23601715,0.17134066,0.59350026,0.042548597
1814,0.20724845,0.1797064,0.08124726,0.060633026,0.12600118,0.11907337
1815,0.99509203,0.19603969,0.30207264,0.20425168,0.6930194,-0.008211985
1816,0.03305038,0.07032852,0.038260307,0.030297652,-0.0052099265,0.040030867
1817,0.2132608,0.044878047,0.058636986,0.038486604,0.1546238,0.0063914433
1818,-0.0013931044,0.034303,0.024564438,0.01777072,-0.025957542,0.016532278
1819,0.7681758,0.22690994,0.27719447,0.20068327,0.4909813,0.02622667
1820,0.8662572,0.14922698,0.2961284,0.18474771,0.5701288,-0.035520732
1821,0.6636075,0.112802245,0.16661039,0.11158193,0.4969971,0.0012203157
1822,0.09468467,0.022023553,0.006006334,0.0054633804,0.08867833,0.016560173
1823,0.75266975,0.15942098,0.20643923,0.13081588,0.54623055,0.028605103
1824,0.94042224,0.1618688,0.25606984,0.18424478,0.6843524,-0.022375986
1825,0.10663079,0.032901347,0.07696681,0.055551037,0.02966398,-0.02264969
1826,1.3478203,0.4252561,0.54146695,0.4118139,0.80635333,0.0134421885
1827,0.79977614,0.20604907,0.259966,0.20218565,0.5398102,0.003863424
1828,0.63291794,0.1564906,0.15076536,0.11337222,0.48215258,0.043118373
1829,0.06246917,-0.025588939,0.029180538,0.0148367,0.03328863,-0.04042564
1830,0.034502283,0.048393536,0.027748358,0.024758112,0.0067539252,0.023635425
1831,0.05254671,0.07034036,0.02947628,0.02106113,0.02307043,0.049279228
1832,0.4178613,0.116357096,0.12632456,0.08535348,0.29153675,0.031003617
1833,0.47654727,0.102019764,0.18581364,0.1324759,0.29073364,-0.030456133
1834,0.08322451,0.0597291,0.041328147,0.031716812,0.041896366,0.028012287
1835,0.319229,0.08915546,0.0863262,0.06092121,0.23290281,0.028234247
1836,1.1511592,0.46827343,0.60411996,0.4672331,0.5470392,0.0010403395
1837,0.73539054,0.24682781,0.25136802,0.18392193,0.48402253,0.06290588
1838,0.20206046,0.023783058,0.06637801,0.04557239,0.13568245,-0.021789331
1839,0.87791276,0.24196476,0.365007,0.22520599,0.5129057,0.01675877
1840,0.13594624,0.13382378,0.026673077,0.02356179,0.109273165,0.11026199
1841,0.9437948,0.1699449,0.3277689,0.21447021,0.6160259,-0.04452531
1842,0.7383065,0.29935798,0.37961894,0.29727113,0.35868758,0.002086848
1843,0.2740446,0.1339207,0.14862595,0.11583517,0.12541865,0.018085532
1844,0.012558077,0.039625153,0.009543125,0.008764372,0.0030149529,0.030860782
1845,0.8688692,0.31019545,0.25047877,0.17585286,0.61839044,0.13434258
1846,0.1263068,0.15493895,0.0729664,0.052250806,0.053340405,0.10268815
1847,0.87350005,0.22836535,0.31318086,0.23161085,0.5603192,-0.0032455027
1848,0.029896643,0.14220262,0.027547715,0.019596938,0.0023489278,0.12260568
1849,1.0538441,0.31042728,0.40841925,0.30469108,0.64542484,0.005736202
1850,0.6322249,0.16639699,0.22139616,0.1482046,0.41082877,0.018192396
1851,0.90550977,0.16464804,0.22599182,0.16919564,0.679518,-0.004547596
1852,1.2498549,0.25838792,0.29702163,0.17984924,0.9528333,0.078538686
1853,0.7810381,0.1459951,0.26248118,0.17002922,0.51855695,-0.024034128
1854,1.0659785,0.2446311,0.36383218,0.25132734,0.70214635,-0.006696239
1855,1.3992175,0.3920503,0.5232532,0.36390862,0.8759643,0.028141677
1856,0.4726108,0.22735739,0.24757876,0.19412503,0.22503205,0.03323236
1857,0.6334743,0.14037888,0.27581388,0.16617692,0.3576604,-0.025798038
1858,0.26005018,0.11343975,0.17000419,0.11316052,0.09004599,0.00027923286
1859,0.7444677,0.2104103,0.29820982,0.20377722,0.44625786,0.006633073
1860,0.88605434,0.22124709,0.3021554,0.2202384,0.5838989,0.0010086894
1861,0.14620084,0.15220493,0.09091455,0.05537501,0.05528629,0.09682992
1862,0.3866985,0.15688388,0.13861805,0.094480485,0.24808046,0.062403396
1863,0.11078177,0.071552455,0.074262574,0.05228399,0.036519192,0.019268464
1864,0.07817834,0.024995305,0.048338957,0.030031295,0.029839382,-0.005035991
1865,1.0545331,0.14864781,0.20559277,0.14145528,0.8489404,0.007192537
1866,0.7229513,0.21670946,0.3077001,0.20306186,0.4152512,0.013647601
1867,0.25820887,0.14878508,0.09154683,0.068063706,0.16666204,0.08072138
1868,0.982696,0.2932444,0.500004,0.3287111,0.482692,-0.0354667
1869,0.9369284,0.28965637,0.40893066,0.26598302,0.52799773,0.023673356
1870,1.1264007,0.35181203,0.38933173,0.26052907,0.737069,0.091282964
1871,0.035480615,0.09764024,0.044134963,0.026076734,-0.008654349,0.071563505
1872,0.57239693,0.11005105,0.1506546,0.10787611,0.42174232,0.0021749437
1873,0.5783803,0.08761038,0.11549943,0.08517599,0.46288085,0.0024343878
1874,1.2115804,0.43498254,0.5300974,0.41102704,0.681483,0.023955494
1875,0.13860625,0.10703915,0.063242964,0.048863802,0.075363286,0.05817535
1876,0.094025165,0.024798231,0.029468313,0.017685376,0.06455685,0.007112855
1877,0.51860166,0.23765022,0.18102655,0.13744278,0.3375751,0.10020743
1878,0.0038415773,0.100859165,0.018912222,0.0092099635,-0.015070645,0.091649204
1879,0.082953185,0.013477798,0.024667887,0.018298754,0.058285296,-0.004820957
1880,0.24725075,0.0412978,0.060477287,0.036068127,0.18677346,0.0052296743
1881,0.90152043,0.35982898,0.44484398,0.2991744,0.45667645,0.06065458
1882,1.1278986,0.25672892,0.33796033,0.23237458,0.7899382,0.024354339
1883,1.0376108,0.28965217,0.46845385,0.31303436,0.5691569,-0.023382187
1884,0.48723885,0.14652205,0.13386172,0.08394551,0.35337713,0.06257653
1885,0.74120855,0.20899943,0.26734483,0.18314315,0.47386372,0.025856271
1886,0.86141187,0.12227123,0.18014349,0.13137579,0.6812684,-0.009104557
1887,0.15558243,0.029325886,0.034447573,0.02479003,0.121134855,0.0045358557
1888,1.1395683,0.31437865,0.4189241,0.289431,0.72064424,0.024947643
1889,0.887686,0.17357679,0.33400154,0.17994976,0.5536845,-0.0063729733
1890,0.8907293,0.22636342,0.3093488,0.20457044,0.5813805,0.021792978
1891,0.89289033,0.24580978,0.33680552,0.23683672,0.5560848,0.008973062
1892,0.38046482,0.13294177,0.1963237,0.14213322,0.18414113,-0.009191453
1893,1.0918562,0.3899803,0.48217556,0.3375123,0.60968065,0.052467972
1894,0.65869415,0.13590027,0.21325383,0.14773765,0.44544032,-0.011837378
1895,0.4344467,0.15041566,0.19594525,0.15152474,0.23850144,-0.0011090785
1896,0.22054064,0.07921988,0.08535264,0.06270601,0.13518801,0.01651387
1897,0.79916734,0.116691746,0.2188299,0.12752132,0.5803374,-0.010829575
1898,1.080506,0.38040254,0.47183722,0.342854,0.60866874,0.037548542
1899,0.73777604,0.25534734,0.31700534,0.20366457,0.4207707,0.05168277
1900,0.13840471,0.033292107,0.028042853,0.01919177,0.11036186,0.014100337
1901,0.34007195,0.12585177,0.08729106,0.069132626,0.25278088,0.05671914
1902,0.9368084,0.15772703,0.24480452,0.16317165,0.6920039,-0.005444616
1903,0.4876583,0.16093086,0.25510144,0.19193317,0.23255685,-0.031002313
1904,0.7823447,0.1782769,0.27850875,0.19884892,0.5038359,-0.020572022
1905,0.07470404,0.05772612,0.03354369,0.027155196,0.041160353,0.030570922
1906,0.17719261,0.04941319,0.10495224,0.072954424,0.072240375,-0.023541234
1907,0.11078544,0.13314945,0.049161132,0.03354693,0.061624307,0.09960252
1908,0.21901557,0.117067665,0.11693344,0.091745116,0.102082126,0.025322549
1909,-0.0007075907,0.1126863,0.017713405,0.007204595,-0.018420996,0.10548171
1910,1.3350216,0.3329916,0.43262115,0.32897922,0.9024005,0.004012376
1911,0.3523512,0.07555124,0.10810032,0.07331529,0.24425086,0.002235949
1912,1.1074011,0.25546244,0.35507008,0.24815033,0.752331,0.007312104
1913,1.4666548,0.43396035,0.593711,0.43946663,0.87294376,-0.005506277
1914,0.13137618,0.04366851,0.04703849,0.028803177,0.08433768,0.014865331
1915,0.38628882,0.12743936,0.17218399,0.11921082,0.21410483,0.008228548
1916,0.9051185,0.19065842,0.28631318,0.2003983,0.61880535,-0.009739876
1917,0.17145991,0.10367597,0.08544037,0.060699884,0.086019546,0.042976085
1918,0.7061409,0.23135887,0.24707189,0.17756723,0.45906898,0.053791642
1919,1.1123859,0.59444743,0.67409515,0.5364254,0.43829072,0.058022022
1920,0.079690866,0.027323186,0.05903781,0.03892645,0.020653058,-0.011603262
1921,0.33074024,0.08493667,0.10040306,0.07562797,0.23033717,0.009308703
1922,0.008013095,0.1201553,0.033454172,0.021436498,-0.025441077,0.0987188
1923,0.41639596,0.091242574,0.15450405,0.09989104,0.2618919,-0.008648463
1924,0.79102004,0.16432363,0.24426697,0.18270555,0.54675305,-0.018381923
1925,0.2061517,0.12701187,0.13030891,0.083067514,0.07584278,0.04394435
1926,0.39987665,0.1632186,0.1724137,0.1087146,0.22746295,0.054504
1927,1.3493681,0.4148459,0.62036324,0.3887764,0.72900486,0.026069522
1928,0.8169507,0.15665361,0.20879078,0.15974556,0.6081599,-0.0030919462
1929,1.2823387,0.40238515,0.49642745,0.39164028,0.7859113,0.01074487
1930,0.7386171,0.17525439,0.2883833,0.18137142,0.45023382,-0.006117031
1931,0.99235445,0.18609396,0.24141434,0.18030778,0.7509401,0.0057861805
1932,0.8750544,0.23330879,0.4273645,0.2687948,0.44768992,-0.035486013
1933,0.6798469,0.22101149,0.28776473,0.2211289,0.39208215,-0.00011740625
1934,0.1434046,0.11642369,0.07675161,0.055008043,0.06665299,0.061415646
1935,-0.0035445625,-0.008584339,0.034751005,0.021833133,-0.038295567,-0.030417472
1936,0.061697785,0.07389929,0.052998118,0.038807806,0.008699667,0.035091486
1937,0.03723922,-0.015694443,0.03310541,0.019959524,0.0041338094,-0.035653967
1938,0.85994595,0.18056488,0.23239574,0.16808784,0.62755024,0.01247704
1939,0.11664579,0.16419074,0.057485905,0.04298172,0.059159886,0.12120902
1940,0.13150704,-0.02587567,0.042147104,0.015261047,0.08935994,-0.04113672
1941,0.43570474,0.1626207,0.18259755,0.14938073,0.2531072,0.013239965
1942,1.1368673,0.35813513,0.4690392,0.36070958,0.6678281,-0.0025744438
1943,0.96569985,0.21499537,0.35920754,0.23327988,0.6064923,-0.018284515
1944,0.38313285,0.13736887,0.15059786,0.10445101,0.23253499,0.032917865
1945,0.0011796509,0.13514867,0.030889811,0.019280888,-0.02971016,0.115867786
1946,1.0697652,0.27662107,0.24468236,0.16994925,0.82508284,0.106671825
1947,0.17023689,0.064314015,0.07540208,0.05045023,0.094834805,0.013863787
1948,0.08856428,0.05469029,0.052004676,0.035880033,0.0365596,0.018810257
1949,0.81106025,0.29539734,0.3827107,0.27241537,0.42834955,0.022981972
1950,0.08207705,0.07422262,0.047312196,0.03420944,0.034764852,0.040013175
1951,0.7348879,0.12151132,0.15449266,0.09827492,0.5803952,0.023236401
1952,0.8956479,0.21811157,0.34459105,0.23135354,0.55105686,-0.013241962
1953,1.0862106,0.10289556,0.16410233,0.10722379,0.9221083,-0.0043282285
1954,0.045630977,-0.012891429,0.028423905,0.015318239,0.017207071,-0.028209668
1955,0.074592955,0.001581187,0.034460045,0.028074121,0.04013291,-0.026492935
1956,0.14119555,0.021580357,0.028261565,0.018471276,0.112933986,0.0031090807
1957,0.055630956,-0.0041605714,0.02562224,0.020031001,0.030008717,-0.024191573
1958,0.21847382,0.16530593,0.078516364,0.055871166,0.13995746,0.10943476
1959,0.85718036,0.14024903,0.21188484,0.14473598,0.6452955,-0.0044869483
1960,0.82177997,0.1307329,0.18025322,0.13167965,0.64152676,-0.0009467602
1961,0.15515956,0.09077778,0.102779716,0.077491716,0.052379847,0.013286062
1962,0.082242586,0.05775547,0.034339033,0.024891691,0.047903553,0.03286378
1963,0.13653319,0.075708374,0.07276129,0.055876132,0.063771896,0.019832242
1964,1.1109922,0.31280658,0.44005093,0.308581,0.67094123,0.004225582
1965,1.0971978,0.1459893,0.24019861,0.15293038,0.85699916,-0.00694108
1966,0.99580026,0.25442278,0.40594605,0.26528975,0.58985424,-0.01086697
1967,0.7796842,0.09993516,0.17306152,0.11885119,0.6066227,-0.018916033
1968,0.0075015845,0.11015256,0.014164065,0.0052898573,-0.0066624805,0.1048627
1969,0.6793521,0.17596942,0.21073227,0.15943393,0.46861982,0.01653549
1970,0.26965213,0.046377506,0.093971655,0.060991038,0.17568047,-0.0146135315
1971,0.9519707,0.24363331,0.38630503,0.2558272,0.56566566,-0.0121938735
1972,0.69647235,0.22794317,0.23692988,0.16924854,0.45954245,0.05869463
1973,0.6896309,0.2331585,0.31046045,0.22588657,0.37917048,0.0072719306
1974,0.9308227,0.24037778,0.39392316,0.27749425,0.5368995,-0.037116468
1975,0.9259346,0.27455837,0.33135659,0.24010225,0.594578,0.03445612
1976,0.92242557,0.22804017,0.3109696,0.21986438,0.611456,0.00817579
1977,0.23103751,0.05890521,0.11748975,0.08015398,0.113547765,-0.021248769
1978,0.5794599,0.15680464,0.1897748,0.138311,0.3896851,0.018493637
1979,0.02353614,0.018641027,0.017364573,0.011280265,0.0061715674,0.007360762
1980,0.782595,0.18973036,0.2852137,0.17186491,0.49738127,0.01786545
1981,0.88236713,0.20476758,0.32827023,0.20506145,0.55409694,-0.0002938658
1982,0.851276,0.08533857,0.16752803,0.11725494,0.68374795,-0.031916372
1983,0.6773161,0.2138709,0.32158828,0.22234231,0.35572785,-0.008471414
1984,0.059870772,-0.039590165,0.021861028,0.012806003,0.038009744,-0.052396167
1985,0.40571502,0.08897969,0.15873297,0.1190633,0.24698205,-0.030083612
1986,0.54518527,0.20427945,0.18814544,0.13425384,0.3570398,0.07002561
1987,0.81944734,0.23397392,0.34022605,0.23382978,0.47922128,0.00014413893
1988,0.56775874,0.18428048,0.30169734,0.2259264,0.2660614,-0.041645914
1989,0.81052756,0.23477891,0.33588615,0.23236445,0.4746414,0.002414465
1990,0.14160545,0.053011056,0.04741755,0.03425445,0.0941879,0.018756606
1991,0.5643506,0.11145747,0.11316271,0.082492135,0.4511879,0.028965332
1992,0.0654514,-0.017373214,0.052559037,0.035632007,0.012892362,-0.05300522
1993,0.2531493,0.09774918,0.06412971,0.047662724,0.18901959,0.050086457
1994,0.812035,0.14449567,0.27795064,0.16356602,0.5340844,-0.019070357
1995,1.0175701,0.1506059,0.24372712,0.18080294,0.77384305,-0.03019704
1996,0.92418444,0.19498667,0.28895694,0.20633478,0.6352275,-0.011348113
1997,0.89909714,0.1130215,0.19157098,0.12940565,0.70752615,-0.016384147
1998,0.055900447,0.061646994,0.034987066,0.02814333,0.020913381,0.033503667
1999,0.010657512,-0.015829476,0.035724152,0.02603256,-0.02506664,-0.041862033
2000,0.12436,0.06920357,0.06955733,0.052637063,0.05480267,0.016566508
2001,0.72827965,0.18846704,0.21133384,0.14784187,0.51694584,0.04062517
2002,0.16424105,0.0057290024,0.082936786,0.045175012,0.08130426,-0.03944601
2003,0.032284122,-0.028386315,0.03070542,0.015965614,0.0015787017,-0.044351928
2004,1.4628423,0.40825784,0.5645633,0.38783383,0.8982791,0.020424008
2005,0.8266012,0.16018659,0.21518974,0.14278834,0.61141145,0.017398253
2006,0.061429527,-0.040344156,0.020693507,0.0112068225,0.04073602,-0.051550977
2007,0.89573205,0.1876715,0.2883583,0.18525429,0.6073737,0.0024172068
2008,0.22708508,0.16881184,0.10989425,0.07045014,0.11719083,0.0983617
2009,1.2369734,0.24528973,0.37593475,0.24797489,0.8610387,-0.0026851594
2010,0.8786029,0.2822396,0.37135822,0.25675067,0.5072447,0.025488913
2011,0.8692381,0.15913875,0.18218774,0.11262808,0.68705034,0.046510674
2012,0.7654995,0.27758613,0.37649417,0.27392936,0.3890053,0.0036567748
2013,1.2533106,0.22183056,0.34558484,0.24098225,0.9077257,-0.019151688
2014,0.995919,0.19562514,0.25260913,0.19063348,0.74330986,0.0049916655
2015,0.12020394,0.0019237906,0.0340703,0.025848102,0.086133644,-0.023924312
2016,0.2878805,0.05928433,0.1234517,0.08168517,0.1644288,-0.022400841
2017,0.029322935,0.039811093,0.024567023,0.0222798,0.0047559123,0.017531293
2018,1.0394388,0.22017892,0.2802972,0.21958442,0.7591417,0.0005944967
2019,0.7557781,0.27165177,0.39749148,0.27471584,0.3582866,-0.0030640662
2020,0.043157093,0.014735959,0.004186671,0.004136208,0.038970422,0.010599751
2021,1.1472806,0.30533943,0.46652165,0.30776283,0.68075895,-0.0024234056
2022,0.31326813,0.10623511,0.091507494,0.07585791,0.22176063,0.030377202
2023,0.5371305,0.20830534,0.23485662,0.18336616,0.30227387,0.02493918
2024,0.15710507,0.09196127,0.11427505,0.08197234,0.04283002,0.009988934
2025,0.94062513,0.30315375,0.41017878,0.2965924,0.53044635,0.006561339
2026,0.08217544,0.0015434794,0.055548772,0.038750153,0.026626669,-0.037206672
2027,0.1046376,0.044938307,0.04759244,0.035679713,0.05704516,0.009258594
2028,0.8467155,0.29180905,0.42972717,0.29049724,0.41698834,0.0013118088
2029,0.15584618,0.072653465,0.06791607,0.051431786,0.087930106,0.021221679
2030,0.22931972,0.17489758,0.089841716,0.052746177,0.139478,0.122151405
2031,0.1642415,0.105628125,0.06270864,0.043339353,0.101532854,0.062288772
2032,-0.043849107,0.067046754,0.0443785,0.03424913,-0.08822761,0.032797623
2033,1.0864152,0.27644172,0.44604725,0.31744227,0.6403679,-0.041000545
2034,0.08589472,0.026815759,0.057732824,0.037114345,0.028161895,-0.0102985855
2035,0.14401188,0.07765037,0.03620335,0.022534097,0.10780853,0.055116273
2036,1.1608056,0.18615484,0.26742756,0.19282798,0.893378,-0.0066731423
2037,0.1061287,0.16549908,0.074639566,0.046313643,0.031489134,0.11918543
2038,0.5877213,0.12929277,0.1370749,0.104980834,0.4506464,0.024311937
2039,0.7303037,0.13741754,0.14701185,0.10631221,0.5832919,0.031105332
2040,0.15343797,0.07623225,0.07615991,0.056298234,0.07727806,0.019934013
2041,0.31116658,0.14816004,0.13446507,0.09236224,0.17670152,0.0557978
2042,0.7931338,0.2294133,0.30534467,0.20892042,0.48778912,0.020492882
2043,0.18422796,0.11905216,0.17297338,0.11162405,0.011254579,0.0074281096
2044,0.8067427,0.27896547,0.32703727,0.26735568,0.47970545,0.011609793
2045,0.9310599,0.34029493,0.55730855,0.3795637,0.37375134,-0.039268762
2046,0.80261093,0.07784007,0.12663978,0.08665654,0.67597115,-0.008816473
2047,0.9614923,0.21631135,0.2706301,0.19782187,0.6908622,0.01848948
2048,0.096569784,0.028381195,0.041693583,0.03278,0.0548762,-0.004398804
2049,0.087013654,-0.019813413,0.039926328,0.027362332,0.047087327,-0.047175743
2050,0.8433204,0.2647669,0.32822406,0.24561678,0.51509637,0.019150123
2051,0.90485364,0.23649438,0.3160369,0.21004426,0.58881676,0.026450112
2052,0.64303786,0.1767765,0.25591126,0.1813242,0.3871266,-0.0045477003
2053,0.44315845,0.20272282,0.24466367,0.1771851,0.19849478,0.025537714
2054,0.17718638,0.09355654,0.081363335,0.067674816,0.09582305,0.025881723
2055,0.73714024,0.20889655,0.26227477,0.20157233,0.47486547,0.0073242188
2056,0.27848452,0.0761606,0.10131301,0.06958184,0.17717151,0.006578766
2057,0.7523629,0.20097294,0.2458535,0.16558304,0.5065094,0.0353899
2058,1.0268061,0.28393352,0.36224076,0.24655785,0.6645653,0.037375674
2059,0.5559186,0.2029243,0.27241975,0.19010562,0.28349882,0.012818679
2060,0.32267043,0.10710186,0.123711914,0.08760742,0.19895852,0.019494437
2061,0.6637214,0.2075764,0.23791082,0.17310576,0.42581058,0.034470633
2062,0.94223547,0.1991514,0.3113924,0.23521656,0.63084304,-0.03606516
2063,0.8146889,0.20907322,0.31024376,0.2035844,0.5044452,0.005488813
2064,0.93302035,0.25842246,0.29349115,0.22913441,0.6395292,0.029288054
2065,0.7139559,0.09987122,0.16691835,0.11537905,0.54703754,-0.015507832
2066,0.45689794,0.14423771,0.17932722,0.13114344,0.27757072,0.013094276
2067,0.7599757,0.15988995,0.2676281,0.17674015,0.49234757,-0.016850203
2068,0.9209504,0.37257096,0.41373444,0.29890725,0.507216,0.07366371
2069,0.13898957,0.051764615,0.07225253,0.053837057,0.06673704,-0.0020724423
2070,0.12159172,0.05282262,0.07754225,0.05030633,0.044049464,0.0025162883
2071,0.17213108,0.033250254,0.10504362,0.06712288,0.06708746,-0.033872623
2072,0.5961204,0.1554701,0.22058247,0.15767674,0.37553793,-0.0022066385
2073,0.99839485,0.08025192,0.17435865,0.108490355,0.8240362,-0.028238438
2074,0.37494314,0.10821434,0.13784748,0.08464827,0.23709565,0.023566075
2075,0.8835163,0.11369061,0.26497376,0.1637347,0.61854255,-0.050044097
2076,1.2062167,0.24596861,0.3813422,0.23715991,0.8248745,0.008808702
2077,0.84363246,0.3861633,0.3943152,0.28534633,0.44931725,0.100816965
2078,0.9403873,0.3162891,0.41708988,0.3196184,0.5232974,-0.0033293068
2079,0.9762472,0.3292824,0.39665943,0.29985473,0.57958776,0.029427677
2080,0.19071078,0.053346537,0.07039699,0.051268302,0.12031379,0.0020782351
2081,0.3843873,0.0908493,0.12438601,0.08340931,0.2600013,0.0074399933
2082,0.106875,0.05394246,0.086921826,0.069795325,0.019953176,-0.015852865
2083,0.9635446,0.20868833,0.35780472,0.21101153,0.6057399,-0.0023231953
2084,1.010404,0.34087497,0.4524494,0.32257125,0.55795455,0.018303722
2085,1.1684425,0.2061689,0.35163483,0.24677792,0.8168076,-0.040609017
2086,0.76320785,0.3500397,0.33611384,0.23762766,0.427094,0.112412035
2087,-0.018765736,-0.033792693,0.015630646,0.010779823,-0.03439638,-0.044572517
2088,1.1486589,0.33334398,0.42419568,0.310522,0.7244632,0.022821993
2089,0.65033245,0.25663283,0.31637678,0.23390765,0.33395568,0.02272518
2090,0.798804,0.16867064,0.22815588,0.17089674,0.5706481,-0.0022260994
2091,0.635266,0.21662858,0.26797345,0.1950798,0.36729255,0.021548778
2092,0.8622871,0.30004582,0.40751374,0.28247973,0.45477337,0.017566085
2093,1.0682086,0.21433908,0.34071472,0.23685817,0.7274939,-0.022519097
2094,0.30299175,0.14763096,0.16992044,0.13009897,0.1330713,0.017531991
2095,1.1364214,0.28776816,0.40299675,0.29664552,0.73342466,-0.008877367
2096,0.99861664,0.20854893,0.2862597,0.20486732,0.7123569,0.003681615
2097,0.21428385,0.022231482,0.10038107,0.060300883,0.113902785,-0.0380694
2098,0.14563812,0.018230136,0.060563065,0.035096876,0.08507506,-0.01686674
2099,0.35278988,0.06747164,0.106254295,0.07915876,0.24653558,-0.011687122
2100,0.68748367,0.12717341,0.21169609,0.14306827,0.47578758,-0.01589486
2101,1.1532807,0.2328674,0.27285197,0.19302925,0.8804288,0.03983815
2102,1.0754982,0.23932938,0.3933484,0.26015237,0.6821498,-0.020822987
2103,0.6304157,0.1890674,0.25510177,0.17442507,0.3753139,0.014642328
2104,0.4253941,0.079004474,0.12971482,0.08179884,0.29567927,-0.0027943626
2105,0.8555238,0.18159676,0.25614423,0.18310031,0.5993796,-0.001503557
2106,0.07999678,0.050975516,0.047409013,0.027207635,0.032587767,0.023767881
2107,0.11028876,-0.0005141018,0.07149399,0.042417165,0.03879477,-0.042931266
2108,0.12519884,0.06048188,0.053045943,0.036341015,0.0721529,0.024140865
2109,0.43195888,0.09051862,0.23547389,0.14503226,0.196485,-0.054513633
2110,0.7499863,0.21491462,0.23431724,0.178039,0.51566905,0.03687562
2111,0.04998035,0.042475093,0.024115227,0.021082606,0.025865123,0.021392487
2112,0.070583515,0.14974092,0.044555295,0.037783444,0.02602822,0.111957476
2113,0.71935713,0.14013466,0.20750397,0.14171535,0.51185316,-0.0015806854
2114,0.41030997,0.1423043,0.17106614,0.12959461,0.23924384,0.012709692
2115,0.720532,0.12305534,0.20533009,0.1300337,0.5152019,-0.006978363
2116,0.81475395,0.14047475,0.17266174,0.12332555,0.6420922,0.017149203
2117,0.2996873,-0.0036407628,0.053421054,0.028920796,0.24626625,-0.03256156
2118,0.34094676,0.10537111,0.12104088,0.08220009,0.21990588,0.023171023
2119,0.4174421,0.1417625,0.19102037,0.12128803,0.22642174,0.020474464
2120,0.72147936,0.1981996,0.3138659,0.21183704,0.40761346,-0.013637438
2121,0.22089742,0.07482049,0.07505706,0.050801277,0.14584036,0.024019212
2122,1.1703998,0.44642094,0.53752834,0.37673682,0.63287145,0.06968412
2123,-0.023633676,0.14016873,0.03478588,0.023567807,-0.058419555,0.116600916
2124,1.016141,0.25690237,0.37172306,0.26712847,0.644418,-0.010226101
2125,0.87169254,0.2252325,0.3311536,0.20705245,0.5405389,0.018180043
2126,0.11591255,0.097450614,0.05243286,0.041404508,0.06347969,0.056046106
2127,1.4347339,0.3776125,0.37477395,0.27660477,1.0599599,0.10100773
2128,0.9728394,0.29368812,0.37719563,0.26385763,0.59564376,0.029830486
2129,0.6835472,0.24327594,0.31085625,0.24287252,0.37269095,0.00040341914
2130,0.04048917,-0.027517132,0.016208751,0.0089688245,0.02428042,-0.036485955
2131,0.8603296,0.28836778,0.3920633,0.27605742,0.46826634,0.012310356
2132,0.2931149,0.0278905,0.053020906,0.030525077,0.24009399,-0.0026345775
2133,0.06360987,-0.014722874,0.047573604,0.03483521,0.016036265,-0.04955808
2134,0.2971226,0.08341692,0.09251652,0.0634887,0.20460609,0.019928217
2135,0.9899432,0.33444414,0.50036263,0.32150865,0.48958057,0.012935489
2136,0.81471896,0.23963322,0.3863416,0.23067354,0.42837736,0.008959681
2137,0.38078275,0.05533188,0.057310957,0.04147918,0.32347178,0.013852697
2138,0.6299014,0.17278641,0.256828,0.18280794,0.3730734,-0.010021523
2139,0.060521048,0.07093415,0.046912223,0.03742143,0.013608824,0.033512715
2140,0.8031495,0.18417312,0.26010644,0.17399147,0.5430431,0.0101816505
2141,0.10975923,0.018256018,0.03460097,0.026176145,0.07515825,-0.007920127
2142,1.1120555,0.24848457,0.36973494,0.2592074,0.7423206,-0.010722831
2143,0.31306884,0.16205741,0.17504618,0.1180217,0.13802266,0.044035718
2144,0.97733164,0.31161636,0.3961078,0.29788697,0.58122385,0.0137293935
2145,0.3245828,0.075844936,0.1034508,0.082548685,0.22113198,-0.0067037493
2146,0.17479716,0.112786934,0.112785056,0.07591982,0.062012106,0.036867112
2147,0.34896383,0.10953413,0.1790845,0.109440774,0.16987933,9.3355775e-05
2148,1.1742378,0.13431501,0.20782585,0.15445507,0.966412,-0.020140052
2149,0.45683244,0.117418334,0.20280972,0.1440266,0.25402272,-0.026608273
2150,0.9242357,0.23089327,0.28624523,0.2024859,0.6379905,0.028407365
2151,0.61944914,0.17935033,0.21260773,0.15889806,0.4068414,0.020452276
2152,0.7022588,0.1340068,0.15175873,0.101931855,0.5505001,0.032074943
2153,0.821709,0.09428157,0.23745818,0.16170971,0.5842508,-0.06742814
2154,0.9531992,0.3497083,0.5350003,0.34157383,0.41819888,0.0081344545
2155,0.67938024,0.11599391,0.17226742,0.1161808,0.5071128,-0.00018689036
2156,0.87782794,0.10973781,0.14130741,0.1132061,0.7365205,-0.00346829
2157,0.9609903,0.3219725,0.30785754,0.22485957,0.6531328,0.097112924
2158,0.10911868,0.11984874,0.027382525,0.02392503,0.081736155,0.095923714
2159,0.23324805,0.14244613,0.09532983,0.061639383,0.13791823,0.08080675
2160,0.9280978,0.18175098,0.28977063,0.20931105,0.6383271,-0.02756007
2161,1.0183861,0.39268848,0.4537103,0.31082806,0.5646758,0.08186042
2162,0.0062791673,0.0124404915,0.017758034,0.015605351,-0.011478867,-0.0031648595
2163,0.06113567,0.03732804,0.02752731,0.022186346,0.03360836,0.015141692
2164,0.21383384,0.29007107,0.15401766,0.11168283,0.05981618,0.17838824
2165,0.525008,0.15754442,0.20974502,0.15426706,0.315263,0.0032773614
2166,0.024317937,0.07303227,0.024858814,0.009634592,-0.00054087676,0.063397676
2167,0.10797299,0.016456176,0.08602176,0.0429908,0.021951228,-0.026534624
2168,0.96402454,0.25052783,0.27692565,0.203093,0.68709886,0.04743482
2169,0.17921281,0.033842895,0.07985151,0.062534064,0.0993613,-0.028691169
2170,1.1742878,0.3649356,0.45649287,0.32947093,0.7177949,0.035464674
2171,0.503393,0.12785159,0.20173946,0.13621528,0.30165353,-0.008363694
2172,0.84135133,0.19880272,0.28087422,0.19164553,0.56047714,0.0071571916
2173,0.8949138,0.27395508,0.3561741,0.24770159,0.5387397,0.026253492
2174,0.7409614,0.24269335,0.32202256,0.23238446,0.41893882,0.010308892
2175,0.21735953,0.05191647,0.050298337,0.04077949,0.1670612,0.011136979
2176,0.31320828,0.050508194,0.062388163,0.04129035,0.25082013,0.009217843
2177,0.13854538,0.0625793,0.06991442,0.04752559,0.068630956,0.015053708
2178,0.26011163,0.068597086,0.07409323,0.04685171,0.1860184,0.021745376
2179,0.08557948,-0.020938836,0.026292432,0.016779736,0.059287045,-0.03771857
2180,1.446619,0.28950348,0.46513817,0.31943595,0.98148084,-0.02993247
2181,1.393503,0.27873543,0.48001695,0.3294965,0.913486,-0.050761074
2182,0.4378666,0.109426685,0.28297028,0.1727449,0.15489632,-0.063318215
2183,1.2965513,0.26593786,0.29375312,0.21655783,1.0027982,0.049380034
2184,0.012275542,0.027202668,0.036544845,0.026903713,-0.024269301,0.00029895455
2185,0.7419591,0.24632114,0.2825033,0.22097957,0.4594558,0.02534157
2186,0.30774316,0.06593222,0.06532632,0.052703217,0.24241684,0.013229005
2187,0.090845905,0.088916495,0.08632698,0.048821416,0.004518926,0.04009508
2188,0.8398278,0.11446683,0.19348493,0.13620044,0.6463429,-0.021733612
2189,0.075107075,0.048202347,0.053168967,0.037990436,0.021938108,0.010211911
2190,0.57516026,0.22501175,0.2857257,0.20000511,0.28943455,0.025006637
2191,0.7165945,0.24699289,0.31920382,0.23585625,0.3973907,0.011136636
2192,0.9393759,0.2426102,0.3434895,0.23498596,0.59588635,0.0076242387
2193,0.03635481,0.020558871,0.023235435,0.019094897,0.013119375,0.0014639739
2194,0.010890544,-0.011090239,0.03323163,0.024623528,-0.022341087,-0.035713766
2195,0.68553424,0.16092876,0.23803845,0.16121444,0.4474958,-0.00028568506
2196,0.07218076,-0.02983345,0.035784565,0.020997705,0.036396198,-0.050831154
2197,0.79556155,0.25437015,0.3710784,0.26545984,0.42448315,-0.011089683
2198,0.8619824,0.21593525,0.28691268,0.17777747,0.5750697,0.038157776
2199,0.7365985,0.24069335,0.27894914,0.20893031,0.45764935,0.031763032
2200,0.020916045,0.059073333,0.00511338,0.006910414,0.015802665,0.05216292
2201,0.00517263,-0.031937808,0.022029713,0.0132126855,-0.016857084,-0.045150492
2202,0.3625046,0.09583409,0.15590493,0.11141968,0.20659967,-0.015585586
2203,1.1122193,0.38479468,0.446558,0.33546394,0.66566133,0.04933074
2204,0.63653195,0.13609393,0.22472055,0.16071169,0.4118114,-0.024617761
2205,0.51038396,0.03207254,0.13557276,0.084394455,0.3748112,-0.052321915
2206,0.82629675,0.15362994,0.22795725,0.1829952,0.5983395,-0.029365256
2207,0.0047931382,0.12338178,0.019510748,0.011087114,-0.01471761,0.11229467
2208,0.07749845,0.02232595,0.07218215,0.0525811,0.005316302,-0.030255152
2209,0.5508405,0.16482435,0.1504611,0.11061925,0.40037942,0.054205105
2210,0.2311965,0.04591952,0.1438417,0.0907904,0.087354794,-0.04487088
2211,1.0791546,0.22162846,0.2890151,0.20724908,0.7901395,0.014379382
2212,0.16617244,0.17480618,0.06631471,0.044850387,0.09985773,0.1299558
2213,0.93680304,0.18978986,0.32033706,0.22372286,0.616466,-0.033933
2214,0.95057064,0.22600864,0.32158795,0.24228269,0.62898266,-0.01627405
2215,1.3980055,0.2872674,0.40204802,0.2913061,0.9959575,-0.0040387213
2216,0.03260889,0.20095223,0.06877202,0.041757222,-0.03616313,0.159195
2217,0.93274486,0.14130136,0.18000737,0.13299376,0.7527375,0.008307606
2218,0.10365458,0.048125513,0.049262676,0.034215022,0.054391902,0.013910491
2219,0.049467932,-0.0017335251,0.018167483,0.014661001,0.031300448,-0.016394526
2220,0.40012133,0.25309083,0.1359393,0.098171465,0.26418203,0.15491936
2221,0.37714124,0.15681955,0.2412256,0.17616467,0.13591564,-0.01934512
2222,0.3709598,0.22282234,0.24087128,0.17706269,0.13008851,0.045759648
2223,0.43896365,0.07845467,0.16384584,0.096742295,0.2751178,-0.018287621
2224,1.2957889,0.34542483,0.4532009,0.2925659,0.84258795,0.05285892
2225,0.2181563,0.09040755,0.1122087,0.073989116,0.10594759,0.016418435
2226,0.11561557,0.19858304,0.09185189,0.070066534,0.023763679,0.1285165
2227,0.17808351,0.053617403,0.039831527,0.03022664,0.13825199,0.023390763
2228,1.0390009,0.2465297,0.40827367,0.26231185,0.6307272,-0.015782148
2229,0.92051405,0.2610862,0.38433963,0.26822403,0.5361744,-0.007137835
2230,0.8865353,0.33921057,0.3112076,0.23388915,0.5753277,0.10532142
2231,0.0724084,0.002336264,0.022399655,0.010815152,0.050008744,-0.008478888
2232,0.026726164,0.045648176,0.014739547,0.0095759,0.011986617,0.036072277
2233,1.2662505,0.21474563,0.36340237,0.24227726,0.9028481,-0.027531639
2234,0.16697541,0.028559443,0.1219806,0.08727972,0.04499481,-0.05872028
2235,0.33995053,0.17667717,0.14014067,0.09779999,0.19980986,0.07887718
2236,0.090992734,0.044384297,0.042856656,0.02877668,0.048136078,0.015607618
2237,0.81780803,0.20845805,0.29172844,0.2035162,0.5260796,0.004941851
2238,0.7881191,0.29914916,0.37418067,0.2654959,0.4139384,0.03365326
2239,1.0173134,0.25860116,0.33625817,0.23273459,0.6810552,0.025866568
2240,0.31174013,0.047815155,0.13663606,0.08447617,0.17510407,-0.036661018
2241,0.056813817,0.032958217,0.044673372,0.033912495,0.012140445,-0.0009542778
2242,1.0435863,0.34482756,0.4201542,0.31736964,0.62343204,0.027457923
2243,1.038051,0.30599192,0.29415336,0.21407966,0.7438977,0.091912255
2244,0.32340804,0.15341897,0.14011353,0.10085722,0.1832945,0.052561752
2245,1.1017383,0.33795807,0.4368439,0.3131753,0.66489446,0.024782777
2246,1.1492256,0.351845,0.43215016,0.3419062,0.71707547,0.009938806
2247,0.4723483,0.1526348,0.17773643,0.12210866,0.29461187,0.030526139
2248,0.24151923,0.08839878,0.113967635,0.07858387,0.12755159,0.009814911
2249,0.7227806,0.12282484,0.1674981,0.11494028,0.5552825,0.007884562
2250,0.71299696,0.12716715,0.18197034,0.12881924,0.5310266,-0.0016520917
2251,1.0317484,0.3100422,0.4086921,0.2882013,0.6230563,0.0218409
2252,1.1796714,0.32135814,0.37347925,0.26703027,0.80619216,0.054327875
2253,0.861045,0.122403644,0.17916216,0.12998539,0.68188286,-0.007581748
2254,0.86469156,0.1530203,0.26974395,0.16951358,0.5949476,-0.016493276
2255,0.16213009,0.1661928,0.04609709,0.032644566,0.116033,0.13354823
2256,0.13559347,0.041863956,0.056439422,0.039985508,0.07915405,0.0018784478
2257,0.072890826,0.02085167,0.029666018,0.017938597,0.043224808,0.0029130727
2258,0.2524524,0.14352846,0.072585136,0.044531092,0.17986727,0.09899737
2259,1.375615,0.4320218,0.5449828,0.4034504,0.8306322,0.028571397
2260,0.99880123,0.29897597,0.41113496,0.30069068,0.5876663,-0.0017147064
2261,0.29188535,0.15030383,0.11742032,0.088982366,0.17446503,0.06132146
2262,0.7778051,0.23335086,0.33647102,0.24181889,0.44133407,-0.008468032
2263,0.26423386,0.0848001,0.12682126,0.08916792,0.1374126,-0.004367821
2264,0.17545839,0.103293285,0.10883539,0.07492792,0.066622995,0.028365366
2265,1.0490494,0.10291356,0.18647614,0.12373385,0.86257327,-0.02082029
2266,0.7325046,0.23886609,0.37575763,0.26896277,0.35674697,-0.03009668
2267,0.23241974,0.11245334,0.13697892,0.10115528,0.09544082,0.01129806
2268,0.01634138,0.005911573,0.01934081,0.007973566,-0.0029994287,-0.002061993
2269,1.0489109,0.25967377,0.28962687,0.21709321,0.759284,0.04258056
2270,0.23252614,0.03456428,0.05121698,0.03618504,0.18130916,-0.001620762
2271,1.2538934,0.10539253,0.18577364,0.12372838,1.0681198,-0.018335849
2272,0.34478244,0.08248191,0.13260798,0.08718471,0.21217446,-0.004702799
2273,1.1252238,0.29985043,0.39884254,0.29381406,0.7263812,0.006036371
2274,1.0371332,0.22603405,0.30005962,0.22415388,0.7370736,0.0018801689
2275,1.2061491,0.26318496,0.3362567,0.24236935,0.86989236,0.02081561
2276,0.029917125,0.00588728,0.026249377,0.023094771,0.0036677476,-0.017207492
2277,0.057273958,0.019381104,0.020541431,0.0156233525,0.036732525,0.0037577515
2278,0.9915236,0.1357445,0.17016037,0.12424332,0.8213633,0.011501178
2279,0.8918957,0.15141785,0.17112012,0.11301013,0.7207756,0.03840772
2280,0.8497156,0.19766189,0.3008843,0.18396425,0.5488313,0.013697639
2281,0.6639486,0.20813233,0.27568194,0.20538609,0.38826665,0.0027462393
2282,0.7169558,0.12792212,0.19924381,0.1372419,0.517712,-0.009319782
2283,0.10366756,0.036659125,0.03656039,0.026563004,0.06710717,0.010096122
2284,1.029126,0.122402176,0.27830535,0.19053112,0.7508207,-0.06812894
2285,1.3358725,0.36876336,0.52061754,0.35612497,0.815255,0.01263839
2286,0.6792457,0.17603657,0.23319863,0.16837741,0.44604707,0.007659152
2287,0.2510173,0.072401114,0.050888315,0.032466564,0.20012899,0.03993455
2288,0.9833893,0.15887171,0.29589635,0.209732,0.68749297,-0.050860286
2289,0.7136069,0.17520553,0.29153013,0.19423251,0.42207676,-0.01902698
2290,1.1276883,0.26254863,0.27981478,0.20988844,0.8478735,0.052660182
2291,0.9027145,0.27668956,0.31993,0.22120394,0.58278453,0.05548562
2292,0.37268165,0.20633312,0.1704613,0.12838325,0.20222035,0.07794987
2293,0.2265981,0.111824214,0.12948477,0.07368389,0.097113326,0.038140327
2294,0.028075181,0.028465139,0.039144035,0.027274389,-0.0110688545,0.0011907499
2295,0.75320035,0.19765073,0.30868235,0.21243471,0.444518,-0.014783978
2296,0.90863055,0.1417623,0.13919215,0.10139081,0.7694384,0.040371493
2297,0.85893077,0.21342821,0.34826997,0.22246608,0.51066077,-0.009037867
2298,0.61205816,0.19449008,0.2280624,0.15906763,0.38399577,0.035422444
2299,0.07819102,-0.018196037,0.061130058,0.037744783,0.017060962,-0.05594082
2300,0.8971223,0.298537,0.3881535,0.27588248,0.50896883,0.022654504
2301,0.15602542,0.061102673,0.08255968,0.061661582,0.07346574,-0.000558909
2302,0.34468547,0.11332772,0.11971875,0.09226281,0.2249667,0.021064907
2303,1.2123231,0.28852504,0.37715843,0.26069477,0.83516467,0.027830273
2304,0.8278185,0.20149596,0.24589595,0.17299011,0.58192253,0.028505847
2305,0.038383838,0.024034096,0.018522108,0.012479404,0.01986173,0.011554692
2306,0.088551946,0.003878144,0.056101754,0.041024886,0.03245019,-0.037146743
2307,0.295526,0.11177173,0.13603015,0.09294773,0.15949585,0.018824004
2308,0.12448421,0.03414735,0.07376522,0.046649713,0.050718993,-0.012502365
2309,0.9000139,0.17806815,0.2569273,0.18193679,0.6430866,-0.0038686395
2310,0.8181288,0.1660628,0.20842786,0.15454583,0.609701,0.011516973
2311,0.37030184,0.068462454,0.11898658,0.07593176,0.25131527,-0.007469304
2312,0.19216648,0.09403175,0.05821289,0.0455317,0.13395359,0.04850005
2313,0.16287634,0.052305184,0.08174775,0.060098637,0.08112859,-0.0077934526
2314,0.08849649,-0.038480256,0.022465663,0.01104046,0.06603083,-0.049520716
2315,0.031198306,0.0005055908,0.04748699,0.029865058,-0.016288685,-0.029359467
2316,0.21118824,0.060089,0.054472018,0.044035826,0.15671623,0.016053174
2317,1.2349505,0.27399287,0.33171707,0.23420082,0.90323347,0.039792046
2318,0.27480814,0.07382967,0.08376857,0.06345029,0.19103956,0.0103793815
2319,0.071254365,0.051649414,0.03974542,0.027915396,0.031508945,0.023734018
2320,0.017240044,0.007906582,0.012541817,0.0120856045,0.004698227,-0.0041790223
2321,0.20609894,0.08617139,0.09456127,0.07318649,0.11153767,0.012984902
2322,0.78993446,0.22886729,0.33282775,0.23898232,0.4571067,-0.010115027
2323,0.28564963,0.063825704,0.09230015,0.060206484,0.19334948,0.00361922
2324,0.0949908,0.089373305,0.066068895,0.048776645,0.028921902,0.04059666
2325,0.2608849,0.14054798,0.14689052,0.09633644,0.11399439,0.044211537
2326,0.08754126,-0.005374774,0.0710128,0.040129576,0.016528457,-0.04550435
2327,0.35071722,0.15101472,0.14662652,0.111799486,0.2040907,0.03921523
2328,0.094824865,0.04276501,0.06517055,0.047297552,0.029654317,-0.004532542
2329,0.4859593,0.11980812,0.15798607,0.11986508,0.32797322,-5.695969e-05
2330,0.10684265,0.046881795,0.04686384,0.030143995,0.059978813,0.0167378
2331,0.6043237,0.0344526,0.11637244,0.084155664,0.48795125,-0.049703065
2332,0.61243844,0.18348086,0.23362304,0.1742659,0.3788154,0.009214953
2333,1.0750805,0.16005726,0.23908038,0.17178753,0.83600014,-0.011730269
2334,0.6283781,0.13530289,0.20647499,0.1568781,0.4219031,-0.021575212
2335,0.9467722,0.19679737,0.24825315,0.18471828,0.69851905,0.01207909
2336,0.0874035,-0.0032726089,0.06456027,0.043495003,0.022843227,-0.04676761
2337,0.58943695,0.18888433,0.28544286,0.19915794,0.3039941,-0.010273606
2338,0.9626453,0.15950996,0.26529548,0.18767907,0.6973498,-0.02816911
2339,0.5227323,0.16777156,0.22046366,0.1577249,0.30226865,0.010046661
2340,0.044013344,-0.027609471,0.050908938,0.02722434,-0.0068955943,-0.05483381
2341,0.078563936,0.018115235,0.03276128,0.01720691,0.045802657,0.00090832636
2342,0.48031765,0.19717038,0.24296494,0.1452347,0.23735271,0.051935673
2343,0.8747437,0.26751992,0.37515682,0.25072616,0.49958688,0.016793758
2344,0.6911603,0.16272612,0.2275421,0.1598029,0.46361822,0.0029232204
2345,0.2887116,0.058332954,0.09703057,0.067523174,0.19168103,-0.00919022
2346,0.450971,0.17046718,0.16526197,0.11372302,0.28570902,0.056744166
2347,0.8901595,0.2448927,0.3443663,0.2185371,0.5457932,0.026355594
2348,1.4124218,0.28119352,0.42066306,0.31125128,0.99175876,-0.030057758
2349,0.072866544,0.061303783,0.047474865,0.038294252,0.02539168,0.023009531
2350,0.51610607,0.11731999,0.2002158,0.13610198,0.31589025,-0.018781982
2351,0.12470589,0.03320827,0.058533445,0.03883776,0.06617244,-0.005629491
2352,0.8809745,0.3290034,0.39326733,0.2789778,0.48770714,0.050025582
2353,0.22750382,0.06827252,0.07190209,0.05763171,0.15560174,0.010640815
2354,1.028444,0.24305597,0.31116787,0.21761547,0.7172762,0.0254405
2355,0.621633,0.18009938,0.19119017,0.14283812,0.4304428,0.037261263
2356,0.87046814,0.2207271,0.34499606,0.24992725,0.52547204,-0.029200152
2357,0.42840105,0.03334131,0.15343861,0.09955873,0.27496243,-0.06621742
2358,0.63766825,0.13586777,0.18986054,0.14538239,0.44780773,-0.009514615
2359,0.12037188,0.01826097,0.10369587,0.063330606,0.016676009,-0.045069635
2360,0.18076606,0.034617938,0.028992519,0.020604897,0.15177354,0.014013041
2361,0.72020656,0.10671736,0.16907714,0.112064086,0.5511294,-0.005346723
2362,1.0705023,0.32530928,0.44773853,0.33095092,0.62276375,-0.005641639
2363,0.8830498,0.1870989,0.27371478,0.18763377,0.609335,-0.0005348623
2364,0.7042381,0.16218032,0.18324403,0.14211783,0.52099407,0.020062491
2365,1.3088787,0.27287477,0.38190654,0.259471,0.92697215,0.013403773
2366,1.1917375,0.15534545,0.22535379,0.16943866,0.96638376,-0.014093205
2367,0.44666094,0.1692469,0.23170622,0.16524293,0.21495472,0.004003972
2368,0.7395954,0.22376491,0.27684548,0.2173172,0.46274993,0.0064477175
2369,0.88889784,0.24623959,0.2887955,0.19879097,0.6001023,0.04744862
2370,0.073355444,0.022082208,0.02669981,0.019435536,0.046655633,0.0026466716
2371,0.20922592,0.02993899,0.0570146,0.041834522,0.15221132,-0.011895532
2372,1.1577394,0.25608557,0.31496897,0.23417787,0.84277046,0.021907702
2373,0.08496386,0.0644913,0.0664233,0.051830813,0.018540561,0.0126604885
2374,0.039604284,0.12800543,0.028159011,0.020389726,0.011445273,0.1076157
2375,0.133349,0.05380883,0.056699816,0.0470359,0.07664919,0.0067729317
2376,0.08874132,0.06247913,0.03494631,0.026552493,0.053795006,0.03592664
2377,0.5868497,0.20130798,0.28810492,0.18387504,0.29874477,0.017432943
2378,1.1154175,0.33198127,0.43488634,0.28422156,0.68053114,0.04775971
2379,0.24599543,-0.009168197,0.067001425,0.04078095,0.178994,-0.049949147
2380,0.67758095,0.19423598,0.2240343,0.16764452,0.45354664,0.026591465
2381,0.82216454,0.22651257,0.306057,0.21179815,0.51610756,0.01471442
2382,0.12557614,0.05867813,0.049548626,0.03352259,0.07602751,0.02515554
2383,0.44733158,0.089153506,0.13706055,0.09394203,0.31027102,-0.0047885254
2384,1.221807,0.36328417,0.52155054,0.34320596,0.70025647,0.020078212
2385,1.0229994,0.30283454,0.3921007,0.27537474,0.6308987,0.0274598
2386,0.6695885,0.18262483,0.25858393,0.17392665,0.41100457,0.00869818
2387,0.9199432,0.20276216,0.2668273,0.17466503,0.6531159,0.028097123
2388,0.44981548,0.11697994,0.124889195,0.079557054,0.3249263,0.037422888
2389,0.6189957,0.15890798,0.18914272,0.12341824,0.42985302,0.035489738
2390,0.551596,0.18127197,0.22772017,0.16252606,0.3238758,0.018745914
2391,0.926677,0.18253571,0.25526223,0.17865656,0.67141473,0.0038791448
2392,0.7410391,0.18515827,0.2490752,0.19393253,0.4919639,-0.008774266
2393,0.097928464,0.14753063,0.07194713,0.054228295,0.025981337,0.09330234
2394,0.9521431,0.27783144,0.37369862,0.26821354,0.5784445,0.009617895
2395,1.0068771,0.16979039,0.2616117,0.18166642,0.74526536,-0.011876032
2396,-0.008996814,0.114137016,0.010144397,0.0038092693,-0.01914121,0.11032775
2397,0.14218709,0.17521863,0.0690545,0.04771783,0.07313259,0.1275008
2398,0.17353214,0.03911332,0.07159881,0.047567338,0.10193333,-0.008454017
2399,0.8551574,0.23673418,0.25346857,0.19467926,0.6016888,0.04205492
2400,0.320078,0.11842851,0.09981066,0.06491908,0.22026733,0.053509437
2401,1.100535,0.16170794,0.19749841,0.1443336,0.9030366,0.017374337
2402,0.09884861,0.030805204,0.031083075,0.025141208,0.067765534,0.0056639966
2403,0.05499942,0.16699363,0.03420315,0.022088092,0.02079627,0.14490554
2404,0.059042424,0.059143174,0.034392647,0.02606541,0.024649777,0.033077765
2405,0.2820879,0.057342377,0.09167477,0.0638356,0.19041312,-0.006493222
2406,0.071381524,0.049066387,0.04932715,0.037628423,0.022054374,0.011437964
2407,0.8069794,0.2748616,0.39513165,0.29081506,0.41184777,-0.015953451
2408,0.2947692,0.13942133,0.21386507,0.14005882,0.080904126,-0.0006374866
2409,0.053568274,0.0062725805,0.0092082145,0.006146872,0.04436006,0.00012570852
2410,0.06586582,-0.0053361324,0.033200573,0.021128189,0.03266525,-0.02646432
2411,0.20537236,-0.021723855,0.071214736,0.042006712,0.13415763,-0.06373057
2412,0.8796455,0.25438538,0.33054504,0.25169536,0.5491005,0.0026900172
2413,0.7228455,0.13788486,0.2552938,0.16666856,0.4675517,-0.028783709
2414,0.93716073,0.3294957,0.45074084,0.33003807,0.4864199,-0.00054237247
2415,0.066102095,0.07355935,0.073671706,0.054220743,-0.007569611,0.019338608
2416,0.3346994,0.09089755,0.23109272,0.12456339,0.10360667,-0.033665836
2417,0.30565414,0.081004165,0.117234886,0.08886262,0.18841925,-0.007858455
2418,0.93993443,0.23502202,0.26754245,0.19756016,0.672392,0.037461862
2419,0.89146507,0.12378574,0.16261096,0.11165453,0.7288541,0.012131214
2420,0.89171076,0.12196179,0.17366642,0.123393275,0.71804434,-0.0014314875
2421,0.7367567,0.18775393,0.25914586,0.19704036,0.47761083,-0.009286433
2422,0.77230257,0.2505053,0.33752555,0.251664,0.43477702,-0.0011587143
2423,0.749137,0.23995024,0.23065507,0.16333935,0.5184819,0.07661089
2424,0.83223784,0.119048,0.22362778,0.13137788,0.60861003,-0.012329876
2425,0.9069909,0.25075406,0.35549316,0.24831936,0.5514977,0.0024347007
2426,0.53878886,0.20208302,0.24562353,0.1626236,0.29316533,0.039459422
2427,0.2554205,0.07039023,0.09866725,0.06388048,0.15675326,0.006509751
2428,0.7979767,0.32546943,0.36992404,0.2753116,0.42805263,0.050157845
2429,0.61023074,0.124540605,0.13070163,0.09948935,0.4795291,0.025051251
2430,0.777888,0.17444575,0.29051334,0.19510221,0.48737466,-0.020656466
2431,0.41058734,0.11862355,0.13305874,0.10012108,0.27752858,0.018502466
2432,0.5507536,0.17938536,0.25641343,0.17034735,0.29434016,0.009038016
2433,-0.043613344,0.1355589,0.046046678,0.033934668,-0.08966002,0.101624236
2434,0.45703536,0.034578428,0.10500149,0.0744429,0.35203388,-0.039864473
2435,0.19185367,0.056832105,0.07685706,0.057204705,0.11499661,-0.0003725998
2436,0.0727959,0.022756848,0.053383958,0.039650455,0.01941194,-0.016893607
2437,1.0282475,0.15486313,0.28285506,0.18261507,0.74539244,-0.027751938
2438,1.2584659,0.21381867,0.35323527,0.24758884,0.90523064,-0.033770174
2439,0.7581119,0.18821448,0.23732159,0.16643094,0.52079034,0.021783546
2440,0.0339268,0.1363914,0.07718813,0.052591294,-0.043261327,0.08380011
2441,1.1951628,0.2157275,0.32311177,0.2366983,0.872051,-0.020970806
2442,1.3033731,0.27566963,0.4889235,0.3105243,0.8144496,-0.03485468
2443,0.97946614,0.18815544,0.23286198,0.16767702,0.74660414,0.020478427
2444,0.64230114,0.14051251,0.20369054,0.14919257,0.4386106,-0.0086800605
2445,0.6762388,0.14356072,0.24110207,0.16662319,0.4351367,-0.023062468
2446,0.24650359,0.05520568,0.0941249,0.06114064,0.1523787,-0.005934961
2447,0.10173069,0.012906511,0.03407627,0.022654619,0.067654416,-0.009748108
2448,-0.019913591,0.116761565,0.021392005,0.008995342,-0.041305594,0.107766226
2449,0.58542186,0.14452407,0.2115685,0.14117184,0.37385336,0.0033522248
2450,0.7308705,0.31101373,0.37390235,0.2886883,0.35696813,0.022325426
2451,0.88312393,0.16285221,0.3024205,0.20819901,0.58070344,-0.045346797
2452,0.69227797,0.10741444,0.18730839,0.13850181,0.5049696,-0.031087369
2453,1.1899028,0.1591269,0.20056348,0.14199902,0.9893393,0.017127872
2454,-0.01760735,0.118710585,0.019719219,0.009885153,-0.037326567,0.10882543
2455,0.20777233,0.1333666,0.08929648,0.0579068,0.11847585,0.0754598
2456,1.2426292,0.16439618,0.28694403,0.18475758,0.95568514,-0.020361394
2457,0.26468533,0.01714415,0.15330037,0.085334465,0.11138496,-0.068190314
2458,0.80611706,0.21814525,0.29623008,0.21999644,0.509887,-0.0018511862
2459,0.85878074,0.12575264,0.19335157,0.13372526,0.6654292,-0.007972613
2460,0.8317959,0.22889537,0.35903817,0.23424467,0.4727577,-0.0053493083
2461,0.4627471,0.12676279,0.1747109,0.122043334,0.2880362,0.0047194585
2462,0.62661994,0.14519203,0.18026204,0.13017064,0.4463579,0.015021384
2463,0.16316853,0.13937752,0.07193367,0.044451237,0.09123486,0.09492628
2464,1.0345122,0.19984691,0.22109394,0.15156946,0.8134182,0.048277453
2465,0.08881535,0.05672068,0.032651313,0.026200244,0.056164034,0.030520437
2466,0.95845693,0.21725196,0.31357086,0.22981435,0.6448861,-0.012562394
2467,0.22148925,0.096940465,0.077327564,0.06469078,0.14416169,0.03224968
2468,1.018702,0.22985198,0.36432898,0.23031253,0.65437305,-0.0004605502
2469,0.6418043,0.07237156,0.1484497,0.10255194,0.49335456,-0.03018038
2470,0.25947967,0.06058548,0.09306992,0.065933324,0.16640976,-0.005347844
2471,0.31068444,0.06852715,0.16428101,0.10305017,0.14640343,-0.034523025
2472,0.7644277,0.22487585,0.28053012,0.2059655,0.4838976,0.018910348
2473,0.23393764,0.0016191493,0.056303605,0.041237127,0.17763403,-0.039617978
2474,0.91007423,0.17702362,0.23029782,0.1584659,0.67977643,0.018557712
2475,0.67608225,0.18582882,0.25306937,0.17758259,0.42301288,0.008246228
2476,0.6405538,0.23676248,0.30267727,0.21184234,0.3378765,0.024920136
2477,0.9663442,0.23867562,0.3111347,0.21025684,0.6552095,0.02841878
2478,0.7851513,0.20386572,0.2667646,0.2115139,0.5183867,-0.007648185
2479,0.5913837,0.1556394,0.1933128,0.14210148,0.3980709,0.013537914
2480,1.0819216,0.18985885,0.31079257,0.21591835,0.771129,-0.026059493
2481,0.76762205,0.27015275,0.37264347,0.27249196,0.39497858,-0.002339214
2482,0.1264733,0.06420934,0.05043152,0.037204757,0.07604177,0.027004585
2483,0.21291927,0.021503462,0.025954675,0.01824191,0.18696459,0.0032615513
2484,0.11684793,0.05047405,0.046354923,0.029535884,0.07049301,0.020938167
2485,1.3045634,0.36091697,0.6201883,0.3914864,0.6843751,-0.030569434
2486,1.0728391,0.32622135,0.44052354,0.3154312,0.63231564,0.010790139
2487,0.5240093,0.182071,0.22456811,0.16627583,0.29944116,0.015795171
2488,-0.027296167,-0.026126001,0.011502032,0.0065743397,-0.038798198,-0.03270034
2489,0.46368825,0.08811644,0.14570282,0.10315913,0.31798542,-0.015042692
2490,0.88550717,0.2711371,0.38196862,0.26227072,0.50353855,0.00886637
2491,0.8680322,0.24416405,0.30143693,0.21875131,0.5665953,0.025412738
2492,1.4016825,0.28662515,0.44806445,0.2917999,0.95361805,-0.005174756
2493,0.9296242,0.16646892,0.19912122,0.13868544,0.73050296,0.027783483
2494,0.8740554,0.18939088,0.2921119,0.18428707,0.5819435,0.0051038116
2495,0.20935126,0.21211869,0.12622736,0.10640946,0.08312389,0.105709225
2496,0.017544178,0.013284853,0.04314301,0.018048478,-0.025598833,-0.0047636256
2497,0.1283229,-0.0063673207,0.056641027,0.03307979,0.07168187,-0.039447114
2498,0.76335365,0.1427052,0.23284917,0.14533474,0.53050447,-0.0026295334
2499,-0.0028378137,0.022470647,0.004636597,0.006337162,-0.0074744103,0.016133485
2500,0.64236265,0.1530327,0.20913099,0.14993839,0.43323165,0.0030943155
2501,0.4542765,0.19081427,0.1886665,0.14005946,0.26561,0.050754815
2502,0.19455706,0.069817886,0.13377409,0.0884824,0.06078297,-0.018664517
2503,0.940652,0.22128561,0.28646296,0.20163678,0.65418905,0.019648835
2504,0.23025185,0.064279035,0.07932953,0.059481226,0.15092233,0.004797809
2505,0.74732304,0.2730752,0.32773873,0.22831377,0.4195843,0.04476142
2506,1.0542189,0.19298679,0.2542341,0.1971159,0.7999848,-0.0041291118
2507,0.3441339,0.13978659,0.1659048,0.12843485,0.17822911,0.011351734
2508,1.3067214,0.32990506,0.47558513,0.32642666,0.83113635,0.0034784079
2509,0.20153975,0.18093963,0.07952848,0.06095036,0.122011274,0.11998927
2510,0.7981351,0.1574154,0.19639573,0.14153017,0.6017394,0.015885234
2511,0.3246881,0.13762762,0.11981085,0.08526403,0.20487726,0.05236359
2512,1.1364254,0.2760059,0.3832662,0.25831902,0.75315917,0.017686874
2513,0.5277678,0.08322647,0.113854975,0.08035854,0.4139128,0.0028679296
2514,0.31228969,0.15525056,0.098746635,0.070681475,0.21354306,0.08456909
2515,0.06862193,-0.01778731,0.035293676,0.023753926,0.033328258,-0.041541234
2516,0.25716317,0.03741255,0.043511294,0.03173653,0.21365187,0.00567602
2517,0.68521225,0.22539218,0.2547717,0.17362566,0.43044055,0.051766515
2518,0.88433546,0.31928098,0.44716159,0.33806533,0.43717387,-0.018784344
2519,0.89625746,0.16766647,0.23967253,0.17077635,0.6565849,-0.0031098872
2520,1.1535125,0.39079246,0.4652628,0.3524707,0.6882497,0.038321763
2521,0.10652816,0.014888163,0.049929846,0.0363029,0.056598317,-0.021414738
2522,0.6190641,0.18129255,0.24339725,0.17097683,0.37566686,0.010315716
2523,0.71477675,0.25748116,0.36304164,0.2417298,0.35173512,0.015751362
2524,0.29391226,0.032120056,0.0858787,0.053954888,0.20803356,-0.021834832
2525,-0.036078624,-0.04072523,0.026207555,0.012612807,-0.06228618,-0.053338036
2526,1.0225748,0.23362505,0.3610468,0.25491625,0.661528,-0.021291196
2527,0.8466009,0.17817363,0.25177112,0.1783958,0.5948298,-0.00022216141
2528,0.820555,0.18541932,0.35021043,0.236619,0.47034454,-0.051199675
2529,0.78130263,0.3249854,0.42024302,0.29745108,0.3610596,0.027534336
2530,0.22122833,0.12078481,0.14512171,0.10301106,0.07610662,0.017773755
2531,0.29052666,0.14179164,0.20016107,0.1290343,0.09036559,0.012757346
2532,0.08472652,-0.0038406316,0.029855218,0.018071055,0.054871302,-0.021911686
2533,0.27344507,0.12126154,0.120747894,0.08433716,0.15269718,0.036924377
2534,1.225722,0.26311052,0.37321952,0.2702203,0.85250247,-0.007109791
2535,0.17622755,0.026909858,0.09806065,0.058070764,0.0781669,-0.031160906
2536,0.27453992,0.07581227,0.066363186,0.044299375,0.20817673,0.031512897
2537,0.7353789,0.25352332,0.28816718,0.21794692,0.44721174,0.035576403
2538,0.3167471,0.045956004,0.15399015,0.101172715,0.16275695,-0.05521671
2539,0.29020214,0.07869859,0.10347369,0.07332245,0.18672845,0.005376138
2540,0.5000353,0.13823697,0.2312891,0.14197479,0.2687462,-0.0037378222
2541,0.4879835,0.18635978,0.20908153,0.15327759,0.27890196,0.033082187
2542,0.03513985,0.122575566,0.07666397,0.05870416,-0.04152412,0.063871406
2543,0.16410519,0.08081449,0.053622004,0.04396088,0.110483184,0.036853608
2544,0.07567519,0.022960456,0.027269302,0.020981425,0.048405886,0.0019790307
2545,0.76412845,0.18036447,0.23533216,0.16963118,0.5287963,0.0107332915
2546,0.95819926,0.14086877,0.23046094,0.16839135,0.7277383,-0.027522579
2547,0.9277094,0.2893579,0.3312702,0.25859284,0.59643924,0.030765057
2548,1.250217,0.19854209,0.31094673,0.2060823,0.93927026,-0.007540211
2549,0.94924194,0.20046791,0.2656082,0.16926427,0.68363374,0.031203642
2550,0.5218961,0.061893083,0.0815355,0.05741584,0.4403606,0.004477244
2551,1.0771909,0.13827443,0.22153965,0.15834633,0.85565126,-0.020071894
2552,0.76567805,0.24209908,0.30529362,0.21882997,0.46038443,0.023269102
2553,0.73943007,0.16817196,0.11634427,0.089362584,0.6230858,0.07880937
2554,1.2127589,0.17731336,0.26380017,0.1892529,0.94895875,-0.0119395405
2555,0.7494339,0.08551897,0.1661792,0.117021024,0.5832547,-0.031502053
2556,0.076955326,0.05114617,0.053328916,0.039975747,0.02362641,0.011170421
2557,0.16806884,0.06045388,0.076098174,0.048597824,0.09197067,0.011856057
2558,0.48544878,0.15610924,0.1877773,0.13804421,0.2976715,0.018065035
2559,0.19346339,0.07561,0.07604616,0.05652206,0.117417224,0.019087937
