feature_idx,seq_effect_obs,struct_effect_obs,seq_effect_shuffle,struct_effect_shuffle,seq_delta,struct_delta
0,0.36351055,0.2436486,0.13901424,0.09288331,0.2244963,0.1507653
1,1.2055005,0.33971536,0.47656956,0.33853078,0.72893095,0.0011845827
2,0.5814488,0.17220645,0.22707047,0.1595127,0.35437834,0.012693748
3,0.88823175,0.30531895,0.47196183,0.31237274,0.41626993,-0.0070537925
4,0.18279731,0.017281845,0.07794146,0.045479167,0.10485585,-0.028197322
5,0.862263,0.17927203,0.24691683,0.17055897,0.6153462,0.008713052
6,0.63327014,0.31228745,0.37291995,0.25620133,0.2603502,0.056086123
7,0.21104656,0.12787628,0.1311893,0.10210227,0.07985726,0.02577401
8,0.109113604,0.0796024,0.05199252,0.03996246,0.057121083,0.03963994
9,0.09380817,0.002242055,0.036018454,0.023529062,0.057789713,-0.021287007
10,1.2167947,0.26128423,0.32198998,0.21551205,0.8948047,0.04577218
11,0.6823147,0.15251067,0.20157881,0.14954163,0.4807359,0.0029690415
12,0.19835109,0.06481958,0.041500974,0.032331675,0.15685011,0.032487907
13,0.90576446,0.23384407,0.36048567,0.23602255,0.5452788,-0.0021784753
14,0.5601291,0.08049936,0.116785936,0.08683672,0.44334316,-0.0063373595
15,0.12614214,0.04754597,0.03137574,0.024349906,0.09476641,0.023196064
16,0.936408,0.270051,0.3669063,0.25706476,0.5695017,0.012986243
17,0.6349727,0.2702247,0.31727818,0.24474967,0.31769451,0.025475025
18,0.991977,0.52241564,0.53716725,0.43337494,0.45480973,0.0890407
19,0.5717201,0.2474765,0.3117905,0.22111891,0.25992963,0.026357591
20,0.024546364,-0.034265198,0.0257665,0.013166022,-0.001220135,-0.04743122
21,0.100589946,0.034243982,0.016895229,0.01342046,0.08369472,0.020823523
22,0.18113323,0.06839676,0.09351058,0.050980438,0.08762264,0.017416324
23,0.8293095,0.24825168,0.34942487,0.2550037,0.47988465,-0.006752014
24,0.9465426,0.36802754,0.49682614,0.37995765,0.44971648,-0.011930108
25,0.6608414,0.23831394,0.36916035,0.2591247,0.29168105,-0.020810753
26,0.8041215,0.27741763,0.35441864,0.2633529,0.44970286,0.014064729
27,0.37502164,0.15284172,0.19190818,0.13810782,0.18311346,0.014733896
28,0.36430252,0.15155198,0.19905177,0.14328569,0.16525075,0.008266285
29,1.1841556,0.3420896,0.3893498,0.27265728,0.79480577,0.06943232
30,0.62815315,0.26189297,0.2953519,0.20724168,0.33280125,0.05465129
31,0.90007555,0.21280734,0.28375864,0.20276913,0.6163169,0.010038212
32,0.7419996,0.17812937,0.2634873,0.19027546,0.47851232,-0.0121460855
33,0.016396318,0.09193618,0.028175397,0.015885944,-0.011779079,0.07605024
34,0.21033302,0.04638536,0.1446514,0.08313105,0.06568162,-0.036745694
35,1.3868135,0.2756897,0.39020592,0.28913385,0.9966076,-0.013444155
36,0.14241411,-0.0021907652,0.10839184,0.060824852,0.03402227,-0.06301562
37,0.7689546,0.21195464,0.27941447,0.19827044,0.4895401,0.013684198
38,0.5090199,0.22045852,0.17287618,0.12506323,0.33614373,0.0953953
39,0.005314828,-0.032670237,0.032285918,0.017861458,-0.02697109,-0.050531693
40,0.81381476,0.17440155,0.28139785,0.1687691,0.53241694,0.005632445
41,0.35656893,0.15361825,0.21156174,0.1571963,0.1450072,-0.003578052
42,1.4715782,0.23191322,0.34068176,0.25173777,1.1308964,-0.01982455
43,0.80218107,0.26959386,0.327223,0.2577387,0.47495806,0.011855155
44,0.23967884,0.090300456,0.08887539,0.06039112,0.15080345,0.029909335
45,1.0380335,0.2127035,0.3236659,0.21843255,0.7143676,-0.0057290494
46,0.69780695,0.3217697,0.3551564,0.26519036,0.34265056,0.05657935
47,0.786248,0.12297933,0.17867866,0.11054861,0.60756934,0.01243072
48,1.0506207,0.12629902,0.23229213,0.15192594,0.81832856,-0.025626913
49,0.7278231,0.28298107,0.28621966,0.19865927,0.44160342,0.0843218
50,0.6049258,0.23989345,0.32504854,0.22421154,0.27987728,0.015681908
51,1.1398423,0.31711742,0.3585044,0.26358145,0.78133786,0.053535968
52,0.7057205,0.15897916,0.27308634,0.18121971,0.43263415,-0.02224055
53,0.8835359,0.07714049,0.15815443,0.11726721,0.7253815,-0.04012672
54,1.3649317,0.2850672,0.40625903,0.3040015,0.95867264,-0.01893431
55,0.08088291,0.09875331,0.052481458,0.034906525,0.02840145,0.06384678
56,1.237113,0.27080962,0.4539514,0.2940429,0.78316164,-0.023233265
57,1.4452943,0.33419082,0.541846,0.37750053,0.9034483,-0.04330972
58,1.0264131,0.30947268,0.4082719,0.29180008,0.6181412,0.017672598
59,0.8548193,0.29597497,0.35907948,0.23564844,0.49573982,0.06032653
60,0.06119182,0.039467867,0.021046638,0.019950422,0.04014518,0.019517446
61,0.20312537,0.09366296,0.14018908,0.08377757,0.06293629,0.009885393
62,-0.014316813,0.0064233467,0.01029668,0.0063016335,-0.024613492,0.00012171315
63,-0.07895472,0.045494843,0.03885216,0.029389193,-0.11780688,0.01610565
64,0.10475304,0.041645214,0.08547541,0.059125587,0.019277632,-0.017480373
65,0.14083783,0.06435784,0.05667298,0.040602602,0.08416486,0.023755237
66,0.9396624,0.1687503,0.18918918,0.13578732,0.7504732,0.032962978
67,0.043429606,0.04141922,0.030590193,0.027529392,0.012839412,0.013889827
68,0.22205009,0.053793855,0.078323595,0.053443532,0.1437265,0.00035032257
69,1.1188109,0.25589627,0.37959954,0.26166138,0.7392113,-0.0057651103
70,0.6135976,0.08849971,0.16184492,0.1070178,0.45175266,-0.01851809
71,0.15424138,0.100688756,0.09104809,0.05346566,0.06319329,0.047223095
72,0.86773896,0.18398473,0.39018014,0.24020869,0.47755882,-0.05622396
73,1.1668041,0.21291047,0.31698334,0.20804249,0.84982073,0.004867986
74,0.1722905,0.08424519,0.09251915,0.05720386,0.079771355,0.027041331
75,1.1556259,0.1969376,0.28478417,0.19335733,0.87084174,0.0035802722
76,0.4051169,0.060068,0.16508795,0.10025978,0.24002893,-0.04019178
77,0.104292944,0.050727762,0.017416453,0.010918062,0.08687649,0.0398097
78,1.1907219,0.17692989,0.35516298,0.24412432,0.8355589,-0.06719443
79,0.73559713,0.11383083,0.20970744,0.13470313,0.5258897,-0.020872302
80,0.15461877,0.07136043,0.048210666,0.02421116,0.106408104,0.04714927
81,0.57443035,0.16700773,0.22674647,0.16872826,0.34768388,-0.0017205328
82,0.28893778,0.061879385,0.11507667,0.073375866,0.17386112,-0.011496481
83,0.3125724,0.09151513,0.11558067,0.08267713,0.19699171,0.008837998
84,0.9516095,0.1434868,0.22642529,0.14383408,0.7251842,-0.00034728646
85,-0.00012580851,-0.018829957,0.030726442,0.01919003,-0.03085225,-0.038019985
86,0.107488714,-0.016322838,0.06386274,0.03833504,0.043625973,-0.054657876
87,1.0209088,0.33929232,0.41839698,0.2692476,0.6025119,0.070044726
88,0.594416,0.24581352,0.28840575,0.22730772,0.30601028,0.018505797
89,0.21892199,0.086670324,0.1012919,0.077744916,0.11763009,0.008925408
90,0.06476632,0.056592364,0.02392169,0.020072525,0.040844627,0.03651984
91,0.4649673,0.15178218,0.14019637,0.10494282,0.32477093,0.046839364
92,0.42571473,0.08321608,0.16846198,0.10217063,0.25725275,-0.018954553
93,0.12099811,0.011288067,0.03948681,0.030870233,0.0815113,-0.019582165
94,0.05684827,0.04830631,0.05072247,0.041831356,0.0061258003,0.006474953
95,0.83565646,0.14047503,0.17488727,0.12778975,0.6607692,0.012685284
96,-0.0070138206,0.04361512,0.014167404,0.015189447,-0.021181224,0.028425675
97,1.2213848,0.07531365,0.108707406,0.07594627,1.1126773,-0.00063262135
98,0.35932687,0.14769031,0.19425344,0.13345766,0.16507342,0.01423265
99,0.11870651,-0.030354057,0.035917416,0.018614566,0.08278909,-0.04896862
100,0.5595797,0.23363246,0.228262,0.17261757,0.33131766,0.06101489
101,0.6812382,0.22514202,0.30119815,0.2309616,0.38004002,-0.005819589
102,0.96406287,0.21037069,0.38193992,0.22176656,0.5821229,-0.011395872
103,1.2099136,0.14116107,0.26063222,0.16365679,0.9492814,-0.022495717
104,0.22648562,0.06733819,0.08656172,0.055255298,0.1399239,0.012082893
105,0.8718197,0.2425179,0.32977816,0.25274542,0.54204154,-0.010227516
106,0.77118045,0.14571878,0.20978607,0.14053212,0.5613944,0.005186662
107,0.8546621,0.2535668,0.3060442,0.21711119,0.54861796,0.036455616
108,0.2089224,0.2534386,0.14735599,0.090013266,0.061566412,0.16342533
109,1.0102054,0.16631818,0.28673875,0.17702189,0.72346663,-0.010703713
110,1.011528,0.22238658,0.37375954,0.23276559,0.6377685,-0.0103790015
111,0.10531515,0.019917939,0.034462743,0.02145245,0.07085241,-0.0015345104
112,0.9745807,0.33278906,0.45519775,0.3077794,0.51938295,0.025009662
113,0.6190433,0.2131102,0.3083306,0.20932636,0.3107127,0.003783837
114,0.11988199,0.016668513,0.056000967,0.03196897,0.063881025,-0.015300456
115,0.8362358,0.24390323,0.35265884,0.25193703,0.48357698,-0.008033797
116,0.072177194,0.05156725,0.03186517,0.022136355,0.040312026,0.029430894
117,0.05520783,-0.03599441,0.018526874,0.008965352,0.036680955,-0.04495976
118,1.0440172,0.14749673,0.25975814,0.18396533,0.7842591,-0.036468595
119,0.20410012,0.10152273,0.1632503,0.11545043,0.04084982,-0.013927698
120,1.2865837,0.32489574,0.3498484,0.24273252,0.9367353,0.082163215
121,0.17561063,0.045225773,0.07783361,0.0519567,0.097777024,-0.0067309253
122,1.3468974,0.20987377,0.3589911,0.22555529,0.9879063,-0.01568152
123,0.2996881,0.0860855,0.09299174,0.07052651,0.20669636,0.015558988
124,0.19791271,0.096581995,0.13640259,0.09646365,0.061510116,0.00011834502
125,0.2059406,0.15228157,0.12441839,0.08975718,0.08152221,0.062524386
126,0.22412997,0.11445078,0.09484522,0.06747175,0.12928475,0.046979032
127,1.1939435,0.3296648,0.49448287,0.31688243,0.6994606,0.012782365
128,0.7137223,0.22421731,0.2894157,0.20838684,0.4243066,0.015830472
129,0.24647275,0.079079114,0.091360435,0.07060502,0.15511231,0.008474097
130,0.4967515,0.11197043,0.21927615,0.14736038,0.27747536,-0.035389952
131,1.5309995,0.38165927,0.6651546,0.4338224,0.86584496,-0.052163124
132,0.9676827,0.21634762,0.25513658,0.17234963,0.7125461,0.043997988
133,0.59018666,0.31135616,0.34780625,0.2225966,0.24238041,0.08875956
134,0.95293,0.27519587,0.40026757,0.2757477,0.5526624,-0.0005518198
135,0.7645182,0.22255759,0.27555484,0.19925497,0.48896337,0.023302615
136,0.18928279,0.07265135,0.066156805,0.04943032,0.123125985,0.02322103
137,0.6684106,0.15821555,0.26405966,0.159189,0.40435094,-0.00097344816
138,0.5532306,0.19864018,0.29888648,0.18608461,0.2543441,0.012555569
139,0.23961933,-0.0059718993,0.09565479,0.063929886,0.14396453,-0.06990179
140,0.98438954,0.19622236,0.2304518,0.17045513,0.7539377,0.025767237
141,0.55179715,0.07620693,0.11632516,0.07914261,0.43547198,-0.0029356778
142,0.88833654,0.12004517,0.22094685,0.15793432,0.6673897,-0.037889153
143,0.12394524,0.05270633,0.037021972,0.02672481,0.08692327,0.025981521
144,0.41813126,0.24103852,0.25720498,0.17709003,0.16092628,0.06394848
145,0.09679403,0.09596689,0.066010416,0.04264383,0.030783616,0.05332306
146,0.4343293,0.1050346,0.15158863,0.10922101,0.28274065,-0.004186414
147,1.0687232,0.28443727,0.3480581,0.25520027,0.7206651,0.029237002
148,0.6123333,0.17791682,0.24113901,0.17450933,0.3711943,0.0034074932
149,1.2825534,0.19859575,0.32721454,0.22511746,0.9553389,-0.026521713
150,0.061415937,0.12408374,0.0341777,0.020503774,0.027238239,0.10357997
151,0.6772695,0.14408956,0.27328077,0.1744457,0.40398875,-0.030356139
152,0.2150217,0.04199252,0.036744613,0.027204698,0.17827709,0.014787821
153,0.7862526,0.13682587,0.21718845,0.15829903,0.56906414,-0.021473154
154,0.76284677,0.2846568,0.34291935,0.24860622,0.41992742,0.036050573
155,-0.03441102,0.12305924,0.010802449,0.0038288094,-0.04521347,0.119230434
156,-0.03300147,-0.00615285,0.009225897,0.010088111,-0.04222737,-0.016240962
157,0.65626204,0.21599466,0.24969558,0.17649473,0.40656644,0.039499924
158,0.92653334,0.17476937,0.32452995,0.22000217,0.6020034,-0.045232803
159,1.0633421,0.25232866,0.30325836,0.21134715,0.76008373,0.040981516
160,1.3557376,0.323409,0.3909479,0.2924698,0.9647896,0.030939192
161,1.0558729,0.24650158,0.36392486,0.24983612,0.69194806,-0.0033345371
162,0.9858737,0.2537098,0.3493817,0.28483316,0.636492,-0.03112337
163,0.39664945,0.18574712,0.17945434,0.12707992,0.21719511,0.058667198
164,1.1350565,0.27128646,0.4349613,0.29337907,0.7000952,-0.02209261
165,1.0093898,0.25920254,0.3403442,0.24643542,0.66904557,0.012767121
166,1.0848742,0.4402798,0.59579057,0.4197535,0.4890836,0.02052632
167,0.11343012,0.052662488,0.061494168,0.045254584,0.051935952,0.0074079037
168,0.23152506,0.03603191,0.08043474,0.059308723,0.15109032,-0.023276813
169,1.0236193,0.46111837,0.58311826,0.40627643,0.44050103,0.054841936
170,0.2677139,0.051355407,0.04008973,0.02312015,0.22762418,0.028235257
171,1.1392686,0.23459035,0.30494592,0.19925903,0.8343227,0.035331324
172,0.6910461,0.18912429,0.23107594,0.18068497,0.45997018,0.008439317
173,0.9678244,0.40368927,0.50389916,0.37645778,0.46392524,0.027231485
174,0.34876493,0.16664466,0.097417004,0.0721539,0.25134793,0.09449076
175,0.7375522,0.18648694,0.22657081,0.15733881,0.51098144,0.029148132
176,1.0085216,0.23047133,0.24065134,0.18128408,0.7678702,0.049187243
177,0.036351774,-0.035504878,0.012445321,0.009207195,0.023906453,-0.044712074
178,0.6275261,0.14558546,0.229375,0.16034138,0.3981511,-0.01475592
179,0.21975285,0.097294375,0.1273337,0.089313924,0.09241915,0.007980451
180,0.056061413,0.056658123,0.08717981,0.06519101,-0.031118397,-0.008532885
181,0.7861222,0.30754086,0.41376138,0.30468357,0.37236083,0.0028572977
182,0.099911906,0.03199624,0.021187058,0.013342921,0.078724846,0.018653318
183,1.0155784,0.2547451,0.30941284,0.20473371,0.70616555,0.05001138
184,0.784084,0.15169181,0.23490004,0.16023691,0.54918396,-0.008545101
185,0.5820859,0.10595788,0.16618021,0.11621851,0.4159057,-0.010260627
186,1.101196,0.30518582,0.4781291,0.30281812,0.62306696,0.002367705
187,0.5791623,0.11735137,0.17956127,0.13356361,0.39960104,-0.01621224
188,0.2342112,0.019195119,0.08404685,0.054438982,0.15016437,-0.03524386
189,1.0828687,0.21924342,0.27975947,0.18709777,0.8031092,0.03214565
190,0.048953615,0.113192,0.042827204,0.03612583,0.0061264113,0.07706617
191,1.2615124,0.31688178,0.5425215,0.36127225,0.7189909,-0.04439047
192,-0.03821631,0.14907677,0.02234634,0.012129989,-0.06056265,0.13694678
193,0.91433907,0.31001842,0.44342163,0.30692762,0.47091743,0.0030907989
194,0.14643773,0.048676003,0.06801495,0.04868496,0.078422785,-8.955598e-06
195,1.1011304,0.3209316,0.4575427,0.30830678,0.6435877,0.01262483
196,0.92112976,0.19603695,0.401921,0.2601957,0.5192088,-0.06415875
197,1.0832857,0.30038127,0.38428536,0.29718253,0.69900036,0.0031987429
198,0.44697386,0.052451987,0.11500866,0.07983396,0.3319652,-0.027381975
199,0.91941684,0.1885276,0.26536158,0.19044755,0.65405524,-0.001919955
200,1.2750604,0.29049477,0.39908355,0.29220355,0.87597686,-0.0017087758
201,1.1556219,0.24088472,0.3587813,0.24863665,0.79684055,-0.007751927
202,0.42809013,0.12587345,0.13589892,0.113090515,0.2921912,0.012782931
203,0.30523244,0.14710608,0.15321884,0.11404228,0.1520136,0.0330638
204,1.1363004,0.2993889,0.3633555,0.26570046,0.7729449,0.033688426
205,1.2337669,0.38157725,0.6573017,0.41624352,0.5764652,-0.03466627
206,0.093901694,0.056563534,0.0596229,0.037714515,0.034278795,0.018849019
207,0.02958373,-0.011006271,0.017796602,0.012346761,0.011787128,-0.023353033
208,0.60716724,0.19032294,0.24770439,0.17409687,0.35946286,0.016226068
209,1.0306275,0.27662885,0.47407708,0.29790762,0.5565504,-0.021278769
210,1.2571248,0.205263,0.312424,0.21419987,0.9447008,-0.008936867
211,0.09436263,0.039443377,0.045156073,0.024376962,0.04920656,0.015066415
212,0.05788306,-0.009256006,0.046455745,0.025815077,0.011427317,-0.035071082
213,0.5632929,0.2290858,0.28372127,0.2038507,0.27957165,0.025235102
214,1.5022103,0.37799072,0.52791166,0.35413414,0.9742986,0.02385658
215,0.97415304,0.25670773,0.411924,0.24844955,0.56222904,0.008258179
216,1.0942038,0.1456296,0.25159308,0.17577791,0.8426107,-0.030148312
217,0.3685032,0.12371583,0.13805409,0.07795931,0.23044913,0.045756526
218,1.3625178,0.25453204,0.32375365,0.23289229,1.0387642,0.02163975
219,0.10295704,0.046366163,0.021113815,0.013232044,0.08184323,0.033134118
220,0.86816496,0.2961935,0.49909174,0.31279746,0.3690732,-0.016603947
221,0.91013,0.27329713,0.36890706,0.24214338,0.54122293,0.031153753
222,1.2577989,0.30649036,0.44313106,0.31590527,0.8146678,-0.009414911
223,0.79796684,0.20222966,0.28282273,0.19655655,0.5151441,0.0056731105
224,0.38306504,0.081755765,0.11685296,0.08308942,0.26621208,-0.0013336539
225,0.13239126,0.09875692,0.0630456,0.038790565,0.06934566,0.05996635
226,0.26967633,0.10504638,0.07003922,0.055532504,0.19963712,0.049513873
227,0.51259166,0.18829264,0.22128084,0.16372648,0.29131082,0.024566159
228,0.060984522,0.17188321,0.067265555,0.049318496,-0.006281033,0.12256472
229,0.5387642,0.20265368,0.26001492,0.19624875,0.27874926,0.0064049214
230,0.36138073,0.1254175,0.15912822,0.11366722,0.2022525,0.011750281
231,0.6850037,0.17019577,0.24749744,0.18516923,0.43750626,-0.014973462
232,0.30771306,0.22021975,0.08230482,0.06267081,0.22540824,0.15754893
233,0.79986054,0.17327423,0.26436517,0.18072844,0.5354954,-0.0074542016
234,0.34400636,0.121383555,0.06446456,0.04031423,0.2795418,0.08106932
235,1.0044736,0.1976845,0.3178402,0.21366277,0.68663335,-0.015978277
236,0.2979327,0.0852363,0.10925825,0.06896781,0.18867446,0.016268492
237,0.08576533,0.07184788,0.11340595,0.08288074,-0.027640618,-0.011032864
238,0.9996312,0.26204985,0.31968236,0.2228639,0.67994887,0.039185956
239,1.2134274,0.3657877,0.5334648,0.3980089,0.67996264,-0.032221198
240,0.36295944,0.16628034,0.23165235,0.1540337,0.1313071,0.012246639
241,0.054934956,0.16714314,0.03436451,0.024093606,0.020570446,0.14304954
242,0.14850129,0.0858009,0.07454811,0.057795793,0.07395318,0.028005108
243,0.96370625,0.2370138,0.36172965,0.262145,0.60197663,-0.02513121
244,0.70161164,0.23863196,0.32540095,0.21777004,0.3762107,0.020861924
245,0.1839814,-0.010893455,0.056444086,0.034056332,0.12753731,-0.044949785
246,0.13744126,0.0111949695,0.045854155,0.027892819,0.09158711,-0.01669785
247,0.28695947,0.07855662,0.09907535,0.07460501,0.18788412,0.003951609
248,0.9268733,0.14260484,0.23090486,0.1649926,0.69596845,-0.022387758
249,1.1702108,0.19779165,0.3391833,0.23897205,0.8310275,-0.041180402
250,1.1420096,0.13037595,0.19086836,0.14280668,0.95114124,-0.0124307275
251,0.5761686,0.15542987,0.18234785,0.1330286,0.39382076,0.022401273
252,0.5112405,0.22684084,0.24833103,0.18753779,0.26290947,0.03930305
253,0.7057024,0.19351251,0.22619607,0.15842102,0.47950637,0.03509149
254,1.222341,0.17636022,0.30114934,0.19626808,0.9211916,-0.019907862
255,0.5357699,0.17882691,0.22570042,0.14773935,0.31006944,0.031087562
256,0.7824607,0.21346483,0.30208126,0.2107684,0.48037943,0.0026964247
257,0.8930713,0.15112163,0.3391424,0.21755768,0.55392885,-0.06643605
258,0.763517,0.19783017,0.2633495,0.18873912,0.5001675,0.009091049
259,0.043660276,-0.0033152094,0.060989227,0.03938181,-0.017328952,-0.04269702
260,1.3256596,0.2703001,0.33979282,0.2337684,0.9858668,0.036531687
261,0.8039255,0.1956838,0.2188993,0.17135057,0.5850262,0.024333239
262,0.11286126,0.05321701,0.05766073,0.043820243,0.055200532,0.009396765
263,0.21365473,0.06718127,0.05033658,0.044829708,0.16331814,0.02235156
264,0.50136423,0.22737055,0.23445168,0.17065436,0.26691255,0.05671619
265,0.6511942,0.19447155,0.24377409,0.17332274,0.40742013,0.021148816
266,0.31845844,0.030549804,0.13120589,0.07938347,0.18725255,-0.04883367
267,0.20069343,0.10472861,0.12328491,0.07437969,0.077408515,0.03034892
268,1.1104268,0.20737375,0.26612908,0.19004002,0.8442977,0.017333731
269,0.3439993,0.07198168,0.11122663,0.070629805,0.23277266,0.001351878
270,0.06265345,0.04237594,0.037575606,0.02939541,0.025077846,0.01298053
271,1.2562422,0.31844956,0.4726125,0.3387711,0.78362966,-0.020321548
272,0.06677987,0.04462747,0.04414322,0.036548294,0.022636648,0.008079175
273,0.6122505,0.18926659,0.25961396,0.17867407,0.35263655,0.01059252
274,1.5010434,0.27677327,0.40248767,0.2629763,1.0985558,0.013796985
275,0.56627864,0.13320091,0.17988056,0.12678179,0.38639808,0.006419122
276,0.7626419,0.11522428,0.19791226,0.1417136,0.56472963,-0.026489325
277,1.0847577,0.18963605,0.31984007,0.20522474,0.7649176,-0.015588686
278,0.88716984,0.19507256,0.37107608,0.24399616,0.51609373,-0.048923597
279,0.55590546,0.07727576,0.10914648,0.08132685,0.446759,-0.0040510893
280,1.2411076,0.5083265,0.6543998,0.49462357,0.5867078,0.013702899
281,0.86861515,0.26564148,0.39303073,0.2743244,0.47558442,-0.008682907
282,0.17651762,0.09629488,0.13178892,0.0928112,0.044728696,0.0034836829
283,0.9610655,0.1968705,0.35581768,0.22591306,0.6052478,-0.029042557
284,0.42398518,0.13933855,0.21804188,0.14241768,0.2059433,-0.0030791312
285,1.1202674,0.14484894,0.22212821,0.16649798,0.8981392,-0.021649033
286,0.30645484,0.10589862,0.15544873,0.10645854,0.1510061,-0.0005599186
287,0.455485,0.15365346,0.18063316,0.12689583,0.27485183,0.026757628
288,0.2991682,0.09369212,0.16661441,0.113508314,0.13255379,-0.019816197
289,0.08154574,0.023530498,0.06105719,0.03979782,0.020488549,-0.016267322
290,0.65127075,0.26118964,0.24369423,0.18939891,0.4075765,0.071790725
291,1.1237994,0.32708386,0.39990178,0.29244512,0.7238977,0.034638733
292,0.15590492,0.09134352,0.13866426,0.09388199,0.017240658,-0.002538465
293,0.9956644,0.2850289,0.29631293,0.22670193,0.6993515,0.058326975
294,0.042354513,0.10576329,0.03767496,0.02394109,0.004679553,0.081822194
295,0.03760798,-0.0393188,0.0322159,0.01471606,0.0053920783,-0.05403486
296,0.5216936,0.09237698,0.11866064,0.085375264,0.40303296,0.007001713
297,0.11431848,0.0030614464,0.05220206,0.033669554,0.06211642,-0.030608106
298,0.21141152,0.040669464,0.099285886,0.059222255,0.112125635,-0.018552791
299,0.8465312,0.14521626,0.26382646,0.1981996,0.5827048,-0.052983344
300,0.9455667,0.14068292,0.21808407,0.16017234,0.7274827,-0.019489422
301,0.10318931,0.06715005,0.09403378,0.072631866,0.009155534,-0.005481817
302,0.20151775,0.14472246,0.117509276,0.09159588,0.08400847,0.05312658
303,0.16478062,0.034438856,0.046073794,0.027995856,0.11870682,0.0064429995
304,0.5001583,0.12426693,0.19559671,0.118094385,0.30456161,0.0061725453
305,0.8334036,0.30088848,0.3846224,0.26771697,0.4487812,0.033171505
306,0.066834286,-0.005435998,0.039502405,0.026219511,0.027331881,-0.03165551
307,0.23790012,0.22857605,0.08903121,0.06701911,0.14886892,0.16155693
308,0.86399376,0.30761027,0.34637475,0.26329517,0.517619,0.0443151
309,1.3672523,0.12846938,0.22345977,0.16212763,1.1437926,-0.03365825
310,1.3871615,0.3872155,0.4804615,0.32817408,0.9067,0.05904141
311,0.039253127,0.06484808,0.01874553,0.016001113,0.020507596,0.048846968
312,0.84590065,0.34422636,0.4627607,0.34483674,0.38313997,-0.00061038136
313,0.8688392,0.27305597,0.43491212,0.30201846,0.4339271,-0.028962493
314,0.14608426,0.040214095,0.059469577,0.035887536,0.08661468,0.0043265596
315,0.9847557,0.3690408,0.43526614,0.315392,0.54948956,0.0536488
316,0.76109284,0.1974853,0.29829893,0.19707102,0.46279392,0.00041428208
317,0.64249134,0.27323925,0.3184903,0.2082269,0.32400104,0.06501235
318,0.05256613,-0.032496765,0.02138906,0.011989244,0.03117707,-0.04448601
319,0.30152324,0.11174207,0.14718185,0.09598599,0.15434138,0.015756086
320,0.59873825,0.18031618,0.20896667,0.15289459,0.38977158,0.027421594
321,1.4226828,0.17541316,0.28717366,0.21204525,1.1355091,-0.03663209
322,0.522949,0.19702184,0.28875294,0.19484468,0.23419604,0.002177164
323,-0.013238991,0.02010958,0.0054769395,0.0070295106,-0.01871593,0.01308007
324,0.25795993,0.06626944,0.08261488,0.059669346,0.17534506,0.006600097
325,0.25202936,0.052949734,0.067108214,0.047506396,0.18492115,0.0054433383
326,0.56139535,0.2878773,0.234857,0.18474872,0.32653835,0.10312857
327,0.23861086,0.057873793,0.05995997,0.04099648,0.17865089,0.016877312
328,0.9214489,0.29639226,0.4039484,0.2967032,0.5175005,-0.00031092763
329,0.2158328,0.042502142,0.064737424,0.04455136,0.15109538,-0.0020492189
330,0.5070583,0.23648512,0.25797346,0.1908662,0.24908486,0.04561892
331,0.22756216,0.04178039,0.10689446,0.061050363,0.120667696,-0.019269973
332,0.10720765,-0.04293055,0.025582546,0.013794908,0.081625104,-0.056725457
333,0.5411514,0.109207556,0.18267529,0.1277342,0.3584761,-0.018526644
334,0.8746216,0.28384116,0.34027424,0.23701519,0.5343474,0.046825975
335,0.33739856,0.209328,0.18513985,0.123151414,0.15225871,0.08617658
336,0.810634,0.25931877,0.37914032,0.26706737,0.4314937,-0.007748604
337,0.8781225,0.2512225,0.31748414,0.2220192,0.56063837,0.029203296
338,0.8549446,0.21578088,0.31180453,0.22187616,0.54314005,-0.0060952753
339,0.09135084,0.16531262,0.1186452,0.086858824,-0.02729436,0.078453794
340,0.058785487,0.017396482,0.026357308,0.015805176,0.03242818,0.0015913062
341,1.2238212,0.3211874,0.44282377,0.30768323,0.7809974,0.013504177
342,1.0348594,0.25032246,0.40083247,0.25325656,0.63402694,-0.0029340982
343,0.8174709,0.10446227,0.19482619,0.13918309,0.6226447,-0.034720816
344,0.23673826,0.051996708,0.08280215,0.05632138,0.15393612,-0.004324671
345,0.84718734,0.234795,0.30932623,0.21638733,0.5378611,0.018407673
346,0.7330607,0.21927801,0.2948775,0.20271054,0.43818322,0.016567469
347,0.35729492,0.18171684,0.2264863,0.14723492,0.13080862,0.034481928
348,1.2785568,0.22555335,0.3116414,0.233393,0.9669154,-0.00783965
349,0.0639859,0.14734975,0.04068526,0.03535691,0.02330064,0.111992836
350,0.8680843,0.3991231,0.31359294,0.25395063,0.5544914,0.14517248
351,1.0761523,0.26860186,0.373715,0.25992936,0.7024373,0.008672506
352,0.046854228,0.00826577,0.08468519,0.060244117,-0.037830964,-0.051978346
353,0.17733923,0.09222485,0.09915762,0.06818154,0.07818161,0.024043314
354,0.16954492,0.09865344,0.10900578,0.08124119,0.06053914,0.017412253
355,0.5773861,0.23337853,0.2576129,0.19382772,0.31977317,0.03955081
356,0.79843765,0.21183875,0.2532125,0.17535536,0.54522514,0.036483392
357,0.47785375,0.002894121,0.090527646,0.050051622,0.3873261,-0.0471575
358,0.6045495,0.16333576,0.22468826,0.15176676,0.37986127,0.011568993
359,0.26674956,0.19926052,0.1321394,0.09484357,0.13461016,0.10441695
360,0.4934852,0.2455349,0.26252806,0.16906638,0.23095715,0.07646851
361,0.2035912,0.07502158,0.08069518,0.05540029,0.122896016,0.01962129
362,0.9382637,0.26194942,0.33577755,0.2549161,0.60248613,0.0070333183
363,0.6299721,0.15814729,0.19375591,0.14646693,0.43621618,0.011680365
364,1.1046569,0.26318082,0.39728987,0.2865201,0.70736706,-0.023339272
365,0.3783761,0.049505923,0.09875114,0.061023105,0.27962494,-0.011517182
366,0.03863811,0.017243646,0.02518751,0.01717538,0.013450602,6.8265945e-05
367,0.89089227,0.21857814,0.33376163,0.23157616,0.55713063,-0.012998015
368,1.0733389,0.13706067,0.24522287,0.15858966,0.828116,-0.02152899
369,0.7820316,0.18923382,0.2578556,0.18487506,0.524176,0.0043587685
370,0.38256654,0.098815024,0.13057303,0.09795598,0.2519935,0.0008590445
371,0.6737641,0.1651606,0.26831734,0.1646197,0.40544677,0.00054089725
372,0.1630982,0.14776613,0.09252991,0.05832061,0.07056829,0.08944552
373,0.7344122,0.21212564,0.2794902,0.20976788,0.454922,0.002357766
374,0.6328905,0.38281393,0.4576115,0.3191399,0.17527902,0.06367403
375,0.6299876,0.13007726,0.20431854,0.15065797,0.42566907,-0.020580709
376,0.0945391,0.110906854,0.037074246,0.026459405,0.057464853,0.08444745
377,0.021826876,0.0034116432,0.022641778,0.010449084,-0.00081490166,-0.0070374412
378,0.25765318,0.057255853,0.081969984,0.05572989,0.1756832,0.0015259646
379,0.16368127,0.063255176,0.05530814,0.04715724,0.10837313,0.016097937
380,0.28658453,0.095293574,0.07341592,0.053007223,0.2131686,0.04228635
381,0.89075375,0.2133881,0.32750633,0.22065376,0.56324744,-0.007265657
382,0.6209619,0.14053293,0.15511142,0.11162415,0.46585047,0.028908774
383,1.1135426,0.17389469,0.25606826,0.18401879,0.8574743,-0.010124102
384,0.21544033,0.11572515,0.08354731,0.05985909,0.13189302,0.055866063
385,0.9764534,0.23587132,0.35563302,0.24065672,0.6208204,-0.0047854036
386,0.91711164,0.24867718,0.3800825,0.2606638,0.53702915,-0.011986628
387,0.92438567,0.19344519,0.2542859,0.17064162,0.67009974,0.022803575
388,0.12723947,-0.018147428,0.029385693,0.015536918,0.09785377,-0.033684347
389,0.17001764,0.020237153,0.09624059,0.07024069,0.07377706,-0.050003536
390,0.13666824,0.13621353,0.056560434,0.039904192,0.0801078,0.096309334
391,1.1954688,0.26708597,0.43064907,0.28744996,0.76481974,-0.020363986
392,0.68711823,0.33466813,0.38247976,0.28245762,0.30463848,0.05221051
393,0.9035709,0.19952872,0.30694953,0.22636116,0.5966214,-0.026832432
394,0.39131522,0.1438735,0.16294561,0.12485317,0.22836961,0.019020326
395,0.12961483,0.053013008,0.04960099,0.035373315,0.08001384,0.017639693
396,0.6825177,0.14321484,0.20465757,0.14113909,0.47786015,0.0020757467
397,0.720867,0.28836843,0.29343104,0.22872669,0.42743593,0.05964175
398,0.027713977,0.0668035,0.050206743,0.033903986,-0.022492766,0.032899514
399,1.2656884,0.24671291,0.4258011,0.25545496,0.8398873,-0.008742049
400,0.08192644,0.03641937,0.05487618,0.035490476,0.027050264,0.0009288937
401,1.2490053,0.3425623,0.53069025,0.34735602,0.71831506,-0.0047937334
402,1.2866434,0.4789433,0.65861356,0.4883028,0.6280298,-0.009359509
403,0.6365424,0.29557797,0.31813398,0.23943397,0.3184084,0.056144
404,0.47618482,0.12916139,0.16925016,0.117885105,0.30693465,0.011276282
405,0.45006126,0.17145802,0.30696926,0.19589853,0.143092,-0.024440512
406,0.6360338,0.15388566,0.1740026,0.120646685,0.4620312,0.033238977
407,0.10309888,0.11251155,0.049926735,0.039218467,0.05317214,0.07329309
408,0.51226324,0.2073159,0.22418357,0.16661054,0.28807968,0.040705368
409,0.64038235,0.12253907,0.21592158,0.13907059,0.42446077,-0.016531512
410,0.6275589,0.15855372,0.22457248,0.16092032,0.4029864,-0.0023666024
411,0.005787489,0.029549686,0.01118039,0.0057252455,-0.0053929007,0.02382444
412,0.018864408,0.12920745,0.026901951,0.014242476,-0.008037543,0.11496497
413,0.08355463,0.046333715,0.05221368,0.033180963,0.031340953,0.013152752
414,0.736061,0.14647494,0.24762802,0.1633187,0.48843294,-0.016843751
415,0.12307827,0.0013037795,0.047462475,0.03181326,0.07561579,-0.030509481
416,1.4915051,0.4165851,0.67421687,0.45868284,0.8172883,-0.042097747
417,0.6977666,0.26475337,0.38367617,0.26428565,0.31409043,0.00046771765
418,1.0336719,0.23459545,0.32120293,0.22308415,0.7124689,0.011511296
419,0.2639065,0.12863673,0.10700097,0.079022974,0.15690553,0.04961376
420,0.7834089,0.21564955,0.28028652,0.20103393,0.5031223,0.01461561
421,0.11849737,0.1474242,0.08067829,0.06393095,0.03781908,0.083493255
422,0.96857226,0.19881134,0.30125955,0.19934258,0.66731274,-0.0005312413
423,0.8732746,0.30402184,0.3717941,0.27500784,0.5014805,0.029013991
424,0.058848836,0.04535745,0.024325592,0.016193466,0.03452324,0.029163985
425,0.102929324,0.05607218,0.035213042,0.029009998,0.067716286,0.027062181
426,0.912843,0.32661787,0.3774986,0.26881447,0.53534436,0.057803392
427,0.64049274,0.19815794,0.31593198,0.20367287,0.32456076,-0.0055149347
428,1.0401206,0.31641844,0.3630416,0.26169577,0.67707896,0.054722667
429,0.09252739,0.036704265,0.030855238,0.018388122,0.06167215,0.018316142
430,1.9450302,1.0445869,1.2912476,0.92289245,0.6537826,0.121694446
431,0.042874712,-0.010760893,0.044985913,0.028181465,-0.0021112002,-0.03894236
432,0.5811871,0.13912083,0.20064108,0.14108373,0.38054603,-0.0019629002
433,0.2981437,0.080321774,0.07776914,0.060640987,0.22037458,0.019680787
434,0.7710115,0.19121465,0.2658508,0.19992338,0.5051607,-0.00870873
435,0.7867685,0.19950728,0.26253182,0.19155039,0.5242367,0.007956892
436,0.51243246,0.19865495,0.27977422,0.20086984,0.23265824,-0.0022148937
437,0.6539795,0.3115911,0.36513263,0.26708946,0.28884685,0.044501632
438,0.05789586,0.15676661,0.0943484,0.06558017,-0.03645254,0.09118644
439,1.0396248,0.255775,0.26384705,0.18602507,0.77577776,0.06974994
440,0.23311247,0.083135225,0.08386364,0.05834034,0.14924884,0.024794884
441,-0.007568056,-0.01470297,0.0216203,0.010473764,-0.029188355,-0.025176734
442,1.1178628,0.29094613,0.32079604,0.22177476,0.7970668,0.06917137
443,0.81306016,0.16161627,0.29173595,0.18629104,0.5213242,-0.024674773
444,0.03318015,0.02514565,0.011900872,0.0071399864,0.02127928,0.018005664
445,0.04867173,0.03526967,0.03168946,0.026185164,0.016982269,0.009084506
446,0.40816832,0.10634994,0.16207539,0.10940563,0.24609293,-0.0030556917
447,0.73241407,0.22016677,0.28126195,0.2079723,0.45115212,0.01219447
448,0.952575,0.22529078,0.2369421,0.17445096,0.7156329,0.05083981
449,0.77444524,0.19957389,0.26637563,0.18776616,0.50806963,0.011807725
450,0.9638879,0.22498448,0.363024,0.22084922,0.6008639,0.004135266
451,1.0137781,0.2779109,0.3684713,0.24610147,0.6453068,0.03180942
452,0.80128753,0.18745026,0.27337766,0.20046863,0.5279099,-0.01301837
453,0.4552526,0.10784668,0.1446359,0.10210851,0.31061667,0.005738169
454,1.0026593,0.18258384,0.26837844,0.18410076,0.7342809,-0.0015169233
455,1.2574733,0.18268251,0.27105758,0.17336927,0.98641574,0.009313241
456,1.3841869,0.26322767,0.4935349,0.38054618,0.89065194,-0.11731851
457,0.055537954,0.11419095,0.08490064,0.07111106,-0.029362686,0.04307989
458,1.7709483,0.39556617,0.69521695,0.4388312,1.0757313,-0.043265045
459,0.6593696,0.1607011,0.20885059,0.14794038,0.450519,0.012760714
460,0.90144587,0.24707468,0.32401794,0.21653105,0.5774279,0.030543625
461,0.61714244,0.20642623,0.38734764,0.26067024,0.2297948,-0.05424401
462,1.0151294,0.17968556,0.23005098,0.17215906,0.78507847,0.007526502
463,0.04503341,-0.021736259,0.053019892,0.022395585,-0.007986482,-0.044131845
464,1.4221718,0.42681107,0.49854916,0.35660088,0.92362267,0.07021019
465,0.678905,0.1587723,0.19666821,0.13531858,0.4822368,0.023453727
466,0.17378914,0.07127415,0.07054604,0.052548602,0.103243105,0.018725544
467,0.44319662,0.14158086,0.13003375,0.08116334,0.31316286,0.060417525
468,0.65053284,0.07834852,0.13708413,0.08500042,0.5134487,-0.0066519007
469,0.11860471,0.053385507,0.058189686,0.041189875,0.060415026,0.012195632
470,0.08871413,0.011997179,0.024980783,0.016955512,0.06373335,-0.0049583325
471,0.0964329,0.035773724,0.041966334,0.031557333,0.054466568,0.0042163916
472,0.831567,0.21010771,0.24022132,0.17395005,0.59134567,0.036157668
473,0.615829,0.18851444,0.19986999,0.15341607,0.415959,0.035098374
474,0.132756,0.040542863,0.03947045,0.02961157,0.093285546,0.010931293
475,0.08829673,0.08949517,0.07558672,0.057340465,0.012710005,0.0321547
476,0.9749782,0.21306966,0.35829803,0.26505575,0.61668015,-0.051986083
477,0.020416126,-0.065163195,0.006617834,0.00096024334,0.013798292,-0.06612344
478,0.81981194,0.30633256,0.41129524,0.2614282,0.4085167,0.04490435
479,0.9202144,0.23129962,0.24211782,0.18653817,0.6780966,0.04476145
480,0.7460447,0.23375152,0.31419256,0.22600059,0.43185213,0.0077509284
481,0.11638174,0.002328531,0.08485038,0.051262937,0.031531364,-0.048934408
482,0.07990202,0.21255422,0.037477635,0.0254438,0.04242439,0.18711042
483,0.06223539,0.12928565,0.041561928,0.03100945,0.020673461,0.0982762
484,0.5743305,0.122843355,0.19285503,0.13351494,0.38147548,-0.010671586
485,1.2605734,0.23497315,0.26610002,0.1880209,0.99447334,0.046952248
486,0.783663,0.32603443,0.4562593,0.28470123,0.32740366,0.0413332
487,0.578747,0.21156968,0.2942074,0.20144492,0.28453958,0.010124758
488,0.4902824,0.044866655,0.1481551,0.09438188,0.3421273,-0.04951522
489,1.1264358,0.3982971,0.584579,0.35413325,0.54185677,0.044163853
490,0.6415348,0.13726486,0.1283282,0.09882376,0.5132066,0.0384411
491,0.94901526,0.27874383,0.37632966,0.27291757,0.5726856,0.0058262646
492,0.83822626,0.2784965,0.4452809,0.30412725,0.39294535,-0.025630742
493,0.9120272,0.2605164,0.40024692,0.27454925,0.51178026,-0.014032841
494,0.74196273,0.30698642,0.438536,0.31141284,0.30342674,-0.0044264197
495,0.9044493,0.30184585,0.3196236,0.23374455,0.5848257,0.0681013
496,0.18901722,0.052053716,0.054453917,0.043453146,0.1345633,0.00860057
497,0.0964691,-0.020921074,0.06050965,0.035156008,0.03595945,-0.05607708
498,0.32506484,0.072769575,0.09775325,0.07030879,0.22731158,0.0024607852
499,0.84352386,0.24019219,0.38666415,0.24978092,0.4568597,-0.009588733
500,0.8705027,0.22057787,0.31708893,0.24216427,0.55341375,-0.021586403
501,1.1823754,0.25423202,0.31794006,0.23630856,0.8644354,0.01792346
502,0.26395923,0.07879442,0.1039891,0.08309524,0.15997013,-0.004300818
503,0.18013352,0.16861387,0.052510142,0.03718806,0.12762338,0.1314258
504,0.12579842,0.06053,0.056749277,0.041621823,0.06904914,0.018908177
505,0.68254167,0.2353079,0.3678965,0.22186366,0.31464517,0.013444245
506,1.2329298,0.35676575,0.4039087,0.32069156,0.8290211,0.03607419
507,0.49564034,0.24463665,0.27606404,0.20467442,0.2195763,0.039962232
508,0.39824107,0.14423347,0.17314759,0.1250194,0.22509348,0.019214064
509,1.3465599,0.42993888,0.5949464,0.4121599,0.7516135,0.017778993
510,0.82701147,0.16900826,0.25937122,0.19121128,0.56764024,-0.022203028
511,0.8538638,0.15403923,0.28267306,0.17934951,0.5711907,-0.025310278
512,0.79982686,0.41830283,0.46433738,0.3426168,0.33548948,0.07568604
513,0.48933202,0.23905227,0.28860155,0.20371704,0.20073047,0.035335228
514,1.1384554,0.24512629,0.35536686,0.25490052,0.78308856,-0.009774223
515,0.8714649,0.19604403,0.23617622,0.17774622,0.6352887,0.018297806
516,0.09294442,0.005232699,0.06636404,0.044765934,0.026580378,-0.039533235
517,0.59675413,0.28165635,0.30216834,0.2054315,0.2945858,0.07622485
518,0.7529759,0.20436998,0.20529835,0.14697585,0.5476775,0.057394132
519,1.7087431,0.24990524,0.37089714,0.25878942,1.3378459,-0.008884177
520,1.2046775,0.2659287,0.35551167,0.26061228,0.8491658,0.0053164065
521,-0.02564813,-0.00022933485,0.0040353467,0.00313413,-0.029683476,-0.003363465
522,0.14000544,0.12831698,0.09675314,0.06712637,0.043252297,0.061190613
523,0.2640158,0.073781036,0.06573767,0.049924687,0.19827813,0.02385635
524,0.60826576,0.19033296,0.23544337,0.16299744,0.3728224,0.027335525
525,0.9544578,0.20639624,0.34217116,0.25552166,0.6122867,-0.049125418
526,0.6570621,0.1981538,0.2429122,0.19069515,0.4141499,0.007458642
527,0.855987,0.289135,0.38473427,0.2913822,0.47125274,-0.0022471845
528,0.08348652,0.00032629672,0.014453108,0.013570526,0.069033414,-0.013244229
529,0.8577972,0.31539732,0.3673994,0.26306048,0.4903978,0.05233684
530,1.0671383,0.3786718,0.48995048,0.35100138,0.57718784,0.027670413
531,0.11137352,0.033724092,0.039089937,0.02543365,0.07228358,0.008290442
532,0.97246087,0.21061623,0.3560054,0.2349109,0.61645544,-0.024294674
533,1.0942407,0.45862594,0.631139,0.44582412,0.46310169,0.012801826
534,0.20592102,0.21531586,0.17090386,0.09415467,0.035017163,0.12116119
535,1.1261568,0.17792366,0.25161543,0.18004861,0.8745414,-0.0021249503
536,0.17174956,0.08325717,0.080411,0.05297174,0.09133856,0.03028543
537,0.04449431,0.14050259,0.055100128,0.03243017,-0.0106058195,0.108072415
538,1.263173,0.3408201,0.56151164,0.379373,0.70166135,-0.03855291
539,0.09671327,-0.008122607,0.02473253,0.01617711,0.07198074,-0.024299718
540,0.10387733,-0.009163552,0.025595225,0.017959584,0.0782821,-0.027123135
541,0.295912,0.084223956,0.09887171,0.059980463,0.19704029,0.024243493
542,0.03621264,-0.013778337,0.02069789,0.018353818,0.015514752,-0.032132156
543,0.14228919,0.063902035,0.066635214,0.05057922,0.07565398,0.013322815
544,0.11766617,-0.0034044385,0.09839346,0.0598211,0.019272707,-0.06322554
545,1.077769,0.25068346,0.3722659,0.24122028,0.7055031,0.009463176
546,0.25612137,0.17241548,0.17046991,0.11029697,0.08565146,0.062118508
547,0.4480102,0.14453186,0.12294969,0.10349041,0.32506052,0.04104145
548,0.2764603,0.011625142,0.09569023,0.04723239,0.18077007,-0.03560725
549,1.1643994,0.39078718,0.51186377,0.373226,0.6525356,0.017561197
550,1.2665681,0.34218505,0.5029165,0.32785347,0.76365155,0.014331579
551,0.16008238,0.027045496,0.09233418,0.061269987,0.067748204,-0.03422449
552,1.2368969,0.24105762,0.30214125,0.22115403,0.9347556,0.019903585
553,0.12860258,0.023780832,0.09083784,0.06183621,0.037764736,-0.038055375
554,0.058543112,0.028825298,0.02201023,0.018655634,0.036532883,0.010169664
555,1.2248454,0.5758961,0.7042599,0.4885298,0.52058554,0.08736628
556,0.24933453,0.061763983,0.12433642,0.081987076,0.12499811,-0.020223092
557,0.7698677,0.1717285,0.21621566,0.15757707,0.55365205,0.014151439
558,1.1162379,0.35118288,0.43799627,0.3278963,0.6782416,0.023286581
559,0.7366111,0.18927185,0.21644768,0.14628735,0.5201634,0.0429845
560,0.76909626,0.16428503,0.23604427,0.18192591,0.53305197,-0.017640874
561,0.33618924,0.17580442,0.19298886,0.13319449,0.14320038,0.04260993
562,0.106053315,-0.015554146,0.0650869,0.03967842,0.040966414,-0.055232566
563,0.46496764,0.14995745,0.2521701,0.18713179,0.21279755,-0.037174344
564,0.69695663,0.21121752,0.27499136,0.20172645,0.42196527,0.009491071
565,0.5033991,0.10065541,0.14489281,0.09862015,0.35850626,0.0020352602
566,0.89026994,0.30832583,0.46535286,0.33837563,0.42491707,-0.0300498
567,0.19515568,0.010798272,0.048571344,0.03134315,0.14658433,-0.02054488
568,0.9345595,0.14806254,0.24691504,0.17383751,0.6876445,-0.02577497
569,0.25218266,0.13429828,0.121157534,0.09534939,0.13102514,0.038948894
570,0.79907525,0.20279637,0.2838214,0.19174787,0.51525384,0.011048496
571,0.5033182,0.09942526,0.14243191,0.09221982,0.36088628,0.0072054416
572,0.15603466,0.05431977,0.04638382,0.028301101,0.10965084,0.026018668
573,0.45648783,0.084721446,0.17858626,0.11296487,0.2779016,-0.028243423
574,0.3520518,0.13042948,0.15675427,0.115250304,0.19529752,0.015179172
575,0.39837915,0.12239673,0.17355889,0.11883486,0.22482026,0.0035618693
576,0.9711061,0.12314957,0.20415199,0.1374155,0.7669541,-0.014265932
577,0.24228795,0.10414584,0.08313854,0.0627134,0.15914941,0.04143244
578,0.67262435,0.2040266,0.2433092,0.17725334,0.42931515,0.026773259
579,1.0754865,0.32053655,0.5128042,0.3220968,0.56268233,-0.001560241
580,0.2838269,0.11901406,0.09127093,0.06241678,0.19255596,0.05659728
581,0.22380204,0.1463515,0.15145844,0.098369226,0.0723436,0.047982275
582,0.37444738,0.119724005,0.17345177,0.11649353,0.20099561,0.003230475
583,0.7293052,0.19152932,0.2505798,0.17694825,0.4787254,0.014581069
584,0.74046046,0.22147155,0.26339078,0.20278408,0.47706968,0.018687472
585,-0.02671131,0.10413517,0.007637828,0.0018796036,-0.034349136,0.10225557
586,1.0817181,0.4160086,0.576397,0.37110174,0.5053211,0.044906855
587,0.89659405,0.21963297,0.31067795,0.2199656,0.5859161,-0.00033263862
588,0.91616225,0.24062134,0.29672778,0.21775319,0.6194345,0.022868156
589,0.15534288,0.028107038,0.057147883,0.032346293,0.098194994,-0.0042392556
590,1.0212733,0.28471783,0.3763792,0.2666592,0.64489406,0.018058628
591,0.6437145,0.21837208,0.22924452,0.15557271,0.41446996,0.062799364
592,1.0426592,0.29444972,0.4645642,0.30007896,0.57809496,-0.0056292415
593,0.65506953,0.24897924,0.32115844,0.22420433,0.3339111,0.024774909
594,0.28152514,0.056667056,0.1407693,0.082084596,0.14075583,-0.02541754
595,0.04704987,0.068654366,0.060002875,0.036696404,-0.012953006,0.03195796
596,0.81213474,0.28196707,0.2536996,0.18729433,0.55843514,0.09467274
597,0.05303847,0.0719435,0.058320366,0.034572154,-0.0052818954,0.037371345
598,0.9509087,0.15344483,0.21542591,0.13843039,0.7354828,0.01501444
599,0.24736542,0.08056399,0.045730576,0.036109995,0.20163484,0.044453997
600,0.40692288,0.10793925,0.13913889,0.08425089,0.267784,0.023688361
601,0.005964393,0.1268593,0.0059105046,0.0067783566,5.3888187e-05,0.12008095
602,0.47365242,0.15059128,0.21681845,0.15115549,0.25683397,-0.00056420267
603,0.3216371,0.11158706,0.14576882,0.09586341,0.17586827,0.015723653
604,0.4157049,0.1231084,0.15471222,0.108006865,0.2609927,0.015101537
605,1.1768866,0.19884469,0.34572777,0.25767478,0.83115876,-0.058830097
606,1.1237955,0.14942777,0.24654911,0.16735739,0.8772464,-0.017929614
607,0.67800313,0.16090955,0.18407787,0.13022846,0.49392527,0.030681089
608,0.2205022,0.049128644,0.10420272,0.06299205,0.11629948,-0.013863407
609,0.69274265,0.27942395,0.38704515,0.30203876,0.3056975,-0.022614807
610,0.04851455,0.043728575,0.06768949,0.04483494,-0.019174945,-0.0011063665
611,0.97886866,0.15911065,0.22537713,0.16238847,0.7534915,-0.0032778233
612,0.4494029,0.09285017,0.12002886,0.0883145,0.32937405,0.0045356676
613,0.8492057,0.13768794,0.18251264,0.12417018,0.66669303,0.01351776
614,0.12358799,0.18071955,0.052902974,0.037481774,0.070685014,0.14323778
615,0.71454483,0.19696458,0.30997732,0.21238638,0.4045675,-0.015421808
616,0.8240849,0.28826672,0.3983568,0.29203635,0.42572808,-0.0037696362
617,0.41855606,0.13636082,0.19735186,0.14734168,0.2212042,-0.010980859
618,1.0197605,0.16332504,0.29761085,0.1638846,0.7221496,-0.0005595535
619,0.41465962,0.18976569,0.18027987,0.11609169,0.23437975,0.073674
620,0.75528574,0.17496754,0.30367672,0.19347681,0.45160902,-0.018509269
621,0.30307272,0.09476489,0.12042634,0.09082488,0.18264638,0.0039400086
622,0.63559276,0.22082654,0.30568394,0.20189525,0.32990882,0.018931285
623,0.9197518,0.25385645,0.32108715,0.21407998,0.59866464,0.039776474
624,0.062396184,0.028619923,0.022221223,0.0144639695,0.04017496,0.014155953
625,0.5795551,0.13479441,0.20250367,0.15318418,0.3770514,-0.018389761
626,0.35055515,0.12845229,0.16790926,0.12372357,0.18264589,0.0047287196
627,0.19849078,0.08947173,0.057833776,0.045308094,0.14065701,0.044163633
628,0.6993105,0.15653265,0.28223416,0.18997207,0.41707632,-0.033439428
629,0.9634797,0.121905275,0.17310205,0.122042716,0.7903776,-0.00013744086
630,0.5939074,0.16230078,0.18423031,0.1342872,0.4096771,0.028013587
631,0.5201295,0.10120287,0.21741872,0.12538157,0.30271077,-0.024178706
632,0.23267154,0.063385114,0.06678815,0.042154655,0.16588339,0.02123046
633,0.09228712,0.024162807,0.05069712,0.035585545,0.04159,-0.011422738
634,0.35119888,0.14852259,0.1969197,0.14801921,0.15427919,0.0005033761
635,0.24045406,0.08701629,0.06542587,0.048174776,0.17502819,0.038841516
636,0.20894115,0.06934525,0.10348672,0.06868496,0.10545443,0.0006602928
637,0.34684274,0.008316778,0.098897725,0.06439525,0.24794501,-0.05607847
638,0.57232344,0.11583142,0.20819569,0.13897102,0.36412776,-0.023139596
639,1.1090705,0.18215081,0.21374384,0.15518174,0.89532673,0.026969075
640,0.9822748,0.29956824,0.41658553,0.27230042,0.5656892,0.027267814
641,0.04842594,0.17382763,0.020741316,0.011791561,0.027684623,0.16203608
642,0.5448214,0.1842383,0.17632025,0.1391694,0.36850113,0.045068905
643,0.77551264,0.24080564,0.33062926,0.2311326,0.44488338,0.009673044
644,0.76408684,0.18281382,0.26718074,0.1992603,0.4969061,-0.016446471
645,0.26109278,0.06497152,0.04230746,0.035455845,0.21878532,0.029515676
646,0.51318353,0.14313196,0.14134751,0.09724681,0.371836,0.045885146
647,0.23360577,0.15935044,0.11214414,0.07824791,0.12146163,0.08110253
648,0.09177045,0.042547364,0.031683166,0.02518028,0.060087282,0.017367084
649,0.13703103,0.005623655,0.06424304,0.04447237,0.07278799,-0.038848717
650,-0.005200316,-0.06095547,0.011839721,0.004122965,-0.017040037,-0.06507844
651,0.6278559,0.15472785,0.26885957,0.18006521,0.35899633,-0.025337368
652,1.1493136,0.47443548,0.554816,0.4266373,0.59449756,0.047798187
653,0.13287188,0.059232954,0.06735941,0.051328942,0.06551247,0.007904012
654,0.92749125,0.30619884,0.4448434,0.28639516,0.48264784,0.019803673
655,0.097050115,0.08797422,0.07945394,0.03692109,0.017596178,0.05105313
656,0.9969334,0.16316049,0.25688767,0.18100123,0.7400457,-0.017840743
657,0.124923974,0.02773383,0.041545738,0.026216619,0.08337824,0.001517212
658,0.59536445,0.12202402,0.19231059,0.13754435,0.40305388,-0.015520327
659,0.044571105,-0.020183988,0.054025725,0.034302205,-0.009454619,-0.054486193
660,1.2259785,0.21021242,0.3537858,0.23926567,0.8721927,-0.029053241
661,0.08213668,0.04510294,0.033554167,0.026614847,0.048582517,0.018488092
662,0.35057372,0.13538508,0.15524803,0.12078576,0.19532569,0.014599323
663,1.0096207,0.38568318,0.49212617,0.33685845,0.5174945,0.048824728
664,0.09079267,0.050918512,0.047271818,0.03998527,0.043520853,0.010933243
665,1.0606611,0.41248927,0.5783968,0.44692773,0.48226428,-0.03443846
666,0.08522519,0.04729105,0.063094996,0.047839303,0.022130191,-0.000548251
667,0.12341361,0.0374549,0.103839934,0.072563045,0.019573674,-0.035108145
668,1.147298,0.24514125,0.36015427,0.25185043,0.7871437,-0.0067091733
669,0.04543203,0.038543526,0.07582054,0.042401247,-0.030388512,-0.0038577206
670,0.20078486,0.14276914,0.12266455,0.09631821,0.07812031,0.046450935
671,0.024170551,-0.0061700647,0.0103884395,0.0077709327,0.013782112,-0.013940997
672,0.54547894,0.120894834,0.1713147,0.12565248,0.37416422,-0.0047576427
673,0.14132436,0.09426665,0.081238806,0.057721473,0.06008555,0.03654518
674,0.85972464,0.3993418,0.39875033,0.3067008,0.4609743,0.092640996
675,0.29021958,0.08709743,0.08119055,0.06553021,0.20902902,0.021567218
676,0.029716283,0.015716625,0.006794945,0.0042252494,0.022921339,0.011491376
677,0.068354204,0.14398034,0.04135562,0.03180127,0.026998583,0.11217907
678,0.21012624,0.090319395,0.09617364,0.07331623,0.1139526,0.017003164
679,0.040355552,0.14576162,0.023872953,0.018039864,0.0164826,0.12772176
680,1.2100297,0.43309492,0.5402396,0.4068131,0.66979015,0.026281804
681,0.23165353,0.076111026,0.0793191,0.059118982,0.15233442,0.016992044
682,0.5702271,0.15255289,0.2739833,0.1766326,0.2962438,-0.02407971
683,0.18600485,0.032647047,0.06845,0.046128124,0.11755485,-0.013481077
684,1.4306926,0.35780773,0.58173007,0.38275763,0.8489625,-0.024949908
685,0.08936436,0.059838712,0.03938899,0.030806916,0.04997537,0.029031796
686,0.7552405,0.21868883,0.26176184,0.1894073,0.49347866,0.029281527
687,0.23950805,0.09656696,0.11600279,0.09249508,0.12350526,0.004071884
688,0.76721936,0.19996113,0.26888803,0.20681925,0.49833134,-0.0068581253
689,0.7443627,0.1992144,0.21671204,0.16134743,0.52765065,0.037866965
690,0.5353724,0.20518394,0.1555239,0.11270727,0.37984848,0.092476666
691,0.8012257,0.11213116,0.19478807,0.13440791,0.6064377,-0.022276744
692,0.09991269,0.11285864,0.09051404,0.06018446,0.009398647,0.052674178
693,1.0557233,0.44566783,0.56320286,0.39173087,0.49252045,0.05393696
694,0.679081,0.14562075,0.24862202,0.16248314,0.43045902,-0.016862392
695,0.7311781,0.22105393,0.34581184,0.2483928,0.38536626,-0.027338877
696,0.5537694,0.2835526,0.24734329,0.19100645,0.3064261,0.092546135
697,0.8565248,0.22796753,0.27504927,0.20416504,0.58147556,0.023802489
698,0.5093313,0.14287814,0.21914421,0.14408362,0.29018706,-0.0012054741
699,0.033965778,0.0072287917,0.026963549,0.019222712,0.007002229,-0.01199392
700,0.24726367,0.06201228,0.18224649,0.117133595,0.06501718,-0.055121314
701,0.4848863,0.1613372,0.33694133,0.20764378,0.14794496,-0.04630658
702,0.17719097,0.041297227,0.08266395,0.060149897,0.09452702,-0.01885267
703,0.7831241,0.18951152,0.2765624,0.19174676,0.5065617,-0.0022352338
704,1.0082016,0.3326135,0.48190698,0.2928076,0.5262946,0.03980589
705,1.0841163,0.3331384,0.4986331,0.32876474,0.58548325,0.0043736696
706,0.10784116,-0.0029591008,0.024175864,0.021950131,0.0836653,-0.024909232
707,0.014847179,0.12965983,0.010246744,0.0074196965,0.0046004346,0.12224013
708,0.46999198,0.18176982,0.23737907,0.15667664,0.23261291,0.025093183
709,0.98397815,0.24226429,0.31582308,0.23024376,0.6681551,0.012020528
710,0.40684706,0.09635188,0.13620949,0.09157539,0.27063757,0.0047764853
711,0.9868397,0.29191297,0.32110408,0.23035127,0.6657356,0.061561704
712,0.7877681,0.10244518,0.1505778,0.09596127,0.63719034,0.006483905
713,1.0724164,0.3171094,0.40577495,0.29361284,0.6666415,0.023496568
714,0.17288016,-0.032859094,0.05604315,0.026157644,0.11683701,-0.059016738
715,0.61251014,0.17451899,0.216649,0.1691592,0.39586115,0.005359784
716,0.60371286,0.19711292,0.21269402,0.14774153,0.39101884,0.04937139
717,0.310614,0.13329236,0.17212689,0.122697555,0.1384871,0.010594808
718,0.45822808,0.07322133,0.07271718,0.058748506,0.3855109,0.014472827
719,0.850032,0.2718061,0.33424482,0.25049266,0.5157871,0.021313429
720,1.2031039,0.3084425,0.48014808,0.32291117,0.7229558,-0.01446867
721,0.48977578,0.12783672,0.17109685,0.12008007,0.31867892,0.0077566504
722,0.84308237,0.34778714,0.4287597,0.3006652,0.41432267,0.047121942
723,0.06985382,0.06781354,0.036076322,0.028061703,0.033777498,0.039751835
724,0.182099,0.05043776,0.0581016,0.041239638,0.123997405,0.009198122
725,-0.06040055,0.0516885,0.051938366,0.04175041,-0.112338915,0.009938091
726,0.9828671,0.41218808,0.5417558,0.38255274,0.44111133,0.02963534
727,0.5723819,0.052484162,0.07931635,0.0456423,0.49306557,0.0068418607
728,1.3024381,0.52184284,0.7202618,0.45053485,0.5821763,0.07130799
729,0.14599289,0.04811144,0.057845283,0.046640083,0.08814761,0.0014713556
730,0.48804176,0.16002527,0.17079048,0.1117429,0.31725127,0.04828237
731,0.82051045,0.31292027,0.41911945,0.30677158,0.401391,0.006148696
732,0.8189055,0.05620597,0.096692495,0.06520627,0.722213,-0.009000298
733,1.2986665,0.37377006,0.5025442,0.3647972,0.79612225,0.008972853
734,0.8941099,0.27029988,0.41681617,0.26370123,0.47729373,0.0065986514
735,0.21455356,0.008860025,0.043697767,0.029641347,0.17085579,-0.020781323
736,0.11031493,0.032827463,0.052789677,0.03624254,0.05752525,-0.003415078
737,0.52798235,0.076564215,0.14706647,0.0979005,0.38091588,-0.021336287
738,0.23520659,0.15775451,0.22648205,0.17211081,0.0087245405,-0.0143563
739,0.31575477,0.11287994,0.16887997,0.10462856,0.1468748,0.008251376
740,0.2511541,0.111789845,0.15459122,0.10365803,0.09656288,0.008131817
741,0.89397633,0.3172182,0.31731412,0.23226635,0.5766622,0.08495186
742,0.6118504,0.21267821,0.2474328,0.173741,0.36441758,0.03893721
743,0.19757673,0.26965007,0.107998066,0.08095935,0.089578666,0.18869072
744,0.77583086,0.15606417,0.2645423,0.18957861,0.5112885,-0.03351444
745,1.2852081,0.3430431,0.40013406,0.30958807,0.885074,0.033455014
746,1.0522156,0.43470582,0.66237587,0.47578198,0.3898397,-0.041076154
747,0.5413133,0.16041681,0.21487625,0.1584259,0.32643706,0.0019909143
748,0.106709324,0.0842806,0.06890195,0.049152784,0.037807375,0.03512782
749,0.45063233,0.16662142,0.22934009,0.13628535,0.22129224,0.030336067
750,0.5016346,0.100692816,0.19401713,0.13101837,0.3076175,-0.030325554
751,0.93769306,0.24321198,0.30510783,0.22166145,0.6325852,0.021550536
752,0.005805359,-0.016804932,0.014052467,0.011867621,-0.008247108,-0.028672554
753,0.97811323,0.26054582,0.35912934,0.25956866,0.61898386,0.0009771585
754,0.20269145,0.10612798,0.04810808,0.03886285,0.15458336,0.06726512
755,1.079308,0.410218,0.5640452,0.39656097,0.51526284,0.013657033
756,0.7230531,0.18304667,0.28803968,0.19126792,0.4350134,-0.008221254
757,0.7679587,0.19978276,0.34526658,0.20955725,0.42269212,-0.009774491
758,0.51721805,0.09272577,0.2014506,0.107993215,0.31576747,-0.015267447
759,0.06489701,0.100076154,0.060972072,0.04980571,0.003924936,0.050270446
760,0.18698134,0.0718959,0.10704501,0.06875174,0.079936326,0.00314416
761,0.4263552,0.18079942,0.23552328,0.17754373,0.19083193,0.003255695
762,0.20527606,-0.008413665,0.08745848,0.051778883,0.11781758,-0.060192548
763,0.6427862,0.22908418,0.28046668,0.19475241,0.36231953,0.03433177
764,1.2079467,0.24218315,0.35837078,0.23623373,0.8495759,0.0059494227
765,0.22450058,0.032850664,0.071088344,0.04615624,0.15341224,-0.013305575
766,0.7441459,0.24282666,0.30736005,0.20670886,0.43678582,0.036117792
767,0.2146043,0.105082355,0.15017278,0.10669708,0.06443152,-0.0016147271
768,1.102125,0.3581514,0.3985262,0.3144437,0.70359886,0.0437077
769,0.47693843,0.19362578,0.083267406,0.06285001,0.39367104,0.13077576
770,0.9404917,0.26704913,0.33547768,0.24302788,0.60501397,0.024021253
771,0.06737826,0.018226447,0.04442254,0.029965341,0.02295572,-0.0117388945
772,0.9173766,0.38318187,0.48374662,0.33558136,0.43362996,0.047600508
773,0.089970306,0.09215089,0.059144877,0.052848622,0.030825429,0.039302267
774,0.66085696,0.33483607,0.35337207,0.26426923,0.3074849,0.07056683
775,0.0476096,0.09686892,0.035580043,0.031404704,0.012029558,0.06546421
776,0.5232257,0.09502918,0.1556524,0.099179134,0.36757332,-0.004149951
777,0.29622895,0.19171149,0.15896073,0.11729948,0.13726822,0.074412
778,0.30105606,0.07151978,0.0828396,0.05297169,0.21821645,0.018548086
779,0.626498,0.17957374,0.27541757,0.1711006,0.35108042,0.008473143
780,0.020378072,0.16055015,0.061911535,0.038185455,-0.041533463,0.12236469
781,1.176108,0.32462895,0.3862572,0.2925076,0.78985083,0.03212136
782,0.17671208,0.07671503,0.0983241,0.072589755,0.07838798,0.0041252747
783,0.3878694,0.22287712,0.19675124,0.129224,0.19111815,0.09365311
784,0.6215565,0.18398574,0.3068055,0.18519747,0.31475103,-0.0012117326
785,0.09539161,0.0257027,0.038120437,0.026151948,0.05727117,-0.00044924766
786,0.1038853,0.052626282,0.030690221,0.02658882,0.07319508,0.026037462
787,0.6924565,0.35393116,0.47782955,0.36710998,0.21462694,-0.013178825
788,0.009025403,0.08123489,0.032414723,0.02155883,-0.02338932,0.05967606
789,1.1290349,0.2119424,0.23822626,0.16837595,0.8908086,0.04356645
790,0.044147678,0.048995018,0.017454615,0.015032023,0.026693063,0.033962995
791,0.7881636,0.15313154,0.19787067,0.1399265,0.59029293,0.013205051
792,0.07276775,0.05744079,0.03617762,0.028810244,0.03659013,0.028630547
793,0.80520487,0.1846686,0.31623992,0.19393545,0.48896495,-0.009266853
794,1.3251721,0.21194771,0.34088582,0.22313988,0.98428625,-0.011192173
795,1.1209314,0.22875223,0.34001613,0.2144556,0.78091526,0.014296621
796,0.8297956,0.16789614,0.25158215,0.16427721,0.57821345,0.0036189258
797,0.733848,0.2812916,0.32719916,0.23971649,0.4066488,0.04157512
798,0.7041346,0.19349937,0.3247203,0.22456947,0.3794143,-0.031070098
799,0.8570299,0.26273546,0.40883863,0.29780158,0.4481913,-0.035066128
800,0.7024955,0.20270194,0.29487926,0.19900817,0.40761626,0.0036937743
801,0.75691015,0.21072617,0.27561715,0.18994486,0.481293,0.020781308
802,1.3627818,0.4209777,0.5402391,0.41241604,0.82254267,0.008561671
803,0.19779323,0.022629555,0.12619978,0.08146382,0.07159345,-0.058834266
804,0.051460177,0.10673639,0.06214197,0.04460136,-0.010681793,0.062135033
805,-0.0072765825,0.10902291,0.005320938,2.517973e-05,-0.01259752,0.108997725
806,0.15575412,0.1753385,0.08694289,0.059551347,0.06881123,0.11578716
807,0.082104534,0.07261677,0.08427682,0.05233075,-0.0021722838,0.02028602
808,0.057085853,0.0077975057,0.045066632,0.024175113,0.012019221,-0.016377607
809,1.055963,0.32413656,0.47859296,0.3238762,0.57737005,0.0002603531
810,0.9339956,0.31962687,0.4713105,0.32971844,0.4626851,-0.010091573
811,1.1817282,0.13203166,0.2056767,0.14861484,0.97605157,-0.016583174
812,0.1615154,0.034268457,0.037189163,0.028380562,0.12432624,0.005887896
813,0.023925286,0.007325811,0.017386531,0.01079026,0.0065387543,-0.0034644487
814,0.13667983,0.027243854,0.059389982,0.03964321,0.07728985,-0.012399355
815,1.2798432,0.27737704,0.36560348,0.28333342,0.91423976,-0.0059563816
816,0.7996817,0.2296565,0.3047404,0.19241819,0.49494132,0.037238315
817,0.04518325,0.050587,0.02029076,0.0149838235,0.024892488,0.035603173
818,0.21600024,0.06614007,0.15825416,0.102960445,0.057746083,-0.036820374
819,0.948557,0.31074592,0.37611052,0.24191938,0.57244647,0.06882654
820,0.36288533,0.15986595,0.19972256,0.13182038,0.16316277,0.028045565
821,0.7581878,0.25118575,0.34240368,0.22242595,0.4157841,0.028759792
822,0.9356553,0.16707906,0.26929864,0.20208101,0.6663567,-0.03500195
823,0.29283306,0.090299614,0.085103415,0.0595759,0.20772964,0.030723713
824,0.009034991,0.13209397,0.042786445,0.023886478,-0.033751454,0.10820749
825,0.30301735,0.14144026,0.17823432,0.1292635,0.124783024,0.012176752
826,0.1267693,0.008448425,0.057565436,0.034574654,0.06920387,-0.026126228
827,0.7411775,0.14525658,0.22738546,0.1479984,0.51379204,-0.0027418137
828,1.1179068,0.2982524,0.39629114,0.28412265,0.7216157,0.014129758
829,0.0063006263,-0.02112751,0.023723098,0.01449846,-0.017422471,-0.03562597
830,0.0022654228,-0.011184565,0.03212008,0.01979833,-0.029854655,-0.030982893
831,1.0746788,0.37262076,0.481284,0.37137163,0.59339476,0.0012491345
832,1.24121,0.2015376,0.31327507,0.22481062,0.9279349,-0.023273021
833,0.054104034,0.14450966,0.033905,0.02790894,0.020199034,0.11660072
834,0.98415685,0.22189164,0.29398534,0.2085218,0.6901715,0.013369843
835,0.44529924,0.06722949,0.08500108,0.06669359,0.36029816,0.0005358979
836,1.1512661,0.15379077,0.19213499,0.1466011,0.9591311,0.007189676
837,0.5553594,0.15579386,0.17724185,0.13879174,0.37811756,0.01700212
838,0.71321523,0.19023553,0.28875616,0.19219594,0.42445907,-0.0019604117
839,0.7191328,0.20007992,0.27952006,0.19710383,0.43961272,0.0029760897
840,1.0858119,0.18126372,0.18602407,0.1285681,0.8997878,0.052695617
841,0.68790734,0.23424141,0.3118595,0.23197106,0.37604785,0.0022703558
842,0.0338397,0.0587078,0.06931352,0.050344538,-0.03547382,0.008363262
843,0.9460767,0.26248488,0.3805967,0.25746793,0.56548,0.0050169528
844,1.150821,0.51056725,0.715825,0.49794534,0.43499595,0.012621909
845,-0.0031616744,-0.0072907163,0.016950391,0.009807891,-0.020112066,-0.017098607
846,0.18016678,0.05519612,0.078892216,0.054683924,0.101274565,0.0005121976
847,0.15383436,0.0643824,0.046338316,0.035278425,0.10749604,0.029103972
848,-0.008309223,0.14307931,0.027299019,0.014927912,-0.03560824,0.1281514
849,0.047699645,-0.014993869,0.046822894,0.032278124,0.0008767508,-0.047271993
850,0.09745329,0.14349204,0.02943721,0.020996988,0.06801608,0.122495055
851,0.02319982,-0.03661408,0.025399923,0.016221942,-0.0022001024,-0.052836023
852,0.84008193,0.22207431,0.44232154,0.27645195,0.3977604,-0.05437763
853,0.9626068,0.18796504,0.2792467,0.18438467,0.6833601,0.0035803616
854,1.1592896,0.4000744,0.5944687,0.38304752,0.5648209,0.017026871
855,0.78691906,0.21107511,0.29238164,0.20846038,0.4945374,0.0026147366
856,0.034627125,0.046912093,0.030441815,0.022715481,0.0041853096,0.024196612
857,0.29384658,0.07554711,0.16156031,0.09303959,0.13228627,-0.01749248
858,0.28010333,0.07249959,0.107611865,0.071062624,0.17249146,0.0014369637
859,0.33120283,0.14371538,0.16973872,0.12559505,0.16146411,0.018120334
860,0.93282866,0.11769226,0.21975408,0.15879643,0.71307456,-0.041104168
861,-0.0148514155,0.112070546,0.0073763533,0.0012360078,-0.022227768,0.11083454
862,0.27574304,0.036050115,0.085943975,0.06422811,0.18979907,-0.028177995
863,0.8871757,0.30605492,0.34254143,0.23792921,0.5446342,0.06812571
864,0.1326227,0.07620923,0.047723595,0.029609203,0.08489911,0.04660003
865,0.11167327,-0.025977425,0.049617566,0.027754292,0.062055707,-0.053731717
866,0.37856966,0.11909609,0.16450603,0.103029944,0.21406363,0.016066149
867,0.4827474,0.15571007,0.19804683,0.15225461,0.28470057,0.00345546
868,0.015385934,0.22297992,0.04794784,0.024033837,-0.032561906,0.19894609
869,0.9594658,0.17754063,0.25620717,0.18629852,0.70325863,-0.008757889
870,0.7199659,0.14380966,0.22623861,0.15309016,0.49372727,-0.009280503
871,0.097665645,0.027516032,0.03415336,0.01759462,0.06351228,0.009921411
872,0.4972231,0.11306965,0.118996255,0.093290225,0.37822685,0.019779429
873,0.1913743,0.026652362,0.0903523,0.06653912,0.101022005,-0.03988676
874,0.01894011,0.045973122,0.04504015,0.032956664,-0.02610004,0.013016459
875,0.23806891,0.12555206,0.10469665,0.073626034,0.13337226,0.051926024
876,0.8513731,0.35681885,0.44018826,0.3287521,0.41118482,0.028066754
877,0.7096876,0.20417187,0.28249973,0.19667126,0.42718786,0.007500604
878,1.2612792,0.34195915,0.5424854,0.32891792,0.7187938,0.013041228
879,0.18750031,0.082822815,0.06273287,0.048890643,0.124767445,0.03393217
880,0.7880826,0.18218319,0.24087416,0.17721763,0.5472084,0.0049655586
881,0.11412876,0.0537003,0.05158522,0.041556116,0.06254354,0.012144186
882,0.46725678,0.1256201,0.21435061,0.13991189,0.25290617,-0.014291793
883,0.3156705,0.09588297,0.09806904,0.070600994,0.21760145,0.025281973
884,1.377218,0.34698904,0.49535072,0.34799796,0.8818673,-0.0010089278
885,0.77804315,0.07755574,0.16335003,0.11487505,0.6146931,-0.03731931
886,1.1354002,0.3930902,0.38675553,0.30344027,0.74864465,0.089649916
887,0.09623608,0.021692863,0.055585805,0.042835332,0.040650275,-0.02114247
888,0.23427683,0.06783303,0.06961852,0.045720696,0.16465831,0.022112332
889,1.7690125,0.43325272,0.6755955,0.49112386,1.0934169,-0.057871133
890,0.25214761,0.12150507,0.17830944,0.1371101,0.073838174,-0.015605032
891,0.8272938,0.18729508,0.24477272,0.18215689,0.5825211,0.0051381886
892,0.54868263,0.10895333,0.1677779,0.12190591,0.38090473,-0.012952581
893,0.073767036,0.024684666,0.032938674,0.026671864,0.040828362,-0.0019871984
894,0.11494722,-0.022065174,0.058342885,0.030926906,0.056604337,-0.05299208
895,0.23070768,0.12809016,0.059611235,0.042918846,0.17109644,0.08517131
896,1.5948122,0.22651868,0.3685732,0.21686663,1.226239,0.009652048
897,0.5290991,0.20785344,0.2599027,0.17855842,0.26919642,0.029295012
898,0.17332457,0.11921984,0.08382838,0.06982955,0.08949619,0.049390286
899,0.10609925,0.041951012,0.046240658,0.03225815,0.05985859,0.009692863
900,0.388775,0.18411967,0.2118414,0.16151741,0.17693359,0.02260226
901,0.5769139,0.2531653,0.3174959,0.22616343,0.25941798,0.027001873
902,0.8567212,0.23619615,0.3237561,0.19982488,0.5329651,0.03637126
903,0.68413574,0.16126285,0.25109637,0.17065634,0.43303937,-0.009393483
904,1.0400616,0.38861486,0.5582918,0.39919204,0.4817698,-0.010577172
905,0.76995826,0.25136033,0.28041175,0.19329004,0.4895465,0.058070287
906,0.09900023,0.063905925,0.06885721,0.043194093,0.030143023,0.020711832
907,-0.012013589,-0.021373343,0.010459916,0.0069220294,-0.022473505,-0.028295372
908,0.031022405,0.012336644,0.041047204,0.026058994,-0.010024799,-0.01372235
909,0.0451527,0.031820517,0.017652774,0.017424911,0.027499927,0.014395606
910,1.1307545,0.31453997,0.3473041,0.26789925,0.78345037,0.046640724
911,0.15012169,0.04238007,0.07762614,0.05611242,0.07249555,-0.013732351
912,0.078874916,-0.031594682,0.029558452,0.01852585,0.049316466,-0.050120533
913,0.7946567,0.14489976,0.1811135,0.12526672,0.6135432,0.01963304
914,0.02054067,0.005693102,0.03692614,0.026181083,-0.01638547,-0.02048798
915,1.0602245,0.24148437,0.30120936,0.19302668,0.7590152,0.048457697
916,0.44872454,0.07634862,0.11316655,0.070634335,0.335558,0.0057142824
917,0.76707774,0.14357996,0.21805725,0.16211972,0.5490205,-0.018539757
918,0.16691497,0.107761614,0.041418333,0.03227154,0.12549664,0.07549007
919,1.0212796,0.242764,0.37351188,0.25200883,0.64776766,-0.009244829
920,0.16459207,0.105657995,0.09192788,0.05891297,0.072664194,0.046745025
921,0.07808083,0.16683552,0.09778768,0.068806425,-0.019706845,0.09802909
922,1.012441,0.41095525,0.46236035,0.31242326,0.55008066,0.09853199
923,0.6978314,0.2110099,0.29879743,0.21833605,0.39903396,-0.007326141
924,0.58353686,0.1436288,0.26105884,0.16631562,0.32247803,-0.02268681
925,0.11788232,-0.009234577,0.053991046,0.034911625,0.06389128,-0.044146203
926,0.13910066,0.051155843,0.09477405,0.058701005,0.044326603,-0.007545162
927,0.9748407,0.33429453,0.40404487,0.28557414,0.57079583,0.04872039
928,1.9142245,0.23437911,0.48375928,0.36706597,1.4304652,-0.13268685
929,0.036711797,-0.003930915,0.04233561,0.027556565,-0.0056238137,-0.03148748
930,0.13072367,0.08738931,0.024540806,0.013607122,0.106182866,0.07378219
931,0.05193781,0.0019734108,0.061741665,0.044453416,-0.009803854,-0.042480007
932,0.10437425,0.08538705,0.07600072,0.057806835,0.028373532,0.027580217
933,0.6488073,0.23252282,0.28530687,0.21603586,0.36350042,0.016486958
934,0.40068102,0.18860708,0.13336584,0.08969985,0.26731518,0.09890723
935,0.22707807,0.04661005,0.087899886,0.06534191,0.13917819,-0.018731862
936,0.67387676,0.22591428,0.24998452,0.17106771,0.42389226,0.05484657
937,0.75557137,0.1560027,0.19780883,0.1431472,0.5577625,0.0128555
938,0.8344136,0.29355878,0.37392196,0.2825683,0.46049163,0.010990471
939,0.13861638,0.121599115,0.07850704,0.056516364,0.06010934,0.06508275
940,0.7660531,0.26533768,0.3337213,0.23655692,0.43233177,0.028780758
941,0.14442366,0.083296046,0.062801234,0.05180204,0.08162243,0.031494007
942,0.8902941,0.122850284,0.21048442,0.14270478,0.6798097,-0.0198545
943,0.12235486,0.13347557,0.087237164,0.04662008,0.035117693,0.08685549
944,0.7816785,0.3238738,0.37178952,0.27707124,0.40988898,0.04680255
945,0.37371734,0.225275,0.24993345,0.18695702,0.12378389,0.03831798
946,0.83671135,0.19096199,0.31655467,0.22346619,0.5201567,-0.0325042
947,0.5940655,0.15854977,0.23050256,0.15151145,0.36356294,0.007038325
948,0.52565897,0.23303978,0.15339762,0.12461842,0.37226135,0.10842136
949,0.57513434,0.2141422,0.3084258,0.22061607,0.26670852,-0.006473869
950,1.2051337,0.19232444,0.23010157,0.16480917,0.9750321,0.027515277
951,-0.03123745,0.1236433,0.014626939,0.0075380914,-0.04586439,0.116105214
952,0.53463066,0.06014533,0.1093693,0.081894636,0.42526135,-0.021749306
953,0.4914464,0.15235099,0.17142737,0.117968835,0.32001904,0.034382157
954,0.8216975,0.24712485,0.27501434,0.1968558,0.54668313,0.050269052
955,0.73913836,0.28938493,0.3377417,0.25265503,0.40139666,0.036729902
956,0.12747902,0.10080425,0.05720839,0.044619527,0.07027063,0.05618472
957,0.69949734,0.19969176,0.26363608,0.19349942,0.43586126,0.0061923414
958,0.9279621,0.25980043,0.2687124,0.19774252,0.6592497,0.062057912
959,0.5365767,0.103475876,0.12196569,0.087900564,0.41461098,0.015575312
960,-0.026749989,0.124497406,0.026598856,0.013156759,-0.053348847,0.11134065
961,0.010893911,-0.014227542,0.005026171,0.0025732496,0.00586774,-0.016800791
962,0.13436612,0.008472216,0.06830869,0.04827726,0.066057436,-0.039805043
963,1.3120219,0.36518887,0.5124804,0.3650491,0.7995415,0.00013977289
964,0.23937522,0.06563324,0.09069089,0.055640426,0.14868432,0.009992812
965,0.8647267,0.20222108,0.27562642,0.18590187,0.5891003,0.016319215
966,0.014672297,0.020956965,0.0126340045,0.010190988,0.0020382926,0.010765977
967,0.11120701,-0.02589161,0.048309688,0.026420737,0.062897325,-0.052312344
968,0.62698287,0.18264417,0.21465084,0.14552097,0.41233203,0.037123203
969,0.5249015,0.18621337,0.2915435,0.21636909,0.233358,-0.030155718
970,1.0222359,0.2221727,0.2983676,0.20799206,0.72386825,0.014180645
971,1.070118,0.2796779,0.3813186,0.2433467,0.6887994,0.03633119
972,0.8072151,0.26979244,0.39606962,0.26975128,0.41114548,4.1157007e-05
973,0.13893534,0.084060945,0.10503704,0.0745949,0.0338983,0.009466045
974,1.2210504,0.30998218,0.42129266,0.31498545,0.7997577,-0.0050032735
975,1.2015734,0.2446233,0.34779266,0.22208738,0.85378075,0.02253592
976,0.14176649,0.028568937,0.028971784,0.020075276,0.112794705,0.00849366
977,0.6059605,0.25999194,0.24783896,0.1813772,0.3581215,0.07861474
978,0.8728104,0.27473515,0.32072675,0.2193882,0.5520837,0.05534695
979,0.9821551,0.31295726,0.40551707,0.29051855,0.576638,0.022438705
980,0.8599268,0.16651286,0.23919263,0.16536385,0.6207342,0.0011490136
981,0.059782278,0.119970955,0.029263197,0.01984018,0.030519081,0.100130774
982,0.81541675,0.122041985,0.21622685,0.14355555,0.5991899,-0.021513566
983,0.088334136,0.026170632,0.03131892,0.020607473,0.057015214,0.0055631585
984,0.35349524,0.101479046,0.14068483,0.085387595,0.21281041,0.016091451
985,0.13705552,0.16530403,0.07051152,0.040431336,0.066544,0.1248727
986,1.2008064,0.25513357,0.32640663,0.21988557,0.8743998,0.035247996
987,0.05774305,-0.014410862,0.051878702,0.034225572,0.0058643483,-0.048636433
988,0.09109278,0.08108358,0.05877217,0.04101419,0.03232061,0.04006939
989,0.37168783,0.17236178,0.1709896,0.12276656,0.20069823,0.049595214
990,1.0431559,0.29682234,0.39674416,0.2867601,0.6464118,0.0100622475
991,0.75815165,0.14706272,0.22325438,0.16738331,0.53489727,-0.020320594
992,0.71741444,0.1383521,0.19822583,0.145238,0.51918864,-0.006885901
993,0.032419045,0.12652768,0.026517456,0.014890212,0.005901588,0.11163747
994,0.4393842,0.130682,0.15439303,0.1008592,0.28499115,0.029822804
995,0.15929227,0.045027696,0.069723785,0.04729569,0.08956848,-0.002267994
996,0.8376635,0.20080948,0.2408387,0.17362855,0.59682477,0.027180925
997,0.12927218,0.033342768,0.043239154,0.027700342,0.086033024,0.0056424253
998,0.65641713,0.19120027,0.21938217,0.17422417,0.43703496,0.016976103
999,0.6145398,0.14242153,0.27983707,0.16943592,0.33470273,-0.02701439
1000,0.23128416,0.113733836,0.09991932,0.07965881,0.13136484,0.03407503
1001,0.32178357,0.09947631,0.11672898,0.08941069,0.2050546,0.010065615
1002,0.2710709,0.061494514,0.09277698,0.06225841,0.17829391,-0.00076389685
1003,0.9295096,0.28195423,0.4150466,0.3017315,0.51446295,-0.019777268
1004,0.48512784,0.26335022,0.23929971,0.16784881,0.24582812,0.09550141
1005,0.7198696,0.21174392,0.19710805,0.15665612,0.5227616,0.055087805
1006,0.20933963,0.058479764,0.11560516,0.074023515,0.09373447,-0.015543751
1007,1.2451057,0.33207315,0.49303168,0.34808296,0.75207406,-0.016009808
1008,0.33073086,0.1040132,0.15802789,0.09149792,0.17270297,0.012515277
1009,0.7987537,0.27246115,0.36732894,0.2664864,0.43142474,0.00597474
1010,0.7928456,0.19366191,0.26726884,0.17692088,0.5255768,0.016741037
1011,0.49205437,0.21663408,0.30220383,0.22532387,0.18985054,-0.008689791
1012,0.78770554,0.2747447,0.32901683,0.24693269,0.4586887,0.027812004
1013,1.4318789,0.32211268,0.46158734,0.33889088,0.9702916,-0.0167782
1014,1.2045057,0.56357306,0.7072887,0.47393283,0.497217,0.08964023
1015,0.95107025,0.22273359,0.34069684,0.22584698,0.6103734,-0.003113389
1016,1.3092666,0.29646942,0.31793326,0.22860344,0.9913333,0.06786598
1017,0.88471496,0.45761207,0.49275893,0.36034295,0.39195603,0.09726912
1018,0.8262384,0.21541277,0.3325225,0.23129155,0.49371588,-0.015878782
1019,0.05233803,0.019338077,0.031971514,0.021699853,0.020366516,-0.0023617763
1020,0.056505587,0.14942288,0.05210687,0.030623911,0.0043987185,0.11879897
1021,0.038314283,-0.02616534,0.031521965,0.02007373,0.006792318,-0.04623907
1022,0.024944106,0.09889622,0.033945054,0.02356548,-0.009000948,0.07533074
1023,0.38698956,0.08343155,0.14224173,0.09304254,0.24474783,-0.009610988
1024,0.21790604,0.07891027,0.052046884,0.03405991,0.16585916,0.04485036
1025,1.0153925,0.22880083,0.30572993,0.21361277,0.7096626,0.015188068
1026,0.66646,0.21538205,0.35277274,0.22794002,0.31368724,-0.0125579685
1027,0.31357297,0.17138489,0.18646248,0.11710153,0.1271105,0.05428336
1028,0.80047774,0.12578821,0.16878985,0.11982672,0.6316879,0.0059614927
1029,0.2351476,0.061736386,0.02605851,0.024065496,0.20908909,0.037670888
1030,-0.026021121,0.12500945,0.019007443,0.010352957,-0.045028564,0.11465649
1031,0.081390895,0.06374529,0.051901337,0.035896197,0.029489558,0.027849093
1032,0.05305507,-0.00077715045,0.033453926,0.022310268,0.019601144,-0.023087418
1033,1.1794869,0.21549518,0.33380088,0.2440881,0.84568596,-0.028592914
1034,0.71565765,0.14880471,0.24830632,0.17470536,0.46735132,-0.025900647
1035,0.89467543,0.18588412,0.2463503,0.17426689,0.64832515,0.011617228
1036,0.4898892,0.1379552,0.11923569,0.08886313,0.3706535,0.049092077
1037,0.15440267,0.06294769,0.059048466,0.044233814,0.09535421,0.018713877
1038,0.054250967,0.020684142,0.0153383175,0.015202726,0.03891265,0.0054814154
1039,0.2677086,0.1671533,0.18213236,0.13539003,0.085576236,0.03176327
1040,0.06305367,0.03252234,0.030389605,0.020509422,0.03266406,0.012012918
1041,0.908294,0.14099285,0.1880585,0.12552208,0.7202355,0.015470773
1042,0.97455263,0.3192961,0.418478,0.32876706,0.5560746,-0.009470969
1043,0.5652164,0.21878512,0.2273552,0.18043898,0.33786124,0.03834614
1044,0.11596729,0.07848046,0.067952685,0.05122703,0.048014604,0.02725343
1045,0.40005237,0.15352648,0.22162546,0.14010128,0.1784269,0.013425201
1046,0.9550545,0.23730177,0.34403625,0.24710503,0.6110183,-0.009803265
1047,0.6844264,0.22645383,0.2965975,0.21259469,0.38782892,0.013859138
1048,0.9923568,0.23609675,0.27923682,0.21443497,0.71312,0.021661788
1049,1.1667452,0.3769605,0.51670164,0.34699428,0.65004355,0.029966205
1050,0.04746233,0.07380765,0.022110164,0.015980834,0.025352165,0.057826817
1051,0.27581012,0.14959398,0.16894932,0.11885027,0.1068608,0.03074371
1052,1.2535427,0.24431483,0.4106592,0.29474795,0.84288347,-0.050433114
1053,0.4640749,0.1328718,0.14371495,0.11075118,0.32035995,0.022120625
1054,0.7133138,0.31324092,0.39062232,0.2797694,0.3226915,0.033471525
1055,0.7598543,0.2247221,0.25328043,0.19141223,0.5065739,0.033309877
1056,0.75331897,0.17857133,0.2890791,0.1744173,0.46423987,0.0041540265
1057,0.4101536,0.11639915,0.1901173,0.12220082,0.2200363,-0.0058016703
1058,0.18969102,0.09407145,0.1045533,0.071768835,0.085137725,0.022302613
1059,0.08024902,0.05095016,0.084021434,0.059957534,-0.0037724152,-0.009007376
1060,0.123957016,0.114558764,0.05635239,0.035553284,0.067604624,0.07900548
1061,0.73695886,0.471047,0.5555727,0.44060248,0.18138617,0.030444533
1062,0.68365484,0.26974612,0.30674797,0.22828485,0.37690687,0.041461274
1063,1.6306351,0.24616402,0.3800024,0.27120465,1.2506328,-0.025040627
1064,0.061586045,0.010198448,0.036226027,0.023710845,0.025360018,-0.013512397
1065,0.19378635,0.05805625,0.056976136,0.03869818,0.13681021,0.019358069
1066,0.2890395,0.13567753,0.16268443,0.11258834,0.12635507,0.023089193
1067,0.5892932,0.061372418,0.12740241,0.07945795,0.46189076,-0.018085536
1068,0.2630341,0.21332003,0.057855994,0.03983658,0.20517811,0.17348345
1069,0.8987777,0.2964811,0.3597059,0.2646586,0.5390718,0.031822503
1070,0.15238161,0.016359018,0.103723295,0.06402693,0.04865832,-0.047667913
1071,0.34200105,0.038795725,0.10161951,0.05474767,0.24038154,-0.015951946
1072,0.15080377,0.09166032,0.09673787,0.07020822,0.054065906,0.0214521
1073,0.041202724,0.042981017,0.035624567,0.024835754,0.0055781566,0.018145263
1074,0.31678772,0.018239215,0.10500735,0.07308756,0.21178037,-0.054848343
1075,0.8784092,0.20057501,0.36068425,0.23511443,0.517725,-0.034539416
1076,0.8465324,0.2236507,0.30356127,0.2194255,0.54297113,0.0042251945
1077,0.2461454,0.16145091,0.09903229,0.07643111,0.14711311,0.0850198
1078,0.0029571918,0.039492562,0.016777817,0.010727188,-0.013820626,0.028765375
1079,1.085217,0.29889032,0.40392524,0.28841186,0.68129176,0.010478467
1080,0.739453,0.24961488,0.39651003,0.2665055,0.34294298,-0.01689063
1081,0.31504193,0.18607321,0.16551891,0.1101509,0.14952302,0.07592231
1082,1.1741407,0.31553042,0.39484987,0.27011684,0.7792908,0.045413584
1083,0.5017678,0.20415288,0.33770913,0.22912434,0.16405869,-0.024971455
1084,0.35331228,0.050848734,0.122613356,0.07850322,0.23069893,-0.027654488
1085,1.3066678,0.3893061,0.4037869,0.3148663,0.9028809,0.074439794
1086,0.6763989,0.19318408,0.28088042,0.19573796,0.39551845,-0.0025538802
1087,0.20208152,0.04934256,0.085162185,0.059178606,0.11691933,-0.009836044
1088,0.98348224,0.36911744,0.45954552,0.30364192,0.52393675,0.06547552
1089,0.9851549,0.25039217,0.34922475,0.26362062,0.6359302,-0.013228446
1090,1.3655382,0.22860561,0.39166722,0.28268865,0.973871,-0.054083034
1091,0.44676942,0.27609935,0.19753219,0.13229169,0.24923722,0.14380766
1092,1.0099045,0.23498058,0.37716168,0.25570276,0.6327428,-0.02072218
1093,0.69616693,0.16863225,0.2201305,0.15624613,0.47603643,0.012386128
1094,0.6937715,0.17277436,0.31149578,0.19154707,0.3822757,-0.018772706
1095,0.8862439,0.15773226,0.2505566,0.16980994,0.6356873,-0.012077674
1096,1.2437788,0.18631944,0.32642478,0.20105459,0.91735405,-0.014735147
1097,0.06689305,0.045682847,0.065991156,0.048695754,0.0009018928,-0.0030129068
1098,0.1648104,0.0505854,0.07814698,0.042596217,0.086663425,0.007989183
1099,0.55828047,0.17279042,0.25366724,0.18712834,0.30461323,-0.014337912
1100,0.17288652,0.09038459,0.08041818,0.05820203,0.09246834,0.03218256
1101,0.28239033,0.050757155,0.061891604,0.048370644,0.22049873,0.0023865104
1102,0.91104656,0.29171827,0.42254367,0.2874652,0.4885029,0.0042530596
1103,0.8744445,0.17619441,0.2618931,0.18571743,0.6125514,-0.009523019
1104,0.055591013,0.014128641,0.03794069,0.028483959,0.017650325,-0.014355318
1105,0.78763306,0.23479171,0.31313926,0.20456198,0.4744938,0.030229732
1106,0.23412697,0.11219783,0.09475241,0.07006793,0.13937455,0.042129904
1107,0.7087359,0.18644977,0.2191427,0.1549817,0.48959318,0.031468064
1108,0.802148,0.227891,0.39108178,0.25942528,0.4110662,-0.031534284
1109,0.6562044,0.15808354,0.27347627,0.18466309,0.38272813,-0.026579544
1110,0.6734482,0.18811391,0.2559693,0.19646971,0.41747892,-0.008355796
1111,0.1755558,0.013924753,0.071732074,0.04960859,0.10382372,-0.035683833
1112,0.09019245,0.11178248,0.07534113,0.050423946,0.014851324,0.06135853
1113,0.76787406,0.3489035,0.43408355,0.31232607,0.3337905,0.036577433
1114,1.0214044,0.21443215,0.30991924,0.22223811,0.71148515,-0.0078059584
1115,0.80068564,0.19774036,0.26415864,0.19231898,0.53652704,0.005421385
1116,0.8065447,0.17153507,0.25936595,0.18054841,0.54717875,-0.00901334
1117,1.1025424,0.23273501,0.35299584,0.22194919,0.7495465,0.010785818
1118,0.7379596,0.2587168,0.3490395,0.24090262,0.38892013,0.017814174
1119,0.16810478,0.0012478635,0.082173005,0.053053427,0.08593178,-0.051805563
1120,0.1757612,0.046272755,0.081479274,0.050741196,0.09428192,-0.004468441
1121,0.085116014,0.07581895,0.06514716,0.05258516,0.019968852,0.02323379
1122,0.8007125,0.24861261,0.3668543,0.25306162,0.43385822,-0.00444901
1123,0.089919016,0.10646046,0.031441756,0.025151057,0.05847726,0.0813094
1124,0.54000604,0.24617879,0.30252182,0.22180279,0.23748422,0.024376005
1125,0.3954001,0.079917096,0.13845275,0.08844833,0.25694734,-0.008531235
1126,0.11649293,-0.0040882155,0.06297992,0.043818206,0.053513005,-0.04790642
1127,0.568836,0.26103327,0.31317246,0.23724152,0.2556635,0.023791745
1128,0.11456168,0.086828455,0.10525421,0.068716094,0.009307466,0.018112361
1129,1.025605,0.3071919,0.37731564,0.26753482,0.6482893,0.039657086
1130,0.48031744,0.23543407,0.19819649,0.13895285,0.28212094,0.09648122
1131,0.39459208,0.06730183,0.16948257,0.104816735,0.2251095,-0.037514903
1132,1.4270291,0.63134956,0.75237983,0.60507506,0.6746493,0.026274502
1133,0.3143211,0.21768366,0.26649168,0.20151915,0.04782942,0.016164511
1134,1.2777691,0.3047596,0.39316913,0.27880022,0.8845999,0.025959373
1135,1.2637972,0.4159003,0.62269104,0.4461755,0.6411061,-0.030275196
1136,0.037946224,0.020689225,0.016556166,0.007038577,0.021390058,0.013650648
1137,0.36825395,0.16380891,0.15227318,0.12670349,0.21598077,0.037105426
1138,1.1174421,0.46709535,0.6176749,0.4323922,0.49976724,0.034703135
1139,1.0035632,0.21141636,0.25064012,0.17050146,0.752923,0.040914908
1140,0.33835474,0.11821331,0.18446489,0.13032329,0.15388985,-0.01210998
1141,1.24164,0.30789152,0.5077068,0.31512666,0.73393315,-0.0072351396
1142,0.73590744,0.2339309,0.320718,0.24253279,0.41518945,-0.008601889
1143,0.21305244,0.09244831,0.100327685,0.07694943,0.11272475,0.015498877
1144,0.7378876,0.2257745,0.33293495,0.2289259,0.40495268,-0.0031514019
1145,0.9840744,0.41363758,0.51065445,0.3657308,0.47341996,0.047906786
1146,0.7544914,0.13702238,0.19969445,0.14314957,0.55479693,-0.0061271936
1147,1.1704974,0.30738044,0.38027155,0.28381503,0.79022586,0.023565412
1148,0.2429475,0.118999764,0.14873022,0.107027866,0.094217286,0.011971898
1149,0.29297847,0.08073776,0.070091255,0.051265568,0.22288722,0.029472195
1150,0.67739546,0.18990216,0.26399994,0.18555628,0.41339552,0.004345879
1151,0.039808106,-0.03236144,0.029944967,0.011778011,0.009863138,-0.044139452
1152,0.6877018,0.18266693,0.3085846,0.2089816,0.37911722,-0.026314676
1153,0.8736175,0.16471365,0.29501092,0.20651908,0.57860655,-0.04180543
1154,0.9721204,0.20631817,0.3188138,0.22521402,0.6533066,-0.01889585
1155,0.17198375,0.07002327,0.12650612,0.08631328,0.04547763,-0.016290009
1156,0.09099196,0.050910264,0.059342794,0.040906083,0.031649165,0.010004181
1157,0.93370515,0.23345211,0.2876758,0.20111181,0.64602935,0.032340303
1158,1.1895971,0.22564714,0.36859992,0.27608722,0.82099724,-0.050440088
1159,0.5969646,0.17022659,0.24373633,0.17932801,0.35322827,-0.009101421
1160,0.075537965,-0.01733443,0.02526366,0.015331802,0.050274305,-0.032666232
1161,1.0230776,0.23689865,0.32616484,0.24969904,0.69691277,-0.0128003955
1162,0.30815107,0.16644344,0.16704899,0.1159418,0.14110208,0.050501637
1163,0.0010686419,0.05273282,0.021569127,0.016978022,-0.020500485,0.0357548
1164,1.0093238,0.28663534,0.38958922,0.29451883,0.61973464,-0.007883489
1165,0.09394903,0.01781582,0.062391892,0.046330985,0.031557135,-0.028515164
1166,0.6857974,0.31819206,0.4034992,0.30334017,0.2822982,0.014851898
1167,0.3535248,0.11678107,0.15965478,0.11952775,0.19387002,-0.002746679
1168,0.17319492,0.1956704,0.117226675,0.08367734,0.05596824,0.11199306
1169,1.2861023,0.2897812,0.3895941,0.29036027,0.8965082,-0.0005790591
1170,0.30891278,0.097732544,0.13177447,0.0879565,0.17713831,0.009776041
1171,1.0164075,0.31807223,0.4440448,0.31292683,0.57236266,0.0051454008
1172,0.8545626,0.19216149,0.32415208,0.2294244,0.5304105,-0.037262917
1173,0.97839636,0.29490983,0.49523214,0.34007478,0.48316422,-0.045164943
1174,0.19300652,0.13333403,0.10514066,0.06734479,0.08786585,0.06598923
1175,0.1434171,0.04036736,0.054711986,0.039916426,0.08870512,0.00045093521
1176,1.1884389,0.37076223,0.47513774,0.3672172,0.7133012,0.003545016
1177,0.80015546,0.2183837,0.26036778,0.18149109,0.53978765,0.036892608
1178,0.39206487,0.191891,0.22925092,0.15440951,0.16281395,0.037481487
1179,0.92854893,0.2461948,0.31933966,0.22669327,0.6092093,0.019501522
1180,0.17172402,0.05975973,0.11457984,0.076930076,0.05714418,-0.017170347
1181,0.7896874,0.1284292,0.2026763,0.14428665,0.5870111,-0.015857443
1182,-0.0015073624,0.05168007,0.012595615,0.011199257,-0.014102978,0.04048081
1183,1.0450649,0.26778582,0.35716972,0.2472645,0.6878952,0.020521313
1184,0.41306865,0.120607845,0.2008472,0.14035788,0.21222146,-0.019750036
1185,0.7364578,0.15647168,0.22711684,0.15941554,0.509341,-0.0029438585
1186,0.48696867,0.14449486,0.14702353,0.11372805,0.33994514,0.030766815
1187,0.96516407,0.17528485,0.25259826,0.19670118,0.7125658,-0.021416336
1188,0.64761806,0.27481633,0.30822906,0.21448778,0.339389,0.060328558
1189,0.57614666,0.2295925,0.32462144,0.23228051,0.25152522,-0.0026880056
1190,0.1273834,0.043154906,0.06503258,0.04828322,0.062350817,-0.005128313
1191,0.29166844,0.00017090839,0.057479892,0.033877574,0.23418856,-0.033706665
1192,1.0072252,0.13993278,0.24118112,0.1649001,0.766044,-0.024967313
1193,1.007943,0.14379895,0.24579701,0.17538644,0.762146,-0.031587496
1194,0.49485436,0.045981996,0.045868926,0.03717558,0.44898543,0.008806415
1195,0.15248017,-0.011453083,0.08544165,0.0466842,0.06703852,-0.058137283
1196,1.2133862,0.41713268,0.571831,0.4188701,0.6415552,-0.0017374158
1197,0.34995165,0.12953301,0.13785098,0.109833926,0.21210067,0.019699082
1198,0.12005443,0.081832275,0.058046322,0.047153503,0.06200811,0.034678772
1199,0.4200403,0.12443826,0.15594445,0.10741809,0.26409584,0.017020173
1200,1.1224189,0.18676004,0.3331427,0.2290037,0.7892762,-0.04224366
1201,1.1734511,0.3139013,0.49633253,0.32924092,0.67711854,-0.015339613
1202,0.854143,0.332423,0.3046904,0.23257206,0.54945266,0.09985094
1203,0.9402847,0.23332654,0.12247358,0.07901636,0.81781113,0.15431018
1204,1.0534979,0.24705485,0.32865074,0.25037593,0.7248472,-0.0033210814
1205,0.2378765,0.08055161,0.11446487,0.069400944,0.12341163,0.011150666
1206,-0.010495753,0.012752595,0.015023483,0.012132201,-0.025519237,0.000620394
1207,1.2346475,0.18224323,0.29130393,0.19625567,0.9433436,-0.014012441
1208,0.5750953,0.19555882,0.29346788,0.19419941,0.28162742,0.0013594031
1209,1.1566621,0.3384465,0.43572587,0.29895976,0.72093624,0.039486736
1210,0.21639295,0.050107025,0.1028748,0.07192903,0.11351815,-0.021822006
1211,-0.06928376,0.11893044,0.013503214,0.008047474,-0.08278698,0.11088296
1212,0.12961963,0.013650988,0.0573202,0.046639886,0.07229943,-0.0329889
1213,0.18889524,0.16202238,0.0913103,0.060170736,0.09758494,0.10185164
1214,0.49795178,0.11321479,0.13954908,0.10075171,0.3584027,0.012463078
1215,0.3644448,0.21218687,0.24849103,0.17734139,0.11595376,0.034845486
1216,0.40917045,0.13509585,0.25382984,0.15670721,0.15534061,-0.021611363
1217,0.13685486,0.07366189,0.06446391,0.046086665,0.072390944,0.027575228
1218,0.41461977,0.119783044,0.12741676,0.093948275,0.287203,0.025834769
1219,0.5841034,0.1650418,0.22731243,0.15154329,0.35679096,0.013498515
1220,0.3466381,0.1543193,0.20809369,0.14912076,0.13854443,0.0051985383
1221,1.1906693,0.35010272,0.4877945,0.31765705,0.7028748,0.03244567
1222,0.20169295,0.089453645,0.035611536,0.031657916,0.16608141,0.05779573
1223,0.65844643,0.18494067,0.29978326,0.22424747,0.35866317,-0.039306805
1224,0.6410731,0.15396164,0.19534892,0.13944063,0.4457242,0.014521018
1225,0.5791883,0.18776588,0.21794172,0.15848833,0.3612466,0.029277548
1226,1.1999444,0.36080632,0.3964659,0.2917129,0.8034785,0.069093406
1227,0.6533041,0.24460578,0.29262727,0.19891642,0.36067683,0.04568936
1228,1.264762,0.32568234,0.44410968,0.29852706,0.82065237,0.02715528
1229,1.6679654,0.21589322,0.44452024,0.2586658,1.2234452,-0.042772576
1230,0.112446986,0.009028117,0.06348247,0.045863613,0.048964515,-0.036835495
1231,1.2974163,0.26108855,0.46139467,0.3222051,0.83602166,-0.061116546
1232,0.98222566,0.31714746,0.3814419,0.2869837,0.60078377,0.030163765
1233,-0.0052017733,0.11125268,0.027782863,0.018285394,-0.032984637,0.09296729
1234,0.047286715,0.11221982,0.019351304,0.011723536,0.027935412,0.100496285
1235,0.54456294,0.2460738,0.2399569,0.18007976,0.30460602,0.06599404
1236,0.66823465,0.23823151,0.2966746,0.21257986,0.37156004,0.025651649
1237,0.20274286,0.02743951,0.06799328,0.049509093,0.13474958,-0.022069583
1238,0.06045088,-0.017544137,0.041472875,0.026258837,0.018978007,-0.043802977
1239,0.19964536,0.07558112,0.09968312,0.07591642,0.099962234,-0.00033529848
1240,0.3361125,0.19374672,0.21265331,0.1510301,0.12345919,0.042716622
1241,-0.0384797,0.118065655,0.016157066,0.006719352,-0.05463677,0.111346304
1242,0.056932304,0.030585855,0.023650892,0.017063402,0.033281412,0.013522454
1243,0.68407845,0.23361692,0.27172923,0.19059666,0.41234922,0.043020263
1244,0.17806858,0.055312335,0.06513847,0.045776628,0.11293011,0.0095357075
1245,0.64479995,0.3862141,0.44575465,0.33789414,0.1990453,0.048319966
1246,0.7898296,0.2186041,0.29592848,0.21124765,0.49390113,0.00735645
1247,0.15948215,0.073580354,0.040618844,0.029637977,0.11886331,0.043942377
1248,-0.018060064,0.16284429,0.045783743,0.026459465,-0.06384381,0.13638481
1249,0.4735596,0.15392087,0.160969,0.12349169,0.3125906,0.030429184
1250,0.2019322,0.08250672,0.05928741,0.043863486,0.1426448,0.038643237
1251,0.967145,0.20772202,0.285427,0.19017594,0.681718,0.017546088
1252,0.041239165,0.008212544,0.037688233,0.031123476,0.0035509318,-0.022910932
1253,0.06353145,0.039895717,0.04712323,0.034399994,0.01640822,0.0054957233
1254,-0.0457674,0.014128963,0.014783217,0.011631056,-0.060550615,0.0024979077
1255,0.3246415,0.13753186,0.17264757,0.1242249,0.15199393,0.01330696
1256,1.7167729,0.6157763,0.8078145,0.5860261,0.90895844,0.029750228
1257,0.35790944,0.115697,0.14178279,0.11066434,0.21612665,0.0050326586
1258,0.121370636,0.039090626,0.04780643,0.034803867,0.0735642,0.0042867586
1259,0.293719,0.06432653,0.09922362,0.07034718,0.19449538,-0.0060206503
1260,0.8576231,0.16149372,0.28734553,0.21198563,0.5702776,-0.050491914
1261,0.015427968,0.019017108,0.038254265,0.029091956,-0.022826295,-0.010074848
1262,1.0576406,0.26922482,0.42294002,0.288607,0.63470054,-0.019382179
1263,0.5981715,0.112388656,0.19129895,0.13653457,0.4068725,-0.024145916
1264,1.1343468,0.34979472,0.4565065,0.31472585,0.67784035,0.03506887
1265,0.76001483,0.20607984,0.2840876,0.20259291,0.47592723,0.0034869313
1266,1.2401229,0.21547468,0.28778023,0.21035166,0.9523427,0.005123019
1267,1.1680615,0.5914012,0.73881525,0.5343281,0.42924625,0.057073116
1268,1.1480974,0.33390087,0.56334263,0.3609584,0.58475477,-0.027057528
1269,0.22012243,0.074772485,0.075966984,0.057768248,0.14415544,0.017004237
1270,0.044179957,0.00072742946,0.017625218,0.015045455,0.02655474,-0.014318026
1271,1.071897,0.14971241,0.20983987,0.15633558,0.86205715,-0.006623164
1272,0.8332665,0.23095609,0.37898046,0.26060164,0.45428604,-0.029645547
1273,0.14430448,-0.006056125,0.039113093,0.025096636,0.105191395,-0.03115276
1274,-0.0016390474,0.107893094,0.03257633,0.017926127,-0.034215376,0.08996697
1275,0.11950709,0.051443063,0.028095255,0.021907737,0.09141184,0.029535325
1276,0.7484255,0.27939153,0.38758028,0.28207114,0.3608452,-0.0026796162
1277,1.0305995,0.2394693,0.3725279,0.23471537,0.6580716,0.0047539324
1278,0.1288389,0.08102473,0.11232253,0.09475901,0.016516365,-0.013734281
1279,1.2283647,0.14205658,0.2599828,0.18071459,0.9683819,-0.038658008
1280,1.1640437,0.45199475,0.5916069,0.40169212,0.57243675,0.050302625
1281,0.55464494,0.22971976,0.3526859,0.22020693,0.20195904,0.009512827
1282,0.13570593,0.1843452,0.11027721,0.07257609,0.02542872,0.11176911
1283,-0.04062346,0.10842029,0.0071361037,0.0019339479,-0.047759563,0.10648634
1284,0.33705214,0.10740534,0.15526626,0.12046873,0.18178588,-0.013063386
1285,1.0869305,0.31940106,0.3949532,0.25752553,0.6919773,0.061875522
1286,0.9937602,0.37908968,0.3929255,0.29681367,0.6008347,0.08227602
1287,1.4210418,0.30134204,0.4401251,0.30215508,0.98091674,-0.00081303716
1288,0.1125647,0.17617236,0.09383242,0.06415811,0.01873228,0.11201425
1289,0.57087547,0.22072053,0.29341638,0.20885043,0.27745908,0.011870101
1290,0.9092863,0.29545656,0.36431545,0.26193628,0.54497087,0.03352028
1291,0.08157019,0.058938697,0.03953909,0.03203212,0.042031102,0.026906576
1292,-0.06592461,0.14497234,0.057526413,0.039903313,-0.123451024,0.10506903
1293,0.6470587,0.23856859,0.3507279,0.24974258,0.29633084,-0.011173993
1294,0.3499856,0.034020863,0.050741486,0.037451886,0.2992441,-0.0034310222
1295,0.16444446,0.054368395,0.06766822,0.04845619,0.09677624,0.005912207
1296,0.4303781,0.1377998,0.21758114,0.15280499,0.21279697,-0.015005186
1297,0.17762077,0.12854195,0.10182875,0.076631695,0.07579202,0.05191025
1298,0.0074892463,0.12814388,0.034167558,0.022292862,-0.026678313,0.10585102
1299,0.83087736,0.121254556,0.19498074,0.13658838,0.6358966,-0.015333824
1300,1.3603897,0.20598139,0.36511165,0.26592582,0.99527806,-0.059944436
1301,0.10990717,0.14916828,0.052991696,0.034418903,0.056915477,0.11474938
1302,0.28523618,0.04607979,0.06780838,0.04864377,0.21742779,-0.0025639832
1303,0.19002278,0.08848867,0.0781668,0.056386407,0.111855984,0.03210226
1304,0.38502803,0.13577394,0.19796652,0.14170086,0.18706152,-0.005926922
1305,1.0551445,0.2185949,0.36800236,0.25685355,0.6871422,-0.038258657
1306,0.40749586,0.29593593,0.26959535,0.19108985,0.1379005,0.104846075
1307,1.1902668,0.39655453,0.4249556,0.34206605,0.76531124,0.05448848
1308,0.5615182,0.14479008,0.15986598,0.12217825,0.40165222,0.022611834
1309,0.77845323,0.21348886,0.29893282,0.21211112,0.4795204,0.0013777465
1310,0.8923148,0.31989965,0.4756472,0.34655485,0.41666758,-0.026655197
1311,0.040036894,0.023947753,0.03615905,0.023196401,0.0038778447,0.00075135194
1312,0.03640844,0.14685586,0.055451762,0.04026694,-0.019043323,0.10658892
1313,0.5300827,0.10186405,0.14771271,0.107974894,0.38237,-0.006110847
1314,0.2697717,0.12480131,0.174722,0.11985815,0.095049694,0.0049431548
1315,0.17085828,0.10503692,0.15521961,0.09884578,0.015638664,0.006191142
1316,0.79370224,0.23184732,0.34030426,0.23162602,0.453398,0.00022129714
1317,0.7544541,0.14241491,0.18797392,0.1342716,0.56648016,0.008143306
1318,1.4738106,0.3943193,0.4953113,0.341683,0.9784993,0.052636296
1319,0.019091574,0.05969598,0.031032937,0.026349654,-0.011941362,0.033346325
1320,0.17997746,0.16309322,0.100266196,0.06563339,0.079711266,0.09745984
1321,1.1624128,0.08635539,0.20785135,0.14185469,0.9545614,-0.0554993
1322,0.37209782,0.15662271,0.17323433,0.12093503,0.19886349,0.035687678
1323,1.040401,0.1585955,0.29003507,0.19414587,0.7503659,-0.03555037
1324,0.87931985,0.22188966,0.29867327,0.22200423,0.5806466,-0.00011457503
1325,0.70042574,0.21476193,0.27803943,0.19952473,0.42238632,0.015237197
1326,0.55050963,0.11104878,0.14054061,0.08481325,0.40996903,0.026235528
1327,0.46251112,0.13571998,0.17054373,0.12303672,0.2919674,0.012683265
1328,0.81558853,0.17025849,0.26606366,0.18715653,0.5495249,-0.016898036
1329,0.05697702,0.14139771,0.043536015,0.027738772,0.013441004,0.11365894
1330,0.74897635,0.15084647,0.19608141,0.14638485,0.55289495,0.0044616163
1331,1.1118491,0.24615031,0.3174514,0.23593421,0.7943977,0.010216102
1332,0.22453848,0.05377737,0.06972571,0.052547317,0.15481277,0.0012300536
1333,0.9563432,0.18888411,0.26445296,0.1929258,0.69189024,-0.0040416867
1334,0.15970027,0.04795669,0.10046308,0.06830783,0.059237197,-0.020351142
1335,1.2022543,0.38134474,0.47250283,0.34813,0.72975147,0.033214748
1336,0.85509866,0.24698222,0.3088124,0.23781556,0.5462862,0.009166658
1337,0.9270704,0.07025936,0.16806234,0.10759881,0.75900805,-0.03733945
1338,0.55220205,0.36422655,0.39317632,0.3035622,0.15902573,0.060664356
1339,0.8627546,0.24136586,0.33271256,0.23688403,0.53004205,0.004481837
1340,0.07463333,0.009668894,0.02929363,0.017303864,0.0453397,-0.0076349694
1341,1.6184665,0.41523215,0.57899785,0.40756485,1.0394686,0.007667303
1342,0.12264034,0.026049467,0.072143175,0.05131684,0.050497167,-0.025267372
1343,1.0661081,0.3052705,0.37629357,0.28726634,0.68981457,0.01800415
1344,0.16601087,0.037383597,0.083841845,0.043582186,0.082169026,-0.0061985888
1345,0.12229698,0.008471925,0.0625007,0.032677066,0.05979628,-0.02420514
1346,1.007763,0.36707845,0.46679834,0.34354904,0.5409647,0.02352941
1347,0.7623518,0.29242104,0.44175643,0.31509593,0.32059538,-0.022674888
1348,0.61226225,0.1854842,0.18186066,0.121785596,0.4304016,0.063698605
1349,0.14570698,0.050580874,0.11085743,0.07538914,0.034849554,-0.024808265
1350,0.80811006,0.40078008,0.48190677,0.34111702,0.3262033,0.059663057
1351,1.2663279,0.3566606,0.53327405,0.3496226,0.7330538,0.0070379972
1352,0.03148117,0.03512582,0.023618665,0.01601078,0.007862505,0.019115042
1353,0.7013131,0.28779387,0.38889778,0.2507249,0.3124153,0.037068963
1354,0.30429533,0.028005816,0.09830839,0.06037859,0.20598695,-0.032372773
1355,0.6365279,0.24468026,0.38511315,0.2707676,0.25141475,-0.026087344
1356,0.31066152,0.040818952,0.032722495,0.027480865,0.27793902,0.013338087
1357,0.3206347,0.1142191,0.09899384,0.076271884,0.22164086,0.037947215
1358,0.47245514,0.085810654,0.11890613,0.08529053,0.353549,0.00052012503
1359,0.5291658,0.15342934,0.22554438,0.16630596,0.3036214,-0.012876615
1360,0.19640082,0.038984578,0.09350429,0.06898399,0.102896534,-0.029999409
1361,0.07727557,-0.02448245,0.034587927,0.018510219,0.04268764,-0.042992666
1362,0.58538914,0.20517528,0.2924719,0.2231833,0.29291725,-0.018008024
1363,0.6889568,0.19388813,0.26867482,0.18426573,0.42028198,0.009622395
1364,0.90352696,0.19979933,0.40635812,0.22026353,0.49716884,-0.020464197
1365,0.053634945,0.023092804,0.048522443,0.030291457,0.0051125027,-0.0071986523
1366,0.6390363,0.20680556,0.3332123,0.22606534,0.305824,-0.01925978
1367,0.71473134,0.15476078,0.22110042,0.14142354,0.49363092,0.01333724
1368,0.6569646,0.09959508,0.1288078,0.09966146,0.5281568,-6.638467e-05
1369,1.5315539,0.40624684,0.5985953,0.43779552,0.93295854,-0.03154868
1370,0.14316878,0.09106319,0.08862721,0.056956295,0.054541565,0.03410689
1371,0.6131808,0.22047454,0.29022956,0.19651338,0.32295126,0.023961157
1372,0.75945187,0.15188533,0.22504997,0.16351509,0.5344019,-0.01162976
1373,1.1642497,0.28708658,0.3973648,0.29559106,0.76688486,-0.00850448
1374,0.20720424,0.04051954,0.09414336,0.05917382,0.11306088,-0.01865428
1375,0.12069007,0.11631592,0.040882107,0.027740562,0.07980797,0.08857536
1376,0.1593129,0.17140792,0.1233931,0.07937533,0.0359198,0.0920326
1377,0.5306646,0.28784055,0.2505999,0.17482418,0.28006473,0.11301637
1378,0.5591539,0.2492536,0.2751376,0.2229896,0.2840163,0.026263997
1379,0.7805978,0.25796434,0.3896578,0.26712552,0.39094,-0.009161174
1380,0.7022143,0.20694676,0.26670352,0.19860418,0.43551078,0.008342579
1381,0.3894167,0.049496237,0.14694472,0.08062863,0.24247198,-0.031132396
1382,1.4754173,0.4992471,0.6724036,0.48091918,0.8030137,0.018327922
1383,0.06719593,0.0837201,0.10396327,0.07645149,-0.03676734,0.007268615
1384,0.7774554,0.18377301,0.26556778,0.191858,0.5118876,-0.008084983
1385,0.20149347,0.04825925,0.18686664,0.1193031,0.014626831,-0.07104385
1386,0.139436,0.046065055,0.07267323,0.046391405,0.066762775,-0.00032635033
1387,0.79737705,0.16076618,0.2691964,0.17545164,0.52818066,-0.014685452
1388,1.0816725,0.11878885,0.17054471,0.1274991,0.9111278,-0.00871025
1389,0.01999645,-0.020814255,0.038073074,0.02429345,-0.018076625,-0.045107707
1390,0.10779434,0.07079873,0.09827724,0.07015999,0.009517096,0.0006387457
1391,0.27564153,0.1816069,0.17254461,0.13297245,0.10309692,0.048634455
1392,0.13113247,0.021533877,0.03988806,0.033786964,0.09124441,-0.012253087
1393,0.63657033,0.28690493,0.38013762,0.26134813,0.2564327,0.025556803
1394,0.043964885,0.122540325,0.07363112,0.044877116,-0.029666238,0.07766321
1395,0.9575939,0.22298346,0.32464767,0.24746943,0.63294625,-0.02448596
1396,0.026950093,0.20905097,0.05273332,0.026687298,-0.025783228,0.18236367
1397,0.8070396,0.27808964,0.37252226,0.2731264,0.43451735,0.004963249
1398,0.5163547,0.18654965,0.2786759,0.20325163,0.23767877,-0.016701981
1399,0.87901795,0.30847335,0.38835105,0.27527717,0.4906669,0.03319618
1400,0.16624628,0.07303357,0.073862106,0.060893685,0.092384174,0.012139887
1401,0.30974343,0.10453326,0.097988576,0.07941142,0.21175486,0.025121845
1402,0.43643332,0.085845016,0.18693303,0.117309526,0.24950029,-0.03146451
1403,1.1217973,0.26308802,0.35566425,0.2791356,0.76613307,-0.016047597
1404,0.96911454,0.24517266,0.38105893,0.24367476,0.5880556,0.0014979094
1405,0.04290026,0.032030843,0.06791432,0.05128528,-0.025014061,-0.019254439
1406,0.039211195,0.05739604,0.047011953,0.03655123,-0.007800758,0.02084481
1407,0.8954694,0.13772753,0.24941458,0.17206813,0.64605486,-0.034340605
1408,1.2312515,0.33795348,0.45032826,0.30794287,0.78092325,0.03001061
1409,0.932226,0.40321198,0.5764277,0.3946637,0.3557983,0.00854829
1410,0.41011894,0.1391281,0.17364784,0.12494836,0.2364711,0.014179744
1411,0.9025058,0.2052414,0.33964244,0.23067957,0.56286335,-0.025438175
1412,0.7866256,0.15286799,0.27060252,0.17876822,0.5160231,-0.02590023
1413,0.75208,0.136846,0.18962827,0.12932336,0.5624517,0.0075226426
1414,0.7271207,0.18762249,0.2912201,0.19835836,0.4359006,-0.010735869
1415,0.9641559,0.17600961,0.25922948,0.1807411,0.70492643,-0.004731491
1416,0.20493521,0.08534711,0.108499415,0.08263461,0.09643579,0.0027124956
1417,1.5033233,0.8178616,1.1011913,0.77113897,0.40213203,0.04672265
1418,0.34747657,0.1985469,0.09875012,0.06885931,0.24872646,0.12968759
1419,0.9828685,0.3089579,0.31823197,0.23299137,0.6646365,0.07596654
1420,1.0682648,0.23785034,0.3811955,0.2601335,0.68706936,-0.022283167
1421,1.0848701,0.28015393,0.4027104,0.29230952,0.68215966,-0.012155592
1422,0.38858178,0.13541771,0.17881575,0.13333435,0.20976603,0.0020833611
1423,0.06829229,-0.01120729,0.049130894,0.030570002,0.019161396,-0.04177729
1424,0.13548067,0.013020785,0.058449343,0.04094643,0.07703133,-0.027925648
1425,0.72714895,0.121246375,0.19333893,0.1421792,0.53381,-0.02093283
1426,0.8483179,0.24563153,0.32703313,0.2169737,0.5212848,0.028657824
1427,1.1103032,0.21274143,0.3017336,0.19870003,0.80856955,0.014041409
1428,0.61899334,0.22206344,0.2932187,0.19925228,0.32577464,0.02281116
1429,0.009663036,-0.0016915073,0.022458043,0.018806208,-0.012795007,-0.020497715
1430,1.2685924,0.12485303,0.1766504,0.116795845,1.091942,0.0080571845
1431,0.1636752,0.119794615,0.1261056,0.09824606,0.037569597,0.021548554
1432,1.1412619,0.27830872,0.31074595,0.22946814,0.830516,0.048840582
1433,1.0740174,0.24546777,0.31545818,0.22831374,0.7585592,0.017154023
1434,0.3889633,0.07615977,0.113556765,0.083949834,0.27540654,-0.0077900663
1435,1.1572486,0.40739703,0.4737899,0.34355822,0.6834587,0.06383881
1436,0.5155446,0.11164507,0.13100037,0.092520915,0.38454422,0.019124158
1437,0.4735923,0.053942103,0.12186773,0.072577536,0.35172457,-0.018635433
1438,0.73336965,0.27920306,0.39560091,0.2865012,0.33776873,-0.0072981417
1439,0.781233,0.2506146,0.324128,0.21549061,0.457105,0.035124004
1440,1.4500966,0.0737675,0.1846,0.13148704,1.2654966,-0.057719544
1441,0.17806867,0.08273918,0.091330804,0.066862375,0.08673786,0.015876807
1442,0.25544527,0.06269621,0.07230811,0.049363717,0.18313716,0.013332494
1443,1.0347021,0.25886622,0.28449696,0.19560169,0.7502051,0.063264534
1444,0.0010298504,0.008508003,0.012182909,0.0038662648,-0.011153059,0.0046417387
1445,1.3546765,0.22392584,0.3837147,0.2650843,0.9709618,-0.041158453
1446,0.8118645,0.29004055,0.4126339,0.2561718,0.3992306,0.03386876
1447,0.103716545,0.0506503,0.0708358,0.049737524,0.032880746,0.00091277435
1448,0.030069426,0.036121625,0.040983304,0.022045111,-0.010913879,0.014076514
1449,1.1234348,0.22100934,0.32755712,0.21275109,0.7958777,0.008258253
1450,0.20385939,0.09062345,0.1222439,0.08958319,0.081615485,0.001040265
1451,0.8259229,0.18081243,0.27482417,0.19142523,0.5510987,-0.010612801
1452,0.81533253,0.21852787,0.31206405,0.22862543,0.5032685,-0.010097563
1453,0.38307413,0.13045657,0.1388457,0.10117544,0.24422844,0.029281124
1454,1.2083212,0.288373,0.40281036,0.29101938,0.8055109,-0.0026463866
1455,0.031182218,0.035813008,0.035652936,0.015975686,-0.004470717,0.019837322
1456,1.0565603,0.31856492,0.43033612,0.31844175,0.62622416,0.000123173
1457,0.047555663,0.1577286,0.048885945,0.038437847,-0.0013302825,0.119290754
1458,0.89672107,0.235248,0.33874404,0.2285981,0.557977,0.0066498965
1459,0.32508594,0.11492725,0.18606897,0.13454293,0.13901697,-0.01961568
1460,0.91231257,0.25543103,0.3767685,0.27090874,0.53554404,-0.015477717
1461,0.28278866,0.055195495,0.09063632,0.05252527,0.19215235,0.0026702248
1462,0.49158743,0.15925512,0.16999905,0.12462683,0.3215884,0.034628287
1463,0.1435326,0.13864595,0.04022336,0.026811328,0.103309244,0.111834615
1464,1.2070823,0.28220916,0.36168286,0.25261748,0.8453994,0.02959168
1465,0.94102544,0.23027544,0.2765444,0.20635106,0.66448104,0.02392438
1466,0.37178403,0.14466776,0.123937264,0.090329304,0.24784677,0.054338455
1467,0.3643956,0.13779524,0.121948235,0.08667139,0.24244735,0.05112385
1468,1.0539858,0.18656924,0.28561297,0.19865604,0.7683729,-0.012086794
1469,0.18646894,0.18902905,0.054150485,0.04621881,0.13231847,0.14281024
1470,0.18522593,0.039036103,0.055065885,0.04127382,0.13016005,-0.0022377186
1471,0.35824627,0.0009206965,0.075791776,0.04040834,0.2824545,-0.03948764
1472,0.3221877,0.14533085,0.18549109,0.11962156,0.1366966,0.025709286
1473,1.3585507,0.20084217,0.33733445,0.22550367,1.0212162,-0.024661496
1474,0.7503468,0.094383456,0.1543375,0.11374457,0.59600925,-0.019361116
1475,0.03991786,-0.035451945,0.022133296,0.013473183,0.017784564,-0.048925128
1476,0.3679507,0.1000015,0.13740265,0.09437831,0.23054805,0.0056231916
1477,-0.038105812,0.13541132,0.012454864,0.0057906597,-0.050560676,0.12962066
1478,0.0010535707,-0.054886058,0.016224435,0.005298963,-0.015170864,-0.060185023
1479,0.13725859,0.03678939,0.054430038,0.03373821,0.08282855,0.0030511804
1480,1.1588238,0.21004042,0.31717387,0.1896772,0.84165,0.020363227
1481,0.5734319,0.039106507,0.04953172,0.036995806,0.5239002,0.002110701
1482,0.17500533,0.04785384,0.1201151,0.074488156,0.05489023,-0.026634317
1483,0.6658526,0.297001,0.3138453,0.22728169,0.3520073,0.069719315
1484,0.5363703,0.18707809,0.20910522,0.1528057,0.32726505,0.034272388
1485,0.11358323,0.041761734,0.07682944,0.04553905,0.03675379,-0.0037773177
1486,0.16743937,0.12525053,0.13891181,0.104024984,0.028527558,0.02122555
1487,1.0813278,0.3712419,0.4852345,0.32803294,0.5960933,0.043208957
1488,0.027169231,-0.0122337155,0.049239263,0.034522966,-0.022070032,-0.04675668
1489,1.0197498,0.23185799,0.40779456,0.27157173,0.61195517,-0.03971374
1490,0.1309501,0.043780614,0.045230478,0.030969543,0.085719615,0.01281107
1491,0.44212854,0.27674973,0.17863405,0.13028742,0.2634945,0.1464623
1492,0.62204313,0.19543463,0.32548177,0.2141468,0.29656136,-0.018712163
1493,1.1105536,0.20169163,0.23617548,0.1768202,0.87437814,0.024871424
1494,0.29011503,0.16949931,0.17284687,0.11860003,0.11726816,0.050899275
1495,-0.0026490514,-0.01303144,0.025931625,0.014866308,-0.028580677,-0.02789775
1496,0.14400056,0.03695647,0.08819428,0.055904914,0.05580628,-0.018948443
1497,0.5004249,0.12632102,0.22583205,0.15083791,0.27459288,-0.024516895
1498,0.32225063,0.10501188,0.13249415,0.09603075,0.18975648,0.008981131
1499,1.2320164,0.31168813,0.4430724,0.28473905,0.788944,0.026949078
1500,0.8560622,0.20988555,0.26868927,0.19853646,0.5873729,0.011349097
1501,0.06672451,0.13949654,0.024859797,0.018766461,0.04186471,0.12073007
1502,0.68345106,0.10926831,0.22463186,0.14962672,0.4588192,-0.04035841
1503,1.0582222,0.25682896,0.40580302,0.2842672,0.65241915,-0.027438223
1504,0.7871299,0.21538895,0.26474077,0.16867226,0.5223891,0.04671669
1505,0.9107848,0.15312305,0.32449535,0.19410415,0.5862894,-0.0409811
1506,1.4150883,0.6094756,0.7989342,0.55863875,0.6161541,0.05083686
1507,1.0439312,0.12156259,0.22361019,0.14197029,0.8203211,-0.020407699
1508,0.1517913,0.13764678,0.112556726,0.09209691,0.03923458,0.04554987
1509,0.14148805,0.10877055,0.09849116,0.08017915,0.042996883,0.028591402
1510,0.9245695,0.18191056,0.23992886,0.15723483,0.68464065,0.024675727
1511,1.4898849,0.4992269,0.58149946,0.37931117,0.9083854,0.119915724
1512,0.7956573,0.25109026,0.29567137,0.21041073,0.4999859,0.04067953
1513,0.73534656,0.17556155,0.26793444,0.19925092,0.4674121,-0.023689374
1514,0.69359183,0.22914186,0.38072124,0.2418758,0.3128706,-0.012733936
1515,0.20486826,0.11194436,0.11415019,0.07252223,0.09071807,0.039422132
1516,0.2444075,0.096002236,0.11742334,0.08117905,0.12698416,0.014823183
1517,0.7643736,0.24483953,0.28720063,0.19955474,0.47717297,0.045284793
1518,0.8459217,0.15963648,0.2535421,0.17037602,0.59237957,-0.010739535
1519,0.3853513,0.03546275,0.13760878,0.08604626,0.24774252,-0.050583515
1520,0.19934529,0.03267868,0.07797807,0.047242228,0.12136722,-0.014563549
1521,0.89501166,0.2715238,0.3744312,0.2519146,0.5205805,0.019609213
1522,0.6100375,0.06610819,0.14464602,0.08979442,0.4653915,-0.02368623
1523,0.073502116,0.08790973,0.036129292,0.02814798,0.037372824,0.059761748
1524,0.228081,0.047771443,0.08101858,0.055059653,0.14706242,-0.00728821
1525,0.96682155,0.1433208,0.2246967,0.15057808,0.74212486,-0.0072572827
1526,0.16360122,0.017581059,0.04905251,0.036929015,0.11454871,-0.019347956
1527,1.1323905,0.23289101,0.33048606,0.2290481,0.80190444,0.0038429052
1528,0.09587666,0.05145036,0.047388166,0.033492595,0.04848849,0.017957766
1529,0.87566453,0.25069934,0.42784867,0.27751783,0.44781587,-0.026818484
1530,0.70161754,0.30181798,0.35367438,0.28137553,0.34794316,0.020442456
1531,0.98358417,0.22354573,0.35149357,0.23811434,0.63209057,-0.014568612
1532,0.88950306,0.1626062,0.20432368,0.13488154,0.68517935,0.027724653
1533,0.21217021,0.024741706,0.054866504,0.041748162,0.1573037,-0.017006457
1534,1.1466794,0.28046983,0.4207433,0.3055584,0.7259361,-0.025088578
1535,0.15703677,0.046679713,0.054585338,0.04127007,0.10245143,0.005409643
1536,0.9081456,0.26680744,0.39822528,0.24997213,0.50992036,0.016835302
1537,0.030517135,0.056071725,0.03619144,0.0258422,-0.0056743063,0.030229526
1538,0.15076657,0.076753326,0.08012921,0.058752507,0.07063735,0.018000819
1539,0.8121993,0.24071302,0.3238991,0.23466793,0.4883002,0.006045088
1540,0.019041182,-0.01815927,0.03993384,0.024715055,-0.02089266,-0.042874325
1541,0.6956625,0.1309748,0.2398849,0.15943399,0.4557776,-0.028459191
1542,0.38311657,0.013494991,0.0896735,0.052114855,0.29344308,-0.038619865
1543,0.1723958,0.05662941,0.045729022,0.030957265,0.12666677,0.025672143
1544,0.34963173,0.113896444,0.13720694,0.11169968,0.21242478,0.0021967664
1545,0.24799511,0.07135142,0.08093435,0.05729967,0.16706076,0.014051747
1546,0.3205293,0.10609175,0.13279042,0.097129494,0.1877389,0.008962259
1547,0.67320704,0.18362609,0.2034684,0.14646281,0.46973866,0.037163273
1548,0.6571464,0.2573308,0.26944506,0.2081576,0.38770133,0.049173206
1549,1.3442354,0.32690632,0.49779633,0.34295657,0.8464391,-0.01605025
1550,1.301659,0.28661352,0.4187504,0.30562198,0.8829086,-0.019008458
1551,0.8127709,0.38254407,0.43788356,0.3356394,0.37488735,0.046904683
1552,0.9267293,0.21565285,0.28662336,0.21807049,0.64010596,-0.002417639
1553,0.8280585,0.20795219,0.37867966,0.24191025,0.44937882,-0.033958063
1554,0.9648558,0.22304457,0.3200061,0.23842517,0.64484966,-0.015380591
1555,0.13942762,0.110865735,0.10262078,0.0752025,0.036806837,0.035663232
1556,0.1542437,0.053144414,0.06722601,0.044877697,0.087017685,0.008266717
1557,0.62599,0.21867335,0.3328709,0.23607269,0.29311907,-0.01739934
1558,0.7569189,0.22199334,0.3814286,0.2627334,0.3754903,-0.040740058
1559,0.18366711,0.03607486,0.040537275,0.031814028,0.14312983,0.0042608306
1560,1.1337345,0.28064367,0.46184823,0.2873084,0.6718862,-0.006664723
1561,0.37867993,0.07565466,0.1415978,0.08886528,0.23708212,-0.013210617
1562,-0.03933574,0.0041585746,0.004105578,0.005307538,-0.043441318,-0.0011489633
1563,0.1076844,-0.0061464035,0.052461766,0.02949451,0.055222638,-0.035640914
1564,0.027165953,-0.007676277,0.056180328,0.03862015,-0.029014375,-0.04629643
1565,0.4685568,0.15420026,0.20280227,0.13903052,0.26575452,0.01516974
1566,0.04747564,-0.07185799,0.012474212,0.005016601,0.035001427,-0.07687459
1567,0.032373272,0.094672084,0.017845266,0.015379982,0.014528006,0.0792921
1568,0.111384615,0.015037327,0.07526446,0.05512818,0.036120154,-0.04009085
1569,0.97135115,0.34739503,0.42979434,0.3288159,0.54155684,0.018579125
1570,1.6478926,0.30865383,0.5037243,0.3162199,1.1441684,-0.0075660646
1571,0.82224673,0.32738584,0.37549123,0.2746231,0.4467555,0.052762747
1572,0.74916154,0.16231327,0.27834928,0.1729534,0.47081226,-0.010640129
1573,0.121505596,-0.037877563,0.027019149,0.014407149,0.094486445,-0.05228471
1574,0.6822118,0.20784798,0.26484323,0.17788354,0.4173686,0.029964447
1575,0.45098227,0.17911817,0.2528598,0.18087235,0.19812247,-0.0017541796
1576,1.049721,0.2652365,0.3145158,0.23247507,0.7352052,0.032761425
1577,0.14766525,0.0026501077,0.023860052,0.018537467,0.123805195,-0.01588736
1578,0.041812632,0.03890857,0.036228575,0.027421728,0.0055840574,0.011486843
1579,0.39493084,0.1368561,0.2260965,0.14982584,0.16883434,-0.012969747
1580,0.42555732,0.15141454,0.16310863,0.099120215,0.26244867,0.05229433
1581,0.6983539,0.25429025,0.23460904,0.16820922,0.46374485,0.08608103
1582,0.77828467,0.2748976,0.3267197,0.24177486,0.45156497,0.033122748
1583,0.82052284,0.2350891,0.27533585,0.19149548,0.545187,0.043593615
1584,0.9944306,0.21652907,0.27029893,0.17889011,0.7241317,0.037638962
1585,0.09815971,0.15654725,0.092401564,0.063758835,0.005758144,0.09278841
1586,0.52784973,0.10122393,0.1673936,0.12528686,0.36045614,-0.024062932
1587,0.1796024,0.088307396,0.1090168,0.08174668,0.0705856,0.006560713
1588,0.77854526,0.24410085,0.32508084,0.21518224,0.45346442,0.028918609
1589,0.40422085,0.11522751,0.17850569,0.11711893,0.22571516,-0.0018914193
1590,0.38476396,0.16541907,0.14645442,0.10807869,0.23830953,0.057340384
1591,1.3978661,0.24973948,0.43317848,0.29909456,0.96468765,-0.049355075
1592,0.66828954,0.2296051,0.33854404,0.23095469,0.3297455,-0.0013495982
1593,0.61299545,0.20218728,0.20347689,0.14582829,0.40951854,0.056358993
1594,1.3806357,0.36315206,0.4862954,0.36204243,0.89434034,0.0011096299
1595,1.0356339,0.25372252,0.29837352,0.22527075,0.7372604,0.02845177
1596,-0.00398976,0.025547849,0.04090367,0.033907685,-0.04489343,-0.008359836
1597,1.2040038,0.36681473,0.40957236,0.30399895,0.79443145,0.062815785
1598,-0.026641464,-0.06046606,0.009227108,0.001150402,-0.03586857,-0.06161646
1599,0.275258,0.0730522,0.10504607,0.07715368,0.17021194,-0.004101485
1600,0.9889562,0.28007486,0.38347018,0.2653178,0.60548604,0.014757067
1601,0.97817457,0.2628286,0.32429576,0.23669475,0.6538788,0.026133835
1602,0.038765006,0.060965456,0.07019114,0.054267846,-0.03142613,0.00669761
1603,0.20229118,0.040646303,0.06931733,0.043673977,0.13297385,-0.0030276738
1604,0.21531618,0.050641235,0.11964407,0.068613976,0.09567211,-0.017972741
1605,0.122183,0.08046425,0.06658597,0.048952974,0.05559703,0.031511277
1606,0.8949974,0.28591037,0.2666326,0.19826755,0.6283648,0.08764282
1607,0.6590506,0.25668126,0.3177445,0.22701183,0.3413061,0.029669434
1608,0.6692679,0.1378474,0.20968623,0.14456579,0.45958167,-0.006718397
1609,1.1415544,0.3461489,0.45908305,0.33966583,0.6824713,0.006483078
1610,0.8780722,0.25639448,0.31936696,0.22930343,0.5587052,0.027091041
1611,0.83814925,0.18734722,0.32453382,0.20009097,0.5136154,-0.012743756
1612,0.8014935,0.24884038,0.39297962,0.26907703,0.4085139,-0.020236656
1613,0.21045288,0.07559194,0.14136928,0.0875443,0.0690836,-0.011952363
1614,0.30851293,0.06782237,0.09615941,0.06372765,0.21235351,0.00409472
1615,0.8751386,0.3053147,0.39040455,0.29092982,0.48473403,0.014384866
1616,0.19750364,-0.004900819,0.07492822,0.048139215,0.122575425,-0.053040035
1617,0.12420488,0.048389245,0.040817544,0.03059901,0.08338734,0.017790236
1618,1.036485,0.22476442,0.3061329,0.21610627,0.73035204,0.008658156
1619,0.3177302,0.099446006,0.14216451,0.10883007,0.17556567,-0.009384066
1620,1.0321918,0.3762647,0.38961014,0.27476814,0.6425816,0.10149655
1621,0.9646397,0.34011945,0.5272093,0.34206998,0.43743044,-0.0019505322
1622,0.5375022,0.14716978,0.23514448,0.15003961,0.30235773,-0.0028698295
1623,1.2913096,0.2811531,0.3407353,0.22062166,0.9505743,0.060531452
1624,0.42420077,0.19882233,0.20786259,0.15219028,0.21633819,0.04663205
1625,0.9527591,0.24737646,0.3702871,0.24496344,0.58247197,0.0024130195
1626,1.0561064,0.25532514,0.40700677,0.25149077,0.6490997,0.0038343668
1627,0.36168405,0.14982764,0.15473248,0.10460422,0.20695157,0.045223422
1628,0.15177633,0.10310707,0.11115406,0.08753975,0.04062227,0.015567325
1629,1.2967232,0.34144127,0.44284388,0.3005371,0.85387933,0.040904164
1630,0.20877843,0.0665402,0.12747164,0.0845628,0.081306785,-0.018022604
1631,0.2205812,0.11359108,0.15104112,0.105514936,0.06954008,0.008076146
1632,0.046099607,0.036725,0.038448825,0.025981614,0.0076507814,0.010743385
1633,0.06510973,0.006187833,0.07075623,0.046909165,-0.005646497,-0.04072133
1634,0.54327166,0.119397126,0.25518116,0.15222904,0.2880905,-0.032831915
1635,0.1896593,-0.021855853,0.040456776,0.029808631,0.14920253,-0.051664487
1636,0.09334762,0.068638146,0.033602312,0.026126092,0.059745304,0.04251205
1637,1.1810963,0.19340563,0.22297676,0.15827596,0.9581196,0.035129666
1638,0.06845041,0.045252264,0.043181114,0.032963946,0.0252693,0.012288317
1639,0.53929293,0.1468935,0.22112426,0.15796213,0.31816867,-0.011068627
1640,0.86140436,0.23683386,0.28332657,0.19995508,0.5780778,0.03687878
1641,0.10499804,0.05597434,0.06259859,0.047979545,0.042399444,0.007994793
1642,0.056514353,0.047092143,0.019153023,0.014695141,0.03736133,0.032397002
1643,0.6181567,0.2508666,0.23558605,0.17897584,0.38257062,0.07189076
1644,0.8197012,0.28365082,0.4073176,0.28934443,0.4123836,-0.0056936145
1645,0.7614096,0.22346331,0.32983258,0.23295811,0.431577,-0.009494796
1646,0.14412236,-0.017539725,0.05429833,0.03571447,0.089824036,-0.053254195
1647,0.9857786,0.13301976,0.21476716,0.15215158,0.7710115,-0.019131824
1648,0.72024316,0.23260166,0.26533845,0.18212427,0.4549047,0.050477386
1649,0.03849417,-0.032378543,0.030633673,0.013389285,0.007860497,-0.04576783
1650,0.6646369,0.28256825,0.31318274,0.20416296,0.35145417,0.07840529
1651,0.04879817,0.02352107,0.026720595,0.019067932,0.022077575,0.0044531375
1652,0.7103713,0.23212795,0.34956896,0.23283735,0.36080235,-0.0007093996
1653,0.74264824,0.20021938,0.24481195,0.19246106,0.4978363,0.0077583194
1654,0.5406727,0.1426421,0.22678119,0.16099356,0.31389153,-0.018351465
1655,0.1808214,0.019912632,0.07964783,0.058405858,0.10117357,-0.038493223
1656,0.80145216,0.25187966,0.29690096,0.19380508,0.5045512,0.05807458
1657,0.6168556,0.117281206,0.16443034,0.12317828,0.4524253,-0.005897075
1658,0.06871338,-0.013698113,0.0738002,0.042278003,-0.005086817,-0.055976115
1659,0.4625499,0.116152406,0.16416584,0.10721209,0.29838407,0.008940317
1660,0.9064742,0.19285521,0.25821158,0.18896696,0.6482626,0.0038882494
1661,0.2931461,0.13921693,0.19535762,0.14351292,0.09778848,-0.00429599
1662,0.80887055,0.22463512,0.29642838,0.21489573,0.5124422,0.009739399
1663,0.7525638,0.29152682,0.30260286,0.23115341,0.44996092,0.06037341
1664,1.2053475,0.26359448,0.3736457,0.27222258,0.8317019,-0.0086281
1665,0.5550334,0.16030511,0.2197519,0.1515808,0.3352815,0.008724317
1666,1.2038342,0.26833194,0.40442452,0.2567812,0.7994096,0.011550754
1667,0.9416609,0.24963154,0.40732557,0.27900246,0.5343353,-0.029370919
1668,0.8878263,0.30389184,0.42156264,0.30103135,0.46626368,0.0028604865
1669,0.362196,0.14954689,0.1206392,0.09963479,0.2415568,0.049912103
1670,0.5653904,0.06245642,0.0961605,0.07297965,0.4692299,-0.01052323
1671,1.0891911,0.27096966,0.27937907,0.18943526,0.809812,0.0815344
1672,0.86168325,0.16527672,0.22190744,0.16295622,0.6397758,0.0023204982
1673,0.26184016,0.06315379,0.07417821,0.05250786,0.18766195,0.01064593
1674,0.6437906,0.14287347,0.11672368,0.08314235,0.52706695,0.05973112
1675,0.2431302,0.18143879,0.04480025,0.03175324,0.19832996,0.14968555
1676,0.78933895,0.20330656,0.27401635,0.19166096,0.51532257,0.0116456
1677,0.24748944,0.16736619,0.09957161,0.066907585,0.14791784,0.10045861
1678,0.3285788,0.12411198,0.21622635,0.146338,0.112352446,-0.02222602
1679,0.16049238,0.08767628,0.033992764,0.022560442,0.12649961,0.06511584
1680,0.9421296,0.15146431,0.2276358,0.15335844,0.7144938,-0.0018941313
1681,0.52455837,0.16722392,0.25170562,0.18254305,0.27285275,-0.015319139
1682,0.63743603,0.21292399,0.23793288,0.1711054,0.39950317,0.04181859
1683,0.079364434,0.04630227,0.06078978,0.03539742,0.018574655,0.010904849
1684,1.2859302,0.20560038,0.29836154,0.21334843,0.9875686,-0.0077480525
1685,-0.032147836,0.017145623,0.019278899,0.014243966,-0.051426735,0.0029016566
1686,0.67932147,0.25127172,0.28048718,0.20733736,0.3988343,0.04393436
1687,0.6056883,0.12702857,0.14761105,0.099571,0.45807722,0.027457573
1688,0.71771437,0.14169443,0.18194489,0.12547597,0.53576946,0.016218454
1689,0.5279968,0.15156692,0.20836233,0.15209986,0.31963444,-0.00053294003
1690,0.6983285,0.1769773,0.21754062,0.16294916,0.48078787,0.014028147
1691,1.2489398,0.4564289,0.5472135,0.38684452,0.70172626,0.06958437
1692,0.8798385,0.26794615,0.35287464,0.22335094,0.5269639,0.04459521
1693,-0.050200745,0.12484327,0.00747109,0.00044082402,-0.057671838,0.12440245
1694,0.31552362,0.116525255,0.11419187,0.090892255,0.20133176,0.025633
1695,0.5980758,0.17990886,0.15543701,0.08459425,0.4426388,0.09531461
1696,0.927002,0.25427005,0.3126992,0.22528036,0.6143028,0.028989688
1697,0.64649487,0.22268772,0.3184122,0.23475048,0.32808265,-0.012062758
1698,0.21857874,0.074672535,0.05902236,0.03413688,0.15955639,0.040535655
1699,0.2241458,0.086575605,0.11972176,0.0829371,0.10442404,0.003638506
1700,1.2544439,0.16307232,0.25102744,0.1848579,1.0034164,-0.021785587
1701,0.41417608,0.092946626,0.13245215,0.08524522,0.28172392,0.0077014044
1702,0.19471927,0.05151323,0.07298608,0.051095556,0.12173319,0.0004176721
1703,-0.07616523,-0.0047686766,0.032854334,0.022078695,-0.10901956,-0.026847372
1704,-0.017565079,-0.038639568,0.015373082,0.0071334857,-0.03293816,-0.04577305
1705,0.3281082,0.105550446,0.15680285,0.09483706,0.17130534,0.010713384
1706,0.19691601,0.004633837,0.06377586,0.04133385,0.13314015,-0.036700014
1707,0.35972387,0.114646345,0.14619699,0.098922834,0.21352687,0.015723512
1708,0.97036827,0.23471572,0.37869668,0.26561454,0.5916716,-0.030898824
1709,0.24423985,0.10358403,0.1482712,0.1160476,0.09596865,-0.01246357
1710,0.14270774,0.13394646,0.10243292,0.06883445,0.040274814,0.06511202
1711,0.79484975,0.16309157,0.2807089,0.17559034,0.51414084,-0.012498766
1712,0.38416788,0.11505937,0.145652,0.111628294,0.23851588,0.0034310743
1713,-0.014380176,0.10522509,0.018142782,0.00790039,-0.032522958,0.09732471
1714,0.20629093,0.07405465,0.102532715,0.07615821,0.103758216,-0.0021035597
1715,0.09437871,0.062155906,0.0602118,0.047212582,0.03416691,0.014943324
1716,0.13555877,0.063731305,0.06464386,0.04460721,0.07091491,0.019124094
1717,0.794404,0.17864035,0.2801556,0.17106739,0.5142484,0.007572964
1718,0.2633529,0.045375776,0.09583638,0.058291856,0.16751653,-0.012916081
1719,0.05822041,-0.019306833,0.029873934,0.016102782,0.028346475,-0.035409614
1720,0.90245885,0.30445063,0.3965812,0.27833208,0.5058776,0.026118547
1721,0.19563651,0.024817051,0.0593809,0.04644985,0.1362556,-0.0216328
1722,0.846307,0.16234294,0.20546211,0.1506578,0.6408449,0.011685133
1723,0.68376595,0.12715495,0.18133308,0.12681177,0.5024329,0.00034317374
1724,-0.008653699,0.16777569,0.06505793,0.04116188,-0.07371163,0.12661381
1725,0.79281443,0.2546879,0.33989048,0.24171486,0.45292395,0.01297304
1726,0.63155717,0.13077454,0.24082951,0.16707169,0.39072764,-0.036297143
1727,0.7002057,0.17090243,0.28636315,0.17763528,0.41384253,-0.0067328513
1728,0.910448,0.09762632,0.18405779,0.14199096,0.72639024,-0.04436464
1729,1.1535368,0.18716381,0.25940064,0.17833868,0.8941362,0.008825138
1730,0.8315923,0.236321,0.31286502,0.23161574,0.5187273,0.004705265
1731,0.4324047,0.048971444,0.13791446,0.090510406,0.29449022,-0.04153896
1732,1.311077,0.19574307,0.38691074,0.2697489,0.92416626,-0.07400583
1733,0.17097814,0.06282085,0.058349606,0.04163712,0.112628534,0.021183733
1734,0.23000075,0.010761941,0.09206407,0.061174177,0.13793668,-0.050412238
1735,0.91106975,0.23387706,0.32450745,0.20196472,0.5865623,0.03191234
1736,0.83449745,0.11993955,0.22946878,0.14589314,0.6050287,-0.02595359
1737,0.7432914,0.25561154,0.32541165,0.22922668,0.41787973,0.02638486
1738,1.1175871,0.26655343,0.33321303,0.24450631,0.78437406,0.022047117
1739,0.10346972,0.019931871,0.038468238,0.024815187,0.06500149,-0.0048833154
1740,0.25098178,0.09383213,0.10242669,0.080885604,0.14855509,0.012946524
1741,0.07621483,0.061849866,0.04189936,0.02875987,0.034315467,0.033089995
1742,1.072305,0.19925709,0.30172265,0.20837171,0.7705823,-0.009114623
1743,0.32682052,0.09809357,0.13380536,0.1088595,0.19301516,-0.0107659325
1744,0.65634006,0.15155834,0.20559494,0.15932316,0.4507451,-0.0077648163
1745,0.3637996,0.016733265,0.07678889,0.05445496,0.28701073,-0.037721694
1746,0.98408735,0.47009984,0.6575021,0.4608761,0.32658523,0.009223729
1747,0.29802394,0.15289967,0.09234763,0.06377438,0.20567632,0.08912529
1748,0.18569906,0.09381337,0.11634388,0.0872814,0.06935518,0.0065319687
1749,0.5131545,0.11560874,0.17894642,0.12527968,0.33420807,-0.009670943
1750,0.049248453,0.014860107,0.050915554,0.035639096,-0.0016671009,-0.02077899
1751,0.8447446,0.1769007,0.21965179,0.15858378,0.62509286,0.018316925
1752,0.7937033,0.21129872,0.2755524,0.20458063,0.5181509,0.006718084
1753,1.0450727,0.14631169,0.14457521,0.101297416,0.90049744,0.04501427
1754,1.0108408,0.24396151,0.46030444,0.27832705,0.55053633,-0.034365535
1755,0.34140587,0.121440716,0.12571521,0.094757736,0.21569066,0.02668298
1756,0.16543998,0.015921822,0.07613123,0.047709398,0.089308746,-0.031787574
1757,0.6520101,0.08345902,0.19132322,0.11393332,0.46068686,-0.030474298
1758,0.7664304,0.10501283,0.14052212,0.10587032,0.62590826,-0.0008574948
1759,0.13061772,0.021299139,0.086011104,0.056779083,0.04460662,-0.035479944
1760,1.2179046,0.23941787,0.3350791,0.20701084,0.8828255,0.03240703
1761,0.12934169,-0.0072782286,0.044588372,0.028339516,0.08475332,-0.035617746
1762,0.7890791,0.2610861,0.37696663,0.26548445,0.4121125,-0.004398346
1763,0.05726927,0.08160352,0.050467685,0.03562471,0.0068015866,0.04597881
1764,0.82869446,0.22139218,0.34918714,0.2529706,0.47950733,-0.03157842
1765,1.0194589,0.32975128,0.46532318,0.3447651,0.5541357,-0.015013814
1766,0.6395065,0.20692027,0.266529,0.1998666,0.37297752,0.0070536733
1767,0.84378666,0.22957133,0.3517602,0.25691137,0.49202645,-0.02734004
1768,1.286314,0.18794292,0.25074646,0.18301924,1.0355675,0.0049236864
1769,0.33785987,0.2069774,0.20259331,0.13295618,0.13526656,0.07402122
1770,0.17313404,0.090445206,0.11107724,0.08209219,0.062056802,0.008353017
1771,1.0784433,0.23392536,0.27813262,0.20628887,0.8003107,0.027636483
1772,0.15766385,0.14036535,0.09871473,0.059997864,0.05894912,0.08036748
1773,0.55545974,0.18235134,0.21696676,0.1562595,0.338493,0.026091829
1774,0.095823534,0.01074491,0.06106717,0.03913784,0.034756362,-0.02839293
1775,0.46772283,0.15502313,0.22695042,0.15777634,0.24077241,-0.002753213
1776,0.95582074,0.27301967,0.44704968,0.279584,0.50877106,-0.006564319
1777,0.95378846,0.20049618,0.27485546,0.2017869,0.678933,-0.0012907237
1778,0.6325458,0.19575696,0.27764174,0.21494634,0.3549041,-0.019189388
1779,0.9393502,0.33764628,0.47662812,0.32541794,0.46272206,0.01222834
1780,0.024602363,0.014223452,0.035638396,0.02267518,-0.011036033,-0.008451729
1781,0.12265149,0.032404333,0.056002572,0.031747624,0.066648915,0.0006567091
1782,0.22575006,0.036094125,0.03430818,0.02806695,0.19144188,0.008027175
1783,0.17811386,0.09983034,0.120471954,0.0967346,0.05764191,0.0030957386
1784,1.1282119,0.15629908,0.30982634,0.19434363,0.8183855,-0.038044542
1785,0.057640307,0.11618706,0.038206268,0.023210406,0.019434039,0.09297665
1786,1.1596036,0.22650626,0.26820254,0.20221733,0.89140105,0.024288937
1787,0.060484037,0.07528394,0.07192735,0.054693274,-0.0114433095,0.020590663
1788,-0.007687302,0.09679377,0.021466125,0.012710061,-0.029153427,0.084083706
1789,1.1397512,0.30692983,0.46965015,0.28358775,0.67010105,0.023342073
1790,1.0464281,0.42183647,0.5047968,0.39066318,0.5416313,0.031173289
1791,0.22229141,0.06971426,0.059207033,0.04999794,0.16308437,0.019716322
1792,0.53846276,0.17690465,0.24616683,0.18651243,0.29229593,-0.009607777
1793,0.48671445,0.1369877,0.1749826,0.12515809,0.31173185,0.011829615
1794,0.47978878,0.15266258,0.1023601,0.08026558,0.37742868,0.07239699
1795,0.50128466,0.17328677,0.25245258,0.19072936,0.24883208,-0.017442599
1796,0.50711644,0.10287302,0.18206011,0.11387698,0.3250563,-0.011003964
1797,1.0468221,0.43900463,0.5269318,0.4246971,0.51989025,0.014307529
1798,0.05211856,0.12043065,0.039315015,0.028267236,0.012803543,0.092163414
1799,0.28991795,0.022840641,0.038385168,0.029969882,0.2515328,-0.007129241
1800,0.24344611,0.18102944,0.13904004,0.1022023,0.10440607,0.078827135
1801,0.3234675,0.13465194,0.17997108,0.14001486,0.14349641,-0.005362913
1802,0.7474522,0.19658078,0.2879324,0.18678007,0.4595198,0.009800717
1803,1.1186467,0.27224326,0.4036775,0.28547353,0.7149693,-0.013230264
1804,0.7066176,0.18638848,0.26663494,0.17903459,0.43998265,0.007353887
1805,0.13698967,0.017383719,0.10451885,0.06893985,0.032470815,-0.051556133
1806,1.0162334,0.23318748,0.23768772,0.1564718,0.77854574,0.07671568
1807,0.7291539,0.22599222,0.2684888,0.19749998,0.46066508,0.028492242
1808,0.5232198,0.16501151,0.2244544,0.15445518,0.29876542,0.010556325
1809,1.1643795,0.3330603,0.4666375,0.33932173,0.697742,-0.006261438
1810,0.9891692,0.17040266,0.24128075,0.1750568,0.74788845,-0.0046541393
1811,0.98546255,0.23153134,0.38345987,0.24569386,0.6020027,-0.014162526
1812,0.17229396,0.17309894,0.10867658,0.07482833,0.06361738,0.09827061
1813,0.96638495,0.25902477,0.2253519,0.15500604,0.7410331,0.10401873
1814,1.2080877,0.28551376,0.47669423,0.30983585,0.73139346,-0.024322093
1815,0.95978975,0.28985068,0.3997483,0.27581197,0.5600414,0.014038712
1816,1.0237203,0.24382704,0.38394237,0.26449704,0.6397779,-0.020669997
1817,0.07588613,0.04795293,0.04672442,0.03377881,0.02916171,0.014174122
1818,0.61224586,0.22860405,0.30451193,0.23118068,0.30773392,-0.0025766343
1819,0.6278257,0.20387807,0.24858919,0.18427086,0.3792365,0.019607216
1820,0.79768074,0.13000026,0.1605632,0.10598795,0.6371175,0.024012312
1821,0.4800146,0.12604345,0.16670977,0.11461098,0.31330484,0.011432476
1822,0.94336003,0.15607476,0.14459033,0.107219465,0.7987697,0.048855297
1823,0.2774925,0.088721424,0.105576456,0.07366594,0.17191604,0.015055485
1824,0.44885677,0.09683097,0.15206873,0.109379776,0.29678804,-0.012548804
1825,1.0701234,0.23545036,0.32732037,0.22065726,0.7428031,0.014793098
1826,0.25270483,0.10458954,0.15585758,0.082166284,0.09684725,0.022423252
1827,0.5948818,0.23610362,0.2911633,0.18443832,0.30371848,0.051665306
1828,0.101634,0.105295576,0.13172509,0.09866853,-0.030091085,0.0066270456
1829,0.22407809,0.08690024,0.108162776,0.081897885,0.11591531,0.005002357
1830,-0.0006485915,-0.030842382,0.024719203,0.01294876,-0.025367795,-0.04379114
1831,0.6129228,0.23730184,0.22117329,0.16432722,0.3917495,0.07297462
1832,0.84438646,0.14544427,0.2141947,0.15769078,0.63019174,-0.012246504
1833,0.57875574,0.21023136,0.31748912,0.23572609,0.26126662,-0.025494725
1834,0.10909741,0.0028095103,0.060395498,0.043834034,0.048701916,-0.041024525
1835,0.16799794,0.075575195,0.082344815,0.062385082,0.085653126,0.013190113
1836,0.15285629,-0.021482881,0.06550553,0.03608882,0.08735076,-0.0575717
1837,0.9774706,0.3835053,0.46482983,0.3334733,0.5126407,0.05003202
1838,0.7294197,0.16766268,0.2518257,0.18043852,0.47759402,-0.012775838
1839,0.08846784,-0.010344891,0.06862674,0.042587206,0.019841097,-0.0529321
1840,0.69935095,0.22791068,0.33882424,0.24730103,0.3605267,-0.019390345
1841,0.54038244,0.09974118,0.15981211,0.108580425,0.38057035,-0.008839242
1842,0.7618191,0.24772155,0.28223228,0.20847273,0.47958684,0.039248824
1843,0.3109868,0.09919048,0.15098973,0.10435083,0.15999706,-0.0051603466
1844,0.47777873,0.19305748,0.19928712,0.14280815,0.27849162,0.050249323
1845,0.4045866,0.11120622,0.17373224,0.12290791,0.23085438,-0.011701688
1846,0.25961104,0.052628905,0.056082882,0.042027596,0.20352817,0.010601308
1847,0.9197654,0.15909907,0.30613902,0.2080025,0.61362636,-0.04890342
1848,0.40495053,0.10293522,0.115629,0.07453509,0.28932154,0.02840013
1849,-0.04597734,0.11481236,0.0055365604,0.00035658412,-0.0515139,0.114455774
1850,-0.0011137205,0.004660339,0.02452043,0.017441606,-0.025634151,-0.012781267
1851,0.19698429,0.078240566,0.09129473,0.0735819,0.10568956,0.0046586692
1852,0.2873897,0.09436868,0.11369654,0.080852196,0.17369315,0.013516486
1853,0.08136638,0.0775543,0.05480075,0.043300226,0.026565634,0.034254074
1854,0.9350379,0.31455272,0.45840684,0.30958596,0.47663108,0.0049667656
1855,1.3157698,0.4148581,0.575068,0.40917283,0.7407018,0.00568527
1856,0.022458091,-0.021956105,0.037429962,0.021839868,-0.014971871,-0.043795973
1857,0.21910258,0.18887408,0.11147277,0.07186378,0.107629806,0.1170103
1858,0.5045427,0.118456274,0.18552949,0.12639351,0.31901324,-0.007937238
1859,0.78759646,0.20271885,0.28094724,0.20343989,0.50664926,-0.0007210374
1860,0.63291204,0.1583452,0.2455933,0.14415127,0.38731873,0.014193922
1861,0.09342979,0.10204039,0.08021921,0.05502808,0.01321058,0.047012307
1862,0.8716519,0.204118,0.23863697,0.1593687,0.6330149,0.044749305
1863,0.55282307,0.24260278,0.28305474,0.19279554,0.26976833,0.049807236
1864,0.1574044,0.112203196,0.10327043,0.07135379,0.054133967,0.040849403
1865,0.8306992,0.32261136,0.42763805,0.30616602,0.40306115,0.016445339
1866,0.5174863,0.19764182,0.28968063,0.20261967,0.22780564,-0.004977852
1867,0.10240954,0.051247023,0.06826945,0.04234448,0.034140095,0.008902542
1868,0.70539695,0.107445285,0.16295847,0.13084988,0.5424385,-0.023404598
1869,0.23522319,0.1151944,0.107085615,0.09055285,0.12813757,0.024641551
1870,0.5211728,0.13498855,0.25580186,0.17864257,0.26537097,-0.043654025
1871,1.1468631,0.23320822,0.41506186,0.24871534,0.7318013,-0.015507117
1872,0.9957805,0.30206075,0.40547982,0.2732703,0.5903007,0.028790444
1873,0.59111136,0.19969161,0.28184548,0.19975197,0.30926588,-6.0364604e-05
1874,0.47614717,0.07583081,0.106402025,0.077084266,0.36974514,-0.0012534559
1875,0.6392239,0.18690401,0.17905581,0.13283707,0.46016806,0.05406694
1876,1.2729217,0.18148972,0.2989713,0.20759891,0.9739504,-0.026109189
1877,0.07878982,0.038037147,0.04041363,0.02723623,0.038376193,0.010800917
1878,0.16222747,0.014995815,0.0663157,0.037219234,0.09591176,-0.022223419
1879,0.23011741,0.11140193,0.13838626,0.10605083,0.091731146,0.005351104
1880,0.04615557,0.072731584,0.04633692,0.030686174,-0.00018135086,0.04204541
1881,0.8060554,0.29844776,0.3244606,0.24810593,0.48159483,0.05034183
1882,0.34966126,0.09095631,0.10156383,0.07586051,0.24809742,0.0150958
1883,0.24268289,0.097450614,0.1029377,0.07422161,0.13974519,0.023229003
1884,1.1065338,0.3107021,0.42713398,0.3045328,0.6793998,0.0061692894
1885,0.19545935,-0.023459412,0.064492166,0.04000184,0.13096718,-0.06346125
1886,0.21455318,0.07542665,0.08877408,0.073934935,0.12577909,0.001491718
1887,0.17499824,0.09128829,0.084649794,0.068855666,0.090348445,0.022432625
1888,0.39271283,0.12142245,0.13436261,0.09862895,0.25835022,0.022793494
1889,0.1666444,0.043088153,0.03699846,0.024879005,0.12964594,0.018209148
1890,0.04742609,0.031195639,0.011354596,0.009788195,0.036071494,0.021407444
1891,0.48299283,0.17528857,0.2238461,0.15079834,0.25914675,0.024490237
1892,0.7877019,0.38680205,0.44401395,0.31496298,0.34368795,0.071839064
1893,0.90878296,0.2851639,0.3751147,0.28539327,0.5336683,-0.00022935867
1894,0.11688116,0.07183238,0.089879274,0.06523179,0.027001888,0.0066005886
1895,0.64886177,0.09838601,0.15858527,0.10565312,0.49027652,-0.00726711
1896,0.28822246,0.09771257,0.119150594,0.08731072,0.16907187,0.010401852
1897,0.74272615,0.1291868,0.19337195,0.13305356,0.5493542,-0.003866762
1898,1.5973381,0.43317366,0.6430866,0.41453078,0.95425147,0.018642873
1899,0.20836118,0.04973857,0.06698419,0.05056942,0.14137699,-0.00083084777
1900,0.81542057,0.124161296,0.19723886,0.14169177,0.6181817,-0.017530479
1901,0.5692353,0.18765374,0.15890542,0.12219416,0.4103299,0.06545957
1902,0.25844398,0.107645325,0.14305921,0.10462309,0.11538477,0.0030222386
1903,1.0856556,0.35998204,0.44204846,0.3056016,0.64360714,0.054380447
1904,0.33204752,0.12197368,0.15083048,0.093025595,0.18121704,0.028948084
1905,1.5469811,0.10956676,0.17533451,0.1039016,1.3716466,0.0056651607
1906,0.038144846,0.027880093,0.011553984,0.0075352984,0.026590861,0.020344794
1907,0.5086076,0.11395815,0.17645262,0.12288482,0.332155,-0.008926667
1908,0.17840734,0.13190441,0.09815607,0.053030837,0.08025127,0.078873575
1909,0.025076283,-0.026964964,0.024091117,0.0114560295,0.000985166,-0.038420994
1910,0.31655765,0.14921045,0.170668,0.12386239,0.14588964,0.02534806
1911,0.8652272,0.17027701,0.1965835,0.13163677,0.6686437,0.038640246
1912,0.15845916,0.106082074,0.09774678,0.073910445,0.060712375,0.03217163
1913,0.43922678,0.07484893,0.12260284,0.07203584,0.31662393,0.002813086
1914,0.9949966,0.21693197,0.32561383,0.22975868,0.6693828,-0.012826711
1915,0.07503935,-0.027314637,0.044283867,0.024504809,0.030755483,-0.051819444
1916,0.35569823,0.2003221,0.19782618,0.14014561,0.15787205,0.06017649
1917,1.3612598,0.31021175,0.47830436,0.3023609,0.88295543,0.007850856
1918,0.11808103,0.043998748,0.07836494,0.049424533,0.039716095,-0.0054257847
1919,0.85532486,0.1683499,0.27725244,0.19946468,0.5780724,-0.031114772
1920,0.15078409,0.055529807,0.10236387,0.074716546,0.04842022,-0.019186739
1921,0.67487925,0.09939893,0.18367746,0.11854512,0.4912018,-0.01914619
1922,0.033500843,0.039091654,0.02745268,0.024774795,0.0060481634,0.014316859
1923,0.6187185,0.16187757,0.19772136,0.13885523,0.42099714,0.023022339
1924,0.29540858,0.06539733,0.08414481,0.062415093,0.21126378,0.0029822364
1925,0.83749676,0.36784354,0.32437873,0.23648052,0.513118,0.13136302
1926,1.1486051,0.2696356,0.40326393,0.25035962,0.7453412,0.019275963
1927,0.89357644,0.26728052,0.35598218,0.24424416,0.53759426,0.02303636
1928,0.110894755,0.11866019,0.06316668,0.033789042,0.047728077,0.08487114
1929,0.8445345,0.118271306,0.20478745,0.15276733,0.6397471,-0.034496024
1930,0.85726017,0.24820973,0.3836942,0.2562873,0.47356597,-0.008077577
1931,0.6837678,0.2717295,0.34630847,0.26967174,0.33745933,0.002057761
1932,0.4606241,0.24520947,0.27454564,0.17985171,0.18607846,0.06535776
1933,0.39478463,0.18075255,0.25794762,0.17864498,0.136837,0.0021075606
1934,0.33616668,0.08707633,0.11459616,0.08407545,0.22157052,0.0030008778
1935,0.78101707,0.21454315,0.37212384,0.23214477,0.40889323,-0.017601624
1936,0.6376655,0.18130988,0.22887087,0.17326404,0.40879464,0.008045837
1937,0.26301578,0.14055702,0.10941996,0.08200206,0.15359582,0.058554962
1938,0.24092488,0.030828267,0.12883052,0.08699931,0.11209436,-0.056171045
1939,0.7388962,0.104616284,0.19054453,0.13698553,0.54835165,-0.03236924
1940,0.61312526,0.160151,0.28116012,0.1815405,0.33196515,-0.0213895
1941,0.118583925,0.18358092,0.10180868,0.076000884,0.016775243,0.107580036
1942,0.9100753,0.35762265,0.37314823,0.26219139,0.5369271,0.09543127
1943,0.8534216,0.23722917,0.3221535,0.23115773,0.5312681,0.0060714334
1944,0.33090124,0.1902911,0.19071734,0.13912585,0.1401839,0.051165253
1945,0.5447077,0.15151636,0.18217945,0.13294764,0.36252826,0.018568724
1946,0.67584133,0.16038534,0.2455272,0.17805992,0.43031412,-0.01767458
1947,0.1436796,0.08315841,0.09762867,0.076818444,0.046050936,0.0063399673
1948,0.34742016,0.047744364,0.12513728,0.083695106,0.22228287,-0.035950743
1949,0.9453164,0.20892169,0.31162676,0.2315321,0.63368964,-0.022610411
1950,0.98222184,0.28163484,0.40272182,0.2944493,0.5795,-0.012814462
1951,0.17627142,0.016574552,0.025955861,0.015241862,0.15031557,0.00133269
1952,0.46048823,0.15806703,0.20028974,0.1395942,0.26019847,0.018472835
1953,0.19181412,0.06698472,0.09220748,0.07081293,0.09960665,-0.0038282126
1954,1.0285913,0.13931814,0.23278211,0.16884688,0.79580915,-0.029528737
1955,0.6202555,0.07239055,0.13719653,0.09258329,0.48305893,-0.020192742
1956,0.41037092,0.17548664,0.19955061,0.15199776,0.2108203,0.02348888
1957,0.42177156,0.16649385,0.17851277,0.12834436,0.24325879,0.03814949
1958,0.825654,0.20820189,0.3046295,0.2050564,0.52102447,0.003145486
1959,0.22204128,0.019855235,0.077584684,0.050312065,0.1444566,-0.03045683
1960,0.7867643,0.22123842,0.3483832,0.23994453,0.43838114,-0.018706113
1961,0.30081493,0.25759757,0.106692545,0.08093903,0.19412237,0.17665854
1962,0.628323,0.30623272,0.37361774,0.29128835,0.25470528,0.014944375
1963,0.095096104,0.0140424315,0.037327677,0.023907635,0.057768427,-0.009865204
1964,1.2242441,0.3088934,0.44324666,0.313636,0.78099746,-0.0047425926
1965,0.96787775,0.17500493,0.22180769,0.16122176,0.74607,0.013783172
1966,0.84175044,0.27473763,0.32335514,0.24937437,0.5183953,0.025363252
1967,0.20315433,0.13994339,0.15541708,0.12317524,0.04773724,0.01676815
1968,0.31024647,0.129987,0.1410048,0.10685823,0.16924167,0.02312877
1969,1.3743871,0.371137,0.48358813,0.3465663,0.89079905,0.024570704
1970,0.54747367,0.18886589,0.26637822,0.1803236,0.28109545,0.008542284
1971,0.23149881,0.08311218,0.13545467,0.09395995,0.09604414,-0.01084777
1972,0.6619114,0.20305754,0.23935305,0.1816975,0.42255837,0.02136004
1973,1.2874371,0.44002286,0.57012355,0.35849786,0.7173135,0.081525
1974,0.045466017,0.11630923,0.07663358,0.053031586,-0.031167563,0.06327765
1975,0.28273174,0.15709361,0.19107409,0.15090315,0.09165765,0.006190464
1976,0.52847016,0.09633378,0.16121408,0.11353265,0.36725608,-0.017198868
1977,1.3037393,0.17875376,0.24111566,0.16946757,1.0626236,0.009286195
1978,1.0841796,0.25550896,0.34887248,0.24831842,0.73530716,0.0071905404
1979,0.48386833,0.11743887,0.22820657,0.14696841,0.25566176,-0.029529542
1980,0.032374073,-0.01845197,0.010319146,0.0063382154,0.022054926,-0.024790186
1981,0.36380532,0.06870329,0.13300104,0.07852987,0.23080428,-0.009826586
1982,0.8898872,0.24661838,0.28732774,0.21317555,0.60255945,0.033442825
1983,0.016004812,0.03956905,0.021410668,0.011639427,-0.0054058563,0.027929623
1984,0.8074649,0.22092757,0.31267002,0.23399937,0.49479488,-0.013071805
1985,0.7008964,0.21662115,0.2667317,0.17467777,0.43416467,0.04194337
1986,0.8020265,0.18070318,0.3287717,0.20910484,0.4732548,-0.028401658
1987,1.2037188,0.2306943,0.39082542,0.25718784,0.8128934,-0.02649355
1988,0.7315102,0.22374688,0.22736897,0.16471273,0.5041413,0.059034154
1989,-0.049631245,0.14045739,0.018456576,0.012541119,-0.06808782,0.12791628
1990,0.65641236,0.2899589,0.37371978,0.24440698,0.28269258,0.04555191
1991,0.8615836,0.2245069,0.34426168,0.22075985,0.51732194,0.003747046
1992,1.1818571,0.30443954,0.3855933,0.2501947,0.7962638,0.054244846
1993,0.72507626,0.29758257,0.36796668,0.27288073,0.35710958,0.024701834
1994,0.10636334,0.019568514,0.06229232,0.04216847,0.044071022,-0.022599954
1995,0.04009022,0.04388402,0.050978575,0.036105312,-0.010888357,0.007778708
1996,1.1460826,0.29780585,0.44669876,0.30692437,0.69938385,-0.009118527
1997,0.8398825,0.13398787,0.2703208,0.18059315,0.5695617,-0.046605274
1998,0.08928453,0.0390671,0.044499885,0.034823794,0.044784646,0.004243307
1999,0.22744237,0.21240911,0.06508837,0.044784475,0.16235399,0.16762464
2000,1.2498608,0.15931447,0.25674218,0.15287489,0.9931186,0.0064395815
2001,0.4009281,0.07566831,0.099470675,0.067572124,0.30145743,0.008096188
2002,0.09983369,0.13317299,0.0312954,0.025079418,0.06853829,0.108093575
2003,0.2697209,0.07058976,0.06451496,0.050980266,0.20520595,0.019609492
2004,1.220002,0.40312478,0.49466217,0.362037,0.7253399,0.041087776
2005,1.1360165,0.358453,0.49853012,0.33238286,0.63748634,0.026070148
2006,0.9433397,0.1898625,0.26762906,0.18400435,0.6757107,0.005858153
2007,0.23332173,0.0633234,0.102644,0.06530527,0.13067773,-0.0019818693
2008,0.6750258,0.2631739,0.28252697,0.19633366,0.39249885,0.06684025
2009,0.093878575,0.038912565,0.036701396,0.03179873,0.05717718,0.007113833
2010,0.1926542,0.08327596,0.15259863,0.10746461,0.040055573,-0.024188653
2011,0.6919054,0.24347842,0.28546876,0.20094515,0.40643662,0.042533264
2012,0.41047964,0.13232525,0.21408042,0.13995068,0.19639921,-0.007625431
2013,0.94941175,0.24101883,0.32967612,0.22459957,0.6197356,0.016419262
2014,0.13643833,0.07555585,0.06335042,0.043876313,0.07308791,0.03167954
2015,0.11865207,-0.0033029378,0.066748455,0.03917799,0.051903613,-0.04248093
2016,0.038534462,0.029378165,0.028779302,0.023272088,0.009755161,0.0061060768
2017,0.88139087,0.2144023,0.3331006,0.20552173,0.54829025,0.0088805705
2018,1.1850389,0.2901803,0.37524644,0.25189033,0.8097925,0.038289964
2019,0.19754833,-0.0038805848,0.086136945,0.053093977,0.111411385,-0.056974564
2020,0.20508143,0.02911313,0.06523202,0.04711183,0.13984941,-0.017998701
2021,0.65835017,0.14910276,0.18475437,0.12935582,0.4735958,0.019746944
2022,0.7933185,0.24135867,0.3550862,0.26347455,0.4382323,-0.022115886
2023,0.4699431,0.09415655,0.14210913,0.09657121,0.32783398,-0.0024146587
2024,0.0062714345,0.007097027,0.03573756,0.024617203,-0.029466124,-0.017520176
2025,1.0358479,0.33924642,0.36983737,0.26656264,0.6660105,0.07268378
2026,0.9373671,0.3713624,0.4610635,0.33513597,0.47630358,0.03622642
2027,0.07869616,-0.0011149839,0.03137484,0.02009406,0.047321323,-0.021209043
2028,0.67764455,0.12331612,0.19532971,0.1332224,0.48231483,-0.0099062845
2029,0.6953556,0.20882024,0.28634748,0.17751552,0.40900812,0.031304717
2030,1.0682449,0.45139536,0.5804376,0.3952219,0.48780733,0.056173474
2031,0.15052116,0.035840042,0.035500966,0.024647808,0.11502019,0.011192234
2032,1.0205842,0.27148095,0.42781335,0.28445452,0.5927709,-0.012973577
2033,0.8749036,0.24169974,0.29735175,0.21766031,0.57755184,0.024039432
2034,0.23024124,0.09194046,0.0753317,0.053970918,0.15490954,0.037969545
2035,0.86303145,0.23895232,0.29549688,0.22074066,0.56753457,0.018211663
2036,0.269564,0.08054479,0.07902984,0.055515375,0.19053416,0.025029417
2037,0.15193245,0.0333103,0.04871958,0.031059377,0.10321286,0.0022509247
2038,1.4202948,0.14370261,0.25308424,0.18186335,1.1672106,-0.03816074
2039,0.8520636,0.2605459,0.37732857,0.26682994,0.47473502,-0.0062840283
2040,0.6819781,0.17406315,0.21464941,0.15275452,0.4673287,0.02130863
2041,0.16305636,0.079914935,0.034276642,0.025251692,0.12877971,0.05466324
2042,0.8751073,0.21058653,0.26873967,0.19256987,0.6063676,0.018016666
2043,1.0637742,0.28964603,0.3100389,0.2386666,0.7537353,0.050979435
2044,0.12375442,-0.0033774462,0.042586904,0.022842338,0.08116752,-0.026219785
2045,0.78184646,0.21719141,0.2861524,0.20295721,0.49569407,0.0142342
2046,0.941006,0.3407078,0.47688276,0.32409754,0.46412325,0.016610265
2047,0.7836749,0.23502228,0.37296754,0.26050246,0.41070735,-0.025480181
2048,0.69820684,0.2592176,0.3367908,0.2414713,0.36141604,0.017746285
2049,0.92095554,0.26210138,0.35469255,0.18773705,0.56626296,0.074364334
2050,0.50663364,0.15930898,0.2003372,0.16033065,0.30629644,-0.0010216683
2051,0.73583883,0.26042786,0.35278758,0.23998757,0.38305125,0.020440295
2052,0.63491,0.078311145,0.17352492,0.121863864,0.46138507,-0.04355272
2053,0.8379188,0.23383224,0.46600434,0.31892747,0.37191448,-0.08509523
2054,0.1991089,0.08574588,0.08814612,0.06628821,0.11096278,0.019457668
2055,0.43832275,0.13030326,0.159125,0.108297914,0.27919775,0.02200535
2056,0.105832234,0.064276926,0.0528591,0.03984083,0.052973133,0.024436098
2057,0.09364357,-0.032403115,0.03701211,0.026824458,0.056631457,-0.05922757
2058,0.93949896,0.31108773,0.44884434,0.32164326,0.49065462,-0.010555536
2059,0.65688574,0.2504342,0.41955388,0.28380838,0.23733187,-0.03337419
2060,1.4106332,0.40482035,0.5811801,0.36977986,0.8294531,0.035040498
2061,0.25702533,0.021569245,0.083156526,0.050564267,0.1738688,-0.028995022
2062,1.1336635,0.27725792,0.35723618,0.25637242,0.7764274,0.020885497
2063,0.60941076,0.1632828,0.27041015,0.19098288,0.3390006,-0.027700081
2064,0.22064507,0.046170607,0.052760214,0.041035347,0.16788486,0.0051352605
2065,0.7561956,0.21340768,0.3049845,0.21953501,0.4512111,-0.0061273277
2066,0.52485496,0.06870745,0.107815064,0.07863344,0.4170399,-0.009925991
2067,0.7015049,0.10797301,0.13890496,0.1054006,0.5625999,0.0025724098
2068,1.069433,0.25359756,0.3233096,0.23792273,0.7461234,0.01567483
2069,0.8258017,0.29411417,0.36436453,0.2709476,0.46143714,0.023166567
2070,0.30072176,0.1290978,0.145367,0.10425687,0.15535477,0.024840936
2071,0.12994003,0.060843304,0.044106875,0.03262669,0.08583316,0.028216615
2072,0.07234413,0.008884648,0.006175256,0.0039169607,0.066168875,0.004967687
2073,0.8248384,0.28131035,0.30880907,0.20390546,0.51602936,0.07740489
2074,0.7074123,0.16324876,0.20923181,0.15923834,0.4981805,0.004010424
2075,0.8859662,0.19989796,0.28352815,0.19213827,0.60243803,0.0077596903
2076,0.37749475,0.08860488,0.15469576,0.10962217,0.22279899,-0.02101729
2077,0.85083866,0.14591043,0.19379576,0.14366226,0.6570429,0.002248168
2078,0.46728233,0.06739907,0.105468124,0.06542592,0.3618142,0.0019731522
2079,1.2921238,0.3748643,0.5181251,0.368033,0.7739987,0.006831318
2080,0.79170847,0.29167357,0.32573944,0.24454203,0.46596903,0.04713154
2081,0.7768619,0.3406678,0.3800625,0.30749673,0.39679942,0.033171088
2082,0.14007257,0.068451256,0.071727805,0.050885983,0.068344764,0.017565273
2083,0.84500635,0.14347278,0.20295893,0.16070883,0.6420474,-0.017236054
2084,0.53940535,0.26732126,0.30469263,0.21168882,0.23471272,0.055632442
2085,0.32206994,0.057107028,0.12038855,0.07028886,0.20168139,-0.013181832
2086,1.004257,0.2970128,0.43692693,0.33645517,0.56733,-0.03944236
2087,1.0405024,0.25672874,0.36807087,0.259441,0.6724316,-0.0027122498
2088,0.727618,0.31107017,0.37871754,0.27930823,0.34890044,0.031761944
2089,1.2993002,0.35493857,0.558399,0.36792308,0.7409012,-0.012984514
2090,0.5130483,0.17063668,0.16109289,0.10837057,0.3519554,0.06226611
2091,0.3121,0.19067262,0.20214954,0.15137653,0.10995045,0.03929609
2092,0.07747224,0.08905795,0.035646133,0.027635489,0.041826107,0.061422464
2093,0.74170727,0.29524615,0.33821526,0.24418192,0.403492,0.051064238
2094,1.0077157,0.20885083,0.25057754,0.19199365,0.75713813,0.016857177
2095,0.5349717,0.0976411,0.15532002,0.10347197,0.3796517,-0.005830869
2096,0.15485443,0.06275427,0.120514914,0.0789482,0.034339517,-0.016193926
2097,0.69052374,0.22643587,0.32623902,0.2149791,0.36428472,0.011456773
2098,0.24926357,0.17553711,0.047008935,0.031217558,0.20225464,0.14431955
2099,0.29443535,0.035885975,0.082979776,0.052903093,0.21145558,-0.017017119
2100,0.16197911,0.050580095,0.07090889,0.050582133,0.09107022,-2.0377338e-06
2101,1.0571277,0.24306588,0.3298962,0.24072804,0.7272315,0.0023378432
2102,-0.052282423,0.037980694,0.031415414,0.0234911,-0.08369784,0.014489595
2103,1.0960554,0.35364696,0.51320595,0.3794434,0.58284944,-0.025796443
2104,0.72917014,0.250802,0.30416927,0.23115344,0.42500088,0.019648567
2105,0.5311331,0.16263118,0.24597725,0.16193983,0.28515586,0.0006913543
2106,0.7500458,0.16087162,0.2650332,0.19587433,0.4850126,-0.03500271
2107,0.869378,0.3228178,0.423542,0.28555682,0.44583598,0.03726098
2108,0.67548513,0.25213215,0.36685485,0.2554415,0.3086303,-0.0033093393
2109,0.8289163,0.22073497,0.28785232,0.20568666,0.541064,0.01504831
2110,0.6066121,0.17130002,0.24615943,0.1775735,0.36045265,-0.0062734783
2111,0.68410814,0.18104468,0.3046389,0.20622878,0.37946925,-0.025184095
2112,0.7317246,0.22265825,0.28790268,0.2242136,0.44382194,-0.0015553534
2113,0.8782636,0.20337452,0.277648,0.17980036,0.6006156,0.023574159
2114,1.1521724,0.45192996,0.53394777,0.3731838,0.6182247,0.07874617
2115,0.93507004,0.26411933,0.34720856,0.25494087,0.5878615,0.00917846
2116,0.119626306,0.03018802,0.06624806,0.04930087,0.053378247,-0.019112851
2117,0.06296436,0.06565916,0.061107904,0.05028896,0.0018564537,0.015370198
2118,1.1172643,0.2748322,0.2875849,0.18554239,0.82967937,0.0892898
2119,1.019557,0.25613645,0.3589081,0.25302717,0.66064894,0.0031092763
2120,0.9216416,0.14516237,0.2212038,0.16207029,0.7004378,-0.016907915
2121,0.014503215,0.007326495,0.033404954,0.021264078,-0.01890174,-0.013937583
2122,1.110636,0.285608,0.40327704,0.27393505,0.70735896,0.011672944
2123,0.021114102,0.14927323,0.020750454,0.013561778,0.00036364794,0.13571146
2124,1.1374434,0.2688898,0.35286412,0.2495709,0.7845793,0.019318908
2125,0.23706669,0.23909745,0.14490509,0.112826996,0.092161596,0.12627044
2126,1.0480185,0.21163984,0.32447964,0.22127719,0.7235388,-0.009637356
2127,1.0443631,0.29110053,0.35817826,0.2746027,0.6861849,0.01649782
2128,1.2940578,0.2530911,0.4503286,0.29286885,0.84372926,-0.039777756
2129,0.42686558,0.13436657,0.09673044,0.07491148,0.33013514,0.05945509
2130,0.9510947,0.24342915,0.32617968,0.24694884,0.624915,-0.003519684
2131,1.167215,0.24185498,0.40862966,0.2845383,0.75858533,-0.04268332
2132,0.12444006,0.07114995,0.08318986,0.06227674,0.0412502,0.008873213
2133,0.62695616,0.24059853,0.30042505,0.20174709,0.3265311,0.03885144
2134,0.85975945,0.3754548,0.48027205,0.3439493,0.3794874,0.031505525
2135,1.0928485,0.3329434,0.44398746,0.30128953,0.64886105,0.03165388
2136,0.76953214,0.26835003,0.39668855,0.28913894,0.3728436,-0.020788908
2137,0.0027377678,0.044765793,0.024620505,0.018087849,-0.021882737,0.026677944
2138,0.20083451,0.067484684,0.068720385,0.054229755,0.13211413,0.013254929
2139,0.04373565,0.06668101,0.046511263,0.03806952,-0.0027756132,0.028611492
2140,0.8538811,0.14390256,0.18337816,0.13696206,0.67050296,0.006940499
2141,0.12080636,0.0940385,0.057905126,0.040422168,0.06290123,0.053616334
2142,0.045174442,0.23124067,0.02362912,0.02010652,0.021545323,0.21113415
2143,0.27562445,0.11284589,0.13372976,0.0987037,0.1418947,0.014142193
2144,0.4506641,0.19413221,0.25445116,0.15466711,0.19621295,0.0394651
2145,0.9101617,0.3068424,0.3197079,0.23794761,0.59045374,0.06889477
2146,0.92341596,0.2502924,0.36468235,0.2508461,0.5587336,-0.00055369735
2147,0.03794303,-0.035602983,0.019921334,0.0110181775,0.018021697,-0.04662116
2148,0.96634495,0.22965226,0.44286895,0.27552316,0.523476,-0.0458709
2149,0.8224062,0.22440545,0.31215224,0.20376927,0.5102539,0.020636186
2150,0.8532188,0.27431214,0.43463725,0.28141767,0.41858155,-0.0071055293
2151,0.8668063,0.32482445,0.47736225,0.3242377,0.38944408,0.0005867481
2152,0.1026243,0.121522956,0.040951554,0.032280527,0.061672743,0.08924243
2153,0.37540388,0.09888753,0.12935415,0.090979785,0.24604973,0.007907748
2154,1.0318705,0.23706244,0.35503522,0.25986362,0.6768353,-0.022801176
2155,0.19121061,0.008703387,0.049013957,0.03652154,0.14219666,-0.02781815
2156,0.7766986,0.3072697,0.42297333,0.2784779,0.35372525,0.028791785
2157,0.1259661,0.009719114,0.048628487,0.035648685,0.077337615,-0.02592957
2158,0.18672433,-0.017526394,0.07320485,0.03936197,0.11351948,-0.056888364
2159,0.6617011,0.24867497,0.36811137,0.2573778,0.2935897,-0.0087028295
2160,-0.0016437884,0.20350598,0.02622066,0.017861972,-0.027864449,0.185644
2161,0.07303848,0.032426976,0.024739612,0.017726924,0.04829887,0.014700051
2162,0.15041241,0.14025113,0.09606025,0.059262525,0.054352157,0.0809886
2163,0.83679867,0.23934136,0.30425605,0.23111805,0.5325426,0.00822331
2164,0.37703133,0.07681883,0.107370235,0.076263435,0.2696611,0.0005553961
2165,0.7411534,0.22395496,0.35555366,0.2595657,0.38559976,-0.03561075
2166,0.22796358,0.07323718,0.08897332,0.06598766,0.13899025,0.007249519
2167,0.06893135,0.053698197,0.056434426,0.03690233,0.012496922,0.016795866
2168,0.022537705,0.16021083,0.049198136,0.029695427,-0.026660431,0.13051541
2169,0.67433745,0.30439687,0.38521212,0.30396315,0.28912532,0.0004337132
2170,0.2226439,0.07026834,0.08484844,0.062879264,0.13779545,0.007389076
2171,1.2722282,0.27778712,0.37584832,0.28823468,0.89637995,-0.010447562
2172,0.07920979,-0.02055591,0.043871373,0.027129302,0.035338417,-0.047685213
2173,0.07344068,-0.033124786,0.028889997,0.013177952,0.04455068,-0.046302736
2174,0.91301525,0.23562597,0.27134037,0.1899642,0.6416749,0.045661762
2175,1.0064701,0.31424126,0.44619346,0.3087407,0.5602766,0.005500555
2176,0.65384877,0.16495325,0.23866953,0.18708336,0.41517925,-0.022130117
2177,-0.024719475,0.102051176,0.017658245,0.009228618,-0.042377718,0.09282256
2178,1.7223985,0.33583486,0.5141101,0.3746331,1.2082884,-0.038798243
2179,1.2255071,0.38894102,0.5158908,0.36146545,0.70961636,0.027475566
2180,0.009946634,-0.038014628,0.038000707,0.022130793,-0.028054073,-0.060145423
2181,0.3635881,0.0069726817,0.080198824,0.051014937,0.28338927,-0.044042256
2182,0.38985497,0.1797775,0.2201095,0.15848537,0.16974546,0.021292135
2183,0.6021076,0.16551358,0.27470326,0.17056374,0.32740432,-0.0050501674
2184,0.9447253,0.26891112,0.37964162,0.27087134,0.5650836,-0.001960218
2185,0.81525016,0.29620704,0.39480713,0.29127675,0.42044303,0.0049302876
2186,0.255419,0.13931458,0.1324355,0.0917046,0.122983485,0.047609977
2187,0.7604194,0.1099203,0.16096029,0.11513056,0.5994592,-0.005210258
2188,0.657336,0.23630318,0.28799975,0.19331923,0.36933625,0.04298395
2189,1.0047272,0.27966112,0.38060558,0.28638476,0.62412167,-0.0067236423
2190,0.050508406,0.20877212,0.066032045,0.036346108,-0.015523639,0.17242602
2191,0.11975413,-0.010705617,0.0871747,0.056926586,0.03257943,-0.067632206
2192,1.1836275,0.204328,0.36679474,0.24680296,0.8168328,-0.042474955
2193,0.5212338,0.16170073,0.20755741,0.13458483,0.3136764,0.027115896
2194,0.95017284,0.22359599,0.34902015,0.22254547,0.60115266,0.001050517
2195,0.6719577,0.22660153,0.28114602,0.19514847,0.39081165,0.031453058
2196,0.72903687,0.14599383,0.22445904,0.14787258,0.5045778,-0.0018787533
2197,0.08531028,0.076453574,0.09021774,0.06761563,-0.004907459,0.008837946
2198,0.6015092,0.26476997,0.30735025,0.23900346,0.29415897,0.025766507
2199,0.83175707,0.1951682,0.25539026,0.1825781,0.5763668,0.012590095
2200,1.052152,0.22471102,0.32457554,0.23949121,0.7275765,-0.014780194
2201,0.21522284,0.038671155,0.08604991,0.06084418,0.12917292,-0.022173025
2202,0.7413614,0.43827364,0.4238235,0.31557614,0.31753787,0.1226975
2203,0.63860345,0.15199389,0.23222016,0.16182394,0.40638328,-0.009830058
2204,0.38393182,0.12042217,0.16114336,0.116320476,0.22278845,0.0041016936
2205,0.8189073,0.24496166,0.29532033,0.21740346,0.523587,0.027558208
2206,0.075031266,-0.026389262,0.031025384,0.020834379,0.044005882,-0.047223642
2207,0.10743365,0.01633203,0.04692987,0.03624007,0.060503777,-0.01990804
2208,0.5529648,0.13603595,0.21227843,0.1482574,0.34068638,-0.012221456
2209,0.6713367,0.2345242,0.2988241,0.2182365,0.3725126,0.0162877
2210,0.92205054,0.38793942,0.5227312,0.3823534,0.39931935,0.005586028
2211,0.42935017,0.14613669,0.2118967,0.123471476,0.21745346,0.02266521
2212,1.267011,0.42497876,0.5208518,0.3821665,0.74615926,0.042812258
2213,0.723112,0.15155971,0.2966215,0.21215682,0.4264905,-0.060597107
2214,0.85725254,0.16743183,0.20329222,0.15738906,0.65396035,0.010042772
2215,0.98419064,0.33996466,0.41330555,0.30583787,0.57088506,0.03412679
2216,0.8712505,0.2072996,0.2972327,0.2122418,0.5740178,-0.0049421936
2217,0.6698415,0.17215629,0.26804852,0.18984395,0.401793,-0.017687663
2218,0.0035523463,-0.055365093,0.031244287,0.014440327,-0.027691942,-0.06980542
2219,0.032715477,-0.0029326554,0.040747542,0.026995726,-0.008032065,-0.02992838
2220,0.2687729,0.075230464,0.08070657,0.061424408,0.18806633,0.013806056
2221,1.0854853,0.27026543,0.3756622,0.25741953,0.70982313,0.012845904
2222,0.4010386,0.29644385,0.29649684,0.23382805,0.10454175,0.0626158
2223,0.31684136,0.040710904,0.04881278,0.02874925,0.2680286,0.011961654
2224,0.4086048,0.19917512,0.260416,0.2114063,0.1481888,-0.012231186
2225,1.017569,0.2730446,0.4236765,0.29220143,0.59389246,-0.019156843
2226,0.15029624,0.0021699076,0.06540212,0.03962182,0.08489412,-0.03745191
2227,0.33803144,0.15734765,0.20877859,0.1598642,0.12925285,-0.0025165528
2228,0.9242523,0.18239771,0.2665668,0.17780268,0.65768546,0.0045950264
2229,0.06771206,-0.036236435,0.027913267,0.016017515,0.039798796,-0.05225395
2230,1.1333406,0.17059527,0.2676793,0.176383,0.86566126,-0.00578773
2231,0.021382699,0.19389175,0.086523935,0.0638983,-0.06514124,0.12999344
2232,0.54000175,0.30174774,0.29301873,0.21505503,0.24698302,0.086692706
2233,0.08684806,0.013516389,0.04415699,0.028179534,0.042691067,-0.014663145
2234,0.46753928,0.26479155,0.18465565,0.14265345,0.28288364,0.1221381
2235,1.0054537,0.20759808,0.36208588,0.24520423,0.6433678,-0.03760615
2236,1.1476887,0.15298173,0.2247959,0.15573981,0.92289287,-0.0027580857
2237,0.710717,0.13400726,0.20970131,0.13717201,0.5010157,-0.0031647533
2238,0.09448566,0.014394299,0.04753935,0.035787355,0.046946313,-0.021393057
2239,0.6785015,0.14704807,0.23671436,0.15032297,0.44178712,-0.0032749027
2240,0.18174884,0.066553585,0.08779034,0.058157425,0.0939585,0.00839616
2241,0.27595165,0.11882993,0.09344679,0.0578037,0.18250486,0.061026227
2242,0.95942426,0.37059826,0.4340568,0.31286973,0.5253675,0.05772853
2243,0.18853927,0.017976018,0.0892229,0.06234257,0.099316366,-0.044366553
2244,0.9284179,0.11259972,0.18385881,0.13371998,0.7445591,-0.021120258
2245,0.5023891,0.19618085,0.22754535,0.15934162,0.27484372,0.03683923
2246,0.33983365,0.19825074,0.16057646,0.120823726,0.17925718,0.077427015
2247,0.2919419,0.05548057,0.12871572,0.081167705,0.16322619,-0.025687136
2248,0.98411965,0.15896657,0.24062175,0.16560757,0.7434979,-0.0066410005
2249,0.3263205,0.07315049,0.045690797,0.039781056,0.2806297,0.033369437
2250,0.48796055,0.16507109,0.26000392,0.17326212,0.22795662,-0.008191034
2251,0.35500634,0.095375456,0.20500678,0.14314431,0.14999956,-0.047768854
2252,0.12715547,0.113536276,0.14976221,0.10878775,-0.022606745,0.0047485232
2253,0.75866187,0.22749591,0.27665114,0.1926019,0.48201072,0.034894004
2254,0.058137856,-0.015718011,0.048069183,0.02618439,0.010068674,-0.0419024
2255,0.271094,0.08470269,0.11590937,0.0801098,0.15518463,0.0045928955
2256,0.6153122,0.25518826,0.29448438,0.20989257,0.32082784,0.045295686
2257,0.101584055,0.010477524,0.028727267,0.023934916,0.072856784,-0.013457391
2258,0.18887368,0.072129026,0.061026417,0.04626857,0.12784725,0.025860455
2259,0.878428,0.23098002,0.310636,0.21395393,0.56779194,0.017026097
2260,0.19410823,0.237948,0.08535287,0.0671733,0.108755365,0.1707747
2261,0.77378505,0.3085483,0.3772076,0.27462724,0.39657745,0.033921063
2262,0.1618511,0.10623071,0.122930095,0.0904347,0.038921,0.015796013
2263,0.47228968,0.13337095,0.1060464,0.077814795,0.36624327,0.055556156
2264,0.2296632,0.057178915,0.06755149,0.045634903,0.1621117,0.0115440115
2265,0.92155516,0.22021146,0.39458385,0.28309122,0.52697134,-0.062879756
2266,0.019101014,0.043563753,0.03327033,0.024646098,-0.014169315,0.018917656
2267,0.8606539,0.38336802,0.43409333,0.31653947,0.42656055,0.06682855
2268,-0.0003217299,0.0018049319,0.036211252,0.021430481,-0.036532983,-0.01962555
2269,0.05654094,0.060281917,0.04652468,0.03372561,0.010016259,0.02655631
2270,1.0206558,0.2829888,0.3373571,0.25272325,0.68329865,0.03026554
2271,0.8026277,0.2342979,0.32885498,0.24086559,0.4737727,-0.006567687
2272,0.123863816,0.051229566,0.09237299,0.061423488,0.031490825,-0.010193922
2273,0.9833015,0.21613733,0.3111824,0.19703917,0.67211914,0.019098163
2274,0.1489968,0.1275099,0.08655429,0.07006605,0.06244251,0.057443857
2275,0.05636858,0.120111674,0.05406841,0.035134792,0.0023001693,0.08497688
2276,0.89850223,0.23896764,0.3532919,0.25528038,0.54521036,-0.016312733
2277,0.7891553,0.28953508,0.3744284,0.2674169,0.4147269,0.022118181
2278,1.0504788,0.32258388,0.47043213,0.32475266,0.58004665,-0.0021687746
2279,0.086752065,0.14482239,0.07708976,0.03959303,0.009662308,0.10522936
2280,1.0913321,0.42929706,0.541948,0.3915469,0.54938406,0.037750155
2281,0.3108526,0.12019357,0.08575334,0.06835019,0.22509925,0.051843382
2282,1.8766804,0.5464397,0.77598745,0.5679855,1.100693,-0.021545768
2283,0.6295692,0.26017028,0.24981628,0.1525245,0.37975287,0.10764578
2284,1.2227103,0.23168193,0.32961738,0.24312358,0.8930929,-0.011441648
2285,0.29119593,0.08737453,0.121690184,0.083767205,0.16950575,0.0036073253
2286,0.018329108,0.113147065,0.015663445,0.010814123,0.0026656631,0.10233294
2287,0.21264233,0.0618686,0.039743874,0.025755258,0.17289846,0.036113344
2288,0.4218891,0.28354743,0.3044344,0.24094887,0.11745471,0.04259856
2289,-0.022860752,0.120116346,0.014465706,0.007042959,-0.03732646,0.113073386
2290,0.17527474,0.067258574,0.11582143,0.07918033,0.059453316,-0.011921756
2291,0.4511431,0.14445964,0.16000791,0.11080278,0.2911352,0.033656858
2292,0.7250394,0.15129581,0.2332899,0.1706832,0.49174953,-0.019387394
2293,0.73556155,0.22417356,0.2884729,0.21022879,0.44708866,0.013944775
2294,0.24556229,0.15530217,0.15795723,0.12080037,0.08760506,0.0345018
2295,0.53463894,0.27301943,0.21096578,0.159776,0.32367316,0.11324343
2296,1.1399258,0.23527229,0.2770132,0.2085986,0.86291265,0.02667369
2297,0.8824514,0.31400853,0.38882428,0.25835177,0.49362713,0.05565676
2298,0.66808563,0.20724861,0.2750995,0.189778,0.39298615,0.017470613
2299,0.9220159,0.2059142,0.40440848,0.2519121,0.51760745,-0.045997888
2300,0.8859577,0.28084403,0.40557662,0.26191634,0.4803811,0.018927693
2301,0.97202724,0.25987837,0.53843445,0.3213576,0.4335928,-0.06147924
2302,1.1462693,0.27388385,0.44560564,0.30285367,0.7006637,-0.028969824
2303,1.1501293,0.319594,0.42501676,0.2909986,0.72511256,0.028595388
2304,0.5945889,0.16407308,0.24460992,0.1808538,0.34997895,-0.01678072
2305,0.4887242,0.0585148,0.09013397,0.06558831,0.39859024,-0.0070735104
2306,0.51373184,0.121058546,0.13188076,0.09734417,0.38185108,0.023714378
2307,0.34131673,0.102922045,0.09875638,0.08110532,0.24256036,0.021816723
2308,0.07264776,0.09558316,0.04932487,0.032342684,0.023322888,0.06324048
2309,1.7074833,0.25296387,0.3314842,0.24545763,1.3759991,0.0075062364
2310,0.7484766,0.23022242,0.3995334,0.2642931,0.34894323,-0.034070686
2311,0.7477601,0.24728832,0.31503442,0.21770264,0.4327257,0.029585674
2312,0.49743333,0.19981016,0.24227321,0.17423785,0.25516012,0.025572315
2313,0.035297126,0.15101862,0.02331828,0.01897177,0.011978846,0.13204685
2314,1.0707453,0.28292057,0.42281672,0.30074838,0.6479286,-0.017827809
2315,0.6664367,0.26364127,0.32996318,0.25755432,0.3364735,0.0060869455
2316,0.7234068,0.13067052,0.16967766,0.11991939,0.5537291,0.010751128
2317,0.31464732,0.12472703,0.1498588,0.111902125,0.16478851,0.012824908
2318,1.6269817,0.4201636,0.60919917,0.3780507,1.0177826,0.042112887
2319,0.9699061,0.30172396,0.35652024,0.27566177,0.61338586,0.02606219
2320,0.06516957,0.044729576,0.03789369,0.028541524,0.027275883,0.016188052
2321,0.10335398,0.02853248,0.036977362,0.027145503,0.06637661,0.0013869777
2322,0.81732184,0.2011912,0.2623775,0.18086918,0.55494434,0.020322025
2323,0.17694043,0.13548529,0.065131575,0.053146318,0.11180885,0.082338974
2324,0.9059281,0.17421614,0.26796377,0.18643555,0.6379643,-0.012219414
2325,1.0317466,0.26056537,0.33720943,0.23915264,0.69453716,0.02141273
2326,1.1662316,0.40098432,0.45289376,0.334865,0.7133379,0.06611931
2327,0.9030708,0.22842339,0.30046433,0.22027846,0.6026065,0.00814493
2328,0.7478066,0.13819945,0.18455411,0.13759741,0.5632525,0.0006020367
2329,0.5455835,0.2118604,0.26058915,0.19922999,0.28499433,0.012630418
2330,0.71716386,0.19247128,0.28813237,0.21156415,0.4290315,-0.019092873
2331,-0.013959367,0.20031172,0.04918211,0.028980765,-0.06314148,0.17133096
2332,0.03604159,0.019126082,0.039332166,0.022681758,-0.003290575,-0.003555676
2333,0.7353802,0.31846538,0.34930745,0.26022887,0.38607273,0.05823651
2334,0.52258176,0.24919964,0.28258714,0.20681961,0.23999462,0.042380035
2335,0.07230706,0.05278784,0.04221397,0.03139477,0.030093089,0.021393072
2336,0.3844467,0.111761965,0.20279263,0.1371122,0.18165408,-0.025350235
2337,0.36123005,0.21002519,0.18658578,0.14174826,0.17464426,0.06827693
2338,0.052322473,-0.008616183,0.0589501,0.034906127,-0.0066276267,-0.04352231
2339,0.9511039,0.19320258,0.34104005,0.22880724,0.6100639,-0.035604656
2340,0.26158398,0.078710146,0.14938878,0.105034806,0.11219521,-0.02632466
2341,0.5901653,0.26551813,0.29152545,0.23005065,0.29863986,0.035467476
2342,0.401824,0.07817547,0.11968322,0.08994699,0.2821408,-0.011771522
2343,0.68256414,0.24925317,0.34176198,0.24019724,0.34080216,0.009055927
2344,0.45471212,0.14386036,0.23194608,0.1512102,0.22276604,-0.0073498487
2345,0.15972975,0.05355882,0.062194034,0.043855853,0.097535715,0.009702966
2346,0.56193703,0.17759597,0.18547754,0.12908505,0.37645948,0.048510924
2347,0.8458221,0.3263643,0.38231412,0.28689486,0.46350798,0.03946945
2348,0.1226958,0.042524252,0.0301482,0.02572196,0.0925476,0.016802292
2349,0.15510121,0.04995748,0.04806615,0.03480402,0.107035056,0.01515346
2350,0.15788198,0.23687455,0.15089701,0.10142589,0.006984964,0.13544866
2351,0.9128589,0.079387,0.21739762,0.13366428,0.6954613,-0.05427728
2352,0.73172563,0.2234228,0.2624377,0.18076576,0.46928793,0.042657033
2353,1.0736643,0.22552113,0.4091034,0.2513967,0.6645609,-0.025875553
2354,0.83406836,0.23194143,0.3127448,0.2237815,0.52132356,0.0081599355
2355,0.20149744,0.11193066,0.17362215,0.11517091,0.02787529,-0.00324025
2356,1.089662,0.22195172,0.30584857,0.21678834,0.78381336,0.0051633865
2357,0.4210147,0.17159942,0.20148711,0.14297986,0.21952759,0.028619558
2358,0.26147103,0.21448053,0.09852722,0.07713359,0.16294381,0.13734695
2359,0.17202562,0.05599438,0.06825853,0.049140062,0.10376709,0.006854318
2360,0.26306835,0.053847734,0.10380998,0.071042515,0.15925837,-0.017194781
2361,0.6282616,0.18576542,0.23266499,0.16971575,0.39559662,0.016049668
2362,0.40690175,0.13352427,0.18225211,0.1170162,0.22464964,0.016508065
2363,0.0024007582,0.01487468,0.0006741938,0.0034735603,0.0017265645,0.01140112
2364,0.81426245,0.103678964,0.15635628,0.09856605,0.6579062,0.005112916
2365,0.18811059,0.038465414,0.07008068,0.043896858,0.11802991,-0.0054314435
2366,0.78929275,0.18326455,0.3160033,0.20782337,0.47328946,-0.024558812
2367,1.1724573,0.34783897,0.4905904,0.34205326,0.68186694,0.0057857037
2368,0.8919734,0.27488995,0.34971127,0.24747854,0.5422621,0.027411401
2369,-0.009054238,0.029540325,0.014720369,0.013333328,-0.023774607,0.016206997
2370,1.0245636,0.32021087,0.4258188,0.29285958,0.59874475,0.02735129
2371,0.7450835,0.2974093,0.32128066,0.23036863,0.42380285,0.06704067
2372,1.2894857,0.23586817,0.3669555,0.2670008,0.9225302,-0.031132624
2373,0.64176446,0.19455568,0.25602555,0.19237244,0.3857389,0.0021832436
2374,0.5871343,0.22728488,0.27958503,0.19023213,0.30754927,0.03705275
2375,0.10815814,-0.034810882,0.035611846,0.020124907,0.072546296,-0.05493579
2376,0.29463753,0.17617036,0.21273856,0.13790403,0.08189897,0.03826633
2377,1.0580556,0.23988073,0.30569747,0.22638704,0.7523582,0.013493687
2378,0.5335376,0.11081695,0.114243515,0.085792854,0.41929412,0.025024094
2379,0.082500495,0.11789154,0.048559517,0.027023433,0.03394098,0.09086811
2380,1.2097095,0.29835945,0.28830034,0.21682987,0.9214092,0.08152959
2381,0.7531871,0.29288405,0.28239006,0.21080944,0.47079706,0.08207461
2382,0.3924357,0.037534863,0.06722237,0.047077008,0.3252133,-0.009542145
2383,0.6530984,0.18304586,0.23836386,0.17382355,0.41473454,0.009222314
2384,1.086815,0.30852818,0.46070424,0.33792496,0.6261108,-0.029396772
2385,-0.029026063,0.111137375,0.02284074,0.012473416,-0.051866803,0.098663956
2386,0.50377303,0.18338649,0.24646734,0.17517035,0.25730568,0.008216143
2387,0.0934532,0.006290641,0.05935865,0.035199437,0.03409455,-0.028908797
2388,0.456234,0.1782239,0.19575462,0.15698937,0.2604794,0.021234527
2389,1.015331,0.15801132,0.34091407,0.20161766,0.67441696,-0.04360634
2390,1.1538326,0.45944348,0.58089024,0.4544683,0.5729423,0.00497517
2391,0.10100003,0.05007242,0.044987887,0.029710745,0.056012146,0.020361675
2392,1.2591735,0.38249055,0.6110173,0.4145618,0.6481562,-0.032071263
2393,1.0342737,0.2803339,0.29153058,0.21448795,0.74274313,0.06584595
2394,0.3291,0.08550651,0.11837552,0.08097748,0.2107245,0.0045290366
2395,0.6390955,0.15593344,0.20389017,0.14711756,0.4352053,0.008815885
2396,0.62748766,0.16821255,0.19044517,0.11958167,0.43704247,0.04863088
2397,1.1362017,0.3670006,0.49598393,0.39939472,0.6402178,-0.03239411
2398,0.20512241,0.06888468,0.0667555,0.04654741,0.13836691,0.022337269
2399,0.48457578,0.18331905,0.22694772,0.15866455,0.25762805,0.024654493
2400,0.44651592,0.28087658,0.1263594,0.071051575,0.3201565,0.20982501
2401,0.24331586,0.07085167,0.099114515,0.0636279,0.14420134,0.00722377
2402,0.7451867,0.2098697,0.29897484,0.20687595,0.44621184,0.0029937476
2403,0.5863521,0.14722271,0.11400673,0.083395205,0.47234538,0.06382751
2404,1.0647815,0.35083222,0.5392676,0.36845753,0.52551395,-0.017625302
2405,1.0751443,0.3514865,0.2840095,0.21537976,0.79113483,0.13610674
2406,0.839441,0.26046067,0.34467584,0.2536696,0.49476516,0.006791085
2407,0.5834397,0.2043022,0.14861816,0.114036664,0.43482155,0.09026554
2408,0.5548123,0.09424274,0.22434352,0.14371863,0.33046877,-0.049475893
2409,0.15132369,0.0521205,0.061238226,0.04643846,0.09008546,0.00568204
2410,0.32457912,0.091386,0.11823685,0.0898274,0.20634228,0.0015585944
2411,0.03575417,0.13888352,0.029620446,0.016442066,0.006133724,0.12244145
2412,0.6849153,0.19027674,0.25907907,0.18963099,0.42583624,0.0006457567
2413,0.31648,0.11701688,0.198658,0.12187078,0.11782201,-0.004853897
2414,0.33613595,0.1607178,0.18682913,0.121779986,0.14930682,0.038937815
2415,0.0042633447,0.034096345,0.038436253,0.020683734,-0.034172907,0.013412612
2416,0.11637569,0.01963507,0.027325142,0.020566458,0.08905055,-0.00093138777
2417,0.7769381,0.27437305,0.41810054,0.28495473,0.35883754,-0.010581672
2418,0.7149952,0.17235073,0.27241573,0.16849627,0.44257948,0.0038544685
2419,1.3765161,0.12808636,0.20397207,0.14939402,1.172544,-0.021307662
2420,0.24190141,0.08410449,0.116723135,0.08393836,0.12517828,0.00016613305
2421,0.9887307,0.39607677,0.48582515,0.360835,0.5029056,0.035241783
2422,0.068701066,0.036140915,0.037469946,0.028144496,0.03123112,0.007996419
2423,0.76205355,0.15439688,0.20752023,0.14108716,0.5545333,0.013309717
2424,0.4301288,0.15271232,0.217862,0.14456938,0.21226682,0.008142933
2425,0.6573224,0.26502314,0.28881657,0.22672607,0.36850584,0.038297072
2426,0.30491832,0.011611472,0.036989424,0.029216178,0.2679289,-0.017604705
2427,1.0015944,0.1596555,0.29037863,0.1964343,0.7112158,-0.036778808
2428,0.87150353,0.26904023,0.35577968,0.25388926,0.5157238,0.015150964
2429,0.116438605,0.020808537,0.026978746,0.02066366,0.08945986,0.00014487654
2430,0.43256414,0.23450758,0.28904495,0.20281552,0.1435192,0.031692058
2431,0.6343136,0.13267638,0.19316714,0.13070756,0.44114643,0.001968816
2432,0.1377572,0.03541076,0.09883972,0.06031301,0.038917474,-0.024902247
2433,0.42302808,0.17984205,0.21496464,0.1462077,0.20806344,0.03363435
2434,0.84485006,0.24141717,0.30910578,0.18210675,0.5357443,0.05931042
2435,0.022926357,0.009040501,0.022865433,0.022668134,6.0923398e-05,-0.013627633
2436,0.41307163,0.15598182,0.16612065,0.108054616,0.24695098,0.04792721
2437,0.35418722,0.10540528,0.10831415,0.0816745,0.24587306,0.023730777
2438,0.65281373,0.14961441,0.16401365,0.10818649,0.48880008,0.041427918
2439,0.9626666,0.23533845,0.35108063,0.25342736,0.611586,-0.018088907
2440,0.8562824,0.27254143,0.41500896,0.26824963,0.44127345,0.0042918026
2441,0.7513952,0.20349273,0.26593974,0.19148579,0.48545548,0.012006938
2442,1.3131559,0.32186547,0.42624724,0.29203343,0.88690865,0.029832035
2443,1.2589927,0.21242462,0.3241272,0.21491528,0.9348655,-0.0024906546
2444,0.16537853,0.040648866,0.050614662,0.03501781,0.11476386,0.0056310557
2445,0.3745589,0.1424796,0.13890631,0.107855216,0.23565258,0.034624383
2446,0.44156015,0.18297185,0.17000158,0.13667093,0.27155858,0.046300918
2447,0.72282255,0.22497141,0.30024916,0.22356409,0.4225734,0.0014073253
2448,0.5390041,0.1824362,0.21078691,0.1506733,0.32821718,0.031762898
2449,0.54962355,0.21603607,0.25086236,0.18277504,0.2987612,0.03326103
2450,0.63777226,0.19216366,0.32106006,0.20813917,0.3167122,-0.015975505
2451,-0.0024501188,0.12029611,0.015718428,0.008478898,-0.018168546,0.11181722
2452,1.0065523,0.29499477,0.43669158,0.30610156,0.56986076,-0.011106789
2453,0.8713936,0.25407964,0.41709247,0.29181528,0.45430115,-0.03773564
2454,0.7680799,0.11349731,0.21162216,0.15398496,0.5564577,-0.040487655
2455,0.32181272,0.12964943,0.11319821,0.08740586,0.2086145,0.04224357
2456,0.42328304,0.19872604,0.22422273,0.13178752,0.1990603,0.06693852
2457,1.1190977,0.24507435,0.34317455,0.25599492,0.77592313,-0.010920569
2458,1.013809,0.22974604,0.3712519,0.2492705,0.642557,-0.019524455
2459,0.7743738,0.26022053,0.22633408,0.16594708,0.54803973,0.09427345
2460,1.0493361,0.30539766,0.36366287,0.2733758,0.68567324,0.03202185
2461,0.0461022,-0.014127714,0.017502602,0.0144119235,0.028599598,-0.028539637
2462,0.78097737,0.21665551,0.24741963,0.17694925,0.5335578,0.03970626
2463,0.84868515,0.15196596,0.21929488,0.14650738,0.62939024,0.0054585785
2464,0.308028,0.1631785,0.1966278,0.14708346,0.11140022,0.016095042
2465,1.285483,0.35335127,0.49557412,0.34489137,0.7899089,0.008459896
2466,0.05199319,-0.06214739,0.015691457,0.0073731644,0.036301732,-0.069520555
2467,0.06310985,-0.029103873,0.04038361,0.028063085,0.022726241,-0.057166956
2468,1.3204365,0.33368,0.51994425,0.3778886,0.8004922,-0.044208586
2469,0.3004458,0.1714331,0.15292616,0.11653689,0.14751963,0.054896213
2470,0.23605211,0.095405474,0.10934821,0.08762693,0.1267039,0.0077785477
2471,0.3689897,0.15601958,0.08147787,0.05950933,0.28751183,0.096510254
2472,0.30271074,0.11215223,0.17216194,0.116482794,0.1305488,-0.0043305606
2473,0.6073396,0.20778748,0.2605756,0.17768711,0.34676403,0.030100375
2474,0.06694587,0.064377286,0.060250543,0.044604007,0.00669533,0.019773278
2475,-0.004196143,0.011562634,0.039623965,0.027235115,-0.043820105,-0.01567248
2476,1.1775569,0.17321038,0.31199464,0.20762716,0.8655622,-0.03441678
2477,0.812521,0.18701783,0.23873872,0.16529395,0.57378227,0.021723881
2478,1.063059,0.15291063,0.2555717,0.17733552,0.80748725,-0.02442488
2479,0.82742393,0.059508722,0.093940265,0.068501554,0.7334837,-0.008992832
2480,0.17445001,0.09196925,0.09587785,0.068458244,0.07857216,0.023511007
2481,0.5867029,0.07022425,0.09979107,0.070728034,0.4869118,-0.0005037859
2482,0.108468615,0.014152464,0.045584377,0.023566091,0.06288424,-0.009413627
2483,0.29991922,0.11069091,0.1306502,0.0795679,0.16926901,0.031123005
2484,0.22112972,0.064430594,0.11597237,0.08259819,0.105157346,-0.018167593
2485,0.073402,0.01026076,0.06349703,0.049849015,0.009904973,-0.039588254
2486,1.5285237,0.24812008,0.40386853,0.2956198,1.1246551,-0.0474997
2487,0.9773517,0.24533105,0.4303722,0.28741175,0.54697955,-0.0420807
2488,0.93949497,0.19752382,0.26112288,0.17876862,0.6783721,0.018755198
2489,0.38007686,0.12910806,0.1403933,0.10915504,0.23968355,0.01995302
2490,0.09391334,0.072480604,0.09247258,0.061254047,0.001440756,0.011226557
2491,1.2407866,0.32614958,0.4655429,0.315339,0.77524364,0.010810584
2492,0.31603292,0.033007234,0.07232582,0.057948157,0.24370709,-0.024940923
2493,0.07548507,0.045741912,0.098608434,0.06581505,-0.023123361,-0.020073134
2494,0.9751203,0.32357872,0.4937683,0.34130943,0.481352,-0.017730713
2495,0.8178723,0.23264417,0.30578747,0.20240857,0.51208484,0.030235603
2496,0.10695024,0.05633965,0.047765646,0.032962233,0.059184592,0.023377419
2497,0.3537708,0.15765192,0.17173819,0.13398574,0.1820326,0.023666173
2498,1.1335067,0.2083552,0.2788121,0.19086842,0.85469455,0.01748678
2499,0.18477173,0.032041688,0.040705584,0.027269011,0.14406615,0.004772676
2500,0.32455355,0.099805936,0.17623593,0.117495716,0.14831762,-0.01768978
2501,0.18596198,0.05020092,0.08150278,0.06339986,0.1044592,-0.013198938
2502,0.8439287,0.24569976,0.28826758,0.200841,0.5556611,0.04485877
2503,1.001246,0.25501826,0.29714304,0.2043707,0.70410293,0.050647557
2504,0.9687827,0.11895477,0.19535714,0.12587655,0.7734256,-0.0069217756
2505,0.91657555,0.2713545,0.32022718,0.2273713,0.5963484,0.04398319
2506,0.8291011,0.27252764,0.3824869,0.26735017,0.44661418,0.005177468
2507,0.79779464,0.28325555,0.37324375,0.24670838,0.4245509,0.03654717
2508,0.47428393,0.17507884,0.23790407,0.16414328,0.23637986,0.01093556
2509,0.90852386,0.35527527,0.448926,0.31848335,0.45959786,0.03679192
2510,0.29680023,0.07334043,0.087883614,0.05656172,0.2089166,0.016778711
2511,0.7220231,0.20105068,0.24775891,0.18121353,0.4742642,0.019837156
2512,0.9701229,0.30434325,0.35725826,0.2353495,0.6128646,0.06899375
2513,0.04623194,0.031930663,0.047876578,0.033244535,-0.0016446374,-0.0013138726
2514,1.0034933,0.2665904,0.36041737,0.22416565,0.64307594,0.04242474
2515,1.6925262,0.4754367,0.67863566,0.5056107,1.0138905,-0.030174017
2516,0.5915512,0.111938246,0.1847355,0.13259597,0.40681568,-0.020657726
2517,1.039011,0.29893303,0.44173414,0.30557215,0.59727687,-0.006639123
2518,0.11866236,0.061842714,0.07185119,0.050273452,0.04681117,0.011569262
2519,0.12100545,0.062402297,0.056541324,0.03637071,0.06446413,0.026031587
2520,0.7934921,0.22790332,0.3548251,0.26231325,0.43866697,-0.034409925
2521,0.20453429,0.10809561,0.119151264,0.08502132,0.08538303,0.023074292
2522,0.9862607,0.18146893,0.2992057,0.19371487,0.687055,-0.012245938
2523,1.1078568,0.3895045,0.5112547,0.30642864,0.596602,0.08307585
2524,0.17289753,0.17688788,0.14425664,0.106905386,0.028640896,0.0699825
2525,1.5577158,0.8274654,1.0622939,0.71646136,0.4954219,0.111004055
2526,1.6258022,0.33795726,0.567307,0.3855471,1.0584952,-0.04758984
2527,0.0864482,0.052897565,0.051294345,0.036473922,0.035153855,0.016423643
2528,0.20119739,0.047266796,0.07577052,0.05309377,0.12542686,-0.0058269724
2529,1.0529077,0.2134054,0.33112618,0.24394901,0.7217815,-0.03054361
2530,0.87786156,0.255357,0.34523934,0.24467382,0.5326222,0.010683179
2531,0.089807846,0.118439876,0.072621964,0.048517108,0.017185882,0.06992277
2532,0.0116378525,0.1322716,0.04688004,0.03134783,-0.03524219,0.10092378
2533,0.7666381,0.19663346,0.23147817,0.16117455,0.53515995,0.035458907
2534,0.8522828,0.29322517,0.39356366,0.29852596,0.45871916,-0.00530079
2535,0.16757746,0.016402796,0.08765067,0.050486308,0.07992679,-0.03408351
2536,0.1626268,0.058149096,0.06650667,0.04639957,0.096120134,0.011749525
2537,1.0417325,0.27283943,0.44761682,0.27094817,0.59411573,0.0018912554
2538,0.043628767,-0.018920636,0.05778618,0.03341286,-0.014157414,-0.052333497
2539,0.9018667,0.3183915,0.41453353,0.2894201,0.48733315,0.028971404
2540,0.86997086,0.18158895,0.21901876,0.1609854,0.6509521,0.020603552
2541,0.6782852,0.20385468,0.24680622,0.19235781,0.43147898,0.011496872
2542,1.3687313,0.23527202,0.33808684,0.21893659,1.0306444,0.016335428
2543,0.07420927,0.0041093305,0.023061233,0.010954083,0.051148042,-0.0068447525
2544,0.3997482,0.16259581,0.23404936,0.15973575,0.16569884,0.0028600544
2545,0.16993564,0.0775649,0.09389355,0.058160882,0.07604209,0.01940402
2546,0.45842904,0.1056156,0.087154426,0.06588875,0.37127462,0.039726853
2547,0.7204479,0.25514075,0.34583935,0.24084784,0.37460855,0.014292911
2548,0.6776625,0.21454285,0.3235521,0.22405373,0.3541104,-0.009510875
2549,1.0159986,0.25241643,0.2977119,0.23345485,0.7182867,0.018961579
2550,0.25312886,0.1161758,0.07741763,0.04101769,0.17571123,0.07515811
2551,0.6418302,0.15356435,0.19303684,0.13966882,0.44879335,0.0138955265
2552,0.16495226,0.11187397,0.0973442,0.06504837,0.067608066,0.046825603
2553,1.2074687,0.36200583,0.49184427,0.34846744,0.71562445,0.01353839
2554,0.93997777,0.3408877,0.48899734,0.31470665,0.45098042,0.026181042
2555,0.51429886,0.09943081,0.11173371,0.08529033,0.40256515,0.014140479
2556,0.57939976,0.11745729,0.17991945,0.122309595,0.3994803,-0.0048523024
2557,0.024700334,0.032654226,0.044612125,0.023293385,-0.01991179,0.009360841
2558,0.07223866,0.0065210895,0.024298633,0.01756762,0.04794003,-0.011046531
2559,0.36282372,0.12261625,0.13053305,0.102595046,0.23229067,0.0200212
