feature_idx,seq_effect_obs,struct_effect_obs,seq_effect_shuffle,struct_effect_shuffle,seq_delta,struct_delta
0,0.10046225,-0.0036070603,0.061402667,0.032975033,0.039059583,-0.036582094
1,0.01089474,0.028033877,0.017850852,0.014259453,-0.0069561116,0.013774424
2,0.32123107,0.121816374,0.22290385,0.1473344,0.09832722,-0.025518022
3,0.67920285,0.13797207,0.2265732,0.1785594,0.45262966,-0.04058732
4,0.67960924,0.16380528,0.2582031,0.16034836,0.42140615,0.0034569204
5,0.08546414,0.030930858,0.057700712,0.03516737,0.02776343,-0.004236512
6,0.6663679,0.19993046,0.21082518,0.15965347,0.4555427,0.04027699
7,0.76432294,0.22213267,0.32647818,0.24605815,0.43784475,-0.023925483
8,0.70144945,0.25651675,0.37649924,0.2662523,0.32495022,-0.009735554
9,0.023761243,-0.0129914805,0.04843845,0.033418007,-0.024677206,-0.046409488
10,0.18134579,0.049086,0.098883815,0.05642919,0.082461976,-0.007343188
11,0.17174296,-0.007755911,0.0862512,0.051209874,0.08549176,-0.058965787
12,0.8018327,0.24919774,0.32219437,0.24530955,0.4796383,0.0038881898
13,0.7868173,0.099038735,0.17705615,0.122713566,0.6097612,-0.02367483
14,0.14203493,-0.011427346,0.03408297,0.028391164,0.10795196,-0.03981851
15,0.12834837,0.174354,0.05950778,0.04573853,0.068840586,0.12861547
16,0.8415923,0.14808112,0.2832799,0.16471842,0.5583124,-0.016637295
17,0.7629551,0.23026367,0.28752443,0.20476742,0.4754307,0.025496244
18,0.95032495,0.284186,0.3205483,0.22282581,0.62977666,0.061360195
19,0.16475102,0.056939084,0.04550135,0.029175926,0.11924967,0.027763158
20,0.15485972,0.058011107,0.102158174,0.07269339,0.052701548,-0.0146822855
21,0.06480904,-0.018817492,0.05741631,0.036266983,0.0073927306,-0.055084474
22,0.84829265,0.32091144,0.4809549,0.31847256,0.36733776,0.002438873
23,0.74629176,0.16949911,0.15667197,0.10611822,0.58961976,0.0633809
24,0.44444922,0.13098271,0.21944158,0.14250493,0.22500764,-0.011522219
25,0.71719664,0.28841397,0.35914603,0.27038768,0.3580506,0.018026292
26,0.0037062038,0.011595571,0.03475943,0.02168281,-0.031053225,-0.010087239
27,0.18643858,0.07865762,0.082166195,0.060156517,0.10427238,0.018501103
28,0.33471328,0.14434265,0.16942458,0.13602005,0.1652887,0.008322597
29,0.87798715,0.23554885,0.34921062,0.23417969,0.5287765,0.0013691634
30,0.15409628,0.054305054,0.06485488,0.035951108,0.08924139,0.018353947
31,0.18014297,0.093534976,0.050303124,0.037767034,0.12983984,0.055767942
32,0.53174454,0.16048948,0.18151183,0.13205759,0.35023272,0.028431892
33,0.6877782,0.2795285,0.37280807,0.2598378,0.3149701,0.019690692
34,0.9928081,0.26732302,0.4483202,0.29341188,0.5444879,-0.026088864
35,0.580188,0.14461547,0.16009127,0.1173598,0.4200967,0.02725567
36,0.843006,0.21195266,0.257471,0.19297661,0.58553505,0.018976048
37,0.8915169,0.20842956,0.30782905,0.20273843,0.5836879,0.005691126
38,0.44500998,0.16371804,0.18992144,0.1492217,0.25508854,0.014496341
39,0.7457743,0.17494114,0.2159621,0.15237929,0.5298122,0.022561848
40,0.0898671,0.029977694,0.07107703,0.044531703,0.018790074,-0.014554009
41,0.6837907,0.31289956,0.40444607,0.30382603,0.27934462,0.009073526
42,0.13260548,0.1012772,0.094429836,0.06796031,0.038175642,0.033316895
43,1.1024584,0.3273608,0.47501975,0.3394887,0.6274386,-0.012127876
44,0.7806268,0.3922506,0.492983,0.35069883,0.28764376,0.04155177
45,0.06431596,0.03291241,0.023074485,0.018801535,0.041241474,0.014110876
46,0.7591676,0.30817127,0.4802897,0.3172269,0.2788779,-0.0090556145
47,0.66273904,0.13666373,0.19383608,0.14702176,0.46890295,-0.010358021
48,0.84947056,0.27344733,0.34389773,0.2555439,0.5055728,0.017903447
49,0.6182973,0.16392106,0.19539289,0.12959939,0.42290437,0.034321666
50,0.08525828,0.07901178,0.061352648,0.050770562,0.023905635,0.02824122
51,0.8386074,0.30370262,0.36481202,0.2536884,0.47379535,0.050014228
52,0.7763717,0.16719557,0.2602199,0.16061254,0.5161518,0.006583035
53,0.9627145,0.20877121,0.278918,0.17964272,0.6837965,0.029128492
54,0.39117196,0.12580104,0.20322397,0.13489607,0.18794799,-0.009095028
55,0.38257056,0.11328793,0.14619786,0.0950351,0.23637271,0.018252835
56,0.09598405,-0.00302997,0.056237675,0.033137746,0.039746374,-0.036167715
57,0.102648176,0.030414905,0.02310039,0.017517708,0.079547785,0.012897197
58,0.16028203,0.04209272,0.057704277,0.03832641,0.10257775,0.0037663095
59,0.4583622,0.15484764,0.24001522,0.15230107,0.21834697,0.0025465637
60,0.7088672,0.2797279,0.30895215,0.22999921,0.39991504,0.04972869
61,0.06503982,0.07670993,0.026826944,0.02479515,0.038212877,0.05191478
62,0.73427194,0.11008205,0.18907285,0.13768539,0.5451991,-0.027603336
63,0.000298761,0.031313296,0.034893405,0.023804592,-0.034594644,0.0075087044
64,0.7433921,0.22172688,0.33333212,0.22322974,0.41006,-0.0015028566
65,0.13378963,0.040825598,0.035216518,0.024914077,0.09857311,0.015911521
66,0.7026628,0.2318612,0.30169576,0.23410913,0.40096706,-0.0022479296
67,0.027191106,0.026111163,0.028323572,0.01663829,-0.0011324659,0.009472873
68,0.7636326,0.21981123,0.29048282,0.19310501,0.47314978,0.026706219
69,0.36770672,0.085798614,0.1118222,0.08299305,0.25588453,0.0028055608
70,-0.017234245,0.10983354,0.009651749,0.00301396,-0.026885994,0.10681958
71,0.9422695,0.24816798,0.37772742,0.2546769,0.56454206,-0.0065089315
72,1.016435,0.3066888,0.3744217,0.25766176,0.6420133,0.049027026
73,-0.0040402845,0.04315287,0.0043906774,0.0032400626,-0.0084309615,0.039912805
74,0.11732083,0.04828294,0.08441663,0.05801506,0.0329042,-0.00973212
75,0.09472142,0.04806884,0.073011875,0.056885213,0.021709546,-0.008816373
76,0.666516,0.23739333,0.27225667,0.19921005,0.39425933,0.038183287
77,0.67236954,0.13986015,0.1551731,0.10605274,0.5171964,0.03380741
78,0.36398622,0.121311635,0.1408183,0.092880234,0.22316793,0.0284314
79,0.53187037,0.17019433,0.27255633,0.191834,0.25931403,-0.021639675
80,1.054705,0.3528869,0.56193787,0.38337764,0.49276716,-0.030490756
81,0.011885688,0.06818907,0.05307073,0.03477995,-0.041185044,0.03340912
82,0.41579852,0.2030381,0.18177284,0.1150228,0.23402567,0.088015296
83,0.7836121,0.24601328,0.31913584,0.21979713,0.46447623,0.02621615
84,0.19528753,0.11124785,0.05732864,0.04153672,0.13795888,0.069711134
85,0.086210914,0.16852303,0.10984713,0.07771949,-0.023636214,0.09080354
86,0.6438107,0.2198775,0.31675965,0.21048982,0.32705104,0.009387672
87,0.7783659,0.29665715,0.46308383,0.3147465,0.31528208,-0.018089354
88,0.31331453,0.22568676,0.11860327,0.08199,0.19471127,0.14369676
89,0.2890132,0.061417,0.09296289,0.06335871,0.19605032,-0.0019417107
90,0.02187305,0.040371183,0.029504085,0.018365776,-0.0076310355,0.022005407
91,0.05702233,0.038521044,0.029826775,0.027374078,0.027195554,0.011146966
92,0.036300402,0.14918712,0.05525282,0.042375345,-0.018952418,0.10681178
93,0.44306296,0.12114645,0.16311726,0.12060384,0.2799457,0.0005426109
94,0.2886791,0.15404408,0.17327158,0.13651504,0.11540751,0.01752904
95,0.43843228,0.19498546,0.17830126,0.11857388,0.260131,0.07641158
96,0.12956887,0.0030758344,0.05285359,0.033505045,0.07671528,-0.03042921
97,0.43042374,0.13782062,0.22997269,0.14790551,0.20045105,-0.010084897
98,0.9656239,0.2060966,0.3238237,0.22899322,0.6418002,-0.022896618
99,0.4846284,0.16082926,0.28469133,0.1875084,0.19993708,-0.026679143
100,0.6831735,0.19257504,0.23149303,0.16758266,0.45168045,0.024992377
101,0.25696963,0.10436689,0.16279611,0.123625495,0.09417352,-0.019258603
102,0.5243054,0.26839763,0.32822275,0.24711685,0.19608265,0.02128078
103,0.16242665,0.11423085,0.090072334,0.05094985,0.07235432,0.063281
104,0.050034,0.032437634,0.029812928,0.017362017,0.020221073,0.015075617
105,0.708536,0.231603,0.19722302,0.1317995,0.511313,0.09980349
106,0.24030414,0.055145986,0.122065544,0.07180597,0.1182386,-0.016659983
107,0.5389319,0.09578486,0.16741845,0.113962255,0.37151346,-0.018177398
108,0.32014406,0.08978937,0.19022474,0.1031449,0.12991932,-0.013355531
109,0.018898202,-0.026026877,0.033121638,0.020674512,-0.014223436,-0.046701387
110,0.38367185,0.15990119,0.20807998,0.15509912,0.17559187,0.004802063
111,0.86974174,0.3897574,0.52587765,0.3797676,0.34386408,0.009989798
112,0.055319555,0.034524105,0.050982125,0.03479632,0.00433743,-0.0002722144
113,0.7446238,0.27174166,0.3586846,0.2433217,0.38593918,0.028419957
114,0.13185461,0.025088055,0.06836483,0.041125856,0.06348978,-0.016037801
115,0.9077949,0.41788056,0.5736265,0.4412675,0.33416837,-0.023386925
116,-0.0135575775,0.010329236,0.026069263,0.013034269,-0.03962684,-0.002705033
117,0.43397105,0.08092378,0.1341128,0.09058584,0.29985824,-0.009662062
118,0.45748645,0.1863346,0.24400589,0.17916068,0.21348056,0.0071739107
119,-0.04311124,0.11160491,0.0004354856,-0.0014402373,-0.043546725,0.11304514
120,0.87828434,0.19488648,0.31043234,0.1966748,0.567852,-0.0017883182
121,0.40979937,0.19006203,0.24609354,0.16331394,0.16370583,0.026748091
122,0.010983708,0.039565295,0.032691475,0.026173782,-0.021707766,0.013391513
123,0.6267281,0.1477926,0.23136258,0.16332471,0.39536554,-0.015532121
124,0.9224471,0.29871193,0.45195007,0.32816857,0.470497,-0.029456645
125,0.088875964,0.023942538,0.06980473,0.0321818,0.019071236,-0.008239262
126,0.06817796,0.016184177,0.036044184,0.028715631,0.032133777,-0.012531454
127,0.49638677,0.10488692,0.13775103,0.10205438,0.35863572,0.0028325394
128,0.8437625,0.24070895,0.3468405,0.26806816,0.49692202,-0.027359217
129,0.13523659,0.037363704,0.07438211,0.05630549,0.06085448,-0.018941786
130,0.86002374,0.19361301,0.32027745,0.21338773,0.5397463,-0.01977472
131,0.83861077,0.38220066,0.50429195,0.37180653,0.33431882,0.010394126
132,0.06319562,0.05565024,0.05803594,0.039380018,0.0051596835,0.016270224
133,0.19544251,0.11277177,0.11596469,0.0798886,0.079477824,0.032883175
134,0.72339654,0.23044372,0.32382867,0.2430005,0.39956787,-0.012556791
135,0.8961424,0.25298777,0.28803632,0.21066985,0.60810614,0.042317927
136,0.63134044,0.25176692,0.3500929,0.23793635,0.28124756,0.013830572
137,0.63557357,0.22390352,0.32068998,0.22630861,0.3148836,-0.0024050921
138,0.9116211,0.24090381,0.32817394,0.23419747,0.58344716,0.006706342
139,0.12499654,0.04624298,0.041710503,0.028500387,0.08328604,0.017742591
140,0.3939139,0.11652156,0.1342245,0.1030855,0.2596894,0.013436057
141,0.3631249,0.16043909,0.20271285,0.14095291,0.16041206,0.019486174
142,1.1087664,0.31619558,0.38233113,0.25878638,0.7264353,0.057409197
143,0.4999147,0.21933597,0.30563602,0.23271544,0.19427869,-0.0133794695
144,0.055274256,0.061694574,0.03791756,0.030897731,0.017356694,0.030796843
145,0.19058761,0.046419732,0.08953263,0.056917835,0.10105498,-0.010498103
146,0.02032709,-0.054785628,0.010792,0.0060020783,0.009535089,-0.060787708
147,0.74328375,0.16244613,0.3497582,0.21311998,0.39352554,-0.050673857
148,0.49176002,0.08945776,0.1177145,0.08667295,0.37404552,0.002784811
149,0.26759598,0.12923534,0.11864032,0.08509421,0.14895566,0.04414113
150,0.8934377,0.27080154,0.39861605,0.2754164,0.49482164,-0.00461486
151,0.13195017,0.10225518,0.07238727,0.04881878,0.0595629,0.053436402
152,0.06879587,0.05220771,0.041839056,0.02840047,0.026956812,0.023807239
153,1.1550742,0.42258236,0.5751331,0.42409077,0.57994115,-0.0015084147
154,0.11823768,0.057744768,0.049925707,0.03481074,0.068311974,0.022934027
155,0.69908154,0.2600212,0.31279063,0.2333285,0.3862909,0.026692703
156,0.58731806,0.2813728,0.35821238,0.27888718,0.22910568,0.002485603
157,0.42335513,0.13959281,0.20296958,0.13786164,0.22038555,0.0017311722
158,-0.04332037,0.10454732,-0.00034828595,-0.0031091399,-0.042972084,0.107656464
159,0.16041419,0.05376938,0.042837866,0.037127286,0.11757632,0.016642094
160,0.13451512,0.014052733,0.061074603,0.03293719,0.07344052,-0.018884458
161,0.7457608,0.2070205,0.25710103,0.1930916,0.48865977,0.013928905
162,0.039809566,0.23392928,0.021667564,0.014655577,0.018142002,0.2192737
163,0.11074508,0.031217193,0.10560644,0.07040909,0.005138643,-0.039191894
164,0.8268976,0.33798435,0.46412188,0.33284262,0.36277574,0.005141735
165,0.8982497,0.22751956,0.3086266,0.21122125,0.5896231,0.016298309
166,0.17016916,0.05945851,0.06349262,0.047515728,0.10667654,0.0119427815
167,0.39455155,0.22136262,0.30013022,0.18031672,0.09442133,0.041045904
168,0.040757824,0.015351698,0.029745802,0.024945473,0.011012021,-0.0095937755
169,0.7717741,0.25425854,0.37238568,0.25794056,0.39938843,-0.0036820173
170,0.786782,0.2263396,0.37895998,0.25085968,0.40782204,-0.024520084
171,0.10241064,0.03242556,0.063816145,0.035915673,0.03859449,-0.0034901127
172,1.0221764,0.3690346,0.6090716,0.36775392,0.41310477,0.0012806654
173,0.0009814852,0.015364818,0.011014329,0.014733125,-0.010032844,0.0006316928
174,0.9903665,0.3876798,0.531993,0.38732666,0.45837355,0.00035312772
175,0.601565,0.081584215,0.18578133,0.12652496,0.41578367,-0.04494074
176,0.27258223,0.089854404,0.109818175,0.08761197,0.16276406,0.002242431
177,0.8544956,0.23867337,0.36344087,0.24358976,0.4910547,-0.004916385
178,0.79838765,0.31890434,0.3584392,0.24359997,0.43994844,0.075304374
179,0.84787756,0.21348217,0.25772437,0.19877991,0.5901532,0.0147022605
180,0.9915948,0.3331042,0.43105322,0.31018198,0.56054157,0.022922218
181,0.73312694,0.2454988,0.32330337,0.2202886,0.40982357,0.025210202
182,0.28089425,0.15431508,0.12612872,0.095264755,0.15476553,0.05905033
183,0.54370284,0.1507273,0.1982621,0.14404592,0.34544075,0.0066813827
184,0.53491753,0.11875099,0.2185776,0.14246313,0.31633994,-0.023712143
185,0.25475946,0.10939856,0.11621891,0.07063,0.13854055,0.03876856
186,0.31779787,0.12873858,0.19809811,0.14942816,0.11969976,-0.020689577
187,0.63714445,0.23357773,0.29595944,0.21678968,0.341185,0.01678805
188,0.8702597,0.27808842,0.39714894,0.28856444,0.47311077,-0.010476023
189,0.8602944,0.25269562,0.3387766,0.22112378,0.5215178,0.031571835
190,0.102418415,0.010456624,0.08036561,0.05452264,0.022052802,-0.044066016
191,0.037357397,0.039524518,0.034258425,0.025397664,0.0030989721,0.014126854
192,0.43205053,0.19855046,0.30687314,0.23484328,0.12517738,-0.03629282
193,0.12655938,0.0050543905,0.032586794,0.022883201,0.09397258,-0.017828811
194,0.89045954,0.16597714,0.24757795,0.17382695,0.6428816,-0.0078498125
195,0.11036524,0.059771433,0.071753465,0.04431682,0.038611777,0.015454613
196,0.75103045,0.2104495,0.2630662,0.20474648,0.48796424,0.005703017
197,0.78855526,0.25593784,0.32902828,0.22586334,0.459527,0.030074507
198,0.8808297,0.27375486,0.38577694,0.28681767,0.49505275,-0.013062805
199,0.109137796,0.13956131,0.10581803,0.069725454,0.0033197626,0.06983586
200,0.5249426,0.15274493,0.20370106,0.13901573,0.3212415,0.0137292
201,0.5538268,0.15740266,0.1882313,0.11591478,0.36559552,0.041487888
202,0.31121054,0.084640004,0.26844233,0.16362914,0.04276821,-0.07898914
203,0.8179926,0.3403018,0.49615273,0.33723077,0.3218399,0.00307104
204,0.8797198,0.34305722,0.54656017,0.3407849,0.33315963,0.0022723079
205,0.20784591,0.13116312,0.13175184,0.07750745,0.076094076,0.05365567
206,0.96417266,0.18818596,0.3616343,0.26076394,0.60253835,-0.07257798
207,0.7930844,0.29916984,0.42934403,0.31510395,0.36374035,-0.01593411
208,0.93548316,0.3722939,0.47025508,0.34172368,0.46522808,0.030570209
209,0.17153284,0.15208745,0.12561122,0.09023666,0.045921624,0.061850794
210,0.98504394,0.1593166,0.29990175,0.19258983,0.68514216,-0.033273235
211,0.42497614,0.09063289,0.15717497,0.097834915,0.26780117,-0.007202022
212,0.8149975,0.35974506,0.4468084,0.31873888,0.3681891,0.041006178
213,0.07476512,0.055274528,0.04743848,0.028571388,0.027326643,0.02670314
214,0.9400565,0.25427428,0.42656988,0.28189063,0.5134866,-0.027616352
215,0.7129142,0.16880387,0.30860052,0.1978546,0.4043137,-0.029050723
216,0.11351919,0.0594108,0.06668371,0.040751245,0.046835482,0.018659554
217,1.0462713,0.30072084,0.41572604,0.3024438,0.63054526,-0.0017229617
218,0.5835083,0.20197865,0.2649647,0.19211528,0.3185436,0.009863377
219,0.36376783,0.15921457,0.21840683,0.14494054,0.145361,0.014274031
220,0.99086046,0.34115204,0.4827346,0.31789675,0.5081259,0.023255289
221,0.790883,0.29959252,0.38820606,0.2790901,0.40267694,0.020502418
222,1.107831,0.27367547,0.3247977,0.23286211,0.7830333,0.040813357
223,-0.040589344,0.057921246,0.030665223,0.023661543,-0.07125457,0.034259703
224,0.9558638,0.31852612,0.40160385,0.29809046,0.5542599,0.020435661
225,0.0954234,0.03355602,0.03719163,0.02847414,0.05823177,0.005081881
226,0.49689025,0.1458189,0.17189638,0.112939015,0.32499385,0.03287989
227,0.29814956,0.19765629,0.16342935,0.11147086,0.1347202,0.086185426
228,0.38894406,0.16997725,0.20736909,0.15104061,0.18157497,0.018936634
229,0.40374073,0.117645174,0.15780434,0.11760501,0.2459364,4.016608e-05
230,0.0878591,0.0108596645,0.049308475,0.028191913,0.038550626,-0.017332248
231,0.8189847,0.13557158,0.17273784,0.13144603,0.64624685,0.0041255504
232,0.7708211,0.21928115,0.31037918,0.22379756,0.46044192,-0.004516408
233,0.93083286,0.28789452,0.35865593,0.24903512,0.57217693,0.038859397
234,0.21905778,0.07594404,0.087598145,0.06942006,0.13145964,0.0065239817
235,0.17962377,0.06866161,0.07415506,0.057101488,0.105468705,0.01156012
236,0.037237585,0.011981899,0.014240849,0.012915785,0.022996735,-0.0009338865
237,1.0656577,0.34336174,0.4584561,0.32840163,0.60720164,0.01496011
238,0.66492474,0.20091046,0.2962866,0.20838666,0.36863813,-0.0074761957
239,0.03460702,0.015349255,0.037822384,0.01686583,-0.003215365,-0.0015165759
240,0.2841745,0.13526113,0.15936276,0.11155133,0.12481174,0.023709804
241,0.2855449,0.118515,0.14181626,0.10313245,0.14372864,0.015382551
242,1.000714,0.27953175,0.35848576,0.23570485,0.6422282,0.043826893
243,0.15688676,0.13538992,0.08316258,0.06349716,0.07372417,0.07189276
244,0.16707315,0.042752665,0.080258876,0.057551127,0.08681427,-0.014798462
245,0.043972857,0.00094136794,0.04987403,0.029346336,-0.0059011728,-0.028404968
246,0.11977208,0.06372354,0.088858806,0.07434603,0.030913271,-0.0106224865
247,0.51094234,0.23243183,0.17613092,0.13139972,0.33481142,0.10103211
248,0.081182025,0.030504001,0.09875163,0.054543525,-0.017569602,-0.024039524
249,0.19443157,0.16827862,0.04588412,0.038185313,0.14854746,0.1300933
250,0.5851732,0.19292764,0.23550722,0.16935337,0.34966597,0.023574278
251,0.7526148,0.1645111,0.30740088,0.19986072,0.4452139,-0.035349622
252,0.13025019,0.07611817,0.06460704,0.042038344,0.06564315,0.034079827
253,0.7323798,0.23231821,0.31181926,0.2319003,0.42056054,0.00041790307
254,0.4005855,0.19101615,0.22818191,0.1474453,0.17240359,0.043570846
255,0.20186405,0.13087216,0.1984545,0.14213483,0.0034095496,-0.01126267
256,0.0016552972,0.022832502,0.08270402,0.05192073,-0.08104873,-0.029088229
257,0.71854985,0.17094173,0.2786623,0.20845728,0.43988755,-0.03751555
258,-0.002380458,0.03321235,0.019259918,0.017783117,-0.021640377,0.015429232
259,0.84422076,0.27661237,0.37542152,0.27443713,0.46879923,0.0021752417
260,0.7827803,0.26518857,0.30750525,0.22691095,0.47527504,0.038277626
261,1.2540262,0.30476075,0.40649134,0.27900892,0.84753484,0.02575183
262,0.08065124,0.024202194,0.024062902,0.019122954,0.056588337,0.0050792396
263,0.7537221,0.23212047,0.29982135,0.21461937,0.45390072,0.0175011
264,0.87869245,0.2264425,0.40896577,0.27827922,0.46972668,-0.051836714
265,0.020704255,-0.039606437,0.014903796,0.012464001,0.0058004586,-0.05207044
266,0.30464676,0.105811924,0.13159855,0.09775869,0.17304821,0.008053236
267,0.36442426,0.21152675,0.24952999,0.15335226,0.11489427,0.05817449
268,0.80888003,0.4617328,0.53003705,0.36800295,0.278843,0.09372985
269,0.8734063,0.17905697,0.28567147,0.19833365,0.5877348,-0.019276679
270,0.122892804,0.0056253434,0.102972075,0.068024606,0.01992073,-0.06239926
271,0.6128326,0.17934448,0.26679927,0.17346588,0.34603333,0.0058785975
272,0.31199265,0.17672428,0.2162319,0.14995441,0.09576075,0.026769876
273,0.10145763,0.062776074,0.07199019,0.05209757,0.029467441,0.010678504
274,0.091932856,-0.004857376,0.03191933,0.022921005,0.060013525,-0.027778381
275,0.5541466,0.2280439,0.32560325,0.23461942,0.22854334,-0.006575525
276,0.6223641,0.17264068,0.24034746,0.15181728,0.38201666,0.020823404
277,0.22289918,0.12730749,0.15997113,0.11150334,0.06292805,0.01580415
278,0.022991784,0.11337015,0.048816994,0.034813795,-0.02582521,0.07855636
279,0.67306876,0.251506,0.37480623,0.2540032,0.29826254,-0.0024971962
280,0.9096358,0.23022309,0.32097918,0.22665706,0.5886566,0.0035660267
281,0.6796866,0.2195377,0.31419003,0.22126243,0.36549658,-0.00172472
282,0.43703556,0.17527567,0.275788,0.1922724,0.16124755,-0.016996726
283,0.89405847,0.1955577,0.32811445,0.23289526,0.565944,-0.037337556
284,0.4326005,0.20084311,0.26254967,0.18892732,0.17005083,0.011915788
285,0.8669418,0.37610775,0.49555928,0.40705234,0.37138253,-0.030944586
286,0.3421514,0.030468976,0.09986372,0.052642502,0.24228768,-0.022173526
287,0.72307616,0.31740767,0.3795006,0.2618248,0.34357557,0.05558288
288,0.49647865,0.0980902,0.14430629,0.097347334,0.35217237,0.0007428676
289,0.67365086,0.31063938,0.36770934,0.26653576,0.30594152,0.044103622
290,0.7104354,0.3111686,0.40589505,0.29419097,0.30454034,0.016977638
291,0.8010462,0.2648396,0.33305794,0.25919184,0.46798825,0.0056477487
292,-0.0430911,0.11980346,0.0142014595,0.00593762,-0.05729256,0.11386584
293,0.8122437,0.20800495,0.30313808,0.18931362,0.5091056,0.018691331
294,0.17605567,0.0888236,0.072379574,0.032815926,0.103676096,0.056007676
295,0.24571942,0.12597957,0.105232075,0.050212003,0.14048734,0.07576757
296,0.1907844,0.10046,0.12659982,0.08834057,0.064184576,0.012119427
297,0.61650765,0.23402122,0.35583538,0.2328871,0.26067227,0.0011341125
298,1.1553736,0.3101879,0.594863,0.3607779,0.5605106,-0.05059001
299,0.6419475,0.17017816,0.1932796,0.14339341,0.4486679,0.026784748
300,0.9540286,0.26482937,0.40090895,0.27234936,0.55311966,-0.00751999
301,0.101922624,-0.007528319,0.041871138,0.030865464,0.060051486,-0.038393784
302,0.63396704,0.22116363,0.2842872,0.2040443,0.34967983,0.017119333
303,0.104955055,-0.0069987136,0.059790134,0.03477932,0.04516492,-0.041778035
304,0.21497431,0.048441317,0.06298451,0.04372141,0.1519898,0.0047199056
305,0.08161121,0.1327542,0.054035038,0.039630525,0.02757617,0.09312368
306,0.20390941,0.14408697,0.0612986,0.034106016,0.14261082,0.109980956
307,0.028217262,-0.006558358,0.021958511,0.016919866,0.0062587503,-0.023478225
308,0.7803919,0.15699564,0.20765062,0.15634148,0.57274127,0.000654161
309,0.054393318,-0.021732118,0.057451926,0.03487597,-0.0030586086,-0.05660809
310,0.9525255,0.4011427,0.49228638,0.35503453,0.4602391,0.046108156
311,0.026322575,-0.013366219,0.020773241,0.015043164,0.005549334,-0.028409382
312,0.02527858,0.12967262,0.011662871,0.0046725348,0.013615709,0.12500009
313,0.04868469,0.13072892,0.05043176,0.030469965,-0.001747068,0.10025895
314,0.84039235,0.3073563,0.4487707,0.29717568,0.39162165,0.010180622
315,0.07110524,0.0408687,0.047605768,0.03855939,0.023499474,0.0023093112
316,0.8303958,0.20182794,0.29800493,0.20460181,0.5323909,-0.002773866
317,0.6214658,0.19064312,0.23967965,0.17326641,0.38178617,0.017376706
318,0.847443,0.2631401,0.38302398,0.2675821,0.464419,-0.0044419765
319,0.80951786,0.19893447,0.2669033,0.19313526,0.5426146,0.005799204
320,0.945207,0.5092829,0.57204056,0.42672938,0.37316644,0.082553506
321,0.09437769,0.06874204,0.034246285,0.018769678,0.060131405,0.04997236
322,0.7268745,0.18534087,0.2865314,0.18355723,0.44034308,0.0017836392
323,1.0143375,0.42919794,0.5355372,0.378537,0.47880036,0.050660938
324,0.14058292,0.081262544,0.05308056,0.04311565,0.08750236,0.038146894
325,0.21292187,0.066209,0.08586608,0.059485614,0.1270558,0.006723389
326,0.1905017,-0.029792974,0.042749748,0.029662382,0.14775196,-0.059455357
327,0.13706991,-0.0027813895,0.07165013,0.05251836,0.06541978,-0.05529975
328,0.40886253,0.14786021,0.20990416,0.135743,0.19895837,0.012117207
329,-0.0074163526,-0.0028217814,0.014141423,0.013014538,-0.021557774,-0.015836319
330,0.024599548,-0.024370776,0.029209632,0.014769626,-0.004610084,-0.039140403
331,0.45478383,0.17171994,0.25781316,0.17185946,0.19697067,-0.00013951957
332,0.07957184,0.04528491,0.07108728,0.045541205,0.008484565,-0.00025629625
333,0.017867163,0.118934944,0.034005504,0.025002453,-0.016138341,0.093932495
334,0.2432049,0.07093683,0.083253935,0.06191079,0.15995097,0.009026039
335,0.003676404,0.031533875,0.02582867,0.02219769,-0.022152267,0.009336185
336,-0.032559488,0.0048723975,0.016836619,0.014189631,-0.049396105,-0.009317233
337,0.95287883,0.26607704,0.36292902,0.2482414,0.58994985,0.017835647
338,0.046963256,0.035937544,0.02593166,0.020147339,0.021031596,0.015790205
339,0.19176112,0.09662447,0.08846519,0.07453193,0.10329593,0.022092544
340,0.12797679,0.051159285,0.105746195,0.0686742,0.022230595,-0.017514914
341,0.63091195,0.31069267,0.37212175,0.28455782,0.2587902,0.026134849
342,0.16975904,0.045665815,0.042177968,0.03310629,0.12758106,0.012559526
343,0.6254727,0.14787541,0.24813643,0.17649166,0.3773363,-0.02861625
344,0.12227156,-0.024024343,0.03566177,0.026469994,0.086609796,-0.050494336
345,0.62303066,0.15762167,0.27745807,0.17403865,0.3455726,-0.016416982
346,0.5287666,0.14275375,0.27188224,0.1720445,0.25688434,-0.02929075
347,1.2374247,0.45361525,0.612436,0.4053493,0.62498873,0.048265934
348,0.04742234,0.1515654,0.04359206,0.030223116,0.0038302764,0.12134229
349,0.9640764,0.20309216,0.36239547,0.24020812,0.60168093,-0.03711596
350,0.6015629,0.17452098,0.24503478,0.1641378,0.35652813,0.010383189
351,0.6759133,0.20994069,0.37010217,0.23151469,0.3058111,-0.021574005
352,0.4901229,0.16780846,0.2702909,0.16148059,0.219832,0.0063278675
353,0.29480734,0.16051061,0.1964436,0.14571537,0.09836374,0.014795244
354,0.9940553,0.42671487,0.5351699,0.40670833,0.45888537,0.020006537
355,0.95232904,0.27921525,0.37004608,0.26744586,0.58228296,0.011769384
356,0.8433487,0.2856788,0.34784037,0.2465889,0.4955083,0.039089903
357,0.68664753,0.1486602,0.16168837,0.1213691,0.52495915,0.027291097
358,0.518065,0.23485325,0.30175954,0.20963481,0.21630543,0.025218442
359,-0.0109440535,0.061500385,0.07153033,0.045812726,-0.08247438,0.01568766
360,0.7534523,0.29965764,0.4272701,0.31465793,0.3261822,-0.015000284
361,0.42442784,0.16277073,0.15844524,0.116507635,0.2659826,0.0462631
362,0.19989799,-0.015668318,0.06001029,0.038263,0.13988769,-0.05393132
363,0.87360334,0.23934834,0.4237587,0.2848345,0.44984466,-0.045486167
364,0.42370927,0.14680256,0.19962649,0.14303315,0.22408278,0.0037694126
365,-0.0097617665,-0.034819186,0.009910991,0.008752405,-0.019672759,-0.04357159
366,0.15951915,0.10341402,0.10547274,0.066296324,0.054046407,0.037117697
367,0.7940153,0.20744659,0.20181045,0.1509196,0.5922048,0.05652699
368,0.57685035,0.11938655,0.12557465,0.094194055,0.4512757,0.025192492
369,0.022141645,0.1144484,0.014057616,0.00866734,0.008084029,0.105781056
370,0.5827104,0.27134734,0.30843195,0.2244567,0.27427843,0.046890646
371,0.5205123,0.22261663,0.31538245,0.2132831,0.20512983,0.009333521
372,0.29330367,0.17132059,0.16415451,0.10963951,0.12914915,0.061681077
373,0.24840185,0.19236383,0.17372322,0.13546632,0.07467863,0.056897506
374,0.71844155,0.11639669,0.16877359,0.1082233,0.54966795,0.008173391
375,0.7188375,0.23837759,0.2789166,0.20492668,0.4399209,0.0334509
376,0.7542279,0.19887398,0.305018,0.2181085,0.44920987,-0.019234523
377,0.2482405,-0.0064990805,0.049890447,0.031605642,0.19835006,-0.038104724
378,0.92452216,0.26345837,0.43500432,0.316851,0.48951784,-0.05339262
379,0.072296314,0.10168325,0.12845802,0.08763848,-0.05616171,0.014044769
380,0.80179226,0.2772985,0.34138924,0.2345485,0.46040303,0.042750016
381,0.07945959,0.031856675,0.022753635,0.01759548,0.05670596,0.014261195
382,0.18648364,0.09720433,0.105544224,0.08407661,0.08093941,0.013127714
383,0.18786089,0.11933853,0.1123945,0.07281436,0.075466394,0.046524167
384,1.0754983,0.30160925,0.38074628,0.28538665,0.6947521,0.016222596
385,0.2451735,-0.024737462,0.07595286,0.04349639,0.16922064,-0.06823385
386,1.0557963,0.2453364,0.37838525,0.26370782,0.677411,-0.018371418
387,0.08521678,0.04210185,0.012055358,0.009782266,0.07316142,0.032319583
388,0.21180221,0.043367065,0.040265143,0.030411165,0.17153707,0.0129559
389,0.67577827,0.21573946,0.27407575,0.19578674,0.40170252,0.019952714
390,0.08899355,0.13024995,0.059740007,0.045953315,0.029253542,0.08429663
391,0.18454432,0.07942134,0.085859224,0.05589832,0.0986851,0.023523021
392,0.672991,0.19423746,0.27285877,0.18970713,0.4001322,0.0045303255
393,0.89036953,0.34064737,0.39370805,0.26737946,0.49666148,0.07326791
394,0.17574206,0.07090657,0.099337146,0.06645314,0.076404914,0.0044534355
395,0.7292154,0.2918354,0.3677462,0.24948493,0.36146918,0.04235047
396,0.19658709,0.11713429,0.08810833,0.056767564,0.108478755,0.060366724
397,0.10758507,0.04439356,0.0815071,0.06879157,0.02607797,-0.024398006
398,0.2083453,-0.005219337,0.032861143,0.02615125,0.17548415,-0.031370588
399,0.7964968,0.36600438,0.51835954,0.3482625,0.27813727,0.017741889
400,0.04627516,0.06473089,0.06714691,0.050794564,-0.020871751,0.013936326
401,0.06296672,0.061604347,0.028518563,0.022713019,0.034448154,0.03889133
402,0.523946,0.13777256,0.20968775,0.13760747,0.31425822,0.00016508996
403,0.23380564,0.01706535,0.060634743,0.050304033,0.1731709,-0.033238683
404,0.977307,0.31388322,0.49188074,0.31931603,0.48542628,-0.0054328144
405,0.80301124,0.35362175,0.41007558,0.29647058,0.39293566,0.05715117
406,0.6365807,0.2534317,0.34857857,0.26692703,0.28800213,-0.013495326
407,0.055523206,0.038308214,0.031986296,0.027606297,0.02353691,0.010701917
408,0.17145261,0.066833384,0.05809579,0.04767717,0.11335682,0.019156214
409,0.8361012,0.20398583,0.26948994,0.20361789,0.56661123,0.00036793947
410,0.03923243,0.046155617,0.019138742,0.02182919,0.020093687,0.024326427
411,0.6888831,0.2505371,0.31858578,0.20975137,0.37029734,0.04078573
412,0.19505996,0.064284146,0.09714801,0.058473803,0.09791195,0.0058103427
413,0.232677,0.105746225,0.15728197,0.10344938,0.07539503,0.0022968426
414,1.0057918,0.29981592,0.40251368,0.29489276,0.6032781,0.004923165
415,0.15698944,0.063450985,0.048675813,0.036834978,0.10831363,0.026616007
416,0.09476569,0.05586521,0.05073914,0.043389104,0.044026554,0.012476105
417,0.032880288,-0.021341177,0.018179407,0.004868241,0.01470088,-0.026209418
418,0.9894511,0.3941012,0.5443562,0.3606859,0.44509488,0.033415288
419,0.21024063,0.029356014,0.100761175,0.059039425,0.10947946,-0.029683411
420,0.35855132,0.21704063,0.19025484,0.11857108,0.16829649,0.09846955
421,0.524997,0.29543346,0.32526296,0.22643313,0.19973403,0.06900033
422,0.091886744,0.047846626,0.05319023,0.033671238,0.038696513,0.014175389
423,0.21388954,0.11661893,0.12413402,0.09914188,0.08975552,0.01747705
424,0.7355125,0.19666003,0.34907073,0.22756577,0.38644177,-0.030905738
425,0.3853691,0.17012575,0.21978977,0.16421966,0.16557932,0.00590609
426,0.20206246,0.06837848,0.110475644,0.07580195,0.09158681,-0.0074234754
427,0.7430154,0.31710425,0.3766484,0.24610099,0.366367,0.07100326
428,0.056502707,0.05819484,0.058677785,0.048025105,-0.0021750778,0.010169733
429,0.641665,0.1344293,0.16424944,0.11365752,0.47741556,0.020771787
430,0.35226098,0.21329147,0.14734349,0.10916921,0.20491749,0.10412226
431,0.08991584,0.10988374,0.067351386,0.043899395,0.022564456,0.065984346
432,0.07846377,0.1419518,0.071717605,0.054820787,0.0067461655,0.08713101
433,0.5340163,0.20330347,0.24337943,0.1776979,0.2906369,0.025605574
434,0.47906223,0.14090726,0.17953038,0.14414227,0.29953185,-0.0032350123
435,-0.034890775,0.19351055,0.011073055,0.004859426,-0.04596383,0.18865111
436,0.75933456,0.21915379,0.22367111,0.18182902,0.5356635,0.03732477
437,0.08059203,0.011205296,0.031015486,0.02167203,0.049576543,-0.010466735
438,0.8162346,0.32650152,0.44624043,0.34738642,0.36999416,-0.020884901
439,0.15253596,0.095525555,0.08470401,0.07480081,0.06783195,0.020724744
440,0.4701862,0.15391104,0.17587753,0.12431536,0.29430866,0.02959568
441,0.7942891,0.19290139,0.25526723,0.18070719,0.53902185,0.012194201
442,0.7003412,0.3019681,0.4187848,0.29072368,0.28155643,0.011244416
443,0.08835199,0.022938702,0.017777894,0.015286295,0.07057409,0.0076524075
444,1.0838226,0.38551694,0.5888416,0.37543046,0.494981,0.010086477
445,1.0167537,0.31196097,0.41787443,0.30735564,0.5988792,0.004605323
446,0.6599653,0.2804121,0.3633949,0.27379718,0.2965704,0.0066149235
447,0.115014486,0.043746367,0.057253607,0.04363674,0.05776088,0.00010962784
448,0.12616552,0.024396515,0.06520301,0.041246094,0.060962513,-0.01684958
449,0.61838615,0.24129954,0.29416293,0.21458454,0.32422322,0.026714996
450,0.22199728,0.14650533,0.11570336,0.088870585,0.10629392,0.05763474
451,0.95078987,0.28200415,0.36836308,0.28358108,0.5824268,-0.0015769303
452,0.43208048,0.14335555,0.1729199,0.12418042,0.25916058,0.019175127
453,0.76946145,0.30140385,0.41613665,0.2979291,0.3533248,0.0034747422
454,0.7656541,0.18160845,0.27972084,0.19094706,0.48593324,-0.009338602
455,0.8241043,0.3378415,0.40761137,0.30068526,0.41649294,0.037156254
456,0.15632132,0.07355597,0.1145433,0.074875236,0.04177802,-0.0013192669
457,0.49465767,0.21132044,0.2461992,0.17241153,0.24845846,0.038908914
458,-0.051915713,0.05915168,0.013264559,0.015297376,-0.06518027,0.043854304
459,0.50970477,0.22214203,0.27200145,0.17421737,0.23770332,0.047924653
460,0.53262043,0.21800351,0.25588226,0.17695834,0.27673817,0.041045174
461,0.4337619,0.17081758,0.20873804,0.15078056,0.22502385,0.020037025
462,0.8188182,0.2064011,0.2697967,0.19205412,0.5490215,0.014346972
463,0.089524314,0.03431713,0.042547237,0.033652827,0.046977077,0.0006643012
464,0.7980623,0.3374987,0.39941728,0.29788107,0.39864504,0.039617628
465,0.49766845,0.15966347,0.26426643,0.17941688,0.23340201,-0.019753411
466,0.37618592,0.096739665,0.12687859,0.080725454,0.24930733,0.01601421
467,0.048033778,0.14908406,0.03644109,0.026756221,0.011592686,0.12232784
468,0.7038237,0.16545087,0.25926247,0.17545438,0.4445612,-0.010003507
469,1.1047747,0.36241272,0.51088315,0.36307603,0.59389156,-0.0006633103
470,0.91860306,0.2921384,0.404702,0.29198194,0.51390105,0.00015646219
471,0.078346506,0.20178886,0.028114906,0.013579549,0.0502316,0.18820931
472,0.9435725,0.3186606,0.4457697,0.31366283,0.49780282,0.00499776
473,0.15951982,0.06889178,0.07689651,0.05932627,0.08262331,0.00956551
474,0.0824638,0.045229234,0.07745897,0.048756875,0.0050048307,-0.0035276413
475,0.23118776,0.074217804,0.09148507,0.071804665,0.1397027,0.0024131387
476,0.39590082,0.1206075,0.14698544,0.110207535,0.24891537,0.010399967
477,0.5938741,0.18606582,0.26461905,0.16036727,0.32925504,0.025698557
478,0.07446129,0.060218934,0.049761936,0.040843695,0.024699353,0.019375239
479,0.51073456,0.120496444,0.18804227,0.123850286,0.32269228,-0.0033538416
480,0.75037557,0.19944336,0.3264259,0.22614904,0.42394966,-0.026705682
481,0.8341048,0.27945948,0.3494049,0.24719016,0.48469988,0.032269314
482,0.27681375,0.07490253,0.14907753,0.08296403,0.12773621,-0.008061506
483,0.70249045,0.27542964,0.28127742,0.19217832,0.42121303,0.08325131
484,0.8910887,0.30230224,0.4006076,0.28659326,0.49048114,0.015708983
485,1.0040629,0.22765309,0.34544182,0.24733591,0.6586211,-0.019682825
486,0.12993577,0.04680872,0.042590536,0.032531895,0.087345235,0.014276825
487,0.41333202,0.19909784,0.19564696,0.14512445,0.21768506,0.05397339
488,0.7555388,0.25239074,0.34001577,0.22053167,0.41552305,0.03185907
489,0.22359136,0.10110958,0.13737807,0.089694455,0.08621329,0.011415124
490,0.02588723,-0.019314436,0.053155154,0.028104013,-0.027267924,-0.04741845
491,0.8598462,0.19253245,0.30463046,0.19113466,0.5552157,0.0013977885
492,0.9052906,0.30966547,0.42117888,0.29564038,0.48411173,0.014025092
493,0.16166912,0.06761681,0.07411225,0.05378477,0.08755687,0.013832044
494,0.762606,0.30050305,0.45344335,0.3109882,0.30916268,-0.0104851425
495,0.87675047,0.26681882,0.2942756,0.20580094,0.5824748,0.061017886
496,-0.017273707,0.11647755,0.010744634,0.0033664978,-0.02801834,0.11311105
497,0.14424829,0.07807729,0.080822244,0.058240544,0.06342605,0.019836742
498,0.103356406,0.05570497,0.06115231,0.043996025,0.042204097,0.011708945
499,0.04406874,0.15979818,0.0655699,0.0406332,-0.021501161,0.11916497
500,0.09443103,-0.012879183,0.04256661,0.030927379,0.05186442,-0.04380656
501,1.0170578,0.3135504,0.38128284,0.27384886,0.63577497,0.03970155
502,0.8868002,0.38906118,0.5568961,0.3520522,0.32990414,0.03700897
503,0.086910054,0.06203907,0.055931438,0.04429534,0.030978616,0.017743729
504,0.60303485,0.27457055,0.3526495,0.24175818,0.25038534,0.03281237
505,0.20967354,0.019364448,0.075815074,0.044876162,0.13385847,-0.025511714
506,0.24539094,0.08941134,0.097185075,0.06491059,0.14820586,0.02450075
507,0.39709473,0.13210654,0.21170267,0.16233319,0.18539205,-0.030226648
508,0.24142969,0.08988977,0.10581553,0.079444036,0.13561416,0.010445736
509,0.16793899,0.074684195,0.11380376,0.086194254,0.054135233,-0.011510059
510,1.1194987,0.20858498,0.24303322,0.17893578,0.8764655,0.029649198
511,0.43775195,0.30460647,0.36560568,0.27560315,0.07214627,0.029003322
512,0.05734803,0.032691978,0.031778406,0.01992334,0.025569625,0.012768637
513,0.025806446,0.040176485,0.02642214,0.022492137,-0.0006156936,0.017684348
514,0.0619873,0.25520784,0.023448577,0.019944271,0.038538724,0.23526357
515,0.44559366,0.09420937,0.19221099,0.13041437,0.25338268,-0.036204994
516,0.8045507,0.22655508,0.2620756,0.19073334,0.5424751,0.035821736
517,0.031026531,-0.017201468,0.020035438,0.011807722,0.010991093,-0.02900919
518,0.1376024,0.035196573,0.07045429,0.047520973,0.06714811,-0.0123244
519,1.066361,0.5214334,0.6687889,0.49734688,0.39757204,0.024086535
520,0.099078,0.05684995,0.07219567,0.045751236,0.026882328,0.011098713
521,0.6687709,0.22865231,0.30239838,0.19933131,0.36637253,0.029321
522,0.8320153,0.28392175,0.478059,0.3017704,0.35395628,-0.01784864
523,0.7208118,0.20244232,0.30285037,0.20068571,0.41796142,0.0017566085
524,0.9942761,0.36394683,0.48028684,0.32689747,0.51398927,0.037049353
525,0.048287395,0.00237171,0.021007976,0.015602222,0.02727942,-0.013230512
526,0.16910844,0.05057345,0.08523349,0.058859922,0.08387495,-0.008286472
527,0.64762354,0.25391495,0.3150365,0.19899084,0.33258703,0.054924116
528,0.8506219,0.33041424,0.45939738,0.32701486,0.3912245,0.003399372
529,0.540504,0.20555696,0.2767739,0.20239684,0.26373008,0.003160119
530,0.67257303,0.19314013,0.27154833,0.19692966,0.4010247,-0.0037895292
531,0.7962055,0.2692644,0.43795562,0.28683978,0.3582499,-0.017575383
532,0.77554876,0.22440112,0.33161545,0.23999389,0.4439333,-0.015592769
533,0.7647363,0.1981493,0.29459128,0.19153091,0.47014502,0.0066183805
534,0.479896,0.29089782,0.30745113,0.2393649,0.17244488,0.05153291
535,0.69200313,0.11625532,0.18010888,0.120303534,0.5118942,-0.0040482134
536,0.9346099,0.19981396,0.28839567,0.20525062,0.64621425,-0.005436659
537,0.77662444,0.24379422,0.342445,0.22046065,0.43417946,0.023333564
538,0.024340734,0.12670164,0.035836406,0.028086383,-0.011495672,0.09861526
539,0.19468364,0.07071503,0.15386418,0.09228174,0.040819466,-0.021566704
540,0.023841256,-0.0068985135,0.024576643,0.011564669,-0.0007353872,-0.018463183
541,0.9487618,0.4315698,0.4070846,0.2860258,0.54167724,0.14554402
542,0.17572874,0.03812695,0.04679699,0.032606073,0.12893175,0.0055208765
543,0.6206701,0.20883107,0.2529923,0.18135716,0.36767778,0.027473912
544,0.76198983,0.15648438,0.21958926,0.17223015,0.5424006,-0.015745774
545,0.84996957,0.3504408,0.4501586,0.3028009,0.39981097,0.047639906
546,0.8397581,0.29662424,0.43553954,0.27839777,0.40421855,0.018226475
547,0.6071387,0.18291403,0.26970902,0.19115123,0.33742967,-0.008237198
548,-0.001655589,0.042317662,0.02773709,0.023793967,-0.02939268,0.018523695
549,0.016082227,0.06032742,0.030750325,0.01701532,-0.014668098,0.0433121
550,0.40341285,0.1968176,0.2629391,0.19415927,0.14047375,0.0026583374
551,0.09172456,0.06830122,0.07723342,0.05379475,0.014491141,0.014506474
552,0.08976216,0.0003211371,0.06789881,0.04513233,0.021863349,-0.044811193
553,0.7203761,0.23454806,0.3214185,0.2174975,0.39895758,0.017050564
554,0.74369746,0.2665449,0.43232384,0.2902158,0.31137362,-0.023670882
555,0.28190356,0.03311047,0.06482993,0.043060124,0.21707363,-0.009949654
556,0.22949368,0.014572738,0.045670044,0.037178066,0.18382363,-0.022605328
557,0.09030195,0.003876295,0.03841875,0.029620057,0.051883202,-0.025743762
558,0.7378762,0.17618856,0.2580193,0.17804794,0.47985688,-0.0018593818
559,0.80319065,0.26059029,0.40404192,0.29426318,0.39914873,-0.0336729
560,1.1004685,0.44492096,0.6142722,0.44138432,0.48619634,0.0035366416
561,1.036478,0.33267456,0.5243427,0.3314783,0.5121353,0.0011962652
562,0.02358134,0.101394415,0.048759174,0.029787596,-0.025177833,0.071606815
563,-0.022409547,0.10071434,0.028522532,0.01875954,-0.05093208,0.0819548
564,0.3083159,0.11487792,0.120097496,0.08286887,0.18821841,0.03200905
565,0.8094052,0.32050508,0.43218723,0.2794656,0.37721798,0.041039497
566,0.8316954,0.2990711,0.37214938,0.26966053,0.459546,0.02941057
567,0.66738224,0.18830249,0.23269086,0.16763143,0.43469137,0.020671055
568,0.53062636,0.21645714,0.26905772,0.19061658,0.26156864,0.025840566
569,0.66860616,0.18373987,0.2134676,0.15319398,0.45513856,0.03054589
570,0.04658774,0.07004757,0.01781559,0.0140511,0.02877215,0.05599647
571,0.0075842077,0.023070283,0.02378002,0.020232635,-0.016195811,0.0028376486
572,0.39089513,0.11239281,0.16108243,0.102585636,0.2298127,0.009807177
573,0.7258607,0.19266555,0.23055181,0.18774645,0.4953089,0.004919097
574,0.66552126,0.21763898,0.25520545,0.19536385,0.4103158,0.022275135
575,0.04011807,0.03184337,0.026048994,0.019678816,0.014069075,0.0121645555
576,0.71222466,0.2443244,0.33676338,0.22710244,0.37546128,0.017221957
577,0.36742288,0.17123175,0.15570502,0.11244112,0.21171786,0.058790624
578,0.6651685,0.15730457,0.22979853,0.145591,0.43537,0.011713564
579,0.14572103,0.050546885,0.051934432,0.042544745,0.0937866,0.00800214
580,0.13222334,0.019616274,0.10490885,0.07105937,0.027314492,-0.051443093
581,0.11319321,0.055862114,0.04706355,0.04044474,0.066129655,0.015417375
582,0.4367116,0.10472742,0.15608647,0.1173442,0.28062513,-0.012616783
583,0.38246185,0.10712231,0.12562308,0.091177106,0.25683877,0.015945204
584,0.5522817,0.1865062,0.22510986,0.1667343,0.3271718,0.019771904
585,0.7699529,0.03001533,0.088336445,0.061915893,0.6816164,-0.031900562
586,0.50446504,0.20768736,0.2598073,0.16690142,0.24465775,0.04078594
587,0.9304839,0.33917442,0.41753167,0.30585527,0.5129522,0.033319145
588,0.1369055,0.10891786,0.04408105,0.024370754,0.09282446,0.08454711
589,0.09555328,0.10316326,0.08937614,0.06418075,0.0061771423,0.03898251
590,0.083007425,0.05238633,0.042486288,0.030837303,0.040521137,0.021549026
591,1.0895718,0.2921955,0.41029447,0.25669423,0.67927736,0.03550127
592,0.6821941,0.2701617,0.32531315,0.22740583,0.35688096,0.042755857
593,0.28005648,0.07008524,0.10133992,0.077641256,0.17871656,-0.0075560138
594,0.12124779,0.0993123,0.06138429,0.03917557,0.0598635,0.060136728
595,0.61572117,0.32084593,0.39804968,0.3040189,0.21767148,0.016827017
596,0.80740184,0.2206166,0.24911165,0.19616531,0.5582902,0.024451286
597,0.15894255,0.14371982,0.11358781,0.0671175,0.04535474,0.076602325
598,0.8911564,0.35682854,0.48523396,0.3391604,0.4059224,0.017668128
599,0.9516373,0.41205627,0.5529586,0.38677424,0.39867872,0.025282025
600,0.60563046,0.15987076,0.22192244,0.13960174,0.383708,0.020269021
601,0.2544482,0.1533308,0.13201979,0.072237335,0.12242842,0.08109347
602,0.5528153,0.22849078,0.30682796,0.2085497,0.24598736,0.019941092
603,0.6326103,0.1912417,0.282078,0.21139348,0.35053232,-0.020151779
604,0.3501382,0.14527208,0.20110469,0.1437053,0.1490335,0.0015667826
605,0.015379696,0.11199417,0.020784881,0.016223429,-0.005405185,0.09577074
606,0.94189847,0.31503075,0.41246247,0.28775385,0.529436,0.027276903
607,0.45674774,0.19424954,0.27333412,0.201665,0.18341362,-0.0074154586
608,0.122785695,0.035151184,0.07083542,0.054371428,0.051950276,-0.019220244
609,0.11369178,0.13743442,0.07454984,0.05806418,0.039141938,0.079370245
610,0.7413912,0.27322927,0.3613606,0.25036433,0.38003057,0.022864938
611,0.93599814,0.37412497,0.43083873,0.32794502,0.5051594,0.04617995
612,0.0548341,0.15192543,0.03440745,0.028302316,0.02042665,0.12362312
613,0.7821367,0.21270135,0.32101214,0.18844914,0.46112454,0.024252206
614,0.14932747,0.019621998,0.07102915,0.039664276,0.07829832,-0.020042278
615,0.5685184,0.19804573,0.28060654,0.19359581,0.28791186,0.004449919
616,0.24097677,0.11157747,0.13607423,0.101500414,0.104902536,0.010077059
617,0.07159801,0.08059883,0.04010944,0.025589028,0.031488568,0.055009805
618,0.1781442,0.081827335,0.11507945,0.084066674,0.063064754,-0.002239339
619,0.12915652,0.072116874,0.075126484,0.061685078,0.05403003,0.010431796
620,0.6929279,0.23082379,0.33464393,0.224262,0.35828397,0.006561786
621,0.11916013,0.020906769,0.023074333,0.013282898,0.0960858,0.007623871
622,0.8418779,0.19844641,0.24294654,0.18145986,0.5989313,0.016986549
623,0.57123584,0.24344619,0.34174222,0.22950467,0.22949362,0.0139415115
624,0.038429607,0.03386378,0.063718066,0.033621807,-0.025288459,0.0002419725
625,0.57002234,0.15915155,0.20725322,0.15433146,0.36276913,0.0048200935
626,0.16882208,0.05037046,0.04750332,0.0369897,0.12131876,0.013380758
627,0.6952249,0.24979718,0.36062184,0.24152283,0.33460304,0.008274347
628,0.06402657,0.06546317,0.12067747,0.097622804,-0.0566509,-0.032159634
629,0.15535007,0.09103609,0.06965868,0.05103861,0.08569139,0.039997477
630,0.19468029,0.07411753,0.12310191,0.08096134,0.071578376,-0.0068438128
631,0.93283886,0.48191458,0.5615456,0.4217,0.37129325,0.06021458
632,0.20011044,0.082410745,0.09221627,0.0687923,0.10789417,0.013618447
633,-0.01883112,0.121864274,0.037385162,0.025178354,-0.056216285,0.096685916
634,0.24733832,0.12544577,0.16289079,0.110779986,0.08444753,0.014665782
635,0.73463005,0.20281246,0.34332818,0.2079715,0.39130187,-0.0051590353
636,0.2901591,0.12586376,0.118676364,0.0911376,0.17148274,0.034726158
637,0.53388226,0.16122681,0.20503077,0.15686093,0.3288515,0.0043658763
638,0.12817094,0.068179004,0.0342397,0.026653737,0.09393124,0.041525267
639,0.6496375,0.17967615,0.19838247,0.14256413,0.45125505,0.037112013
640,0.069073126,0.016361155,0.048320677,0.029580805,0.020752449,-0.013219651
641,0.0067753624,0.028833168,0.021307096,0.014456125,-0.0145317335,0.014377043
642,0.700272,0.3661547,0.47453743,0.36322537,0.22573459,0.0029293299
643,0.12763499,0.07394365,0.08983512,0.05746463,0.037799865,0.016479023
644,0.06473371,0.021297578,0.06198318,0.040007908,0.002750527,-0.01871033
645,0.63599765,0.2078434,0.28150207,0.20668605,0.35449558,0.0011573434
646,0.13536283,0.060014226,0.08639074,0.06898915,0.048972093,-0.008974925
647,0.43338317,0.082568355,0.1611526,0.11110959,0.27223057,-0.028541237
648,-0.06563922,0.04065317,0.014531532,0.016466012,-0.08017075,0.024187157
649,0.5529355,0.15193182,0.28693408,0.18644501,0.2660014,-0.03451319
650,0.66021156,0.23514986,0.33139634,0.22134289,0.32881522,0.013806969
651,0.3375611,0.08976724,0.14392652,0.083354555,0.19363458,0.006412685
652,0.9272227,0.27637368,0.37920025,0.25016242,0.5480225,0.026211262
653,0.8146235,0.398717,0.5275639,0.33844817,0.28705955,0.06026882
654,0.15155852,0.14077592,0.08097988,0.049116798,0.070578635,0.09165912
655,0.0017346276,0.033754066,0.027912637,0.022681255,-0.02617801,0.011072811
656,0.6561259,0.30446258,0.4142292,0.29818556,0.24189669,0.0062770247
657,0.84141594,0.26978505,0.35978848,0.26574412,0.48162746,0.0040409267
658,0.6528717,0.35169882,0.3850624,0.3137167,0.26780933,0.037982106
659,0.4650497,0.10521627,0.15007266,0.10728651,0.31497705,-0.0020702407
660,0.19724028,0.052273557,0.092360914,0.05910073,0.104879364,-0.006827172
661,0.020435248,-0.011046261,0.008414618,0.004893233,0.01202063,-0.015939493
662,0.17573552,0.09469046,0.10884027,0.0868371,0.06689525,0.007853359
663,0.04516665,-0.021352349,0.034957744,0.01718659,0.010208905,-0.03853894
664,0.5530978,0.27778992,0.2745261,0.20669591,0.2785717,0.07109401
665,0.19345887,0.14005305,0.13143061,0.08736901,0.06202826,0.05268404
666,-0.014087134,-0.007155105,0.04435586,0.031129772,-0.058442995,-0.038284875
667,0.028794251,-0.010027471,0.04497523,0.026241982,-0.016180977,-0.036269452
668,0.1822783,0.03927547,0.04400765,0.028606003,0.13827065,0.010669468
669,0.1006181,0.031841397,0.08106509,0.051474314,0.019553013,-0.019632917
670,0.5489184,0.11369057,0.13414423,0.0997134,0.41477418,0.01397717
671,0.62254417,0.20079063,0.29960626,0.20404372,0.3229379,-0.0032530874
672,0.19485971,0.060161304,0.075380154,0.055291355,0.11947956,0.004869949
673,0.81066954,0.124365635,0.25933725,0.15059976,0.5513323,-0.026234128
674,0.5738536,0.22299358,0.32013768,0.20420685,0.25371593,0.018786728
675,0.10113066,0.057092305,0.06629648,0.04747498,0.034834176,0.009617325
676,0.47054708,0.3299263,0.3513343,0.25792518,0.11921278,0.07200113
677,0.3682062,0.10005412,0.1284723,0.09121071,0.2397339,0.0088434145
678,0.085638426,0.03819615,0.046531487,0.029322559,0.03910694,0.008873591
679,0.06761484,0.05634874,0.05594672,0.041711666,0.01166812,0.014637075
680,0.10514477,0.1697684,0.11939706,0.08109324,-0.01425229,0.088675156
681,0.04952115,0.11095076,0.016117152,0.009057096,0.033403996,0.10189366
682,0.018590396,0.108085364,0.0427944,0.03414631,-0.024204003,0.073939055
683,0.17854531,0.10598533,0.12816021,0.08385001,0.050385103,0.022135317
684,0.7021851,0.195738,0.2706074,0.2031658,0.43157768,-0.0074277967
685,0.15713133,0.039279252,0.08082307,0.057831146,0.07630826,-0.018551894
686,0.8847224,0.37564233,0.522879,0.39132494,0.3618434,-0.015682608
687,0.39297765,0.22891068,0.2716474,0.21554765,0.12133026,0.0133630335
688,0.8484911,0.5221001,0.674455,0.48919716,0.17403609,0.032902926
689,0.4030478,0.17521293,0.19579361,0.15580519,0.20725419,0.01940775
690,0.62033904,0.21935076,0.22698072,0.16142309,0.39335832,0.057927668
691,0.74723035,0.45443994,0.6313524,0.4497313,0.11587793,0.0047086477
692,0.481852,0.12370455,0.1502014,0.098166026,0.3316506,0.025538526
693,0.28326055,0.13973951,0.05532266,0.038757272,0.22793789,0.10098224
694,0.3482652,0.11960821,0.14322956,0.10456346,0.20503564,0.015044749
695,0.1884079,0.09666955,0.12031169,0.07761025,0.068096206,0.0190593
696,0.9710816,0.26638198,0.4043023,0.27241743,0.5667793,-0.006035447
697,0.640454,0.27807155,0.41229874,0.30961418,0.22815526,-0.03154263
698,0.016913395,0.082474545,0.038792286,0.024980683,-0.02187889,0.05749386
699,0.3483297,0.19458862,0.25050664,0.17771688,0.09782305,0.016871735
700,0.18487914,0.062305354,0.10438041,0.069896355,0.08049873,-0.0075910017
701,0.8096975,0.31797108,0.57824004,0.36800283,0.23145747,-0.05003175
702,0.9443884,0.34640083,0.38049263,0.29661396,0.56389576,0.049786866
703,0.08720512,0.09832418,0.07697014,0.05069982,0.010234982,0.04762436
704,0.2517445,0.08713981,0.14899103,0.09384457,0.102753475,-0.0067047626
705,0.79792154,0.22343634,0.2655366,0.21087983,0.53238493,0.012556508
706,0.6285102,0.20834981,0.2929669,0.19085842,0.33554327,0.017491385
707,0.7936245,0.33249593,0.49510399,0.29563218,0.29852054,0.036863744
708,0.96556586,0.3686138,0.4640271,0.2793054,0.50153875,0.08930841
709,0.8043276,0.23193356,0.2838146,0.18305638,0.520513,0.04887718
710,0.21872757,0.08335622,0.08055774,0.0648015,0.13816983,0.018554717
711,0.4057511,0.12601529,0.1289707,0.0973251,0.27678043,0.02869019
712,0.96857953,0.3474322,0.45852336,0.32490325,0.51005614,0.022528946
713,1.025911,0.24951369,0.33306974,0.2426577,0.69284123,0.0068559796
714,0.69700015,0.22565886,0.3737522,0.2639348,0.32324794,-0.038275927
715,1.049947,0.28995708,0.351477,0.25416234,0.69847,0.035794735
716,0.081808686,0.054982316,0.044619467,0.031201016,0.03718922,0.0237813
717,0.08091484,-0.06489097,0.014267221,0.0061953585,0.06664762,-0.07108633
718,0.7814124,0.32737008,0.34679642,0.2727723,0.434616,0.054597765
719,0.4780511,0.114869036,0.13235319,0.10453614,0.3456979,0.010332897
720,0.7387121,0.24693467,0.27003425,0.19568229,0.46867782,0.05125238
721,0.9928313,0.37096035,0.4551062,0.34574485,0.5377251,0.025215507
722,0.11740059,0.09931838,0.06036576,0.03785087,0.057034828,0.061467506
723,0.14756264,0.10190393,0.07541259,0.05828639,0.07215005,0.04361754
724,0.5719524,0.23845057,0.28822747,0.19964415,0.28372493,0.038806424
725,0.87441385,0.14393933,0.25278738,0.1919674,0.6216265,-0.048028067
726,-0.019625487,0.11031437,0.006198003,0.0016701597,-0.025823489,0.10864421
727,0.5431667,0.20700128,0.20357844,0.14313965,0.33958825,0.06386164
728,0.42078915,0.13696964,0.106754504,0.06127771,0.31403464,0.07569193
729,0.8650939,0.31465358,0.33566642,0.25328904,0.52942747,0.06136453
730,0.8130055,0.25446925,0.33102033,0.2588722,0.48198518,-0.0044029653
731,0.05695852,-0.028256226,0.028359974,0.016942477,0.028598545,-0.0451987
732,0.66449517,0.28064743,0.36229053,0.2634676,0.30220464,0.017179817
733,0.09113567,0.02383906,0.061551355,0.041915983,0.029584318,-0.018076923
734,0.18933071,0.11786726,0.1293814,0.09940536,0.05994931,0.018461898
735,1.0640014,0.43599173,0.5521088,0.39887762,0.5118926,0.037114114
736,0.007975877,0.013960349,0.014551665,0.013984832,-0.0065757874,-2.4482608e-05
737,0.58845764,0.18666855,0.23462376,0.18344694,0.35383388,0.0032216012
738,-0.020318594,-0.027546693,0.0038301293,0.003778706,-0.024148723,-0.0313254
739,0.29226643,0.036214937,0.10089209,0.06227689,0.19137433,-0.026061952
740,0.1256928,0.045728676,0.079213575,0.0628256,0.046479225,-0.017096922
741,-0.03262867,-0.0068259733,0.0037196972,0.003093312,-0.03634837,-0.009919286
742,0.057791367,0.04639213,0.05312612,0.041144017,0.004665248,0.0052481145
743,0.64324987,0.18707453,0.2509571,0.19213828,0.39229277,-0.0050637573
744,0.79737985,0.3042521,0.36405522,0.26579773,0.43332464,0.038454354
745,0.31178647,0.07071338,0.070799515,0.057152323,0.24098696,0.013561055
746,0.827018,0.3582172,0.4407664,0.3197283,0.38625163,0.038488895
747,0.13035882,0.049200468,0.11239113,0.071265504,0.017967686,-0.022065036
748,0.105389014,0.16033506,0.046963938,0.036030967,0.058425076,0.1243041
749,0.15860812,0.052069485,0.07925502,0.04726284,0.0793531,0.004806645
750,0.09155517,-0.033105046,0.02516437,0.017178068,0.0663908,-0.05028311
751,0.9714748,0.4533224,0.5779511,0.40572438,0.39352375,0.047598034
752,0.08726403,0.051640213,0.0666842,0.04584756,0.02057983,0.0057926513
753,0.06581569,0.033744924,0.0972904,0.07027846,-0.03147471,-0.036533535
754,0.5374387,0.22326559,0.28098243,0.21364614,0.25645626,0.009619445
755,0.037072662,-0.017511867,0.043593235,0.020415219,-0.006520573,-0.037927084
756,0.8528355,0.31867608,0.41167516,0.3002491,0.44116032,0.018426985
757,1.0628556,0.4519782,0.48565894,0.35075507,0.57719666,0.10122314
758,0.16609691,0.04277755,0.07133039,0.045662656,0.09476652,-0.002885107
759,0.6666311,0.24232836,0.3377807,0.22174987,0.3288504,0.020578489
760,0.97972566,0.15243286,0.30668992,0.19501497,0.67303574,-0.04258211
761,0.88233024,0.2260525,0.35179132,0.22550055,0.5305389,0.000551939
762,0.8991134,0.28198785,0.35708746,0.28118196,0.5420259,0.0008058846
763,0.8310456,0.18916348,0.23617879,0.1592647,0.5948669,0.029898778
764,0.029030548,0.03986979,0.0318344,0.027471606,-0.0028038528,0.012398183
765,0.10825116,0.1449064,0.07292621,0.0538904,0.035324953,0.091016
766,0.34556937,0.25882453,0.16979572,0.13713741,0.17577365,0.121687114
767,0.6471878,0.307436,0.41044202,0.3132345,0.2367458,-0.0057985187
768,0.849665,0.31732938,0.4404959,0.3132944,0.40916908,0.004034966
769,0.60992736,0.15566716,0.238655,0.14650936,0.37127236,0.009157792
770,0.9180957,0.30512008,0.3743378,0.29781044,0.5437579,0.0073096454
771,0.07692706,-0.017186705,0.04384806,0.029519793,0.033079,-0.046706498
772,1.2181575,0.4434562,0.61540407,0.4245743,0.60275346,0.018881917
773,0.64044374,0.13045312,0.22198732,0.14446326,0.41845644,-0.014010131
774,0.071342655,0.056086477,0.05258856,0.040291723,0.018754095,0.015794754
775,0.36460048,0.13664381,0.16213791,0.11960445,0.20246257,0.017039359
776,0.32099843,0.101579174,0.08501736,0.0672888,0.23598108,0.034290373
777,0.77915764,0.33530957,0.39633948,0.2719952,0.38281816,0.06331438
778,0.080990665,0.057956114,0.037635893,0.029620608,0.043354772,0.028335506
779,0.19644554,0.08157599,0.10988226,0.07730626,0.08656328,0.0042697266
780,0.3798017,0.1453517,0.15587153,0.10990344,0.22393017,0.035448253
781,0.4966354,0.22443306,0.2453371,0.16743425,0.2512983,0.05699882
782,0.061728798,-0.021534588,0.033653583,0.018678587,0.028075214,-0.040213175
783,0.034814388,0.02280382,0.0325364,0.019528504,0.002277989,0.0032753162
784,0.9712517,0.25153482,0.28522712,0.21080665,0.6860246,0.040728167
785,0.0049137305,-0.025344735,0.027448123,0.013725666,-0.022534393,-0.0390704
786,0.5998004,0.20009978,0.28196353,0.20535502,0.31783688,-0.005255237
787,0.869766,0.2819904,0.42692286,0.27972117,0.44284314,0.0022692382
788,0.50546503,0.29365787,0.3495078,0.20773439,0.15595722,0.08592348
789,0.044757023,0.030932786,0.016777098,0.01454954,0.027979925,0.016383246
790,0.60590893,0.14554314,0.21310651,0.15150742,0.39280242,-0.005964279
791,0.12753476,0.0649458,0.07819407,0.05061937,0.049340695,0.014326431
792,0.0031183695,-0.027016077,0.02575267,0.019854039,-0.0226343,-0.046870116
793,0.960789,0.26732484,0.39469185,0.24728814,0.56609714,0.020036697
794,1.0233881,0.4861972,0.6084953,0.47806305,0.41489285,0.008134156
795,0.2913351,0.03976448,0.09356042,0.06314959,0.19777468,-0.023385108
796,-0.034565885,0.043187276,0.013207944,0.01275591,-0.04777383,0.030431366
797,-0.0055745104,0.010709683,0.0074659297,0.0082912715,-0.01304044,0.002418412
798,0.7362437,0.33163851,0.57063735,0.3473224,0.16560638,-0.01568389
799,0.85542065,0.2296478,0.28135264,0.18408404,0.574068,0.045563757
800,0.43083283,0.12996268,0.17670766,0.12193505,0.25412518,0.0080276355
801,0.7497825,0.20386723,0.2739259,0.18893722,0.4758566,0.01493001
802,1.1144291,0.44097963,0.595691,0.47255963,0.5187381,-0.03158
803,-0.08630632,-0.038360395,0.033949185,0.021604272,-0.1202555,-0.059964664
804,0.18866651,0.07014806,0.052285127,0.04055728,0.13638139,0.029590778
805,0.8917796,0.26814663,0.5114979,0.320962,0.3802817,-0.052815378
806,0.6286109,0.18476401,0.2355754,0.15768556,0.39303553,0.02707845
807,0.6274417,0.30398864,0.39750427,0.26986787,0.22993743,0.03412077
808,0.6768189,0.32362333,0.4830045,0.3265873,0.1938144,-0.0029639602
809,0.5497792,0.14635889,0.18505006,0.13850614,0.3647291,0.007852748
810,0.9589995,0.3583571,0.51791215,0.35904986,0.44108737,-0.000692755
811,0.2860771,0.090076014,0.09431026,0.07620801,0.19176686,0.013868004
812,0.6801654,0.18341587,0.21526754,0.15642619,0.46489787,0.026989684
813,0.8204786,0.39923787,0.6197025,0.4074772,0.2007761,-0.008239329
814,0.7777066,0.20441326,0.28470206,0.1927546,0.49300456,0.0116586685
815,-0.059501365,0.11250503,0.009024334,0.0032820688,-0.0685257,0.10922296
816,0.16690928,0.07718546,0.10040738,0.063200735,0.0665019,0.013984725
817,1.0162051,0.34381276,0.5365564,0.35181266,0.47964865,-0.007999897
818,0.57545,0.12016157,0.22076066,0.1401644,0.35468936,-0.020002834
819,0.12938593,0.1066277,0.08788122,0.057920896,0.04150471,0.048706807
820,0.032103624,0.041180745,0.035660632,0.026949266,-0.0035570078,0.014231479
821,0.050679464,-0.053444847,0.018254636,0.009283515,0.03242483,-0.06272836
822,0.9417559,0.2704693,0.37499756,0.25417635,0.56675833,0.01629296
823,0.8241776,0.25137278,0.34221205,0.2455324,0.48196557,0.005840391
824,0.84738153,0.3056649,0.45337495,0.31221044,0.39400658,-0.0065455437
825,0.64128464,0.29364398,0.40033585,0.2947552,0.2409488,-0.0011112094
826,0.8852805,0.23742719,0.29051033,0.19440527,0.5947702,0.043021917
827,1.0256653,0.2223186,0.36334187,0.22864398,0.6623234,-0.006325379
828,0.5182848,0.2147151,0.2518224,0.190972,0.2664624,0.023743093
829,0.8756109,0.18343206,0.1972529,0.15688254,0.67835796,0.026549518
830,0.0020586394,0.008579778,0.06403303,0.044671826,-0.06197439,-0.03609205
831,0.52956337,0.1915591,0.24383979,0.17849812,0.28572357,0.013060987
832,0.63311636,0.29451114,0.3176712,0.26020065,0.31544515,0.03431049
833,-0.033597626,0.11472492,0.0062619722,0.002078981,-0.039859597,0.11264594
834,0.8117318,0.47827205,0.61948085,0.45805374,0.19225097,0.020218313
835,0.843378,0.23539235,0.3494416,0.24100025,0.49393642,-0.005607903
836,0.6064053,0.22729167,0.3015427,0.21193948,0.30486262,0.01535219
837,0.64095235,0.1580125,0.26264971,0.17336282,0.37830263,-0.015350327
838,0.089812644,0.0045311716,0.03924147,0.026401112,0.050571173,-0.02186994
839,0.068196714,-0.0070054936,0.042889435,0.025218815,0.02530728,-0.03222431
840,0.16083516,0.014060791,0.06956818,0.04910902,0.09126698,-0.035048228
841,0.5954893,0.27918446,0.3850678,0.27723804,0.21042153,0.0019464195
842,0.22328533,0.040054478,0.0642632,0.05209499,0.15902212,-0.012040511
843,0.75130516,0.19859023,0.23480842,0.18075597,0.5164968,0.017834261
844,0.6023782,0.21379416,0.30216515,0.22174636,0.30021304,-0.007952198
845,-0.012592505,0.1058285,0.0149743315,0.004819724,-0.027566835,0.10100878
846,0.8008844,0.15387608,0.2622806,0.18409863,0.5386038,-0.03022255
847,0.7691219,0.24427563,0.40347034,0.27956825,0.36565155,-0.035292625
848,0.8169137,0.43388814,0.5348393,0.39790016,0.28207445,0.035987973
849,0.10358457,0.14784081,0.018448163,0.017031852,0.08513641,0.13080896
850,-0.02936464,0.11272816,0.0027714684,-0.0016342144,-0.03213611,0.11436238
851,0.41554314,0.18988492,0.16980104,0.12065695,0.2457421,0.06922796
852,0.038470175,0.046387065,0.008429946,0.0088535,0.030040229,0.037533566
853,-0.033685457,0.110636696,0.0009328915,-0.0016309548,-0.034618348,0.11226765
854,0.3867732,0.17169511,0.17699374,0.12278646,0.20977946,0.04890865
855,0.16999765,0.053859346,0.06681667,0.04409077,0.103180975,0.009768575
856,0.4454548,0.12450421,0.15558071,0.107744835,0.28987408,0.016759373
857,0.9632389,0.40410268,0.5067161,0.38209993,0.45652282,0.022002757
858,0.19610265,0.049548898,0.03546152,0.028301504,0.16064113,0.021247394
859,0.1400783,0.056670863,0.06998649,0.059413575,0.070091814,-0.0027427115
860,0.52959996,0.19370553,0.27335826,0.2019978,0.2562417,-0.008292273
861,0.06749932,0.060193412,0.034004185,0.026271999,0.033495132,0.033921413
862,0.11020385,0.065439336,0.060977776,0.04861646,0.04922607,0.016822875
863,0.08454472,0.042986084,0.04610101,0.031386457,0.038443707,0.011599626
864,0.03471537,0.15308385,0.053630482,0.03597591,-0.018915113,0.117107935
865,0.26418075,0.051024836,0.09385108,0.06500463,0.17032966,-0.013979796
866,0.90085846,0.36439234,0.46518964,0.32045975,0.43566883,0.043932587
867,0.83981436,0.19828069,0.29017788,0.1881012,0.5496365,0.01017949
868,1.0207696,0.38971433,0.46374622,0.3419133,0.5570234,0.047801018
869,0.8312363,0.21130948,0.30108857,0.19261496,0.53014773,0.01869452
870,0.045605574,0.048794642,0.03567211,0.028122758,0.009933464,0.020671884
871,0.056422792,0.10773615,0.08217449,0.07247014,-0.025751695,0.035266005
872,0.09234023,0.13009429,0.11776266,0.09230078,-0.025422432,0.03779351
873,0.009183471,0.04544109,0.020992715,0.015307784,-0.011809244,0.030133307
874,0.028475653,0.124544315,0.025415853,0.02096813,0.0030598007,0.10357618
875,1.0035893,0.2621924,0.3484553,0.26032224,0.65513396,0.0018701553
876,0.07646072,0.045138896,0.041438438,0.031249767,0.03502228,0.013889128
877,0.61368656,0.26984635,0.33580494,0.23216657,0.27788162,0.037679777
878,0.8475747,0.22156148,0.29981303,0.21989135,0.5477617,0.0016701221
879,0.83345014,0.23578162,0.34759754,0.24110422,0.4858526,-0.0053225905
880,0.9029743,0.3295291,0.32452717,0.2401578,0.5784471,0.08937131
881,0.6703624,0.21571758,0.24110898,0.18315952,0.42925343,0.03255807
882,0.4660412,0.13604853,0.16116162,0.11806624,0.3048796,0.01798229
883,0.83750093,0.13163026,0.17238903,0.13310805,0.6651119,-0.0014777929
884,0.637903,0.26934567,0.40150505,0.2623127,0.23639792,0.0070329607
885,0.73060304,0.18115336,0.2273356,0.16283223,0.5032674,0.018321127
886,0.50493616,0.08858696,0.08210575,0.05448237,0.4228304,0.034104593
887,0.17391008,0.17034706,0.1806997,0.15238127,-0.0067896247,0.017965794
888,0.76518095,0.21701398,0.2952271,0.21965161,0.46995384,-0.0026376247
889,0.06909701,0.038261,0.065535076,0.04755493,0.0035619363,-0.009293929
890,0.1608977,0.16288379,0.066365756,0.051919896,0.094531946,0.110963896
891,0.09580229,0.10587213,0.030211035,0.02131792,0.06559126,0.08455421
892,1.097084,0.32649037,0.44807673,0.33177218,0.6490073,-0.005281806
893,0.0351078,0.13013537,0.050764464,0.032135922,-0.015656665,0.09799945
894,0.97499007,0.28547335,0.24237227,0.16358586,0.7326178,0.12188749
895,-0.055544455,0.114003725,0.00255911,-0.00128039,-0.058103565,0.115284115
896,0.27661335,0.14650421,0.13007292,0.102287434,0.14654043,0.044216774
897,0.38130528,0.28314754,0.21842122,0.15337847,0.16288406,0.12976907
898,0.814311,0.2178667,0.2711362,0.2001924,0.54317486,0.017674297
899,0.13460931,0.027234051,0.050031144,0.041270964,0.08457817,-0.0140369125
900,0.7424009,0.24214987,0.2766385,0.20125432,0.46576238,0.04089555
901,0.72807026,0.24647593,0.29312587,0.20693985,0.4349444,0.03953609
902,0.45719022,0.22817701,0.27094942,0.19210035,0.18624079,0.036076665
903,0.86594117,0.32557127,0.3832873,0.29449084,0.48265386,0.031080425
904,0.37934732,0.13663498,0.07666983,0.063217536,0.3026775,0.07341744
905,1.1556373,0.48790938,0.6740362,0.49495682,0.48160106,-0.0070474446
906,0.77320415,0.21638623,0.3481445,0.24106315,0.42505965,-0.024676919
907,0.099941455,0.021492781,0.05476415,0.034639258,0.045177303,-0.013146477
908,0.71229964,0.23328927,0.333865,0.2204822,0.37843466,0.012807071
909,0.07345962,0.03497711,0.010465381,0.011206111,0.062994234,0.023770997
910,0.1037425,0.11781852,0.08342682,0.0573852,0.020315684,0.06043332
911,0.0061207674,0.024821851,0.04072713,0.029481951,-0.034606364,-0.0046600997
912,0.14785852,0.11370645,0.081858836,0.067671075,0.06599968,0.04603537
913,0.27490717,0.12248042,0.11867448,0.08484373,0.15623268,0.03763669
914,0.2552207,0.10994488,0.15551496,0.12270002,0.099705756,-0.012755141
915,0.09904008,0.027246282,0.039971646,0.032428812,0.059068438,-0.0051825307
916,0.939159,0.38975707,0.52976674,0.3771779,0.40939224,0.012579173
917,0.13081427,0.008488717,0.050699215,0.03596195,0.08011505,-0.027473232
918,0.21834344,0.05116508,0.08782392,0.063150205,0.13051951,-0.011985123
919,0.29848623,0.12302151,0.12660643,0.098319806,0.1718798,0.024701707
920,0.537632,0.2032734,0.2595298,0.16737941,0.2781022,0.03589399
921,0.72306746,0.2810379,0.27320224,0.20165963,0.44986522,0.07937826
922,-0.06381686,0.1217875,0.011191892,0.005060653,-0.07500875,0.11672685
923,0.32924494,0.112722896,0.16525714,0.12013558,0.1639878,-0.007412687
924,0.8192027,0.24576099,0.34862605,0.2525613,0.47057667,-0.006800309
925,0.72336924,0.22193243,0.36470297,0.25188518,0.35866627,-0.02995275
926,0.048363604,0.030759422,0.027107278,0.0183516,0.021256326,0.012407823
927,0.07780347,0.047242932,0.055803426,0.046354726,0.022000045,0.00088820606
928,0.17410386,0.09792622,0.094259635,0.05927241,0.07984422,0.038653813
929,0.013818997,0.007621487,0.030975586,0.021252338,-0.01715659,-0.01363085
930,1.0860189,0.1648308,0.23178343,0.16423137,0.8542355,0.000599429
931,0.71904814,0.14063673,0.16954905,0.1269898,0.5494991,0.01364693
932,0.17170632,0.21168031,0.121117905,0.10050696,0.050588414,0.11117335
933,0.6636745,0.3609307,0.4649783,0.34522793,0.19869617,0.015702784
934,0.0975958,0.06671386,0.07702367,0.058348723,0.020572133,0.008365139
935,0.10246533,0.02653067,0.035422906,0.017950747,0.067042425,0.008579923
936,0.062378213,0.13526033,0.019053932,0.018160492,0.04332428,0.11709984
937,0.86119926,0.2324952,0.3198703,0.21919437,0.54132897,0.013300836
938,0.35525957,0.15088207,0.19726354,0.124209285,0.15799603,0.02667278
939,1.0763787,0.3567078,0.45163822,0.3154649,0.6247405,0.041242898
940,0.15217829,0.009240865,0.0435283,0.03794899,0.108649984,-0.028708123
941,0.6055433,0.24011496,0.35056078,0.22581446,0.25498253,0.014300495
942,0.35305268,0.07294661,0.12379058,0.08281694,0.2292621,-0.009870335
943,0.4766337,0.2885507,0.31096274,0.23074679,0.16567096,0.057803914
944,0.9074494,0.32385826,0.5192805,0.3413064,0.38816893,-0.017448127
945,0.15500808,0.08256474,0.04361641,0.033557452,0.11139166,0.04900729
946,0.789106,0.2510623,0.38386318,0.26686674,0.40524283,-0.01580444
947,0.47078556,0.18156126,0.2415446,0.17720212,0.22924095,0.004359141
948,0.059990343,0.17018475,0.09662619,0.07621316,-0.03663585,0.09397159
949,0.42668873,0.17915425,0.2646932,0.19658954,0.16199553,-0.017435297
950,0.7263383,0.24162209,0.21501438,0.1529769,0.5113239,0.08864519
951,0.48939264,0.11178866,0.1625376,0.10613704,0.32685503,0.005651623
952,0.80886275,0.2131563,0.2970239,0.1978192,0.51183885,0.015337095
953,0.039398767,-0.023286443,0.03448073,0.021018768,0.004918039,-0.044305213
954,0.61234844,0.18203145,0.2667963,0.19323035,0.34555215,-0.011198893
955,0.05176043,0.13721295,0.05303762,0.03081361,-0.0012771897,0.106399335
956,0.47102582,0.10908079,0.13176408,0.09099519,0.33926174,0.018085599
957,0.13606352,0.062551886,0.07047087,0.05622264,0.06559265,0.006329246
958,0.12294103,0.023169294,0.055607937,0.039052904,0.067333095,-0.01588361
959,0.53951263,0.18257278,0.24867764,0.1760236,0.290835,0.0065491796
960,0.6776092,0.21257296,0.3030648,0.21761188,0.3745444,-0.005038917
961,0.3006849,0.13554734,0.20166977,0.10004338,0.09901513,0.03550396
962,0.27881357,0.069943026,0.0779313,0.06073307,0.20088227,0.009209957
963,0.13341,0.15163955,0.025593791,0.02183556,0.10781622,0.12980399
964,0.8541649,0.14307842,0.2421492,0.1532549,0.6120157,-0.01017648
965,0.29875183,0.07340426,0.138717,0.09970076,0.16003484,-0.026296496
966,0.2705071,0.0887762,0.11343763,0.07886076,0.15706947,0.009915441
967,1.0549214,0.32677072,0.44214305,0.33083233,0.6127783,-0.0040616095
968,0.015744662,0.12475474,0.03396649,0.02473377,-0.018221827,0.100020975
969,0.70563215,0.31400245,0.4289537,0.2994133,0.27667844,0.014589161
970,0.09338172,-0.022464948,0.057192452,0.04012074,0.036189266,-0.06258569
971,0.9142775,0.3622706,0.46177158,0.31264737,0.45250592,0.04962322
972,0.9503483,0.4244766,0.5079619,0.3708242,0.4423864,0.053652406
973,0.30722752,0.10473971,0.116913304,0.07905593,0.19031422,0.025683783
974,0.79262483,0.2569229,0.3096567,0.22111087,0.48296812,0.035812035
975,0.52573127,0.21201754,0.26105285,0.17946553,0.26467842,0.032552004
976,0.94782156,0.18223105,0.2544692,0.17408344,0.69335234,0.008147612
977,0.03310238,-0.049439993,0.028306436,0.016192822,0.0047959425,-0.06563281
978,0.018104717,0.04619941,0.016278837,0.018580891,0.0018258803,0.02761852
979,0.704742,0.26640737,0.34845552,0.23154299,0.3562865,0.03486438
980,0.14864433,0.009570031,0.099243864,0.067717224,0.049400464,-0.058147192
981,0.056864753,0.04458092,0.033667054,0.026733384,0.0231977,0.017847538
982,0.71007454,0.23990333,0.31319538,0.2335749,0.39687917,0.0063284338
983,0.116072044,0.047030125,0.051816314,0.034956206,0.06425573,0.012073919
984,0.8124188,0.34176034,0.44122463,0.33928615,0.37119418,0.0024741888
985,0.9430804,0.2864885,0.40983444,0.27852923,0.533246,0.007959276
986,0.64593536,0.21205898,0.2713875,0.19662657,0.37454787,0.0154324025
987,0.3638886,0.08619574,0.14344504,0.081250705,0.22044355,0.0049450323
988,0.68281496,0.17662515,0.21432385,0.15236828,0.4684911,0.02425687
989,0.28387094,0.08773177,0.10060396,0.07882731,0.18326697,0.008904465
990,0.2170274,0.07271336,0.04806388,0.037005715,0.16896352,0.035707645
991,0.37441456,0.17226149,0.22980909,0.15986575,0.14460547,0.01239574
992,0.9593148,0.2917716,0.30269447,0.22625354,0.6566204,0.06551805
993,0.04125275,0.07781559,0.04744957,0.031184858,-0.0061968192,0.046630733
994,0.4509309,0.13817613,0.12808272,0.09684093,0.32284817,0.041335195
995,1.0720468,0.2710767,0.40765032,0.27771837,0.6643964,-0.006641656
996,0.7742147,0.23214573,0.31036308,0.21211822,0.4638516,0.020027503
997,0.26421013,0.17694058,0.08971922,0.0683109,0.17449091,0.10862967
998,0.21559474,0.050368786,0.053036034,0.029833466,0.1625587,0.02053532
999,0.3002514,0.19430645,0.12180809,0.086325705,0.17844331,0.10798074
1000,0.258481,0.1583847,0.1403598,0.10368617,0.11812119,0.054698527
1001,0.038015947,0.019626439,0.03775359,0.02698172,0.0002623573,-0.007355282
1002,1.1617832,0.21059534,0.39576158,0.2562423,0.7660216,-0.045646966
1003,0.91335815,0.31657797,0.4292528,0.31794453,0.48410535,-0.0013665557
1004,0.96010935,0.28403986,0.36562055,0.27360862,0.5944888,0.01043123
1005,0.8307012,0.3106667,0.45719537,0.32082412,0.3735058,-0.010157406
1006,1.0353304,0.41004857,0.5295991,0.3649048,0.50573134,0.045143783
1007,1.1855531,0.4435636,0.65015376,0.45902234,0.5353993,-0.015458733
1008,0.5886989,0.11021765,0.17854866,0.13273036,0.41015026,-0.022512712
1009,0.6095849,0.18357085,0.27392536,0.19770575,0.33565956,-0.014134899
1010,0.13848859,0.048177794,0.04397881,0.03279161,0.09450978,0.015386183
1011,0.75685483,0.22262579,0.2832039,0.20503359,0.47365093,0.017592207
1012,0.59955543,0.21483447,0.3391988,0.23290992,0.26035663,-0.018075451
1013,0.35856125,0.15678059,0.16832982,0.1240893,0.19023143,0.032691285
1014,0.85008574,0.24350792,0.33547947,0.23702915,0.51460624,0.0064787716
1015,0.105407216,0.10153989,0.094908684,0.058202256,0.010498531,0.043337632
1016,0.37302095,0.13565873,0.22101112,0.1463936,0.15200983,-0.010734871
1017,0.58382535,0.14202622,0.22616903,0.15563974,0.3576563,-0.013613522
1018,0.7398329,0.124311164,0.1692158,0.15294719,0.5706171,-0.028636023
1019,0.82603204,0.22298567,0.32473862,0.23147336,0.5012934,-0.0084876865
1020,0.723953,0.20247407,0.21097203,0.16582212,0.512981,0.036651954
1021,-0.010492559,0.0142772915,0.014335277,0.0135811,-0.024827834,0.00069619156
1022,0.8580791,0.30645555,0.3916549,0.2695371,0.46642417,0.03691846
1023,0.66135174,0.19033746,0.2313271,0.16707602,0.43002462,0.023261443
1024,0.21087559,0.051288497,0.08317009,0.054170173,0.12770548,-0.002881676
1025,0.9204726,0.172668,0.34864002,0.22152667,0.5718326,-0.048858672
1026,0.54077905,0.17840311,0.21551242,0.1606001,0.32526663,0.017803013
1027,0.630933,0.21777678,0.26920706,0.2014812,0.36172593,0.016295582
1028,0.70402473,0.25177854,0.37777528,0.2673997,0.32624945,-0.0156211555
1029,0.17273918,0.05717632,0.0552047,0.038655773,0.11753447,0.018520549
1030,0.2588863,0.07331936,0.07439904,0.06412833,0.18448727,0.009191029
1031,0.018816026,0.06259198,0.07101838,0.04652056,-0.05220236,0.016071416
1032,0.779898,0.37045926,0.4443933,0.34079295,0.33550468,0.029666305
1033,0.22273433,0.011487329,0.073331855,0.05050392,0.14940247,-0.03901659
1034,0.79772,0.3448393,0.45774603,0.33707434,0.339974,0.0077649653
1035,0.06336726,-0.04402586,0.056750916,0.031842463,0.0066163465,-0.07586832
1036,0.8873247,0.39763346,0.51555175,0.36402783,0.37177294,0.033605635
1037,0.033148665,-0.028526932,0.038477488,0.02298153,-0.005328823,-0.051508464
1038,0.62574184,0.18394962,0.28081742,0.2010903,0.34492442,-0.017140687
1039,0.7534384,0.25193718,0.3000493,0.22679648,0.4533891,0.025140703
1040,0.27372846,0.12127839,0.1526816,0.11110429,0.121046856,0.010174103
1041,0.07107401,0.08157883,0.14106388,0.08387666,-0.069989875,-0.0022978336
1042,0.013539726,0.059099,0.020092059,0.0146560725,-0.006552333,0.04444293
1043,0.9640824,0.25530598,0.40031022,0.26158157,0.5637722,-0.0062755942
1044,0.4076513,0.14768961,0.19750607,0.14196584,0.21014524,0.0057237744
1045,0.056147706,0.027324993,0.00994778,0.008576396,0.046199925,0.018748596
1046,0.09358823,0.15521292,0.1024359,0.07528591,-0.008847669,0.07992701
1047,0.1316185,0.06903776,0.11514838,0.082092784,0.01647012,-0.0130550265
1048,0.82029647,0.24007504,0.33093095,0.22854367,0.48936552,0.011531368
1049,0.05602513,0.014515188,0.062766984,0.03894085,-0.0067418553,-0.024425663
1050,0.55151194,0.1117859,0.1486073,0.10408872,0.40290463,0.00769718
1051,0.22310312,0.062933475,0.07104011,0.054540027,0.15206301,0.008393448
1052,0.13373399,0.03829893,0.04511676,0.03531667,0.08861723,0.0029822625
1053,0.021719156,-0.042970963,0.030072462,0.016717192,-0.008353306,-0.059688155
1054,0.23265448,0.031136144,0.06498778,0.046628974,0.1676667,-0.01549283
1055,0.8562994,0.2561889,0.37463802,0.2658217,0.48166138,-0.009632796
1056,-0.054454017,-0.050269928,0.0092702415,0.004198903,-0.06372426,-0.054468833
1057,0.14997171,0.13057868,0.12482162,0.0837334,0.02515009,0.04684528
1058,1.2030287,0.4653836,0.5730456,0.38730767,0.62998307,0.078075916
1059,0.12833081,0.03484385,0.037353083,0.02982525,0.09097773,0.005018601
1060,0.5239217,0.20305465,0.30441198,0.17525253,0.21950975,0.027802125
1061,1.0544859,0.3994962,0.6230966,0.39965814,0.43138933,-0.00016194582
1062,0.74325264,0.23943917,0.31177527,0.21430795,0.43147737,0.025131226
1063,-0.044609167,0.111979194,0.014548114,0.0075666406,-0.059157282,0.104412556
1064,0.81840795,0.22002341,0.32834262,0.22554274,0.49006534,-0.0055193305
1065,0.2886693,0.13370448,0.16668172,0.11329335,0.12198757,0.020411134
1066,0.77181447,0.262398,0.3173899,0.22464354,0.45442456,0.03775446
1067,0.009774237,0.03640433,0.028734822,0.021166597,-0.018960584,0.015237734
1068,0.35488808,0.14036962,0.11733874,0.087166235,0.23754933,0.05320339
1069,0.599168,0.27652746,0.3153296,0.21489911,0.2838384,0.061628357
1070,0.7166264,0.24426085,0.3476395,0.24145612,0.3689869,0.0028047264
1071,0.76188546,0.17116499,0.23135352,0.16201241,0.53053194,0.009152576
1072,0.66002214,0.2243934,0.2841335,0.1994318,0.37588865,0.02496159
1073,0.64937633,0.17658813,0.31737268,0.19550836,0.33200365,-0.018920228
1074,1.0706074,0.31811446,0.39540592,0.3021124,0.67520154,0.016002059
1075,0.64163995,0.13524629,0.17914598,0.13147697,0.46249396,0.0037693232
1076,0.07029423,-0.016613025,0.06917088,0.04806222,0.0011233538,-0.06467524
1077,0.28065395,0.05172245,0.16683365,0.087675825,0.1138203,-0.035953376
1078,0.29812425,0.21178493,0.2146569,0.15643086,0.08346735,0.055354074
1079,0.58122075,0.14827603,0.20217136,0.1385636,0.3790494,0.009712428
1080,0.73163664,0.29143772,0.36356702,0.27019942,0.36806962,0.021238297
1081,0.16584145,0.04296196,0.09168379,0.068134904,0.074157655,-0.025172945
1082,0.32108045,0.07377084,0.09900665,0.07195194,0.2220738,0.0018189028
1083,0.6603727,0.15138052,0.23641476,0.14546089,0.4239579,0.0059196353
1084,0.052506708,0.05185253,0.03637923,0.03146905,0.016127478,0.020383481
1085,0.04881585,0.0099033825,0.017875057,0.005861901,0.030940793,0.0040414813
1086,0.726396,0.24061345,0.32714385,0.2448196,0.39925218,-0.004206151
1087,0.99097663,0.22278462,0.21441698,0.14319523,0.77655965,0.0795894
1088,0.7473199,0.3161726,0.4016829,0.26170856,0.34563696,0.054464042
1089,0.61365855,0.23101555,0.31475487,0.22960746,0.29890367,0.0014080852
1090,0.8508571,0.23542558,0.31653756,0.21880949,0.5343195,0.016616091
1091,0.78003126,0.31068468,0.5803658,0.32274833,0.19966549,-0.012063652
1092,-0.0023336504,0.093408346,0.040282376,0.02564736,-0.042616025,0.06776099
1093,0.65881914,0.15149777,0.26172715,0.17436452,0.39709198,-0.022866756
1094,0.16733463,0.065510824,0.09734126,0.065369435,0.06999337,0.00014138967
1095,0.18457204,0.06639407,0.07929502,0.056156956,0.105277024,0.010237113
1096,0.6792795,0.14834774,0.22381215,0.15944128,0.45546734,-0.011093542
1097,0.056724053,-0.015774323,0.038807824,0.015620263,0.017916229,-0.031394586
1098,0.31873965,0.21099614,0.22421196,0.15027563,0.09452769,0.060720503
1099,0.6037689,0.17080638,0.22943707,0.15328054,0.37433183,0.017525837
1100,-0.0033719325,0.10750562,0.045066774,0.03358461,-0.048438706,0.07392101
1101,1.2273188,0.30713937,0.4279955,0.2956836,0.79932326,0.011455774
1102,0.8491759,0.12216867,0.24212618,0.17159413,0.6070497,-0.04942546
1103,0.11059718,0.019287197,0.030716792,0.028811764,0.07988039,-0.009524567
1104,0.17872697,0.07317295,0.06762476,0.05154044,0.11110221,0.021632507
1105,1.5589441,0.33791277,0.49217662,0.32729745,1.0667675,0.010615319
1106,0.10638024,0.04354619,0.018216688,0.016453257,0.088163555,0.027092932
1107,0.1679574,0.06366505,0.0680712,0.045084085,0.099886194,0.018580962
1108,0.11124885,0.01402367,0.032216616,0.023991838,0.079032235,-0.009968168
1109,0.628128,0.14871141,0.19962208,0.13164032,0.4285059,0.017071098
1110,0.1893677,0.05901418,0.107152484,0.082230054,0.08221521,-0.023215875
1111,0.59773797,0.17153347,0.22475727,0.17042777,0.3729807,0.001105696
1112,0.0018482705,-0.017780488,0.016673611,0.01199836,-0.014825341,-0.02977885
1113,0.7312055,0.14542253,0.23320511,0.1482991,0.4980004,-0.0028765649
1114,0.07944945,0.06108746,0.03334851,0.02228108,0.046100944,0.03880638
1115,0.9739856,0.2079925,0.29733682,0.19297677,0.6766488,0.015015721
1116,0.24861462,0.058217432,0.13816546,0.09259647,0.110449165,-0.03437904
1117,0.020799832,0.03805259,0.018437881,0.010513565,0.0023619514,0.027539024
1118,0.18003161,0.1045074,0.102713205,0.080101,0.07731841,0.024406403
1119,-0.07422476,0.13967508,0.00020549372,-0.0030864896,-0.07443026,0.14276157
1120,0.1579138,0.088857785,0.09816317,0.053571843,0.05975063,0.035285942
1121,0.82467926,0.2983996,0.4230949,0.31595606,0.40158436,-0.017556459
1122,0.17283861,0.11327756,0.09648139,0.06451794,0.07635722,0.048759624
1123,0.6734005,0.21087037,0.3032638,0.20393395,0.3701367,0.006936416
1124,0.98439044,0.261975,0.37983352,0.26576066,0.6045569,-0.0037856698
1125,0.9698419,0.39532128,0.63342655,0.4157447,0.33641535,-0.020423412
1126,0.3110547,0.08838686,0.1195005,0.08720963,0.1915542,0.0011772364
1127,0.66064036,0.09169431,0.13761008,0.09051728,0.5230303,0.0011770278
1128,0.8926624,0.22376893,0.34061635,0.23812339,0.55204606,-0.0143544525
1129,0.32433957,0.04093845,0.09346673,0.06521409,0.23087284,-0.024275642
1130,0.081971884,0.10043075,0.03735485,0.029812241,0.044617034,0.07061851
1131,0.82249033,0.23728958,0.3271311,0.23344341,0.49535924,0.0038461685
1132,0.20406112,0.052538976,0.051957745,0.037372254,0.15210338,0.015166722
1133,0.82027924,0.18441013,0.23609933,0.17133841,0.5841799,0.013071716
1134,0.28283483,0.087449916,0.13279107,0.102514885,0.15004376,-0.01506497
1135,0.7936738,0.27186623,0.31886753,0.241312,0.47480628,0.030554235
1136,0.82213545,0.3200764,0.35353476,0.25676012,0.4686007,0.063316286
1137,0.96908015,0.27426243,0.38861305,0.27963865,0.5804671,-0.0053762197
1138,0.7372841,0.18256791,0.25552875,0.18839294,0.48175538,-0.005825028
1139,0.71774846,0.329711,0.41361755,0.29207912,0.3041309,0.03763187
1140,0.43267283,0.08712202,0.13526997,0.09350975,0.29740286,-0.0063877255
1141,0.6619754,0.19641285,0.3139887,0.2128654,0.3479867,-0.01645255
1142,0.73572785,0.35812715,0.37827432,0.27053747,0.35745353,0.08758968
1143,0.6093654,0.22621423,0.33379757,0.23794909,0.27556783,-0.011734858
1144,0.23198754,0.07277207,0.079513445,0.057382543,0.15247409,0.015389528
1145,0.55656123,0.14768969,0.20450935,0.13710275,0.35205188,0.010586932
1146,0.8321813,0.23056054,0.33893377,0.24023052,0.4932475,-0.009669974
1147,0.96030796,0.32930022,0.45741296,0.31164294,0.502895,0.01765728
1148,1.002166,0.27466756,0.37345514,0.2661875,0.62871087,0.008480072
1149,0.55337405,0.15782143,0.26185387,0.17868552,0.29152018,-0.020864084
1150,0.12430556,0.05918269,0.064632595,0.040454946,0.059672967,0.018727742
1151,0.7853261,0.2985148,0.46988392,0.2676235,0.3154422,0.0308913
1152,-0.07372014,0.09557826,0.022704454,0.015477298,-0.096424595,0.08010096
1153,0.036708314,0.05688612,0.025473978,0.024401283,0.011234336,0.032484837
1154,0.052331667,0.029539715,0.036486246,0.024032906,0.015845422,0.00550681
1155,0.1967478,0.07494648,0.07603832,0.056090128,0.12070947,0.01885635
1156,0.036184985,-0.029171033,0.054923136,0.030369869,-0.01873815,-0.0595409
1157,0.061100353,0.2092889,0.048537098,0.034121994,0.012563255,0.1751669
1158,0.77321136,0.19086814,0.26555744,0.17690556,0.50765395,0.013962582
1159,-0.0051687444,0.13291574,0.022061434,0.012275662,-0.027230177,0.12064007
1160,0.7030919,0.32789317,0.3997981,0.3104665,0.30329382,0.01742667
1161,0.6334417,0.19013178,0.25844613,0.17626819,0.37499556,0.013863593
1162,0.1304281,0.007186787,0.02576885,0.020323372,0.10465926,-0.013136584
1163,0.82096875,0.193294,0.3534383,0.21588735,0.46753046,-0.02259335
1164,1.2473813,0.49757567,0.609372,0.43098602,0.6380093,0.06658965
1165,0.77973425,0.21574588,0.3198735,0.2223186,0.45986074,-0.0065727234
1166,-0.024599718,-0.029078484,0.014300252,0.008399827,-0.03889997,-0.037478313
1167,1.4303471,0.4157649,0.6404728,0.48060417,0.78987426,-0.06483927
1168,0.49848777,0.1332306,0.14621487,0.104667306,0.3522729,0.02856329
1169,0.21995099,0.14852771,0.12035837,0.08790021,0.09959262,0.060627505
1170,0.07379264,0.04172535,0.06742612,0.05523025,0.0063665137,-0.0135049
1171,0.014193562,0.13940258,0.02148335,0.012601663,-0.0072897887,0.12680092
1172,0.8208492,0.28434557,0.3441786,0.24805763,0.4766706,0.036287934
1173,0.81367326,0.30851305,0.4059309,0.29562917,0.40774235,0.012883872
1174,0.09643878,-0.0059534917,0.08415644,0.054082662,0.012282342,-0.060036153
1175,0.077951685,-0.03867093,0.05148201,0.027901977,0.026469674,-0.066572905
1176,0.050138142,0.04963085,0.06095331,0.05168419,-0.01081517,-0.002053339
1177,0.83091515,0.33990967,0.45045742,0.31856304,0.38045773,0.021346629
1178,0.5456975,0.22309367,0.2783851,0.2086728,0.2673124,0.014420867
1179,1.179544,0.3747028,0.49923745,0.3041098,0.68030655,0.070593
1180,0.83012456,0.35554636,0.42723542,0.32229635,0.40288913,0.033250004
1181,1.1644531,0.46199304,0.6385608,0.42347354,0.5258924,0.0385195
1182,1.0034847,0.32183504,0.36068708,0.27766648,0.64279765,0.04416856
1183,0.15078588,0.13058344,0.103970565,0.05479263,0.046815313,0.07579081
1184,0.20473747,0.07904936,0.10797129,0.083697364,0.09676618,-0.0046480075
1185,0.7549585,0.38667694,0.54553044,0.40443644,0.20942807,-0.017759502
1186,0.031693507,0.022334768,0.048456367,0.040477566,-0.01676286,-0.018142799
1187,0.73342836,0.16020606,0.19727151,0.14296107,0.53615683,0.017244995
1188,0.18429497,0.078509726,0.060201954,0.05055361,0.12409301,0.027956117
1189,0.07564058,0.036292862,0.071460605,0.044774838,0.004179977,-0.008481976
1190,0.7214098,0.21350837,0.27989748,0.20315742,0.44151232,0.010350943
1191,0.33750126,0.14486435,0.14618352,0.10727756,0.19131774,0.037586793
1192,0.51310027,0.18428883,0.19747344,0.15603888,0.31562683,0.02824995
1193,0.07812958,0.07423943,0.057319958,0.0457656,0.020809624,0.028473832
1194,0.027108748,0.019784508,0.016177643,0.01157665,0.010931104,0.008207859
1195,0.9688583,0.16175896,0.21469545,0.15390617,0.75416285,0.007852793
1196,0.18349905,0.04987913,0.11426101,0.07086049,0.069238044,-0.02098136
1197,0.9118205,0.27467054,0.41154462,0.26855248,0.50027585,0.006118059
1198,0.7525554,0.3340785,0.4064273,0.27064237,0.34612808,0.06343612
1199,0.52936786,0.2843074,0.34475264,0.26730517,0.18461522,0.017002225
1200,0.4410891,0.22289513,0.2703318,0.18414438,0.1707573,0.038750753
1201,0.11579595,0.06846325,0.07642191,0.054639876,0.03937404,0.013823375
1202,0.6313602,0.2310949,0.4045248,0.22983567,0.22683537,0.0012592226
1203,0.018044498,-0.060939673,0.010942323,0.0048589697,0.0071021747,-0.06579864
1204,0.10009339,0.007840426,0.061118495,0.036916662,0.038974892,-0.029076237
1205,0.0063068573,-0.065247476,0.020359684,0.010261354,-0.014052827,-0.07550883
1206,0.04656875,-0.037010133,0.018799683,0.014598625,0.027769068,-0.051608756
1207,0.10423613,0.027237855,0.015246348,0.015192251,0.08898979,0.012045604
1208,0.28825998,0.07124454,0.108274266,0.07529033,0.17998572,-0.004045792
1209,0.95983684,0.3547241,0.5164441,0.3451407,0.44339275,0.009583414
1210,0.9872731,0.2793293,0.37389174,0.28658202,0.6133814,-0.007252723
1211,0.18203017,0.07748308,0.061983626,0.045149624,0.12004654,0.032333456
1212,0.059385903,-0.06422009,0.0052623646,0.002896119,0.05412354,-0.067116216
1213,0.8673775,0.31500357,0.42410558,0.27904123,0.44327193,0.035962343
1214,0.15771382,0.06020466,0.039271615,0.028431898,0.1184422,0.031772763
1215,0.658389,0.18986377,0.26716074,0.19837067,0.39122823,-0.008506894
1216,0.5823204,0.24421813,0.35614523,0.24075416,0.22617516,0.0034639686
1217,1.0286096,0.42784792,0.59489477,0.42136502,0.43371487,0.006482899
1218,0.050022803,0.15496516,0.06908556,0.04510259,-0.019062757,0.10986257
1219,0.73180515,0.19017245,0.2380546,0.15286236,0.49375054,0.037310094
1220,0.7526889,0.34709957,0.41880536,0.328147,0.33388352,0.018952578
1221,0.019191246,0.018330863,0.033546943,0.019392094,-0.014355697,-0.0010612309
1222,0.07247131,0.018374303,0.05861343,0.03926723,0.0138578825,-0.020892927
1223,0.40940675,0.15135859,0.1980132,0.1466558,0.21139355,0.0047027916
1224,0.25819916,0.13180637,0.111479186,0.083180785,0.14671996,0.04862559
1225,0.8581681,0.16260721,0.27791518,0.19212244,0.58025295,-0.029515237
1226,0.6167453,0.25585324,0.25454396,0.19523688,0.36220133,0.06061636
1227,0.17441891,0.012177651,0.0571297,0.042354185,0.117289215,-0.030176535
1228,0.51308984,0.17110875,0.23274031,0.18181357,0.28034952,-0.010704815
1229,0.9036735,0.29744503,0.46493977,0.2993656,0.43873376,-0.0019205809
1230,0.054751076,0.03705097,0.028154124,0.020314788,0.026596952,0.016736181
1231,1.1353211,0.35159189,0.42584175,0.30629045,0.7094794,0.045301437
1232,0.021579644,-0.0085164625,0.0014602994,0.0049991366,0.020119345,-0.013515599
1233,0.1808837,0.08192768,0.0818423,0.05171879,0.0990414,0.03020889
1234,0.9737332,0.2516741,0.38400057,0.26463646,0.58973265,-0.012962371
1235,0.018913034,0.017929548,0.02287501,0.014140628,-0.0039619748,0.0037889201
1236,0.6299446,0.18989715,0.2201726,0.15968697,0.40977204,0.030210182
1237,0.22823468,0.13871534,0.05615586,0.037124354,0.17207882,0.10159099
1238,0.76261824,0.20269279,0.28126052,0.19858785,0.48135772,0.004104942
1239,0.69563985,0.11864927,0.2653822,0.17239699,0.43025765,-0.05374772
1240,0.5885261,0.24185875,0.36084136,0.23761503,0.22768477,0.0042437166
1241,0.12938994,0.05852379,0.087171376,0.04659403,0.042218566,0.011929758
1242,0.91889733,0.19467449,0.2333405,0.1729348,0.6855568,0.021739691
1243,0.94388384,0.2984598,0.34136713,0.25914127,0.6025167,0.03931853
1244,0.9159854,0.26029414,0.37292293,0.2313312,0.54306245,0.02896294
1245,0.7976351,0.3170446,0.32139596,0.23628922,0.47623911,0.08075537
1246,0.6629748,0.20550005,0.28059834,0.2068223,0.38237643,-0.0013222545
1247,0.14036614,0.03754789,0.038231835,0.025004664,0.1021343,0.012543226
1248,0.071200654,0.04205341,0.03863681,0.029805193,0.032563843,0.012248216
1249,0.18248573,0.0848429,0.073432684,0.059260666,0.109053046,0.025582232
1250,0.7177649,0.20273343,0.27243957,0.21087384,0.44532534,-0.008140415
1251,0.73130167,0.21634217,0.27119365,0.1971411,0.460108,0.01920107
1252,0.2017605,0.00426113,0.07188082,0.04811634,0.12987968,-0.043855213
1253,0.034307584,0.13571456,0.028715229,0.017691087,0.0055923555,0.11802347
1254,0.18414873,0.16133605,0.16831939,0.11435722,0.01582934,0.04697883
1255,0.75927746,0.18675688,0.2015501,0.15054175,0.55772734,0.036215127
1256,0.11227562,0.023660522,0.06019119,0.03449185,0.05208443,-0.010831326
1257,0.8704825,0.25240833,0.31992954,0.23202321,0.55055296,0.020385116
1258,0.024239521,0.019626634,0.019207623,0.017021406,0.0050318986,0.0026052278
1259,0.7673622,0.30232134,0.4100538,0.26544958,0.3573084,0.03687176
1260,0.60012966,0.16880096,0.22074315,0.16222191,0.3793865,0.0065790564
1261,0.41422763,0.16700034,0.19737157,0.15167989,0.21685606,0.01532045
1262,0.78447497,0.28156984,0.43197957,0.2793874,0.3524954,0.002182424
1263,0.4808872,0.100904,0.12834704,0.09194919,0.35254017,0.008954816
1264,0.84625214,0.3055753,0.44196796,0.30199912,0.40428418,0.0035761893
1265,0.9593109,0.36341727,0.4544645,0.3313076,0.5048464,0.032109678
1266,0.568643,0.16861126,0.24205863,0.16623744,0.32658434,0.0023738146
1267,0.05552118,0.049241204,0.049983718,0.04233495,0.0055374615,0.0069062524
1268,0.09367796,0.022226911,0.043466613,0.028516714,0.050211348,-0.0062898025
1269,0.66158426,0.2575415,0.33157945,0.25031453,0.3300048,0.007226974
1270,0.6407837,0.17779073,0.2968801,0.18078648,0.34390363,-0.0029957443
1271,0.22396979,0.06449101,0.017351117,0.0127503,0.20661867,0.051740713
1272,0.8389682,0.26603115,0.34310263,0.2631221,0.49586558,0.0029090345
1273,0.42365357,0.15091,0.19832969,0.14457107,0.22532389,0.006338939
1274,0.75175345,0.31571874,0.42795697,0.2906181,0.32379648,0.025100648
1275,0.89245445,0.38635385,0.5566035,0.40402493,0.33585095,-0.017671078
1276,0.8167689,0.24851947,0.34192604,0.22901253,0.47484285,0.019506931
1277,0.15863673,-0.009149548,0.06271365,0.03173988,0.09592308,-0.040889427
1278,0.5950062,0.13856955,0.18317047,0.13124286,0.41183576,0.0073266923
1279,0.7176288,0.25533625,0.2951433,0.1541505,0.42248547,0.101185754
1280,0.3643387,0.13963711,0.16799141,0.11883898,0.19634728,0.020798132
1281,0.29145512,0.11973697,0.18489034,0.10929688,0.106564775,0.010440089
1282,0.7504625,0.3081994,0.37912598,0.29022664,0.3713365,0.017972767
1283,0.08451926,0.011285414,0.03972748,0.024535786,0.04479178,-0.013250372
1284,0.5134771,0.12100609,0.18606599,0.1264305,0.32741112,-0.00542441
1285,0.09648439,0.10274873,0.06016447,0.05011626,0.036319923,0.05263247
1286,0.02974046,-0.06292149,0.01453491,0.0052899458,0.01520555,-0.068211436
1287,0.62312466,0.10393569,0.123750865,0.0928062,0.4993738,0.011129491
1288,0.30322665,0.19710042,0.24364503,0.15479441,0.059581622,0.042306006
1289,0.920158,0.35562485,0.46289843,0.34104937,0.4572596,0.014575481
1290,0.8553564,0.3454023,0.46074158,0.34195784,0.39461482,0.003444463
1291,0.86680764,0.30499288,0.3610855,0.2520103,0.50572217,0.0529826
1292,0.6554712,0.20779324,0.33547577,0.20283094,0.31999543,0.0049622953
1293,0.7685722,0.29373923,0.37739024,0.29389653,0.39118198,-0.00015729666
1294,0.56447196,0.2252698,0.26846784,0.20417833,0.29600412,0.021091461
1295,0.7725895,0.26615742,0.33547848,0.24467961,0.43711102,0.021477804
1296,0.47029987,0.21602741,0.2999183,0.21722634,0.17038158,-0.0011989325
1297,0.83076197,0.33498883,0.48753873,0.30293068,0.34322324,0.03205815
1298,0.8230684,0.25207308,0.3925478,0.25697026,0.4305206,-0.004897177
1299,-0.0053889016,-0.06692304,0.025674224,0.016893307,-0.031063125,-0.08381634
1300,0.73923355,0.16359414,0.17776641,0.14387073,0.5614672,0.019723415
1301,0.95167035,0.33433712,0.5237624,0.30733243,0.42790794,0.027004689
1302,1.0052725,0.26529822,0.3441051,0.2498214,0.6611674,0.015476823
1303,0.4013202,0.16222294,0.22163197,0.15395384,0.17968822,0.008269101
1304,0.7267467,0.24574637,0.40744013,0.2669407,0.31930655,-0.021194339
1305,0.40613306,0.18959714,0.065106586,0.04079713,0.34102648,0.14880002
1306,0.16019689,-0.0007756023,0.09159085,0.048010934,0.068606034,-0.048786536
1307,0.5261314,0.33772057,0.3079087,0.24950615,0.21822268,0.08821443
1308,0.5818758,0.26812997,0.32590604,0.22967517,0.25596976,0.0384548
1309,0.1444149,0.050760217,0.058971874,0.048367508,0.08544303,0.0023927093
1310,1.1467463,0.24531448,0.3713378,0.26822355,0.7754085,-0.022909075
1311,0.49748772,0.12438989,0.15562208,0.11450875,0.34186566,0.009881139
1312,0.21585359,0.18698455,0.18107495,0.12907565,0.03477864,0.057908908
1313,1.0740016,0.36803752,0.5443279,0.36319995,0.52967364,0.0048375726
1314,0.9918646,0.28686744,0.34157747,0.25441802,0.65028715,0.032449424
1315,0.8349405,0.23949912,0.41622,0.32206383,0.41872048,-0.08256471
1316,0.49271426,0.19599465,0.25813758,0.19690403,0.23457667,-0.00090938807
1317,0.12538606,0.011990055,0.089924395,0.05880823,0.035461664,-0.046818174
1318,0.21479478,0.14025754,0.1453591,0.08841873,0.069435686,0.051838808
1319,0.7641991,0.19545136,0.2713422,0.18989849,0.4928569,0.005552873
1320,0.6582211,0.35214344,0.4426977,0.31927603,0.21552342,0.0328674
1321,0.8470252,0.30520138,0.46312752,0.32723466,0.3838977,-0.022033274
1322,0.7627311,0.21106562,0.24501543,0.1727279,0.51771563,0.038337722
1323,1.106191,0.35860905,0.52459705,0.35286576,0.581594,0.005743295
1324,0.8059831,0.25118718,0.389177,0.268872,0.41680613,-0.017684817
1325,0.59025264,0.16725361,0.21418354,0.1442186,0.3760691,0.02303502
1326,0.11175008,0.036748175,0.05272574,0.041544862,0.05902434,-0.0047966875
1327,0.3632784,0.13414088,0.17825577,0.10739317,0.18502262,0.026747711
1328,0.54615754,0.19922708,0.25368732,0.18262988,0.29247022,0.016597196
1329,0.121562354,0.07578961,0.040134225,0.022459533,0.081428126,0.053330075
1330,-0.061911475,-0.01869721,0.025626576,0.019408675,-0.08753805,-0.038105883
1331,0.7869193,0.33445886,0.39896417,0.30136195,0.38795513,0.03309691
1332,0.13052022,0.043577135,0.055694304,0.039123148,0.07482592,0.004453987
1333,0.05200544,0.070278205,0.060017508,0.045171462,-0.0080120675,0.025106743
1334,0.8211002,0.22485255,0.3435933,0.23687935,0.47750688,-0.012026802
1335,0.00748927,0.04602524,0.025010878,0.016135532,-0.017521609,0.029889707
1336,0.55250543,0.21761471,0.30180946,0.2036715,0.25069597,0.01394321
1337,0.43279475,0.13911362,0.17797752,0.119445704,0.25481725,0.019667916
1338,0.2318081,0.121990934,0.1279257,0.102285504,0.1038824,0.01970543
1339,0.23824891,0.12268049,0.10771118,0.08114423,0.13053773,0.041536264
1340,0.08564656,0.045562457,0.034964334,0.029061187,0.050682228,0.01650127
1341,0.9193928,0.2185485,0.3135925,0.2344875,0.60580033,-0.015938997
1342,0.10999981,-0.020054866,0.04101477,0.021180933,0.068985045,-0.041235797
1343,0.50768983,0.13693875,0.20363362,0.1269274,0.30405623,0.010011345
1344,0.8494858,0.21067382,0.31398082,0.23087497,0.535505,-0.020201147
1345,0.7165179,0.19423297,0.27391586,0.18750426,0.44260207,0.0067287087
1346,0.884876,0.21158509,0.30282983,0.2079109,0.58204615,0.0036741942
1347,0.83910763,0.20892645,0.23081581,0.16699703,0.6082918,0.041929424
1348,0.16760172,0.065725535,0.084713235,0.058525283,0.082888484,0.0072002523
1349,0.8256592,0.1737809,0.22815773,0.17379598,0.5975015,-1.5079975e-05
1350,0.058473308,-0.0101007465,0.036076013,0.02732242,0.022397295,-0.037423167
1351,0.022193411,0.11526864,0.01781202,0.008792788,0.004381392,0.10647585
1352,0.15339509,0.07960581,0.03831484,0.03088291,0.115080245,0.0487229
1353,0.07362148,0.051337577,0.045090087,0.030321673,0.028531395,0.021015905
1354,0.79834974,0.27319628,0.28191143,0.20855603,0.5164383,0.064640254
1355,0.7021609,0.2605268,0.39468375,0.27128467,0.30747715,-0.0107578635
1356,0.5423582,0.26646435,0.32277888,0.22908887,0.21957934,0.03737548
1357,0.11597562,0.05448384,0.051621687,0.041119114,0.06435393,0.013364725
1358,0.8257525,0.2530458,0.3500739,0.24626927,0.4756786,0.0067765266
1359,1.133002,0.3898172,0.6288402,0.40056595,0.50416183,-0.010748744
1360,0.061893307,0.056427754,0.041890785,0.03424805,0.020002522,0.022179704
1361,0.98868805,0.4492051,0.5266355,0.42121872,0.46205252,0.027986377
1362,0.4302647,0.07329358,0.11850973,0.07381521,0.31175497,-0.00052163005
1363,0.11208069,-0.0026322876,0.058697354,0.031542018,0.05338334,-0.034174304
1364,0.71741056,0.29147315,0.37577432,0.2686134,0.34163624,0.022859752
1365,1.047678,0.1728553,0.3466155,0.21341017,0.7010625,-0.040554866
1366,0.20108442,0.15303211,0.11986659,0.08109483,0.08121783,0.07193728
1367,1.1805366,0.3018598,0.4934879,0.29973567,0.68704873,0.0021241307
1368,0.9441569,0.39064455,0.4223566,0.32785064,0.5218003,0.06279391
1369,0.2532625,0.0846583,0.10245571,0.06098004,0.15080678,0.023678262
1370,0.19861126,0.04701134,0.0787333,0.059768725,0.11987796,-0.012757387
1371,0.8511379,0.23826541,0.3681981,0.26009887,0.48293978,-0.021833465
1372,1.0006893,0.34552565,0.48528463,0.34350854,0.51540464,0.0020171106
1373,1.0051092,0.2577878,0.32786053,0.23634727,0.67724866,0.02144052
1374,0.17285883,0.13717955,0.14067407,0.09315144,0.032184765,0.04402811
1375,1.0868293,0.3020756,0.48142067,0.3102216,0.60540867,-0.008146018
1376,0.84243095,0.25440183,0.3379509,0.25607133,0.50448006,-0.0016694963
1377,0.25171733,0.032068983,0.049017932,0.039799057,0.2026994,-0.007730074
1378,1.2342939,0.22001892,0.38431278,0.23601213,0.8499812,-0.015993208
1379,1.2318525,0.4244078,0.51327074,0.37905338,0.7185818,0.045354426
1380,0.63388926,0.21499729,0.2918865,0.20534873,0.34200275,0.0096485615
1381,0.5656021,0.23095183,0.3081011,0.23275518,0.25750104,-0.0018033534
1382,0.04159864,-0.022324838,0.026729679,0.009635583,0.014868962,-0.03196042
1383,0.083183266,0.05253016,0.04507975,0.030352578,0.038103517,0.02217758
1384,0.7814534,0.30999878,0.3802504,0.30200902,0.40120298,0.007989764
1385,0.07660999,0.0916238,0.12565765,0.08230704,-0.049047656,0.009316757
1386,0.74379265,0.20629062,0.2774175,0.19074203,0.46637514,0.015548587
1387,0.9269689,0.35632366,0.49532467,0.33636212,0.4316442,0.019961536
1388,0.15644147,0.09241038,0.124119245,0.05861594,0.03232222,0.033794437
1389,-0.012903414,0.06546053,0.018055271,0.014778085,-0.030958686,0.050682448
1390,0.8371385,0.29410964,0.38570923,0.2788714,0.45142925,0.015238255
1391,0.75435334,0.16534702,0.2421147,0.17617016,0.5122386,-0.010823131
1392,0.998278,0.21397658,0.33008608,0.24386081,0.6681919,-0.029884234
1393,0.023129387,0.032341935,0.025622418,0.02468684,-0.0024930313,0.0076550953
1394,0.08072691,0.1196527,0.076936185,0.06356984,0.0037907213,0.056082867
1395,0.18431684,0.048941225,0.096077815,0.060423333,0.08823903,-0.011482108
1396,0.6643042,0.28100276,0.48634952,0.2875293,0.17795467,-0.00652653
1397,0.7698596,0.26777458,0.38233995,0.26357222,0.38751966,0.004202366
1398,0.027299581,-0.023643704,0.037305333,0.03067584,-0.010005752,-0.054319546
1399,0.96959966,0.34541896,0.39981022,0.29722896,0.5697894,0.048189998
1400,0.6654672,0.13548787,0.1732477,0.11924545,0.4922195,0.016242422
1401,0.78789926,0.2953224,0.46581635,0.3182956,0.3220829,-0.02297321
1402,0.089306474,0.032667924,0.031597253,0.026568402,0.05770922,0.006099522
1403,-0.035209242,0.018576803,0.010970171,0.014506978,-0.046179414,0.0040698247
1404,0.90995485,0.4766529,0.5720882,0.42525396,0.33786666,0.051398933
1405,0.99046123,0.1661689,0.28045362,0.19102943,0.7100076,-0.024860531
1406,0.15978675,0.057669118,0.07482282,0.04828579,0.084963925,0.009383328
1407,0.55157167,0.16105674,0.18063459,0.12075175,0.37093708,0.04030499
1408,0.75635195,0.31319666,0.44239193,0.27038416,0.31396002,0.042812496
1409,0.6770684,0.231452,0.313474,0.21849208,0.3635944,0.012959927
1410,-0.012176123,-0.033180274,0.010054735,0.010303482,-0.022230858,-0.043483756
1411,0.051875193,0.09451541,0.028647397,0.024850322,0.023227796,0.06966509
1412,0.18443733,0.0039438577,0.06532377,0.04709839,0.119113564,-0.043154534
1413,0.72469956,0.13388036,0.20253003,0.13517399,0.52216953,-0.0012936294
1414,0.22140968,0.066750355,0.056898177,0.038229752,0.1645115,0.028520603
1415,0.3582054,0.02134987,0.11093964,0.07275822,0.24726577,-0.05140835
1416,0.6407073,0.19629939,0.23096311,0.1579265,0.4097442,0.03837289
1417,0.15159754,0.08513111,0.085182644,0.058608502,0.0664149,0.026522607
1418,0.65313804,0.25028798,0.31876197,0.24516685,0.33437607,0.005121127
1419,0.55011165,0.16488528,0.19736336,0.12998901,0.35274827,0.03489627
1420,0.5946495,0.12366469,0.14929834,0.11530485,0.44535115,0.008359842
1421,0.12788083,0.012383714,0.088140525,0.05781617,0.0397403,-0.045432456
1422,0.16489409,0.024160182,0.093608044,0.048703752,0.071286045,-0.02454357
1423,0.23794046,0.2214918,0.10674675,0.08451469,0.13119371,0.1369771
1424,0.7043965,0.17355981,0.1767296,0.12370734,0.52766687,0.049852476
1425,0.0035624674,0.007642225,0.016883884,0.017159626,-0.013321416,-0.009517401
1426,0.07101969,0.064845316,0.03997525,0.03036483,0.031044438,0.034480486
1427,0.04078387,0.051742945,0.033612084,0.027929405,0.0071717873,0.02381354
1428,1.0384133,0.31222442,0.5588888,0.3558731,0.4795245,-0.04364869
1429,-0.03304875,0.110488296,0.006692217,0.0013189606,-0.039740965,0.109169334
1430,0.19839275,-0.003959427,0.075794205,0.050383586,0.122598544,-0.054343015
1431,0.7709451,0.23961557,0.34227723,0.24874683,0.42866784,-0.009131253
1432,0.118185334,0.023173958,0.049772244,0.035896298,0.06841309,-0.0127223395
1433,0.021482134,0.14907949,0.033023067,0.028693551,-0.011540933,0.12038594
1434,0.84410745,0.26563793,0.3800507,0.2697752,0.46405676,-0.0041372776
1435,0.699504,0.18939047,0.2460169,0.17676905,0.4534871,0.012621418
1436,0.7529771,0.2505146,0.3784868,0.25280738,0.37449026,-0.002292782
1437,0.49652153,0.2756704,0.28883013,0.21421058,0.2076914,0.061459824
1438,0.050199676,0.10593766,0.056359954,0.038359977,-0.006160278,0.06757768
1439,0.7529322,0.15203264,0.30733937,0.20750003,0.44559282,-0.055467382
1440,0.70356697,0.22811435,0.27948058,0.1871797,0.4240864,0.040934652
1441,0.98707175,0.43849367,0.4184657,0.31003737,0.568606,0.1284563
1442,0.59311247,0.19047326,0.27361462,0.19344077,0.31949785,-0.0029675066
1443,0.23266563,0.09908755,0.13358875,0.088248275,0.09907688,0.010839276
1444,0.009310605,0.12255338,0.017347446,0.009556143,-0.008036841,0.112997234
1445,0.03700744,0.025484137,0.011996037,0.010055346,0.025011402,0.015428791
1446,0.09778744,0.010637399,0.07256397,0.052296806,0.025223471,-0.041659407
1447,-0.017543511,-0.039214857,0.013958682,0.012165256,-0.031502195,-0.051380113
1448,1.0051359,0.363199,0.60644495,0.42663008,0.39869094,-0.063431084
1449,0.6021231,0.1345055,0.19870208,0.14968643,0.40342098,-0.0151809305
1450,0.95523536,0.27596864,0.36203718,0.24689591,0.5931982,0.029072732
1451,0.7827271,0.24244864,0.36588675,0.2639161,0.41684037,-0.021467462
1452,0.052215237,0.0070613576,0.07494195,0.04741486,-0.02272671,-0.040353503
1453,0.6076523,0.20876697,0.30557996,0.203083,0.30207235,0.0056839734
1454,0.50629777,0.24374226,0.2909506,0.21754964,0.21534717,0.02619262
1455,0.544089,0.18475418,0.2653719,0.19394653,0.27871713,-0.0091923475
1456,0.6456324,0.2263553,0.36176977,0.2395622,0.28386262,-0.013206899
1457,0.58797973,0.29080132,0.36741894,0.26359552,0.22056079,0.027205795
1458,0.10688967,0.06136953,0.063150875,0.045160197,0.043738797,0.016209334
1459,0.8047621,0.36802194,0.48804182,0.36574847,0.3167203,0.0022734702
1460,0.71453923,0.11234091,0.13529432,0.10224453,0.5792449,0.010096379
1461,0.5550675,0.26003447,0.34833765,0.21685202,0.20672983,0.043182448
1462,0.8274976,0.3259739,0.43967515,0.34267345,0.38782245,-0.016699553
1463,0.7118364,0.23226884,0.29012328,0.20122012,0.4217131,0.031048715
1464,0.7026627,0.19644587,0.24380311,0.16412584,0.4588596,0.032320023
1465,0.8182455,0.2584048,0.41398564,0.27231497,0.40425983,-0.013910174
1466,0.048836578,0.055790544,0.03428145,0.030074915,0.014555126,0.025715629
1467,0.1497446,0.08149257,0.17555146,0.11560915,-0.02580686,-0.034116574
1468,0.75158393,0.2932738,0.37159044,0.273573,0.3799935,0.019700795
1469,0.6529436,0.1994004,0.26446134,0.18871363,0.38848227,0.01068677
1470,0.5438568,0.19703366,0.28622636,0.18658173,0.25763044,0.010451928
1471,0.9510579,0.35335952,0.4543259,0.30945936,0.496732,0.043900162
1472,0.55242693,0.19560872,0.2919042,0.22189324,0.26052272,-0.026284516
1473,0.48532748,0.14987753,0.21519649,0.14539064,0.270131,0.0044868886
1474,0.8347161,0.31109092,0.4612414,0.3026882,0.3734747,0.008402705
1475,0.06725283,0.17478555,0.04759192,0.04185174,0.019660909,0.13293381
1476,0.1845935,0.006735375,0.09461593,0.05513656,0.08997757,-0.048401184
1477,0.31367657,0.10595016,0.1325282,0.09692465,0.18114837,0.009025514
1478,0.82427955,0.2992409,0.42654008,0.29851368,0.39773947,0.00072720647
1479,1.0013667,0.33990213,0.43261737,0.29648882,0.56874937,0.04341331
1480,0.42150196,0.2079489,0.25372115,0.1836746,0.16778082,0.02427429
1481,0.59000736,0.1903799,0.249059,0.15795133,0.34094834,0.032428578
1482,0.12666556,0.062187165,0.054125644,0.0440484,0.07253992,0.018138766
1483,-0.0047240695,0.036583446,0.011467771,0.0076398076,-0.01619184,0.02894364
1484,1.3139949,0.5071989,0.67842865,0.43455464,0.63556623,0.07264429
1485,0.80294734,0.23562066,0.34394088,0.21517964,0.45900646,0.020441025
1486,0.86604935,0.24001032,0.33635923,0.244593,0.52969015,-0.0045826733
1487,0.6424115,0.18209393,0.22290602,0.15914401,0.41950545,0.02294992
1488,0.09452323,0.03721753,0.0876221,0.064566426,0.00690113,-0.027348895
1489,0.610034,0.19910017,0.24439576,0.16799049,0.36563823,0.031109676
1490,0.31015325,0.08253028,0.13062394,0.08801907,0.17952931,-0.0054887906
1491,0.45074272,0.042518154,0.09457834,0.05485343,0.3561644,-0.012335274
1492,0.04526673,0.16633789,0.06324242,0.057334047,-0.017975692,0.10900384
1493,-0.1572284,0.2007187,0.05066024,0.025468692,-0.20788863,0.17525001
1494,0.8744592,0.27426603,0.3628216,0.24469323,0.51163757,0.0295728
1495,0.8048739,0.25448492,0.4434557,0.27143353,0.3614182,-0.01694861
1496,0.21146871,0.073680095,0.070961975,0.052996326,0.14050674,0.02068377
1497,0.089165874,0.020759821,0.028595805,0.017887715,0.06057007,0.0028721057
1498,0.92240494,0.32958174,0.35110772,0.25018176,0.5712972,0.07939997
1499,0.6752954,0.20910391,0.28006363,0.20127666,0.39523178,0.007827252
1500,0.10972563,0.05281656,0.07546606,0.059209067,0.034259573,-0.0063925087
1501,0.06069169,-0.031494156,0.03561672,0.023591848,0.02507497,-0.055086
1502,0.41103745,0.102718756,0.12617263,0.075512245,0.2848648,0.02720651
1503,0.9551422,0.29467,0.3586699,0.27331075,0.59647226,0.021359235
1504,0.30623725,0.051520653,0.12230889,0.07287922,0.18392837,-0.021358564
1505,0.84933466,0.34195927,0.48095727,0.346619,0.3683774,-0.004659742
1506,0.6720279,0.37391385,0.41162038,0.30651006,0.2604075,0.06740379
1507,0.01102649,0.040824592,0.014566836,0.01065369,-0.0035403464,0.030170903
1508,0.62311274,0.16394164,0.20297834,0.14666827,0.4201344,0.017273366
1509,0.7424702,0.22982445,0.32784337,0.21270964,0.41462684,0.017114818
1510,0.023093795,0.11325972,0.043023027,0.038381327,-0.019929232,0.074878395
1511,0.572649,0.13426232,0.19274971,0.1371305,0.3798993,-0.0028681755
1512,0.5912418,0.19592842,0.26254067,0.1979434,0.3287011,-0.0020149797
1513,0.51696485,0.17038013,0.28194362,0.1704824,0.23502123,-0.00010226667
1514,0.80808896,0.21788111,0.29262257,0.17882265,0.5154664,0.03905846
1515,0.53388447,0.25271934,0.26509872,0.19651535,0.26878574,0.05620399
1516,1.0224314,0.23978485,0.3576123,0.23026168,0.66481906,0.009523168
1517,0.48718074,0.14473869,0.19790283,0.15736625,0.2892779,-0.012627557
1518,0.8374189,0.2895417,0.4196942,0.3027708,0.41772473,-0.013229102
1519,0.9159924,0.25248018,0.32633144,0.23315474,0.58966094,0.019325435
1520,0.7519568,0.19722097,0.3321868,0.22489789,0.41977003,-0.027676925
1521,0.74725705,0.2681305,0.31117228,0.23219761,0.43608478,0.0359329
1522,0.51770926,0.21281502,0.27827755,0.2096649,0.23943171,0.0031501204
1523,-0.01797996,0.05895724,0.034473576,0.026599001,-0.052453537,0.03235824
1524,0.6186194,0.24918957,0.28465563,0.18719473,0.33396375,0.061994836
1525,0.89746076,0.14910701,0.1792368,0.13061267,0.7182239,0.018494338
1526,0.04815986,0.12916401,0.04930221,0.036197282,-0.0011423491,0.09296673
1527,1.0819659,0.33397052,0.41536936,0.2910225,0.66659653,0.042948008
1528,0.13209341,0.166239,0.047500998,0.03578161,0.08459242,0.13045739
1529,0.45973882,0.22812395,0.30507168,0.20188029,0.15466714,0.026243657
1530,0.051608887,0.026713673,0.032666475,0.022597026,0.018942412,0.004116647
1531,0.8025713,0.25612214,0.34477344,0.24746065,0.45779786,0.008661494
1532,0.016605994,0.13569418,0.015192824,0.015674302,0.0014131693,0.120019875
1533,0.541564,0.2033691,0.3061113,0.22958326,0.23545268,-0.026214167
1534,0.10137254,0.030912539,0.036887355,0.029608484,0.064485185,0.0013040546
1535,0.11244037,-0.02345317,0.043781344,0.023757534,0.06865902,-0.047210705
1536,0.65326566,0.26002452,0.33847338,0.22718641,0.31479228,0.032838106
1537,0.5860266,0.16048607,0.257795,0.15629378,0.3282316,0.0041922927
1538,0.35262132,0.20573612,0.27194655,0.19556059,0.08067477,0.010175526
1539,0.765942,0.27064902,0.37791714,0.27996063,0.38802484,-0.009311616
1540,0.42889136,0.084718496,0.15330286,0.09414081,0.2755885,-0.009422317
1541,0.92944163,0.35635775,0.44743425,0.32998076,0.48200738,0.026376992
1542,1.1511163,0.41173697,0.613089,0.41166043,0.5380272,7.6532364e-05
1543,0.7367405,0.22625355,0.30418867,0.19377342,0.43255186,0.032480136
1544,0.16402401,0.009741521,0.03216606,0.022626162,0.13185795,-0.01288464
1545,0.9143426,0.2548647,0.35661295,0.2564742,0.5577296,-0.0016095042
1546,1.1447126,0.39003432,0.5451094,0.393617,0.5996032,-0.0035826862
1547,0.30331412,0.06816808,0.09834059,0.07614287,0.20497352,-0.007974789
1548,0.182979,-0.0042457934,0.059710205,0.037596207,0.1232688,-0.041842
1549,0.7221576,0.243208,0.33955947,0.22657311,0.38259813,0.016634896
1550,0.1285416,0.17629516,0.13129075,0.089224175,-0.002749145,0.08707099
1551,0.025995038,0.118401706,0.019214183,0.015135656,0.0067808554,0.10326605
1552,0.50564617,0.19869788,0.24676129,0.18517423,0.25888488,0.013523653
1553,0.2815844,0.144614,0.13883184,0.10991104,0.14275257,0.034702957
1554,1.0665437,0.50627923,0.70904726,0.47276562,0.35749644,0.033513606
1555,0.06200177,-0.05673562,0.03289606,0.01843805,0.029105708,-0.07517367
1556,0.95198566,0.2898878,0.35770282,0.23944648,0.59428287,0.05044131
1557,0.76280063,0.24167268,0.37409458,0.25637725,0.38870606,-0.01470457
1558,0.6939089,0.22360897,0.31685397,0.215421,0.3770549,0.008187965
1559,0.7557499,0.23536882,0.31967807,0.22639258,0.4360718,0.008976236
1560,0.88518083,0.35536477,0.5513447,0.37453434,0.33383614,-0.019169569
1561,0.43736398,0.16155721,0.16759035,0.11904168,0.26977363,0.04251553
1562,0.88731915,0.3053793,0.32712534,0.2513402,0.5601938,0.05403909
1563,0.47022656,0.056426834,0.06828152,0.05146725,0.40194505,0.0049595833
1564,0.90640944,0.26742706,0.37013704,0.28349656,0.5362724,-0.016069502
1565,0.34915248,0.26079854,0.28116485,0.2124652,0.06798762,0.048333347
1566,0.32460707,0.097447075,0.16885918,0.11045245,0.15574789,-0.013005376
1567,0.536315,0.21250647,0.26717514,0.18419333,0.2691399,0.028313145
1568,0.78996384,0.25862432,0.36412224,0.24706426,0.4258416,0.011560053
1569,-0.011515618,-0.0008132648,0.021446235,0.015183759,-0.032961853,-0.015997024
1570,0.6781424,0.22691444,0.2564339,0.19935781,0.42170852,0.027556628
1571,0.94532603,0.44989127,0.64246744,0.44681582,0.3028586,0.0030754507
1572,0.51306987,0.24228577,0.32549968,0.2240756,0.18757018,0.018210173
1573,0.26416206,0.0865588,0.06970735,0.04709437,0.19445471,0.039464425
1574,0.58448553,0.28069282,0.34992093,0.23148581,0.2345646,0.049207002
1575,0.08427552,0.106678665,0.024126567,0.022101698,0.060148954,0.084576964
1576,0.6701785,0.27371415,0.31280604,0.24210794,0.35737243,0.031606212
1577,0.7422535,0.14619654,0.19173089,0.15390238,0.55052257,-0.0077058375
1578,0.16951875,0.060722608,0.08828853,0.06582333,0.08123022,-0.0051007234
1579,0.30608857,0.090034775,0.15022144,0.099801496,0.15586713,-0.00976672
1580,0.046580147,0.028929176,0.03566904,0.026845593,0.010911107,0.0020835828
1581,0.53847307,0.251273,0.29088372,0.22400096,0.24758935,0.027272046
1582,0.83599347,0.30808306,0.3721069,0.25771925,0.46388656,0.05036381
1583,0.78978455,0.22820638,0.3216111,0.22876367,0.46817344,-0.0005572885
1584,0.63068235,0.17370781,0.23878591,0.15731339,0.39189643,0.016394421
1585,0.7808423,0.13869119,0.29372948,0.16579978,0.48711282,-0.027108595
1586,0.5423066,0.16776428,0.21322589,0.15689495,0.3290807,0.010869324
1587,0.04587229,0.12871481,0.07584674,0.056695156,-0.02997445,0.07201966
1588,0.62009275,0.18139583,0.26609704,0.17112693,0.3539957,0.010268897
1589,0.06021107,0.15192139,0.060680497,0.047889136,-0.00046942756,0.104032256
1590,0.08184886,0.08959264,0.112818815,0.08360874,-0.030969955,0.005983904
1591,0.575686,0.17098372,0.20420969,0.14084715,0.3714763,0.03013657
1592,0.60837513,0.17486824,0.244,0.15900137,0.3643751,0.015866876
1593,0.8959032,0.3005255,0.48490357,0.3069024,0.41099966,-0.006376922
1594,0.73687106,0.22260208,0.34345365,0.22979584,0.39341742,-0.007193759
1595,0.9295876,0.38169995,0.37362903,0.29675716,0.55595857,0.08494279
1596,0.8985387,0.28120175,0.44617906,0.29141772,0.45235965,-0.010215968
1597,0.3294629,0.1391572,0.19503297,0.13175258,0.13442992,0.0074046254
1598,0.7577913,0.3054906,0.35275584,0.26259,0.40503544,0.042900622
1599,0.05840876,-0.0018035468,0.034095936,0.018739108,0.024312824,-0.020542655
1600,0.03683713,0.07519046,0.008959817,0.010695124,0.027877314,0.06449534
1601,0.65067047,0.24093068,0.30676183,0.23329437,0.34390864,0.0076363087
1602,0.9467587,0.22786802,0.32268408,0.23534112,0.6240746,-0.0074730963
1603,0.1397566,0.027262168,0.05133476,0.029689098,0.088421844,-0.0024269298
1604,0.78865993,0.28033534,0.4086574,0.2801438,0.38000253,0.00019153953
1605,0.526098,0.20978414,0.25804538,0.17241582,0.26805264,0.037368312
1606,0.5330956,0.15633665,0.24121046,0.15678212,0.29188514,-0.0004454702
1607,0.48412323,0.16868211,0.22905469,0.16567518,0.25506854,0.0030069351
1608,1.1028452,0.21512201,0.35901147,0.25359648,0.7438337,-0.03847447
1609,0.77539766,0.2813658,0.39509612,0.27366617,0.38030154,0.0076996386
1610,0.8356556,0.21817262,0.23308054,0.16907668,0.60257506,0.049095944
1611,0.23869243,0.10732303,0.13338956,0.08898244,0.10530287,0.018340588
1612,0.50008535,0.22481495,0.30849883,0.22184546,0.19158652,0.0029694885
1613,0.4886178,0.1478902,0.1841799,0.14001241,0.3044379,0.007877782
1614,0.5174111,0.14001396,0.2241734,0.15626004,0.29323772,-0.01624608
1615,0.09632214,0.039008275,0.055844642,0.042606607,0.0404775,-0.0035983324
1616,0.10551566,0.052665718,0.043546587,0.032361902,0.06196907,0.020303816
1617,0.8813565,0.16820964,0.22332439,0.17327997,0.65803206,-0.0050703287
1618,0.63905233,0.16994326,0.32695442,0.2047395,0.3120979,-0.034796238
1619,0.93350273,0.33705977,0.47438234,0.30980784,0.4591204,0.027251929
1620,0.9322848,0.3091964,0.37686744,0.29374927,0.5554173,0.01544714
1621,0.24707921,0.16216986,0.16331843,0.13000205,0.08376078,0.032167807
1622,0.10203912,-0.0031898671,0.056937385,0.032824554,0.045101736,-0.03601442
1623,0.9984384,0.31043035,0.39850202,0.29878458,0.59993637,0.011645764
1624,0.075616285,0.073330134,0.07294811,0.05540542,0.0026681721,0.017924715
1625,0.74709666,0.236667,0.3220107,0.22022994,0.42508596,0.016437069
1626,0.36749923,0.13386165,0.1979548,0.12904295,0.16954443,0.004818693
1627,0.0918687,0.11293299,0.08975081,0.06578869,0.0021178871,0.0471443
1628,1.0653408,0.2534257,0.3506029,0.24213994,0.7147379,0.011285752
1629,0.51711303,0.13192037,0.29254955,0.17693552,0.22456348,-0.045015156
1630,0.79201895,0.18563491,0.31632072,0.19121905,0.47569823,-0.0055841357
1631,1.1440126,0.3603201,0.4472998,0.31961983,0.69671273,0.040700257
1632,0.5710698,0.14592974,0.22739294,0.16165307,0.34367684,-0.015723333
1633,0.8561991,0.27596274,0.39066252,0.28578165,0.46553656,-0.009818912
1634,0.9667005,0.3166174,0.49214238,0.33899242,0.47455812,-0.022375017
1635,0.95812166,0.4296051,0.5834979,0.41436607,0.37462378,0.01523903
1636,0.106734246,0.02930119,0.03696001,0.030099224,0.06977424,-0.00079803355
1637,0.81601673,0.14849481,0.22842804,0.15792477,0.58758867,-0.009429961
1638,0.70986044,0.37603444,0.47980243,0.35097978,0.23005801,0.025054663
1639,0.6251872,0.25140607,0.29916137,0.22052498,0.32602584,0.030881092
1640,0.7013359,0.13657574,0.22507593,0.15313652,0.47625998,-0.016560778
1641,0.66399145,0.26305112,0.34909162,0.22980943,0.31489983,0.03324169
1642,0.18771753,-0.0028048772,0.0866904,0.051370673,0.10102712,-0.05417555
1643,0.22736263,0.15569538,0.13610122,0.097339615,0.09126142,0.058355764
1644,0.59523773,0.14973848,0.2232407,0.15649024,0.37199703,-0.006751761
1645,0.63363206,0.22156999,0.2709646,0.21014805,0.36266747,0.011421934
1646,0.97180605,0.33148092,0.4513189,0.3038991,0.5204872,0.027581811
1647,0.76544183,0.16048339,0.2809139,0.19822104,0.48452795,-0.037737653
1648,0.14063618,0.061551373,0.05001255,0.043557502,0.090623625,0.017993871
1649,0.823137,0.2624694,0.33895952,0.24058501,0.48417747,0.021884397
1650,0.7236776,0.3473855,0.46451363,0.31069684,0.25916395,0.036688656
1651,0.8008769,0.2775436,0.36499995,0.2568844,0.43587697,0.020659208
1652,0.64490724,0.21235156,0.2905465,0.22682512,0.35436073,-0.0144735575
1653,0.88498133,0.17706159,0.24629071,0.17191744,0.6386906,0.005144149
1654,1.0159401,0.35100722,0.4858784,0.33527574,0.53006166,0.015731484
1655,0.06561645,0.06637134,0.05412841,0.04323203,0.011488043,0.023139305
1656,0.25777128,0.19972502,0.19826324,0.13435267,0.05950804,0.06537235
1657,0.61837566,0.19460943,0.28360358,0.20036192,0.33477208,-0.005752489
1658,0.24538137,0.04433141,0.043596063,0.028437579,0.20178531,0.01589383
1659,1.062988,0.342496,0.43260255,0.2935756,0.6303855,0.048920393
1660,0.6624706,0.16622259,0.22142258,0.14771292,0.441048,0.018509671
1661,0.0043957983,0.09261381,0.02685324,0.019385722,-0.022457441,0.07322809
1662,0.057654947,0.0700417,0.06698929,0.05883339,-0.009334341,0.011208311
1663,0.73769397,0.18634889,0.31280684,0.21489629,0.42488712,-0.028547406
1664,0.52970636,0.18994589,0.24453123,0.16649313,0.28517514,0.023452759
1665,0.19968958,0.00028733915,0.061526686,0.045253932,0.1381629,-0.044966593
1666,1.0444002,0.22174318,0.32368225,0.21215709,0.72071797,0.009586096
1667,0.66922283,0.104585335,0.18669702,0.1155168,0.48252583,-0.010931462
1668,0.023452234,0.02981328,0.018492866,0.01430505,0.004959367,0.015508231
1669,0.14588098,0.03066793,0.11612208,0.07930866,0.0297589,-0.048640728
1670,0.6817563,0.33364877,0.4496831,0.31248745,0.23207322,0.021161318
1671,0.21305384,0.043798715,0.053265374,0.04272259,0.15978846,0.0010761246
1672,0.66926503,0.21657744,0.2809671,0.20676586,0.38829795,0.00981158
1673,0.15254624,0.08368837,0.10594209,0.06476432,0.04660415,0.01892405
1674,1.1406776,0.3530616,0.38705257,0.25234777,0.75362504,0.10071382
1675,0.16847149,0.10054997,0.12898591,0.0935846,0.039485574,0.0069653764
1676,0.9724261,0.27913094,0.41071844,0.28777203,0.5617077,-0.008641094
1677,0.7174591,0.27378625,0.3648649,0.26915982,0.3525942,0.004626423
1678,-0.005199072,-0.0014188337,0.03333392,0.020261753,-0.03853299,-0.021680588
1679,0.85052925,0.29939535,0.39856097,0.29817033,0.45196828,0.0012250245
1680,0.8440392,0.3473545,0.35495025,0.28526217,0.48908895,0.062092334
1681,0.71927124,0.15516311,0.22700052,0.1537314,0.4922707,0.0014317036
1682,0.762503,0.2670782,0.38215294,0.27283716,0.38035008,-0.005758971
1683,1.4174126,0.4205447,0.6802821,0.43545613,0.7371305,-0.014911413
1684,0.8006787,0.25265482,0.37129456,0.27407795,0.4293841,-0.021423131
1685,1.0066444,0.14815408,0.25490648,0.16977836,0.7517379,-0.021624282
1686,0.05010772,0.053581834,0.06403302,0.04783394,-0.013925295,0.0057478957
1687,0.10825532,0.08718901,0.05452975,0.044203345,0.05372557,0.042985667
1688,0.5536805,0.14725514,0.24715006,0.15782443,0.30653042,-0.010569289
1689,0.44559613,0.12820837,0.14043944,0.10781677,0.3051567,0.020391598
1690,0.8225731,0.33340073,0.46043357,0.33634484,0.36213955,-0.0029441118
1691,0.26512474,0.061757635,0.08205295,0.054814547,0.18307179,0.006943088
1692,0.43942115,0.15238205,0.18621095,0.12677649,0.2532102,0.02560556
1693,0.48272297,0.10104398,0.15215246,0.107967,0.33057052,-0.00692302
1694,0.100069344,0.03461919,0.03480424,0.03083007,0.065265104,0.0037891194
1695,1.5655723,0.59979326,0.71856844,0.52676654,0.8470038,0.07302672
1696,0.81697416,0.2494529,0.36952668,0.2706057,0.44744748,-0.02115281
1697,0.14193533,0.08524387,0.09644457,0.07739423,0.045490764,0.007849641
1698,0.6065322,0.16449715,0.2504055,0.16429512,0.35612673,0.00020202994
1699,0.7260464,0.29344648,0.33442113,0.23435542,0.39162526,0.05909106
1700,0.20053004,0.0797014,0.113139674,0.08266189,0.08739036,-0.0029604882
1701,0.25744084,0.06863514,0.049770348,0.034965448,0.20767048,0.033669695
1702,0.67122406,0.1988256,0.21817335,0.1624038,0.4530507,0.03642179
1703,0.08612568,0.023926664,0.021442158,0.012664193,0.06468352,0.011262471
1704,0.09384212,0.12712696,0.055723615,0.034738395,0.038118504,0.09238857
1705,0.09733752,0.12388357,0.09487559,0.06730978,0.0024619326,0.056573786
1706,0.37526193,0.08579205,0.11640978,0.06898725,0.25885215,0.0168048
1707,0.37008327,0.14408986,0.13614681,0.09584169,0.23393646,0.04824817
1708,0.07719662,-0.0101451855,0.07215671,0.041462857,0.005039908,-0.05160804
1709,1.0305616,0.16591379,0.27582753,0.19517908,0.75473404,-0.029265285
1710,0.29212913,0.13512221,0.1728901,0.12219639,0.11923903,0.012925819
1711,0.15530072,0.102733396,0.06536857,0.048844118,0.08993215,0.05388928
1712,0.89838845,0.19857062,0.24740872,0.17300847,0.65097976,0.025562152
1713,0.7675817,0.29670832,0.41736072,0.2732827,0.35022098,0.023425609
1714,0.79015315,0.18788312,0.26438206,0.18272136,0.5257711,0.0051617622
1715,0.18917146,0.14355282,0.10847689,0.078375936,0.08069457,0.06517689
1716,0.82148135,0.09103392,0.16841981,0.11462601,0.6530615,-0.023592092
1717,0.84631604,0.1430652,0.22840092,0.16028503,0.61791515,-0.017219827
1718,0.012554479,-0.016286831,0.023260657,0.017666042,-0.010706178,-0.033952873
1719,0.7547925,0.30051062,0.3838324,0.27963635,0.37096012,0.020874262
1720,-0.04157741,0.098968334,-0.0021995995,-0.006660496,-0.03937781,0.10562883
1721,-0.03300135,0.17099975,0.015924904,0.014960868,-0.048926253,0.15603888
1722,0.8127401,0.27637368,0.41313857,0.2669731,0.39960152,0.009400576
1723,0.91941184,0.25769907,0.4339127,0.26530248,0.48549914,-0.007603407
1724,-0.051578645,0.11729801,0.012599826,0.0036657925,-0.06417847,0.11363222
1725,0.4117189,0.1827135,0.25230998,0.1804275,0.15940893,0.0022859871
1726,0.7884524,0.236075,0.32604477,0.21063356,0.46240762,0.025441438
1727,0.03597242,-0.026974129,0.055251587,0.03166194,-0.019279167,-0.05863607
1728,0.042250115,0.05161612,0.023898996,0.021494279,0.018351119,0.030121842
1729,0.61251575,0.23973443,0.35228282,0.23916288,0.26023293,0.00057154894
1730,0.78180176,0.37204698,0.47228137,0.3142356,0.3095204,0.05781138
1731,0.048713557,0.041843664,0.03580878,0.030312989,0.012904778,0.011530675
1732,0.8280657,0.305238,0.41804695,0.29689604,0.41001874,0.008341968
1733,0.0655309,-0.025211466,0.035487175,0.025686577,0.030043729,-0.050898045
1734,0.67987823,0.3755354,0.43896955,0.3420817,0.24090868,0.033453703
1735,0.7517193,0.20241036,0.30755034,0.22245765,0.44416896,-0.020047292
1736,0.90999407,0.3301952,0.39419475,0.30914897,0.5157993,0.021046221
1737,0.14232765,0.19377588,0.14674297,0.10148563,-0.0044153184,0.092290245
1738,0.4539198,0.09210204,0.13707018,0.09659608,0.31684962,-0.0044940338
1739,0.05409948,-0.032445338,0.016284198,0.009821012,0.037815284,-0.04226635
1740,0.735306,0.21607983,0.2610969,0.18745168,0.47420913,0.028628156
1741,0.32406572,0.15125844,0.19048804,0.13632408,0.13357767,0.014934361
1742,0.12575424,-0.00027329722,0.08249957,0.05067729,0.043254666,-0.050950587
1743,0.131885,0.08792795,0.042971656,0.028352851,0.08891335,0.059575103
1744,0.013748031,-0.035983358,0.026816636,0.016384821,-0.013068605,-0.05236818
1745,0.41489887,0.12330342,0.15329559,0.1143267,0.2616033,0.00897672
1746,0.7453745,0.24742857,0.35335922,0.23399417,0.39201528,0.013434395
1747,0.11914015,0.18216836,0.024416769,0.009730475,0.09472338,0.17243789
1748,0.11468265,0.0944687,0.093875505,0.07544019,0.020807147,0.019028507
1749,0.8330107,0.27728617,0.40976277,0.31245822,0.4232479,-0.035172045
1750,1.2128196,0.39443314,0.5395382,0.41686362,0.6732814,-0.02243048
1751,0.7233645,0.28407884,0.41572848,0.28286558,0.307636,0.0012132525
1752,0.57919705,0.21402527,0.30925193,0.20807958,0.2699451,0.0059456974
1753,0.8866155,0.3022117,0.40939513,0.3018859,0.4772204,0.000325799
1754,0.08852806,0.041943982,0.033566035,0.02779572,0.054962024,0.014148261
1755,0.6261877,0.2962189,0.3662148,0.27508917,0.25997287,0.021129727
1756,0.34418342,0.11206815,0.18541639,0.11241007,0.15876703,-0.00034192204
1757,0.6757192,0.15852313,0.22673571,0.1588991,0.4489835,-0.0003759712
1758,0.14609917,0.050312895,0.09424244,0.06370502,0.051856726,-0.013392124
1759,-0.00014624302,0.0055037746,0.026501218,0.01714259,-0.026647462,-0.0116388155
1760,0.03517427,0.052834693,0.022620406,0.0140888,0.012553863,0.038745895
1761,0.74988955,0.17984714,0.21001132,0.14789718,0.53987825,0.031949952
1762,0.5256996,0.16412425,0.22298427,0.16745123,0.30271536,-0.0033269823
1763,0.50992346,0.2280023,0.35757345,0.24440828,0.15235001,-0.016405985
1764,0.7603088,0.24974622,0.30568904,0.21856551,0.45461977,0.03118071
1765,0.032332968,0.0061330576,0.06816772,0.04880137,-0.035834756,-0.042668313
1766,0.09428026,-0.016847497,0.060794275,0.035870742,0.033485983,-0.052718237
1767,0.84927505,0.32170174,0.36230573,0.25154677,0.48696932,0.070154965
1768,0.062277246,0.15249762,0.04466338,0.03090319,0.017613865,0.12159443
1769,0.8376908,0.18433672,0.21667561,0.14599971,0.6210152,0.038337007
1770,0.4123262,0.20020962,0.20891845,0.15603746,0.20340773,0.044172153
1771,0.103702,0.08993742,0.10748492,0.08549738,-0.0037829205,0.0044400394
1772,0.2584316,0.048386447,0.14974263,0.06927834,0.10868898,-0.02089189
1773,0.13612239,0.028765827,0.032915004,0.022401277,0.10320739,0.0063645504
1774,0.88366675,0.27661335,0.39959592,0.2794612,0.48407084,-0.0028478503
1775,0.88834107,0.26329863,0.41808015,0.28977138,0.47026092,-0.026472747
1776,-0.008312725,0.019378869,0.035037674,0.026635772,-0.0433504,-0.0072569028
1777,0.029626261,-0.0219905,0.03250436,0.02384536,-0.0028780997,-0.04583586
1778,0.37107563,0.10934239,0.16040775,0.12323091,0.21066788,-0.013888523
1779,0.072976194,0.07389804,0.043132655,0.026803678,0.029843539,0.04709436
1780,0.547533,0.16589157,0.21351285,0.16327941,0.33402014,0.0026121587
1781,0.9189316,0.16559862,0.30715874,0.18814106,0.6117729,-0.022542447
1782,0.9296974,0.40594882,0.5103704,0.36569795,0.41932702,0.040250868
1783,0.6042942,0.25968343,0.36795133,0.28059402,0.23634285,-0.02091059
1784,1.0808051,0.3153605,0.53630877,0.32485598,0.5444963,-0.009495497
1785,0.14153491,-0.023649525,0.050312124,0.03228146,0.091222785,-0.055930983
1786,0.08741375,0.13695952,0.04625545,0.028999439,0.0411583,0.10796008
1787,0.6110973,0.30955735,0.3351854,0.2581558,0.27591187,0.051401556
1788,0.4763919,0.14057988,0.18868837,0.1310896,0.28770354,0.009490281
1789,0.2269352,0.12703437,0.11911652,0.08991369,0.10781867,0.037120678
1790,0.14515169,0.095923774,0.08212932,0.0654964,0.06302237,0.030427374
1791,-0.037581857,0.045759514,0.013521912,0.0086052045,-0.05110377,0.03715431
1792,0.11888774,0.12813307,0.12951896,0.08914314,-0.010631219,0.03898993
1793,0.038206413,0.032763824,0.017452162,0.018335676,0.020754252,0.014428148
1794,0.78998125,0.21918862,0.37553078,0.24625838,0.41445047,-0.027069762
1795,0.22618218,0.0841153,0.09692572,0.078520775,0.12925646,0.0055945218
1796,-0.0036360046,-0.010580754,0.0058813887,0.00391601,-0.009517393,-0.014496764
1797,0.10232125,0.026044324,0.04639108,0.03433461,0.05593017,-0.008290287
1798,0.53949463,0.27462015,0.36171883,0.23948106,0.1777758,0.035139084
1799,0.09672903,0.015896546,0.07429878,0.048118114,0.022430256,-0.03222157
1800,0.08994721,-0.017321251,0.031460546,0.017796908,0.058486663,-0.03511816
1801,-0.02872092,0.106010295,0.04437418,0.030454108,-0.0730951,0.07555619
1802,0.723695,0.21537372,0.29321045,0.2097104,0.43048453,0.0056633204
1803,1.0204226,0.34909022,0.4531516,0.31734174,0.567271,0.031748474
1804,1.2564265,0.33460414,0.546619,0.33600014,0.70980746,-0.0013960004
1805,0.7262504,0.18362059,0.25044984,0.17262955,0.47580057,0.010991037
1806,0.20302334,0.14078453,0.10014894,0.066894025,0.102874406,0.07389051
1807,1.0578446,0.36434168,0.41882786,0.28891334,0.63901675,0.07542834
1808,0.03684545,0.021519108,0.006910623,0.008268529,0.029934827,0.013250579
1809,0.83153856,0.351672,0.4605886,0.32603204,0.37094995,0.025639951
1810,-0.02553951,-0.04796265,0.007630837,0.0054548024,-0.033170346,-0.05341745
1811,0.7604708,0.105256826,0.13913426,0.10535977,0.6213366,-0.00010294467
1812,0.008940437,0.14947595,0.033673257,0.025165822,-0.02473282,0.12431012
1813,0.8376382,0.31073675,0.37240022,0.26186404,0.46523798,0.04887271
1814,0.26324555,0.044243686,0.05636117,0.037724055,0.20688438,0.0065196306
1815,0.3287558,0.17200254,0.22343941,0.16497307,0.105316386,0.007029474
1816,0.5781878,0.19665702,0.32755947,0.23034243,0.25062835,-0.033685416
1817,0.08232745,0.026478153,0.058999598,0.033442646,0.02332785,-0.0069644935
1818,0.23187593,0.17745689,0.17818908,0.10289961,0.053686842,0.074557275
1819,0.31919646,0.117114715,0.16220208,0.11247432,0.15699439,0.004640393
1820,0.14050621,0.0728297,0.090517044,0.06080385,0.049989164,0.012025852
1821,0.9160372,0.21083277,0.3204881,0.23838063,0.5955491,-0.027547851
1822,0.3071983,0.11933299,0.1446003,0.08747171,0.16259798,0.031861283
1823,0.81173,0.29718593,0.43923363,0.26838025,0.3724964,0.028805673
1824,0.44287348,0.11370449,0.14856452,0.11854637,0.29430896,-0.004841879
1825,-0.0090697585,0.1272517,0.019207576,0.010428743,-0.028277334,0.11682296
1826,0.12534936,0.026425213,0.045646574,0.028150674,0.07970278,-0.0017254613
1827,0.06468551,-0.027741252,0.036769245,0.028283874,0.027916264,-0.056025125
1828,0.17563148,0.09525659,0.07250924,0.052024223,0.10312224,0.043232366
1829,0.08534691,-0.00442449,0.042268883,0.022270594,0.043078024,-0.026695084
1830,0.21629013,0.06907565,0.110674396,0.074037135,0.105615735,-0.004961483
1831,0.7455199,0.27645865,0.37407762,0.26804662,0.37144226,0.008412033
1832,0.6913862,0.2972467,0.39834183,0.28316224,0.2930444,0.014084458
1833,0.9910669,0.42508978,0.5656222,0.40512115,0.42544466,0.019968629
1834,0.10299504,0.0772852,0.08184602,0.060078062,0.021149017,0.017207138
1835,0.8063826,0.21542202,0.2819899,0.20494588,0.5243927,0.010476142
1836,0.5180241,0.16681252,0.20905387,0.15515247,0.3089702,0.011660054
1837,1.1098624,0.27200383,0.32244506,0.23322122,0.7874174,0.03878261
1838,0.19666016,0.095758274,0.106504224,0.06916254,0.09015594,0.026595734
1839,0.72937846,0.26327115,0.3324136,0.24686435,0.39696485,0.016406804
1840,0.7808477,0.29098907,0.35919443,0.2726738,0.4216533,0.018315285
1841,0.102529936,0.044283114,0.09382736,0.058805298,0.008702576,-0.014522184
1842,-0.017774213,0.01811615,0.011161503,0.011099035,-0.028935716,0.007017115
1843,0.64294726,0.2004474,0.21470079,0.15389985,0.42824647,0.046547547
1844,0.17259656,0.085541405,0.06555665,0.051299144,0.107039906,0.03424226
1845,0.0759796,-0.036081254,0.013320821,0.01127888,0.06265878,-0.047360133
1846,0.57300013,0.21505894,0.30439708,0.21457043,0.26860306,0.00048850477
1847,0.88249224,0.37512514,0.46489844,0.3443253,0.4175938,0.030799836
1848,0.04237281,-0.0027899735,0.045216948,0.029165858,-0.0028441362,-0.03195583
1849,0.062382944,-0.02061241,0.04653214,0.028932383,0.015850805,-0.049544793
1850,0.6246141,0.20622507,0.2584591,0.19367671,0.36615503,0.012548357
1851,0.8071967,0.3473882,0.48629004,0.32151228,0.32090664,0.025875926
1852,0.040528465,-0.021619529,0.05203365,0.028409401,-0.011505187,-0.050028928
1853,0.19329889,-0.0058523067,0.07508326,0.050221663,0.11821563,-0.05607397
1854,0.4119047,0.1865811,0.23589258,0.16782555,0.17601211,0.018755555
1855,0.9961085,0.114727184,0.22025676,0.1495033,0.7758517,-0.03477612
1856,0.32318348,0.13273822,0.14847188,0.11822869,0.1747116,0.014509529
1857,1.0090283,0.2292134,0.39883104,0.24293077,0.6101973,-0.013717368
1858,0.049538087,0.011914908,0.050800264,0.031608813,-0.0012621768,-0.019693904
1859,0.7046043,0.13494602,0.21573362,0.15127912,0.4888707,-0.016333103
1860,-0.023001593,0.116996035,0.010842709,0.004153841,-0.0338443,0.112842195
1861,0.74485207,0.16172336,0.32125473,0.20952818,0.42359734,-0.047804818
1862,0.5661013,0.24770996,0.3552025,0.25807187,0.21089882,-0.01036191
1863,0.2929106,0.06401366,0.06721391,0.052352905,0.2256967,0.011660755
1864,0.21389739,0.07099217,0.059220742,0.03839787,0.15467665,0.0325943
1865,0.74970865,0.22166437,0.29991847,0.2221816,0.44979018,-0.0005172342
1866,0.14128451,0.031413514,0.0668375,0.041153517,0.07444701,-0.009740002
1867,0.83381516,0.27560332,0.39760217,0.2676676,0.436213,0.007935733
1868,0.9093278,0.21687035,0.37230444,0.23940313,0.53702337,-0.022532776
1869,1.0090348,0.25807258,0.27498212,0.20691872,0.73405266,0.05115387
1870,0.4300103,0.21329698,0.23733635,0.16641322,0.19267394,0.046883762
1871,1.3573016,0.54629725,0.68466216,0.5258807,0.6726394,0.020416558
1872,0.95666647,0.3281703,0.4258524,0.3064833,0.53081405,0.021687001
1873,0.85250974,0.20592608,0.25827608,0.19737968,0.59423363,0.008546397
1874,0.02140683,0.002157409,0.02233367,0.012839171,-0.00092684105,-0.010681762
1875,0.13158487,0.04477559,0.043349497,0.03681538,0.08823537,0.0079602115
1876,0.18146084,0.016947245,0.06878884,0.048533298,0.112672,-0.03158605
1877,0.40241206,0.22578168,0.2707215,0.19983448,0.13169056,0.025947198
1878,0.008454159,0.11716113,0.011440488,0.0073470036,-0.0029863287,0.10981413
1879,0.8031215,0.28249562,0.35001853,0.24504504,0.45310298,0.03745058
1880,0.1716739,0.06489864,0.10528699,0.067001864,0.0663869,-0.0021032244
1881,0.85241145,0.16674943,0.24139695,0.16717182,0.6110145,-0.00042238832
1882,0.41116735,0.18685064,0.21198845,0.14996426,0.1991789,0.03688638
1883,0.7912256,0.23780943,0.3465902,0.25526494,0.44463542,-0.017455503
1884,0.40746173,0.14609572,0.13691689,0.09311315,0.27054483,0.052982576
1885,0.023545226,0.03788856,0.015351635,0.014963252,0.008193591,0.02292531
1886,0.56410533,0.1924591,0.25844014,0.19970937,0.3056652,-0.0072502643
1887,1.1331421,0.19254467,0.41630054,0.2441543,0.7168416,-0.051609635
1888,0.89510053,0.23316589,0.33120543,0.23786564,0.5638951,-0.0046997517
1889,0.71321535,0.19060946,0.27379948,0.19210784,0.43941587,-0.0014983863
1890,0.5362978,0.22731362,0.26001185,0.1850163,0.27628595,0.04229732
1891,0.48107475,0.11316857,0.161875,0.11206076,0.31919974,0.0011078045
1892,0.07967335,-0.029180832,0.037381046,0.026871065,0.042292304,-0.056051895
1893,0.14515774,0.059384037,0.06867027,0.044050068,0.07648747,0.015333969
1894,0.026431859,-0.018323762,0.02859152,0.019407671,-0.0021596607,-0.03773143
1895,0.32946277,0.1147942,0.17027405,0.12651029,0.15918872,-0.01171609
1896,0.0065269493,0.1202945,0.051247127,0.028125804,-0.044720177,0.09216869
1897,0.63268816,0.13704942,0.2558184,0.18632306,0.37686977,-0.04927364
1898,0.18523163,0.0060115685,0.09937925,0.06369577,0.08585238,-0.057684205
1899,0.87316966,0.19758296,0.33756968,0.22516517,0.53559995,-0.027582213
1900,0.9346358,0.26937255,0.4633777,0.30153456,0.4712581,-0.03216201
1901,0.4718663,0.24812762,0.27320614,0.205394,0.19866017,0.042733625
1902,1.060305,0.35022566,0.38699606,0.2726131,0.67330897,0.07761255
1903,0.43678537,0.14346284,0.16775769,0.12283802,0.26902768,0.020624816
1904,0.5459585,0.124954775,0.17853372,0.13739136,0.3674248,-0.012436584
1905,0.89777064,0.36715645,0.44432783,0.33381587,0.4534428,0.033340573
1906,0.31708923,0.088803165,0.11449144,0.07476743,0.2025978,0.014035732
1907,0.01755299,0.008591792,0.0476887,0.028218335,-0.03013571,-0.019626543
1908,0.20672956,0.037870955,0.1257747,0.09104918,0.080954865,-0.053178225
1909,0.36855203,0.1514423,0.20701799,0.124478936,0.16153404,0.026963368
1910,0.5224877,0.16651952,0.22053984,0.16322938,0.30194786,0.0032901466
1911,0.17370547,0.07685947,0.08369895,0.06470148,0.09000652,0.012157984
1912,0.87917197,0.27593488,0.44239005,0.27934575,0.4367819,-0.0034108758
1913,0.13163252,0.09347787,0.01945008,0.011556589,0.11218244,0.08192128
1914,0.9128348,0.22207649,0.3625899,0.22563982,0.5502449,-0.0035633296
1915,0.74414825,0.23432328,0.35919276,0.21261187,0.3849555,0.02171141
1916,0.11220608,0.059156127,0.102922045,0.07206586,0.009284034,-0.012909733
1917,1.0012925,0.28977266,0.44039565,0.28946704,0.5608968,0.00030562282
1918,0.059149332,0.11181805,0.041937746,0.02394621,0.017211586,0.08787184
1919,0.5290614,0.253046,0.29507408,0.20055676,0.2339873,0.05248925
1920,0.28641492,0.062100627,0.114303395,0.06926427,0.17211153,-0.007163644
1921,0.47135022,0.19542211,0.29765803,0.20336609,0.1736922,-0.007943973
1922,0.40109316,0.09184301,0.13090906,0.098193675,0.2701841,-0.0063506663
1923,0.045857925,-0.0054756314,0.028512519,0.017903322,0.017345406,-0.023378953
1924,0.35435012,0.27231312,0.18057331,0.11257807,0.1737768,0.15973505
1925,0.120778024,0.050480887,0.085881256,0.06366961,0.03489677,-0.01318872
1926,0.44554737,0.051174555,0.09432013,0.058423556,0.35122722,-0.0072490014
1927,0.13339223,0.09956953,0.056432284,0.0410946,0.076959945,0.05847493
1928,0.5312652,0.2687864,0.32141507,0.22951074,0.20985013,0.03927566
1929,0.94853854,0.26667228,0.4552211,0.27791652,0.49331746,-0.011244237
1930,1.0827831,0.32783967,0.47676873,0.33486667,0.6060144,-0.007027
1931,0.0009938724,0.043867283,0.02097924,0.018364415,-0.019985368,0.025502868
1932,0.14633957,0.105349235,0.07810844,0.05868554,0.06823113,0.046663694
1933,0.09659945,0.089867175,0.100328326,0.07168212,-0.003728874,0.018185057
1934,0.8270199,0.19279231,0.26400727,0.16985048,0.5630126,0.022941828
1935,0.66525507,0.26867783,0.3764655,0.2690819,0.28878957,-0.0004040599
1936,1.0502131,0.33833122,0.41062173,0.28637323,0.63959134,0.051957995
1937,0.790376,0.2472866,0.36716,0.24788356,0.42321602,-0.0005969554
1938,0.7674147,0.32172966,0.4222424,0.26540965,0.3451723,0.05632001
1939,0.13672069,0.072148085,0.073908195,0.058066715,0.06281249,0.01408137
1940,0.71337116,0.19732264,0.24882686,0.18815562,0.4645443,0.009167016
1941,0.48872706,0.23370387,0.3242747,0.21401413,0.16445237,0.019689739
1942,1.4594735,0.4367995,0.5956018,0.39828724,0.8638717,0.03851226
1943,0.211415,0.04798071,0.0962573,0.06684737,0.11515769,-0.018866658
1944,0.7467674,0.14601918,0.199904,0.14234464,0.54686344,0.003674537
1945,0.9720575,0.27323732,0.33341214,0.24507487,0.6386454,0.02816245
1946,0.86421144,0.24823052,0.32269526,0.21774659,0.5415162,0.030483931
1947,1.0419211,0.3989681,0.53977215,0.38786498,0.502149,0.011103123
1948,0.2699286,0.12638,0.0815714,0.060479015,0.1883572,0.06590098
1949,0.107605055,-0.010496596,0.062847786,0.04537831,0.04475727,-0.055874906
1950,0.027183816,0.029434431,0.01847824,0.015458587,0.008705575,0.013975845
1951,0.49109876,0.1459662,0.23256846,0.14646699,0.25853032,-0.0005007833
1952,0.86157715,0.17606173,0.23856327,0.14828828,0.62301385,0.027773455
1953,0.82526845,0.14552772,0.2092556,0.13692775,0.6160128,0.008599967
1954,0.7410139,0.24754177,0.36483997,0.2553284,0.3761739,-0.0077866167
1955,0.6430983,0.34938803,0.34291664,0.27906173,0.30018166,0.0703263
1956,0.045050345,0.12657243,0.029752541,0.025781557,0.015297804,0.10079087
1957,0.15177162,0.036418315,0.06600648,0.03515139,0.08576514,0.0012669265
1958,-0.039673075,0.19037668,0.012989575,0.010027977,-0.05266265,0.18034871
1959,0.1893083,0.15785491,0.093161225,0.07089665,0.096147075,0.08695827
1960,0.9015735,0.19503,0.28029066,0.19827422,0.6212828,-0.0032442212
1961,0.7870493,0.22437675,0.27654353,0.19980486,0.5105058,0.024571896
1962,0.73257726,0.24790624,0.26182014,0.19222853,0.47075713,0.055677712
1963,0.71583074,0.17122813,0.2716199,0.17775545,0.44421086,-0.0065273196
1964,0.18639693,0.06482697,0.03246134,0.024607275,0.15393558,0.040219698
1965,0.82532585,0.26408765,0.3453031,0.24430099,0.48002276,0.019786656
1966,0.93336064,0.18843988,0.33386928,0.18954177,0.59949136,-0.0011018962
1967,0.75557566,0.17757773,0.2589584,0.18308684,0.49661726,-0.0055091083
1968,0.72943234,0.14625928,0.2273738,0.17558526,0.50205857,-0.029325977
1969,0.05502154,0.050440222,0.03311894,0.020920068,0.021902598,0.029520154
1970,0.75405264,0.39049122,0.491709,0.36528686,0.26234365,0.02520436
1971,0.07992541,0.04989227,0.06006822,0.045331273,0.01985719,0.004560996
1972,0.6093296,0.2051777,0.24281967,0.18866904,0.3665099,0.016508654
1973,0.7365158,0.17104967,0.29294354,0.17796609,0.44357228,-0.0069164187
1974,0.7295068,0.18343002,0.18333563,0.13111773,0.5461712,0.052312285
1975,0.62894714,0.21260484,0.2628128,0.20063281,0.36613435,0.011972025
1976,0.17776509,0.07959008,0.08250462,0.06407954,0.09526046,0.015510544
1977,0.06938563,0.0029950503,0.04598813,0.025979917,0.023397502,-0.022984868
1978,0.06351228,0.014943267,0.034608055,0.024264839,0.028904226,-0.009321571
1979,1.1039213,0.25219825,0.32338563,0.23159619,0.7805357,0.020602062
1980,0.56841254,0.2160754,0.27305064,0.19416356,0.2953619,0.021911845
1981,1.2589879,0.43200982,0.58954346,0.4066574,0.66944444,0.025352418
1982,0.600188,0.2367258,0.34342,0.23050621,0.25676802,0.0062195957
1983,0.43922222,0.19286908,0.27793628,0.17715356,0.16128594,0.015715525
1984,0.12307849,0.014658392,0.072259225,0.039055668,0.050819263,-0.024397276
1985,0.8695102,0.27364188,0.37808976,0.2519643,0.49142042,0.021677583
1986,0.3532941,0.20873713,0.23731546,0.16617827,0.11597864,0.042558864
1987,1.0522135,0.28363484,0.3346184,0.24830441,0.71759516,0.03533043
1988,0.22748947,0.04118567,0.116770074,0.089061834,0.1107194,-0.047876164
1989,-0.0188081,0.015190796,0.009873162,0.012405729,-0.028681263,0.002785067
1990,0.5355606,0.17255111,0.23732969,0.17666659,0.29823092,-0.004115477
1991,0.08777395,-0.0051329765,0.05930981,0.039717317,0.028464139,-0.044850294
1992,0.11041667,0.07463351,0.041503888,0.03185115,0.06891279,0.04278236
1993,0.4901165,0.16971734,0.17194803,0.09519857,0.31816846,0.07451877
1994,0.35966235,0.12873141,0.18102328,0.13653862,0.17863907,-0.00780721
1995,0.72854465,0.28379002,0.3448009,0.2447863,0.38374376,0.039003715
1996,0.72021276,0.18201289,0.2510057,0.16897571,0.46920705,0.013037175
1997,0.21254142,0.1699999,0.058485456,0.035119854,0.15405595,0.13488004
1998,0.7793929,0.3190014,0.37781435,0.29934996,0.40157855,0.019651443
1999,0.05230884,0.022059474,0.062222905,0.038266417,-0.009914067,-0.016206942
2000,0.9567474,0.2922096,0.5079783,0.32197428,0.4487691,-0.029764682
2001,0.6166727,0.17834671,0.15425234,0.10699508,0.46242034,0.071351625
2002,0.09496114,0.035300344,0.056988884,0.035170116,0.037972253,0.0001302287
2003,0.13023904,0.06866384,0.117939845,0.090262316,0.012299195,-0.021598473
2004,0.4993625,0.16482806,0.21270823,0.14399478,0.28665426,0.020833284
2005,0.94621396,0.40960297,0.5643457,0.41292223,0.38186824,-0.0033192635
2006,0.90108925,0.2989938,0.385248,0.27607647,0.51584125,0.02291733
2007,0.59254616,0.1865482,0.29089147,0.18346389,0.3016547,0.0030843168
2008,0.88493335,0.17176187,0.24223657,0.17061207,0.6426968,0.0011498034
2009,0.7553687,0.28162187,0.27649564,0.19244967,0.47887307,0.0891722
2010,0.88388443,0.15454756,0.26566178,0.161673,0.61822265,-0.0071254373
2011,0.030647198,-0.024922706,0.07585872,0.04275048,-0.045211524,-0.06767319
2012,0.9019936,0.3752403,0.58543324,0.38251784,0.31656033,-0.0072775483
2013,0.041003376,0.03902529,0.026003297,0.022050936,0.015000079,0.016974356
2014,0.52808917,0.15359592,0.2145578,0.1585227,0.31353137,-0.004926771
2015,0.7552331,0.22120889,0.3023602,0.19643335,0.4528729,0.024775535
2016,-0.008450337,-0.005763991,0.032196052,0.021580582,-0.04064639,-0.027344573
2017,0.032888833,0.036883224,0.03424955,0.026052484,-0.0013607182,0.0108307395
2018,0.07024171,0.03560004,0.052062206,0.03163473,0.018179506,0.0039653108
2019,0.59034365,0.20284231,0.27945432,0.19547348,0.31088933,0.007368833
2020,0.0123173855,0.0044829566,0.051371716,0.03263048,-0.03905433,-0.028147524
2021,0.28318712,0.034014706,0.04535631,0.033520557,0.23783082,0.0004941486
2022,0.29175687,0.19209296,0.14177415,0.10432229,0.14998272,0.08777066
2023,0.67086923,0.09521735,0.119655274,0.091067865,0.551214,0.0041494817
2024,0.043111008,0.15137658,0.09649016,0.06436751,-0.053379152,0.087009065
2025,0.6804149,0.43069685,0.578559,0.379026,0.10185593,0.05167085
2026,0.18941617,0.0677163,0.081773065,0.054945838,0.107643105,0.012770463
2027,0.21468128,0.091703594,0.113199785,0.07978459,0.1014815,0.011919007
2028,0.33181337,0.04309299,0.1325374,0.09269251,0.19927597,-0.04959952
2029,0.83449715,0.2092573,0.2894387,0.20373051,0.5450585,0.005526796
2030,0.1299576,0.06092152,0.05511129,0.04091315,0.07484631,0.02000837
2031,1.1653064,0.3828581,0.46654493,0.32983682,0.6987615,0.053021282
2032,0.8981696,0.3901849,0.45263633,0.3443722,0.44553325,0.045812696
2033,0.73511726,0.27708274,0.40094358,0.29563183,0.33417368,-0.018549085
2034,0.53395885,0.13537972,0.2936611,0.20914242,0.24029776,-0.0737627
2035,0.19298519,0.06893278,0.063545406,0.049855053,0.12943979,0.019077726
2036,0.83776575,0.25851175,0.32391763,0.23369575,0.5138481,0.024816006
2037,0.000918018,-0.021911971,0.023576006,0.022048313,-0.022657989,-0.043960284
2038,0.4793874,0.1338294,0.23503892,0.16149092,0.24434848,-0.027661517
2039,0.7506994,0.2028399,0.22692466,0.17430282,0.52377474,0.02853708
2040,0.093043126,-0.00093084347,0.06073941,0.034693755,0.032303717,-0.035624597
2041,0.1457585,0.09162676,0.10351328,0.08048902,0.042245217,0.011137746
2042,0.82896924,0.33560687,0.4590497,0.30510446,0.36991954,0.030502409
2043,0.07519416,0.028047783,0.053844035,0.038704757,0.021350123,-0.010656973
2044,0.8024242,0.19264568,0.2774014,0.21486613,0.5250228,-0.022220448
2045,0.6708777,0.17333202,0.2205334,0.15759845,0.4503443,0.01573357
2046,0.6270427,0.13366462,0.176077,0.11822655,0.4509657,0.015438072
2047,1.2212822,0.58287126,0.70356476,0.5544833,0.5177175,0.028387964
2048,0.81651354,0.29144374,0.45201913,0.3166521,0.3644944,-0.025208354
2049,0.6098925,0.13523884,0.18385443,0.13821368,0.42603806,-0.002974838
2050,0.7707563,0.2248617,0.295675,0.2265187,0.4750813,-0.0016570091
2051,0.26238224,0.11515766,0.13146229,0.100196205,0.13091995,0.014961451
2052,0.06513678,0.033594683,0.04464667,0.038176738,0.020490114,-0.004582055
2053,0.08963378,0.111783475,0.08533652,0.04757784,0.0042972565,0.06420563
2054,0.06952825,0.058217444,0.054225724,0.046898384,0.015302528,0.01131906
2055,0.76239395,0.11582379,0.18299374,0.12547296,0.5794002,-0.009649172
2056,0.76068276,0.25238106,0.3494611,0.25835368,0.41122165,-0.005972624
2057,1.1535277,0.3972744,0.52940357,0.37702024,0.62412417,0.020254165
2058,0.73385847,0.29665267,0.40765744,0.29435068,0.32620102,0.002301991
2059,0.63101727,0.13286142,0.22450724,0.14130923,0.40651003,-0.008447811
2060,0.20231695,0.05607542,0.06946021,0.042082936,0.13285674,0.013992485
2061,0.826764,0.10697392,0.18508781,0.11659099,0.6416762,-0.009617075
2062,1.1359234,0.4208079,0.55581445,0.4057364,0.58010894,0.015071511
2063,0.30136502,0.26489925,0.1505097,0.12999626,0.15085532,0.134903
2064,0.752632,0.2638478,0.4113183,0.28730837,0.34131372,-0.023460567
2065,0.36722186,0.12779965,0.16014437,0.11966469,0.20707749,0.008134954
2066,0.29548988,0.19763957,0.23693343,0.17590447,0.058556452,0.021735102
2067,0.75836,0.2601131,0.34025276,0.23599091,0.41810727,0.024122179
2068,0.9996969,0.34535867,0.44473052,0.31628984,0.5549664,0.029068828
2069,0.7785806,0.12958534,0.22039247,0.12887952,0.55818814,0.0007058233
2070,1.1775235,0.50714636,0.73271286,0.51457155,0.44481063,-0.007425189
2071,0.96713024,0.39805466,0.46524233,0.3242774,0.5018879,0.07377726
2072,0.49469298,0.04792683,0.045543693,0.02848101,0.44914928,0.019445818
2073,0.6451977,0.14855388,0.21325228,0.14509423,0.4319454,0.0034596473
2074,0.7863263,0.28390998,0.4682997,0.31701025,0.3180266,-0.033100277
2075,0.060862772,0.019826783,0.07097993,0.045613594,-0.010117158,-0.025786811
2076,0.06596257,0.06379119,0.049759142,0.037870698,0.016203426,0.025920495
2077,0.45907527,0.1719791,0.25653875,0.18021618,0.20253652,-0.008237079
2078,0.21555917,0.20202538,0.09972532,0.08152853,0.11583385,0.120496854
2079,0.68909115,0.28684926,0.3037215,0.23087676,0.38536966,0.0559725
2080,0.62391514,0.18981598,0.26942095,0.18877351,0.35449418,0.0010424703
2081,0.8387311,0.25148866,0.2723511,0.21327479,0.56638,0.038213864
2082,0.107284985,0.055402372,0.038121868,0.029851073,0.069163114,0.025551299
2083,0.97760797,0.30705127,0.4616538,0.3150553,0.51595414,-0.0080040395
2084,0.066021554,0.010540062,0.0541209,0.03900271,0.011900656,-0.028462648
2085,0.748287,0.4271392,0.55125755,0.38002795,0.19702947,0.047111243
2086,0.12823705,0.07075693,0.096554875,0.06647244,0.03168218,0.004284486
2087,0.7993816,0.346508,0.3799842,0.28843695,0.4193974,0.058071047
2088,0.91054034,0.29433548,0.3655346,0.27931815,0.54500574,0.015017331
2089,0.40009487,0.15632157,0.19507411,0.13599363,0.20502076,0.02032794
2090,0.11993366,0.06752044,0.081702136,0.06300484,0.03823152,0.004515603
2091,0.042416535,0.0478873,0.021985661,0.018516663,0.020430874,0.029370636
2092,0.78402793,0.37850368,0.43093047,0.34174296,0.35309747,0.036760718
2093,0.7312524,0.20885104,0.27637303,0.17832974,0.45487934,0.030521303
2094,0.9142603,0.43987858,0.48003688,0.37654588,0.43422344,0.06333271
2095,0.67192894,0.23986499,0.2968517,0.20991698,0.37507725,0.029948011
2096,0.7903082,0.24218218,0.27164453,0.18655035,0.51866364,0.05563183
2097,-0.039189782,0.11406566,0.008864554,0.0033747903,-0.048054338,0.11069087
2098,-0.019806035,-0.03418659,0.01657785,0.01257352,-0.036383882,-0.046760112
2099,0.14694409,0.06295705,0.063352935,0.051223695,0.083591156,0.011733353
2100,0.46806884,0.24888702,0.21149525,0.14492679,0.2565736,0.10396023
2101,0.655376,0.27625716,0.32388136,0.24338755,0.33149466,0.032869607
2102,0.109291255,0.063640475,0.07114882,0.058011036,0.038142435,0.005629439
2103,0.17978379,0.19934139,0.16494116,0.108160175,0.014842629,0.09118121
2104,0.05078349,0.04263273,0.023116235,0.020558208,0.027667254,0.02207452
2105,0.17132422,0.07275894,0.082276344,0.050918765,0.08904788,0.021840177
2106,0.120026186,0.23400213,0.057055146,0.029425198,0.06297104,0.20457692
2107,0.06779921,0.15868454,0.1101107,0.08377565,-0.04231149,0.07490889
2108,0.06936104,0.07304036,0.04611023,0.046098102,0.023250807,0.026942257
2109,0.76371527,0.21679318,0.36622807,0.2286926,0.3974872,-0.011899427
2110,-0.0050307973,0.12559538,0.014612069,0.008132899,-0.019642867,0.11746248
2111,0.61732155,0.21516316,0.28020638,0.20172067,0.33711517,0.0134424865
2112,0.12092403,0.057262078,0.05463329,0.041187547,0.06629074,0.01607453
2113,0.6803631,0.2166568,0.30764964,0.21806078,0.37271348,-0.0014039725
2114,0.6156167,0.30233175,0.3894717,0.27562875,0.22614497,0.026703
2115,0.94286656,0.3150645,0.46843162,0.3272696,0.47443494,-0.012205124
2116,0.51154095,0.17125224,0.19591798,0.13936293,0.315623,0.031889305
2117,0.20445377,0.08482044,0.10168593,0.07307334,0.10276784,0.011747099
2118,0.19964519,0.10930323,0.08481724,0.05572184,0.11482795,0.053581387
2119,0.98122656,0.30620435,0.43088788,0.2967448,0.5503387,0.009459555
2120,0.8837541,0.2550325,0.35700378,0.23966129,0.5267503,0.015371218
2121,0.607937,0.16447486,0.21064165,0.14416069,0.39729533,0.020314172
2122,0.8926221,0.21945567,0.3178565,0.23165825,0.5747656,-0.012202576
2123,0.74330544,0.16779001,0.25242928,0.16655621,0.49087617,0.0012338012
2124,0.12767568,-0.01876655,0.04312279,0.025631588,0.08455289,-0.044398136
2125,0.91626775,0.33344862,0.513579,0.3365203,0.40268874,-0.0030716956
2126,0.65164274,0.2212427,0.25576112,0.18694676,0.39588162,0.03429593
2127,0.00042921118,-0.049608793,0.016285772,0.0067738965,-0.01585656,-0.05638269
2128,0.056124892,0.056747556,0.043318275,0.031596918,0.012806617,0.025150638
2129,0.1637813,0.015897708,0.064904734,0.039763756,0.098876566,-0.023866048
2130,0.86196506,0.37304053,0.4762281,0.34602928,0.38573697,0.027011245
2131,0.23988983,-0.00053215557,0.06315193,0.045246143,0.1767379,-0.045778297
2132,0.645348,0.15778247,0.21817176,0.1431627,0.42717624,0.014619768
2133,0.7297388,0.2949222,0.32667524,0.241357,0.40306354,0.053565204
2134,0.26325017,0.12527947,0.12755765,0.08713189,0.13569252,0.038147584
2135,-0.055411644,-0.013588159,0.0445448,0.029893478,-0.099956445,-0.043481637
2136,0.90364784,0.2902389,0.46555883,0.33758253,0.438089,-0.04734364
2137,0.32648507,0.13333292,0.17244406,0.115275644,0.154041,0.01805728
2138,0.23754585,0.08820582,0.118283235,0.07117128,0.11926261,0.017034538
2139,0.72342867,0.31707236,0.32315558,0.24533896,0.40027308,0.0717334
2140,0.08533312,-0.0073603815,0.056091756,0.04456691,0.02924136,-0.05192729
2141,0.7426153,0.24188425,0.2665557,0.1937705,0.4760596,0.04811375
2142,0.44065446,0.21515675,0.25682098,0.18707651,0.18383348,0.02808024
2143,0.5933208,0.21022782,0.31275874,0.21417888,0.28056204,-0.003951058
2144,0.12960272,0.085527025,0.110608734,0.07519591,0.018993981,0.010331117
2145,0.80420595,0.26951486,0.4474135,0.29196748,0.35679245,-0.022452623
2146,0.04843219,0.024329532,0.060306203,0.04866578,-0.011874013,-0.024336249
2147,0.4580112,0.09158219,0.15028343,0.10897076,0.30772778,-0.017388575
2148,0.51687,0.23041359,0.3572498,0.24074027,0.15962023,-0.0103266835
2149,-0.028254189,-0.02977556,0.0045144083,0.002847412,-0.032768596,-0.03262297
2150,0.95714206,0.5153704,0.6454352,0.4534061,0.31170684,0.061964333
2151,0.31239897,0.106578894,0.16180903,0.10310861,0.15058994,0.0034702867
2152,0.18643749,0.085378855,0.150034,0.079239525,0.036403492,0.0061393306
2153,0.14422286,0.08177087,0.06755301,0.040902626,0.07666984,0.04086824
2154,0.8099016,0.2918364,0.42194432,0.2987023,0.38795727,-0.006865889
2155,0.38311583,0.15556853,0.2285449,0.16315177,0.15457092,-0.0075832456
2156,0.56926084,0.26087475,0.34481782,0.24963458,0.22444302,0.011240169
2157,0.6207496,0.18759796,0.29186073,0.1956948,0.32888886,-0.008096844
2158,0.92970693,0.30522308,0.43298668,0.3205634,0.49672025,-0.015340328
2159,0.15128464,0.044544578,0.13401864,0.08146404,0.01726599,-0.03691946
2160,0.60108984,0.18383247,0.23959573,0.15097138,0.36149412,0.032861084
2161,0.12425301,0.05586879,0.051229794,0.03939501,0.073023215,0.016473781
2162,0.10915847,0.0646897,0.10189191,0.07002785,0.0072665587,-0.0053381473
2163,0.7743823,0.18884459,0.25314242,0.17412095,0.5212399,0.014723644
2164,0.62478703,0.2105837,0.3054286,0.2015986,0.31935844,0.008985102
2165,0.7353123,0.22203003,0.32035995,0.22511098,0.41495234,-0.0030809492
2166,1.0279652,0.20709902,0.32372698,0.22725666,0.7042382,-0.020157635
2167,0.75225705,0.18597397,0.3370165,0.20650575,0.41524056,-0.020531774
2168,0.50937855,0.2531458,0.26431495,0.18426414,0.2450636,0.068881676
2169,0.876382,0.17205575,0.33818573,0.22303557,0.53819627,-0.050979823
2170,0.9292466,0.38195634,0.56847256,0.35967034,0.36077404,0.022285998
2171,0.7448409,0.20828347,0.23552108,0.16464408,0.50931984,0.04363939
2172,0.731755,0.25844428,0.30998302,0.21643803,0.421772,0.042006254
2173,0.36024255,0.15521637,0.17775533,0.14092731,0.18248722,0.014289051
2174,-0.01794846,0.016702263,0.009891097,0.014239812,-0.027839556,0.0024624504
2175,0.38630816,0.17666462,0.22271208,0.15971187,0.16359608,0.016952753
2176,0.80849624,0.32585713,0.41034254,0.30603606,0.3981537,0.019821078
2177,-0.037953325,0.0060338518,0.02069922,0.011809326,-0.058652543,-0.005775474
2178,-0.019778209,0.11552277,0.0094482135,0.0030272952,-0.029226422,0.112495475
2179,0.8384356,0.3023773,0.41142225,0.2831514,0.42701334,0.019225925
2180,0.08675689,0.048415873,0.04341788,0.03305167,0.043339014,0.015364204
2181,0.4500783,0.24849652,0.31253076,0.21974194,0.13754755,0.028754577
2182,0.36058924,0.22091047,0.26421183,0.18887837,0.0963774,0.032032102
2183,0.8008837,0.2510272,0.35100305,0.24326174,0.44988066,0.007765457
2184,0.16202223,0.04021755,0.101036,0.0678054,0.060986236,-0.027587853
2185,0.29156005,0.104990855,0.110437945,0.075600035,0.18112211,0.02939082
2186,0.069800444,0.04943279,0.034393042,0.027772686,0.0354074,0.021660106
2187,0.2763747,0.11936773,0.11130188,0.065873116,0.16507283,0.053494617
2188,0.66502845,0.19806097,0.29003078,0.21099822,0.37499768,-0.012937248
2189,0.3600927,0.14886805,0.1844463,0.14678064,0.1756464,0.0020874143
2190,0.109190725,0.029711133,0.040425833,0.026030462,0.068764895,0.0036806706
2191,0.25757587,0.10164909,0.11656382,0.081022024,0.14101204,0.020627066
2192,0.6898795,0.14658552,0.15619244,0.11594677,0.53368706,0.030638754
2193,0.15109013,0.044363607,0.0155483065,0.013603529,0.13554183,0.030760078
2194,-0.033412706,0.04251283,0.030795973,0.020494107,-0.06420868,0.022018723
2195,0.9582482,0.30938494,0.41170716,0.30152625,0.54654104,0.007858694
2196,-0.007600272,0.10961105,0.0020039896,-0.0020719557,-0.009604262,0.111683
2197,1.0075641,0.21366797,0.2756496,0.19783047,0.73191446,0.015837505
2198,0.7925861,0.23700987,0.37537974,0.2662041,0.41720635,-0.02919422
2199,0.9498166,0.17321278,0.22659218,0.17172392,0.7232244,0.0014888644
2200,0.62208235,0.29042986,0.3728654,0.25825477,0.24921694,0.032175094
2201,0.6287609,0.29463825,0.38825965,0.2626082,0.24050122,0.032030046
2202,0.6645933,0.12515247,0.18485597,0.11405488,0.4797373,0.011097588
2203,0.8626619,0.23760721,0.39746946,0.26641306,0.46519244,-0.028805852
2204,-0.01584132,-0.06112271,0.0074950485,0.0021609939,-0.02333637,-0.063283704
2205,0.0457955,-0.008888801,0.038870357,0.022802629,0.0069251433,-0.03169143
2206,0.08944687,0.060726028,0.058076322,0.046071358,0.03137055,0.01465467
2207,0.16039073,0.095838584,0.07786307,0.05688151,0.08252767,0.038957074
2208,-0.01725736,-0.033495903,0.0164662,0.010632381,-0.033723563,-0.044128284
2209,0.9870338,0.3362668,0.5387688,0.34758958,0.44826496,-0.011322796
2210,0.06382219,0.115164496,0.037025943,0.024242947,0.026796244,0.09092155
2211,0.6111053,0.13971831,0.22069836,0.14945614,0.39040697,-0.009737834
2212,0.2258501,0.10869302,0.13765624,0.09821586,0.08819386,0.010477155
2213,1.1174204,0.4440973,0.4662922,0.31324786,0.65112823,0.13084945
2214,0.52199113,0.2263517,0.35098,0.23519297,0.17101112,-0.008841276
2215,0.7831938,0.23900683,0.40266973,0.25287476,0.3805241,-0.01386793
2216,0.6369371,0.22650434,0.30221358,0.21056977,0.3347235,0.015934572
2217,0.721752,0.16700475,0.22088067,0.15137112,0.5008713,0.015633628
2218,0.039667647,0.026858624,0.013181925,0.010276375,0.026485723,0.016582249
2219,0.055992223,0.13145787,0.007602199,0.0007677097,0.048390023,0.13069016
2220,0.488547,0.036786057,0.086275354,0.052375413,0.40227163,-0.015589356
2221,1.0231471,0.44313216,0.6114389,0.43729028,0.41170824,0.005841881
2222,0.13822998,0.06759435,0.09263448,0.07175751,0.045595504,-0.004163161
2223,0.63549083,0.23795982,0.28624243,0.1998007,0.3492484,0.038159117
2224,1.0090544,0.32637426,0.30798402,0.23578706,0.7010704,0.0905872
2225,1.0868644,0.43309122,0.59935886,0.42757496,0.4875055,0.005516261
2226,0.70365113,0.30455548,0.41949043,0.30062762,0.2841607,0.0039278567
2227,0.67573756,0.11565853,0.22957376,0.1373957,0.4461638,-0.021737166
2228,0.022561718,0.034121666,0.036863785,0.03350803,-0.014302067,0.00061363727
2229,0.28195357,0.077010885,0.05075274,0.03774432,0.23120083,0.039266564
2230,0.8203619,0.25286037,0.40414375,0.26881728,0.41621816,-0.015956908
2231,0.12488086,0.18007663,0.18098707,0.15056886,-0.056106217,0.029507771
2232,0.23220709,0.073424295,0.10918851,0.08127801,0.12301858,-0.007853717
2233,1.0164872,0.31746083,0.47252655,0.34408554,0.5439607,-0.02662471
2234,0.7745586,0.20972162,0.23608036,0.18520384,0.53847826,0.02451779
2235,1.1572282,0.2584773,0.36074924,0.25846958,0.796479,7.7188015e-06
2236,1.0834265,0.27680582,0.5168146,0.33366928,0.5666119,-0.056863457
2237,0.5212791,0.28679952,0.2832958,0.20493467,0.23798329,0.08186485
2238,0.109984614,0.061506446,0.07649321,0.051786035,0.033491403,0.009720411
2239,0.33522317,0.1387776,0.14020602,0.10793283,0.19501714,0.03084477
2240,0.063867554,0.05084078,0.056991883,0.042661034,0.0068756714,0.008179747
2241,0.56131697,0.20311971,0.2863798,0.18721174,0.27493715,0.015907973
2242,0.13466048,0.05186789,0.054096527,0.041048195,0.080563955,0.010819696
2243,0.0036083467,0.0042798445,0.013966136,0.008543813,-0.010357789,-0.004263968
2244,0.7416824,0.23818865,0.3337273,0.23100802,0.4079551,0.007180631
2245,0.097801976,0.06617777,0.06141593,0.042257763,0.036386047,0.023920007
2246,0.02267077,0.0440918,0.03470425,0.029776067,-0.012033479,0.014315732
2247,0.03727422,0.11609567,0.025628287,0.013115177,0.011645932,0.102980494
2248,0.92526376,0.36089167,0.44023505,0.32973608,0.4850287,0.031155586
2249,0.25256443,0.056803875,0.100852035,0.06657999,0.15171239,-0.009776115
2250,0.06535284,0.0434886,0.05807994,0.038539093,0.007272903,0.0049495064
2251,0.7330171,0.22473519,0.28608358,0.19644555,0.4469335,0.028289631
2252,0.5270038,0.13440263,0.17040032,0.12533388,0.3566035,0.009068757
2253,0.26237446,0.17515916,0.090048075,0.06793928,0.17232639,0.107219875
2254,0.46139154,0.18720353,0.25597033,0.18128064,0.20542121,0.0059228837
2255,0.66515356,0.22676043,0.34049284,0.24155311,0.32466072,-0.014792681
2256,0.013833648,0.14145103,0.07010754,0.05385062,-0.056273893,0.08760041
2257,0.43406188,0.14753912,0.18323728,0.12950195,0.2508246,0.01803717
2258,0.32355163,0.19427688,0.21630299,0.13793537,0.107248634,0.056341514
2259,0.012740329,0.021124365,0.010187719,0.012540978,0.00255261,0.008583386
2260,1.2006111,0.4323388,0.57793933,0.42424598,0.6226718,0.008092821
2261,0.9681598,0.26553214,0.34832674,0.23765087,0.61983305,0.027881265
2262,0.04713364,-0.020583952,0.048472814,0.031630836,-0.0013391748,-0.052214786
2263,0.7377584,0.31941625,0.38337258,0.28556317,0.35438582,0.033853084
2264,0.016562568,0.12585174,0.05119271,0.029040432,-0.034630142,0.0968113
2265,0.20002338,0.08408208,0.11149281,0.081054434,0.08853057,0.0030276477
2266,0.7533649,0.27822194,0.34519464,0.24223623,0.40817028,0.03598571
2267,0.7263345,0.24423018,0.2993505,0.20059657,0.426984,0.04363361
2268,0.8649356,0.24467658,0.3382744,0.22297764,0.52666116,0.021698937
2269,0.97399646,0.30219597,0.37743688,0.2596631,0.5965596,0.04253286
2270,1.0418986,0.3177149,0.4145252,0.33445957,0.6273734,-0.016744673
2271,0.9984995,0.21961288,0.3613896,0.26148468,0.6371099,-0.0418718
2272,1.1205734,0.3859273,0.57377815,0.3674659,0.54679525,0.018461376
2273,0.111439966,0.042320654,0.05623827,0.034166552,0.055201694,0.008154102
2274,0.9456059,0.33334798,0.5143526,0.32852697,0.43125325,0.0048210025
2275,0.25558382,0.05047978,0.084058225,0.06181428,0.1715256,-0.0113344975
2276,0.25326136,0.11058001,0.1102712,0.09166115,0.14299016,0.018918864
2277,0.11218766,0.025246698,0.04946699,0.031034153,0.06272067,-0.0057874545
2278,0.26890677,0.13200961,0.1281401,0.07883291,0.14076667,0.0531767
2279,0.68757164,0.16425394,0.28268224,0.20159844,0.4048894,-0.0373445
2280,0.045451786,0.0451279,0.040392384,0.027867213,0.0050594024,0.017260686
2281,0.049200285,-0.019544898,0.041420206,0.024280552,0.007780079,-0.043825448
2282,0.7140742,0.31905016,0.370938,0.2592227,0.3431362,0.059827477
2283,0.8246845,0.18819357,0.2664953,0.19106008,0.5581892,-0.0028665066
2284,1.02359,0.33415106,0.40404648,0.2881697,0.6195435,0.045981348
2285,0.44118077,0.18279028,0.24035883,0.17840779,0.20082194,0.004382491
2286,0.789982,0.2515483,0.3719719,0.26228386,0.41801012,-0.010735571
2287,0.55480295,0.10745211,0.14468576,0.10174032,0.4101172,0.0057117864
2288,0.37013832,0.016139911,0.047276102,0.03769602,0.3228622,-0.021556107
2289,0.6557549,0.1572761,0.2248884,0.17073618,0.43086654,-0.013460085
2290,0.6961435,0.18718392,0.27177817,0.19214526,0.42436534,-0.0049613416
2291,0.7701362,0.08699858,0.17687324,0.10928245,0.5932629,-0.022283867
2292,0.75117075,0.25947496,0.3838513,0.25121385,0.36731946,0.008261114
2293,0.1691011,0.068248376,0.07504083,0.05747671,0.09406027,0.010771666
2294,0.7349589,0.24253201,0.35843748,0.21306889,0.3765214,0.029463127
2295,0.24232227,0.053605698,0.08526918,0.05744987,0.15705308,-0.0038441718
2296,1.0950701,0.31001467,0.41482362,0.28553092,0.6802465,0.02448374
2297,0.051303145,0.037487883,0.026746875,0.025930945,0.02455627,0.011556938
2298,0.7723094,0.16369876,0.22514293,0.16127586,0.54716647,0.002422899
2299,0.12573075,0.041472882,0.036380835,0.026741678,0.08934992,0.014731204
2300,0.31234586,0.14756772,0.2167666,0.14792354,0.09557927,-0.00035582483
2301,0.85133904,0.20670824,0.29872268,0.20171686,0.55261636,0.0049913824
2302,0.10353665,0.1726104,0.113075756,0.08624278,-0.009539105,0.08636762
2303,0.70905554,0.20403776,0.29597023,0.2109236,0.4130853,-0.0068858415
2304,0.5837847,0.24273084,0.33053997,0.2520874,0.25324473,-0.009356573
2305,0.670327,0.2012201,0.24231593,0.17009291,0.42801106,0.031127185
2306,0.6945589,0.23010245,0.3007093,0.20432737,0.3938496,0.025775075
2307,0.229639,0.07714504,0.110385254,0.07626492,0.11925374,0.0008801222
2308,0.603754,0.19522215,0.21308117,0.16240881,0.3906728,0.03281334
2309,0.8411478,0.25155884,0.36665493,0.2701686,0.47449285,-0.018609762
2310,0.07661137,-0.02593496,0.04189296,0.031007167,0.03471841,-0.056942128
2311,0.028695099,-0.00690979,0.05076425,0.03172181,-0.022069152,-0.038631603
2312,0.10529928,-0.009704983,0.04832228,0.030997012,0.056977,-0.040701993
2313,0.024951704,0.13947953,0.0154654775,0.0072834403,0.009486226,0.1321961
2314,1.0270953,0.37827513,0.5051149,0.36164197,0.5219804,0.016633153
2315,0.037666485,0.05714493,0.03426361,0.031198353,0.0034028739,0.025946576
2316,0.19784406,0.04865783,0.038125716,0.027510505,0.15971833,0.021147326
2317,0.68639535,0.1708978,0.18662252,0.15248147,0.49977285,0.01841633
2318,0.04868718,0.035645418,0.007983976,0.012711793,0.040703204,0.022933625
2319,0.834023,0.30811477,0.35420927,0.26296622,0.47981372,0.04514855
2320,0.5632112,0.180271,0.22732106,0.15567048,0.33589014,0.02460052
2321,0.74869555,0.1726609,0.2661373,0.1800394,0.48255825,-0.0073785037
2322,0.02349732,0.090137444,0.030101951,0.026072513,-0.0066046305,0.064064935
2323,0.79689866,0.20662253,0.29677448,0.20760038,0.5001242,-0.0009778589
2324,0.37617385,0.17001227,0.250137,0.17775306,0.12603685,-0.0077407956
2325,0.5850025,0.13915849,0.18116787,0.13085175,0.4038346,0.008306742
2326,0.7441787,0.15729174,0.2536031,0.18085061,0.4905756,-0.02355887
2327,0.08053207,0.023315534,0.024712542,0.014465198,0.055819526,0.008850336
2328,0.9336507,0.41543698,0.5362996,0.39031476,0.3973511,0.025122225
2329,0.43029147,0.13690715,0.10998676,0.08488694,0.32030472,0.052020207
2330,0.0013195204,0.027573232,0.008307407,0.009276963,-0.0069878865,0.018296268
2331,0.51149994,0.26336148,0.3703469,0.25191677,0.14115304,0.011444718
2332,0.5826101,0.17036004,0.22187631,0.1620442,0.36073375,0.008315846
2333,0.054951724,0.09756947,0.02736384,0.020149961,0.027587883,0.07741951
2334,0.06327806,0.08753353,0.054162003,0.038177006,0.009116054,0.049356528
2335,0.1822492,-0.04284166,0.034056637,0.019400746,0.14819257,-0.062242407
2336,0.070292406,0.056015253,0.041270904,0.030547928,0.029021502,0.025467325
2337,0.108596995,0.19052464,0.040443517,0.035034306,0.06815348,0.15549034
2338,0.6547091,0.11125484,0.14017622,0.097154155,0.51453286,0.014100686
2339,0.012195572,0.10662993,0.014446978,0.014682336,-0.0022514062,0.09194759
2340,0.1902404,0.09779874,0.1102365,0.058915168,0.080003895,0.038883574
2341,0.06880018,0.14729545,0.042111423,0.034487903,0.026688758,0.11280754
2342,0.14547807,0.14542487,0.05880787,0.0488684,0.086670205,0.09655647
2343,0.14456038,0.026515668,0.028410995,0.022349598,0.11614939,0.0041660704
2344,1.031312,0.20916767,0.35586846,0.25265217,0.67544353,-0.043484494
2345,0.33587834,0.09397392,0.14120382,0.09974048,0.19467452,-0.005766563
2346,0.053145714,0.06703027,0.063490614,0.053903393,-0.0103449,0.01312688
2347,1.0179845,0.3269681,0.40560207,0.30829993,0.6123824,0.018668175
2348,0.74735034,0.21881057,0.17484033,0.13518561,0.57251,0.08362496
2349,1.0227336,0.28941882,0.424997,0.27612597,0.5977366,0.013292849
2350,0.11802002,0.032332834,0.047799475,0.033661984,0.070220545,-0.00132915
2351,0.1262555,0.0074625374,0.02218037,0.017300984,0.10407513,-0.009838447
2352,0.06375079,0.0358836,0.040784843,0.031530194,0.022965945,0.004353408
2353,0.82756555,0.3151404,0.43828607,0.31761885,0.38927948,-0.0024784505
2354,0.63951284,0.14740883,0.19204858,0.15182471,0.44746426,-0.0044158846
2355,0.052252278,0.057198804,0.06607236,0.053303935,-0.013820082,0.0038948692
2356,0.18934299,0.060517017,0.096828975,0.0625112,0.092514016,-0.0019941814
2357,0.89746845,0.33831346,0.4321521,0.32802817,0.46531636,0.010285288
2358,0.4254361,0.1441661,0.15037361,0.11205616,0.2750625,0.03210994
2359,0.7322967,0.18596803,0.24661374,0.15874526,0.48568296,0.027222767
2360,0.0152721545,-0.060656454,0.009888704,0.004916572,0.0053834505,-0.06557303
2361,0.9877014,0.20229872,0.2916307,0.19734013,0.69607073,0.004958585
2362,0.92027086,0.48827705,0.60634243,0.43060088,0.31392843,0.057676166
2363,0.47369102,0.13125908,0.24107929,0.16980298,0.23261173,-0.038543895
2364,0.81330127,0.314863,0.41420096,0.3009296,0.3991003,0.01393339
2365,1.2180157,0.21770605,0.39203858,0.2604158,0.8259771,-0.042709738
2366,0.7150025,0.2668772,0.35420534,0.24510738,0.36079714,0.021769822
2367,1.2752386,0.37366796,0.51716197,0.34890518,0.75807667,0.02476278
2368,0.7162527,0.24607083,0.32911292,0.25501695,0.38713977,-0.008946121
2369,0.07058247,0.01980258,0.0339149,0.028479347,0.03666757,-0.008676767
2370,0.91547143,0.22660959,0.2800323,0.2102848,0.63543916,0.016324788
2371,0.09054067,0.060112156,0.059144367,0.04572053,0.031396303,0.014391627
2372,0.5824319,0.15910178,0.25036615,0.1782049,0.33206576,-0.01910311
2373,0.76826847,0.19128011,0.25081438,0.17950356,0.5174541,0.011776552
2374,0.26642528,0.073375404,0.109724924,0.08203035,0.15670036,-0.008654945
2375,0.6399704,0.26336607,0.41947216,0.2524991,0.22049826,0.01086697
2376,0.44703835,0.15494883,0.2574219,0.15905769,0.18961644,-0.004108861
2377,0.8050631,0.39215368,0.42700177,0.3135783,0.37806135,0.07857537
2378,0.4682425,0.19408892,0.31444693,0.20668451,0.15379557,-0.012595594
2379,0.6372967,0.1779429,0.24032335,0.16445318,0.3969733,0.013489723
2380,0.24025354,0.06625774,0.06091102,0.04742695,0.17934252,0.018830787
2381,0.9375014,0.33811125,0.33206123,0.24060819,0.60544014,0.097503066
2382,0.34388316,0.17959121,0.17264766,0.11720209,0.1712355,0.06238912
2383,0.1288486,0.014861601,0.0401218,0.03151416,0.088726796,-0.016652558
2384,0.3508793,0.11171889,0.12302004,0.08406002,0.22785927,0.027658872
2385,0.6114474,0.2306832,0.28637716,0.2025218,0.32507023,0.028161392
2386,0.90032977,0.35253915,0.44371882,0.30746165,0.45661095,0.045077503
2387,0.60310847,0.2228366,0.28112677,0.19692962,0.3219817,0.02590698
2388,0.060801186,0.023428626,0.041732233,0.019958336,0.019068953,0.0034702905
2389,0.09511968,0.018928297,0.047988873,0.037004307,0.047130805,-0.01807601
2390,0.15499413,0.052739833,0.043718655,0.03849677,0.11127548,0.014243063
2391,-0.04231103,-0.019561896,0.037495974,0.021151213,-0.079807006,-0.04071311
2392,0.8397046,0.29316527,0.40227336,0.28171068,0.43743122,0.011454582
2393,0.7714878,0.33823985,0.45881802,0.29459637,0.31266975,0.043643475
2394,0.6494233,0.113693334,0.18839331,0.117272876,0.46103,-0.003579542
2395,0.71479565,0.19875243,0.2219127,0.17426416,0.49288297,0.02448827
2396,-0.041928418,-0.035616748,0.011321535,0.010433844,-0.053249955,-0.046050593
2397,0.06984196,0.06421791,0.058360945,0.046190906,0.011481013,0.018027004
2398,0.43062416,0.19200368,0.18457934,0.124536194,0.24604481,0.06746749
2399,0.6224058,0.30202517,0.34859627,0.24595776,0.27380955,0.056067407
2400,0.100164674,-0.00062955427,0.033576436,0.025192741,0.06658824,-0.025822295
2401,0.23296173,0.0626219,0.13395254,0.081423,0.099009186,-0.0188011
2402,0.08611249,0.065487,0.06937535,0.050186623,0.01673714,0.0153003745
2403,0.3932974,0.09438247,0.13626686,0.09365211,0.25703055,0.0007303655
2404,0.012376627,-0.044039536,0.039444998,0.02423298,-0.027068371,-0.068272516
2405,0.09791517,0.06593039,0.060168423,0.046093117,0.03774675,0.019837271
2406,-0.01721735,0.1773692,0.030601969,0.025879588,-0.047819316,0.15148962
2407,0.81766254,0.21917291,0.3403024,0.23320036,0.47736013,-0.0140274465
2408,1.1289762,0.28232396,0.46157828,0.30990738,0.667398,-0.02758342
2409,0.9032514,0.29371756,0.37323374,0.28111815,0.5300177,0.012599409
2410,0.079266466,0.07266183,0.04783628,0.0340389,0.031430185,0.03862293
2411,0.2069572,0.069939904,0.1474237,0.08808945,0.059533507,-0.018149547
2412,0.58677334,0.21637414,0.18207909,0.1218997,0.40469426,0.09447444
2413,0.55799806,0.21217951,0.29534292,0.19707938,0.26265514,0.015100136
2414,0.17670725,0.13624759,0.10810115,0.07240481,0.0686061,0.06384278
2415,0.0807533,-0.012989181,0.012481201,0.0085029,0.0682721,-0.02149208
2416,1.0904746,0.33502743,0.6181568,0.3895541,0.4723178,-0.054526687
2417,0.8998927,0.3334244,0.5062252,0.35276708,0.39366746,-0.01934269
2418,0.90916437,0.34327024,0.43826193,0.3084445,0.47090244,0.034825742
2419,1.1309726,0.42003918,0.5789458,0.40769738,0.5520268,0.012341797
2420,0.80451757,0.18657242,0.29341102,0.2217123,0.51110655,-0.03513989
2421,0.5778044,0.19665413,0.24175772,0.1850214,0.33604667,0.011632726
2422,0.16824062,0.028830381,0.052908916,0.039182022,0.11533171,-0.010351641
2423,0.1290234,0.06750576,0.0575297,0.040068816,0.0714937,0.027436946
2424,0.7669371,0.23773144,0.33408654,0.24650931,0.43285054,-0.008777872
2425,0.041668564,-0.04519735,0.011369617,0.0075035677,0.030298948,-0.05270092
2426,0.9351071,0.22386822,0.25901738,0.20098487,0.67608976,0.022883356
2427,1.0526469,0.22537982,0.39764506,0.25370598,0.6550018,-0.028326154
2428,0.14877388,0.08992583,0.12178828,0.08066095,0.0269856,0.009264886
2429,0.08574914,0.054161943,0.020142581,0.0181857,0.065606564,0.035976246
2430,0.62689847,0.17887633,0.19324297,0.13962357,0.4336555,0.039252758
2431,0.79861045,0.2548174,0.37997413,0.24932654,0.41863632,0.0054908544
2432,0.044940222,0.11316998,0.029294323,0.025194049,0.015645899,0.087975934
2433,0.25329506,0.080482945,0.115250364,0.07724495,0.1380447,0.0032379925
2434,1.1018527,0.3134257,0.55393016,0.3681614,0.5479225,-0.05473572
2435,0.1084721,0.059572313,0.045604132,0.034659706,0.06286797,0.024912607
2436,0.38978288,0.087584816,0.13695587,0.08786087,0.252827,-0.00027605146
2437,-0.05561385,0.116574526,0.010824291,0.008854377,-0.06643814,0.10772015
2438,0.93187,0.34955618,0.50642884,0.33840835,0.42544115,0.011147827
2439,0.24705826,0.08613803,0.081505865,0.058717184,0.1655524,0.027420849
2440,0.6288808,0.13341421,0.17172512,0.1321121,0.45715567,0.0013021082
2441,0.6416719,0.14378819,0.19816199,0.13503486,0.4435099,0.0087533295
2442,0.6174099,0.25484022,0.3383826,0.2138873,0.27902728,0.04095292
2443,0.5838463,0.30361184,0.30718213,0.22100642,0.27666414,0.08260542
2444,0.42705315,0.14326826,0.17519394,0.1272719,0.25185922,0.015996352
2445,0.74342257,0.13268666,0.19555317,0.14602399,0.5478694,-0.013337329
2446,0.6136456,0.16637139,0.2560719,0.17524537,0.35757372,-0.008873984
2447,0.80973,0.1974659,0.37095487,0.23003414,0.43877512,-0.032568246
2448,0.8088481,0.19247705,0.32374096,0.2097002,0.48510712,-0.01722315
2449,0.19999634,0.08679991,0.117778614,0.08791125,0.08221772,-0.001111336
2450,1.0351145,0.4424748,0.61973274,0.40594786,0.4153818,0.03652695
2451,0.20263883,0.06262221,0.072382644,0.057876803,0.13025619,0.004745409
2452,0.62070197,0.35630572,0.4068777,0.29998523,0.21382427,0.05632049
2453,0.6900232,0.09878632,0.1312389,0.08882405,0.5587843,0.009962268
2454,0.71211064,0.26058236,0.3391047,0.21798906,0.37300593,0.0425933
2455,-0.021011014,0.18965456,0.032362282,0.021322947,-0.053373296,0.16833161
2456,0.25176957,0.08865049,0.120775744,0.08711894,0.13099383,0.0015315488
2457,0.20817174,0.19690055,0.14501652,0.10773732,0.06315522,0.08916323
2458,0.12510206,0.113761075,0.09324068,0.05328248,0.03186138,0.060478594
2459,0.6119781,0.21554706,0.2912557,0.21222663,0.3207224,0.0033204257
2460,0.35707927,0.17688198,0.16744646,0.109712884,0.1896328,0.0671691
2461,0.6803571,0.23274247,0.28545612,0.20529762,0.39490098,0.027444854
2462,0.6777261,0.19208498,0.33715326,0.23053762,0.34057283,-0.03845264
2463,0.17122936,0.21587247,0.1717577,0.10230827,-0.0005283356,0.11356419
2464,0.69971913,0.23180985,0.4066584,0.25053176,0.29306072,-0.018721908
2465,0.34474993,0.19493985,0.23094098,0.16406633,0.113808945,0.030873522
2466,0.5396828,0.14160296,0.25523677,0.1586827,0.28444603,-0.01707974
2467,0.13539708,0.13974096,0.024146115,0.019492203,0.11125096,0.12024876
2468,0.6674955,0.25988665,0.36616755,0.2645822,0.30132794,-0.0046955347
2469,0.13187416,0.05196864,0.038598683,0.029093098,0.09327547,0.022875544
2470,-0.009078838,0.03060159,0.020071428,0.02222502,-0.029150266,0.00837657
2471,0.67789924,0.3093184,0.3304735,0.23801601,0.34742573,0.071302384
2472,0.12879053,0.030001437,0.031327147,0.023964755,0.097463384,0.006036682
2473,0.14869775,0.062517695,0.035253696,0.03199182,0.11344405,0.030525874
2474,0.34468326,0.11732912,0.13509507,0.09044869,0.20958818,0.026880428
2475,0.16800958,0.033981808,0.059164714,0.043891393,0.10884486,-0.009909585
2476,0.8093127,0.27805987,0.420396,0.28207105,0.3889167,-0.004011184
2477,0.022669949,0.0209153,0.016766865,0.011457726,0.005903084,0.009457573
2478,0.72877604,0.13725455,0.1917036,0.1305807,0.5370724,0.0066738576
2479,0.10270656,0.09674486,0.042547233,0.029403651,0.060159326,0.06734121
2480,0.56862503,0.21208084,0.26478717,0.18174948,0.30383787,0.030331358
2481,0.63092095,0.23957701,0.28996548,0.21996252,0.34095547,0.019614488
2482,0.70413095,0.18191451,0.25833073,0.1770874,0.44580022,0.004827112
2483,0.9201077,0.23524882,0.3468488,0.22865474,0.57325894,0.0065940768
2484,1.1751316,0.49406406,0.61550236,0.44310537,0.5596292,0.050958693
2485,0.124750935,0.018651526,0.052277185,0.033365276,0.07247375,-0.014713749
2486,-0.0015468323,0.10421742,0.004283524,-8.463739e-05,-0.0058303564,0.104302056
2487,0.2777139,0.14225231,0.10235719,0.07148444,0.17535672,0.07076787
2488,0.06426368,0.049816053,0.041281532,0.03097276,0.022982147,0.018843293
2489,0.24114123,0.06418875,0.08770916,0.05524177,0.15343207,0.008946978
2490,0.26991567,0.06747819,0.048516188,0.037815228,0.22139949,0.02966296
2491,0.78186214,0.33135334,0.42494145,0.29608408,0.3569207,0.03526926
2492,0.6688657,0.20264038,0.25928402,0.2020015,0.40958166,0.0006388873
2493,0.58177954,0.26681486,0.34179467,0.24072286,0.23998487,0.026091993
2494,0.7437473,0.1408653,0.1962239,0.14256875,0.5475234,-0.001703456
2495,0.89018923,0.16203046,0.23586158,0.19160055,0.65432763,-0.029570088
2496,0.06463174,0.024389727,0.012533836,0.012770286,0.0520979,0.011619441
2497,0.08532751,0.06825072,0.117157415,0.076103695,-0.0318299,-0.007852972
2498,0.2029011,0.0855149,0.11625819,0.080658525,0.086642906,0.004856378
2499,0.47965848,0.12887703,0.22001186,0.151791,0.25964662,-0.022913978
2500,1.1829935,0.22457133,0.32836217,0.2228977,0.85463136,0.0016736388
2501,0.79926795,0.24920039,0.33642858,0.23508517,0.46283937,0.014115214
2502,1.0423427,0.37283215,0.55788285,0.39469665,0.48445982,-0.021864504
2503,0.7943236,0.1937999,0.26391262,0.19195302,0.530411,0.0018468797
2504,0.6617293,0.32281637,0.38604456,0.28472832,0.2756847,0.038088053
2505,1.0860788,0.35069662,0.44167742,0.31025547,0.6444013,0.040441155
2506,1.0668051,0.2986232,0.3786846,0.28552735,0.6881205,0.013095856
2507,0.44602698,0.14654744,0.23347712,0.15850404,0.21254987,-0.011956602
2508,0.053331096,0.048950665,0.063611284,0.041788388,-0.010280188,0.0071622767
2509,0.548573,0.29882815,0.37107188,0.2609612,0.17750114,0.03786695
2510,0.22418173,0.08625851,0.14763191,0.099399045,0.07654981,-0.013140537
2511,0.55420434,0.20374925,0.23984978,0.17325412,0.31435457,0.030495137
2512,0.23940068,0.10854021,0.1381385,0.08370571,0.10126218,0.024834499
2513,0.78921944,0.29757446,0.4134605,0.28259468,0.37575895,0.01497978
2514,-0.008958925,-0.023219272,0.029486155,0.019217012,-0.038445078,-0.042436287
2515,0.043435883,-0.04274554,0.018400628,0.008766192,0.025035255,-0.051511735
2516,0.70491076,0.32699266,0.45071822,0.32029134,0.25419253,0.0067013204
2517,0.7921275,0.2430558,0.2605251,0.18554899,0.5316024,0.057506815
2518,0.20240317,0.083450966,0.08203275,0.055988647,0.120370425,0.027462319
2519,0.30352882,0.18960361,0.18041085,0.121274255,0.12311797,0.06832936
2520,0.37020802,0.23500365,0.211867,0.14903076,0.15834102,0.08597289
2521,0.87707186,0.3370277,0.39701778,0.2731407,0.48005408,0.063887
2522,1.0686061,0.44118935,0.6094821,0.43329278,0.45912403,0.007896572
2523,0.068361774,0.042215776,0.0321918,0.028822716,0.036169972,0.013393059
2524,0.08774933,0.07027947,0.09905207,0.07208075,-0.011302739,-0.0018012747
2525,0.5785873,0.19695038,0.28120378,0.1917468,0.29738352,0.005203575
2526,1.0119723,0.25897297,0.37072733,0.2618459,0.641245,-0.002872914
2527,0.342723,0.14731014,0.18355174,0.14013866,0.15917127,0.007171482
2528,0.36796734,0.06904174,0.12927228,0.07320035,0.23869506,-0.004158616
2529,0.9602674,0.2396386,0.32918683,0.22794776,0.6310806,0.01169084
2530,-0.009142414,0.17506659,0.12186744,0.080354705,-0.13100985,0.094711885
2531,0.8242781,0.3966151,0.513096,0.3543316,0.31118214,0.042283475
2532,0.6722856,0.21848153,0.30263382,0.21618843,0.3696518,0.002293095
2533,0.50959146,0.20152274,0.28057116,0.18903008,0.2290203,0.012492657
2534,0.2163509,0.14008956,0.08523159,0.05245884,0.13111931,0.08763072
2535,0.050676268,0.12440704,0.033274777,0.012862146,0.01740149,0.11154489
2536,0.8470644,0.33032766,0.49954516,0.33347288,0.34751922,-0.003145218
2537,0.7291569,0.20476341,0.3362381,0.22267123,0.39291883,-0.017907813
2538,1.0428426,0.2943406,0.41778213,0.28716117,0.6250605,0.007179439
2539,0.49675357,0.14508855,0.173429,0.1260759,0.32332456,0.01901266
2540,0.124036446,0.060344376,0.06388071,0.04886498,0.060155734,0.011479396
2541,0.0027265148,-0.036465872,0.019515121,0.01146827,-0.016788606,-0.04793414
2542,0.5197718,0.12334415,0.19751622,0.1284502,0.3222556,-0.005106047
2543,0.27091396,0.09240048,0.16253027,0.10196332,0.108383685,-0.009562843
2544,0.045392167,-0.0046051037,0.03990338,0.031726476,0.005488787,-0.03633158
2545,0.062211867,0.013009646,0.07542998,0.053899575,-0.013218116,-0.04088993
2546,0.29306465,0.2120512,0.19854288,0.1299816,0.094521776,0.08206959
2547,0.7715152,0.19833884,0.33685696,0.20158322,0.43465823,-0.0032443851
2548,0.4341728,0.07816044,0.12197943,0.08921866,0.3121934,-0.011058219
2549,0.2093863,0.13491876,0.13257118,0.09910866,0.07681513,0.035810106
2550,0.29074165,0.07177614,0.0658318,0.052116565,0.22490984,0.019659571
2551,1.144502,0.35149345,0.44152886,0.29524487,0.7029732,0.056248575
2552,0.4872267,0.12322774,0.14655764,0.1138192,0.34066904,0.009408541
2553,0.7747109,0.19860381,0.22610573,0.16496877,0.54860514,0.033635035
2554,0.13816558,0.008962285,0.048518125,0.032266546,0.08964746,-0.023304261
2555,0.67357045,0.21544042,0.27541336,0.19973008,0.3981571,0.015710339
2556,0.1511528,0.06186194,0.074149676,0.054290257,0.07700313,0.0075716823
2557,0.75863886,0.2714567,0.37107792,0.25896442,0.38756093,0.012492269
2558,0.788391,0.20395766,0.24009535,0.16025123,0.5482956,0.043706432
2559,0.33935356,0.13272345,0.15299696,0.114824496,0.1863566,0.017898954
