feature_idx,seq_effect_obs,struct_effect_obs,seq_effect_shuffle,struct_effect_shuffle,seq_delta,struct_delta
0,0.08068168,0.17110834,0.054858994,0.035098813,0.025822688,0.13600951
1,1.5716206,0.5386692,0.76944274,0.5634149,0.80217785,-0.024745643
2,0.399349,0.18963104,0.21134715,0.15278392,0.18800186,0.03684713
3,1.0170224,0.427418,0.6381402,0.42503488,0.37888217,0.002383113
4,0.01974684,-0.058714893,0.017690158,0.0061421846,0.0020566825,-0.06485708
5,0.11132342,0.037977185,0.057811845,0.036147267,0.05351158,0.0018299185
6,0.01693891,0.1557903,0.01627441,0.012361881,0.0006645005,0.14342842
7,0.18561451,0.11477285,0.10791434,0.086774275,0.07770017,0.027998574
8,0.048456263,0.05064296,0.024464158,0.021331277,0.023992104,0.029311683
9,0.04509142,-0.029080028,0.023662377,0.011742604,0.021429043,-0.040822633
10,1.0722549,0.26680914,0.35579345,0.23966388,0.7164614,0.027145252
11,0.055593736,0.018738547,0.022262031,0.016548924,0.033331707,0.0021896232
12,0.017682988,0.037980687,0.008168743,0.007246641,0.009514245,0.030734045
13,1.4921845,0.3323358,0.5092235,0.35456306,0.982961,-0.022227257
14,1.4704661,0.110676035,0.20927343,0.16506046,1.2611927,-0.054384425
15,0.007168049,0.038227897,0.014360926,0.013434023,-0.007192877,0.024793874
16,0.8867285,0.32795462,0.4432894,0.32212812,0.44343913,0.005826503
17,0.058369245,0.014821071,0.06538794,0.046075005,-0.0070186965,-0.031253934
18,0.88452023,0.6392638,0.6872909,0.54788977,0.19722933,0.09137404
19,1.2754467,0.47734505,0.5918133,0.41583502,0.6836333,0.061510026
20,0.033491444,-0.03598247,0.026945684,0.013106739,0.0065457597,-0.04908921
21,0.023881966,0.03190304,0.012335164,0.009166666,0.011546803,0.022736374
22,0.0678147,0.034997102,0.04682256,0.02638333,0.020992141,0.008613773
23,0.09546863,0.054734606,0.05825121,0.0428895,0.037217423,0.011845108
24,1.0997486,0.5282441,0.63854396,0.48302293,0.46120465,0.04522115
25,1.1534497,0.5417623,0.7444656,0.5338664,0.40898407,0.007895887
26,1.0174428,0.48863816,0.6057166,0.44421744,0.41172624,0.04442072
27,0.2689577,0.12862974,0.15378495,0.1096364,0.11517276,0.01899334
28,0.027086988,0.033652846,0.01545998,0.012407247,0.011627008,0.021245599
29,1.0192454,0.35032317,0.46141914,0.32059222,0.5578263,0.029730946
30,0.72260445,0.39331308,0.51637673,0.35473076,0.20622772,0.038582325
31,0.9178397,0.3893365,0.513293,0.35958636,0.40454668,0.029750139
32,0.13619642,0.014166319,0.030108836,0.025289306,0.10608758,-0.011122988
33,0.036495514,0.09428506,0.038206194,0.021535935,-0.0017106794,0.07274913
34,0.2831517,0.06942403,0.20072058,0.10884864,0.08243111,-0.039424606
35,1.4326484,0.51469976,0.62017,0.4643582,0.8124784,0.050341547
36,0.0709815,-0.020860286,0.06522235,0.033433884,0.00575915,-0.05429417
37,0.6245289,0.23706669,0.2867739,0.21196909,0.337755,0.025097594
38,0.055516742,0.15637654,0.04072986,0.028597815,0.01478688,0.12777872
39,0.044886477,-0.03959155,0.04494936,0.022184229,-6.28829e-05,-0.06177578
40,1.0281323,0.101267084,0.19115865,0.13450147,0.83697367,-0.033234388
41,0.7885942,0.3286802,0.4622763,0.3428369,0.32631788,-0.014156699
42,1.1721374,0.3661458,0.47226384,0.35257718,0.69987357,0.01356861
43,1.1173265,0.43354055,0.54329896,0.41598666,0.57402754,0.017553896
44,0.08870727,0.08370814,0.050803248,0.040439434,0.03790402,0.043268703
45,1.1636539,0.13702963,0.2348496,0.18680775,0.9288043,-0.04977812
46,1.3173703,0.6887231,0.8690223,0.64372116,0.448348,0.045001924
47,0.6639818,0.21155028,0.31613126,0.22121277,0.34785053,-0.009662494
48,0.047582127,0.04005049,0.035872243,0.02665135,0.011709884,0.013399141
49,0.6407384,0.31978682,0.31507626,0.22968525,0.32566217,0.09010157
50,0.61108243,0.29769713,0.41052577,0.28610873,0.20055667,0.011588395
51,1.0400964,0.3839691,0.50979567,0.3773932,0.53030074,0.0065759122
52,0.79562926,0.2207081,0.27515665,0.19650632,0.52047265,0.02420178
53,1.0407121,0.31383276,0.47458324,0.33072868,0.56612885,-0.01689592
54,1.2418765,0.33150762,0.502574,0.37668788,0.73930246,-0.04518026
55,0.04773388,0.0994604,0.048990253,0.03268485,-0.0012563728,0.066775545
56,1.3520085,0.51891786,0.7019143,0.470647,0.65009415,0.04827085
57,1.5393302,0.43490413,0.6358305,0.45914254,0.9034997,-0.024238408
58,1.4881124,0.43834966,0.64630175,0.46377578,0.8418107,-0.02542612
59,0.22864957,0.0743808,0.086517766,0.054938804,0.1421318,0.019441996
60,0.05917115,0.038510226,0.02858763,0.025706753,0.030583521,0.012803473
61,0.11338997,0.11750833,0.099131934,0.0529127,0.0142580345,0.064595625
62,-0.005246313,0.008309322,0.015850402,0.00998154,-0.021096716,-0.0016722176
63,0.046569865,0.058571666,0.03422073,0.02628175,0.012349136,0.032289915
64,0.025528925,0.026394963,0.032135133,0.021762015,-0.006606208,0.004632948
65,0.13620551,0.05765665,0.06281958,0.040529963,0.07338593,0.017126687
66,0.09614049,0.08591318,0.044237476,0.037213467,0.051903013,0.048699714
67,0.017757533,0.048216693,0.037243888,0.034044873,-0.019486355,0.01417182
68,0.10368336,0.044999655,0.049305744,0.033073355,0.054377615,0.011926301
69,0.13787097,0.078497715,0.07650804,0.05091858,0.06136293,0.027579136
70,0.949139,0.21314989,0.3074575,0.21459493,0.6416815,-0.0014450401
71,0.13773833,0.096045874,0.11760268,0.06710424,0.020135649,0.028941631
72,0.21073179,0.076004945,0.14416967,0.08810392,0.066562116,-0.0120989755
73,1.0586605,0.33523765,0.4378189,0.29904404,0.6208416,0.03619361
74,0.070790075,0.047150858,0.03901641,0.023619244,0.031773664,0.023531614
75,1.1922185,0.2804778,0.42528003,0.28223124,0.7669385,-0.0017534494
76,0.021774936,-0.02051661,0.020964475,0.01235672,0.0008104611,-0.03287333
77,0.034963436,0.036430217,0.008558551,0.005823964,0.026404886,0.030606253
78,1.2464007,0.306939,0.52543676,0.36169314,0.72096395,-0.054754138
79,0.8925161,0.29806557,0.42601508,0.2891658,0.466501,0.008899778
80,0.142211,0.07054348,0.065413386,0.033959232,0.07679762,0.03658425
81,0.07785231,0.0075548603,0.03813658,0.027561195,0.03971573,-0.020006334
82,0.060596574,0.02956059,0.031598147,0.017489435,0.028998427,0.012071155
83,1.3902738,0.514671,0.625316,0.41329408,0.7649578,0.10137695
84,0.922376,0.1835917,0.28436637,0.18400644,0.6380096,-0.00041474402
85,0.012078694,-0.020612434,0.023411036,0.015262103,-0.0113323415,-0.035874538
86,0.100151524,-0.0100425705,0.07998225,0.045959458,0.020169273,-0.05600203
87,1.1021487,0.3934912,0.4454365,0.28836828,0.6567122,0.105122924
88,0.15852398,0.0794056,0.10256377,0.07157314,0.05596021,0.00783246
89,0.02056439,0.028619438,0.013397949,0.01285158,0.0071664415,0.015767857
90,0.037417512,0.051785734,0.02356329,0.020085497,0.013854222,0.03170024
91,0.38476482,0.13997366,0.17651394,0.13028345,0.20825088,0.00969021
92,0.2846063,0.09162218,0.17333867,0.11204011,0.11126764,-0.020417929
93,0.000793377,0.022356372,0.018176433,0.014654496,-0.017383056,0.0077018766
94,0.13075933,0.08199854,0.08797693,0.074149005,0.042782396,0.007849537
95,1.0148982,0.26882344,0.34264642,0.26515132,0.67225176,0.003672123
96,0.052917812,0.06571277,0.025740886,0.024570804,0.027176926,0.04114197
97,0.9762227,0.1602237,0.23477668,0.1659092,0.741446,-0.0056855083
98,0.11078984,0.055323005,0.059585113,0.03991063,0.05120473,0.015412375
99,0.041049022,-0.038213115,0.03020593,0.014482873,0.010843093,-0.05269599
100,0.11782639,0.14740476,0.09966354,0.07228787,0.018162847,0.07511689
101,0.8396986,0.3789639,0.45926175,0.35824558,0.38043687,0.020718306
102,0.23397765,0.025490101,0.09363337,0.04906856,0.14034428,-0.023578458
103,0.94687474,0.31006506,0.4992241,0.32324684,0.44765064,-0.013181776
104,-0.0059319627,0.069171436,0.011777826,0.006419646,-0.017709788,0.06275179
105,1.3120154,0.45614737,0.6147772,0.4636725,0.6972382,-0.007525116
106,0.93762547,0.27813458,0.325387,0.22863598,0.61223847,0.049498603
107,1.1499466,0.46270537,0.5718792,0.41280925,0.57806736,0.04989612
108,-0.02289604,0.18586859,0.022701405,0.015460789,-0.045597445,0.1704078
109,1.1702445,0.2050083,0.3665319,0.24069096,0.80371255,-0.035682663
110,1.2285955,0.4866031,0.74921036,0.47776648,0.47938514,0.008836627
111,0.020727737,0.007458667,0.016307332,0.012282495,0.0044204053,-0.0048238286
112,1.0886,0.465686,0.6037982,0.39796314,0.48480183,0.06772286
113,0.99268633,0.3674327,0.5345585,0.38089707,0.45812786,-0.013464361
114,0.03732941,-0.016679527,0.030063339,0.014476211,0.0072660707,-0.031155739
115,0.37579325,0.14033459,0.17570873,0.12613142,0.20008452,0.014203176
116,0.0055416897,0.056992065,0.01665098,0.011933733,-0.011109291,0.045058332
117,0.060876496,-0.025121236,0.024452783,0.01443845,0.036423713,-0.039559685
118,0.9792798,0.24004814,0.36398312,0.26491857,0.6152967,-0.024870425
119,0.083091,0.046299126,0.079236336,0.056590084,0.0038546622,-0.010290958
120,1.0260632,0.3413398,0.40492573,0.28041926,0.6211375,0.060920537
121,0.116239876,0.05197652,0.07088974,0.04796762,0.045350134,0.0040089004
122,1.1588806,0.28720918,0.4577276,0.30603027,0.701153,-0.01882109
123,0.77691877,0.3193357,0.39880887,0.29065073,0.3781099,0.028684974
124,0.22135472,0.13693567,0.19580737,0.14287443,0.025547355,-0.0059387684
125,0.23369353,0.16957068,0.17105587,0.12571411,0.06263766,0.043856576
126,0.0455638,0.08519795,0.057075642,0.042608794,-0.011511844,0.042589154
127,0.9784302,0.4798204,0.7674332,0.4842849,0.21099699,-0.004464507
128,0.92035824,0.28669688,0.43484375,0.3077129,0.4855145,-0.021016032
129,0.2068525,0.07674537,0.10327313,0.07887923,0.103579365,-0.0021338612
130,1.0441034,0.47493353,0.61650026,0.45284542,0.42760313,0.02208811
131,1.5179484,0.6296853,0.9486538,0.6528606,0.5692946,-0.0231753
132,0.9873843,0.20204163,0.32927427,0.21845043,0.65811,-0.016408801
133,0.9194107,0.52302366,0.7461331,0.4619555,0.17327762,0.061068177
134,1.138554,0.53175,0.772681,0.53176534,0.36587298,-1.5318394e-05
135,0.90096444,0.31392547,0.4506716,0.32288018,0.45029283,-0.008954704
136,0.078655474,0.04982733,0.047279608,0.03684106,0.031375866,0.012986269
137,0.8775198,0.19187371,0.307497,0.19963235,0.5700228,-0.0077586323
138,0.2626041,0.16093673,0.19649248,0.11463663,0.06611161,0.0463001
139,0.06577669,0.015771683,0.022792371,0.018380415,0.04298432,-0.0026087314
140,1.5563889,0.4907252,0.65427727,0.48983112,0.9021116,0.0008940697
141,0.38334912,0.17575878,0.23453306,0.1512755,0.14881606,0.024483278
142,1.2415634,0.27224535,0.37230453,0.2652765,0.8692589,0.006968856
143,0.04810286,0.048333153,0.028376505,0.020485489,0.019726355,0.027847664
144,0.11713377,0.14431594,0.09299267,0.062580004,0.024141096,0.08173594
145,0.015786715,0.09857154,0.04852911,0.03053042,-0.032742396,0.068041116
146,0.060624912,0.057910666,0.039026316,0.03095241,0.021598596,0.026958255
147,1.4825265,0.3742008,0.4938417,0.3447226,0.98868483,0.029478192
148,0.8463519,0.3822341,0.46555182,0.33556968,0.3808001,0.046664417
149,0.9037145,0.2729102,0.39326268,0.27630195,0.5104518,-0.0033917427
150,-0.005642663,0.12015154,0.024157789,0.01550246,-0.029800452,0.10464908
151,0.232046,0.088410646,0.13608561,0.08682589,0.09596038,0.0015847534
152,0.0045437436,-0.03186405,0.01581027,0.008244221,-0.011266526,-0.04010827
153,1.2208972,0.4516344,0.6202196,0.450314,0.6006776,0.0013204217
154,1.0248402,0.20814289,0.2853086,0.20530349,0.73953164,0.0028394014
155,-0.034408186,0.118481204,0.011577373,0.004355614,-0.045985557,0.11412559
156,-0.03245066,-0.007887739,0.007017459,0.0072805625,-0.03946812,-0.015168302
157,0.74007374,0.24306187,0.28393763,0.20497575,0.4561361,0.038086116
158,1.2337744,0.3691597,0.6263705,0.43094766,0.60740393,-0.061787963
159,1.218381,0.2963318,0.40369856,0.28465587,0.8146825,0.011675924
160,1.4642874,0.41238266,0.57933897,0.42147416,0.88494843,-0.0090914965
161,1.1302708,0.32216385,0.43971962,0.31810084,0.6905512,0.00406301
162,0.96081644,0.36311215,0.40244275,0.30959222,0.5583737,0.053519934
163,0.048863456,0.04319986,0.027417295,0.020192428,0.021446161,0.023007432
164,1.0855811,0.32195628,0.5545573,0.3628397,0.53102374,-0.040883422
165,1.2199757,0.5541955,0.76709646,0.55454475,0.45287925,-0.0003492236
166,1.165134,0.57225305,0.80576,0.5675058,0.35937393,0.0047472715
167,0.16044286,0.07399594,0.09619658,0.0690372,0.06424628,0.0049587414
168,0.061081447,0.007884157,0.04864414,0.03451479,0.012437306,-0.026630633
169,0.10576211,0.022151874,0.08962605,0.056890864,0.016136058,-0.034738988
170,1.3687603,0.4632569,0.69189954,0.46088848,0.6768608,0.0023684204
171,1.3760514,0.33498892,0.48313662,0.32401606,0.8929148,0.0109728575
172,0.17604,0.1204928,0.116010085,0.090559885,0.06002991,0.029932916
173,1.1508489,0.5478109,0.7297756,0.53308797,0.42107326,0.014722943
174,0.23373286,0.123596355,0.09193871,0.066594474,0.14179415,0.05700188
175,0.07393047,0.1293919,0.059425052,0.037543114,0.01450542,0.091848776
176,0.8812768,0.3101525,0.31961527,0.24235183,0.5616615,0.06780067
177,0.031152464,-0.021766786,0.019641705,0.015027014,0.01151076,-0.0367938
178,1.2500203,0.30498424,0.46639457,0.33420372,0.7836257,-0.029219478
179,0.0543012,0.05126673,0.03199265,0.023639677,0.022308547,0.027627053
180,0.031416915,0.0026035344,0.03541137,0.023653649,-0.0039944537,-0.021050114
181,0.9347442,0.40487894,0.55879915,0.42167965,0.37594503,-0.016800702
182,0.024034515,0.022504114,0.008644565,0.0061690044,0.01538995,0.01633511
183,1.0841138,0.43167055,0.5574035,0.3873159,0.52671033,0.044354647
184,0.84635615,0.27186066,0.35157856,0.2569817,0.4947776,0.014878958
185,0.024539934,0.12777717,0.010763428,0.0071595847,0.013776506,0.12061759
186,0.098164484,0.045765977,0.059222236,0.03888824,0.038942248,0.006877739
187,0.79923123,0.22647104,0.29101476,0.22054552,0.5082165,0.0059255213
188,1.0799004,0.31176347,0.4274916,0.29542446,0.6524088,0.016339004
189,0.94632035,0.31019276,0.455483,0.29787967,0.49083737,0.012313098
190,0.03695049,0.08248243,0.004244725,0.004454627,0.032705765,0.0780278
191,1.1052326,0.35260072,0.5631758,0.38217407,0.5420568,-0.029573351
192,-0.026447019,0.13732465,0.018000737,0.009318341,-0.044447757,0.12800631
193,0.9351845,0.5450679,0.7249908,0.514773,0.2101937,0.030294895
194,0.020310266,0.013367343,0.018078221,0.012138218,0.002232045,0.0012291251
195,1.2192618,0.19407517,0.29389167,0.21236508,0.9253701,-0.018289909
196,1.2415552,0.5487869,0.91133386,0.5992187,0.33022135,-0.050431848
197,0.9195196,0.33486852,0.4133869,0.30426362,0.5061327,0.030604899
198,0.032570533,-0.03084716,0.029181847,0.015099658,0.003388686,-0.045946818
199,0.76904374,0.3090078,0.42126957,0.3072577,0.34777418,0.0017500818
200,1.3789588,0.35356018,0.5827887,0.3483267,0.7961701,0.0052334666
201,1.2779903,0.2892172,0.3542292,0.23875426,0.9237611,0.050462946
202,0.06746264,0.04937897,0.048228826,0.03891312,0.019233812,0.010465849
203,0.1719899,0.094963364,0.10297727,0.07444842,0.069012634,0.020514943
204,1.4396333,0.35372862,0.49449462,0.34284472,0.94513863,0.010883898
205,1.34623,0.45094183,0.7444518,0.5015197,0.6017782,-0.05057785
206,0.13154642,0.06641329,0.07942195,0.053265966,0.05212447,0.013147324
207,-0.024872074,-0.032424558,0.0086430535,0.0032544362,-0.033515126,-0.035678994
208,1.3552387,0.52842826,0.7882016,0.5290546,0.5670371,-0.0006263256
209,1.137742,0.50696516,0.74668264,0.4926393,0.3910594,0.014325857
210,0.96064943,0.256675,0.37671486,0.27309686,0.58393455,-0.016421854
211,0.111081995,-0.01494722,0.06403489,0.03326715,0.04704711,-0.048214372
212,0.026177498,0.00980304,0.049665738,0.031335495,-0.02348824,-0.021532455
213,-0.0020557547,0.11996314,0.03975762,0.027278593,-0.041813374,0.092684545
214,1.329998,0.60262215,0.7929085,0.55166036,0.5370895,0.050961792
215,1.5824273,0.39823082,0.5696471,0.35988304,1.0127802,0.03834778
216,0.78397596,0.1582158,0.26716647,0.18989342,0.51680946,-0.03167762
217,0.15157078,0.19651951,0.102478,0.052672554,0.049092785,0.14384696
218,1.1511619,0.34028277,0.42869088,0.3055525,0.722471,0.034730256
219,0.029445382,0.03628705,0.020125145,0.010399486,0.009320237,0.025887564
220,0.84282476,0.30856788,0.54006934,0.32779008,0.30275542,-0.0192222
221,0.7937652,0.3503975,0.54502124,0.3573341,0.24874395,-0.0069366097
222,1.3787045,0.43034038,0.58708155,0.42812017,0.791623,0.0022202134
223,0.75164384,0.23229694,0.3230933,0.22678176,0.42855054,0.005515188
224,0.083782196,0.04844447,0.05540112,0.038083717,0.028381076,0.010360751
225,0.05702816,0.08548948,0.03700265,0.02133817,0.02002551,0.06415131
226,0.054999337,-0.015971377,0.03706726,0.02456303,0.017932076,-0.040534407
227,0.29750678,0.15547694,0.18796805,0.14124538,0.109538734,0.014231563
228,0.058656137,0.09893803,0.04336405,0.031979706,0.015292086,0.06695832
229,0.18572727,0.08872603,0.10924367,0.0835633,0.0764836,0.005162731
230,0.058591492,0.038588654,0.033442497,0.023227068,0.025148995,0.015361587
231,0.106527746,0.04683387,0.051015116,0.03729334,0.05551263,0.009540528
232,0.09189167,0.15639377,0.0525839,0.03954701,0.03930777,0.116846755
233,0.8913701,0.28052658,0.4128047,0.29348588,0.47856542,-0.0129593015
234,-0.033133306,0.12137412,0.009698777,0.002319268,-0.042832084,0.119054854
235,1.1338452,0.4523979,0.6444991,0.42556304,0.4893461,0.026834875
236,0.93573135,0.39020634,0.5176034,0.36257458,0.41812795,0.02763176
237,0.08707828,0.032150757,0.06272581,0.04318306,0.024352469,-0.011032302
238,1.0506873,0.3321369,0.41824028,0.29766265,0.632447,0.034474254
239,0.75882614,0.29092294,0.40540943,0.30422825,0.3534167,-0.013305306
240,0.30619633,0.14414439,0.199593,0.12913276,0.10660334,0.0150116235
241,0.031575266,0.18049388,0.014739608,0.010122134,0.016835658,0.17037174
242,0.023769613,0.04785614,0.011047556,0.010713328,0.012722057,0.037142813
243,1.0037766,0.34233636,0.50600505,0.37128067,0.4977715,-0.028944314
244,0.9705771,0.34805152,0.46230498,0.3375235,0.5082722,0.010528028
245,0.01865674,0.006268128,0.019654531,0.014323719,-0.0009977911,-0.008055591
246,0.09775424,0.00605797,0.043783534,0.02556058,0.053970706,-0.01950261
247,0.11348808,0.063369274,0.084778525,0.06338161,0.028709553,-1.23381615e-05
248,0.8605213,0.27791438,0.3702718,0.25901416,0.4902495,0.018900216
249,1.2734541,0.33739117,0.48090538,0.32508308,0.79254866,0.012308091
250,1.2863593,0.19821328,0.31046832,0.25129908,0.975891,-0.053085804
251,0.60222423,0.24696413,0.31042784,0.22851962,0.2917964,0.018444508
252,0.46962464,0.1940969,0.2397835,0.1791959,0.22984114,0.014900997
253,0.22275679,0.17359927,0.12305334,0.08538809,0.099703446,0.088211186
254,1.322443,0.2914415,0.504922,0.34257603,0.81752104,-0.051134527
255,1.1659,0.5822574,0.7513243,0.49004728,0.4145757,0.092210114
256,1.0753453,0.4254334,0.5256475,0.36684623,0.54969776,0.058587164
257,0.026958903,-0.059881326,0.03921036,0.023424616,-0.012251457,-0.08330594
258,1.0564418,0.40745288,0.5222137,0.375539,0.5342281,0.031913877
259,0.041839644,0.012626595,0.07645307,0.044991665,-0.034613423,-0.03236507
260,1.4784056,0.35517663,0.5362329,0.39764205,0.9421727,-0.04246542
261,0.98283964,0.4471864,0.57472587,0.44932812,0.40811378,-0.002141714
262,0.07998556,0.06060884,0.057277203,0.04326025,0.022708356,0.017348591
263,1.053262,0.4024199,0.6039285,0.4349134,0.4493335,-0.032493502
264,0.8562407,0.38450974,0.48758462,0.35021684,0.36865607,0.034292907
265,0.2903833,0.23803204,0.15915625,0.12358167,0.13122706,0.11445037
266,0.26587585,0.05893155,0.16677181,0.10252929,0.09910403,-0.04359774
267,0.8807097,0.299909,0.44849193,0.29409847,0.43221778,0.005810529
268,0.0029090198,-0.01703999,0.008304734,0.0077948286,-0.005395714,-0.02483482
269,0.2985026,0.14862582,0.1929688,0.12863204,0.10553379,0.019993782
270,0.06687979,0.04734071,0.0430875,0.033813957,0.023792285,0.013526753
271,1.1713544,0.5707832,0.8127644,0.59114015,0.35859,-0.020356953
272,0.084711336,0.06535314,0.063900694,0.05176108,0.020810641,0.013592061
273,0.99234354,0.40757784,0.5599151,0.39500105,0.43242842,0.012576789
274,1.5216078,0.49506688,0.67390513,0.46638831,0.8477026,0.028678566
275,1.1622775,0.40422693,0.59130436,0.4086687,0.5709731,-0.004441768
276,0.78242296,0.23373686,0.3372723,0.2349487,0.44515067,-0.0012118369
277,1.11408,0.2757174,0.42245317,0.25243348,0.6916268,0.023283929
278,0.8241037,0.3310516,0.48071793,0.3364248,0.3433858,-0.0053732097
279,0.082463615,0.049202133,0.045678925,0.03727073,0.03678469,0.0119314045
280,1.5975897,0.89980465,1.1298602,0.8530487,0.46772957,0.04675597
281,0.11672392,0.05194247,0.06483355,0.046805598,0.051890366,0.0051368736
282,0.16601703,0.048596464,0.10231167,0.06943721,0.063705355,-0.02084075
283,0.07245322,-0.009574889,0.06431113,0.035963427,0.008142091,-0.045538317
284,0.04608059,0.026569573,0.035588637,0.022895329,0.010491952,0.0036742445
285,0.94026923,0.30380222,0.40289742,0.3077015,0.5373718,-0.0038992763
286,0.062765434,-0.017025277,0.050578374,0.026119865,0.01218706,-0.043145142
287,0.34100953,0.15810515,0.20263138,0.13907042,0.13837814,0.019034728
288,0.10516009,0.003478838,0.07945814,0.051980563,0.025701948,-0.048501726
289,0.042894866,0.025543729,0.025475664,0.016748253,0.017419202,0.008795476
290,-0.032921497,0.11332954,0.0046831314,0.0005321352,-0.03760463,0.1127974
291,1.0523127,0.25926387,0.29581618,0.22353794,0.75649655,0.035725936
292,0.057294928,0.042037796,0.033784144,0.025733216,0.023510784,0.01630458
293,1.0761602,0.30745834,0.42405906,0.31260064,0.65210116,-0.0051423013
294,0.028375775,0.078788474,0.0316201,0.022665754,-0.0032443255,0.05612272
295,0.01713532,-0.047881406,0.024973307,0.010161294,-0.007837987,-0.058042698
296,0.074940816,0.03613387,0.03756695,0.027286777,0.037373867,0.008847093
297,0.062015615,0.001165713,0.058997165,0.034957133,0.00301845,-0.03379142
298,0.17371246,0.049846835,0.11221778,0.06700699,0.061494686,-0.017160155
299,0.79371786,0.29992452,0.42402047,0.31324232,0.3696974,-0.013317794
300,0.78229886,0.24229968,0.36003467,0.27128562,0.4222642,-0.028985947
301,0.11191224,0.061113518,0.07275681,0.052458122,0.03915543,0.008655395
302,0.1334666,0.11196968,0.105084896,0.08173897,0.028381705,0.030230708
303,0.069682874,0.023215732,0.031564567,0.01930825,0.038118307,0.003907481
304,0.39625588,0.17583786,0.25914824,0.16215867,0.13710764,0.0136791915
305,0.13617352,0.07267472,0.089473225,0.05742851,0.04670029,0.0152462125
306,0.037454154,-0.013047531,0.022941196,0.014344921,0.014512958,-0.027392453
307,0.009181217,0.19296943,0.030032344,0.024379242,-0.020851128,0.16859019
308,1.0530052,0.586546,0.61355424,0.46805295,0.43945098,0.11849305
309,1.1820918,0.19032459,0.27836633,0.20409426,0.9037255,-0.013769671
310,1.2901382,0.47270674,0.7081283,0.4994691,0.58201,-0.026762366
311,-0.00045860544,0.07818563,0.012391717,0.011125227,-0.012850323,0.0670604
312,0.68346673,0.31177852,0.4518507,0.33568776,0.23161602,-0.023909241
313,1.0226572,0.53116316,0.8015114,0.54714364,0.22114575,-0.015980482
314,0.009086319,-0.002381177,0.017120758,0.009828137,-0.008034439,-0.012209314
315,0.3546795,0.14695768,0.1539318,0.121894985,0.2007477,0.025062695
316,0.9055534,0.33514476,0.5358428,0.36430648,0.36971062,-0.029161721
317,0.11529337,0.14057271,0.14819926,0.09532276,-0.03290589,0.045249954
318,0.01094577,-0.040451717,0.010221295,0.004159052,0.0007244749,-0.04461077
319,0.30776072,0.12580426,0.1730093,0.117581815,0.13475141,0.008222446
320,1.0106091,0.49110794,0.6422673,0.4537057,0.36834186,0.037402242
321,1.5706176,0.3251614,0.49616554,0.3666901,1.074452,-0.0415287
322,1.0017399,0.25568676,0.3705008,0.28437245,0.63123906,-0.028685689
323,-0.0030622254,0.023188913,0.0045970483,0.0063492246,-0.0076592737,0.016839689
324,0.9958896,0.380236,0.5293908,0.3882171,0.4664988,-0.007981092
325,0.72901934,0.21592903,0.31254837,0.22266948,0.41647097,-0.006740451
326,0.27991745,0.25092134,0.1460535,0.11614337,0.13386396,0.13477796
327,0.15742716,0.059749156,0.06948393,0.049972415,0.08794323,0.009776741
328,1.0242665,0.5503573,0.7746872,0.5375407,0.24957931,0.012816608
329,0.030190563,0.020250715,0.020470465,0.015329038,0.009720098,0.0049216775
330,0.08153111,0.11704339,0.056110486,0.042552605,0.025420621,0.074490786
331,0.14808382,0.03471495,0.08878548,0.054336462,0.059298344,-0.019621514
332,0.012567856,-0.055374127,0.016143644,0.005982691,-0.0035757879,-0.061356816
333,0.81500065,0.23862901,0.35839784,0.2443589,0.4566028,-0.005729884
334,0.9463438,0.45641896,0.61085707,0.42855358,0.3354867,0.02786538
335,0.09368751,0.13174644,0.067830674,0.0412675,0.025856838,0.09047894
336,0.81061256,0.3245988,0.45813006,0.31587264,0.3524825,0.00872615
337,0.9116816,0.20317306,0.31296685,0.20858097,0.5987147,-0.0054079145
338,0.03117557,0.01753756,0.015423467,0.012054993,0.015752103,0.0054825675
339,0.14414018,0.17599954,0.14106984,0.1048272,0.0030703396,0.071172334
340,0.022606373,0.038815767,0.015628837,0.009928527,0.006977536,0.028887238
341,1.2939492,0.30926064,0.5186714,0.36325058,0.77527785,-0.053989947
342,1.1363964,0.41773677,0.72766745,0.46784592,0.40872896,-0.050109148
343,1.0527084,0.16400184,0.3228414,0.23432194,0.729867,-0.0703201
344,0.18279126,0.07028984,0.09421158,0.06659978,0.088579684,0.003690064
345,1.0460322,0.28451687,0.4402158,0.30920485,0.60581636,-0.024687976
346,1.1370337,0.41054878,0.62351936,0.42581192,0.51351434,-0.01526314
347,0.1875061,0.15042658,0.1796522,0.11906925,0.007853895,0.031357333
348,1.3578373,0.27297214,0.42038944,0.29572415,0.9374479,-0.022752017
349,0.03140758,0.14835228,0.045990013,0.040996343,-0.014582433,0.10735594
350,1.1807072,0.7072515,0.8378693,0.66662705,0.34283793,0.04062444
351,1.1203624,0.40539336,0.5516422,0.3817221,0.5687202,0.02367127
352,-0.011694986,-0.040129747,0.009906354,0.004030491,-0.021601342,-0.04416024
353,0.22117709,0.119840555,0.13138764,0.087970585,0.08978945,0.03186997
354,0.021190027,0.04202899,0.025265258,0.02103724,-0.004075231,0.02099175
355,0.15064794,0.078288,0.06971178,0.051792845,0.080936156,0.026495151
356,0.94993794,0.36243284,0.4450611,0.30269414,0.50487685,0.059738696
357,0.023609186,0.107890196,0.014852233,0.011595949,0.008756952,0.09629425
358,1.1154884,0.41802192,0.58979106,0.37876773,0.52569735,0.03925419
359,0.32455587,0.25301424,0.1995596,0.14727406,0.124996275,0.105740175
360,0.31922212,0.16722965,0.22067633,0.12890555,0.09854579,0.038324103
361,0.14619847,0.106591396,0.095211856,0.06156105,0.05098661,0.045030344
362,1.1271851,0.36665404,0.46144253,0.3339327,0.6657426,0.03272134
363,0.47315228,0.22198866,0.22208412,0.15873219,0.25106817,0.06325647
364,1.2342888,0.5756304,0.82185036,0.5825597,0.41243845,-0.0069292784
365,0.15226841,0.007197523,0.037630904,0.020977259,0.11463751,-0.013779735
366,0.026994012,0.013993326,0.014923073,0.010954904,0.012070939,0.0030384213
367,1.3602428,0.3179374,0.4140562,0.2916429,0.94618666,0.0262945
368,1.161183,0.33566627,0.55338025,0.33715716,0.60780275,-0.001490891
369,0.08991984,0.05185445,0.052318234,0.03773892,0.03760161,0.014115531
370,0.7975448,0.20568252,0.29600155,0.21774374,0.5015432,-0.012061223
371,0.86178744,0.23872821,0.36192024,0.23845994,0.4998672,0.0002682656
372,0.024910396,0.120243415,0.043551072,0.026666205,-0.018640677,0.093577206
373,1.1822486,0.45437363,0.54760134,0.41428176,0.63464725,0.040091872
374,0.34810802,0.30489516,0.36018598,0.24955137,-0.012077957,0.05534379
375,0.8274198,0.3002561,0.42240357,0.29966316,0.40501624,0.000592947
376,0.07598186,0.13269612,0.034092274,0.024410428,0.04188959,0.108285695
377,-0.001060981,0.0058420002,0.01647837,0.0054150885,-0.017539352,0.00042691175
378,0.35396835,0.12078405,0.17789757,0.114155576,0.17607078,0.006628476
379,0.1346269,0.08731634,0.07925129,0.065154225,0.055375606,0.022162117
380,0.14553022,0.07865319,0.056090835,0.040358473,0.08943939,0.038294714
381,1.251465,0.38028303,0.5571899,0.39898568,0.6942751,-0.018702656
382,0.21668474,0.1008403,0.09229988,0.06944659,0.124384865,0.031393707
383,1.0223097,0.108113974,0.23843277,0.16378847,0.7838769,-0.055674493
384,0.117001474,0.09013392,0.06734612,0.05018124,0.049655356,0.03995268
385,1.0276254,0.32700944,0.5948141,0.38249427,0.43281132,-0.05548483
386,0.084456906,0.04612972,0.053436864,0.03751974,0.031020042,0.008609977
387,0.75565946,0.34566802,0.494804,0.3273119,0.26085547,0.018356115
388,-0.036068376,-0.06982586,0.016568279,0.0028138065,-0.052636653,-0.07263967
389,0.13323602,0.04217055,0.109358855,0.08389924,0.023877166,-0.041728687
390,0.050217535,0.15266968,0.033977583,0.02612275,0.016239952,0.12654693
391,1.1984382,0.45209473,0.7149216,0.4972222,0.48351657,-0.04512745
392,0.04883651,0.24246304,0.04698412,0.037062842,0.0018523894,0.2054002
393,0.95187855,0.3093043,0.45402676,0.33110744,0.4978518,-0.02180314
394,0.1060642,0.09081579,0.08472133,0.06386395,0.021342874,0.026951842
395,0.070803635,0.0453504,0.039805885,0.029661035,0.03099775,0.015689364
396,0.95601785,0.39597768,0.56477624,0.38704908,0.3912416,0.008928597
397,0.42119443,0.22696935,0.21143503,0.17112032,0.2097594,0.05584903
398,0.04023151,0.05759534,0.055711936,0.03753545,-0.015480425,0.020059887
399,1.6122521,0.3811964,0.43192577,0.29272023,1.1803263,0.08847618
400,0.08738208,0.04377731,0.059823364,0.03848608,0.027558714,0.005291231
401,1.2147608,0.5496757,0.7218427,0.48475555,0.49291807,0.06492016
402,1.6082467,0.7600017,0.954612,0.70765,0.65363467,0.052351713
403,0.2475258,0.25628152,0.1742679,0.12694445,0.07325789,0.12933707
404,0.08867687,0.068664216,0.050895378,0.03443127,0.037781492,0.034232944
405,0.13121079,0.07224571,0.087310374,0.054377843,0.043900415,0.017867867
406,0.07560406,0.047641475,0.030543435,0.022410663,0.045060623,0.025230812
407,0.0074876687,0.15065852,0.010122474,0.010035561,-0.0026348056,0.14062296
408,0.21412745,0.16671993,0.17946798,0.13143435,0.034659475,0.035285577
409,0.042909782,-0.031844046,0.030622013,0.017254967,0.0122877695,-0.049099013
410,0.35244182,0.10458347,0.14694357,0.101285994,0.20549825,0.003297478
411,0.05468236,0.03215024,0.030836577,0.015796373,0.023845783,0.016353866
412,0.03279843,0.09312286,0.035578627,0.01575094,-0.0027801953,0.077371925
413,0.08082063,0.043218438,0.050186645,0.032568492,0.030633982,0.010649946
414,1.0090315,0.20988043,0.34102306,0.22747348,0.66800845,-0.017593056
415,0.018951032,-0.0036744082,0.033238083,0.020588528,-0.014287051,-0.024262937
416,1.5437921,0.7442363,0.99118114,0.6849228,0.552611,0.059313476
417,0.20597246,0.167119,0.13699292,0.08993887,0.06897955,0.077180125
418,1.0742983,0.32960835,0.5381157,0.35235286,0.5361826,-0.022744507
419,0.07549666,0.055301305,0.057476506,0.041029982,0.018020153,0.014271323
420,0.8007856,0.28146663,0.36894226,0.2819177,0.43184334,-0.00045105815
421,0.102316715,0.17853142,0.07600043,0.057902537,0.026316285,0.120628886
422,1.1571347,0.42213786,0.62663686,0.4285744,0.5304978,-0.0064365566
423,0.3119648,0.24958365,0.25070882,0.18726355,0.06125599,0.0623201
424,0.010435473,0.039078474,0.002024465,0.004435745,0.008411008,0.03464273
425,0.047503702,0.051663194,0.0425997,0.036432113,0.004904002,0.01523108
426,1.0091035,0.5069625,0.626764,0.4474393,0.38233954,0.059523165
427,0.05674299,0.04502521,0.031021822,0.019710412,0.025721166,0.025314799
428,1.2049564,0.57851046,0.6668438,0.4885254,0.53811264,0.08998507
429,-0.0008994622,0.05473545,0.0056189997,0.0010878975,-0.0065184617,0.05364755
430,1.2850136,0.58960193,0.8096204,0.5829409,0.47539318,0.0066610575
431,0.011345724,-0.05299699,0.018504672,0.0060301106,-0.007158948,-0.059027098
432,0.05371404,0.04751786,0.029532824,0.019387664,0.024181217,0.028130194
433,0.019529141,0.003841038,0.015855437,0.010789383,0.0036737043,-0.0069483453
434,0.9142118,0.20387942,0.32855472,0.25137007,0.5856571,-0.047490656
435,1.4804671,0.4755929,0.632215,0.45634723,0.84825206,0.019245684
436,0.10072558,0.066157214,0.071509875,0.054226466,0.0292157,0.011930749
437,-0.017681584,0.11372644,0.006931312,0.0043648505,-0.024612896,0.10936159
438,0.110522225,0.14879537,0.08141583,0.055931278,0.029106393,0.09286409
439,1.0843704,0.45094413,0.63781905,0.4516922,0.44655132,-0.0007480681
440,0.2172693,0.08450011,0.11542684,0.07338462,0.10184246,0.011115491
441,-0.047598395,-0.0067572114,0.0035803125,-0.001088675,-0.05117871,-0.0056685363
442,0.060388796,0.020467395,0.024088241,0.01891284,0.036300555,0.0015545543
443,0.04613825,-0.030229932,0.03496821,0.014311738,0.011170041,-0.044541672
444,0.035655152,0.03708172,0.014299176,0.006713162,0.021355975,0.030368555
445,0.06462818,0.029047137,0.024673477,0.019867845,0.0399547,0.009179292
446,1.0094056,0.27177098,0.4296302,0.29360572,0.57977545,-0.021834731
447,1.0669239,0.35366663,0.44819927,0.33827534,0.6187246,0.01539129
448,0.90779746,0.306982,0.35476586,0.25969034,0.55303156,0.047291666
449,0.9045111,0.35231358,0.4894365,0.3385445,0.4150746,0.01376909
450,0.94334114,0.23522277,0.41273203,0.25067186,0.53060913,-0.015449092
451,1.1384983,0.36793435,0.4701173,0.32949084,0.668381,0.038443506
452,0.20965686,0.09460374,0.11294315,0.08049767,0.096713714,0.0141060725
453,0.914163,0.35782287,0.56379104,0.3873564,0.35037196,-0.029533535
454,0.11532448,0.0054010637,0.045787383,0.029256472,0.0695371,-0.023855409
455,0.9068887,0.11270082,0.22180437,0.15512086,0.68508434,-0.042420045
456,1.1922058,0.37451273,0.52757144,0.3860115,0.66463435,-0.011498779
457,0.064904116,0.072047465,0.046905898,0.038581647,0.017998219,0.033465818
458,1.5620662,0.57786214,0.70332503,0.4267925,0.85874116,0.15106964
459,0.12077697,0.025060674,0.07329014,0.052744288,0.047486834,-0.027683614
460,1.1640081,0.42230788,0.61463225,0.41106945,0.5493759,0.011238426
461,0.83011484,0.37261936,0.6528917,0.44216427,0.17722315,-0.06954491
462,0.81318355,0.28606266,0.41215664,0.30662426,0.4010269,-0.020561606
463,0.012172953,-0.032983985,0.031736016,0.012290015,-0.019563064,-0.045274
464,1.24439,0.59131974,0.70749664,0.5028975,0.53689337,0.08842224
465,0.84798265,0.28303543,0.44511634,0.307038,0.4028663,-0.024002582
466,0.15966281,0.08526694,0.08133016,0.0652479,0.078332655,0.02001904
467,-0.037712395,0.11355321,0.006227321,0.00069983833,-0.043939717,0.11285337
468,0.26849508,0.08165623,0.10350938,0.064536445,0.1649857,0.017119788
469,0.09489257,0.058794826,0.05995527,0.043284677,0.0349373,0.015510149
470,0.029653551,0.018295158,0.015555321,0.010606912,0.01409823,0.0076882457
471,0.0644283,0.046271965,0.039076935,0.02860431,0.025351364,0.017667655
472,1.2629901,0.121000856,0.22587663,0.20695624,1.0371134,-0.08595538
473,1.1695414,0.3645143,0.4848539,0.36333764,0.6846875,0.0011766553
474,0.08077301,0.030364253,0.038251463,0.02778569,0.042521548,0.0025785621
475,0.053730402,0.0757436,0.05171319,0.03898837,0.0020172112,0.03675523
476,1.1731837,0.3254854,0.41438717,0.29057232,0.7587965,0.034913093
477,-0.0018650931,-0.062352907,0.007954529,8.932492e-06,-0.009819621,-0.06236184
478,0.18448779,0.15218994,0.16386135,0.096068144,0.02062644,0.056121796
479,1.129065,0.4991849,0.6162842,0.46516687,0.51278085,0.03401804
480,0.12225766,0.07453656,0.074265346,0.056678314,0.04799231,0.017858248
481,0.0217777,-0.019962234,0.03453103,0.020822907,-0.01275333,-0.04078514
482,0.0066076415,0.23789632,0.047132522,0.030255046,-0.04052488,0.20764127
483,0.01861159,0.126832,0.0366743,0.028600182,-0.018062709,0.09823181
484,0.06607454,0.0036315746,0.037955765,0.020879548,0.028118778,-0.017247973
485,1.1236789,0.360545,0.41362655,0.2909311,0.7100524,0.069613904
486,0.21544829,0.051326543,0.09419043,0.05034717,0.12125786,0.0009793714
487,0.31388527,0.18760246,0.22386307,0.1576135,0.09002221,0.02998896
488,0.6382264,0.19047564,0.32223412,0.20928527,0.31599227,-0.018809631
489,1.3929769,0.22019865,0.35669094,0.2352385,1.0362859,-0.015039861
490,0.66059446,0.27623403,0.29498044,0.21688938,0.36561403,0.05934465
491,0.96094924,0.2789326,0.38576627,0.28407106,0.575183,-0.005138457
492,1.6742802,0.55714023,0.84288335,0.6180551,0.8313968,-0.060914874
493,0.10917381,0.06059405,0.05856,0.037556075,0.050613813,0.023037974
494,1.0596559,0.46374828,0.71803015,0.49639052,0.34162575,-0.032642245
495,0.7566085,0.29319984,0.36370343,0.26417196,0.39290506,0.02902788
496,0.045998815,0.022574743,0.027530275,0.022995755,0.01846854,-0.00042101182
497,0.04532847,-0.022743693,0.05267502,0.027758729,-0.007346548,-0.05050242
498,0.16542757,0.064608045,0.07561196,0.061567403,0.08981561,0.0030406415
499,0.30234662,0.18143392,0.21029684,0.14056876,0.09204978,0.040865153
500,1.0974207,0.30871585,0.4404628,0.30636746,0.65695786,0.0023483932
501,0.026475042,0.019715145,0.044127822,0.035774168,-0.01765278,-0.016059022
502,0.18607707,0.07757702,0.087709576,0.064422056,0.0983675,0.013154961
503,0.09426851,0.14988069,0.042603914,0.03044235,0.051664595,0.11943834
504,0.05785432,0.04917846,0.034460098,0.027156906,0.023394223,0.022021553
505,1.3111451,0.45144954,0.8191589,0.49530974,0.49198616,-0.043860197
506,1.4660542,0.5724775,0.7543611,0.5926765,0.7116931,-0.020199
507,0.19052455,0.18105564,0.12204406,0.08903888,0.06848049,0.09201676
508,0.12480674,0.11824385,0.06310927,0.042673465,0.06169747,0.07557039
509,2.0324857,0.8350186,1.0258632,0.7519419,1.0066226,0.083076656
510,0.9663569,0.20872276,0.2601625,0.18594924,0.7061944,0.02277352
511,0.051700845,0.05239817,0.047989458,0.026991906,0.0037113875,0.025406266
512,1.2996532,0.7275539,0.86548096,0.6463813,0.4341722,0.081172585
513,0.31431225,0.18775588,0.22320904,0.15868686,0.09110321,0.029069021
514,1.0902646,0.33489484,0.46200573,0.32849717,0.6282588,0.0063976645
515,0.13031866,0.13638295,0.05308482,0.041538976,0.077233836,0.094843976
516,0.025650352,-0.026204599,0.023920951,0.01431454,0.0017294008,-0.04051914
517,-0.034593884,0.11880975,0.011585535,0.004017083,-0.046179418,0.11479267
518,0.8660986,0.31813872,0.4045425,0.29945493,0.46155608,0.018683791
519,1.6573654,0.22401503,0.33959007,0.25511858,1.3177754,-0.031103551
520,0.8587664,0.35629946,0.44669488,0.32677147,0.4120715,0.029527992
521,0.011361413,0.020020325,0.0031541428,0.0019388178,0.00820727,0.018081507
522,0.081500955,0.13057086,0.07341006,0.049211513,0.008090898,0.08135934
523,0.12635776,0.07309001,0.06985061,0.051517583,0.056507155,0.021572426
524,0.18527515,0.082465775,0.10422298,0.07515443,0.08105217,0.007311344
525,1.1704576,0.5060798,0.6887098,0.4966282,0.4817478,0.009451598
526,0.3793242,0.15338553,0.15755223,0.12070589,0.22177197,0.032679647
527,1.0343996,0.56891567,0.7405606,0.53885573,0.29383904,0.030059934
528,0.08535622,0.008642376,0.023430655,0.019349193,0.061925568,-0.010706817
529,0.015346905,0.0328341,0.010233781,0.00904848,0.005113124,0.02378562
530,1.3401885,0.4925235,0.6930075,0.4741007,0.647181,0.018422782
531,0.0710714,0.032241855,0.04818446,0.029134426,0.022886943,0.0031074286
532,0.6970967,0.32473448,0.4853029,0.3289043,0.21179381,-0.0041698217
533,1.0096825,0.404977,0.5497701,0.39508834,0.45991242,0.009888649
534,0.2984155,0.14356191,0.20001261,0.11864983,0.0984029,0.024912082
535,0.801943,0.19200099,0.2434323,0.18250255,0.5585107,0.009498432
536,-0.019321185,0.03263664,0.014287613,0.011421062,-0.033608798,0.021215577
537,0.0703995,0.13019949,0.06275508,0.03593584,0.0076444224,0.09426365
538,1.2214198,0.3755692,0.5832816,0.40038902,0.63813823,-0.024819821
539,0.09008204,0.0042083473,0.041232213,0.026928777,0.04884983,-0.02272043
540,0.034216974,0.00090455485,0.012707118,0.00960867,0.021509856,-0.008704116
541,0.1280983,0.06258748,0.08117132,0.04988956,0.046926975,0.0126979165
542,0.0529045,0.03779044,0.021741044,0.018836176,0.031163458,0.018954264
543,0.1400232,0.06578733,0.08195472,0.05766668,0.058068484,0.008120649
544,0.049459912,-0.05483126,0.04497737,0.0240519,0.0044825412,-0.078883156
545,0.64717597,0.28897646,0.2901138,0.1820471,0.35706216,0.10692936
546,0.29588056,0.20429972,0.21933335,0.13719557,0.076547205,0.067104146
547,0.068458386,0.071929514,0.04172245,0.0378679,0.026735935,0.034061614
548,0.92473364,0.25454837,0.51598734,0.31836256,0.4087463,-0.06381419
549,1.5044698,0.56939965,0.7692627,0.53488034,0.7352071,0.034519315
550,1.1966567,0.3667366,0.51620084,0.34208992,0.68045586,0.02464667
551,0.060413215,0.0070637697,0.054658957,0.035499457,0.0057542585,-0.028435688
552,1.1865994,0.41800785,0.50893664,0.36912397,0.67766273,0.048883885
553,0.10084527,-0.00040101467,0.07019004,0.04702657,0.030655228,-0.047427587
554,0.022675766,0.020660076,0.010476887,0.009773605,0.012198878,0.010886472
555,1.290157,0.45668203,0.66707504,0.45623723,0.6230819,0.00044479966
556,0.016079899,-0.026471442,0.01704151,0.010124489,-0.00096161105,-0.03659593
557,1.136741,0.32813895,0.4331883,0.3136846,0.7035527,0.014454335
558,0.82984036,0.41870147,0.46920732,0.34543008,0.36063305,0.073271394
559,0.9055444,0.37023664,0.44494778,0.29911846,0.46059662,0.071118176
560,0.11700525,0.13546339,0.04989883,0.040482987,0.067106426,0.094980404
561,0.8621011,0.42407948,0.47322437,0.33739018,0.3888767,0.08668929
562,0.020078752,-0.05682222,0.026216866,0.012252685,-0.0061381143,-0.06907491
563,0.06541176,0.034783907,0.044803932,0.03619908,0.02060783,-0.0014151745
564,0.18473755,0.062699534,0.12248033,0.081043765,0.062257215,-0.018344231
565,0.4696165,0.08659936,0.1207742,0.08567974,0.3488423,0.0009196177
566,0.95192194,0.36701775,0.5292214,0.38553703,0.42270052,-0.018519282
567,0.14284016,0.013671434,0.060083725,0.04009838,0.08275644,-0.026426947
568,1.1827466,0.35774627,0.4987237,0.3619347,0.68402296,-0.0041884184
569,0.15578009,0.11263552,0.086053975,0.065144256,0.06972612,0.047491267
570,0.79775184,0.25254554,0.37862587,0.2574176,0.41912597,-0.004872054
571,-0.034472678,-0.014468939,0.010246339,0.00610466,-0.044719018,-0.0205736
572,0.059815552,0.04119949,0.04123494,0.027990194,0.018580612,0.013209296
573,0.21418417,0.07461749,0.12936044,0.08025208,0.08482373,-0.005634591
574,-0.012784935,0.10848747,0.021887258,0.012127086,-0.034672193,0.096360385
575,1.1461782,0.30191118,0.47153682,0.28546643,0.67464143,0.016444743
576,0.8583181,0.18800546,0.24073176,0.16942805,0.6175863,0.018577412
577,0.18043931,0.09304992,0.09660205,0.072582185,0.083837256,0.020467736
578,0.9748734,0.40440762,0.47302708,0.34609455,0.5018463,0.05831307
579,1.373485,0.52124435,0.8108321,0.5212137,0.5626529,3.0636787e-05
580,-0.012777082,0.1283626,0.017907329,0.009757498,-0.030684412,0.1186051
581,0.009044357,0.1293564,0.04106203,0.02140962,-0.032017674,0.10794678
582,0.7108876,0.21142827,0.33024648,0.22777075,0.38064113,-0.016342476
583,0.7721452,0.24971792,0.32416698,0.22829533,0.44797823,0.021422595
584,0.08716691,0.018929766,0.042711243,0.03292863,0.04445567,-0.013998864
585,-0.026306594,0.117757596,0.015846297,0.006829515,-0.04215289,0.11092808
586,1.0111663,0.45209908,0.67236686,0.43044883,0.33879948,0.021650255
587,0.28964347,0.12682101,0.17617588,0.124993086,0.11346759,0.0018279254
588,0.056769554,0.03065699,0.026166802,0.02105019,0.030602751,0.009606799
589,0.094149135,0.029280897,0.04681333,0.025829358,0.047335804,0.0034515392
590,0.06167713,0.026455974,0.030263724,0.021616556,0.031413406,0.0048394185
591,0.7290315,0.2025093,0.28835335,0.20519334,0.44067815,-0.0026840419
592,1.2205018,0.47736964,0.74544424,0.5078084,0.47505754,-0.030438751
593,0.5484567,0.26739395,0.32139763,0.21464802,0.2270591,0.052745923
594,0.047122262,-0.04864881,0.046970762,0.022900913,0.0001515001,-0.07154972
595,0.019326184,0.056821093,0.035471946,0.024389928,-0.016145762,0.032431163
596,1.0844678,0.46947306,0.5527234,0.4046854,0.53174436,0.064787656
597,0.060078677,0.034070283,0.0345481,0.019168336,0.025530577,0.014901947
598,1.0076597,0.24689028,0.33750197,0.21764457,0.6701577,0.029245704
599,0.035504956,0.08343979,0.019972399,0.017331457,0.015532557,0.06610833
600,0.039661955,0.10365304,0.036848653,0.017625147,0.002813302,0.0860279
601,-0.006734206,0.11988256,0.0033477568,0.004651296,-0.010081963,0.11523127
602,0.03705832,0.024967572,0.010224835,0.006766583,0.026833486,0.01820099
603,0.05350716,0.011793935,0.038635153,0.018977098,0.014872007,-0.0071831634
604,0.14603758,0.053738415,0.04330583,0.03112186,0.10273175,0.022616556
605,0.98153865,0.36997142,0.51571125,0.37703878,0.4658274,-0.0070673525
606,1.237364,0.2654322,0.4069977,0.28954995,0.8303664,-0.024117738
607,-0.01764037,0.11106906,0.009942317,0.0031221267,-0.027582688,0.10794693
608,0.028894596,-0.037880126,0.03844712,0.015638264,-0.0095525235,-0.053518392
609,0.17389007,0.08476198,0.11070961,0.0865974,0.06318046,-0.0018354207
610,0.060608048,0.034127653,0.054219786,0.03604176,0.006388262,-0.0019141063
611,1.2532253,0.2974715,0.37100998,0.28004506,0.8822154,0.017426431
612,0.059045844,0.03491607,0.033021733,0.023924332,0.02602411,0.010991737
613,1.0809616,0.38102153,0.5484796,0.38216224,0.53248197,-0.0011407137
614,0.08414288,0.15362766,0.05811388,0.04159895,0.026028998,0.11202872
615,0.7872765,0.25821066,0.40097392,0.28681597,0.3863026,-0.028605312
616,1.1815269,0.46446857,0.70188576,0.48893645,0.47964114,-0.024467885
617,0.039366517,-0.020714957,0.017865853,0.01405963,0.021500664,-0.034774587
618,1.1790428,0.36625597,0.5492239,0.33386344,0.6298189,0.03239253
619,0.14908794,0.03186187,0.12044796,0.073724516,0.028639972,-0.041862644
620,1.0312674,0.2355043,0.38807705,0.2366212,0.6431904,-0.0011169016
621,0.02919379,-0.031287324,0.022641242,0.012639664,0.006552549,-0.043926988
622,1.121672,0.5225351,0.7652579,0.52183783,0.35641414,0.00069725513
623,0.9763041,0.018429518,0.20449007,0.1312267,0.77181405,-0.112797186
624,0.055752516,0.028103324,0.025662191,0.015612156,0.030090325,0.0124911675
625,1.3515484,0.5312771,0.7271083,0.52364093,0.62444013,0.0076361895
626,0.10407402,0.06636207,0.07953445,0.059355084,0.024539575,0.007006984
627,0.020444507,0.009076927,0.020829028,0.013845909,-0.00038452074,-0.0047689825
628,1.2099025,0.57123905,0.79759514,0.5553645,0.41230738,0.015874565
629,1.0915331,0.10176657,0.21194193,0.14237784,0.8795911,-0.040611267
630,0.6873973,0.19820662,0.27459693,0.2016203,0.41280037,-0.0034136772
631,0.2326123,0.088334076,0.16214448,0.08604106,0.070467815,0.002293013
632,0.06805513,0.041270256,0.02573648,0.015333154,0.04231865,0.025937103
633,0.030512804,0.026055966,0.0159109,0.014589226,0.014601905,0.01146674
634,1.1691934,0.36136457,0.5200341,0.38037023,0.6491593,-0.019005656
635,0.14785697,0.10190144,0.06350721,0.046322063,0.08434976,0.05557938
636,0.23384674,0.11257516,0.15356553,0.10666583,0.08028121,0.005909331
637,0.089312464,0.032547835,0.09142439,0.06352204,-0.0021119267,-0.030974206
638,0.6549002,0.238844,0.4107855,0.27187333,0.2441147,-0.033029318
639,1.387998,0.3831611,0.28558606,0.21410245,1.102412,0.16905865
640,0.30176422,0.16050117,0.18682317,0.11368734,0.114941046,0.04681383
641,0.041250512,0.049445342,0.05113038,0.030663569,-0.0098798685,0.018781774
642,-0.05414828,0.13346821,0.005775973,0.0046985676,-0.059924252,0.12876964
643,0.027949752,-0.030989224,0.019318022,0.011040606,0.00863173,-0.042029828
644,0.9733073,0.4484898,0.48074168,0.36134616,0.49256563,0.08714363
645,0.029978441,0.010077503,0.017468262,0.009419103,0.012510179,0.0006583994
646,0.022476612,0.110989176,0.0137418,0.011107939,0.008734812,0.09988124
647,0.20187762,0.14717734,0.1234682,0.08388801,0.078409426,0.06328933
648,0.010929776,-0.017974783,0.012008535,0.010408073,-0.0010787584,-0.028382856
649,0.10038966,0.011443105,0.079067364,0.048202377,0.021322295,-0.036759272
650,-0.00020347704,-0.05871366,0.009856847,0.0039971443,-0.010060324,-0.06271081
651,0.077598706,0.027188566,0.058731902,0.036418334,0.018866803,-0.009229768
652,1.3296103,0.72918636,0.93398035,0.69686353,0.39563,0.032322824
653,0.081829935,0.0577487,0.063301295,0.047918934,0.01852864,0.009829767
654,0.9977558,0.3565714,0.49013507,0.31875157,0.50762075,0.037819833
655,0.062360406,0.11094649,0.07587431,0.04159769,-0.013513908,0.0693488
656,1.1962965,0.39012843,0.49888894,0.3537491,0.6974075,0.036379337
657,0.13690525,0.036658634,0.062152695,0.038073443,0.074752554,-0.0014148094
658,-0.0020595156,-0.026261335,0.013255063,0.009385914,-0.015314579,-0.03564725
659,0.044006173,-0.02197366,0.048567258,0.029346375,-0.0045610853,-0.051320035
660,1.0184083,0.34237027,0.5604657,0.38045746,0.4579426,-0.03808719
661,0.04420922,0.05443298,0.020491455,0.0199405,0.023717765,0.03449248
662,0.420684,0.20494273,0.26542416,0.19827367,0.15525985,0.0066690594
663,0.87406754,0.43902203,0.6034951,0.43350673,0.27057242,0.005515307
664,0.029856803,0.047956023,0.017899903,0.018195098,0.0119569,0.029760925
665,1.2089087,0.68963736,0.89234275,0.6746929,0.31656593,0.014944434
666,0.042181384,0.036185443,0.030019319,0.023242041,0.012162065,0.012943402
667,0.09810162,0.02621537,0.08864316,0.06238023,0.00945846,-0.036164857
668,0.8949815,0.31213093,0.44666898,0.31604564,0.44831252,-0.003914714
669,0.076315016,0.037821423,0.06831113,0.037691437,0.008003883,0.00012998655
670,0.99665344,0.3871704,0.43966514,0.31865543,0.5569883,0.06851497
671,0.05769179,0.004605903,0.01990217,0.016373727,0.03778962,-0.011767825
672,0.72754246,0.26247612,0.33777928,0.25383803,0.38976318,0.008638084
673,0.11756003,0.1180028,0.11905364,0.0894004,-0.0014936104,0.028602399
674,0.91422206,0.35499477,0.43785155,0.3403482,0.4763705,0.01464656
675,0.20325866,0.1086948,0.11688478,0.09346278,0.08637388,0.015232019
676,0.052156422,0.023136051,0.016022502,0.009338306,0.036133923,0.013797745
677,0.06206529,0.15159403,0.054238323,0.03880963,0.007826965,0.1127844
678,0.1554365,0.088201165,0.10377365,0.07678172,0.051662847,0.011419445
679,-0.0016788959,0.19376191,0.0064153858,0.00778346,-0.008094282,0.18597846
680,1.0005245,0.3617036,0.46349785,0.3143616,0.53702664,0.047342002
681,0.12426571,0.19084178,0.103514135,0.07370209,0.020751573,0.11713969
682,1.1344074,0.4693593,0.6739547,0.47177312,0.46045268,-0.0024138093
683,0.973149,0.42563364,0.5971798,0.42012843,0.37596923,0.005505204
684,1.69679,0.5987598,1.0072901,0.655831,0.68949986,-0.05707121
685,0.037082464,0.017788382,0.021960687,0.0155096175,0.015121777,0.0022787647
686,0.814605,0.30876237,0.35561687,0.2547956,0.45898813,0.05396676
687,-0.025662618,-0.078181274,0.00820697,0.004043269,-0.033869587,-0.08222454
688,0.93624914,0.33586335,0.45645332,0.34681278,0.4797958,-0.010949433
689,1.0680156,0.36985335,0.50202334,0.37589562,0.56599224,-0.006042272
690,0.06174901,0.10913722,0.089420944,0.06920916,-0.027671933,0.039928064
691,0.062512025,0.024570595,0.02558008,0.016294954,0.036931947,0.008275641
692,0.06750683,0.16267306,0.047434844,0.021794546,0.020071983,0.14087851
693,0.96844685,0.54191506,0.67946553,0.4769107,0.28898132,0.06500435
694,0.18608427,0.071462505,0.1082231,0.07291269,0.07786117,-0.0014501885
695,0.047313623,0.046348825,0.034307476,0.026345417,0.013006147,0.020003408
696,0.18228363,0.17483401,0.11378418,0.09026516,0.068499446,0.08456885
697,0.9984387,0.3848209,0.47933254,0.34784564,0.51910615,0.036975265
698,0.08933366,0.054469362,0.060966156,0.044032488,0.028367504,0.010436874
699,-0.019065076,-0.013125971,0.017390428,0.011467441,-0.036455505,-0.024593413
700,0.3851848,0.14093295,0.3053497,0.20790413,0.07983509,-0.06697118
701,0.30383492,0.05362808,0.20484157,0.11463588,0.098993346,-0.061007798
702,0.061246466,-0.011445105,0.048346333,0.036079682,0.012900133,-0.047524787
703,1.6199495,0.3580367,0.6773728,0.46872002,0.94257665,-0.11068332
704,0.88432145,0.35255474,0.47927323,0.28344727,0.40504822,0.06910747
705,1.1779331,0.30937687,0.43375003,0.30882055,0.74418306,0.00055631995
706,0.07979587,0.0025795002,0.031629458,0.028486151,0.04816641,-0.02590665
707,0.0254623,0.14624232,0.013802737,0.009723274,0.011659563,0.13651904
708,0.11538212,0.07967962,0.07094938,0.05111323,0.044432737,0.028566394
709,1.0310053,0.3019074,0.34052017,0.2540761,0.6904851,0.047831297
710,0.29333827,0.1163509,0.13509119,0.09626655,0.15824708,0.020084344
711,1.0563034,0.36034217,0.4741438,0.36139897,0.5821596,-0.0010567904
712,0.06771382,-0.03012837,0.039073993,0.017707948,0.028639827,-0.04783632
713,1.0356125,0.34821627,0.4667657,0.3437117,0.56884676,0.0045045614
714,0.03109364,-0.039565288,0.03322324,0.013242899,-0.0021296013,-0.052808188
715,0.6129165,0.30291423,0.3660431,0.28788224,0.24687344,0.015031993
716,0.5381288,0.26340586,0.34590027,0.25227904,0.19222853,0.011126816
717,0.097186044,0.02186489,0.07449561,0.052786026,0.02269043,-0.030921137
718,0.24290606,0.08791135,0.055357315,0.04554082,0.18754876,0.04237053
719,1.1131576,0.56087565,0.7309944,0.54868406,0.38216323,0.012191594
720,1.5408984,0.53639394,0.7953153,0.53143394,0.7455831,0.0049600005
721,0.3921992,0.16650362,0.21285631,0.15090962,0.17934288,0.015594006
722,0.86820626,0.4249311,0.5722603,0.4102765,0.29594594,0.014654607
723,0.028865013,0.021175357,0.008708409,0.00955482,0.020156603,0.011620536
724,0.029327089,0.039318636,0.026940446,0.021119304,0.0023866426,0.018199332
725,0.026036238,0.03047777,0.018831823,0.017360149,0.0072044153,0.013117621
726,1.152027,0.47452834,0.6748711,0.46243382,0.47715592,0.0120945275
727,0.030891558,0.08988743,0.019172305,0.015242815,0.011719253,0.07464462
728,0.09404306,0.048228625,0.06566889,0.037984025,0.028374173,0.0102446005
729,0.02088736,0.02547158,0.023023931,0.017877428,-0.0021365713,0.0075941514
730,0.28218928,0.14122583,0.13653527,0.09949385,0.14565401,0.041731983
731,1.2383153,0.3796524,0.5980265,0.433172,0.64028883,-0.053519577
732,0.42345703,0.06639332,0.13829912,0.0912005,0.28515792,-0.024807177
733,1.2857741,0.62834716,0.80953795,0.60540354,0.47623616,0.022943616
734,0.73543894,0.27610725,0.41621757,0.2785726,0.31922138,-0.0024653375
735,0.0007667165,-0.09536537,0.018593179,0.0070181545,-0.017826462,-0.102383524
736,0.08874327,0.041682784,0.05548542,0.035159923,0.03325785,0.0065228604
737,0.38001847,0.077198505,0.14811869,0.09572491,0.23189978,-0.018526405
738,0.06388275,0.039471257,0.06940353,0.052767076,-0.005520776,-0.013295818
739,0.0922192,0.11171239,0.08924808,0.05352788,0.0029711202,0.05818451
740,0.014160649,0.047214337,0.021781694,0.0137546845,-0.007621045,0.033459652
741,1.0847098,0.4839174,0.49191785,0.37101975,0.5927919,0.112897635
742,0.08362965,0.03618594,0.039598882,0.026647959,0.04403077,0.00953798
743,0.08251363,0.11038924,0.03866587,0.030806363,0.043847762,0.07958288
744,0.3118656,0.11712559,0.15332305,0.105685085,0.15854254,0.011440508
745,1.1193243,0.46666715,0.50145155,0.3834383,0.6178728,0.08322886
746,0.45393747,0.24876624,0.32721898,0.24474533,0.12671849,0.0040209144
747,0.92196006,0.3457673,0.4580676,0.34147844,0.46389246,0.004288852
748,0.03456481,0.0616017,0.039494906,0.029859575,-0.004930094,0.031742126
749,0.8527836,0.3494345,0.4853624,0.29535607,0.3674212,0.05407843
750,0.07215079,0.045579217,0.033888035,0.022245891,0.038262755,0.023333326
751,1.1352562,0.64359456,0.8359153,0.5953324,0.29934084,0.04826218
752,0.010149134,-0.015206298,0.016447525,0.012015964,-0.006298391,-0.02722226
753,1.0174338,0.4516091,0.62038416,0.4355807,0.3970496,0.016028404
754,0.13018855,0.094204046,0.032011952,0.0253723,0.0981766,0.06883174
755,0.5922899,0.36335003,0.4095842,0.27829805,0.18270573,0.08505198
756,0.7877086,0.30888784,0.4727233,0.3281822,0.31498528,-0.019294351
757,0.81142503,0.34715253,0.53755414,0.3696559,0.2738709,-0.022503376
758,0.111795016,0.022518562,0.057432633,0.026830468,0.054362383,-0.004311906
759,0.092637815,0.08699807,0.04549757,0.038195897,0.047140244,0.04880217
760,0.1749895,0.0831446,0.12664217,0.08423242,0.04834734,-0.001087822
761,0.060154956,0.10470919,0.04861627,0.041954234,0.011538684,0.06275496
762,0.20818418,0.008999892,0.10705658,0.06742947,0.1011276,-0.058429576
763,0.71946716,0.3079882,0.42244956,0.29476523,0.2970176,0.013222963
764,1.1420324,0.4217347,0.54110014,0.3715496,0.60093224,0.050185084
765,0.13221982,0.04399793,0.07950477,0.048784595,0.05271505,-0.0047866665
766,0.09132473,0.046736576,0.048227407,0.03283309,0.043097325,0.0139034875
767,1.3505398,0.39028165,0.54877394,0.38361055,0.80176586,0.006671101
768,1.305946,0.48685125,0.56490004,0.44618404,0.74104595,0.040667206
769,0.83927745,0.2913456,0.35326707,0.26399648,0.48601037,0.027349114
770,0.2618858,0.10319603,0.10549893,0.077159636,0.15638685,0.026036397
771,0.08882952,-0.0009757812,0.04598268,0.029817846,0.042846836,-0.030793628
772,0.88508636,0.43766275,0.6062347,0.42802358,0.27885163,0.009639174
773,0.00031602453,0.061561465,0.03899286,0.034721658,-0.038676836,0.026839808
774,1.1717746,0.5896095,0.7597651,0.5623858,0.41200954,0.027223706
775,0.07046634,0.11350572,0.0466584,0.04172592,0.02380794,0.0717798
776,1.1670868,0.42725864,0.5695854,0.38938,0.59750146,0.037878633
777,0.1629857,0.19406445,0.106360056,0.07894241,0.056625642,0.11512204
778,0.0668557,0.0028491186,0.03622096,0.01603315,0.030634739,-0.0131840315
779,0.8940959,0.31905627,0.51313305,0.3322691,0.38096285,-0.01321283
780,-0.006548153,0.1362037,0.029756928,0.017167239,-0.03630508,0.119036466
781,1.05415,0.23243988,0.27079058,0.20765994,0.7833594,0.02477993
782,0.08693572,0.06169577,0.06738994,0.050908264,0.019545779,0.010787506
783,0.18495329,0.17059931,0.08468022,0.055177573,0.100273065,0.11542174
784,0.25726208,0.13365844,0.21194293,0.12240995,0.045319155,0.011248492
785,0.6684884,0.18819578,0.22782326,0.16446286,0.44066513,0.023732916
786,0.011572567,0.020679362,0.028289404,0.02216697,-0.016716838,-0.0014876071
787,0.8731918,0.3815376,0.5117734,0.38861817,0.36141837,-0.0070805848
788,0.032531343,0.05946737,0.0385755,0.024725594,-0.006044157,0.034741778
789,0.97104746,0.29194835,0.38050446,0.26847944,0.59054303,0.023468912
790,0.023625817,0.044280875,0.014083352,0.013899008,0.009542465,0.030381868
791,1.0320832,0.1477661,0.24849333,0.17902158,0.78358984,-0.031255484
792,0.051642906,0.056945767,0.034986652,0.027761264,0.016656253,0.029184503
793,0.95558137,0.27157277,0.47123897,0.30923772,0.4843424,-0.03766495
794,-0.0020672693,0.13594796,0.030802188,0.01870459,-0.03286946,0.117243364
795,1.1971111,0.4935667,0.692783,0.4545309,0.50432813,0.039035797
796,0.091259,0.011071487,0.06577471,0.036775585,0.025484294,-0.025704097
797,1.2277414,0.4885305,0.66273147,0.47727695,0.5650099,0.011253536
798,0.25433433,0.11746399,0.16615382,0.1176802,0.08818051,-0.0002162084
799,1.2424914,0.3906543,0.5422333,0.3833347,0.7002581,0.0073195994
800,0.6868481,0.28357163,0.38832703,0.26782313,0.29852107,0.0157485
801,1.0242051,0.34469336,0.5214872,0.37575126,0.5027179,-0.031057894
802,0.2253991,0.09916285,0.1137779,0.088055365,0.11162121,0.011107482
803,0.12083177,0.027661951,0.10299014,0.067406416,0.01784163,-0.039744467
804,-0.03460032,0.12745778,0.02073064,0.01587698,-0.055330962,0.111580804
805,-0.037081428,0.06315646,-0.0018211305,-0.0042233993,-0.035260297,0.06737986
806,0.030641561,0.14439286,0.027030697,0.017301787,0.0036108643,0.12709108
807,0.05692215,0.092064425,0.05680339,0.037774973,0.00011875853,0.054289453
808,0.05205748,0.021009333,0.048391372,0.03070546,0.0036661066,-0.009696126
809,0.22590572,0.05152528,0.107066244,0.07294268,0.11883947,-0.021417402
810,0.09001768,0.03734027,0.08148256,0.054572117,0.008535117,-0.017231848
811,1.1392664,0.124609046,0.21035787,0.15576395,0.92890847,-0.031154908
812,0.012715035,-0.009527838,0.010665996,0.0077202837,0.0020490391,-0.017248122
813,0.018257126,0.014176195,0.011395954,0.007773273,0.0068611726,0.0064029214
814,0.038902126,0.015060625,0.015801048,0.010928582,0.023101078,0.0041320426
815,1.0638608,0.46561116,0.5905557,0.4469584,0.47330505,0.018652767
816,1.0594966,0.34030944,0.5688334,0.34289184,0.49066323,-0.002582401
817,0.06464734,0.053703476,0.03867733,0.027461512,0.025970008,0.026241964
818,0.1925934,0.06963652,0.14893411,0.09236708,0.043659285,-0.02273056
819,1.1916401,0.41745067,0.5753958,0.3757598,0.6162443,0.041690856
820,0.70139927,0.36957002,0.4660347,0.31482598,0.23536456,0.054744035
821,1.2823634,0.33052585,0.4225046,0.2985509,0.8598588,0.03197494
822,0.9163359,0.19123532,0.26849642,0.20191464,0.6478394,-0.0106793195
823,0.1327074,0.019188298,0.079678506,0.057622176,0.053028896,-0.03843388
824,-0.0108392695,0.1324996,0.031092053,0.017700573,-0.041931324,0.11479903
825,0.17571358,0.10090571,0.1205535,0.09279836,0.055160083,0.008107349
826,0.10182461,0.01569145,0.061068818,0.040416926,0.040755793,-0.024725476
827,0.055525772,0.061597336,0.079068966,0.05031539,-0.023543194,0.011281945
828,0.9404174,0.42780444,0.45184392,0.3249418,0.4885735,0.10286263
829,-0.010586484,-0.021523615,0.018127985,0.009849647,-0.02871447,-0.031373262
830,-0.02229791,-0.02526834,0.008773922,0.0040134354,-0.03107183,-0.029281776
831,1.1509707,0.52779037,0.60882634,0.46377003,0.54214436,0.064020336
832,1.4051434,0.4954855,0.5301619,0.38574627,0.87498146,0.109739244
833,0.010726877,0.11838196,0.015936015,0.01318212,-0.0052091386,0.10519984
834,0.09533251,-0.00038906178,0.06680965,0.044731207,0.028522864,-0.04512027
835,0.12563796,0.053665064,0.071464695,0.05294246,0.05417327,0.00072260574
836,1.159963,0.15755513,0.21000466,0.15251246,0.9499583,0.005042672
837,0.90622336,0.3368399,0.42715782,0.31406224,0.47906554,0.022777677
838,0.17479932,0.039416306,0.106323585,0.070759185,0.06847574,-0.03134288
839,0.98266727,0.34126174,0.47449884,0.3363481,0.50816846,0.004913658
840,0.23975322,0.07688901,0.07055012,0.047250845,0.1692031,0.029638164
841,1.1828082,0.5806508,0.72889376,0.536325,0.4539144,0.04432583
842,0.06252358,0.067266844,0.04761146,0.034770016,0.014912121,0.03249683
843,0.042447448,-0.016385848,0.039831724,0.02442566,0.0026157238,-0.04081151
844,1.2189393,0.37880573,0.5400013,0.36964387,0.67893803,0.00916186
845,0.0042263805,-0.016640447,0.01758322,0.00971869,-0.013356838,-0.026359137
846,0.04505197,0.025688024,0.04156063,0.026432488,0.0034913383,-0.0007444639
847,-0.007505206,0.11801581,0.007913294,0.009172496,-0.0154185,0.10884331
848,0.005578728,0.13313924,0.02755584,0.015763544,-0.021977112,0.117375694
849,0.05127683,-0.016206844,0.046969034,0.033485807,0.0043077953,-0.049692653
850,0.041655917,0.15690888,0.026489735,0.021980546,0.015166182,0.13492835
851,0.021596624,-0.023742588,0.02802571,0.019036543,-0.0064290855,-0.042779133
852,1.0932093,0.4503965,0.7430633,0.4881881,0.350146,-0.03779158
853,0.9420997,0.28124815,0.3967055,0.27617395,0.5453942,0.005074203
854,1.3132875,0.54789203,0.7907921,0.5271521,0.5224954,0.020739913
855,0.0950747,0.09183009,0.064212106,0.044606343,0.030862592,0.047223747
856,0.04411463,0.051532153,0.030164924,0.022943253,0.013949707,0.0285889
857,0.91235167,0.19429225,0.2818275,0.19757466,0.63052416,-0.003282413
858,0.13506074,0.051730987,0.08374602,0.05360784,0.05131472,-0.0018768534
859,0.047573853,0.026382763,0.034653217,0.024786692,0.012920637,0.0015960708
860,0.053222436,-0.0115548605,0.055485483,0.037139505,-0.0022630468,-0.048694365
861,-0.0039362474,0.096540965,0.015480365,0.006534947,-0.019416612,0.090006016
862,0.10059985,0.028844854,0.063843004,0.049381267,0.036756843,-0.020536413
863,0.0011988967,0.12728496,0.02929419,0.017052392,-0.028095294,0.11023257
864,0.06056834,0.05605837,0.0285478,0.020808063,0.03202054,0.035250306
865,-0.02012228,-0.066419914,0.018190438,0.007358662,-0.03831272,-0.07377858
866,0.08295236,-0.0054318965,0.048149575,0.027153106,0.034802783,-0.032585002
867,0.07369957,0.05924133,0.06871967,0.0509691,0.004979901,0.008272227
868,-0.011246846,0.20911084,0.04022853,0.012500776,-0.051475376,0.19661006
869,0.998187,0.29127228,0.393684,0.28390992,0.60450304,0.0073623657
870,0.16134542,0.07073815,0.057280608,0.04435498,0.104064815,0.026383173
871,0.097174935,0.036920927,0.051822405,0.025474718,0.04535253,0.01144621
872,0.97175795,0.27910995,0.36829686,0.27484795,0.6034611,0.0042620003
873,1.0075638,0.3241505,0.40866828,0.3102243,0.59889555,0.013926208
874,0.055249907,0.055585567,0.055104133,0.039352022,0.00014577433,0.016233545
875,0.34194115,0.19152667,0.20118456,0.14971596,0.14075659,0.041810706
876,1.3526877,0.5208944,0.69856155,0.4845097,0.65412617,0.0363847
877,0.87616336,0.27598837,0.43195346,0.29889125,0.4442099,-0.022902876
878,1.1082417,0.5638885,0.7835693,0.5186627,0.3246724,0.0452258
879,0.11832285,0.09982578,0.08346083,0.06688483,0.03486202,0.032940947
880,1.1271709,0.23133047,0.37121165,0.264271,0.7559593,-0.03294052
881,0.09899616,0.060052756,0.06050353,0.04782927,0.03849263,0.012223486
882,0.028285183,-0.0007970409,0.018333394,0.009913456,0.009951789,-0.010710496
883,0.12969485,0.16518345,0.07383841,0.055550165,0.055856436,0.10963329
884,1.1393394,0.5872499,0.74632525,0.52544695,0.3930142,0.061802924
885,0.8888668,0.27616313,0.36954257,0.27323207,0.5193242,0.0029310584
886,1.1770132,0.51815945,0.53638816,0.41598347,0.640625,0.10217598
887,1.1801218,0.33481467,0.4890795,0.36595824,0.6910423,-0.031143576
888,0.07709017,0.048202462,0.04162539,0.033458885,0.035464775,0.014743578
889,1.3705523,0.681805,0.89077157,0.66347504,0.47978073,0.018329978
890,0.042570062,0.019511275,0.027476361,0.022370525,0.015093701,-0.0028592497
891,0.94784784,0.3460699,0.46949154,0.32817674,0.4783563,0.017893165
892,0.047622785,-0.0054950463,0.03251828,0.022145126,0.015104506,-0.027640171
893,0.023804314,0.009102035,0.0083799595,0.0066488488,0.015424355,0.0024531865
894,0.06392681,-0.020375755,0.062232386,0.03282979,0.0016944222,-0.053205546
895,-0.001578032,0.057343483,0.014339209,0.008996409,-0.015917242,0.048347075
896,1.3366771,0.24898656,0.51090723,0.31926072,0.82576984,-0.07027416
897,0.35252488,0.13580123,0.20331368,0.13497514,0.1492112,0.0008260906
898,0.19874206,0.13546312,0.12094027,0.09872182,0.077801794,0.0367413
899,0.10054677,0.04366548,0.042098723,0.029841596,0.058448046,0.013823884
900,0.8053843,0.23944312,0.30624372,0.23331745,0.49914056,0.0061256737
901,0.12262882,0.048319142,0.08561543,0.056271967,0.037013397,-0.007952824
902,0.23886919,0.072303616,0.089989245,0.056972858,0.14887995,0.015330758
903,0.15251453,0.016996842,0.111932546,0.06719137,0.040581986,-0.050194528
904,0.38144028,0.15872492,0.21446823,0.15563317,0.16697206,0.0030917525
905,1.0624455,0.3679358,0.5061845,0.36393797,0.556261,0.0039978325
906,0.037156776,-0.010142848,0.022647982,0.011310521,0.014508793,-0.02145337
907,0.018811213,-0.012111647,0.011014252,0.0071434705,0.007796961,-0.019255117
908,0.025565472,0.010032631,0.018063733,0.012427849,0.007501738,-0.0023952173
909,0.03601723,0.032712948,0.019281534,0.019134017,0.016735697,0.013578931
910,1.2161635,0.37690803,0.50835025,0.37371883,0.70781326,0.0031892061
911,0.10981203,0.054834846,0.098604955,0.070835054,0.011207074,-0.016000208
912,-0.013002143,-0.059971087,0.0059547005,-0.0010528151,-0.018956844,-0.05891827
913,0.74931115,0.21610497,0.3131243,0.21758044,0.43618685,-0.0014754683
914,0.050339427,0.0076786457,0.032705717,0.024541534,0.01763371,-0.016862888
915,1.0705135,0.36200404,0.50948334,0.33481467,0.56103015,0.027189374
916,1.1097388,0.24397202,0.37678218,0.23577751,0.73295665,0.008194506
917,0.052834738,-0.009419627,0.03888389,0.026832022,0.013950847,-0.03625165
918,0.05878264,0.09472809,0.030287828,0.023698129,0.028494813,0.07102996
919,0.08635869,-0.010513071,0.078984,0.045512423,0.007374689,-0.056025494
920,0.015875194,0.0913143,0.06090888,0.035517666,-0.045033686,0.055796634
921,0.10626792,0.1926356,0.1217528,0.083578326,-0.015484877,0.10905727
922,0.003954754,0.13887389,0.042370357,0.025332315,-0.038415603,0.11354157
923,0.20439623,0.033981886,0.073593885,0.05733429,0.13080235,-0.023352403
924,0.9044148,0.25587362,0.50507724,0.3279523,0.39933753,-0.072078675
925,0.09228662,-0.0038578047,0.051959872,0.034357224,0.040326744,-0.03821503
926,0.017913004,-0.0005399247,0.025647,0.015572201,-0.007733995,-0.016112126
927,0.05176098,-0.016546331,0.049621075,0.032249216,0.0021399036,-0.048795547
928,1.7746532,0.5289966,0.7703004,0.5897701,1.0043528,-0.06077349
929,0.033200484,-0.0031236184,0.040556237,0.026758388,-0.0073557533,-0.029882006
930,0.04036638,0.056162775,0.035361897,0.01953967,0.005004484,0.036623105
931,0.07844843,0.00890378,0.069442794,0.049124375,0.009005636,-0.040220596
932,0.09104826,0.09084698,0.08034472,0.061677832,0.010703541,0.029169146
933,0.6065141,0.28015748,0.3247577,0.24762836,0.2817564,0.032529116
934,0.04693565,0.107999906,0.057156906,0.036460243,-0.010221254,0.07153966
935,0.20962073,0.046112537,0.07990454,0.05942651,0.12971619,-0.013313971
936,0.12407648,0.1496986,0.059883337,0.043544274,0.064193144,0.10615432
937,0.82371825,0.29497585,0.41181004,0.3100556,0.4119082,-0.0150797665
938,1.1148748,0.52345806,0.6557175,0.49157584,0.45915735,0.031882226
939,0.06431572,0.10125054,0.041626476,0.031725604,0.022689246,0.06952493
940,0.27565762,0.19278774,0.19899926,0.14160827,0.07665837,0.05117947
941,0.057516277,0.05354076,0.04716055,0.0408723,0.010355726,0.012668461
942,0.8689299,0.10020363,0.21188265,0.14057645,0.6570473,-0.04037282
943,0.08164238,0.121836826,0.06319918,0.03504729,0.018443204,0.08678953
944,1.0206159,0.4075933,0.4817497,0.37648383,0.5388662,0.031109482
945,0.2757576,0.14757186,0.18390623,0.1352345,0.09185138,0.012337357
946,0.82792675,0.25825337,0.401836,0.29403812,0.42609075,-0.03578475
947,0.13067088,0.07194404,0.08182766,0.051502634,0.048843212,0.02044141
948,0.9567435,0.37641683,0.46194685,0.35950768,0.49479663,0.016909152
949,1.0748549,0.4977999,0.6751606,0.49642804,0.39969426,0.0013718605
950,1.112974,0.14044347,0.22881868,0.15864201,0.8841554,-0.018198535
951,-0.009489073,0.15304868,0.017033324,0.007120205,-0.026522398,0.14592847
952,0.45300564,0.08042753,0.1264039,0.09060634,0.32660174,-0.010178812
953,-0.031916503,0.100923024,0.0001232789,0.0022671507,-0.03203978,0.09865587
954,0.79616904,0.32894176,0.42112932,0.30099913,0.37503973,0.027942628
955,0.4937249,0.2908193,0.2725114,0.2066,0.22121352,0.08421929
956,0.03792136,0.04911496,0.02935732,0.021016195,0.008564042,0.028098766
957,0.71373993,0.30759323,0.42020318,0.30146357,0.29353675,0.0061296523
958,1.3016173,0.4802781,0.5767635,0.41281158,0.72485375,0.06746653
959,0.28034347,0.090615034,0.10858841,0.078565545,0.17175506,0.012049489
960,-0.011113358,0.12403983,0.025551379,0.011888286,-0.036664736,0.11215154
961,0.006445626,-0.008663946,0.008533051,0.0050078463,-0.0020874254,-0.013671792
962,0.11926594,0.030848756,0.092519246,0.06690162,0.02674669,-0.03605286
963,1.5337967,0.44467288,0.6585109,0.46636197,0.87528574,-0.021689087
964,0.022247551,-0.011195604,0.008410177,0.004421871,0.013837374,-0.015617475
965,0.20351696,0.09944599,0.05550771,0.039596334,0.14800926,0.059849657
966,0.03202361,0.025099622,0.019326031,0.014801767,0.0126975775,0.010297855
967,0.046843633,-0.030986931,0.028158298,0.013853916,0.018685335,-0.044840846
968,0.47840893,0.21116672,0.27265894,0.18222164,0.20574999,0.028945088
969,0.78586257,0.42093742,0.5907486,0.43464005,0.19511396,-0.013702631
970,1.1449038,0.3288608,0.4403274,0.31164184,0.7045764,0.017218947
971,0.9810431,0.27126116,0.4409153,0.29182935,0.5401278,-0.020568192
972,0.8353223,0.30890098,0.44310954,0.31302488,0.39221278,-0.0041238964
973,0.028320596,0.049772568,0.029811341,0.025047963,-0.0014907457,0.024724605
974,1.3833123,0.4318625,0.448162,0.32785308,0.9351504,0.10400942
975,1.125711,0.41605595,0.5528609,0.38288933,0.57285005,0.033166617
976,0.13162877,0.03997823,0.046567764,0.03149074,0.085061,0.008487489
977,0.8656601,0.4110431,0.5259831,0.3857862,0.33967698,0.025256902
978,0.99972504,0.24721119,0.3357423,0.21918385,0.66398275,0.02802734
979,1.1487166,0.43173963,0.5923129,0.42458358,0.5564037,0.0071560442
980,0.8290934,0.26399523,0.32496148,0.22949582,0.5041319,0.034499407
981,0.028248385,0.12551224,0.023071896,0.01833845,0.0051764883,0.10717379
982,0.11106527,-0.02080212,0.06536001,0.041034445,0.04570526,-0.061836563
983,0.2110144,0.036902826,0.069669,0.043138076,0.14134541,-0.0062352493
984,0.27547717,0.10104479,0.18212396,0.11192731,0.09335321,-0.010882519
985,0.09914904,0.14446703,0.07644913,0.04512455,0.022699907,0.09934248
986,1.656983,0.37897664,0.5187628,0.31946275,1.1382202,0.059513897
987,0.062067796,-0.020025082,0.039016448,0.02521424,0.023051348,-0.045239322
988,0.08436657,0.11518665,0.091588356,0.063866794,-0.007221788,0.051319852
989,0.093427055,0.11974359,0.069850385,0.053763174,0.02357667,0.06598042
990,1.3451608,0.6788163,0.8277615,0.594554,0.5173994,0.08426231
991,0.80677426,0.34820905,0.40972748,0.31106406,0.39704677,0.03714499
992,0.8611679,0.20818046,0.28120387,0.21035904,0.57996404,-0.0021785796
993,-0.01880276,0.09611968,0.016956337,0.006709554,-0.0357591,0.089410126
994,0.2024838,0.10172704,0.12046149,0.079041846,0.08202232,0.022685193
995,0.16361164,0.058562335,0.08249004,0.056672562,0.08112159,0.0018897727
996,1.1252905,0.27734783,0.4072469,0.2703336,0.7180436,0.007014245
997,0.92032176,0.32109508,0.50376403,0.32862654,0.41655773,-0.007531464
998,0.88293,0.24976896,0.2986142,0.22638635,0.5843158,0.023382604
999,0.88996583,0.2205578,0.387547,0.25163758,0.5024189,-0.031079784
1000,0.021370566,0.022361254,0.023461966,0.016976116,-0.0020914003,0.005385138
1001,0.1000531,0.039973184,0.05058479,0.035120763,0.049468312,0.0048524216
1002,0.19457608,0.07656592,0.10322703,0.0730014,0.09134906,0.0035645217
1003,-0.00690177,0.122060575,0.024457874,0.014136126,-0.031359643,0.10792445
1004,0.31686172,0.22204116,0.17890796,0.1288447,0.13795376,0.09319647
1005,0.5894175,0.23180148,0.26342785,0.20273395,0.32598966,0.029067531
1006,0.30104554,0.119168766,0.2004065,0.13410771,0.10063903,-0.014938943
1007,1.162532,0.48028055,0.72712755,0.5137819,0.43540442,-0.033501357
1008,0.21197669,0.099677615,0.1285782,0.0840368,0.08339849,0.015640818
1009,0.12655108,0.08671864,0.100297764,0.07096327,0.026253313,0.01575537
1010,1.4377147,0.49960092,0.71088976,0.47749236,0.72682494,0.022108555
1011,0.26829258,0.13411507,0.16700065,0.12802574,0.101291925,0.0060893297
1012,0.9833939,0.55710244,0.71401876,0.5355337,0.26937515,0.021568716
1013,1.3384194,0.52402365,0.70880324,0.4969593,0.6296162,0.027064353
1014,0.11991804,0.025821466,0.06210857,0.043609574,0.057809472,-0.017788108
1015,0.9187816,0.39956567,0.5888381,0.38763392,0.32994348,0.011931747
1016,1.255464,0.33151639,0.4090492,0.30345994,0.84641474,0.028056443
1017,1.0757991,0.768744,0.92695355,0.67058265,0.14884555,0.09816134
1018,1.2111897,0.36754555,0.5758248,0.39408925,0.63536495,-0.026543707
1019,0.036549434,0.034071963,0.0319895,0.020158932,0.004559934,0.013913032
1020,-0.023688491,0.12718049,0.022329176,0.0119650755,-0.04601767,0.11521541
1021,-0.0005612382,-0.034902163,0.015413054,0.011288505,-0.015974293,-0.046190668
1022,0.030085197,0.1032791,0.042106118,0.026767448,-0.012020921,0.07651165
1023,1.0076394,0.41621205,0.55474806,0.39405003,0.45289135,0.02216202
1024,0.14307775,0.10689799,0.07500763,0.048538312,0.06807011,0.058359675
1025,0.80703163,0.27499285,0.3182368,0.21445604,0.48879483,0.060536817
1026,1.0684061,0.54674083,0.7944876,0.5294449,0.2739185,0.017295957
1027,-0.04918356,0.11735299,0.013527883,0.007992822,-0.06271144,0.10936017
1028,1.05999,0.33448285,0.43247235,0.30609,0.6275177,0.028392851
1029,0.024295207,0.062516175,0.010629025,0.0114284465,0.013666182,0.05108773
1030,-0.02008214,0.123107195,0.019390337,0.010772951,-0.039472476,0.112334244
1031,0.09013549,0.059586138,0.054267257,0.040215902,0.035868235,0.019370236
1032,0.07877559,0.003583563,0.036589216,0.026215976,0.042186376,-0.022632413
1033,1.2114449,0.46576062,0.66680264,0.45205176,0.5446422,0.01370886
1034,1.4286413,0.5380686,0.8306305,0.5643769,0.59801084,-0.026308298
1035,0.12390631,0.06899355,0.056627914,0.036316104,0.06727839,0.03267745
1036,0.34282866,0.2001189,0.16222687,0.11580257,0.18060179,0.08431633
1037,0.014314306,0.019340808,0.026741285,0.01995303,-0.012426979,-0.00061222166
1038,0.07668711,0.005850042,0.023507683,0.016248094,0.053179428,-0.010398052
1039,0.2090729,0.16209693,0.1566642,0.1140134,0.05240871,0.04808353
1040,0.016227279,0.07104389,0.015207517,0.0106628975,0.0010197619,0.060380995
1041,0.9789291,0.25208253,0.3682071,0.24167702,0.610722,0.010405511
1042,-0.0022775067,-0.057005193,0.006588368,-0.0008758372,-0.008865875,-0.056129355
1043,0.76686555,0.27444133,0.30081773,0.23348285,0.46604782,0.04095848
1044,0.1465633,0.10898089,0.10925875,0.08129094,0.037304558,0.027689949
1045,0.8041832,0.19371131,0.25256148,0.1778931,0.5516217,0.015818208
1046,0.23173022,0.13606863,0.16765508,0.12216292,0.06407514,0.013905704
1047,1.0654167,0.5155739,0.6046003,0.44033635,0.46081638,0.07523757
1048,0.9821761,0.39238954,0.4606337,0.35381472,0.52154243,0.038574815
1049,1.1525221,0.46539325,0.6987022,0.45659027,0.45381987,0.00880298
1050,0.033333544,0.075397,0.019115008,0.014372766,0.014218535,0.061024234
1051,0.011076143,-0.021560429,0.008869061,0.008373994,0.0022070818,-0.029934423
1052,1.3595157,0.5081257,0.7341831,0.52520555,0.6253326,-0.01707983
1053,0.09637185,0.0377026,0.03953999,0.0327015,0.056831863,0.0050011016
1054,0.27730578,0.21040937,0.2597209,0.19118921,0.01758489,0.019220158
1055,0.99639,0.3931261,0.4437834,0.33681342,0.5526066,0.05631268
1056,0.93581706,0.31346035,0.49124417,0.3055329,0.4445729,0.007927448
1057,0.028277427,0.018968854,0.05503673,0.03374595,-0.026759304,-0.014777094
1058,0.19319919,0.123480745,0.15359184,0.10569759,0.039607346,0.017783158
1059,0.17889671,0.049162768,0.10811266,0.069984786,0.07078405,-0.020822018
1060,0.06695951,0.09069485,0.055871543,0.034680568,0.011087965,0.056014284
1061,0.8326185,0.5840498,0.704585,0.55285543,0.12803346,0.031194389
1062,1.2201182,0.56600285,0.76431185,0.5598151,0.45580631,0.006187737
1063,1.4652218,0.37613246,0.4658059,0.3413333,0.9994159,0.03479916
1064,0.0063072965,-0.011627501,0.0141749075,0.0071161557,-0.007867611,-0.018743657
1065,0.1255768,0.059495434,0.06978576,0.044431195,0.055791035,0.0150642395
1066,-0.023281047,0.13572484,0.03391304,0.021082375,-0.057194084,0.11464247
1067,1.0300875,0.38495642,0.6222142,0.3914682,0.40787327,-0.0065117776
1068,0.07094735,0.23359314,0.07464478,0.048905477,-0.0036974326,0.18468766
1069,1.0051857,0.3168811,0.42036524,0.3124081,0.5848205,0.0044730008
1070,0.17049544,0.020866092,0.1160407,0.072054826,0.054454736,-0.051188733
1071,0.24501501,0.029478954,0.06368328,0.038543746,0.18133172,-0.009064792
1072,0.13286829,0.081867844,0.08636424,0.062000647,0.04650405,0.019867197
1073,0.09671114,0.07862875,0.07956188,0.053647008,0.017149255,0.02498174
1074,0.11203525,0.01998109,0.076188706,0.053940132,0.035846546,-0.033959042
1075,1.6170641,0.56746066,0.8361966,0.57657194,0.7808675,-0.009111285
1076,1.0193125,0.33531383,0.5217093,0.3694553,0.49760318,-0.03414148
1077,0.036712028,0.113752514,0.056838803,0.04371217,-0.020126775,0.070040345
1078,0.027583938,0.050200902,0.024266021,0.018036483,0.0033179168,0.032164417
1079,0.039361745,-0.010638069,0.024698965,0.016996624,0.01466278,-0.027634693
1080,0.6326703,0.27185014,0.4817307,0.3306972,0.15093958,-0.05884707
1081,0.02536656,0.02698844,0.018887088,0.009681645,0.006479472,0.017306793
1082,1.0466522,0.28186244,0.3408232,0.22595365,0.705829,0.055908784
1083,0.110973366,0.060447145,0.0851402,0.058803573,0.025833167,0.001643572
1084,0.21225634,0.03928393,0.09444636,0.05849373,0.11780998,-0.019209798
1085,1.0809771,0.38686526,0.44332656,0.33373338,0.6376505,0.05313188
1086,0.7063222,0.22039601,0.31342033,0.22256179,0.39290187,-0.0021657795
1087,0.14990859,0.04413574,0.09251117,0.06266636,0.057397418,-0.018530618
1088,0.005443249,0.08950388,0.040726677,0.026107483,-0.035283428,0.063396394
1089,0.94819987,0.49463746,0.61802053,0.476011,0.33017933,0.018626451
1090,1.351142,0.35040516,0.5517338,0.38629523,0.79940826,-0.035890073
1091,0.10198718,0.15492418,0.07389217,0.049986534,0.028095014,0.10493765
1092,0.89047396,0.2909239,0.3910307,0.2727139,0.49944326,0.018209994
1093,0.30807728,0.110801995,0.16390148,0.11690596,0.1441758,-0.0061039627
1094,0.58729017,0.26879063,0.4328307,0.27481127,0.15445948,-0.0060206354
1095,0.9688568,0.13889906,0.17174868,0.115011975,0.7971081,0.023887083
1096,1.2829204,0.19959845,0.38661423,0.24594165,0.89630616,-0.046343207
1097,0.059519973,0.04316009,0.050888747,0.038218673,0.008631226,0.004941415
1098,0.074499294,0.07606217,0.066079706,0.034460865,0.008419588,0.041601308
1099,0.11607622,0.0828057,0.08211464,0.061815284,0.033961587,0.020990416
1100,0.11067743,0.098999776,0.07995957,0.06173194,0.030717857,0.037267838
1101,0.16542397,0.07451553,0.07962875,0.05942723,0.08579522,0.015088297
1102,0.11664085,0.016794356,0.09940056,0.06490291,0.017240293,-0.048108555
1103,0.8505156,0.15417515,0.22963798,0.16722836,0.6208776,-0.013053209
1104,0.021220503,0.012669485,0.03317635,0.026235921,-0.011955848,-0.013566436
1105,1.2735647,0.5809191,0.7689822,0.5059028,0.5045825,0.07501626
1106,0.19155398,0.08578284,0.08615524,0.060246177,0.10539874,0.025536664
1107,0.8600727,0.3243447,0.4401541,0.3034975,0.41991857,0.020847201
1108,0.9938305,0.4572621,0.6358424,0.44004872,0.35798812,0.017213374
1109,0.026465759,0.019126456,0.0059860027,0.0061207367,0.020479755,0.0130057195
1110,1.2465895,0.5498579,0.715065,0.52648586,0.53152454,0.023372054
1111,0.05099263,-0.011719738,0.038889714,0.026024383,0.012102917,-0.03774412
1112,0.08258079,0.074583955,0.06794265,0.0474127,0.014638141,0.027171254
1113,0.0813701,0.16104084,0.084804505,0.05759307,-0.0034344047,0.10344777
1114,1.0746047,0.5046568,0.712683,0.49990162,0.36192173,0.004755169
1115,0.9986213,0.30743065,0.42740405,0.32182667,0.57121724,-0.014396012
1116,0.84267247,0.1795138,0.26022366,0.18273304,0.58244884,-0.0032192469
1117,1.0779045,0.34082156,0.5186539,0.35646722,0.55925053,-0.015645653
1118,0.9778579,0.4446871,0.653586,0.45988467,0.32427192,-0.015197575
1119,0.11602068,-0.00584195,0.06305025,0.040226992,0.05297043,-0.046068944
1120,0.15095304,0.05246613,0.088809766,0.057523653,0.062143274,-0.005057521
1121,0.09671965,0.07705792,0.059597343,0.049711026,0.03712231,0.027346894
1122,1.0692275,0.40298218,0.5845876,0.41159156,0.48463988,-0.008609384
1123,0.10166128,0.09813147,0.03649778,0.030178845,0.0651635,0.067952625
1124,0.090164974,0.03440883,0.043148942,0.033178482,0.047016032,0.0012303479
1125,1.2067688,0.13038045,0.29288092,0.17126232,0.91388786,-0.040881872
1126,0.06647578,0.026811594,0.067047656,0.04198657,-0.00057187676,-0.015174976
1127,0.94556236,0.44354558,0.5437446,0.41307,0.40181774,0.030475587
1128,0.018248884,0.025140015,0.0107446145,0.01050287,0.0075042695,0.014637145
1129,1.4091138,0.5887522,0.782651,0.56912035,0.62646276,0.019631863
1130,0.5152818,0.36915526,0.46477973,0.3296716,0.05050206,0.039483666
1131,0.2027902,0.046163663,0.100825846,0.060493633,0.101964355,-0.01432997
1132,1.5104184,0.7968438,1.0088627,0.7829934,0.5015557,0.0138504505
1133,0.27136725,0.17475824,0.22078262,0.16765949,0.05058463,0.0070987493
1134,1.1769577,0.40385795,0.5474856,0.3948445,0.62947214,0.009013444
1135,1.2221458,0.30132744,0.51152676,0.3742482,0.71061903,-0.07292077
1136,0.080764055,0.0422804,0.058368918,0.024563678,0.022395138,0.01771672
1137,1.4440049,0.6785382,0.710391,0.56920046,0.7336139,0.10933775
1138,1.2522928,0.57818955,0.9025451,0.6263998,0.34974766,-0.048210263
1139,0.9510391,0.18862171,0.30441928,0.20311731,0.6466198,-0.014495596
1140,0.029315285,-0.030218318,0.020657139,0.010543501,0.0086581465,-0.04076182
1141,1.1366798,0.27040553,0.42807725,0.29036885,0.70860255,-0.019963324
1142,0.10848894,0.07844984,0.0887414,0.07113729,0.01974754,0.007312551
1143,0.7228098,0.32049537,0.3824733,0.2788053,0.3403365,0.04169008
1144,0.062574565,0.030333415,0.030591182,0.02173973,0.031983383,0.008593684
1145,1.2587484,0.75153726,0.95154655,0.68202895,0.30720186,0.069508314
1146,0.763886,0.20665465,0.29555905,0.21632726,0.46832693,-0.009672612
1147,1.1142752,0.37198323,0.51280904,0.37506172,0.6014662,-0.0030784905
1148,0.12733087,0.07848767,0.09885395,0.07165747,0.028476916,0.0068302006
1149,0.04480201,0.039830003,0.028101163,0.022665491,0.016700847,0.017164512
1150,0.060421776,0.04244726,0.051910743,0.03443135,0.008511033,0.008015912
1151,0.062598675,-0.054733522,0.037981655,0.013202093,0.02461702,-0.067935616
1152,1.1266371,0.47150758,0.68951845,0.4658302,0.43711865,0.005677372
1153,1.0748458,0.38201877,0.58057415,0.4299284,0.49427164,-0.047909617
1154,0.905873,0.23026629,0.33004954,0.24140435,0.5758234,-0.011138067
1155,0.22421102,0.10287746,0.18147507,0.1239015,0.04273595,-0.02102404
1156,0.032999672,0.028470904,0.027434789,0.01923949,0.0055648834,0.009231413
1157,0.06201723,0.055483215,0.02838215,0.022895634,0.03363508,0.03258758
1158,1.1115746,0.36237627,0.5744597,0.41142967,0.537115,-0.0490534
1159,1.1123002,0.31147364,0.58876956,0.39875087,0.5235306,-0.08727723
1160,0.07674707,-0.013045446,0.034367915,0.022484625,0.042379152,-0.03553007
1161,0.7015893,0.12905337,0.15845056,0.12670065,0.54313874,0.0023527145
1162,0.19078232,0.13635463,0.14708735,0.09950937,0.043694973,0.036845252
1163,0.029835192,0.061306637,0.03731499,0.03079393,-0.007479796,0.030512707
1164,0.9544237,0.39618105,0.536635,0.4092548,0.41778874,-0.013073742
1165,0.05548785,-0.005064207,0.03310196,0.019430703,0.022385888,-0.024494909
1166,1.3020548,0.6997301,0.88169694,0.6559732,0.42035782,0.043756902
1167,1.471297,0.4630581,0.6287235,0.46289238,0.8425735,0.00016573071
1168,0.14236745,0.19180363,0.11661754,0.08539059,0.025749914,0.106413044
1169,1.1766453,0.34878138,0.5146754,0.36507726,0.6619699,-0.01629588
1170,0.12107637,0.0440495,0.05290605,0.03560652,0.06817032,0.008442983
1171,1.1149168,0.4597442,0.58975625,0.4135092,0.52516055,0.046234995
1172,1.093566,0.3014335,0.3567877,0.25570732,0.73677826,0.04572618
1173,0.210526,0.07248731,0.1582369,0.10578138,0.0522891,-0.033294067
1174,0.12796105,0.1715873,0.14956392,0.09289721,-0.021602869,0.0786901
1175,0.09828942,0.033311106,0.041611195,0.031790704,0.056678228,0.0015204027
1176,1.0395403,0.43457183,0.61501634,0.46234953,0.42452395,-0.027777702
1177,0.80121505,0.3031024,0.37158653,0.2522776,0.42962852,0.05082479
1178,0.88534766,0.34937274,0.5174941,0.34215966,0.36785358,0.007213086
1179,-0.03176036,3.3225937e-05,0.015066688,0.013229511,-0.046827048,-0.013196285
1180,0.04234614,0.012425412,0.029396929,0.020068277,0.01294921,-0.0076428642
1181,1.1098197,0.55094844,0.68499446,0.4999373,0.4248252,0.051011145
1182,0.024324276,0.055507403,0.010141841,0.009795534,0.014182434,0.045711868
1183,1.2771935,0.33392486,0.47947362,0.33730975,0.79771996,-0.0033848882
1184,0.09603843,0.029773122,0.042106867,0.029210612,0.053931564,0.0005625095
1185,1.0679526,0.3355768,0.54684985,0.35478303,0.5211028,-0.019206226
1186,0.047953572,0.05064675,0.020997718,0.01864587,0.026955854,0.032000877
1187,0.90893847,0.24050489,0.3327097,0.25717843,0.57622874,-0.016673535
1188,0.8259128,0.47998455,0.580807,0.39883494,0.2451058,0.08114961
1189,0.7683009,0.31240654,0.4852203,0.35018748,0.28308058,-0.03778094
1190,0.13108575,0.056835227,0.086138904,0.06355509,0.04494685,-0.006719865
1191,0.15652518,0.015092148,0.05578399,0.03622616,0.10074119,-0.021134011
1192,1.3465838,0.36191168,0.58256954,0.39813745,0.7640143,-0.036225766
1193,1.2599579,0.5508264,0.77519387,0.57404625,0.48476404,-0.023219883
1194,1.0443506,0.26642025,0.36027327,0.24838023,0.6840774,0.018040016
1195,0.028472295,-0.03252276,0.032427043,0.017801447,-0.0039547477,-0.05032421
1196,1.0596526,0.5431928,0.61654997,0.4508442,0.4431026,0.092348605
1197,0.13651724,0.093392186,0.0812261,0.0674213,0.05529114,0.025970884
1198,0.08275038,0.081364766,0.06301106,0.05266117,0.019739322,0.028703596
1199,0.20896634,0.13148528,0.13737729,0.09746387,0.07158905,0.034021415
1200,0.25626096,0.092619576,0.13435394,0.09432769,0.121907026,-0.0017081127
1201,1.3208495,0.6684921,0.89830834,0.65947115,0.4225412,0.009020925
1202,0.026176343,0.111394346,0.013338469,0.010458875,0.012837874,0.100935474
1203,1.0071281,0.22651991,0.28754002,0.21081631,0.7195881,0.015703604
1204,1.1942949,0.31316248,0.462826,0.34849194,0.7314689,-0.03532946
1205,0.9728384,0.3599408,0.52736115,0.33549297,0.44547725,0.024447829
1206,-0.021141438,0.013726112,0.014196199,0.01160689,-0.035337638,0.0021192227
1207,0.9575749,0.13210666,0.23856089,0.16750889,0.71901405,-0.035402223
1208,0.14458813,0.02883056,0.099305846,0.06010662,0.045282282,-0.031276062
1209,1.2934438,0.465353,0.6381563,0.43961585,0.6552875,0.025737166
1210,0.047160536,-0.01644733,0.04527884,0.025229549,0.0018816963,-0.04167688
1211,-0.045979854,0.11278885,0.0067779766,0.0028927154,-0.05275783,0.10989613
1212,0.10178076,0.023447497,0.05742482,0.047861055,0.044355936,-0.024413558
1213,0.054190297,-0.018625524,0.041910626,0.023460198,0.012279671,-0.042085722
1214,1.0742778,0.37339172,0.46542054,0.33695182,0.6088572,0.036439896
1215,0.059780892,0.1188812,0.07691396,0.056679916,-0.017133068,0.062201288
1216,0.01573439,0.011727042,0.054922655,0.029443469,-0.039188266,-0.017716426
1217,0.11066472,0.040258788,0.04585288,0.02863362,0.06481184,0.011625167
1218,0.27848145,0.06679221,0.072157525,0.052677747,0.20632392,0.014114466
1219,0.11429858,0.055103216,0.06361796,0.040366974,0.050680622,0.014736243
1220,0.13537236,0.08976054,0.10527427,0.082169704,0.030098088,0.007590838
1221,1.4372238,0.6022894,0.80920756,0.5377235,0.62801623,0.0645659
1222,0.057183046,0.07035881,0.035519324,0.031094074,0.021663722,0.03926474
1223,1.1129609,0.42065385,0.58096564,0.4332485,0.5319953,-0.01259464
1224,0.81099415,0.24694423,0.33053043,0.23981027,0.4804637,0.0071339607
1225,0.18870434,0.11984139,0.13298494,0.096124545,0.055719405,0.023716845
1226,1.0423474,0.4704753,0.6402507,0.4775853,0.40209675,-0.0071099997
1227,0.86674446,0.51459986,0.5820785,0.42301652,0.28466594,0.09158334
1228,1.2855889,0.3428657,0.5964711,0.38954887,0.6891178,-0.046683162
1229,1.6561064,0.255264,0.6030545,0.34815982,1.0530518,-0.092895806
1230,0.083376944,0.008101575,0.06383968,0.043869734,0.019537263,-0.03576816
1231,1.1471806,0.33346042,0.4703975,0.32996163,0.6767831,0.0034987926
1232,1.0413944,0.29950014,0.38255444,0.27077785,0.65883994,0.028722286
1233,0.03479533,0.06852865,0.03310271,0.017812645,0.0016926192,0.050716005
1234,-0.04249848,0.1392323,0.007963482,0.00092699326,-0.050461963,0.1383053
1235,0.97521484,0.56051487,0.6932258,0.5222535,0.28198904,0.038261354
1236,0.04532745,0.11529662,0.050224137,0.035186972,-0.0048966855,0.08010964
1237,0.052799743,0.007689976,0.042350784,0.028913915,0.010448959,-0.02122394
1238,-0.014301423,-0.058601342,0.00786993,-0.0007914059,-0.022171352,-0.057809938
1239,0.15158872,0.07576817,0.09500455,0.072001174,0.056584172,0.0037669986
1240,0.39922324,0.1924884,0.26853973,0.19022381,0.13068351,0.002264589
1241,-0.016166367,0.11493073,0.018632118,0.008396476,-0.034798484,0.10653425
1242,0.056616344,0.032066166,0.026383357,0.019416785,0.030232986,0.0126493815
1243,0.019064015,0.07662083,0.03651387,0.026307575,-0.017449854,0.050313257
1244,0.021548782,0.06394903,0.012090247,0.011663185,0.009458534,0.05228585
1245,0.17059574,0.12814888,0.13656357,0.100846976,0.034032166,0.027301908
1246,0.9616565,0.34865308,0.46850547,0.33561984,0.49315104,0.013033241
1247,0.08765346,0.0740486,0.0467107,0.034012765,0.04094276,0.040035836
1248,0.0054779565,0.16219012,0.040495686,0.024183035,-0.03501773,0.13800709
1249,0.3167558,0.14997657,0.16637802,0.12848912,0.15037778,0.021487445
1250,0.041831672,0.04920862,0.014968196,0.013172145,0.026863476,0.036036473
1251,0.8766318,0.26713234,0.45010716,0.2941579,0.42652464,-0.02702555
1252,0.045495708,0.007143223,0.022980545,0.017678482,0.022515163,-0.010535259
1253,0.06445199,0.03119655,0.04319523,0.028867442,0.021256763,0.0023291074
1254,-0.028701957,0.015448706,0.014537825,0.011580777,-0.043239783,0.0038679289
1255,0.07522003,0.06029188,0.04601603,0.03264003,0.029204004,0.02765185
1256,1.8124188,0.5879237,0.8162731,0.5846579,0.9961457,0.003265798
1257,0.13880247,0.0959836,0.107870854,0.08357007,0.030931614,0.012413532
1258,0.111262694,0.035894293,0.045217372,0.031706262,0.06604532,0.004188031
1259,0.064674795,0.010740877,0.054963876,0.037004735,0.009710919,-0.02626386
1260,1.0974077,0.41149428,0.59164596,0.43726844,0.50576174,-0.025774151
1261,0.0014073254,0.017321449,0.034479078,0.025407435,-0.033071753,-0.008085987
1262,1.2285787,0.5248772,0.6871855,0.4759342,0.54139316,0.048942983
1263,0.072204925,-0.021448912,0.041324466,0.026094068,0.030880459,-0.04754298
1264,0.961332,0.4315222,0.535,0.3860911,0.426332,0.045431077
1265,0.047147065,0.018929403,0.023070695,0.015662005,0.02407637,0.003267398
1266,1.2768455,0.50039965,0.72128844,0.5253742,0.555557,-0.024974525
1267,1.594362,0.7601553,1.0900799,0.7949961,0.5042821,-0.034840763
1268,1.5114027,0.65124273,0.952408,0.62088346,0.5589947,0.030359268
1269,0.07095464,0.07241247,0.0483743,0.037444443,0.022580344,0.034968026
1270,0.07162778,0.019440692,0.046997875,0.030971382,0.024629906,-0.01153069
1271,0.98695886,0.29370287,0.38433364,0.29078883,0.60262525,0.0029140413
1272,1.047007,0.27180365,0.4094054,0.2982594,0.63760155,-0.02645576
1273,0.042705182,-0.004566707,0.02136539,0.014072354,0.021339793,-0.018639062
1274,-0.042679414,0.12135324,0.012343301,0.007581196,-0.055022717,0.11377204
1275,0.060459595,0.04570507,0.020439563,0.015676392,0.040020034,0.030028677
1276,1.2347604,0.5580861,0.7053212,0.5230214,0.5294392,0.035064697
1277,0.96548545,0.28735697,0.4801666,0.3112313,0.48531884,-0.023874313
1278,0.09346868,0.065816134,0.10112657,0.08670869,-0.0076578856,-0.020892553
1279,1.0444453,0.27215752,0.31457475,0.22202292,0.72987056,0.0501346
1280,1.0872611,0.272885,0.36705163,0.26724017,0.7202095,0.005644828
1281,1.0429294,0.28888345,0.45834744,0.29419658,0.584582,-0.0053131282
1282,0.13031758,0.2036869,0.12050677,0.07938778,0.009810813,0.12429912
1283,-0.024367092,0.11512296,0.013020393,0.006059121,-0.037387487,0.10906384
1284,0.9348411,0.44440448,0.6112761,0.4545626,0.323565,-0.010158122
1285,1.0670638,0.39996663,0.5843339,0.36735088,0.4827299,0.03261575
1286,0.88914824,0.37722555,0.44651544,0.33848777,0.4426328,0.038737774
1287,1.3411423,0.46009466,0.6499202,0.4549725,0.6912221,0.005122155
1288,0.11247689,0.19791232,0.13478394,0.08832793,-0.022307046,0.10958439
1289,0.13950956,0.01327471,0.080611855,0.05667497,0.058897704,-0.043400258
1290,0.94793785,0.38568735,0.53710306,0.39484897,0.4108348,-0.009161621
1291,0.071593136,0.05493609,0.039681766,0.031415273,0.03191137,0.023520816
1292,0.052506372,0.09720875,0.05176505,0.039572526,0.0007413216,0.057636227
1293,1.049027,0.49245083,0.6457879,0.4699688,0.40323907,0.022482038
1294,0.23617405,0.055507377,0.07429888,0.05746855,0.16187516,-0.0019611716
1295,0.022394476,0.02295236,0.012490034,0.010630596,0.009904442,0.012321763
1296,0.026655992,0.015831418,0.04347972,0.029216085,-0.016823726,-0.013384666
1297,0.036273908,0.107717,0.048336133,0.03399044,-0.0120622255,0.073726565
1298,0.018065993,0.08149392,0.014238784,0.010245025,0.0038272087,0.0712489
1299,1.2419614,0.34872764,0.4657213,0.34428474,0.77624005,0.0044429004
1300,1.4767234,0.65053713,0.86722857,0.6276789,0.60949486,0.022858262
1301,0.03525154,0.065508366,0.038678266,0.022793556,-0.003426727,0.04271481
1302,0.092588946,0.0417069,0.04496678,0.032818522,0.047622167,0.008888379
1303,0.07943281,0.033173956,0.03403742,0.023986313,0.04539539,0.0091876425
1304,0.15781273,0.08477501,0.09318256,0.06474558,0.06463017,0.020029426
1305,0.7863311,0.2996589,0.40232944,0.2821538,0.38400167,0.01750511
1306,0.030820368,0.1406405,0.04159806,0.027266297,-0.010777691,0.1133742
1307,1.498947,0.63342404,0.72385305,0.59096676,0.775094,0.042457283
1308,0.72318083,0.33685756,0.38626155,0.2857012,0.33691928,0.05115637
1309,0.17026731,0.06580583,0.1283226,0.09039275,0.041944712,-0.024586923
1310,1.1218232,0.5003869,0.7193409,0.53196406,0.40248227,-0.03157717
1311,0.019452237,-0.012581823,0.030343276,0.019589227,-0.010891039,-0.03217105
1312,0.05516534,0.16506372,0.037780043,0.027491303,0.017385297,0.13757242
1313,0.7393427,0.22162518,0.33541542,0.24116878,0.40392727,-0.019543603
1314,0.14375764,0.068787366,0.11126703,0.07505791,0.03249061,-0.0062705427
1315,0.1847212,0.09219156,0.12473954,0.07883319,0.05998166,0.0133583695
1316,0.04315358,0.12700385,0.057475537,0.03456129,-0.014321957,0.09244256
1317,0.7544499,0.24017045,0.3473933,0.25009957,0.4070566,-0.009929121
1318,1.1816921,0.53022426,0.76304907,0.51726204,0.41864306,0.012962222
1319,0.043190703,0.08575825,0.026837638,0.02778147,0.016353065,0.057976775
1320,0.072911546,0.016410537,0.0574342,0.031412244,0.015477344,-0.015001707
1321,0.9260272,0.23808679,0.3175301,0.22371931,0.6084971,0.014367476
1322,0.5924314,0.24942955,0.29708868,0.21674222,0.29534274,0.032687336
1323,1.0923069,0.25841618,0.40641713,0.28055522,0.6858897,-0.022139043
1324,0.80533284,0.28710422,0.3436301,0.26221955,0.46170273,0.024884671
1325,0.9916455,0.32580042,0.47172624,0.3484565,0.5199193,-0.022656083
1326,0.8207106,0.2410873,0.34953353,0.22000065,0.47117707,0.021086648
1327,0.024319,0.009812565,0.024063725,0.017129907,0.00025527552,-0.007317343
1328,1.0248411,0.314966,0.42764607,0.3084873,0.597195,0.006478697
1329,0.048338715,0.13101822,0.027469816,0.018737173,0.0208689,0.11228105
1330,0.9502885,0.38529253,0.48245946,0.36223912,0.46782902,0.023053408
1331,1.1122984,0.3989026,0.53266615,0.38989052,0.5796322,0.009012073
1332,0.16652705,0.056390658,0.07715589,0.058781076,0.08937116,-0.0023904182
1333,1.1907891,0.31291455,0.41699162,0.31020954,0.7737975,0.0027050078
1334,0.108405955,0.033423077,0.082308896,0.055167608,0.02609706,-0.02174453
1335,1.1533227,0.606836,0.7861232,0.57527757,0.36719948,0.031558454
1336,0.83827305,0.3070104,0.37138504,0.26925656,0.466888,0.03775385
1337,0.9553063,0.17312688,0.28069246,0.18338096,0.67461383,-0.010254085
1338,0.45371634,0.36525872,0.36952275,0.2953627,0.08419359,0.06989601
1339,0.40064532,0.24836624,0.2987782,0.21730022,0.10186711,0.031066015
1340,0.046702247,0.0032357096,0.03387446,0.018546028,0.012827788,-0.015310318
1341,0.4993511,0.22372209,0.2649979,0.19343235,0.23435321,0.03028974
1342,0.08389959,0.034290325,0.07187465,0.056152735,0.012024939,-0.02186241
1343,0.99959195,0.48485357,0.5790622,0.4411971,0.42052972,0.04365647
1344,0.037393093,0.022352092,0.02821952,0.019461544,0.009173574,0.0028905477
1345,0.003516942,-0.06156754,0.007282696,0.00032789216,-0.0037657542,-0.061895434
1346,1.414117,0.5186809,0.6809796,0.50943834,0.73313737,0.009242535
1347,0.28795603,0.15951046,0.21871705,0.15727952,0.069238976,0.0022309422
1348,0.4307491,0.156366,0.14913136,0.10665097,0.28161773,0.049715035
1349,0.009477292,0.01838148,0.05008874,0.03356605,-0.04061145,-0.01518457
1350,0.039105196,0.041752197,0.044924594,0.027481277,-0.005819399,0.01427092
1351,1.4105959,0.65223354,0.93696564,0.627242,0.47363025,0.024991512
1352,0.047374625,0.03308219,0.019771935,0.015779315,0.02760269,0.017302876
1353,0.80601823,0.28087947,0.44644606,0.2633122,0.35957217,0.017567277
1354,0.04405192,-0.02173216,0.039781183,0.020423004,0.004270736,-0.042155165
1355,0.9319248,0.39352483,0.55180365,0.41013286,0.38012117,-0.01660803
1356,0.03856256,-0.02807353,0.01996357,0.009787786,0.018598989,-0.037861317
1357,0.04195327,0.0481833,0.027833618,0.020645805,0.014119651,0.027537495
1358,0.05160935,0.022257823,0.0318024,0.024173463,0.019806948,-0.0019156393
1359,0.15081637,0.11525669,0.12021757,0.09123297,0.030598797,0.02402372
1360,0.13708363,0.030410059,0.07997243,0.057769336,0.057111204,-0.027359277
1361,0.055918794,-0.0319709,0.034507975,0.020009171,0.02141082,-0.05198007
1362,0.12260741,0.09598988,0.08705433,0.06826833,0.035553083,0.027721554
1363,1.185819,0.36245334,0.5032909,0.35283837,0.68252814,0.009614974
1364,0.9605385,0.33885744,0.54232055,0.31559348,0.41821796,0.023263961
1365,0.05059578,0.01373345,0.031952284,0.019267313,0.018643495,-0.005533863
1366,0.8647248,0.34805015,0.533235,0.34328666,0.3314898,0.004763484
1367,0.33182323,0.07521901,0.12619679,0.0815548,0.20562644,-0.0063357875
1368,0.06296832,0.05018649,0.03581916,0.0278654,0.02714916,0.022321088
1369,1.5083988,0.7167754,0.92180246,0.7037579,0.5865963,0.013017535
1370,0.15031946,0.10221097,0.12265553,0.08185936,0.027663924,0.020351611
1371,0.07387498,0.052014127,0.033434916,0.022205686,0.040440064,0.029808441
1372,0.81319815,0.2289452,0.33499622,0.25006953,0.47820193,-0.021124333
1373,1.210055,0.5355093,0.66459906,0.48285118,0.54545593,0.05265811
1374,0.009374738,-0.02685971,0.023423538,0.010202937,-0.0140488,-0.037062645
1375,0.07074439,0.12363761,0.029085858,0.019941086,0.04165853,0.103696525
1376,0.10735727,0.14859374,0.08511012,0.053860594,0.02224715,0.09473315
1377,0.18111885,0.15324536,0.12155795,0.091775805,0.059560895,0.061469555
1378,0.90920323,0.38213733,0.46085444,0.34703556,0.4483488,0.03510177
1379,0.7772383,0.33438513,0.4440754,0.30383795,0.3331629,0.030547172
1380,0.18484183,0.11133062,0.12132063,0.0915997,0.0635212,0.019730918
1381,0.16996121,0.09599602,0.15329096,0.08919238,0.016670257,0.0068036392
1382,1.2000273,0.5357162,0.7577705,0.5319191,0.44225687,0.0037970543
1383,0.089025825,0.052484002,0.06392906,0.04960663,0.025096767,0.0028773732
1384,0.88492924,0.3116129,0.42717686,0.30124,0.45775238,0.010372907
1385,0.027247036,0.028254908,0.039108697,0.02684909,-0.011861661,0.0014058184
1386,0.07159079,0.008656548,0.046813726,0.03094796,0.024777062,-0.022291413
1387,1.3085842,0.49855784,0.7890241,0.48485583,0.5195601,0.013702005
1388,0.82614076,0.09481269,0.13468008,0.10031145,0.69146067,-0.0054987594
1389,0.022278754,-0.02467923,0.031297207,0.01968116,-0.009018453,-0.04436039
1390,0.056728974,0.045412075,0.066423565,0.04586444,-0.009694591,-0.00045236573
1391,0.06639032,0.1321549,0.06345758,0.0470444,0.0029327422,0.0851105
1392,0.006528901,0.003462502,0.009880879,0.011201955,-0.003351978,-0.0077394536
1393,1.0619997,0.38260645,0.46783292,0.31537783,0.59416676,0.067228615
1394,0.06263173,0.122964285,0.04986177,0.028178813,0.012769964,0.094785474
1395,0.7501309,0.33609396,0.36119834,0.27531585,0.38893256,0.06077811
1396,0.0011466587,0.1998531,0.05458524,0.026431508,-0.05343858,0.17342159
1397,0.9199218,0.5267377,0.66143006,0.47311914,0.25849175,0.05361855
1398,0.14974736,0.08363715,0.089163885,0.06806744,0.060583472,0.015569709
1399,0.96920866,0.46601266,0.5526709,0.3952551,0.41653776,0.07075757
1400,0.09986392,0.07823292,0.06932723,0.055386826,0.030536689,0.022846095
1401,0.16115347,0.052639566,0.06797191,0.053358536,0.09318156,-0.00071896985
1402,-0.014898663,-0.05941896,0.029952934,0.011818749,-0.044851597,-0.07123771
1403,1.5099589,0.5334205,0.7180069,0.5542308,0.79195195,-0.020810306
1404,1.2434611,0.45974576,0.53665966,0.36383384,0.7068015,0.09591192
1405,-0.0002279895,0.016543588,0.013506682,0.012648068,-0.013734671,0.0038955193
1406,0.030219255,0.07005897,0.05991156,0.0462898,-0.029692305,0.02376917
1407,0.046692025,-0.035118423,0.02349662,0.012449812,0.023195405,-0.047568236
1408,0.3705433,0.119069986,0.17483538,0.12166784,0.19570792,-0.0025978535
1409,1.2170649,0.67892206,0.9451277,0.6511647,0.27193713,0.027757347
1410,0.17373706,0.08257641,0.09445873,0.068142004,0.079278335,0.014434405
1411,0.21785116,0.1076058,0.162117,0.109517604,0.055734158,-0.0019118041
1412,1.1674094,0.2714604,0.4093206,0.27279776,0.7580888,-0.0013373494
1413,1.2481678,0.30852187,0.49058032,0.32912305,0.75758743,-0.020601183
1414,0.13974182,0.020981468,0.10340227,0.06361666,0.03633955,-0.042635195
1415,1.0363041,0.33014223,0.42221507,0.29915473,0.614089,0.030987501
1416,0.043009486,0.036761455,0.020074878,0.018179834,0.022934608,0.018581621
1417,1.0848669,0.4972232,0.6792772,0.47337073,0.4055897,0.023852468
1418,0.22036761,0.17928982,0.1115034,0.08000772,0.10886421,0.0992821
1419,0.103443086,0.044692643,0.060072847,0.04406755,0.04337024,0.00062509254
1420,1.029927,0.28373462,0.47222474,0.32181737,0.5577023,-0.03808275
1421,1.1196667,0.36933014,0.5106666,0.36730114,0.6090001,0.0020290017
1422,0.3907315,0.19120644,0.24764366,0.18685867,0.14308785,0.0043477714
1423,0.023521947,-0.0074333926,0.043211985,0.027955642,-0.019690039,-0.035389036
1424,0.039624546,0.0048527177,0.047039792,0.03417867,-0.007415246,-0.029325953
1425,0.19286321,0.05638393,0.092802994,0.06538748,0.10006022,-0.00900355
1426,0.084306136,0.037337422,0.040534172,0.02593431,0.043771964,0.011403112
1427,0.9196944,0.25655752,0.4050814,0.28776574,0.51461303,-0.031208217
1428,0.71282953,0.3221379,0.43306312,0.31123707,0.2797664,0.010900825
1429,-0.026165633,0.012681554,0.010317639,0.009279293,-0.036483273,0.003402261
1430,0.9870573,0.32875854,0.44931552,0.3033154,0.5377418,0.025443137
1431,0.83105135,0.31257525,0.4049429,0.30537662,0.42610845,0.0071986318
1432,1.0568902,0.5338639,0.6246742,0.46576345,0.43221605,0.06810045
1433,1.4036864,0.41443017,0.5904156,0.42325416,0.8132708,-0.008823991
1434,0.90732956,0.29886776,0.4201189,0.30337262,0.48721066,-0.0045048594
1435,1.1943222,0.5432547,0.68958193,0.49700555,0.5047403,0.04624912
1436,0.87494093,0.30578744,0.4422958,0.28550065,0.43264514,0.020286798
1437,0.23667389,0.09853387,0.123118095,0.0840826,0.1135558,0.014451265
1438,0.97843784,0.3898474,0.57673115,0.41862714,0.4017067,-0.028779745
1439,0.7628538,0.33563542,0.4567247,0.32170463,0.3061291,0.013930798
1440,0.94558877,0.1511568,0.21795888,0.15586884,0.7276299,-0.004712045
1441,0.93102616,0.2886632,0.41862744,0.29059345,0.5123987,-0.0019302368
1442,0.19411963,0.05542815,0.077793986,0.059139486,0.11632565,-0.0037113354
1443,1.1141956,0.18429817,0.29250965,0.20143576,0.8216859,-0.017137587
1444,0.038196035,0.008611322,0.01893489,0.008030486,0.019261144,0.0005808361
1445,1.3303775,0.30543444,0.5231139,0.35011724,0.80726355,-0.0446828
1446,0.1360316,0.11237098,0.10541067,0.073107235,0.030620925,0.039263748
1447,0.027290104,-0.0010217573,0.017837409,0.011825028,0.009452695,-0.012846785
1448,0.058577303,0.034609415,0.047184743,0.027585788,0.01139256,0.007023627
1449,0.9978325,0.2435725,0.39089054,0.27191818,0.60694194,-0.028345674
1450,0.088998325,0.08359599,0.09613178,0.07033108,-0.007133454,0.013264909
1451,0.11367325,0.04243213,0.05450993,0.0383653,0.059163317,0.0040668286
1452,0.14414024,0.066329814,0.103628375,0.07437686,0.04051187,-0.008047044
1453,0.020840157,0.06464728,0.033180013,0.016876329,-0.0123398565,0.04777095
1454,1.1256986,0.48966402,0.63884795,0.4647741,0.48685062,0.024889916
1455,0.06456693,0.0273911,0.0421376,0.016080908,0.022429332,0.011310192
1456,0.8525544,0.410496,0.5247349,0.39069173,0.32781947,0.01980427
1457,0.04473067,0.15040329,0.03812414,0.030276263,0.0066065304,0.12012703
1458,1.3025066,0.4220588,0.5672394,0.39638114,0.73526716,0.025677651
1459,0.19755507,0.11838346,0.16358055,0.12027159,0.033974513,-0.0018881336
1460,0.24679632,0.109077334,0.13093974,0.09431082,0.11585659,0.014766514
1461,0.08880326,0.056784697,0.0358394,0.015842455,0.05296386,0.040942244
1462,0.8054137,0.25823382,0.3085185,0.22218336,0.49689522,0.036050454
1463,0.005570377,0.10929171,0.027256632,0.016032899,-0.021686256,0.09325881
1464,1.063956,0.42493472,0.5953785,0.43320817,0.4685775,-0.0082734525
1465,1.1448947,0.440689,0.61501014,0.45023537,0.5298846,-0.009546369
1466,0.3283323,0.16175039,0.12920056,0.09295236,0.19913174,0.06879803
1467,0.48319155,0.28505135,0.3215275,0.22325096,0.16166404,0.06180039
1468,1.0034924,0.28776968,0.3882645,0.27747592,0.6152278,0.010293752
1469,1.18612,0.312797,0.31466234,0.22561389,0.8714577,0.08718312
1470,-0.023917237,0.11745434,0.017275631,0.009068975,-0.041192867,0.10838537
1471,0.1819065,0.017159423,0.099490836,0.0570718,0.08241567,-0.03991238
1472,1.1058629,0.39138907,0.59739286,0.3843741,0.50847,0.00701496
1473,1.4998376,0.4939622,0.7317385,0.4943271,0.7680991,-0.00036489964
1474,0.061519306,0.03676885,0.03777397,0.027653066,0.023745336,0.0091157835
1475,0.021475682,-0.03547984,0.018089853,0.009519497,0.0033858288,-0.04499934
1476,0.096159264,0.045443114,0.06459789,0.0427615,0.031561375,0.002681613
1477,-0.04543777,0.1325002,0.0057590576,0.0005962695,-0.05119683,0.13190393
1478,0.011357749,-0.06273296,0.02094548,0.0057622623,-0.009587731,-0.06849522
1479,-0.004300682,0.012118258,0.007908194,0.007148796,-0.012208876,0.0049694614
1480,0.95378834,0.25350642,0.36515462,0.25128347,0.5886337,0.0022229552
1481,1.2609578,0.30023265,0.39925826,0.28596085,0.8616996,0.014271796
1482,0.24747613,0.06496326,0.13851015,0.09075135,0.10896598,-0.025788091
1483,0.2644879,0.18079463,0.14266181,0.10643926,0.12182608,0.074355364
1484,0.0030155724,0.06500541,0.015798647,0.013103156,-0.012783075,0.05190225
1485,0.04210493,0.005761598,0.05101771,0.032523,-0.008912779,-0.026761401
1486,0.12257973,0.055542342,0.10414737,0.070406176,0.018432364,-0.014863834
1487,1.3957239,0.5480376,0.76556885,0.5393942,0.6301551,0.008643389
1488,0.033324424,-0.00674339,0.041401476,0.030405408,-0.0080770515,-0.037148796
1489,1.193683,0.43142453,0.6864971,0.45869038,0.50718594,-0.027265847
1490,0.09208169,0.051003817,0.05822606,0.039690383,0.03385563,0.011313435
1491,0.040325038,0.14977871,0.023454659,0.017211668,0.01687038,0.13256705
1492,0.8971692,0.27267015,0.46277553,0.29238546,0.43439364,-0.01971531
1493,1.175769,0.37715885,0.4315116,0.31942952,0.74425733,0.057729334
1494,0.19836514,0.14830042,0.14419067,0.098467186,0.054174468,0.049833238
1495,0.019961683,-0.0110991765,0.029834459,0.01807936,-0.0098727755,-0.029178536
1496,0.054171305,0.030736579,0.05135097,0.03385793,0.0028203353,-0.0031213518
1497,0.58418506,0.26762247,0.40283886,0.26320025,0.18134621,0.0044222176
1498,0.029634498,-0.013694398,0.02192029,0.016478019,0.007714208,-0.030172417
1499,1.185822,0.41390565,0.57651496,0.37617958,0.60930705,0.037726074
1500,0.9937017,0.42793587,0.5783746,0.43292508,0.41532707,-0.004989207
1501,0.03562456,0.112769626,0.02031488,0.014547511,0.01530968,0.098222114
1502,0.12769338,0.0063765557,0.09216883,0.05627678,0.035524555,-0.049900223
1503,0.9209727,0.35102326,0.5813077,0.40060952,0.339665,-0.049586266
1504,1.1288646,0.35021845,0.4574787,0.3131057,0.67138594,0.037112743
1505,1.290371,0.46517435,0.8434078,0.50797826,0.44696313,-0.042803913
1506,1.0740429,0.49249706,0.5933954,0.4382507,0.4806475,0.054246366
1507,1.1684784,0.09059781,0.1935612,0.11112952,0.9749172,-0.020531714
1508,0.21484263,0.20558912,0.19856457,0.1595426,0.016278058,0.04604651
1509,0.012703378,0.06796144,0.0426897,0.037031382,-0.029986322,0.030930057
1510,0.7910686,0.12667327,0.164268,0.12142097,0.6268006,0.0052522942
1511,1.3546338,0.5666559,0.8203689,0.5343555,0.5342649,0.032300353
1512,0.9250349,0.4612329,0.5774274,0.4139388,0.3476075,0.04729411
1513,0.14067276,0.073115356,0.09163488,0.07083461,0.04903788,0.0022807494
1514,0.71678144,0.24311848,0.40813735,0.26272336,0.3086441,-0.019604877
1515,0.23740257,0.16000737,0.1616611,0.10074095,0.07574147,0.059266426
1516,0.08841388,0.051120717,0.06608972,0.047515515,0.02232416,0.0036052018
1517,0.8683939,0.36634174,0.44025716,0.31690532,0.42813674,0.04943642
1518,0.6395755,0.13641481,0.19033577,0.12861034,0.44923973,0.0078044683
1519,0.26113927,0.079606585,0.1810736,0.1075516,0.08006567,-0.027945012
1520,0.26525354,0.17184108,0.22425699,0.14598614,0.04099655,0.025854945
1521,0.17025973,0.10222964,0.104941234,0.0702862,0.065318495,0.03194344
1522,0.5282342,0.1683975,0.23247132,0.16046041,0.29576287,0.007937089
1523,1.1253537,0.2360844,0.3048933,0.22118278,0.8204604,0.014901623
1524,0.048738956,0.023499716,0.028070142,0.022161443,0.020668814,0.0013382733
1525,1.1692747,0.35616553,0.49356252,0.31836587,0.67571217,0.037799656
1526,0.046286,0.008513249,0.029219527,0.021515397,0.017066475,-0.013002148
1527,1.4063787,0.3090634,0.5046081,0.33776084,0.90177065,-0.028697431
1528,0.017573465,0.07062242,0.027573742,0.018015726,-0.010000277,0.052606694
1529,1.062114,0.4143845,0.5698549,0.389852,0.4922591,0.024532527
1530,0.11413799,0.1194455,0.12650776,0.10383818,-0.012369767,0.01560732
1531,0.70548475,0.26806206,0.34205985,0.2441721,0.3634249,0.023889959
1532,0.15905091,0.07021437,0.08977565,0.06124963,0.06927526,0.00896474
1533,0.070995055,0.0006550181,0.045703325,0.033090636,0.02529173,-0.03243562
1534,1.6334814,0.25265935,0.4148947,0.32251027,1.2185867,-0.06985092
1535,0.05167662,0.039090313,0.03795383,0.028507922,0.013722789,0.010582391
1536,0.052915726,-0.025769979,0.03694151,0.016815409,0.015974216,-0.042585388
1537,0.060488343,0.06330028,0.019139756,0.018412681,0.041348588,0.044887602
1538,0.08830925,0.033474836,0.04549736,0.030931285,0.04281189,0.0025435518
1539,0.016886469,0.019114403,0.0054484927,0.0053097634,0.011437977,0.01380464
1540,0.023528948,-0.018557832,0.03430098,0.015602567,-0.010772031,-0.034160398
1541,1.0611175,0.411066,0.51548064,0.3499033,0.5456369,0.06116271
1542,0.14256196,0.02967012,0.08284987,0.050677486,0.05971209,-0.021007366
1543,0.16014087,0.08647583,0.09614847,0.06020892,0.0639924,0.026266906
1544,0.12062355,0.077431895,0.08340291,0.06911384,0.037220642,0.008318052
1545,0.14070114,0.07054971,0.08836834,0.060542587,0.052332804,0.010007124
1546,0.23607758,0.08759429,0.12278624,0.08940527,0.11329134,-0.0018109754
1547,0.8643284,0.35709205,0.4699082,0.3360542,0.39442018,0.021037847
1548,1.1339288,0.1373233,0.21308178,0.16362095,0.920847,-0.026297644
1549,1.0901344,0.43207586,0.61439896,0.43378788,0.47573543,-0.0017120242
1550,1.2876624,0.54862404,0.7111461,0.5160979,0.5765163,0.032526135
1551,1.047761,0.49055302,0.6392471,0.4970557,0.40851384,-0.006502688
1552,0.96659994,0.36819446,0.45948315,0.3489669,0.5071168,0.019227564
1553,1.1007869,0.41584066,0.5985878,0.4119879,0.5021991,0.0038527548
1554,1.136732,0.4141827,0.56695193,0.43679187,0.56978005,-0.022609174
1555,0.1711098,0.15600449,0.092596255,0.07333103,0.07851354,0.08267346
1556,0.073867925,0.031306423,0.041074526,0.027556632,0.0327934,0.0037497915
1557,0.39924562,0.12177964,0.18274654,0.13318978,0.21649908,-0.0114101395
1558,0.2321796,0.06446671,0.10965617,0.07741931,0.12252343,-0.012952603
1559,0.2058545,0.091368385,0.08694956,0.06738134,0.11890495,0.023987047
1560,1.2038937,0.15451938,0.34374237,0.21734811,0.8601513,-0.062828735
1561,0.14044909,0.07675413,0.06969804,0.042064503,0.07075105,0.034689628
1562,-0.016261302,0.0031417424,0.0075373924,0.0076868,-0.023798695,-0.004545057
1563,0.07129213,-0.0051162085,0.04805691,0.028200708,0.02323522,-0.033316918
1564,0.08274485,-0.013839817,0.049624104,0.03398905,0.033120748,-0.047828868
1565,0.048623018,0.04287372,0.035189543,0.026273845,0.013433475,0.016599877
1566,-0.0004112678,-0.0669095,0.019474812,0.008162194,-0.01988608,-0.07507169
1567,0.044785388,0.081412725,0.025911266,0.015377675,0.018874122,0.06603505
1568,0.016409319,-0.007953039,0.028015714,0.022050131,-0.011606395,-0.030003171
1569,0.964132,0.47790313,0.6019213,0.45850146,0.3622107,0.01940167
1570,1.7523724,0.40385193,0.5809958,0.3478432,1.1713766,0.056008726
1571,1.0065494,0.60447776,0.7077034,0.5213341,0.29884595,0.08314365
1572,0.9261022,0.3829193,0.5993278,0.37924182,0.32677442,0.0036774874
1573,0.042208537,-0.0287413,0.029935425,0.016650427,0.012273112,-0.045391727
1574,0.14206086,0.068402156,0.107347615,0.06774452,0.034713246,0.00065763295
1575,0.8057524,0.15953457,0.26675808,0.18387201,0.5389943,-0.02433744
1576,0.7655626,0.34975877,0.4477359,0.3358104,0.3178267,0.013948381
1577,0.0035996148,-0.0020862226,0.0093303565,0.007991845,-0.0057307417,-0.010078067
1578,0.052988827,0.059431706,0.058127284,0.046861365,-0.005138457,0.01257034
1579,0.061292306,-0.0027353622,0.052113306,0.032794062,0.009179,-0.035529424
1580,0.865681,0.37360314,0.53200686,0.35286483,0.33367413,0.020738304
1581,0.687017,0.2792527,0.31798208,0.23148689,0.36903495,0.04776582
1582,1.072319,0.45701632,0.5475458,0.39817673,0.52477324,0.05883959
1583,0.63712806,0.26988024,0.28771716,0.20767789,0.3494109,0.06220235
1584,1.0311168,0.24081591,0.30903167,0.21102771,0.7220852,0.029788196
1585,0.13633534,0.18225197,0.13596629,0.093408,0.00036905706,0.08884397
1586,0.74857926,0.2724511,0.3739189,0.26663116,0.37466037,0.0058199465
1587,0.74961686,0.31047162,0.40146777,0.28232023,0.3481491,0.028151393
1588,0.7767793,0.19219321,0.2725741,0.18101569,0.5042052,0.011177525
1589,1.0001398,0.30227777,0.44910094,0.3032516,0.55103886,-0.0009738207
1590,0.30666772,0.15417887,0.16651438,0.11897503,0.14015333,0.035203844
1591,1.2620877,0.49264807,0.73229676,0.51472944,0.52979094,-0.022081375
1592,0.018201623,0.015534742,0.048160363,0.033050455,-0.02995874,-0.017515713
1593,0.21820806,0.14915398,0.080483295,0.060723744,0.13772476,0.08843023
1594,0.025510866,-0.042192593,0.022377832,0.0127313705,0.0031330343,-0.054923963
1595,1.7060924,0.73949844,0.88543564,0.67385024,0.8206567,0.0656482
1596,0.06325191,0.04381293,0.058109075,0.046956636,0.0051428378,-0.0031437054
1597,1.2433428,0.4327448,0.5705407,0.40039596,0.67280203,0.03234884
1598,-0.010968338,-0.054672528,0.010184685,0.0008410005,-0.021153022,-0.055513527
1599,0.051351182,0.11685721,0.016969778,0.014293058,0.034381405,0.10256415
1600,0.9230095,0.33476666,0.47182,0.33275363,0.45118952,0.0020130277
1601,1.0165551,0.4631887,0.5253226,0.38767907,0.49123245,0.07550964
1602,0.12700829,0.07676898,0.08748361,0.06769274,0.039524682,0.009076238
1603,0.11504839,0.054802004,0.0774736,0.052571673,0.03757479,0.0022303313
1604,0.2713531,0.046766266,0.121777594,0.07268633,0.1495755,-0.025920063
1605,0.056728397,0.0403595,0.04220333,0.032979712,0.014525067,0.007379789
1606,0.74550617,0.23730777,0.29392883,0.2066149,0.45157734,0.030692875
1607,0.090793684,0.11703698,0.05513096,0.041365877,0.035662726,0.07567111
1608,0.6496784,0.14633016,0.24607758,0.17706856,0.4036008,-0.030738398
1609,1.4277691,0.3979415,0.47101238,0.32642362,0.9567567,0.071517885
1610,0.10606191,0.0039874045,0.058759335,0.03913077,0.047302578,-0.035143364
1611,0.6695174,0.2370559,0.46540004,0.29067665,0.20411736,-0.053620756
1612,0.9076286,0.40977836,0.5934306,0.41281715,0.31419802,-0.0030387938
1613,0.17571664,0.05163593,0.12452506,0.073614165,0.051191576,-0.021978237
1614,0.011409379,0.05376995,0.017916137,0.012007777,-0.0065067587,0.041762173
1615,0.91771686,0.38433555,0.52864355,0.4071883,0.3890733,-0.022852749
1616,0.034239452,-0.030318202,0.027124712,0.014549186,0.00711474,-0.04486739
1617,0.05323807,0.021876099,0.033642557,0.023940021,0.019595515,-0.0020639226
1618,0.8386439,0.34707364,0.4072143,0.2986647,0.4314296,0.048408955
1619,1.0358953,0.48117867,0.59245515,0.44127378,0.4434402,0.039904892
1620,1.0980333,0.5658459,0.6701145,0.4777356,0.4279188,0.0881103
1621,1.1235315,0.56654185,0.8230109,0.55601364,0.30052054,0.010528207
1622,1.6684922,0.5933668,0.9720491,0.6482196,0.6964431,-0.054852784
1623,1.3079766,0.4274547,0.41639107,0.2580831,0.8915855,0.1693716
1624,0.4346322,0.23914042,0.22046575,0.1583372,0.21416646,0.080803216
1625,1.0195278,0.44001517,0.5813857,0.40370002,0.43814212,0.036315143
1626,1.3268018,0.3504892,0.6300395,0.35842136,0.69676226,-0.007932156
1627,0.3208751,0.15302245,0.17600721,0.1202954,0.1448679,0.032727055
1628,0.008833094,-0.060774628,0.013852367,0.0034080634,-0.0050192736,-0.06418269
1629,1.739007,0.68105465,1.0098541,0.6664619,0.7291529,0.014592767
1630,0.2423359,0.06018651,0.12257351,0.082583815,0.11976239,-0.022397306
1631,0.17596422,0.15848705,0.12393373,0.08772455,0.05203049,0.0707625
1632,0.06519303,0.04063184,0.04603044,0.030551901,0.019162588,0.010079937
1633,0.08608317,0.015467903,0.07955071,0.051791273,0.006532453,-0.03632337
1634,0.9771137,0.3712767,0.63468146,0.37811175,0.34243226,-0.0068350434
1635,0.105907746,0.008559056,0.06252413,0.048804317,0.043383613,-0.04024526
1636,0.1201732,0.073261715,0.03875393,0.027957182,0.081419274,0.045304533
1637,1.2501767,0.2652413,0.3092659,0.2264416,0.94091076,0.03879969
1638,0.0071617467,0.06925817,0.017660446,0.011883029,-0.0104987,0.05737514
1639,0.88730097,0.28550687,0.40701094,0.29180688,0.48029003,-0.0063000023
1640,0.80503225,0.4006861,0.5099753,0.35623103,0.29505694,0.04445505
1641,0.12314609,0.073620684,0.08871447,0.068110526,0.034431614,0.005510159
1642,0.051457252,0.043383803,0.025100455,0.014863714,0.026356798,0.028520089
1643,0.028632477,0.070226125,0.020488372,0.013401475,0.008144105,0.05682465
1644,1.2662551,0.47748896,0.6764668,0.48074108,0.5897883,-0.0032521188
1645,0.90757024,0.37122482,0.47571865,0.35205868,0.4318516,0.019166142
1646,0.028983582,-0.030188782,0.02754783,0.013112175,0.0014357511,-0.043300956
1647,0.20644206,0.048030797,0.09729195,0.062366117,0.10915011,-0.014335319
1648,0.05013122,0.16881722,0.065906,0.040535923,-0.015774783,0.1282813
1649,0.05947812,-0.022484524,0.047947206,0.022386685,0.011530913,-0.04487121
1650,0.78659993,0.3917766,0.517479,0.35768458,0.26912093,0.03409201
1651,0.054617494,0.021445528,0.026214294,0.016495101,0.0284032,0.0049504265
1652,0.18194936,0.04572502,0.12338723,0.07853894,0.05856213,-0.032813918
1653,0.09858772,0.041105703,0.04933304,0.04161474,0.049254682,-0.00050903857
1654,1.0987884,0.30862975,0.5105801,0.35503784,0.58820826,-0.046408087
1655,0.027979495,-0.010096298,0.03933988,0.028729022,-0.011360386,-0.03882532
1656,0.030262504,-0.035759892,0.026067961,0.010441444,0.0041945428,-0.046201337
1657,0.11145043,0.018400453,0.05677583,0.039365333,0.054674596,-0.02096488
1658,0.04514895,-0.024858842,0.046501603,0.028108127,-0.0013526529,-0.052966967
1659,0.08013047,0.007942221,0.050000753,0.026724534,0.03012972,-0.018782314
1660,0.95334977,0.28416267,0.35101643,0.25843486,0.6023333,0.025727808
1661,0.15294065,0.11003623,0.13281803,0.09834285,0.020122617,0.011693381
1662,0.19235994,0.0205034,0.05594259,0.040559627,0.13641734,-0.020056227
1663,0.8842392,0.32982588,0.37972152,0.28411162,0.5045177,0.04571426
1664,1.3468409,0.25847536,0.4090128,0.30601335,0.93782806,-0.047537982
1665,0.095810786,0.05607395,0.061488338,0.043872572,0.034322448,0.012201376
1666,1.115405,0.3625528,0.5240787,0.35409606,0.59132624,0.008456737
1667,1.1664784,0.39341953,0.58680135,0.403927,0.57967705,-0.010507464
1668,0.7934315,0.4233041,0.59793997,0.42520386,0.19549155,-0.001899749
1669,0.19482197,0.1414557,0.13424025,0.110374965,0.060581714,0.03108073
1670,0.2404977,0.07225108,0.098595954,0.075906366,0.14190173,-0.0036552846
1671,1.0553885,0.34350416,0.48823804,0.33664337,0.5671504,0.0068607926
1672,0.11229663,0.039058063,0.03946591,0.036049046,0.07283072,0.0030090176
1673,0.76376957,0.23045969,0.27038947,0.20017754,0.4933801,0.030282155
1674,0.9296928,0.2839038,0.35382608,0.25580588,0.5758667,0.028097928
1675,0.023726083,0.11416647,0.02542444,0.017379554,-0.0016983561,0.096786916
1676,0.047548342,0.021048142,0.0390725,0.024532028,0.008475844,-0.003483886
1677,0.17554177,0.18448731,0.10344828,0.071500376,0.072093494,0.11298694
1678,0.25413585,0.11162371,0.18189315,0.12473834,0.07224269,-0.013114631
1679,0.05671014,0.09844163,0.03317613,0.02253164,0.023534007,0.07590999
1680,1.2138538,0.26396194,0.32963675,0.23749281,0.8842171,0.026469126
1681,-0.006324062,-0.021558218,0.019826878,0.01225922,-0.02615094,-0.033817437
1682,0.077074245,0.086590216,0.044108614,0.030292945,0.03296563,0.056297272
1683,0.08814351,0.029531196,0.043230478,0.025483474,0.044913035,0.0040477216
1684,1.2128456,0.38194504,0.49873242,0.35231763,0.7141131,0.029627413
1685,-0.0016150329,0.004779988,0.04257928,0.021802602,-0.04419431,-0.017022613
1686,0.697998,0.29893258,0.3941811,0.29347652,0.30381688,0.00545606
1687,0.045077957,0.032176122,0.025672592,0.02178658,0.019405365,0.010389542
1688,0.8908577,0.29945463,0.40604782,0.2815473,0.48480988,0.017907321
1689,0.5182456,0.2641263,0.25894222,0.19469301,0.25930336,0.06943329
1690,0.9979069,0.38662893,0.4953307,0.36032382,0.50257623,0.02630511
1691,1.179042,0.3741184,0.5317929,0.35944626,0.6472491,0.01467213
1692,0.8497702,0.36941648,0.55606985,0.36623588,0.29370034,0.0031805933
1693,-0.039417718,0.11975581,0.0043026945,-0.00037146106,-0.043720413,0.120127276
1694,0.031165427,0.06656506,0.023650602,0.022286365,0.007514825,0.044278696
1695,-0.020794066,0.1415287,0.030452756,0.012911084,-0.051246822,0.12861761
1696,0.7930464,0.27018628,0.3621913,0.26266584,0.43085513,0.0075204372
1697,1.0998601,0.5592318,0.6997469,0.52382463,0.40011317,0.035407186
1698,0.15995163,0.065295614,0.06640425,0.038712215,0.093547374,0.0265834
1699,0.11075489,0.04741441,0.06347683,0.038076054,0.04727806,0.009338357
1700,0.9518582,0.27149677,0.34058067,0.24563728,0.6112776,0.02585949
1701,0.19674009,0.024372458,0.11117587,0.069215074,0.08556422,-0.044842616
1702,0.97656864,0.1035022,0.18923607,0.13265099,0.78733253,-0.029148787
1703,0.031731613,-0.03727243,0.025883326,0.0136901615,0.0058482867,-0.050962593
1704,-0.0016024521,-0.034622855,0.01578035,0.006347213,-0.017382802,-0.04097007
1705,0.06934942,0.009565604,0.0654523,0.03551842,0.003897123,-0.025952816
1706,0.12608181,0.012924099,0.060384173,0.03691218,0.06569764,-0.023988081
1707,0.18238175,0.098271,0.12968123,0.083366916,0.05270052,0.014904082
1708,1.1201478,0.2929213,0.43107328,0.30993634,0.6890745,-0.01701504
1709,0.33145168,0.17152946,0.19750154,0.15902637,0.13395014,0.0125030875
1710,-0.019495815,0.09626826,0.012576126,0.0033364561,-0.03207194,0.0929318
1711,0.9266889,0.35915422,0.64988434,0.39527848,0.27680457,-0.03612426
1712,0.31229606,0.1371228,0.17696387,0.13531922,0.1353322,0.001803577
1713,-0.019887753,0.11560976,0.011434517,0.0026904896,-0.03132227,0.11291927
1714,0.18986277,0.082441494,0.098753236,0.07660151,0.09110954,0.005839981
1715,0.06292935,0.046312507,0.034479585,0.026643846,0.028449763,0.019668661
1716,0.052902393,0.107326165,0.04057288,0.029320726,0.012329511,0.07800544
1717,0.9507937,0.2507762,0.3889461,0.25027406,0.56184757,0.00050213933
1718,0.16421436,0.03780085,0.0779464,0.04493303,0.086267956,-0.00713218
1719,0.07656969,-0.0199114,0.048815798,0.025017688,0.027753893,-0.044929087
1720,0.8179026,0.31644872,0.4204266,0.298678,0.39747602,0.017770708
1721,0.13173501,0.050697315,0.068100736,0.055231992,0.06363428,-0.0045346767
1722,0.8494188,0.18550043,0.26923177,0.19815478,0.5801871,-0.012654349
1723,0.05276215,0.07531348,0.0564639,0.03939406,-0.0037017502,0.03591942
1724,-0.011439811,0.14976421,0.031853307,0.018588314,-0.04329312,0.13117589
1725,0.80443156,0.31396422,0.44146392,0.30379012,0.36296764,0.010174096
1726,0.14227684,0.08776328,0.15739281,0.106684096,-0.015115976,-0.018920816
1727,0.62623084,0.21108052,0.36108103,0.22897215,0.2651498,-0.01789163
1728,0.8828551,0.18669845,0.29326218,0.219969,0.58959293,-0.033270553
1729,1.4596094,0.41764688,0.5590744,0.3732289,0.900535,0.044417977
1730,1.4214579,0.5073926,0.61982894,0.43736604,0.80162895,0.07002655
1731,-0.021781556,0.013373882,0.006749119,0.005838182,-0.028530676,0.0075356998
1732,1.6496445,0.11869719,0.35742095,0.24751148,1.2922236,-0.12881428
1733,0.0627904,0.046856124,0.026329534,0.017875046,0.03646087,0.028981078
1734,0.6377808,0.19922726,0.29236603,0.20878676,0.34541476,-0.009559497
1735,0.9266949,0.28653136,0.41717708,0.2700443,0.50951785,0.016487062
1736,0.9164556,0.23192154,0.34302628,0.23073092,0.57342935,0.0011906177
1737,1.5495446,0.3652336,0.5056487,0.34521633,1.043896,0.020017266
1738,1.1355308,0.41711676,0.5326878,0.3867137,0.60284305,0.030403048
1739,0.015566443,0.020920161,0.009856476,0.006109947,0.0057099666,0.014810214
1740,0.2146885,0.065994635,0.06907472,0.056513432,0.14561377,0.009481203
1741,0.030374272,0.019389229,0.028556012,0.017876739,0.0018182602,0.0015124902
1742,0.94803435,0.17846219,0.29452237,0.21012121,0.653512,-0.031659022
1743,0.4651265,0.18059509,0.21325225,0.17096817,0.25187427,0.00962691
1744,0.66642636,0.28820604,0.35495177,0.27632868,0.3114746,0.011877358
1745,0.040219717,0.018162632,0.024753423,0.021516759,0.015466293,-0.0033541266
1746,1.0023693,0.45801112,0.61390936,0.44302112,0.38845992,0.014990002
1747,0.89436555,0.33167034,0.37857705,0.27847314,0.5157885,0.053197205
1748,-0.030350069,0.11127448,0.010352761,0.004052166,-0.040702827,0.10722232
1749,0.74687994,0.3075425,0.40146983,0.2769168,0.3454101,0.030625701
1750,0.05151054,0.035243016,0.059019245,0.042650323,-0.0075087063,-0.0074073076
1751,0.9283611,0.055784725,0.17315184,0.14659359,0.75520927,-0.09080886
1752,0.7918561,0.43916583,0.56607366,0.4080601,0.22578245,0.031105727
1753,1.0933278,0.22210348,0.28139335,0.182768,0.8119344,0.039335474
1754,0.19411904,0.08032656,0.11392426,0.06722582,0.08019478,0.013100736
1755,0.29169708,0.109787025,0.11522572,0.088340215,0.17647137,0.02144681
1756,0.15190382,0.029449446,0.09507288,0.062230624,0.056830943,-0.032781176
1757,0.76553184,0.2637264,0.41301808,0.2659048,0.35251376,-0.0021784008
1758,0.7919529,0.17888753,0.25829455,0.1945208,0.5336584,-0.01563327
1759,0.19382858,0.057729714,0.12959164,0.09008303,0.06423694,-0.03235332
1760,1.0390836,0.3052934,0.4750448,0.3039902,0.5640388,0.0013032258
1761,0.057993717,0.0004926519,0.031297963,0.019858269,0.026695754,-0.019365618
1762,0.93059355,0.4595307,0.6648634,0.47759536,0.26573014,-0.018064648
1763,-0.017614534,0.10610861,0.004052536,0.005560459,-0.02166707,0.100548156
1764,1.1632403,0.57071286,0.78789157,0.5707909,0.37534875,-7.802248e-05
1765,0.0440501,-0.005218354,0.0418817,0.03079209,0.002168402,-0.036010444
1766,0.9691112,0.3653627,0.47351182,0.3392758,0.4955994,0.026086897
1767,1.0496519,0.3669534,0.51176375,0.3823471,0.5378881,-0.015393704
1768,1.324407,0.30551845,0.42700982,0.30849442,0.89739716,-0.0029759705
1769,-0.02539766,0.119213015,0.020398455,0.010628429,-0.045796115,0.10858458
1770,1.1818839,0.37368795,0.44320738,0.32146737,0.73867655,0.052220583
1771,1.4561316,0.39019012,0.41026098,0.30965686,1.0458705,0.080533266
1772,-0.018687014,0.11626966,0.015375201,0.0065988097,-0.034062214,0.109670855
1773,0.25807288,0.21491897,0.23011303,0.17010723,0.027959853,0.04481174
1774,0.02675645,-0.0009569672,0.03617683,0.0229339,-0.00942038,-0.023890868
1775,1.1498295,0.38187683,0.5884848,0.41021335,0.5613447,-0.028336525
1776,0.99577504,0.38560402,0.5427129,0.37758797,0.45306212,0.00801605
1777,1.2717311,0.29690275,0.40028954,0.28476554,0.8714416,0.012137204
1778,0.24700293,0.1666611,0.1720103,0.1319586,0.07499263,0.034702495
1779,0.95127237,0.50454295,0.70294785,0.49538177,0.24832451,0.009161174
1780,0.038773865,0.014732407,0.03608193,0.022690058,0.0026919357,-0.00795765
1781,0.069576345,0.03420726,0.04347955,0.024391763,0.026096795,0.009815495
1782,0.7227973,0.15624572,0.22482587,0.17019999,0.49797142,-0.013954267
1783,0.08011342,0.05598587,0.051210057,0.039781976,0.028903361,0.016203895
1784,1.1762602,0.2956105,0.48403934,0.31553236,0.6922209,-0.019921869
1785,0.03787234,0.13502835,0.021793077,0.013137523,0.016079264,0.12189083
1786,1.1507868,0.34489775,0.47407952,0.3360199,0.67670727,0.008877844
1787,0.097197555,0.06154907,0.06270012,0.047983214,0.034497432,0.013565857
1788,0.020396067,0.09935898,0.018889682,0.01152543,0.0015063845,0.08783355
1789,1.60601,0.60583806,0.87311965,0.5719048,0.7328903,0.033933282
1790,1.1921254,0.31606412,0.45638373,0.34157988,0.73574173,-0.025515765
1791,0.04524668,0.006951641,0.009786404,0.011674429,0.035460275,-0.0047227885
1792,0.9520822,0.28006202,0.3645119,0.2761602,0.5875703,0.0039018095
1793,0.08310645,0.15013975,0.0543913,0.042197105,0.028715152,0.10794264
1794,0.25423917,0.15333436,0.13742176,0.10751796,0.116817415,0.045816407
1795,0.31701526,0.108570755,0.18066816,0.13560535,0.1363471,-0.027034596
1796,0.7857386,0.31169745,0.43826514,0.2896097,0.34747344,0.022087753
1797,0.9190762,0.46898186,0.6180487,0.4867159,0.30102748,-0.01773405
1798,0.010953299,0.121158704,0.031420276,0.02255204,-0.020466976,0.09860666
1799,0.028686363,0.03193115,0.0154452,0.014138732,0.013241163,0.017792419
1800,0.09915737,0.111110955,0.059968535,0.045571923,0.039188836,0.06553903
1801,0.15851663,0.050632633,0.1043083,0.081952445,0.05420833,-0.031319812
1802,0.89330155,0.32348347,0.49721175,0.3201353,0.3960898,0.0033481717
1803,0.111978605,0.055568114,0.068933085,0.05039465,0.04304552,0.0051734634
1804,0.9122063,0.31646442,0.473749,0.32893836,0.43845728,-0.012473941
1805,0.0022677106,-0.03006956,0.024609027,0.016631301,-0.022341317,-0.04670086
1806,0.81768525,0.18313913,0.27140498,0.19330032,0.54628026,-0.010161191
1807,1.2461239,0.3859669,0.49978513,0.36139056,0.7463388,0.024576336
1808,0.1721587,0.049150817,0.14792393,0.098651856,0.024234772,-0.04950104
1809,1.2920213,0.6247976,0.7636834,0.53988814,0.5283379,0.08490944
1810,0.87000006,0.11747886,0.19098337,0.12461822,0.6790167,-0.007139355
1811,0.26951346,0.11877828,0.1307415,0.0887312,0.13877195,0.030047081
1812,0.05423508,0.086673975,0.053016976,0.037564836,0.0012181029,0.04910914
1813,0.90861464,0.26422206,0.30452913,0.21545875,0.6040855,0.048763305
1814,1.2767247,0.46067053,0.6937711,0.4804591,0.5829536,-0.019788563
1815,1.2850174,0.54472905,0.7315857,0.51400316,0.5534317,0.030725896
1816,1.1515789,0.3417499,0.5349145,0.36383912,0.6166644,-0.022089213
1817,0.045966275,0.038952835,0.031038087,0.023567524,0.014928188,0.015385311
1818,0.6859997,0.24936603,0.34193966,0.2491402,0.34406003,0.0002258271
1819,0.13980456,0.036318175,0.092391595,0.06900899,0.04741296,-0.032690816
1820,0.10859237,0.049312484,0.052225858,0.035527192,0.05636651,0.013785291
1821,0.99492127,0.47453818,0.6358446,0.45407963,0.35907668,0.02045855
1822,0.622538,0.26031387,0.2662446,0.18790466,0.35629338,0.07240921
1823,0.06322368,0.06607442,0.040175177,0.025316529,0.023048505,0.040757895
1824,0.55479693,0.1520603,0.18368271,0.13408582,0.37111422,0.017974481
1825,1.3001413,0.41948643,0.57365763,0.39260563,0.7264837,0.0268808
1826,0.10829464,0.053941783,0.08491448,0.044462703,0.02338016,0.009479079
1827,0.36009574,0.13667679,0.19822769,0.11329671,0.16186805,0.023380078
1828,0.16966158,0.11250762,0.14351858,0.10895568,0.026143,0.0035519376
1829,0.1250314,0.07800029,0.07816138,0.059581343,0.046870016,0.01841895
1830,0.0344246,-0.02457771,0.034750476,0.018318545,-0.00032587722,-0.042896256
1831,0.51913106,0.31461355,0.29138336,0.22089353,0.22774771,0.09372002
1832,1.1016142,0.09082584,0.1455882,0.1173004,0.956026,-0.026474558
1833,0.13005246,0.08464097,0.09779171,0.07361961,0.032260753,0.011021361
1834,0.08167774,0.01090967,0.055584993,0.04031577,0.02609275,-0.0294061
1835,0.03651085,0.07458587,0.025211101,0.023155093,0.01129975,0.051430777
1836,0.07452654,-0.019118177,0.059381504,0.03182474,0.015145037,-0.05094292
1837,1.267547,0.60847014,0.79150724,0.5747124,0.47603977,0.033757746
1838,1.1861079,0.3479058,0.56717384,0.39992133,0.61893404,-0.052015513
1839,0.074675195,-0.011444205,0.06500046,0.040364753,0.009674735,-0.05180896
1840,0.7079516,0.27728692,0.39725545,0.294883,0.31069615,-0.017596096
1841,0.279524,0.0666904,0.09946218,0.06724086,0.18006182,-0.00055045635
1842,1.4293164,0.7202249,0.8378102,0.64159757,0.5915062,0.07862735
1843,0.8535912,0.38057992,0.51562655,0.36325127,0.33796465,0.01732865
1844,0.13879627,0.13664499,0.077008165,0.05775266,0.061788104,0.07889233
1845,0.9910037,0.4779702,0.6641465,0.47113243,0.3268572,0.0068377852
1846,0.24873456,0.07543467,0.09216466,0.07134146,0.1565699,0.0040932074
1847,0.4917168,0.13715792,0.2091569,0.14312142,0.2825599,-0.0059635043
1848,0.17878667,0.08698897,0.09220977,0.057145853,0.086576894,0.029843118
1849,-0.029148655,0.11047569,0.008267279,0.0009174264,-0.037415933,0.10955826
1850,0.0040832185,0.015150269,0.043812968,0.029650504,-0.039729748,-0.014500235
1851,1.3086877,0.303207,0.38414705,0.29545495,0.92454064,0.007752061
1852,0.1664567,0.07463509,0.09871811,0.07576574,0.06773859,-0.001130648
1853,0.05952024,0.079987325,0.0682078,0.053269487,-0.0086875595,0.026717838
1854,0.08707106,0.14617474,0.060418345,0.041836325,0.026652716,0.10433842
1855,1.2678382,0.3644078,0.42145783,0.30360308,0.8463804,0.060804725
1856,0.056577228,-0.018966766,0.047131635,0.024900148,0.009445593,-0.043866914
1857,0.09584895,0.08455253,0.06348574,0.042947542,0.032363206,0.041604985
1858,0.12670924,0.06424674,0.084555864,0.05499233,0.042153373,0.009254407
1859,0.88447285,0.28357238,0.41256222,0.31725395,0.47191063,-0.03368157
1860,0.2664709,0.08073115,0.099307194,0.06362042,0.16716371,0.017110735
1861,0.07937115,0.07923339,0.052895404,0.035043236,0.026475742,0.044190157
1862,0.8676988,0.18811497,0.21825929,0.15634763,0.6494395,0.03176734
1863,0.91391575,0.46873152,0.6611753,0.44651437,0.25274044,0.022217155
1864,0.1769708,0.085549384,0.12057287,0.08724689,0.056397922,-0.001697503
1865,0.061186414,0.04483059,0.05034001,0.031187534,0.0108464025,0.013643056
1866,0.048373662,0.05340853,0.023742447,0.018397069,0.024631215,0.035011463
1867,0.12751587,0.05959984,0.07508319,0.042429708,0.05243268,0.017170131
1868,0.8632482,0.2764437,0.36897305,0.2779901,0.49427518,-0.0015464127
1869,0.21449946,0.10854181,0.0980451,0.08025762,0.116454355,0.028284192
1870,0.022034781,-0.055666663,0.028012477,0.015117374,-0.005977696,-0.07078404
1871,0.15643618,0.04356764,0.076651804,0.041360255,0.07978437,0.0022073835
1872,0.076691926,0.03344703,0.034884177,0.027870417,0.04180775,0.0055766143
1873,0.9968391,0.2731768,0.38877702,0.278937,0.6080621,-0.0057602227
1874,0.41392806,0.090064004,0.108958825,0.08084176,0.30496925,0.009222247
1875,1.0061076,0.29658365,0.34488025,0.26507866,0.66122735,0.03150499
1876,1.0487593,0.16510177,0.33467242,0.2299195,0.7140869,-0.06481773
1877,0.00897072,0.031840127,0.009195063,0.009289504,-0.0002243435,0.022550624
1878,0.22865914,0.01933781,0.074311115,0.042114962,0.15434802,-0.022777151
1879,0.33316547,0.21209893,0.25795928,0.20247339,0.07520619,0.009625539
1880,0.04046847,0.09045538,0.048195668,0.016861726,-0.0077271983,0.07359366
1881,0.8468373,0.34535715,0.43275905,0.31630206,0.41407824,0.029055089
1882,0.08187226,0.0220663,0.057243485,0.04071642,0.024628777,-0.01865012
1883,0.030971698,0.05307188,0.02089377,0.015425589,0.010077929,0.03764629
1884,1.1967841,0.54283947,0.7160213,0.52189445,0.48076284,0.020945013
1885,0.07314772,-0.026085205,0.050201822,0.029164882,0.0229459,-0.055250086
1886,0.2548521,0.12054279,0.11385994,0.09537309,0.14099215,0.0251697
1887,0.18371971,0.10586914,0.1092965,0.08872894,0.07442321,0.017140195
1888,0.25888708,0.12621047,0.17279415,0.1238589,0.086092934,0.0023515671
1889,0.05688011,0.04402372,0.027094543,0.018142823,0.029785566,0.025880896
1890,0.05698432,0.023471393,0.0092576835,0.005834231,0.04772664,0.017637162
1891,0.028088424,0.12302128,0.012053387,0.009539393,0.016035037,0.11348189
1892,-0.00050446595,0.13000076,0.03033953,0.016609598,-0.030843996,0.11339116
1893,1.0877702,0.42270035,0.50207824,0.37493634,0.585692,0.047764003
1894,0.039429195,0.013379284,0.025646813,0.018825337,0.013782382,-0.005446053
1895,0.652826,0.13466199,0.18775181,0.13010612,0.46507418,0.004555866
1896,0.6898587,0.23087415,0.29695654,0.20953757,0.39290214,0.021336585
1897,0.08372108,0.04419682,0.03485383,0.018266985,0.048867248,0.025929837
1898,1.8702512,0.6173545,1.0051074,0.68215334,0.8651438,-0.06479883
1899,0.18750256,0.0744981,0.082110986,0.060454477,0.10539158,0.014043625
1900,0.65523237,0.18968326,0.27830058,0.20060623,0.3769318,-0.010922968
1901,1.1464206,0.49044004,0.6045131,0.45542604,0.5419075,0.035014004
1902,0.07709698,0.05415661,0.057276163,0.0419716,0.019820813,0.012185007
1903,1.0999495,0.4339002,0.6347565,0.406458,0.46519297,0.027442217
1904,1.1402963,0.30338156,0.4637676,0.29105738,0.67652875,0.012324184
1905,1.1079285,0.17314076,0.33170193,0.21677446,0.7762266,-0.0436337
1906,0.04017853,0.031396475,0.016827209,0.010509864,0.023351321,0.020886611
1907,0.26870298,0.050156467,0.110069126,0.076574706,0.15863386,-0.026418239
1908,0.8935007,0.2858613,0.3705249,0.25494108,0.5229758,0.030920237
1909,0.023169063,-0.030505309,0.019483412,0.008663474,0.0036856513,-0.039168783
1910,0.014774461,0.04211789,0.020571865,0.016751181,-0.005797404,0.025366709
1911,0.87895244,0.26059657,0.2950145,0.19672962,0.58393794,0.06386696
1912,0.05668752,0.05625176,0.029936342,0.026281664,0.026751177,0.029970096
1913,0.071526185,0.042444028,0.046942852,0.021284198,0.024583332,0.02115983
1914,0.9213866,0.27182516,0.3375262,0.24516422,0.5838604,0.026660949
1915,0.029893849,-0.032345317,0.023274386,0.013603177,0.0066194627,-0.045948494
1916,0.05261149,0.13501774,0.05189417,0.039919283,0.00071731955,0.09509845
1917,1.1753677,0.33349675,0.66239196,0.3796022,0.51297575,-0.046105444
1918,0.04724044,0.023608906,0.023971764,0.017125797,0.023268675,0.0064831097
1919,0.7606725,0.24376968,0.35349315,0.2455343,0.40717936,-0.0017646253
1920,0.018297242,0.005351569,0.032884695,0.023383737,-0.014587453,-0.018032167
1921,1.0739716,0.2472335,0.43683228,0.27955693,0.6371393,-0.032323435
1922,0.056559086,0.046875324,0.032346763,0.028545072,0.024212323,0.018330252
1923,1.2901226,0.3122782,0.36211857,0.26000077,0.928004,0.052277446
1924,0.106511615,0.05295717,0.05882065,0.04272546,0.047690965,0.010231711
1925,0.004121844,0.0063224095,0.039450794,0.03121857,-0.03532895,-0.02489616
1926,1.0468634,0.43646008,0.65006906,0.4165326,0.39679438,0.019927472
1927,1.024276,0.40922815,0.569619,0.3813519,0.45465702,0.027876258
1928,0.04685751,0.05031077,0.05665074,0.03317065,-0.009793229,0.017140117
1929,1.0895567,0.21029443,0.29357734,0.2173242,0.7959794,-0.007029772
1930,0.654233,0.29076165,0.44553745,0.30696163,0.20869553,-0.016199976
1931,1.1310607,0.49793652,0.64691246,0.49438044,0.48414826,0.0035560727
1932,0.022381624,0.15728621,0.050234612,0.031490263,-0.027852988,0.12579595
1933,0.537523,0.2994414,0.40009633,0.29227626,0.13742664,0.007165134
1934,0.21299149,0.092485406,0.1096383,0.080479406,0.10335319,0.012006
1935,0.9118603,0.3587986,0.59444165,0.3851446,0.31741863,-0.026345998
1936,0.021416275,0.009788774,0.011868912,0.008458915,0.009547363,0.0013298588
1937,0.167921,0.13443665,0.102650374,0.078675926,0.06527063,0.055760726
1938,0.13947591,0.0041236198,0.0851528,0.059069272,0.054323114,-0.05494565
1939,0.2524755,0.04975414,0.13694037,0.093842484,0.115535125,-0.044088345
1940,1.1006454,0.44825077,0.59994256,0.42025906,0.50070286,0.027991712
1941,0.031473335,0.10567991,0.04589057,0.03217304,-0.014417235,0.07350686
1942,1.25235,0.53917205,0.7120467,0.5236982,0.5403033,0.015473843
1943,1.0007199,0.39276785,0.5772379,0.3918766,0.423482,0.00089123845
1944,0.12611486,0.1796938,0.10206761,0.07200509,0.024047248,0.10768871
1945,0.20548458,0.1235427,0.15272944,0.1122664,0.052755147,0.011276305
1946,0.057679806,0.005450868,0.014955726,0.0111558745,0.04272408,-0.0057050064
1947,0.0203723,0.037130136,0.025528483,0.020815909,-0.0051561836,0.016314227
1948,0.8008301,0.31519172,0.4428729,0.31810743,0.3579572,-0.0029157102
1949,0.809215,0.2958317,0.3847371,0.29138887,0.4244779,0.004442841
1950,0.26611218,0.10183461,0.16060698,0.12329555,0.1055052,-0.021460943
1951,0.013140167,-0.05566425,0.017910972,0.0051554656,-0.004770805,-0.060819715
1952,-0.024518922,0.118639484,0.011924449,0.0076541943,-0.03644337,0.11098529
1953,0.1627975,0.087041095,0.11339269,0.08800507,0.049404807,-0.00096397847
1954,0.98431236,0.2506878,0.41212663,0.28658476,0.57218575,-0.035896957
1955,0.9323637,0.24395598,0.31519768,0.2338633,0.61716604,0.010092691
1956,0.87230295,0.3895242,0.5199276,0.3873404,0.35237533,0.002183795
1957,0.57124835,0.293932,0.34547898,0.23757192,0.22576937,0.056360066
1958,0.9718841,0.3386331,0.47294757,0.32331526,0.4989365,0.015317827
1959,0.10827264,0.011067798,0.058227353,0.03829249,0.05004529,-0.027224692
1960,1.1028112,0.50217867,0.6740159,0.46981776,0.42879534,0.03236091
1961,-0.02427769,0.20220187,0.011890029,0.0109705655,-0.03616772,0.19123131
1962,0.13763842,0.06750557,0.07312953,0.058757804,0.06450889,0.008747764
1963,-0.021012885,-0.0009963127,0.007806422,0.0052715475,-0.028819308,-0.00626786
1964,1.0409101,0.36210823,0.52550006,0.39277077,0.51541007,-0.030662537
1965,0.6506744,0.24327599,0.28746566,0.20812298,0.36320874,0.035153
1966,1.2223783,0.52371186,0.72058076,0.5274979,0.5017975,-0.0037860274
1967,0.09295284,0.018505177,0.04603246,0.039671756,0.04692038,-0.02116658
1968,0.14653525,0.10974705,0.09297854,0.07236595,0.05355671,0.037381105
1969,1.208693,0.34752566,0.47905418,0.35111946,0.7296388,-0.0035938025
1970,0.9470141,0.45455283,0.6156813,0.4372792,0.3313328,0.017273635
1971,0.17977457,0.0792722,0.1271382,0.09102072,0.05263637,-0.011748515
1972,0.08279495,0.14359243,0.06206795,0.043424692,0.020727001,0.10016774
1973,1.4830358,0.55674875,0.76069295,0.5137696,0.72234285,0.04297912
1974,0.0071344017,0.13986343,0.04722388,0.03242115,-0.04008948,0.10744228
1975,0.36694565,0.21261632,0.27681354,0.22226232,0.09013212,-0.0096459985
1976,0.7995818,0.30395767,0.41228902,0.29366344,0.3872928,0.010294229
1977,1.4408485,0.15683709,0.26144442,0.19163722,1.179404,-0.034800127
1978,1.1740805,0.29947725,0.44806525,0.31048718,0.7260152,-0.011009932
1979,0.9183655,0.35884932,0.5594369,0.37173748,0.35892856,-0.012888163
1980,0.013888631,-0.016485734,0.010622195,0.006597155,0.003266436,-0.02308289
1981,0.22598752,0.039627295,0.11222891,0.062299613,0.113758616,-0.022672318
1982,0.9346443,0.2830505,0.36969444,0.27940208,0.56494987,0.00364843
1983,0.04216767,0.03863383,0.025947563,0.009064046,0.016220108,0.029569786
1984,1.1338668,0.41369313,0.5307605,0.40341735,0.60310626,0.010275781
1985,0.9212727,0.31555817,0.36762685,0.2503053,0.55364585,0.06525287
1986,1.1555449,0.32882467,0.4904678,0.30568916,0.6650771,0.023135513
1987,1.388008,0.52149314,0.68613267,0.45860943,0.7018753,0.062883705
1988,1.0178059,0.306404,0.3890008,0.26458484,0.62880516,0.041819155
1989,-0.03983459,0.1503035,0.01962309,0.01370782,-0.05945768,0.13659568
1990,0.92100555,0.3550256,0.5136397,0.34110588,0.40736586,0.013919711
1991,1.0013326,0.3832819,0.62369937,0.39601147,0.37763327,-0.012729585
1992,1.2672037,0.45676452,0.65678865,0.42640403,0.61041504,0.03036049
1993,0.8059661,0.37143075,0.51901144,0.37755308,0.28695464,-0.006122321
1994,0.07301443,0.015570413,0.071082056,0.0440554,0.0019323751,-0.028484985
1995,0.09411634,0.06280222,0.07003148,0.04863379,0.024084859,0.014168426
1996,1.2700008,0.3984926,0.541548,0.3693246,0.7284528,0.02916801
1997,0.80700934,0.19496803,0.26837638,0.19656742,0.538633,-0.0015993863
1998,0.06166393,0.05361016,0.057690483,0.045890227,0.003973447,0.007719934
1999,0.011485653,0.15886027,0.0093076,0.008540282,0.0021780534,0.15031998
2000,0.9915987,0.28560883,0.3895602,0.25068367,0.6020385,0.034925163
2001,0.23134671,0.07375719,0.0870709,0.06306377,0.14427581,0.010693416
2002,0.101509,0.14022927,0.04021161,0.033878926,0.061297387,0.10635035
2003,0.04506634,0.03648031,0.02508523,0.023150915,0.019981112,0.013329396
2004,1.365981,0.6564375,0.8187198,0.6005526,0.5472612,0.055884898
2005,0.039322797,0.104187846,0.045437455,0.030665107,-0.006114658,0.07352274
2006,1.2331296,0.31431168,0.42388877,0.2958516,0.8092408,0.018460095
2007,0.06551566,-0.0012839301,0.037355002,0.020486526,0.028160658,-0.021770457
2008,1.1676908,0.48308343,0.62492144,0.4386869,0.5427693,0.04439652
2009,0.09078391,0.04778431,0.04957526,0.04353939,0.041208647,0.00424492
2010,0.049022377,-0.0010823007,0.044252995,0.027207416,0.004769381,-0.028289717
2011,1.0303067,0.4514645,0.65145624,0.4568469,0.37885046,-0.005382389
2012,0.90647006,0.28082544,0.41585872,0.27593648,0.49061134,0.004888952
2013,1.4175502,0.44451085,0.63940495,0.4282359,0.77814525,0.016274959
2014,0.02581822,0.05183571,0.029778583,0.021173045,-0.0039603636,0.030662663
2015,0.1316974,0.005714079,0.080650575,0.0488374,0.051046826,-0.043123323
2016,0.048669457,0.026036903,0.02430215,0.019564062,0.024367308,0.006472841
2017,1.3387774,0.29346985,0.54792726,0.35633323,0.79085016,-0.06286338
2018,1.3401265,0.41642073,0.63418365,0.4222964,0.70594287,-0.005875677
2019,0.052008912,-0.015282955,0.06458849,0.036886223,-0.012579575,-0.052169178
2020,0.1201723,0.051474772,0.084725894,0.062480725,0.035446405,-0.011005953
2021,1.0799645,0.44524065,0.66552377,0.44231576,0.41444075,0.0029248893
2022,0.92845386,0.48585573,0.5997917,0.44766843,0.32866216,0.038187295
2023,0.23146634,0.10113871,0.13571067,0.08882029,0.09575567,0.012318417
2024,-0.016302759,0.0066929525,0.030807894,0.021132488,-0.047110654,-0.014439535
2025,1.0668393,0.3424974,0.40907332,0.30242118,0.657766,0.040076226
2026,0.82122624,0.50816816,0.60508436,0.44636455,0.21614188,0.06180361
2027,-0.019587915,0.002860296,0.022948,0.014734365,-0.042535916,-0.0118740685
2028,1.072713,0.30301204,0.39233682,0.2845443,0.6803762,0.018467754
2029,0.15365943,0.022791307,0.11299003,0.06401822,0.040669404,-0.041226912
2030,1.1984794,0.50888,0.7407824,0.4941521,0.45769703,0.01472792
2031,0.14330123,0.051775847,0.06865449,0.046503436,0.07464674,0.005272411
2032,1.0787829,0.36111102,0.5476125,0.37187853,0.5311704,-0.0107675195
2033,0.8974255,0.3606445,0.4716962,0.35598165,0.42572927,0.0046628416
2034,0.071725346,0.06759567,0.0435266,0.03378242,0.028198745,0.03381325
2035,1.1745918,0.5090259,0.6388583,0.48576352,0.53573346,0.023262352
2036,1.0198814,0.45801675,0.5760011,0.41271362,0.44388026,0.045303136
2037,0.07829236,0.019664714,0.029734291,0.016211176,0.04855807,0.0034535378
2038,1.5364803,0.2880958,0.4562624,0.31950393,1.0802178,-0.03140813
2039,1.3731325,0.7153695,0.9481619,0.6642292,0.42497057,0.05114031
2040,0.9729337,0.2872673,0.40696475,0.28915638,0.565969,-0.0018890798
2041,0.22441415,0.08593521,0.040312175,0.029747954,0.18410198,0.056187257
2042,1.2063129,0.29536176,0.43335697,0.32328928,0.7729559,-0.027927518
2043,0.9788013,0.30082327,0.3299623,0.25017497,0.648839,0.0506483
2044,0.040568326,-0.028326582,0.033252105,0.015239531,0.0073162206,-0.043566115
2045,0.048780113,0.12329507,0.04824893,0.031390294,0.0005311817,0.091904774
2046,1.0805905,0.6678893,0.88292605,0.59736836,0.19766444,0.07052094
2047,0.12922849,0.08897295,0.093321934,0.06689208,0.035906553,0.022080868
2048,0.31831172,0.17483167,0.217454,0.15029459,0.10085772,0.024537086
2049,1.3237433,0.40568504,0.6379838,0.36128116,0.68575954,0.04440388
2050,0.057517815,0.059379373,0.041298784,0.033315677,0.016219031,0.026063696
2051,0.19456136,0.08600124,0.06508242,0.043325946,0.12947893,0.042675294
2052,0.06160319,0.042195603,0.028352696,0.022486202,0.033250492,0.0197094
2053,0.23948734,0.07898741,0.19128178,0.13621882,0.048205554,-0.057231404
2054,0.33948308,0.17636593,0.22792158,0.1754897,0.11156151,0.000876233
2055,0.23200685,0.095218144,0.10171772,0.07074699,0.13028914,0.024471156
2056,0.062652454,0.07771012,0.050873768,0.03638813,0.011778686,0.041321993
2057,0.060219385,-0.024790699,0.03308717,0.023006849,0.027132213,-0.047797546
2058,1.2527477,0.6993437,0.88606435,0.65136236,0.3666833,0.04798132
2059,0.22176908,0.22011912,0.20973903,0.13814163,0.01203005,0.08197749
2060,1.2389197,0.43584058,0.6584273,0.43131587,0.58049244,0.004524708
2061,0.06371253,-0.016912153,0.03473869,0.01594761,0.02897384,-0.032859765
2062,1.2402174,0.3976144,0.481154,0.36570558,0.7590635,0.03190881
2063,0.09279187,0.010137263,0.044782266,0.027950313,0.048009604,-0.01781305
2064,0.1119893,0.03549309,0.03851327,0.029345412,0.07347603,0.006147679
2065,0.048306625,0.009836975,0.044703115,0.032699525,0.0036035106,-0.02286255
2066,0.0881885,0.036251593,0.056378964,0.040792737,0.031809535,-0.004541144
2067,0.9538324,0.23515524,0.20758602,0.1378452,0.74624634,0.09731004
2068,1.1120496,0.46331272,0.63508415,0.46506757,0.47696543,-0.0017548501
2069,1.0053111,0.4568889,0.61869264,0.44585687,0.3866185,0.011032045
2070,0.3646549,0.1234181,0.16660294,0.121003896,0.19805196,0.0024142042
2071,0.061355155,0.05725157,0.034896255,0.025384843,0.0264589,0.031866726
2072,-0.018483737,0.019954609,0.0064314497,0.0031758412,-0.024915187,0.016778767
2073,0.099659674,0.07970394,0.08041645,0.055032577,0.019243225,0.024671365
2074,0.8860742,0.32238892,0.40084022,0.2992447,0.48523396,0.023144215
2075,0.4511473,0.13077235,0.20393874,0.13581525,0.24720855,-0.0050428957
2076,0.18489471,0.022548255,0.06384894,0.043686185,0.12104577,-0.02113793
2077,0.77056265,0.25920036,0.31771353,0.22097796,0.45284912,0.038222402
2078,0.81798023,0.22701922,0.29956746,0.1989387,0.51841277,0.028080523
2079,1.6382053,0.5597819,0.7536022,0.5251187,0.8846031,0.0346632
2080,0.9200063,0.37846017,0.46844125,0.35351592,0.45156503,0.024944246
2081,0.14871123,0.12491211,0.10346627,0.088809185,0.045244962,0.03610293
2082,0.05712585,0.03651211,0.039056364,0.027905216,0.018069487,0.008606894
2083,0.84629023,0.17553085,0.25349694,0.19733304,0.5927933,-0.021802187
2084,0.1415398,0.08232231,0.06837378,0.052255683,0.07316602,0.030066624
2085,0.15563188,0.03404393,0.073015735,0.03983302,0.08261615,-0.00578909
2086,1.1586112,0.5178765,0.5444627,0.42325494,0.6141485,0.09462157
2087,0.8570489,0.34257427,0.42112407,0.3091618,0.43592486,0.033412457
2088,0.5600053,0.23653595,0.29596764,0.21723665,0.26403767,0.019299299
2089,1.4626502,0.48510703,0.6842439,0.47932652,0.77840626,0.005780518
2090,0.8235688,0.33201325,0.39897388,0.2755071,0.42459494,0.056506157
2091,0.08027042,0.05238759,0.05129384,0.039064243,0.028976578,0.013323348
2092,0.07094619,0.10507474,0.050121192,0.036146518,0.020824995,0.06892823
2093,0.8245461,0.42714548,0.53224516,0.3846189,0.29230094,0.042526573
2094,1.1297207,0.26350912,0.30223587,0.23377913,0.82748485,0.029729992
2095,-0.042305358,-0.053355683,0.016830523,0.010717873,-0.05913588,-0.064073555
2096,0.10461571,0.007048319,0.07387714,0.048730344,0.03073857,-0.041682024
2097,1.2030977,0.43333575,0.6355283,0.43209985,0.5675694,0.0012359023
2098,0.020936528,0.12869886,0.013197851,0.007810578,0.007738677,0.12088828
2099,0.13093011,0.014322964,0.056116983,0.036164638,0.07481313,-0.021841675
2100,1.1536591,0.41134,0.59057814,0.4164878,0.56308097,-0.0051478148
2101,0.91930157,0.3635901,0.46171513,0.33834127,0.45758644,0.025248826
2102,0.05779819,0.08887233,0.03734612,0.029130392,0.020452067,0.059741937
2103,1.0641845,0.6089044,0.82203126,0.6153775,0.24215329,-0.0064730644
2104,0.1197211,0.14731374,0.048580837,0.040652007,0.07114026,0.10666174
2105,0.08042991,0.030322837,0.031042254,0.022007013,0.049387656,0.008315824
2106,0.11765267,0.13026813,0.05958147,0.04407638,0.0580712,0.08619174
2107,0.9382633,0.391893,0.57389313,0.39915925,0.36437017,-0.0072662532
2108,1.7401549,0.7999881,1.1098508,0.7705486,0.6303041,0.029439509
2109,0.8695101,0.21271893,0.3018673,0.21740094,0.5676428,-0.0046820045
2110,0.15855663,0.064107776,0.06576577,0.050371006,0.09279086,0.01373677
2111,1.0750377,0.41051704,0.57606274,0.39237285,0.49897498,0.01814419
2112,0.047432933,-0.015428171,0.025622914,0.020218493,0.02181002,-0.035646662
2113,0.90596455,0.3406153,0.45512372,0.3056071,0.45084083,0.035008192
2114,1.0750974,0.39157555,0.50260144,0.34534007,0.572496,0.046235472
2115,1.1703354,0.57714975,0.69190216,0.5273273,0.47843325,0.04982245
2116,0.1407957,0.054886505,0.08862134,0.06613046,0.052174352,-0.011243954
2117,0.08163733,0.05061361,0.04592013,0.037518512,0.0357172,0.013095096
2118,1.2387061,0.4329997,0.55993634,0.3692026,0.67876977,0.06379709
2119,1.0807091,0.44858697,0.63251334,0.44817498,0.44819576,0.0004119873
2120,1.0459557,0.3603642,0.4813971,0.35770312,0.56455857,0.0026610792
2121,0.1252293,0.07171345,0.06227497,0.042071056,0.06295433,0.029642392
2122,1.1680994,0.5106607,0.7786018,0.52439314,0.38949758,-0.013732433
2123,0.011787647,0.12545207,0.021087691,0.012375171,-0.009300044,0.1130769
2124,0.9836997,0.4024516,0.45653832,0.34869203,0.52716136,0.053759575
2125,0.10404521,0.17619188,0.08809934,0.0674989,0.015945874,0.10869298
2126,1.3239498,0.37448075,0.5472537,0.37774226,0.7766961,-0.0032615066
2127,1.006326,0.28541356,0.3847339,0.29848137,0.62159204,-0.013067812
2128,1.129129,0.31981742,0.502795,0.34394205,0.6263341,-0.024124622
2129,0.044392128,0.021735739,0.027003678,0.020027943,0.01738845,0.001707796
2130,1.0807616,0.48865956,0.64545816,0.4839996,0.4353034,0.0046599507
2131,1.5254248,0.29378316,0.4535982,0.30909914,1.0718267,-0.01531598
2132,0.11368,0.074343465,0.08463782,0.06462982,0.029042177,0.009713642
2133,1.0832659,0.36481017,0.50837976,0.36984795,0.57488614,-0.0050377846
2134,1.4323884,0.873211,1.1873078,0.8722799,0.24508059,0.00093114376
2135,1.3947605,0.5988112,0.7327044,0.5125048,0.6620561,0.08630639
2136,1.1619345,0.5939612,0.7716926,0.57378554,0.39024192,0.020175636
2137,0.028817674,0.04643377,0.029869657,0.023850597,-0.0010519829,0.022583172
2138,0.22907613,0.110912785,0.117106915,0.09100594,0.11196922,0.019906841
2139,0.045289036,0.07382121,0.04437027,0.035128742,0.0009187646,0.038692467
2140,0.7938421,0.22841048,0.28977042,0.22215995,0.50407165,0.0062505305
2141,0.14311282,0.10378964,0.07741861,0.05464129,0.06569421,0.04914835
2142,0.0059415363,0.23097405,0.021383442,0.01777735,-0.015441906,0.2131967
2143,0.113800086,0.078604914,0.08318649,0.06089072,0.030613594,0.017714195
2144,0.2840662,0.14962497,0.20190081,0.123923026,0.08216539,0.025701948
2145,1.1808399,0.5181624,0.6240161,0.46454942,0.5568238,0.053613007
2146,0.09496748,0.109754,0.0453631,0.025135674,0.04960438,0.08461833
2147,-0.003833291,-0.042285323,0.011343773,0.004056811,-0.015177065,-0.046342134
2148,0.021519164,-0.029634828,0.030619914,0.013427245,-0.00910075,-0.043062072
2149,1.1153514,0.40461728,0.5275774,0.36896852,0.58777404,0.035648763
2150,0.23841773,0.050910044,0.1917204,0.10988582,0.046697333,-0.058975775
2151,1.3194238,0.61514974,0.9929439,0.6473761,0.3264799,-0.032226384
2152,0.110373355,0.13093552,0.037384838,0.030320523,0.07298852,0.100614995
2153,0.01386286,0.1194768,0.0111271655,0.009102128,0.0027356949,0.110374674
2154,0.6622229,0.2820115,0.3676833,0.26609284,0.29453963,0.015918672
2155,0.0750814,0.035488214,0.04628311,0.043615352,0.02879829,-0.008127138
2156,1.0242286,0.25574443,0.40675026,0.27465904,0.6174783,-0.01891461
2157,0.13953133,0.03622305,0.07401279,0.053528544,0.065518536,-0.017305493
2158,0.05316059,-0.047333706,0.028750414,0.012602457,0.024410175,-0.059936162
2159,0.060734384,0.033880115,0.054652464,0.0389278,0.00608192,-0.0050476864
2160,-0.0199264,0.21346822,0.023281483,0.01333906,-0.043207884,0.20012917
2161,0.018568128,0.032866318,0.029340835,0.021031763,-0.010772707,0.011834554
2162,0.21020515,0.17340274,0.15460595,0.09200056,0.055599198,0.08140218
2163,0.772458,0.38346538,0.45193753,0.33954212,0.3205205,0.04392326
2164,0.030495482,0.03590907,0.020226067,0.01851071,0.010269415,0.017398361
2165,0.7412773,0.2128913,0.33172825,0.25024503,0.40954903,-0.03735374
2166,0.07469252,0.036995657,0.048251472,0.035629865,0.026441045,0.001365792
2167,0.012428478,0.034057345,0.019817628,0.014556838,-0.0073891496,0.019500507
2168,-0.008747094,0.13581862,0.031904876,0.017773861,-0.04065197,0.11804476
2169,1.2196963,0.6166137,0.7999526,0.6145107,0.41974366,0.002102971
2170,0.104414314,0.04958606,0.06314803,0.04359157,0.041266285,0.0059944913
2171,1.2995776,0.47959444,0.6349171,0.47881395,0.6646605,0.000780493
2172,0.06045521,-0.010296723,0.04090793,0.027968056,0.01954728,-0.03826478
2173,0.04131162,-0.031298473,0.03411209,0.01692637,0.0071995333,-0.048224844
2174,0.9683496,0.4173414,0.39435986,0.25782737,0.57398975,0.15951404
2175,0.91826534,0.362563,0.5294306,0.37446195,0.3888347,-0.011898935
2176,1.4338067,0.68187433,0.78346115,0.60131264,0.6503455,0.0805617
2177,-0.026493205,0.1125895,0.013379446,0.00562537,-0.03987265,0.10696413
2178,1.5372854,0.2957886,0.4828187,0.30929306,1.0544667,-0.013504475
2179,1.2976452,0.47434366,0.63673586,0.46152288,0.66090935,0.01282078
2180,0.012258374,-0.040671848,0.029905217,0.016846323,-0.017646842,-0.05751817
2181,0.8007856,0.20555091,0.37102416,0.24425068,0.42976144,-0.038699776
2182,0.24053647,0.1052668,0.14308615,0.10262539,0.097450316,0.0026414096
2183,0.630578,0.3247644,0.4435226,0.3142815,0.18705538,0.010482907
2184,0.96923053,0.29393512,0.45538497,0.3220987,0.51384556,-0.028163582
2185,0.0070765433,0.12729116,0.036740657,0.025236625,-0.029664114,0.10205454
2186,0.094266616,0.15071234,0.047756538,0.031010278,0.046510078,0.11970206
2187,1.0472316,0.3539222,0.5080849,0.34062457,0.53914666,0.013297617
2188,0.9747247,0.46922025,0.60610306,0.42252672,0.36862165,0.046693534
2189,-0.020802299,0.12482095,0.021697411,0.011613287,-0.04249971,0.11320766
2190,0.038626693,0.2350308,0.065692365,0.031032747,-0.027065672,0.20399806
2191,0.033537697,-0.062258884,0.025101352,0.012914486,0.008436345,-0.07517337
2192,0.8884301,0.30580625,0.48885643,0.32602537,0.39957368,-0.020219117
2193,0.11273165,0.14110929,0.08068363,0.053154685,0.032048017,0.0879546
2194,0.9470582,0.3815343,0.53958416,0.3536786,0.40747404,0.027855694
2195,0.8879114,0.22384033,0.2753496,0.19134787,0.6125618,0.03249246
2196,0.09322398,-0.009217035,0.034187637,0.020672064,0.059036344,-0.0298891
2197,0.15953432,0.10286192,0.114052474,0.08535427,0.045481846,0.01750765
2198,1.0707194,0.596025,0.7604143,0.5689743,0.31030506,0.027050674
2199,0.9612738,0.3076171,0.37278056,0.2804475,0.5884932,0.027169585
2200,1.0733335,0.45219806,0.59058034,0.4371688,0.48275316,0.015029252
2201,0.15813075,0.041281465,0.09125767,0.06674407,0.06687308,-0.025462601
2202,0.7117311,0.44614086,0.4911984,0.3736586,0.22053269,0.07248226
2203,0.8004421,0.27646366,0.40430555,0.28254768,0.39613655,-0.006084025
2204,0.35118985,0.16755068,0.21209744,0.1555674,0.13909242,0.01198329
2205,0.073207,0.0376632,0.03617569,0.028962465,0.037031308,0.008700734
2206,0.001347596,-0.061695676,0.0058694566,-0.0009321934,-0.0045218607,-0.060763482
2207,0.10798166,0.032212194,0.06523521,0.050076775,0.042746447,-0.017864581
2208,0.7725136,0.28485593,0.391977,0.28668815,0.38053662,-0.001832217
2209,1.5433137,0.7374243,0.9913628,0.69559115,0.55195093,0.041833162
2210,0.12885134,0.10328722,0.089167245,0.06773123,0.039684094,0.03555599
2211,0.5553444,0.24838686,0.35006428,0.21158636,0.20528013,0.036800504
2212,1.9535247,0.8073609,0.9641323,0.739624,0.9893924,0.067736864
2213,1.1849917,0.43315598,0.63303095,0.45281264,0.55196077,-0.019656658
2214,0.8911628,0.23651673,0.28479016,0.22066766,0.60637265,0.015849069
2215,1.036775,0.439168,0.53660655,0.3835312,0.50016844,0.055636793
2216,1.1101148,0.20437735,0.31703502,0.23061065,0.7930798,-0.0262333
2217,0.18467724,0.022138234,0.11135237,0.06876408,0.073324874,-0.04662585
2218,0.06781477,-0.015798049,0.052901097,0.035148453,0.014913671,-0.050946504
2219,0.023038415,-0.0073443744,0.039084833,0.025648884,-0.016046418,-0.032993257
2220,0.073728725,0.05615807,0.0429935,0.030937362,0.030735224,0.025220707
2221,1.0185435,0.481444,0.641978,0.4376289,0.37656546,0.043815106
2222,0.0682205,0.08353851,0.02634798,0.02093985,0.041872524,0.06259866
2223,0.09492493,0.03571827,0.049431175,0.026786912,0.04549375,0.008931357
2224,0.19369723,0.08027112,0.124204844,0.09799166,0.069492385,-0.017720543
2225,0.8300384,0.38453,0.5702751,0.38064945,0.2597633,0.0038805604
2226,0.062230226,-0.0047299224,0.046141375,0.0203352,0.01608885,-0.025065122
2227,0.16874304,0.07320415,0.13185047,0.09890447,0.036892578,-0.025700316
2228,0.11276298,0.065075584,0.07257191,0.051478416,0.04019107,0.013597168
2229,0.08018686,-0.02672519,0.03643762,0.01988888,0.04374924,-0.04661407
2230,0.8047892,0.22702539,0.28928337,0.19924027,0.5155058,0.027785122
2231,0.0072431806,0.20962813,0.04903839,0.03912322,-0.04179521,0.17050491
2232,0.12626939,0.22195286,0.1185234,0.08609823,0.0077459887,0.13585463
2233,0.117382325,0.017811043,0.082388304,0.049221836,0.03499402,-0.03141079
2234,0.004564548,0.1879384,0.029919159,0.021157317,-0.02535461,0.1667811
2235,0.21723671,0.07616286,0.12920609,0.089289814,0.08803062,-0.013126954
2236,0.75881004,0.19754767,0.17891297,0.14609021,0.57989705,0.051457465
2237,0.7362072,0.29955038,0.37199903,0.2521424,0.36420816,0.047407985
2238,0.064981334,0.0072083957,0.042161718,0.030313782,0.022819616,-0.023105387
2239,0.89539623,0.27416897,0.34439853,0.21908432,0.55099773,0.055084646
2240,0.030120462,0.0332553,0.022599746,0.01656532,0.0075207166,0.016689982
2241,0.07731243,0.022825679,0.024377389,0.016279563,0.05293504,0.0065461155
2242,1.4231219,0.57012683,0.7623575,0.5503215,0.66076446,0.019805312
2243,0.05600407,-0.004397438,0.03450198,0.02320712,0.021502089,-0.027604558
2244,1.3706373,0.13477136,0.3464917,0.25857803,1.0241456,-0.12380667
2245,0.35708886,0.20247202,0.22421992,0.16725275,0.13286895,0.035219267
2246,0.025016505,0.23799326,0.07375521,0.054525938,-0.048738707,0.18346731
2247,0.25282025,0.08132108,0.15033153,0.10190433,0.10248873,-0.02058325
2248,1.2473377,0.25631434,0.32883757,0.23179072,0.9185001,0.024523616
2249,0.061624777,0.06820043,0.042662658,0.032950908,0.018962119,0.035249524
2250,0.9102484,0.429192,0.55827886,0.39149612,0.35196954,0.037695885
2251,0.07934877,-0.0019884198,0.0539446,0.042399477,0.025404174,-0.044387896
2252,0.12147484,0.06126266,0.09439713,0.0697294,0.027077712,-0.008466743
2253,0.078928836,0.044593472,0.040051237,0.02791163,0.0388776,0.016681843
2254,0.065809086,-0.013216628,0.060603622,0.034739006,0.0052054636,-0.047955632
2255,0.021619724,0.040145293,0.0043651573,0.004892344,0.017254567,0.035252947
2256,0.36100787,0.15074402,0.18788558,0.13385896,0.17312229,0.016885057
2257,0.09376824,0.009197257,0.03701603,0.029612107,0.05675221,-0.02041485
2258,0.010122351,0.03962965,0.008437098,0.008500779,0.0016852533,0.03112887
2259,0.8618179,0.25759012,0.30048922,0.21881396,0.56132865,0.03877616
2260,0.07260709,0.2832493,0.055395946,0.045550033,0.017211147,0.23769926
2261,0.9038808,0.47700387,0.6460285,0.4695774,0.25785226,0.0074264705
2262,0.1268954,0.03085882,0.0990414,0.067655675,0.027853996,-0.036796853
2263,0.2077254,0.107815355,0.08899924,0.06513783,0.118726164,0.04267752
2264,0.102282465,0.03488277,0.043486442,0.029422443,0.058796022,0.0054603256
2265,0.094096124,0.05052852,0.056972906,0.04216875,0.03712322,0.0083597675
2266,0.07141309,0.05676361,0.059338707,0.043894935,0.012074385,0.012868676
2267,1.0394293,0.50288117,0.6006643,0.44602665,0.438765,0.056854516
2268,0.01479973,-0.0033410806,0.03107913,0.01706935,-0.0162794,-0.020410432
2269,0.041022353,0.030863944,0.017197087,0.015513587,0.023825265,0.015350358
2270,1.0112753,0.43473145,0.55211943,0.4219505,0.45915586,0.012780964
2271,1.0201126,0.34958822,0.50672865,0.3684211,0.513384,-0.018832892
2272,0.067475416,0.024700582,0.05300268,0.0335966,0.014472734,-0.008896019
2273,1.0783976,0.26485002,0.43626782,0.27711946,0.6421298,-0.012269437
2274,0.059687156,0.11355536,0.06283478,0.049864177,-0.0031476207,0.063691184
2275,0.06434747,0.12554593,0.062331352,0.041083716,0.002016116,0.08446222
2276,0.7760634,0.26999217,0.3969823,0.29414412,0.37908107,-0.024151951
2277,0.13373594,0.15887573,0.114302486,0.08344653,0.019433454,0.0754292
2278,0.7656601,0.2814917,0.38952175,0.2722242,0.37613836,0.009267509
2279,0.07923236,0.13737442,0.085395314,0.043456264,-0.0061629564,0.09391815
2280,1.402415,0.4931485,0.60769355,0.43039945,0.7947215,0.06274906
2281,0.15091829,0.09760478,0.06729033,0.058094908,0.08362796,0.039509874
2282,1.6574097,0.72583115,1.0862681,0.8053181,0.5711416,-0.079486966
2283,0.87964,0.30697304,0.42130384,0.27254227,0.45833614,0.034430772
2284,0.97335404,0.23571011,0.36100456,0.2623024,0.6123495,-0.026592284
2285,0.19092023,0.11370273,0.15359513,0.10459287,0.0373251,0.009109862
2286,0.020363638,0.09022871,0.021958902,0.015443433,-0.0015952643,0.07478528
2287,0.1108093,0.07023918,0.055392772,0.034775645,0.055416524,0.035463534
2288,0.67295605,0.4551723,0.51281416,0.40131843,0.16014189,0.05385387
2289,-0.004822209,0.1281311,0.025220877,0.012973598,-0.030043086,0.11515751
2290,0.23543377,0.068045214,0.14487167,0.09154211,0.090562105,-0.023496896
2291,0.26043788,0.10944747,0.12900059,0.08812867,0.13143729,0.0213188
2292,0.0068352656,-0.015433288,0.006670481,0.0043634116,0.00016478449,-0.0197967
2293,0.8270761,0.34891218,0.44512233,0.3126832,0.38195375,0.036228985
2294,0.29606274,0.19453034,0.22744603,0.17349163,0.0686167,0.021038711
2295,0.9702743,0.5000792,0.6280897,0.4534126,0.3421846,0.046666622
2296,0.13927934,0.105650716,0.102389276,0.07595902,0.03689006,0.029691696
2297,1.0805879,0.6433508,0.7665211,0.5385508,0.31406677,0.104799986
2298,1.04155,0.30908543,0.41426486,0.28780925,0.6272852,0.021276176
2299,0.15201542,0.023071019,0.12298467,0.069627725,0.029030748,-0.046556704
2300,1.2727076,0.52027,0.72263277,0.49181336,0.5500748,0.028456628
2301,0.03628558,0.029865848,0.017330509,0.008158464,0.01895507,0.021707384
2302,1.3821136,0.57599795,0.8433528,0.5792422,0.5387608,-0.0032442808
2303,1.197701,0.3612288,0.5278884,0.35860384,0.66981256,0.0026249588
2304,0.11439042,0.07551632,0.059468713,0.046415705,0.054921705,0.029100616
2305,0.76778346,0.21034257,0.28950447,0.20495169,0.478279,0.0053908825
2306,1.1149112,0.24065413,0.3304334,0.23718815,0.78447783,0.0034659803
2307,0.12044421,0.06090637,0.059040003,0.050398454,0.061404206,0.010507915
2308,0.04589563,0.1011842,0.050385803,0.030826092,-0.0044901744,0.070358105
2309,1.1810863,0.39659658,0.4509781,0.3161249,0.7301082,0.080471694
2310,1.0526482,0.43440473,0.69209146,0.45664084,0.36055672,-0.022236109
2311,0.07087413,0.024779966,0.057845067,0.037409384,0.013029065,-0.012629418
2312,0.9580953,0.39948356,0.5314812,0.37968457,0.4266141,0.019798994
2313,0.033299685,0.15242383,0.022536559,0.018880514,0.0107631255,0.13354331
2314,1.5747722,0.79962015,1.0914698,0.7688425,0.48330247,0.030777633
2315,0.45455098,0.28441328,0.3240686,0.25419605,0.13048238,0.03021723
2316,0.97861654,0.21483956,0.27101356,0.19646637,0.707603,0.018373191
2317,0.122649826,0.059207737,0.06437616,0.04926864,0.058273666,0.009939097
2318,2.1149864,0.3674382,0.75529045,0.44297305,1.3596959,-0.07553485
2319,0.94647825,0.39171326,0.4750716,0.36252585,0.47140664,0.029187411
2320,0.06817664,0.039936367,0.03704423,0.027231082,0.031132411,0.012705285
2321,0.070855245,0.03157813,0.041410755,0.029817222,0.02944449,0.0017609093
2322,0.99984974,0.29837665,0.4409964,0.29024982,0.5588533,0.008126825
2323,0.03579357,0.13131191,0.029006904,0.02231714,0.006786665,0.10899477
2324,0.13609153,0.043857478,0.06929043,0.040380508,0.0668011,0.00347697
2325,0.03342714,-0.030892007,0.036607426,0.022675803,-0.003180284,-0.05356781
2326,1.1228206,0.45420742,0.5686545,0.42602617,0.55416614,0.028181255
2327,1.0361224,0.45288575,0.57965726,0.44969913,0.45646518,0.0031866133
2328,1.0126128,0.17091583,0.23830578,0.17456298,0.774307,-0.0036471486
2329,0.25236866,0.1514378,0.16191801,0.12270512,0.090450644,0.028732687
2330,0.1647477,0.057631444,0.05930631,0.046076354,0.10544139,0.011555091
2331,-0.015026734,0.20575657,0.051706772,0.030076105,-0.06673351,0.17568047
2332,0.11651276,0.022161359,0.049358025,0.024458945,0.067154735,-0.0022975858
2333,1.0492554,0.58064127,0.74787134,0.5716337,0.30138403,0.009007573
2334,0.11021599,0.0239087,0.076376155,0.05635178,0.033839837,-0.03244308
2335,0.07306926,0.026295535,0.038854644,0.02987628,0.034214616,-0.0035807453
2336,0.80728424,0.2850871,0.4265541,0.2969016,0.38073012,-0.011814505
2337,1.0081264,0.37158263,0.41802943,0.29964304,0.59009695,0.07193959
2338,0.06417476,-0.010257414,0.050966967,0.029943382,0.0132077895,-0.040200796
2339,1.2247036,0.18053441,0.3598772,0.23488726,0.8648263,-0.05435285
2340,0.106963925,0.027597673,0.0707837,0.050557517,0.036180228,-0.022959843
2341,1.4170225,0.60190195,0.76376605,0.5962683,0.6532564,0.005633652
2342,0.88692546,0.40411624,0.55672073,0.41404542,0.33020473,-0.00992918
2343,0.8383295,0.3716097,0.5151782,0.37378228,0.3231513,-0.0021725893
2344,0.67310953,0.3495507,0.50584966,0.32649064,0.16725987,0.023060054
2345,-0.0024714998,0.008207606,-0.0043658223,-0.0011364624,0.0018943225,0.009344068
2346,0.22148666,0.1143211,0.14641318,0.105242364,0.07507348,0.009078734
2347,0.9242834,0.42425168,0.5329378,0.38847405,0.39134556,0.03577763
2348,0.054253623,0.0520686,0.0404462,0.033999838,0.013807423,0.01806876
2349,0.08625962,0.043439884,0.038554903,0.028430397,0.047704715,0.015009487
2350,0.028464898,0.2585666,0.05843478,0.043581396,-0.029969882,0.21498519
2351,1.1344545,0.28159106,0.5222317,0.35430568,0.6122228,-0.07271463
2352,0.01325342,-0.005310819,0.012203348,0.009454875,0.0010500718,-0.014765695
2353,0.47853854,0.0926815,0.2358716,0.13233615,0.24266694,-0.039654657
2354,1.0316381,0.46989098,0.6199921,0.44490215,0.41164607,0.02498883
2355,0.21094766,0.056661673,0.15132514,0.09563251,0.059622526,-0.038970836
2356,1.3227636,0.33485287,0.36991322,0.2800494,0.95285034,0.05480346
2357,0.3613231,0.2327127,0.29592854,0.21072996,0.06539455,0.021982744
2358,0.11464977,0.16827786,0.06235439,0.04820402,0.052295383,0.12007384
2359,0.081774354,0.034823753,0.035557315,0.024715826,0.04621704,0.010107927
2360,0.049272478,-0.016801702,0.016740356,0.012548459,0.032532122,-0.029350162
2361,0.027930427,0.07926981,0.025651379,0.01893147,0.0022790488,0.06033834
2362,0.07159021,0.02833745,0.030819703,0.016554084,0.040770505,0.011783367
2363,0.023930525,0.019363163,0.007579759,0.007033691,0.016350767,0.012329472
2364,0.73413104,0.10332648,0.17068589,0.10682968,0.56344515,-0.0035032034
2365,0.049102377,0.026866022,0.021734605,0.015754264,0.027367773,0.011111759
2366,1.3644373,0.3862516,0.6930567,0.43914083,0.67138064,-0.052889228
2367,1.175368,0.30605838,0.43406063,0.30609173,0.7413073,-3.33488e-05
2368,0.930534,0.3439448,0.4337255,0.3012536,0.4968085,0.0426912
2369,-0.004086682,-0.010033556,0.012148895,0.0118842,-0.016235577,-0.021917757
2370,1.0864753,0.46836892,0.5758194,0.42070854,0.5106559,0.04766038
2371,1.2563195,0.484666,0.6571664,0.4434414,0.5991531,0.0412246
2372,1.3229856,0.39999235,0.5420657,0.39570034,0.78091997,0.0042920113
2373,0.023462316,-0.023059556,0.024779152,0.016931739,-0.0013168361,-0.039991297
2374,0.14447682,0.09623,0.09788657,0.06736506,0.046590246,0.028864942
2375,0.0258401,-0.054931752,0.01963659,0.0104370415,0.00620351,-0.065368794
2376,0.70417637,0.20649822,0.31565288,0.2038601,0.3885235,0.0026381165
2377,0.9743537,0.44393885,0.54376185,0.39654306,0.43059182,0.047395796
2378,0.48344946,0.24963121,0.20851912,0.15791272,0.27493036,0.091718495
2379,0.033316597,0.06991917,0.029041896,0.012492107,0.0042747017,0.057427064
2380,0.77870005,0.35708132,0.41337997,0.3045532,0.3653201,0.052528113
2381,0.9453922,0.36310282,0.4791435,0.36437088,0.4662487,-0.001268059
2382,0.2978595,0.1668294,0.2019548,0.14563432,0.09590469,0.021195084
2383,0.02670962,0.03491541,0.01710505,0.01736077,0.0096045695,0.01755464
2384,1.2090992,0.49017757,0.6719845,0.49613562,0.5371147,-0.0059580505
2385,-0.033788495,0.11698826,0.013964508,0.0062320256,-0.047753002,0.11075623
2386,0.9667355,0.4120088,0.5393395,0.40398213,0.427396,0.0080266595
2387,0.09514493,0.0149948485,0.06916575,0.042477302,0.025979176,-0.027482454
2388,0.11990335,0.10025395,0.09305829,0.077773534,0.02684506,0.022480413
2389,1.273355,0.33193797,0.57658386,0.37431195,0.69677114,-0.042373985
2390,1.2348456,0.644434,0.84963226,0.65365976,0.38521338,-0.009225786
2391,0.04617172,-0.043621343,0.03003311,0.018143443,0.016138611,-0.061764784
2392,1.2155244,0.4188695,0.7139852,0.47929385,0.50153923,-0.060424358
2393,0.15594657,0.07186662,0.07244384,0.04930503,0.083502725,0.022561587
2394,0.10428465,0.05962082,0.05221195,0.035522167,0.0520727,0.024098653
2395,0.058405384,0.04240627,0.033000268,0.027539441,0.025405116,0.014866827
2396,0.8801278,0.29803976,0.3432787,0.22106741,0.5368491,0.07697235
2397,0.11510547,0.09013161,0.08134754,0.062955245,0.033757932,0.027176365
2398,0.0492191,0.041542728,0.028088147,0.020847073,0.021130955,0.020695655
2399,-0.027815085,0.1144217,0.013285563,0.0048082233,-0.041100647,0.10961348
2400,0.14966734,0.22151157,0.11095855,0.0637581,0.03870879,0.15775347
2401,0.032201737,0.02822616,0.013243092,0.010579456,0.018958645,0.017646704
2402,0.8153288,0.24496263,0.331083,0.23831762,0.48424578,0.006645009
2403,0.841136,0.16382015,0.23938814,0.17390966,0.6017479,-0.010089517
2404,1.1925979,0.49124557,0.63495183,0.45649478,0.55764604,0.03475079
2405,1.04636,0.34965864,0.40200937,0.307887,0.64435065,0.04177165
2406,1.1053063,0.4451226,0.5964999,0.44708663,0.50880635,-0.0019640326
2407,0.35683572,0.2645058,0.16056624,0.11469504,0.19626948,0.14981076
2408,0.052273147,0.057505537,0.029868478,0.026714437,0.022404669,0.0307911
2409,0.12974216,0.05121859,0.06558862,0.051516227,0.06415354,-0.0002976358
2410,0.12137116,0.059681423,0.06806034,0.052822113,0.05331082,0.00685931
2411,-0.022440052,0.11398202,0.010128124,0.003369861,-0.032568175,0.11061216
2412,0.7681067,0.27243912,0.38636458,0.2821197,0.38174212,-0.009680569
2413,0.30973935,0.11841762,0.18530111,0.117439024,0.12443824,0.0009785965
2414,0.08422494,0.11255421,0.07577165,0.051195454,0.008453287,0.061358754
2415,0.016508924,0.026359811,0.010757527,0.00935151,0.0057513965,0.0170083
2416,-0.02377581,0.012995775,0.020194164,0.01588948,-0.043969974,-0.0028937059
2417,0.8333528,0.5164562,0.65159065,0.4613954,0.18176216,0.055060774
2418,0.25080055,0.033830576,0.1597486,0.08426389,0.09105195,-0.050433315
2419,1.1774793,0.15571712,0.2614067,0.17959818,0.9160726,-0.023881063
2420,0.049076952,0.012323607,0.016900476,0.008841963,0.032176476,0.0034816442
2421,0.9822422,0.3627821,0.4609718,0.35034385,0.5212704,0.012438238
2422,0.034527253,0.025201935,0.023538597,0.016616592,0.010988656,0.008585343
2423,0.90022385,0.21334682,0.2892477,0.18694113,0.61097616,0.026405692
2424,0.17629309,0.08339382,0.11831066,0.07535085,0.05798243,0.008042969
2425,0.7404007,0.3375231,0.37171265,0.28583804,0.36868802,0.051685065
2426,0.07653027,0.06976915,0.043993488,0.036353175,0.032536782,0.033415977
2427,1.0781821,0.22244366,0.28509676,0.19114752,0.79308534,0.031296134
2428,0.49159452,0.27829203,0.3170393,0.23226127,0.17455521,0.04603076
2429,0.08051029,0.027897764,0.03391066,0.025084263,0.04659963,0.0028135013
2430,0.7155414,0.2971893,0.48998317,0.33811104,0.22555825,-0.040921748
2431,0.16505027,0.050560903,0.08593436,0.056705486,0.079115905,-0.006144583
2432,0.16514233,0.019917926,0.08174167,0.04364645,0.08340066,-0.023728525
2433,0.0777223,0.04824033,0.038001083,0.024866499,0.03972122,0.023373831
2434,0.9467907,0.42336425,0.6546607,0.38362086,0.29213,0.039743394
2435,-0.007468697,-0.0012613335,0.019239927,0.016227294,-0.026708623,-0.017488627
2436,0.036202848,0.06672088,0.036104046,0.020704735,9.880215e-05,0.046016145
2437,0.29368186,0.12237862,0.11470167,0.085387014,0.17898019,0.036991604
2438,0.06040659,0.04358435,0.03576441,0.02160231,0.02464218,0.02198204
2439,0.48089916,0.26052618,0.2774812,0.2048968,0.20341796,0.055629387
2440,1.2140658,0.484497,0.7717103,0.5187561,0.4423555,-0.03425908
2441,0.81109625,0.32816508,0.39723408,0.2818566,0.41386217,0.046308488
2442,1.4066164,0.35121858,0.4050129,0.27323774,1.0016036,0.077980846
2443,1.2701826,0.28968796,0.45561874,0.3142881,0.8145639,-0.024600148
2444,0.11251167,0.043265827,0.05107354,0.033619273,0.061438132,0.009646554
2445,0.09956874,0.06077468,0.045559537,0.038855158,0.054009203,0.021919522
2446,0.117778726,0.14126664,0.078978665,0.065663464,0.03880006,0.07560318
2447,0.129222,0.02724985,0.058662824,0.044087507,0.07055918,-0.016837656
2448,-0.031825706,0.1159591,0.007710553,0.0018462484,-0.03953626,0.114112854
2449,0.04058552,0.112946145,0.036702886,0.028960304,0.0038826354,0.08398584
2450,1.0798796,0.3448848,0.613256,0.3830945,0.46662366,-0.038209677
2451,-0.022974731,0.1162039,0.011892904,0.006367128,-0.034867637,0.10983677
2452,1.2157298,0.45221916,0.6280578,0.44944623,0.58767205,0.0027729273
2453,0.008343916,-0.05829033,0.018773666,0.007726365,-0.010429749,-0.0660167
2454,1.1824682,0.35871604,0.54952097,0.39461586,0.6329472,-0.035899818
2455,0.12762706,0.08977941,0.09054822,0.07247065,0.037078843,0.017308757
2456,0.06305802,-0.0136837615,0.057383195,0.02721547,0.005674824,-0.040899232
2457,1.4892857,0.40689632,0.6106652,0.44221702,0.8786205,-0.0353207
2458,1.1327044,0.41782737,0.56251436,0.38278732,0.57019,0.03504005
2459,0.348661,0.11945101,0.10309308,0.07150748,0.24556792,0.047943525
2460,0.081455424,0.05002143,0.0400617,0.027666433,0.041393723,0.022354996
2461,0.042022225,-0.0040521487,0.024561314,0.019528719,0.01746091,-0.023580868
2462,0.044838272,0.14419676,0.027243633,0.022121437,0.01759464,0.12207533
2463,1.1672479,0.21261242,0.31131634,0.19566609,0.8559315,0.01694633
2464,0.5865052,0.4078903,0.47955325,0.3475752,0.10695192,0.060315102
2465,1.1859162,0.50067663,0.6822664,0.4858638,0.5036498,0.014812827
2466,0.004534745,-0.061255638,0.015161333,0.006018873,-0.010626588,-0.06727451
2467,0.036253486,0.02101236,0.047266312,0.039517116,-0.011012826,-0.018504756
2468,1.7567703,0.5643076,0.83678436,0.6062014,0.9199859,-0.04189384
2469,0.974724,0.34481016,0.47992054,0.3640383,0.49480346,-0.01922813
2470,0.060534842,0.012093065,0.04346399,0.03692379,0.017070852,-0.024830723
2471,0.10294635,0.013511788,0.067962945,0.050725743,0.034983404,-0.037213955
2472,0.07913505,0.05771514,0.04140559,0.025974708,0.037729464,0.031740434
2473,0.082082815,0.04760187,0.048411336,0.032183804,0.03367148,0.015418068
2474,0.06987004,0.049055427,0.049206182,0.03680462,0.020663857,0.012250807
2475,-0.0152584575,0.011115573,0.026753748,0.016457675,-0.042012207,-0.0053421017
2476,1.122273,0.17920415,0.34220478,0.22468324,0.78006816,-0.04547909
2477,0.9804147,0.29124275,0.40270725,0.28490987,0.5777074,0.0063328743
2478,1.0735424,0.1656067,0.21680294,0.15658984,0.8567394,0.009016871
2479,0.05972127,0.119729914,0.06542033,0.042654756,-0.005699061,0.07707515
2480,0.17638226,0.07867046,0.0882741,0.062251035,0.08810816,0.016419422
2481,0.76984334,0.20000805,0.29415664,0.20495747,0.4756867,-0.0049494207
2482,0.023713833,0.016313449,0.036334123,0.017352294,-0.012620291,-0.0010388456
2483,0.040559612,0.043885473,0.031383835,0.016786832,0.009175777,0.02709864
2484,0.033430595,0.0045086886,0.028165452,0.018540401,0.005265143,-0.014031712
2485,0.145869,0.051031828,0.106021054,0.08325508,0.039847948,-0.032223254
2486,1.9750217,0.65508294,0.8315098,0.6240404,1.1435119,0.031042516
2487,0.73684555,0.27517185,0.41142052,0.2853601,0.32542503,-0.010188252
2488,1.2065135,0.40104938,0.56721115,0.37713742,0.6393024,0.023911953
2489,0.18974625,0.09118469,0.098172516,0.074527055,0.09157373,0.016657636
2490,0.060449213,0.046470966,0.044849418,0.033032265,0.015599795,0.013438702
2491,0.106259115,0.04714388,0.034987062,0.02853943,0.07127205,0.01860445
2492,0.21845709,0.079172865,0.11176957,0.086768426,0.106687516,-0.0075955614
2493,0.7080551,0.26703462,0.34999508,0.2448525,0.35806,0.022182122
2494,1.0823592,0.5046881,0.75428253,0.5245173,0.32807666,-0.019829214
2495,0.90313345,0.27465385,0.40283594,0.27959922,0.50029755,-0.0049453676
2496,0.08719807,0.04710284,0.04152015,0.027879043,0.045677923,0.019223796
2497,0.4124225,0.2844236,0.32244617,0.24379723,0.08997634,0.040626362
2498,1.0296388,0.21323891,0.28040656,0.1923487,0.7492322,0.020890206
2499,0.049297847,0.025481906,0.03161022,0.02310022,0.017687626,0.0023816861
2500,0.021524696,-0.032402396,0.030485945,0.015545683,-0.008961249,-0.047948077
2501,0.0070751472,-0.004893259,0.0026887136,0.0035712954,0.0043864334,-0.008464554
2502,0.9445873,0.40389675,0.4944258,0.3434396,0.4501615,0.06045714
2503,0.79621947,0.31966725,0.36137107,0.25165454,0.4348484,0.068012714
2504,0.79692054,0.20280728,0.28947726,0.19527777,0.5074433,0.007529512
2505,0.052413084,0.0378168,0.024677867,0.021065192,0.027735217,0.016751608
2506,0.93203676,0.2087708,0.28642818,0.20625685,0.64560854,0.002513945
2507,0.36787838,0.15211765,0.2513959,0.15704155,0.11648247,-0.004923895
2508,0.77686685,0.37571627,0.49992302,0.35181835,0.27694383,0.023897916
2509,1.1698078,0.53118044,0.7393734,0.51602715,0.4304344,0.015153289
2510,-0.009260144,0.105059564,0.0072572543,0.004074031,-0.016517399,0.100985534
2511,0.42536741,0.17901644,0.21233311,0.16210176,0.2130343,0.01691468
2512,0.07237601,0.1397672,0.05183276,0.035602845,0.020543251,0.104164355
2513,0.036181077,-0.0022442846,0.019490577,0.013703265,0.0166905,-0.01594755
2514,1.1340718,0.23218897,0.46204403,0.3122666,0.6720278,-0.08007762
2515,1.6923409,0.6490763,0.8464944,0.64018625,0.8458465,0.008890033
2516,0.33591038,0.13693306,0.17123728,0.1245566,0.1646731,0.012376457
2517,0.8763047,0.35333526,0.4872876,0.34067076,0.38901708,0.012664497
2518,0.05213854,0.037143078,0.041249175,0.024883699,0.010889366,0.012259379
2519,0.091904946,0.05183305,0.05306976,0.034265652,0.038835187,0.017567396
2520,1.0226046,0.49869436,0.71301943,0.506998,0.30958515,-0.008303642
2521,0.07393768,0.026096534,0.056983873,0.041789297,0.016953804,-0.015692763
2522,1.0144414,0.2221381,0.34438533,0.21855289,0.67005605,0.0035852194
2523,0.9004501,0.3480657,0.46418172,0.3076892,0.4362684,0.040376514
2524,0.091670625,0.044210553,0.07015003,0.0452877,0.021520592,-0.0010771453
2525,0.944809,0.3921212,0.5824772,0.3810949,0.3623318,0.011026293
2526,1.8203603,0.60818076,0.9037497,0.62266326,0.9166106,-0.014482498
2527,0.059070256,0.04847497,0.041819476,0.029970614,0.01725078,0.018504357
2528,0.03870494,0.044002112,0.019420572,0.016177963,0.019284368,0.027824149
2529,1.21218,0.38092503,0.5770762,0.41318822,0.6351038,-0.03226319
2530,0.94815063,0.43777627,0.5609745,0.41393214,0.38717616,0.023844123
2531,0.017267544,0.15716143,0.030373015,0.020644868,-0.013105471,0.13651656
2532,-0.02158217,0.13339524,0.02431836,0.013089379,-0.04590053,0.12030586
2533,0.23413742,0.19997929,0.11709625,0.08271755,0.11704116,0.11726174
2534,0.32331485,0.22185208,0.26547265,0.20488553,0.057842195,0.016966552
2535,0.12331892,0.0061805965,0.08248746,0.04252158,0.04083146,-0.036340985
2536,-0.025570206,0.018999597,0.009318877,0.007976288,-0.034889083,0.011023309
2537,0.65768963,0.23553765,0.3458095,0.21270369,0.31188014,0.022833958
2538,0.06490095,-0.021164646,0.048583463,0.030338153,0.016317487,-0.0515028
2539,1.0055201,0.3467267,0.49810383,0.34602365,0.50741625,0.0007030368
2540,1.1793119,0.46944794,0.5638201,0.41366443,0.61549175,0.05578351
2541,0.032033894,0.020663477,0.018954819,0.016237564,0.013079075,0.004425913
2542,1.0179989,0.3543612,0.4486246,0.29846403,0.5693743,0.055897176
2543,0.031353388,0.0029572614,0.02140538,0.008936432,0.009948008,-0.005979171
2544,0.9634191,0.34422773,0.46383268,0.3339855,0.4995864,0.010242224
2545,0.07811468,0.048863776,0.05563674,0.03730031,0.02247794,0.011563465
2546,0.26184878,0.08076182,0.083646595,0.0623002,0.17820218,0.018461619
2547,0.08295446,0.021980228,0.06184341,0.041863967,0.021111049,-0.019883739
2548,0.4316492,0.20702809,0.3115661,0.20761947,0.12008309,-0.0005913824
2549,0.8124839,0.3003775,0.3770929,0.28768167,0.435391,0.012695819
2550,0.060144875,0.109699436,0.030445583,0.02040638,0.029699292,0.089293055
2551,0.08003785,0.011770669,0.036699858,0.02979393,0.04333799,-0.01802326
2552,0.04151335,0.12556969,0.03684328,0.026583053,0.0046700686,0.09898663
2553,0.02019914,0.029179994,0.011237486,0.010910244,0.008961654,0.018269751
2554,1.1177577,0.4225045,0.6648905,0.43032357,0.45286715,-0.0078190565
2555,0.90345216,0.22550218,0.33749112,0.21053383,0.565961,0.0149683505
2556,0.07432923,0.047551155,0.05101568,0.03712902,0.023313548,0.010422137
2557,0.07171601,0.013085152,0.015541442,0.006648661,0.05617457,0.006436491
2558,0.08586425,0.004367436,0.016957678,0.010436773,0.068906575,-0.0060693375
2559,0.35028937,0.16695513,0.18834862,0.13859712,0.16194075,0.028358012
