cell,feature,selectivity,top1_share,struct_delta,top_aa
ckpt_mlm_s42_token:14,0,0.8264263467365323,0.911488048520853,0.10678092,C
ckpt_mlm_s42_token:14,1,0.10081610756406578,0.12977833381122936,0.013145566,H
ckpt_mlm_s42_token:14,2,0.5723871653402668,0.42576628074116674,0.0352168,G
ckpt_mlm_s42_token:14,3,0.6713922106816506,0.8087429894285082,0.0109449625,P
ckpt_mlm_s42_token:14,4,0.09138112473630722,0.14099474835952763,0.026561022,W
ckpt_mlm_s42_token:14,5,0.7977008499014795,0.8872167016247094,0.0016960204,P
ckpt_mlm_s42_token:14,6,0.6501719358560567,0.4789020722801051,0.054808438,F
ckpt_mlm_s42_token:14,7,0.5918660497948165,0.4982292240559281,0.064969584,I
ckpt_mlm_s42_token:14,8,0.18924025635517838,0.265187467908924,0.04642999,M
ckpt_mlm_s42_token:14,9,0.15161144217569955,0.17632393593960613,0.027083635,F
ckpt_mlm_s42_token:14,10,0.08398111492027638,0.13021799100605452,-0.03427565,W
ckpt_mlm_s42_token:14,11,0.09913604133283305,0.1127904996217303,-0.896044,C
ckpt_mlm_s42_token:14,12,0.7973241228806671,0.8914573269524525,0.029828817,Y
ckpt_mlm_s42_token:14,13,0.7434837430044101,0.8564782963430895,0.084715396,I
ckpt_mlm_s42_token:14,14,0.14695073726980923,0.18344575918849165,-0.012259483,W
ckpt_mlm_s42_token:14,15,0.5128347749835993,0.3425544648076415,0.0107624885,T
ckpt_mlm_s42_token:14,16,0.5718781838024436,0.5060420654435759,-0.017962132,D
ckpt_mlm_s42_token:14,17,0.09942325757501158,0.14028181068228743,-0.059675694,M
ckpt_mlm_s42_token:14,18,0.07558974164922905,0.13577997497065436,0.25207067,C
ckpt_mlm_s42_token:14,19,0.12298476637536127,0.12686036594052927,0.6579211,D
ckpt_mlm_s42_token:14,20,0.8727726277828323,0.9367373364783904,-0.05203122,E
ckpt_mlm_s42_token:14,21,0.08953165343225566,0.09562682840999195,0.031281054,H
ckpt_mlm_s42_token:14,22,0.6533524802752835,0.597519420095914,0.018588804,Q
ckpt_mlm_s42_token:14,23,0.11149338332254344,0.11602729261990559,-0.06943798,H
ckpt_mlm_s42_token:14,24,0.8993333969001062,0.9517984308679063,0.12225087,V
ckpt_mlm_s42_token:14,25,0.6321757914030837,0.5594410274244144,-0.007553618,P
ckpt_mlm_s42_token:14,26,0.1368095680994692,0.12946992626199214,0.01779437,H
ckpt_mlm_s42_token:14,27,0.7588983408996741,0.8687478023166181,0.01670079,H
ckpt_mlm_s42_token:14,28,0.5672672301618267,0.43388762196525904,0.08493228,H
ckpt_mlm_s42_token:14,29,0.18584275893208024,0.14475117554364977,0.08634126,V
ckpt_mlm_s42_token:14,30,0.13791199130738507,0.1059997038142599,0.024686337,A
ckpt_mlm_s42_token:14,31,0.7864922586522985,0.8825079517947801,0.01982005,A
ckpt_mlm_s42_token:14,32,0.5748399765284139,0.3783922664907451,-0.0013191565,N
ckpt_mlm_s42_token:14,33,0.45172777521192387,0.2572153801260301,0.01986022,G
ckpt_mlm_s42_token:14,34,0.13261007931077695,0.13810755372763459,0.011913061,W
ckpt_mlm_s42_token:14,35,0.06092490200646006,0.13300743289340422,0.11296153,W
ckpt_mlm_s42_token:14,36,0.5906445105295034,0.33642676677310357,-0.05325415,E
ckpt_mlm_s42_token:14,37,0.8532298671051866,0.9224030754654003,-0.058345977,E
ckpt_mlm_s42_token:14,38,0.5874848866565596,0.36954849102195336,0.19136393,I
ckpt_mlm_s42_token:14,39,0.7309291777201639,0.6807522415272333,-0.029600427,R
ckpt_mlm_s42_token:14,40,0.831513680773318,0.911672945560122,-0.023631353,D
ckpt_mlm_s42_token:14,41,0.5841826589759738,0.48480252253298717,-0.018438444,Q
ckpt_mlm_s42_token:14,42,0.07569450137736256,0.14341931671327834,-0.013077021,W
ckpt_mlm_s42_token:14,43,0.664030904633949,0.5189585359610089,0.104773834,V
ckpt_mlm_s42_token:14,44,0.790941735895283,0.8786354662480783,0.11909287,L
ckpt_mlm_s42_token:14,45,0.1545166068735877,0.13967631307779013,0.09899628,F
ckpt_mlm_s42_token:14,46,0.16524064873944555,0.18035427073829044,0.00089097023,E
ckpt_mlm_s42_token:14,47,0.43395160115643894,0.28113104032513386,-0.0010858141,G
ckpt_mlm_s42_token:14,48,0.07051613283132796,0.12352192691541325,-0.08691716,M
ckpt_mlm_s42_token:14,49,0.4792077106995989,0.47509042848522404,0.080207616,H
ckpt_mlm_s42_token:14,50,0.10241264114510806,0.11794694037032563,-0.18857098,M
ckpt_mlm_s42_token:14,51,0.092708246465385,0.11215797786843244,-0.00071012974,R
ckpt_mlm_s42_token:14,52,0.9116793670406776,0.9565793334645122,0.1269708,V
ckpt_mlm_s42_token:14,53,0.7616785014217533,0.6424084631978346,-0.010560239,R
ckpt_mlm_s42_token:14,54,0.9315964882007408,0.9699194801394421,0.025517255,H
ckpt_mlm_s42_token:14,55,0.8828119997524245,0.9456668979903481,0.0018759221,P
ckpt_mlm_s42_token:14,56,0.12778882529320634,0.18242414618036978,0.07987392,C
ckpt_mlm_s42_token:14,57,0.08665210971185333,0.10687835865558896,0.11200845,M
ckpt_mlm_s42_token:14,58,0.8708831502648857,0.9373282357744426,0.092774555,V
ckpt_mlm_s42_token:14,59,0.8355616049155435,0.9170286187985066,0.080108784,I
ckpt_mlm_s42_token:14,60,0.7352870033943832,0.8424032562460472,0.003717348,T
ckpt_mlm_s42_token:14,61,0.508455329322431,0.32573775184919607,-0.092681184,E
ckpt_mlm_s42_token:14,62,0.863889618459679,0.9345446020964195,-0.022868406,D
ckpt_mlm_s42_token:14,63,0.6702603667346134,0.5417418002460808,0.038058706,G
ckpt_mlm_s42_token:14,64,0.5411690247964545,0.36211798203561807,-0.022565095,G
ckpt_mlm_s42_token:14,65,0.8222479320881964,0.9074538066673482,-0.030601084,D
ckpt_mlm_s42_token:14,66,0.09030762615026977,0.1578299380215198,0.050222516,M
ckpt_mlm_s42_token:14,67,0.6524467055617417,0.5263010236597957,0.057236567,F
ckpt_mlm_s42_token:14,68,0.6278617356099696,0.6189625349564967,0.006832201,A
ckpt_mlm_s42_token:14,69,0.6316108141072062,0.7683430182049418,0.02648545,G
ckpt_mlm_s42_token:14,70,0.8479144601911133,0.9239883632285264,-0.03597328,Q
ckpt_mlm_s42_token:14,71,0.1541516638382694,0.17830601334219223,0.07057476,C
ckpt_mlm_s42_token:14,72,0.5956164476483545,0.4311193450878637,-0.009921903,A
ckpt_mlm_s42_token:14,73,0.6114077039381527,0.5462575643851526,0.016532756,H
ckpt_mlm_s42_token:14,74,0.6193704895109924,0.542785985789433,0.01927682,A
ckpt_mlm_s42_token:14,75,0.7420732572081932,0.8526245960270331,0.108131126,V
ckpt_mlm_s42_token:14,76,0.056485416035630176,0.10437177391422062,-0.058151245,Q
ckpt_mlm_s42_token:14,77,0.8551493369611379,0.9288693455595569,0.025739908,G
ckpt_mlm_s42_token:14,78,0.08625561310602081,0.09766532331185081,-0.013973951,Y
ckpt_mlm_s42_token:14,79,0.748958706070129,0.7554650116908798,-0.00032564253,A
ckpt_mlm_s42_token:14,80,0.8644949731728393,0.9318426129115939,0.10391355,I
ckpt_mlm_s42_token:14,81,0.20200156587539164,0.20156688369017642,-0.090619504,H
ckpt_mlm_s42_token:14,82,0.7107311543139108,0.6024520656726657,0.010402013,S
ckpt_mlm_s42_token:14,83,0.1262917079624869,0.14817212052202489,-0.025936365,M
ckpt_mlm_s42_token:14,84,0.3090915094890636,0.38573637535866795,0.17507994,W
ckpt_mlm_s42_token:14,85,0.5178521769865339,0.28208948951725216,-0.009102367,E
ckpt_mlm_s42_token:14,86,0.744513809024506,0.8649289167336207,0.099457085,C
ckpt_mlm_s42_token:14,87,0.08731216780802153,0.09716884604736159,0.035309076,H
ckpt_mlm_s42_token:14,88,0.406948629474723,0.552218646901921,0.05542779,C
ckpt_mlm_s42_token:14,89,0.5202919672254351,0.3285297108591697,0.0028204918,A
ckpt_mlm_s42_token:14,90,0.6360704188218167,0.4613334730085404,0.037234142,G
ckpt_mlm_s42_token:14,91,0.08955864200804386,0.10460934357048424,-0.00062549114,C
ckpt_mlm_s42_token:14,92,0.8281949562242885,0.9119032128157263,-0.035014503,Q
ckpt_mlm_s42_token:14,93,0.685707764835838,0.5837681949114246,-0.0032012495,T
ckpt_mlm_s42_token:14,94,0.6097328049718083,0.3890430825171599,0.03812956,P
ckpt_mlm_s42_token:14,95,0.7571722286560205,0.8635765884964013,-0.03366568,D
ckpt_mlm_s42_token:14,96,0.8578053834499111,0.917835612217052,0.03505943,G
ckpt_mlm_s42_token:14,97,0.1380036249490234,0.14215717757187366,-0.116966724,Q
ckpt_mlm_s42_token:14,98,0.5528902062941838,0.4793530981957743,0.021491043,N
ckpt_mlm_s42_token:14,99,0.5987085967111139,0.36705472302067993,-0.045617223,Y
ckpt_mlm_s42_token:14,100,0.7813172296641421,0.874927351903623,0.0099540055,Y
ckpt_mlm_s42_token:14,101,0.5768063763072171,0.7181011424881993,0.034041084,G
ckpt_mlm_s42_token:14,102,0.13060177653103278,0.12028594878743537,-0.020699501,T
ckpt_mlm_s42_token:14,103,0.9351140221311467,0.9710613915893617,0.110713884,I
ckpt_mlm_s42_token:14,104,0.4790406897310998,0.3663981896508896,0.017099928,N
ckpt_mlm_s42_token:14,105,0.6724776224360152,0.8041784055671644,-0.0070214123,P
ckpt_mlm_s42_token:14,106,0.18606068223359074,0.14212612571486466,-0.7284525,D
ckpt_mlm_s42_token:14,107,0.15913831690573632,0.2145942143977148,-0.016695023,F
ckpt_mlm_s42_token:14,108,0.7389212671293524,0.8533880037756794,0.10243909,I
ckpt_mlm_s42_token:14,109,0.6043582077956862,0.44624369664513786,-0.004596371,A
ckpt_mlm_s42_token:14,110,0.927417148862835,0.9686613655379926,0.04055064,M
ckpt_mlm_s42_token:14,111,0.5811342819511061,0.37383289384922247,-0.024054883,S
ckpt_mlm_s42_token:14,112,0.21020899439515206,0.2674161824617838,-0.02704084,C
ckpt_mlm_s42_token:14,113,0.6843009874764592,0.6012975092081672,0.059712715,A
ckpt_mlm_s42_token:14,114,0.8967852180150935,0.9501939889529697,-0.02837674,Q
ckpt_mlm_s42_token:14,115,0.8407100523167716,0.9184629548541375,-0.03865976,R
ckpt_mlm_s42_token:14,116,0.1585394173460246,0.22002327009116257,0.030867338,M
ckpt_mlm_s42_token:14,117,0.05609892973982811,0.10766373262001158,0.024376392,S
ckpt_mlm_s42_token:14,118,0.14295133004838567,0.17865096242010575,0.0020461082,W
ckpt_mlm_s42_token:14,119,0.6030857533181959,0.33189940061489526,-0.027378246,D
ckpt_mlm_s42_token:14,120,0.118789566432842,0.12289066562448349,-0.050751925,E
ckpt_mlm_s42_token:14,121,0.635057441041741,0.5312738901990555,0.03453144,G
ckpt_mlm_s42_token:14,122,0.10996072237181609,0.12881631455908263,0.016204119,H
ckpt_mlm_s42_token:14,123,0.12724280549862832,0.09914416348801386,-0.028012276,Q
ckpt_mlm_s42_token:14,124,0.6808009205576112,0.5353623853758309,-0.010443449,N
ckpt_mlm_s42_token:14,125,0.7600613710549952,0.869946253591713,0.19236743,C
ckpt_mlm_s42_token:14,126,0.6910733405377327,0.8250982580978078,0.045749396,W
ckpt_mlm_s42_token:14,127,0.6739341126958296,0.5869626753033231,-0.009105831,Q
ckpt_mlm_s42_token:14,128,0.6553307170056136,0.5008964207349287,0.012365762,N
ckpt_mlm_s42_token:14,129,0.09375037490989258,0.1523580102808867,-0.05950153,E
ckpt_mlm_s42_token:14,130,0.5442823339100602,0.7071945459044092,0.026374996,W
ckpt_mlm_s42_token:14,131,0.15663181114392033,0.20099397050659992,-0.065695405,C
ckpt_mlm_s42_token:14,132,0.5923473534941228,0.4767475855318409,0.019412056,Q
ckpt_mlm_s42_token:14,133,0.5299435361530362,0.4318789905393225,0.13529575,C
ckpt_mlm_s42_token:14,134,0.14731299518459318,0.15455185030875138,0.15327072,W
ckpt_mlm_s42_token:14,135,0.711805693967549,0.4863832832072927,0.010406207,T
ckpt_mlm_s42_token:14,136,0.05858699520546562,0.10103356635833625,0.03298366,H
ckpt_mlm_s42_token:14,137,0.12760053182913,0.1622420361203736,0.14407694,M
ckpt_mlm_s42_token:14,138,0.758566801275528,0.8662893412987426,-0.0012298375,H
ckpt_mlm_s42_token:14,139,0.16372397709264253,0.18462390557361258,-0.04417324,C
ckpt_mlm_s42_token:14,140,0.7950866019777163,0.8928174390062357,0.00062164664,S
ckpt_mlm_s42_token:14,141,0.11539838259000335,0.12300476480640624,0.012552977,F
ckpt_mlm_s42_token:14,142,0.7813267241710143,0.8847184463203344,0.106364876,C
ckpt_mlm_s42_token:14,143,0.5869137740747403,0.7299458878097393,-0.010637492,W
ckpt_mlm_s42_token:14,144,0.11021226196156941,0.14472926553882584,0.002687335,P
ckpt_mlm_s42_token:14,145,0.6560253419301374,0.6323604116043939,0.075349756,F
ckpt_mlm_s42_token:14,146,0.6224758514932418,0.502854758521418,0.03795547,G
ckpt_mlm_s42_token:14,147,0.8336120716138162,0.918412519692099,0.0047080666,H
ckpt_mlm_s42_token:14,148,0.06647094271119469,0.1057027814772235,0.04066217,H
ckpt_mlm_s42_token:14,149,0.07370147303919428,0.11781098521108987,0.06455457,H
ckpt_mlm_s42_token:14,150,0.9547012923731978,0.9810099821457451,0.11855806,I
ckpt_mlm_s42_token:14,151,0.14605379736299862,0.1424479506204669,-0.082772374,C
ckpt_mlm_s42_token:14,152,0.5914308344122367,0.4011425030211269,0.08891332,L
ckpt_mlm_s42_token:14,153,0.7853915845359651,0.8780367453993532,0.11909997,L
ckpt_mlm_s42_token:14,154,0.8757681408460561,0.9409468397783313,-0.00482285,H
ckpt_mlm_s42_token:14,155,0.11933908776052238,0.2044724780077485,0.18053067,M
ckpt_mlm_s42_token:14,156,0.17288199701411933,0.24001461265846594,0.07822204,M
ckpt_mlm_s42_token:14,157,0.6414878299540413,0.6455241761588812,-0.051958065,E
ckpt_mlm_s42_token:14,158,0.8292921736761878,0.9020873804644747,0.11377744,V
ckpt_mlm_s42_token:14,159,0.5665530073104741,0.4685256162517201,0.012358349,A
ckpt_mlm_s42_token:14,160,0.35105891381853005,0.21763671959615746,-0.037080653,D
ckpt_mlm_s42_token:14,161,0.07601639295987073,0.10871984560597048,-0.09015179,S
ckpt_mlm_s42_token:14,162,0.11503902805973254,0.16765835042316368,0.11683828,C
ckpt_mlm_s42_token:14,163,0.6485562804361267,0.503677865583877,0.19216919,V
ckpt_mlm_s42_token:14,164,0.06478638424760796,0.08978421273776586,-0.041226268,T
ckpt_mlm_s42_token:14,165,0.9616121145930587,0.9841166778278287,0.029441223,H
ckpt_mlm_s42_token:14,166,0.11319754988058006,0.12581952052743073,-0.019813895,W
ckpt_mlm_s42_token:14,167,0.7587471471517023,0.6011848811884535,0.03925223,P
ckpt_mlm_s42_token:14,168,0.08891360878212884,0.09868009631972202,-0.015377045,Q
ckpt_mlm_s42_token:14,169,0.7852834670357272,0.8754364521723039,0.01211673,A
ckpt_mlm_s42_token:14,170,0.8188443065531896,0.9106382269318416,-0.0024224073,N
ckpt_mlm_s42_token:14,171,0.9379831018995232,0.9740840438367273,0.017746545,N
ckpt_mlm_s42_token:14,172,0.809507077481766,0.9008477793528972,0.047670677,F
ckpt_mlm_s42_token:14,173,0.1251570385334324,0.12373639774395644,0.26221395,V
ckpt_mlm_s42_token:14,174,0.9192026589860905,0.9636797102582748,0.028889813,M
ckpt_mlm_s42_token:14,175,0.692439262738164,0.5234890436527746,-0.022066155,R
ckpt_mlm_s42_token:14,176,0.17773745680602782,0.19245803497561564,-0.00052559376,A
ckpt_mlm_s42_token:14,177,0.7291719443005065,0.5711134145814291,0.056492988,V
ckpt_mlm_s42_token:14,178,0.7375314463366078,0.8477803559154973,-0.012272641,Q
ckpt_mlm_s42_token:14,179,0.5473467940577581,0.385589829284036,0.07169507,W
ckpt_mlm_s42_token:14,180,0.7606986033047137,0.8664239016776734,-0.00069618225,P
ckpt_mlm_s42_token:14,181,0.09906397697568825,0.1541126026077177,0.012572527,W
ckpt_mlm_s42_token:14,182,0.7662421675409421,0.874719176820679,0.0051373243,H
ckpt_mlm_s42_token:14,183,0.6605038325539287,0.651610151579134,0.03445226,H
ckpt_mlm_s42_token:14,184,0.09594761745218217,0.1207529800346515,0.064041376,H
ckpt_mlm_s42_token:14,185,0.6600052928955094,0.47285961461530457,-0.044263475,E
ckpt_mlm_s42_token:14,186,0.16814125717310413,0.2243461279300732,-0.01904869,M
ckpt_mlm_s42_token:14,187,0.6528035691423861,0.5418253553946768,0.0039589964,A
ckpt_mlm_s42_token:14,188,0.759555504233493,0.8708395531337045,0.006050855,H
ckpt_mlm_s42_token:14,189,0.09939412110310197,0.14475086443821966,-0.08630538,Q
ckpt_mlm_s42_token:14,190,0.6842617269088389,0.6747041280204883,0.0033359155,S
ckpt_mlm_s42_token:14,191,0.6668485054785024,0.6046950744268318,0.11591479,L
ckpt_mlm_s42_token:14,192,0.5263735528314084,0.4623457590003256,0.124238,V
ckpt_mlm_s42_token:14,193,0.529194256810809,0.3961239618397369,0.033431783,T
ckpt_mlm_s42_token:14,194,0.1367280432883381,0.21184820448828748,0.376958,W
ckpt_mlm_s42_token:14,195,0.9819315172982573,0.993167074519276,-0.06138055,E
ckpt_mlm_s42_token:14,196,0.5993460888334375,0.7371399962452355,-0.0022435784,S
ckpt_mlm_s42_token:14,197,0.12089490592719143,0.19908205704853907,-0.031551957,W
ckpt_mlm_s42_token:14,198,0.5532263720851285,0.5158078187813847,-0.010771349,R
ckpt_mlm_s42_token:14,199,0.1030709728818876,0.16933879934932491,-0.06826651,W
ckpt_mlm_s42_token:14,200,0.955402337911409,0.9819505975912655,0.014789432,T
ckpt_mlm_s42_token:14,201,0.7189656494576089,0.8397253439436348,0.002255857,Q
ckpt_mlm_s42_token:14,202,0.508911292318884,0.28642866340413303,-0.007481687,A
ckpt_mlm_s42_token:14,203,0.6946249674973523,0.611011770108179,0.029093146,Y
ckpt_mlm_s42_token:14,204,0.08667416438155529,0.09297031935857637,0.08134031,N
ckpt_mlm_s42_token:14,205,0.10288857666090123,0.20054988699606813,-0.0417912,W
ckpt_mlm_s42_token:14,206,0.6008622410138809,0.5320319940508648,-0.05628366,E
ckpt_mlm_s42_token:14,207,0.5975749655669298,0.5615404527476067,0.018012164,A
ckpt_mlm_s42_token:14,208,0.6643996913249315,0.5404038437449918,0.046628,T
ckpt_mlm_s42_token:14,209,0.6676145029380329,0.4953448016191231,2.5454909e-05,S
ckpt_mlm_s42_token:14,210,0.20383984958153878,0.3225628084334117,-0.011390209,W
ckpt_mlm_s42_token:14,211,0.4780423236360615,0.31958452233505497,-0.053723373,K
ckpt_mlm_s42_token:14,212,0.5340820559522814,0.3705865836505725,-0.011485545,A
ckpt_mlm_s42_token:14,213,0.08468802773960316,0.12306084606676522,-0.56036997,W
ckpt_mlm_s42_token:14,214,0.09451170606627401,0.1425315852931787,-0.0075190067,W
ckpt_mlm_s42_token:14,215,0.9842044512166628,0.9943269758748184,0.040476672,G
ckpt_mlm_s42_token:14,216,0.9219158949429068,0.9651421908252664,0.031630456,G
ckpt_mlm_s42_token:14,217,0.5217649833345204,0.4702533191421413,0.07697858,F
ckpt_mlm_s42_token:14,218,0.7179961294733981,0.5558295991374701,-0.009586193,Q
ckpt_mlm_s42_token:14,219,0.7215812057339465,0.4937028543884455,0.032739647,W
ckpt_mlm_s42_token:14,220,0.07529403739683671,0.11228138930824644,-0.039340854,R
ckpt_mlm_s42_token:14,221,0.1264032335676789,0.1550806877131284,0.12001777,W
ckpt_mlm_s42_token:14,222,0.13274906093462846,0.1404470089170235,-0.05521846,W
ckpt_mlm_s42_token:14,223,0.14740649148154794,0.25303673287271006,0.22181106,C
ckpt_mlm_s42_token:14,224,0.06488963586797403,0.10454236185664663,0.00092709064,W
ckpt_mlm_s42_token:14,225,0.47417960224397215,0.29755367220022555,0.016714986,I
ckpt_mlm_s42_token:14,226,0.6558988334204365,0.47292044383887916,0.031812355,H
ckpt_mlm_s42_token:14,227,0.10723392181297231,0.09574799035178823,0.054061294,M
ckpt_mlm_s42_token:14,228,0.6048059068357967,0.5640739112183804,0.102624685,V
ckpt_mlm_s42_token:14,229,0.6629365188918179,0.542538848025826,-0.0074716844,A
ckpt_mlm_s42_token:14,230,0.8916834205538824,0.9458286718222408,0.017816734,A
ckpt_mlm_s42_token:14,231,0.5993920165824485,0.4523203501909516,0.047248743,N
ckpt_mlm_s42_token:14,232,0.7134663589216101,0.8378332851721741,0.08693263,I
ckpt_mlm_s42_token:14,233,0.5897957400848076,0.38044092586203826,-0.010736041,Q
ckpt_mlm_s42_token:14,234,0.7971634877926194,0.8849578755464744,0.11543618,L
ckpt_mlm_s42_token:14,235,0.7560444958530642,0.6456241178468453,-0.03698259,K
ckpt_mlm_s42_token:14,236,0.6425380368277804,0.5845856546661757,0.020578057,G
ckpt_mlm_s42_token:14,237,0.6036781050654738,0.5070984187891714,-0.0396341,Q
ckpt_mlm_s42_token:14,238,0.6955058096689277,0.5483436270516973,0.0528859,G
ckpt_mlm_s42_token:14,239,0.5447063067831979,0.39490464629650035,-0.012572552,N
ckpt_mlm_s42_token:14,240,0.7019613536230784,0.5187974765386197,0.01194448,Y
ckpt_mlm_s42_token:14,241,0.5774386733498069,0.41876269081282047,0.07756494,A
ckpt_mlm_s42_token:14,242,0.17108570770567322,0.2207943277506329,0.40847468,M
ckpt_mlm_s42_token:14,243,0.7378944497834795,0.6211375020448033,0.016982011,G
ckpt_mlm_s42_token:14,244,0.579906595536658,0.5340869235507574,-0.080745086,D
ckpt_mlm_s42_token:14,245,0.8312072654199703,0.9157354112167739,0.045856535,F
ckpt_mlm_s42_token:14,246,0.7391666335801985,0.6570460651954196,-0.022081587,R
ckpt_mlm_s42_token:14,247,0.13745092361156463,0.10286652497878096,-0.04956174,Q
ckpt_mlm_s42_token:14,248,0.7263728013438351,0.8455576446051409,0.009297177,P
ckpt_mlm_s42_token:14,249,0.20337045711723645,0.2509151239900852,-0.053378463,M
ckpt_mlm_s42_token:14,250,0.11593475537256603,0.12753319794438248,0.059100628,L
ckpt_mlm_s42_token:14,251,0.17094364225559944,0.21469121735923674,-0.036463022,M
ckpt_mlm_s42_token:14,252,0.23121491208913791,0.2476065758967311,-0.101881504,M
ckpt_mlm_s42_token:14,253,0.11220456721413552,0.11697674261094491,-0.058326602,R
ckpt_mlm_s42_token:14,254,0.09747712670894326,0.12269028253630952,-0.08035886,N
ckpt_mlm_s42_token:14,255,0.8635100842578673,0.9247866328076648,0.027257718,G
ckpt_mlm_s42_token:14,256,0.797187106267704,0.8940847464544355,0.011772156,T
ckpt_mlm_s42_token:14,257,0.5320818431076648,0.5151968044977784,-0.012343838,D
ckpt_mlm_s42_token:14,258,0.623523625089339,0.7666422386083885,-0.035541683,D
ckpt_mlm_s42_token:14,259,0.43820208091096813,0.28328217239602715,-0.054578662,K
ckpt_mlm_s42_token:14,260,0.9572926026150692,0.9825014213815341,0.013931621,A
ckpt_mlm_s42_token:14,261,0.21712449447837512,0.32457915527054176,-0.08105433,W
ckpt_mlm_s42_token:14,262,0.11634037434847755,0.12279051718578203,0.27124524,N
ckpt_mlm_s42_token:14,263,0.13401807766769414,0.21692761657134363,0.14152467,M
ckpt_mlm_s42_token:14,264,0.6012737640539445,0.41450203285714887,-0.017791513,K
ckpt_mlm_s42_token:14,265,0.5059754622047745,0.3497254657965087,0.037735555,Y
ckpt_mlm_s42_token:14,266,0.09989215310831256,0.13711565290549363,-0.0032721758,R
ckpt_mlm_s42_token:14,267,0.8757783825139441,0.9415542925964984,0.046881326,Y
ckpt_mlm_s42_token:14,268,0.8920287130667942,0.9495064311263284,-0.025895834,D
ckpt_mlm_s42_token:14,269,0.10214155235979805,0.11890184981263988,-0.25960398,N
ckpt_mlm_s42_token:14,270,0.5711420833415783,0.6112409995853924,0.00803205,S
ckpt_mlm_s42_token:14,271,0.6227890003651386,0.7349215374552133,0.004055321,H
ckpt_mlm_s42_token:14,272,0.7591992228329502,0.7307257494504449,0.01363685,T
ckpt_mlm_s42_token:14,273,0.6368346392170113,0.498888579809738,-0.043309636,E
ckpt_mlm_s42_token:14,274,0.8492922282597805,0.9250541196872099,-0.023516282,Q
ckpt_mlm_s42_token:14,275,0.11476006433564401,0.21541636482743828,-0.012532473,M
ckpt_mlm_s42_token:14,276,0.07123974604831262,0.10968934474510586,0.10282898,H
ckpt_mlm_s42_token:14,277,0.13517768848377365,0.19736897249009788,0.19405937,H
ckpt_mlm_s42_token:14,278,0.10514143508885876,0.12977985305950432,-0.3188436,H
ckpt_mlm_s42_token:14,279,0.1576371048148285,0.2454865203517559,0.13808656,W
ckpt_mlm_s42_token:14,280,0.14679146925378528,0.1904597796716934,0.6853125,H
ckpt_mlm_s42_token:14,281,0.733337135879563,0.5614210337189334,0.0054124556,A
ckpt_mlm_s42_token:14,282,0.6290397147217701,0.5188244832072744,0.12018048,L
ckpt_mlm_s42_token:14,283,0.6599389931597686,0.47039958380575475,-0.033056147,N
ckpt_mlm_s42_token:14,284,0.6118427720829024,0.4839167974240728,0.00681147,H
ckpt_mlm_s42_token:14,285,0.5801410997273926,0.42282725174150926,0.09697066,I
ckpt_mlm_s42_token:14,286,0.575846975720502,0.3790240581061519,0.17190912,L
ckpt_mlm_s42_token:14,287,0.09736143350517479,0.12368268078810385,0.10059166,C
ckpt_mlm_s42_token:14,288,0.4946286937522345,0.3360856917939248,-0.0034471974,G
ckpt_mlm_s42_token:14,289,0.605726653720924,0.456015107914135,-0.018785313,R
ckpt_mlm_s42_token:14,290,0.7811657701608715,0.8752895773335707,0.0481437,F
ckpt_mlm_s42_token:14,291,0.8038853791914691,0.8938724993661337,0.010081574,T
ckpt_mlm_s42_token:14,292,0.44349799057202577,0.3675526679498571,0.032239377,G
ckpt_mlm_s42_token:14,293,0.09340453449588848,0.16156502761803984,0.012244821,C
ckpt_mlm_s42_token:14,294,0.9844674554046856,0.9945666240623551,0.12505622,I
ckpt_mlm_s42_token:14,295,0.9115303729169015,0.9595687147802255,-0.025464304,Q
ckpt_mlm_s42_token:14,296,0.07108244684120668,0.11853045283717885,-0.024768353,K
ckpt_mlm_s42_token:14,297,0.7019629094046103,0.6135019740335426,-0.04498778,K
ckpt_mlm_s42_token:14,298,0.6293458097005207,0.6754217646715359,-0.02108419,Q
ckpt_mlm_s42_token:14,299,0.6421285966452637,0.644717578406545,0.11979895,V
ckpt_mlm_s42_token:14,300,0.10298656473812562,0.18388974431028912,0.38494372,C
ckpt_mlm_s42_token:14,301,0.7879448083808092,0.8855607490369741,-0.026216961,R
ckpt_mlm_s42_token:14,302,0.5793674475322443,0.4521052643629924,0.002561193,S
ckpt_mlm_s42_token:14,303,0.6010407627364742,0.7462614546950321,0.022513896,P
ckpt_mlm_s42_token:14,304,0.802919944914841,0.8844634174411901,0.014670059,A
ckpt_mlm_s42_token:14,305,0.6893806382379037,0.8228147674549643,0.012926891,T
ckpt_mlm_s42_token:14,306,0.6007347567977935,0.3933749310401771,-0.0046698563,G
ckpt_mlm_s42_token:14,307,0.6669433831105664,0.6013776617016106,0.08889203,V
ckpt_mlm_s42_token:14,308,0.6798702459296246,0.8088322944644816,-0.032331645,D
ckpt_mlm_s42_token:14,309,0.5924041136526745,0.3868680695877499,0.026000444,G
ckpt_mlm_s42_token:14,310,0.1467302391160793,0.206650903158485,0.054171324,W
ckpt_mlm_s42_token:14,311,0.08763379272013916,0.10202710670041099,0.06485307,L
ckpt_mlm_s42_token:14,312,0.7054204534216807,0.5110214327571708,0.014492219,S
ckpt_mlm_s42_token:14,313,0.13515499510220463,0.21197031343920775,-0.04383886,C
ckpt_mlm_s42_token:14,314,0.6226036843795626,0.47241401574978514,0.050217036,T
ckpt_mlm_s42_token:14,315,0.1849970369743389,0.2568960586834984,0.1970706,W
ckpt_mlm_s42_token:14,316,0.6224791496083203,0.7711029556269322,0.05045435,F
ckpt_mlm_s42_token:14,317,0.203042911045344,0.2325397130854141,0.13633108,W
ckpt_mlm_s42_token:14,318,0.0653890835486779,0.07967424861824333,-0.022367835,A
ckpt_mlm_s42_token:14,319,0.517074204291432,0.3773479806736135,0.0641491,L
ckpt_mlm_s42_token:14,320,0.7453253771971253,0.8511123047736906,0.021179114,A
ckpt_mlm_s42_token:14,321,0.1332674635512675,0.16234013733093375,0.06717074,Q
ckpt_mlm_s42_token:14,322,0.6770698973640559,0.6122260893096896,-0.012274519,Q
ckpt_mlm_s42_token:14,323,0.5811698145053368,0.343245982878555,0.033175174,S
ckpt_mlm_s42_token:14,324,0.7620172899307432,0.8653658172028355,0.09556359,C
ckpt_mlm_s42_token:14,325,0.5799870018997169,0.7277012698162341,0.10791057,W
ckpt_mlm_s42_token:14,326,0.10595900972706485,0.1058601556183317,-0.038580656,N
ckpt_mlm_s42_token:14,327,0.6931370806745594,0.5319542018521752,-0.03448731,K
ckpt_mlm_s42_token:14,328,0.10969260154844374,0.10848409593693883,0.005746603,A
ckpt_mlm_s42_token:14,329,0.6899914383525343,0.8177232331439377,-0.03363383,Q
ckpt_mlm_s42_token:14,330,0.10947970935724438,0.10442638346819531,-0.066919565,S
ckpt_mlm_s42_token:14,331,0.771716461196324,0.8733999682985703,-0.012299821,R
ckpt_mlm_s42_token:14,332,0.5010264268841065,0.28048841939269953,-0.053571623,E
ckpt_mlm_s42_token:14,333,0.5212828483353378,0.4166340679796688,0.060636867,I
ckpt_mlm_s42_token:14,334,0.14865270805953168,0.17611153025265444,0.013218045,C
ckpt_mlm_s42_token:14,335,0.13543478346525373,0.19172717593116986,-0.20570862,W
ckpt_mlm_s42_token:14,336,0.09596104633650826,0.10953507558855297,0.012001991,M
ckpt_mlm_s42_token:14,337,0.7666333678791906,0.87676361303433,0.115711436,C
ckpt_mlm_s42_token:14,338,0.13948945793845657,0.18535782997653932,0.22425663,W
ckpt_mlm_s42_token:14,339,0.09281518001027733,0.09159942941898916,0.27685487,H
ckpt_mlm_s42_token:14,340,0.3807355846109012,0.2514499849909224,-0.027082859,P
ckpt_mlm_s42_token:14,341,0.8214715690862793,0.9065375453341427,-0.023620378,D
ckpt_mlm_s42_token:14,342,0.17719596831168294,0.1950549957932268,0.06622815,C
ckpt_mlm_s42_token:14,343,0.5520150052224682,0.7114296157654645,0.11896087,L
ckpt_mlm_s42_token:14,344,0.6484001958898544,0.49111321121855467,0.02593702,H
ckpt_mlm_s42_token:14,345,0.5021453916646024,0.506244973580718,0.03373611,M
ckpt_mlm_s42_token:14,346,0.14369416458197914,0.16031245667107444,0.11794019,S
ckpt_mlm_s42_token:14,347,0.7712515299321135,0.8784414582581861,0.038255483,Y
ckpt_mlm_s42_token:14,348,0.9297933317283312,0.9693171667299236,0.020278744,T
ckpt_mlm_s42_token:14,349,0.7003651594313216,0.6784262419784955,0.101702884,V
ckpt_mlm_s42_token:14,350,0.09314489489391742,0.10759492393546498,0.09844649,M
ckpt_mlm_s42_token:14,351,0.07963592912886264,0.11289367900600213,0.043462157,W
ckpt_mlm_s42_token:14,352,0.53718950498235,0.39092703076113167,0.13940282,L
ckpt_mlm_s42_token:14,353,0.10408770610049878,0.12149580223327906,-0.0745002,C
ckpt_mlm_s42_token:14,354,0.08677253798647588,0.09736773802047301,-0.051454365,F
ckpt_mlm_s42_token:14,355,0.05292972272858498,0.11962449646932757,0.31866598,C
ckpt_mlm_s42_token:14,356,0.11397036291115026,0.11307612168013734,0.10169232,F
ckpt_mlm_s42_token:14,357,0.13121368811068168,0.10967120740693083,0.0740335,R
ckpt_mlm_s42_token:14,358,0.3401700387816765,0.48561562323428403,5.00679e-06,H
ckpt_mlm_s42_token:14,359,0.5235977632715669,0.3310337344251783,0.042015128,G
ckpt_mlm_s42_token:14,360,0.7441425499446519,0.8560060084072805,-0.024940223,R
ckpt_mlm_s42_token:14,361,0.11088691440074694,0.206361832054924,0.021310687,W
ckpt_mlm_s42_token:14,362,0.5684678691491014,0.435369677896958,-0.06334042,E
ckpt_mlm_s42_token:14,363,0.5985225548303145,0.39292337937493177,-0.029788135,S
ckpt_mlm_s42_token:14,364,0.8852422843121789,0.937830186539133,0.113383554,V
ckpt_mlm_s42_token:14,365,0.5711013242774666,0.3938012270836406,-0.008031211,D
ckpt_mlm_s42_token:14,366,0.619664232288393,0.4785663204170818,0.01053831,C
ckpt_mlm_s42_token:14,367,0.12482616703743354,0.10025326608322102,-0.00021612644,M
ckpt_mlm_s42_token:14,368,0.5811361087282271,0.7425708170797244,0.0561226,C
ckpt_mlm_s42_token:14,369,0.1282761578676227,0.16658742053772363,0.20853853,F
ckpt_mlm_s42_token:14,370,0.11984876689117663,0.18849539635607987,0.15256453,M
ckpt_mlm_s42_token:14,371,0.1697043671989571,0.19841704258811915,0.041677,M
ckpt_mlm_s42_token:14,372,0.13266637798344416,0.1841049272710829,0.05392742,C
ckpt_mlm_s42_token:14,373,0.9422453748848562,0.9761382857492013,0.11204072,L
ckpt_mlm_s42_token:14,374,0.7596827566088256,0.863311293117501,0.016587004,Y
ckpt_mlm_s42_token:14,375,0.6171851903613104,0.5563347588594203,0.022523757,A
ckpt_mlm_s42_token:14,376,0.6013101941495009,0.7539113585022337,-0.0012376904,W
ckpt_mlm_s42_token:14,377,0.8559014571178432,0.928889608539368,0.026085414,Y
ckpt_mlm_s42_token:14,378,0.5011125103083314,0.3284281306051127,0.14951801,L
ckpt_mlm_s42_token:14,379,0.7655353795986184,0.8674630445084665,-0.024585709,R
ckpt_mlm_s42_token:14,380,0.08303296788816183,0.18792720109473923,-0.03556478,C
ckpt_mlm_s42_token:14,381,0.9637104204013508,0.9864194463962497,0.27407372,C
ckpt_mlm_s42_token:14,382,0.621850004475283,0.5456067431314298,0.14414865,V
ckpt_mlm_s42_token:14,383,0.09563127108018421,0.13782461829440198,0.08722997,H
ckpt_mlm_s42_token:14,384,0.6440295805082898,0.5088987428677735,0.04901205,C
ckpt_mlm_s42_token:14,385,0.6709661117002121,0.7997333875349282,0.00222224,S
ckpt_mlm_s42_token:14,386,0.5976298884717319,0.5166734960030814,-0.00032231212,Y
ckpt_mlm_s42_token:14,387,0.1361060772580368,0.16407152348325948,-0.02264595,Y
ckpt_mlm_s42_token:14,388,0.7058744122644336,0.5849014471179044,0.042876046,G
ckpt_mlm_s42_token:14,389,0.9212467748522667,0.9659140412733674,-0.025662297,D
ckpt_mlm_s42_token:14,390,0.9255311338341528,0.9657006841565833,0.03393427,G
ckpt_mlm_s42_token:14,391,0.5851011905899359,0.44734759530938273,0.018172354,W
ckpt_mlm_s42_token:14,392,0.623963284242887,0.4698994810690976,0.053887736,S
ckpt_mlm_s42_token:14,393,0.8562751364271202,0.9290458029227975,-0.04550148,K
ckpt_mlm_s42_token:14,394,0.5677470720909982,0.4079043063214377,0.1312168,V
ckpt_mlm_s42_token:14,395,0.15909906484531688,0.24792235323767858,0.16444552,C
ckpt_mlm_s42_token:14,396,0.13217703116049417,0.2121376693042242,0.015283227,W
ckpt_mlm_s42_token:14,397,0.5584340519051356,0.5586095021220608,0.05155316,F
ckpt_mlm_s42_token:14,398,0.6752773193770577,0.8007955588969135,-0.030062497,D
ckpt_mlm_s42_token:14,399,0.7213638906936815,0.6694982715866222,0.013118766,P
ckpt_mlm_s42_token:14,400,0.8876790198051681,0.9445418443781056,-0.000899408,S
ckpt_mlm_s42_token:14,401,0.12069085966548299,0.1174286994573959,-0.030533552,Q
ckpt_mlm_s42_token:14,402,0.48873697302247576,0.6635840263047005,0.04705876,M
ckpt_mlm_s42_token:14,403,0.09941793898672424,0.13051367835710223,-0.11908722,C
ckpt_mlm_s42_token:14,404,0.8920225468287866,0.9476240711467911,0.1154186,L
ckpt_mlm_s42_token:14,405,0.6927482992000782,0.5985529891360195,0.055198994,A
ckpt_mlm_s42_token:14,406,0.10077118907347482,0.17829267701598203,0.056449294,W
ckpt_mlm_s42_token:14,407,0.08770641234616405,0.1611641874161144,0.08253515,C
ckpt_mlm_s42_token:14,408,0.41945361880554466,0.2464140162104168,0.06856045,Y
ckpt_mlm_s42_token:14,409,0.9090174022259607,0.9568673219351457,-0.059819683,E
ckpt_mlm_s42_token:14,410,0.10690546144710422,0.16011007638097385,0.06058228,M
ckpt_mlm_s42_token:14,411,0.7099558623733173,0.6124339097417392,-0.0021920893,A
ckpt_mlm_s42_token:14,412,0.11025538794475787,0.15616670193257645,0.06782377,H
ckpt_mlm_s42_token:14,413,0.9603963041412077,0.984055315040541,0.10578844,I
ckpt_mlm_s42_token:14,414,0.6266188396506936,0.459305592811692,0.0015246794,A
ckpt_mlm_s42_token:14,415,0.49306912353644716,0.3193544935856774,0.011125043,P
ckpt_mlm_s42_token:14,416,0.17646533924449892,0.2720619821309591,-0.06652224,W
ckpt_mlm_s42_token:14,417,0.7859789365520504,0.8855336071394807,0.07022191,I
ckpt_mlm_s42_token:14,418,0.19641694173473367,0.27543193211401334,1.1825414,C
ckpt_mlm_s42_token:14,419,0.5535402891972996,0.4140798114931943,-0.0004722029,D
ckpt_mlm_s42_token:14,420,0.799651903033251,0.8951122524564994,0.14184225,C
ckpt_mlm_s42_token:14,421,0.7281015962006637,0.6937213876155459,-0.047309015,E
ckpt_mlm_s42_token:14,422,0.8602759526142936,0.9255860819109705,0.114208646,L
ckpt_mlm_s42_token:14,423,0.7744471978455154,0.8777832489156165,0.053824306,F
ckpt_mlm_s42_token:14,424,0.11882484474660704,0.18237935497047564,0.0066068172,M
ckpt_mlm_s42_token:14,425,0.6639286022979407,0.6661391726726038,0.021569062,G
ckpt_mlm_s42_token:14,426,0.17308246843561215,0.13653533597825865,0.052464962,S
ckpt_mlm_s42_token:14,427,0.10539980343923405,0.16262795301440908,0.38672924,C
ckpt_mlm_s42_token:14,428,0.11762239612174374,0.1762434733658304,0.11057174,M
ckpt_mlm_s42_token:14,429,0.4991703641195586,0.2928638018138151,-0.01225643,T
ckpt_mlm_s42_token:14,430,0.0952642434911366,0.11797569744247259,-0.018083334,L
ckpt_mlm_s42_token:14,431,0.5294980793522293,0.39420749120545784,0.027939644,G
ckpt_mlm_s42_token:14,432,0.9043432394476488,0.9554312645403016,0.025495846,G
ckpt_mlm_s42_token:14,433,0.09589614155880954,0.09981151911495123,-0.01763606,D
ckpt_mlm_s42_token:14,434,0.7080641673290431,0.5319248443791608,-0.0028633457,T
ckpt_mlm_s42_token:14,435,0.09617857732075896,0.13423774158488785,-0.011400104,H
ckpt_mlm_s42_token:14,436,0.8290769723784444,0.9127031540682473,0.013374522,N
ckpt_mlm_s42_token:14,437,0.08964880083706273,0.12012226184643304,-0.4350958,R
ckpt_mlm_s42_token:14,438,0.5046358858150664,0.4239744073332517,-0.019013818,D
ckpt_mlm_s42_token:14,439,0.13560394977985235,0.17449293426450294,0.036675215,W
ckpt_mlm_s42_token:14,440,0.700849549782262,0.8328797855190201,0.032108635,M
ckpt_mlm_s42_token:14,441,0.8955888684743436,0.9481973941965394,-0.048938207,K
ckpt_mlm_s42_token:14,442,0.6988675610697459,0.6372215682078421,0.014210727,S
ckpt_mlm_s42_token:14,443,0.12611702571536298,0.17662418354380893,-0.00271523,W
ckpt_mlm_s42_token:14,444,0.4760945504101384,0.3872905662550595,0.009827264,S
ckpt_mlm_s42_token:14,445,0.9217399261534188,0.9648285036347772,0.014012052,T
ckpt_mlm_s42_token:14,446,0.5539415052784428,0.367920201392025,0.0008958094,N
ckpt_mlm_s42_token:14,447,0.7857287032482255,0.8888514621766566,0.020327747,M
ckpt_mlm_s42_token:14,448,0.6917594134631345,0.8112974563560454,0.13541386,V
ckpt_mlm_s42_token:14,449,0.6522139352125631,0.5334532077825195,-0.0046527702,G
ckpt_mlm_s42_token:14,450,0.9632891066055307,0.9858901264516418,0.019670907,T
ckpt_mlm_s42_token:14,451,0.0933068174233227,0.11134589526814566,0.088190675,H
ckpt_mlm_s42_token:14,452,0.7212254260009396,0.5426310374076645,-0.004941823,D
ckpt_mlm_s42_token:14,453,0.1367165204895604,0.18088240050047039,0.34842777,L
ckpt_mlm_s42_token:14,454,0.09747622574756387,0.1329841660899933,0.047884226,C
ckpt_mlm_s42_token:14,455,0.77567292242934,0.8793115194084146,0.10175329,V
ckpt_mlm_s42_token:14,456,0.5760626049839166,0.4042404486575146,-0.02517669,D
ckpt_mlm_s42_token:14,457,0.0729538979122043,0.10592584103502554,0.10898733,F
ckpt_mlm_s42_token:14,458,0.12500080405867908,0.12035171609623238,-0.14161658,M
ckpt_mlm_s42_token:14,459,0.11246853657951317,0.11686111228916446,0.035475492,M
ckpt_mlm_s42_token:14,460,0.7186508114825465,0.5091342142343896,0.07509442,A
ckpt_mlm_s42_token:14,461,0.11911140438565215,0.1427844301197187,0.006587982,W
ckpt_mlm_s42_token:14,462,0.836358910667848,0.9018369552296037,0.11546381,L
ckpt_mlm_s42_token:14,463,0.16256732056527867,0.2188031018047284,0.09903133,C
ckpt_mlm_s42_token:14,464,0.6310457140298483,0.7719506434695735,0.03139527,Y
ckpt_mlm_s42_token:14,465,0.5799910694388696,0.43314222790989776,0.006670829,N
ckpt_mlm_s42_token:14,466,0.8165977723238684,0.9021071973240617,-0.060576726,E
ckpt_mlm_s42_token:14,467,0.8797439328179828,0.9384796441543789,0.11839157,L
ckpt_mlm_s42_token:14,468,0.12995121056247982,0.1396058720999068,-0.045134664,S
ckpt_mlm_s42_token:14,469,0.7381801947938507,0.5427968460398312,0.06976872,A
ckpt_mlm_s42_token:14,470,0.8197162049566162,0.9083442139473856,0.00614658,P
ckpt_mlm_s42_token:14,471,0.11461657324162189,0.14838210110296912,0.0069600344,W
ckpt_mlm_s42_token:14,472,0.12257406484889821,0.1448069547375226,-0.039539218,H
ckpt_mlm_s42_token:14,473,0.9845305403387667,0.9946483090202003,0.12100094,I
ckpt_mlm_s42_token:14,474,0.6425250442616789,0.4602207429197851,0.014766419,P
ckpt_mlm_s42_token:14,475,0.6506704916870609,0.6005177696067534,0.014820255,Y
ckpt_mlm_s42_token:14,476,0.12535410371869793,0.1377940266733588,0.018584967,C
ckpt_mlm_s42_token:14,477,0.8020909217872045,0.8866557605840789,-0.056161344,E
ckpt_mlm_s42_token:14,478,0.9116921585242058,0.9574285537142476,0.115179576,L
ckpt_mlm_s42_token:14,479,0.8127094990451252,0.8974433630042292,0.025762156,G
ckpt_mlm_s42_token:14,480,0.09899836266535378,0.10737348721972445,0.15827978,Q
ckpt_mlm_s42_token:14,481,0.5912422817333083,0.48520024437618975,-0.049539417,K
ckpt_mlm_s42_token:14,482,0.09051386918154536,0.11645332403623344,0.007929206,A
ckpt_mlm_s42_token:14,483,0.9569794259409152,0.9822616108129866,0.120672286,I
ckpt_mlm_s42_token:14,484,0.6526751930180732,0.6844720850117925,-0.020127613,D
ckpt_mlm_s42_token:14,485,0.7045506609231884,0.8380902923369137,0.021913797,H
ckpt_mlm_s42_token:14,486,0.07848947222148572,0.14847599734603534,-0.0061182976,C
ckpt_mlm_s42_token:14,487,0.48516220753301276,0.2799432794994029,0.12612054,V
ckpt_mlm_s42_token:14,488,0.5912218289873002,0.41081690117321695,-0.07210583,K
ckpt_mlm_s42_token:14,489,0.1455756984493921,0.13148078827139204,0.07598746,H
ckpt_mlm_s42_token:14,490,0.5827593511184983,0.42396665066537936,-0.048380077,P
ckpt_mlm_s42_token:14,491,0.11512482283440839,0.1047097818270221,0.022654891,I
ckpt_mlm_s42_token:14,492,0.12391240432435646,0.1315027382484308,0.11468339,C
ckpt_mlm_s42_token:14,493,0.10434271569625442,0.14818109206163785,0.036259174,C
ckpt_mlm_s42_token:14,494,0.5731014042165835,0.726138935356664,0.00035968423,M
ckpt_mlm_s42_token:14,495,0.6236634668326156,0.5461368257037748,0.008409843,M
ckpt_mlm_s42_token:14,496,0.9458325636660783,0.9762176941668999,0.03909183,G
ckpt_mlm_s42_token:14,497,0.6391343000791885,0.6573296684134572,-0.047110684,K
ckpt_mlm_s42_token:14,498,0.9764287149620886,0.9912418170768367,0.075986244,F
ckpt_mlm_s42_token:14,499,0.49621167034407365,0.31503503536022603,0.019919287,Y
ckpt_mlm_s42_token:14,500,0.09742361381714415,0.11688807188742975,0.04594159,F
ckpt_mlm_s42_token:14,501,0.6685311946363311,0.8087490015855409,-0.025063485,Q
ckpt_mlm_s42_token:14,502,0.6653233587312588,0.5809098196709616,0.010198243,S
ckpt_mlm_s42_token:14,503,0.6877084833892434,0.8188719074799096,0.12087411,V
ckpt_mlm_s42_token:14,504,0.8040926099224579,0.8800165242383521,0.03543412,G
ckpt_mlm_s42_token:14,505,0.10914547134107921,0.1279324260578611,0.1798861,C
ckpt_mlm_s42_token:14,506,0.14836239477534974,0.195449055216983,0.055413485,C
ckpt_mlm_s42_token:14,507,0.8016187547295933,0.890897561733412,0.03643404,G
ckpt_mlm_s42_token:14,508,0.7135437598117652,0.5347934753023394,0.1150578,L
ckpt_mlm_s42_token:14,509,0.13420536264079896,0.15446847766363034,0.07588172,N
ckpt_mlm_s42_token:14,510,0.4949939511640934,0.3403753360292986,0.05077727,T
ckpt_mlm_s42_token:14,511,0.12634763144671712,0.1518022201011948,0.07102281,W
ckpt_mlm_s42_token:14,512,0.1367690331799054,0.12062136484059796,0.03639865,H
ckpt_mlm_s42_token:14,513,0.14372880813983313,0.20375889300367542,0.10670352,W
ckpt_mlm_s42_token:14,514,0.5875099594048159,0.7528142789664474,0.0099546015,W
ckpt_mlm_s42_token:14,515,0.11393785711013316,0.11599333802899682,-0.07682395,F
ckpt_mlm_s42_token:14,516,0.1790559189881057,0.17882643497530165,-0.23331666,C
ckpt_mlm_s42_token:14,517,0.12076396553547974,0.14271582384247927,0.16054511,W
ckpt_mlm_s42_token:14,518,0.5926010324154882,0.4349188861091842,-0.014179856,G
ckpt_mlm_s42_token:14,519,0.08610342950304284,0.09055768649204694,0.055663347,A
ckpt_mlm_s42_token:14,520,0.6728917197661917,0.5720803867442246,0.12848793,L
ckpt_mlm_s42_token:14,521,0.4894555581624588,0.31630314871203874,0.03730233,G
ckpt_mlm_s42_token:14,522,0.5743568716706157,0.4028624201305795,0.20086572,I
ckpt_mlm_s42_token:14,523,0.7350917662202218,0.6599167113730072,-0.0016250089,A
ckpt_mlm_s42_token:14,524,0.7029571465323525,0.5158391824574166,-0.014204279,S
ckpt_mlm_s42_token:14,525,0.7352762855920477,0.8121347696842235,-0.047450304,E
ckpt_mlm_s42_token:14,526,0.9022119799959475,0.9533397417235446,-0.057498246,K
ckpt_mlm_s42_token:14,527,0.6061013595477506,0.5299130654033882,-0.009407224,S
ckpt_mlm_s42_token:14,528,0.6780062563325638,0.6015776951531879,0.0037750453,D
ckpt_mlm_s42_token:14,529,0.14257924959213675,0.2354905026047947,-0.019219756,C
ckpt_mlm_s42_token:14,530,0.08969326357390284,0.10196481530148895,-0.011772752,H
ckpt_mlm_s42_token:14,531,0.6892264580660494,0.6452385513489671,-0.050381627,K
ckpt_mlm_s42_token:14,532,0.13342681030821424,0.22394198058919715,0.23495555,W
ckpt_mlm_s42_token:14,533,0.08738259540435367,0.0898107822648514,-0.0023730993,M
ckpt_mlm_s42_token:14,534,0.13313257954083346,0.1442732867140129,0.06560588,C
ckpt_mlm_s42_token:14,535,0.12369161205712786,0.165860080459223,0.07210553,M
ckpt_mlm_s42_token:14,536,0.659748914478302,0.48676604754045855,0.054287553,G
ckpt_mlm_s42_token:14,537,0.1231953235405453,0.20815594090053327,0.080139875,C
ckpt_mlm_s42_token:14,538,0.23387400373123912,0.3141757986874513,-0.012593269,C
ckpt_mlm_s42_token:14,539,0.14462030440167728,0.15834600369099727,0.06866503,W
ckpt_mlm_s42_token:14,540,0.8203245172168971,0.9071109207866305,-0.019640364,D
ckpt_mlm_s42_token:14,541,0.6152173988928415,0.577745532401126,0.114274494,L
ckpt_mlm_s42_token:14,542,0.666416722964071,0.8072948407112324,0.035052955,F
ckpt_mlm_s42_token:14,543,0.6641930773166972,0.8053700332934661,-0.013352454,H
ckpt_mlm_s42_token:14,544,0.4349833555883633,0.43148576553140955,0.059804052,M
ckpt_mlm_s42_token:14,545,0.15559133972249417,0.15111282135751836,1.2389975,S
ckpt_mlm_s42_token:14,546,0.5320494803867811,0.3904227206686542,-0.053144306,K
ckpt_mlm_s42_token:14,547,0.6262444455978564,0.4710657009736005,0.09885944,L
ckpt_mlm_s42_token:14,548,0.8393403016812326,0.9192270779203555,-0.023288108,D
ckpt_mlm_s42_token:14,549,0.8685606472477225,0.9348631327276595,-0.009266242,S
ckpt_mlm_s42_token:14,550,0.9259648978407292,0.9651069144892139,0.115397595,L
ckpt_mlm_s42_token:14,551,0.12894706179054505,0.10691036925304162,-0.03843558,D
ckpt_mlm_s42_token:14,552,0.9582538812203889,0.9817090576965712,0.11361375,L
ckpt_mlm_s42_token:14,553,0.19594626519546998,0.2460328974944683,0.36441708,C
ckpt_mlm_s42_token:14,554,0.8052990186566175,0.8797152272801873,0.015584946,S
ckpt_mlm_s42_token:14,555,0.08321477045120529,0.15686307907130254,-0.0662626,W
ckpt_mlm_s42_token:14,556,0.6179930371089452,0.4994321694993123,-0.03258082,Q
ckpt_mlm_s42_token:14,557,0.1327962231828954,0.10385751206449188,0.18031716,L
ckpt_mlm_s42_token:14,558,0.14345696216185477,0.19104275543628646,0.36114812,C
ckpt_mlm_s42_token:14,559,0.9095136055363761,0.9558122958406239,0.12106974,V
ckpt_mlm_s42_token:14,560,0.7309504272657885,0.6162061311763238,0.036053564,G
ckpt_mlm_s42_token:14,561,0.585443379923302,0.3938558051241113,0.033103466,Q
ckpt_mlm_s42_token:14,562,0.5432683937611709,0.4729066910383237,-0.028695064,K
ckpt_mlm_s42_token:14,563,0.6091247595639573,0.4525421509763971,0.011832766,Q
ckpt_mlm_s42_token:14,564,0.5241461157143266,0.37638569229117574,0.08314675,L
ckpt_mlm_s42_token:14,565,0.1744989324544154,0.28083518978409694,-0.026596367,C
ckpt_mlm_s42_token:14,566,0.10865484880735476,0.1228902616964478,0.3408103,L
ckpt_mlm_s42_token:14,567,0.6632984561640931,0.8041417573316673,0.054174855,F
ckpt_mlm_s42_token:14,568,0.7446177033065475,0.8545342315803567,-0.02303736,R
ckpt_mlm_s42_token:14,569,0.34091809169325116,0.1891959098198386,0.018346736,Y
ckpt_mlm_s42_token:14,570,0.1061796173077153,0.10868417925473169,0.10452926,I
ckpt_mlm_s42_token:14,571,0.07905114065145225,0.14133796596597584,0.08701587,C
ckpt_mlm_s42_token:14,572,0.4967665935227715,0.43746481162815354,-0.024898142,D
ckpt_mlm_s42_token:14,573,0.7708908781838402,0.8756126511900298,-0.018611886,R
ckpt_mlm_s42_token:14,574,0.1363701399402487,0.1813641678858021,-0.009158611,M
ckpt_mlm_s42_token:14,575,0.14581466153066713,0.1723117954090142,-0.074641824,C
ckpt_mlm_s42_token:14,576,0.11902498413257312,0.14702513757784036,-0.048637748,H
ckpt_mlm_s42_token:14,577,0.06733638138829023,0.08015015367979893,0.015030861,R
ckpt_mlm_s42_token:14,578,0.0942602784955684,0.11480288288333637,0.015800238,W
ckpt_mlm_s42_token:14,579,0.11860801373587426,0.22051778867536287,0.0061666965,W
ckpt_mlm_s42_token:14,580,0.6382936438047764,0.7708230874746095,0.118661426,L
ckpt_mlm_s42_token:14,581,0.6844763205841321,0.5592490399331176,0.08696742,L
ckpt_mlm_s42_token:14,582,0.13570013835185735,0.1782974373318029,-0.0062633157,C
ckpt_mlm_s42_token:14,583,0.5997836654822509,0.36094568711884867,0.014536219,G
ckpt_mlm_s42_token:14,584,0.8793550822269194,0.9432997418283016,-0.018985152,Q
ckpt_mlm_s42_token:14,585,0.7216058428146942,0.8348067645817823,0.0144391805,P
ckpt_mlm_s42_token:14,586,0.44571428403361957,0.6186531797391127,0.040875316,M
ckpt_mlm_s42_token:14,587,0.07779786078396544,0.1207871922154668,-0.011875629,H
ckpt_mlm_s42_token:14,588,0.9158995420722454,0.960975334565034,0.015483145,T
ckpt_mlm_s42_token:14,589,0.8153960716016325,0.9013568793544754,-0.0017579086,S
ckpt_mlm_s42_token:14,590,0.8359639570120652,0.907315725211956,0.11557204,L
ckpt_mlm_s42_token:14,591,0.16043401343426267,0.2322941155288064,-0.06096649,W
ckpt_mlm_s42_token:14,592,0.11707840392039626,0.1367243422530595,0.001192689,T
ckpt_mlm_s42_token:14,593,0.6984411404754931,0.5995315654880269,-0.043655317,E
ckpt_mlm_s42_token:14,594,0.5583920447467559,0.3683177793249799,0.050685685,V
ckpt_mlm_s42_token:14,595,0.437790037070931,0.22858821594044307,0.035437346,N
ckpt_mlm_s42_token:14,596,0.5695863010448892,0.3732120057510631,0.002956614,Q
ckpt_mlm_s42_token:14,597,0.5791121825765512,0.49697551626356923,0.049979813,T
ckpt_mlm_s42_token:14,598,0.11692290404884265,0.13666335271857982,0.0801419,H
ckpt_mlm_s42_token:14,599,0.5105570575157142,0.2882246508162096,0.021318588,G
ckpt_mlm_s42_token:14,600,0.14690608174473008,0.21247592305229093,-0.054558992,W
ckpt_mlm_s42_token:14,601,0.6699726157339585,0.5488677341287173,0.0071812198,S
ckpt_mlm_s42_token:14,602,0.5955248570697493,0.3715839652643407,-0.066263765,S
ckpt_mlm_s42_token:14,603,0.6349050735032311,0.5798518937695145,0.121319875,L
ckpt_mlm_s42_token:14,604,0.09035484318027942,0.15318602687245328,-0.35184336,W
ckpt_mlm_s42_token:14,605,0.13756229289968303,0.12933706319083907,-0.05833006,F
ckpt_mlm_s42_token:14,606,0.7385340506332115,0.7105114448061278,-0.046829436,K
ckpt_mlm_s42_token:14,607,0.8207422835298074,0.9018077846021889,0.11034389,L
ckpt_mlm_s42_token:14,608,0.8407440067061125,0.9178405863610244,-0.0133680105,Q
ckpt_mlm_s42_token:14,609,0.14185341997100753,0.1307652169987708,0.03136921,W
ckpt_mlm_s42_token:14,610,0.09400139155475762,0.13288155696214973,0.0062009096,P
ckpt_mlm_s42_token:14,611,0.7197310417731867,0.839098707200306,0.08263187,I
ckpt_mlm_s42_token:14,612,0.7579056155737459,0.6473704540837681,0.0023345947,A
ckpt_mlm_s42_token:14,613,0.7358928368851126,0.5968485193594466,0.020141367,G
ckpt_mlm_s42_token:14,614,0.582649450701004,0.3906147301159965,0.061188065,P
ckpt_mlm_s42_token:14,615,0.19194869529828795,0.233033953426945,0.088502645,C
ckpt_mlm_s42_token:14,616,0.7413999484117659,0.6090217257619328,0.007316366,A
ckpt_mlm_s42_token:14,617,0.6030792892254704,0.5349011776491592,-0.047335558,K
ckpt_mlm_s42_token:14,618,0.6044986721440171,0.3451372391331755,0.10383811,A
ckpt_mlm_s42_token:14,619,0.3551534762020768,0.20916524634233608,-0.056383207,T
ckpt_mlm_s42_token:14,620,0.12324269652627384,0.14826347092605735,0.06340599,W
ckpt_mlm_s42_token:14,621,0.09255335303310575,0.11335193839214797,0.058597565,M
ckpt_mlm_s42_token:14,622,0.09216223145938063,0.1291100915656303,0.024274588,M
ckpt_mlm_s42_token:14,623,0.11398023198243346,0.0931510294021501,-0.021114588,P
ckpt_mlm_s42_token:14,624,0.11679859609701604,0.17435422419798483,0.08508074,C
ckpt_mlm_s42_token:14,625,0.1366237620377353,0.1393100510186733,-0.096307755,P
ckpt_mlm_s42_token:14,626,0.723729438622984,0.8469568002923998,0.00948067,N
ckpt_mlm_s42_token:14,627,0.13167969136886715,0.1691201894874919,-0.077647924,C
ckpt_mlm_s42_token:14,628,0.7189356735492674,0.49098190468344405,-0.003583707,P
ckpt_mlm_s42_token:14,629,0.8129352108611752,0.8976875731055847,-0.05867438,E
ckpt_mlm_s42_token:14,630,0.5819898412550192,0.7264173342969592,0.0799696,I
ckpt_mlm_s42_token:14,631,0.09891556488710007,0.13984326060102778,0.02056241,C
ckpt_mlm_s42_token:14,632,0.10824281858360063,0.14514168231099958,0.09248936,H
ckpt_mlm_s42_token:14,633,0.49307773445009284,0.4481761534297838,-0.0010250658,S
ckpt_mlm_s42_token:14,634,0.11016696973692941,0.10975135943974564,0.04804516,P
ckpt_mlm_s42_token:14,635,0.5920495066669405,0.36851269063786757,-0.06739608,K
ckpt_mlm_s42_token:14,636,0.8638685217957134,0.9310416674135069,-0.058970626,E
ckpt_mlm_s42_token:14,637,0.9285707041350705,0.9705025463313246,0.047527075,W
ckpt_mlm_s42_token:14,638,0.12898646034732086,0.12839666367224076,-0.07431054,W
ckpt_mlm_s42_token:14,639,0.12411698576914276,0.13141324951516412,-0.049179792,H
ckpt_mlm_s42_token:14,640,0.5579748290874891,0.4459885141134664,0.10662517,I
ckpt_mlm_s42_token:14,641,0.628967038872707,0.5985897707693867,-0.024815502,K
ckpt_mlm_s42_token:14,642,0.6187624810524042,0.4077755650314402,0.022874612,G
ckpt_mlm_s42_token:14,643,0.612178618421567,0.46027999952538057,-0.059057735,E
ckpt_mlm_s42_token:14,644,0.09741368277175055,0.17461100347206365,0.17518473,C
ckpt_mlm_s42_token:14,645,0.5480532984647011,0.3848492320869973,-0.013407511,P
ckpt_mlm_s42_token:14,646,0.6675658773563061,0.6255221764342785,0.100815214,V
ckpt_mlm_s42_token:14,647,0.6274046039073176,0.5772293232692829,0.06469177,C
ckpt_mlm_s42_token:14,648,0.06968952027600195,0.09961366183893675,0.0018104315,F
ckpt_mlm_s42_token:14,649,0.6856888828870137,0.5512330752863943,-0.023086706,R
ckpt_mlm_s42_token:14,650,0.13294214886456324,0.10671855269728281,0.046231866,A
ckpt_mlm_s42_token:14,651,0.10661099868318524,0.15587146635413465,0.024131298,H
ckpt_mlm_s42_token:14,652,0.10923676239451396,0.09937729617063396,-0.026566029,K
ckpt_mlm_s42_token:14,653,0.7464633578009909,0.6919224666357517,0.044861153,A
ckpt_mlm_s42_token:14,654,0.12094908450879349,0.15393075923659713,0.23338413,W
ckpt_mlm_s42_token:14,655,0.11315306171636719,0.17101498578921878,0.04834342,W
ckpt_mlm_s42_token:14,656,0.10250944902943093,0.1682049008609893,0.084757924,C
ckpt_mlm_s42_token:14,657,0.6814074061189461,0.6031672863858819,0.013288775,S
ckpt_mlm_s42_token:14,658,0.4373494158202139,0.22965914113498143,-0.036875088,R
ckpt_mlm_s42_token:14,659,0.7173923975797498,0.4919142801486936,-0.033808596,A
ckpt_mlm_s42_token:14,660,0.13596327816896725,0.22927654229706876,-0.20093238,C
ckpt_mlm_s42_token:14,661,0.10588939013393994,0.12268157367455074,-0.07928538,W
ckpt_mlm_s42_token:14,662,0.8396368684158722,0.920155196308857,0.00071851164,Y
ckpt_mlm_s42_token:14,663,0.11944006370652005,0.10784964301649856,-0.08009493,F
ckpt_mlm_s42_token:14,664,0.8902532414830413,0.946606982563089,0.031185262,G
ckpt_mlm_s42_token:14,665,0.6218490569678852,0.46234335216323835,0.03548757,T
ckpt_mlm_s42_token:14,666,0.8783270485866322,0.9420003355634642,0.002222538,S
ckpt_mlm_s42_token:14,667,0.5893290960132315,0.4880520987074227,-0.051163897,E
ckpt_mlm_s42_token:14,668,0.7082297646243634,0.5949157680578345,0.14560762,L
ckpt_mlm_s42_token:14,669,0.7292957174732364,0.6771742920240326,-0.031565756,P
ckpt_mlm_s42_token:14,670,0.11283116399619864,0.10812678094204374,0.07291317,M
ckpt_mlm_s42_token:14,671,0.6138297475620751,0.46197001062600834,-0.029962843,D
ckpt_mlm_s42_token:14,672,0.6105374901480782,0.5561576927679587,0.018835068,T
ckpt_mlm_s42_token:14,673,0.612215343990341,0.47981849033419793,-0.0003632009,S
ckpt_mlm_s42_token:14,674,0.6880251009528555,0.5815990009844395,0.0861793,V
ckpt_mlm_s42_token:14,675,0.11391437200397991,0.1212110632159789,0.08783746,M
ckpt_mlm_s42_token:14,676,0.09640832975602676,0.20992197124881828,0.063129544,C
ckpt_mlm_s42_token:14,677,0.8393716009152229,0.9209944151555294,0.11424957,V
ckpt_mlm_s42_token:14,678,0.844061260019399,0.9257602858060521,-0.02154705,Q
ckpt_mlm_s42_token:14,679,0.5522335049352093,0.3352552789136711,0.043397985,F
ckpt_mlm_s42_token:14,680,0.09878519455236001,0.11031646333331563,0.040775895,W
ckpt_mlm_s42_token:14,681,0.15430951848318908,0.19096107648038926,0.11413431,C
ckpt_mlm_s42_token:14,682,0.09733730114854588,0.14398422547824555,0.035120726,W
ckpt_mlm_s42_token:14,683,0.7015488479272529,0.6122888716715208,0.11339782,I
ckpt_mlm_s42_token:14,684,0.7780461800236609,0.8801270988194085,0.027994007,H
ckpt_mlm_s42_token:14,685,0.6995363628199964,0.5368820267811771,0.021685857,A
ckpt_mlm_s42_token:14,686,0.8346652895059179,0.9150042559561785,0.006875403,P
ckpt_mlm_s42_token:14,687,0.8561988831907642,0.930811465776027,-0.000364922,P
ckpt_mlm_s42_token:14,688,0.1310132251434175,0.18286114891264027,0.033762455,M
ckpt_mlm_s42_token:14,689,0.676640312945002,0.5105843493344843,0.011796303,P
ckpt_mlm_s42_token:14,690,0.42689403853832164,0.31416307970640067,0.021807278,T
ckpt_mlm_s42_token:14,691,0.1309662019979183,0.13755419225305515,-0.021347046,E
ckpt_mlm_s42_token:14,692,0.5970692574577006,0.4844725667696133,0.0019092374,A
ckpt_mlm_s42_token:14,693,0.10297365790611013,0.15231451065565987,0.027465582,W
ckpt_mlm_s42_token:14,694,0.5201832217272873,0.3356196865114869,-0.016087512,S
ckpt_mlm_s42_token:14,695,0.716738833939379,0.6376876909520278,-0.0012157736,T
ckpt_mlm_s42_token:14,696,0.7495594900142655,0.6885475229847818,0.11978092,L
ckpt_mlm_s42_token:14,697,0.6246854001991723,0.7779698190705938,-0.002036795,S
ckpt_mlm_s42_token:14,698,0.14291782114659746,0.12285838812094196,0.053686142,W
ckpt_mlm_s42_token:14,699,0.6876943377400953,0.8151700430191159,-0.030777752,D
ckpt_mlm_s42_token:14,700,0.07558064944594223,0.14511339031828138,0.0586946,H
ckpt_mlm_s42_token:14,701,0.9290309521018949,0.9695583534511022,-0.051722094,K
ckpt_mlm_s42_token:14,702,0.8365660061940863,0.9126923583704427,-0.053967007,E
ckpt_mlm_s42_token:14,703,0.8225268238173645,0.9072751556249915,0.029014558,G
ckpt_mlm_s42_token:14,704,0.2790057949632757,0.43556324928478957,-0.02375698,C
ckpt_mlm_s42_token:14,705,0.7515873120764373,0.8549333717929979,0.015657328,A
ckpt_mlm_s42_token:14,706,0.24307060551520343,0.31073058534585113,1.5005486,Y
ckpt_mlm_s42_token:14,707,0.6184196664960222,0.39131405233807504,0.1067756,A
ckpt_mlm_s42_token:14,708,0.10638590877518428,0.17144748806998925,0.010613203,W
ckpt_mlm_s42_token:14,709,0.701172133333089,0.5579773738226337,0.05974798,Y
ckpt_mlm_s42_token:14,710,0.6705726181225471,0.6416477633868993,-0.025067843,K
ckpt_mlm_s42_token:14,711,0.8142404989408845,0.9043211038323107,0.11340447,V
ckpt_mlm_s42_token:14,712,0.14352531971257154,0.12481338785689901,-0.03096807,I
ckpt_mlm_s42_token:14,713,0.0643830134842186,0.09851242348542501,0.030336142,N
ckpt_mlm_s42_token:14,714,0.5155111760666462,0.28165624116922283,0.027537568,Y
ckpt_mlm_s42_token:14,715,0.6923857113497578,0.49312535602867863,0.06312971,T
ckpt_mlm_s42_token:14,716,0.6571106856415264,0.798096241842617,0.024023294,W
ckpt_mlm_s42_token:14,717,0.7797884471068841,0.8769037669658678,0.11360566,L
ckpt_mlm_s42_token:14,718,0.4552020999847628,0.33064547319501125,0.053895585,M
ckpt_mlm_s42_token:14,719,0.7208151858867387,0.8370857929233169,-0.02425205,D
ckpt_mlm_s42_token:14,720,0.7118425733206006,0.833345036290877,-0.02014631,Q
ckpt_mlm_s42_token:14,721,0.8143424976681266,0.8851210364416149,0.016437575,A
ckpt_mlm_s42_token:14,722,0.06770937416956857,0.11998893941310879,0.009572625,D
ckpt_mlm_s42_token:14,723,0.4620924432720578,0.3542121749709192,0.098898426,Y
ckpt_mlm_s42_token:14,724,0.6567342078530932,0.4827620147833994,0.01674579,H
ckpt_mlm_s42_token:14,725,0.1310661727976168,0.14700498830131492,0.16537356,F
ckpt_mlm_s42_token:14,726,0.5666551663830923,0.3635567944037961,-0.044509333,T
ckpt_mlm_s42_token:14,727,0.6267072098809118,0.6109484950288495,0.016205635,T
ckpt_mlm_s42_token:14,728,0.15241806387755574,0.22809605734287056,0.26087654,C
ckpt_mlm_s42_token:14,729,0.962613889848386,0.9849715893663273,0.008001681,P
ckpt_mlm_s42_token:14,730,0.6892492049571384,0.8051120434086253,0.07368009,F
ckpt_mlm_s42_token:14,731,0.5208794652777924,0.4078513057516505,-0.014961032,R
ckpt_mlm_s42_token:14,732,0.19026560862378183,0.20105515590632014,-0.25616992,E
ckpt_mlm_s42_token:14,733,0.09743244456097122,0.11002070343466688,0.04243064,H
ckpt_mlm_s42_token:14,734,0.13572745998914837,0.1641660468578123,0.0972352,H
ckpt_mlm_s42_token:14,735,0.9123493745216102,0.9609905831156847,-0.05218135,K
ckpt_mlm_s42_token:14,736,0.17619575830948364,0.23527384691037337,-0.08410007,W
ckpt_mlm_s42_token:14,737,0.5257706530143376,0.29891212556505986,-0.053699195,N
ckpt_mlm_s42_token:14,738,0.7336951677485837,0.8459716674956503,-0.0047302023,S
ckpt_mlm_s42_token:14,739,0.6068664288580312,0.516462157251139,0.056198746,W
ckpt_mlm_s42_token:14,740,0.09565338429717385,0.10659998002566604,0.09074366,H
ckpt_mlm_s42_token:14,741,0.17282733223732338,0.177298783924943,0.28543055,I
ckpt_mlm_s42_token:14,742,0.6219416845301552,0.46222497574279214,0.10806232,L
ckpt_mlm_s42_token:14,743,0.6461513630629825,0.7361586433892161,0.11926145,L
ckpt_mlm_s42_token:14,744,0.4978329569263099,0.33088453043945387,0.016895456,H
ckpt_mlm_s42_token:14,745,0.11348677214982628,0.15356035689356648,0.028659582,C
ckpt_mlm_s42_token:14,746,0.07642508077669463,0.13689593209692566,-0.0582875,M
ckpt_mlm_s42_token:14,747,0.8100663354093222,0.9027676018867745,2.5898218e-05,N
ckpt_mlm_s42_token:14,748,0.7116730941350646,0.5354171086146255,0.12827918,L
ckpt_mlm_s42_token:14,749,0.15801510481940217,0.20037585125479832,-0.11864388,W
ckpt_mlm_s42_token:14,750,0.7136343615212961,0.8265532630555091,0.0005803853,P
ckpt_mlm_s42_token:14,751,0.43875996506121884,0.2547778718057881,-0.016277336,A
ckpt_mlm_s42_token:14,752,0.7169716949882308,0.610905978779248,-0.025366586,R
ckpt_mlm_s42_token:14,753,0.6274600249411401,0.47313815997971304,-0.041966442,S
ckpt_mlm_s42_token:14,754,0.6009218181175588,0.48670377186731784,0.03533955,H
ckpt_mlm_s42_token:14,755,0.7265053618477714,0.6120826006322341,-0.03138076,K
ckpt_mlm_s42_token:14,756,0.5326052366376983,0.40014161484780536,0.12503837,L
ckpt_mlm_s42_token:14,757,0.09297777342022329,0.15096913094395525,0.09415531,H
ckpt_mlm_s42_token:14,758,0.06599060347217511,0.13332220116706794,0.06565523,C
ckpt_mlm_s42_token:14,759,0.5152526146058077,0.3472956535388392,-0.017584836,D
ckpt_mlm_s42_token:14,760,0.6250988347123403,0.5226567744562498,-0.0026983842,N
ckpt_mlm_s42_token:14,761,0.5052368427168824,0.2534414081321538,-0.006770864,V
ckpt_mlm_s42_token:14,762,0.793147145452975,0.852717370566101,0.08707033,I
ckpt_mlm_s42_token:14,763,0.15858136745725715,0.20438372122004267,-0.01869142,C
ckpt_mlm_s42_token:14,764,0.12927987767564253,0.10716351795100329,0.024297237,Q
ckpt_mlm_s42_token:14,765,0.7367696877530475,0.7109828800025787,-0.045415312,E
ckpt_mlm_s42_token:14,766,0.08437438818590792,0.16120545070021222,0.082075596,W
ckpt_mlm_s42_token:14,767,0.8011940652325302,0.890054866243288,-0.04607314,E
ckpt_mlm_s42_token:14,768,0.8707410426681295,0.9319375264674715,0.09034172,I
ckpt_mlm_s42_token:14,769,0.5531376329121117,0.5641946714999574,0.008017443,S
ckpt_mlm_s42_token:14,770,0.12973579735213137,0.15996314843592424,0.028139234,M
ckpt_mlm_s42_token:14,771,0.4629677324052617,0.2800222724694557,-0.0441791,R
ckpt_mlm_s42_token:14,772,0.13890537281174542,0.11909601350976107,0.17186046,F
ckpt_mlm_s42_token:14,773,0.5892082908917254,0.3981745537436411,-0.010369945,D
ckpt_mlm_s42_token:14,774,0.10475300249322217,0.20651319413366948,0.048151374,C
ckpt_mlm_s42_token:14,775,0.6421604758235688,0.5884526547593684,0.02423016,Y
ckpt_mlm_s42_token:14,776,0.11958010227092053,0.11612771024970672,-0.019168377,W
ckpt_mlm_s42_token:14,777,0.8503173883356284,0.9204338636194789,-0.05221978,K
ckpt_mlm_s42_token:14,778,0.5616075154362652,0.4676210640176705,0.025045864,P
ckpt_mlm_s42_token:14,779,0.1351581099895014,0.14464446460132283,0.0066884756,F
ckpt_mlm_s42_token:14,780,0.7589806681697151,0.8620727874979932,0.12052945,L
ckpt_mlm_s42_token:14,781,0.9138660466751098,0.9594539327913186,-0.0023558997,P
ckpt_mlm_s42_token:14,782,0.09166907736754637,0.15652798919770486,-0.033403397,C
ckpt_mlm_s42_token:14,783,0.8275011754559204,0.9104705388309235,-0.054248627,E
ckpt_mlm_s42_token:14,784,0.694548538643655,0.6888006208330241,-0.045359276,K
ckpt_mlm_s42_token:14,785,0.8903627171734094,0.9495269182003789,0.0040938705,P
ckpt_mlm_s42_token:14,786,0.4398006160430985,0.2595326945521103,-0.04803727,E
ckpt_mlm_s42_token:14,787,0.1988357464583289,0.28759113021409655,-0.06229925,C
ckpt_mlm_s42_token:14,788,0.8435344714696456,0.9215604405819244,0.0938836,I
ckpt_mlm_s42_token:14,789,0.18878305406091422,0.287019530091504,0.05788064,M
ckpt_mlm_s42_token:14,790,0.8677428275740506,0.935978905871703,0.028692693,G
ckpt_mlm_s42_token:14,791,0.12996455895222592,0.1628954886412892,0.32170534,W
ckpt_mlm_s42_token:14,792,0.5566774046712932,0.4840825870600673,0.047687035,F
ckpt_mlm_s42_token:14,793,0.1824492287146643,0.1802947992146182,0.06355512,T
ckpt_mlm_s42_token:14,794,0.9183280686220276,0.9629477838129332,0.0026117116,S
ckpt_mlm_s42_token:14,795,0.8273658616213871,0.9148826846585669,0.15707284,C
ckpt_mlm_s42_token:14,796,0.6430717467770884,0.5105419163832788,0.028446421,P
ckpt_mlm_s42_token:14,797,0.10539700073174885,0.14378762836921102,0.15554881,T
ckpt_mlm_s42_token:14,798,0.6648275526359171,0.5597523290365153,0.020762827,G
ckpt_mlm_s42_token:14,799,0.9818296560742095,0.9935528459979487,0.11843753,I
ckpt_mlm_s42_token:14,800,0.15372641025121103,0.2136817128825896,0.0065591335,H
ckpt_mlm_s42_token:14,801,0.7578126186598046,0.8410427546105423,0.005645789,T
ckpt_mlm_s42_token:14,802,0.6206912352893048,0.49170661134227917,0.018111398,T
ckpt_mlm_s42_token:14,803,0.5778218180248083,0.41781413725490124,-0.05196905,K
ckpt_mlm_s42_token:14,804,0.8310605824585184,0.9128249286177224,0.07799282,I
ckpt_mlm_s42_token:14,805,0.729349935533109,0.5738772077229098,0.019834649,G
ckpt_mlm_s42_token:14,806,0.5427610447210868,0.38206579148154163,0.15715249,L
ckpt_mlm_s42_token:14,807,0.6892219832716716,0.4991643953693138,0.039126474,A
ckpt_mlm_s42_token:14,808,0.955528982277085,0.9812753801710258,0.017406367,A
ckpt_mlm_s42_token:14,809,0.11526718480598408,0.16474977793322446,0.055903077,M
ckpt_mlm_s42_token:14,810,0.6667098365238058,0.8085519979134913,0.052516878,F
ckpt_mlm_s42_token:14,811,0.7081976085218357,0.5376341798589712,-0.032149706,Q
ckpt_mlm_s42_token:14,812,0.08882824779967002,0.09879903402321794,0.22421062,W
ckpt_mlm_s42_token:14,813,0.7070225687360303,0.8320507894059458,0.0056782216,Q
ckpt_mlm_s42_token:14,814,0.7559356295541021,0.6236385747050484,0.10308484,L
ckpt_mlm_s42_token:14,815,0.08796434400096276,0.14622367995100818,-0.019794583,M
ckpt_mlm_s42_token:14,816,0.09937662178985895,0.12946467035169065,-0.00045275688,W
ckpt_mlm_s42_token:14,817,0.6192798336056775,0.42561811584295445,-0.013466425,S
ckpt_mlm_s42_token:14,818,0.7881425818111705,0.8872637769629491,-0.025693536,R
ckpt_mlm_s42_token:14,819,0.1607843285022803,0.21778947232227586,0.3341533,M
ckpt_mlm_s42_token:14,820,0.9735762069205427,0.9900051416509643,0.013920531,N
ckpt_mlm_s42_token:14,821,0.10332437666104555,0.10458226902294601,0.06264317,Q
ckpt_mlm_s42_token:14,822,0.08965833834004111,0.11267360736131003,-0.09640229,S
ckpt_mlm_s42_token:14,823,0.2095268117656105,0.3293608138196818,0.056513548,C
ckpt_mlm_s42_token:14,824,0.14639235632200887,0.1359918569829348,0.030503511,H
ckpt_mlm_s42_token:14,825,0.9207471560068903,0.9637217325063171,-0.06242487,K
ckpt_mlm_s42_token:14,826,0.9088855084709061,0.9581218288052656,-0.02616581,R
ckpt_mlm_s42_token:14,827,0.679039995994851,0.8132219025292802,0.02123195,Y
ckpt_mlm_s42_token:14,828,0.8039148869081899,0.8958676947048502,0.024333492,T
ckpt_mlm_s42_token:14,829,0.5210910857011739,0.40093507717477794,-0.009809133,Q
ckpt_mlm_s42_token:14,830,0.5249396760838836,0.3659464840605874,-0.022896823,F
ckpt_mlm_s42_token:14,831,0.6999428395007682,0.822688182383473,-0.008481801,Q
ckpt_mlm_s42_token:14,832,0.10825147196658025,0.10328031462719446,-0.0038229227,P
ckpt_mlm_s42_token:14,833,0.8747675968862682,0.9390752912086141,0.110093124,V
ckpt_mlm_s42_token:14,834,0.8329695235900432,0.9046569877906665,0.011330478,A
ckpt_mlm_s42_token:14,835,0.5854943718645018,0.41039629665128047,0.030928906,P
ckpt_mlm_s42_token:14,836,0.14982679835112345,0.14896274494951964,0.2463696,Y
ckpt_mlm_s42_token:14,837,0.5638077653762127,0.4227420606791173,0.02967238,P
ckpt_mlm_s42_token:14,838,0.06193935084042235,0.08770405158215201,0.027038932,M
ckpt_mlm_s42_token:14,839,0.10707377629442472,0.10894965125504227,0.026010752,M
ckpt_mlm_s42_token:14,840,0.8120294974944143,0.9014955525149133,0.14986968,C
ckpt_mlm_s42_token:14,841,0.13477728947434553,0.15006218453741466,0.058959484,C
ckpt_mlm_s42_token:14,842,0.12056553148474236,0.15546862167021383,0.15021396,C
ckpt_mlm_s42_token:14,843,0.2058954818843055,0.31367172777029306,0.12924826,C
ckpt_mlm_s42_token:14,844,0.10993155627745799,0.1354579014647542,-0.0537529,L
ckpt_mlm_s42_token:14,845,0.3912535671028847,0.1875338798895797,0.09206451,P
ckpt_mlm_s42_token:14,846,0.5648746047279126,0.4127672158748467,-0.015065964,Q
ckpt_mlm_s42_token:14,847,0.1587348552273904,0.25343945015334846,0.25751662,W
ckpt_mlm_s42_token:14,848,0.12260773063415209,0.14615890337383156,0.016358733,C
ckpt_mlm_s42_token:14,849,0.8425162749131587,0.915641123157204,0.009673145,P
ckpt_mlm_s42_token:14,850,0.7305723425499562,0.7608526928000966,0.016353358,P
ckpt_mlm_s42_token:14,851,0.6456339706674312,0.5146796762580514,-0.044803016,E
ckpt_mlm_s42_token:14,852,0.8505836298848184,0.9243886867331408,0.008103564,S
ckpt_mlm_s42_token:14,853,0.8023480861749672,0.8968173646480663,0.11018394,V
ckpt_mlm_s42_token:14,854,0.12313514877288367,0.16093326248884798,0.059032798,W
ckpt_mlm_s42_token:14,855,0.6801234784452028,0.5312471676196342,-0.024600554,R
ckpt_mlm_s42_token:14,856,0.6328477511151582,0.4565632575106629,0.02625963,G
ckpt_mlm_s42_token:14,857,0.16982661519621445,0.2528792241933183,-0.036146164,W
ckpt_mlm_s42_token:14,858,0.7164629640805281,0.49722752437899675,0.016554847,T
ckpt_mlm_s42_token:14,859,0.5700820017317139,0.39780199216509554,0.024900667,N
ckpt_mlm_s42_token:14,860,0.710139060469627,0.5501581114009787,0.008074187,S
ckpt_mlm_s42_token:14,861,0.8796694313062307,0.9434816092729951,0.016838372,H
ckpt_mlm_s42_token:14,862,0.10651180366638502,0.10257786674883082,0.035872817,G
ckpt_mlm_s42_token:14,863,0.5882257877405153,0.40279098186808404,0.042493194,P
ckpt_mlm_s42_token:14,864,0.11737201264354591,0.17205929780680376,0.078344464,C
ckpt_mlm_s42_token:14,865,0.1352344258892012,0.1733370492223624,-0.0068101883,F
ckpt_mlm_s42_token:14,866,0.8175545660697036,0.9026616076742295,0.0026088953,S
ckpt_mlm_s42_token:14,867,0.6969940406389715,0.5316111740317819,0.001197841,N
ckpt_mlm_s42_token:14,868,0.5516096180464276,0.3358794342423941,0.049308263,F
ckpt_mlm_s42_token:14,869,0.1317332532778509,0.15149462377916306,-0.13795161,M
ckpt_mlm_s42_token:14,870,0.7072422673077607,0.6753080069897452,0.022972792,T
ckpt_mlm_s42_token:14,871,0.6447713368551589,0.4819430531415891,0.0725319,L
ckpt_mlm_s42_token:14,872,0.7063489934018743,0.4936013333238661,-0.031523183,K
ckpt_mlm_s42_token:14,873,0.9466267692235096,0.9775452870595787,-0.05974977,K
ckpt_mlm_s42_token:14,874,0.7815824676439076,0.8781900119467475,0.015254103,A
ckpt_mlm_s42_token:14,875,0.14313641225271734,0.15573078748562666,-0.034869313,M
ckpt_mlm_s42_token:14,876,0.7589057960068233,0.8425615944481282,0.11663545,L
ckpt_mlm_s42_token:14,877,0.7861613521761908,0.8803157458248176,0.009349078,S
ckpt_mlm_s42_token:14,878,0.4883854562443597,0.3165425593622341,0.070726365,V
ckpt_mlm_s42_token:14,879,0.945142722652339,0.9751588224238892,-0.06429604,E
ckpt_mlm_s42_token:14,880,0.8862009104358972,0.9470257665446049,0.06973809,F
ckpt_mlm_s42_token:14,881,0.8317291464858039,0.9051377715976522,0.011658393,A
ckpt_mlm_s42_token:14,882,0.17852077716495718,0.1505337718299562,0.02294743,H
ckpt_mlm_s42_token:14,883,0.813489785422653,0.9006485421636841,0.10653482,V
ckpt_mlm_s42_token:14,884,0.11354920150069592,0.1265002307968238,0.01376164,M
ckpt_mlm_s42_token:14,885,0.7428095161605155,0.6049836501001336,-0.06079171,E
ckpt_mlm_s42_token:14,886,0.13343745489824943,0.12279748883635545,0.04376495,M
ckpt_mlm_s42_token:14,887,0.11264107711316462,0.13919573201071253,-0.14870095,M
ckpt_mlm_s42_token:14,888,0.14245273077298637,0.19561065992725032,0.3357507,H
ckpt_mlm_s42_token:14,889,0.6769000633975596,0.5026958463591753,-0.011550069,R
ckpt_mlm_s42_token:14,890,0.12617151988253472,0.2340999968963377,0.18739772,W
ckpt_mlm_s42_token:14,891,0.13218638293012408,0.1986848263556733,-0.091392994,W
ckpt_mlm_s42_token:14,892,0.0842475339397386,0.11320906057950607,-0.05347514,E
ckpt_mlm_s42_token:14,893,0.22951662892887525,0.34618216814893943,0.120799184,C
ckpt_mlm_s42_token:14,894,0.09696128589446018,0.18383920303930554,0.047092676,C
ckpt_mlm_s42_token:14,895,0.13480308357655335,0.13517995697980717,0.01914084,Y
ckpt_mlm_s42_token:14,896,0.12001216822291005,0.17263154856604793,0.15111852,W
ckpt_mlm_s42_token:14,897,0.6634555007197489,0.5055160308384647,-0.049560912,K
ckpt_mlm_s42_token:14,898,0.5439755742404363,0.45818440796351756,0.019702688,Y
ckpt_mlm_s42_token:14,899,0.7002006137106627,0.5083260552007226,0.0155676175,T
ckpt_mlm_s42_token:14,900,0.15042461425789344,0.11587942822960312,-0.1115942,S
ckpt_mlm_s42_token:14,901,0.0776894758587594,0.09708015883804913,-0.046474457,L
ckpt_mlm_s42_token:14,902,0.6422983149791475,0.7901696813405159,0.003894031,N
ckpt_mlm_s42_token:14,903,0.14041150095134947,0.13138053330484145,-0.035212994,N
ckpt_mlm_s42_token:14,904,0.2795850986526346,0.4333767753241932,0.055446506,W
ckpt_mlm_s42_token:14,905,0.11982556622917129,0.18113097270692188,0.09894693,C
ckpt_mlm_s42_token:14,906,0.9426839298866799,0.975758903753198,0.06455925,F
ckpt_mlm_s42_token:14,907,0.6179979118087711,0.47283116393733177,-0.008243848,A
ckpt_mlm_s42_token:14,908,0.716434753814005,0.8457607335601846,-0.022405572,D
ckpt_mlm_s42_token:14,909,0.3784133699600918,0.2146087565743772,-0.036437493,S
ckpt_mlm_s42_token:14,910,0.6053419859146506,0.42237243924793055,-0.01839788,F
ckpt_mlm_s42_token:14,911,0.7210082947985873,0.6006880882961086,0.030646415,Q
ckpt_mlm_s42_token:14,912,0.6838306256528301,0.48606616411871656,-0.011988252,K
ckpt_mlm_s42_token:14,913,0.269983015605326,0.35820678403304035,0.05637765,H
ckpt_mlm_s42_token:14,914,0.1688212892448162,0.19790245661668604,-0.9538553,M
ckpt_mlm_s42_token:14,915,0.1669333408741458,0.2092147819376276,-0.017789364,W
ckpt_mlm_s42_token:14,916,0.18661043413285694,0.20291345829270002,0.15435839,M
ckpt_mlm_s42_token:14,917,0.08532337259030842,0.11077678126465623,0.029275656,M
ckpt_mlm_s42_token:14,918,0.6604714220926897,0.5595466107964145,0.023488484,F
ckpt_mlm_s42_token:14,919,0.7298806027992013,0.85017684902912,-0.051399354,E
ckpt_mlm_s42_token:14,920,0.11841606950940453,0.16424067717315072,0.07568574,W
ckpt_mlm_s42_token:14,921,0.6298846887021348,0.5293913041930469,0.18285605,V
ckpt_mlm_s42_token:14,922,0.5695720233957469,0.38483438152546035,0.027283803,I
ckpt_mlm_s42_token:14,923,0.48285237082101695,0.4106886074870839,-0.013864927,M
ckpt_mlm_s42_token:14,924,0.1043737854857405,0.0891881505858118,-0.04217744,K
ckpt_mlm_s42_token:14,925,0.4694736910220133,0.33020034617100413,-0.03444995,K
ckpt_mlm_s42_token:14,926,0.8652037374418341,0.9343871221517214,-0.02959495,R
ckpt_mlm_s42_token:14,927,0.07743678469921789,0.10262111255572724,0.095029235,A
ckpt_mlm_s42_token:14,928,0.6825504817262362,0.8060267978439032,-0.012168363,N
ckpt_mlm_s42_token:14,929,0.6169082908753265,0.4330693442439925,-0.038846035,K
ckpt_mlm_s42_token:14,930,0.6039003259492739,0.421183389858828,0.012162216,T
ckpt_mlm_s42_token:14,931,0.17690716335804335,0.2627933351378194,0.1367886,M
ckpt_mlm_s42_token:14,932,0.5816231969322977,0.5525372026457367,0.12916866,V
ckpt_mlm_s42_token:14,933,0.700886545723813,0.6059190915128719,0.060605884,F
ckpt_mlm_s42_token:14,934,0.7934939687059642,0.8875128404581802,0.013685092,H
ckpt_mlm_s42_token:14,935,0.8529380135607698,0.9263628865682311,0.0038642958,S
ckpt_mlm_s42_token:14,936,0.5287251932161782,0.38219633281115645,0.11503515,V
ckpt_mlm_s42_token:14,937,0.09795986494598696,0.10133692874413795,-0.031777382,T
ckpt_mlm_s42_token:14,938,0.12767344424505267,0.16410829740999905,-0.0049233437,C
ckpt_mlm_s42_token:14,939,0.6377194787706195,0.5157860552547378,0.073229104,A
ckpt_mlm_s42_token:14,940,0.08363142205126861,0.1302345232628949,0.07229018,F
ckpt_mlm_s42_token:14,941,0.47071828004796423,0.42859170521651835,-0.0053682625,A
ckpt_mlm_s42_token:14,942,0.17463912115671498,0.16334710569902355,0.062558174,R
ckpt_mlm_s42_token:14,943,0.1616676736963205,0.15379837118560147,0.0828464,M
ckpt_mlm_s42_token:14,944,0.09975676235992992,0.17134679757590873,0.35943007,Y
ckpt_mlm_s42_token:14,945,0.8312919212142691,0.9108471473471565,0.10982909,V
ckpt_mlm_s42_token:14,946,0.149847666993968,0.16311197200153416,0.053031206,T
ckpt_mlm_s42_token:14,947,0.34152621257638527,0.44959129053344277,-0.05643493,W
ckpt_mlm_s42_token:14,948,0.5366568887167018,0.3610884334799645,0.026149217,Y
ckpt_mlm_s42_token:14,949,0.722378437537232,0.49989527513348014,0.0400616,G
ckpt_mlm_s42_token:14,950,0.16917617946350416,0.13308699127517232,0.1297636,F
ckpt_mlm_s42_token:14,951,0.624885727257794,0.4558781989476633,0.08953288,A
ckpt_mlm_s42_token:14,952,0.059675877559981716,0.07859730901064357,-0.04743707,W
ckpt_mlm_s42_token:14,953,0.6649806411084314,0.536180568282054,0.077941775,C
ckpt_mlm_s42_token:14,954,0.9204532964661551,0.9633503059894803,-0.021717548,D
ckpt_mlm_s42_token:14,955,0.0738083221750433,0.12175290359115307,-0.0013649464,C
ckpt_mlm_s42_token:14,956,0.12948216367052945,0.1502856956075861,0.15499663,F
ckpt_mlm_s42_token:14,957,0.701767934863087,0.785067054635074,0.035036832,Y
ckpt_mlm_s42_token:14,958,0.11171818347691542,0.0986737114940743,0.02192235,P
ckpt_mlm_s42_token:14,959,0.12109821762676565,0.15847340875225333,0.04987824,F
ckpt_mlm_s42_token:14,960,0.5687516306825573,0.4750317447942316,0.11013068,L
ckpt_mlm_s42_token:14,961,0.7248791628438672,0.6570146990512215,0.012771554,T
ckpt_mlm_s42_token:14,962,0.06593886086004985,0.11504065403893267,-0.00095152855,Q
ckpt_mlm_s42_token:14,963,0.12489344002630431,0.10333811938760358,0.017482698,P
ckpt_mlm_s42_token:14,964,0.6633807405909464,0.478101964347092,0.0023661107,R
ckpt_mlm_s42_token:14,965,0.09054542994870707,0.14814447111171433,0.08644712,F
ckpt_mlm_s42_token:14,966,0.540024759931986,0.368114667229589,0.045951195,G
ckpt_mlm_s42_token:14,967,0.6097935321800092,0.5162940540064681,-0.052077793,E
ckpt_mlm_s42_token:14,968,0.9301795999754765,0.9641925747647431,0.016769245,A
ckpt_mlm_s42_token:14,969,0.12505647115160357,0.14560648572316118,-0.04846406,N
ckpt_mlm_s42_token:14,970,0.712877708918181,0.6202398072724596,-0.0027073212,T
ckpt_mlm_s42_token:14,971,0.6843296285837208,0.5433307780882918,0.07088293,V
ckpt_mlm_s42_token:14,972,0.16338309382997174,0.2278261216608968,0.09681201,W
ckpt_mlm_s42_token:14,973,0.6964465925030157,0.48498472710857005,0.036009364,I
ckpt_mlm_s42_token:14,974,0.7209177837644507,0.8391132843228963,-0.04508309,E
ckpt_mlm_s42_token:14,975,0.5643965682951597,0.7355879574726857,-0.010034561,W
ckpt_mlm_s42_token:14,976,0.4785011353458717,0.30142787443255253,-0.008323517,T
ckpt_mlm_s42_token:14,977,0.3348159802084134,0.21937337397320325,-0.004989058,H
ckpt_mlm_s42_token:14,978,0.19391886711687256,0.2087368812595496,0.084454656,W
ckpt_mlm_s42_token:14,979,0.13265137425615492,0.13343889153540994,-0.004583895,N
ckpt_mlm_s42_token:14,980,0.8906356667307317,0.9495119345446326,0.031835757,G
ckpt_mlm_s42_token:14,981,0.11176965183738974,0.1473362306991388,0.08984578,V
ckpt_mlm_s42_token:14,982,0.8245535327912579,0.9111543857073228,0.008953862,N
ckpt_mlm_s42_token:14,983,0.0961702816922616,0.1104114472500236,0.11312842,W
ckpt_mlm_s42_token:14,984,0.49519749519201195,0.3577082369892548,-0.06398347,E
ckpt_mlm_s42_token:14,985,0.7944108170133372,0.8885709382912981,0.026269108,Y
ckpt_mlm_s42_token:14,986,0.2147654987802452,0.21720639005030862,-0.20300269,K
ckpt_mlm_s42_token:14,987,0.17885123948486414,0.16396878195567835,-0.038842082,W
ckpt_mlm_s42_token:14,988,0.6648436893072796,0.47953349340034823,-0.030313905,K
ckpt_mlm_s42_token:14,989,0.6251630743137848,0.5433358681622368,0.1200794,L
ckpt_mlm_s42_token:14,990,0.7283342085020632,0.8517718400600973,0.02403918,M
ckpt_mlm_s42_token:14,991,0.1828765580489926,0.1811364809733439,0.019277215,Q
ckpt_mlm_s42_token:14,992,0.8023959092231959,0.9000510936308592,0.055101603,W
ckpt_mlm_s42_token:14,993,0.6296715311304676,0.5916639699662614,0.11647901,L
ckpt_mlm_s42_token:14,994,0.7149205978011522,0.6898429110005251,0.024444448,G
ckpt_mlm_s42_token:14,995,0.647914503128844,0.5126172617982863,-0.042181265,E
ckpt_mlm_s42_token:14,996,0.07600183591244591,0.11430276843550177,0.0104215145,H
ckpt_mlm_s42_token:14,997,0.10103182484413664,0.11070385895671069,-0.014303446,H
ckpt_mlm_s42_token:14,998,0.6792777724352883,0.7980796645313961,7.3328614e-05,Q
ckpt_mlm_s42_token:14,999,0.12701668066799177,0.09634828418462808,-0.032872796,N
ckpt_mlm_s42_token:14,1000,0.6094084466985128,0.5140131094376847,0.04047165,P
ckpt_mlm_s42_token:14,1001,0.13269411609023407,0.11893844361807876,-0.102550745,D
ckpt_mlm_s42_token:14,1002,0.5914692855668616,0.3827883465484385,-0.02921095,T
ckpt_mlm_s42_token:14,1003,0.20333128282660928,0.26720562491334876,-0.064517856,C
ckpt_mlm_s42_token:14,1004,0.7725321044354769,0.8782083047375422,0.072705746,C
ckpt_mlm_s42_token:14,1005,0.6474192765064557,0.5588534289034753,0.045584768,C
ckpt_mlm_s42_token:14,1006,0.8216129171169027,0.9067568901656681,0.010744758,T
ckpt_mlm_s42_token:14,1007,0.06774509132903461,0.09448559415029215,0.0069099665,D
ckpt_mlm_s42_token:14,1008,0.6024690201478917,0.5868935335609003,0.05487299,M
ckpt_mlm_s42_token:14,1009,0.7558390726675697,0.7299362663899207,0.0065701418,A
ckpt_mlm_s42_token:14,1010,0.07627325248608607,0.14155115208152372,0.08939111,W
ckpt_mlm_s42_token:14,1011,0.6095879454335106,0.5373341565667605,0.019252066,N
ckpt_mlm_s42_token:14,1012,0.6552478852310962,0.5530820488378384,0.05711199,A
ckpt_mlm_s42_token:14,1013,0.19572312559573013,0.34962399967792895,0.1257155,M
ckpt_mlm_s42_token:14,1014,0.14587707951587858,0.13660144921591727,0.0033746958,M
ckpt_mlm_s42_token:14,1015,0.6381090397415659,0.49195590957938556,-0.02937045,D
ckpt_mlm_s42_token:14,1016,0.13496740718180555,0.2184351923674777,-0.0015685558,W
ckpt_mlm_s42_token:14,1017,0.6763227181592306,0.49523370552904167,0.003285244,A
ckpt_mlm_s42_token:14,1018,0.7824820620429657,0.8882910947174742,-0.01860319,Q
ckpt_mlm_s42_token:14,1019,0.4531542538555633,0.23879666473780378,-0.041944955,T
ckpt_mlm_s42_token:14,1020,0.9272176782279926,0.9662933306811998,0.00665145,S
ckpt_mlm_s42_token:14,1021,0.19658103930974502,0.26534374941343325,0.013534427,W
ckpt_mlm_s42_token:14,1022,0.1525656519768288,0.19050229409253075,0.124468565,W
ckpt_mlm_s42_token:14,1023,0.07128177311898909,0.16386349488821658,0.039563417,C
ckpt_mlm_s42_token:14,1024,0.13246096539969543,0.1466185658814347,0.06706089,F
ckpt_mlm_s42_token:14,1025,0.10685255840986341,0.17475742065344496,-0.10110903,C
ckpt_mlm_s42_token:14,1026,0.4925674354426477,0.28164640731585433,0.050384577,Q
ckpt_mlm_s42_token:14,1027,0.648292372967759,0.652994124345523,0.028564882,A
ckpt_mlm_s42_token:14,1028,0.092921661828411,0.10249599743413929,-0.12509823,F
ckpt_mlm_s42_token:14,1029,0.7156819516270384,0.5203222984614733,0.03777338,G
ckpt_mlm_s42_token:14,1030,0.9624540463222878,0.9847846272343663,0.11518413,L
ckpt_mlm_s42_token:14,1031,0.6040901233190538,0.5451507845431364,0.044286072,Y
ckpt_mlm_s42_token:14,1032,0.6227128827801978,0.5921800798700557,-0.049539983,R
ckpt_mlm_s42_token:14,1033,0.11752030880360942,0.15408403067269394,0.1315031,W
ckpt_mlm_s42_token:14,1034,0.10976024798154993,0.10918400910832547,-0.014937401,V
ckpt_mlm_s42_token:14,1035,0.19844878311441738,0.3403246037799381,0.118319154,H
ckpt_mlm_s42_token:14,1036,0.8244179662485308,0.8965262087231972,-0.057105895,E
ckpt_mlm_s42_token:14,1037,0.7351079881716607,0.8501918461191555,-0.053547166,E
ckpt_mlm_s42_token:14,1038,0.1425093884824402,0.13510291779982453,-0.05846399,D
ckpt_mlm_s42_token:14,1039,0.6377193104278279,0.771213207392791,0.0626086,C
ckpt_mlm_s42_token:14,1040,0.5896470116480945,0.49508692534595095,0.04937572,G
ckpt_mlm_s42_token:14,1041,0.12182698994031405,0.1300534118286112,-0.028597713,W
ckpt_mlm_s42_token:14,1042,0.7105133853803987,0.4975933719531298,-0.034038953,R
ckpt_mlm_s42_token:14,1043,0.13237831409267198,0.1449575246896972,0.4006331,V
ckpt_mlm_s42_token:14,1044,0.09478085400255176,0.12495750912092962,-0.07466173,M
ckpt_mlm_s42_token:14,1045,0.12347601650991613,0.17488045490284704,0.12151337,H
ckpt_mlm_s42_token:14,1046,0.10485056026052186,0.12331614996100167,-0.14431119,M
ckpt_mlm_s42_token:14,1047,0.5535020647424294,0.3700188777005769,0.13130869,V
ckpt_mlm_s42_token:14,1048,0.7371331908335286,0.7025936690022178,-0.040312964,K
ckpt_mlm_s42_token:14,1049,0.22569264034869163,0.3203162500942017,0.3705027,C
ckpt_mlm_s42_token:14,1050,0.6945022763202657,0.5983705630765406,0.04661192,Q
ckpt_mlm_s42_token:14,1051,0.6089761633815475,0.47573425104131456,0.023454502,W
ckpt_mlm_s42_token:14,1052,0.17572647314784318,0.1075469271128959,0.06402767,D
ckpt_mlm_s42_token:14,1053,0.6857925630156878,0.5076171251515782,0.035722833,G
ckpt_mlm_s42_token:14,1054,0.544220147031456,0.3304145453364424,0.089653924,V
ckpt_mlm_s42_token:14,1055,0.8913783003710232,0.9496288173595768,0.016906917,T
ckpt_mlm_s42_token:14,1056,0.7218555984094402,0.8367856721827311,0.03993109,F
ckpt_mlm_s42_token:14,1057,0.10494539664389135,0.10332671333789693,-0.10807526,C
ckpt_mlm_s42_token:14,1058,0.131868217468599,0.18524803585803173,0.08983457,W
ckpt_mlm_s42_token:14,1059,0.09244911284076096,0.09856814693209795,0.16565943,Y
ckpt_mlm_s42_token:14,1060,0.7264933001218562,0.5675019643840168,0.09841872,L
ckpt_mlm_s42_token:14,1061,0.5523014439453555,0.4213382793083324,0.045601215,G
ckpt_mlm_s42_token:14,1062,0.7692894611030032,0.8703400714474041,0.08712814,I
ckpt_mlm_s42_token:14,1063,0.1689078331554359,0.17926460374621267,-0.14730299,T
ckpt_mlm_s42_token:14,1064,0.1955748218394595,0.34362907347739663,0.004542649,W
ckpt_mlm_s42_token:14,1065,0.6202816037077039,0.5592484333025199,0.009966783,T
ckpt_mlm_s42_token:14,1066,0.8314650562474716,0.9131348150345766,0.010147102,S
ckpt_mlm_s42_token:14,1067,0.09838045105680115,0.11658480246176589,0.05503297,C
ckpt_mlm_s42_token:14,1068,0.44082472602594414,0.45287542327474345,0.082099155,V
ckpt_mlm_s42_token:14,1069,0.11723251871716689,0.11681758084023029,0.0059211254,V
ckpt_mlm_s42_token:14,1070,0.8861403889094863,0.9429320150562723,-0.063820034,K
ckpt_mlm_s42_token:14,1071,0.07441438301902714,0.09034358336909831,0.029852033,Y
ckpt_mlm_s42_token:14,1072,0.6974947391976443,0.6055625197762652,-0.042714275,K
ckpt_mlm_s42_token:14,1073,0.8371612375336869,0.9130266432264023,0.11182026,L
ckpt_mlm_s42_token:14,1074,0.8219230037761807,0.9055620787432569,-0.044258248,K
ckpt_mlm_s42_token:14,1075,0.0806206291605317,0.1162088681049145,-0.031188011,M
ckpt_mlm_s42_token:14,1076,0.11792427685104878,0.1554237696429566,0.028787732,H
ckpt_mlm_s42_token:14,1077,0.09412899947716646,0.1948152839946694,0.0760932,W
ckpt_mlm_s42_token:14,1078,0.20256592733743406,0.22387458520669037,-0.027007818,C
ckpt_mlm_s42_token:14,1079,0.05338893932409494,0.09431782044782856,0.019784689,W
ckpt_mlm_s42_token:14,1080,0.13968770465622637,0.11326029414869962,-0.057520628,H
ckpt_mlm_s42_token:14,1081,0.6938489688415697,0.791067192511054,-0.05362217,E
ckpt_mlm_s42_token:14,1082,0.8218011616643357,0.9113018210684295,-0.02205576,Q
ckpt_mlm_s42_token:14,1083,0.14392594882470577,0.18557164906105048,-0.0148386955,W
ckpt_mlm_s42_token:14,1084,0.6433566399772261,0.7905036900476703,-0.015348583,Q
ckpt_mlm_s42_token:14,1085,0.23017906206425742,0.3300745006475962,0.12056029,C
ckpt_mlm_s42_token:14,1086,0.7253310351054776,0.57201516522221,0.0030622259,A
ckpt_mlm_s42_token:14,1087,0.5743153183728429,0.4174803329305755,0.020786969,P
ckpt_mlm_s42_token:14,1088,0.5882655694281345,0.7390338209759164,0.06438494,C
ckpt_mlm_s42_token:14,1089,0.15529312349434643,0.1623904648836695,-0.4103322,K
ckpt_mlm_s42_token:14,1090,0.10429283358462227,0.12250505775648565,0.005095005,C
ckpt_mlm_s42_token:14,1091,0.6937638550033204,0.5220793749611129,0.07647036,V
ckpt_mlm_s42_token:14,1092,0.1165574242633155,0.12945876983179525,0.14962363,M
ckpt_mlm_s42_token:14,1093,0.7096082078987433,0.5024466483989418,-0.05516471,E
ckpt_mlm_s42_token:14,1094,0.6599502880584263,0.49517404192247616,-0.03423821,K
ckpt_mlm_s42_token:14,1095,0.11582215701560694,0.14576012346826944,-0.2932197,C
ckpt_mlm_s42_token:14,1096,0.7678531503480859,0.8683152729354175,0.0020252615,T
ckpt_mlm_s42_token:14,1097,0.9236379061765058,0.9659423747896252,0.018088691,P
ckpt_mlm_s42_token:14,1098,0.825255528557469,0.9129682044263228,0.022508927,T
ckpt_mlm_s42_token:14,1099,0.06495819450734253,0.08836424975847403,0.12899256,W
ckpt_mlm_s42_token:14,1100,0.5125325667086629,0.3815669099539038,-0.03347733,S
ckpt_mlm_s42_token:14,1101,0.9418330727078968,0.9758638734597311,0.012362823,H
ckpt_mlm_s42_token:14,1102,0.6914440180616073,0.529349791876899,-0.043972753,E
ckpt_mlm_s42_token:14,1103,0.7092468905354206,0.5272856036231858,0.112773046,L
ckpt_mlm_s42_token:14,1104,0.62908337041734,0.7740171458939353,0.0068735033,Q
ckpt_mlm_s42_token:14,1105,0.10414536024542609,0.15735418186492295,-0.009514213,W
ckpt_mlm_s42_token:14,1106,0.5223212392114547,0.6593319331202392,0.025348008,F
ckpt_mlm_s42_token:14,1107,0.6330178294244586,0.5922419355665467,0.019701168,T
ckpt_mlm_s42_token:14,1108,0.6805172847334104,0.5439986124222549,-0.050936494,K
ckpt_mlm_s42_token:14,1109,0.6641205691377177,0.8029495745495866,-0.027214676,Q
ckpt_mlm_s42_token:14,1110,0.06807923630417001,0.09467739028821166,0.0006697178,P
ckpt_mlm_s42_token:14,1111,0.6806837969161021,0.8156074757360697,0.0767051,C
ckpt_mlm_s42_token:14,1112,0.8511345228596506,0.9258305946971985,0.0003207624,N
ckpt_mlm_s42_token:14,1113,0.5792191801738911,0.7311790977141301,0.04074782,F
ckpt_mlm_s42_token:14,1114,0.054023393476905435,0.0932971296926742,0.012095451,R
ckpt_mlm_s42_token:14,1115,0.10028467948427178,0.13383019866580842,0.091253996,K
ckpt_mlm_s42_token:14,1116,0.11072558070336225,0.10992550424100958,0.15392232,T
ckpt_mlm_s42_token:14,1117,0.14310761894415447,0.13642549806174248,0.07179093,K
ckpt_mlm_s42_token:14,1118,0.11292838605117561,0.13796225628547734,-0.026560545,C
ckpt_mlm_s42_token:14,1119,0.510139190979674,0.40680853235216613,-0.0221675,K
ckpt_mlm_s42_token:14,1120,0.5873908297683308,0.5715051356211068,0.021998435,F
ckpt_mlm_s42_token:14,1121,0.8063663161134913,0.8981433105840146,-0.050826367,E
ckpt_mlm_s42_token:14,1122,0.7109491731797658,0.6205002071456295,-0.042150714,E
ckpt_mlm_s42_token:14,1123,0.6248789974573186,0.4885618126943014,0.10237396,Y
ckpt_mlm_s42_token:14,1124,0.16845141377416928,0.2644535374071626,0.19879055,I
ckpt_mlm_s42_token:14,1125,0.13169436712977955,0.1645446893299848,0.20780957,C
ckpt_mlm_s42_token:14,1126,0.600503395268749,0.3765148574991117,-0.063893214,K
ckpt_mlm_s42_token:14,1127,0.058528007054380105,0.1022634629709838,-0.09054065,H
ckpt_mlm_s42_token:14,1128,0.07887063630772606,0.12003859947735543,0.09524107,H
ckpt_mlm_s42_token:14,1129,0.8365108491309398,0.917990611445439,0.04673332,W
ckpt_mlm_s42_token:14,1130,0.11176329983668498,0.1238157969229614,0.086185575,N
ckpt_mlm_s42_token:14,1131,0.6476781301739403,0.525633564990271,-0.0031874068,K
ckpt_mlm_s42_token:14,1132,0.47528068561022085,0.31489807974519013,-0.026710749,K
ckpt_mlm_s42_token:14,1133,0.6730896751043409,0.8068789922107203,0.010861903,H
ckpt_mlm_s42_token:14,1134,0.129910746578889,0.21994385906538289,0.12787843,C
ckpt_mlm_s42_token:14,1135,0.9455295778547491,0.9781556823674904,0.023652606,H
ckpt_mlm_s42_token:14,1136,0.5818742793030709,0.40733042709057926,-0.026598983,S
ckpt_mlm_s42_token:14,1137,0.6774797471533851,0.5551800133792846,0.017363405,S
ckpt_mlm_s42_token:14,1138,0.9180787257769538,0.9642989984275872,-0.0111974925,N
ckpt_mlm_s42_token:14,1139,0.21080000235006524,0.3182131602947917,0.124378204,C
ckpt_mlm_s42_token:14,1140,0.08996798253878135,0.13769931020689122,0.0011042356,M
ckpt_mlm_s42_token:14,1141,0.1802323727375149,0.2506916888186302,0.019356608,C
ckpt_mlm_s42_token:14,1142,0.101405567663988,0.10949493346865302,0.005852461,D
ckpt_mlm_s42_token:14,1143,0.48180490189479963,0.3674383298189576,0.03182611,N
ckpt_mlm_s42_token:14,1144,0.6311048523965662,0.4792134693885125,0.006783031,A
ckpt_mlm_s42_token:14,1145,0.08839865133167146,0.10556529254422889,0.10228515,D
ckpt_mlm_s42_token:14,1146,0.6897667366692115,0.5235624354421431,-0.0331838,Q
ckpt_mlm_s42_token:14,1147,0.7161927230156452,0.5306854962993536,0.007369358,A
ckpt_mlm_s42_token:14,1148,0.8669077547652746,0.9301444540259575,0.09336156,V
ckpt_mlm_s42_token:14,1149,0.827187330852096,0.9131066282004066,-0.009828582,P
ckpt_mlm_s42_token:14,1150,0.7654589687446068,0.8694938951075148,-0.038357295,K
ckpt_mlm_s42_token:14,1151,0.5084409367054128,0.2856753416393502,-0.022221796,A
ckpt_mlm_s42_token:14,1152,0.8600373201298948,0.9314309462929445,0.016626753,T
ckpt_mlm_s42_token:14,1153,0.13358765082399182,0.16101463095909227,0.044312,C
ckpt_mlm_s42_token:14,1154,0.12449862071292295,0.21244235295400482,-0.00993228,W
ckpt_mlm_s42_token:14,1155,0.5205221965435161,0.5006607415460127,-0.0016192198,Q
ckpt_mlm_s42_token:14,1156,0.724276778307954,0.5046273195352997,0.0040748343,P
ckpt_mlm_s42_token:14,1157,0.14916364252052983,0.1199486528761884,0.019659877,I
ckpt_mlm_s42_token:14,1158,0.8337194620650488,0.9116206003620869,0.02979634,G
ckpt_mlm_s42_token:14,1159,0.7268756221834567,0.6013280696893792,0.13939859,V
ckpt_mlm_s42_token:14,1160,0.977553539246381,0.9915815567543421,-0.0440069,R
ckpt_mlm_s42_token:14,1161,0.12200766016679465,0.1587275847191203,-0.012925148,R
ckpt_mlm_s42_token:14,1162,0.5786015811751752,0.38079101016755096,0.046677552,V
ckpt_mlm_s42_token:14,1163,0.6992607790004197,0.547664619431021,0.013528723,G
ckpt_mlm_s42_token:14,1164,0.6088887729958403,0.4693089920628514,0.0059839003,T
ckpt_mlm_s42_token:14,1165,0.6126292417600454,0.4644300354631736,0.00706546,A
ckpt_mlm_s42_token:14,1166,0.07814168195905569,0.11273337078630828,0.08712721,W
ckpt_mlm_s42_token:14,1167,0.09005869808357891,0.10010071614786417,0.017356515,D
ckpt_mlm_s42_token:14,1168,0.5245098788849951,0.3916691270386341,0.01104667,G
ckpt_mlm_s42_token:14,1169,0.8945146875085623,0.9505461983920908,0.10306542,I
ckpt_mlm_s42_token:14,1170,0.6608924080864245,0.5826008725037133,0.07186946,Y
ckpt_mlm_s42_token:14,1171,0.7087070872934542,0.6471209478445928,-0.023277663,K
ckpt_mlm_s42_token:14,1172,0.10049098071742568,0.14429497988202336,0.103701234,M
ckpt_mlm_s42_token:14,1173,0.705351740585457,0.8314356545891596,0.020378858,Y
ckpt_mlm_s42_token:14,1174,0.552330452982619,0.5434416292961667,0.13411422,F
ckpt_mlm_s42_token:14,1175,0.9192610884027881,0.9629577532022127,0.019184694,T
ckpt_mlm_s42_token:14,1176,0.9342116267930299,0.9698531910192232,0.010857157,A
ckpt_mlm_s42_token:14,1177,0.23228543238829202,0.3118768785605828,0.219643,C
ckpt_mlm_s42_token:14,1178,0.13019528241203204,0.24123494039111495,0.17893553,M
ckpt_mlm_s42_token:14,1179,0.5679907394450204,0.43412416479570964,-0.016796518,D
ckpt_mlm_s42_token:14,1180,0.5187940182349828,0.4132133979171016,-0.03454565,Q
ckpt_mlm_s42_token:14,1181,0.6603257412717973,0.802378612442351,-0.018103808,M
ckpt_mlm_s42_token:14,1182,0.15588835796278122,0.21119522197915686,0.061068773,C
ckpt_mlm_s42_token:14,1183,0.16904814076280072,0.25737112245415605,-0.1030575,W
ckpt_mlm_s42_token:14,1184,0.8246936089299851,0.9113103739661159,-0.036530748,K
ckpt_mlm_s42_token:14,1185,0.14065088282520843,0.14777217900822165,-0.10044193,M
ckpt_mlm_s42_token:14,1186,0.14698094140158613,0.20012805277085935,0.04852289,C
ckpt_mlm_s42_token:14,1187,0.7270679632341699,0.5573350635855925,0.024845194,G
ckpt_mlm_s42_token:14,1188,0.08139155241777074,0.1288651232471701,-0.014074564,C
ckpt_mlm_s42_token:14,1189,0.5080049253576857,0.33754360824878293,0.11253604,V
ckpt_mlm_s42_token:14,1190,0.8081918293024627,0.9032942253760485,-0.0065617636,S
ckpt_mlm_s42_token:14,1191,0.0675268285977002,0.0928469994607874,0.009433031,E
ckpt_mlm_s42_token:14,1192,0.8739893016397635,0.9375811515607442,0.115729704,L
ckpt_mlm_s42_token:14,1193,0.5509819301738375,0.7048240528782346,-0.018100351,Q
ckpt_mlm_s42_token:14,1194,0.5596937960949231,0.40036316043092124,-0.019751525,K
ckpt_mlm_s42_token:14,1195,0.7021280277890554,0.6138152088173575,0.025339996,P
ckpt_mlm_s42_token:14,1196,0.11904501790388244,0.15000083338545814,0.08909166,H
ckpt_mlm_s42_token:14,1197,0.7374948594807844,0.8524142477971172,0.024791867,G
ckpt_mlm_s42_token:14,1198,0.8213818603720116,0.8999155434119357,-0.016103499,D
ckpt_mlm_s42_token:14,1199,0.16517787273960371,0.16236612806049203,0.2446183,C
ckpt_mlm_s42_token:14,1200,0.8571873080972638,0.9307738101985484,-0.04147786,E
ckpt_mlm_s42_token:14,1201,0.5781272451863564,0.5394378473821942,0.05661507,A
ckpt_mlm_s42_token:14,1202,0.16058507433332347,0.18723493079846423,0.17797303,C
ckpt_mlm_s42_token:14,1203,0.6998411958456018,0.5137246584474997,0.046374567,T
ckpt_mlm_s42_token:14,1204,0.6772938830954025,0.5280573187105516,0.01316271,F
ckpt_mlm_s42_token:14,1205,0.10121784547428614,0.12140977804545472,0.058073997,W
ckpt_mlm_s42_token:14,1206,0.47794410804842247,0.4397533500984428,-0.021535493,D
ckpt_mlm_s42_token:14,1207,0.11219074449313104,0.16060702315305775,0.060160875,H
ckpt_mlm_s42_token:14,1208,0.7049360355974381,0.5092219789875935,-0.016590092,K
ckpt_mlm_s42_token:14,1209,0.6200199361371277,0.7686534863475368,0.019918412,H
ckpt_mlm_s42_token:14,1210,0.7610813004667286,0.8709144002695304,-0.023173496,Q
ckpt_mlm_s42_token:14,1211,0.08610881835686379,0.16592547629189308,0.03946042,H
ckpt_mlm_s42_token:14,1212,0.8871789948186124,0.9469500353338861,-0.038438898,R
ckpt_mlm_s42_token:14,1213,0.8602766292254402,0.9298669677046849,-0.050735872,E
ckpt_mlm_s42_token:14,1214,0.6764097824568823,0.8041690476056974,0.018824033,A
ckpt_mlm_s42_token:14,1215,0.13472087034524782,0.14919940054979952,0.054966807,M
ckpt_mlm_s42_token:14,1216,0.17172628576530147,0.21978742996722977,0.26715577,C
ckpt_mlm_s42_token:14,1217,0.5683603516206072,0.40327490847378694,0.034522183,S
ckpt_mlm_s42_token:14,1218,0.6223616066954514,0.5165876191771825,0.17256072,V
ckpt_mlm_s42_token:14,1219,0.7958306217166332,0.8928151679443604,0.017519705,A
ckpt_mlm_s42_token:14,1220,0.5045250011247766,0.3318916760762557,-0.019719437,W
ckpt_mlm_s42_token:14,1221,0.5047556112843045,0.29031824772547027,-0.0024885237,S
ckpt_mlm_s42_token:14,1222,0.5858010263173349,0.4344078942267906,0.02516964,G
ckpt_mlm_s42_token:14,1223,0.8346598706283493,0.9064902461271592,-0.053241324,E
ckpt_mlm_s42_token:14,1224,0.15411571153305947,0.22931275686739938,0.193429,W
ckpt_mlm_s42_token:14,1225,0.7146970400925181,0.5826495511723077,0.007321853,G
ckpt_mlm_s42_token:14,1226,0.1561365318135015,0.18726063875976262,0.34552455,S
ckpt_mlm_s42_token:14,1227,0.10086698385000159,0.09199641866840061,-0.024149537,I
ckpt_mlm_s42_token:14,1228,0.6968804945057925,0.5687532401167392,0.0927352,C
ckpt_mlm_s42_token:14,1229,0.9031492411881501,0.9542978395979137,-0.033812378,R
ckpt_mlm_s42_token:14,1230,0.1239462591989372,0.16889317346481128,0.0031297207,Q
ckpt_mlm_s42_token:14,1231,0.7037201159958608,0.602648695357752,0.14883465,L
ckpt_mlm_s42_token:14,1232,0.1020174406108918,0.10911473536673881,0.020150185,H
ckpt_mlm_s42_token:14,1233,0.04074701796190128,0.09810833642773069,-0.014749289,L
ckpt_mlm_s42_token:14,1234,0.672389818950124,0.5048033935350715,0.16490541,I
ckpt_mlm_s42_token:14,1235,0.561395329173965,0.4122387333423016,0.03153535,G
ckpt_mlm_s42_token:14,1236,0.5488363478566618,0.36142267279698975,0.004624393,I
ckpt_mlm_s42_token:14,1237,0.7204829113335927,0.8446434371317241,-0.05845183,K
ckpt_mlm_s42_token:14,1238,0.08508260476397356,0.12423045736249716,0.010463715,D
ckpt_mlm_s42_token:14,1239,0.5731936899153498,0.42383399454634574,-0.009461801,S
ckpt_mlm_s42_token:14,1240,0.892909836300147,0.9495013914888434,0.01836047,A
ckpt_mlm_s42_token:14,1241,0.765307069135577,0.8690859060600242,0.117998615,L
ckpt_mlm_s42_token:14,1242,0.9361023909509143,0.9725267383028431,0.018588677,A
ckpt_mlm_s42_token:14,1243,0.5885660394046992,0.3832197152934594,0.09420459,C
ckpt_mlm_s42_token:14,1244,0.6201664805653986,0.6237912157876097,-0.036845073,K
ckpt_mlm_s42_token:14,1245,0.6621355537332927,0.5586997885458285,0.027608797,A
ckpt_mlm_s42_token:14,1246,0.6215203665071904,0.7349945206606445,0.01822874,Y
ckpt_mlm_s42_token:14,1247,0.6690866035774484,0.5622560867576164,0.02808993,T
ckpt_mlm_s42_token:14,1248,0.47123969658554177,0.6503416873791688,0.053628832,C
ckpt_mlm_s42_token:14,1249,0.07539474014021663,0.13654006847001082,0.042685866,H
ckpt_mlm_s42_token:14,1250,0.7563355860878281,0.740616371673395,0.038280763,G
ckpt_mlm_s42_token:14,1251,0.10969440554749132,0.11114234354183486,-0.039095163,Q
ckpt_mlm_s42_token:14,1252,0.8495479268216501,0.9224670007685548,0.02222028,Y
ckpt_mlm_s42_token:14,1253,0.7423798822894285,0.858528781497641,-0.008037865,M
ckpt_mlm_s42_token:14,1254,0.9466665292555697,0.9779034699843252,0.0452045,Y
ckpt_mlm_s42_token:14,1255,0.7072691651719805,0.6716037756509878,0.039599307,G
ckpt_mlm_s42_token:14,1256,0.5513500393393379,0.4071685573869157,0.025050662,P
ckpt_mlm_s42_token:14,1257,0.5086909101625225,0.3126042970831121,-0.028402526,N
ckpt_mlm_s42_token:14,1258,0.7502230486263612,0.6924915459205989,0.110317,L
ckpt_mlm_s42_token:14,1259,0.7892824896217682,0.8805957062103994,-0.004426852,N
ckpt_mlm_s42_token:14,1260,0.6477658367887819,0.5514933995921498,-0.010425027,A
ckpt_mlm_s42_token:14,1261,0.9733972837785054,0.9902845887408849,0.018841103,H
ckpt_mlm_s42_token:14,1262,0.6575882691331624,0.6361469618437682,-0.02600101,K
ckpt_mlm_s42_token:14,1263,0.10097951980404918,0.09401525101895464,0.0065279007,D
ckpt_mlm_s42_token:14,1264,0.12199790234097085,0.16213782918885494,-0.0697521,W
ckpt_mlm_s42_token:14,1265,0.7044108979745745,0.5483053241789431,0.019390216,G
ckpt_mlm_s42_token:14,1266,0.6350273851362424,0.6324823033863546,-0.00494124,R
ckpt_mlm_s42_token:14,1267,0.12675519668170887,0.12790663984787076,0.18931854,W
ckpt_mlm_s42_token:14,1268,0.06680016868847405,0.13439276369786649,0.03927529,Y
ckpt_mlm_s42_token:14,1269,0.5957196958549433,0.436458575119869,0.05059049,G
ckpt_mlm_s42_token:14,1270,0.0951235463034521,0.09924406515662755,0.27227736,I
ckpt_mlm_s42_token:14,1271,0.1874808343290556,0.16003342819619717,-0.09265137,Q
ckpt_mlm_s42_token:14,1272,0.1559829746077387,0.27432631938493757,0.012537003,C
ckpt_mlm_s42_token:14,1273,0.10999110481369645,0.11218933943757381,-0.13901186,S
ckpt_mlm_s42_token:14,1274,0.12460694923633675,0.14925807401683677,0.023287773,C
ckpt_mlm_s42_token:14,1275,0.8959647194241773,0.9423427968051558,0.031786725,G
ckpt_mlm_s42_token:14,1276,0.08700598039576546,0.13905816091932707,-0.03301096,C
ckpt_mlm_s42_token:14,1277,0.6205727110597669,0.4897259465433229,-0.006683439,Q
ckpt_mlm_s42_token:14,1278,0.5868307571981761,0.7377394002139512,-0.0127259195,D
ckpt_mlm_s42_token:14,1279,0.48248787254276126,0.36521760908663525,-0.050078362,E
ckpt_mlm_s42_token:14,1280,0.6050805827507111,0.5834678288660539,-0.013122514,Q
ckpt_mlm_s42_token:14,1281,0.6697804135934744,0.526558894225156,0.018841462,S
ckpt_mlm_s42_token:14,1282,0.5811009161173262,0.37394018504830684,0.08142879,V
ckpt_mlm_s42_token:14,1283,0.7128674784640283,0.6641175644593993,-0.018885322,D
ckpt_mlm_s42_token:14,1284,0.9077140191683009,0.9563632554018333,-0.003712818,S
ckpt_mlm_s42_token:14,1285,0.12559219093052543,0.13084685519026926,0.2523415,M
ckpt_mlm_s42_token:14,1286,0.06788697203381922,0.09137472070433895,-0.042444706,M
ckpt_mlm_s42_token:14,1287,0.6599429532660197,0.5129506945165332,-0.030296586,K
ckpt_mlm_s42_token:14,1288,0.6180102576452291,0.5747828862962733,0.10670109,I
ckpt_mlm_s42_token:14,1289,0.4714847871108033,0.29980884663512664,-0.027417852,D
ckpt_mlm_s42_token:14,1290,0.11560103787588216,0.14497542665999896,-0.007940412,H
ckpt_mlm_s42_token:14,1291,0.6627322126451335,0.7968555715064028,0.010955527,Y
ckpt_mlm_s42_token:14,1292,0.12985106425191395,0.1790388096210696,-0.24042022,H
ckpt_mlm_s42_token:14,1293,0.6359541322257757,0.5497453217947548,-0.017902985,R
ckpt_mlm_s42_token:14,1294,0.6680367224343287,0.4741434453135934,0.060101397,P
ckpt_mlm_s42_token:14,1295,0.6728358171880104,0.7886486076576258,0.01862982,S
ckpt_mlm_s42_token:14,1296,0.7408998619943812,0.8570768409638118,-0.03199762,Q
ckpt_mlm_s42_token:14,1297,0.8874579371723506,0.9456236234748888,0.03976793,G
ckpt_mlm_s42_token:14,1298,0.1283818217243744,0.18205876156326542,0.18944633,W
ckpt_mlm_s42_token:14,1299,0.12634047356693123,0.12544799379065816,0.06910944,M
ckpt_mlm_s42_token:14,1300,0.6731081421226974,0.8079096711381626,-0.0011104643,Q
ckpt_mlm_s42_token:14,1301,0.541907505632556,0.4504263438755663,0.19587982,V
ckpt_mlm_s42_token:14,1302,0.20476199156196362,0.24307108977837086,0.072754025,W
ckpt_mlm_s42_token:14,1303,0.5045367438148911,0.30868380358250486,0.03690599,G
ckpt_mlm_s42_token:14,1304,0.14424962864918078,0.12810869239899927,-0.029002905,H
ckpt_mlm_s42_token:14,1305,0.21204232897981656,0.25319833354693905,0.023570895,H
ckpt_mlm_s42_token:14,1306,0.5141171274144756,0.3417003275341831,0.047828637,C
ckpt_mlm_s42_token:14,1307,0.060238487500714255,0.10434013845892023,0.07337737,C
ckpt_mlm_s42_token:14,1308,0.5546691408900825,0.45333411727402045,-0.014550243,P
ckpt_mlm_s42_token:14,1309,0.08554774731864845,0.09339248699630094,0.11511755,Q
ckpt_mlm_s42_token:14,1310,0.14859904707214933,0.1967401363144833,-0.7984717,S
ckpt_mlm_s42_token:14,1311,0.834558481067623,0.9157118004255707,-0.019857347,Q
ckpt_mlm_s42_token:14,1312,0.788973384242708,0.8809130220565159,-0.058787763,E
ckpt_mlm_s42_token:14,1313,0.1396118910177293,0.14207856047172712,0.06809616,W
ckpt_mlm_s42_token:14,1314,0.5960879879116705,0.3382487655652074,-0.012688115,Q
ckpt_mlm_s42_token:14,1315,0.1250431665627043,0.16005211213284048,-0.09353137,R
ckpt_mlm_s42_token:14,1316,0.1904184984565106,0.321788789720142,-0.11723542,W
ckpt_mlm_s42_token:14,1317,0.7854927320254395,0.8818450881309967,-0.04208494,R
ckpt_mlm_s42_token:14,1318,0.6263322306925887,0.76625444574559,-0.023853168,D
ckpt_mlm_s42_token:14,1319,0.889416441180835,0.9446231112054821,0.03111614,G
ckpt_mlm_s42_token:14,1320,0.905583367331689,0.9544760887501659,0.019801956,A
ckpt_mlm_s42_token:14,1321,0.10045766836646308,0.10658022130271048,0.05781412,H
ckpt_mlm_s42_token:14,1322,0.8195696906687584,0.9061993876550322,-0.035136595,R
ckpt_mlm_s42_token:14,1323,0.06631554866196454,0.12944260012566525,0.0059179068,H
ckpt_mlm_s42_token:14,1324,0.8480962930204172,0.9220487502225615,0.003693156,P
ckpt_mlm_s42_token:14,1325,0.16290949590896675,0.0992935901063465,-0.00070667267,I
ckpt_mlm_s42_token:14,1326,0.23930460272013165,0.37472990023099123,0.08791256,M
ckpt_mlm_s42_token:14,1327,0.7764537045739184,0.8729791059391135,0.038277984,G
ckpt_mlm_s42_token:14,1328,0.7673888559541417,0.8792412872327717,0.017300814,M
ckpt_mlm_s42_token:14,1329,0.18889226453203933,0.20805060952955845,0.16045678,M
ckpt_mlm_s42_token:14,1330,0.877331298003366,0.9427741737394479,0.009292468,N
ckpt_mlm_s42_token:14,1331,0.7525210054914389,0.8634862147733503,0.032326907,M
ckpt_mlm_s42_token:14,1332,0.7953289739174874,0.8830163709588655,-0.0040421635,S
ckpt_mlm_s42_token:14,1333,0.08501013033929106,0.10720014139137961,0.019925237,H
ckpt_mlm_s42_token:14,1334,0.2041276561724238,0.3422072808436355,0.023352027,C
ckpt_mlm_s42_token:14,1335,0.12949446299755174,0.1350753563969735,-0.07608414,Y
ckpt_mlm_s42_token:14,1336,0.10533772715021017,0.09868910602232674,0.021097422,M
ckpt_mlm_s42_token:14,1337,0.1776449767150332,0.23441394719767078,0.037613392,M
ckpt_mlm_s42_token:14,1338,0.778445728326384,0.881034666878603,-0.02371493,D
ckpt_mlm_s42_token:14,1339,0.5994028138004677,0.4997827515162079,-0.049795266,Q
ckpt_mlm_s42_token:14,1340,0.3291679505797609,0.1662836967018665,0.0295448,W
ckpt_mlm_s42_token:14,1341,0.09148947673273777,0.16432246434479408,-0.046922445,W
ckpt_mlm_s42_token:14,1342,0.5856523778618559,0.4097833813887554,0.0060038306,N
ckpt_mlm_s42_token:14,1343,0.7326598531676047,0.5096703097554856,0.053183988,N
ckpt_mlm_s42_token:14,1344,0.5180565145410088,0.34559602442003406,-0.0039018597,P
ckpt_mlm_s42_token:14,1345,0.12619142606139566,0.14616733609772012,0.038127422,H
ckpt_mlm_s42_token:14,1346,0.11388859668269768,0.12615080492910727,0.007857442,H
ckpt_mlm_s42_token:14,1347,0.04511570570149648,0.1240763391772443,-0.015430927,W
ckpt_mlm_s42_token:14,1348,0.8476948723457062,0.9270133746945034,0.037112176,W
ckpt_mlm_s42_token:14,1349,0.685270098945734,0.8178878396638423,0.09662242,V
ckpt_mlm_s42_token:14,1350,0.15657848114157125,0.1643893287228125,0.061651707,Y
ckpt_mlm_s42_token:14,1351,0.879969602018707,0.9445572564746869,-0.0012491867,S
ckpt_mlm_s42_token:14,1352,0.15364766798957585,0.21074237154244377,0.028452635,C
ckpt_mlm_s42_token:14,1353,0.7790885737171473,0.8854862252354603,0.04758787,W
ckpt_mlm_s42_token:14,1354,0.8385340547942502,0.9182990467462635,-0.052430753,E
ckpt_mlm_s42_token:14,1355,0.19970872079784407,0.26663453537583987,0.47637606,C
ckpt_mlm_s42_token:14,1356,0.7418210126010635,0.8430875821727895,-7.9371035e-05,P
ckpt_mlm_s42_token:14,1357,0.4742916576345151,0.28189069825555635,0.054387122,P
ckpt_mlm_s42_token:14,1358,0.5579347088454483,0.3948230669874752,-0.0057234634,D
ckpt_mlm_s42_token:14,1359,0.14381729350542893,0.13433798157050134,-0.12691212,M
ckpt_mlm_s42_token:14,1360,0.5035384617875316,0.2917555924068524,0.103942044,L
ckpt_mlm_s42_token:14,1361,0.6180136410083085,0.464540856842797,-0.03924331,E
ckpt_mlm_s42_token:14,1362,0.742966748356378,0.8526565019181137,0.009911373,T
ckpt_mlm_s42_token:14,1363,0.9332025798953436,0.9715173354111056,0.0042012483,N
ckpt_mlm_s42_token:14,1364,0.18543693850556464,0.1521986207027539,0.1610691,H
ckpt_mlm_s42_token:14,1365,0.33115719758226503,0.19296105352289808,-0.023392644,R
ckpt_mlm_s42_token:14,1366,0.7636553079962027,0.8627191514107252,0.1160841,L
ckpt_mlm_s42_token:14,1367,0.5187179644650137,0.36368177276495955,-0.009404074,W
ckpt_mlm_s42_token:14,1368,0.6265429127220474,0.5530013417558525,0.04117681,M
ckpt_mlm_s42_token:14,1369,0.13760391039081388,0.16541337456645822,-0.025372028,W
ckpt_mlm_s42_token:14,1370,0.437074428622785,0.5935690377749251,-0.017985284,M
ckpt_mlm_s42_token:14,1371,0.890849235620176,0.9466331398342299,0.014429655,A
ckpt_mlm_s42_token:14,1372,0.6253148048341806,0.7627260242635546,-0.01886481,D
ckpt_mlm_s42_token:14,1373,0.9929891147129557,0.9976197680780144,0.014364626,A
ckpt_mlm_s42_token:14,1374,0.08864473716112942,0.1260089145562625,0.17912245,W
ckpt_mlm_s42_token:14,1375,0.7625644748939954,0.6681970023530921,0.12005395,V
ckpt_mlm_s42_token:14,1376,0.5838101326638026,0.5301850546707532,-0.0064489655,R
ckpt_mlm_s42_token:14,1377,0.8199819102491565,0.9038500986783133,0.012065381,P
ckpt_mlm_s42_token:14,1378,0.0492191745395032,0.08869083255418589,-0.01573968,W
ckpt_mlm_s42_token:14,1379,0.3938522336256156,0.5931709858957592,0.050053835,C
ckpt_mlm_s42_token:14,1380,0.6874801285363965,0.5474108697911827,0.03927589,N
ckpt_mlm_s42_token:14,1381,0.7203326485321153,0.8382337121767004,-0.06595754,E
ckpt_mlm_s42_token:14,1382,0.12102341614330114,0.1724139564108807,0.4532938,S
ckpt_mlm_s42_token:14,1383,0.10594903765471264,0.10300784729711812,0.007244706,Y
ckpt_mlm_s42_token:14,1384,0.1338653423041678,0.1084563591849506,0.0035911202,N
ckpt_mlm_s42_token:14,1385,0.07983776429238154,0.12141171860453645,-0.16580129,H
ckpt_mlm_s42_token:14,1386,0.661772872742827,0.5245084554792858,0.0137315355,T
ckpt_mlm_s42_token:14,1387,0.8277147209093986,0.9098138985962466,0.016215153,A
ckpt_mlm_s42_token:14,1388,0.17905215709559918,0.2067130213425346,0.042191625,C
ckpt_mlm_s42_token:14,1389,0.8123543505716077,0.8962140632409873,0.09161075,I
ckpt_mlm_s42_token:14,1390,0.6084902822484614,0.42522750989898506,0.05102059,G
ckpt_mlm_s42_token:14,1391,0.5340949740246651,0.3832899828088164,-0.02434436,R
ckpt_mlm_s42_token:14,1392,0.6036225185411036,0.564699568375594,0.038839452,G
ckpt_mlm_s42_token:14,1393,0.7345412954358799,0.5225595858106463,0.08321958,L
ckpt_mlm_s42_token:14,1394,0.12454872775423254,0.09404224561528349,0.0667187,S
ckpt_mlm_s42_token:14,1395,0.9004878106673472,0.9542894107173223,-0.026463285,Q
ckpt_mlm_s42_token:14,1396,0.6904298583008514,0.47865529406192814,0.04905816,S
ckpt_mlm_s42_token:14,1397,0.6788300289119826,0.5773650570203569,-0.02179494,K
ckpt_mlm_s42_token:14,1398,0.7825116746707621,0.8666299512083272,0.021657676,Y
ckpt_mlm_s42_token:14,1399,0.6329488255968221,0.6284189156113063,0.048818056,A
ckpt_mlm_s42_token:14,1400,0.7138604404162887,0.5566435048150794,0.019050311,N
ckpt_mlm_s42_token:14,1401,0.1418750133943698,0.13609754040097755,0.03534627,M
ckpt_mlm_s42_token:14,1402,0.09452868316589691,0.12913973569875645,-0.10179591,D
ckpt_mlm_s42_token:14,1403,0.8884370287179075,0.9474414106581028,-0.050606955,E
ckpt_mlm_s42_token:14,1404,0.955282101260307,0.982315328445037,0.016331255,N
ckpt_mlm_s42_token:14,1405,0.7121453559610998,0.6761929645052652,-0.01318809,S
ckpt_mlm_s42_token:14,1406,0.5770776063013304,0.40902859680560205,0.0031005945,Y
ckpt_mlm_s42_token:14,1407,0.17827086708113604,0.25042305387726027,-0.02141738,Q
ckpt_mlm_s42_token:14,1408,0.5956347226217622,0.4210987064381815,0.008747008,K
ckpt_mlm_s42_token:14,1409,0.07662286554645759,0.15642876166822742,-0.03153062,S
ckpt_mlm_s42_token:14,1410,0.0881927895386444,0.12443939044169369,0.20954347,M
ckpt_mlm_s42_token:14,1411,0.6918271102658085,0.8247255827137998,0.0391694,F
ckpt_mlm_s42_token:14,1412,0.07649425778034835,0.11632363624738859,0.15421343,M
ckpt_mlm_s42_token:14,1413,0.16288832258547636,0.18550092930798698,0.07219398,W
ckpt_mlm_s42_token:14,1414,0.07167125586319734,0.11072885126179875,0.0096132755,K
ckpt_mlm_s42_token:14,1415,0.19250396821547078,0.2443540317265335,0.08960831,C
ckpt_mlm_s42_token:14,1416,0.5061813035544241,0.27881361079666195,0.03515281,N
ckpt_mlm_s42_token:14,1417,0.0708569265152148,0.11046383410407382,-0.064239025,E
ckpt_mlm_s42_token:14,1418,0.8405489285721919,0.9206148042104371,0.08663726,F
ckpt_mlm_s42_token:14,1419,0.8618850901713467,0.9346217453780824,0.11053187,V
ckpt_mlm_s42_token:14,1420,0.5431488004162845,0.6943143047715719,0.032672673,F
ckpt_mlm_s42_token:14,1421,0.09675457178761193,0.17965650721817558,-0.004674077,C
ckpt_mlm_s42_token:14,1422,0.48331484148017567,0.6712217116337255,0.056947052,W
ckpt_mlm_s42_token:14,1423,0.5825044101659262,0.35773297022411027,-0.034418337,N
ckpt_mlm_s42_token:14,1424,0.09404916077222181,0.1831705061812923,0.07845056,C
ckpt_mlm_s42_token:14,1425,0.43724021708278404,0.2783935070131834,0.12395641,L
ckpt_mlm_s42_token:14,1426,0.7789816649394997,0.8816389049578605,0.010502249,P
ckpt_mlm_s42_token:14,1427,0.12261945554726572,0.12167425307999898,0.1533469,N
ckpt_mlm_s42_token:14,1428,0.06863041442175033,0.1345239505438513,0.0118044615,C
ckpt_mlm_s42_token:14,1429,0.893509617005499,0.9517745567244633,-0.025198448,D
ckpt_mlm_s42_token:14,1430,0.1257550866332089,0.10784373982101829,0.025434375,A
ckpt_mlm_s42_token:14,1431,0.6892939842609207,0.816184395925447,-0.0429862,D
ckpt_mlm_s42_token:14,1432,0.8112581927931615,0.8909999165248467,0.016951673,A
ckpt_mlm_s42_token:14,1433,0.14508935140547263,0.20222722019243985,0.27651143,C
ckpt_mlm_s42_token:14,1434,0.7631503590049089,0.8626545425356408,0.019258454,T
ckpt_mlm_s42_token:14,1435,0.13580070189622329,0.2864804896023762,0.05192864,C
ckpt_mlm_s42_token:14,1436,0.6833472356326256,0.8210179945851219,0.100266814,C
ckpt_mlm_s42_token:14,1437,0.7689343392726468,0.8635866178969783,-0.057166323,E
ckpt_mlm_s42_token:14,1438,0.6918398849018306,0.486012720422604,0.0019038711,D
ckpt_mlm_s42_token:14,1439,0.7402218178618454,0.8514732516586494,0.04909502,Y
ckpt_mlm_s42_token:14,1440,0.67889434586205,0.5254554801123917,-0.04056852,P
ckpt_mlm_s42_token:14,1441,0.7198622422180385,0.7261205099741279,-0.023231126,Q
ckpt_mlm_s42_token:14,1442,0.5883134017726099,0.35528058786023675,0.004975982,D
ckpt_mlm_s42_token:14,1443,0.09477988174358831,0.13277774757446567,-0.13514245,M
ckpt_mlm_s42_token:14,1444,0.4378305404324332,0.2549057713933469,-0.0050225016,N
ckpt_mlm_s42_token:14,1445,0.09746829356892428,0.11545111892062972,-0.021680236,Q
ckpt_mlm_s42_token:14,1446,0.6355873699872971,0.5219769399032559,0.07271057,Y
ckpt_mlm_s42_token:14,1447,0.6446598703975222,0.4930101886004473,0.013393596,Q
ckpt_mlm_s42_token:14,1448,0.8450884630578163,0.9151429064628814,0.118317075,L
ckpt_mlm_s42_token:14,1449,0.6541542388224012,0.5200790262229003,-0.023806844,R
ckpt_mlm_s42_token:14,1450,0.8124145762485244,0.9023549392382416,0.015668422,Y
ckpt_mlm_s42_token:14,1451,0.6054776619330826,0.5060669255092056,0.02560255,P
ckpt_mlm_s42_token:14,1452,0.15247942082331356,0.16081211560236697,-0.7517798,R
ckpt_mlm_s42_token:14,1453,0.6888676804940527,0.5392996566018576,0.1516743,L
ckpt_mlm_s42_token:14,1454,0.13660330657731812,0.20032239433252186,-0.04134965,W
ckpt_mlm_s42_token:14,1455,0.10283177018024481,0.13406164736788004,0.067157626,C
ckpt_mlm_s42_token:14,1456,0.13998538853103015,0.17666121084220626,-0.017425776,C
ckpt_mlm_s42_token:14,1457,0.4718128398425586,0.3144002095001409,0.01820091,S
ckpt_mlm_s42_token:14,1458,0.48970568620965615,0.29496412263083965,0.061066687,Y
ckpt_mlm_s42_token:14,1459,0.0852358267436698,0.10643527419444239,0.016330242,H
ckpt_mlm_s42_token:14,1460,0.863139908669818,0.9339828806915254,-0.013095975,S
ckpt_mlm_s42_token:14,1461,0.6982699718296822,0.6502118869623308,0.11146846,L
ckpt_mlm_s42_token:14,1462,0.07071431534677486,0.11265414720522325,-0.009746671,H
ckpt_mlm_s42_token:14,1463,0.1504225010686676,0.1603512864196664,0.1876576,W
ckpt_mlm_s42_token:14,1464,0.10878491277557323,0.10939052318888762,0.055051804,F
ckpt_mlm_s42_token:14,1465,0.1447593464852801,0.11664466130813275,-0.055578113,I
ckpt_mlm_s42_token:14,1466,0.4471219961775237,0.28766655031078786,0.023306128,F
ckpt_mlm_s42_token:14,1467,0.5635698478135611,0.4725766933480389,0.0061350632,P
ckpt_mlm_s42_token:14,1468,0.7402638745180876,0.8304348323883092,0.018338826,A
ckpt_mlm_s42_token:14,1469,0.7264631164413968,0.526450406087295,0.19450931,V
ckpt_mlm_s42_token:14,1470,0.10737756776409757,0.13119235956053402,0.019556284,C
ckpt_mlm_s42_token:14,1471,0.3988337112621114,0.2640654247294415,-0.04589644,K
ckpt_mlm_s42_token:14,1472,0.1440934394072172,0.15315838734211587,0.01782465,Y
ckpt_mlm_s42_token:14,1473,0.07182501933614305,0.11821980857785352,0.04736471,Y
ckpt_mlm_s42_token:14,1474,0.641942788577144,0.46389988500690893,-0.06419555,E
ckpt_mlm_s42_token:14,1475,0.9597500456168211,0.983935371204183,-0.06394403,E
ckpt_mlm_s42_token:14,1476,0.49316011403717774,0.4007166388304264,0.021861393,S
ckpt_mlm_s42_token:14,1477,0.15339367246060753,0.17261350765091943,-0.010455847,Q
ckpt_mlm_s42_token:14,1478,0.6390850260988622,0.5084242352650402,-0.0033255704,N
ckpt_mlm_s42_token:14,1479,0.08490700543758989,0.10678689408491739,-0.09087825,F
ckpt_mlm_s42_token:14,1480,0.950145350863903,0.978990915095298,0.040220737,G
ckpt_mlm_s42_token:14,1481,0.9165009087782222,0.963861705811097,0.027443618,W
ckpt_mlm_s42_token:14,1482,0.6373587357742307,0.6537373078036762,-0.029247642,R
ckpt_mlm_s42_token:14,1483,0.7518886676610245,0.8678747991355109,0.08492452,C
ckpt_mlm_s42_token:14,1484,0.8741853233089814,0.9387637965448928,0.038144253,Y
ckpt_mlm_s42_token:14,1485,0.10903696537613017,0.14725499120152655,0.05371499,C
ckpt_mlm_s42_token:14,1486,0.7747903041534024,0.8804946952717316,-0.011745684,Q
ckpt_mlm_s42_token:14,1487,0.09009651038817712,0.0973380998973576,0.015075803,H
ckpt_mlm_s42_token:14,1488,0.5242405447661853,0.39671230744489155,0.013455143,G
ckpt_mlm_s42_token:14,1489,0.31799254853717995,0.28999992143309217,-0.09361768,T
ckpt_mlm_s42_token:14,1490,0.7574386957264108,0.8677132781602575,0.023533955,A
ckpt_mlm_s42_token:14,1491,0.518201382440286,0.4821288852718732,0.14768267,V
ckpt_mlm_s42_token:14,1492,0.6675834988339653,0.8017503087177323,0.004113078,W
ckpt_mlm_s42_token:14,1493,0.1697010163342556,0.14677623053669284,0.054785132,M
ckpt_mlm_s42_token:14,1494,0.6248124784790998,0.4920675672593588,-0.014982097,F
ckpt_mlm_s42_token:14,1495,0.6943908200101878,0.8238455720997087,0.08682871,I
ckpt_mlm_s42_token:14,1496,0.7512445823863131,0.6501331503834248,-0.045631565,K
ckpt_mlm_s42_token:14,1497,0.052352601219262884,0.09300835952584975,-0.01461947,H
ckpt_mlm_s42_token:14,1498,0.6268092026706875,0.7740396341962129,-0.031202123,K
ckpt_mlm_s42_token:14,1499,0.1161954174843084,0.16872719991153182,0.04605925,W
ckpt_mlm_s42_token:14,1500,0.06708803405271724,0.15541647613219114,0.068188906,C
ckpt_mlm_s42_token:14,1501,0.6414995669425401,0.529360366489127,0.10875894,V
ckpt_mlm_s42_token:14,1502,0.44340325789455004,0.2548107599118507,-0.050280828,N
ckpt_mlm_s42_token:14,1503,0.681700545554309,0.49472014239820017,0.023442648,Y
ckpt_mlm_s42_token:14,1504,0.6355494909234389,0.7836418868246562,0.033417717,F
ckpt_mlm_s42_token:14,1505,0.507715095179995,0.6768287323308567,0.055505037,C
ckpt_mlm_s42_token:14,1506,0.5608552054949126,0.40059887816663947,0.010142207,R
ckpt_mlm_s42_token:14,1507,0.1284529735751777,0.22408247874143256,0.6411152,C
ckpt_mlm_s42_token:14,1508,0.08250475154058923,0.16131120092227616,0.15136719,W
ckpt_mlm_s42_token:14,1509,0.06262295101385451,0.08263990809758001,-0.036564946,P
ckpt_mlm_s42_token:14,1510,0.910326541919179,0.9583359324471385,-0.05679117,E
ckpt_mlm_s42_token:14,1511,0.6148420653619395,0.3557031457686053,0.060277794,A
ckpt_mlm_s42_token:14,1512,0.5551793293522057,0.3996833876380298,0.029674206,G
ckpt_mlm_s42_token:14,1513,0.5572291352259315,0.34281919542824235,0.014976092,N
ckpt_mlm_s42_token:14,1514,0.5578355245622464,0.47358869293386624,-0.051687162,E
ckpt_mlm_s42_token:14,1515,0.10711663959508733,0.1790567049943297,0.0136060715,C
ckpt_mlm_s42_token:14,1516,0.0730784644371908,0.10682047013351705,0.05756247,C
ckpt_mlm_s42_token:14,1517,0.8877301529382468,0.9452707394517081,0.111917615,L
ckpt_mlm_s42_token:14,1518,0.8406573090866907,0.9209546285394704,0.034361944,Y
ckpt_mlm_s42_token:14,1519,0.8424096716397578,0.8984685139666251,0.11341288,L
ckpt_mlm_s42_token:14,1520,0.9485184480100489,0.978194246676899,0.03896027,G
ckpt_mlm_s42_token:14,1521,0.689317822703013,0.7427572479360891,0.039192587,G
ckpt_mlm_s42_token:14,1522,0.7146479191719171,0.8275813035809888,0.022710301,A
ckpt_mlm_s42_token:14,1523,0.910844070241288,0.9600269727073174,0.024655893,Y
ckpt_mlm_s42_token:14,1524,0.11777908970543927,0.1775523256797752,0.12153602,W
ckpt_mlm_s42_token:14,1525,0.15049618187188596,0.16736300190442469,-0.0387156,M
ckpt_mlm_s42_token:14,1526,0.7141874477798347,0.5173508989004932,-0.013447051,D
ckpt_mlm_s42_token:14,1527,0.5527984603677172,0.3343932244811638,-0.031131994,D
ckpt_mlm_s42_token:14,1528,0.4905334840412645,0.3961547197556072,0.07461703,I
ckpt_mlm_s42_token:14,1529,0.6365353331110425,0.6031907951057001,0.03641043,G
ckpt_mlm_s42_token:14,1530,0.11185639870120401,0.12471584124649043,-0.0022386312,C
ckpt_mlm_s42_token:14,1531,0.07922286866146055,0.1233753181073512,-0.021771193,E
ckpt_mlm_s42_token:14,1532,0.6495346012789555,0.4996835991611212,-0.049770556,E
ckpt_mlm_s42_token:14,1533,0.10761150867408242,0.13410335628416672,0.32066345,M
ckpt_mlm_s42_token:14,1534,0.8020632603800689,0.8946129255635608,0.11102904,L
ckpt_mlm_s42_token:14,1535,0.7611853986626508,0.8630367171214548,0.11681488,V
ckpt_mlm_s42_token:14,1536,0.05047740866223327,0.1311433253782513,0.4449402,W
ckpt_mlm_s42_token:14,1537,0.6547232350175671,0.5635925415691827,0.028852966,G
ckpt_mlm_s42_token:14,1538,0.6149024680582622,0.4809182489521656,0.021708265,P
ckpt_mlm_s42_token:14,1539,0.11502257273134076,0.11811630571154892,0.12399995,P
ckpt_mlm_s42_token:14,1540,0.5881542611725534,0.44224273094652555,-0.007428292,A
ckpt_mlm_s42_token:14,1541,0.5843687229102408,0.36615744200776196,0.115309946,F
ckpt_mlm_s42_token:14,1542,0.7145714436016488,0.6255232051092502,-0.05512567,Q
ckpt_mlm_s42_token:14,1543,0.052348033584527776,0.08665725338514255,0.03055048,W
ckpt_mlm_s42_token:14,1544,0.11430062158246768,0.11193926670035574,0.11484492,H
ckpt_mlm_s42_token:14,1545,0.6483984043160376,0.5296998687443236,0.023101911,T
ckpt_mlm_s42_token:14,1546,0.6361049211179207,0.549308893758607,0.040465258,I
ckpt_mlm_s42_token:14,1547,0.3732541934411354,0.555017618682064,0.10801554,C
ckpt_mlm_s42_token:14,1548,0.1127205487206493,0.11985643277894541,0.02511406,M
ckpt_mlm_s42_token:14,1549,0.5245472494756863,0.3160958923979665,0.014586914,A
ckpt_mlm_s42_token:14,1550,0.05743313423305363,0.12837736962148577,0.09587312,F
ckpt_mlm_s42_token:14,1551,0.5712152385087059,0.3471562176777192,0.04055365,G
ckpt_mlm_s42_token:14,1552,0.13638328112690534,0.1647934280321128,0.11986089,C
ckpt_mlm_s42_token:14,1553,0.9318065214068925,0.9710922842092746,0.018389221,N
ckpt_mlm_s42_token:14,1554,0.8656296763650693,0.9343874776611282,0.008803554,T
ckpt_mlm_s42_token:14,1555,0.2786547520448246,0.37619177290246586,-0.39498246,D
ckpt_mlm_s42_token:14,1556,0.5997960100320663,0.40752835939232296,0.0011733659,T
ckpt_mlm_s42_token:14,1557,0.20299883527805807,0.2695344536826875,0.025575876,C
ckpt_mlm_s42_token:14,1558,0.7932788159237418,0.8895000089723163,0.007080771,A
ckpt_mlm_s42_token:14,1559,0.7337778302817886,0.8497832684181347,0.019882128,N
ckpt_mlm_s42_token:14,1560,0.6354561121140969,0.5261035616658745,-0.03007828,R
ckpt_mlm_s42_token:14,1561,0.0816271373802252,0.09725412727285651,-0.11237526,S
ckpt_mlm_s42_token:14,1562,0.5206266419935213,0.46512323075081186,0.015465047,A
ckpt_mlm_s42_token:14,1563,0.6358904888164734,0.6139946084100187,-0.022514246,R
ckpt_mlm_s42_token:14,1564,0.8637330196708896,0.9296349945968434,-0.04725212,E
ckpt_mlm_s42_token:14,1565,0.6931657624950684,0.569286663824359,0.017341718,H
ckpt_mlm_s42_token:14,1566,0.518100599462241,0.33773607382649246,0.004740048,G
ckpt_mlm_s42_token:14,1567,0.7247343544042332,0.5669032721008023,-0.042615015,E
ckpt_mlm_s42_token:14,1568,0.5581982511055288,0.42745435586406083,0.031381942,S
ckpt_mlm_s42_token:14,1569,0.4652248701712004,0.6547491611148432,0.02711624,W
ckpt_mlm_s42_token:14,1570,0.6919986866541481,0.808905738368529,0.12028481,L
ckpt_mlm_s42_token:14,1571,0.08412998299045782,0.1334880966368981,0.017833114,W
ckpt_mlm_s42_token:14,1572,0.5265408674726552,0.6837169375798327,0.12391065,L
ckpt_mlm_s42_token:14,1573,0.7348376726802711,0.6987159673858405,0.13776915,L
ckpt_mlm_s42_token:14,1574,0.11134767508038101,0.1158715454639897,-0.18282628,N
ckpt_mlm_s42_token:14,1575,0.413764957949429,0.44531591149744765,-0.011013567,R
ckpt_mlm_s42_token:14,1576,0.5042295362923767,0.3241790514939855,0.03789919,W
ckpt_mlm_s42_token:14,1577,0.7807415715232656,0.8832396355239891,-0.013063058,Q
ckpt_mlm_s42_token:14,1578,0.5729771593398225,0.39201636178577476,0.04069424,V
ckpt_mlm_s42_token:14,1579,0.6634746041123498,0.5250493294702813,0.08147585,V
ckpt_mlm_s42_token:14,1580,0.11161135149230206,0.1319273074134712,-0.067098856,F
ckpt_mlm_s42_token:14,1581,0.692209110260344,0.501746646292396,-0.046281256,K
ckpt_mlm_s42_token:14,1582,0.38332592509668817,0.539453729648081,0.027764857,C
ckpt_mlm_s42_token:14,1583,0.5742276004897089,0.3981024827988493,-0.0032474548,T
ckpt_mlm_s42_token:14,1584,0.09376724084860388,0.1296346890803136,-0.23863387,E
ckpt_mlm_s42_token:14,1585,0.0650657810441927,0.1048908233711086,0.006018162,Q
ckpt_mlm_s42_token:14,1586,0.13742100855192374,0.16177503326566775,-0.00052666664,C
ckpt_mlm_s42_token:14,1587,0.6016554139983548,0.4251606854031406,0.0746297,T
ckpt_mlm_s42_token:14,1588,0.10453225536019717,0.10236946817032008,0.064694166,I
ckpt_mlm_s42_token:14,1589,0.6265335107308763,0.6292800686125362,0.10913001,L
ckpt_mlm_s42_token:14,1590,0.6705398083263061,0.659397502649315,0.11825603,L
ckpt_mlm_s42_token:14,1591,0.6842028648182474,0.801848905678158,0.0053964853,H
ckpt_mlm_s42_token:14,1592,0.9216593185647128,0.9652203674104098,0.03127526,G
ckpt_mlm_s42_token:14,1593,0.8489625715016177,0.9272058229556793,0.103799105,C
ckpt_mlm_s42_token:14,1594,0.9348559864852719,0.9721225711842743,0.004582204,P
ckpt_mlm_s42_token:14,1595,0.06694378917944055,0.09356178389136138,0.0028765202,M
ckpt_mlm_s42_token:14,1596,0.6504862753740746,0.47073349615506327,-0.021669976,R
ckpt_mlm_s42_token:14,1597,0.06694807955297011,0.09809962438093806,-0.36793828,S
ckpt_mlm_s42_token:14,1598,0.8730927831493389,0.9373944874254697,-0.05268829,E
ckpt_mlm_s42_token:14,1599,0.9017664734213167,0.9550952844448124,0.008212328,P
ckpt_mlm_s42_token:14,1600,0.10227779436452533,0.08391174397474621,-0.0473454,M
ckpt_mlm_s42_token:14,1601,0.6764167440633597,0.8139368718777793,0.017736793,M
ckpt_mlm_s42_token:14,1602,0.8334690998448999,0.916591759485654,-0.0010421202,Q
ckpt_mlm_s42_token:14,1603,0.6594412983142619,0.5216933375106887,-0.012169346,S
ckpt_mlm_s42_token:14,1604,0.11120628136090649,0.10128125466501128,0.07790744,W
ckpt_mlm_s42_token:14,1605,0.49573169041314913,0.5758298528762289,0.037109494,C
ckpt_mlm_s42_token:14,1606,0.8403287430034811,0.921840078844865,-0.047783423,E
ckpt_mlm_s42_token:14,1607,0.5962064550993341,0.3646897483483296,0.1461257,Y
ckpt_mlm_s42_token:14,1608,0.633570966209624,0.48151120813341797,0.04172609,L
ckpt_mlm_s42_token:14,1609,0.09559933671972842,0.1273940965827434,-0.0051681995,S
ckpt_mlm_s42_token:14,1610,0.14260717685019775,0.12498206121416082,0.045660257,G
ckpt_mlm_s42_token:14,1611,0.21270689793230446,0.3206509440880363,0.005725622,G
ckpt_mlm_s42_token:14,1612,0.07673821971266259,0.1429635267766556,0.1357925,I
ckpt_mlm_s42_token:14,1613,0.6519137611530292,0.4981282018322826,-0.050807014,E
ckpt_mlm_s42_token:14,1614,0.6592104116924333,0.5475593928997551,0.03376063,P
ckpt_mlm_s42_token:14,1615,0.8452387268082394,0.9208772035154281,-0.01940532,D
ckpt_mlm_s42_token:14,1616,0.6604638274397263,0.5366624348882554,-0.024474127,T
ckpt_mlm_s42_token:14,1617,0.613617135950645,0.7568135707965324,-0.016269162,R
ckpt_mlm_s42_token:14,1618,0.09209531874116827,0.14930016263672938,-0.015537739,C
ckpt_mlm_s42_token:14,1619,0.127405975165091,0.17037457486438587,0.07038808,C
ckpt_mlm_s42_token:14,1620,0.17602522968672585,0.2264534745508871,-0.04467678,Q
ckpt_mlm_s42_token:14,1621,0.8288342914167658,0.9129404210689949,0.0027590096,H
ckpt_mlm_s42_token:14,1622,0.897342072543706,0.9498390646825698,0.01092324,A
ckpt_mlm_s42_token:14,1623,0.6543813367141227,0.6632529268334493,0.00837316,A
ckpt_mlm_s42_token:14,1624,0.17299873915189157,0.15327762531684103,0.12822056,M
ckpt_mlm_s42_token:14,1625,0.19565203700965428,0.178577194117598,0.09867144,H
ckpt_mlm_s42_token:14,1626,0.6464126492377023,0.7968711739330124,0.0041167736,P
ckpt_mlm_s42_token:14,1627,0.6457981910163215,0.474573575075042,0.068714,L
ckpt_mlm_s42_token:14,1628,0.707405307423526,0.5113896823314691,-0.021241482,R
ckpt_mlm_s42_token:14,1629,0.6439401147389097,0.5819288837388475,-0.03838239,K
ckpt_mlm_s42_token:14,1630,0.8808338445093858,0.942693667843014,-0.02744431,R
ckpt_mlm_s42_token:14,1631,0.6377704326737836,0.531073787563196,0.053380772,I
ckpt_mlm_s42_token:14,1632,0.71239940568642,0.8381216973616757,-0.006964907,Q
ckpt_mlm_s42_token:14,1633,0.8651405877084691,0.9331691714411532,-0.055289924,K
ckpt_mlm_s42_token:14,1634,0.4403835737008819,0.4570510083678891,-0.026545107,R
ckpt_mlm_s42_token:14,1635,0.5635484836644553,0.39023975815557616,-0.046798367,K
ckpt_mlm_s42_token:14,1636,0.09009464058681571,0.1718879430609781,-0.072639465,W
ckpt_mlm_s42_token:14,1637,0.7850989665750563,0.8853194081043471,-0.042739652,K
ckpt_mlm_s42_token:14,1638,0.6980613058575615,0.4807906399416826,0.06328248,I
ckpt_mlm_s42_token:14,1639,0.06850287836631475,0.10361520666226118,0.017014265,W
ckpt_mlm_s42_token:14,1640,0.654796311465054,0.5415447306500221,0.05959417,F
ckpt_mlm_s42_token:14,1641,0.7918801965565412,0.8875393162154763,0.005027905,P
ckpt_mlm_s42_token:14,1642,0.5284068752856379,0.3432700741274198,-0.005099844,S
ckpt_mlm_s42_token:14,1643,0.1405513424049789,0.11132173979356598,0.048624873,H
ckpt_mlm_s42_token:14,1644,0.6579441487977193,0.5038933869321046,-0.048723437,E
ckpt_mlm_s42_token:14,1645,0.49512402323674054,0.6404321239724959,0.03287053,W
ckpt_mlm_s42_token:14,1646,0.14906346976799978,0.1577280163120601,-0.119665265,K
ckpt_mlm_s42_token:14,1647,0.5434697580921419,0.4520629531495512,-0.06346875,K
ckpt_mlm_s42_token:14,1648,0.4358606297451806,0.61248685587273,0.022496283,M
ckpt_mlm_s42_token:14,1649,0.6941027786020746,0.5711451004424382,-0.041106846,E
ckpt_mlm_s42_token:14,1650,0.5221299564368683,0.46130181396403913,0.02171522,T
ckpt_mlm_s42_token:14,1651,0.6317878088523052,0.6233196726370261,0.0180323,S
ckpt_mlm_s42_token:14,1652,0.8665658381277724,0.9342945929994165,-0.033078484,R
ckpt_mlm_s42_token:14,1653,0.1754658644354915,0.1299094466603184,-5.9247017e-05,R
ckpt_mlm_s42_token:14,1654,0.16173254807975967,0.22492660557629565,1.2317278,W
ckpt_mlm_s42_token:14,1655,0.6752280497525818,0.6884691102321824,0.011506906,S
ckpt_mlm_s42_token:14,1656,0.6489116586544126,0.6586322611982495,-0.05235084,E
ckpt_mlm_s42_token:14,1657,0.5202277883725732,0.4534019909204858,0.024089172,P
ckpt_mlm_s42_token:14,1658,0.6190764023773818,0.5339269975113563,0.114431575,I
ckpt_mlm_s42_token:14,1659,0.6589692354854342,0.5936322775752549,-0.051443636,K
ckpt_mlm_s42_token:14,1660,0.12606262780022104,0.14123585832149482,0.05056286,H
ckpt_mlm_s42_token:14,1661,0.09255300510381848,0.12435986802034726,0.02689457,W
ckpt_mlm_s42_token:14,1662,0.15273792147695375,0.17535867237603095,-0.07059872,M
ckpt_mlm_s42_token:14,1663,0.9505090633119184,0.9791333712001681,-0.00084272027,P
ckpt_mlm_s42_token:14,1664,0.09392490406372367,0.09938703210629338,-0.06434858,N
ckpt_mlm_s42_token:14,1665,0.6996424786893058,0.5071128565061708,-0.015207488,Q
ckpt_mlm_s42_token:14,1666,0.637618721001499,0.5842588068340854,-0.02646827,D
ckpt_mlm_s42_token:14,1667,0.4614563717781137,0.4079399146265649,0.00746274,M
ckpt_mlm_s42_token:14,1668,0.7407416794065539,0.8566404561745742,0.028627492,T
ckpt_mlm_s42_token:14,1669,0.6723571456059727,0.5723512023112591,0.0032974556,T
ckpt_mlm_s42_token:14,1670,0.15663780725345455,0.21530279935167454,-0.106806755,C
ckpt_mlm_s42_token:14,1671,0.5556917685269536,0.5263859130701676,-0.0023093969,S
ckpt_mlm_s42_token:14,1672,0.18358521662998106,0.23984787955697173,-0.0716002,C
ckpt_mlm_s42_token:14,1673,0.14759791725396731,0.2233530740258816,0.20447636,C
ckpt_mlm_s42_token:14,1674,0.4490287391624864,0.3051540235562039,0.03173652,N
ckpt_mlm_s42_token:14,1675,0.5501089848879204,0.4333444247564205,0.119788766,L
ckpt_mlm_s42_token:14,1676,0.5797373175586054,0.49408961420175523,-0.00095028896,N
ckpt_mlm_s42_token:14,1677,0.8372400199181329,0.9072861531552612,0.029749095,Y
ckpt_mlm_s42_token:14,1678,0.8856307731037747,0.9447593449484848,-0.060009465,E
ckpt_mlm_s42_token:14,1679,0.5200487971297896,0.6906040783649455,0.028420836,Y
ckpt_mlm_s42_token:14,1680,0.14387356130457962,0.18532964698996993,-0.030666828,W
ckpt_mlm_s42_token:14,1681,0.818518299189263,0.9081348894160265,0.0068604574,T
ckpt_mlm_s42_token:14,1682,0.4881171157727481,0.37839040913890654,0.014195826,S
ckpt_mlm_s42_token:14,1683,0.715236563180444,0.6484722078839374,-0.02778714,P
ckpt_mlm_s42_token:14,1684,0.08477392264119654,0.08688798534682166,0.06432736,Q
ckpt_mlm_s42_token:14,1685,0.4569707218863942,0.26570982318980485,0.056950055,G
ckpt_mlm_s42_token:14,1686,0.08209986456712881,0.12538501155632661,-0.07600784,W
ckpt_mlm_s42_token:14,1687,0.881948865276647,0.940830713278542,0.017053362,A
ckpt_mlm_s42_token:14,1688,0.514683778709586,0.3183240564752106,-0.0092282975,D
ckpt_mlm_s42_token:14,1689,0.504071591620705,0.678021126177065,0.06300974,C
ckpt_mlm_s42_token:14,1690,0.08803528916119907,0.10064808656711897,0.08847797,M
ckpt_mlm_s42_token:14,1691,0.8358404026143276,0.8940570316186233,0.035902534,G
ckpt_mlm_s42_token:14,1692,0.7814472308259479,0.8846852381156283,0.011867844,T
ckpt_mlm_s42_token:14,1693,0.41564152929799447,0.243951312572458,0.07846691,L
ckpt_mlm_s42_token:14,1694,0.8030870306096374,0.8944036458749285,-0.0013455078,N
ckpt_mlm_s42_token:14,1695,0.5264383411372568,0.681307073181553,0.018732488,M
ckpt_mlm_s42_token:14,1696,0.7284691703412725,0.6405626489243151,0.006735474,N
ckpt_mlm_s42_token:14,1697,0.5848193721552744,0.7526466722905162,-0.0091199875,W
ckpt_mlm_s42_token:14,1698,0.17111120946747604,0.21048564694062943,0.18601143,M
ckpt_mlm_s42_token:14,1699,0.7015616662200707,0.5277287303777779,-0.0020163618,R
ckpt_mlm_s42_token:14,1700,0.4795085811178865,0.6436902878530892,0.023962736,Y
ckpt_mlm_s42_token:14,1701,0.8108310254569334,0.8942335844654729,-0.038278714,K
ckpt_mlm_s42_token:14,1702,0.6809338889397845,0.8065223734943928,0.02647189,G
ckpt_mlm_s42_token:14,1703,0.6142931673472269,0.4096011137670544,-0.012014914,A
ckpt_mlm_s42_token:14,1704,0.6671068667010325,0.5198629836408174,-0.040915336,H
ckpt_mlm_s42_token:14,1705,0.8901906961840699,0.9471061028086754,-0.025726747,R
ckpt_mlm_s42_token:14,1706,0.07833608761086075,0.10949222870955391,-0.0030493736,M
ckpt_mlm_s42_token:14,1707,0.17570989674998982,0.1740811083841698,0.055985212,H
ckpt_mlm_s42_token:14,1708,0.7211835860305329,0.8369695465959703,-0.003350839,N
ckpt_mlm_s42_token:14,1709,0.7444379346512108,0.8639520962240794,0.044239312,M
ckpt_mlm_s42_token:14,1710,0.1361649881197513,0.21479022904862186,0.1612835,W
ckpt_mlm_s42_token:14,1711,0.6002004028937584,0.4768541505663753,-0.025950722,R
ckpt_mlm_s42_token:14,1712,0.1306106954176538,0.19140364803820314,0.0071909428,W
ckpt_mlm_s42_token:14,1713,0.773077785318475,0.875472376625596,-0.0068953857,S
ckpt_mlm_s42_token:14,1714,0.662095282042465,0.6505708601450747,0.028564194,P
ckpt_mlm_s42_token:14,1715,0.12406679418139488,0.13597361823460424,0.19492507,N
ckpt_mlm_s42_token:14,1716,0.5985381439249776,0.47820103589537155,0.01860046,A
ckpt_mlm_s42_token:14,1717,0.15998210398297774,0.23491788896257398,-0.0025382042,W
ckpt_mlm_s42_token:14,1718,0.705561439983808,0.4903970536027993,-0.003968902,A
ckpt_mlm_s42_token:14,1719,0.5873815872789145,0.41985035943947885,-0.03786151,D
ckpt_mlm_s42_token:14,1720,0.1005953277826025,0.12697354248439446,-0.03694737,W
ckpt_mlm_s42_token:14,1721,0.13191364310350473,0.17450876189560968,0.25685644,F
ckpt_mlm_s42_token:14,1722,0.12434768622038461,0.14487938895682462,-0.016320348,M
ckpt_mlm_s42_token:14,1723,0.8063012725753795,0.8955934124172602,0.0768661,I
ckpt_mlm_s42_token:14,1724,0.5223902412845028,0.3609414896057014,0.14686309,L
ckpt_mlm_s42_token:14,1725,0.8416880534337066,0.9229035922926089,0.012091607,Y
ckpt_mlm_s42_token:14,1726,0.9025513937589305,0.954061576654656,0.012055609,A
ckpt_mlm_s42_token:14,1727,0.10982461085752371,0.15340559813486224,0.018188477,W
ckpt_mlm_s42_token:14,1728,0.7205433537760876,0.7401442434760337,0.015644968,T
ckpt_mlm_s42_token:14,1729,0.8846634287919009,0.9450152734641416,0.020076402,T
ckpt_mlm_s42_token:14,1730,0.12388785172820949,0.1033474586774418,-0.025390863,Y
ckpt_mlm_s42_token:14,1731,0.09526205815906219,0.15551292008446924,-0.14480603,C
ckpt_mlm_s42_token:14,1732,0.12539742392378628,0.1289258070537995,2.1121614,D
ckpt_mlm_s42_token:14,1733,0.7421238714121217,0.8612073825608908,0.022763386,H
ckpt_mlm_s42_token:14,1734,0.696602154205383,0.6020574618035472,0.013857666,A
ckpt_mlm_s42_token:14,1735,0.07701048746779049,0.10805658026885143,0.039582014,H
ckpt_mlm_s42_token:14,1736,0.6337599549901339,0.7757557140105605,-0.020428985,D
ckpt_mlm_s42_token:14,1737,0.09306751859728168,0.16471483188262412,-0.03597462,C
ckpt_mlm_s42_token:14,1738,0.09187940648644166,0.13962970551367784,0.0052746534,W
ckpt_mlm_s42_token:14,1739,0.4479968150357003,0.25371554943856733,0.032545768,R
ckpt_mlm_s42_token:14,1740,0.9362834678366699,0.9734485852201648,0.016345024,N
ckpt_mlm_s42_token:14,1741,0.534380912571793,0.4287810489835555,0.009590082,T
ckpt_mlm_s42_token:14,1742,0.6873939996550567,0.5446437069656213,0.057377294,Y
ckpt_mlm_s42_token:14,1743,0.12650449734705527,0.13367509145936188,-0.0037609339,F
ckpt_mlm_s42_token:14,1744,0.48730417851004415,0.662205616149883,-0.011577547,M
ckpt_mlm_s42_token:14,1745,0.648266001652565,0.5896096484829783,-0.046912335,K
ckpt_mlm_s42_token:14,1746,0.587730628212052,0.4768581763543609,-0.02157732,D
ckpt_mlm_s42_token:14,1747,0.9368176064458482,0.9730908664397335,0.024680786,N
ckpt_mlm_s42_token:14,1748,0.5865605485294227,0.42428501615912184,0.07646577,L
ckpt_mlm_s42_token:14,1749,0.7039722790301711,0.5675651818556269,0.029752456,N
ckpt_mlm_s42_token:14,1750,0.3774540737818436,0.5031456602567487,0.043323517,M
ckpt_mlm_s42_token:14,1751,0.9803852054423872,0.9932800608380052,0.3338512,C
ckpt_mlm_s42_token:14,1752,0.6256769681221688,0.48409616879421,0.042999938,W
ckpt_mlm_s42_token:14,1753,0.8054602664233566,0.8955717134455924,0.048028305,M
ckpt_mlm_s42_token:14,1754,0.49800566464475726,0.42279315993098043,0.0046619773,T
ckpt_mlm_s42_token:14,1755,0.8582965466588701,0.9228707506928597,0.024350718,Y
ckpt_mlm_s42_token:14,1756,0.6867314960883385,0.5780267979441469,0.04048703,G
ckpt_mlm_s42_token:14,1757,0.09410898049700178,0.11338170784429863,0.007458329,P
ckpt_mlm_s42_token:14,1758,0.1646131583536009,0.23136224537073652,0.074145675,C
ckpt_mlm_s42_token:14,1759,0.5590997792146577,0.403655672859774,0.112402275,I
ckpt_mlm_s42_token:14,1760,0.6731393539654833,0.5818818995305535,-0.020911612,R
ckpt_mlm_s42_token:14,1761,0.06875069114327237,0.14308696773067756,0.06452942,M
ckpt_mlm_s42_token:14,1762,0.7215547933091568,0.6509299423647381,-0.04754004,E
ckpt_mlm_s42_token:14,1763,0.7059717318315983,0.505468467205878,-0.033843253,E
ckpt_mlm_s42_token:14,1764,0.08387070813602582,0.14705907248149414,0.03310728,C
ckpt_mlm_s42_token:14,1765,0.14439151350011703,0.21118716015818043,0.054301143,F
ckpt_mlm_s42_token:14,1766,0.5880278503215497,0.35360525055272707,-0.024682043,G
ckpt_mlm_s42_token:14,1767,0.6130639313302764,0.7474092299699007,0.021554857,W
ckpt_mlm_s42_token:14,1768,0.07337078235491679,0.09633829374306183,-0.0018734932,S
ckpt_mlm_s42_token:14,1769,0.10550230025910401,0.11085289946471548,0.0045825243,W
ckpt_mlm_s42_token:14,1770,0.6870308213190667,0.6525209460765387,-0.025344238,R
ckpt_mlm_s42_token:14,1771,0.7540719707739401,0.8658914863953845,-0.021439001,D
ckpt_mlm_s42_token:14,1772,0.09154607574244933,0.09287009871560983,0.151492,P
ckpt_mlm_s42_token:14,1773,0.5470470531057681,0.5025382646535479,0.057720214,V
ckpt_mlm_s42_token:14,1774,0.6544529132689045,0.5564793633967897,0.11010467,F
ckpt_mlm_s42_token:14,1775,0.6083195709967641,0.48564718239525206,0.0065126307,T
ckpt_mlm_s42_token:14,1776,0.12637746592053023,0.12713424299509998,-0.030133486,Q
ckpt_mlm_s42_token:14,1777,0.9690236003225294,0.9879960208048193,-0.062002838,K
ckpt_mlm_s42_token:14,1778,0.7428883065645309,0.8355111948355212,-0.015771471,R
ckpt_mlm_s42_token:14,1779,0.1433008477458837,0.12139926486594191,-0.019141793,Y
ckpt_mlm_s42_token:14,1780,0.7454070012374359,0.5510686280811795,0.023350751,G
ckpt_mlm_s42_token:14,1781,0.6872186632109075,0.5876925356002006,0.010635585,P
ckpt_mlm_s42_token:14,1782,0.9016092354567763,0.954394136117031,0.11127802,L
ckpt_mlm_s42_token:14,1783,0.5611301255477097,0.4667981131501659,0.11941517,V
ckpt_mlm_s42_token:14,1784,0.8151643250156821,0.9040056073005175,0.1018437,I
ckpt_mlm_s42_token:14,1785,0.7869331175998288,0.8838278140909174,0.022921547,A
ckpt_mlm_s42_token:14,1786,0.1797135640084001,0.21809818079934234,0.20929718,H
ckpt_mlm_s42_token:14,1787,0.839092827477989,0.911276653466187,0.0077096634,A
ckpt_mlm_s42_token:14,1788,0.5823064499781518,0.3680142673127327,0.09641319,T
ckpt_mlm_s42_token:14,1789,0.17167362120427299,0.17107804352886338,0.27649236,H
ckpt_mlm_s42_token:14,1790,0.11747204522077637,0.18951879011609607,0.29492307,W
ckpt_mlm_s42_token:14,1791,0.7005865728233052,0.635841755899886,0.07935372,V
ckpt_mlm_s42_token:14,1792,0.09196457629487531,0.1158427866967195,0.047347546,R
ckpt_mlm_s42_token:14,1793,0.7976325126344866,0.8917487984249969,0.019111544,T
ckpt_mlm_s42_token:14,1794,0.6646959108636991,0.5620420900386899,0.06590344,F
ckpt_mlm_s42_token:14,1795,0.5797627651889585,0.37574854558723086,0.0049582683,N
ckpt_mlm_s42_token:14,1796,0.7568659446502353,0.8573238042412599,0.017063588,P
ckpt_mlm_s42_token:14,1797,0.6486961308885111,0.511411056629656,0.058027804,W
ckpt_mlm_s42_token:14,1798,0.38880683259210136,0.18260550499138306,0.0037558898,D
ckpt_mlm_s42_token:14,1799,0.5726751420655294,0.3375695997527504,0.00574217,T
ckpt_mlm_s42_token:14,1800,0.6421912589233953,0.527217480634565,0.07128577,F
ckpt_mlm_s42_token:14,1801,0.9012101365086753,0.9554075208477344,0.015866846,H
ckpt_mlm_s42_token:14,1802,0.13310225026383793,0.1982690218433111,0.0650897,C
ckpt_mlm_s42_token:14,1803,0.09054255499719632,0.10551140630813095,0.068197966,V
ckpt_mlm_s42_token:14,1804,0.7037379070830383,0.6535744099761899,0.08855435,V
ckpt_mlm_s42_token:14,1805,0.7010588431818868,0.6056290070498752,-0.037924144,K
ckpt_mlm_s42_token:14,1806,0.13190091992014308,0.13290130392211782,0.043071985,W
ckpt_mlm_s42_token:14,1807,0.6954860487038986,0.49984640953894555,0.09464334,V
ckpt_mlm_s42_token:14,1808,0.6556223319045882,0.7984674119376446,0.016478539,H
ckpt_mlm_s42_token:14,1809,0.5612529590247683,0.42784303300361115,0.0493197,I
ckpt_mlm_s42_token:14,1810,0.7164167631562315,0.6298392025196856,0.017083876,P
ckpt_mlm_s42_token:14,1811,0.08708669528751845,0.11878147703497635,0.053569436,I
ckpt_mlm_s42_token:14,1812,0.6315701637031716,0.5932191817116947,0.016767219,N
ckpt_mlm_s42_token:14,1813,0.6724529428269155,0.4917983157774591,0.04380913,Q
ckpt_mlm_s42_token:14,1814,0.7980583863527547,0.897312131984924,0.034640208,Y
ckpt_mlm_s42_token:14,1815,0.25465395531700386,0.3896474577896206,-0.12070274,W
ckpt_mlm_s42_token:14,1816,0.18087669594217093,0.3072100379051581,-0.15324593,W
ckpt_mlm_s42_token:14,1817,0.8017111338115633,0.893527565555271,0.010495678,A
ckpt_mlm_s42_token:14,1818,0.8937990746347663,0.9508434110310233,0.042132348,Y
ckpt_mlm_s42_token:14,1819,0.062312973104345026,0.09371548168066854,0.0047580004,H
ckpt_mlm_s42_token:14,1820,0.8780644438774605,0.9361862708511768,0.016951751,A
ckpt_mlm_s42_token:14,1821,0.1129859265122315,0.1313813209682213,0.050952077,W
ckpt_mlm_s42_token:14,1822,0.5412736876846316,0.5722339498797369,0.094567865,C
ckpt_mlm_s42_token:14,1823,0.46399654971591664,0.27802029097014963,0.026678782,A
ckpt_mlm_s42_token:14,1824,0.11415958611686794,0.12463833286500797,0.029083252,N
ckpt_mlm_s42_token:14,1825,0.8824930414438716,0.9436624604202903,0.014221691,T
ckpt_mlm_s42_token:14,1826,0.5586747823759584,0.4229129353660697,0.013975749,G
ckpt_mlm_s42_token:14,1827,0.5065774130466902,0.6732084372592813,-0.013563186,M
ckpt_mlm_s42_token:14,1828,0.17241087482388173,0.26472225211037714,0.066084385,W
ckpt_mlm_s42_token:14,1829,0.5861584465506445,0.4215998984566735,-0.020455996,P
ckpt_mlm_s42_token:14,1830,0.759751332095003,0.864203991438003,0.09512332,W
ckpt_mlm_s42_token:14,1831,0.7543364752865453,0.8689805827425175,0.10916898,C
ckpt_mlm_s42_token:14,1832,0.8140453887511546,0.9018673458637013,-0.05581395,E
ckpt_mlm_s42_token:14,1833,0.08452537207969912,0.14069226771361004,0.002051115,M
ckpt_mlm_s42_token:14,1834,0.6501986537504267,0.5621714845360041,-0.005908273,A
ckpt_mlm_s42_token:14,1835,0.655282204559125,0.4875844013303694,0.03495097,N
ckpt_mlm_s42_token:14,1836,0.8293296614855469,0.9072646602697283,-0.025778208,D
ckpt_mlm_s42_token:14,1837,0.658413368431532,0.5052933702480951,0.059920084,Y
ckpt_mlm_s42_token:14,1838,0.09348269139948329,0.11117390350215618,0.02686739,V
ckpt_mlm_s42_token:14,1839,0.640694526570871,0.782143901928285,0.020631552,Y
ckpt_mlm_s42_token:14,1840,0.7157379158361319,0.6844084328764538,0.08227132,I
ckpt_mlm_s42_token:14,1841,0.7089819813786251,0.5589455965227386,-0.007898916,A
ckpt_mlm_s42_token:14,1842,0.7665073073060389,0.8772962016197305,0.021155551,H
ckpt_mlm_s42_token:14,1843,0.10263784157688749,0.1602817906465846,0.24333191,W
ckpt_mlm_s42_token:14,1844,0.14651233010539078,0.11872291674695042,0.1284157,F
ckpt_mlm_s42_token:14,1845,0.10088008038555074,0.13460899219248307,0.1471864,C
ckpt_mlm_s42_token:14,1846,0.11387421365926587,0.18169868545967474,-0.06458461,H
ckpt_mlm_s42_token:14,1847,0.5721893562712861,0.4187613478363558,0.077514715,V
ckpt_mlm_s42_token:14,1848,0.7336751562255033,0.8512948435775156,0.05172959,M
ckpt_mlm_s42_token:14,1849,0.0976384037068262,0.10773534897297048,0.022511363,F
ckpt_mlm_s42_token:14,1850,0.1241822405074523,0.19696036704482883,-0.0044751167,C
ckpt_mlm_s42_token:14,1851,0.8494776863982783,0.9243512653601892,-0.0076378807,S
ckpt_mlm_s42_token:14,1852,0.6585259573215931,0.795266599731834,0.005147457,S
ckpt_mlm_s42_token:14,1853,0.596153416123266,0.4339881897495208,0.10245202,L
ckpt_mlm_s42_token:14,1854,0.6733650901974609,0.6056997393107569,0.03711717,P
ckpt_mlm_s42_token:14,1855,0.6990905552930595,0.8238464209870887,-0.040129587,Q
ckpt_mlm_s42_token:14,1856,0.6266422320094575,0.7702746853951362,0.084947646,I
ckpt_mlm_s42_token:14,1857,0.5423635342359917,0.46006720984845995,0.03678866,N
ckpt_mlm_s42_token:14,1858,0.5718291284163164,0.41972438778105253,0.06632955,I
ckpt_mlm_s42_token:14,1859,0.08734987569479902,0.10782814678780643,0.03611517,W
ckpt_mlm_s42_token:14,1860,0.08113704697157631,0.1446080847085746,0.08538365,F
ckpt_mlm_s42_token:14,1861,0.4684320198669779,0.4064282964292522,0.012185127,G
ckpt_mlm_s42_token:14,1862,0.8219326833289056,0.9049200715966206,0.11166605,L
ckpt_mlm_s42_token:14,1863,0.15169559434968438,0.24367150098494073,-0.11910653,C
ckpt_mlm_s42_token:14,1864,0.5729084826033416,0.5162057333784149,0.0103967935,T
ckpt_mlm_s42_token:14,1865,0.7117731652533237,0.667251377291684,-0.047739647,E
ckpt_mlm_s42_token:14,1866,0.8725542006314365,0.9384278234785574,0.02636163,G
ckpt_mlm_s42_token:14,1867,0.14041732599559154,0.22383712953455995,-0.02506888,M
ckpt_mlm_s42_token:14,1868,0.8648368515077682,0.9339038363971651,0.00067981705,P
ckpt_mlm_s42_token:14,1869,0.6410129473938952,0.4861322936295016,0.060866013,F
ckpt_mlm_s42_token:14,1870,0.7965075587405045,0.8924830475753812,-0.037902683,R
ckpt_mlm_s42_token:14,1871,0.14040684556354888,0.2025260711302477,-0.0071253777,M
ckpt_mlm_s42_token:14,1872,0.6681418291450378,0.6015092090138818,0.0075122565,S
ckpt_mlm_s42_token:14,1873,0.0959311094395422,0.12077953622244848,-0.0159626,Q
ckpt_mlm_s42_token:14,1874,0.09014228566919302,0.11862621821850758,-0.012998223,M
ckpt_mlm_s42_token:14,1875,0.6008465101486252,0.4085631991007293,-0.054666772,D
ckpt_mlm_s42_token:14,1876,0.6723919258360873,0.6045879987534193,0.023171261,S
ckpt_mlm_s42_token:14,1877,0.10313713033042149,0.17280485985083135,-0.03539312,W
ckpt_mlm_s42_token:14,1878,0.9351631456553968,0.9714111118160926,-0.062882975,E
ckpt_mlm_s42_token:14,1879,0.0879104530368433,0.11492807448119931,0.010877848,F
ckpt_mlm_s42_token:14,1880,0.528219601793114,0.2895932093780698,0.0027695643,P
ckpt_mlm_s42_token:14,1881,0.6968784534098872,0.6608101451105605,0.04089411,G
ckpt_mlm_s42_token:14,1882,0.6446318281426504,0.7672467387427871,-0.048321236,E
ckpt_mlm_s42_token:14,1883,0.6369870381073898,0.5339037269738833,-0.0506903,E
ckpt_mlm_s42_token:14,1884,0.5905943383925221,0.4402482318023941,-0.0048661605,P
ckpt_mlm_s42_token:14,1885,0.8388250012071582,0.9166937621114686,-0.052388005,E
ckpt_mlm_s42_token:14,1886,0.8196269166258094,0.9066668683412631,0.001820907,N
ckpt_mlm_s42_token:14,1887,0.6652551446988149,0.5853221400195996,0.02456019,T
ckpt_mlm_s42_token:14,1888,0.8176339776079183,0.9007478309649493,0.017506585,A
ckpt_mlm_s42_token:14,1889,0.5988331118276977,0.5567581845811072,0.015945524,H
ckpt_mlm_s42_token:14,1890,0.7262960216516847,0.7823932706300291,0.032307874,G
ckpt_mlm_s42_token:14,1891,0.11774596889709088,0.14389674612946218,0.020381212,C
ckpt_mlm_s42_token:14,1892,0.7810763717408278,0.8762518384705439,0.017403513,M
ckpt_mlm_s42_token:14,1893,0.08019060716970816,0.11085364242665947,0.21395588,P
ckpt_mlm_s42_token:14,1894,0.6016047460321381,0.4824310393502266,0.026762672,S
ckpt_mlm_s42_token:14,1895,0.11339934584603639,0.10640783175915089,-0.01988709,M
ckpt_mlm_s42_token:14,1896,0.7795768613976595,0.8836527436024181,-0.0016740859,H
ckpt_mlm_s42_token:14,1897,0.08511013378834731,0.15882199883223533,0.21432686,W
ckpt_mlm_s42_token:14,1898,0.11308677906621178,0.18309479673053647,0.05610752,C
ckpt_mlm_s42_token:14,1899,0.5209572481835812,0.3232849606743504,0.008211777,H
ckpt_mlm_s42_token:14,1900,0.11890509034938856,0.17961639604543544,-0.065926194,C
ckpt_mlm_s42_token:14,1901,0.09251068130541151,0.11265142558130047,0.02745521,W
ckpt_mlm_s42_token:14,1902,0.654165138349191,0.5110281478223178,-0.019902999,A
ckpt_mlm_s42_token:14,1903,0.6074012241423493,0.4741213115519039,-0.021006301,R
ckpt_mlm_s42_token:14,1904,0.08435448180279403,0.1389137813821353,0.10746956,C
ckpt_mlm_s42_token:14,1905,0.7233389551398213,0.6260881255057635,0.14227806,L
ckpt_mlm_s42_token:14,1906,0.07132280142165426,0.11743853776915783,0.0060635805,W
ckpt_mlm_s42_token:14,1907,0.14751844358354693,0.13684416181898093,0.004642606,P
ckpt_mlm_s42_token:14,1908,0.8685891477064445,0.9350203332950596,0.10919447,I
ckpt_mlm_s42_token:14,1909,0.6328154258042324,0.557890292697297,-0.043605663,E
ckpt_mlm_s42_token:14,1910,0.12755908514096492,0.2474088662267695,0.03323078,W
ckpt_mlm_s42_token:14,1911,0.10815261442268764,0.1487888965737932,0.181355,C
ckpt_mlm_s42_token:14,1912,0.7251523984309942,0.839783622596082,0.015123263,T
ckpt_mlm_s42_token:14,1913,0.6529679381457503,0.5682173144978905,0.045928583,Y
ckpt_mlm_s42_token:14,1914,0.1504146779391594,0.2197011586750058,-0.052525043,S
ckpt_mlm_s42_token:14,1915,0.73968422694543,0.8571128515027703,0.03382519,W
ckpt_mlm_s42_token:14,1916,0.11811631927168209,0.15346572630185296,-0.003497064,C
ckpt_mlm_s42_token:14,1917,0.06535626919653603,0.11019424056965466,-0.0003437996,W
ckpt_mlm_s42_token:14,1918,0.7196507677328272,0.5763801481482002,0.019348294,N
ckpt_mlm_s42_token:14,1919,0.8264595684441793,0.9036022036589548,0.018809266,G
ckpt_mlm_s42_token:14,1920,0.9009673552585546,0.9534582265365311,0.113172784,L
ckpt_mlm_s42_token:14,1921,0.11303493602615833,0.122045999629427,0.30126238,N
ckpt_mlm_s42_token:14,1922,0.4591334706393271,0.2675791814537507,-0.005459264,T
ckpt_mlm_s42_token:14,1923,0.5476304437000257,0.3888675420765112,0.03503801,N
ckpt_mlm_s42_token:14,1924,0.11637880421797708,0.15631172752132433,0.014621735,W
ckpt_mlm_s42_token:14,1925,0.7231856755484909,0.5626002030036472,-0.030913185,Y
ckpt_mlm_s42_token:14,1926,0.07485663016434041,0.10447462366834862,-0.2072208,Q
ckpt_mlm_s42_token:14,1927,0.8122258367577295,0.9009747892690806,-0.023775108,R
ckpt_mlm_s42_token:14,1928,0.14566230416483816,0.15026402618083395,0.02292633,H
ckpt_mlm_s42_token:14,1929,0.6810083866092239,0.48138939108539525,-0.009631043,E
ckpt_mlm_s42_token:14,1930,0.79370797148348,0.8882003176542748,0.029078305,G
ckpt_mlm_s42_token:14,1931,0.7900832293066149,0.8900019262524402,0.0574885,F
ckpt_mlm_s42_token:14,1932,0.6626756627362957,0.8062178255646162,0.011856645,W
ckpt_mlm_s42_token:14,1933,0.43504927734738785,0.321472520424098,-0.021145796,K
ckpt_mlm_s42_token:14,1934,0.574505765533341,0.3605043687503701,0.017732393,G
ckpt_mlm_s42_token:14,1935,0.1367228812582313,0.17943300812096621,0.35040712,W
ckpt_mlm_s42_token:14,1936,0.6218992745533081,0.4676115318923685,-0.002712816,Q
ckpt_mlm_s42_token:14,1937,0.4712008399801797,0.6072886981234742,0.055885196,F
ckpt_mlm_s42_token:14,1938,0.8448588882862655,0.9192092224373994,-0.06211339,E
ckpt_mlm_s42_token:14,1939,0.2391722389272073,0.3169330409247888,0.09393412,F
ckpt_mlm_s42_token:14,1940,0.06537621558189999,0.1253066755470968,-0.0105006695,C
ckpt_mlm_s42_token:14,1941,0.537103725905039,0.57361394009074,0.035526797,T
ckpt_mlm_s42_token:14,1942,0.5103628446760726,0.3737944090721318,0.10529341,I
ckpt_mlm_s42_token:14,1943,0.896260159823232,0.9510553502548499,-0.020236425,Q
ckpt_mlm_s42_token:14,1944,0.8035093340072407,0.8949551319471634,0.016024888,P
ckpt_mlm_s42_token:14,1945,0.7963117531387836,0.8953421149444691,0.10478838,V
ckpt_mlm_s42_token:14,1946,0.06965445211385057,0.10494574856052447,-0.035804033,M
ckpt_mlm_s42_token:14,1947,0.4592968077922427,0.30997642905568823,0.10547499,V
ckpt_mlm_s42_token:14,1948,0.09037160070870864,0.13535448051571122,0.095083,C
ckpt_mlm_s42_token:14,1949,0.8782052859682604,0.9392726466921314,-0.053344704,K
ckpt_mlm_s42_token:14,1950,0.6551158404193667,0.5000508798643294,-0.03191554,R
ckpt_mlm_s42_token:14,1951,0.22106298848284944,0.3386141344703739,-0.05063939,C
ckpt_mlm_s42_token:14,1952,0.7426360171855104,0.623234303129588,0.11799905,L
ckpt_mlm_s42_token:14,1953,0.74384459269467,0.7454127284319637,0.005977191,S
ckpt_mlm_s42_token:14,1954,0.09855993853979517,0.11657890344378805,0.031844378,R
ckpt_mlm_s42_token:14,1955,0.16584909236380396,0.17667822857042403,-0.08853209,M
ckpt_mlm_s42_token:14,1956,0.9814437658658127,0.9933408241452957,0.00648026,P
ckpt_mlm_s42_token:14,1957,0.053921147921537016,0.10862067427926421,0.13887918,I
ckpt_mlm_s42_token:14,1958,0.15560636242207193,0.12025844199779039,0.07720423,L
ckpt_mlm_s42_token:14,1959,0.8109957182771419,0.9017052508715176,-0.012893304,Q
ckpt_mlm_s42_token:14,1960,0.1558840913088555,0.18415571735774042,0.20926654,W
ckpt_mlm_s42_token:14,1961,0.10643546008935623,0.16219604755139974,0.058298826,W
ckpt_mlm_s42_token:14,1962,0.8251232665686503,0.9101728220583543,0.024139479,Y
ckpt_mlm_s42_token:14,1963,0.721322341447888,0.5975588937908509,0.027668102,G
ckpt_mlm_s42_token:14,1964,0.8560531945327088,0.9257800068169577,0.104529776,V
ckpt_mlm_s42_token:14,1965,0.09640524941008921,0.13030791661967878,-0.39334887,H
ckpt_mlm_s42_token:14,1966,0.10157624793416242,0.166663798172767,0.13690472,W
ckpt_mlm_s42_token:14,1967,0.5913035598410316,0.4297171037347335,-0.0053468533,P
ckpt_mlm_s42_token:14,1968,0.11182328527170815,0.1234211804687108,0.033151627,F
ckpt_mlm_s42_token:14,1969,0.15453158498809805,0.14242571778495783,0.027734756,F
ckpt_mlm_s42_token:14,1970,0.09825788513335887,0.15374071582919738,0.15683746,M
ckpt_mlm_s42_token:14,1971,0.13528239777143714,0.1902666580031435,0.00619936,C
ckpt_mlm_s42_token:14,1972,0.7834690112908247,0.8827769051821942,0.0032830164,P
ckpt_mlm_s42_token:14,1973,0.21107180017076677,0.20198387336559465,0.5852889,F
ckpt_mlm_s42_token:14,1974,0.49603164496444496,0.38851184213711626,0.025322152,G
ckpt_mlm_s42_token:14,1975,0.705281374708179,0.8255559059988262,0.006642878,N
ckpt_mlm_s42_token:14,1976,0.6919503274522949,0.49669756781275887,-0.036337707,N
ckpt_mlm_s42_token:14,1977,0.06150762613768579,0.08168513741374392,-0.03003788,Y
ckpt_mlm_s42_token:14,1978,0.5810711920120654,0.5238605114468383,0.013150528,Y
ckpt_mlm_s42_token:14,1979,0.11125556227380928,0.11670829809326931,-0.048797846,R
ckpt_mlm_s42_token:14,1980,0.6839952876622376,0.605715154334237,0.019312987,G
ckpt_mlm_s42_token:14,1981,0.12295626686011962,0.18551938279044755,-0.051850677,W
ckpt_mlm_s42_token:14,1982,0.12746722852940895,0.14416034052976998,0.008164048,M
ckpt_mlm_s42_token:14,1983,0.6871261990509002,0.812309759336245,-0.00326024,D
ckpt_mlm_s42_token:14,1984,0.12038352963966592,0.1240262404609984,0.19598329,I
ckpt_mlm_s42_token:14,1985,0.09619607717308631,0.10517747356136134,0.07849467,I
ckpt_mlm_s42_token:14,1986,0.1385128433923689,0.11899734485016893,0.012788296,P
ckpt_mlm_s42_token:14,1987,0.7404754719418036,0.8530938163096932,0.08435339,C
ckpt_mlm_s42_token:14,1988,0.8905938012789305,0.9501235975244023,0.07090035,F
ckpt_mlm_s42_token:14,1989,0.5017804461498132,0.25439379097376785,0.09533098,N
ckpt_mlm_s42_token:14,1990,0.6707155205652452,0.6327416743617664,0.11506614,L
ckpt_mlm_s42_token:14,1991,0.7546263567863759,0.8670720302839391,-0.026313893,R
ckpt_mlm_s42_token:14,1992,0.10949472226826995,0.10187242302276746,-0.12306905,N
ckpt_mlm_s42_token:14,1993,0.10220619604628223,0.11072216334319236,0.006733179,K
ckpt_mlm_s42_token:14,1994,0.6126096239311326,0.45524190308136636,-0.02338971,K
ckpt_mlm_s42_token:14,1995,0.8579391778669521,0.9273054839440183,0.016714297,A
ckpt_mlm_s42_token:14,1996,0.9224651101206608,0.9655452317543581,-0.06260151,K
ckpt_mlm_s42_token:14,1997,0.22360859188816118,0.2517772129578642,-0.13534182,M
ckpt_mlm_s42_token:14,1998,0.6200561603618397,0.48708649052786,-0.030073497,N
ckpt_mlm_s42_token:14,1999,0.8571355043130113,0.9322537494402643,0.021821111,M
ckpt_mlm_s42_token:14,2000,0.8274406431717191,0.9098787371607603,0.11465119,L
ckpt_mlm_s42_token:14,2001,0.1968884021368036,0.2684485087065875,0.051634192,M
ckpt_mlm_s42_token:14,2002,0.7028470617909788,0.8255883570337506,-0.0032382905,N
ckpt_mlm_s42_token:14,2003,0.8865323605389372,0.945419955539093,0.00013533607,S
ckpt_mlm_s42_token:14,2004,0.12781317809562953,0.1254498027049489,0.10243511,F
ckpt_mlm_s42_token:14,2005,0.6184373503357423,0.42203630803504544,0.06372601,I
ckpt_mlm_s42_token:14,2006,0.7158335283580367,0.587938422690536,0.026973054,N
ckpt_mlm_s42_token:14,2007,0.6514244437116798,0.8013077642678545,-0.02709788,Q
ckpt_mlm_s42_token:14,2008,0.0360365669609497,0.09728924018022973,0.06390226,W
ckpt_mlm_s42_token:14,2009,0.607354040807494,0.5684800496546139,0.016561955,P
ckpt_mlm_s42_token:14,2010,0.6441851253358089,0.4886385732649945,0.0057483613,Q
ckpt_mlm_s42_token:14,2011,0.31278217733335967,0.4586388450652369,-0.022874177,S
ckpt_mlm_s42_token:14,2012,0.09483097113539674,0.11057104150894259,0.18223846,C
ckpt_mlm_s42_token:14,2013,0.68749851937704,0.58716851616082,-0.043296017,K
ckpt_mlm_s42_token:14,2014,0.40197482046152644,0.32938143038851275,0.068908334,F
ckpt_mlm_s42_token:14,2015,0.9533678646559977,0.9806314859832852,-0.055896796,K
ckpt_mlm_s42_token:14,2016,0.12385793341690854,0.1485985344083828,0.12378526,H
ckpt_mlm_s42_token:14,2017,0.1140645309661491,0.14057796799661776,0.016188264,W
ckpt_mlm_s42_token:14,2018,0.5895167964065129,0.37966017506896477,-0.064143926,E
ckpt_mlm_s42_token:14,2019,0.6065206656429583,0.3895777671987017,-0.057797246,K
ckpt_mlm_s42_token:14,2020,0.580103843371393,0.5219555191092902,-0.01322715,Q
ckpt_mlm_s42_token:14,2021,0.649672226240392,0.7860755570813776,-0.024261355,H
ckpt_mlm_s42_token:14,2022,0.46313254040815477,0.263043867770092,-0.082090765,E
ckpt_mlm_s42_token:14,2023,0.7752003747839602,0.8821254800005361,0.009694874,T
ckpt_mlm_s42_token:14,2024,0.7861018982369992,0.8841090351153329,-0.03438367,D
ckpt_mlm_s42_token:14,2025,0.1405301385926726,0.12079118306701668,0.0009858608,F
ckpt_mlm_s42_token:14,2026,0.6960835692454315,0.8264405160347938,0.004982963,S
ckpt_mlm_s42_token:14,2027,0.7100124320059433,0.5170687783997844,0.08806602,H
ckpt_mlm_s42_token:14,2028,0.12516495579262688,0.1100060076418379,0.121198416,P
ckpt_mlm_s42_token:14,2029,0.9022059533409524,0.953258658677902,-0.04280833,E
ckpt_mlm_s42_token:14,2030,0.2074348261161677,0.2939372889459145,-0.08533347,W
ckpt_mlm_s42_token:14,2031,0.14097196308554416,0.14614537426207677,-0.19585502,M
ckpt_mlm_s42_token:14,2032,0.8655461436222134,0.9328394069421019,-0.027844667,R
ckpt_mlm_s42_token:14,2033,0.18204508900524374,0.3001326169588869,0.17807746,W
ckpt_mlm_s42_token:14,2034,0.14753911522983576,0.14673700767634942,-0.025411367,C
ckpt_mlm_s42_token:14,2035,0.09499576738721915,0.114119463130103,0.0077474117,H
ckpt_mlm_s42_token:14,2036,0.14484748713512596,0.2006971536683174,-0.054183602,W
ckpt_mlm_s42_token:14,2037,0.8208266218759943,0.9047633837980441,0.006319303,S
ckpt_mlm_s42_token:14,2038,0.6777186068950853,0.8123574926560696,-0.0037117153,P
ckpt_mlm_s42_token:14,2039,0.1344287405000132,0.11427781880917078,0.0653497,N
ckpt_mlm_s42_token:14,2040,0.17149704595493964,0.2139237668784839,0.21431899,C
ckpt_mlm_s42_token:14,2041,0.8085701983155229,0.8961265939646176,0.05608037,F
ckpt_mlm_s42_token:14,2042,0.07187373363924554,0.10083551398716978,-0.019440413,W
ckpt_mlm_s42_token:14,2043,0.5821551440277228,0.4362996070744515,0.113827154,V
ckpt_mlm_s42_token:14,2044,0.08598386974206662,0.1200198377022325,0.13767064,R
ckpt_mlm_s42_token:14,2045,0.22028072296706014,0.3685114173098069,0.16235459,C
ckpt_mlm_s42_token:14,2046,0.9725147289192948,0.9892856141607421,-0.06204441,K
ckpt_mlm_s42_token:14,2047,0.10681902191739023,0.1409322927005236,-0.03139341,Q
ckpt_mlm_s42_token:14,2048,0.1685651051488809,0.13874928994258667,0.10586023,Y
ckpt_mlm_s42_token:14,2049,0.6817769518395129,0.6667805047228742,-0.012673669,Q
ckpt_mlm_s42_token:14,2050,0.9751867028520071,0.9905953770534979,0.023609906,T
ckpt_mlm_s42_token:14,2051,0.8762628970240622,0.9377432653224236,0.06574464,F
ckpt_mlm_s42_token:14,2052,0.1261327232607956,0.13877001776725256,-0.034368396,Q
ckpt_mlm_s42_token:14,2053,0.7081832679665392,0.5189601456693688,-0.005613111,K
ckpt_mlm_s42_token:14,2054,0.7940372815866447,0.8877763821213845,0.13688508,C
ckpt_mlm_s42_token:14,2055,0.4669341646715707,0.3131506745599849,-0.04037083,K
ckpt_mlm_s42_token:14,2056,0.846391050949144,0.9199597853349352,0.041304156,W
ckpt_mlm_s42_token:14,2057,0.8086275058802745,0.8965022625398467,-0.05313048,E
ckpt_mlm_s42_token:14,2058,0.10998147322129559,0.1730973864801048,0.06944895,M
ckpt_mlm_s42_token:14,2059,0.8335274448075477,0.9140194605454655,-0.0573888,E
ckpt_mlm_s42_token:14,2060,0.05043407324704907,0.09742583643972323,0.114934206,W
ckpt_mlm_s42_token:14,2061,0.12444748116974369,0.09483216443091426,-0.01668787,I
ckpt_mlm_s42_token:14,2062,0.1221374802744647,0.15122988336917198,-0.0036907196,M
ckpt_mlm_s42_token:14,2063,0.1350633540471916,0.17630785390178158,-0.0012683868,M
ckpt_mlm_s42_token:14,2064,0.5175085680663256,0.2632440432316712,0.044136252,L
ckpt_mlm_s42_token:14,2065,0.5972380062121927,0.3665512905087175,-0.03610086,Y
ckpt_mlm_s42_token:14,2066,0.6035227500954411,0.7348151350274723,0.007654533,T
ckpt_mlm_s42_token:14,2067,0.12905329844745717,0.18163375428512152,-0.06565666,H
ckpt_mlm_s42_token:14,2068,0.13008103108666114,0.15831252326362866,-0.4109702,W
ckpt_mlm_s42_token:14,2069,0.5959641136103025,0.35747835710387504,0.033160053,Y
ckpt_mlm_s42_token:14,2070,0.11694268878371472,0.1314577683517024,0.02320242,H
ckpt_mlm_s42_token:14,2071,0.12026489196569667,0.14353733163258098,-0.07195163,W
ckpt_mlm_s42_token:14,2072,0.6884759488664538,0.7103733346271964,0.03210795,G
ckpt_mlm_s42_token:14,2073,0.6987463101820961,0.8115219364671904,-0.033021465,K
ckpt_mlm_s42_token:14,2074,0.13322758794101475,0.11499915107406661,-0.13344908,A
ckpt_mlm_s42_token:14,2075,0.6656204713774293,0.6120825129371263,0.004265528,A
ckpt_mlm_s42_token:14,2076,0.7791064093212248,0.8801557264127193,-0.026140317,D
ckpt_mlm_s42_token:14,2077,0.7476654159201355,0.5919324161259852,0.03365865,Q
ckpt_mlm_s42_token:14,2078,0.20141132866797606,0.28295677355872484,0.23772717,W
ckpt_mlm_s42_token:14,2079,0.1547064447117138,0.21113904093289068,0.48908854,T
ckpt_mlm_s42_token:14,2080,0.6844822912142495,0.81543609578438,0.06052676,C
ckpt_mlm_s42_token:14,2081,0.15837461459685453,0.19341776806749453,0.048976183,M
ckpt_mlm_s42_token:14,2082,0.5723583686047331,0.48560534637440744,0.0065037627,A
ckpt_mlm_s42_token:14,2083,0.19638387112162348,0.32865202625482587,0.11909115,C
ckpt_mlm_s42_token:14,2084,0.13577986906020223,0.1328977559605834,0.07500839,Y
ckpt_mlm_s42_token:14,2085,0.6595837571394751,0.4807983622947919,0.0608607,Q
ckpt_mlm_s42_token:14,2086,0.10671404889132163,0.213738307863174,-0.047330618,M
ckpt_mlm_s42_token:14,2087,0.16858128233318115,0.22832203510279947,0.05185938,W
ckpt_mlm_s42_token:14,2088,0.0864736413381727,0.10288543884112783,0.06819165,C
ckpt_mlm_s42_token:14,2089,0.19662608485583755,0.2738980569485353,0.013466895,C
ckpt_mlm_s42_token:14,2090,0.13721051115198035,0.11660214483773723,-0.06500888,N
ckpt_mlm_s42_token:14,2091,0.15185845680051846,0.21320948050392857,0.20839262,M
ckpt_mlm_s42_token:14,2092,0.8559515490971545,0.9321713404858245,0.022244245,Y
ckpt_mlm_s42_token:14,2093,0.20976104547762942,0.28083033533931967,0.05874896,C
ckpt_mlm_s42_token:14,2094,0.5503411981984846,0.4004987620318551,0.0530264,F
ckpt_mlm_s42_token:14,2095,0.12115977737591632,0.16810430534614124,-0.043368578,W
ckpt_mlm_s42_token:14,2096,0.8121305503385651,0.902044440737995,-0.04123053,K
ckpt_mlm_s42_token:14,2097,0.7137059102902182,0.8393225179529517,0.022834688,Y
ckpt_mlm_s42_token:14,2098,0.1525366700097993,0.1497746302668259,0.14598382,M
ckpt_mlm_s42_token:14,2099,0.8835470897592722,0.9441088995633635,0.10310757,I
ckpt_mlm_s42_token:14,2100,0.12332895312603043,0.2057253561267037,-0.000918746,W
ckpt_mlm_s42_token:14,2101,0.13503423744498544,0.25434858959610845,0.009452343,C
ckpt_mlm_s42_token:14,2102,0.5935033637487828,0.4217966665779622,-0.013695212,P
ckpt_mlm_s42_token:14,2103,0.0990011342185434,0.11740649008750416,0.01026845,P
ckpt_mlm_s42_token:14,2104,0.08395079319108933,0.11738242757571508,0.08978796,V
ckpt_mlm_s42_token:14,2105,0.7248165075002475,0.5343545008677052,0.0085006505,A
ckpt_mlm_s42_token:14,2106,0.16297678481909883,0.24616187873504128,0.13215542,C
ckpt_mlm_s42_token:14,2107,0.5943584702357696,0.44654363141139336,0.023448348,T
ckpt_mlm_s42_token:14,2108,0.12041081616984384,0.10490970973680311,0.06686866,Y
ckpt_mlm_s42_token:14,2109,0.4330445851909649,0.2499540060719962,0.0509421,S
ckpt_mlm_s42_token:14,2110,0.23207942465914977,0.274894475311009,0.1995703,M
ckpt_mlm_s42_token:14,2111,0.10571819961127604,0.1502665745418943,-0.19096565,E
ckpt_mlm_s42_token:14,2112,0.575737971174751,0.37069903182622815,0.005352095,K
ckpt_mlm_s42_token:14,2113,0.8480619691241955,0.922517059176989,0.002247773,S
ckpt_mlm_s42_token:14,2114,0.8476467429970664,0.9266387803700303,0.023025945,G
ckpt_mlm_s42_token:14,2115,0.6765953788992195,0.5071478224543611,0.08208973,A
ckpt_mlm_s42_token:14,2116,0.056637081789549626,0.10950397027090153,-0.04140532,K
ckpt_mlm_s42_token:14,2117,0.5328070387161461,0.3901155753982771,0.0118305385,A
ckpt_mlm_s42_token:14,2118,0.08210606343493732,0.14234314226992317,0.15529633,H
ckpt_mlm_s42_token:14,2119,0.10716109431181275,0.11576176851074566,-0.056568265,C
ckpt_mlm_s42_token:14,2120,0.5371870912516725,0.4508476738418753,0.013258897,S
ckpt_mlm_s42_token:14,2121,0.5043847760334955,0.34451779691748774,0.043198988,V
ckpt_mlm_s42_token:14,2122,0.5659635781297173,0.5364309830793831,-0.03487938,K
ckpt_mlm_s42_token:14,2123,0.1309071097428839,0.1799817593613257,0.019697666,W
ckpt_mlm_s42_token:14,2124,0.11906849949119325,0.1391368086902648,-0.0077397823,M
ckpt_mlm_s42_token:14,2125,0.8228422293390687,0.9107980800421136,0.10637105,V
ckpt_mlm_s42_token:14,2126,0.21767975143389873,0.2702595000045283,-0.07904053,W
ckpt_mlm_s42_token:14,2127,0.09981141838574847,0.121400631771541,0.026063204,M
ckpt_mlm_s42_token:14,2128,0.1009407687092112,0.13033068637209416,0.07310343,W
ckpt_mlm_s42_token:14,2129,0.45351719731749707,0.2834647266938476,-0.008551687,R
ckpt_mlm_s42_token:14,2130,0.704844989213611,0.8257169982175003,-0.047752973,E
ckpt_mlm_s42_token:14,2131,0.5981154305113492,0.4087607336540264,0.0040455423,Q
ckpt_mlm_s42_token:14,2132,0.49218462706506794,0.45636460736681644,0.0072006863,P
ckpt_mlm_s42_token:14,2133,0.7046108693740161,0.6109972250801113,0.10085396,L
ckpt_mlm_s42_token:14,2134,0.6557903226874968,0.5351073417094173,-0.0034356266,A
ckpt_mlm_s42_token:14,2135,0.08726634443918557,0.1457968327676281,0.13663185,C
ckpt_mlm_s42_token:14,2136,0.8717942823810294,0.9392114918815616,-0.00022888184,S
ckpt_mlm_s42_token:14,2137,0.15762161856730583,0.15269002891336328,0.13538516,N
ckpt_mlm_s42_token:14,2138,0.8250583308169896,0.9099384737530263,0.010560021,H
ckpt_mlm_s42_token:14,2139,0.5695272709044557,0.4380152282267691,0.07403978,F
ckpt_mlm_s42_token:14,2140,0.5141888086321975,0.40156773632997317,0.03759098,G
ckpt_mlm_s42_token:14,2141,0.8962267507482774,0.9523376451800423,0.052190907,F
ckpt_mlm_s42_token:14,2142,0.4509156416891388,0.33405839906521717,0.020187464,Y
ckpt_mlm_s42_token:14,2143,0.12688867268814086,0.11471123952747046,0.007812738,H
ckpt_mlm_s42_token:14,2144,0.6578750481063933,0.6101306229251285,0.01220987,T
ckpt_mlm_s42_token:14,2145,0.4457747345887957,0.24200121481941378,0.038811464,W
ckpt_mlm_s42_token:14,2146,0.8613581152236967,0.9341679757172293,0.013514444,N
ckpt_mlm_s42_token:14,2147,0.7040806191626069,0.5232469712800499,0.036628854,G
ckpt_mlm_s42_token:14,2148,0.7721519186991884,0.8792991924846338,0.018001363,Y
ckpt_mlm_s42_token:14,2149,0.106148659616356,0.09729178905519834,-0.033548236,T
ckpt_mlm_s42_token:14,2150,0.1432003097105261,0.144966318208585,0.0115971565,V
ckpt_mlm_s42_token:14,2151,0.7937433350125134,0.8919725634294846,0.013266146,H
ckpt_mlm_s42_token:14,2152,0.9114870574087417,0.9602383826292946,-0.03251216,R
ckpt_mlm_s42_token:14,2153,0.8393050276296341,0.9119268981394761,0.1036177,V
ckpt_mlm_s42_token:14,2154,0.1367882253982614,0.1263213590260506,0.048544884,N
ckpt_mlm_s42_token:14,2155,0.11840319105255337,0.15480225146797483,-0.032236934,H
ckpt_mlm_s42_token:14,2156,0.8394542805999098,0.9181126177085552,0.11008319,I
ckpt_mlm_s42_token:14,2157,0.5945379007336276,0.5555163330604984,-0.020843405,D
ckpt_mlm_s42_token:14,2158,0.5148543033976922,0.6777959587413114,0.097198665,C
ckpt_mlm_s42_token:14,2159,0.5270187104885782,0.5495060838336752,0.02460131,M
ckpt_mlm_s42_token:14,2160,0.5849890513168885,0.3805260720348799,0.0032734014,T
ckpt_mlm_s42_token:14,2161,0.6033424454118466,0.476481501642183,0.033286482,A
ckpt_mlm_s42_token:14,2162,0.6909387354096321,0.6359419830193372,-0.049254343,E
ckpt_mlm_s42_token:14,2163,0.5965272193194339,0.7474165573813016,0.024091572,M
ckpt_mlm_s42_token:14,2164,0.11289643863277554,0.14773903763926963,-0.020073056,P
ckpt_mlm_s42_token:14,2165,0.5190881747403736,0.34092779618680513,-0.05324128,E
ckpt_mlm_s42_token:14,2166,0.7095971783945788,0.6362168532989735,0.10779868,V
ckpt_mlm_s42_token:14,2167,0.7737950220570609,0.8769177828755244,0.007836863,N
ckpt_mlm_s42_token:14,2168,0.7566185234843061,0.8615322478446779,0.11355202,L
ckpt_mlm_s42_token:14,2169,0.13041532595088112,0.137649367990183,-0.017279148,K
ckpt_mlm_s42_token:14,2170,0.15462995472170682,0.15381508993800425,0.0016061068,N
ckpt_mlm_s42_token:14,2171,0.08010854660044309,0.12559877205785866,-0.040168762,C
ckpt_mlm_s42_token:14,2172,0.40177911930008847,0.24397246534706976,-0.029672656,A
ckpt_mlm_s42_token:14,2173,0.5335452766650555,0.547497201397991,0.00967519,S
ckpt_mlm_s42_token:14,2174,0.12253666476857772,0.17532789317339967,0.08904016,M
ckpt_mlm_s42_token:14,2175,0.5502189367125887,0.44776935117569033,0.0028178077,T
ckpt_mlm_s42_token:14,2176,0.07640235938930462,0.1315685552893273,0.07269597,H
ckpt_mlm_s42_token:14,2177,0.10979466562026163,0.11720873440567092,0.027208567,R
ckpt_mlm_s42_token:14,2178,0.10432326171167738,0.08871619047213737,-0.086606145,V
ckpt_mlm_s42_token:14,2179,0.11456444440594382,0.15449647314356546,0.038383722,C
ckpt_mlm_s42_token:14,2180,0.7003090133172893,0.8220166574989646,-0.06199417,E
ckpt_mlm_s42_token:14,2181,0.1996929497399118,0.19602818973585906,-0.2679881,W
ckpt_mlm_s42_token:14,2182,0.7875820139180447,0.8856597118531112,0.006240353,S
ckpt_mlm_s42_token:14,2183,0.8170841386776518,0.9061167834593457,-0.02641891,Q
ckpt_mlm_s42_token:14,2184,0.11798809694851797,0.12273649604042165,0.06427288,M
ckpt_mlm_s42_token:14,2185,0.6864612634188145,0.5404424969087716,0.13177839,I
ckpt_mlm_s42_token:14,2186,0.7974726742142733,0.8940878697840968,0.07937627,I
ckpt_mlm_s42_token:14,2187,0.10160914439687385,0.10754711201507167,0.08407682,Q
ckpt_mlm_s42_token:14,2188,0.8919896143753889,0.9516546561384643,-0.020373084,Q
ckpt_mlm_s42_token:14,2189,0.6444489512961555,0.5184212190118287,0.10577472,L
ckpt_mlm_s42_token:14,2190,0.5150378141229884,0.37809655599917147,0.15935118,L
ckpt_mlm_s42_token:14,2191,0.9545596771587429,0.9814689392646718,-0.04378774,R
ckpt_mlm_s42_token:14,2192,0.6684629916577276,0.5324217122183931,-0.008434115,A
ckpt_mlm_s42_token:14,2193,0.5297870560341553,0.34783637099615755,0.0028246306,K
ckpt_mlm_s42_token:14,2194,0.11341266939018968,0.1682129573535394,0.2591014,N
ckpt_mlm_s42_token:14,2195,0.6851223412080477,0.49437287068647034,0.030466251,G
ckpt_mlm_s42_token:14,2196,0.7140537172056031,0.5986931252877997,0.00777841,Y
ckpt_mlm_s42_token:14,2197,0.08015439087508558,0.09409082793563894,0.077108145,M
ckpt_mlm_s42_token:14,2198,0.7911137680114892,0.8894680376399166,0.115563646,V
ckpt_mlm_s42_token:14,2199,0.09210568214082016,0.14825615197671624,0.05557561,M
ckpt_mlm_s42_token:14,2200,0.9023549111506741,0.9536513113155496,0.0070659593,A
ckpt_mlm_s42_token:14,2201,0.8217577996059159,0.9096910859379997,-0.02769357,Q
ckpt_mlm_s42_token:14,2202,0.6511956212272796,0.5787648666894292,0.02656667,N
ckpt_mlm_s42_token:14,2203,0.6322515655204075,0.5992034384210227,0.028958736,P
ckpt_mlm_s42_token:14,2204,0.1261723654810476,0.1689614478721232,0.123006105,C
ckpt_mlm_s42_token:14,2205,0.11604255935108398,0.13046845781101418,0.16249919,C
ckpt_mlm_s42_token:14,2206,0.7135180827790569,0.6451115048809144,-0.06011404,E
ckpt_mlm_s42_token:14,2207,0.8930796182734767,0.949305916940977,-0.002805367,P
ckpt_mlm_s42_token:14,2208,0.8126461671174036,0.9024776904613835,-0.0533489,K
ckpt_mlm_s42_token:14,2209,0.10239549276767557,0.09248205794406783,0.063066125,H
ckpt_mlm_s42_token:14,2210,0.6111620391293058,0.4212032447659938,0.013048667,G
ckpt_mlm_s42_token:14,2211,0.5430951798080048,0.5866087831453706,-0.019156992,Q
ckpt_mlm_s42_token:14,2212,0.7925759306335549,0.8872294158056013,0.12162936,L
ckpt_mlm_s42_token:14,2213,0.8700136711642158,0.9359734472507452,-0.062303238,E
ckpt_mlm_s42_token:14,2214,0.13534650617255994,0.17925556252803804,0.04529667,W
ckpt_mlm_s42_token:14,2215,0.5123745398112639,0.3158179517232081,0.020806044,P
ckpt_mlm_s42_token:14,2216,0.6605484790873364,0.5710527899436253,-0.037271984,R
ckpt_mlm_s42_token:14,2217,0.950724968240384,0.9792134594931562,-0.059964985,K
ckpt_mlm_s42_token:14,2218,0.8469380976278391,0.9233342620505381,0.1078926,V
ckpt_mlm_s42_token:14,2219,0.6125237538168999,0.4204205667870369,-0.039843213,K
ckpt_mlm_s42_token:14,2220,0.5362678722248908,0.3299887473108737,0.05954103,Y
ckpt_mlm_s42_token:14,2221,0.8804487401353794,0.9425425283579215,0.028372392,Y
ckpt_mlm_s42_token:14,2222,0.7371189781416652,0.8467988209946705,0.115148336,V
ckpt_mlm_s42_token:14,2223,0.6270693627267402,0.49814571917016837,-0.011551917,Q
ckpt_mlm_s42_token:14,2224,0.12644758550644564,0.18029475993757232,-0.013929844,M
ckpt_mlm_s42_token:14,2225,0.42289539952697575,0.605010649555476,0.12991954,L
ckpt_mlm_s42_token:14,2226,0.9037503154598892,0.954877298495345,-0.05382127,K
ckpt_mlm_s42_token:14,2227,0.6572954155583473,0.781494969022857,0.013531238,N
ckpt_mlm_s42_token:14,2228,0.5170013451325393,0.4256548928725209,0.01476318,A
ckpt_mlm_s42_token:14,2229,0.548444194791233,0.3544150534375008,-0.04738935,R
ckpt_mlm_s42_token:14,2230,0.6874769082233694,0.5748683607481301,-0.013780206,Q
ckpt_mlm_s42_token:14,2231,0.11146543020372846,0.13435416489078633,0.037463784,M
ckpt_mlm_s42_token:14,2232,0.7591199202243273,0.8681718340223185,0.023678467,Y
ckpt_mlm_s42_token:14,2233,0.7390914060288273,0.8451820789696394,-0.022462644,R
ckpt_mlm_s42_token:14,2234,0.6542401396959101,0.5506630671454807,0.12083853,V
ckpt_mlm_s42_token:14,2235,0.5134057065666997,0.41254614261800143,-0.0061390446,D
ckpt_mlm_s42_token:14,2236,0.11908523253212144,0.16859975292045445,0.12729979,C
ckpt_mlm_s42_token:14,2237,0.09573896572442131,0.10674941931307001,0.024240017,G
ckpt_mlm_s42_token:14,2238,0.5563473522898654,0.3534977725638221,0.03700985,C
ckpt_mlm_s42_token:14,2239,0.7713904349766301,0.8722499348056814,-0.034565657,K
ckpt_mlm_s42_token:14,2240,0.09359923280208249,0.1343079095855254,0.0039703846,W
ckpt_mlm_s42_token:14,2241,0.45332180117653265,0.33376243232675373,0.11619345,Y
ckpt_mlm_s42_token:14,2242,0.6941541516794361,0.820209160404104,-0.003665641,N
ckpt_mlm_s42_token:14,2243,0.5153489470144483,0.38416604815477895,-0.051542394,K
ckpt_mlm_s42_token:14,2244,0.11618846947757044,0.23061083207855987,0.075597405,C
ckpt_mlm_s42_token:14,2245,0.58462320687264,0.46433995105559484,0.011831749,C
ckpt_mlm_s42_token:14,2246,0.5893466876108081,0.3968295378699113,0.07008928,V
ckpt_mlm_s42_token:14,2247,0.7713824897745815,0.8624908311906242,-0.015333049,D
ckpt_mlm_s42_token:14,2248,0.14499624929148924,0.19545693252844967,0.054436028,C
ckpt_mlm_s42_token:14,2249,0.62201889440061,0.4639842536693134,0.05495721,G
ckpt_mlm_s42_token:14,2250,0.12203998216582634,0.13369184703043752,0.077420354,M
ckpt_mlm_s42_token:14,2251,0.7187880284986428,0.8391559824250792,0.022748351,G
ckpt_mlm_s42_token:14,2252,0.8278559410854787,0.9106376955341465,-0.052230917,E
ckpt_mlm_s42_token:14,2253,0.08405989618540055,0.1114749546353312,-0.05128014,H
ckpt_mlm_s42_token:14,2254,0.6544647219329919,0.4792114046412177,-0.045366835,E
ckpt_mlm_s42_token:14,2255,0.7136997723776852,0.5995384623355522,0.03738754,G
ckpt_mlm_s42_token:14,2256,0.654616607784269,0.6055164136378095,0.100242734,I
ckpt_mlm_s42_token:14,2257,0.6827700518341626,0.48254027308346037,0.009228006,Q
ckpt_mlm_s42_token:14,2258,0.4425158323400127,0.2806679436662321,-0.031203799,Y
ckpt_mlm_s42_token:14,2259,0.7410576124072408,0.8571771418342202,0.0042205155,P
ckpt_mlm_s42_token:14,2260,0.1482554827225051,0.164406359603596,0.06118357,M
ckpt_mlm_s42_token:14,2261,0.6748219911507077,0.8106904147048186,0.0015298724,W
ckpt_mlm_s42_token:14,2262,0.0801631374473758,0.12429960038126049,0.05491841,C
ckpt_mlm_s42_token:14,2263,0.5275374693677213,0.5000813080788663,0.014125269,S
ckpt_mlm_s42_token:14,2264,0.7692356474729043,0.8764437617428595,0.010848165,H
ckpt_mlm_s42_token:14,2265,0.1020038024685801,0.14838804251697763,0.053058624,W
ckpt_mlm_s42_token:14,2266,0.8418983806440689,0.9222328239333837,0.01384598,N
ckpt_mlm_s42_token:14,2267,0.8267657231273533,0.911063944404533,0.09691235,V
ckpt_mlm_s42_token:14,2268,0.5821801280493919,0.7330082826490829,-0.02316755,Q
ckpt_mlm_s42_token:14,2269,0.47173117071200155,0.6438083802854571,-0.013512909,Q
ckpt_mlm_s42_token:14,2270,0.8232582475092816,0.8997864542953057,-0.00018530339,S
ckpt_mlm_s42_token:14,2271,0.8942203335068618,0.948974974773323,0.111840576,L
ckpt_mlm_s42_token:14,2272,0.9029017667853394,0.9541869359462151,0.008373879,P
ckpt_mlm_s42_token:14,2273,0.1803692813830723,0.19580801124323385,0.1358242,C
ckpt_mlm_s42_token:14,2274,0.16496258825124166,0.13549194136158885,0.017077684,D
ckpt_mlm_s42_token:14,2275,0.7314901381105943,0.4963468937935223,-0.0046568047,D
ckpt_mlm_s42_token:14,2276,0.5662661149143269,0.4374071163515796,-0.052453056,E
ckpt_mlm_s42_token:14,2277,0.9483981065120543,0.9778052404459405,0.10898489,L
ckpt_mlm_s42_token:14,2278,0.11030911388447939,0.10386755918921985,-0.0041623116,P
ckpt_mlm_s42_token:14,2279,0.7041743845992241,0.5621454305360052,0.03966933,I
ckpt_mlm_s42_token:14,2280,0.07747787012382867,0.08761207100521555,-0.050029516,Y
ckpt_mlm_s42_token:14,2281,0.5575728644110525,0.4049280272336942,0.09811177,Y
ckpt_mlm_s42_token:14,2282,0.7058643928917335,0.6114973943720556,-0.0012647137,N
ckpt_mlm_s42_token:14,2283,0.1425751456825155,0.12185460512067825,0.1441586,N
ckpt_mlm_s42_token:14,2284,0.3907416505724649,0.5802378085126406,0.031227887,M
ckpt_mlm_s42_token:14,2285,0.6563032632671459,0.514404715013545,0.07946633,I
ckpt_mlm_s42_token:14,2286,0.09540127856975822,0.1235090711648178,0.026625514,I
ckpt_mlm_s42_token:14,2287,0.5583131312682388,0.3313852769449584,-0.0008413922,G
ckpt_mlm_s42_token:14,2288,0.7107174686526236,0.5746651221137352,0.05459969,A
ckpt_mlm_s42_token:14,2289,0.6324043349647257,0.5203915831879746,0.10100503,Y
ckpt_mlm_s42_token:14,2290,0.5156943234039258,0.36033036545972263,0.01851478,R
ckpt_mlm_s42_token:14,2291,0.20146056770394472,0.28857299604519,0.12533343,M
ckpt_mlm_s42_token:14,2292,0.598500288991029,0.4880285456194143,0.012106832,T
ckpt_mlm_s42_token:14,2293,0.6629533183326134,0.8038649566174625,0.06641117,C
ckpt_mlm_s42_token:14,2294,0.13404844524903758,0.15726831081799816,-0.023272753,N
ckpt_mlm_s42_token:14,2295,0.14908136247307635,0.22404300913594627,0.076723754,W
ckpt_mlm_s42_token:14,2296,0.10202391576081837,0.13805909430015517,0.13114715,C
ckpt_mlm_s42_token:14,2297,0.1133100364191656,0.18096489581957742,0.10111761,M
ckpt_mlm_s42_token:14,2298,0.11307555408163583,0.14644202232572573,0.0029857159,F
ckpt_mlm_s42_token:14,2299,0.6957673628895471,0.49103853285617205,-0.026758129,A
ckpt_mlm_s42_token:14,2300,0.18897034720640726,0.2190623826224505,0.046009064,C
ckpt_mlm_s42_token:14,2301,0.8701832588839987,0.9364395451883509,-0.0587709,K
ckpt_mlm_s42_token:14,2302,0.14929986338125611,0.14694230411202766,0.503777,H
ckpt_mlm_s42_token:14,2303,0.8590777292215724,0.9307763088555193,0.10103715,I
ckpt_mlm_s42_token:14,2304,0.4759265132094157,0.3527704994421985,-0.082198784,K
ckpt_mlm_s42_token:14,2305,0.7097331077403931,0.6510525053824991,0.10863919,L
ckpt_mlm_s42_token:14,2306,0.0824747115507578,0.1713060273213217,0.060076714,M
ckpt_mlm_s42_token:14,2307,0.8053827588746327,0.902489901302678,0.039141327,W
ckpt_mlm_s42_token:14,2308,0.11481879581548515,0.19199146180025178,0.10380888,W
ckpt_mlm_s42_token:14,2309,0.6348080854601541,0.4634345455065768,0.0004418306,I
ckpt_mlm_s42_token:14,2310,0.1401946019379321,0.20131895965776847,-0.027146995,C
ckpt_mlm_s42_token:14,2311,0.5746306343360498,0.5396877151865564,0.06556342,Y
ckpt_mlm_s42_token:14,2312,0.11261936187141541,0.13682089554044727,0.14763284,I
ckpt_mlm_s42_token:14,2313,0.9128962334518302,0.9557393744190712,0.036492433,G
ckpt_mlm_s42_token:14,2314,0.08021833184328753,0.12927225576758256,-0.06989741,E
ckpt_mlm_s42_token:14,2315,0.6494042841616681,0.475625412078281,-0.03449295,E
ckpt_mlm_s42_token:14,2316,0.1684488826319781,0.24200317178769534,0.0722214,M
ckpt_mlm_s42_token:14,2317,0.049677952572267925,0.0887453510806004,-0.066613436,W
ckpt_mlm_s42_token:14,2318,0.09558481767056604,0.09570643796685468,0.1646719,T
ckpt_mlm_s42_token:14,2319,0.9480918120118365,0.9786627905559478,0.039295703,G
ckpt_mlm_s42_token:14,2320,0.6110837734196474,0.3762468590759266,-0.03619898,R
ckpt_mlm_s42_token:14,2321,0.09367257593385081,0.1132844435356868,-0.31444788,P
ckpt_mlm_s42_token:14,2322,0.17778105639019626,0.2571869181271331,0.35535932,C
ckpt_mlm_s42_token:14,2323,0.19094014445593777,0.26888809361347993,0.0089915395,M
ckpt_mlm_s42_token:14,2324,0.6824408403683273,0.6785456710794446,0.014743362,T
ckpt_mlm_s42_token:14,2325,0.9035640902389488,0.9542166870448852,-0.04545983,K
ckpt_mlm_s42_token:14,2326,0.570250070134092,0.69563435414144,0.08034915,I
ckpt_mlm_s42_token:14,2327,0.22912735219930425,0.34713217738445473,0.14373946,W
ckpt_mlm_s42_token:14,2328,0.16956838202978508,0.2720399877715051,0.021307588,M
ckpt_mlm_s42_token:14,2329,0.8950599205071086,0.9510719057876094,0.019354507,M
ckpt_mlm_s42_token:14,2330,0.08379210923901537,0.1635552146009612,0.09886098,W
ckpt_mlm_s42_token:14,2331,0.06800438437626677,0.10212764179456016,0.051811337,H
ckpt_mlm_s42_token:14,2332,0.08409373098445383,0.16124826698423572,0.041476488,H
ckpt_mlm_s42_token:14,2333,0.6114686984834863,0.45445390870703267,0.064996704,P
ckpt_mlm_s42_token:14,2334,0.8467138108520794,0.9220080907001624,0.030574739,G
ckpt_mlm_s42_token:14,2335,0.9724259948883834,0.9894624495541589,0.01543501,A
ckpt_mlm_s42_token:14,2336,0.10185652528895417,0.12868292644485535,-0.015913725,W
ckpt_mlm_s42_token:14,2337,0.07006292747805587,0.10707541260091494,0.007864118,I
ckpt_mlm_s42_token:14,2338,0.6173222025248888,0.46552382630454964,-0.05714084,K
ckpt_mlm_s42_token:14,2339,0.1636947802883053,0.2281083267528924,0.20785582,C
ckpt_mlm_s42_token:14,2340,0.6921188997760442,0.6957908293495266,-0.008744573,N
ckpt_mlm_s42_token:14,2341,0.8915756236906571,0.9504271333218179,0.21625698,C
ckpt_mlm_s42_token:14,2342,0.5188713964299538,0.48433244926424984,0.050475627,C
ckpt_mlm_s42_token:14,2343,0.7798236404771439,0.8838355759325037,-0.026877552,R
ckpt_mlm_s42_token:14,2344,0.6738302430682908,0.5148589901743146,0.030074317,G
ckpt_mlm_s42_token:14,2345,0.08527945848808327,0.13342560148763294,-0.043419123,W
ckpt_mlm_s42_token:14,2346,0.6783273546219142,0.6306090407478837,0.12017107,V
ckpt_mlm_s42_token:14,2347,0.6385801588557649,0.5302137763288872,0.013618112,Q
ckpt_mlm_s42_token:14,2348,0.722073488676388,0.5415852394282235,0.015249155,T
ckpt_mlm_s42_token:14,2349,0.5026714714804839,0.3198501357467765,0.04339474,H
ckpt_mlm_s42_token:14,2350,0.7254404231776316,0.8393590779468231,0.10355036,I
ckpt_mlm_s42_token:14,2351,0.5777798210278986,0.327993381690396,-0.047344673,D
ckpt_mlm_s42_token:14,2352,0.8076768097491953,0.9013363816023361,0.03106533,H
ckpt_mlm_s42_token:14,2353,0.06090159151114194,0.09526656011563721,0.02451992,I
ckpt_mlm_s42_token:14,2354,0.11417551343635735,0.17085448511474638,0.007848024,W
ckpt_mlm_s42_token:14,2355,0.8302837022868966,0.9120855548633543,0.11376833,L
ckpt_mlm_s42_token:14,2356,0.10715635029277293,0.114838968830472,0.16381884,F
ckpt_mlm_s42_token:14,2357,0.6222289202080609,0.5827374487444617,0.09457432,I
ckpt_mlm_s42_token:14,2358,0.8248204234127661,0.9116495320955493,0.10845335,V
ckpt_mlm_s42_token:14,2359,0.6924145805152566,0.5813519635640165,-0.016349155,S
ckpt_mlm_s42_token:14,2360,0.6235902577406316,0.5366751333035875,-0.013605198,D
ckpt_mlm_s42_token:14,2361,0.6555728064302926,0.7974730545010713,0.011130184,M
ckpt_mlm_s42_token:14,2362,0.6853744817010129,0.6795853367348047,-0.03869869,K
ckpt_mlm_s42_token:14,2363,0.7595636457359138,0.7114605905476359,0.009787437,S
ckpt_mlm_s42_token:14,2364,0.6018506370351163,0.5669705456718029,-0.016592113,P
ckpt_mlm_s42_token:14,2365,0.6412512422585579,0.5105471998247482,0.009309582,T
ckpt_mlm_s42_token:14,2366,0.9761136297321839,0.9905116041607677,0.11189353,L
ckpt_mlm_s42_token:14,2367,0.5579416412830749,0.3762544007194755,0.10588788,I
ckpt_mlm_s42_token:14,2368,0.7962054330962969,0.8934093890355478,0.1214959,V
ckpt_mlm_s42_token:14,2369,0.43324853957093734,0.2777981873651391,0.06829695,A
ckpt_mlm_s42_token:14,2370,0.17622773926165547,0.18641717486764062,0.047279596,H
ckpt_mlm_s42_token:14,2371,0.5995646763022764,0.4596066586167349,0.06376145,N
ckpt_mlm_s42_token:14,2372,0.09195516599466336,0.10435636044177461,0.030445814,Q
ckpt_mlm_s42_token:14,2373,0.687382216766004,0.5740105340240793,-0.016280781,D
ckpt_mlm_s42_token:14,2374,0.5283647260119291,0.4641782893501629,0.004627034,H
ckpt_mlm_s42_token:14,2375,0.167940886190023,0.1816088767911689,0.016622365,P
ckpt_mlm_s42_token:14,2376,0.6823902511656181,0.5371140517571652,0.031964276,G
ckpt_mlm_s42_token:14,2377,0.5878309494874877,0.3494152177928263,0.016015327,S
ckpt_mlm_s42_token:14,2378,0.16797467294297652,0.13778499782087666,0.21629608,H
ckpt_mlm_s42_token:14,2379,0.5255792752488055,0.3851519743745163,0.102239884,L
ckpt_mlm_s42_token:14,2380,0.6524295617776814,0.7998667076663214,0.032110125,W
ckpt_mlm_s42_token:14,2381,0.6463108647867661,0.4959150211757919,0.011225328,M
ckpt_mlm_s42_token:14,2382,0.5406850855578527,0.3584287587138492,0.021264762,H
ckpt_mlm_s42_token:14,2383,0.9527820128005595,0.9802709415820378,0.1112252,L
ckpt_mlm_s42_token:14,2384,0.054962876011929396,0.09526703887268029,-0.07420969,M
ckpt_mlm_s42_token:14,2385,0.8706141268203391,0.9349575492492028,0.0067959875,N
ckpt_mlm_s42_token:14,2386,0.6537437550448582,0.5112503487006198,-0.03366916,D
ckpt_mlm_s42_token:14,2387,0.6738198635124666,0.5637650679467119,-0.018546298,R
ckpt_mlm_s42_token:14,2388,0.5331926661403317,0.34238222064517254,0.018306635,T
ckpt_mlm_s42_token:14,2389,0.8391521519153682,0.9181490620736523,0.020197839,W
ckpt_mlm_s42_token:14,2390,0.08632875599363532,0.11411744445100871,0.0064320564,C
ckpt_mlm_s42_token:14,2391,0.8967123098928312,0.9518658583080911,0.010194868,A
ckpt_mlm_s42_token:14,2392,0.1189983529996338,0.15213409947089995,0.0027167797,C
ckpt_mlm_s42_token:14,2393,0.5687064308469227,0.39162628992484066,-0.053620823,E
ckpt_mlm_s42_token:14,2394,0.5951130791653603,0.7450605016955906,-0.015355736,W
ckpt_mlm_s42_token:14,2395,0.09825245197577182,0.1439050139955915,-0.043493032,N
ckpt_mlm_s42_token:14,2396,0.12477768930902744,0.1213247599928909,0.00975728,Q
ckpt_mlm_s42_token:14,2397,0.1484807936472714,0.1754434310307176,0.03879392,M
ckpt_mlm_s42_token:14,2398,0.7087449965983375,0.6421448000409642,-0.017309219,R
ckpt_mlm_s42_token:14,2399,0.5245922287943461,0.6741085666120012,0.12088403,L
ckpt_mlm_s42_token:14,2400,0.5791262946335104,0.5058150699650935,0.064697295,C
ckpt_mlm_s42_token:14,2401,0.7528713007245911,0.8566236322928753,-0.0182603,R
ckpt_mlm_s42_token:14,2402,0.10760313880628591,0.12317165696599193,0.04959321,L
ckpt_mlm_s42_token:14,2403,0.17943754098032028,0.16605000775907394,0.024720788,Y
ckpt_mlm_s42_token:14,2404,0.811733528407825,0.8961704822662209,-0.032789335,Q
ckpt_mlm_s42_token:14,2405,0.7295410628043195,0.8423879830262659,-0.013555795,D
ckpt_mlm_s42_token:14,2406,0.6565984446823403,0.5406354828887562,0.0008692704,R
ckpt_mlm_s42_token:14,2407,0.9400539979767712,0.974031507401694,0.011226267,N
ckpt_mlm_s42_token:14,2408,0.6332446149642168,0.608636802664428,0.023260228,G
ckpt_mlm_s42_token:14,2409,0.5244408809967924,0.6055899327902727,0.009193495,W
ckpt_mlm_s42_token:14,2410,0.4979181107046642,0.2669400323413839,-0.03651251,S
ckpt_mlm_s42_token:14,2411,0.6694054260173152,0.8043067707749948,0.114013374,L
ckpt_mlm_s42_token:14,2412,0.815052007520541,0.9065158042932359,-0.030878454,D
ckpt_mlm_s42_token:14,2413,0.606269285489194,0.3895075504934256,0.026792977,G
ckpt_mlm_s42_token:14,2414,0.11852677245897791,0.11971317017272252,-0.027794242,E
ckpt_mlm_s42_token:14,2415,0.9029887360812124,0.9548616229577988,-0.0029076934,P
ckpt_mlm_s42_token:14,2416,0.5112692501952475,0.3350791239767072,-0.02212196,D
ckpt_mlm_s42_token:14,2417,0.12625948720547553,0.21376395893085698,-0.51123476,W
ckpt_mlm_s42_token:14,2418,0.60405569381309,0.3972329076115549,-0.036953337,S
ckpt_mlm_s42_token:14,2419,0.12258225428530967,0.1454655428367048,-0.07700372,Q
ckpt_mlm_s42_token:14,2420,0.6608203716153512,0.5989159276918542,0.007830646,T
ckpt_mlm_s42_token:14,2421,0.09564372573313695,0.09855704796018767,-0.2591877,A
ckpt_mlm_s42_token:14,2422,0.2107807398409528,0.26478351461802024,-0.11613095,M
ckpt_mlm_s42_token:14,2423,0.20373476337487906,0.29556622343899125,0.12034011,L
ckpt_mlm_s42_token:14,2424,0.5653299477326441,0.5970123808523307,0.03728641,F
ckpt_mlm_s42_token:14,2425,0.8411899329298943,0.9219723675625162,0.04755778,F
ckpt_mlm_s42_token:14,2426,0.5962227484636069,0.4955151753312942,0.021835994,G
ckpt_mlm_s42_token:14,2427,0.5795192212810908,0.4651332137556918,0.035381198,P
ckpt_mlm_s42_token:14,2428,0.12125759621813625,0.15660458790907622,-0.0080657005,W
ckpt_mlm_s42_token:14,2429,0.7633927948726031,0.8671474494706557,-0.05054806,E
ckpt_mlm_s42_token:14,2430,0.10927559354343852,0.1115076688920089,-0.0134038925,L
ckpt_mlm_s42_token:14,2431,0.1023484652120934,0.171381206053885,-0.101112485,C
ckpt_mlm_s42_token:14,2432,0.08907127183402075,0.1087920823722945,0.038981915,A
ckpt_mlm_s42_token:14,2433,0.7743120195525491,0.8120024056086468,0.03266269,G
ckpt_mlm_s42_token:14,2434,0.6958869068871527,0.561003887010507,-0.018929467,K
ckpt_mlm_s42_token:14,2435,0.5662831117279716,0.37098271031995295,-0.028233409,Q
ckpt_mlm_s42_token:14,2436,0.11840369511194537,0.16695830103138273,0.09681082,M
ckpt_mlm_s42_token:14,2437,0.8165872237623322,0.9022517074740805,-0.03713937,K
ckpt_mlm_s42_token:14,2438,0.12156852160941312,0.1309955427846861,-0.09068942,Y
ckpt_mlm_s42_token:14,2439,0.7042804847209367,0.833421053417948,0.0036355555,T
ckpt_mlm_s42_token:14,2440,0.12146849893021439,0.18219002209797727,0.068332314,C
ckpt_mlm_s42_token:14,2441,0.6600233075345192,0.7940836101341959,0.077676535,F
ckpt_mlm_s42_token:14,2442,0.6872185982551602,0.8166830582489589,-0.041527007,K
ckpt_mlm_s42_token:14,2443,0.7047355645269944,0.6780321497173144,-0.016849853,D
ckpt_mlm_s42_token:14,2444,0.8273817280382862,0.911278403451604,0.017773077,T
ckpt_mlm_s42_token:14,2445,0.04914126442675637,0.08231284896377052,0.029230595,F
ckpt_mlm_s42_token:14,2446,0.14242924824676118,0.22528131074941357,0.1787107,C
ckpt_mlm_s42_token:14,2447,0.10803091966220335,0.18086986054731674,0.0043315887,M
ckpt_mlm_s42_token:14,2448,0.5362129259902517,0.35487226462750615,0.004431039,D
ckpt_mlm_s42_token:14,2449,0.598915918199166,0.4491679638681141,-0.021579133,K
ckpt_mlm_s42_token:14,2450,0.9090703386251835,0.9569955220848427,0.113548376,L
ckpt_mlm_s42_token:14,2451,0.5479754918871113,0.5184073217377025,0.112581976,L
ckpt_mlm_s42_token:14,2452,0.11290958167411991,0.13714562647850054,0.012724638,N
ckpt_mlm_s42_token:14,2453,0.5860503049212643,0.39336442561257656,-0.0584533,K
ckpt_mlm_s42_token:14,2454,0.6302294258317299,0.6474009703343214,-0.036945663,R
ckpt_mlm_s42_token:14,2455,0.08068092143268168,0.1533767230651155,0.06303358,M
ckpt_mlm_s42_token:14,2456,0.6711984681899603,0.5335663032933466,-0.0073937885,A
ckpt_mlm_s42_token:14,2457,0.9461955731039747,0.9775524375306902,0.016778834,T
ckpt_mlm_s42_token:14,2458,0.11119374516602554,0.18293328741037024,0.046740413,W
ckpt_mlm_s42_token:14,2459,0.5137779208197724,0.37143250901460767,0.1176242,Y
ckpt_mlm_s42_token:14,2460,0.11039563106505568,0.17850055724856195,0.040474176,C
ckpt_mlm_s42_token:14,2461,0.4469212460407732,0.25660221812919726,0.020730503,M
ckpt_mlm_s42_token:14,2462,0.13822998006298393,0.23878062088820037,0.03310728,M
ckpt_mlm_s42_token:14,2463,0.11725699057884864,0.1252066659074395,0.010178328,P
ckpt_mlm_s42_token:14,2464,0.5831743111164929,0.38383370577119674,0.0047365874,P
ckpt_mlm_s42_token:14,2465,0.8869654569075476,0.9448245243071248,0.08147454,I
ckpt_mlm_s42_token:14,2466,0.691805156701199,0.5167880967096161,0.037118893,T
ckpt_mlm_s42_token:14,2467,0.10806852089651664,0.13014355193090746,-0.018804789,I
ckpt_mlm_s42_token:14,2468,0.9365844504134151,0.9727490100844617,0.015119359,A
ckpt_mlm_s42_token:14,2469,0.11122753840864552,0.15977266633209947,-0.03823501,C
ckpt_mlm_s42_token:14,2470,0.5580958793474653,0.4851504822371534,-0.019093012,D
ckpt_mlm_s42_token:14,2471,0.5065762354460704,0.3126262092738256,-0.04671423,K
ckpt_mlm_s42_token:14,2472,0.6263294694421073,0.41745969013720663,-0.05282207,E
ckpt_mlm_s42_token:14,2473,0.11919888244776866,0.1320281548709764,0.016192317,W
ckpt_mlm_s42_token:14,2474,0.506101655430448,0.5047030850828436,0.024424389,A
ckpt_mlm_s42_token:14,2475,0.6080386466719727,0.41923568875939227,-0.004007496,D
ckpt_mlm_s42_token:14,2476,0.13315107463835418,0.16177289263614417,-0.35735416,E
ckpt_mlm_s42_token:14,2477,0.07413138314401801,0.0934817304104539,-0.033595085,D
ckpt_mlm_s42_token:14,2478,0.851649054727413,0.9220306471118676,-0.03362434,R
ckpt_mlm_s42_token:14,2479,0.9768474830666463,0.9909529045166189,0.11371299,L
ckpt_mlm_s42_token:14,2480,0.1315116546698396,0.15316861025285747,-0.044801235,H
ckpt_mlm_s42_token:14,2481,0.7364996973723446,0.49440290466232895,0.032488503,P
ckpt_mlm_s42_token:14,2482,0.4941988330392123,0.3360306077814736,0.03986637,T
ckpt_mlm_s42_token:14,2483,0.7131702205958932,0.548425642731921,0.110098094,F
ckpt_mlm_s42_token:14,2484,0.7528806463851536,0.8628308916883106,0.021939352,F
ckpt_mlm_s42_token:14,2485,0.14805630649454948,0.17516346034569216,0.027368903,H
ckpt_mlm_s42_token:14,2486,0.06876272745615952,0.10233259861159692,0.12129426,C
ckpt_mlm_s42_token:14,2487,0.09008418772434179,0.13411553205787463,0.42684054,L
ckpt_mlm_s42_token:14,2488,0.121684077343715,0.14130783945882017,0.067394376,W
ckpt_mlm_s42_token:14,2489,0.6754389042061462,0.8108927128238659,0.021422029,M
ckpt_mlm_s42_token:14,2490,0.24643819955020774,0.3918473702318353,-0.023414612,W
ckpt_mlm_s42_token:14,2491,0.15856809446242504,0.2247031685544423,0.038768888,W
ckpt_mlm_s42_token:14,2492,0.7007693771043855,0.5229707060747403,0.10795059,V
ckpt_mlm_s42_token:14,2493,0.7964172790499645,0.8887711908674195,0.11784738,V
ckpt_mlm_s42_token:14,2494,0.5378053913859222,0.49143125969750867,-0.00941874,D
ckpt_mlm_s42_token:14,2495,0.6954381887396858,0.6101660334083931,-0.060051247,E
ckpt_mlm_s42_token:14,2496,0.6835326433694395,0.5503124057297355,0.057742752,A
ckpt_mlm_s42_token:14,2497,0.6942709023333887,0.5167723325784985,-0.044148803,K
ckpt_mlm_s42_token:14,2498,0.2074050341427779,0.31154643201317284,0.005024433,C
ckpt_mlm_s42_token:14,2499,0.7864506214840662,0.8807697736347805,-0.0015528649,P
ckpt_mlm_s42_token:14,2500,0.5988532364428147,0.5553284614305344,0.0031285286,W
ckpt_mlm_s42_token:14,2501,0.11189194892202525,0.17355175403259862,0.07317901,A
ckpt_mlm_s42_token:14,2502,0.7958701170463202,0.8913765755619013,0.061947174,F
ckpt_mlm_s42_token:14,2503,0.2323118825678837,0.2689117062553908,0.18669331,C
ckpt_mlm_s42_token:14,2504,0.6892818698003595,0.5350735655824461,0.04490075,I
ckpt_mlm_s42_token:14,2505,0.6596676172060332,0.5582414870122148,0.014097273,A
ckpt_mlm_s42_token:14,2506,0.07920673411305246,0.10479099976466173,-0.116853,L
ckpt_mlm_s42_token:14,2507,0.7753147313903302,0.8553623852675398,0.11629972,L
ckpt_mlm_s42_token:14,2508,0.8204504442165337,0.9088586652750215,0.00071804225,S
ckpt_mlm_s42_token:14,2509,0.6433264422795885,0.5405365149817771,0.06417519,A
ckpt_mlm_s42_token:14,2510,0.7033800171848902,0.6590152919140069,0.013960134,T
ckpt_mlm_s42_token:14,2511,0.4899812629739899,0.5765956026848281,0.037606984,M
ckpt_mlm_s42_token:14,2512,0.6899586435363807,0.6278914462544021,0.08528359,V
ckpt_mlm_s42_token:14,2513,0.805005186871568,0.8985319921325374,0.00020182133,N
ckpt_mlm_s42_token:14,2514,0.9449782453804954,0.9760215894867168,0.034736514,G
ckpt_mlm_s42_token:14,2515,0.09037442958801523,0.12010923768232704,0.0044021606,C
ckpt_mlm_s42_token:14,2516,0.08312456626736575,0.09844431759616615,-0.018338084,W
ckpt_mlm_s42_token:14,2517,0.5804296206725408,0.599569932948146,0.00895055,S
ckpt_mlm_s42_token:14,2518,0.4948464778602095,0.36087600714747975,-0.011628665,T
ckpt_mlm_s42_token:14,2519,0.1766090122586016,0.17794135880697248,0.114572525,W
ckpt_mlm_s42_token:14,2520,0.7693830172933313,0.8695185761968807,-0.003737405,P
ckpt_mlm_s42_token:14,2521,0.5731812428570515,0.3920351087309952,-0.00024374574,Q
ckpt_mlm_s42_token:14,2522,0.5627078423325294,0.428986448251486,-0.007905506,A
ckpt_mlm_s42_token:14,2523,0.08544394752642437,0.1107690285488296,-0.006767273,V
ckpt_mlm_s42_token:14,2524,0.7725102237684827,0.8743348229798913,0.035764217,Y
ckpt_mlm_s42_token:14,2525,0.060267437135889335,0.13491692070333355,0.0070176125,H
ckpt_mlm_s42_token:14,2526,0.12594495555164553,0.14812257490741168,-0.9150362,F
ckpt_mlm_s42_token:14,2527,0.5793899238582874,0.46978762810842184,0.0130514875,T
ckpt_mlm_s42_token:14,2528,0.14534937236669687,0.11307607186872311,0.07942045,V
ckpt_mlm_s42_token:14,2529,0.13655861839131955,0.12147007616263736,0.0074589252,P
ckpt_mlm_s42_token:14,2530,0.719387514883328,0.8320774320506652,0.012599736,A
ckpt_mlm_s42_token:14,2531,0.6835261211053687,0.5959310133356366,0.041182604,G
ckpt_mlm_s42_token:14,2532,0.10341758767532405,0.174149387852058,0.032844782,M
ckpt_mlm_s42_token:14,2533,0.12938900051786617,0.13871707942935554,0.04791546,L
ckpt_mlm_s42_token:14,2534,0.7996274301446202,0.8953740731530925,-0.05417322,K
ckpt_mlm_s42_token:14,2535,0.6527508679278096,0.4909602084103177,-0.022338398,S
ckpt_mlm_s42_token:14,2536,0.06863447966940994,0.10125705425526839,0.028517246,C
ckpt_mlm_s42_token:14,2537,0.6424933393426362,0.7848305088176638,0.0069167316,H
ckpt_mlm_s42_token:14,2538,0.7258059395810308,0.5700215715744904,-0.07985293,E
ckpt_mlm_s42_token:14,2539,0.1549040283252252,0.1863981449471259,-0.016364098,W
ckpt_mlm_s42_token:14,2540,0.1670316141232745,0.23795101371464134,-0.0054141283,N
ckpt_mlm_s42_token:14,2541,0.699447331041676,0.5484223040592964,0.0120932385,P
ckpt_mlm_s42_token:14,2542,0.14772118996895967,0.24755004088092947,0.012524366,W
ckpt_mlm_s42_token:14,2543,0.47256670104672627,0.2665129291335199,-0.03705632,R
ckpt_mlm_s42_token:14,2544,0.6771716310319266,0.5360302230160489,0.00877209,Q
ckpt_mlm_s42_token:14,2545,0.8022505744341487,0.8941273083550143,0.01972055,A
ckpt_mlm_s42_token:14,2546,0.08584026196629757,0.09810342712201578,0.01828432,W
ckpt_mlm_s42_token:14,2547,0.7404947962925128,0.8502628138595539,0.019663885,Y
ckpt_mlm_s42_token:14,2548,0.8034561144987661,0.897244241157925,9.6194446e-05,P
ckpt_mlm_s42_token:14,2549,0.7634564736320771,0.873995698204155,-0.039876543,K
ckpt_mlm_s42_token:14,2550,0.8906349509722914,0.9493068753407742,-0.0456478,K
ckpt_mlm_s42_token:14,2551,0.2703778613844833,0.3995486690035556,0.21560925,C
ckpt_mlm_s42_token:14,2552,0.12058233822255204,0.18103604253671546,-0.0130108595,W
ckpt_mlm_s42_token:14,2553,0.0829704957410079,0.19378634582982263,0.099164724,H
ckpt_mlm_s42_token:14,2554,0.1153969150563926,0.18754531293439627,0.016734779,W
ckpt_mlm_s42_token:14,2555,0.7283274189939217,0.6096593478214486,0.015839776,S
ckpt_mlm_s42_token:14,2556,0.07526548545152734,0.10412257754076235,0.004743576,A
ckpt_mlm_s42_token:14,2557,0.8083613488998004,0.8980331132536955,0.018991627,T
ckpt_mlm_s42_token:14,2558,0.6819267195842811,0.5396103439525006,-0.012332192,D
ckpt_mlm_s42_token:14,2559,0.6182968955934152,0.5324013436110243,-0.033524804,D
ckpt_clm_s42:14,0,0.11865912420141944,0.1428727111075693,0.009444058,Q
ckpt_clm_s42:14,1,0.16763854812366097,0.17243614642656277,0.034597456,I
ckpt_clm_s42:14,2,0.20190807536811506,0.299162810277685,0.05326307,G
ckpt_clm_s42:14,3,0.237988919877261,0.3578134579931955,-0.011232555,F
ckpt_clm_s42:14,4,0.2710603546567275,0.26276141471900905,0.0021755695,T
ckpt_clm_s42:14,5,0.3750583298730674,0.4084660164773659,-0.013668805,R
ckpt_clm_s42:14,6,0.22802791796395527,0.22814663275295932,0.03574419,F
ckpt_clm_s42:14,7,0.3219646902159832,0.44746831965568834,-0.006388068,H
ckpt_clm_s42:14,8,0.25775260442916315,0.2810988168661475,0.074216604,S
ckpt_clm_s42:14,9,0.2531395818872898,0.2457314840165741,0.07871884,S
ckpt_clm_s42:14,10,0.2227905669404303,0.18894396941908406,0.012474775,C
ckpt_clm_s42:14,11,0.5464610623228481,0.6933672931114383,0.13203406,C
ckpt_clm_s42:14,12,0.21877908860031792,0.21188795249849693,0.0849241,Y
ckpt_clm_s42:14,13,0.24002138413594631,0.26553419081635116,0.043691635,S
ckpt_clm_s42:14,14,0.25291822487196225,0.2646706884042777,-0.066411495,N
ckpt_clm_s42:14,15,0.21377799901828953,0.23700208476896828,0.05602479,Q
ckpt_clm_s42:14,16,0.49509741666735785,0.6495752474642639,-0.012508616,D
ckpt_clm_s42:14,17,0.1322416888762037,0.17013626899536674,0.025239289,M
ckpt_clm_s42:14,18,0.3624210118564636,0.5272607295994989,0.24723166,C
ckpt_clm_s42:14,19,0.13742710612762798,0.15122446070370277,0.03238821,M
ckpt_clm_s42:14,20,0.23098876331141083,0.2484585776035426,-0.02120775,W
ckpt_clm_s42:14,21,0.18394984821532112,0.2199520527465033,-0.047579885,T
ckpt_clm_s42:14,22,0.35470514411932375,0.3276427047217662,0.1650073,C
ckpt_clm_s42:14,23,0.25962103406960135,0.24916752290365857,-0.0187909,P
ckpt_clm_s42:14,24,0.14397698875478793,0.2465656439860576,0.0976814,V
ckpt_clm_s42:14,25,0.2868576689886819,0.2520715893575102,-0.0013032556,S
ckpt_clm_s42:14,26,0.15896094156611096,0.1787119597583896,0.035312235,H
ckpt_clm_s42:14,27,0.37057394711141833,0.4415833781245628,0.09266901,H
ckpt_clm_s42:14,28,0.07339967079239551,0.1256302032105512,0.048223913,H
ckpt_clm_s42:14,29,0.7782583948257984,0.8555316956573671,0.012727156,P
ckpt_clm_s42:14,30,0.15200597705374574,0.20541975370108537,0.053352654,L
ckpt_clm_s42:14,31,0.11486651538208037,0.1364520071741072,0.13355207,G
ckpt_clm_s42:14,32,0.19337235582520207,0.21624473528826804,0.022517323,N
ckpt_clm_s42:14,33,0.49250175770084637,0.47770787229887157,0.041283876,C
ckpt_clm_s42:14,34,0.2745184523124481,0.35240344190836465,-0.030933589,D
ckpt_clm_s42:14,35,0.2735638920759852,0.3419388588756979,0.1073035,F
ckpt_clm_s42:14,36,0.47650019387771847,0.6216531428816784,-0.0317927,E
ckpt_clm_s42:14,37,0.38976177438352555,0.2757150325493349,0.024371263,P
ckpt_clm_s42:14,38,0.33250364590066794,0.30697672133567844,0.19051874,C
ckpt_clm_s42:14,39,0.24027748143499772,0.27447537421476026,0.07556814,N
ckpt_clm_s42:14,40,0.514186736968145,0.6071891896956704,0.088158324,M
ckpt_clm_s42:14,41,0.04278385007585195,0.13124842882746265,0.023358569,Q
ckpt_clm_s42:14,42,0.25527822213319873,0.164031476055205,-0.04328841,W
ckpt_clm_s42:14,43,0.15699512921729086,0.18475961869886665,0.040471017,V
ckpt_clm_s42:14,44,0.1453461819296613,0.15120424293060397,0.048767686,G
ckpt_clm_s42:14,45,0.1641278658030415,0.15139399618076305,0.19240916,H
ckpt_clm_s42:14,46,0.20827799643443978,0.24153557399982245,0.1246444,E
ckpt_clm_s42:14,47,0.18215928146474225,0.26003019141356587,0.009037808,C
ckpt_clm_s42:14,48,0.16586750921946325,0.16459703525894503,-0.0055802464,K
ckpt_clm_s42:14,49,0.2388824739742368,0.35166801340774717,0.08801511,Y
ckpt_clm_s42:14,50,0.30306424938720355,0.29541118888699747,0.04200071,Y
ckpt_clm_s42:14,51,0.3323040479941901,0.31037348423970024,0.07104528,H
ckpt_clm_s42:14,52,0.35139112547822027,0.3064028360117147,0.051052272,E
ckpt_clm_s42:14,53,0.2013647386878067,0.2713491563442234,0.029273987,N
ckpt_clm_s42:14,54,0.37094941344931964,0.5035737198628344,0.009160042,H
ckpt_clm_s42:14,55,0.18220630597860088,0.17170478620852364,0.09318721,R
ckpt_clm_s42:14,56,0.2194335415263451,0.18687176536643646,0.118249595,N
ckpt_clm_s42:14,57,0.3374350729566459,0.3764949614227379,0.023046196,S
ckpt_clm_s42:14,58,0.250733710396016,0.24674559046127587,0.07217717,Q
ckpt_clm_s42:14,59,0.4052540514501567,0.5409853469700854,-0.08082642,E
ckpt_clm_s42:14,60,0.30997184953469226,0.2286050010754704,0.076618135,T
ckpt_clm_s42:14,61,0.20258490692471642,0.19295824635698572,-0.029195726,A
ckpt_clm_s42:14,62,0.2543742731558293,0.21871052851649328,0.05336809,R
ckpt_clm_s42:14,63,0.28339608116022363,0.29508362739530136,0.010219455,P
ckpt_clm_s42:14,64,0.6129821420584007,0.7054752612767949,0.03583599,G
ckpt_clm_s42:14,65,0.4557416319800577,0.3948236986668666,-0.016092822,R
ckpt_clm_s42:14,66,0.30152576436442413,0.3296188156367298,0.1274178,Y
ckpt_clm_s42:14,67,0.32281760441491036,0.371092691693614,0.008519828,T
ckpt_clm_s42:14,68,0.13327902201435815,0.14628940243874353,0.122101605,A
ckpt_clm_s42:14,69,0.14320443040685438,0.17633781891270797,-0.017659843,E
ckpt_clm_s42:14,70,0.3650626328263834,0.2538333210445202,-0.031921446,D
ckpt_clm_s42:14,71,0.27075048546286085,0.30929287564371516,0.08037262,G
ckpt_clm_s42:14,72,0.245499353929846,0.24964626670167844,0.0038530529,M
ckpt_clm_s42:14,73,0.387695840287385,0.48689796981318656,-0.02350372,H
ckpt_clm_s42:14,74,0.2873154330384038,0.3281478353720366,0.05022791,D
ckpt_clm_s42:14,75,0.33426798757406373,0.2179524438260355,0.30345786,I
ckpt_clm_s42:14,76,0.19966163243338675,0.2456455558825883,0.10202205,C
ckpt_clm_s42:14,77,0.2330983250793417,0.25625422507325823,0.28327984,W
ckpt_clm_s42:14,78,0.23949118049701668,0.21844626365441283,0.019777596,W
ckpt_clm_s42:14,79,0.6017299234303166,0.7337275647316776,-0.034048617,R
ckpt_clm_s42:14,80,0.3720862119846101,0.29613074080616475,0.10843104,F
ckpt_clm_s42:14,81,0.16549476956795228,0.2038349642085136,-0.006344855,D
ckpt_clm_s42:14,82,0.4558355173628048,0.37338504642106174,0.009182759,H
ckpt_clm_s42:14,83,0.45444381430048186,0.5750378289729404,-0.006161377,Q
ckpt_clm_s42:14,84,0.16839285943924265,0.13641600997976164,0.46822965,P
ckpt_clm_s42:14,85,0.25529373911221154,0.24462405226252024,-0.018463716,K
ckpt_clm_s42:14,86,0.1850510164939051,0.22679646260115335,0.04769647,R
ckpt_clm_s42:14,87,0.29162472751246804,0.35338152234594855,0.08811292,W
ckpt_clm_s42:14,88,0.33669212696302464,0.3832314082611136,0.12568101,C
ckpt_clm_s42:14,89,0.49389288092981576,0.5891789197594105,0.057922453,M
ckpt_clm_s42:14,90,0.39190066179354643,0.5235570163851478,0.043787777,S
ckpt_clm_s42:14,91,0.22205451894842831,0.19642935605675255,0.093517125,A
ckpt_clm_s42:14,92,0.2638226235511929,0.20461999576095835,0.05281228,E
ckpt_clm_s42:14,93,0.4721813552125893,0.6056110131052092,-0.039787114,E
ckpt_clm_s42:14,94,0.2375388044178972,0.23272645201392952,0.20560384,W
ckpt_clm_s42:14,95,0.1933474206603002,0.20830721595793955,0.06929749,F
ckpt_clm_s42:14,96,0.24637910043814737,0.20729542400170417,0.06374526,C
ckpt_clm_s42:14,97,0.30535664764794856,0.3144661803099353,-0.016177893,T
ckpt_clm_s42:14,98,0.20367059490462058,0.20122011334482978,0.010080516,H
ckpt_clm_s42:14,99,0.2665943517171474,0.2517038463080449,0.023077816,Q
ckpt_clm_s42:14,100,0.26437608796156076,0.2493425142079424,-0.001571387,L
ckpt_clm_s42:14,101,0.17455858547748226,0.20498452161149094,0.052932918,M
ckpt_clm_s42:14,102,0.2994878822610667,0.3823592893357348,0.008708656,S
ckpt_clm_s42:14,103,0.46485491946480406,0.5738484859485681,0.026237063,G
ckpt_clm_s42:14,104,0.1710941265028174,0.1796412130003861,0.094291925,Y
ckpt_clm_s42:14,105,0.2500503415139468,0.2189946614156916,0.044104338,N
ckpt_clm_s42:14,106,0.2947778241547947,0.3038201942434363,0.2650836,F
ckpt_clm_s42:14,107,0.2874308193996016,0.3223347950754992,0.0114376545,E
ckpt_clm_s42:14,108,0.1946707552917959,0.15298486298339967,0.045696467,A
ckpt_clm_s42:14,109,0.2577058235287438,0.334850227338398,0.031922728,A
ckpt_clm_s42:14,110,0.2032670292199792,0.1793942318775653,-0.077895164,H
ckpt_clm_s42:14,111,0.47295410136012184,0.441477599154719,-0.01953417,E
ckpt_clm_s42:14,112,0.3545797247344178,0.3974847537538063,-0.06117809,C
ckpt_clm_s42:14,113,0.30594033885130656,0.33715138735452066,0.16215295,I
ckpt_clm_s42:14,114,0.5964385642719923,0.5816161545603069,0.009627402,M
ckpt_clm_s42:14,115,0.32558409694576107,0.3376643738965755,0.19604701,I
ckpt_clm_s42:14,116,0.1515887601405087,0.16150396389787697,0.07712209,P
ckpt_clm_s42:14,117,0.14060862696622323,0.23116003734769017,0.09248763,I
ckpt_clm_s42:14,118,0.27012993598559565,0.2781099784958204,0.067355335,M
ckpt_clm_s42:14,119,0.36860433516591684,0.44960031503986997,0.008294493,P
ckpt_clm_s42:14,120,0.22906660109124755,0.21772735718408015,0.05939561,F
ckpt_clm_s42:14,121,0.27210680812110843,0.25715141643302325,0.07459819,P
ckpt_clm_s42:14,122,0.33400907335347174,0.3704485908804172,0.11465055,N
ckpt_clm_s42:14,123,0.43082956351980595,0.48208301589185915,0.13480689,I
ckpt_clm_s42:14,124,0.10245954344287012,0.1759021951290194,0.036655545,Q
ckpt_clm_s42:14,125,0.2502392545667186,0.28937535612507753,-0.029773355,E
ckpt_clm_s42:14,126,0.4539330077299305,0.6146707889347546,0.021337777,A
ckpt_clm_s42:14,127,0.2280885507404341,0.21057255259202884,-0.037673354,P
ckpt_clm_s42:14,128,0.43663273043134,0.4236635536474671,-0.020336583,R
ckpt_clm_s42:14,129,0.24697580904034822,0.16286882273876963,0.042818367,M
ckpt_clm_s42:14,130,0.2914974038012167,0.31501579978933325,0.084445715,D
ckpt_clm_s42:14,131,0.15834277594602053,0.14087340268453774,-0.005787879,R
ckpt_clm_s42:14,132,0.16438936278278704,0.18212183445278238,0.001961112,Y
ckpt_clm_s42:14,133,0.20191029200728827,0.2521016544468489,0.10452682,L
ckpt_clm_s42:14,134,0.3196123138826841,0.4205756291244483,0.05305606,W
ckpt_clm_s42:14,135,0.20923967775338992,0.20391584734463497,0.053921938,V
ckpt_clm_s42:14,136,0.3192986837126697,0.36356206819523174,0.1624212,H
ckpt_clm_s42:14,137,0.6047634136231632,0.7324968939353088,0.03903228,T
ckpt_clm_s42:14,138,0.4843502346114653,0.42630534483851984,-0.0067519248,M
ckpt_clm_s42:14,139,0.2365764918604677,0.1845040683483991,0.07094151,G
ckpt_clm_s42:14,140,0.22705516943807114,0.2790173727959553,0.009976447,S
ckpt_clm_s42:14,141,0.1531965991041646,0.19615612112008696,0.11676645,T
ckpt_clm_s42:14,142,0.16940079978058342,0.16511639443971862,0.09209627,V
ckpt_clm_s42:14,143,0.3030387300269879,0.40294702195112303,0.009278178,W
ckpt_clm_s42:14,144,0.2283579620345898,0.27410817955926214,0.029186785,P
ckpt_clm_s42:14,145,0.7228566429410227,0.8288180199887115,0.068920955,F
ckpt_clm_s42:14,146,0.2528342248311459,0.24619238108264763,0.03361523,S
ckpt_clm_s42:14,147,0.33370532582863055,0.22285015082404094,0.039248973,T
ckpt_clm_s42:14,148,0.3118529192541136,0.36897503233395784,0.23810852,H
ckpt_clm_s42:14,149,0.5957101347177887,0.6404461618728291,0.06270683,H
ckpt_clm_s42:14,150,0.609794659039441,0.5802229427263013,0.108410776,I
ckpt_clm_s42:14,151,0.15145766810812156,0.14363437628432135,0.16999364,V
ckpt_clm_s42:14,152,0.23077661115542214,0.31888859647922085,0.06714161,L
ckpt_clm_s42:14,153,0.18631655610261044,0.13405892188374913,0.034367144,A
ckpt_clm_s42:14,154,0.27691676512329033,0.2819543932417486,0.13751905,I
ckpt_clm_s42:14,155,0.2988339778591885,0.241860996558254,0.14275879,F
ckpt_clm_s42:14,156,0.44384262851863776,0.5543912720147421,0.07010496,M
ckpt_clm_s42:14,157,0.27768616024364967,0.2531724425600919,0.10832897,L
ckpt_clm_s42:14,158,0.5657203814736309,0.707067655869437,0.12726338,V
ckpt_clm_s42:14,159,0.28338376459872305,0.2673148852922627,0.042711496,N
ckpt_clm_s42:14,160,0.20603521274233827,0.16159181869191896,0.11714214,F
ckpt_clm_s42:14,161,0.15782874971269556,0.21186009163238834,0.091382265,M
ckpt_clm_s42:14,162,0.19642524867768196,0.27947250653374145,0.03325993,C
ckpt_clm_s42:14,163,0.35225522399617326,0.30966449766949794,0.153341,Y
ckpt_clm_s42:14,164,0.10367267632022814,0.17026995748913756,-0.02516812,H
ckpt_clm_s42:14,165,0.4195010532031509,0.5371515571148027,0.041356042,G
ckpt_clm_s42:14,166,0.1334488125841371,0.1543547981520251,0.056071043,A
ckpt_clm_s42:14,167,0.6922641219190349,0.8052408994127177,0.015643284,P
ckpt_clm_s42:14,168,0.13375028549173307,0.17108915761616683,0.037747562,Q
ckpt_clm_s42:14,169,0.14604966275779863,0.19117774734174794,0.069053054,Y
ckpt_clm_s42:14,170,0.3860211132229886,0.4688201171144926,-0.0022001266,N
ckpt_clm_s42:14,171,0.35175066037347225,0.43318672626525556,0.0700171,M
ckpt_clm_s42:14,172,0.1926691558438619,0.1832925484529073,0.05707565,E
ckpt_clm_s42:14,173,0.27859786425437294,0.2831353858323352,0.17893928,V
ckpt_clm_s42:14,174,0.3063668547655195,0.30305632358994133,0.02012217,C
ckpt_clm_s42:14,175,0.8767602005229084,0.9387304288889249,0.26014462,C
ckpt_clm_s42:14,176,0.22340014761949778,0.1722928178420256,0.13917345,Q
ckpt_clm_s42:14,177,0.2760615568788658,0.31779558389971513,0.013697505,E
ckpt_clm_s42:14,178,0.15687775304359164,0.19652315891624408,-0.026988328,M
ckpt_clm_s42:14,179,0.20491973779486206,0.19085550342662455,0.0171054,Y
ckpt_clm_s42:14,180,0.4559261916279541,0.426561058070466,0.07256597,P
ckpt_clm_s42:14,181,0.2676555938978542,0.2267723602459941,0.04123971,F
ckpt_clm_s42:14,182,0.2193201599771848,0.24326452518140762,0.02997166,S
ckpt_clm_s42:14,183,0.20745896168541422,0.14677757171578082,0.05357182,R
ckpt_clm_s42:14,184,0.43570309340107394,0.5566227201350947,0.03131111,G
ckpt_clm_s42:14,185,0.1937755938977942,0.1998357747599921,0.06214267,H
ckpt_clm_s42:14,186,0.29274373581878377,0.2874696077621707,-0.025023803,D
ckpt_clm_s42:14,187,0.4965859321440049,0.6361221900262372,0.08683443,W
ckpt_clm_s42:14,188,0.1930175914291321,0.28252251459890615,0.03198877,A
ckpt_clm_s42:14,189,0.410232595309759,0.5228595067044834,-0.027587265,Q
ckpt_clm_s42:14,190,0.21016868944572242,0.20408973581437548,0.051919192,A
ckpt_clm_s42:14,191,0.11530801324433693,0.17210713972158345,0.04708594,H
ckpt_clm_s42:14,192,0.2481047129997357,0.20662670768343103,0.1942251,L
ckpt_clm_s42:14,193,0.6508954884811118,0.7434775362707754,0.007914454,H
ckpt_clm_s42:14,194,0.2715759014078327,0.23067390748546643,0.07490617,Q
ckpt_clm_s42:14,195,0.31175225301110376,0.27897225456223096,-0.051740944,S
ckpt_clm_s42:14,196,0.30604851365772445,0.32908131388609013,0.032918394,G
ckpt_clm_s42:14,197,0.16495160729180391,0.20294674158736714,0.012204826,Y
ckpt_clm_s42:14,198,0.21848138053226307,0.2666420362684287,-0.0058705807,W
ckpt_clm_s42:14,199,0.30656189694642166,0.2978361055559096,-0.014288008,M
ckpt_clm_s42:14,200,0.2833808139509002,0.2511919372601953,0.032712787,H
ckpt_clm_s42:14,201,0.28904516611931586,0.2561677414283744,0.060234427,T
ckpt_clm_s42:14,202,0.39484027656651877,0.4116856438812525,0.034168035,A
ckpt_clm_s42:14,203,0.5261277791736944,0.6866038817862206,0.02982825,G
ckpt_clm_s42:14,204,0.13820040102383346,0.15767703062386026,0.20213294,H
ckpt_clm_s42:14,205,0.3276668589307551,0.27088121938003284,0.028043985,W
ckpt_clm_s42:14,206,0.17405758442775132,0.2448758198367663,0.014414549,E
ckpt_clm_s42:14,207,0.18882030549849305,0.23416256063064844,0.0413543,A
ckpt_clm_s42:14,208,0.17841990428879861,0.1616669635718608,0.22070187,L
ckpt_clm_s42:14,209,0.3316213116305643,0.3863252085176983,-0.02948013,M
ckpt_clm_s42:14,210,0.1947238193788372,0.18511083892516209,0.013023853,F
ckpt_clm_s42:14,211,0.5377553989125607,0.6739979722988161,0.034650773,H
ckpt_clm_s42:14,212,0.7210522032878433,0.810967799090384,-0.045158893,K
ckpt_clm_s42:14,213,0.26710134193608903,0.262941702434437,0.18358374,W
ckpt_clm_s42:14,214,0.26113915877862737,0.2182925802066381,0.27303314,G
ckpt_clm_s42:14,215,0.4715950151555983,0.6304949367643181,0.09083629,C
ckpt_clm_s42:14,216,0.3171378998166581,0.2559839888521294,0.089212656,T
ckpt_clm_s42:14,217,0.19687423791156844,0.22389117983049306,0.08041325,M
ckpt_clm_s42:14,218,0.1985439949740635,0.19027607248126835,0.027551591,Q
ckpt_clm_s42:14,219,0.3327649794296679,0.287254990365215,0.40910494,W
ckpt_clm_s42:14,220,0.17642371586278138,0.20499276856431328,-0.012151629,P
ckpt_clm_s42:14,221,0.19701267978411552,0.1534683421374395,0.12540668,T
ckpt_clm_s42:14,222,0.09544619538675381,0.11580756338417621,0.074362814,E
ckpt_clm_s42:14,223,0.1576215395186621,0.24065095145575527,0.064367056,C
ckpt_clm_s42:14,224,0.4821818906600903,0.6104331382529609,-0.004599929,D
ckpt_clm_s42:14,225,0.2383191365850399,0.25709281252992494,-0.02374962,Q
ckpt_clm_s42:14,226,0.24088093175437186,0.22826053923242814,0.085897386,F
ckpt_clm_s42:14,227,0.24626430669848265,0.23043980857502683,-0.07140905,N
ckpt_clm_s42:14,228,0.2860778646460832,0.29415792500609234,0.053070188,V
ckpt_clm_s42:14,229,0.08665602247037951,0.16390394322000848,0.07624251,K
ckpt_clm_s42:14,230,0.34020163051783625,0.34178164017586987,0.05074455,A
ckpt_clm_s42:14,231,0.16207636228927413,0.16977268912088853,0.018025696,S
ckpt_clm_s42:14,232,0.24611396518788897,0.31615372316851087,0.026982725,T
ckpt_clm_s42:14,233,0.16189372358181042,0.22633598283004056,0.009559929,Q
ckpt_clm_s42:14,234,0.230202029125116,0.18988858511393447,0.16041392,L
ckpt_clm_s42:14,235,0.5088776847133529,0.6074655132233115,-0.05164881,K
ckpt_clm_s42:14,236,0.1648040343653815,0.1542786015322333,0.06287503,T
ckpt_clm_s42:14,237,0.15932649302964186,0.20842472743962923,0.02704227,P
ckpt_clm_s42:14,238,0.2347726076173191,0.18173018211673045,-0.07685435,F
ckpt_clm_s42:14,239,0.2145483998136587,0.36910611812988786,0.037510693,M
ckpt_clm_s42:14,240,0.3487550396720164,0.4334967430926265,0.104042485,Y
ckpt_clm_s42:14,241,0.12030607363562917,0.20634101541865987,0.072344065,A
ckpt_clm_s42:14,242,0.12454973615456766,0.18873561918523896,0.11779529,M
ckpt_clm_s42:14,243,0.21326375048816093,0.19658413701301783,0.09497005,V
ckpt_clm_s42:14,244,0.08151881713218001,0.12941942362143813,0.02860099,I
ckpt_clm_s42:14,245,0.40734886576571494,0.4428250791651528,0.045041382,F
ckpt_clm_s42:14,246,0.2705940240381913,0.24774061038187492,0.020234346,R
ckpt_clm_s42:14,247,0.30002514266375024,0.3041785290267964,0.16244152,Q
ckpt_clm_s42:14,248,0.21029519068900804,0.2638912764363228,0.2356782,H
ckpt_clm_s42:14,249,0.8047205835617275,0.8855055595047274,0.041044865,M
ckpt_clm_s42:14,250,0.09082082116710433,0.10831846587162304,0.020122707,A
ckpt_clm_s42:14,251,0.33584134731909776,0.30037890585540417,-0.009837687,M
ckpt_clm_s42:14,252,0.3375606232432994,0.29447537773533644,0.22333461,P
ckpt_clm_s42:14,253,0.6364695342011523,0.7374502081904265,0.091325,I
ckpt_clm_s42:14,254,0.19239572962723117,0.2409145975635368,0.13970888,I
ckpt_clm_s42:14,255,0.2528771276846712,0.25055029970191006,0.06494832,S
ckpt_clm_s42:14,256,0.18810118375879226,0.23856398174623095,-0.044637024,F
ckpt_clm_s42:14,257,0.14816429981901413,0.16671567126190223,0.0028551817,P
ckpt_clm_s42:14,258,0.17141570513913706,0.2791140174268269,0.044465482,F
ckpt_clm_s42:14,259,0.4961242460732813,0.6393100816732843,0.022339314,H
ckpt_clm_s42:14,260,0.16740509478315868,0.17014216541110358,0.07530463,I
ckpt_clm_s42:14,261,0.2737432898578813,0.2665085678506537,0.00886628,G
ckpt_clm_s42:14,262,0.22461021272715664,0.23887272694890516,0.008595228,G
ckpt_clm_s42:14,263,0.29949871754608726,0.4404009558445492,0.03430292,P
ckpt_clm_s42:14,264,0.15436864110967674,0.16667905881887657,0.027119875,R
ckpt_clm_s42:14,265,0.41273779988000314,0.5163694389209683,0.023687959,W
ckpt_clm_s42:14,266,0.314498055960061,0.31824629519136605,0.22060275,S
ckpt_clm_s42:14,267,0.35531884753251697,0.30550844800184307,0.08345364,V
ckpt_clm_s42:14,268,0.32731155481767293,0.38004439546204477,0.012337595,H
ckpt_clm_s42:14,269,0.24585376702761652,0.24695517597329988,0.18538117,V
ckpt_clm_s42:14,270,0.06622744985490192,0.11979541598698068,0.11951733,N
ckpt_clm_s42:14,271,0.2080046003761571,0.16743988706007545,0.15886384,H
ckpt_clm_s42:14,272,0.3803665800207754,0.3602086048175206,0.021499306,D
ckpt_clm_s42:14,273,0.1334145147657534,0.12218573848511165,0.030979395,S
ckpt_clm_s42:14,274,0.685396272344925,0.7631277802127393,-0.048418026,K
ckpt_clm_s42:14,275,0.1450116481069158,0.1932084178906709,0.0016021132,N
ckpt_clm_s42:14,276,0.20567135833107253,0.22374952927580258,0.070887685,A
ckpt_clm_s42:14,277,0.3137084364148601,0.23260443860699184,0.03802803,Y
ckpt_clm_s42:14,278,0.25250896037338677,0.2114999645371553,0.04807073,G
ckpt_clm_s42:14,279,0.20147994719594298,0.25245802312290666,0.14999792,W
ckpt_clm_s42:14,280,0.19745633217911096,0.2435374812032687,-0.07008642,C
ckpt_clm_s42:14,281,0.21184974996920958,0.2265001961706396,-0.033720613,Q
ckpt_clm_s42:14,282,0.16290192985788987,0.14884401247618012,0.08053765,M
ckpt_clm_s42:14,283,0.4132289961866106,0.3982122890782694,-0.02728083,N
ckpt_clm_s42:14,284,0.2524896689135234,0.2613283413480197,-0.00995931,H
ckpt_clm_s42:14,285,0.23845216078277454,0.2431975270460417,0.023906946,H
ckpt_clm_s42:14,286,0.27152084345500616,0.4016747624930728,0.07881871,Y
ckpt_clm_s42:14,287,0.30087361638939514,0.33856758179473534,0.06570196,W
ckpt_clm_s42:14,288,0.20058401117474556,0.19705799308912542,0.01007539,M
ckpt_clm_s42:14,289,0.272186600005336,0.24986683510068297,0.12826729,H
ckpt_clm_s42:14,290,0.4404564909549811,0.5272250339741512,0.07642254,F
ckpt_clm_s42:14,291,0.13250400795974981,0.16888505739688453,0.03621918,P
ckpt_clm_s42:14,292,0.1574692131840918,0.15422198994850964,0.034888625,C
ckpt_clm_s42:14,293,0.30442389447832774,0.3928140569769633,0.011223048,Y
ckpt_clm_s42:14,294,0.2380510640257244,0.2296717178087529,0.015399814,G
ckpt_clm_s42:14,295,0.1949380738866313,0.15468527502224505,0.1360718,F
ckpt_clm_s42:14,296,0.3087182425527816,0.2515242990258215,0.084567666,Y
ckpt_clm_s42:14,297,0.6009325677735305,0.7002278995819353,-0.03228586,Q
ckpt_clm_s42:14,298,0.49080300730938864,0.5498591516342068,0.12575567,W
ckpt_clm_s42:14,299,0.6863921458631503,0.7939510000167892,-0.047755785,E
ckpt_clm_s42:14,300,0.3173510164277876,0.33438135645471484,-0.059053123,E
ckpt_clm_s42:14,301,0.28673608153040986,0.30234120956563504,0.073004484,P
ckpt_clm_s42:14,302,0.18559112848545778,0.16782041244644727,-0.017714798,T
ckpt_clm_s42:14,303,0.5932342678469925,0.7017352114164221,0.0326418,W
ckpt_clm_s42:14,304,0.23396294518533312,0.2537886741545977,0.043867245,A
ckpt_clm_s42:14,305,0.37072110397568747,0.4953154863666016,0.085486054,W
ckpt_clm_s42:14,306,0.2647232569145078,0.3181587116998599,-0.004246235,S
ckpt_clm_s42:14,307,0.22562274386734105,0.1467643749566124,0.12782705,S
ckpt_clm_s42:14,308,0.08869342572665484,0.13267134550216098,0.1245957,Y
ckpt_clm_s42:14,309,0.274182989786971,0.19084420120090476,0.110130966,G
ckpt_clm_s42:14,310,0.281617286062667,0.24589740716553218,-0.024752825,R
ckpt_clm_s42:14,311,0.10678044820488963,0.1185472985608743,0.0034741163,D
ckpt_clm_s42:14,312,0.4349266102040583,0.554591484978507,-0.0038791895,P
ckpt_clm_s42:14,313,0.1885734461899784,0.18697271006189622,0.19084322,C
ckpt_clm_s42:14,314,0.16451288635021988,0.203378147713815,0.016096532,H
ckpt_clm_s42:14,315,0.2761137376796844,0.2829423246546758,0.14215687,F
ckpt_clm_s42:14,316,0.3577088615875679,0.41490539645742297,0.003675297,R
ckpt_clm_s42:14,317,0.23915340765141446,0.21313364767515597,0.06309438,F
ckpt_clm_s42:14,318,0.27354478335311316,0.26226668135970427,0.2951542,P
ckpt_clm_s42:14,319,0.267828796357087,0.3005222412014209,0.11165145,F
ckpt_clm_s42:14,320,0.5538496228217306,0.6710417285166774,0.09260264,C
ckpt_clm_s42:14,321,0.38696444758798576,0.3350075454550238,0.008250445,F
ckpt_clm_s42:14,322,0.18437545918879195,0.20881747123197644,0.1544677,W
ckpt_clm_s42:14,323,0.22200099130071838,0.171931008706215,0.0760954,S
ckpt_clm_s42:14,324,0.34647349278098494,0.3101867470365608,0.008202374,R
ckpt_clm_s42:14,325,0.28295199501175117,0.3299953862547688,0.060275614,A
ckpt_clm_s42:14,326,0.37527228867341733,0.37962933066134374,0.03275472,N
ckpt_clm_s42:14,327,0.35650598443997983,0.47277054878434627,0.015184581,N
ckpt_clm_s42:14,328,0.10470672049635588,0.13850226731352036,0.10144067,N
ckpt_clm_s42:14,329,0.21227319770284891,0.1940783951837216,0.05021012,D
ckpt_clm_s42:14,330,0.28229051741787514,0.3103784008540549,0.039889634,G
ckpt_clm_s42:14,331,0.22918537363834612,0.22333938756410238,0.015426427,F
ckpt_clm_s42:14,332,0.18723962674552563,0.22798508292871283,0.06606147,Q
ckpt_clm_s42:14,333,0.23739437330591873,0.2489833806891936,0.047278702,R
ckpt_clm_s42:14,334,0.2792836959203656,0.21277935024531483,0.13010448,V
ckpt_clm_s42:14,335,0.26873504669650394,0.2865588142831754,0.18832916,V
ckpt_clm_s42:14,336,0.20683537898096538,0.22518484314902004,0.14155787,S
ckpt_clm_s42:14,337,0.631556287335121,0.6924313206311165,0.014641777,P
ckpt_clm_s42:14,338,0.3416065311708545,0.3833973786999337,0.19099784,S
ckpt_clm_s42:14,339,0.3485243358328036,0.44840946888619926,0.028805524,F
ckpt_clm_s42:14,340,0.36911244184558134,0.45411417395998177,0.043120116,P
ckpt_clm_s42:14,341,0.26381361360622224,0.20873714580544375,0.10477877,C
ckpt_clm_s42:14,342,0.4729179318390754,0.6143289971648157,-0.0264154,E
ckpt_clm_s42:14,343,0.17585909118627074,0.18023173162713085,0.08066237,W
ckpt_clm_s42:14,344,0.21073689184326405,0.1840322947084611,0.078890145,Y
ckpt_clm_s42:14,345,0.1708651094871847,0.15144024839189454,0.1643042,P
ckpt_clm_s42:14,346,0.35468738164041036,0.36884999258780005,-0.0327325,D
ckpt_clm_s42:14,347,0.19318693257771302,0.22454727779542918,0.12062526,Y
ckpt_clm_s42:14,348,0.29613949750921,0.2755105661204173,0.2818455,C
ckpt_clm_s42:14,349,0.1423456713147424,0.2631838038035569,0.076049685,S
ckpt_clm_s42:14,350,0.3356488253491453,0.3759921473855176,0.08807176,W
ckpt_clm_s42:14,351,0.1842812254515166,0.2351515307129719,0.0030998588,T
ckpt_clm_s42:14,352,0.19861539020993946,0.18974118837545834,0.10403097,L
ckpt_clm_s42:14,353,0.1299629947743176,0.13199579939145498,0.12866282,G
ckpt_clm_s42:14,354,0.5656794876047837,0.6671360710353148,-0.0072820038,P
ckpt_clm_s42:14,355,0.08977947764781002,0.1409039343296742,0.07436848,Y
ckpt_clm_s42:14,356,0.24834664066239864,0.19392641883487002,0.06316917,I
ckpt_clm_s42:14,357,0.33970229725735923,0.43983373641167733,0.10535115,W
ckpt_clm_s42:14,358,0.10515195154391643,0.1316011471195661,0.14933044,T
ckpt_clm_s42:14,359,0.1525816899090695,0.1868041356281637,0.03571847,D
ckpt_clm_s42:14,360,0.445878845214703,0.5885402954898759,-0.041941658,R
ckpt_clm_s42:14,361,0.5013512776771185,0.6396679967191167,0.069609776,F
ckpt_clm_s42:14,362,0.6933726193179673,0.7804510110514746,0.029765092,G
ckpt_clm_s42:14,363,0.192554027070584,0.2413387336468664,0.033539295,N
ckpt_clm_s42:14,364,0.3816915673942648,0.42096889764795337,0.1326432,I
ckpt_clm_s42:14,365,0.367639420774047,0.4499695474857941,0.02257897,F
ckpt_clm_s42:14,366,0.1759613059183628,0.23053104583302528,0.026934624,H
ckpt_clm_s42:14,367,0.29873473132909445,0.25768447602507466,-0.21542424,N
ckpt_clm_s42:14,368,0.20371839859045726,0.25692261654053306,0.050025523,I
ckpt_clm_s42:14,369,0.16288216238723086,0.18022973070760406,0.027560681,M
ckpt_clm_s42:14,370,0.321052073170635,0.30294623071518495,0.05037847,H
ckpt_clm_s42:14,371,0.2761522096664194,0.28007466928119434,0.12493569,M
ckpt_clm_s42:14,372,0.49221413671187986,0.5343746298651112,0.046323866,M
ckpt_clm_s42:14,373,0.13084291670732273,0.16738482765329885,0.16170949,L
ckpt_clm_s42:14,374,0.18466540697161393,0.19842284270635172,0.08243948,S
ckpt_clm_s42:14,375,0.31309544742099193,0.3126804194957133,0.052297503,W
ckpt_clm_s42:14,376,0.43245530251363107,0.3671533338348895,0.090574265,N
ckpt_clm_s42:14,377,0.22813105522011468,0.2934725618097746,-0.047006078,K
ckpt_clm_s42:14,378,0.15552679720171936,0.19228728869967446,0.043952882,C
ckpt_clm_s42:14,379,0.26083207564123656,0.2791071356693651,0.06483042,V
ckpt_clm_s42:14,380,0.46267885841129375,0.5517978963791039,0.04173538,C
ckpt_clm_s42:14,381,0.23742247687865525,0.18439155347459785,-0.024996877,M
ckpt_clm_s42:14,382,0.2501460381976196,0.2896801300192947,0.022950292,A
ckpt_clm_s42:14,383,0.7854617769617777,0.877562698562026,0.037920028,H
ckpt_clm_s42:14,384,0.3753220779993629,0.34862471633068376,0.016673222,C
ckpt_clm_s42:14,385,0.44420507891923955,0.5912303366852683,-0.012979269,Y
ckpt_clm_s42:14,386,0.24434082786995204,0.3497084790292096,0.01895246,N
ckpt_clm_s42:14,387,0.2056387286808341,0.2527574436587655,0.041148365,H
ckpt_clm_s42:14,388,0.28467574130586526,0.32279566539706056,0.012063533,E
ckpt_clm_s42:14,389,0.24560699013713794,0.22841367560123454,0.015513301,R
ckpt_clm_s42:14,390,0.39761418842380214,0.5223172768890881,0.32544667,Y
ckpt_clm_s42:14,391,0.26619687442020024,0.21604688563415725,0.019161582,W
ckpt_clm_s42:14,392,0.20530179352035682,0.264421587705106,0.04686767,H
ckpt_clm_s42:14,393,0.23515400693348631,0.32244676314408854,-0.0055556297,T
ckpt_clm_s42:14,394,0.3630606998265655,0.48185804853911807,0.13470003,C
ckpt_clm_s42:14,395,0.5223163688241723,0.5872351879652663,0.13520402,L
ckpt_clm_s42:14,396,0.6230490182566379,0.7298784706219453,-0.004949659,D
ckpt_clm_s42:14,397,0.2972948587926657,0.2644157024509158,-0.0036658049,H
ckpt_clm_s42:14,398,0.14805823026943454,0.12603990034554888,-0.012254238,S
ckpt_clm_s42:14,399,0.5675000318170015,0.6347191209060963,0.057804838,H
ckpt_clm_s42:14,400,0.12955519795423875,0.15600961202544517,0.051294804,R
ckpt_clm_s42:14,401,0.26565851500227156,0.29290180732049853,0.03951755,Y
ckpt_clm_s42:14,402,0.13072514172183758,0.17067128681521965,0.12331492,W
ckpt_clm_s42:14,403,0.2960641930137343,0.326589033008099,-0.08678657,F
ckpt_clm_s42:14,404,0.7607871564194788,0.8486663430552419,0.11396497,L
ckpt_clm_s42:14,405,0.4885879492661168,0.600736353887522,0.032383233,G
ckpt_clm_s42:14,406,0.20790940970564564,0.20953277433277223,0.1265068,P
ckpt_clm_s42:14,407,0.21059061124354772,0.27702111071376856,0.08220869,C
ckpt_clm_s42:14,408,0.2733364707562298,0.31032799837937053,0.05554506,Y
ckpt_clm_s42:14,409,0.35438746558785006,0.2838993026893752,-0.004179135,V
ckpt_clm_s42:14,410,0.6967468609607164,0.8007316268680974,0.007908493,N
ckpt_clm_s42:14,411,0.6357836335732667,0.7584016571383955,0.012960635,A
ckpt_clm_s42:14,412,0.2592095732126586,0.2312039762523731,0.09960863,H
ckpt_clm_s42:14,413,0.3411220671521613,0.31157652082682563,0.11909856,A
ckpt_clm_s42:14,414,0.43513094541739517,0.393789729849528,-0.07056406,R
ckpt_clm_s42:14,415,0.29861821464445104,0.24925475315212736,0.015683591,P
ckpt_clm_s42:14,416,0.25668391068031127,0.31213256596714845,0.06696659,Y
ckpt_clm_s42:14,417,0.18399299753269815,0.16496172590227584,0.28810835,C
ckpt_clm_s42:14,418,0.2234521494202415,0.21413330937104397,0.13848668,F
ckpt_clm_s42:14,419,0.15043723587152413,0.14801515052148656,0.1167618,I
ckpt_clm_s42:14,420,0.28625219789045253,0.26151744523565285,0.11918348,C
ckpt_clm_s42:14,421,0.1790194044605704,0.17830815762363322,0.093695164,C
ckpt_clm_s42:14,422,0.2571928031533143,0.2187762400995441,0.21170646,W
ckpt_clm_s42:14,423,0.3202279129007827,0.32376262005716905,0.08345285,F
ckpt_clm_s42:14,424,0.1653386846116669,0.1468209088726036,0.12330574,Y
ckpt_clm_s42:14,425,0.23554353961166175,0.26844575030106954,0.11511254,A
ckpt_clm_s42:14,426,0.3333944040975675,0.39157464856364,0.10784727,P
ckpt_clm_s42:14,427,0.18892942721448214,0.33633394538271405,0.08635861,C
ckpt_clm_s42:14,428,0.2500829011229728,0.2679856542688192,0.039149165,P
ckpt_clm_s42:14,429,0.23402575452302243,0.3167118415872384,0.03578046,G
ckpt_clm_s42:14,430,0.1953421051320956,0.20037762223898042,0.03510192,R
ckpt_clm_s42:14,431,0.18607999854708202,0.18275237097359331,0.09748101,Y
ckpt_clm_s42:14,432,0.25216777512652233,0.3409472272570867,0.043843925,C
ckpt_clm_s42:14,433,0.2342394419364765,0.2325029180514763,0.03387499,N
ckpt_clm_s42:14,434,0.3103782834522235,0.31206612139953194,-0.016367987,D
ckpt_clm_s42:14,435,0.24356466855072545,0.33574770604836024,0.16562611,M
ckpt_clm_s42:14,436,0.33304974268294096,0.3090565438927421,-0.07542002,K
ckpt_clm_s42:14,437,0.2679506018450458,0.22806344015611643,0.13616455,W
ckpt_clm_s42:14,438,0.18155193432402872,0.1829987713004241,0.065378904,Y
ckpt_clm_s42:14,439,0.2058456087653815,0.23322036419756617,0.08617827,F
ckpt_clm_s42:14,440,0.539563940975749,0.6804351846916916,0.024363399,M
ckpt_clm_s42:14,441,0.2798948566960484,0.2826503214043162,0.06886253,G
ckpt_clm_s42:14,442,0.36183971261628944,0.4202193760689191,0.06450327,M
ckpt_clm_s42:14,443,0.2997348496677825,0.38965718384570497,0.14895463,C
ckpt_clm_s42:14,444,0.426473182437452,0.3816179920592808,0.014779188,S
ckpt_clm_s42:14,445,0.34247908667222915,0.22922256006889577,0.06760925,H
ckpt_clm_s42:14,446,0.3388471540117445,0.2609809746404353,0.14348859,W
ckpt_clm_s42:14,447,0.11916126270092997,0.13516452860132044,0.065602005,Y
ckpt_clm_s42:14,448,0.1786617558132063,0.1522313081130486,0.076171935,A
ckpt_clm_s42:14,449,0.2693911097641494,0.38471745319811124,-0.081579804,E
ckpt_clm_s42:14,450,0.3530672065954338,0.44840447692609414,0.012035847,Y
ckpt_clm_s42:14,451,0.1319933024520571,0.16189987873336384,0.038815647,H
ckpt_clm_s42:14,452,0.41767234075193516,0.39316530054421917,-0.0060808808,C
ckpt_clm_s42:14,453,0.404868468424193,0.44793921842288875,0.012650937,P
ckpt_clm_s42:14,454,0.3235305723453943,0.3060480012271577,0.22626472,G
ckpt_clm_s42:14,455,0.38986593816208603,0.3754601867672,-0.04489242,K
ckpt_clm_s42:14,456,0.23098362010854745,0.1682268494548249,0.0064203143,S
ckpt_clm_s42:14,457,0.145061045351756,0.1373486490973248,0.1474086,A
ckpt_clm_s42:14,458,0.32333164152159466,0.37388715818037827,0.15213391,F
ckpt_clm_s42:14,459,0.10492714756410404,0.18676941559771607,0.03837359,H
ckpt_clm_s42:14,460,0.29501968084294183,0.2781654947612547,0.040536582,N
ckpt_clm_s42:14,461,0.2087745555360906,0.26902327009266574,-0.072304904,E
ckpt_clm_s42:14,462,0.36658021450870626,0.4365921953398225,0.07352477,C
ckpt_clm_s42:14,463,0.22450702280518153,0.19287809566515232,0.04297024,K
ckpt_clm_s42:14,464,0.18421322448105404,0.17218624614860248,0.09784031,C
ckpt_clm_s42:14,465,0.33114009980641823,0.35279381775178764,0.040804565,Q
ckpt_clm_s42:14,466,0.18396979751754927,0.21746574635634702,0.026665822,C
ckpt_clm_s42:14,467,0.5656903888017246,0.6453711062200219,0.05025685,H
ckpt_clm_s42:14,468,0.4774354491210462,0.5944339883609566,-0.022060394,R
ckpt_clm_s42:14,469,0.6055652577633519,0.7235825680982205,0.03640142,G
ckpt_clm_s42:14,470,0.7788907950014881,0.8651590863840832,0.0066045,P
ckpt_clm_s42:14,471,0.24373113481996111,0.2072638203015975,-0.018205076,D
ckpt_clm_s42:14,472,0.2943298358421276,0.25387564258210776,0.072081804,R
ckpt_clm_s42:14,473,0.23566874405359206,0.1731937166342421,-0.014323115,F
ckpt_clm_s42:14,474,0.10830277397517585,0.10331101324935855,0.039685488,G
ckpt_clm_s42:14,475,0.14160461105485622,0.15787749812680696,0.054804325,Q
ckpt_clm_s42:14,476,0.2207518856350067,0.2242500841538416,0.06323278,M
ckpt_clm_s42:14,477,0.25739457129765997,0.29442232440746846,-0.01802203,E
ckpt_clm_s42:14,478,0.33736799175012666,0.41210698568747867,0.19474044,A
ckpt_clm_s42:14,479,0.13155863538076928,0.16110844388290435,0.023475766,N
ckpt_clm_s42:14,480,0.23677610283718953,0.2459405959522526,0.06682658,M
ckpt_clm_s42:14,481,0.08459830614165686,0.12935550618650024,-0.04468417,Q
ckpt_clm_s42:14,482,0.2250087961578059,0.20062146123225813,0.17904732,M
ckpt_clm_s42:14,483,0.4775377606467921,0.5271468256363915,0.024793744,W
ckpt_clm_s42:14,484,0.2422315034203335,0.33836732057745983,-0.041136444,E
ckpt_clm_s42:14,485,0.1899784671584025,0.2525664055101402,0.118445665,V
ckpt_clm_s42:14,486,0.28029543673078483,0.29727325698382007,-0.041011572,E
ckpt_clm_s42:14,487,0.2695500830039028,0.23120144014165095,0.09202087,C
ckpt_clm_s42:14,488,0.19532686166027868,0.2385332677648324,0.007206857,C
ckpt_clm_s42:14,489,0.29300590072965116,0.29023644437631446,0.018995643,S
ckpt_clm_s42:14,490,0.1252686048417586,0.19616911804759937,0.041564584,C
ckpt_clm_s42:14,491,0.17114078800049648,0.1968768013170654,-0.03930986,T
ckpt_clm_s42:14,492,0.20529509932837198,0.1942642161216124,0.198008,C
ckpt_clm_s42:14,493,0.2806300294762214,0.2425299764747683,0.1257124,A
ckpt_clm_s42:14,494,0.13178245392826848,0.1425978437270829,-0.0032266974,Q
ckpt_clm_s42:14,495,0.25278962722927545,0.271651722537334,0.025563985,L
ckpt_clm_s42:14,496,0.4211949066356413,0.5793971985042117,0.04286334,T
ckpt_clm_s42:14,497,0.3011344592422718,0.46288612277417523,-0.07854554,K
ckpt_clm_s42:14,498,0.3234032814365687,0.3964910047954991,0.13152856,I
ckpt_clm_s42:14,499,0.3887127879690544,0.32336677618318843,0.10381436,H
ckpt_clm_s42:14,500,0.39746789797734794,0.29554286854628786,0.0027759373,F
ckpt_clm_s42:14,501,0.2110472352646926,0.1835965059706437,0.25910932,N
ckpt_clm_s42:14,502,0.33214560879140353,0.27010830394759494,-0.091507554,W
ckpt_clm_s42:14,503,0.2712699326378303,0.3789343438293744,0.1260401,M
ckpt_clm_s42:14,504,0.40449103617255644,0.4626543425172898,-0.013952181,H
ckpt_clm_s42:14,505,0.16643669102323944,0.2045050974838487,0.04506153,C
ckpt_clm_s42:14,506,0.17532120464538736,0.2249829343700333,0.10208732,T
ckpt_clm_s42:14,507,0.18377712631558496,0.2129736470890152,0.06564075,Q
ckpt_clm_s42:14,508,0.2068751073586247,0.18514377642638177,0.098906636,M
ckpt_clm_s42:14,509,0.19459944119578676,0.2398735968706858,0.09876323,Q
ckpt_clm_s42:14,510,0.21675800992638494,0.1767709939664019,0.06126553,S
ckpt_clm_s42:14,511,0.203545268500687,0.22695964462707602,-0.01884085,C
ckpt_clm_s42:14,512,0.24047450835978312,0.3474160170657408,0.013163,E
ckpt_clm_s42:14,513,0.3478495015620935,0.39077372008002587,-0.017580181,Y
ckpt_clm_s42:14,514,0.12289879402755755,0.17272098072517542,0.019063175,C
ckpt_clm_s42:14,515,0.2475225475797993,0.2392552322182831,0.053696185,G
ckpt_clm_s42:14,516,0.21587218184795764,0.17394427734366374,-0.047707707,A
ckpt_clm_s42:14,517,0.1923515864242148,0.1743356395838991,0.038555086,F
ckpt_clm_s42:14,518,0.26099016861894353,0.2631392807305965,0.12103039,V
ckpt_clm_s42:14,519,0.22333656882803765,0.19908855513891408,0.147223,Y
ckpt_clm_s42:14,520,0.7731640551237177,0.854813398992581,0.19214153,C
ckpt_clm_s42:14,521,0.6547392565822912,0.7773606255095752,0.031172514,H
ckpt_clm_s42:14,522,0.1823759485023887,0.3162436334333369,0.10460377,I
ckpt_clm_s42:14,523,0.2177208695336197,0.28684847471319863,0.06911528,I
ckpt_clm_s42:14,524,0.26523802613733405,0.266748707759833,-0.0007121861,N
ckpt_clm_s42:14,525,0.2863828962286905,0.23322965712261384,-0.032994717,R
ckpt_clm_s42:14,526,0.30078910718380936,0.39104692153016607,-0.012474656,E
ckpt_clm_s42:14,527,0.29340037915545014,0.29568103948024316,-0.0022337139,C
ckpt_clm_s42:14,528,0.3593485454374826,0.3407661940825334,-0.004076503,D
ckpt_clm_s42:14,529,0.31153549554805227,0.37839158779278126,0.0666098,C
ckpt_clm_s42:14,530,0.18249818288269126,0.13778980894130993,-0.114551246,K
ckpt_clm_s42:14,531,0.5487051676946613,0.5102528875902806,0.04981339,C
ckpt_clm_s42:14,532,0.21235197309699594,0.18295628032509226,0.3298626,K
ckpt_clm_s42:14,533,0.17151224514898944,0.1499065709208089,-0.049136937,D
ckpt_clm_s42:14,534,0.12689804754559963,0.15214623862983156,0.11945653,I
ckpt_clm_s42:14,535,0.35389504106898373,0.4991047966643989,0.07731569,M
ckpt_clm_s42:14,536,0.11131749966052429,0.15972379404763776,0.011507392,R
ckpt_clm_s42:14,537,0.300384446098248,0.31769468358089326,0.033365697,P
ckpt_clm_s42:14,538,0.26500429429309236,0.21699744722853262,0.041665018,C
ckpt_clm_s42:14,539,0.31888770855366244,0.33309238952016784,0.028376013,W
ckpt_clm_s42:14,540,0.19298365327516664,0.2792211658644118,-0.008885384,Q
ckpt_clm_s42:14,541,0.17019399934465973,0.13743971436541302,-0.0049245954,M
ckpt_clm_s42:14,542,0.4317479807242677,0.4806866701993086,0.02395241,N
ckpt_clm_s42:14,543,0.10204613943911633,0.1883172470431769,0.041018605,A
ckpt_clm_s42:14,544,0.10382032784421702,0.17642532247277445,0.042007267,R
ckpt_clm_s42:14,545,0.15663477342460486,0.19546233621714912,0.030379713,I
ckpt_clm_s42:14,546,0.24696940985044846,0.23256612324232773,-0.0118819475,N
ckpt_clm_s42:14,547,0.19178946063509528,0.17941689172931577,0.27349937,C
ckpt_clm_s42:14,548,0.40615704783147055,0.5057690385555196,0.0067819655,T
ckpt_clm_s42:14,549,0.13479094262871183,0.13476980605981087,-0.026894331,S
ckpt_clm_s42:14,550,0.2315859061979889,0.2024288058211113,0.036786795,S
ckpt_clm_s42:14,551,0.22896605437772877,0.22940506264016217,0.05199057,I
ckpt_clm_s42:14,552,0.2781059854400323,0.3144379815070431,0.17202634,C
ckpt_clm_s42:14,553,0.13058007425059592,0.1478310493883731,0.003199935,W
ckpt_clm_s42:14,554,0.11781704138670723,0.2279038676406945,0.06661528,L
ckpt_clm_s42:14,555,0.2632000326836267,0.3933401874542755,0.012031496,G
ckpt_clm_s42:14,556,0.29011252491487005,0.29168521731053093,0.010701746,D
ckpt_clm_s42:14,557,0.25695571150038,0.31277367337552375,-0.11669296,Y
ckpt_clm_s42:14,558,0.6605915515944241,0.783705020155013,0.16350693,C
ckpt_clm_s42:14,559,0.272403559900808,0.2822263587261395,-0.026620746,S
ckpt_clm_s42:14,560,0.20292288963018035,0.3083536685714039,0.06604874,S
ckpt_clm_s42:14,561,0.47800598235211567,0.6110524911178207,0.040201195,A
ckpt_clm_s42:14,562,0.2414157493547694,0.324587871111624,0.033679217,W
ckpt_clm_s42:14,563,0.26961767549136983,0.4017181897882198,-0.016731113,Q
ckpt_clm_s42:14,564,0.668535633472296,0.7852147853322714,0.08963749,W
ckpt_clm_s42:14,565,0.13226928456016962,0.11840523638630157,-0.00039243698,L
ckpt_clm_s42:14,566,0.2741024965657598,0.3012496085571479,0.11434615,V
ckpt_clm_s42:14,567,0.1507040291434658,0.15138336525259466,0.048437625,S
ckpt_clm_s42:14,568,0.17387975290624658,0.18803140199049734,0.103818,V
ckpt_clm_s42:14,569,0.17158286890162344,0.15544889131001816,0.0518052,M
ckpt_clm_s42:14,570,0.17531338008456376,0.21608255486182265,0.115410745,L
ckpt_clm_s42:14,571,0.20374591329708613,0.29291367482484454,0.043355107,C
ckpt_clm_s42:14,572,0.3525081370193449,0.4301288876239358,0.09147614,A
ckpt_clm_s42:14,573,0.26596660317774024,0.34751111896165804,-0.07488668,E
ckpt_clm_s42:14,574,0.13305834768916946,0.14934319640820773,0.05740094,V
ckpt_clm_s42:14,575,0.22867385063239853,0.22310302289399597,0.0032040477,T
ckpt_clm_s42:14,576,0.27660631360845467,0.23082887649595574,0.123475015,T
ckpt_clm_s42:14,577,0.22128258377330012,0.1842183392504185,0.049826235,T
ckpt_clm_s42:14,578,0.18128005829280924,0.19190527355745418,0.030053794,R
ckpt_clm_s42:14,579,0.21900271749939493,0.18242743028755448,0.018049479,Q
ckpt_clm_s42:14,580,0.24852664647753764,0.2124779328229159,0.1530304,Y
ckpt_clm_s42:14,581,0.36355922371396987,0.37041938501843624,0.054388314,L
ckpt_clm_s42:14,582,0.5210760997734187,0.6435929566768785,-0.049434617,E
ckpt_clm_s42:14,583,0.3492553950564915,0.4578595721839762,0.07414529,H
ckpt_clm_s42:14,584,0.25917144778836343,0.2615256103696246,0.0033507347,Q
ckpt_clm_s42:14,585,0.1806001071697766,0.24914106786469203,0.06338322,S
ckpt_clm_s42:14,586,0.45146169708576833,0.4465034418596658,0.016159505,Q
ckpt_clm_s42:14,587,0.2546815873909003,0.2305100149530393,0.050894797,N
ckpt_clm_s42:14,588,0.09907579634628993,0.11337062255776693,0.13787687,D
ckpt_clm_s42:14,589,0.29518686171651676,0.2272615117091823,0.044444203,N
ckpt_clm_s42:14,590,0.46963074303746266,0.39805983539650525,0.10657029,L
ckpt_clm_s42:14,591,0.2766449260279512,0.19896025702814604,0.07342458,N
ckpt_clm_s42:14,592,0.23120955468873927,0.21569036380021797,0.00997293,E
ckpt_clm_s42:14,593,0.4222567617176687,0.4267263615585032,0.0015564971,D
ckpt_clm_s42:14,594,0.13589817195648723,0.21005872223939726,0.04718989,S
ckpt_clm_s42:14,595,0.2555448735957957,0.26324038711989267,-0.05090955,N
ckpt_clm_s42:14,596,0.34462689596914864,0.4173536561640414,-0.024526864,R
ckpt_clm_s42:14,597,0.244303315298804,0.2615966280132736,0.030800134,D
ckpt_clm_s42:14,598,0.22787200216102577,0.18118144397969485,0.12331587,W
ckpt_clm_s42:14,599,0.39567292683580246,0.4748178331075343,0.08097589,H
ckpt_clm_s42:14,600,0.20830371702379857,0.18415234031868735,0.042420447,H
ckpt_clm_s42:14,601,0.16017697596531388,0.17610092048805,0.1952033,V
ckpt_clm_s42:14,602,0.3195428904502595,0.4479733359646846,0.029609561,P
ckpt_clm_s42:14,603,0.30403166491942757,0.29250874435728835,0.00717175,R
ckpt_clm_s42:14,604,0.30355151266590097,0.3481427920132535,-0.0019197464,C
ckpt_clm_s42:14,605,0.1848879137962406,0.17880038992632627,0.4042259,F
ckpt_clm_s42:14,606,0.2914710828232929,0.2698221183695733,-0.067750394,N
ckpt_clm_s42:14,607,0.28839285772963297,0.2955791366971455,-0.06712663,T
ckpt_clm_s42:14,608,0.28477661324869397,0.24456301346752035,-0.026744783,Q
ckpt_clm_s42:14,609,0.38996563678173646,0.475575386171099,0.07760537,W
ckpt_clm_s42:14,610,0.15878058355631164,0.1946207596981288,0.1126861,I
ckpt_clm_s42:14,611,0.16730295952566598,0.169139852676152,0.0023697615,E
ckpt_clm_s42:14,612,0.29388561975550154,0.23713934765141761,0.037010252,T
ckpt_clm_s42:14,613,0.45714293559306596,0.5777727799648734,0.008665159,S
ckpt_clm_s42:14,614,0.23521183945375856,0.2040817115139801,0.17551678,V
ckpt_clm_s42:14,615,0.42110054335031166,0.3896781679084947,0.07238191,L
ckpt_clm_s42:14,616,0.5352459446204612,0.6809584879339855,0.08639082,I
ckpt_clm_s42:14,617,0.2905811434261387,0.2174192951564264,0.008642316,G
ckpt_clm_s42:14,618,0.17352948403116464,0.19873619399693754,0.10917908,L
ckpt_clm_s42:14,619,0.4243148370625449,0.5400411032107126,-0.058663085,K
ckpt_clm_s42:14,620,0.27297607993742223,0.3198871610646889,0.12923151,L
ckpt_clm_s42:14,621,0.21331645349804473,0.2281465931276665,0.091584265,W
ckpt_clm_s42:14,622,0.2527664647441469,0.2876248531716406,0.06645781,V
ckpt_clm_s42:14,623,0.09934055840780565,0.12127221022400297,0.08295673,V
ckpt_clm_s42:14,624,0.2832197274654965,0.2536104663317872,0.12610656,W
ckpt_clm_s42:14,625,0.29155943184788624,0.24416818696224843,0.18707132,C
ckpt_clm_s42:14,626,0.15669787829732607,0.17210417859338067,0.01363498,F
ckpt_clm_s42:14,627,0.20682335030672683,0.18794770161826294,-0.018302292,R
ckpt_clm_s42:14,628,0.6603214471769034,0.7751189918027386,0.0320191,G
ckpt_clm_s42:14,629,0.32220465075221594,0.4571295168200631,0.3216344,C
ckpt_clm_s42:14,630,0.19114347813327415,0.15887623903833228,0.17508286,E
ckpt_clm_s42:14,631,0.32722931808074296,0.32127778980621924,0.091177106,I
ckpt_clm_s42:14,632,0.1971063065840457,0.16646039697329712,-0.023632824,F
ckpt_clm_s42:14,633,0.24146917391045197,0.1748793337496645,0.1437689,S
ckpt_clm_s42:14,634,0.7580828937789622,0.8552638670627258,-0.02193584,D
ckpt_clm_s42:14,635,0.2587688680620317,0.22164566387835846,0.12913257,C
ckpt_clm_s42:14,636,0.2867739484027888,0.24619611530629995,0.11112845,Q
ckpt_clm_s42:14,637,0.1514667115606495,0.27028612198554536,0.028535485,Y
ckpt_clm_s42:14,638,0.3493066744537724,0.2968299897028115,0.14014006,Y
ckpt_clm_s42:14,639,0.35958154107860596,0.4495635914807554,0.08878052,G
ckpt_clm_s42:14,640,0.09300098096039733,0.16039450965538535,0.10999811,M
ckpt_clm_s42:14,641,0.39955693998269426,0.44590972028850784,-0.018882811,K
ckpt_clm_s42:14,642,0.23277366767166896,0.20396952393937143,0.17779845,L
ckpt_clm_s42:14,643,0.3724717919696482,0.4357180576598763,-0.026123747,E
ckpt_clm_s42:14,644,0.34157042662981274,0.37707110657194215,0.026327223,T
ckpt_clm_s42:14,645,0.33774340439915473,0.3062130696099583,-0.004081674,R
ckpt_clm_s42:14,646,0.47961416867311657,0.6193884882984119,0.09175891,V
ckpt_clm_s42:14,647,0.18869881702597224,0.21130294361010563,0.0064201653,G
ckpt_clm_s42:14,648,0.23520703170074475,0.19542204280830025,0.42348975,Y
ckpt_clm_s42:14,649,0.6458857300329581,0.7627841996635449,0.01177597,S
ckpt_clm_s42:14,650,0.37029756422729476,0.363531844580749,0.19877887,V
ckpt_clm_s42:14,651,0.7829497858273253,0.851349307359455,0.21670255,C
ckpt_clm_s42:14,652,0.3456703712960324,0.37104392607136577,0.04128346,F
ckpt_clm_s42:14,653,0.4946523669685219,0.6103800317530941,0.048529178,A
ckpt_clm_s42:14,654,0.17947020795783564,0.1311042695560058,0.063488126,F
ckpt_clm_s42:14,655,0.13793760760713247,0.13243692049061437,-0.011115134,G
ckpt_clm_s42:14,656,0.26963110368334253,0.18437432245343957,0.12607497,H
ckpt_clm_s42:14,657,0.19852453249140023,0.13954665839605662,0.04933971,I
ckpt_clm_s42:14,658,0.060640188590488586,0.1248086316715188,-0.034952953,P
ckpt_clm_s42:14,659,0.37298688843925876,0.4441301817086811,0.020133972,Q
ckpt_clm_s42:14,660,0.30925720831063863,0.25412369688930686,0.1052928,Y
ckpt_clm_s42:14,661,0.7398563868823824,0.844957270049603,-0.05047728,K
ckpt_clm_s42:14,662,0.15183397631461615,0.22166625972426662,0.06464815,Y
ckpt_clm_s42:14,663,0.16023872123089555,0.21737323708755035,0.03202486,R
ckpt_clm_s42:14,664,0.15903195964134487,0.19066998561486417,0.08739424,I
ckpt_clm_s42:14,665,0.39887350983153025,0.4529146668595891,0.08752924,W
ckpt_clm_s42:14,666,0.8516273477935851,0.9231251417377785,0.057168745,M
ckpt_clm_s42:14,667,0.3970730861945909,0.3092971334051371,-0.05403458,E
ckpt_clm_s42:14,668,0.36731492972783786,0.305732805004328,0.046933994,P
ckpt_clm_s42:14,669,0.07808262206101901,0.19957349369361158,-0.015337706,P
ckpt_clm_s42:14,670,0.15459969586169042,0.16767481046305757,0.111438036,S
ckpt_clm_s42:14,671,0.5764410503913628,0.7062019653102966,-0.0233301,D
ckpt_clm_s42:14,672,0.15185241171772534,0.19707988336242904,0.09388566,G
ckpt_clm_s42:14,673,0.157779754036529,0.21637071364296662,0.04997474,Y
ckpt_clm_s42:14,674,0.4680415763522793,0.5750195003951722,0.037218004,C
ckpt_clm_s42:14,675,0.25048975565710463,0.2603465995424714,0.05154109,D
ckpt_clm_s42:14,676,0.24409137433054262,0.2741918942743853,0.11039585,H
ckpt_clm_s42:14,677,0.19152343005540706,0.18560884510226378,-0.0012121499,D
ckpt_clm_s42:14,678,0.22763325261430056,0.33230274964818185,0.03018111,Q
ckpt_clm_s42:14,679,0.39971976477181215,0.4282366753448593,0.093011975,F
ckpt_clm_s42:14,680,0.12677143364516663,0.1314216324000552,0.14413571,L
ckpt_clm_s42:14,681,0.21896909840942946,0.35845616973081534,0.0010237098,K
ckpt_clm_s42:14,682,0.1601733439814329,0.1606732545315683,0.12772745,I
ckpt_clm_s42:14,683,0.230687838560809,0.18389461161912188,0.12581593,N
ckpt_clm_s42:14,684,0.20254364977738282,0.2574852560152382,0.066622496,Y
ckpt_clm_s42:14,685,0.4352011043640672,0.4052952836038827,0.020435706,T
ckpt_clm_s42:14,686,0.20561168446401634,0.27305978219142085,0.14153469,P
ckpt_clm_s42:14,687,0.20297345345539464,0.1932228375193452,-0.00063353777,Q
ckpt_clm_s42:14,688,0.1701269905979108,0.23531422029476412,0.06990996,F
ckpt_clm_s42:14,689,0.28306255462490315,0.40024891263744805,0.110827446,Q
ckpt_clm_s42:14,690,0.2825815813959188,0.4296915782399017,0.010788977,H
ckpt_clm_s42:14,691,0.1305921793713385,0.12166532849136445,0.047364533,L
ckpt_clm_s42:14,692,0.505854771187999,0.5852401499066711,0.01356028,A
ckpt_clm_s42:14,693,0.208158156285162,0.20675936668890643,0.05002302,F
ckpt_clm_s42:14,694,0.3609727447482076,0.36505941615619725,0.01658085,S
ckpt_clm_s42:14,695,0.28296385143239566,0.3463955420159315,-0.0559832,E
ckpt_clm_s42:14,696,0.25703730221023513,0.3471772681134485,0.08384305,C
ckpt_clm_s42:14,697,0.1874443486577061,0.16275106160768654,0.10455418,T
ckpt_clm_s42:14,698,0.22178985341693724,0.2319045053762285,-0.02145791,A
ckpt_clm_s42:14,699,0.19523252717865003,0.18793629130775563,0.1294719,W
ckpt_clm_s42:14,700,0.20660915159260018,0.19356205008893185,0.040367663,N
ckpt_clm_s42:14,701,0.21005739705140125,0.29614916419481074,0.01459533,G
ckpt_clm_s42:14,702,0.586612502034358,0.6927613081447374,-0.0062925518,T
ckpt_clm_s42:14,703,0.31072015490685856,0.26358098016514986,0.15089703,N
ckpt_clm_s42:14,704,0.23233401562991496,0.20676422152445512,0.28563285,V
ckpt_clm_s42:14,705,0.14459076536901372,0.1667792886471511,0.071018815,Y
ckpt_clm_s42:14,706,0.2721599995276236,0.23989859174801367,0.19582677,M
ckpt_clm_s42:14,707,0.4536580847488083,0.5663045739387461,0.020704553,A
ckpt_clm_s42:14,708,0.22126549608670298,0.19348180642610122,0.042836607,Q
ckpt_clm_s42:14,709,0.21289969578113055,0.31240546278497827,0.10926688,V
ckpt_clm_s42:14,710,0.21872908765233012,0.17498532145246204,-0.0048494935,D
ckpt_clm_s42:14,711,0.5127429016902549,0.5372001990558003,0.12929562,V
ckpt_clm_s42:14,712,0.34187909019400176,0.4230217804059072,0.05587122,F
ckpt_clm_s42:14,713,0.12892036981590493,0.207654100031493,0.07319558,C
ckpt_clm_s42:14,714,0.3876378735435262,0.29826592532568913,0.030178636,V
ckpt_clm_s42:14,715,0.22262880202432977,0.23765355905227292,0.049973965,W
ckpt_clm_s42:14,716,0.23013101876364062,0.25254586001720086,0.03919643,E
ckpt_clm_s42:14,717,0.14675474724921644,0.17563304167526192,0.08038485,G
ckpt_clm_s42:14,718,0.586424629868104,0.7043062753064413,0.10529825,C
ckpt_clm_s42:14,719,0.1071825809642194,0.12968522347495853,-0.058629155,R
ckpt_clm_s42:14,720,0.6155384016478835,0.7352275415140105,0.060724705,C
ckpt_clm_s42:14,721,0.3087856551696859,0.2790031267457485,0.044468462,Y
ckpt_clm_s42:14,722,0.11421720010456693,0.1133723148346319,0.0010259748,D
ckpt_clm_s42:14,723,0.34647758482705426,0.4075896698422221,0.08467449,C
ckpt_clm_s42:14,724,0.6652371734106702,0.7379192651138792,0.07178655,C
ckpt_clm_s42:14,725,0.24451890865839432,0.23655595726961798,-0.12396312,S
ckpt_clm_s42:14,726,0.10292181312746262,0.17036089460929768,-0.031218112,E
ckpt_clm_s42:14,727,0.2941769375213884,0.33246757433996255,0.00023293495,R
ckpt_clm_s42:14,728,0.11622927692894713,0.15705696141448272,0.1014508,P
ckpt_clm_s42:14,729,0.4564954803166139,0.38062588131823594,0.060946137,M
ckpt_clm_s42:14,730,0.31365359285980643,0.37375141960024405,0.033345073,K
ckpt_clm_s42:14,731,0.49985607383562247,0.5820618331273687,0.014703274,T
ckpt_clm_s42:14,732,0.1916065320167203,0.13502211710461506,0.21547472,E
ckpt_clm_s42:14,733,0.3838842696332575,0.5396094971215021,0.07132724,I
ckpt_clm_s42:14,734,0.1495272597642282,0.20105373850518005,0.10387218,I
ckpt_clm_s42:14,735,0.7426224756474809,0.8437261782043397,-0.06251631,K
ckpt_clm_s42:14,736,0.481692881085667,0.5328772000982631,0.02911377,P
ckpt_clm_s42:14,737,0.16454248626208723,0.18067550387287823,-0.038892746,E
ckpt_clm_s42:14,738,0.1489394507695626,0.15326879518103617,0.030748725,H
ckpt_clm_s42:14,739,0.14314916556712098,0.19800267546210304,-0.018425524,Y
ckpt_clm_s42:14,740,0.19210652480080714,0.27850307706936084,0.032902896,Q
ckpt_clm_s42:14,741,0.5157861632829376,0.5788664774264568,0.13123924,F
ckpt_clm_s42:14,742,0.37413580616551223,0.3886883059507965,0.08308068,L
ckpt_clm_s42:14,743,0.20577463179283317,0.19690813537789095,0.124311924,A
ckpt_clm_s42:14,744,0.2232391672906937,0.25851520174272624,0.043377653,G
ckpt_clm_s42:14,745,0.2670674126119851,0.23856800470716447,0.0001218915,T
ckpt_clm_s42:14,746,0.25126582165558464,0.20339430069860762,0.03287071,S
ckpt_clm_s42:14,747,0.2025527065053222,0.16690794566185949,0.06761509,W
ckpt_clm_s42:14,748,0.24558060458158093,0.25876415326088714,-0.020033449,K
ckpt_clm_s42:14,749,0.4277328492078002,0.43555367528850975,-0.007861197,Q
ckpt_clm_s42:14,750,0.24651058388676061,0.23876712640203315,0.02874881,F
ckpt_clm_s42:14,751,0.26999493454611123,0.3707706919284963,-0.03267196,A
ckpt_clm_s42:14,752,0.3962605429276005,0.44787923760389,-0.007025838,S
ckpt_clm_s42:14,753,0.24092630288895867,0.22564159935437988,0.03782451,S
ckpt_clm_s42:14,754,0.19943032533348137,0.2595486183541272,0.059766293,F
ckpt_clm_s42:14,755,0.3892048807196914,0.47006793037100936,0.065170616,M
ckpt_clm_s42:14,756,0.29731859648534875,0.3227707209766621,-0.031033725,D
ckpt_clm_s42:14,757,0.26404831703502707,0.27034466096407744,0.03813511,E
ckpt_clm_s42:14,758,0.23529914841753674,0.2275632124379708,0.2270199,W
ckpt_clm_s42:14,759,0.1395478950823683,0.18221226048723532,0.048491895,N
ckpt_clm_s42:14,760,0.2622994566746121,0.35073521493453397,-0.019115299,T
ckpt_clm_s42:14,761,0.25192435708143135,0.3296853238941575,-0.014604807,E
ckpt_clm_s42:14,762,0.14237928036743008,0.17697121437746088,0.13217139,Y
ckpt_clm_s42:14,763,0.23509083867401392,0.2924766422632033,0.037200987,A
ckpt_clm_s42:14,764,0.5484680893708833,0.6771475920149038,-0.012412414,K
ckpt_clm_s42:14,765,0.1760903727556805,0.23404273014841415,-0.03170854,E
ckpt_clm_s42:14,766,0.31982454292418294,0.2319696996459655,0.0076152086,R
ckpt_clm_s42:14,767,0.2008067434514429,0.1946890436312663,0.05968523,Q
ckpt_clm_s42:14,768,0.13274265369759797,0.17706601153864412,0.103630096,G
ckpt_clm_s42:14,769,0.2899483016828448,0.3096000214160115,-0.00789395,S
ckpt_clm_s42:14,770,0.17634489248303953,0.18075093207101153,0.016248882,M
ckpt_clm_s42:14,771,0.2222339206571673,0.27710368156378656,-0.053258598,R
ckpt_clm_s42:14,772,0.2553504497809035,0.20659275065768676,0.06615007,D
ckpt_clm_s42:14,773,0.15989325088627593,0.17551110298810715,-0.010807693,D
ckpt_clm_s42:14,774,0.3335643104405567,0.40840575014219105,0.18716875,W
ckpt_clm_s42:14,775,0.18536716472482295,0.1962999193213613,0.05861616,W
ckpt_clm_s42:14,776,0.3274764759527412,0.2847604029964027,-0.0151130855,E
ckpt_clm_s42:14,777,0.2590508810505011,0.2584373214047855,0.017505884,D
ckpt_clm_s42:14,778,0.23811616541047365,0.3417529636009905,-0.035740077,R
ckpt_clm_s42:14,779,0.36579655773153774,0.3233387465130834,-0.007122338,K
ckpt_clm_s42:14,780,0.17831312248183717,0.1550896878421088,0.035309255,L
ckpt_clm_s42:14,781,0.29546804302269525,0.22137054397598807,0.126912,H
ckpt_clm_s42:14,782,0.24775363037321319,0.24463790310540456,-0.08697647,M
ckpt_clm_s42:14,783,0.25379696042947,0.35221252345260495,-0.0050031543,W
ckpt_clm_s42:14,784,0.1724078538493583,0.18761808046227013,0.21800935,H
ckpt_clm_s42:14,785,0.24974806484704137,0.17692122727008125,-0.027765155,S
ckpt_clm_s42:14,786,0.3503307086048527,0.3869952871396924,-0.053802878,E
ckpt_clm_s42:14,787,0.46653663282264735,0.5974353499694635,0.13217306,C
ckpt_clm_s42:14,788,0.09637622797924517,0.1149689224475737,0.031613037,I
ckpt_clm_s42:14,789,0.26825692743721563,0.2379327073966478,0.23014861,Q
ckpt_clm_s42:14,790,0.2363029992679514,0.23246528982315592,0.05163358,T
ckpt_clm_s42:14,791,0.20066577895498772,0.25818539263321116,0.007968962,W
ckpt_clm_s42:14,792,0.44514301231555087,0.5863633618431213,0.054505706,C
ckpt_clm_s42:14,793,0.3099842698379126,0.416410894154757,0.1126799,V
ckpt_clm_s42:14,794,0.2365555556112645,0.18282166784651763,0.082146645,I
ckpt_clm_s42:14,795,0.37741765563796537,0.443105151747887,0.07366057,I
ckpt_clm_s42:14,796,0.21614343180535678,0.30439596268532665,0.09267187,C
ckpt_clm_s42:14,797,0.26348346442253223,0.3443229973409979,0.14407635,W
ckpt_clm_s42:14,798,0.4678983820690279,0.5233291370577706,0.036931604,G
ckpt_clm_s42:14,799,0.18036940944483026,0.14691558727846643,0.065032184,Y
ckpt_clm_s42:14,800,0.2333787503991407,0.27091315202693694,-0.005565658,Q
ckpt_clm_s42:14,801,0.2543206041507262,0.367377978189914,0.07948151,V
ckpt_clm_s42:14,802,0.25316750358375095,0.3024988177175116,0.123407185,N
ckpt_clm_s42:14,803,0.32545715687087184,0.2652297111070898,0.027598053,W
ckpt_clm_s42:14,804,0.32843918567811237,0.3044865594359453,0.005637139,M
ckpt_clm_s42:14,805,0.31384156300467836,0.3202063494760693,0.023683488,W
ckpt_clm_s42:14,806,0.2326361872808127,0.17557651222399748,0.027761519,T
ckpt_clm_s42:14,807,0.23112781949451378,0.1801796900972146,0.08916634,N
ckpt_clm_s42:14,808,0.34242993185075876,0.4046670903949292,0.10896379,Q
ckpt_clm_s42:14,809,0.3116741789614855,0.2070352130282275,-0.0554969,D
ckpt_clm_s42:14,810,0.15680338984094633,0.15667354845098588,0.072666645,F
ckpt_clm_s42:14,811,0.3273720275792791,0.4384525377713224,0.09939653,P
ckpt_clm_s42:14,812,0.14699819606427034,0.20253039679057114,0.046312332,W
ckpt_clm_s42:14,813,0.3447443595284758,0.4224249989912356,0.06038609,A
ckpt_clm_s42:14,814,0.20845998605730653,0.25132988617018476,0.065179706,R
ckpt_clm_s42:14,815,0.297477501170082,0.3025852735932077,-0.023387253,N
ckpt_clm_s42:14,816,0.5603140143195975,0.6494824519257371,0.054077417,H
ckpt_clm_s42:14,817,0.2869584842784231,0.16555488964944065,-0.11600119,Q
ckpt_clm_s42:14,818,0.284655994713773,0.3184136846521239,-0.01777482,R
ckpt_clm_s42:14,819,0.585182593371901,0.726676133936888,0.043882757,H
ckpt_clm_s42:14,820,0.196111573111596,0.2157017791798265,-0.023415446,Q
ckpt_clm_s42:14,821,0.3061921278873412,0.2506012066879088,0.2684734,V
ckpt_clm_s42:14,822,0.20682347064720108,0.30503425120403405,0.00992614,T
ckpt_clm_s42:14,823,0.5339604524779358,0.641063064586913,0.029374033,P
ckpt_clm_s42:14,824,0.20354334792316864,0.19165762056958838,0.18469614,Y
ckpt_clm_s42:14,825,0.2180321479625389,0.21365264151000077,-0.027330756,M
ckpt_clm_s42:14,826,0.26081172763190874,0.21690108497708085,0.019747019,S
ckpt_clm_s42:14,827,0.3493996664124245,0.31961044709113257,-0.009798288,Y
ckpt_clm_s42:14,828,0.5735909502385661,0.69783574882662,0.10720515,V
ckpt_clm_s42:14,829,0.2500228958315788,0.28034673688876827,-0.014784515,Q
ckpt_clm_s42:14,830,0.21318573731556345,0.2133019130331788,0.11189574,M
ckpt_clm_s42:14,831,0.19518031925654145,0.18835018093137534,0.057720542,P
ckpt_clm_s42:14,832,0.17347882289316197,0.22572205621692382,-0.0310691,P
ckpt_clm_s42:14,833,0.31177244899072465,0.24482626533296367,0.12677425,R
ckpt_clm_s42:14,834,0.6364288128042427,0.7001552286098798,0.05735451,Y
ckpt_clm_s42:14,835,0.4096366269333692,0.5320168238911802,0.01726672,P
ckpt_clm_s42:14,836,0.40364890491176286,0.3920414535002745,0.10716656,Y
ckpt_clm_s42:14,837,0.15296920642271972,0.15787318235667192,0.07857239,L
ckpt_clm_s42:14,838,0.1192526277286362,0.1846358753306307,0.07279253,G
ckpt_clm_s42:14,839,0.25729161225300934,0.3075564766181706,-0.009045541,Y
ckpt_clm_s42:14,840,0.6324660088624148,0.7396978811915835,0.18624642,C
ckpt_clm_s42:14,841,0.5172874921277033,0.610511993461023,0.011933401,S
ckpt_clm_s42:14,842,0.1965896284535158,0.16808584970814416,0.17098361,G
ckpt_clm_s42:14,843,0.4338120440381138,0.447586631271572,0.019351617,R
ckpt_clm_s42:14,844,0.2086900021936643,0.36063539245563886,0.06443256,T
ckpt_clm_s42:14,845,0.4525280040844831,0.36899875857101266,0.033998325,H
ckpt_clm_s42:14,846,0.3935337807605501,0.5296174102569183,0.018300414,A
ckpt_clm_s42:14,847,0.33913492818105884,0.4522155537962107,0.007028818,W
ckpt_clm_s42:14,848,0.19925857635078226,0.20952824307068785,0.06784254,H
ckpt_clm_s42:14,849,0.2795499168371607,0.3265395246972518,0.04545781,P
ckpt_clm_s42:14,850,0.29857896624074176,0.3067855819246472,0.083158225,V
ckpt_clm_s42:14,851,0.15842236446019176,0.18580680067830377,0.03760791,T
ckpt_clm_s42:14,852,0.4075164581749876,0.5263999772858649,0.11173761,F
ckpt_clm_s42:14,853,0.26436316254672765,0.3340522940023861,0.15003899,V
ckpt_clm_s42:14,854,0.20124263212547122,0.17840501096266123,0.006028533,L
ckpt_clm_s42:14,855,0.16242795540336408,0.15416114916990575,0.08867037,R
ckpt_clm_s42:14,856,0.36031665262124124,0.3496173528501335,0.05031845,G
ckpt_clm_s42:14,857,0.327898267160194,0.36112995691847183,0.017681718,K
ckpt_clm_s42:14,858,0.1653544643135434,0.14313609790582482,0.13576162,R
ckpt_clm_s42:14,859,0.2735985628318659,0.3390809245265951,0.029483259,Q
ckpt_clm_s42:14,860,0.35931795398002675,0.4609703235321882,0.21495199,H
ckpt_clm_s42:14,861,0.22785605501433315,0.29016293328213566,0.14413536,H
ckpt_clm_s42:14,862,0.19193964059248614,0.21116784773805683,0.083016515,L
ckpt_clm_s42:14,863,0.2215660481704872,0.2668172621290247,0.17951608,I
ckpt_clm_s42:14,864,0.40148825096870444,0.5679174630150118,0.09473696,C
ckpt_clm_s42:14,865,0.25064529707937755,0.26447653854475217,-0.02349943,G
ckpt_clm_s42:14,866,0.32669861535852385,0.42181288909176734,0.071380615,V
ckpt_clm_s42:14,867,0.4044549644808231,0.29130219787164147,-0.024407072,N
ckpt_clm_s42:14,868,0.2273527957053505,0.20199494815216704,0.16921496,N
ckpt_clm_s42:14,869,0.753661431390829,0.8444569666451408,-0.0065677986,M
ckpt_clm_s42:14,870,0.0599594476424723,0.14099439590640162,-0.0053957254,P
ckpt_clm_s42:14,871,0.11702648034195495,0.12242193464293646,0.02565533,Y
ckpt_clm_s42:14,872,0.38568385974356145,0.36101047276905823,0.0004950687,R
ckpt_clm_s42:14,873,0.25229622642448746,0.21346276831349748,0.022634208,K
ckpt_clm_s42:14,874,0.2509768267663419,0.22675215878473187,0.03607464,F
ckpt_clm_s42:14,875,0.2679247659867581,0.3028455287981906,0.20218164,T
ckpt_clm_s42:14,876,0.1162619475219111,0.1572606007160396,0.13033098,L
ckpt_clm_s42:14,877,0.2881407849532335,0.28126115229106885,0.12413834,L
ckpt_clm_s42:14,878,0.18131120335782414,0.25141666196776197,-0.021686137,Q
ckpt_clm_s42:14,879,0.444455153970683,0.5589988004354699,0.06594631,W
ckpt_clm_s42:14,880,0.337230012057143,0.35898901816237955,0.04506451,Y
ckpt_clm_s42:14,881,0.37810050530615835,0.5390092160827282,0.10911155,W
ckpt_clm_s42:14,882,0.45950362262429667,0.5689433388658156,0.009558,A
ckpt_clm_s42:14,883,0.21302130951766052,0.23440759563759866,0.024590671,P
ckpt_clm_s42:14,884,0.1859682494724817,0.17349085312343734,0.07799235,N
ckpt_clm_s42:14,885,0.22316782546542102,0.15962187901497338,0.08896363,V
ckpt_clm_s42:14,886,0.3103410623572511,0.2557234855394788,0.07269055,F
ckpt_clm_s42:14,887,0.4203831876702607,0.49739882801788543,0.03579867,T
ckpt_clm_s42:14,888,0.1362931353215554,0.23953229481738775,0.08803648,T
ckpt_clm_s42:14,889,0.21648583764613638,0.2889295268557549,0.05045414,E
ckpt_clm_s42:14,890,0.44499973584820185,0.565668186865708,0.02558887,W
ckpt_clm_s42:14,891,0.23270137107400213,0.36902115310871886,0.0047717094,A
ckpt_clm_s42:14,892,0.15742524219111953,0.14718193131365923,0.037252367,E
ckpt_clm_s42:14,893,0.3670441840252824,0.4755820070271428,0.0709185,H
ckpt_clm_s42:14,894,0.2123131899138314,0.20891204658224305,-0.057256162,E
ckpt_clm_s42:14,895,0.17792824843407673,0.16399268484224705,0.18395919,T
ckpt_clm_s42:14,896,0.48531643516545364,0.6366803163457407,0.11184141,W
ckpt_clm_s42:14,897,0.32746556323616094,0.41981920491211555,0.09639984,C
ckpt_clm_s42:14,898,0.13224945727913384,0.19807006889609072,0.05581957,Q
ckpt_clm_s42:14,899,0.25080177404425574,0.3253895102285335,0.099304736,M
ckpt_clm_s42:14,900,0.21538701510939273,0.15414082093018197,0.029621005,R
ckpt_clm_s42:14,901,0.24061541659873875,0.19672319889554765,-0.12424213,E
ckpt_clm_s42:14,902,0.11520670445944092,0.16072343722638027,-0.028028995,N
ckpt_clm_s42:14,903,0.42398227693613644,0.40692508265191396,0.017025918,N
ckpt_clm_s42:14,904,0.12221303166254349,0.13655308816214445,0.11958629,A
ckpt_clm_s42:14,905,0.19473387558368416,0.14265507309577777,0.12392688,Q
ckpt_clm_s42:14,906,0.2361229121362164,0.24829856106163747,-0.0072557926,Q
ckpt_clm_s42:14,907,0.1780548901469401,0.21656498263483218,0.017321438,A
ckpt_clm_s42:14,908,0.30067084655770615,0.3619913775628997,0.012480915,G
ckpt_clm_s42:14,909,0.2394644538343611,0.209290776730658,0.043251693,R
ckpt_clm_s42:14,910,0.18673884090659998,0.1387418743938392,0.09155637,Q
ckpt_clm_s42:14,911,0.3090887453090644,0.4056331650978259,0.0034889802,Q
ckpt_clm_s42:14,912,0.19097905937317317,0.22733462213223163,0.14420718,V
ckpt_clm_s42:14,913,0.37978459232809647,0.40349790896283527,-0.050588816,W
ckpt_clm_s42:14,914,0.22651362907073924,0.24950732175417267,-0.009237766,P
ckpt_clm_s42:14,915,0.28237940003626716,0.3397880984794519,-0.012118965,M
ckpt_clm_s42:14,916,0.07666835731919841,0.1259706555728914,0.042890027,L
ckpt_clm_s42:14,917,0.2355300160066106,0.32355719858637016,0.020089269,Q
ckpt_clm_s42:14,918,0.09675413029554447,0.12484851048976968,0.07865238,F
ckpt_clm_s42:14,919,0.43925540095088367,0.5741759869947816,-0.0024464726,N
ckpt_clm_s42:14,920,0.23591921501084712,0.16481985124778054,0.067361295,P
ckpt_clm_s42:14,921,0.26301979844942547,0.37521589377975834,0.08114946,V
ckpt_clm_s42:14,922,0.21013748236009178,0.2196926806298075,0.09858775,I
ckpt_clm_s42:14,923,0.22942273862534968,0.21995534122524235,0.28423125,M
ckpt_clm_s42:14,924,0.20476072830236092,0.17087698568866694,0.010870397,T
ckpt_clm_s42:14,925,0.2533230030723084,0.20263378192183595,-0.041073978,D
ckpt_clm_s42:14,926,0.3008366269777297,0.3335503585342704,-0.009806782,R
ckpt_clm_s42:14,927,0.263296393914348,0.24916830209110238,0.0039697886,A
ckpt_clm_s42:14,928,0.18277094219945922,0.30104547630931405,0.10602409,N
ckpt_clm_s42:14,929,0.16793676237174981,0.16756509849153925,0.037121177,W
ckpt_clm_s42:14,930,0.19463414684808145,0.22462661998662803,0.07501319,S
ckpt_clm_s42:14,931,0.3057207839379794,0.2653660142073315,0.046607137,N
ckpt_clm_s42:14,932,0.40038617251352404,0.4311881049233589,0.019199073,N
ckpt_clm_s42:14,933,0.22567275727498148,0.20831466642507415,0.096863,W
ckpt_clm_s42:14,934,0.2083202425798668,0.18435538420061587,0.08043575,T
ckpt_clm_s42:14,935,0.26451083563171784,0.31680534553778045,0.09433508,Q
ckpt_clm_s42:14,936,0.2703232293802772,0.3018949251398089,-0.029819623,F
ckpt_clm_s42:14,937,0.20035960055758362,0.30326773453449424,0.014119029,M
ckpt_clm_s42:14,938,0.27071039734504476,0.31833871084696824,0.0800311,Q
ckpt_clm_s42:14,939,0.8170935214022795,0.8996733039600063,0.058674905,M
ckpt_clm_s42:14,940,0.275349311238264,0.2772423254220378,0.014045119,T
ckpt_clm_s42:14,941,0.3906374853361999,0.3643479023330171,-0.0143328905,G
ckpt_clm_s42:14,942,0.4746604109662854,0.5415547730711034,-0.053091526,Q
ckpt_clm_s42:14,943,0.24894363242983963,0.3152602904622517,0.048252136,M
ckpt_clm_s42:14,944,0.2978035571418354,0.3926663179172861,0.092821956,L
ckpt_clm_s42:14,945,0.26456238318391856,0.2516352882967771,0.20180595,G
ckpt_clm_s42:14,946,0.24888435396114605,0.2948374007557627,-0.0035405755,G
ckpt_clm_s42:14,947,0.3928492408794204,0.3099407236871996,0.013050973,A
ckpt_clm_s42:14,948,0.27520423679757033,0.35040884855471155,0.19772649,I
ckpt_clm_s42:14,949,0.2597711035214584,0.25094804345875904,0.1011405,P
ckpt_clm_s42:14,950,0.17473790411051648,0.20102308067503608,0.0040733814,S
ckpt_clm_s42:14,951,0.09903351427977425,0.11972767619911817,0.05073911,R
ckpt_clm_s42:14,952,0.09375960646587767,0.13318924482478525,-0.0031818748,W
ckpt_clm_s42:14,953,0.23817869703403427,0.20009948938953462,-0.018726468,K
ckpt_clm_s42:14,954,0.18340890628910778,0.18421479283876538,0.029674888,T
ckpt_clm_s42:14,955,0.5343559535525098,0.6723418331319481,0.16466466,C
ckpt_clm_s42:14,956,0.37663159418942715,0.45501455648427747,0.06558937,W
ckpt_clm_s42:14,957,0.10431069724224196,0.13805522633393755,0.048241198,Y
ckpt_clm_s42:14,958,0.3144468891624923,0.3777121115860223,-0.038105845,E
ckpt_clm_s42:14,959,0.06953290004135226,0.11643828867991582,-0.0170988,Y
ckpt_clm_s42:14,960,0.21541570777296182,0.2147967261036912,0.035702467,R
ckpt_clm_s42:14,961,0.31803758091890977,0.3836806854741959,0.016706169,N
ckpt_clm_s42:14,962,0.21482420194261787,0.1993892817834837,-0.013471544,E
ckpt_clm_s42:14,963,0.3201902109665895,0.28733216114230586,0.12798673,I
ckpt_clm_s42:14,964,0.2798323692226322,0.2312296929460598,0.05207622,Q
ckpt_clm_s42:14,965,0.24831115691508043,0.19996517214199136,0.060023963,F
ckpt_clm_s42:14,966,0.3506658737591962,0.3171070971720853,-0.045388266,K
ckpt_clm_s42:14,967,0.32780659473370954,0.3402046561240819,0.0007097274,E
ckpt_clm_s42:14,968,0.6352116842257286,0.745950790520179,0.0025848523,A
ckpt_clm_s42:14,969,0.19255047532418645,0.15423484237424015,0.112419784,L
ckpt_clm_s42:14,970,0.4291489630129718,0.3211739896935667,0.025663495,R
ckpt_clm_s42:14,971,0.3427111517838827,0.30456846798831433,0.1105687,V
ckpt_clm_s42:14,972,0.3144246205550859,0.3543037593970842,-0.020288527,E
ckpt_clm_s42:14,973,0.09893460397989629,0.15328309603418608,0.07848507,T
ckpt_clm_s42:14,974,0.3580108081928959,0.33523342035168824,-0.009133339,E
ckpt_clm_s42:14,975,0.2690537819548734,0.3438544711219365,0.021123737,A
ckpt_clm_s42:14,976,0.1937246107506675,0.22757578914566792,0.012032628,P
ckpt_clm_s42:14,977,0.16451345721581023,0.32323680992586357,0.007237494,H
ckpt_clm_s42:14,978,0.14730145498440006,0.23962615663224718,0.023600876,A
ckpt_clm_s42:14,979,0.39974734460592287,0.5186193019407223,0.056194663,L
ckpt_clm_s42:14,980,0.2977124610615356,0.25167128723416693,0.09674835,T
ckpt_clm_s42:14,981,0.3090392605322523,0.4521643892018919,-0.034700274,K
ckpt_clm_s42:14,982,0.5224605366786738,0.6504871589752284,0.017454728,Y
ckpt_clm_s42:14,983,0.20842949036136726,0.19112120576531208,0.024000317,S
ckpt_clm_s42:14,984,0.272477467331551,0.29400993384942237,-0.020391524,R
ckpt_clm_s42:14,985,0.23721990045760444,0.258261166652714,0.090632975,V
ckpt_clm_s42:14,986,0.25731105440019975,0.34353958473410595,-0.029256463,Q
ckpt_clm_s42:14,987,0.20962140555023723,0.24119818218449685,0.036135554,W
ckpt_clm_s42:14,988,0.307315605965792,0.3904450233479667,-0.053345054,E
ckpt_clm_s42:14,989,0.27847225327585756,0.3573802306602702,-0.003353648,S
ckpt_clm_s42:14,990,0.13320581289663502,0.1829305021331603,0.1454789,F
ckpt_clm_s42:14,991,0.13305324757558834,0.15764621285604716,0.07066631,F
ckpt_clm_s42:14,992,0.1793163285775159,0.16215780395608312,0.24561286,R
ckpt_clm_s42:14,993,0.1166464009661905,0.15932961577261323,0.04038751,T
ckpt_clm_s42:14,994,0.4283499443535048,0.5609768830525024,0.040297046,G
ckpt_clm_s42:14,995,0.20470129050779473,0.17030162634731877,-0.018333375,E
ckpt_clm_s42:14,996,0.19012305365630533,0.23227782009933134,0.10670972,M
ckpt_clm_s42:14,997,0.39079602983603123,0.5064382919984055,0.014080763,A
ckpt_clm_s42:14,998,0.5260647204780697,0.6051610776397625,-0.02878581,E
ckpt_clm_s42:14,999,0.2811048605921127,0.38639491292321343,-0.030717611,D
ckpt_clm_s42:14,1000,0.5431408024893709,0.5379050090207205,0.073967025,Y
ckpt_clm_s42:14,1001,0.15033997212584282,0.1830384848880292,0.006934345,E
ckpt_clm_s42:14,1002,0.11021934116297127,0.18945085376431983,0.15079176,K
ckpt_clm_s42:14,1003,0.280799697504845,0.29800300487201814,0.21398604,M
ckpt_clm_s42:14,1004,0.24921526830644947,0.17274474246307525,0.06694329,E
ckpt_clm_s42:14,1005,0.2643267471439117,0.32447082549448125,0.015046179,H
ckpt_clm_s42:14,1006,0.27353310694959276,0.2839487690527189,0.17908418,Y
ckpt_clm_s42:14,1007,0.18755916456686328,0.2246103462487387,-0.032547116,D
ckpt_clm_s42:14,1008,0.09137059747280796,0.13058426195214068,0.068847716,R
ckpt_clm_s42:14,1009,0.27965997738748916,0.22065267040826272,0.116621315,A
ckpt_clm_s42:14,1010,0.3788862110763612,0.45568208204024796,0.058243603,C
ckpt_clm_s42:14,1011,0.18872312910938316,0.17733358816152525,-0.012914658,K
ckpt_clm_s42:14,1012,0.1456405003310276,0.2033377992181117,0.085332036,L
ckpt_clm_s42:14,1013,0.15216342195005317,0.17436454770923843,0.07637119,F
ckpt_clm_s42:14,1014,0.7023847153490401,0.8087091341421582,0.038306266,M
ckpt_clm_s42:14,1015,0.2169235051525753,0.15580095053196047,0.11249477,Y
ckpt_clm_s42:14,1016,0.27356656831396886,0.22455853004144868,-0.068879575,D
ckpt_clm_s42:14,1017,0.1567507196660517,0.20649923781673635,0.08829284,W
ckpt_clm_s42:14,1018,0.3432455749178901,0.4331276745803323,-0.03679028,E
ckpt_clm_s42:14,1019,0.4304180551425345,0.3747600908723056,0.12540078,Y
ckpt_clm_s42:14,1020,0.3714314461714725,0.35339624146357457,0.05948308,Y
ckpt_clm_s42:14,1021,0.3128320469386914,0.38256262478842423,-0.056733504,D
ckpt_clm_s42:14,1022,0.4879835703088655,0.5474446983492794,0.04088092,G
ckpt_clm_s42:14,1023,0.18547284468959513,0.22662815698172728,0.0763281,C
ckpt_clm_s42:14,1024,0.23938679574025612,0.14136309349711276,0.031682193,P
ckpt_clm_s42:14,1025,0.26833518561798686,0.2623078354996793,0.031089514,D
ckpt_clm_s42:14,1026,0.4215055409238191,0.503950237138365,0.08704546,F
ckpt_clm_s42:14,1027,0.34898011038647103,0.3565623194276705,0.06407538,Y
ckpt_clm_s42:14,1028,0.2570143421673632,0.35312892240874644,-0.0054201484,W
ckpt_clm_s42:14,1029,0.2095526891835795,0.17437909721706374,-0.005649507,P
ckpt_clm_s42:14,1030,0.3013648958173427,0.3153680670194869,0.008262455,P
ckpt_clm_s42:14,1031,0.24002215435487972,0.22284985147839814,0.10858649,Y
ckpt_clm_s42:14,1032,0.16761041438744573,0.1836286588107987,-0.016632497,R
ckpt_clm_s42:14,1033,0.31504715282769347,0.30791163132393345,0.03655982,W
ckpt_clm_s42:14,1034,0.2717638610566584,0.3466431790522596,0.1074962,I
ckpt_clm_s42:14,1035,0.2727512726792558,0.2865198528591576,0.07153344,M
ckpt_clm_s42:14,1036,0.23344181641037431,0.2339608338741131,-0.04019916,E
ckpt_clm_s42:14,1037,0.15251443695705325,0.13386115647563884,0.00065118074,C
ckpt_clm_s42:14,1038,0.385705551255774,0.46812448160185044,-0.019180134,D
ckpt_clm_s42:14,1039,0.43394762846029666,0.5308743268382717,0.07893282,C
ckpt_clm_s42:14,1040,0.2158887141953656,0.21123104439105528,0.10356325,I
ckpt_clm_s42:14,1041,0.13276639193049256,0.1785665462487307,0.09220117,V
ckpt_clm_s42:14,1042,0.2723759807592234,0.3177192364789978,0.021278083,D
ckpt_clm_s42:14,1043,0.6466776567500339,0.7442259771951768,-0.050096504,E
ckpt_clm_s42:14,1044,0.20424047902923315,0.18827531617761487,-0.059597373,T
ckpt_clm_s42:14,1045,0.3491927178165507,0.45497158197948095,0.08396816,P
ckpt_clm_s42:14,1046,0.644555111034562,0.7357105345304354,0.114548385,C
ckpt_clm_s42:14,1047,0.263209463651195,0.29072029602803284,0.058779776,L
ckpt_clm_s42:14,1048,0.32200673829232984,0.4015463336408223,0.048212618,Q
ckpt_clm_s42:14,1049,0.1830665625123452,0.19359059949501944,0.17086142,I
ckpt_clm_s42:14,1050,0.23828445118933617,0.26048935611092444,0.22202307,L
ckpt_clm_s42:14,1051,0.08882636226403251,0.15617151482546024,0.0180071,R
ckpt_clm_s42:14,1052,0.41244217734484057,0.531623001131471,-0.038261205,K
ckpt_clm_s42:14,1053,0.2965107473077224,0.23941715347632433,-0.008417189,Y
ckpt_clm_s42:14,1054,0.26646806498968634,0.4205136037824222,0.0076490343,K
ckpt_clm_s42:14,1055,0.20469216493589426,0.24164777574534754,0.110110104,I
ckpt_clm_s42:14,1056,0.1909594501788816,0.1837392415004889,-0.006495416,Y
ckpt_clm_s42:14,1057,0.31654266802930675,0.23158039742979433,0.010052264,C
ckpt_clm_s42:14,1058,0.3738172665023499,0.31106783296373935,0.114325464,G
ckpt_clm_s42:14,1059,0.25814012458479163,0.3046380881443925,0.0061707497,C
ckpt_clm_s42:14,1060,0.41284391291829137,0.48659434080187014,0.104518205,L
ckpt_clm_s42:14,1061,0.38825825689225124,0.5193471688201917,0.1384899,C
ckpt_clm_s42:14,1062,0.46349198413447146,0.5148882788314828,0.12181525,I
ckpt_clm_s42:14,1063,0.269104793027536,0.3111576751503709,0.06657416,H
ckpt_clm_s42:14,1064,0.29025351459573634,0.3893345955653113,-0.036319077,D
ckpt_clm_s42:14,1065,0.3672596857219488,0.4237073610315247,0.029006273,P
ckpt_clm_s42:14,1066,0.10042591757612396,0.10903354694600313,0.11213589,Y
ckpt_clm_s42:14,1067,0.337582450444583,0.23563308249206197,0.07391316,E
ckpt_clm_s42:14,1068,0.21916656861111816,0.1718079218442388,0.084127486,Q
ckpt_clm_s42:14,1069,0.2590372288589625,0.28801372780428935,0.1148051,L
ckpt_clm_s42:14,1070,0.26011268850429425,0.2826530492102844,0.015156418,R
ckpt_clm_s42:14,1071,0.37310095206067895,0.48016424846386435,0.0070667267,T
ckpt_clm_s42:14,1072,0.14464117887090266,0.1474380716153263,-0.00041091442,Q
ckpt_clm_s42:14,1073,0.3367229176676336,0.3894451862946515,0.06583363,C
ckpt_clm_s42:14,1074,0.236926379189335,0.2500398308689509,-0.0075330734,N
ckpt_clm_s42:14,1075,0.1637297170461186,0.1680235235315148,-0.0019146502,S
ckpt_clm_s42:14,1076,0.20199852972458454,0.23428703978565274,0.1409589,A
ckpt_clm_s42:14,1077,0.20808021682610112,0.15097994526042452,0.07858461,Y
ckpt_clm_s42:14,1078,0.0746407373707465,0.12212956345223056,0.042981535,Y
ckpt_clm_s42:14,1079,0.21628146233243928,0.19575217192760605,0.005325198,F
ckpt_clm_s42:14,1080,0.2403624026743586,0.2502614056903994,0.022499979,E
ckpt_clm_s42:14,1081,0.15155401506020416,0.1551234321534498,-0.047525346,D
ckpt_clm_s42:14,1082,0.28037751090606844,0.26308213527886987,0.07400739,N
ckpt_clm_s42:14,1083,0.21349954603222743,0.22631812625139155,-0.015003085,C
ckpt_clm_s42:14,1084,0.356398177649039,0.33480510726322965,0.069573805,L
ckpt_clm_s42:14,1085,0.20811972637965914,0.18230725512286727,0.1064055,V
ckpt_clm_s42:14,1086,0.47074620038711346,0.5634071336758694,0.012415543,A
ckpt_clm_s42:14,1087,0.2782952218585272,0.23412680172871161,0.022873253,P
ckpt_clm_s42:14,1088,0.41165169711904825,0.5438163802786969,0.124088466,C
ckpt_clm_s42:14,1089,0.4649924340879247,0.5068999318361902,0.0577904,W
ckpt_clm_s42:14,1090,0.10340440535662765,0.12824025977286801,-0.0024797618,L
ckpt_clm_s42:14,1091,0.09518108878603548,0.14010564567775155,0.11714065,S
ckpt_clm_s42:14,1092,0.4676110283276034,0.5021107905268919,0.13090855,V
ckpt_clm_s42:14,1093,0.26655489835900026,0.2539776121522065,-0.00025194883,N
ckpt_clm_s42:14,1094,0.32430111778589155,0.42560910082151865,0.09810123,W
ckpt_clm_s42:14,1095,0.24444642574614095,0.22076382699036876,0.0874117,F
ckpt_clm_s42:14,1096,0.227237714632876,0.23811416081216946,-0.02453351,G
ckpt_clm_s42:14,1097,0.09175178872278222,0.18556695756720304,0.079030275,P
ckpt_clm_s42:14,1098,0.133818049309809,0.1723250164264703,0.08568102,I
ckpt_clm_s42:14,1099,0.1006882412007285,0.159256048087685,0.14414573,F
ckpt_clm_s42:14,1100,0.4515496511074506,0.4897973809637394,-0.032512106,K
ckpt_clm_s42:14,1101,0.27774414097740396,0.3191268954115773,0.06632015,S
ckpt_clm_s42:14,1102,0.16538439707544061,0.17543659608390794,0.015565515,H
ckpt_clm_s42:14,1103,0.3116826927671037,0.242451327349974,0.08423638,L
ckpt_clm_s42:14,1104,0.23371763176049964,0.24469850268309806,0.03796953,S
ckpt_clm_s42:14,1105,0.1672982197064089,0.2813769936945353,0.07375443,W
ckpt_clm_s42:14,1106,0.4939162472157894,0.6118249618892329,0.0799675,Y
ckpt_clm_s42:14,1107,0.40409348353291785,0.5085477133687523,-0.030581564,K
ckpt_clm_s42:14,1108,0.3416534244872421,0.4724958402759323,-0.028128982,R
ckpt_clm_s42:14,1109,0.3683854880108516,0.29597162658628207,0.17741191,W
ckpt_clm_s42:14,1110,0.40554989854338797,0.5584801597616944,0.10669461,V
ckpt_clm_s42:14,1111,0.20072703411531878,0.21218110449515484,0.07403451,N
ckpt_clm_s42:14,1112,0.18122699175023083,0.17144653389316572,0.14108872,V
ckpt_clm_s42:14,1113,0.2426528916027515,0.31724196361793283,0.04011342,P
ckpt_clm_s42:14,1114,0.38245483663599,0.408636022276424,0.0939077,I
ckpt_clm_s42:14,1115,0.6142755506380596,0.7183748140135735,0.13139187,C
ckpt_clm_s42:14,1116,0.3053250580175868,0.37226176125323124,0.09618047,L
ckpt_clm_s42:14,1117,0.19663332713493809,0.2570303273759418,-0.016420335,E
ckpt_clm_s42:14,1118,0.3837390572424141,0.4834768252031456,-0.037481733,K
ckpt_clm_s42:14,1119,0.47386793264340343,0.6053260365601582,0.06927544,C
ckpt_clm_s42:14,1120,0.1442063754365499,0.16627694266825638,0.13289952,Y
ckpt_clm_s42:14,1121,0.1478985326611264,0.1386686763074501,-0.04206872,I
ckpt_clm_s42:14,1122,0.1758386546588394,0.18330875979231434,0.00035214424,M
ckpt_clm_s42:14,1123,0.3259353040148598,0.34040428215165985,0.05805713,F
ckpt_clm_s42:14,1124,0.5417536855080676,0.6308409838893834,0.065393835,M
ckpt_clm_s42:14,1125,0.20991119829954097,0.17981340574509594,0.028836489,W
ckpt_clm_s42:14,1126,0.21287336903982357,0.19414109356265827,-0.00194484,F
ckpt_clm_s42:14,1127,0.18510877339386456,0.2749676060106371,0.08258295,S
ckpt_clm_s42:14,1128,0.1386183087420081,0.16390731203114034,0.08739138,G
ckpt_clm_s42:14,1129,0.4268049218744143,0.5266175621893442,0.062746584,W
ckpt_clm_s42:14,1130,0.147285217897137,0.1339258475600819,0.0023894906,T
ckpt_clm_s42:14,1131,0.32382945790040363,0.389808358056979,-0.010279506,D
ckpt_clm_s42:14,1132,0.10275670632799094,0.172646784910103,0.063359976,I
ckpt_clm_s42:14,1133,0.19203085368032724,0.2183926939684006,0.031633735,H
ckpt_clm_s42:14,1134,0.22199498758014935,0.265030460520201,0.10634786,Y
ckpt_clm_s42:14,1135,0.23526265252448952,0.21806380633844655,0.019130826,W
ckpt_clm_s42:14,1136,0.15724703188313538,0.238453464982818,0.011964917,S
ckpt_clm_s42:14,1137,0.2532677901876914,0.26783420325816076,-0.0020700693,S
ckpt_clm_s42:14,1138,0.20136242212322408,0.24735509426839541,0.06897968,I
ckpt_clm_s42:14,1139,0.5976753110645369,0.7186321129724665,0.026896417,Q
ckpt_clm_s42:14,1140,0.2814802682639157,0.3358898560361276,0.09162444,W
ckpt_clm_s42:14,1141,0.3500741028196698,0.30990097231794383,0.005892545,T
ckpt_clm_s42:14,1142,0.0970656548428891,0.14079540851872904,0.030707777,V
ckpt_clm_s42:14,1143,0.39555181346543633,0.47822686143602383,0.05219692,Q
ckpt_clm_s42:14,1144,0.24461661535814483,0.3241691295154446,0.07207346,S
ckpt_clm_s42:14,1145,0.18421714975076386,0.165416883713385,-0.0064047575,D
ckpt_clm_s42:14,1146,0.6299185361637973,0.6535966832066747,0.020814031,A
ckpt_clm_s42:14,1147,0.22664936936620939,0.25102582815179963,0.124314964,P
ckpt_clm_s42:14,1148,0.22731502492374123,0.23641835819611415,0.09523207,T
ckpt_clm_s42:14,1149,0.319831170675714,0.32737014614648985,0.082101166,P
ckpt_clm_s42:14,1150,0.2220310469378849,0.2397026116589295,-0.030103832,E
ckpt_clm_s42:14,1151,0.5017269427413433,0.627360780659885,-0.0402565,K
ckpt_clm_s42:14,1152,0.10865064818305992,0.14993432931814854,0.08829504,F
ckpt_clm_s42:14,1153,0.19896433454044804,0.17910140868174748,0.08255267,M
ckpt_clm_s42:14,1154,0.427778655738136,0.4369709438435701,0.036017105,C
ckpt_clm_s42:14,1155,0.23052984832025136,0.2533779367396277,0.022259086,G
ckpt_clm_s42:14,1156,0.2823797254145327,0.3383348743238319,0.06354034,H
ckpt_clm_s42:14,1157,0.2292542387882528,0.3637389985537708,0.15564579,Y
ckpt_clm_s42:14,1158,0.32675295792731707,0.3787887747534382,0.08966088,L
ckpt_clm_s42:14,1159,0.25154427119048495,0.3717402326874957,0.05244547,W
ckpt_clm_s42:14,1160,0.18226023445629946,0.2513670140073735,-0.050461978,R
ckpt_clm_s42:14,1161,0.2701096230042225,0.319647767913634,0.13635957,H
ckpt_clm_s42:14,1162,0.19464344152086177,0.18841562900685077,0.022059321,C
ckpt_clm_s42:14,1163,0.24111257665120633,0.29737161966792286,0.077643394,F
ckpt_clm_s42:14,1164,0.222330381635778,0.2108861228771274,0.029176593,Q
ckpt_clm_s42:14,1165,0.5414513230075745,0.4376491566443011,0.0013850443,A
ckpt_clm_s42:14,1166,0.19755810860283385,0.241920341394318,0.025196016,T
ckpt_clm_s42:14,1167,0.3180298183413417,0.3228995504287251,0.043598592,N
ckpt_clm_s42:14,1168,0.20387962397314807,0.21103615193699019,0.044866145,G
ckpt_clm_s42:14,1169,0.16729977941596674,0.1684804378659299,0.09756285,H
ckpt_clm_s42:14,1170,0.30093374280899543,0.2759239264873005,0.14187557,C
ckpt_clm_s42:14,1171,0.219926009357172,0.24788739361595188,0.11030251,L
ckpt_clm_s42:14,1172,0.7966574886837257,0.8853551108588054,0.056159347,M
ckpt_clm_s42:14,1173,0.20644757453794726,0.18336800061049668,-0.0088934,Q
ckpt_clm_s42:14,1174,0.46852674392676186,0.5898767288450797,0.01303491,S
ckpt_clm_s42:14,1175,0.40300628891879764,0.3846538473445633,0.08100557,C
ckpt_clm_s42:14,1176,0.23089448007425406,0.2700696957981176,0.034058273,Q
ckpt_clm_s42:14,1177,0.3798318748037116,0.41022937026665585,0.14390406,M
ckpt_clm_s42:14,1178,0.3571211464134211,0.3237566617358395,0.02067244,A
ckpt_clm_s42:14,1179,0.1430674614951376,0.2495739838352888,0.060923636,R
ckpt_clm_s42:14,1180,0.33961565019495177,0.3912085595386356,0.05461514,S
ckpt_clm_s42:14,1181,0.5265983399280983,0.6420149518531523,-0.04518813,E
ckpt_clm_s42:14,1182,0.21412910536806862,0.28607728977550617,-0.0586724,K
ckpt_clm_s42:14,1183,0.08085921002571972,0.11177664501203868,0.07490069,L
ckpt_clm_s42:14,1184,0.5828028113066048,0.6942351418659,0.006537944,N
ckpt_clm_s42:14,1185,0.32429010498176514,0.33286127951844496,-0.004522294,N
ckpt_clm_s42:14,1186,0.49842399497225554,0.6456243755402653,-0.018178016,Q
ckpt_clm_s42:14,1187,0.2659247180047076,0.21805641990714492,0.013011724,G
ckpt_clm_s42:14,1188,0.24727582265925574,0.17306166559845962,0.006389022,Y
ckpt_clm_s42:14,1189,0.09866252601909531,0.1629177398059162,0.064899385,V
ckpt_clm_s42:14,1190,0.16004451445912182,0.23553201072199423,-0.008500785,M
ckpt_clm_s42:14,1191,0.29144883565414437,0.2318904987808685,-0.01670751,N
ckpt_clm_s42:14,1192,0.5106527273307673,0.650890045472474,0.08399153,M
ckpt_clm_s42:14,1193,0.3579548785818306,0.40652457036802087,0.033534527,Y
ckpt_clm_s42:14,1194,0.25978085973851717,0.27597751704555595,0.039589763,H
ckpt_clm_s42:14,1195,0.21038963608324557,0.28973811092581503,0.020458221,Q
ckpt_clm_s42:14,1196,0.2778713387430737,0.3033141728010559,0.01427561,P
ckpt_clm_s42:14,1197,0.24453836490394287,0.3782930104711955,0.047074854,G
ckpt_clm_s42:14,1198,0.28223401964057104,0.27579839702307396,0.037596762,Q
ckpt_clm_s42:14,1199,0.5782327765102387,0.6985228368521664,0.052678555,W
ckpt_clm_s42:14,1200,0.1881692438126622,0.19126776246225596,0.16979194,E
ckpt_clm_s42:14,1201,0.28834428989390104,0.21173767085574494,0.25748467,W
ckpt_clm_s42:14,1202,0.2625339183036145,0.2564094185830239,0.07331869,H
ckpt_clm_s42:14,1203,0.22990947290422792,0.16247588727120438,0.10490385,M
ckpt_clm_s42:14,1204,0.2003021353406096,0.19871941218464903,0.044374347,F
ckpt_clm_s42:14,1205,0.35136819692776633,0.40720715489678916,-0.0143253505,N
ckpt_clm_s42:14,1206,0.3058190032912529,0.27333572765013414,-0.01136896,D
ckpt_clm_s42:14,1207,0.10068371013106958,0.14444510478147543,0.021005511,V
ckpt_clm_s42:14,1208,0.6983918249930667,0.8045216120937179,-0.034011025,K
ckpt_clm_s42:14,1209,0.21597660426966236,0.27109749773688746,0.058761448,C
ckpt_clm_s42:14,1210,0.31228029085745046,0.4205033630290837,0.072215855,W
ckpt_clm_s42:14,1211,0.1387412817595769,0.16964874563492519,0.058505952,M
ckpt_clm_s42:14,1212,0.5298433665738507,0.6644917574185435,-0.039569467,D
ckpt_clm_s42:14,1213,0.33678318497044646,0.3183469992951403,-0.040640905,E
ckpt_clm_s42:14,1214,0.33200578514775714,0.34278168341787785,0.06259738,A
ckpt_clm_s42:14,1215,0.1801420481929431,0.17933893210074864,0.058472276,G
ckpt_clm_s42:14,1216,0.30558939377680716,0.1982030350432903,0.1639198,D
ckpt_clm_s42:14,1217,0.2990529842284536,0.33339224086720404,0.08397958,M
ckpt_clm_s42:14,1218,0.20521592558814472,0.1723809586840367,0.27609807,M
ckpt_clm_s42:14,1219,0.3426492698603143,0.41180917208286566,-0.021328777,Q
ckpt_clm_s42:14,1220,0.14765387279664477,0.15588216780663816,-0.019517899,D
ckpt_clm_s42:14,1221,0.31492397974304653,0.47354911556428364,0.037752092,Y
ckpt_clm_s42:14,1222,0.1912007171738982,0.19922380817023366,0.012160897,P
ckpt_clm_s42:14,1223,0.4755081393780579,0.5387388293182461,-0.0012362897,H
ckpt_clm_s42:14,1224,0.27584100051619664,0.380355283375557,0.12057012,I
ckpt_clm_s42:14,1225,0.32820862667114914,0.32771283482399927,0.12755424,Y
ckpt_clm_s42:14,1226,0.09200604762609255,0.18123808615967058,0.112226725,T
ckpt_clm_s42:14,1227,0.2684891759175314,0.19233654133695036,0.060943216,G
ckpt_clm_s42:14,1228,0.25013086010519003,0.22538159001112082,0.054991424,F
ckpt_clm_s42:14,1229,0.26363839184953786,0.35029540142293564,0.13085335,V
ckpt_clm_s42:14,1230,0.22535762564778705,0.19550806602547227,-0.017927408,C
ckpt_clm_s42:14,1231,0.3306195067434551,0.4341150382253832,0.12596479,V
ckpt_clm_s42:14,1232,0.288495175636894,0.3934689964680639,0.065309495,A
ckpt_clm_s42:14,1233,0.2817657200259116,0.2688378997623262,0.107884884,F
ckpt_clm_s42:14,1234,0.31034443589099425,0.2873871262112018,0.10049635,P
ckpt_clm_s42:14,1235,0.22217861010830042,0.20497914807977616,0.018443942,N
ckpt_clm_s42:14,1236,0.19214362937751706,0.19533048107451897,0.039864004,R
ckpt_clm_s42:14,1237,0.2884162815726312,0.4146089109145074,-0.028406888,R
ckpt_clm_s42:14,1238,0.3011745527701788,0.2817663744015544,-0.10126421,S
ckpt_clm_s42:14,1239,0.33091010108081975,0.34783476800189206,0.15839338,I
ckpt_clm_s42:14,1240,0.20439902340456417,0.1921710218159247,0.113796294,V
ckpt_clm_s42:14,1241,0.14283056416121542,0.1683534066208186,0.09556633,H
ckpt_clm_s42:14,1242,0.4525020496635094,0.5167068850243856,0.05587767,G
ckpt_clm_s42:14,1243,0.5978820659890385,0.7117542541193337,0.075712055,C
ckpt_clm_s42:14,1244,0.26523550578804544,0.2637585860682887,-0.01537165,C
ckpt_clm_s42:14,1245,0.050273540863780775,0.12082796713250625,0.02585721,W
ckpt_clm_s42:14,1246,0.25636809160938,0.3017874702289646,0.16559303,Y
ckpt_clm_s42:14,1247,0.4670106942351646,0.5496878010099275,0.042944357,Y
ckpt_clm_s42:14,1248,0.16417819746361229,0.2325705507976398,-0.010829508,R
ckpt_clm_s42:14,1249,0.2655476917910553,0.3902713170165661,0.06276697,W
ckpt_clm_s42:14,1250,0.39349567348617487,0.3620761322720465,0.090955555,Y
ckpt_clm_s42:14,1251,0.3157524229710179,0.27051219767895907,0.053829312,C
ckpt_clm_s42:14,1252,0.2252848235089019,0.23825195787599257,-0.063921034,E
ckpt_clm_s42:14,1253,0.31693668449160317,0.4568973618955225,0.01687023,S
ckpt_clm_s42:14,1254,0.28412939013576954,0.30222742221512794,0.17041081,T
ckpt_clm_s42:14,1255,0.34332846834783026,0.35534284744791705,0.022478938,G
ckpt_clm_s42:14,1256,0.31323127395807393,0.39764738875042677,0.12955582,L
ckpt_clm_s42:14,1257,0.5208218021526093,0.509946224195716,-0.038437527,K
ckpt_clm_s42:14,1258,0.22942886136108187,0.1930421464419698,0.021822453,M
ckpt_clm_s42:14,1259,0.1800347404681356,0.1480939941883382,0.07501513,M
ckpt_clm_s42:14,1260,0.4505176225193459,0.5429514415983904,-0.03207624,D
ckpt_clm_s42:14,1261,0.4527466165475966,0.5348609918515287,0.09122831,Q
ckpt_clm_s42:14,1262,0.20102160361107946,0.14206076042822788,0.023772657,K
ckpt_clm_s42:14,1263,0.38912117276003855,0.4415278501036989,0.12913013,L
ckpt_clm_s42:14,1264,0.20247577598272526,0.1910726346390698,0.040777504,M
ckpt_clm_s42:14,1265,0.725015605718687,0.827451081253149,-0.034998685,Q
ckpt_clm_s42:14,1266,0.10492997526262027,0.1381018786763075,0.0019504428,K
ckpt_clm_s42:14,1267,0.23210590494659256,0.29651707163983965,0.07818556,Y
ckpt_clm_s42:14,1268,0.29118829923426204,0.33237393440986013,0.10284299,W
ckpt_clm_s42:14,1269,0.35029848818687026,0.3502221873928232,0.056545377,H
ckpt_clm_s42:14,1270,0.2723396335635603,0.2808356035923022,0.058573306,H
ckpt_clm_s42:14,1271,0.5131169260951638,0.6622485128500394,-0.007873505,Q
ckpt_clm_s42:14,1272,0.22315712923512432,0.3145561163180147,0.029715866,C
ckpt_clm_s42:14,1273,0.269274224944021,0.2701683633279276,0.027580976,M
ckpt_clm_s42:14,1274,0.24933526066999012,0.25133611354604435,0.042554736,Y
ckpt_clm_s42:14,1275,0.3453451712807515,0.33429075571830064,0.020478845,P
ckpt_clm_s42:14,1276,0.2784759569662051,0.25423367068749064,-0.055244327,W
ckpt_clm_s42:14,1277,0.4220458658845925,0.5658136049850253,0.028312027,Q
ckpt_clm_s42:14,1278,0.13068438669059546,0.1783170753771598,0.12155324,L
ckpt_clm_s42:14,1279,0.38787497672660587,0.36986578826984695,0.0407767,H
ckpt_clm_s42:14,1280,0.2104782647795307,0.2770400412674927,0.2131924,V
ckpt_clm_s42:14,1281,0.48487880342068224,0.39869689670195635,0.002964154,N
ckpt_clm_s42:14,1282,0.1273001041634244,0.1914849065874601,0.10513902,M
ckpt_clm_s42:14,1283,0.3089149874846011,0.4015912481395688,-0.032831,D
ckpt_clm_s42:14,1284,0.23038887982648892,0.19236648923701977,-0.045272887,T
ckpt_clm_s42:14,1285,0.3380531020304325,0.4859640609604566,0.08581105,L
ckpt_clm_s42:14,1286,0.2744158707682499,0.27661976536523925,0.017281085,K
ckpt_clm_s42:14,1287,0.1734281793543183,0.2874514395969408,0.035222173,W
ckpt_clm_s42:14,1288,0.207164007868475,0.23768153127219654,0.09360552,M
ckpt_clm_s42:14,1289,0.4350718274444503,0.5264026547487605,-0.055729456,K
ckpt_clm_s42:14,1290,0.3420017476905738,0.3208084509649831,0.03964281,H
ckpt_clm_s42:14,1291,0.2119835316778126,0.20135198328678555,0.092255354,L
ckpt_clm_s42:14,1292,0.1366635330765802,0.1551692197766429,0.03715384,N
ckpt_clm_s42:14,1293,0.2924830551180647,0.3640487216476835,0.018137485,S
ckpt_clm_s42:14,1294,0.5619182685707718,0.6847490063250264,0.0383168,P
ckpt_clm_s42:14,1295,0.3981109259385106,0.5079135290528543,0.042315483,S
ckpt_clm_s42:14,1296,0.22088876708321203,0.1624795430799899,-0.091717124,F
ckpt_clm_s42:14,1297,0.3250161522070276,0.3255343941373354,0.1816808,C
ckpt_clm_s42:14,1298,0.25449565738043334,0.2101070461831758,0.04897563,W
ckpt_clm_s42:14,1299,0.28059036526860526,0.16504449003217467,-0.121398985,R
ckpt_clm_s42:14,1300,0.17483167590944937,0.2370632372194213,0.09761089,W
ckpt_clm_s42:14,1301,0.24815901536141183,0.2436372056107543,-0.018131524,K
ckpt_clm_s42:14,1302,0.2657050373272767,0.2563495529967723,0.0692094,H
ckpt_clm_s42:14,1303,0.5273954093777091,0.634704682249611,0.0355469,F
ckpt_clm_s42:14,1304,0.19167359835191766,0.16442215851376882,0.007940948,H
ckpt_clm_s42:14,1305,0.15484951198785513,0.14812964991052688,0.11034846,A
ckpt_clm_s42:14,1306,0.08052142466162926,0.12446367026726164,0.1198498,C
ckpt_clm_s42:14,1307,0.1881419130977523,0.218306520441474,0.018503845,K
ckpt_clm_s42:14,1308,0.19233739397865512,0.16092949319088137,0.07264072,C
ckpt_clm_s42:14,1309,0.2130860828440999,0.2996638646626719,0.20361209,Q
ckpt_clm_s42:14,1310,0.2753648974441112,0.2520592164855511,0.045889944,H
ckpt_clm_s42:14,1311,0.3196976647971884,0.2837242602452461,-0.0041235685,S
ckpt_clm_s42:14,1312,0.27642374441145146,0.3219158144476024,0.045808434,F
ckpt_clm_s42:14,1313,0.2816115942005185,0.2066578647350344,-0.10351056,E
ckpt_clm_s42:14,1314,0.1836785733614641,0.16934245247129748,0.04875183,P
ckpt_clm_s42:14,1315,0.1696097031696474,0.16265147297591093,0.47006714,V
ckpt_clm_s42:14,1316,0.20944671667621206,0.3392102239266167,0.073385656,M
ckpt_clm_s42:14,1317,0.23460853345881727,0.1828312420269594,0.014808297,L
ckpt_clm_s42:14,1318,0.33994476019878184,0.4567425068621474,0.13745996,V
ckpt_clm_s42:14,1319,0.37184294526077677,0.45245012904814236,0.012666985,G
ckpt_clm_s42:14,1320,0.3074477836892964,0.3639300254350812,0.0964371,W
ckpt_clm_s42:14,1321,0.7118371905256311,0.8224732038529002,0.00883624,N
ckpt_clm_s42:14,1322,0.2816581067762556,0.2298017908167485,0.061129868,R
ckpt_clm_s42:14,1323,0.45235601654940194,0.4828279604367108,0.02017577,H
ckpt_clm_s42:14,1324,0.2595029825116544,0.3407049220829802,0.15163928,C
ckpt_clm_s42:14,1325,0.2757536712618446,0.19586515625772272,0.2604071,L
ckpt_clm_s42:14,1326,0.2105136807403334,0.226485352780892,0.03240356,W
ckpt_clm_s42:14,1327,0.16292910444271524,0.19156245242110354,0.10602939,C
ckpt_clm_s42:14,1328,0.46800556803064064,0.48120575203613675,0.091661096,H
ckpt_clm_s42:14,1329,0.216076226805748,0.2348944831280232,0.1483298,F
ckpt_clm_s42:14,1330,0.25766146251030997,0.30576602595815067,-0.0152620375,P
ckpt_clm_s42:14,1331,0.17652173288198192,0.2734889240489798,0.095475554,Y
ckpt_clm_s42:14,1332,0.3362677278613151,0.3720660718128838,-0.03312841,E
ckpt_clm_s42:14,1333,0.24359352289402636,0.3579832177901887,0.11241764,I
ckpt_clm_s42:14,1334,0.4926897750956901,0.6117915160411523,-0.042481065,R
ckpt_clm_s42:14,1335,0.22149368848588946,0.23373935810805258,0.0143662095,G
ckpt_clm_s42:14,1336,0.2031114957615251,0.21800291074245337,0.011435479,G
ckpt_clm_s42:14,1337,0.3138637244340805,0.3167844201946562,0.11842251,H
ckpt_clm_s42:14,1338,0.09252061055414362,0.19865160624355868,0.06274551,C
ckpt_clm_s42:14,1339,0.13607987637459185,0.21124103366933192,0.11421192,Y
ckpt_clm_s42:14,1340,0.1883598300759053,0.1886606204399355,-0.049586743,Q
ckpt_clm_s42:14,1341,0.18842141849543137,0.26834283081695437,0.049633324,C
ckpt_clm_s42:14,1342,0.23966768224971335,0.28215877889999946,0.03854525,G
ckpt_clm_s42:14,1343,0.3784451134518142,0.3409675766122248,0.08659464,Y
ckpt_clm_s42:14,1344,0.4379554729252819,0.4865558612488215,0.046176672,F
ckpt_clm_s42:14,1345,0.2881151888058865,0.2821314550305424,-0.0085995495,P
ckpt_clm_s42:14,1346,0.318490708000284,0.40267774294226855,-0.008538187,E
ckpt_clm_s42:14,1347,0.16087312884868965,0.13876630623788233,0.023368418,P
ckpt_clm_s42:14,1348,0.2760287407078854,0.25272647117698116,0.2756011,W
ckpt_clm_s42:14,1349,0.20043792456977316,0.2992775748500263,0.079788506,W
ckpt_clm_s42:14,1350,0.34971009351263493,0.4376110878717665,0.07755071,N
ckpt_clm_s42:14,1351,0.17413058535675485,0.23871510774028554,-0.03402102,D
ckpt_clm_s42:14,1352,0.17927679769477478,0.13300814633258298,0.0180341,D
ckpt_clm_s42:14,1353,0.3524712675628954,0.3871148244893386,0.00092333555,H
ckpt_clm_s42:14,1354,0.4476388573102339,0.4442281208889427,0.014062598,N
ckpt_clm_s42:14,1355,0.32523188767712674,0.31554731177249834,0.04628101,G
ckpt_clm_s42:14,1356,0.4546365859472542,0.37125929076594133,-0.054362576,K
ckpt_clm_s42:14,1357,0.46187019461136314,0.5483494233700981,0.024138153,H
ckpt_clm_s42:14,1358,0.27766885203934655,0.2292223584630538,0.0026361644,D
ckpt_clm_s42:14,1359,0.3650291483934148,0.21926460575425716,0.023547411,T
ckpt_clm_s42:14,1360,0.31101820293541993,0.44877972915881315,0.111855924,Y
ckpt_clm_s42:14,1361,0.3250401839569098,0.33085581457080854,-0.03803446,E
ckpt_clm_s42:14,1362,0.19382973363228473,0.19326091304952128,0.03933102,T
ckpt_clm_s42:14,1363,0.23835442282379282,0.32267470422165295,0.104840875,M
ckpt_clm_s42:14,1364,0.24684859272690973,0.23957674185399877,0.1338079,W
ckpt_clm_s42:14,1365,0.312020935234947,0.3553299880472809,0.008150488,W
ckpt_clm_s42:14,1366,0.16048350889300034,0.16213572415716565,0.122558475,R
ckpt_clm_s42:14,1367,0.2510651750213325,0.25050423457153137,0.075331435,M
ckpt_clm_s42:14,1368,0.3035598970692237,0.42131712502435104,0.24915224,H
ckpt_clm_s42:14,1369,0.10045167962655377,0.11330087832968701,0.06895387,I
ckpt_clm_s42:14,1370,0.5336105228818073,0.5181144651613798,0.0065786093,Y
ckpt_clm_s42:14,1371,0.24063496093546655,0.197623018580822,0.17324221,W
ckpt_clm_s42:14,1372,0.34065226180569685,0.350625946818381,0.09042701,V
ckpt_clm_s42:14,1373,0.4008226180762342,0.3290991391423321,-0.05181899,K
ckpt_clm_s42:14,1374,0.1955754809197735,0.16945483942151846,0.044229746,Q
ckpt_clm_s42:14,1375,0.37290564967825723,0.3230689221369333,0.053425252,Y
ckpt_clm_s42:14,1376,0.2361400901086106,0.20738891277817606,0.04716289,F
ckpt_clm_s42:14,1377,0.30692449599043503,0.3748743017340784,0.11041385,C
ckpt_clm_s42:14,1378,0.05172403119940261,0.09945415645792333,0.09399855,V
ckpt_clm_s42:14,1379,0.06951293938644898,0.12004027765455778,0.08392805,A
ckpt_clm_s42:14,1380,0.34989633599195613,0.2585883163694056,0.03882307,C
ckpt_clm_s42:14,1381,0.2473766038853723,0.23757567247530087,-0.0258106,Q
ckpt_clm_s42:14,1382,0.28641316470565237,0.3742453723850034,0.036670655,H
ckpt_clm_s42:14,1383,0.2186637739611521,0.18298988525301327,0.058875322,V
ckpt_clm_s42:14,1384,0.2601645271678523,0.3545149399688926,0.10076177,C
ckpt_clm_s42:14,1385,0.340816940141203,0.3377551578591574,0.044111818,V
ckpt_clm_s42:14,1386,0.1868078697855854,0.2557688566967884,0.061947465,T
ckpt_clm_s42:14,1387,0.1355256000759163,0.16803609448721168,0.03620088,G
ckpt_clm_s42:14,1388,0.43504859807665464,0.5497921737639836,0.038520053,I
ckpt_clm_s42:14,1389,0.19547173342358293,0.2033754689969767,0.07294899,S
ckpt_clm_s42:14,1390,0.30983760046868736,0.37161412043686737,0.04083112,W
ckpt_clm_s42:14,1391,0.214518964403137,0.2624189125115811,0.036106408,P
ckpt_clm_s42:14,1392,0.3810171921061739,0.32384437344011424,0.026348501,C
ckpt_clm_s42:14,1393,0.22093876990705585,0.2898161950780007,0.06729135,L
ckpt_clm_s42:14,1394,0.5912236306073015,0.6873387557218217,0.09288077,I
ckpt_clm_s42:14,1395,0.17030365983444307,0.15155901310941142,0.045960248,L
ckpt_clm_s42:14,1396,0.26947040637370023,0.25369652373424373,0.25235313,S
ckpt_clm_s42:14,1397,0.16230007944492975,0.1561158990968377,0.07971215,G
ckpt_clm_s42:14,1398,0.15015933112616353,0.17053674094373952,0.06150365,C
ckpt_clm_s42:14,1399,0.18567136042161037,0.19261326437870724,0.015879214,E
ckpt_clm_s42:14,1400,0.6976568863100681,0.8053630151081533,0.057179265,F
ckpt_clm_s42:14,1401,0.15232026645619134,0.14547698687664623,0.012743115,D
ckpt_clm_s42:14,1402,0.20357056889444058,0.19468136677120848,0.050222844,Y
ckpt_clm_s42:14,1403,0.23134508269100318,0.22519082772346402,0.0044609606,T
ckpt_clm_s42:14,1404,0.20626841353819025,0.24585366249993817,-0.008296311,N
ckpt_clm_s42:14,1405,0.30829555281836285,0.38698432433234375,-0.12085831,D
ckpt_clm_s42:14,1406,0.22866062772146578,0.28172308946381586,0.05511874,Y
ckpt_clm_s42:14,1407,0.27034353672800204,0.19666209631299394,0.024569273,D
ckpt_clm_s42:14,1408,0.27668189279606614,0.34521422181744654,0.065077335,W
ckpt_clm_s42:14,1409,0.09470678917092867,0.1370074764554162,0.011499763,P
ckpt_clm_s42:14,1410,0.33158890308052436,0.33335595097098664,0.02640748,N
ckpt_clm_s42:14,1411,0.11828899024753736,0.11541892157131865,0.036215067,D
ckpt_clm_s42:14,1412,0.20308838724689715,0.1971359486897198,0.08157903,R
ckpt_clm_s42:14,1413,0.29223309977801337,0.3461010227498997,0.027770162,M
ckpt_clm_s42:14,1414,0.26916171574610315,0.3257526710149472,0.006995976,E
ckpt_clm_s42:14,1415,0.302522410589502,0.2826702893422089,0.08898267,H
ckpt_clm_s42:14,1416,0.149923163324875,0.16516641363516527,-0.017611802,E
ckpt_clm_s42:14,1417,0.05992910515747851,0.11215310766486286,0.030437887,S
ckpt_clm_s42:14,1418,0.2608114571140264,0.3624565351243904,0.13387024,W
ckpt_clm_s42:14,1419,0.1030987142312787,0.1481834394849801,0.018302977,E
ckpt_clm_s42:14,1420,0.24317688327293974,0.41634439563967246,0.07836437,M
ckpt_clm_s42:14,1421,0.34422328699090987,0.45931354516027784,-0.040170014,D
ckpt_clm_s42:14,1422,0.11699038745682477,0.1548936395982803,0.07679433,T
ckpt_clm_s42:14,1423,0.4073770476551817,0.423391678380439,0.0062663853,N
ckpt_clm_s42:14,1424,0.3846562226770872,0.46761116543264825,0.038257115,G
ckpt_clm_s42:14,1425,0.20943857140847744,0.2889905622303599,-0.06162268,Q
ckpt_clm_s42:14,1426,0.41539033114975943,0.4435714960420465,0.03350605,P
ckpt_clm_s42:14,1427,0.1017623728817234,0.13938066132367555,0.030363917,T
ckpt_clm_s42:14,1428,0.42845975644393497,0.5077601114380776,0.110613674,G
ckpt_clm_s42:14,1429,0.1890513337907609,0.202830766249786,0.085789025,I
ckpt_clm_s42:14,1430,0.26549759067697176,0.22724671436494545,0.06622356,Y
ckpt_clm_s42:14,1431,0.19189918196569533,0.21644586309016747,0.10222322,C
ckpt_clm_s42:14,1432,0.3317174841228874,0.4141040904240988,0.02115208,A
ckpt_clm_s42:14,1433,0.19724887311029704,0.2316036399721737,0.047513455,M
ckpt_clm_s42:14,1434,0.1917213094708462,0.21794059878808744,0.083676994,T
ckpt_clm_s42:14,1435,0.3335736454067306,0.390395107368147,0.10192293,C
ckpt_clm_s42:14,1436,0.5461342181778461,0.6748061225394921,0.104314886,I
ckpt_clm_s42:14,1437,0.41185362313672436,0.5045138746736444,-0.07852119,E
ckpt_clm_s42:14,1438,0.3228151215134353,0.3659993240963903,-0.08334322,Q
ckpt_clm_s42:14,1439,0.4084164584091028,0.3427745703605981,0.0065096617,W
ckpt_clm_s42:14,1440,0.19881816859863466,0.18912794520129347,0.023667157,R
ckpt_clm_s42:14,1441,0.7721336909190796,0.8701552447270589,0.21110725,C
ckpt_clm_s42:14,1442,0.2274099614896813,0.20031329104588513,0.029891133,C
ckpt_clm_s42:14,1443,0.2822100847135578,0.22289808687869647,-0.10675728,G
ckpt_clm_s42:14,1444,0.19628898741695455,0.22170187238841263,-0.02676189,M
ckpt_clm_s42:14,1445,0.4184846307709338,0.47721970111543893,0.021878362,M
ckpt_clm_s42:14,1446,0.4862163693877517,0.4945450065963988,-0.045456856,D
ckpt_clm_s42:14,1447,0.5894774263162605,0.7101176945546254,-0.031142466,Q
ckpt_clm_s42:14,1448,0.33244004187649545,0.2556519744475559,0.31854588,L
ckpt_clm_s42:14,1449,0.28045903288475627,0.21653040274216995,0.013381839,R
ckpt_clm_s42:14,1450,0.246744256783056,0.31193957493921126,0.072999954,Q
ckpt_clm_s42:14,1451,0.23458514068786773,0.33460664456135747,0.15288049,W
ckpt_clm_s42:14,1452,0.5422271721855212,0.6320782592617517,0.0319793,A
ckpt_clm_s42:14,1453,0.3120852181684668,0.3571287202001188,0.09392989,N
ckpt_clm_s42:14,1454,0.1843163533347255,0.20627964121965156,-0.02781701,E
ckpt_clm_s42:14,1455,0.06741875123353025,0.10362841342412941,0.089324296,R
ckpt_clm_s42:14,1456,0.14742722425764176,0.22141692109480227,0.13508528,L
ckpt_clm_s42:14,1457,0.16798486158687587,0.16948951863181577,0.1352151,F
ckpt_clm_s42:14,1458,0.17249071450989517,0.17197810025953586,0.073853016,Y
ckpt_clm_s42:14,1459,0.3753242410553098,0.5118832804359585,0.08859193,C
ckpt_clm_s42:14,1460,0.3462830592287428,0.402332292089915,-0.00958088,S
ckpt_clm_s42:14,1461,0.535000653047903,0.6531354333547642,0.11643773,L
ckpt_clm_s42:14,1462,0.31193331570236615,0.33477247255577297,0.08762306,Y
ckpt_clm_s42:14,1463,0.32027657171176027,0.37920992230320416,0.18326002,H
ckpt_clm_s42:14,1464,0.1378385222177464,0.1721564475846525,0.023828268,H
ckpt_clm_s42:14,1465,0.7083192937599341,0.5336957060104391,0.075453416,V
ckpt_clm_s42:14,1466,0.2957989321617336,0.26069786752123064,-0.05409473,K
ckpt_clm_s42:14,1467,0.3401061867952272,0.48260939994704843,0.117688894,W
ckpt_clm_s42:14,1468,0.2885856594496029,0.3308861704394586,0.013350099,L
ckpt_clm_s42:14,1469,0.3395752306981161,0.39832072860328405,0.07927653,Q
ckpt_clm_s42:14,1470,0.24436042722517848,0.23038689316376249,0.15414011,C
ckpt_clm_s42:14,1471,0.27635771304545076,0.2783783605829278,-0.021308154,K
ckpt_clm_s42:14,1472,0.2777955803131106,0.2159021999491429,0.2214722,S
ckpt_clm_s42:14,1473,0.18432244199784342,0.2662139104968137,0.052312672,G
ckpt_clm_s42:14,1474,0.42729864061737466,0.44597805469481994,0.019922167,P
ckpt_clm_s42:14,1475,0.5000477252700803,0.5413174210750128,-0.0022532195,P
ckpt_clm_s42:14,1476,0.3523408970561339,0.46763638537773417,0.08919102,W
ckpt_clm_s42:14,1477,0.3516196910629512,0.4323062202984832,0.0921983,L
ckpt_clm_s42:14,1478,0.30173024846389007,0.2594881692790828,-0.048299372,E
ckpt_clm_s42:14,1479,0.2944359558134896,0.25407071470459647,0.022290409,P
ckpt_clm_s42:14,1480,0.266080440941349,0.279285885429713,0.047562122,N
ckpt_clm_s42:14,1481,0.13969796110436317,0.1880480318946735,0.1320427,D
ckpt_clm_s42:14,1482,0.128219838108391,0.20560896224943112,0.06473416,V
ckpt_clm_s42:14,1483,0.30627935900192726,0.35687622390403845,-0.0010957718,N
ckpt_clm_s42:14,1484,0.17465621653423846,0.1978730804717114,0.06115079,F
ckpt_clm_s42:14,1485,0.23869347694925325,0.29929017045131534,0.00681901,K
ckpt_clm_s42:14,1486,0.20013704631130458,0.2099084623178478,0.02098775,Q
ckpt_clm_s42:14,1487,0.06228751086450979,0.11525558346837884,0.04052478,Y
ckpt_clm_s42:14,1488,0.2762947890258176,0.2844342241398949,0.009431511,C
ckpt_clm_s42:14,1489,0.2615544936256332,0.2895507103519893,0.20641118,N
ckpt_clm_s42:14,1490,0.1590233426436778,0.22396803801734752,0.11245376,F
ckpt_clm_s42:14,1491,0.2311448944736949,0.2970889446694432,0.07577437,V
ckpt_clm_s42:14,1492,0.3691803516034676,0.5212130329619189,-0.005329579,W
ckpt_clm_s42:14,1493,0.5820788178425871,0.7202997394680876,0.019296095,T
ckpt_clm_s42:14,1494,0.1433824175781102,0.14775893438710777,0.09657496,F
ckpt_clm_s42:14,1495,0.34439434940789315,0.38798630732939854,-0.013735041,K
ckpt_clm_s42:14,1496,0.2457026955783307,0.20450101357396552,0.057059288,N
ckpt_clm_s42:14,1497,0.1645006882544564,0.16363155652539127,0.045309722,N
ckpt_clm_s42:14,1498,0.4991576279649982,0.5697400398562696,-0.023192883,K
ckpt_clm_s42:14,1499,0.1721276928507579,0.22773705341671774,0.14314616,Y
ckpt_clm_s42:14,1500,0.2788410755780274,0.3615895394494054,0.024220109,S
ckpt_clm_s42:14,1501,0.18998596676595225,0.20421254317503962,0.13608038,V
ckpt_clm_s42:14,1502,0.19766191832209234,0.2558535210762072,-0.08346236,K
ckpt_clm_s42:14,1503,0.4718693483879809,0.47214383243637137,0.0004748106,M
ckpt_clm_s42:14,1504,0.1677550248760319,0.2640937352018173,0.12210953,F
ckpt_clm_s42:14,1505,0.2932473751939556,0.339444438544254,0.023725092,Y
ckpt_clm_s42:14,1506,0.3630210354046298,0.41908452451551864,0.13624811,M
ckpt_clm_s42:14,1507,0.22799950136099267,0.1910384541260927,0.15043187,T
ckpt_clm_s42:14,1508,0.2557834734335884,0.2835070601165937,0.13186279,F
ckpt_clm_s42:14,1509,0.32374972835803617,0.4200921039058033,0.050826073,Y
ckpt_clm_s42:14,1510,0.2590481379364771,0.2626585647877394,-0.12508214,S
ckpt_clm_s42:14,1511,0.46983388661579484,0.6056140011087181,0.029467762,A
ckpt_clm_s42:14,1512,0.3451526282474704,0.44252477000417645,0.046009824,G
ckpt_clm_s42:14,1513,0.3561492111192369,0.4170681915798578,0.04865849,Q
ckpt_clm_s42:14,1514,0.31108327077739006,0.39663168305521224,0.08548874,W
ckpt_clm_s42:14,1515,0.2762549528203718,0.2321770570128381,0.07444,H
ckpt_clm_s42:14,1516,0.24280005737070076,0.302179553860102,0.15934789,A
ckpt_clm_s42:14,1517,0.3682041142229817,0.3791916539875797,0.14294279,M
ckpt_clm_s42:14,1518,0.32716085104929593,0.3121420664320377,-0.032669097,Y
ckpt_clm_s42:14,1519,0.21127689710606468,0.21032848183204636,0.12412685,M
ckpt_clm_s42:14,1520,0.3057020309413214,0.3260282597156118,-0.0056612343,Q
ckpt_clm_s42:14,1521,0.20568979291779754,0.2141814957347267,0.06579143,W
ckpt_clm_s42:14,1522,0.18728065020990403,0.15920307349878654,0.04136026,P
ckpt_clm_s42:14,1523,0.15045740841681488,0.1682157696977875,0.09188968,L
ckpt_clm_s42:14,1524,0.27273146451098873,0.23164856453933413,0.12675619,W
ckpt_clm_s42:14,1525,0.039134664738710634,0.10861598295075138,-0.02855026,W
ckpt_clm_s42:14,1526,0.26144264707771714,0.2226913561575273,0.0030511618,D
ckpt_clm_s42:14,1527,0.19284694997592633,0.22395343017512187,0.13312012,F
ckpt_clm_s42:14,1528,0.2537105091238875,0.30387780823732874,0.054310232,T
ckpt_clm_s42:14,1529,0.22882854042277756,0.21819244124880408,0.06731048,I
ckpt_clm_s42:14,1530,0.6469705936617622,0.7508176544221185,0.11076925,I
ckpt_clm_s42:14,1531,0.2030525556122319,0.18610602422430786,-0.041747093,C
ckpt_clm_s42:14,1532,0.3807119214918403,0.43989946036640715,0.10903415,H
ckpt_clm_s42:14,1533,0.06962244385251792,0.13747081446195147,0.0008506775,M
ckpt_clm_s42:14,1534,0.30574901689620204,0.3257575243612768,-0.03163886,D
ckpt_clm_s42:14,1535,0.1511087955105438,0.15757951394597292,0.10225499,V
ckpt_clm_s42:14,1536,0.1965434391712102,0.2813793120163009,-0.059667885,E
ckpt_clm_s42:14,1537,0.1216436500755701,0.1444950542183834,0.057710886,W
ckpt_clm_s42:14,1538,0.6432346211286941,0.7226702919234929,0.11195296,C
ckpt_clm_s42:14,1539,0.29999780059511805,0.2670491262579832,0.029980004,S
ckpt_clm_s42:14,1540,0.3961778484386831,0.3532840380094525,0.059366107,R
ckpt_clm_s42:14,1541,0.36617926808253287,0.48179895208352763,0.05512181,M
ckpt_clm_s42:14,1542,0.2028789863083561,0.17325687552536637,-0.033081293,P
ckpt_clm_s42:14,1543,0.31996927411676057,0.40190220927447395,0.0029302835,Q
ckpt_clm_s42:14,1544,0.33750521241487497,0.22656294350077535,0.16740853,T
ckpt_clm_s42:14,1545,0.21512317226795485,0.22668897159507106,0.11477721,C
ckpt_clm_s42:14,1546,0.24005508496756156,0.25188358444945474,-0.058181405,S
ckpt_clm_s42:14,1547,0.17758693427625472,0.2563581425941836,0.038190424,Q
ckpt_clm_s42:14,1548,0.18145354922103063,0.17241650110531473,-0.0157018,P
ckpt_clm_s42:14,1549,0.16200987322757776,0.2813543282918258,-0.008546531,H
ckpt_clm_s42:14,1550,0.1979475786734768,0.26278435456889543,0.032035917,Q
ckpt_clm_s42:14,1551,0.22949981108316486,0.3738680678998332,0.083792865,W
ckpt_clm_s42:14,1552,0.2379425301928817,0.23511920211915222,0.0053898096,K
ckpt_clm_s42:14,1553,0.2358968769310359,0.19642962444389953,-0.12829813,Y
ckpt_clm_s42:14,1554,0.18021520890592757,0.1527609721168076,-0.008330047,E
ckpt_clm_s42:14,1555,0.28444505504962614,0.3107311826990984,-0.039882183,T
ckpt_clm_s42:14,1556,0.4086322580461982,0.4021297226912555,-0.006327629,Q
ckpt_clm_s42:14,1557,0.4397446385849688,0.5180636205375667,0.09429577,C
ckpt_clm_s42:14,1558,0.32179627271389444,0.265034463406347,0.04105991,Q
ckpt_clm_s42:14,1559,0.061167689299558514,0.16708738530852568,0.10866517,C
ckpt_clm_s42:14,1560,0.21522431303806266,0.2605916913014071,0.009620905,F
ckpt_clm_s42:14,1561,0.18598569823548972,0.2405334794557866,0.08604777,A
ckpt_clm_s42:14,1562,0.5088659055499206,0.6227146636046804,0.024642088,A
ckpt_clm_s42:14,1563,0.4332808747600261,0.42697118596013445,-0.03726559,R
ckpt_clm_s42:14,1564,0.28544059884207773,0.3611836255521061,-0.036977917,E
ckpt_clm_s42:14,1565,0.23483552558487186,0.2164465000371787,0.04247105,W
ckpt_clm_s42:14,1566,0.37942630035482794,0.41987345846468976,-0.03532085,D
ckpt_clm_s42:14,1567,0.4377764424710686,0.4774986775543543,0.021908343,E
ckpt_clm_s42:14,1568,0.31392365542225054,0.41187045693447594,-0.058937937,K
ckpt_clm_s42:14,1569,0.24967186130570995,0.31754393195223724,0.06361249,T
ckpt_clm_s42:14,1570,0.3046016933528243,0.28179192165153655,0.12427652,L
ckpt_clm_s42:14,1571,0.44298589950564904,0.5509563391394668,0.017414719,Q
ckpt_clm_s42:14,1572,0.20599520721437237,0.24710178055079074,0.04825777,W
ckpt_clm_s42:14,1573,0.32413272378784874,0.402742250109982,-0.002495259,Q
ckpt_clm_s42:14,1574,0.24466628264913748,0.23195046755880205,0.063677326,M
ckpt_clm_s42:14,1575,0.22669321469907322,0.19936321733043358,0.02754289,T
ckpt_clm_s42:14,1576,0.27795962017781506,0.26263418133018973,0.18820632,V
ckpt_clm_s42:14,1577,0.565860229071202,0.6925912409510967,0.0016057789,Q
ckpt_clm_s42:14,1578,0.22448258709900293,0.17972712279235487,0.07630801,W
ckpt_clm_s42:14,1579,0.32420869242737205,0.40626400548661223,0.04995957,M
ckpt_clm_s42:14,1580,0.20387044398750187,0.1863938354777554,0.31208026,I
ckpt_clm_s42:14,1581,0.31375279988379445,0.3229441235117266,0.13282606,S
ckpt_clm_s42:14,1582,0.20292629759513148,0.18704202460952965,0.041077077,Q
ckpt_clm_s42:14,1583,0.3342108853578467,0.35320959110514255,0.08767718,T
ckpt_clm_s42:14,1584,0.29727382071790875,0.22696891059551458,-0.056554735,S
ckpt_clm_s42:14,1585,0.5740324595929017,0.6843333676134453,0.113798484,I
ckpt_clm_s42:14,1586,0.616060076856725,0.7096113483401385,-0.030571774,K
ckpt_clm_s42:14,1587,0.35311778496209467,0.3221505238886525,0.06498425,Q
ckpt_clm_s42:14,1588,0.2969165833990913,0.40682040678702064,0.009931803,H
ckpt_clm_s42:14,1589,0.2505568333133883,0.23971626970560522,0.10536164,L
ckpt_clm_s42:14,1590,0.14636458115327322,0.1435406543871923,0.029073417,S
ckpt_clm_s42:14,1591,0.16079812762629775,0.18822810520412656,0.09726882,C
ckpt_clm_s42:14,1592,0.2850470281288334,0.3113782436038276,-0.011768818,E
ckpt_clm_s42:14,1593,0.22497912569946954,0.2628294717125823,0.018097013,M
ckpt_clm_s42:14,1594,0.2741228001701186,0.25473182683656964,0.039812207,H
ckpt_clm_s42:14,1595,0.15546270625715752,0.16788993968508878,0.06274417,L
ckpt_clm_s42:14,1596,0.2553445856306039,0.2384238809290268,0.06661034,W
ckpt_clm_s42:14,1597,0.17689140507553502,0.2458658547286741,0.08638066,P
ckpt_clm_s42:14,1598,0.16251994229378386,0.16893508081630287,-0.02687496,C
ckpt_clm_s42:14,1599,0.45097294418748013,0.5712163781428948,0.0032699406,P
ckpt_clm_s42:14,1600,0.3960950508626403,0.3952555360495633,-0.034748465,K
ckpt_clm_s42:14,1601,0.29643822340297676,0.24769405353835972,-0.005236864,S
ckpt_clm_s42:14,1602,0.32269910201626384,0.3543233890647696,0.05166456,H
ckpt_clm_s42:14,1603,0.2145612972498222,0.21989229440875144,0.011272669,S
ckpt_clm_s42:14,1604,0.23012719180567065,0.15609672249304402,0.12696749,Q
ckpt_clm_s42:14,1605,0.2480111496005053,0.21578154830352916,0.12600964,W
ckpt_clm_s42:14,1606,0.23690225685187583,0.19369216713208273,-0.01647544,N
ckpt_clm_s42:14,1607,0.18025152580674764,0.20779287068770433,0.15333289,M
ckpt_clm_s42:14,1608,0.31044583908594137,0.24238379879836122,-0.048454493,N
ckpt_clm_s42:14,1609,0.3031745499321705,0.4196839462600942,0.14114767,C
ckpt_clm_s42:14,1610,0.35229352101109823,0.2925398997081543,0.056181997,F
ckpt_clm_s42:14,1611,0.4489185179643177,0.5585209918913476,0.049377054,G
ckpt_clm_s42:14,1612,0.2648327788273499,0.30274187886532195,0.06489101,Y
ckpt_clm_s42:14,1613,0.2306976670129035,0.1966626955394555,0.055505037,A
ckpt_clm_s42:14,1614,0.12413680279262729,0.14594323959091027,0.018783689,C
ckpt_clm_s42:14,1615,0.3435958929391416,0.2399037383562236,0.0785926,Y
ckpt_clm_s42:14,1616,0.27668468130235746,0.2416278531133161,0.08622688,I
ckpt_clm_s42:14,1617,0.27051137945657955,0.33355503818364435,0.014260113,A
ckpt_clm_s42:14,1618,0.3014124502430964,0.2801150217500653,0.05481881,H
ckpt_clm_s42:14,1619,0.23786868937855643,0.22072727251354593,0.14597464,C
ckpt_clm_s42:14,1620,0.2882004432786698,0.39641495774303487,0.002560109,Q
ckpt_clm_s42:14,1621,0.24121705716815,0.35485791609152184,0.12220782,H
ckpt_clm_s42:14,1622,0.2636857873422346,0.3355970583888297,-0.0035522282,A
ckpt_clm_s42:14,1623,0.13905208774987665,0.15080994574997972,0.054308295,N
ckpt_clm_s42:14,1624,0.19549655414010203,0.24649754549341485,0.10258496,Y
ckpt_clm_s42:14,1625,0.21840993394219976,0.3062642457788515,0.111950696,I
ckpt_clm_s42:14,1626,0.16253314181242096,0.16208045638776525,-0.026073396,P
ckpt_clm_s42:14,1627,0.30401513987111317,0.3011514065071809,0.17436358,M
ckpt_clm_s42:14,1628,0.5097074338883114,0.4911913395940892,-0.014355361,H
ckpt_clm_s42:14,1629,0.6022189882066779,0.7353705457425963,-0.04445908,E
ckpt_clm_s42:14,1630,0.2556163813353809,0.30443756285363754,0.07563722,V
ckpt_clm_s42:14,1631,0.1567952128732133,0.25257276508695425,0.11655632,I
ckpt_clm_s42:14,1632,0.2104787302323008,0.2523934885827557,0.019970357,A
ckpt_clm_s42:14,1633,0.4030947068746632,0.5116844192263033,-0.036946736,K
ckpt_clm_s42:14,1634,0.19423094568528498,0.24622211973680835,0.1207307,C
ckpt_clm_s42:14,1635,0.298974305983418,0.22272441743967966,-0.017285347,G
ckpt_clm_s42:14,1636,0.1341880232205328,0.12803732168368873,-0.04557264,E
ckpt_clm_s42:14,1637,0.2951179289604542,0.29559327457779716,0.1609571,H
ckpt_clm_s42:14,1638,0.2356057990051742,0.230103352649958,-0.008394122,D
ckpt_clm_s42:14,1639,0.3205286185947509,0.3322806512773029,-0.000428468,P
ckpt_clm_s42:14,1640,0.3788055483180801,0.3877851924660306,0.052857623,F
ckpt_clm_s42:14,1641,0.24631919452656215,0.22534602629227707,0.16904938,A
ckpt_clm_s42:14,1642,0.4893656730998519,0.6235005968253602,0.10453329,L
ckpt_clm_s42:14,1643,0.4144173051177318,0.5314515420155542,0.077755086,F
ckpt_clm_s42:14,1644,0.1812649754433222,0.22995775658182843,0.011199236,W
ckpt_clm_s42:14,1645,0.1783681779526396,0.2064563905219855,0.0905146,G
ckpt_clm_s42:14,1646,0.30170778377459906,0.376861938236298,-0.02152431,S
ckpt_clm_s42:14,1647,0.19959132921734868,0.20471588157662204,0.02834028,R
ckpt_clm_s42:14,1648,0.269430797526492,0.29904826006394636,0.10443807,I
ckpt_clm_s42:14,1649,0.3025163475918984,0.3911978389138821,-0.080259904,E
ckpt_clm_s42:14,1650,0.6509984408923976,0.7789346464014621,0.12725195,V
ckpt_clm_s42:14,1651,0.21371967629651534,0.2318428465325547,0.051187217,F
ckpt_clm_s42:14,1652,0.2859452950277954,0.2873236673678474,0.19799173,V
ckpt_clm_s42:14,1653,0.29697369204447543,0.2701341294703614,0.09149915,C
ckpt_clm_s42:14,1654,0.24180005125558057,0.2214447164192425,0.076119184,F
ckpt_clm_s42:14,1655,0.25002288947496076,0.25159426765370363,-0.021494687,V
ckpt_clm_s42:14,1656,0.155228427638197,0.16931702847031777,0.108848155,R
ckpt_clm_s42:14,1657,0.39744633815478914,0.4946519152867421,0.044493973,C
ckpt_clm_s42:14,1658,0.19168065711383042,0.17541374713498006,0.036595225,P
ckpt_clm_s42:14,1659,0.15510450888660876,0.1780948163384457,0.09240025,W
ckpt_clm_s42:14,1660,0.6063276984849775,0.7253351335418504,0.12787902,C
ckpt_clm_s42:14,1661,0.15612141989950157,0.13047473830935277,0.15837353,H
ckpt_clm_s42:14,1662,0.32169773458582596,0.2922402945945863,-0.20825028,N
ckpt_clm_s42:14,1663,0.32133766282235,0.42936369432698546,-0.04478872,P
ckpt_clm_s42:14,1664,0.34308247794484925,0.4106152247577844,0.020823628,W
ckpt_clm_s42:14,1665,0.3867706454962647,0.3859046245000146,0.05615136,Y
ckpt_clm_s42:14,1666,0.0853207321964643,0.1664846995603881,0.03233707,E
ckpt_clm_s42:14,1667,0.14070577347392887,0.22051638313772706,0.027655065,A
ckpt_clm_s42:14,1668,0.22663597396378,0.19389346691443385,0.10128832,C
ckpt_clm_s42:14,1669,0.16326592880191093,0.22144134277772798,0.010394394,W
ckpt_clm_s42:14,1670,0.2449745957828099,0.2790976281883087,0.02737528,Q
ckpt_clm_s42:14,1671,0.08701892053748339,0.11580326920999029,-0.01975143,C
ckpt_clm_s42:14,1672,0.2791912187834653,0.3309624205906457,0.12451768,C
ckpt_clm_s42:14,1673,0.21906293703807578,0.2946210229576141,0.18045253,H
ckpt_clm_s42:14,1674,0.2124182102400305,0.19812834087016995,-0.004977584,M
ckpt_clm_s42:14,1675,0.17704889567167903,0.2042755644236127,0.16568232,L
ckpt_clm_s42:14,1676,0.278864574739909,0.21334028817694073,0.0018465519,E
ckpt_clm_s42:14,1677,0.289826918084918,0.28847606124743363,0.054376364,P
ckpt_clm_s42:14,1678,0.39096143149379525,0.4451209136409605,0.046044677,W
ckpt_clm_s42:14,1679,0.25713385511799847,0.27738477996096467,0.024405062,D
ckpt_clm_s42:14,1680,0.2520357004444447,0.24121370794860356,0.06436455,H
ckpt_clm_s42:14,1681,0.5011479041926424,0.609486403923414,-0.012265205,R
ckpt_clm_s42:14,1682,0.486782704090276,0.4865884212717967,0.12446652,F
ckpt_clm_s42:14,1683,0.19757234090887132,0.1856506634554348,-0.0041131377,R
ckpt_clm_s42:14,1684,0.17979839070630255,0.22609610790822687,0.066806555,Y
ckpt_clm_s42:14,1685,0.23644249535655326,0.21744013365245826,0.019557744,N
ckpt_clm_s42:14,1686,0.0459755979886064,0.09933869755630495,0.07939029,C
ckpt_clm_s42:14,1687,0.2910606587987117,0.4064929572765247,0.07378489,A
ckpt_clm_s42:14,1688,0.2274156689478639,0.23555270810127843,0.026865423,R
ckpt_clm_s42:14,1689,0.18106674970386027,0.16010863854172375,-0.0021455884,C
ckpt_clm_s42:14,1690,0.34179374277350616,0.42483499987757334,0.092883155,V
ckpt_clm_s42:14,1691,0.5452291133068441,0.6196759502250644,0.11350809,M
ckpt_clm_s42:14,1692,0.3434514590565748,0.3320725964468523,0.023934245,P
ckpt_clm_s42:14,1693,0.2225735812324935,0.267705541885176,0.03325066,Q
ckpt_clm_s42:14,1694,0.15540736776155273,0.26375957429677577,0.05113876,D
ckpt_clm_s42:14,1695,0.11866894939531003,0.15642012594275212,0.07626167,F
ckpt_clm_s42:14,1696,0.2826740246510795,0.2585843295922654,0.08915722,Y
ckpt_clm_s42:14,1697,0.16920106494968867,0.16053269014905416,0.1377219,C
ckpt_clm_s42:14,1698,0.6440475693095452,0.7355602005133505,0.03458433,M
ckpt_clm_s42:14,1699,0.22432240918083446,0.1982237933913204,0.011120915,Y
ckpt_clm_s42:14,1700,0.28183909983612676,0.2820961204770565,0.06296693,Y
ckpt_clm_s42:14,1701,0.2989048748371129,0.2942622632053975,0.060364515,R
ckpt_clm_s42:14,1702,0.1769873161633061,0.18943051992400942,-0.002752006,N
ckpt_clm_s42:14,1703,0.30904253004196447,0.267575390945992,0.086170614,G
ckpt_clm_s42:14,1704,0.2164363211225082,0.16088269301662947,0.07961404,T
ckpt_clm_s42:14,1705,0.3034208431469738,0.31520632739042176,0.025722742,R
ckpt_clm_s42:14,1706,0.18188418712096865,0.15738325364054098,0.081450164,Q
ckpt_clm_s42:14,1707,0.2624028894099122,0.19808438054307417,0.013707042,H
ckpt_clm_s42:14,1708,0.40153700190978525,0.5648379287668315,0.028934032,A
ckpt_clm_s42:14,1709,0.08158665160088807,0.13343269135859412,0.22582418,M
ckpt_clm_s42:14,1710,0.2164718879679577,0.20842392822578917,0.038696826,V
ckpt_clm_s42:14,1711,0.3242634572797215,0.3623681789337811,-0.009745836,M
ckpt_clm_s42:14,1712,0.23254838962496693,0.2237636127600676,0.14741421,V
ckpt_clm_s42:14,1713,0.1998155943201242,0.20156236310297584,0.11292797,A
ckpt_clm_s42:14,1714,0.15732253134314567,0.156782004246909,0.09289801,P
ckpt_clm_s42:14,1715,0.7161807606929759,0.803804816301606,0.03667456,Y
ckpt_clm_s42:14,1716,0.23635300840921258,0.2495074607482901,0.21653557,I
ckpt_clm_s42:14,1717,0.3987420235798601,0.4724993090291572,-0.037941992,H
ckpt_clm_s42:14,1718,0.34401713935759126,0.37584660920892854,-0.013317436,S
ckpt_clm_s42:14,1719,0.25347426610764223,0.2222497148349469,-0.12919039,R
ckpt_clm_s42:14,1720,0.3869573904497968,0.33876903697564886,-0.04074785,M
ckpt_clm_s42:14,1721,0.24760121873154284,0.2841543468931414,0.12700915,V
ckpt_clm_s42:14,1722,0.22054781387253863,0.18642329441377725,0.04270506,Y
ckpt_clm_s42:14,1723,0.2818034071277594,0.3487175583773277,0.09280431,M
ckpt_clm_s42:14,1724,0.20823987787836873,0.17065735479895544,0.070649326,C
ckpt_clm_s42:14,1725,0.41274861319535305,0.5356519141005912,0.013420105,R
ckpt_clm_s42:14,1726,0.17189397180976895,0.20635080467904615,0.043976963,P
ckpt_clm_s42:14,1727,0.2723650680682117,0.255715313860578,-0.0034773275,R
ckpt_clm_s42:14,1728,0.2689360429467298,0.3471087225117374,-0.016776621,D
ckpt_clm_s42:14,1729,0.21628517895708554,0.1754547802767538,0.074453056,H
ckpt_clm_s42:14,1730,0.14616218096177636,0.2249215341216585,0.019136548,D
ckpt_clm_s42:14,1731,0.27163687962468985,0.34487800064741386,0.024964094,S
ckpt_clm_s42:14,1732,0.4465452123510214,0.4217538177296782,0.042086095,M
ckpt_clm_s42:14,1733,0.4935480214140068,0.5676855916543161,0.038965106,H
ckpt_clm_s42:14,1734,0.229218218661148,0.25847788982759407,0.07186586,M
ckpt_clm_s42:14,1735,0.20690280767992997,0.1838079330952389,0.038068414,H
ckpt_clm_s42:14,1736,0.23880191193261668,0.3801363877641258,-0.05764068,K
ckpt_clm_s42:14,1737,0.18960283172624293,0.23878034385731206,0.04233867,Y
ckpt_clm_s42:14,1738,0.3119757241271979,0.3352027197940669,0.033421993,M
ckpt_clm_s42:14,1739,0.2864111256784053,0.4178835743649845,0.12091008,F
ckpt_clm_s42:14,1740,0.23686588507667072,0.21616484508503392,-0.05836761,W
ckpt_clm_s42:14,1741,0.05491793687688595,0.1056340740048302,0.013559669,A
ckpt_clm_s42:14,1742,0.2698493339679725,0.2044547541071124,0.037631348,G
ckpt_clm_s42:14,1743,0.22480823250446702,0.17832781557804064,0.007616043,F
ckpt_clm_s42:14,1744,0.4197657108618378,0.48110637427041164,-0.004347563,Q
ckpt_clm_s42:14,1745,0.33360787750023724,0.4291089969350516,-0.04702992,K
ckpt_clm_s42:14,1746,0.10995218223316872,0.13812391111084998,0.043153524,S
ckpt_clm_s42:14,1747,0.5293719602728291,0.4934710982511602,0.018817201,N
ckpt_clm_s42:14,1748,0.714259034059024,0.8151162623284479,0.0044739023,S
ckpt_clm_s42:14,1749,0.2665236600424742,0.18741718733403373,0.11442882,N
ckpt_clm_s42:14,1750,0.22233670236000613,0.15617978448380776,0.17399567,M
ckpt_clm_s42:14,1751,0.16782252108657292,0.2532645889380315,0.005880296,D
ckpt_clm_s42:14,1752,0.1604897831748343,0.24824599944062764,0.032270193,W
ckpt_clm_s42:14,1753,0.46157591575281687,0.5303416097004349,-0.016818523,M
ckpt_clm_s42:14,1754,0.31128476645842085,0.256629644215109,0.071977675,T
ckpt_clm_s42:14,1755,0.17653598741205623,0.2425364659591471,0.05267079,C
ckpt_clm_s42:14,1756,0.49644669014850296,0.5535965480154744,0.08436802,F
ckpt_clm_s42:14,1757,0.20710888900315516,0.21771100601052762,0.14598572,A
ckpt_clm_s42:14,1758,0.3068093425055236,0.3769965218229169,0.1109432,P
ckpt_clm_s42:14,1759,0.19575403427736238,0.1786137896405684,-0.048012972,D
ckpt_clm_s42:14,1760,0.45792570137334054,0.5693557907329271,-0.035157457,R
ckpt_clm_s42:14,1761,0.1676544348008857,0.17358633501178874,0.020849228,K
ckpt_clm_s42:14,1762,0.18515458750276936,0.17191431975780766,0.014696181,G
ckpt_clm_s42:14,1763,0.22475751163532587,0.25264715020705913,0.103197575,L
ckpt_clm_s42:14,1764,0.18426208529073063,0.2615342972182646,0.044189334,P
ckpt_clm_s42:14,1765,0.2172099876365905,0.14587384354154462,0.10098523,I
ckpt_clm_s42:14,1766,0.5243203667630751,0.5334688655902593,0.026172712,N
ckpt_clm_s42:14,1767,0.30726293124937887,0.40048282058729373,0.04683593,A
ckpt_clm_s42:14,1768,0.22214473971124238,0.19503435641623687,0.06198305,Y
ckpt_clm_s42:14,1769,0.1372948307335613,0.16212284115250694,0.1295296,R
ckpt_clm_s42:14,1770,0.3813869480476837,0.5180752562077848,0.064787656,I
ckpt_clm_s42:14,1771,0.42848955901924424,0.3954879853848803,-0.009485416,D
ckpt_clm_s42:14,1772,0.22132146637435868,0.17520501866411006,0.16662198,K
ckpt_clm_s42:14,1773,0.5933961817337847,0.6931921670856995,0.08819711,C
ckpt_clm_s42:14,1774,0.1358270298931631,0.19515183098594602,0.017185986,Y
ckpt_clm_s42:14,1775,0.2879441665001722,0.41097499265407644,-0.042242676,Q
ckpt_clm_s42:14,1776,0.3076197934200836,0.3487961810596285,-0.014833868,Y
ckpt_clm_s42:14,1777,0.27733741468052997,0.2513154457444233,0.003149122,D
ckpt_clm_s42:14,1778,0.2907971852603336,0.3239075722567954,0.25753886,C
ckpt_clm_s42:14,1779,0.25334326781469607,0.3339053653869913,0.07443422,F
ckpt_clm_s42:14,1780,0.3775053649287239,0.3602906384780688,0.07694322,V
ckpt_clm_s42:14,1781,0.39363796907843385,0.44932093930302786,-0.050034583,P
ckpt_clm_s42:14,1782,0.2579038383527449,0.30305018113862253,0.14402854,F
ckpt_clm_s42:14,1783,0.10223292563736275,0.1786738011974601,0.068719745,M
ckpt_clm_s42:14,1784,0.29335078377615975,0.2606290060942282,0.11079386,M
ckpt_clm_s42:14,1785,0.26648877702699425,0.2041086436159703,0.050337344,T
ckpt_clm_s42:14,1786,0.24264639563236812,0.19228252433243473,0.017326772,F
ckpt_clm_s42:14,1787,0.1910127099382074,0.20065638643863237,-0.028296858,E
ckpt_clm_s42:14,1788,0.21273086136967545,0.2150965058865803,0.15919596,V
ckpt_clm_s42:14,1789,0.21254233632209119,0.22276360786795776,0.1179471,Y
ckpt_clm_s42:14,1790,0.27617871575225206,0.2704472433373158,0.0020605326,F
ckpt_clm_s42:14,1791,0.23320745782598484,0.24980856274707927,-0.0044131875,K
ckpt_clm_s42:14,1792,0.25573040312886386,0.2721313367534096,-0.045906007,P
ckpt_clm_s42:14,1793,0.17770387202007298,0.1679040601045035,0.09256208,I
ckpt_clm_s42:14,1794,0.607060564427961,0.7400661752288159,0.11794266,H
ckpt_clm_s42:14,1795,0.19731474235722823,0.1889995045816994,0.0118614435,T
ckpt_clm_s42:14,1796,0.18259298811427704,0.1740172785657621,-0.0147613585,P
ckpt_clm_s42:14,1797,0.21795173282617297,0.16556308177755863,0.060581744,R
ckpt_clm_s42:14,1798,0.380916262124134,0.4906625071606364,0.10727742,I
ckpt_clm_s42:14,1799,0.16870471007005305,0.1804867905114654,0.0794909,R
ckpt_clm_s42:14,1800,0.2934460659074698,0.26302679085259206,0.061579853,M
ckpt_clm_s42:14,1801,0.4723686272166754,0.6205054116363473,0.077072084,H
ckpt_clm_s42:14,1802,0.6156010056276028,0.7389403589218022,0.028956994,G
ckpt_clm_s42:14,1803,0.3238628427645014,0.30136223726962647,0.04262051,T
ckpt_clm_s42:14,1804,0.684185560333506,0.8044324032938515,0.013100304,P
ckpt_clm_s42:14,1805,0.23098718973920063,0.16398648279860062,0.05280006,I
ckpt_clm_s42:14,1806,0.29487541291708097,0.27535782435289097,0.2817003,F
ckpt_clm_s42:14,1807,0.3504792137942575,0.39673225012216334,0.17294422,W
ckpt_clm_s42:14,1808,0.09612445692272631,0.16734644919608646,0.05974734,I
ckpt_clm_s42:14,1809,0.31491067798458316,0.24291892865487677,0.15792787,M
ckpt_clm_s42:14,1810,0.41196540119236913,0.30012409829464237,-0.021691471,E
ckpt_clm_s42:14,1811,0.1627245058995641,0.2092154944029968,0.07276052,I
ckpt_clm_s42:14,1812,0.25385942194273114,0.4055929074575135,0.06478518,N
ckpt_clm_s42:14,1813,0.22544343560437485,0.1970160211689865,0.17071897,C
ckpt_clm_s42:14,1814,0.31085235352212015,0.35422325375285724,0.092813134,I
ckpt_clm_s42:14,1815,0.36522341208885056,0.32265390135863165,0.000731498,S
ckpt_clm_s42:14,1816,0.5165068308875916,0.628670900661728,-0.012228459,S
ckpt_clm_s42:14,1817,0.16584804737050174,0.19808728360758818,0.122253835,V
ckpt_clm_s42:14,1818,0.123890418423933,0.13645497112925498,0.069339514,W
ckpt_clm_s42:14,1819,0.2227222304670059,0.3239897239076011,-0.07187864,E
ckpt_clm_s42:14,1820,0.6110348471012447,0.6479709988005067,-0.023793332,R
ckpt_clm_s42:14,1821,0.3079866037488216,0.28207573658144514,0.07322389,H
ckpt_clm_s42:14,1822,0.2119200543172609,0.1761562764945539,0.032793164,S
ckpt_clm_s42:14,1823,0.3942095050428699,0.46577846495420044,0.012729496,A
ckpt_clm_s42:14,1824,0.49779789980867795,0.6054613241500818,0.008880407,S
ckpt_clm_s42:14,1825,0.2620219388864843,0.2640540184299902,0.021810293,F
ckpt_clm_s42:14,1826,0.5448707888937994,0.6071171152670022,0.14850633,C
ckpt_clm_s42:14,1827,0.3143299172481041,0.24273324847807243,0.039820552,F
ckpt_clm_s42:14,1828,0.17317949481694417,0.21558771281720937,0.08800322,P
ckpt_clm_s42:14,1829,0.6591149596282945,0.7650668123704794,0.014124244,A
ckpt_clm_s42:14,1830,0.3094014065902113,0.4014645624617661,0.015614748,R
ckpt_clm_s42:14,1831,0.3205129167221564,0.36765582364333277,0.09951162,C
ckpt_clm_s42:14,1832,0.26083717106593973,0.3767689586547004,-0.06143105,D
ckpt_clm_s42:14,1833,0.14977459447324848,0.1684934769177799,0.004767835,M
ckpt_clm_s42:14,1834,0.29591062782908417,0.40070171162736384,0.04673952,W
ckpt_clm_s42:14,1835,0.2450993754814702,0.2585214154850081,0.024619147,N
ckpt_clm_s42:14,1836,0.24923513551486232,0.31335298242904813,-0.030597985,M
ckpt_clm_s42:14,1837,0.4100205196872123,0.2873050602736386,0.03808824,N
ckpt_clm_s42:14,1838,0.1356090166740359,0.1714868786717468,0.018199831,R
ckpt_clm_s42:14,1839,0.4642271580505333,0.4117968421587027,0.04702817,P
ckpt_clm_s42:14,1840,0.5531687340463673,0.6485767584973469,0.060062908,I
ckpt_clm_s42:14,1841,0.34017735537971017,0.3499052218322657,0.16068995,V
ckpt_clm_s42:14,1842,0.3302539203240188,0.3644404902666431,0.10120815,C
ckpt_clm_s42:14,1843,0.28107835622233945,0.3180254751399376,0.05341044,A
ckpt_clm_s42:14,1844,0.17900096341197713,0.15792681187876556,-0.017588258,F
ckpt_clm_s42:14,1845,0.18832526290763962,0.3001221899243051,0.15779501,F
ckpt_clm_s42:14,1846,0.31760873449945004,0.2397552250260405,-0.0971815,H
ckpt_clm_s42:14,1847,0.32328825742290024,0.2700721876188668,0.07341352,K
ckpt_clm_s42:14,1848,0.5955316756208215,0.4810591210541395,0.050061926,M
ckpt_clm_s42:14,1849,0.25008177057116776,0.1916525097297328,0.0028060973,S
ckpt_clm_s42:14,1850,0.13622149102075876,0.14204461978416075,0.05064118,Y
ckpt_clm_s42:14,1851,0.2718958568198864,0.23107022750283476,0.02668801,Q
ckpt_clm_s42:14,1852,0.6023820831389426,0.7018825050855475,0.0989705,L
ckpt_clm_s42:14,1853,0.43699662719370214,0.43265395164018233,0.014783114,A
ckpt_clm_s42:14,1854,0.41747158138146756,0.4933806839193559,0.007775113,P
ckpt_clm_s42:14,1855,0.14637888923911235,0.1986439247461848,0.06726885,N
ckpt_clm_s42:14,1856,0.27630754374673694,0.24755243765556612,0.078575104,Y
ckpt_clm_s42:14,1857,0.3364057863533342,0.35933928673147947,0.12723896,A
ckpt_clm_s42:14,1858,0.33650507532884766,0.3498650336218938,-0.07427633,Y
ckpt_clm_s42:14,1859,0.32462297597517975,0.31015142206199875,0.27091742,F
ckpt_clm_s42:14,1860,0.3184243618384913,0.4102537058083593,0.036502987,M
ckpt_clm_s42:14,1861,0.40922582784090644,0.46107337384342295,-0.036063746,K
ckpt_clm_s42:14,1862,0.05521024465751978,0.09149420265736646,-0.020616293,F
ckpt_clm_s42:14,1863,0.1449261298023774,0.15902383788528163,0.031004846,Y
ckpt_clm_s42:14,1864,0.1917265734950807,0.19345051471712016,0.0067983866,C
ckpt_clm_s42:14,1865,0.22023245456407292,0.3085697707294126,0.08749217,Y
ckpt_clm_s42:14,1866,0.26976708861668586,0.21856879332348225,0.0735389,A
ckpt_clm_s42:14,1867,0.38501810692179783,0.49334370420960516,0.008802682,Q
ckpt_clm_s42:14,1868,0.35095742612137937,0.4019732793933255,0.19200665,C
ckpt_clm_s42:14,1869,0.28086123280963926,0.38868899746607427,-0.0024082065,S
ckpt_clm_s42:14,1870,0.42117617035813937,0.4704161485060437,-0.013285458,P
ckpt_clm_s42:14,1871,0.19806410490081972,0.2911299000130584,0.085134506,T
ckpt_clm_s42:14,1872,0.3079760154067067,0.3447422365493294,0.03595017,A
ckpt_clm_s42:14,1873,0.1810523346875338,0.14166705590279174,0.05261898,R
ckpt_clm_s42:14,1874,0.21314426120388208,0.2775818254447294,0.02710998,P
ckpt_clm_s42:14,1875,0.6406246439284031,0.758973101123269,-0.043619227,E
ckpt_clm_s42:14,1876,0.18808048213175266,0.19777194976131746,-0.025322646,D
ckpt_clm_s42:14,1877,0.08160751208027128,0.12965516061109755,0.07071012,G
ckpt_clm_s42:14,1878,0.32400265582291643,0.28716377529724013,-0.055013284,E
ckpt_clm_s42:14,1879,0.2040943749204085,0.2070649767492947,0.070180416,D
ckpt_clm_s42:14,1880,0.21451226521309363,0.1969209069252947,0.06441134,P
ckpt_clm_s42:14,1881,0.4558516554902804,0.4697764675007819,0.056197077,C
ckpt_clm_s42:14,1882,0.30570532070126255,0.41821774563075365,-0.04629703,E
ckpt_clm_s42:14,1883,0.10691038106483575,0.14309628708696417,0.027800381,W
ckpt_clm_s42:14,1884,0.16069424764596862,0.16866721664853787,0.084543824,C
ckpt_clm_s42:14,1885,0.170947483288438,0.164873022245851,0.10619241,L
ckpt_clm_s42:14,1886,0.49053072687371513,0.5622997987023447,0.037850946,C
ckpt_clm_s42:14,1887,0.12882049167045828,0.16931300914093927,0.074273825,T
ckpt_clm_s42:14,1888,0.6293349611390344,0.7408808137630342,0.029874988,A
ckpt_clm_s42:14,1889,0.4579922634863218,0.5534267629110757,0.0067302585,H
ckpt_clm_s42:14,1890,0.22398081371075618,0.27305222668365803,-0.013633072,K
ckpt_clm_s42:14,1891,0.4345655379598081,0.4360751697966688,0.14457886,V
ckpt_clm_s42:14,1892,0.22502021475191358,0.245530812946403,0.111524254,T
ckpt_clm_s42:14,1893,0.20044263865776157,0.25714221772907037,0.1172716,G
ckpt_clm_s42:14,1894,0.2713466216648487,0.31713084757550997,0.04934603,M
ckpt_clm_s42:14,1895,0.34055652896691224,0.3982149669616496,0.06936589,W
ckpt_clm_s42:14,1896,0.22934177095510977,0.1515313484994124,0.06839222,T
ckpt_clm_s42:14,1897,0.1617473754887101,0.17000685599095255,0.095439434,Y
ckpt_clm_s42:14,1898,0.15462990503153629,0.15923094337906338,0.13584095,C
ckpt_clm_s42:14,1899,0.23377177304039698,0.1818016048730794,0.061656475,G
ckpt_clm_s42:14,1900,0.14831207439226812,0.2470590674003472,0.04400298,G
ckpt_clm_s42:14,1901,0.4635628998986264,0.5861105786247822,0.08453226,F
ckpt_clm_s42:14,1902,0.3782418890634206,0.37360541664411934,0.039054155,R
ckpt_clm_s42:14,1903,0.14971864352608277,0.17509760768533533,0.059955478,R
ckpt_clm_s42:14,1904,0.3123390194945399,0.32084890456016735,0.031443924,A
ckpt_clm_s42:14,1905,0.18451791586480426,0.16283561870144977,0.1143707,V
ckpt_clm_s42:14,1906,0.24291902851531555,0.24013193717395226,-0.06625545,K
ckpt_clm_s42:14,1907,0.17003416450539055,0.1578461588173216,0.001922071,M
ckpt_clm_s42:14,1908,0.2195920451606833,0.2527133025810126,0.122636944,I
ckpt_clm_s42:14,1909,0.24885683375535828,0.19503281016660165,0.10634565,F
ckpt_clm_s42:14,1910,0.41764591320938527,0.4932864777755814,-0.026789054,D
ckpt_clm_s42:14,1911,0.32804174186085544,0.4211624990256044,0.0881353,Y
ckpt_clm_s42:14,1912,0.2042903400254128,0.1785680854477712,0.0917716,D
ckpt_clm_s42:14,1913,0.39684036903967135,0.513980838217478,0.01871723,Y
ckpt_clm_s42:14,1914,0.18401166901707222,0.1916295048879567,0.066139996,T
ckpt_clm_s42:14,1915,0.3058910289526927,0.4107781323823825,0.0488005,P
ckpt_clm_s42:14,1916,0.6011415880833396,0.7219716442147612,0.026937962,Y
ckpt_clm_s42:14,1917,0.17982569332676335,0.24268149126759223,-0.0014933646,K
ckpt_clm_s42:14,1918,0.6192073498568709,0.7504213043003987,-0.01082781,S
ckpt_clm_s42:14,1919,0.10411961434841122,0.14603043503277255,0.13235933,W
ckpt_clm_s42:14,1920,0.39544757847291345,0.4601056394169526,0.02352047,D
ckpt_clm_s42:14,1921,0.35633765012410945,0.3044231788014593,0.019040108,M
ckpt_clm_s42:14,1922,0.1693671572613341,0.20952989420977716,-0.016775131,S
ckpt_clm_s42:14,1923,0.26944301617399635,0.27174213166722044,0.21565276,Q
ckpt_clm_s42:14,1924,0.19684104300496397,0.16822712545776813,0.06781465,W
ckpt_clm_s42:14,1925,0.18997575338085704,0.21995977884111537,0.0010427833,N
ckpt_clm_s42:14,1926,0.4415544459592846,0.5714961366710442,-0.020326301,Q
ckpt_clm_s42:14,1927,0.20920577417776332,0.24909215716964309,0.022744715,R
ckpt_clm_s42:14,1928,0.29365893921348396,0.23915205319311506,0.08767223,Q
ckpt_clm_s42:14,1929,0.31300136483757224,0.28420810689316556,0.013632029,W
ckpt_clm_s42:14,1930,0.2813836764659561,0.43312726397849977,-0.0005045235,D
ckpt_clm_s42:14,1931,0.2335373070306086,0.2509494308327355,0.005321324,W
ckpt_clm_s42:14,1932,0.13544020478579832,0.18236743610615894,0.074949026,L
ckpt_clm_s42:14,1933,0.5358267057312327,0.6065308785980421,0.032586783,M
ckpt_clm_s42:14,1934,0.2975090629792414,0.3257451062797778,0.0033310652,G
ckpt_clm_s42:14,1935,0.42134155193073297,0.4752927272424788,-0.028156683,E
ckpt_clm_s42:14,1936,0.16456571313510737,0.25765550351422806,0.039017737,M
ckpt_clm_s42:14,1937,0.2835074861225405,0.21988343328590776,0.06668842,F
ckpt_clm_s42:14,1938,0.3127743874891574,0.3517670439934068,0.01658228,Q
ckpt_clm_s42:14,1939,0.34846892185569567,0.3725779724368979,0.02394642,Q
ckpt_clm_s42:14,1940,0.21872608932127635,0.20316030266482263,0.041519284,T
ckpt_clm_s42:14,1941,0.13305392085494905,0.23047344613260376,0.09121573,M
ckpt_clm_s42:14,1942,0.11382385953017382,0.17149315588295538,0.14913714,M
ckpt_clm_s42:14,1943,0.35001349373410884,0.471446158667766,0.025034875,P
ckpt_clm_s42:14,1944,0.21802848072893022,0.19150582217295756,0.07252467,C
ckpt_clm_s42:14,1945,0.2882066325248335,0.3931771241612305,0.12422156,V
ckpt_clm_s42:14,1946,0.29125487300916086,0.3610699695374256,-0.007580787,P
ckpt_clm_s42:14,1947,0.31923091552094873,0.2794577218134137,0.23579037,C
ckpt_clm_s42:14,1948,0.21237115008190477,0.1675687799761598,-0.0027264953,Q
ckpt_clm_s42:14,1949,0.26808718871536563,0.25505169735039496,0.18993294,V
ckpt_clm_s42:14,1950,0.4553127384174098,0.4069065116173371,-0.061405126,K
ckpt_clm_s42:14,1951,0.2662886771004017,0.25703820207848965,5.173683e-05,Q
ckpt_clm_s42:14,1952,0.16153300452393005,0.13008428958629675,0.32430947,F
ckpt_clm_s42:14,1953,0.26714184593400125,0.33285080445949566,-0.08026412,E
ckpt_clm_s42:14,1954,0.2641869106480528,0.27313726197101584,0.10378823,V
ckpt_clm_s42:14,1955,0.49666472630955505,0.43607704772960737,-0.042046912,K
ckpt_clm_s42:14,1956,0.2750188172071131,0.3729931527906034,0.03779599,T
ckpt_clm_s42:14,1957,0.36214542041977804,0.36202264756331337,0.02296406,C
ckpt_clm_s42:14,1958,0.249868578643346,0.25549815468336035,0.23302513,C
ckpt_clm_s42:14,1959,0.16373595837722787,0.13043369327837356,0.14449704,R
ckpt_clm_s42:14,1960,0.21733451814517424,0.23150733841289714,0.04361254,R
ckpt_clm_s42:14,1961,0.32441698184600953,0.48468021056521493,0.05726534,I
ckpt_clm_s42:14,1962,0.10456452425596208,0.15127911427317506,0.008455992,Y
ckpt_clm_s42:14,1963,0.38291159845085765,0.5283433212853925,0.029889323,G
ckpt_clm_s42:14,1964,0.4423791902980052,0.44699689302988643,0.111157745,V
ckpt_clm_s42:14,1965,0.10354669029494934,0.17787734101121325,0.033425212,W
ckpt_clm_s42:14,1966,0.5051631666770418,0.618891004569663,0.087816924,H
ckpt_clm_s42:14,1967,0.15515087239671066,0.1909135473910516,0.1593085,C
ckpt_clm_s42:14,1968,0.19073128368983516,0.2443248215411455,0.022746325,H
ckpt_clm_s42:14,1969,0.2637719609175404,0.23641468724830217,0.08827984,A
ckpt_clm_s42:14,1970,0.3355409862495117,0.4539375619800799,-0.019366264,R
ckpt_clm_s42:14,1971,0.12508726976682938,0.15232459151678426,0.03319931,M
ckpt_clm_s42:14,1972,0.44309031181340575,0.5827143913661541,0.009509057,P
ckpt_clm_s42:14,1973,0.35607972576369773,0.3566563929393192,0.13638961,M
ckpt_clm_s42:14,1974,0.1944487621768195,0.19799937806250906,0.076781064,T
ckpt_clm_s42:14,1975,0.39242329551954613,0.4237573671954262,0.07760921,L
ckpt_clm_s42:14,1976,0.41818202783946046,0.5627951218582875,-0.029048324,N
ckpt_clm_s42:14,1977,0.30727364449087646,0.3160705254410777,0.20434356,W
ckpt_clm_s42:14,1978,0.4196425408706107,0.4720808985783333,-0.055690125,E
ckpt_clm_s42:14,1979,0.23107302739664326,0.3469290782337259,0.033541262,H
ckpt_clm_s42:14,1980,0.3770863632937266,0.5342898782036466,-0.02168116,K
ckpt_clm_s42:14,1981,0.38113344058031384,0.3746676130981514,-0.0088480115,N
ckpt_clm_s42:14,1982,0.2871007708523181,0.1668175012732779,0.10276759,E
ckpt_clm_s42:14,1983,0.36491209016521453,0.4389439853363533,-0.010490075,D
ckpt_clm_s42:14,1984,0.16006326238302604,0.2117972902988715,0.06204486,S
ckpt_clm_s42:14,1985,0.3219414558727136,0.24702390062505547,0.13146216,F
ckpt_clm_s42:14,1986,0.2310860102804585,0.3126551551945178,0.13970202,L
ckpt_clm_s42:14,1987,0.15896693464453393,0.18782770346138358,-0.0049040914,Q
ckpt_clm_s42:14,1988,0.18990990705696387,0.3019424851362247,0.09618652,C
ckpt_clm_s42:14,1989,0.36219013521092625,0.3348358061488485,0.09824592,I
ckpt_clm_s42:14,1990,0.16082307489037895,0.24823997563688727,-0.019283324,H
ckpt_clm_s42:14,1991,0.3284182805071837,0.44554204158905886,0.08961615,M
ckpt_clm_s42:14,1992,0.2993248442447629,0.28141151400081066,0.07959008,T
ckpt_clm_s42:14,1993,0.1405092782530475,0.1895889313544853,0.050575554,D
ckpt_clm_s42:14,1994,0.4503731798047007,0.4352383769307247,-0.035474524,N
ckpt_clm_s42:14,1995,0.1478741428179856,0.21523430786295314,0.024986327,T
ckpt_clm_s42:14,1996,0.18650780667102707,0.18048005281953236,0.035646796,R
ckpt_clm_s42:14,1997,0.3667407646888283,0.47216342870202815,0.019200265,N
ckpt_clm_s42:14,1998,0.45625913258995576,0.5871122085729605,0.015339941,N
ckpt_clm_s42:14,1999,0.21009747280799618,0.3019053201428975,-0.0052443743,E
ckpt_clm_s42:14,2000,0.2701177087094937,0.2116251608175311,-0.0075044334,M
ckpt_clm_s42:14,2001,0.25410809893239283,0.2088623522911742,0.13535881,H
ckpt_clm_s42:14,2002,0.26312038692856565,0.21916049248109998,0.06639278,I
ckpt_clm_s42:14,2003,0.28044187405665044,0.31401590104956567,-0.0024193227,F
ckpt_clm_s42:14,2004,0.39396105831766404,0.547160342353714,0.08195983,I
ckpt_clm_s42:14,2005,0.13396915297017842,0.14963660481205315,0.072725296,T
ckpt_clm_s42:14,2006,0.21088627202530386,0.19538743770307573,0.1353274,N
ckpt_clm_s42:14,2007,0.3029182789609083,0.30403367086906213,0.037437856,S
ckpt_clm_s42:14,2008,0.19019096020516668,0.19364195778494084,0.018273473,N
ckpt_clm_s42:14,2009,0.27762332156791303,0.26361661389855134,0.000842005,W
ckpt_clm_s42:14,2010,0.6899632591239456,0.8078365515828185,0.0001707077,Q
ckpt_clm_s42:14,2011,0.37469204773515796,0.3482844423600149,0.13854796,H
ckpt_clm_s42:14,2012,0.22286684358262132,0.18173157797005812,-0.0526464,Q
ckpt_clm_s42:14,2013,0.1284460417817952,0.21436472191257597,-0.057715774,K
ckpt_clm_s42:14,2014,0.13658665559189231,0.16209453802709847,0.045335203,Y
ckpt_clm_s42:14,2015,0.4040124888414912,0.43624391904807086,0.0016589761,S
ckpt_clm_s42:14,2016,0.4219616005626131,0.38429180628816195,-0.010864422,E
ckpt_clm_s42:14,2017,0.10620703500248874,0.16092657584364342,0.032749593,V
ckpt_clm_s42:14,2018,0.2612825036697496,0.31233074036796393,0.0017787218,R
ckpt_clm_s42:14,2019,0.30058809573223977,0.2992145745151746,-0.08929528,E
ckpt_clm_s42:14,2020,0.4391469911231205,0.4319717300186941,0.048270077,T
ckpt_clm_s42:14,2021,0.18780073705128153,0.16304488200156503,-0.047043145,A
ckpt_clm_s42:14,2022,0.2121673288299486,0.2935710375556057,0.041566372,H
ckpt_clm_s42:14,2023,0.16012539202065967,0.18201309862313103,0.072859466,Q
ckpt_clm_s42:14,2024,0.18942173812490892,0.18644128264765877,0.043268204,F
ckpt_clm_s42:14,2025,0.3385018321938448,0.320169478713481,0.05567062,Y
ckpt_clm_s42:14,2026,0.18239133456984968,0.13801244653070038,0.17236722,V
ckpt_clm_s42:14,2027,0.3307498951720599,0.21425043867410304,0.10287094,I
ckpt_clm_s42:14,2028,0.2225880859647955,0.18502715841776812,0.03799516,P
ckpt_clm_s42:14,2029,0.7993163331244164,0.8906279824405794,0.024041705,G
ckpt_clm_s42:14,2030,0.31847912222126684,0.46702812628506535,0.030884743,C
ckpt_clm_s42:14,2031,0.3819213631836681,0.329027922058761,-0.0234375,M
ckpt_clm_s42:14,2032,0.43588733647364464,0.579852792457588,0.02447413,S
ckpt_clm_s42:14,2033,0.2086469333633113,0.1714822367535886,0.15195745,R
ckpt_clm_s42:14,2034,0.3506838649812597,0.3561513692332846,0.080767214,C
ckpt_clm_s42:14,2035,0.5170778187509912,0.4526416316644568,0.09105698,C
ckpt_clm_s42:14,2036,0.25440326619702147,0.20470841607653859,0.021300852,P
ckpt_clm_s42:14,2037,0.21822480068617,0.2821605069432547,0.067399144,M
ckpt_clm_s42:14,2038,0.2773605272738541,0.4117371007992472,0.016938716,P
ckpt_clm_s42:14,2039,0.30884029338319097,0.323201471145975,0.042844415,S
ckpt_clm_s42:14,2040,0.20041724530959537,0.16886463958296827,0.34715533,C
ckpt_clm_s42:14,2041,0.2779780581356128,0.2336773427776731,0.042543292,S
ckpt_clm_s42:14,2042,0.2309367015258964,0.24756071194502474,0.024519056,H
ckpt_clm_s42:14,2043,0.6473934228184732,0.7616862580658808,0.12020837,V
ckpt_clm_s42:14,2044,0.35748674417116766,0.4734074863089711,-0.017403275,R
ckpt_clm_s42:14,2045,0.4340743833076457,0.41468042179365044,0.01133357,W
ckpt_clm_s42:14,2046,0.39332303303326177,0.32986263226661333,0.06726618,I
ckpt_clm_s42:14,2047,0.47644839401052064,0.5695306114994002,-0.0055402964,P
ckpt_clm_s42:14,2048,0.1578624151433956,0.14898967253800446,0.16357756,S
ckpt_clm_s42:14,2049,0.5603072463903198,0.6937770926488025,0.038857117,N
ckpt_clm_s42:14,2050,0.2987705874935028,0.23055435757894355,0.23755896,E
ckpt_clm_s42:14,2051,0.3385858576174601,0.29272910148309506,-0.03340718,S
ckpt_clm_s42:14,2052,0.22277276431415416,0.19795330490862398,-0.024567962,Y
ckpt_clm_s42:14,2053,0.18828889592304898,0.19700522300597137,-0.006632149,S
ckpt_clm_s42:14,2054,0.24171722080417302,0.2518034116585015,0.1211279,M
ckpt_clm_s42:14,2055,0.19002739901078258,0.21555057215719686,0.028713524,Y
ckpt_clm_s42:14,2056,0.5929423309974008,0.7075940628132794,0.0778577,F
ckpt_clm_s42:14,2057,0.494970655341592,0.6214437266851087,-0.05434858,E
ckpt_clm_s42:14,2058,0.22238581423514503,0.264486838964439,0.09266353,D
ckpt_clm_s42:14,2059,0.23250378135935745,0.278706087711019,0.039331317,E
ckpt_clm_s42:14,2060,0.18163051305079092,0.17945948558960587,0.16162348,Y
ckpt_clm_s42:14,2061,0.35305785654101196,0.4310589773341501,0.092690706,H
ckpt_clm_s42:14,2062,0.1984278209458744,0.209241210406832,0.016220987,G
ckpt_clm_s42:14,2063,0.12113238587210262,0.1530501542812969,0.018773109,H
ckpt_clm_s42:14,2064,0.368347763605418,0.2557372422966746,0.18608162,M
ckpt_clm_s42:14,2065,0.37494126086696433,0.36660397570746817,-0.032107577,D
ckpt_clm_s42:14,2066,0.3095731797484713,0.28420253682252644,0.07201207,W
ckpt_clm_s42:14,2067,0.2376011682637862,0.1859148832169804,-0.010509431,R
ckpt_clm_s42:14,2068,0.2309417488201293,0.19160456249130048,-0.074201584,W
ckpt_clm_s42:14,2069,0.28478424279757,0.3828885507099251,0.019478112,T
ckpt_clm_s42:14,2070,0.22949109766643905,0.21351791424379818,-0.010844052,F
ckpt_clm_s42:14,2071,0.2308270711649436,0.1981177406224358,0.00772202,K
ckpt_clm_s42:14,2072,0.5491059317152562,0.6471676910074594,0.027922243,W
ckpt_clm_s42:14,2073,0.5019848071796283,0.521988142864847,0.021251589,M
ckpt_clm_s42:14,2074,0.16656521320717355,0.12095348069166006,0.10367155,D
ckpt_clm_s42:14,2075,0.3941310488517682,0.4830254503373426,-0.011362225,K
ckpt_clm_s42:14,2076,0.22889193625162396,0.31075171644112237,-0.02339542,D
ckpt_clm_s42:14,2077,0.3062701127007329,0.32831614301920287,0.023902416,Q
ckpt_clm_s42:14,2078,0.2680109369319026,0.252257053778504,0.03089276,W
ckpt_clm_s42:14,2079,0.2259888500493118,0.24057216968715,0.014996111,C
ckpt_clm_s42:14,2080,0.14093537673802647,0.11858333231421549,0.057458818,F
ckpt_clm_s42:14,2081,0.229862561609128,0.2500128322871961,0.07828075,G
ckpt_clm_s42:14,2082,0.1498432252692069,0.17347287002444545,0.11241269,A
ckpt_clm_s42:14,2083,0.2042203818403463,0.20687043363663876,0.16227865,C
ckpt_clm_s42:14,2084,0.21268945130352612,0.26944509951283313,0.15661228,I
ckpt_clm_s42:14,2085,0.07407685474041614,0.13784851416664118,0.052096665,M
ckpt_clm_s42:14,2086,0.1990828156877611,0.16241921659360703,0.05094278,A
ckpt_clm_s42:14,2087,0.10267315448576309,0.1921328036940802,0.040413857,W
ckpt_clm_s42:14,2088,0.12280755923974385,0.17377961508175818,0.037351847,N
ckpt_clm_s42:14,2089,0.4559451139669315,0.6000370309357227,0.059301347,T
ckpt_clm_s42:14,2090,0.23767076028065826,0.22070367833523136,0.03609255,H
ckpt_clm_s42:14,2091,0.34867203012699255,0.3251963443913369,0.1786609,V
ckpt_clm_s42:14,2092,0.25554301658107437,0.22214069864676972,-0.05199063,F
ckpt_clm_s42:14,2093,0.3547598470785035,0.40911229521731085,0.07242906,C
ckpt_clm_s42:14,2094,0.18558940324249673,0.14045303044482715,0.039880395,D
ckpt_clm_s42:14,2095,0.31680472369082513,0.3972793122691899,-0.026835434,E
ckpt_clm_s42:14,2096,0.33120625148050054,0.24438062325834264,-0.02624306,R
ckpt_clm_s42:14,2097,0.13778806548826694,0.1745076914354975,0.04907179,F
ckpt_clm_s42:14,2098,0.1619900903974758,0.20847142530903262,-0.0030029714,V
ckpt_clm_s42:14,2099,0.3147542567219266,0.3188630376524481,0.013302505,Q
ckpt_clm_s42:14,2100,0.354449069777492,0.4821417410493959,-0.0034991503,R
ckpt_clm_s42:14,2101,0.36561347138017064,0.45714870398340113,0.040450364,C
ckpt_clm_s42:14,2102,0.23168005436633565,0.21207496003510473,0.13018084,Y
ckpt_clm_s42:14,2103,0.19640725363625877,0.21924753009713993,0.07638684,G
ckpt_clm_s42:14,2104,0.1228791559149619,0.15639268601277792,0.15987504,N
ckpt_clm_s42:14,2105,0.19363549686885295,0.264598064590709,0.0784542,F
ckpt_clm_s42:14,2106,0.20877411862394968,0.2228669429071048,0.12460309,R
ckpt_clm_s42:14,2107,0.24761990937904277,0.2709198899799129,0.035039008,P
ckpt_clm_s42:14,2108,0.3294292778247303,0.297919183238708,-0.042194784,F
ckpt_clm_s42:14,2109,0.19889313838665224,0.22258500116152743,-0.018426359,S
ckpt_clm_s42:14,2110,0.10979545393881429,0.1548861671826581,0.100948036,M
ckpt_clm_s42:14,2111,0.17815057662868394,0.17185403389783765,0.054516196,M
ckpt_clm_s42:14,2112,0.3391397154535488,0.43429065357787355,0.10318485,V
ckpt_clm_s42:14,2113,0.20462272824986538,0.14217803323218814,0.11284268,V
ckpt_clm_s42:14,2114,0.0968715957434968,0.1719834997368377,0.06493235,F
ckpt_clm_s42:14,2115,0.186511303747533,0.15788371080027372,0.13020647,A
ckpt_clm_s42:14,2116,0.20934842839328072,0.30552959301372634,0.02742964,Q
ckpt_clm_s42:14,2117,0.19808239062537003,0.19295493691087232,0.27038205,F
ckpt_clm_s42:14,2118,0.5269824427583012,0.6510679727497926,0.059302837,P
ckpt_clm_s42:14,2119,0.3574161983908064,0.3545523522117328,0.045570135,H
ckpt_clm_s42:14,2120,0.09640651974296033,0.15036106909788235,0.036493063,T
ckpt_clm_s42:14,2121,0.813977707201185,0.8990104981108764,0.09181477,W
ckpt_clm_s42:14,2122,0.6149534624548882,0.6965149592617532,-0.04545629,K
ckpt_clm_s42:14,2123,0.2613297891966371,0.36159435516990523,0.16788614,W
ckpt_clm_s42:14,2124,0.25175528101571965,0.338321175646317,0.006688386,D
ckpt_clm_s42:14,2125,0.26490428674817834,0.29092944142416965,0.042117894,T
ckpt_clm_s42:14,2126,0.22468284896760626,0.16669880211422414,-0.056504726,A
ckpt_clm_s42:14,2127,0.33743537745940644,0.29082194774250586,0.06536931,I
ckpt_clm_s42:14,2128,0.1983688784567338,0.23466039875573885,-0.01857841,D
ckpt_clm_s42:14,2129,0.4130574422481237,0.5460788555192089,0.06748423,C
ckpt_clm_s42:14,2130,0.3519185969451345,0.4500000422876621,0.03987953,T
ckpt_clm_s42:14,2131,0.28516345790512576,0.2441654627768563,-0.008799791,Y
ckpt_clm_s42:14,2132,0.27706244754264864,0.26872486278796975,0.04784,P
ckpt_clm_s42:14,2133,0.4395507152639061,0.4507256163126177,-0.07922202,P
ckpt_clm_s42:14,2134,0.07492735589518962,0.1435641622359461,0.024751842,H
ckpt_clm_s42:14,2135,0.30334028282483694,0.4432507596137922,0.0769563,Y
ckpt_clm_s42:14,2136,0.09038889995428367,0.09230519934819333,0.046746492,A
ckpt_clm_s42:14,2137,0.5227319797000449,0.6469924935689552,0.01562351,P
ckpt_clm_s42:14,2138,0.35757902751886794,0.43104283588432796,-0.042917103,E
ckpt_clm_s42:14,2139,0.23522166120014176,0.3124990601695089,0.0150793195,M
ckpt_clm_s42:14,2140,0.2083332950368728,0.25437451833062363,-0.008186758,R
ckpt_clm_s42:14,2141,0.2042491876841831,0.2570572391057174,-0.054805517,Q
ckpt_clm_s42:14,2142,0.20041040569670387,0.2497550262498262,0.18207127,C
ckpt_clm_s42:14,2143,0.19676402022686323,0.14827324459229932,0.0008853376,A
ckpt_clm_s42:14,2144,0.12124859950236122,0.1765487250287263,0.09924197,Q
ckpt_clm_s42:14,2145,0.13401441205147213,0.16938578012943775,0.09705204,Y
ckpt_clm_s42:14,2146,0.43500048221846865,0.3695541464986314,-0.014675319,P
ckpt_clm_s42:14,2147,0.16985805787831254,0.20666752977507574,0.04828018,D
ckpt_clm_s42:14,2148,0.2518040044051961,0.16749605673029389,0.0645749,P
ckpt_clm_s42:14,2149,0.23748570047507322,0.2614947631277599,0.10173619,Y
ckpt_clm_s42:14,2150,0.3976830803862028,0.39046090326494987,0.011732966,G
ckpt_clm_s42:14,2151,0.259163815197068,0.295510709265384,0.09264046,H
ckpt_clm_s42:14,2152,0.25942963812448216,0.26089280531843934,0.014572144,T
ckpt_clm_s42:14,2153,0.23527347447540625,0.2740796646507429,0.027810007,V
ckpt_clm_s42:14,2154,0.29468234890074685,0.33457707651764806,0.02586183,T
ckpt_clm_s42:14,2155,0.28145980715796115,0.25316857053449215,0.011614531,K
ckpt_clm_s42:14,2156,0.15002580742695248,0.1688916655189643,-0.007915854,T
ckpt_clm_s42:14,2157,0.3070413024051444,0.29733657363399385,0.031728745,Y
ckpt_clm_s42:14,2158,0.34239008647805436,0.4428716889463751,0.0957396,C
ckpt_clm_s42:14,2159,0.19467668509244918,0.21157419707957714,0.07454997,F
ckpt_clm_s42:14,2160,0.32144701177211443,0.3602205196396232,-0.010928601,Y
ckpt_clm_s42:14,2161,0.17649616139736812,0.16125459344129484,0.014475942,A
ckpt_clm_s42:14,2162,0.42543476342719977,0.4736432811121202,0.030951709,S
ckpt_clm_s42:14,2163,0.14844601208093444,0.22284605735346552,0.098949134,F
ckpt_clm_s42:14,2164,0.27223087768623333,0.23316804776770614,0.05685711,N
ckpt_clm_s42:14,2165,0.2843719147505649,0.34635507417166683,-0.039291322,D
ckpt_clm_s42:14,2166,0.388828654401165,0.5156014631881031,0.009048164,W
ckpt_clm_s42:14,2167,0.3047863339528857,0.33820697541439587,0.10913664,I
ckpt_clm_s42:14,2168,0.4545856192351809,0.5794080174794881,0.12909609,V
ckpt_clm_s42:14,2169,0.344680818667745,0.38599651345781893,0.06493658,N
ckpt_clm_s42:14,2170,0.280432307967895,0.248481562864265,-0.12309629,H
ckpt_clm_s42:14,2171,0.16301282258029648,0.1395882593520915,0.06137532,V
ckpt_clm_s42:14,2172,0.44283948211875224,0.5080248861324689,-0.031716496,C
ckpt_clm_s42:14,2173,0.3443605990008376,0.32555387633234945,0.03364402,W
ckpt_clm_s42:14,2174,0.4826480526154806,0.5688670097724322,0.043997347,G
ckpt_clm_s42:14,2175,0.15073871341030465,0.1452118338612805,0.035053074,R
ckpt_clm_s42:14,2176,0.14350816585676907,0.14908528628014722,0.024514675,H
ckpt_clm_s42:14,2177,0.2014831763485193,0.19102153681537848,0.08860159,E
ckpt_clm_s42:14,2178,0.3095666705753115,0.22026521828078488,0.14275235,L
ckpt_clm_s42:14,2179,0.2880507286156869,0.23809510388081817,0.014721572,C
ckpt_clm_s42:14,2180,0.2553029279276363,0.30273547986925026,0.012265205,W
ckpt_clm_s42:14,2181,0.3625658960863448,0.4198809154013146,0.011459827,M
ckpt_clm_s42:14,2182,0.1693352446544759,0.25251821102187905,0.042883992,S
ckpt_clm_s42:14,2183,0.270410582123502,0.26707374319975924,-0.010801494,A
ckpt_clm_s42:14,2184,0.2390966967485353,0.16908756522885973,0.22158825,Q
ckpt_clm_s42:14,2185,0.3276150681310831,0.29928812168536856,0.0883604,T
ckpt_clm_s42:14,2186,0.13276444222937,0.14082494626577352,0.07869524,N
ckpt_clm_s42:14,2187,0.15985080900531623,0.16441678025105602,0.077917755,A
ckpt_clm_s42:14,2188,0.19415455994752173,0.22472886373032563,0.089907646,F
ckpt_clm_s42:14,2189,0.29165204113896803,0.4111331091072652,0.06856644,Y
ckpt_clm_s42:14,2190,0.36241911761071066,0.3547340002247172,0.05796945,D
ckpt_clm_s42:14,2191,0.1565552592790238,0.22221375088613218,0.23440468,C
ckpt_clm_s42:14,2192,0.16672709967063537,0.2207786005308194,0.02047056,R
ckpt_clm_s42:14,2193,0.21219333841745058,0.3143576760478655,0.050675333,C
ckpt_clm_s42:14,2194,0.0951898930242202,0.17966666546617044,0.057405323,H
ckpt_clm_s42:14,2195,0.263293691814508,0.2275094635606965,0.14358586,Y
ckpt_clm_s42:14,2196,0.2266135348821331,0.21670183745692692,0.025734186,W
ckpt_clm_s42:14,2197,0.23998580360103572,0.2164347147339049,0.1580733,A
ckpt_clm_s42:14,2198,0.2517377790258396,0.31334712588398717,0.061173737,I
ckpt_clm_s42:14,2199,0.39272671895973543,0.41115536953333764,0.017276928,R
ckpt_clm_s42:14,2200,0.31550493359119725,0.40317226377667154,0.023997188,A
ckpt_clm_s42:14,2201,0.2776438084469849,0.2270825976622912,-0.12077314,N
ckpt_clm_s42:14,2202,0.661017179452054,0.7655354216901248,0.13888538,C
ckpt_clm_s42:14,2203,0.19584908912640953,0.22548192008070472,-0.0126158595,R
ckpt_clm_s42:14,2204,0.24506547745610407,0.2642454036481581,0.14244229,C
ckpt_clm_s42:14,2205,0.2716164659963124,0.19801523498613138,0.046181977,W
ckpt_clm_s42:14,2206,0.30587169278044224,0.26028297413915313,-0.024148464,W
ckpt_clm_s42:14,2207,0.25555303473450974,0.17494307973963732,-0.012676775,E
ckpt_clm_s42:14,2208,0.25137327804575427,0.24607192016692947,0.027249783,Q
ckpt_clm_s42:14,2209,0.0869543753173917,0.10520221069292741,0.07485682,Q
ckpt_clm_s42:14,2210,0.18707894649028467,0.19783275283236978,0.13213468,V
ckpt_clm_s42:14,2211,0.18154033711756867,0.17559692290174023,0.032948166,T
ckpt_clm_s42:14,2212,0.2569874201904282,0.2672800884335688,0.119264066,C
ckpt_clm_s42:14,2213,0.2015914293062422,0.23608205722421868,0.0053288937,W
ckpt_clm_s42:14,2214,0.26814294819894846,0.2119506486645724,0.15110439,S
ckpt_clm_s42:14,2215,0.2441904819330749,0.187154094058107,0.16249436,L
ckpt_clm_s42:14,2216,0.17217573380147833,0.1708745997069185,-0.012301862,N
ckpt_clm_s42:14,2217,0.20606477099272336,0.19768724555051656,0.053248882,C
ckpt_clm_s42:14,2218,0.24441655403273377,0.2541587281596863,0.07975292,V
ckpt_clm_s42:14,2219,0.4731526996897837,0.3929346778785759,-0.0012181699,Q
ckpt_clm_s42:14,2220,0.5949975193468547,0.6956211499607549,0.09726685,I
ckpt_clm_s42:14,2221,0.7563289376068266,0.8626466221174929,0.18267643,C
ckpt_clm_s42:14,2222,0.34088376506999174,0.35252311945167303,0.022169858,A
ckpt_clm_s42:14,2223,0.16435277460727393,0.20854276296516325,0.023954988,K
ckpt_clm_s42:14,2224,0.28154495049486783,0.33096626227870235,0.029907405,M
ckpt_clm_s42:14,2225,0.14758638462309426,0.19270925511240958,0.008441329,R
ckpt_clm_s42:14,2226,0.7737962084497526,0.8547824109928794,-0.055449985,K
ckpt_clm_s42:14,2227,0.17136493364419603,0.20329597714423459,0.025418341,A
ckpt_clm_s42:14,2228,0.15000123372390806,0.20513716737669493,0.15872586,C
ckpt_clm_s42:14,2229,0.2630523406555042,0.3876288940334802,-0.03181067,R
ckpt_clm_s42:14,2230,0.22413746980365423,0.18654067918866757,0.06879699,G
ckpt_clm_s42:14,2231,0.14537004009806076,0.2027904523741115,0.11100894,F
ckpt_clm_s42:14,2232,0.33120363716151424,0.282146065446885,-0.008229658,M
ckpt_clm_s42:14,2233,0.5245672469884513,0.6256040014507261,-0.020486131,R
ckpt_clm_s42:14,2234,0.27958743720008916,0.3332164747656381,0.112667054,F
ckpt_clm_s42:14,2235,0.21883467389664046,0.227819137111486,0.03669986,I
ckpt_clm_s42:14,2236,0.27395530356085485,0.2682704454910555,0.010299623,W
ckpt_clm_s42:14,2237,0.21976472263579372,0.24312936767882412,0.009410307,G
ckpt_clm_s42:14,2238,0.4786378760712665,0.5269506281904148,0.09891969,L
ckpt_clm_s42:14,2239,0.4875739066705673,0.5880587439162566,-0.043539725,K
ckpt_clm_s42:14,2240,0.26044841399161067,0.34367318627902305,0.02214685,K
ckpt_clm_s42:14,2241,0.21630300459205498,0.24994743356829735,0.18246427,Y
ckpt_clm_s42:14,2242,0.17582929258349222,0.20100095457373462,0.05504012,T
ckpt_clm_s42:14,2243,0.2247993253192878,0.16540544045711533,0.050635546,I
ckpt_clm_s42:14,2244,0.45226115445165116,0.4516969601416154,0.10489774,F
ckpt_clm_s42:14,2245,0.2047070339220355,0.26660330180105635,-0.0028179288,D
ckpt_clm_s42:14,2246,0.5540352327671412,0.6865271654463129,0.04094796,N
ckpt_clm_s42:14,2247,0.23231661202694875,0.26071623410608635,0.083476186,N
ckpt_clm_s42:14,2248,0.28012065284629895,0.3459685741656135,0.0959692,T
ckpt_clm_s42:14,2249,0.2749938488751664,0.365826581095508,0.00575912,E
ckpt_clm_s42:14,2250,0.4408326880772512,0.5752411858441423,0.025411502,P
ckpt_clm_s42:14,2251,0.2960092990509595,0.4068696824268798,0.02401957,P
ckpt_clm_s42:14,2252,0.22414129691975815,0.29263740104246433,-0.0413087,P
ckpt_clm_s42:14,2253,0.24384371743657784,0.21097928593021964,-0.11544001,K
ckpt_clm_s42:14,2254,0.2901504673747618,0.3262537277081824,0.14466804,Y
ckpt_clm_s42:14,2255,0.2765643784383558,0.2932918517323988,-0.02997917,P
ckpt_clm_s42:14,2256,0.16254616727290427,0.1700815534198841,0.08034724,N
ckpt_clm_s42:14,2257,0.3450507996648071,0.32742077722403695,0.0013790652,Q
ckpt_clm_s42:14,2258,0.34628360309486195,0.3920456479402651,-0.007041663,N
ckpt_clm_s42:14,2259,0.24389216756926835,0.2464755346504006,0.18080747,N
ckpt_clm_s42:14,2260,0.3328487789076964,0.37781566045235854,0.1313672,H
ckpt_clm_s42:14,2261,0.14774348465428266,0.2564386599608928,0.03688097,G
ckpt_clm_s42:14,2262,0.27747331229625427,0.23224664356284802,0.033978164,P
ckpt_clm_s42:14,2263,0.42860524802292566,0.5839762760237074,0.03709948,S
ckpt_clm_s42:14,2264,0.21515308500449537,0.20256830444570076,0.25113177,C
ckpt_clm_s42:14,2265,0.22559853890114512,0.26583425932663013,0.08491397,T
ckpt_clm_s42:14,2266,0.25501719542458745,0.27592802153710805,0.076248884,S
ckpt_clm_s42:14,2267,0.08935349073037979,0.15367614530547036,0.060656726,F
ckpt_clm_s42:14,2268,0.424710828622719,0.4888444685468977,-0.041286513,Q
ckpt_clm_s42:14,2269,0.2898824044830257,0.25794844212158313,0.076556265,T
ckpt_clm_s42:14,2270,0.5895463620603469,0.7026469295146323,0.042216927,M
ckpt_clm_s42:14,2271,0.10422003768091903,0.1721752564671811,0.045128465,Q
ckpt_clm_s42:14,2272,0.2912266824737778,0.320462449351525,0.020900458,T
ckpt_clm_s42:14,2273,0.2905966053265948,0.3386380432699193,-0.03731653,K
ckpt_clm_s42:14,2274,0.19420459507129684,0.19182716096313523,0.09894341,V
ckpt_clm_s42:14,2275,0.14321749064319989,0.1521770719562826,0.08888996,I
ckpt_clm_s42:14,2276,0.23853076606662693,0.21947591223733412,0.08438444,L
ckpt_clm_s42:14,2277,0.38706076349124285,0.3359573227725073,0.055064872,L
ckpt_clm_s42:14,2278,0.09731715756475001,0.1338091911352684,0.10405815,N
ckpt_clm_s42:14,2279,0.4307298694458961,0.4082893535037375,0.07639308,L
ckpt_clm_s42:14,2280,0.162615248096443,0.24512955841051215,0.01944393,M
ckpt_clm_s42:14,2281,0.3328331609893417,0.34994886994736096,0.08440733,M
ckpt_clm_s42:14,2282,0.40342987656448026,0.43124848314422487,0.07165992,C
ckpt_clm_s42:14,2283,0.34977151365149795,0.35784479854951856,0.25633025,L
ckpt_clm_s42:14,2284,0.5375110280054254,0.646177032874922,0.19440782,C
ckpt_clm_s42:14,2285,0.22391314385518846,0.18738279001927427,0.10830647,C
ckpt_clm_s42:14,2286,0.404025508572171,0.41626411479395925,0.063985184,F
ckpt_clm_s42:14,2287,0.1812855145518263,0.1646818466989198,0.009116411,G
ckpt_clm_s42:14,2288,0.20096653772518192,0.19328599412147626,0.04563397,L
ckpt_clm_s42:14,2289,0.33012396641392827,0.3807314636978026,0.08980736,L
ckpt_clm_s42:14,2290,0.18744481578591732,0.2928831176510904,0.026428461,G
ckpt_clm_s42:14,2291,0.33784765787445914,0.3346980246659066,0.010589302,M
ckpt_clm_s42:14,2292,0.38268522595418175,0.4172057116333755,-0.018862575,Q
ckpt_clm_s42:14,2293,0.3767882149197439,0.4498110669652943,0.1181615,C
ckpt_clm_s42:14,2294,0.2772589562191693,0.4623044473107748,0.06480944,I
ckpt_clm_s42:14,2295,0.12433972646985769,0.17022132876001253,0.09149605,V
ckpt_clm_s42:14,2296,0.1957327028537732,0.19508898101369299,0.061723173,C
ckpt_clm_s42:14,2297,0.34538723810471195,0.2996020382646204,0.07779339,D
ckpt_clm_s42:14,2298,0.30252277581915066,0.2701832450717904,0.1476016,W
ckpt_clm_s42:14,2299,0.3511171149807736,0.4303641551430901,-6.830692e-05,A
ckpt_clm_s42:14,2300,0.16099730981375837,0.21089095484307496,0.04291573,C
ckpt_clm_s42:14,2301,0.6601902486163032,0.4955590052902493,0.08138382,H
ckpt_clm_s42:14,2302,0.1875451845381111,0.17456790829623997,0.08844131,M
ckpt_clm_s42:14,2303,0.1758178232395673,0.2727876478046415,0.0663563,Y
ckpt_clm_s42:14,2304,0.19713119239405152,0.20536481880014731,0.12080109,Y
ckpt_clm_s42:14,2305,0.2189040297792647,0.1881978344633034,0.09080398,L
ckpt_clm_s42:14,2306,0.7037309446014258,0.7792912674701764,-0.039937213,E
ckpt_clm_s42:14,2307,0.21038663007343117,0.29764017509792695,0.10759553,I
ckpt_clm_s42:14,2308,0.09625338608012368,0.1298212304507427,0.048424244,N
ckpt_clm_s42:14,2309,0.3223914015512749,0.3275177651324624,-0.013138056,D
ckpt_clm_s42:14,2310,0.1630007750949477,0.21339906441756765,0.051162302,Y
ckpt_clm_s42:14,2311,0.16248398272493658,0.20017226724880158,0.08494699,W
ckpt_clm_s42:14,2312,0.3376113707611378,0.285360785691597,0.7111726,I
ckpt_clm_s42:14,2313,0.12964080998151706,0.15450136130760514,0.09730762,C
ckpt_clm_s42:14,2314,0.096824728017743,0.13772415818440797,0.020158917,T
ckpt_clm_s42:14,2315,0.29116504165325796,0.374302556369902,0.030776978,W
ckpt_clm_s42:14,2316,0.29406510681923714,0.3215604621296755,0.067178965,L
ckpt_clm_s42:14,2317,0.03835677844207508,0.09267374145422987,0.010707378,M
ckpt_clm_s42:14,2318,0.17553875147418607,0.2527505379795535,-0.00051397085,C
ckpt_clm_s42:14,2319,0.1333524771358644,0.18085478700941285,0.039856315,G
ckpt_clm_s42:14,2320,0.28517704702997637,0.3293165302864261,-0.0033255517,A
ckpt_clm_s42:14,2321,0.4261883951907204,0.3811464682019091,0.11339611,C
ckpt_clm_s42:14,2322,0.2410945119381116,0.2419585624313179,-0.017982423,P
ckpt_clm_s42:14,2323,0.3225879608218939,0.3315687006989703,-0.047327727,P
ckpt_clm_s42:14,2324,0.29450278303286737,0.2487458553348437,0.13440418,N
ckpt_clm_s42:14,2325,0.48037038147257227,0.6115986559619829,-0.012229204,M
ckpt_clm_s42:14,2326,0.34584776397905226,0.394101933855596,0.079627156,I
ckpt_clm_s42:14,2327,0.2840529175386295,0.23694355348868462,0.22151196,T
ckpt_clm_s42:14,2328,0.28848261447848045,0.2816839152269262,0.006172061,M
ckpt_clm_s42:14,2329,0.2557803956790069,0.21403769927001381,-0.010910511,M
ckpt_clm_s42:14,2330,0.27801408400936567,0.33051615211087126,0.04920125,S
ckpt_clm_s42:14,2331,0.2431696032289632,0.31703371907544686,0.036129564,A
ckpt_clm_s42:14,2332,0.17556644908172359,0.17299242696580922,0.052163124,N
ckpt_clm_s42:14,2333,0.2814894372912451,0.2636760271367085,0.067121685,Y
ckpt_clm_s42:14,2334,0.1943227963767984,0.23837579338380654,0.027286291,G
ckpt_clm_s42:14,2335,0.326202725305865,0.34081741821825506,0.28467023,M
ckpt_clm_s42:14,2336,0.31932883448502714,0.23687326110239867,0.00047428906,C
ckpt_clm_s42:14,2337,0.40953532391757896,0.4391859087950672,0.052425817,I
ckpt_clm_s42:14,2338,0.24002833515855104,0.18261393591319589,0.028327137,W
ckpt_clm_s42:14,2339,0.1629535945934627,0.17691217633616788,0.092327595,T
ckpt_clm_s42:14,2340,0.41828265460510006,0.516861189587371,-0.037735432,R
ckpt_clm_s42:14,2341,0.23363470978793877,0.32140288695957947,-0.0033222735,E
ckpt_clm_s42:14,2342,0.17607316726398858,0.17709477291463438,0.0078959465,C
ckpt_clm_s42:14,2343,0.1636199360931362,0.1720558466236081,0.09923577,T
ckpt_clm_s42:14,2344,0.18228935979571181,0.15264557093505657,0.123464346,Y
ckpt_clm_s42:14,2345,0.3571937932797179,0.3171831414259852,0.04182151,S
ckpt_clm_s42:14,2346,0.2814561976103954,0.21374439125991657,0.007509738,Y
ckpt_clm_s42:14,2347,0.39943625790918746,0.3850557414666377,-0.020252757,N
ckpt_clm_s42:14,2348,0.23735300959000372,0.25447645544876574,0.053993285,A
ckpt_clm_s42:14,2349,0.24715970388023056,0.21925525537369878,0.118450165,R
ckpt_clm_s42:14,2350,0.09668294140480815,0.12511246111950652,0.1475228,S
ckpt_clm_s42:14,2351,0.391630993061177,0.3558835270391015,-0.0049853027,Q
ckpt_clm_s42:14,2352,0.16801906380990417,0.1692154461560625,0.040093124,P
ckpt_clm_s42:14,2353,0.22923307473341448,0.2580346719374345,0.07815629,H
ckpt_clm_s42:14,2354,0.27658324232360476,0.27042045096445544,0.033768713,W
ckpt_clm_s42:14,2355,0.18373344476033948,0.17972487291633307,-0.05522549,Y
ckpt_clm_s42:14,2356,0.31584768966440924,0.2780067970399895,0.015616387,F
ckpt_clm_s42:14,2357,0.17418012839025665,0.23260109853874777,0.13613367,M
ckpt_clm_s42:14,2358,0.3211911518754754,0.2830174356194887,0.18015224,R
ckpt_clm_s42:14,2359,0.3601859509232145,0.46037456426641404,-0.026348084,R
ckpt_clm_s42:14,2360,0.34255575630157464,0.2940859275214578,-0.060871005,R
ckpt_clm_s42:14,2361,0.21338813294881243,0.2336658428470791,0.06995505,T
ckpt_clm_s42:14,2362,0.185337211982201,0.19176166189556185,0.0855332,C
ckpt_clm_s42:14,2363,0.1369219269133155,0.20149527557580646,0.03654778,S
ckpt_clm_s42:14,2364,0.2997894121086423,0.16899194265599768,0.09473568,N
ckpt_clm_s42:14,2365,0.4011475615670923,0.3525566697517219,-0.032777853,K
ckpt_clm_s42:14,2366,0.23606423693736722,0.24896187241682247,0.15936148,N
ckpt_clm_s42:14,2367,0.2564058836821481,0.3700906885720899,0.14170057,Y
ckpt_clm_s42:14,2368,0.2050310576860398,0.19340906538316052,0.1259894,F
ckpt_clm_s42:14,2369,0.5414349699863992,0.6487023720232731,0.0900251,H
ckpt_clm_s42:14,2370,0.5982008669209046,0.7091551371810502,0.021278128,S
ckpt_clm_s42:14,2371,0.2655806554148413,0.39278118765140146,0.11977303,L
ckpt_clm_s42:14,2372,0.14064378298975355,0.18949248105235061,0.09809804,S
ckpt_clm_s42:14,2373,0.24033366400584,0.24429198090022236,-0.022506088,F
ckpt_clm_s42:14,2374,0.24026551189205203,0.27714047249383955,-0.01613146,R
ckpt_clm_s42:14,2375,0.1761286169256272,0.20710802463486763,0.07921824,D
ckpt_clm_s42:14,2376,0.37598968291565005,0.4218344313444518,0.09453082,C
ckpt_clm_s42:14,2377,0.43059430936083676,0.47285278722709895,-0.0036330223,H
ckpt_clm_s42:14,2378,0.23010767146630107,0.17657359816382232,0.13736713,S
ckpt_clm_s42:14,2379,0.21416960513482286,0.25180672800093157,0.0457291,D
ckpt_clm_s42:14,2380,0.2584449557275391,0.26561134995848334,0.041160315,W
ckpt_clm_s42:14,2381,0.34670751384763876,0.43506916986502603,-0.048182726,W
ckpt_clm_s42:14,2382,0.22610879382215388,0.2727873178350914,-0.012673616,C
ckpt_clm_s42:14,2383,0.2907458634779584,0.26207065890086156,0.07171178,L
ckpt_clm_s42:14,2384,0.22290715157429308,0.17795102052191375,0.09171295,T
ckpt_clm_s42:14,2385,0.5138399402577198,0.604090863871052,0.012205377,P
ckpt_clm_s42:14,2386,0.2006196161812438,0.25752819971292057,0.04054159,H
ckpt_clm_s42:14,2387,0.07805941262383997,0.13477248520445032,0.010610893,C
ckpt_clm_s42:14,2388,0.1665371551380198,0.18721419538045878,0.060039997,Y
ckpt_clm_s42:14,2389,0.3065977484540118,0.39191849428797876,-0.014868289,D
ckpt_clm_s42:14,2390,0.11117973098544565,0.1347437882434886,0.14988834,L
ckpt_clm_s42:14,2391,0.30238463050096487,0.32209325356844837,-0.010298133,D
ckpt_clm_s42:14,2392,0.36684842793563377,0.5008932795522234,0.010152668,R
ckpt_clm_s42:14,2393,0.2507362869024383,0.2669492953780065,0.024185061,C
ckpt_clm_s42:14,2394,0.07856075206023538,0.12650362416201535,0.040580988,P
ckpt_clm_s42:14,2395,0.23752861789801805,0.24765746135943395,0.06859887,P
ckpt_clm_s42:14,2396,0.16576486785721067,0.15127337636734922,-0.0048602223,D
ckpt_clm_s42:14,2397,0.342386530726583,0.2547030186653331,0.07331449,P
ckpt_clm_s42:14,2398,0.6119656476271544,0.65067751581449,0.010726228,A
ckpt_clm_s42:14,2399,0.17598875457146868,0.13966547061205642,0.15405786,M
ckpt_clm_s42:14,2400,0.12478219553643322,0.18284933546490592,0.12523836,R
ckpt_clm_s42:14,2401,0.29596079265922826,0.37033505917291804,0.008227199,S
ckpt_clm_s42:14,2402,0.26205428054963276,0.3164795016041039,2.4557114e-05,S
ckpt_clm_s42:14,2403,0.09543907672893825,0.13344424885956224,0.12389457,F
ckpt_clm_s42:14,2404,0.2653305538804557,0.2264036652836609,-0.018254101,A
ckpt_clm_s42:14,2405,0.26744657149289364,0.2851443145857755,0.1432209,H
ckpt_clm_s42:14,2406,0.17173918683307277,0.15374694428019287,0.020962566,D
ckpt_clm_s42:14,2407,0.18499195868353502,0.16727488213950148,-0.016263902,H
ckpt_clm_s42:14,2408,0.5836094124440223,0.6803444532243099,0.02968584,Y
ckpt_clm_s42:14,2409,0.08074565807025469,0.15160778304663164,0.029595256,K
ckpt_clm_s42:14,2410,0.25567784943381255,0.29146749116332177,0.088183284,V
ckpt_clm_s42:14,2411,0.20457780856963692,0.1646348808717102,0.16116196,M
ckpt_clm_s42:14,2412,0.13679064919354633,0.15303441188589612,0.12546706,N
ckpt_clm_s42:14,2413,0.32935860634436753,0.3639416573987793,0.045783937,P
ckpt_clm_s42:14,2414,0.27513561428109856,0.2049231907031663,0.019665599,E
ckpt_clm_s42:14,2415,0.15251057358866915,0.1758465761525452,0.11287576,V
ckpt_clm_s42:14,2416,0.1807730153218493,0.20791934573727092,-0.012437344,R
ckpt_clm_s42:14,2417,0.2409066640210703,0.21521680582854494,0.115781724,K
ckpt_clm_s42:14,2418,0.15211569498163946,0.17080333376897683,-0.033433706,S
ckpt_clm_s42:14,2419,0.16242589416837838,0.16052395117372828,-0.0056022406,G
ckpt_clm_s42:14,2420,0.19135490317925818,0.2599392630981764,0.08170807,H
ckpt_clm_s42:14,2421,0.19724566606371885,0.19702806544308693,0.002562642,G
ckpt_clm_s42:14,2422,0.48038786011610013,0.5542089488541381,-0.017707951,D
ckpt_clm_s42:14,2423,0.2251023197477171,0.28877708740188845,0.03581679,T
ckpt_clm_s42:14,2424,0.22538734158867713,0.1955514914819908,-0.0020133257,T
ckpt_clm_s42:14,2425,0.4754641663305611,0.6322733141122805,0.025784463,F
ckpt_clm_s42:14,2426,0.337061565146349,0.26541167228861473,0.03279987,T
ckpt_clm_s42:14,2427,0.2482681413903296,0.20357215211668075,0.012560695,T
ckpt_clm_s42:14,2428,0.21889418360337964,0.2776120996153278,-0.003082633,T
ckpt_clm_s42:14,2429,0.09730258156516491,0.13149832694963365,0.03262353,D
ckpt_clm_s42:14,2430,0.16208606256023594,0.24027098019353454,0.13525796,I
ckpt_clm_s42:14,2431,0.12169964154188662,0.17068781719563697,0.06510669,Q
ckpt_clm_s42:14,2432,0.25541976541522793,0.22844737927981718,0.05554086,T
ckpt_clm_s42:14,2433,0.23280363248651514,0.22153731703469623,0.086220205,P
ckpt_clm_s42:14,2434,0.4138574529782224,0.395163759168173,-0.021066464,D
ckpt_clm_s42:14,2435,0.13355892733495733,0.27224631872151134,0.030473113,D
ckpt_clm_s42:14,2436,0.0793211012090308,0.10370972334302599,0.0729031,N
ckpt_clm_s42:14,2437,0.4337275188406051,0.5366330830635108,-0.039281033,K
ckpt_clm_s42:14,2438,0.547747669312983,0.6928465007503745,0.021798223,H
ckpt_clm_s42:14,2439,0.22552173742090176,0.2720137508617665,-0.027668357,K
ckpt_clm_s42:14,2440,0.16167455290981125,0.16856991797619045,0.025233895,H
ckpt_clm_s42:14,2441,0.2353902258810434,0.17278971007615773,0.031400025,T
ckpt_clm_s42:14,2442,0.24129755578915402,0.23702648422305778,-0.011838973,S
ckpt_clm_s42:14,2443,0.13011250247207107,0.1481490402047607,-0.008314967,C
ckpt_clm_s42:14,2444,0.18594245517895902,0.2151045278066821,0.023959994,S
ckpt_clm_s42:14,2445,0.051056110029245705,0.11502305645523664,0.09052861,L
ckpt_clm_s42:14,2446,0.18459227835529324,0.20449420711385333,0.11859369,H
ckpt_clm_s42:14,2447,0.10172944897922909,0.13318049715315772,0.08091736,T
ckpt_clm_s42:14,2448,0.3881330339429889,0.35552503367940425,0.22155613,C
ckpt_clm_s42:14,2449,0.22896802957499318,0.23936527144663886,0.14233863,P
ckpt_clm_s42:14,2450,0.4037383173945951,0.3437740895589744,0.12682687,A
ckpt_clm_s42:14,2451,0.15416026300850838,0.20058437758488518,0.017007768,H
ckpt_clm_s42:14,2452,0.1681018138006698,0.18513811044308298,0.009536743,M
ckpt_clm_s42:14,2453,0.3116770128527443,0.35745158085070555,0.064751774,Y
ckpt_clm_s42:14,2454,0.26136942491009485,0.23913456614507492,-0.04519406,S
ckpt_clm_s42:14,2455,0.2378384238886282,0.18722129695177842,0.14705485,T
ckpt_clm_s42:14,2456,0.48695934969213095,0.5452026371337308,-0.050263725,E
ckpt_clm_s42:14,2457,0.3263290819520629,0.3843798398574063,-0.015127003,H
ckpt_clm_s42:14,2458,0.3377670099897302,0.26886371692455213,-0.016750634,M
ckpt_clm_s42:14,2459,0.36630895001057384,0.48310110287900493,0.023259342,C
ckpt_clm_s42:14,2460,0.25527132634351346,0.23704482892837178,0.08023518,R
ckpt_clm_s42:14,2461,0.35486832669897916,0.28431287851027637,0.07037437,Y
ckpt_clm_s42:14,2462,0.15752311274420994,0.15732968586553714,0.06506741,M
ckpt_clm_s42:14,2463,0.15745232622762784,0.15978432484382044,0.06772363,F
ckpt_clm_s42:14,2464,0.23854546082687822,0.34422275381708406,0.0068664253,R
ckpt_clm_s42:14,2465,0.15768595953139863,0.1429157188089663,0.0900929,A
ckpt_clm_s42:14,2466,0.13178203555228607,0.17564879301835715,0.057438135,T
ckpt_clm_s42:14,2467,0.2299988973764422,0.3277763771636834,0.049299568,L
ckpt_clm_s42:14,2468,0.27666023247849336,0.27476887691759083,-0.04272771,R
ckpt_clm_s42:14,2469,0.6173620408908296,0.7563285647800689,0.056021586,Y
ckpt_clm_s42:14,2470,0.2341355570902155,0.17534526092960193,-0.00536114,C
ckpt_clm_s42:14,2471,0.2993890854995367,0.2668748164523911,0.17513889,L
ckpt_clm_s42:14,2472,0.22042978053014262,0.23930836181289317,0.017185181,W
ckpt_clm_s42:14,2473,0.2276620655454058,0.2968547062967469,0.06340945,W
ckpt_clm_s42:14,2474,0.18225111458933985,0.1614213594441474,0.10950297,R
ckpt_clm_s42:14,2475,0.1606476416638638,0.15763103417844374,0.06534505,E
ckpt_clm_s42:14,2476,0.367368757681771,0.3896028837222535,-0.009643704,M
ckpt_clm_s42:14,2477,0.1326825135169597,0.14802624477415469,0.071737885,S
ckpt_clm_s42:14,2478,0.3552499880344069,0.285178082826715,0.05900821,H
ckpt_clm_s42:14,2479,0.5671566834027919,0.6825285673635281,0.13217041,L
ckpt_clm_s42:14,2480,0.23335255993141046,0.308132320420749,0.031225562,R
ckpt_clm_s42:14,2481,0.6259675334279667,0.7012036911340563,-0.016723156,K
ckpt_clm_s42:14,2482,0.24695049915899292,0.293617915415727,0.02473554,T
ckpt_clm_s42:14,2483,0.4916154467443741,0.5045550453224196,0.118811466,I
ckpt_clm_s42:14,2484,0.7307069753771356,0.834784013919439,0.11427697,L
ckpt_clm_s42:14,2485,0.1693898973405107,0.20799969039759303,0.017157555,A
ckpt_clm_s42:14,2486,0.4992806934811215,0.6573789822339661,0.09269273,W
ckpt_clm_s42:14,2487,0.18512136444342664,0.21651482371300468,-0.04017666,D
ckpt_clm_s42:14,2488,0.19340464497540988,0.20201260316885877,0.10386062,T
ckpt_clm_s42:14,2489,0.39473008663419995,0.5251603466325575,0.24743038,M
ckpt_clm_s42:14,2490,0.27223504861328907,0.32577921703510887,0.06293893,Y
ckpt_clm_s42:14,2491,0.20739524498251993,0.24309619466874002,0.07868308,L
ckpt_clm_s42:14,2492,0.24756347143491964,0.2258752729378508,0.05728835,R
ckpt_clm_s42:14,2493,0.4738310695506658,0.590708345747304,-0.03923829,D
ckpt_clm_s42:14,2494,0.20807825575756278,0.21671657089679727,-0.039167434,R
ckpt_clm_s42:14,2495,0.16538235080603136,0.20680889186772777,-0.016299158,E
ckpt_clm_s42:14,2496,0.1883292891634406,0.16357877152926426,0.07855499,A
ckpt_clm_s42:14,2497,0.09568980886697498,0.1357948411939112,0.15560222,M
ckpt_clm_s42:14,2498,0.3218573925752295,0.43147098686908586,0.002493322,C
ckpt_clm_s42:14,2499,0.5601061980950091,0.6750443804873001,-0.030119896,D
ckpt_clm_s42:14,2500,0.30202033107945125,0.2613519342013677,0.030462265,G
ckpt_clm_s42:14,2501,0.3170331044772383,0.3847453249247805,0.03458476,G
ckpt_clm_s42:14,2502,0.35841196704328127,0.46383448765775964,0.08433902,S
ckpt_clm_s42:14,2503,0.3041746535808696,0.3526372136287721,0.105902135,C
ckpt_clm_s42:14,2504,0.24472884436734665,0.1989919425622249,-0.019822419,N
ckpt_clm_s42:14,2505,0.7300892972916649,0.8308332788343821,-0.029621154,R
ckpt_clm_s42:14,2506,0.2646989314649093,0.31055752864069436,0.13965178,I
ckpt_clm_s42:14,2507,0.15110754349526556,0.1733808280669465,0.008642018,M
ckpt_clm_s42:14,2508,0.589422758531835,0.5535209587874942,0.016528465,P
ckpt_clm_s42:14,2509,0.15318906126240217,0.22869001252721388,0.07661939,M
ckpt_clm_s42:14,2510,0.22319635271284655,0.23655040011280215,0.09886575,V
ckpt_clm_s42:14,2511,0.23741564767657863,0.3047724531953947,-0.026101112,K
ckpt_clm_s42:14,2512,0.3692375090858663,0.30615920218710324,0.40663236,H
ckpt_clm_s42:14,2513,0.1620056779717136,0.11544642229749143,0.111870944,I
ckpt_clm_s42:14,2514,0.3533150422131712,0.462557406051998,0.036699057,F
ckpt_clm_s42:14,2515,0.23825565160715978,0.212816207617254,-0.0010486841,R
ckpt_clm_s42:14,2516,0.34962997347981484,0.3837205984555299,0.029604703,G
ckpt_clm_s42:14,2517,0.30393358833645334,0.3299927604767838,0.08387321,Y
ckpt_clm_s42:14,2518,0.2801505058822228,0.2248789661877368,0.0785521,V
ckpt_clm_s42:14,2519,0.27856996280848245,0.27502295133830756,0.22098476,H
ckpt_clm_s42:14,2520,0.1370055039526059,0.14374810083811207,0.06621921,V
ckpt_clm_s42:14,2521,0.46345157999958386,0.44121831214382584,0.076175176,H
ckpt_clm_s42:14,2522,0.4669531072547679,0.5537941351545302,0.10525042,W
ckpt_clm_s42:14,2523,0.23349482150819567,0.26680179870406734,0.12478256,L
ckpt_clm_s42:14,2524,0.2422422941072493,0.3323018153346849,0.00019973516,D
ckpt_clm_s42:14,2525,0.0958147705600767,0.10834723198937504,-0.017721653,W
ckpt_clm_s42:14,2526,0.2077808720126506,0.20044091413991005,0.038809,C
ckpt_clm_s42:14,2527,0.1440162575715802,0.15164519989555675,0.10017264,H
ckpt_clm_s42:14,2528,0.28390855441027374,0.36517942452584934,0.13663471,L
ckpt_clm_s42:14,2529,0.16541669010377646,0.14092734293276846,0.15257555,D
ckpt_clm_s42:14,2530,0.3627933164918351,0.2955885573791565,0.16033822,C
ckpt_clm_s42:14,2531,0.3254233622049978,0.3953075470911472,0.064062774,Y
ckpt_clm_s42:14,2532,0.20062878743323176,0.1300847240043605,0.038221836,P
ckpt_clm_s42:14,2533,0.16784375615006875,0.22054859527578793,0.023094594,C
ckpt_clm_s42:14,2534,0.16045295342119192,0.21612137436634427,0.038651288,N
ckpt_clm_s42:14,2535,0.37375873065855225,0.4369141272381511,-0.0028285831,A
ckpt_clm_s42:14,2536,0.30669457586298055,0.3515273772775148,0.022020742,N
ckpt_clm_s42:14,2537,0.23690736615573793,0.31752602627556553,0.009525657,W
ckpt_clm_s42:14,2538,0.19956706403991165,0.32448279848420375,-0.02451706,E
ckpt_clm_s42:14,2539,0.27247272951254053,0.16941562542826896,0.050317407,V
ckpt_clm_s42:14,2540,0.19939306015892566,0.23558607327638165,0.0018379092,H
ckpt_clm_s42:14,2541,0.23471848898897585,0.23931913210261146,0.04265544,T
ckpt_clm_s42:14,2542,0.25347832316647323,0.28208231109096216,0.17845988,H
ckpt_clm_s42:14,2543,0.5062100629843223,0.39777972800137534,-0.0125981495,H
ckpt_clm_s42:14,2544,0.34344948718407187,0.48605050417993284,0.04318875,P
ckpt_clm_s42:14,2545,0.31300293468180374,0.19124973959924832,0.08368099,A
ckpt_clm_s42:14,2546,0.2642721625916966,0.2615697407477082,0.23945534,N
ckpt_clm_s42:14,2547,0.33707523339504153,0.3565094395419535,0.053113997,H
ckpt_clm_s42:14,2548,0.16853798793281138,0.22096560585446007,0.03613937,H
ckpt_clm_s42:14,2549,0.2609846577580398,0.27056201152668,0.12672022,I
ckpt_clm_s42:14,2550,0.21308530123552716,0.24317815378752142,0.050974727,K
ckpt_clm_s42:14,2551,0.4192565764790851,0.43784410877220087,0.09662855,M
ckpt_clm_s42:14,2552,0.25481109293003656,0.2549460378086999,-0.02069074,H
ckpt_clm_s42:14,2553,0.3653192824085142,0.40036258494165045,0.07428251,H
ckpt_clm_s42:14,2554,0.2608575707272208,0.35098814618987223,0.042829156,W
ckpt_clm_s42:14,2555,0.4520708007201686,0.5251019387061111,0.087884784,F
ckpt_clm_s42:14,2556,0.18071048874325102,0.23061367549025194,0.050789446,G
ckpt_clm_s42:14,2557,0.7458758304111008,0.8455103600596493,0.012027957,T
ckpt_clm_s42:14,2558,0.14968065864502245,0.2026860001012226,0.010917127,G
ckpt_clm_s42:14,2559,0.6214017694658386,0.7360452515795742,0.014748305,H
