feature_idx,seq_effect_obs,struct_effect_obs,seq_effect_shuffle,struct_effect_shuffle,seq_delta,struct_delta
0,0.5673455,0.1087759,0.124755405,0.09213589,0.4425901,0.016640007
1,0.5679082,0.047677174,0.08639161,0.06095777,0.4815166,-0.013280597
2,0.5105296,0.078210555,0.09915297,0.07273867,0.4113766,0.005471885
3,0.52265596,0.13486885,0.14842568,0.11238992,0.37423027,0.022478923
4,0.33514422,0.051618375,0.11173947,0.08075963,0.22340475,-0.029141255
5,0.4108961,0.063669614,0.07724474,0.053654563,0.33365136,0.010015052
6,0.5971811,0.0561539,0.072691366,0.050160754,0.5244897,0.0059931464
7,0.43399662,0.06555181,0.08970566,0.06808176,0.34429097,-0.002529949
8,0.5045439,0.05668629,0.1010898,0.07749919,0.4034541,-0.020812899
9,0.15260316,0.028317532,0.038910694,0.024657479,0.11369247,0.003660053
10,0.55236995,0.09673021,0.10813248,0.07286786,0.44423747,0.023862347
11,0.47388443,0.09561345,0.10900567,0.08033375,0.36487877,0.015279703
12,0.8301566,0.030666916,0.078998,0.051750563,0.7511586,-0.021083647
13,0.46561825,0.09946494,0.11739258,0.08857008,0.34822568,0.010894857
14,0.3762591,0.057081766,0.07794022,0.059949376,0.29831886,-0.0028676093
15,0.6148771,0.12367086,0.13424246,0.10175856,0.48063463,0.0219123
16,0.62924033,0.15531036,0.21751933,0.16537675,0.411721,-0.01006639
17,0.3486226,0.045126125,0.0802955,0.060259838,0.2683271,-0.015133712
18,0.48027557,0.036449425,0.09159006,0.055563174,0.38868552,-0.01911375
19,0.5410404,0.11326359,0.123630986,0.10674156,0.41740942,0.0065220296
20,0.5865697,0.05074462,0.114812925,0.0854967,0.47175682,-0.034752082
21,0.520227,0.0993503,0.10730771,0.08105302,0.4129193,0.018297285
22,0.46904165,0.07024105,0.10647005,0.07266433,0.3625716,-0.002423279
23,0.5814307,0.06863664,0.102048814,0.054550983,0.47938186,0.014085658
24,0.45939428,0.040200878,0.073044986,0.051183093,0.3863493,-0.010982215
25,0.5175241,0.07318051,0.10599498,0.0717654,0.41152915,0.0014151111
26,0.39575717,0.052175272,0.10789243,0.07650547,0.28786474,-0.024330195
27,0.5298015,0.10702751,0.1383008,0.093480274,0.39150068,0.013547234
28,0.514676,0.06969402,0.05115183,0.034135714,0.46352413,0.035558306
29,0.55478287,0.13282052,0.13694546,0.096543446,0.4178374,0.03627707
30,0.3982244,0.048545606,0.08747761,0.053029425,0.3107468,-0.004483819
31,0.25214288,0.032203674,0.06581923,0.039385237,0.18632364,-0.0071815625
32,0.5722323,0.07951679,0.12704203,0.097788,0.44519028,-0.018271208
33,0.5799276,0.032260694,0.06672963,0.042245086,0.513198,-0.009984393
34,0.4101003,0.038093287,0.0594503,0.04452679,0.35065,-0.006433502
35,0.45578706,0.08577296,0.10243527,0.069659546,0.3533518,0.016113415
36,0.61916596,0.17221971,0.18220666,0.13678142,0.4369593,0.035438284
37,0.5655459,0.061870303,0.1077878,0.078379735,0.45775813,-0.016509432
38,0.54418254,0.044463307,0.06166809,0.041827764,0.48251444,0.0026355423
39,0.42455816,0.060861602,0.099301636,0.064849496,0.32525653,-0.0039878935
40,0.42641115,0.027907507,0.03217306,0.020620685,0.39423808,0.0072868224
41,0.58027476,0.06501514,0.100365795,0.06821045,0.47990897,-0.0031953156
42,0.21030648,0.05135114,0.07375356,0.053305637,0.13655293,-0.001954496
43,0.5149094,0.10771508,0.15230279,0.09606834,0.36260659,0.01164674
44,0.4112432,0.055124905,0.104335025,0.06272172,0.3069082,-0.007596817
45,0.6647605,0.070199676,0.13703108,0.105566785,0.5277294,-0.03536711
46,0.61819637,0.06122728,0.08475272,0.067861535,0.5334436,-0.006634254
47,0.5769406,0.11084717,0.115460694,0.08457117,0.4614799,0.026276
48,0.5862008,0.108283736,0.1309508,0.09155451,0.45524997,0.016729228
49,0.5493427,0.0531193,0.094097756,0.06433949,0.45524493,-0.011220187
50,0.57996637,0.015074969,0.04341737,0.026332553,0.536549,-0.011257584
51,0.41505453,0.04220341,0.078637585,0.046009026,0.33641696,-0.003805615
52,0.6567187,0.10522362,0.13098475,0.10489579,0.52573395,0.00032782555
53,0.5761483,0.09576632,0.10517099,0.08299123,0.47097728,0.012775093
54,0.6280748,0.11643735,0.15196392,0.10430648,0.4761109,0.012130871
55,0.57477623,0.07566009,0.103673354,0.06722444,0.4711029,0.008435644
56,0.5652118,0.08421346,0.12022376,0.094080724,0.444988,-0.009867266
57,0.5349914,0.11474903,0.1293284,0.09183883,0.40566298,0.0229102
58,0.45494244,0.075857356,0.09058932,0.067145824,0.36435312,0.008711532
59,0.4587268,0.05381992,0.0864753,0.060560048,0.3722515,-0.0067401268
60,0.6140823,0.102734715,0.11915149,0.07854464,0.4949308,0.024190076
61,0.529792,0.079527885,0.10007356,0.07128888,0.42971843,0.008239001
62,0.43576336,0.050928842,0.09175689,0.06593317,0.34400648,-0.015004326
63,0.51087016,0.07666182,0.11261048,0.07741063,0.39825967,-0.00074881315
64,0.3952633,0.06101926,0.08649753,0.053325556,0.30876577,0.007693704
65,0.5877148,0.10995721,0.13738412,0.101705,0.45033067,0.008252211
66,0.31237975,0.063584164,0.09528186,0.06335414,0.21709788,0.00023002177
67,0.41501608,0.03652109,0.05317389,0.040880818,0.3618422,-0.0043597296
68,0.36613756,0.0835314,0.10224167,0.07998614,0.2638959,0.003545262
69,0.36208856,0.06412353,0.084980585,0.063811935,0.27710798,0.00031159818
70,0.4620915,0.09661687,0.11470914,0.080365516,0.34738237,0.016251355
71,0.57706743,0.09563576,0.11636101,0.09423347,0.4607064,0.0014022887
72,0.53914124,0.070128955,0.09772326,0.06989344,0.441418,0.00023551285
73,0.6651856,0.024099395,0.057535313,0.035060152,0.6076503,-0.010960758
74,0.38102064,0.052859318,0.08538743,0.059149295,0.2956332,-0.0062899776
75,0.549268,0.054911103,0.10448499,0.07380019,0.44478303,-0.018889088
76,0.470283,0.099184334,0.10157497,0.080225274,0.368708,0.01895906
77,0.22697516,0.06589755,0.06776258,0.040260796,0.15921257,0.025636751
78,0.4477929,0.05010331,0.10389139,0.066306956,0.34390152,-0.016203646
79,0.5704396,0.044091742,0.09351056,0.058717363,0.476929,-0.01462562
80,0.381043,0.07944033,0.08172303,0.057424046,0.29931995,0.022016287
81,0.5624819,0.11197957,0.16250966,0.099909626,0.3999722,0.012069941
82,0.43853804,0.082304016,0.10524398,0.08281864,0.33329406,-0.0005146265
83,0.57944524,0.04515756,0.082958676,0.058930777,0.49648657,-0.013773218
84,0.55674547,0.05851303,0.122374795,0.07530994,0.43437067,-0.01679691
85,0.34942326,0.03236482,0.049641512,0.038497716,0.29978174,-0.006132897
86,0.58787566,0.15438086,0.1614662,0.11495936,0.42640948,0.0394215
87,0.45434752,0.057798542,0.08554186,0.061342336,0.36880565,-0.0035437942
88,0.7462692,0.13164322,0.15784588,0.120425165,0.5884234,0.011218056
89,0.5079562,0.07489948,0.10536995,0.076070815,0.40258625,-0.0011713356
90,0.6146505,0.09694158,0.11500098,0.0861453,0.49964952,0.010796286
91,0.39690205,0.059208214,0.08154705,0.054094218,0.315355,0.0051139966
92,0.38964427,0.07662055,0.082073055,0.06205573,0.3075712,0.01456482
93,0.6337263,0.092787534,0.14220847,0.10543742,0.49151784,-0.012649886
94,0.600158,0.0605056,0.07615565,0.049881883,0.5240023,0.010623716
95,0.5126825,0.071424566,0.09898523,0.067871705,0.41369727,0.0035528615
96,0.47643006,0.08941324,0.10670892,0.0780315,0.36972114,0.011381738
97,0.6408504,0.11758132,0.17103824,0.13569422,0.46981218,-0.018112898
98,0.38742766,0.06040003,0.083785236,0.060991127,0.30364242,-0.00059109554
99,0.36982566,0.052379183,0.083930664,0.053646766,0.285895,-0.0012675822
100,0.5512919,0.1269546,0.1400151,0.110894844,0.4112768,0.016059756
101,0.35308945,0.0611101,0.05124531,0.032068476,0.30184415,0.029041626
102,0.38980153,0.03707017,0.060854405,0.038656875,0.32894713,-0.0015867054
103,0.26513818,0.055461317,0.062445134,0.048688788,0.20269305,0.0067725293
104,0.4935743,0.08622059,0.09740678,0.0707168,0.39616752,0.015503794
105,0.37338436,0.07336191,0.087705225,0.059623133,0.28567913,0.0137387775
106,0.603489,0.056013227,0.10097283,0.065713465,0.50251615,-0.009700239
107,0.66743034,0.074456826,0.1356697,0.07944828,0.53176063,-0.004991457
108,0.40011862,0.038141765,0.06387767,0.048889317,0.33624095,-0.010747552
109,0.3711988,0.049250867,0.06921848,0.04698367,0.30198032,0.0022671968
110,0.4927882,0.07247171,0.121616624,0.088267624,0.37117156,-0.015795916
111,0.3803363,0.08153678,0.06327157,0.05032282,0.31706476,0.031213958
112,0.4207723,0.06210318,0.1020266,0.07701293,0.31874573,-0.014909748
113,0.40811458,0.07533338,0.10294752,0.074621335,0.30516708,0.00071204454
114,0.35193118,0.036992956,0.06810886,0.04567678,0.28382233,-0.008683823
115,0.3498248,0.06787743,0.0797823,0.060526382,0.27004248,0.0073510446
116,0.4944442,0.07050203,0.091962315,0.07013486,0.40248188,0.0003671646
117,0.32520223,0.057273567,0.07863678,0.052478373,0.24656545,0.0047951937
118,0.54186255,0.16996104,0.19561449,0.15086928,0.34624806,0.019091755
119,0.48542902,0.09411553,0.10127994,0.08008653,0.38414907,0.014029004
120,0.53475446,0.09332433,0.12310226,0.088844076,0.4116522,0.0044802576
121,0.48153767,0.027728535,0.04208007,0.030739114,0.4394576,-0.0030105785
122,0.52743345,0.028708868,0.06329888,0.04535506,0.46413457,-0.016646191
123,0.39213887,0.04097751,0.05081762,0.03546357,0.34132126,0.00551394
124,0.5635415,0.07197175,0.080719426,0.053730763,0.48282206,0.018240988
125,0.5160949,0.04420497,0.08713324,0.06227187,0.4289617,-0.018066902
126,0.4286684,0.0516814,0.06301684,0.04367275,0.36565158,0.008008648
127,0.50346386,0.08259131,0.11427164,0.08611748,0.38919222,-0.0035261735
128,0.36551744,0.08141925,0.10493215,0.07860904,0.26058528,0.00281021
129,0.27902788,0.086084485,0.070597686,0.045275826,0.2084302,0.04080866
130,0.5532064,0.055020254,0.080611736,0.060922194,0.47259465,-0.00590194
131,0.5084424,0.071391806,0.08412606,0.063671395,0.42431635,0.007720411
132,0.5750396,0.0792805,0.08647033,0.06660738,0.4885693,0.012673125
133,0.5099663,0.021828562,0.07653878,0.041077413,0.43342754,-0.01924885
134,0.5012705,0.040780824,0.07110538,0.051934026,0.43016508,-0.0111532025
135,0.45938846,0.09029979,0.09294386,0.065063186,0.3664446,0.025236607
136,0.64971036,0.045244314,0.068619266,0.04934842,0.5810911,-0.0041041076
137,0.3992742,0.037907492,0.067428954,0.05165984,0.33184525,-0.013752349
138,0.47183812,0.06897487,0.11068078,0.08156879,0.36115733,-0.012593925
139,0.44244012,0.07384303,0.10555873,0.06795933,0.3368814,0.005883701
140,0.5484853,0.16507569,0.12697862,0.09301123,0.42150664,0.07206446
141,0.4554916,0.073703036,0.11270665,0.07603041,0.34278494,-0.002327375
142,0.43037733,0.06418372,0.083585136,0.05595205,0.3467922,0.00823167
143,0.4854243,0.07587989,0.103460625,0.07231133,0.38196367,0.00356856
144,0.43994284,0.07537279,0.11575403,0.08462874,0.3241888,-0.009255946
145,0.553764,0.09568794,0.15300193,0.10925577,0.40076205,-0.013567828
146,0.47082055,0.08707876,0.107313514,0.08063557,0.36350703,0.0064431876
147,0.37242442,0.049912263,0.07345106,0.052339323,0.29897338,-0.0024270602
148,0.7046373,0.14949022,0.16720846,0.1251615,0.53742886,0.024328724
149,0.43594956,0.08729286,0.08261996,0.059083022,0.3533296,0.028209835
150,0.5240888,0.10251814,0.12105247,0.08377268,0.40303633,0.01874546
151,0.5589676,0.06195844,0.13590059,0.08785292,0.423067,-0.025894478
152,0.5281158,0.043069456,0.07151283,0.053394426,0.456603,-0.01032497
153,0.49511823,0.07460056,0.11791593,0.08517583,0.3772023,-0.010575265
154,0.3296245,0.058175296,0.06981434,0.04842755,0.25981015,0.009747747
155,0.5063814,0.09113343,0.13519695,0.10007354,0.37118444,-0.008940108
156,0.45283648,0.061502688,0.07664309,0.056483466,0.3761934,0.0050192215
157,0.48389605,0.06730599,0.10591245,0.08012774,0.3779836,-0.012821749
158,0.5222284,0.057354257,0.092091784,0.07290202,0.43013662,-0.01554776
159,0.6624721,0.11136563,0.13841559,0.10585661,0.52405655,0.005509019
160,0.3703398,0.10835474,0.12593007,0.08819503,0.24440974,0.020159706
161,0.48660344,0.049146626,0.072005495,0.053129405,0.41459793,-0.0039827786
162,0.59753245,0.09060183,0.14017835,0.1018468,0.4573541,-0.011244968
163,0.5399478,0.078121416,0.10167233,0.07021698,0.4382755,0.007904433
164,0.5284967,0.05108418,0.07395646,0.05555948,0.45454022,-0.0044752993
165,0.4089027,0.054238774,0.08066739,0.051166065,0.32823533,0.0030727088
166,0.5736499,0.088908225,0.13575138,0.095394805,0.43789852,-0.00648658
167,0.6268733,0.083049856,0.120175794,0.079557225,0.50669754,0.003492631
168,0.54753196,0.06990374,0.08788256,0.062143944,0.45964938,0.0077597946
169,0.50738037,0.083545595,0.104462266,0.06694447,0.4029181,0.016601123
170,0.46512273,0.11640482,0.12825358,0.09456564,0.33686915,0.02183918
171,0.48179185,0.12145659,0.11612046,0.08274418,0.3656714,0.038712412
172,0.5127923,0.04965671,0.08926849,0.05871874,0.42352378,-0.009062029
173,0.5838673,0.056981325,0.09866796,0.071429074,0.48519936,-0.014447749
174,0.5881577,0.068645336,0.104242146,0.07400037,0.48391557,-0.0053550377
175,0.42436916,0.07300962,0.060917787,0.043364894,0.36345136,0.029644724
176,0.33431122,0.061571848,0.07665104,0.045296155,0.25766018,0.016275693
177,0.5556381,0.07693605,0.115715645,0.08815764,0.43992242,-0.011221588
178,0.5971627,0.16439785,0.2009399,0.15250586,0.39622283,0.011891991
179,0.5474564,0.02879788,0.041342646,0.028759766,0.50611377,3.8113445e-05
180,0.4880139,0.08145225,0.11136417,0.082509175,0.37664974,-0.0010569245
181,0.49191964,0.10694089,0.11700696,0.081775896,0.37491268,0.025164992
182,0.32734984,0.042439464,0.06798768,0.041862316,0.25936216,0.00057714805
183,0.37956446,0.0719791,0.09173991,0.070127286,0.28782457,0.001851812
184,0.39797693,0.062455334,0.09071122,0.06515913,0.3072657,-0.0027037933
185,0.5130576,0.06773414,0.10626352,0.07782954,0.40679407,-0.010095403
186,0.58997494,0.11998867,0.13192295,0.09597335,0.45805198,0.024015322
187,0.5304762,0.07983464,0.14219348,0.09818219,0.38828272,-0.018347546
188,0.5847902,0.050166775,0.08626829,0.06144012,0.49852192,-0.011273347
189,0.4670398,0.013426016,0.041257005,0.02667144,0.4257828,-0.013245423
190,0.69539547,0.069683135,0.106879905,0.07458991,0.5885156,-0.0049067736
191,0.4458517,0.08068952,0.08800165,0.057711195,0.35785007,0.022978324
192,0.4658335,0.08691077,0.059729792,0.04546944,0.4061037,0.04144133
193,0.49340087,0.11540463,0.12223331,0.09090539,0.37116757,0.024499238
194,0.7053195,0.028703354,0.061586045,0.03843518,0.6437335,-0.009731825
195,0.4041687,0.06859964,0.08218984,0.06490962,0.32197887,0.0036900192
196,0.40393287,0.07525432,0.085142136,0.057229668,0.31879073,0.018024653
197,0.52148074,0.074422225,0.12306327,0.08805721,0.39841747,-0.013634987
198,0.66628635,0.09585578,0.12657651,0.0865975,0.5397098,0.009258278
199,0.35957757,0.038945124,0.07245005,0.0516117,0.28712752,-0.012666576
200,0.6130012,0.06635665,0.11619947,0.08831983,0.49680176,-0.02196318
201,0.54450303,0.078335434,0.093693376,0.0651678,0.45080966,0.013167635
202,0.46309894,0.08186628,0.11046451,0.079150654,0.35263443,0.0027156249
203,0.6390848,0.08854419,0.13220361,0.09111337,0.50688124,-0.0025691837
204,0.5745351,0.04517727,0.068037614,0.05324749,0.50649744,-0.008070219
205,0.4655121,0.08588661,0.12253066,0.08244009,0.34298143,0.0034465194
206,0.5118363,0.064391926,0.082646616,0.060409807,0.42918968,0.0039821193
207,0.4820951,0.053557146,0.108009994,0.074026085,0.3740851,-0.02046894
208,0.38119844,0.04577697,0.087737724,0.049680512,0.29346073,-0.0039035417
209,0.48631296,0.057439923,0.09270619,0.072008,0.39360678,-0.014568076
210,0.40623352,0.036215447,0.051758695,0.03327793,0.3544748,0.002937518
211,0.49150193,0.08170029,0.1081586,0.08350428,0.38334334,-0.0018039942
212,0.38869417,0.04217206,0.061855555,0.047749497,0.3268386,-0.0055774376
213,0.6573928,0.18241292,0.20216155,0.16107774,0.45523125,0.021335185
214,0.67911154,0.08829377,0.10451077,0.07453556,0.57460076,0.013758205
215,0.45266843,0.069609426,0.10739436,0.07608316,0.34527406,-0.006473735
216,0.5286448,0.04793175,0.08712189,0.060408194,0.4415229,-0.012476444
217,0.47950804,0.07300329,0.09336136,0.07023489,0.38614666,0.0027684048
218,0.434842,0.03960172,0.0809178,0.0559309,0.35392419,-0.01632918
219,0.3939836,0.0988251,0.1216685,0.09534291,0.27231508,0.0034821853
220,0.36562708,0.06853433,0.096906304,0.06333903,0.26872078,0.0051952973
221,0.5510811,0.09190058,0.124612466,0.08865179,0.42646867,0.0032487884
222,0.37672573,0.05047537,0.06785009,0.0463987,0.30887565,0.004076671
223,0.25461558,0.034676563,0.07241668,0.05199302,0.1821989,-0.017316457
224,0.42882794,0.091502786,0.09771253,0.07167781,0.33111542,0.019824974
225,0.46489072,0.06250965,0.094399825,0.07241106,0.3704909,-0.009901412
226,0.3565984,0.10224013,0.10031037,0.07148053,0.25628805,0.030759603
227,0.39233035,0.033550203,0.06403824,0.03902418,0.3282921,-0.005473979
228,0.65902054,0.15815547,0.1465444,0.113575555,0.51247615,0.044579916
229,0.45343885,0.06502584,0.07655581,0.06348136,0.37688303,0.001544483
230,0.5072397,0.069825105,0.102750584,0.06974008,0.4044891,8.5026026e-05
231,0.53068525,0.08744234,0.10989447,0.074660674,0.4207908,0.012781665
232,0.33065477,0.048433844,0.08108658,0.04621725,0.2495682,0.0022165924
233,0.4326341,0.064777166,0.078626,0.057086706,0.35400808,0.0076904595
234,0.3863264,0.05504313,0.081465475,0.0613343,0.30486092,-0.0062911697
235,0.57062477,0.07511781,0.07034849,0.05249948,0.50027627,0.022618331
236,0.4071545,0.05808101,0.08682509,0.055428773,0.32032943,0.0026522353
237,0.37713265,0.05912075,0.06989424,0.055302225,0.3072384,0.0038185231
238,0.2632876,0.037048496,0.060422402,0.046666685,0.2028652,-0.009618189
239,0.68353564,0.11906138,0.14949165,0.11550198,0.53404397,0.0035594031
240,0.6344017,0.074878864,0.103716895,0.076450095,0.53068477,-0.0015712306
241,0.43517417,0.063499756,0.08932617,0.066494994,0.345848,-0.0029952377
242,0.48331437,0.080933206,0.08731054,0.066306755,0.39600384,0.014626451
243,0.47581047,0.09027288,0.11250107,0.08777976,0.36330938,0.0024931207
244,0.56875634,0.14491817,0.13496336,0.09530297,0.43379298,0.049615204
245,0.52012724,0.055468045,0.08081698,0.053101055,0.43931025,0.0023669899
246,0.40013483,0.07537416,0.084813856,0.06116259,0.31532097,0.014211573
247,0.6402499,0.08269548,0.12346077,0.091295384,0.51678914,-0.008599907
248,0.31841642,0.029261226,0.03153298,0.027409825,0.28688344,0.0018514004
249,0.44611087,0.04757979,0.0859455,0.05794332,0.36016536,-0.01036353
250,0.52305365,0.08198686,0.098938376,0.06991764,0.42411527,0.012069218
251,0.3633446,0.042743254,0.081820704,0.061128832,0.2815239,-0.018385578
252,0.39178193,0.06575066,0.09911157,0.06277811,0.29267037,0.0029725507
253,0.5118839,0.06648753,0.09248481,0.071617976,0.4193991,-0.0051304474
254,0.4704857,0.051025756,0.09805302,0.06446354,0.37243265,-0.013437785
255,0.49447486,0.06532038,0.104722895,0.07626377,0.38975197,-0.01094339
256,0.5185058,0.02395457,0.062380217,0.044771075,0.4561256,-0.020816505
257,0.5200278,0.11347542,0.13348415,0.10222491,0.38654366,0.011250511
258,0.5375424,0.070515744,0.10132283,0.071790054,0.43621957,-0.00127431
259,0.5597007,0.07993075,0.123394586,0.08894395,0.43630615,-0.009013198
260,0.36854088,0.054064576,0.07597055,0.05146733,0.29257032,0.0025972463
261,0.444711,0.08555177,0.12344496,0.081667565,0.32126606,0.0038842037
262,0.5301312,0.085551776,0.1070595,0.0764257,0.4230717,0.009126075
263,0.4697446,0.054811556,0.07692547,0.054958366,0.3928191,-0.00014680997
264,0.6884966,0.057936523,0.11235424,0.073999785,0.5761424,-0.016063262
265,0.58334917,0.11664892,0.10740505,0.07623706,0.4759441,0.04041186
266,0.5595214,0.08356972,0.11009048,0.0734698,0.44943088,0.010099918
267,0.5326059,0.04934143,0.09464674,0.06535625,0.43795913,-0.016014818
268,0.4883876,0.07105664,0.088875815,0.05910613,0.3995118,0.0119505115
269,0.53843427,0.10562623,0.1350972,0.11173558,0.40333706,-0.0061093494
270,0.47710806,0.08962903,0.113399185,0.08535385,0.36370888,0.0042751804
271,0.5497086,0.1037579,0.11642426,0.0938787,0.43328434,0.009879202
272,0.48809767,0.08719967,0.1371709,0.09345315,0.35092676,-0.0062534735
273,0.3818142,0.045139607,0.07975585,0.063275054,0.30205837,-0.018135447
274,0.58803624,0.12014271,0.1420806,0.103570424,0.44595563,0.01657229
275,0.5701052,0.087463595,0.1297272,0.08665403,0.440378,0.0008095652
276,0.41962275,0.057018626,0.09128427,0.067331895,0.32833847,-0.010313269
277,0.3242819,0.053315446,0.06704458,0.053744525,0.25723732,-0.00042907894
278,0.42246643,0.052960645,0.056236874,0.037320875,0.36622956,0.01563977
279,0.49641418,0.050138384,0.092931494,0.055402063,0.40348268,-0.0052636787
280,0.4515784,0.044709075,0.0673451,0.052339416,0.3842333,-0.0076303408
281,0.5217352,0.08857836,0.09686021,0.07468575,0.424875,0.013892606
282,0.46257156,0.06374702,0.08091988,0.058891,0.3816517,0.00485602
283,0.43915313,0.050746094,0.081187315,0.055094063,0.35796583,-0.004347969
284,0.31942698,0.059535548,0.062408466,0.041983023,0.2570185,0.017552525
285,0.4942321,0.079795584,0.11310007,0.08344102,0.381132,-0.003645435
286,0.41534352,0.06656038,0.084390774,0.055159442,0.33095276,0.011400938
287,0.62665415,0.123084985,0.13915133,0.08651531,0.4875028,0.036569677
288,0.64733577,0.06050232,0.09471615,0.07272257,0.55261964,-0.012220249
289,0.60609066,0.056548174,0.093973085,0.066091195,0.51211756,-0.00954302
290,0.6061735,0.045372695,0.10069249,0.0647174,0.505481,-0.019344702
291,0.6944639,0.066508435,0.12491493,0.08334204,0.56954896,-0.016833603
292,0.45744407,0.085754745,0.0898284,0.063156165,0.36761567,0.02259858
293,0.42488748,0.08249785,0.115052655,0.087465174,0.30983484,-0.0049673244
294,0.47085163,0.027363593,0.07152082,0.054298867,0.3993308,-0.026935274
295,0.56716055,0.08367269,0.102963924,0.07939912,0.46419662,0.004273571
296,0.48194197,0.01844168,0.047742613,0.030738791,0.43419936,-0.012297111
297,0.31360272,0.023972232,0.09381394,0.054659903,0.21978877,-0.030687671
298,0.48211178,0.09972062,0.12581018,0.084734865,0.3563016,0.014985755
299,0.29471025,0.047956057,0.047305267,0.03241476,0.24740498,0.015541296
300,0.3681767,0.050034348,0.086488865,0.060328137,0.28168783,-0.010293789
301,0.5767421,0.0947765,0.12866955,0.09159855,0.44807255,0.0031779483
302,0.5006267,0.084690996,0.09810247,0.06565212,0.4025242,0.019038878
303,0.45944566,0.07602967,0.13167371,0.085159555,0.32777196,-0.009129882
304,0.5829626,0.08547,0.14081733,0.09448938,0.44214523,-0.009019382
305,0.51111495,0.08804149,0.10744709,0.072864786,0.40366787,0.015176706
306,0.654059,0.08916512,0.14059559,0.10744461,0.5134634,-0.018279485
307,0.5222981,0.0554487,0.08527607,0.05197531,0.43702203,0.00347339
308,0.5734078,0.07917236,0.09796612,0.06670274,0.4754417,0.0124696195
309,0.39762175,0.050325066,0.08823456,0.055757523,0.3093872,-0.0054324567
310,0.3875419,0.041658204,0.07071864,0.044622667,0.31682324,-0.002964463
311,0.59656507,0.0663517,0.09690697,0.07032941,0.4996581,-0.003977716
312,0.42901036,0.03368764,0.04227025,0.032142304,0.38674012,0.0015453361
313,0.34807333,0.07572816,0.088887095,0.06201722,0.25918624,0.013710942
314,0.64540607,0.08962606,0.10990532,0.07942937,0.53550076,0.010196686
315,0.44809598,0.09958592,0.09847575,0.076011814,0.34962022,0.023574106
316,0.50380754,0.07249463,0.10408811,0.07612382,0.39971942,-0.0036291853
317,0.44142717,0.068914786,0.07688801,0.065622225,0.36453915,0.0032925606
318,0.41837344,0.048356336,0.081270866,0.06019787,0.33710256,-0.011841536
319,0.35064992,0.14055799,0.13050625,0.08581101,0.22014368,0.054746978
320,0.5729685,0.08533413,0.08020033,0.06566947,0.49276817,0.01966466
321,0.37485513,0.043623015,0.08673036,0.065153405,0.28812477,-0.02153039
322,0.30561987,0.062359452,0.09181432,0.07539985,0.21380556,-0.013040401
323,0.5083268,0.077838,0.10606172,0.072903216,0.4022651,0.0049347878
324,0.54244375,0.05557363,0.10427435,0.060562503,0.43816942,-0.0049888715
325,0.4158912,0.04590132,0.08838147,0.059013594,0.32750973,-0.013112273
326,0.38835615,0.045034856,0.06503752,0.045608647,0.32331863,-0.00057379156
327,0.6287643,0.108943105,0.12011293,0.09108047,0.5086513,0.017862633
328,0.34634605,0.04161073,0.07979953,0.056425225,0.26654652,-0.014814496
329,0.55885077,0.077510394,0.09945293,0.07486035,0.45939785,0.0026500449
330,0.37731677,0.08494014,0.081917785,0.06427507,0.29539898,0.020665072
331,0.538548,0.08906448,0.12558982,0.09147711,0.41295817,-0.002412632
332,0.39546672,0.08267617,0.07028922,0.050760984,0.3251775,0.031915188
333,0.4766584,0.09751905,0.13151316,0.087607905,0.34514523,0.009911142
334,0.5393217,0.07399666,0.08361171,0.0602336,0.45571,0.013763063
335,0.5165244,0.017753668,0.039711706,0.021927904,0.47681266,-0.004174236
336,0.5009643,0.09699312,0.10578672,0.07567546,0.39517757,0.02131766
337,0.45386994,0.047792055,0.07657229,0.052110124,0.37729764,-0.0043180697
338,0.40886664,0.05455378,0.05088236,0.040140115,0.35798427,0.014413666
339,0.7212441,0.03478592,0.078406885,0.04739487,0.6428372,-0.012608953
340,0.44938722,0.08363337,0.08341801,0.055776477,0.3659692,0.027856894
341,0.541368,0.11038847,0.12015172,0.086445786,0.42121628,0.023942687
342,0.47235426,0.10003831,0.09949515,0.0794167,0.37285912,0.020621613
343,0.3640546,0.0277428,0.04847007,0.031432457,0.3155845,-0.003689658
344,0.40167806,0.1036078,0.122844234,0.09309664,0.2788338,0.01051116
345,0.396106,0.057563003,0.097628996,0.062114697,0.298477,-0.004551694
346,0.34912923,0.04002851,0.08019166,0.058371127,0.2689376,-0.018342618
347,0.4521637,0.027245723,0.06395136,0.05236863,0.38821232,-0.025122907
348,0.5332622,0.04597075,0.056929223,0.036252417,0.47633296,0.009718332
349,0.4185327,0.017720364,0.019975789,0.017573817,0.39855692,0.00014654733
350,0.49442676,0.04496103,0.08408157,0.06596049,0.4103452,-0.020999458
351,0.66572833,0.07829113,0.12802187,0.094541006,0.5377065,-0.016249873
352,0.61560583,0.09897282,0.13391133,0.10262898,0.48169452,-0.0036561638
353,0.49895385,0.078563474,0.087848745,0.06838715,0.4111051,0.010176323
354,0.5599554,0.059446033,0.10771272,0.07486067,0.4522427,-0.015414637
355,0.53845954,0.017051203,0.060978748,0.03363264,0.4774808,-0.016581437
356,0.4642326,0.021432105,0.06880998,0.043747205,0.3954226,-0.0223151
357,0.30932176,0.05200932,0.05011176,0.036548324,0.25921,0.015460998
358,0.44443434,0.07030279,0.08884543,0.05947029,0.3555889,0.010832503
359,0.46581724,0.051496703,0.08903976,0.065000236,0.37677747,-0.013503533
360,0.39779356,0.04822309,0.06894524,0.044981875,0.32884833,0.003241215
361,0.46119872,0.0412109,0.13642247,0.089517385,0.32477623,-0.048306484
362,0.47974598,0.058223624,0.09333167,0.06819929,0.38641432,-0.009975668
363,0.4511435,0.06840592,0.10371949,0.062374372,0.34742403,0.0060315467
364,0.5169683,0.046990357,0.07268012,0.05708968,0.4442882,-0.010099322
365,0.5717888,0.07383748,0.10968933,0.07491419,0.46209946,-0.0010767058
366,0.5595433,0.085836805,0.112321794,0.0835611,0.44722152,0.0022757053
367,0.3664766,0.04291448,0.06663757,0.050619494,0.29983902,-0.007705014
368,0.4714753,0.023927705,0.055313773,0.03890128,0.41616154,-0.014973575
369,0.511475,0.11786892,0.12877004,0.092432715,0.38270497,0.025436208
370,0.66333103,0.06950937,0.09328681,0.06709557,0.5700442,0.0024138018
371,0.5784277,0.111719325,0.12881474,0.09991304,0.44961292,0.011806287
372,0.39367783,0.069762096,0.088825665,0.065555654,0.30485216,0.0042064413
373,0.5111169,0.06055562,0.117359295,0.07868372,0.39375764,-0.0181281
374,0.7019651,0.07837611,0.10648252,0.072851285,0.5954826,0.0055248216
375,0.51531196,0.06655536,0.12082876,0.08199231,0.3944832,-0.015436955
376,0.5583202,0.108734004,0.11194929,0.081189804,0.44637093,0.0275442
377,0.38236552,0.07094947,0.09837951,0.06984576,0.28398603,0.0011037141
378,0.5271616,0.08337242,0.10732011,0.07578894,0.4198415,0.007583484
379,0.4690081,0.06833833,0.113059126,0.075765505,0.35594895,-0.0074271783
380,0.5964859,0.027868906,0.071749486,0.036098555,0.5247364,-0.008229649
381,0.56657183,0.1273709,0.16334543,0.11700539,0.4032264,0.010365501
382,0.2953621,0.04771102,0.06756137,0.04618878,0.22780071,0.0015222393
383,0.6231967,0.043801643,0.08240334,0.06446992,0.54079336,-0.020668276
384,0.4189742,0.07853205,0.12027428,0.095857985,0.29869992,-0.017325938
385,0.36319014,0.032877434,0.06343488,0.051186163,0.29975528,-0.018308729
386,0.24815257,0.02834586,0.027480999,0.019204995,0.22067156,0.009140866
387,0.4809334,0.08613485,0.14055428,0.09185478,0.34037912,-0.00571993
388,0.5050989,0.078832954,0.096750736,0.075108066,0.40834814,0.003724888
389,0.45556545,0.07033805,0.11275764,0.081282966,0.34280783,-0.010944918
390,0.5840412,0.047052182,0.05536626,0.0340385,0.5286749,0.013013683
391,0.6267976,0.11268064,0.13890381,0.10288383,0.48789382,0.009796806
392,0.6033785,0.0915118,0.123625115,0.08226134,0.47975338,0.009250462
393,0.47744015,0.03762581,0.07724427,0.052117325,0.4001959,-0.014491517
394,0.50880605,0.039778363,0.07186233,0.05165388,0.4369437,-0.011875518
395,0.54405355,0.0973143,0.105459966,0.084845826,0.4385936,0.012468472
396,0.42249885,0.078511745,0.11114609,0.06625758,0.31135276,0.012254164
397,0.49565032,0.07255559,0.10143403,0.0726437,0.3942163,-8.8110566e-05
398,0.35452977,0.03873162,0.08055793,0.06375734,0.27397186,-0.025025718
399,0.4463744,0.048241206,0.059568763,0.05143129,0.38680562,-0.0031900853
400,0.54569817,0.068880826,0.08490176,0.0674721,0.46079642,0.001408726
401,0.39184147,0.03979057,0.0711727,0.0441973,0.32066876,-0.004406728
402,0.57429016,0.05926058,0.11588278,0.088873066,0.45840737,-0.029612485
403,0.5064678,0.11856583,0.1217381,0.09781405,0.3847297,0.020751774
404,0.59653443,0.10351661,0.109433435,0.06596186,0.487101,0.03755475
405,0.7178414,0.058555443,0.12441294,0.0920703,0.59342843,-0.033514854
406,0.5445149,0.088174105,0.10426863,0.07284946,0.44024625,0.015324645
407,0.61899686,0.07816649,0.12993781,0.097195506,0.48905903,-0.019029014
408,0.49662092,0.077464156,0.09718585,0.06662079,0.39943507,0.010843366
409,0.43402806,0.04150628,0.06408367,0.04827241,0.3699444,-0.0067661293
410,0.45350108,0.07507151,0.11529738,0.08034177,0.3382037,-0.0052702576
411,0.53738976,0.06944378,0.07708608,0.053554337,0.46030366,0.01588944
412,0.63763934,0.12887527,0.15547445,0.11314322,0.4821649,0.01573205
413,0.45122284,0.0557197,0.061630405,0.038890664,0.38959244,0.016829036
414,0.53486055,0.052779455,0.099644475,0.068971016,0.43521607,-0.01619156
415,0.41254908,0.09037612,0.10727539,0.08364124,0.30527368,0.006734878
416,0.43388945,0.08046316,0.08112586,0.061091285,0.3527636,0.019371878
417,0.49221334,0.11276446,0.11374966,0.08983536,0.3784637,0.022929102
418,0.5600952,0.07711254,0.09257223,0.068748444,0.46752298,0.008364096
419,0.47824368,0.057856787,0.07605283,0.056524336,0.40219086,0.0013324507
420,0.56313825,0.09289582,0.089768305,0.07033692,0.47336996,0.022558898
421,0.29260674,0.09339854,0.120024756,0.08454193,0.17258199,0.008856609
422,0.34520227,0.12001863,0.086100474,0.061681427,0.2591018,0.058337204
423,0.55722356,0.08108066,0.12389095,0.086085916,0.43333262,-0.0050052553
424,0.5988517,0.081187986,0.11104746,0.08535171,0.48780423,-0.004163727
425,0.5083493,0.08887388,0.1280125,0.096168675,0.38033682,-0.0072947964
426,0.6520995,0.05916269,0.10696379,0.06728363,0.5451357,-0.008120939
427,0.5203656,0.0899561,0.11077136,0.07948091,0.40959424,0.0104751885
428,0.5326231,0.06343969,0.11569931,0.07335369,0.4169238,-0.009914003
429,0.4765384,0.09271906,0.11016194,0.08336121,0.36637646,0.009357855
430,0.36278477,0.10866581,0.10698197,0.07867885,0.2558028,0.029986963
431,0.64846855,0.047721922,0.10018227,0.064596824,0.54828626,-0.016874902
432,0.47997487,0.098792866,0.13353845,0.09734201,0.3464364,0.001450859
433,0.42514965,0.11258489,0.13718875,0.09512739,0.2879609,0.0174575
434,0.4453255,0.093369,0.11538093,0.07747131,0.32994455,0.015897691
435,0.51646554,0.034741353,0.07961064,0.055087425,0.4368549,-0.020346072
436,0.68054193,0.10250664,0.14063634,0.104943335,0.5399056,-0.0024366975
437,0.51182795,0.058945872,0.11825234,0.084613845,0.3935756,-0.025667973
438,0.55757046,0.06998097,0.116994545,0.07044296,0.4405759,-0.00046198815
439,0.56737226,0.07615404,0.1267559,0.08836041,0.44061637,-0.012206368
440,0.29587796,0.031095155,0.058862817,0.038814373,0.23701514,-0.0077192187
441,0.7376912,0.0696252,0.103839494,0.07174386,0.6338517,-0.002118662
442,0.49879333,0.09117871,0.112260744,0.083701305,0.3865326,0.0074774027
443,0.63383836,0.13384439,0.16484226,0.12707697,0.4689961,0.006767422
444,0.29882708,0.07358629,0.078897215,0.05249075,0.21992987,0.021095544
445,0.5125065,0.08889819,0.09604522,0.07584442,0.41646126,0.013053767
446,0.5598156,0.07819222,0.12497296,0.076869614,0.43484262,0.0013226047
447,0.56947494,0.08157125,0.12969838,0.08705175,0.43977654,-0.005480498
448,0.25337932,0.058749143,0.06378039,0.041811496,0.18959892,0.016937647
449,0.44980863,0.04314727,0.09274425,0.06383713,0.35706437,-0.020689864
450,0.5185282,0.046180557,0.07483561,0.051012,0.44369262,-0.0048314407
451,0.44411063,0.07729553,0.1055509,0.080533646,0.33855975,-0.0032381192
452,0.5585636,0.110063404,0.1409985,0.10906275,0.4175651,0.0010006502
453,0.41146526,0.032482196,0.0821194,0.06220591,0.32934585,-0.029723715
454,0.5617338,0.05278113,0.09921815,0.06968675,0.46251562,-0.016905617
455,0.5250097,0.056040924,0.08706041,0.054793924,0.4379493,0.001247
456,0.3792539,0.058456793,0.07177563,0.05182608,0.30747825,0.006630715
457,0.66820717,0.14193057,0.18819253,0.12733944,0.48001462,0.014591128
458,0.4210272,0.07389594,0.06626155,0.04915385,0.35476565,0.02474209
459,0.26578,0.03790536,0.029516509,0.023121994,0.2362635,0.0147833675
460,0.6216072,0.04314038,0.11151169,0.07183267,0.5100955,-0.02869229
461,0.5028609,0.06487464,0.10766163,0.07527731,0.39519927,-0.010402672
462,0.52550876,0.04326794,0.073993064,0.053905647,0.4515157,-0.010637708
463,0.68932045,0.08141619,0.10837667,0.07782309,0.58094376,0.003593102
464,0.627881,0.06585291,0.09202467,0.064334095,0.5358563,0.0015188158
465,0.4086978,0.040024646,0.05870198,0.044179358,0.34999582,-0.004154712
466,0.33787057,0.07772832,0.064762436,0.050367612,0.27310812,0.027360711
467,0.51909184,0.111587636,0.15945944,0.118426345,0.3596324,-0.006838709
468,0.6558545,0.052063484,0.11558284,0.07221164,0.5402717,-0.020148154
469,0.52217686,0.071889505,0.091779046,0.061982952,0.4303978,0.009906553
470,0.42451608,0.07094977,0.098506704,0.06258499,0.3260094,0.008364782
471,0.5854033,0.12592548,0.15054056,0.092369474,0.43486276,0.033556007
472,0.6147256,0.09478755,0.15153095,0.10362651,0.46319464,-0.008838959
473,0.28789023,0.11974247,0.08695972,0.05967323,0.2009305,0.060069237
474,0.5400262,0.07615165,0.097973235,0.07080938,0.44205296,0.0053422675
475,0.61365,0.08926228,0.1332775,0.09061177,0.48037252,-0.0013494939
476,0.48502082,0.07182,0.10245506,0.0753023,0.38256577,-0.0034823045
477,0.4141501,0.075683,0.07596282,0.05269172,0.33818728,0.022991277
478,0.5845144,0.10505603,0.1323793,0.09780373,0.4521351,0.0072523057
479,0.44124526,0.03665666,0.072608925,0.040416926,0.36863634,-0.003760267
480,0.46149108,0.057205413,0.115729526,0.06656307,0.34576154,-0.009357657
481,0.5756438,0.09685553,0.124916814,0.08639602,0.45072696,0.010459505
482,0.4517142,0.03255344,0.057748843,0.04080092,0.39396533,-0.00824748
483,0.47777283,0.06293583,0.087329775,0.06896378,0.39044306,-0.006027952
484,0.39926332,0.12809132,0.11612792,0.090393454,0.2831354,0.037697867
485,0.6357399,0.08798842,0.123101234,0.08640632,0.5126387,0.001582101
486,0.5421441,0.058311857,0.090881445,0.0644611,0.45126268,-0.00614924
487,0.5539096,0.07180076,0.110132694,0.08012675,0.4437769,-0.008325987
488,0.5854247,0.07691264,0.105493665,0.07876953,0.47993106,-0.0018568859
489,0.4029015,0.09873368,0.099951655,0.06789799,0.30294985,0.030835688
490,0.47150108,0.07130681,0.083681144,0.06668154,0.38781995,0.0046252683
491,0.45651594,0.080889896,0.10928681,0.06979676,0.34722912,0.011093132
492,0.52958995,0.08666893,0.11336367,0.08777651,0.41622627,-0.001107581
493,0.47819632,0.059647635,0.084496364,0.0629939,0.39369994,-0.0033462644
494,0.46573707,0.05081104,0.08380588,0.06024617,0.3819312,-0.009435128
495,0.62830824,0.1369158,0.14876994,0.11190067,0.4795383,0.02501513
496,0.44673735,0.04992767,0.06965878,0.045621987,0.37707856,0.004305683
497,0.7769884,0.08271294,0.11402311,0.08003956,0.6629653,0.00267338
498,0.3567316,0.081428155,0.099404,0.06579177,0.2573276,0.015636384
499,0.5504946,0.12983155,0.13811365,0.104707375,0.41238096,0.025124177
500,0.4201914,0.0692727,0.08265583,0.05945897,0.33753556,0.009813726
501,0.44058198,0.04211687,0.078763366,0.052125406,0.3618186,-0.010008536
502,0.42500174,0.057157498,0.082435906,0.062247675,0.34256583,-0.005090177
503,0.6376281,0.07886868,0.1042069,0.073634595,0.53342116,0.005234085
504,0.5861628,0.053242274,0.07499128,0.053476382,0.5111715,-0.00023410842
505,0.6398358,0.1057116,0.12938483,0.09367086,0.51045096,0.012040742
506,0.44632623,0.08878154,0.12417666,0.09111501,0.32214957,-0.0023334697
507,0.5325127,0.08586727,0.086321056,0.060611468,0.44619167,0.025255803
508,0.46729305,0.059952695,0.0705944,0.052481882,0.39669865,0.0074708126
509,0.68891907,0.17203943,0.20962231,0.16618398,0.47929674,0.005855456
510,0.4909894,0.072319,0.08946846,0.06599985,0.40152094,0.0063191503
511,0.3981582,0.06237931,0.06320498,0.043843728,0.33495322,0.018535584
512,0.4861721,0.07139168,0.10111308,0.07005142,0.38505903,0.0013402626
513,0.5848076,0.0735179,0.122792676,0.083810434,0.4620149,-0.01029253
514,0.5132302,0.11405637,0.14092931,0.10476847,0.3723009,0.009287901
515,0.58620524,0.06752619,0.10415794,0.07538039,0.48204732,-0.007854201
516,0.49233294,0.07697546,0.11100702,0.08018486,0.3813259,-0.0032094046
517,0.45059767,0.039710574,0.06375059,0.050471254,0.38684708,-0.01076068
518,0.44043815,0.052179664,0.08128728,0.05406452,0.3591509,-0.0018848553
519,0.34378186,0.030181797,0.051289808,0.034595296,0.29249206,-0.0044134986
520,0.44343483,0.06526247,0.061202127,0.048030365,0.3822327,0.017232101
521,0.48760366,0.084038496,0.11986093,0.0834876,0.36774272,0.00055089593
522,0.50708514,0.07046673,0.1226624,0.08723808,0.38442275,-0.016771354
523,0.57581425,0.08311351,0.09833077,0.07081788,0.47748348,0.012295626
524,0.5454166,0.058683094,0.09687539,0.06706767,0.4485412,-0.008384574
525,0.5206381,0.107479565,0.10788663,0.07547819,0.4127515,0.032001376
526,0.49657512,0.058427732,0.09264886,0.06492227,0.40392625,-0.0064945407
527,0.5231212,0.12252559,0.14756456,0.108844854,0.37555662,0.013680734
528,0.7603612,0.088107765,0.11619546,0.07462803,0.64416575,0.013479732
529,0.48423424,0.0454803,0.07244326,0.054987896,0.41179097,-0.0095075965
530,0.42271033,0.07155642,0.06815635,0.051787715,0.354554,0.019768704
531,0.44680044,0.052554183,0.08334284,0.05991267,0.3634576,-0.0073584877
532,0.35997358,0.033167977,0.0427757,0.025478274,0.3171979,0.0076897033
533,0.54967916,0.050899982,0.097292475,0.0687799,0.45238668,-0.017879918
534,0.4642284,0.110288024,0.10995524,0.08820325,0.35427314,0.022084773
535,0.6413294,0.086709194,0.12547216,0.08329253,0.5158572,0.003416665
536,0.56849205,0.05380117,0.09115322,0.060607463,0.47733885,-0.0068062916
537,0.61410403,0.12672278,0.13996872,0.09861327,0.4741353,0.028109513
538,0.74459577,0.071216494,0.16019449,0.09986584,0.58440125,-0.028649345
539,0.5825596,0.0730589,0.13657057,0.092204645,0.445989,-0.019145742
540,0.43461475,0.04096149,0.06965139,0.04550976,0.36496335,-0.0045482703
541,0.51382273,0.12368973,0.13721362,0.10493666,0.37660912,0.018753074
542,0.51616406,0.05197707,0.10590376,0.079549626,0.41026032,-0.027572557
543,0.533919,0.076639645,0.11545615,0.066962525,0.4184628,0.00967712
544,0.5622721,0.08486076,0.10122649,0.066839494,0.46104556,0.018021263
545,0.45018318,0.08065355,0.0882034,0.061222356,0.36197978,0.019431192
546,0.6764117,0.09364709,0.15292114,0.10614638,0.52349055,-0.012499288
547,0.5678814,0.08628326,0.110827506,0.077330604,0.4570539,0.008952655
548,0.37332752,0.09811806,0.13014492,0.08465809,0.2431826,0.013459973
549,0.65836966,0.07668457,0.12488536,0.08323089,0.5334843,-0.0065463185
550,0.5766224,0.10131929,0.12049101,0.08405374,0.4561314,0.01726555
551,0.550793,0.07808561,0.13056205,0.09231545,0.42023093,-0.0142298415
552,0.39156303,0.076942146,0.06020146,0.045464277,0.33136156,0.03147787
553,0.3587888,0.027102632,0.059234947,0.035793453,0.29955384,-0.008690821
554,0.57953554,0.07327173,0.1486072,0.09989772,0.43092835,-0.02662599
555,0.529622,0.084192015,0.12928355,0.08720748,0.40033847,-0.003015466
556,0.5527091,0.053917445,0.11839759,0.07163076,0.4343115,-0.017713316
557,0.4378879,0.043360136,0.05688312,0.03709325,0.38100478,0.006266888
558,0.55154604,0.08678493,0.09134914,0.070175,0.4601969,0.01660993
559,0.44457805,0.058058657,0.08171132,0.05758385,0.36286673,0.00047480687
560,0.6019108,0.12063813,0.12337623,0.085696675,0.4785346,0.034941457
561,0.57630885,0.0028972016,0.034219403,0.024547648,0.54208946,-0.021650447
562,0.515767,0.0819709,0.11093235,0.07225654,0.40483463,0.009714358
563,0.5377754,0.060048874,0.09169053,0.05677449,0.44608486,0.003274385
564,0.6906314,0.10056395,0.14979148,0.099527135,0.5408399,0.0010368153
565,0.5921147,0.13399838,0.17202698,0.13152274,0.4200877,0.0024756342
566,0.44425818,0.09078698,0.13013293,0.09201901,0.31412524,-0.001232028
567,0.5088344,0.09944532,0.11919765,0.08265809,0.38963675,0.016787231
568,0.52531564,0.07165259,0.10458008,0.07321222,0.42073557,-0.00155963
569,0.5496496,0.060686484,0.10135432,0.07075932,0.44829527,-0.010072835
570,0.30480123,0.05762187,0.058360796,0.04220735,0.24644043,0.015414521
571,0.5030065,0.036917392,0.09532876,0.07206416,0.40767777,-0.03514677
572,0.5997482,0.07399826,0.14676638,0.09114631,0.45298183,-0.017148055
573,0.6466754,0.13865133,0.16509655,0.12114475,0.48157886,0.017506577
574,0.54909045,0.09527715,0.1074806,0.07846816,0.44160986,0.016808994
575,0.54090035,0.062908694,0.13160017,0.081892766,0.40930018,-0.018984072
576,0.22629392,0.03426667,0.05193047,0.032106817,0.17436345,0.0021598525
577,0.5968788,0.09949383,0.13154638,0.09497353,0.46533245,0.0045203045
578,0.5784078,0.08136366,0.11018275,0.07579825,0.46822506,0.0055654123
579,0.62218446,0.06529848,0.087934986,0.06758223,0.5342495,-0.0022837445
580,0.65128165,0.05661657,0.101543106,0.07095692,0.5497385,-0.014340352
581,0.39355427,0.090708934,0.09565779,0.07305594,0.29789647,0.017652996
582,0.4773155,0.11971239,0.11453696,0.08701072,0.3627785,0.03270167
583,0.5343135,0.016033694,0.03094243,0.021925177,0.50337106,-0.0058914833
584,0.39993066,0.102493785,0.103728,0.07670508,0.29620266,0.025788702
585,0.42412475,0.102551244,0.084689714,0.065630905,0.33943504,0.03692034
586,0.5005202,0.06320172,0.08893311,0.0626544,0.41158712,0.00054731965
587,0.49128017,0.072994865,0.0732899,0.055239223,0.41799027,0.017755643
588,0.4443447,0.09941947,0.08600618,0.06564881,0.35833853,0.033770658
589,0.44192266,0.08437832,0.110343255,0.08116699,0.33157942,0.003211327
590,0.5123584,0.002115765,0.032490306,0.025172675,0.4798681,-0.02305691
591,0.5913707,0.043323334,0.089031324,0.058486246,0.50233936,-0.015162911
592,0.57014555,0.042671185,0.09245771,0.06479561,0.47768784,-0.022124428
593,0.46513954,0.066607915,0.10305905,0.07106088,0.36208048,-0.004452966
594,0.4895556,0.08328177,0.12031846,0.08437187,0.36923712,-0.0010901019
595,0.55020016,0.09776727,0.15011725,0.10063698,0.40008292,-0.0028697103
596,0.54210025,0.07112608,0.088831976,0.063850716,0.4532683,0.0072753653
597,0.75522697,0.16828598,0.21498454,0.15732834,0.54024243,0.010957643
598,0.24708696,0.046151593,0.054305412,0.042027794,0.19278154,0.0041237995
599,0.34054747,0.037965827,0.044297464,0.0254711,0.29625002,0.012494726
600,0.41028062,-0.002058538,0.028058793,0.017637976,0.38222182,-0.019696513
601,0.50236344,0.15398307,0.19647543,0.14392127,0.305888,0.0100618005
602,0.25691548,0.030023258,0.04248649,0.025813524,0.21442899,0.0042097345
603,0.28974217,0.03478211,0.06439181,0.03697092,0.22535037,-0.0021888092
604,0.446818,0.08064976,0.099493966,0.07787669,0.347324,0.0027730763
605,0.48336008,0.092831224,0.14481327,0.09249346,0.3385468,0.00033776462
606,0.47463277,0.10081889,0.1018154,0.069281004,0.37281737,0.031537883
607,0.46339935,0.048656557,0.09374816,0.060177587,0.3696512,-0.01152103
608,0.7296008,0.121467784,0.17977357,0.14039484,0.5498272,-0.018927053
609,0.422043,0.07850498,0.07622387,0.056327194,0.34581912,0.022177786
610,0.49532336,0.06520889,0.078359514,0.05316949,0.41696385,0.012039401
611,0.7214094,0.11890823,0.13979067,0.10733094,0.5816187,0.011577286
612,0.7107984,0.117255695,0.15942632,0.11417855,0.55137205,0.003077142
613,0.46852723,0.09699771,0.14695176,0.10416917,0.32157546,-0.0071714595
614,0.68616027,0.063306615,0.116819285,0.08093318,0.569341,-0.017626569
615,0.45887232,0.068524405,0.10582237,0.079041764,0.35304993,-0.010517359
616,0.5153728,0.10325393,0.12867786,0.08699323,0.38669497,0.016260698
617,0.68023545,0.13317527,0.14833844,0.11623925,0.531897,0.016936019
618,0.650104,0.0976996,0.14015806,0.104063,0.5099459,-0.0063633993
619,0.4792115,0.05631525,0.10169581,0.074721634,0.3775157,-0.018406384
620,0.5232915,0.08032174,0.0953345,0.069540285,0.42795703,0.010781452
621,0.5621889,0.107459046,0.077761084,0.063933775,0.48442784,0.04352527
622,0.48623782,0.07390821,0.13409765,0.08763392,0.3521402,-0.013725713
623,0.6676708,0.07574104,0.11705206,0.07230785,0.5506187,0.0034331903
624,0.4329176,0.07134924,0.09369526,0.06817845,0.33922234,0.0031707883
625,0.41662574,0.08556055,0.11758957,0.08812271,0.29903618,-0.0025621578
626,0.32608864,0.048784725,0.08400718,0.047099117,0.24208146,0.0016856082
627,0.46126655,0.09719734,0.10721302,0.08271858,0.35405353,0.014478758
628,0.5626458,0.07892884,0.12609372,0.097545035,0.43655208,-0.018616192
629,0.32573807,0.116825916,0.10030166,0.07776737,0.22543642,0.039058544
630,0.5350556,0.07586569,0.10867468,0.07398315,0.4263809,0.0018825457
631,0.40860772,0.044807848,0.0766213,0.05159735,0.33198643,-0.0067895018
632,0.49393874,0.07579451,0.096707925,0.073210016,0.3972308,0.0025844947
633,0.55704767,0.07608359,0.093271315,0.062713206,0.46377635,0.013370387
634,0.42357698,0.0506796,0.09161886,0.066174366,0.33195812,-0.015494764
635,0.43447882,0.03307624,0.077718824,0.060049135,0.35676,-0.026972894
636,0.5181507,0.11274803,0.13851857,0.102148965,0.37963212,0.010599062
637,0.48431718,0.060408477,0.06774286,0.053150434,0.41657433,0.0072580427
638,0.45109338,0.083356805,0.103093885,0.070764124,0.34799948,0.012592681
639,0.5858372,0.011284207,0.044097163,0.03131053,0.54174,-0.020026322
640,0.4698021,0.07106308,0.07925261,0.06199642,0.3905495,0.00906666
641,0.50167567,0.058312844,0.09628398,0.0747015,0.4053917,-0.016388658
642,0.5670421,0.10889487,0.14387769,0.10796571,0.42316443,0.0009291619
643,0.53929245,0.05576771,0.08883732,0.059124388,0.45045513,-0.0033566765
644,0.35013154,0.05548439,0.095100686,0.06608464,0.25503087,-0.0106002465
645,0.5139681,0.063867,0.08363851,0.060218535,0.4303296,0.0036484674
646,0.589004,0.054019075,0.09560144,0.06678052,0.49340254,-0.012761448
647,0.35549477,0.07438549,0.101974286,0.07874573,0.2535205,-0.0043602437
648,0.33816835,0.032288335,0.05984106,0.04067964,0.2783273,-0.008391306
649,0.4342303,0.08797171,0.13275129,0.106998876,0.301479,-0.019027166
650,0.53383976,0.06761225,0.09337573,0.062031247,0.44046402,0.0055810064
651,0.5582802,0.06659845,0.101513304,0.076217026,0.45676693,-0.009618573
652,0.15075593,0.026337057,0.035378292,0.027550086,0.115377635,-0.001213029
653,0.6514298,0.08250554,0.14375526,0.09322909,0.5076745,-0.010723554
654,0.51779,0.075627305,0.12120813,0.097995535,0.3965819,-0.02236823
655,0.58768654,0.12021128,0.14268711,0.10408194,0.44499943,0.016129337
656,0.5152682,0.061170295,0.075101286,0.048531123,0.44016692,0.012639172
657,0.60631144,0.068294674,0.099878155,0.07690495,0.5064333,-0.008610278
658,0.6147217,0.09336547,0.10371077,0.07232763,0.51101094,0.02103784
659,0.5117992,0.05989615,0.11172207,0.075142585,0.40007716,-0.015246436
660,0.4533782,0.047294885,0.0851212,0.053034514,0.368257,-0.0057396293
661,0.5382285,0.034058645,0.09262603,0.05822556,0.44560248,-0.024166916
662,0.31925124,0.055845615,0.05819269,0.037173886,0.26105854,0.018671729
663,0.49567032,0.049265333,0.076723315,0.060321737,0.418947,-0.011056405
664,0.31633118,0.072884865,0.06106664,0.042816497,0.25526455,0.030068368
665,0.51353985,0.07254584,0.111740425,0.076084144,0.40179944,-0.003538303
666,0.46924147,0.16272254,0.1202814,0.09096378,0.34896007,0.07175876
667,0.55099106,0.042460814,0.060821988,0.03640445,0.49016908,0.0060563646
668,0.58894545,0.06291895,0.090809755,0.05736751,0.4981357,0.0055514425
669,0.5137825,0.07459788,0.09096683,0.06513565,0.42281568,0.00946223
670,0.42652795,0.08097062,0.08526601,0.06647943,0.34126192,0.014491193
671,0.48833755,0.050016146,0.08785042,0.0647373,0.40048712,-0.014721151
672,0.4523575,0.0758873,0.11505401,0.08332759,0.3373035,-0.0074402913
673,0.62535846,0.12690416,0.14109631,0.109731235,0.48426217,0.017172925
674,0.27856502,0.06152618,0.07302814,0.05034892,0.20553687,0.01117726
675,0.42595044,0.053205717,0.07889966,0.05659438,0.3470508,-0.003388662
676,0.4426291,0.053029835,0.0814303,0.055781692,0.36119878,-0.002751857
677,0.32946143,0.05561038,0.08632697,0.060480397,0.24313445,-0.004870016
678,0.5275528,0.06415861,0.11730476,0.073653854,0.41024804,-0.009495243
679,0.5230648,0.08287356,0.108428895,0.07205184,0.4146359,0.010821722
680,0.49772128,0.06571726,0.09274329,0.06897606,0.40497798,-0.003258802
681,0.49708182,0.12596034,0.15433897,0.11000659,0.34274286,0.015953742
682,0.50576246,0.036720634,0.06753975,0.04550733,0.4382227,-0.008786697
683,0.5562859,0.044260006,0.088883325,0.06311335,0.46740258,-0.01885334
684,0.4075961,0.0601363,0.085879125,0.06493273,0.321717,-0.0047964267
685,0.52270216,0.055541374,0.080430575,0.058506537,0.4422716,-0.0029651634
686,0.75019157,0.07770412,0.11821084,0.076591745,0.6319807,0.0011123717
687,0.42144898,0.08572839,0.104904965,0.07306556,0.316544,0.012662835
688,0.27094927,0.035861216,0.041199412,0.033816963,0.22974986,0.002044253
689,0.5976713,0.08126047,0.098082826,0.070938624,0.49958843,0.010321848
690,0.404994,0.057776637,0.0857069,0.058831245,0.31928712,-0.0010546073
691,0.56031096,0.09700757,0.12183531,0.08837415,0.43847567,0.00863342
692,0.4876217,0.044040266,0.07471689,0.044963498,0.4129048,-0.00092323124
693,0.49821895,0.06582816,0.10151923,0.062080126,0.39669973,0.0037480332
694,0.6077685,0.099975586,0.12573823,0.1002152,0.48203024,-0.00023961067
695,0.5773077,0.07897621,0.09693881,0.06902008,0.48036888,0.009956129
696,0.40715045,0.05428685,0.088050865,0.06693096,0.31909958,-0.012644108
697,0.61269575,0.076842465,0.11825395,0.08096581,0.4944418,-0.004123345
698,0.5937668,0.10619166,0.14272559,0.10702388,0.45104122,-0.0008322224
699,0.32557675,0.06271146,0.08281876,0.060050357,0.24275799,0.0026611052
700,0.2988325,0.04146556,0.046798088,0.03769868,0.25203443,0.0037668832
701,0.4195853,0.060478266,0.088049166,0.061677564,0.3315361,-0.0011992976
702,0.25648272,0.04583196,0.052674823,0.03633716,0.20380789,0.0094948
703,0.52130157,0.06665797,0.0861822,0.057462443,0.43511936,0.009195525
704,0.3821126,0.022845231,0.07237622,0.051045798,0.30973637,-0.028200567
705,0.6406022,0.08209634,0.12732954,0.09355469,0.51327264,-0.011458352
706,0.5646765,0.055284463,0.07933377,0.06072592,0.48534274,-0.005441457
707,0.46092695,0.06043573,0.06769696,0.05478574,0.39323,0.0056499913
708,0.5964376,0.028449897,0.08444309,0.056799173,0.5119945,-0.028349277
709,0.5710628,0.069936305,0.08705561,0.059447967,0.48400718,0.010488339
710,0.43042096,0.06333562,0.099567726,0.072458744,0.33085322,-0.009123124
711,0.38273108,0.03950805,0.0632151,0.042298034,0.31951597,-0.0027899854
712,0.43617332,0.1164808,0.14270233,0.10850005,0.29347098,0.007980749
713,0.6382124,0.049740326,0.09961006,0.062636316,0.53860235,-0.01289599
714,0.508672,0.094908655,0.11151948,0.07476665,0.3971525,0.020142004
715,0.43169156,0.098547526,0.083626434,0.06821583,0.34806514,0.030331694
716,0.5766277,0.06248738,0.12874644,0.080564275,0.44788122,-0.018076897
717,0.47744393,0.049044743,0.08563984,0.052541308,0.3918041,-0.003496565
718,0.5776092,0.08145955,0.09814059,0.06435365,0.47946858,0.0171059
719,0.5574623,0.08009533,0.09504194,0.06286504,0.46242034,0.017230287
720,0.55140513,0.07349475,0.11507054,0.079884835,0.4363346,-0.0063900873
721,0.42867693,0.050910134,0.0900535,0.053359676,0.33862343,-0.0024495423
722,0.43914926,0.06706212,0.10279925,0.069754794,0.33635002,-0.002692677
723,0.55923635,0.083779365,0.13707021,0.09383707,0.42216614,-0.010057703
724,0.72234994,0.12857594,0.16770263,0.113317944,0.5546473,0.015257992
725,0.3868595,0.036697216,0.057915173,0.042389415,0.32894433,-0.005692199
726,0.47921285,0.06214999,0.12509078,0.08192752,0.35412207,-0.019777533
727,0.6359948,0.106854185,0.13438189,0.08524881,0.5016129,0.021605372
728,0.4846748,0.08755186,0.10453342,0.0760599,0.38014138,0.011491962
729,0.35143325,0.06367955,0.08617919,0.06682326,0.26525405,-0.0031437054
730,0.5178569,0.052415956,0.08310503,0.062406063,0.43475187,-0.009990107
731,0.30755696,0.034703825,0.05526919,0.03920006,0.25228778,-0.0044962354
732,0.50016654,0.073256195,0.07317974,0.056014616,0.4269868,0.017241579
733,0.5308372,0.06301478,0.11958437,0.08825089,0.4112528,-0.025236107
734,0.5922066,0.14070845,0.1276697,0.09824226,0.4645369,0.042466186
735,0.6660677,0.10439216,0.14774808,0.10602605,0.5183196,-0.00163389
736,0.3137876,0.104519546,0.09878509,0.07434268,0.21500252,0.030176863
737,0.52446127,0.09455223,0.11842634,0.09180727,0.40603495,0.0027449578
738,0.5559975,0.0542819,0.08270911,0.062153786,0.4732884,-0.007871885
739,0.47195795,0.08084682,0.096919976,0.07465807,0.37503797,0.006188743
740,0.5788969,0.10133357,0.12665978,0.09644785,0.4522371,0.0048857257
741,0.5402351,0.056683626,0.090564646,0.06584065,0.44967046,-0.009157021
742,0.49694756,0.08382553,0.120389566,0.08865659,0.376558,-0.004831061
743,0.6162496,0.09769971,0.1365367,0.09253125,0.4797129,0.0051684603
744,0.4900259,0.07466478,0.10072573,0.07530482,0.38930017,-0.0006400421
745,0.50561357,0.088772565,0.08562623,0.06607864,0.41998732,0.022693925
746,0.4292651,0.04998593,0.075608835,0.055670105,0.3536563,-0.0056841746
747,0.3063021,0.021837508,0.048838902,0.03167285,0.2574632,-0.009835342
748,0.5902223,0.05900731,0.101844385,0.07172916,0.48837793,-0.0127218515
749,0.3913193,0.042122103,0.06657033,0.050384592,0.324749,-0.008262489
750,0.43695316,0.0432122,0.085337326,0.062411416,0.35161585,-0.019199215
751,0.5589087,0.07261063,0.106392644,0.08057852,0.45251605,-0.007967889
752,0.44935942,0.05410097,0.10075672,0.06560634,0.3486027,-0.011505369
753,0.33459246,0.05205325,0.05844475,0.03256976,0.27614772,0.019483492
754,0.45193672,0.051689625,0.07516174,0.05577437,0.37677497,-0.0040847436
755,0.57858485,0.0485915,0.0900322,0.062310457,0.48855266,-0.013718959
756,0.45545426,0.049720943,0.07383866,0.047630157,0.3816156,0.0020907857
757,0.4545387,0.094030365,0.08916465,0.06447916,0.36537406,0.029551208
758,0.51203954,0.0721016,0.10795826,0.08197692,0.40408128,-0.00987532
759,0.31944588,0.03967187,0.06678762,0.0414276,0.25265825,-0.0017557293
760,0.42257702,0.08910655,0.086768754,0.06673087,0.33580828,0.02237568
761,0.38343695,0.08064491,0.12200072,0.09238675,0.26143622,-0.011741839
762,0.50803536,0.08081848,0.1016681,0.07900031,0.40636727,0.0018181726
763,0.60414064,0.08431069,0.11160008,0.0791934,0.49254057,0.0051172897
764,0.5796999,0.052482266,0.08589718,0.068856195,0.4938027,-0.016373929
765,0.74482375,0.11888205,0.14666812,0.10524927,0.5981556,0.013632782
766,0.39774564,0.08818381,0.09234629,0.06606601,0.30539936,0.022117801
767,0.43495616,0.10222269,0.10920467,0.0758513,0.32575148,0.02637139
768,0.63872415,0.114832565,0.1528574,0.11191396,0.48586676,0.0029186085
769,0.46614555,0.01857502,0.05798461,0.044035453,0.40816092,-0.025460433
770,0.59380096,0.096882865,0.11051142,0.0799111,0.48328954,0.016971767
771,0.5991671,0.12737454,0.11670091,0.085761696,0.4824662,0.04161285
772,0.5700616,0.12999523,0.12791198,0.091599956,0.44214964,0.03839527
773,0.6276638,0.082122356,0.12113758,0.08626344,0.50652623,-0.004141085
774,0.514763,0.08494571,0.10954692,0.076401494,0.40521607,0.008544214
775,0.49062628,0.098686524,0.12622333,0.09579275,0.36440295,0.0028937757
776,0.6764165,0.08135022,0.09320848,0.06512996,0.583208,0.016220264
777,0.5630594,0.050354075,0.080292,0.056815732,0.4827674,-0.0064616576
778,0.44819224,0.059345722,0.100770116,0.072624356,0.34742212,-0.013278633
779,0.5488096,0.062607385,0.08018094,0.060590774,0.46862864,0.0020166114
780,0.35922244,0.047369815,0.071889885,0.04523405,0.28733256,0.0021357648
781,0.4823802,0.07954684,0.104900695,0.0767843,0.37747952,0.0027625412
782,0.46244603,0.0875327,0.12616535,0.09173833,0.3362807,-0.004205629
783,0.54325694,0.06381014,0.080453835,0.064084895,0.4628031,-0.00027475506
784,0.42116532,0.05774362,0.063274175,0.047716103,0.35789114,0.010027517
785,0.45518824,0.09688385,0.10960841,0.086748816,0.34557983,0.010135032
786,0.5268267,0.07219173,0.07610429,0.051877655,0.4507224,0.020314075
787,0.42287517,0.05278061,0.06930107,0.05077509,0.3535741,0.0020055212
788,0.43368587,0.073453195,0.0953073,0.06096846,0.33837858,0.012484737
789,0.4878995,0.07887459,0.06264688,0.053102873,0.42525262,0.025771715
790,0.43534622,0.07336036,0.10040973,0.07344399,0.3349365,-8.362532e-05
791,0.46521655,0.11068928,0.12780365,0.09157131,0.3374129,0.019117974
792,0.50451887,0.13958962,0.08710005,0.068899654,0.4174188,0.07068997
793,0.32153678,0.103490464,0.10569346,0.076981574,0.21584332,0.02650889
794,0.5593732,0.0877001,0.13826774,0.09509106,0.42110544,-0.007390961
795,0.47072694,0.091131136,0.0910852,0.06551646,0.37964174,0.025614679
796,0.47315732,0.049739446,0.07908805,0.05223737,0.39406925,-0.0024979226
797,0.53307045,0.034511168,0.10435803,0.07900789,0.42871243,-0.04449672
798,0.54155535,0.06599069,0.0805721,0.059022404,0.46098325,0.006968282
799,0.40311667,0.06669928,0.082596384,0.06759843,0.32052028,-0.00089915097
800,0.5719093,0.10355731,0.119312465,0.08519199,0.45259684,0.018365324
801,0.627716,0.09834268,0.0883,0.060748942,0.539416,0.037593737
802,0.5440932,0.10030099,0.12399201,0.08860155,0.42010117,0.011699438
803,0.37841457,0.041449495,0.04902974,0.034679133,0.32938483,0.006770361
804,0.56599337,0.09342897,0.09901014,0.07656582,0.46698323,0.016863152
805,0.563294,0.015726805,0.04846996,0.035236686,0.51482403,-0.019509882
806,0.3037542,0.06314202,0.074557506,0.053944282,0.2291967,0.009197734
807,0.57735115,0.07854038,0.09876215,0.071068205,0.478589,0.0074721724
808,0.43760487,0.07552427,0.099889204,0.069972076,0.3377157,0.005552195
809,0.4547665,0.081746176,0.07510442,0.05831493,0.3796621,0.023431245
810,0.40062675,0.06834422,0.08820541,0.05550313,0.31242132,0.012841091
811,0.46605033,0.062011044,0.08005288,0.048452757,0.38599744,0.013558287
812,0.4678422,0.07351061,0.108780645,0.08340052,0.35906154,-0.009889908
813,0.650387,0.12183516,0.161296,0.12102611,0.48909098,0.00080904365
814,0.4038644,0.09644206,0.10393548,0.069107614,0.29992893,0.027334444
815,0.27067545,0.03164729,0.07471083,0.05121609,0.19596462,-0.019568797
816,0.5635434,0.06237839,0.0909615,0.07029919,0.47258186,-0.007920802
817,0.4875876,0.06329114,0.09547369,0.06649749,0.39211392,-0.00320635
818,0.4226033,0.057207126,0.090892,0.06566759,0.3317113,-0.008460466
819,0.44009572,0.05272392,0.056695234,0.033390198,0.3834005,0.019333724
820,0.4894162,0.045919616,0.07222211,0.04557849,0.4171941,0.00034112483
821,0.64892876,0.09416347,0.13346519,0.09333746,0.5154636,0.0008260086
822,0.3123348,0.052390683,0.051540293,0.03728713,0.26079452,0.0151035525
823,0.45076108,0.061079867,0.0888819,0.055710495,0.36187917,0.0053693727
824,0.4745533,0.079859875,0.10714676,0.07341326,0.36740652,0.006446615
825,0.41780123,0.047031075,0.0575685,0.042232092,0.36023274,0.0047989823
826,0.4751657,0.068527736,0.08990962,0.06395222,0.38525608,0.0045755133
827,0.44573444,0.080899976,0.12137481,0.08770439,0.32435963,-0.006804414
828,0.48923373,0.1154482,0.124415115,0.0817288,0.36481863,0.033719398
829,0.4211998,0.065453775,0.0732169,0.05903529,0.34798288,0.006418485
830,0.535186,0.052213904,0.09731838,0.06383545,0.4378676,-0.011621546
831,0.5734138,0.061311647,0.09122143,0.06540881,0.48219237,-0.0040971637
832,0.51120144,0.054342374,0.12252015,0.07819159,0.3886813,-0.02384922
833,0.60691386,0.05509487,0.104691386,0.071905546,0.5022225,-0.016810674
834,0.35319722,0.060062293,0.077335194,0.0533956,0.27586204,0.006666694
835,0.5630407,0.16485868,0.18080723,0.14658304,0.38223344,0.018275648
836,0.388226,0.034630988,0.078601904,0.05981915,0.3096241,-0.025188163
837,0.5831026,0.1153992,0.15538503,0.11494102,0.42771757,0.00045817345
838,0.47622275,0.06710831,0.09850725,0.06518557,0.3777155,0.0019227415
839,0.5252404,0.096257165,0.12767704,0.0860669,0.3975634,0.010190263
840,0.510137,0.075170085,0.09424129,0.07214358,0.41589573,0.0030265078
841,0.40160525,0.08305142,0.08620478,0.058359463,0.31540048,0.024691958
842,0.5203689,0.10719443,0.14352879,0.10117231,0.37684008,0.006022118
843,0.51243716,0.06538089,0.10399014,0.068900295,0.40844703,-0.003519401
844,0.5397816,0.06819249,0.09758313,0.070452586,0.44219846,-0.0022600964
845,0.4660238,0.102432944,0.11205654,0.08510357,0.35396725,0.017329372
846,0.49278748,0.043216743,0.10041698,0.067469046,0.3923705,-0.024252303
847,0.4786832,0.07330085,0.09634788,0.06831871,0.3823353,0.0049821436
848,0.4056028,0.09628497,0.084854946,0.06304897,0.32074785,0.033235997
849,0.49774492,0.17632012,0.14557348,0.114045456,0.35217142,0.062274665
850,0.5785065,0.08783087,0.08233429,0.05911242,0.49617225,0.028718453
851,0.47241798,0.09483907,0.11306429,0.079038404,0.3593537,0.01580067
852,0.32436618,0.049789798,0.09875672,0.07411979,0.22560945,-0.024329994
853,0.5931365,0.13552974,0.13236201,0.08978601,0.46077448,0.045743734
854,0.5164167,0.098229066,0.13556592,0.09116918,0.3808508,0.007059887
855,0.67922676,0.09579147,0.12043025,0.07960747,0.5587965,0.016183995
856,0.55646044,0.09994024,0.124391615,0.08127992,0.43206882,0.018660322
857,0.6327028,0.12416593,0.1708416,0.12833187,0.46186122,-0.00416594
858,0.6117669,0.08031486,0.13787338,0.08683117,0.4738935,-0.0065163076
859,0.49956825,0.044960678,0.075248316,0.04756105,0.42431992,-0.0026003718
860,0.4798285,0.103136025,0.08793763,0.06045664,0.39189088,0.042679384
861,0.5200758,0.07825778,0.09896512,0.07027806,0.4211107,0.007979713
862,0.35767233,0.04943466,0.06478396,0.044857822,0.29288837,0.004576836
863,0.49745354,0.074410215,0.09082337,0.071674675,0.40663016,0.0027355403
864,0.5169491,0.09641061,0.11520591,0.07942633,0.4017432,0.016984276
865,0.59399384,0.13725287,0.14798555,0.10203545,0.4460083,0.03521742
866,0.4802043,0.053981703,0.120494686,0.085512355,0.35970962,-0.031530652
867,0.5832639,0.082530156,0.13759282,0.10024402,0.44567105,-0.017713867
868,0.38472974,0.045646276,0.080331884,0.052106023,0.30439785,-0.0064597465
869,0.67740405,0.09581098,0.13488826,0.09517126,0.54251575,0.00063972175
870,0.5165899,0.035255365,0.049856782,0.034171708,0.4667331,0.0010836571
871,0.6038862,0.05072984,0.09118223,0.055464447,0.51270396,-0.0047346056
872,0.47355294,0.05547524,0.1092781,0.072632484,0.36427486,-0.017157245
873,0.41277885,0.053351782,0.095179774,0.06696494,0.3175991,-0.013613157
874,0.43527317,0.10296404,0.107373856,0.080747366,0.3278993,0.022216678
875,0.40633804,0.09347397,0.106086984,0.07703767,0.30025107,0.016436301
876,0.5615901,0.11295062,0.15223442,0.107053675,0.40935564,0.0058969483
877,0.45128,0.088761516,0.114213094,0.07292286,0.3370669,0.015838653
878,0.54929775,0.073552206,0.080497526,0.06310527,0.46880022,0.010446936
879,0.5015148,0.08019353,0.100885704,0.07017751,0.4006291,0.010016017
880,0.37927026,0.066715434,0.066177346,0.051010214,0.31309292,0.01570522
881,0.4253697,0.05724202,0.070647255,0.051446535,0.35472244,0.0057954863
882,0.5208278,0.071743935,0.093689874,0.061024804,0.4271379,0.010719132
883,0.44549796,0.06568458,0.123499215,0.08318709,0.32199875,-0.017502509
884,0.50301236,0.053416632,0.08834982,0.06245502,0.41466254,-0.009038389
885,0.5103384,0.059172574,0.075072035,0.053353924,0.43526638,0.00581865
886,0.34282538,0.07766464,0.08844,0.06593176,0.25438538,0.011732884
887,0.45858154,0.044577003,0.07470992,0.0534532,0.38387161,-0.008876197
888,0.37177524,0.03753735,0.08014679,0.05182285,0.29162845,-0.014285497
889,0.60320264,0.08359137,0.119614884,0.08008816,0.48358774,0.0035032108
890,0.65030885,0.10795862,0.12403067,0.09403691,0.5262782,0.013921715
891,0.55868334,0.02089062,0.040416505,0.030908346,0.51826686,-0.010017727
892,0.48871464,0.06013135,0.0865591,0.060976963,0.40215552,-0.0008456148
893,0.45632184,0.08849639,0.11677247,0.08353935,0.33954936,0.004957035
894,0.59710187,0.06649483,0.105156064,0.07800641,0.4919458,-0.011511579
895,0.5629426,0.0627527,0.082927175,0.061109446,0.48001546,0.0016432554
896,0.70197546,0.11241887,0.13315475,0.09171808,0.5688207,0.02070079
897,0.45290193,0.053640813,0.08784659,0.06386855,0.36505532,-0.01022774
898,0.48080507,0.095945664,0.10699022,0.081639804,0.37381485,0.01430586
899,0.43442994,0.10869549,0.09422807,0.06452316,0.34020188,0.04417233
900,0.53297704,0.10193287,0.11325176,0.08156343,0.4197253,0.02036944
901,0.3567991,0.086943455,0.08156273,0.0628992,0.27523637,0.024044253
902,0.6115026,0.12226565,0.1485214,0.09637053,0.4629812,0.025895119
903,0.51520544,0.10660076,0.13709393,0.10943687,0.3781115,-0.0028361082
904,0.4220899,0.036069814,0.06941025,0.04614809,0.35267967,-0.010078277
905,0.55534226,0.08256874,0.13459626,0.097706795,0.420746,-0.015138052
906,0.44808373,0.07202147,0.12176404,0.07982416,0.3263197,-0.0078026876
907,0.483801,0.03602223,0.06457965,0.043439966,0.41922134,-0.0074177347
908,0.61360353,0.09736318,0.14372215,0.10466669,0.4698814,-0.007303506
909,0.5564785,0.06237491,0.11552024,0.079622224,0.44095826,-0.017247315
910,0.5098264,0.06958415,0.09016972,0.066507995,0.4196567,0.0030761585
911,0.5586712,0.06121523,0.100781105,0.07763276,0.45789006,-0.016417533
912,0.4956977,0.04210632,0.08501299,0.055602096,0.4106847,-0.013495777
913,0.50098544,0.039189447,0.061078846,0.045145903,0.4399066,-0.005956456
914,0.65670526,0.05286653,0.08456375,0.06082816,0.5721415,-0.007961631
915,0.56972104,0.10185118,0.10233019,0.07959144,0.46739084,0.022259742
916,0.51817137,0.06722421,0.11558582,0.072641045,0.40258557,-0.005416833
917,0.3908828,0.05953832,0.076305285,0.052477993,0.31457752,0.0070603266
918,0.528242,0.066852696,0.10041592,0.06552668,0.42782608,0.0013260171
919,0.4490642,0.07919419,0.08433856,0.04912863,0.36472565,0.030065559
920,0.42946947,0.039846092,0.07249081,0.056977265,0.35697865,-0.017131172
921,0.45322338,0.069146186,0.073807284,0.050684124,0.3794161,0.018462062
922,0.4000414,0.04921538,0.06921924,0.04565298,0.33082217,0.0035623983
923,0.5824116,0.10440289,0.15453568,0.11252837,0.4278759,-0.008125477
924,0.42473722,0.045601178,0.07395761,0.056049205,0.3507796,-0.010448027
925,0.65748703,0.025826467,0.06039247,0.034395862,0.59709454,-0.008569395
926,0.5492537,0.046710815,0.08939082,0.066059686,0.4598629,-0.019348871
927,0.55465823,0.08177047,0.117412046,0.08756888,0.4372462,-0.005798407
928,0.49192905,0.071050525,0.08042385,0.057544388,0.41150522,0.013506137
929,0.5493308,0.05472794,0.074929744,0.061256945,0.47440103,-0.0065290034
930,0.45716006,0.10419582,0.1258054,0.10485041,0.33135468,-0.0006545931
931,0.52565217,0.10239064,0.11194049,0.072945304,0.41371167,0.029445335
932,0.51163423,0.08344475,0.10784992,0.083291724,0.4037843,0.00015302747
933,0.4144584,0.07262014,0.08818076,0.0596642,0.32627764,0.012955938
934,0.531579,0.08447034,0.09338967,0.060905397,0.43818936,0.023564942
935,0.50846475,0.07081261,0.10431918,0.07556365,0.40414557,-0.004751034
936,0.4059159,0.047703825,0.06613941,0.047228877,0.3397765,0.00047494844
937,0.5571291,0.072089516,0.110987484,0.07314855,0.4461416,-0.001059033
938,0.58647925,0.08165938,0.102581605,0.07577227,0.48389763,0.005887106
939,0.69297653,0.12622851,0.16210218,0.1223828,0.5308744,0.003845714
940,0.5215078,0.08211298,0.098487355,0.0694886,0.42302045,0.012624383
941,0.38363412,0.060977045,0.08895884,0.058260478,0.2946753,0.0027165674
942,0.2786899,0.057920743,0.06740679,0.053633876,0.2112831,0.0042868666
943,0.6019009,0.06582124,0.10973376,0.079214744,0.49216712,-0.013393506
944,0.4720244,0.07157386,0.091956355,0.06613037,0.38006806,0.005443491
945,0.4869353,0.06769039,0.10334674,0.07124385,0.38358855,-0.003553465
946,0.505125,0.06496619,0.081503585,0.06512108,0.42362142,-0.00015489012
947,0.55257493,0.077358484,0.11078968,0.07051523,0.44178525,0.006843254
948,0.47078586,0.06708024,0.07783698,0.05325703,0.39294887,0.0138232075
949,0.47590262,0.09613094,0.09786208,0.06753174,0.37804055,0.028599195
950,0.23257512,0.012754811,0.039233312,0.029193208,0.1933418,-0.016438397
951,0.49498653,0.07270751,0.11519498,0.07749317,0.37979156,-0.004785657
952,0.39861107,0.045767527,0.08239413,0.05815097,0.31621695,-0.012383442
953,0.6216175,0.09913393,0.14880298,0.09989116,0.4728145,-0.0007572323
954,0.54782903,0.08132823,0.11347492,0.073801205,0.43435413,0.0075270236
955,0.42715394,0.06957501,0.084208265,0.062056065,0.3429457,0.007518947
956,0.60926855,0.09721212,0.11435316,0.07745798,0.4949154,0.019754142
957,0.40328193,0.04767724,0.091491126,0.061137576,0.3117908,-0.013460334
958,0.6073482,0.13516909,0.12667604,0.092133865,0.48067218,0.043035224
959,0.61063355,0.015373644,0.042062156,0.029075637,0.5685714,-0.013701993
960,0.57436705,0.08317331,0.13121353,0.083305344,0.4431535,-0.00013203174
961,0.30255455,0.0422539,0.062749706,0.045488,0.23980483,-0.0032340996
962,0.523009,0.07787739,0.087204516,0.06388435,0.4358045,0.01399304
963,0.5572123,0.069397934,0.08566706,0.063670926,0.47154522,0.005727008
964,0.39299518,0.055613525,0.083174124,0.064998016,0.30982107,-0.009384491
965,0.45475075,0.095621385,0.11466138,0.089344,0.34008938,0.0062773824
966,0.45726827,0.09999543,0.11448666,0.086248934,0.3427816,0.013746493
967,0.48459536,0.06394751,0.096058294,0.076858245,0.38853705,-0.012910731
968,0.29554796,0.058067854,0.07209651,0.049799036,0.22345145,0.008268818
969,0.5326344,0.13257442,0.09919095,0.07292926,0.43344343,0.05964516
970,0.52734065,0.04991637,0.08324215,0.05185484,0.4440985,-0.0019384697
971,0.38946286,0.048778232,0.07395821,0.053340465,0.31550464,-0.0045622326
972,0.4072836,0.06472729,0.07497434,0.05529017,0.33230925,0.009437121
973,0.6054206,0.040598452,0.07990315,0.04839351,0.52551746,-0.007795058
974,0.58103335,0.13370506,0.113088384,0.0891721,0.46794498,0.044532962
975,0.5106677,0.046336256,0.08578964,0.057324838,0.42487803,-0.010988582
976,0.53529024,0.10796057,0.15316577,0.1213784,0.38212448,-0.013417833
977,0.4139588,0.07493855,0.079066426,0.06292449,0.33489236,0.012014061
978,0.52477527,0.08656345,0.08546136,0.0628642,0.4393139,0.023699254
979,0.32418817,0.047819696,0.07902922,0.054736115,0.24515896,-0.0069164187
980,0.4238676,0.061018042,0.10161169,0.06527534,0.3222559,-0.004257299
981,0.4855687,0.078044035,0.11277382,0.081819735,0.37279487,-0.003775701
982,0.6175295,0.11018778,0.08932658,0.057268925,0.52820295,0.05291885
983,0.44579577,0.090797864,0.13581948,0.08750893,0.30997628,0.0032889321
984,0.57838,0.059490047,0.09324352,0.07607481,0.48513648,-0.016584761
985,0.64399546,0.08675426,0.11488187,0.08525266,0.5291136,0.0015016049
986,0.66933805,0.13296574,0.16680801,0.13691083,0.50253004,-0.0039450824
987,0.694722,0.055729426,0.101261474,0.056173135,0.5934605,-0.00044370815
988,0.5188293,0.05112378,0.084437296,0.06063466,0.43439198,-0.009510882
989,0.53592646,0.11919598,0.1421828,0.104356095,0.39374366,0.014839888
990,0.504152,0.051214673,0.10328207,0.068296984,0.40086994,-0.017082311
991,0.56864333,0.09949098,0.119963035,0.090442136,0.44868028,0.009048842
992,0.58029294,0.11074903,0.15314071,0.11804678,0.42715222,-0.0072977543
993,0.5411872,0.1038358,0.13491666,0.090223044,0.40627056,0.013612755
994,0.52371305,0.08070247,0.08199654,0.06386998,0.44171652,0.016832486
995,0.4622605,0.06452461,0.08553646,0.06045454,0.37672406,0.0040700734
996,0.40085793,0.07826642,0.090526424,0.06839422,0.3103315,0.009872198
997,0.37941682,0.061347436,0.07952702,0.05796706,0.2998898,0.0033803768
998,0.4766429,0.07893154,0.086804345,0.058217786,0.38983858,0.020713754
999,0.3973494,0.072645016,0.08176752,0.060365103,0.31558186,0.012279913
1000,0.53327155,0.0858155,0.10405816,0.06913151,0.4292134,0.016683988
1001,0.56422466,0.10638149,0.14006117,0.10450448,0.4241635,0.0018770099
1002,0.4656939,0.0280259,0.07858758,0.05678444,0.3871063,-0.02875854
1003,0.5378809,0.045521848,0.08271058,0.05313102,0.45517033,-0.0076091737
1004,0.50387836,0.051165257,0.06914242,0.04317908,0.43473592,0.007986177
1005,0.6040863,0.057220973,0.13467269,0.08793233,0.46941358,-0.03071136
1006,0.565176,0.08668479,0.113255486,0.06617119,0.4519205,0.020513602
1007,0.7591779,0.14620341,0.16785468,0.12774369,0.59132326,0.018459722
1008,0.5637276,0.048929308,0.060358346,0.044085782,0.5033693,0.0048435256
1009,0.63147146,0.13778272,0.17430747,0.12632713,0.457164,0.0114555955
1010,0.48401892,0.052229233,0.09442813,0.0662198,0.3895908,-0.013990566
1011,0.54136837,0.057908304,0.08331875,0.064671464,0.45804963,-0.00676316
1012,0.33879337,0.057748318,0.07564969,0.050281037,0.26314366,0.007467281
1013,0.47493148,0.057435706,0.08600346,0.06474206,0.38892803,-0.0073063523
1014,0.5926183,0.1465052,0.13990998,0.111077785,0.4527083,0.03542742
1015,0.447905,0.048152596,0.09190403,0.061251767,0.35600096,-0.013099171
1016,0.46818823,0.060200814,0.084590495,0.05804664,0.38359773,0.0021541752
1017,0.43587366,0.05934018,0.0654878,0.046262108,0.37038586,0.013078071
1018,0.3733104,0.07855781,0.06789161,0.045826383,0.3054188,0.03273143
1019,0.61610377,0.08319944,0.12396313,0.08571257,0.49214065,-0.0025131255
1020,0.54529303,0.06742119,0.13437667,0.09455332,0.41091636,-0.027132131
1021,0.44484496,0.05545042,0.09549786,0.07164632,0.3493471,-0.016195897
1022,0.36421204,0.030162007,0.050933905,0.039612573,0.31327814,-0.009450566
1023,0.5757707,0.053583715,0.09497328,0.06780519,0.4807974,-0.014221478
1024,0.5565048,0.038007732,0.10534068,0.06560951,0.4511641,-0.027601775
1025,0.57640064,0.14769928,0.15684764,0.100437716,0.41955298,0.047261566
1026,0.28433377,0.03336544,0.05677978,0.039534807,0.227554,-0.0061693676
1027,0.4475002,0.052061327,0.1045244,0.07149642,0.3429758,-0.019435093
1028,0.48060885,0.06149152,0.10018681,0.068256654,0.38042206,-0.0067651346
1029,0.453121,0.05209728,0.076434396,0.06425084,0.3766866,-0.012153562
1030,0.40672246,0.04507291,0.07321864,0.05405692,0.3335038,-0.008984011
1031,0.6464982,0.031330403,0.09065207,0.059933446,0.55584615,-0.028603043
1032,0.6209708,0.1154285,0.14784318,0.110405944,0.4731276,0.0050225556
1033,0.7092555,0.08252446,0.14863142,0.099779196,0.5606241,-0.017254733
1034,0.46127045,0.06771821,0.09495382,0.06621738,0.36631662,0.00150083
1035,0.4217418,0.060016617,0.08351617,0.05830733,0.33822563,0.0017092861
1036,0.55254513,0.06303264,0.12379424,0.07677237,0.42875087,-0.013739727
1037,0.39952427,0.028526712,0.06130635,0.04487399,0.3382179,-0.016347278
1038,0.5698191,0.09703481,0.11755315,0.08485855,0.45226595,0.01217626
1039,0.4109857,0.1289428,0.08389373,0.04997912,0.327092,0.07896368
1040,0.5695787,0.09050335,0.1096458,0.08627075,0.45993292,0.0042326003
1041,0.34644055,0.05507478,0.09657145,0.07058203,0.24986911,-0.015507251
1042,0.5680677,0.11125646,0.15132666,0.10413977,0.41674107,0.0071166903
1043,0.5765406,0.06380268,0.1034781,0.07217729,0.4730625,-0.008374609
1044,0.54292065,0.023689514,0.0803781,0.04816713,0.46254253,-0.024477618
1045,0.6373815,0.12370185,0.1335499,0.10036884,0.5038316,0.023333006
1046,0.40471804,0.07246736,0.08801271,0.06629117,0.31670535,0.0061761886
1047,0.53842163,0.08142822,0.12750469,0.085291125,0.41091692,-0.0038629025
1048,0.43132463,0.07932773,0.10822512,0.0797024,0.3230995,-0.00037466735
1049,0.5341365,0.13841884,0.17530724,0.13282983,0.35882923,0.0055890083
1050,0.6444537,0.07212219,0.115256265,0.07390456,0.52919745,-0.0017823726
1051,0.52569556,0.085217446,0.1226521,0.08691273,0.40304345,-0.0016952828
1052,0.3856158,0.063471265,0.08132198,0.0539036,0.3042938,0.009567667
1053,0.6139496,0.099181056,0.13609023,0.09929865,0.47785938,-0.00011759251
1054,0.37242186,0.049845893,0.065529056,0.046998955,0.3068928,0.0028469376
1055,0.33923334,0.06387545,0.082393736,0.060479216,0.2568396,0.0033962354
1056,0.29540315,0.023519687,0.03778935,0.02464691,0.2576138,-0.0011272226
1057,0.5188193,0.07005789,0.086229146,0.061989885,0.43259013,0.0080680065
1058,0.65291166,0.103297725,0.12386455,0.08992178,0.52904713,0.013375945
1059,0.45006442,0.032979194,0.07229082,0.045635693,0.37777358,-0.012656499
1060,0.6566027,0.0803047,0.10946854,0.08049903,0.54713416,-0.0001943335
1061,0.53669035,0.1093293,0.14479908,0.10019459,0.39189127,0.00913471
1062,0.35884356,0.055900816,0.061978083,0.044575967,0.2968655,0.011324849
1063,0.55273455,0.056707624,0.097074606,0.068506874,0.45565996,-0.01179925
1064,0.5653514,0.06903785,0.1257839,0.086738385,0.4395675,-0.017700538
1065,0.50209355,0.06763926,0.10068609,0.064825,0.40140748,0.002814263
1066,0.5149596,0.053246785,0.077539556,0.057904344,0.43742,-0.004657559
1067,0.49791604,0.059263017,0.09252875,0.06004907,0.40538728,-0.00078605115
1068,0.30948737,0.054175764,0.06741202,0.04033196,0.24207535,0.013843805
1069,0.49592432,0.05576672,0.07534926,0.05331845,0.42057508,0.002448272
1070,0.5832876,0.062399942,0.108948395,0.06840916,0.4743392,-0.0060092174
1071,0.45431218,0.038674142,0.057406522,0.045771327,0.39690566,-0.0070971847
1072,0.615296,0.07416531,0.12180887,0.08748208,0.49348712,-0.013316773
1073,0.3197873,0.122145414,0.12060509,0.075981975,0.19918221,0.04616344
1074,0.46410692,0.103738695,0.10980725,0.08122312,0.35429966,0.022515573
1075,0.5922716,0.03837708,0.066712804,0.04605962,0.5255588,-0.0076825395
1076,0.6560585,0.08391733,0.11692168,0.07289874,0.5391368,0.011018589
1077,0.3743709,0.08185267,0.06650379,0.048599888,0.3078671,0.03325278
1078,0.46702662,0.07564199,0.10562668,0.06745927,0.36139995,0.008182719
1079,0.5408556,0.117836125,0.12408753,0.09420937,0.41676807,0.023626752
1080,0.59112203,0.075401306,0.09521032,0.06526371,0.49591172,0.010137595
1081,0.45418018,0.072701186,0.0877323,0.05970018,0.36644787,0.013001006
1082,0.54761714,0.06397019,0.09288244,0.06852914,0.45473468,-0.004558943
1083,0.54146653,0.08312873,0.090370625,0.062526986,0.4510959,0.020601742
1084,0.59370744,0.049260188,0.09960748,0.071217224,0.49409997,-0.021957036
1085,0.44185445,0.05194178,0.0899207,0.06098963,0.35193375,-0.009047851
1086,0.45834345,0.05974871,0.087831706,0.0668329,0.37051174,-0.007084191
1087,0.54990894,0.06382061,0.10332698,0.06614385,0.44658196,-0.00232324
1088,0.3420908,0.060466208,0.08755325,0.06672238,0.25453752,-0.0062561706
1089,0.43004978,0.076453954,0.07694314,0.05774303,0.35310665,0.018710922
1090,0.6068578,0.10806334,0.15426442,0.103574894,0.45259336,0.004488446
1091,0.3980623,0.03557348,0.10117763,0.062581584,0.29688466,-0.027008105
1092,0.66408736,0.09136948,0.11776258,0.08465831,0.5463248,0.00671117
1093,0.5986639,0.07730456,0.10130091,0.06311442,0.49736303,0.014190137
1094,0.52785486,0.020499209,0.046927266,0.027416294,0.4809276,-0.0069170855
1095,0.5219361,0.11758151,0.09854855,0.06826869,0.4233876,0.049312823
1096,0.41250965,0.09020582,0.10540978,0.07113988,0.30709988,0.019065939
1097,0.49773607,0.07091358,0.108716205,0.08035785,0.38901985,-0.009444267
1098,0.5046113,0.05796508,0.083661124,0.061344486,0.42095017,-0.0033794045
1099,0.39050674,0.0780681,0.09545826,0.06847446,0.29504848,0.009593643
1100,0.39213032,0.0369887,0.076674215,0.057423145,0.3154561,-0.020434443
1101,0.45399648,0.054250784,0.09472992,0.06728079,0.35926655,-0.0130300075
1102,0.61720777,0.12509456,0.15402676,0.10141995,0.46318102,0.023674615
1103,0.45247826,0.08350252,0.10793801,0.090011105,0.34454024,-0.0065085813
1104,0.61251664,0.114619054,0.11652396,0.088700846,0.4959927,0.025918208
1105,0.38360554,0.052500505,0.08652024,0.059007704,0.2970853,-0.0065071993
1106,0.57518333,0.08083466,0.15238304,0.09445661,0.4228003,-0.013621956
1107,0.30927992,0.059619978,0.086796686,0.062380172,0.22248323,-0.0027601942
1108,0.6178685,0.10842559,0.15529066,0.10938461,0.46257782,-0.00095902383
1109,0.4755321,0.086413644,0.09036871,0.06825745,0.3851634,0.018156193
1110,0.44000277,0.06929074,0.075030714,0.052086074,0.36497205,0.017204668
1111,0.50683266,0.077433534,0.11120953,0.07426347,0.39562315,0.0031700656
1112,0.580527,0.04333423,0.091039926,0.06925285,0.48948708,-0.025918618
1113,0.27178335,0.03504008,0.06487985,0.046438042,0.2069035,-0.0113979615
1114,0.34063303,0.05846122,0.08717929,0.060661785,0.25345373,-0.0022005662
1115,0.4892089,0.10008706,0.0999191,0.07068223,0.3892898,0.029404834
1116,0.39451808,0.05996465,0.0887413,0.062401116,0.30577677,-0.0024364665
1117,0.5514497,0.06282768,0.085467555,0.062718585,0.46598217,0.0001090914
1118,0.46755388,0.056010462,0.080987945,0.059809495,0.38656592,-0.0037990324
1119,0.3269021,0.050117787,0.08554037,0.06779398,0.24136172,-0.017676193
1120,0.225169,0.03638249,0.04850304,0.03319303,0.17666596,0.0031894594
1121,0.42475453,0.062577076,0.09652964,0.06747477,0.3282249,-0.0048976913
1122,0.57723355,0.09365207,0.10131892,0.073089086,0.47591463,0.020562984
1123,0.64461344,0.0618296,0.1371259,0.098302566,0.50748754,-0.036472965
1124,0.41011912,0.08287724,0.1019517,0.06981895,0.3081674,0.01305829
1125,0.4400948,0.022786472,0.06821106,0.04799896,0.37188375,-0.025212489
1126,0.37520105,0.056064427,0.058232915,0.04665003,0.31696814,0.009414397
1127,0.5491632,0.06274303,0.105152145,0.068766475,0.4440111,-0.0060234442
1128,0.15243538,0.018717345,0.03262862,0.022407416,0.11980676,-0.0036900714
1129,0.55693454,0.06974292,0.10655437,0.071190506,0.45038018,-0.0014475882
1130,0.46262458,0.09685974,0.10437806,0.067942604,0.3582465,0.028917134
1131,0.64850396,0.09574808,0.14129065,0.10486034,0.5072133,-0.009112261
1132,0.5535318,0.08545867,0.12387174,0.10067721,0.42966008,-0.015218534
1133,0.54030496,0.09762752,0.12206127,0.0770058,0.4182437,0.020621717
1134,0.581822,0.117400855,0.14142478,0.0990303,0.4403972,0.018370554
1135,0.586545,0.08606085,0.09353043,0.067240216,0.49301457,0.018820636
1136,0.5005889,0.066338114,0.081067875,0.055443294,0.41952103,0.01089482
1137,0.3948261,0.032058127,0.0909839,0.058717687,0.30384222,-0.02665956
1138,0.42715663,0.11259712,0.115393445,0.09078045,0.31176317,0.02181667
1139,0.41096714,0.04206108,0.07336755,0.048781443,0.33759958,-0.006720364
1140,0.53931344,0.062163096,0.10127945,0.06929634,0.438034,-0.0071332417
1141,0.56904685,0.07574742,0.10706697,0.070190206,0.4619799,0.0055572167
1142,0.5617129,0.03651055,0.066535965,0.053588778,0.49517697,-0.017078228
1143,0.53489786,0.10780057,0.15575217,0.10971756,0.37914568,-0.0019169897
1144,0.43711904,0.06216836,0.09318514,0.05686175,0.34393388,0.005306609
1145,0.29228988,0.06429868,0.08412918,0.060808986,0.2081607,0.0034896955
1146,0.40014598,0.079825714,0.08783927,0.057179164,0.3123067,0.02264655
1147,0.39577335,0.07187265,0.061023496,0.047537223,0.33474985,0.02433543
1148,0.37839314,0.08931678,0.09939183,0.06866789,0.2790013,0.02064889
1149,0.6949956,0.009476627,0.03846988,0.024873806,0.65652573,-0.015397179
1150,0.56073606,0.08410683,0.120831646,0.09620734,0.43990442,-0.01210051
1151,0.47476768,0.06920856,0.09693239,0.070516646,0.3778353,-0.0013080835
1152,0.50646657,0.0663542,0.091915965,0.0696282,0.4145506,-0.0032740012
1153,0.46744442,0.08042748,0.09189129,0.06905703,0.37555313,0.01137045
1154,0.59174824,0.09712124,0.078134336,0.058054864,0.5136139,0.039066374
1155,0.5351661,0.101568624,0.11751239,0.078446165,0.41765368,0.02312246
1156,0.44958338,0.08789108,0.11976977,0.08655822,0.3298136,0.0013328567
1157,0.5063802,0.05597544,0.083508156,0.056840967,0.42287204,-0.0008655265
1158,0.32184032,0.037603546,0.06980546,0.04609828,0.25203484,-0.008494735
1159,0.6352748,0.09862723,0.13280618,0.10063313,0.50246865,-0.0020058975
1160,0.4850724,0.089065336,0.10217537,0.08639218,0.38289702,0.0026731566
1161,0.5754316,0.07922272,0.117991425,0.08499857,0.45744017,-0.005775854
1162,0.36606097,0.06109632,0.09780403,0.066455886,0.26825693,-0.005359564
1163,0.54731935,0.06441394,0.08060555,0.05718373,0.4667138,0.007230211
1164,0.33961177,0.050761476,0.065097556,0.051115405,0.2745142,-0.00035392866
1165,0.31212273,0.07339659,0.09416968,0.06558885,0.21795306,0.0078077465
1166,0.5698889,0.105307,0.13792925,0.09027181,0.43195963,0.01503519
1167,0.37185535,0.03300116,0.0632512,0.043494385,0.30860415,-0.010493226
1168,0.42194864,0.083830774,0.09069617,0.070460156,0.33125246,0.013370618
1169,0.4950529,0.08302528,0.12040268,0.0870478,0.37465024,-0.0040225238
1170,0.67824227,0.08445432,0.12750974,0.09633438,0.5507325,-0.0118800625
1171,0.7184213,0.12210209,0.17047122,0.11904104,0.54795,0.0030610487
1172,0.53673303,0.079974405,0.11080311,0.07519166,0.4259299,0.0047827438
1173,0.5447261,0.09512768,0.14508745,0.10902967,0.39963862,-0.013901994
1174,0.67233217,0.06768021,0.12990431,0.09274205,0.54242784,-0.025061838
1175,0.43554315,0.057961136,0.09240131,0.058090866,0.34314185,-0.00012972951
1176,0.5178136,0.13214214,0.1531112,0.11830442,0.3647024,0.013837725
1177,0.5277494,-0.00017583439,0.029260606,0.02051798,0.4984888,-0.020693814
1178,0.5161767,0.0375125,0.06633987,0.04212305,0.44983682,-0.0046105497
1179,0.50688046,0.100060515,0.12009994,0.08705828,0.38678053,0.013002232
1180,0.51430786,0.07656548,0.09284099,0.06926098,0.42146686,0.0073045045
1181,0.3745297,0.028347556,0.033025783,0.027664736,0.34150392,0.00068281963
1182,0.64199907,0.12829985,0.1393301,0.10539465,0.502669,0.0229052
1183,0.4402865,0.066056125,0.07260831,0.052804787,0.36767817,0.013251338
1184,0.57045037,0.06786943,0.108162284,0.072413236,0.46228808,-0.0045438036
1185,0.50122297,0.023118949,0.04220077,0.029692689,0.4590222,-0.0065737404
1186,0.40267146,0.0635307,0.086244956,0.061792456,0.31642652,0.0017382428
1187,0.556575,0.08671494,0.075899005,0.056015927,0.480676,0.030699011
1188,0.5519897,0.07962079,0.102559805,0.08069373,0.44942987,-0.0010729358
1189,0.46156904,0.07465569,0.10614946,0.08205949,0.35541958,-0.0074037984
1190,0.46213004,0.059715908,0.0874656,0.061890982,0.37466443,-0.002175074
1191,0.4426005,0.098198704,0.11741104,0.08735753,0.32518944,0.010841176
1192,0.47428867,0.08249259,0.078701034,0.05066563,0.39558762,0.03182696
1193,0.50404876,0.04408587,0.09139085,0.059441973,0.41265792,-0.015356101
1194,0.3208407,0.038633008,0.048954118,0.03883906,0.27188656,-0.00020605326
1195,0.47523144,0.11251231,0.09753787,0.06107552,0.37769356,0.051436793
1196,0.46399644,0.07974356,0.10684198,0.08548324,0.35715446,-0.0057396814
1197,0.49937224,0.050941695,0.08303149,0.059198618,0.41634077,-0.008256923
1198,0.55428696,0.110483214,0.1307008,0.09431203,0.42358616,0.016171187
1199,0.58716404,0.10363455,0.14114735,0.10500957,0.4460167,-0.0013750196
1200,0.4736358,0.033418167,0.0588724,0.04378979,0.4147634,-0.010371622
1201,0.30937403,0.05279479,0.07256243,0.051885813,0.23681161,0.0009089783
1202,0.3024246,0.05152442,0.0572282,0.03672888,0.2451964,0.014795538
1203,0.5292909,0.07687828,0.12525533,0.08395439,0.40403557,-0.007076107
1204,0.5219415,0.031577483,0.070907995,0.04675074,0.45103347,-0.015173256
1205,0.518481,0.039251387,0.0882137,0.059232235,0.43026733,-0.019980848
1206,0.6412409,0.045940883,0.07357961,0.05449251,0.5676613,-0.008551627
1207,0.5119174,0.052140124,0.09407732,0.06771328,0.4178401,-0.015573159
1208,0.42067313,0.0457444,0.091071755,0.057555802,0.32960138,-0.011811402
1209,0.42313626,0.049257264,0.07922761,0.052702833,0.34390867,-0.0034455694
1210,0.48044336,0.07935175,0.078401566,0.056399185,0.4020418,0.022952568
1211,0.62705904,0.064546496,0.11256611,0.087557405,0.5144929,-0.02301091
1212,0.5233769,0.055049997,0.09522194,0.0655299,0.42815495,-0.010479901
1213,0.5066747,0.11232516,0.12637135,0.095561884,0.38030335,0.016763277
1214,0.2629549,0.048109397,0.05856204,0.04083273,0.20439285,0.007276669
1215,0.41719842,0.06492712,0.0941926,0.06395787,0.32300583,0.0009692535
1216,0.33165836,0.04136987,0.044011556,0.029455204,0.2876468,0.011914667
1217,0.67011267,0.11794459,0.15640233,0.11545994,0.5137103,0.0024846494
1218,0.58173835,0.09654453,0.1087204,0.079113446,0.47301796,0.01743108
1219,0.5188216,0.04962759,0.05920242,0.037581373,0.45961916,0.012046218
1220,0.47502664,0.0896065,0.10506394,0.07377628,0.3699627,0.015830219
1221,0.49651414,0.04960741,0.09320347,0.07321878,0.40331066,-0.023611367
1222,0.41342872,0.0697908,0.10592272,0.07872509,0.307506,-0.008934289
1223,0.48041898,0.076892845,0.09308436,0.06764133,0.38733461,0.009251513
1224,0.5395115,0.06432201,0.08667557,0.059251558,0.45283592,0.0050704516
1225,0.19514906,0.031426776,0.055254042,0.03652733,0.13989502,-0.005100552
1226,0.36962968,0.07219024,0.10202787,0.067781135,0.26760182,0.0044091046
1227,0.5261167,0.07569823,0.103163004,0.07159823,0.42295372,0.004099995
1228,0.5920753,0.08207135,0.10272509,0.06950725,0.4893502,0.0125641
1229,0.3037489,0.010389591,0.018931145,0.014810544,0.28481776,-0.004420954
1230,0.65695316,0.10843448,0.15623453,0.1206141,0.5007186,-0.012179613
1231,0.426331,0.056974653,0.070841506,0.058595218,0.3554895,-0.0016205646
1232,0.5046233,0.056669068,0.087080255,0.06277831,0.41754305,-0.0061092414
1233,0.5594576,0.1553311,0.1753768,0.14136252,0.3840808,0.013968587
1234,0.3187127,0.06937282,0.07656338,0.059087493,0.24214932,0.010285325
1235,0.37678,0.064251214,0.076037526,0.05224278,0.30074248,0.012008436
1236,0.44966754,0.08400154,0.098601356,0.065142654,0.35106617,0.018858887
1237,0.32382992,0.03515519,0.04965072,0.035654467,0.2741792,-0.0004992783
1238,0.616529,0.08538883,0.124139294,0.09561342,0.49238968,-0.010224588
1239,0.6095966,0.11540221,0.16509265,0.08973797,0.44450396,0.02566424
1240,0.44125107,0.063847534,0.09191434,0.06652347,0.34933674,-0.0026759356
1241,0.49349537,0.11595541,0.12264614,0.086454965,0.37084925,0.029500447
1242,0.39138386,0.04695714,0.12251028,0.072285995,0.26887357,-0.025328856
1243,0.661249,0.063293375,0.102493405,0.0685579,0.5587556,-0.005264528
1244,0.5324252,0.09486985,0.0865942,0.057623573,0.44583103,0.03724628
1245,0.6040005,0.06187086,0.11538073,0.07981846,0.48861977,-0.017947596
1246,0.56200624,0.12143057,0.16065975,0.11197281,0.4013465,0.00945776
1247,0.58199084,0.065345734,0.10475918,0.067214005,0.47723165,-0.0018682703
1248,0.4769729,0.046710018,0.082231306,0.059178997,0.3947416,-0.012468979
1249,0.5498668,0.104794614,0.10858669,0.08809648,0.4412801,0.016698137
1250,0.50612,0.14293815,0.13087091,0.095839664,0.37524912,0.047098488
1251,0.77776045,0.1013386,0.14391391,0.09624764,0.6338465,0.0050909594
1252,0.3697892,0.054530714,0.07078809,0.04685331,0.29900113,0.0076774023
1253,0.7045376,0.16316561,0.19412436,0.14554983,0.5104132,0.01761578
1254,0.53525543,0.05830062,0.07587953,0.048423044,0.45937592,0.009877577
1255,0.54945815,0.044138182,0.09054178,0.06713351,0.45891637,-0.022995327
1256,0.5489244,0.04379595,0.09222181,0.06854853,0.4567026,-0.02475258
1257,0.43927613,0.051845577,0.0880713,0.061194517,0.3512048,-0.00934894
1258,0.6139362,0.05087316,0.09196282,0.061912805,0.5219734,-0.0110396445
1259,0.6178547,0.1722493,0.19818243,0.14325824,0.41967228,0.028991058
1260,0.36011276,0.090309344,0.08620636,0.05692951,0.2739064,0.033379834
1261,0.39940602,0.06062461,0.09199618,0.053605884,0.30740982,0.0070187263
1262,0.5079703,0.05134251,0.09600655,0.05991078,0.41196373,-0.008568272
1263,0.49355182,0.036707558,0.06513925,0.04639205,0.42841256,-0.009684492
1264,0.4097334,0.059939906,0.09411357,0.07016896,0.31561983,-0.010229051
1265,0.32421717,0.0579935,0.06502623,0.053850036,0.25919095,0.0041434653
1266,0.50915134,0.062760085,0.07070192,0.05542416,0.4384494,0.0073359236
1267,0.517939,0.07084011,0.087442905,0.053389333,0.43049607,0.01745078
1268,0.59959465,0.115513995,0.11622578,0.084464714,0.48336887,0.031049281
1269,0.2821361,0.05157625,0.063813694,0.040573098,0.21832243,0.011003152
1270,0.57276535,0.05972103,0.09661372,0.06615372,0.47615165,-0.0064326897
1271,0.58433676,0.1040698,0.16692525,0.12648298,0.4174115,-0.02241318
1272,0.33882916,0.051288057,0.07395227,0.050832212,0.2648769,0.00045584515
1273,0.46657914,0.12493174,0.10990679,0.08362549,0.35667235,0.04130625
1274,0.6148734,0.04592418,0.06720312,0.03649979,0.5476703,0.009424388
1275,0.4200564,0.07965025,0.10623646,0.07773135,0.31381994,0.0019189045
1276,0.54671854,0.09010177,0.094681695,0.070785955,0.45203686,0.019315816
1277,0.35244915,0.042714994,0.062779374,0.041930772,0.28966978,0.00078422204
1278,0.3377615,0.11048703,0.10226494,0.07288203,0.23549655,0.037605003
1279,0.56329465,0.057205852,0.07642011,0.047743946,0.48687452,0.009461906
1280,0.46021044,0.084038034,0.10892032,0.075297214,0.3512901,0.00874082
1281,0.511031,0.060821854,0.07333112,0.051157754,0.43769985,0.0096641
1282,0.48763433,0.05583653,0.088455275,0.06522274,0.39917904,-0.009386212
1283,0.6161533,0.08151831,0.13029675,0.09699607,0.48585653,-0.015477762
1284,0.45776257,0.05670818,0.091507174,0.06223747,0.3662554,-0.005529292
1285,0.33735284,0.06098734,0.066996016,0.05464139,0.27035683,0.00634595
1286,0.654943,0.06870361,0.12914412,0.091318965,0.52579886,-0.022615358
1287,0.1999126,0.039998304,0.055654787,0.04006949,0.14425781,-7.118657e-05
1288,0.3504467,0.052852742,0.10645802,0.06477463,0.24398868,-0.01192189
1289,0.6537829,0.0935531,0.12729105,0.08598717,0.5264919,0.0075659305
1290,0.4956559,0.070877224,0.08783908,0.054024577,0.40781683,0.016852647
1291,0.34291816,0.09346855,0.084185906,0.061811466,0.25873226,0.03165708
1292,0.41139254,0.01075835,0.058039077,0.034235433,0.35335347,-0.023477083
1293,0.43860534,0.04886258,0.09201236,0.06641203,0.34659296,-0.017549451
1294,0.52653056,0.07788804,0.07485416,0.06174167,0.4516764,0.016146373
1295,0.48282793,0.10330689,0.1316481,0.09821229,0.35117984,0.0050946027
1296,0.40121087,0.08267109,0.11608783,0.091364674,0.28512305,-0.008693583
1297,0.18249129,0.030331612,0.045816593,0.031368602,0.1366747,-0.0010369904
1298,0.53399855,0.07908769,0.10378311,0.07047442,0.43021545,0.008613266
1299,0.54921794,0.027741218,0.046623643,0.032131433,0.5025943,-0.0043902155
1300,0.64666593,0.0874023,0.119511046,0.089889415,0.52715486,-0.0024871156
1301,0.3190552,0.028886965,0.05078551,0.036317375,0.2682697,-0.00743041
1302,0.40310663,0.06673269,0.074950695,0.052937545,0.32815593,0.013795145
1303,0.44994846,0.045451444,0.08592432,0.06365361,0.36402413,-0.018202167
1304,0.26212788,0.11956585,0.07483226,0.055381816,0.18729562,0.06418404
1305,0.2689921,0.019914018,0.07718168,0.043976404,0.19181041,-0.024062386
1306,0.45719996,0.087897226,0.1048668,0.070496574,0.35233316,0.017400652
1307,0.43601122,0.07286941,0.11749393,0.09246036,0.3185173,-0.019590944
1308,0.5665272,0.10588949,0.13199764,0.098505996,0.43452954,0.0073834956
1309,0.6264789,0.116704375,0.16242918,0.11562966,0.46404973,0.0010747164
1310,0.4593984,0.0688639,0.099720076,0.06711152,0.35967833,0.0017523766
1311,0.44613972,0.042793065,0.052476387,0.038327344,0.39366335,0.0044657215
1312,0.538594,0.08295209,0.08507759,0.060759466,0.45351642,0.022192623
1313,0.49553782,0.08157242,0.098527074,0.06880818,0.39701074,0.012764238
1314,0.5396987,0.07426651,0.1244332,0.08206232,0.41526553,-0.0077958107
1315,0.70925796,0.11787952,0.13503055,0.089673884,0.5742274,0.028205633
1316,0.55460817,0.078049354,0.10110607,0.067385726,0.4535021,0.010663629
1317,0.61893636,0.1001929,0.10629074,0.07901744,0.5126456,0.021175459
1318,0.374519,0.06953654,0.110834405,0.0798154,0.26368457,-0.010278866
1319,0.50675255,0.056031737,0.09072755,0.069568485,0.41602498,-0.013536748
1320,0.5717829,0.10736699,0.12522344,0.08908953,0.44655943,0.018277459
1321,0.5980884,0.06561429,0.12209886,0.07405083,0.47598952,-0.008436538
1322,0.6121095,0.15055227,0.089993075,0.06312213,0.5221164,0.08743014
1323,0.43547162,0.07333524,0.096047744,0.067850575,0.3394239,0.005484663
1324,0.27683496,0.043083847,0.04636194,0.036908634,0.23047303,0.0061752126
1325,0.5203727,0.09882625,0.10190593,0.07977672,0.41846675,0.019049533
1326,0.56691355,0.08605624,0.09500102,0.0694715,0.47191253,0.01658474
1327,0.46563444,0.075869784,0.109618366,0.080805235,0.35601607,-0.004935451
1328,0.4617524,0.06751515,0.07500493,0.051898837,0.38674748,0.015616313
1329,0.62265295,0.121335976,0.13849428,0.10335342,0.48415866,0.017982557
1330,0.5451458,0.1980837,0.24911185,0.1834843,0.29603398,0.014599398
1331,0.41118377,0.051002912,0.08198516,0.06309967,0.3291986,-0.012096755
1332,0.38133305,0.06484332,0.07872621,0.054554928,0.30260685,0.010288391
1333,0.57829845,0.080120035,0.10451605,0.06917365,0.4737824,0.010946386
1334,0.603889,0.08874625,0.12851796,0.09438337,0.47537103,-0.0056371167
1335,0.519805,0.09301704,0.090729944,0.06648576,0.42907506,0.02653128
1336,0.50127774,0.105889305,0.1217355,0.09608328,0.37954223,0.009806022
1337,0.3693213,0.05531891,0.08121741,0.055268995,0.28810388,4.9915165e-05
1338,0.44038555,0.09865355,0.12753822,0.09417476,0.31284732,0.00447879
1339,0.47663924,0.09487206,0.08861547,0.05916368,0.38802376,0.03570838
1340,0.546654,0.075781666,0.09524795,0.07448168,0.45140603,0.0012999848
1341,0.52186936,0.070701666,0.09605458,0.062455095,0.42581478,0.008246571
1342,0.607617,0.12851368,0.10939062,0.07758969,0.4982264,0.05092399
1343,0.45953563,0.07800876,0.07954421,0.059513737,0.3799914,0.018495027
1344,0.45171115,0.06610606,0.08536811,0.06606907,0.36634302,3.6992133e-05
1345,0.48398033,0.06295228,0.13502419,0.08981953,0.34895614,-0.026867248
1346,0.5673829,0.05832669,0.10035863,0.07166143,0.46702424,-0.013334736
1347,0.51516,0.10454887,0.12811247,0.10252963,0.38704756,0.0020192415
1348,0.5708441,0.09302585,0.13410406,0.08841529,0.43674004,0.004610561
1349,0.18642235,0.04764964,0.047544163,0.03495281,0.13887818,0.012696832
1350,0.59819686,0.081865035,0.11550621,0.08162341,0.48269066,0.00024162233
1351,0.56768817,0.12897316,0.19659343,0.13275468,0.37109473,-0.0037815273
1352,0.37209037,0.07257342,0.08426446,0.0506529,0.2878259,0.021920525
1353,0.34870696,0.02711112,0.06575122,0.046942405,0.28295574,-0.019831285
1354,0.35935572,0.032043535,0.068842955,0.04800495,0.29051277,-0.015961416
1355,0.604669,0.07888916,0.10600333,0.084139094,0.49866563,-0.0052499324
1356,0.5394673,0.05994075,0.08580428,0.055301152,0.453663,0.0046395995
1357,0.48443243,0.033417244,0.08270335,0.0559865,0.40172908,-0.022569258
1358,0.5743238,0.14476214,0.100027286,0.07661375,0.47429648,0.0681484
1359,0.42497402,0.081191786,0.12784208,0.09122076,0.29713196,-0.010028973
1360,0.5264146,0.07000245,0.09064225,0.06398256,0.43577233,0.0060198903
1361,0.55171716,0.06354513,0.09616987,0.06997473,0.4555473,-0.0064295977
1362,0.5421074,0.06770228,0.09587346,0.06431587,0.44623393,0.003386408
1363,0.6379695,0.027888857,0.07018604,0.033960715,0.5677835,-0.006071858
1364,0.43118048,0.036698885,0.07165011,0.041550905,0.35953036,-0.0048520193
1365,0.42247552,0.091507405,0.112666056,0.08693139,0.30980945,0.0045760125
1366,0.483182,0.055398412,0.09410393,0.064035,0.38907808,-0.008636586
1367,0.43751523,0.055661444,0.0727959,0.0548746,0.36471933,0.00078684464
1368,0.6051467,0.09291876,0.112090155,0.074632764,0.49305654,0.018285997
1369,0.39607087,0.019902678,0.10803163,0.07172789,0.28803924,-0.05182521
1370,0.45026663,0.059895296,0.0712571,0.05152742,0.37900954,0.008367877
1371,0.4398986,0.073220186,0.11084261,0.07315155,0.329056,6.863475e-05
1372,0.5725927,0.06190749,0.09899171,0.06778662,0.47360098,-0.00587913
1373,0.30872017,0.031681396,0.044110525,0.032471135,0.26460963,-0.0007897392
1374,0.39412746,0.055464763,0.07820247,0.050085075,0.315925,0.005379688
1375,0.5188527,0.057141345,0.12569264,0.0828273,0.39316007,-0.025685955
1376,0.43016142,0.050469175,0.08683241,0.060761422,0.343329,-0.010292247
1377,0.67836344,0.10715921,0.113070846,0.083169006,0.5652926,0.023990206
1378,0.6864245,0.1383232,0.15156238,0.10226425,0.5348621,0.036058955
1379,0.43298542,0.05699273,0.07745665,0.054401863,0.35552877,0.002590865
1380,0.43440136,0.03186445,0.09569709,0.06767213,0.3387043,-0.035807684
1381,0.5521243,0.0715043,0.079977706,0.058731962,0.47214663,0.01277234
1382,0.52638245,0.0629207,0.06280592,0.04435257,0.46357653,0.018568128
1383,0.41640452,0.051126365,0.09839396,0.061799407,0.31801057,-0.010673042
1384,0.37900606,0.057008166,0.085770264,0.061330993,0.29323578,-0.004322827
1385,0.4471675,0.09528921,0.084826365,0.064547084,0.3623411,0.030742124
1386,0.69572854,0.05276698,0.10944624,0.07472096,0.5862823,-0.021953978
1387,0.4226221,0.09724532,0.11626874,0.09482948,0.3063534,0.0024158433
1388,0.45186546,0.053987,0.10508764,0.059142955,0.34677783,-0.0051559545
1389,0.59120435,0.05997266,0.10149431,0.078820854,0.48971003,-0.018848196
1390,0.5614333,0.10830118,0.14802554,0.10337321,0.41340777,0.0049279705
1391,0.24031428,0.03760079,0.05048161,0.03583158,0.18983266,0.0017692074
1392,0.50973964,0.06430322,0.08602272,0.0530657,0.4237169,0.011237521
1393,0.49067414,0.04883496,0.079767846,0.053782117,0.41090629,-0.0049471557
1394,0.431668,0.067570984,0.072011635,0.050494313,0.3596564,0.017076671
1395,0.64150983,0.0583809,0.0852422,0.06330116,0.5562676,-0.004920259
1396,0.23598285,0.015669959,0.028427681,0.016108792,0.20755517,-0.0004388336
1397,0.54784083,0.048569027,0.08825505,0.06861453,0.4595858,-0.0200455
1398,0.59012896,0.06634046,0.11406784,0.08055814,0.4760611,-0.014217682
1399,0.4142027,0.037969667,0.07735924,0.055263244,0.33684346,-0.017293576
1400,0.3429005,0.055318084,0.061588217,0.041297983,0.2813123,0.0140201
1401,0.4914355,0.10191057,0.12835482,0.09139915,0.36308068,0.010511421
1402,0.44881526,0.015312065,0.047140963,0.027857775,0.4016743,-0.0125457095
1403,0.503177,0.07218934,0.094493195,0.06255205,0.40868378,0.009637289
1404,0.46871302,0.093728,0.09445381,0.068922065,0.3742592,0.024805933
1405,0.43069124,0.059500482,0.074965954,0.051244278,0.3557253,0.008256204
1406,0.4539342,0.06205264,0.09889015,0.0670271,0.35504404,-0.0049744584
1407,0.5152053,0.106706575,0.12455915,0.0875095,0.39064616,0.019197077
1408,0.27546126,0.0140373595,0.08073284,0.04467043,0.19472842,-0.03063307
1409,0.51067215,0.08043652,0.10187395,0.07216443,0.40879822,0.008272089
1410,0.3029781,0.031490088,0.055615883,0.03622997,0.24736221,-0.0047398843
1411,0.42433688,0.06340597,0.09538017,0.06506489,0.32895672,-0.0016589239
1412,0.7247297,0.01559519,0.045246284,0.025462171,0.6794834,-0.009866981
1413,0.6178686,0.085303076,0.13126746,0.084692895,0.48660114,0.0006101802
1414,0.54116917,0.082735784,0.100294694,0.07859969,0.44087446,0.004136093
1415,0.41259342,0.08474345,0.10219169,0.077136695,0.31040174,0.007606752
1416,0.43200397,0.07837544,0.0896252,0.06308806,0.34237877,0.015287377
1417,0.59682614,0.065365866,0.08640293,0.058291793,0.5104232,0.007074073
1418,0.4439016,0.054056957,0.06781074,0.051756866,0.37609085,0.002300091
1419,0.51590776,0.059762992,0.099631645,0.0699985,0.41627613,-0.010235511
1420,0.56210816,0.047767736,0.083167866,0.056359895,0.4789403,-0.008592159
1421,0.347242,0.08694691,0.08039881,0.062324263,0.2668432,0.024622649
1422,0.4051787,0.06048497,0.0910878,0.053678412,0.3140909,0.00680656
1423,0.45215407,0.035988085,0.082541905,0.057181627,0.36961216,-0.021193542
1424,0.5042675,0.095543385,0.13171457,0.09944888,0.37255293,-0.0039054975
1425,0.38743892,0.069349,0.09317149,0.06582834,0.29426742,0.00352066
1426,0.5156357,0.023939162,0.05066068,0.03544255,0.46497506,-0.011503387
1427,0.57419366,0.14248848,0.16955069,0.112434626,0.40464297,0.030053854
1428,0.55043894,0.06450557,0.10852233,0.07438837,0.4419166,-0.0098828
1429,0.51454365,0.042996947,0.10029147,0.05478964,0.4142522,-0.011792693
1430,0.6920398,0.17458858,0.21877792,0.1608418,0.47326186,0.013746783
1431,0.5972648,0.07388403,0.08921532,0.061486788,0.5080495,0.012397245
1432,0.51343983,0.08219421,0.10667533,0.08626398,0.4067645,-0.004069768
1433,0.4687249,0.06792866,0.101705834,0.0801976,0.36701906,-0.012268946
1434,0.6798003,0.12326962,0.1393924,0.09342607,0.5404079,0.029843546
1435,0.28645268,0.04734151,0.040096022,0.026179042,0.24635667,0.021162469
1436,0.4989076,0.045686044,0.055940527,0.043194838,0.44296706,0.002491206
1437,0.5217363,0.064429,0.1068118,0.067789115,0.41492453,-0.003360115
1438,0.48954853,0.044809006,0.07807374,0.060875274,0.4114748,-0.016066268
1439,0.517077,0.10685658,0.11538839,0.0880677,0.40168864,0.018788874
1440,0.6673047,0.19292526,0.22738895,0.18298353,0.43991575,0.009941727
1441,0.5360161,0.093757115,0.108279824,0.08379852,0.42773628,0.009958595
1442,0.54369473,0.08626966,0.12797397,0.10430275,0.41572076,-0.018033087
1443,0.54792047,0.053026732,0.09256829,0.06701758,0.4553522,-0.0139908455
1444,0.38964054,0.079176344,0.111525044,0.078230314,0.2781155,0.00094603
1445,0.47039184,0.07582325,0.07948725,0.060159903,0.3909046,0.015663344
1446,0.65090805,0.05214047,0.09226171,0.06161139,0.5586463,-0.009470921
1447,0.5222365,0.09934291,0.120055154,0.079107665,0.4021814,0.020235248
1448,0.52663684,0.08080827,0.093826294,0.06540502,0.43281054,0.015403248
1449,0.59467596,0.09422842,0.1268408,0.08753244,0.46783516,0.0066959783
1450,0.21447533,0.027692067,0.048050236,0.03591396,0.1664251,-0.008221893
1451,0.5704541,0.08668182,0.1324744,0.10418017,0.43797973,-0.017498352
1452,0.49301246,0.11871753,0.1091817,0.08369949,0.38383076,0.03501804
1453,0.5324749,0.03666283,0.07970955,0.055983,0.45276532,-0.019320171
1454,0.46516287,0.081199676,0.10046452,0.066985965,0.36469835,0.014213711
1455,0.42768794,0.08603101,0.08398007,0.060101323,0.34370786,0.02592969
1456,0.46382096,0.08036319,0.10470073,0.077867426,0.35912025,0.0024957657
1457,0.41177088,0.0906731,0.08157773,0.06162243,0.33019316,0.029050667
1458,0.35165775,0.05104039,0.04895082,0.038922448,0.30270693,0.012117941
1459,0.48623472,0.074069664,0.11903479,0.083162114,0.36719993,-0.00909245
1460,0.60143065,0.099998794,0.1312367,0.09186141,0.47019395,0.008137383
1461,0.6618664,0.094407335,0.121015094,0.0872127,0.54085135,0.0071946383
1462,0.5523446,0.05822021,0.07221018,0.0478703,0.48013443,0.010349911
1463,0.41859746,0.048466876,0.07397762,0.055042304,0.34461984,-0.006575428
1464,0.29813495,0.009647367,0.023326058,0.017591637,0.27480888,-0.00794427
1465,0.56300884,0.08492784,0.11372819,0.091134235,0.44928065,-0.0062063932
1466,0.56719273,0.07894781,0.12807497,0.09546586,0.43911776,-0.016518049
1467,0.4572891,0.10823057,0.11674692,0.0885067,0.3405422,0.01972387
1468,0.47039887,0.0790097,0.08137602,0.055195414,0.38902286,0.023814283
1469,0.47241727,0.115671806,0.09679668,0.07878454,0.3756206,0.036887266
1470,0.49597508,0.06931173,0.09702432,0.07446629,0.39895076,-0.0051545575
1471,0.55117965,0.06317195,0.12359695,0.089876756,0.42758268,-0.026704803
1472,0.54906994,0.091550335,0.13211349,0.09654186,0.41695645,-0.004991524
1473,0.58355725,0.061596677,0.10835626,0.07977699,0.47520098,-0.01818031
1474,0.55203825,0.081626706,0.11619562,0.08771744,0.43584263,-0.006090738
1475,0.4378956,0.04386688,0.06856338,0.05036769,0.36933222,-0.0065008104
1476,0.63364446,0.077968806,0.1320326,0.098180026,0.5016118,-0.02021122
1477,0.43096983,0.06761984,0.08134453,0.05550623,0.3496253,0.012113608
1478,0.4881448,0.0947953,0.10938118,0.073871054,0.37876362,0.020924248
1479,0.36851063,0.051721945,0.087288156,0.059337102,0.28122246,-0.0076151565
1480,0.5089997,0.08524386,0.10274567,0.07845091,0.40625405,0.0067929476
1481,0.54795444,0.064861216,0.12642278,0.08482523,0.42153168,-0.019964017
1482,0.35843924,0.05487123,0.052328218,0.039340965,0.306111,0.015530266
1483,0.4591985,0.13441922,0.17356946,0.11115575,0.28562903,0.02326347
1484,0.62173307,0.058593515,0.11733713,0.077599734,0.50439596,-0.019006219
1485,0.6187137,0.10028657,0.113435134,0.08110123,0.5052785,0.019185342
1486,0.29884118,0.029769724,0.05469458,0.036512084,0.2441466,-0.00674236
1487,0.4635254,0.071277045,0.09494122,0.06835811,0.3685842,0.0029189363
1488,0.57296884,0.09434436,0.08080961,0.04919543,0.49215925,0.04514893
1489,0.7267986,0.12587431,0.15903354,0.11693712,0.56776506,0.0089371875
1490,0.41468433,0.06525706,0.099758044,0.072886184,0.31492627,-0.0076291263
1491,0.5383367,0.04839843,0.08669383,0.053400375,0.45164287,-0.0050019436
1492,0.46043143,0.0679617,0.08111523,0.053439148,0.3793162,0.0145225525
1493,0.2623245,0.04594068,0.05666981,0.03925035,0.20565471,0.006690327
1494,0.4095566,0.09559323,0.10545882,0.0845575,0.30409777,0.0110357255
1495,0.42872915,0.11569104,0.12414702,0.095662355,0.30458212,0.020028688
1496,0.48871604,0.09534258,0.110278845,0.0841964,0.3784372,0.011146173
1497,0.37528503,0.03615277,0.06026999,0.04160739,0.31501505,-0.005454622
1498,0.41897625,0.09069633,0.099691495,0.068127826,0.31928474,0.022568502
1499,0.6838372,0.14192413,0.1822508,0.13191113,0.5015864,0.010012999
1500,0.42774436,0.06270329,0.07159096,0.05394695,0.3561534,0.00875634
1501,0.32231072,0.03418596,0.058507226,0.032647528,0.26380348,0.0015384331
1502,0.5640176,0.035930194,0.07005397,0.049918108,0.49396363,-0.013987914
1503,0.5625411,0.08421125,0.13458867,0.09639848,0.42795247,-0.012187228
1504,0.6579205,0.10239961,0.13893637,0.093223944,0.5189841,0.009175666
1505,0.6054981,0.10853397,0.1690727,0.10804363,0.4364254,0.0004903376
1506,0.41550112,0.05455765,0.0809561,0.0560328,0.33454502,-0.0014751479
1507,0.25523514,0.02928825,0.04785699,0.032314178,0.20737815,-0.0030259285
1508,0.425123,0.095961206,0.099340275,0.069250196,0.32578272,0.02671101
1509,0.6012749,0.10722054,0.13925003,0.105247095,0.46202487,0.0019734427
1510,0.5224626,0.054025248,0.067441225,0.04489962,0.45502138,0.009125628
1511,0.46461844,0.05403652,0.085971646,0.062295318,0.3786468,-0.008258797
1512,0.53173494,0.03971666,0.07162222,0.04581681,0.46011272,-0.006100148
1513,0.4761818,0.07941064,0.08338098,0.05799731,0.3928008,0.021413334
1514,0.4860075,0.08247809,0.121048294,0.08999732,0.3649592,-0.0075192302
1515,0.56370866,0.10614919,0.1415096,0.1099032,0.42219907,-0.0037540123
1516,0.41888842,0.057760276,0.09560254,0.057465326,0.32328588,0.00029494986
1517,0.7149206,0.12434596,0.15970878,0.118851624,0.5552118,0.005494334
1518,0.385035,0.049647577,0.06974299,0.051252514,0.315292,-0.001604937
1519,0.5507587,0.05557483,0.08099618,0.058841884,0.46976253,-0.0032670535
1520,0.7275123,0.14800467,0.13508537,0.10216874,0.5924269,0.045835927
1521,0.31080753,0.064049356,0.084090635,0.06166626,0.22671689,0.0023830943
1522,0.5355122,0.07413598,0.08620818,0.061604183,0.44930404,0.012531798
1523,0.20590608,0.014686533,0.04414406,0.030994823,0.16176201,-0.016308289
1524,0.59710735,0.19035485,0.1904953,0.142645,0.40661204,0.047709852
1525,0.3817235,0.06896095,0.10764589,0.07739006,0.2740776,-0.00842911
1526,0.48446777,0.095969126,0.1300134,0.08785015,0.35445437,0.008118972
1527,0.5455025,0.06685123,0.09613356,0.062298607,0.44936892,0.0045526214
1528,0.50007117,0.087786265,0.11494799,0.08380665,0.3851232,0.003979616
1529,0.51324266,0.121271305,0.12132327,0.09142269,0.39191937,0.029848613
1530,0.6525352,0.06862605,0.11339452,0.07389997,0.5391407,-0.005273916
1531,0.3413822,0.07624057,0.09179172,0.060338825,0.24959049,0.015901744
1532,0.6477509,0.089154795,0.120883584,0.087140866,0.52686733,0.0020139292
1533,0.50765836,0.045433376,0.082846954,0.050651364,0.42481142,-0.005217988
1534,0.5094568,0.07988992,0.11871715,0.08067,0.39073968,-0.0007800758
1535,0.3565891,0.03588286,0.09642886,0.06300515,0.26016024,-0.027122289
1536,0.4272563,0.069911316,0.07636377,0.05532053,0.3508925,0.014590785
1537,0.5832282,0.14406168,0.1425853,0.110976815,0.44064286,0.03308487
1538,0.34988788,0.02409617,0.070010476,0.05267123,0.2798774,-0.02857506
1539,0.62204206,0.11586362,0.13371244,0.09842434,0.48832962,0.017439283
1540,0.347985,0.11100416,0.11003473,0.07178301,0.23795027,0.039221145
1541,0.46338764,0.07982407,0.088643864,0.06742747,0.37474376,0.012396596
1542,0.54539484,0.08900479,0.097748175,0.072962806,0.44764668,0.016041987
1543,0.4779603,0.054970887,0.09075261,0.06341689,0.3872077,-0.008446004
1544,0.46885774,0.15906775,0.20098159,0.141668,0.26787615,0.017399743
1545,0.6622104,0.088996,0.12813035,0.089555204,0.53408,-0.0005592033
1546,0.55678475,0.06234747,0.10956154,0.06916954,0.44722322,-0.006822072
1547,0.44350368,0.04466375,0.07323652,0.046591833,0.37026715,-0.0019280836
1548,0.32159245,0.054885063,0.0926397,0.06229921,0.22895275,-0.0074141473
1549,0.4720162,0.023448091,0.07099889,0.050412387,0.4010173,-0.026964296
1550,0.6212629,0.040676802,0.067391485,0.047842115,0.5538714,-0.0071653128
1551,0.44119084,0.064799555,0.088638246,0.06479171,0.3525526,7.845461e-06
1552,0.49641377,0.08593188,0.09638135,0.07058473,0.4000324,0.015347153
1553,0.37921336,0.10169599,0.11037973,0.078631364,0.26883364,0.023064628
1554,0.32482103,0.050991062,0.07053055,0.05745417,0.25429046,-0.0064631067
1555,0.4976648,0.060608763,0.09033328,0.06804955,0.40733153,-0.007440787
1556,0.40301263,0.04677471,0.10385765,0.060863655,0.299155,-0.014088944
1557,0.32792655,0.047174256,0.06986653,0.055642962,0.25806,-0.008468706
1558,0.5021176,0.06293164,0.11002974,0.07700811,0.39208782,-0.014076471
1559,0.4388928,0.046036072,0.05921759,0.045474228,0.3796752,0.00056184456
1560,0.38102892,0.034627523,0.08491641,0.06324278,0.2961125,-0.028615255
1561,0.5093878,0.074043736,0.08936218,0.06869554,0.42002562,0.005348198
1562,0.5147259,0.06498276,0.09059023,0.06783199,0.42413568,-0.0028492361
1563,0.34801182,0.05794081,0.06389868,0.047104873,0.28411314,0.010835938
1564,0.4019994,0.08153976,0.07737906,0.054772943,0.32462037,0.026766814
1565,0.5088576,0.088312425,0.13887772,0.08912204,0.3699799,-0.00080961734
1566,0.57006407,0.056047633,0.101343416,0.06554891,0.46872064,-0.009501278
1567,0.68106055,0.018642219,0.048213996,0.036418047,0.63284653,-0.017775828
1568,0.55424535,0.060953025,0.08970996,0.06680076,0.4645354,-0.0058477335
1569,0.38185447,0.05170259,0.09054975,0.05863879,0.2913047,-0.0069362
1570,0.41224435,0.04257833,0.06521596,0.04795649,0.34702837,-0.0053781606
1571,0.43896925,0.070047356,0.09836689,0.068275236,0.34060237,0.0017721206
1572,0.33947018,0.06898698,0.08515943,0.05568378,0.25431076,0.013303202
1573,0.49192804,0.01213584,0.04163478,0.02526771,0.45029327,-0.013131871
1574,0.55948305,0.04920102,0.07266593,0.05318401,0.48681712,-0.003982991
1575,0.5414071,0.079761855,0.11131263,0.06612853,0.43009448,0.013633326
1576,0.56604445,0.052607175,0.07353248,0.052509725,0.492512,9.744987e-05
1577,0.34558386,0.042059265,0.07501584,0.0496268,0.270568,-0.007567536
1578,0.621881,0.06920726,0.08362529,0.05917225,0.5382557,0.010035008
1579,0.48552856,0.08389856,0.06808059,0.050936513,0.41744798,0.032962047
1580,0.47989875,0.109580584,0.10555752,0.08195413,0.37434122,0.027626455
1581,0.43676504,0.029169546,0.04862435,0.039941713,0.38814068,-0.010772167
1582,0.49711967,0.0582891,0.10070721,0.07312783,0.39641246,-0.014838729
1583,0.45290637,0.05902112,0.10582266,0.065429434,0.34708372,-0.006408315
1584,0.4041969,0.07840707,0.07239576,0.052601486,0.33180112,0.025805585
1585,0.5316154,0.08891855,0.122456826,0.08782383,0.40915856,0.0010947213
1586,0.42284936,0.0424169,0.06714336,0.04054358,0.355706,0.0018733218
1587,0.6856279,0.18724318,0.16806947,0.13506302,0.5175584,0.052180156
1588,0.479544,0.080740556,0.12045324,0.08252089,0.35909078,-0.0017803311
1589,0.63599944,0.08658669,0.12164114,0.08311188,0.5143583,0.0034748092
1590,0.48293352,0.09920128,0.108869955,0.07857936,0.37406355,0.020621918
1591,0.563841,0.12153789,0.12280023,0.09510019,0.44104075,0.0264377
1592,0.37888208,0.059078623,0.076788686,0.05532586,0.3020934,0.0037527643
1593,0.59001315,0.07114658,0.10827436,0.07334731,0.48173878,-0.0022007301
1594,0.54607207,0.091702886,0.07233683,0.050396822,0.47373524,0.041306064
1595,0.5778875,0.09878019,0.11354256,0.0822829,0.46434492,0.016497292
1596,0.5905205,0.037255958,0.08507688,0.0517629,0.50544363,-0.0145069435
1597,0.39415082,0.04199782,0.07228853,0.044552647,0.32186228,-0.0025548264
1598,0.6212772,0.068801455,0.12080588,0.091140375,0.50047135,-0.02233892
1599,0.5169195,0.058841635,0.089050174,0.06704056,0.42786932,-0.008198928
1600,0.38942954,0.11107241,0.1084666,0.078302704,0.28096294,0.03276971
1601,0.5236299,0.088959254,0.10047004,0.06951414,0.42315987,0.019445114
1602,0.6078674,0.12859632,0.16256696,0.11956297,0.44530046,0.009033352
1603,0.6928858,0.13166462,0.1506005,0.1209532,0.5422853,0.010711417
1604,0.4423737,0.08448014,0.09051038,0.0617118,0.35186332,0.022768337
1605,0.5560894,0.11368675,0.114428796,0.08573055,0.4416606,0.027956195
1606,0.54912156,0.12805285,0.14900227,0.11092444,0.4001193,0.017128408
1607,0.5698022,0.08492363,0.12807009,0.08818021,0.44173214,-0.0032565743
1608,0.4644403,0.06943082,0.10845618,0.060699917,0.3559841,0.008730903
1609,0.47504067,0.06431221,0.121960856,0.08289458,0.35307983,-0.018582366
1610,0.570432,0.11053229,0.08334331,0.062353026,0.48708868,0.048179265
1611,0.43077108,0.07344129,0.11195946,0.07659318,0.31881163,-0.0031518936
1612,0.5270933,0.039600484,0.105328165,0.055300605,0.42176512,-0.01570012
1613,0.34790844,0.0924781,0.093482904,0.06927477,0.25442553,0.023203328
1614,0.5604426,0.062564574,0.092081286,0.064729884,0.46836135,-0.00216531
1615,0.5786559,0.05850484,0.09362481,0.06798338,0.4850311,-0.009478543
1616,0.7085509,0.05925768,0.09609611,0.07095273,0.6124548,-0.01169505
1617,0.744608,0.068911664,0.12837562,0.091937795,0.6162324,-0.023026131
1618,0.47597936,0.052447874,0.09165372,0.06216588,0.38432562,-0.009718005
1619,0.53439295,0.085531265,0.11747141,0.08533061,0.41692156,0.00020065159
1620,0.49383023,0.08829145,0.10450921,0.074990675,0.38932103,0.0133007765
1621,0.5336749,0.13217317,0.12878135,0.095201895,0.40489355,0.03697127
1622,0.5197515,0.051382475,0.11637862,0.0788041,0.40337288,-0.027421623
1623,0.48354843,0.042161055,0.07759835,0.054335844,0.40595007,-0.012174789
1624,0.4771586,0.07016375,0.1038539,0.076001845,0.3733047,-0.005838096
1625,0.5029174,0.059247196,0.13462645,0.0898234,0.36829096,-0.030576207
1626,0.50391,0.05556929,0.08260142,0.05902959,0.42130858,-0.0034602992
1627,0.5750283,0.11182018,0.13447872,0.1002598,0.44054958,0.01156038
1628,0.4773964,0.07732862,0.09827418,0.07157316,0.37912223,0.0057554618
1629,0.47624955,0.07899793,0.103348255,0.077250674,0.3729013,0.001747258
1630,0.4275585,0.059337992,0.087675184,0.059340276,0.33988333,-2.283603e-06
1631,0.48433566,0.052123737,0.06972073,0.056670077,0.41461492,-0.0045463406
1632,0.4092918,0.080305986,0.094739586,0.06429422,0.31455222,0.016011767
1633,0.43020508,0.051691998,0.075810425,0.061366696,0.35439464,-0.009674698
1634,0.45279324,0.09514865,0.0988603,0.07444565,0.35393295,0.020703003
1635,0.6040277,0.08710297,0.115735665,0.08545756,0.48829204,0.0016454086
1636,0.5981506,0.09012589,0.1502954,0.09599681,0.4478552,-0.0058709234
1637,0.5351774,0.05945887,0.102638446,0.081804596,0.43253896,-0.022345725
1638,0.5393461,0.09649197,0.116146706,0.07798264,0.4231994,0.018509328
1639,0.5031476,0.081865594,0.112263694,0.086133376,0.39088392,-0.004267782
1640,0.38910565,0.10949532,0.10977371,0.085742176,0.27933192,0.023753144
1641,0.53145987,0.10548867,0.10696274,0.07742162,0.42449713,0.028067052
1642,0.3668545,0.06547592,0.07995799,0.059509654,0.2868965,0.0059662648
1643,0.6683125,0.07894949,0.10808732,0.07059826,0.5602252,0.008351229
1644,0.60290694,0.09649468,0.13081193,0.09349625,0.472095,0.002998434
1645,0.5442994,0.072956465,0.1047266,0.074274205,0.4395728,-0.0013177395
1646,0.63465047,0.073009126,0.111122034,0.07166249,0.52352846,0.0013466328
1647,0.41966888,0.055798527,0.06736717,0.049693715,0.35230172,0.006104812
1648,0.5016124,0.026807602,0.06657721,0.051177602,0.43503523,-0.02437
1649,0.5894989,0.16297676,0.1700644,0.11582537,0.4194345,0.047151387
1650,0.349727,0.084640674,0.0696702,0.05095275,0.2800568,0.033687923
1651,0.492249,0.07063751,0.079848036,0.053206168,0.41240096,0.017431341
1652,0.72998613,0.10694837,0.14249483,0.09464276,0.5874913,0.01230561
1653,0.4841145,0.08900844,0.124036215,0.08746197,0.36007828,0.0015464723
1654,0.561792,0.08063313,0.11510005,0.077400774,0.44669196,0.00323236
1655,0.67148554,0.12739104,0.15540531,0.11643098,0.51608026,0.010960057
1656,0.46902835,0.05370084,0.06967715,0.055174194,0.3993512,-0.001473356
1657,0.39748642,0.070919104,0.09720801,0.070321135,0.30027843,0.0005979687
1658,0.41003236,0.042171758,0.08151917,0.04987994,0.3285132,-0.0077081807
1659,0.43294156,0.054810133,0.08695108,0.060487438,0.34599048,-0.005677305
1660,0.46296823,0.069364525,0.097579144,0.07868909,0.36538908,-0.0093245655
1661,0.5611587,0.103539184,0.11428231,0.07947259,0.4468764,0.024066597
1662,0.51834387,0.058177613,0.07892011,0.05861665,0.43942374,-0.00043903664
1663,0.53810626,0.10128103,0.12505709,0.0849369,0.41304916,0.01634413
1664,0.66891026,0.1271524,0.13865152,0.091513544,0.5302588,0.035638854
1665,0.6037699,0.093983136,0.13142177,0.0867098,0.47234812,0.0072733387
1666,0.47927052,0.10338077,0.10478598,0.076938555,0.37448454,0.026442215
1667,0.6383975,0.06520269,0.10102491,0.06880615,0.5373726,-0.0036034584
1668,0.56701565,0.033676945,0.09225012,0.066669494,0.47476554,-0.03299255
1669,0.50052214,0.058003858,0.07713661,0.059093885,0.42338553,-0.0010900274
1670,0.4414981,0.06106976,0.090210535,0.06033019,0.35128757,0.0007395707
1671,0.5477598,0.09888774,0.13688867,0.091960035,0.4108711,0.0069277063
1672,0.556411,0.09005169,0.10224082,0.07133869,0.4541702,0.018712997
1673,0.27091613,0.07879717,0.06803765,0.047293615,0.20287848,0.031503554
1674,0.56403595,0.083249114,0.099093914,0.07459938,0.46494204,0.008649737
1675,0.5489446,0.07639273,0.11499803,0.0932628,0.43394655,-0.016870067
1676,0.66784436,0.11604153,0.13030083,0.0998178,0.53754354,0.016223736
1677,0.45482823,0.06915556,0.10831441,0.07352549,0.3465138,-0.0043699294
1678,0.29597372,0.06285046,0.092014015,0.0679909,0.2039597,-0.0051404387
1679,0.4959041,0.06644154,0.09014711,0.06166572,0.40575698,0.004775822
1680,0.53224367,0.0801435,0.09460029,0.06815867,0.43764338,0.011984825
1681,0.34494036,0.081966214,0.08742547,0.06743042,0.2575149,0.014535792
1682,0.4625786,0.09038056,0.096254215,0.06781976,0.36632437,0.022560798
1683,0.5041849,0.07315774,0.09019257,0.060019266,0.41399235,0.013138477
1684,0.4712975,0.071988985,0.06382628,0.046484753,0.40747124,0.025504231
1685,0.3551195,0.056804575,0.11158234,0.07934974,0.24353716,-0.022545166
1686,0.36365592,0.068567246,0.059330244,0.040275477,0.30432567,0.02829177
1687,0.5220658,0.07439833,0.08062267,0.059687663,0.44144315,0.0147106685
1688,0.44279012,0.06363261,0.08908359,0.0660678,0.35370654,-0.0024351925
1689,0.5013006,0.085007526,0.08898973,0.060588557,0.41231084,0.024418969
1690,0.38062394,0.051407102,0.10206453,0.06956585,0.27855942,-0.018158745
1691,0.6717788,0.16574234,0.1321513,0.100396134,0.5396275,0.065346204
1692,0.49457625,0.096114494,0.121951655,0.08544251,0.37262458,0.010671981
1693,0.5816018,0.05720022,0.095207945,0.06772925,0.48639387,-0.01052903
1694,0.39728126,0.073096395,0.06623216,0.0491117,0.33104908,0.023984693
1695,0.31804892,0.049095564,0.074302636,0.054883145,0.24374628,-0.005787581
1696,0.46178192,0.04902515,0.07601527,0.055921026,0.38576666,-0.0068958774
1697,0.65611,0.11372295,0.112878226,0.07976841,0.5432318,0.03395454
1698,0.52430356,0.08706387,0.09604112,0.068171665,0.42826244,0.018892206
1699,0.40070146,0.03548626,0.06731206,0.04655225,0.3333894,-0.01106599
1700,0.5237335,0.044189878,0.08868059,0.06308298,0.4350529,-0.0188931
1701,0.5411032,0.06653963,0.09950353,0.06824696,0.44159967,-0.0017073303
1702,0.5476859,0.04886411,0.07384139,0.05200086,0.47384453,-0.0031367503
1703,0.48368752,0.061676115,0.09510615,0.066394225,0.38858137,-0.00471811
1704,0.4599398,0.043327857,0.08089363,0.05617807,0.37904617,-0.012850214
1705,0.6114037,0.04000648,0.09569587,0.06983252,0.51570785,-0.029826038
1706,0.59127927,0.08405638,0.13487971,0.091494635,0.45639956,-0.0074382573
1707,0.65145475,0.21402805,0.25936157,0.21215335,0.39209318,0.0018747002
1708,0.37460425,0.07339969,0.08997098,0.06257064,0.28463328,0.010829054
1709,0.53443825,0.09341625,0.086178645,0.06709976,0.4482596,0.026316494
1710,0.43949988,0.05346465,0.08121325,0.056372017,0.35828662,-0.0029073656
1711,0.46881062,0.101164185,0.10478284,0.07919592,0.36402777,0.021968268
1712,0.3660563,0.04561892,0.072397836,0.050575532,0.29365847,-0.0049566105
1713,0.6972558,0.1171166,0.14788015,0.10207377,0.54937565,0.015042834
1714,0.66514224,0.105611496,0.15343891,0.10367038,0.5117033,0.0019411147
1715,0.37881938,0.064787015,0.06979874,0.053851645,0.30902064,0.01093537
1716,0.53934634,0.056837484,0.08441634,0.0656137,0.45493,-0.008776218
1717,0.60524356,0.09185565,0.13170196,0.09630388,0.47354162,-0.0044482276
1718,0.5180294,0.06291917,0.119672164,0.08670709,0.3983572,-0.023787923
1719,0.48613298,0.088275224,0.11535466,0.08075668,0.37077832,0.007518545
1720,0.55552435,0.04773375,0.07624938,0.05150478,0.47927496,-0.0037710294
1721,0.42750576,0.04069707,0.059715606,0.042739183,0.36779016,-0.002042111
1722,0.53301066,0.05848108,0.10686009,0.072708264,0.42615056,-0.014227185
1723,0.35071325,0.049488988,0.08874754,0.058737498,0.26196572,-0.00924851
1724,0.5166321,0.08959492,0.10962615,0.08521496,0.40700594,0.0043799654
1725,0.71572196,0.114089325,0.14915365,0.10340043,0.5665683,0.0106888935
1726,0.46744555,0.07896913,0.10044422,0.07374497,0.36700132,0.005224161
1727,0.41912168,0.04246026,0.06930633,0.051608592,0.34981537,-0.009148333
1728,0.3409392,0.054631356,0.05085089,0.03356775,0.2900883,0.021063607
1729,0.51159894,0.09250972,0.11795912,0.082485534,0.39363983,0.0100241825
1730,0.50803006,0.05969893,0.08274433,0.061610848,0.42528573,-0.0019119196
1731,0.5455548,0.07017933,0.10427217,0.07163795,0.44128263,-0.0014586225
1732,0.5952131,0.04473064,0.09252642,0.06790978,0.5026867,-0.023179136
1733,0.4024134,0.08190912,0.06668964,0.047155682,0.33572376,0.034753438
1734,0.54236597,0.071270965,0.113025606,0.07849842,0.42934036,-0.007227458
1735,0.28019142,0.043129466,0.042834315,0.034110997,0.23735711,0.00901847
1736,0.46816248,0.07268748,0.09204398,0.062770575,0.37611848,0.009916902
1737,0.48490342,0.071273506,0.11018304,0.07211194,0.3747204,-0.0008384362
1738,0.4564001,0.041963745,0.050932884,0.033893384,0.4054672,0.008070361
1739,0.48258138,0.06660501,0.11798102,0.07983175,0.36460036,-0.01322674
1740,0.534445,0.035917472,0.050157182,0.034256127,0.4842878,0.0016613454
1741,0.6507036,0.06858368,0.112926446,0.07218133,0.5377772,-0.003597647
1742,0.5273997,0.03128364,0.07173397,0.046148743,0.45566577,-0.014865104
1743,0.55113167,0.05536267,0.07253344,0.053258944,0.47859824,0.0021037273
1744,0.5611531,0.09456445,0.14341041,0.10811374,0.4177427,-0.013549291
1745,0.4529946,0.03889488,0.0909726,0.06611383,0.362022,-0.027218949
1746,0.2081244,0.020295516,0.043874435,0.032493107,0.16424996,-0.012197591
1747,0.44632143,0.07019831,0.061165072,0.044683896,0.38515636,0.025514416
1748,0.58153695,0.090847425,0.13400713,0.09008576,0.44752982,0.0007616654
1749,0.3679697,0.042186823,0.06446983,0.04161417,0.30349988,0.0005726516
1750,0.47669172,0.116294175,0.11349223,0.081734195,0.3631995,0.03455998
1751,0.55411977,0.082851,0.12629153,0.104010604,0.42782825,-0.021159604
1752,0.5009221,0.062110346,0.10912888,0.07495937,0.3917932,-0.012849022
1753,0.5029035,0.04914599,0.07068448,0.049079392,0.43221903,6.6597015e-05
1754,0.46871546,0.10380982,0.12258816,0.0864115,0.3461273,0.01739832
1755,0.5684328,0.08495125,0.11714598,0.08497585,0.45128682,-2.4601817e-05
1756,0.50449574,0.06356875,0.074209176,0.05277725,0.43028656,0.010791499
1757,0.66418666,0.06451284,0.102796555,0.06356422,0.5613901,0.0009486228
1758,0.40005967,0.05390447,0.08353542,0.068807065,0.31652427,-0.014902595
1759,0.33342147,0.045417715,0.07755611,0.05081313,0.25586537,-0.005395416
1760,0.7460554,0.13078101,0.12656286,0.09928366,0.61949253,0.03149735
1761,0.48890892,0.080153845,0.09583195,0.07553968,0.39307696,0.004614167
1762,0.77176017,0.16840583,0.17632084,0.12943573,0.5954393,0.038970098
1763,0.30028662,0.03069199,0.049649917,0.040677506,0.2506367,-0.009985516
1764,0.35695845,0.06348472,0.083927274,0.050835095,0.27303118,0.012649626
1765,0.62197167,0.078470245,0.11262169,0.07302056,0.50935,0.0054496825
1766,0.35618278,0.052089375,0.08717312,0.05042532,0.26900965,0.0016640536
1767,0.67362547,0.03703366,0.08714904,0.059141897,0.58647645,-0.022108238
1768,0.54885286,0.08968704,0.13503727,0.10299877,0.4138156,-0.013311729
1769,0.48280007,0.078493394,0.09264198,0.06846753,0.3901581,0.010025866
1770,0.35034627,0.03879945,0.08198736,0.04973358,0.26835892,-0.010934129
1771,0.44281426,0.09257837,0.12254236,0.09210858,0.3202719,0.0004697889
1772,0.3730353,0.08080115,0.10071144,0.06424653,0.27232388,0.016554624
1773,0.61327577,0.04262595,0.09005634,0.06250024,0.5232194,-0.01987429
1774,0.28377444,0.040799256,0.06317101,0.045394342,0.22060344,-0.004595086
1775,0.6260268,0.09184356,0.10227239,0.07990165,0.5237544,0.01194191
1776,0.38289872,0.057976183,0.05005557,0.036633573,0.33284315,0.02134261
1777,0.54654,0.113302976,0.120103896,0.08082352,0.42643613,0.032479458
1778,0.51491064,0.07232534,0.092573024,0.06555181,0.42233762,0.0067735314
1779,0.55047095,0.06429392,0.12424797,0.076099314,0.42622298,-0.011805393
1780,0.5235672,0.08115883,0.11377634,0.08220136,0.40979087,-0.0010425299
1781,0.57694095,0.092014134,0.12875554,0.09250246,0.4481854,-0.00048832595
1782,0.40117744,0.055576924,0.06969367,0.049395062,0.33148378,0.006181862
1783,0.386068,0.056046333,0.07943899,0.06070264,0.306629,-0.0046563074
1784,0.7526343,0.16712502,0.20762093,0.1667129,0.54501337,0.00041212142
1785,0.4697467,0.05639908,0.093330614,0.07215333,0.3764161,-0.015754249
1786,0.62663245,0.09146163,0.1229681,0.092735276,0.5036644,-0.001273647
1787,0.39032933,0.04926381,0.080770336,0.048087902,0.309559,0.0011759065
1788,0.6125269,0.0844419,0.10276933,0.07408204,0.5097576,0.010359861
1789,0.5069965,0.09111188,0.08558701,0.06115347,0.4214095,0.029958412
1790,0.5096239,0.07569206,0.106182836,0.07722256,0.40344104,-0.0015305057
1791,0.50800043,0.07846789,0.1274837,0.09144591,0.38051674,-0.012978017
1792,0.5163164,0.07795381,0.13165112,0.09424596,0.3846653,-0.016292155
1793,0.5301087,0.05000273,0.052477248,0.040816367,0.47763145,0.009186365
1794,0.537562,0.055041596,0.10310976,0.07610756,0.43445224,-0.021065965
1795,0.5237177,0.11279302,0.12938085,0.09831277,0.39433685,0.014480248
1796,0.36346197,0.040803693,0.057373416,0.03853329,0.30608857,0.0022704042
1797,0.6381572,0.12359589,0.092710905,0.070257746,0.5454463,0.053338148
1798,0.40633643,0.074386515,0.09085668,0.06175307,0.31547976,0.012633443
1799,0.43120116,0.043501757,0.07422714,0.052635748,0.356974,-0.009133991
1800,0.4617569,0.055802908,0.090836205,0.06685534,0.37092072,-0.011052433
1801,0.50122803,0.09384638,0.09040923,0.06844542,0.41081882,0.025400959
1802,0.49024558,0.06971793,0.11138926,0.08264664,0.37885633,-0.012928709
1803,0.6626106,0.11440179,0.1503785,0.113779664,0.51223207,0.0006221235
1804,0.48191792,0.08989397,0.117259726,0.08719391,0.36465818,0.0027000606
1805,0.39672023,0.06605869,0.07632177,0.051861636,0.32039845,0.0141970515
1806,0.37892497,0.09202297,0.08877959,0.067145355,0.29014537,0.024877615
1807,0.54565215,0.09358355,0.19061299,0.12927017,0.35503918,-0.03568662
1808,0.5606153,0.07175386,0.099047184,0.066306874,0.46156812,0.0054469854
1809,0.68869776,0.12668358,0.15796664,0.11142413,0.5307311,0.015259445
1810,0.6187214,0.061828565,0.12875083,0.07929069,0.4899706,-0.017462123
1811,0.28176808,0.055437095,0.08267616,0.06452219,0.19909193,-0.009085096
1812,0.51286983,0.046207722,0.08830202,0.05684944,0.42456782,-0.010641716
1813,0.59819764,0.103291996,0.11874273,0.08738379,0.4794549,0.015908204
1814,0.7093845,0.11707763,0.17193204,0.12223861,0.53745246,-0.0051609874
1815,0.55475205,0.082844816,0.11459327,0.07538416,0.44015878,0.007460654
1816,0.46353608,0.15231784,0.16868524,0.12554218,0.29485083,0.026775658
1817,0.43317208,0.054105043,0.07915451,0.053129304,0.35401756,0.0009757392
1818,0.4521546,0.06163125,0.08627488,0.05741322,0.3658797,0.0042180307
1819,0.6108989,0.11226468,0.13038749,0.08607279,0.48051143,0.02619189
1820,0.7871096,0.10351776,0.17953514,0.123741046,0.60757446,-0.020223282
1821,0.48767868,0.097711526,0.10189094,0.079362646,0.38578773,0.01834888
1822,0.51913667,0.12199031,0.13861343,0.09117405,0.38052323,0.030816257
1823,0.29826972,0.016000267,0.04228078,0.025715357,0.25598896,-0.00971509
1824,0.5290704,0.10088159,0.12900412,0.09587161,0.40006626,0.005009979
1825,0.6331085,0.082917355,0.15368533,0.105679736,0.47942317,-0.02276238
1826,0.6168129,0.10221657,0.12770316,0.09026784,0.48910972,0.0119487345
1827,0.44344544,0.04152076,0.09803587,0.06494248,0.34540957,-0.02342172
1828,0.61608523,0.07837766,0.110600315,0.081689775,0.50548494,-0.0033121184
1829,0.49215314,0.106660254,0.13044007,0.08885367,0.36171305,0.017806582
1830,0.42089206,0.0009503763,0.034172706,0.02065784,0.38671935,-0.019707464
1831,0.56843,0.05646529,0.077511065,0.05249024,0.49091893,0.0039750487
1832,0.5211553,0.05514292,0.10049888,0.062429894,0.4206564,-0.0072869733
1833,0.4858243,0.11840826,0.1418123,0.11258371,0.344012,0.005824551
1834,0.54428995,0.03655657,0.08232578,0.05985424,0.46196416,-0.023297668
1835,0.3901422,0.04494303,0.07845614,0.06133961,0.31168607,-0.016396578
1836,0.5885927,0.11549062,0.13553195,0.105645716,0.45306075,0.009844907
1837,0.4335859,0.045881517,0.114293896,0.08087077,0.319292,-0.034989253
1838,0.45290866,0.05400439,0.09791173,0.07884435,0.35499692,-0.024839964
1839,0.43736005,0.060283273,0.067802,0.05199214,0.36955804,0.008291133
1840,0.49155718,0.03458771,0.07359155,0.052443195,0.41796562,-0.017855484
1841,0.6648178,0.08445679,0.12472117,0.09078441,0.54009664,-0.0063276216
1842,0.41724586,0.053379055,0.08875637,0.06485608,0.32848948,-0.011477027
1843,0.54591364,0.05721668,0.10528599,0.07702875,0.44062763,-0.01981207
1844,0.49053308,0.029749047,0.06109204,0.040922858,0.42944103,-0.011173811
1845,0.48400995,0.08536434,0.10113929,0.0758403,0.38287067,0.00952404
1846,0.6287416,0.07825551,0.10522182,0.07830473,0.5235198,-4.9218535e-05
1847,0.5695407,0.09139782,0.13979182,0.098621786,0.42974886,-0.0072239637
1848,0.57865506,0.14107665,0.16382933,0.12401233,0.41482574,0.017064326
1849,0.5157257,0.08179185,0.103405595,0.076995626,0.41232008,0.004796222
1850,0.4196684,0.0893308,0.08915044,0.06988036,0.33051795,0.019450441
1851,0.27426395,0.05445471,0.062393438,0.04969725,0.2118705,0.00475746
1852,0.6176914,0.0918366,0.1564116,0.11013679,0.4612798,-0.01830019
1853,0.555038,0.062983274,0.0793997,0.050394874,0.47563827,0.0125884
1854,0.37716538,0.08253624,0.09602092,0.06934521,0.28114444,0.013191029
1855,0.4152671,0.033677094,0.06873777,0.047688786,0.34652933,-0.014011692
1856,0.6165309,0.042478736,0.075677425,0.053774368,0.5408535,-0.0112956315
1857,0.6018993,0.09710089,0.14924935,0.10215632,0.45264998,-0.0050554276
1858,0.47685024,0.062043156,0.07278972,0.05265553,0.4040605,0.009387627
1859,0.38875875,0.06163885,0.12911794,0.08661579,0.2596408,-0.024976943
1860,0.39279112,0.050551206,0.08223455,0.056570172,0.3105566,-0.0060189664
1861,0.65101486,0.07237246,0.1254066,0.086493835,0.5256083,-0.014121376
1862,0.5255019,0.08659889,0.09696497,0.06918442,0.42853695,0.017414466
1863,0.42569202,0.104136676,0.14609645,0.10172395,0.27959555,0.002412729
1864,0.34269917,0.060400635,0.09674348,0.061998803,0.24595569,-0.0015981682
1865,0.3760149,0.051895346,0.074003436,0.054621894,0.30201146,-0.0027265474
1866,0.54339874,0.048844878,0.10565112,0.06641592,0.43774763,-0.017571043
1867,0.5733397,0.14281279,0.1424737,0.098092936,0.430866,0.044719853
1868,0.57387483,0.08391479,0.11576269,0.076808505,0.45811215,0.007106282
1869,0.43983158,0.06061143,0.08411208,0.06252307,0.3557195,-0.0019116364
1870,0.42967913,0.05614778,0.07254952,0.054792095,0.3571296,0.0013556853
1871,0.6009164,0.079439886,0.12071793,0.086596414,0.48019844,-0.0071565285
1872,0.5956238,0.062414113,0.08362994,0.062123973,0.5119938,0.0002901405
1873,0.48089638,0.020130802,0.03388193,0.02730357,0.44701445,-0.007172769
1874,0.58845276,0.10846864,0.1301004,0.09200607,0.45835236,0.016462564
1875,0.37918413,0.12321665,0.10164112,0.07470699,0.277543,0.048509665
1876,0.5469428,0.08094948,0.11360971,0.08014386,0.43333307,0.0008056164
1877,0.48498204,0.1290857,0.12737045,0.098236285,0.3576116,0.03084942
1878,0.5859985,0.07909323,0.124580786,0.07137581,0.46141768,0.007717423
1879,0.6878671,0.09140219,0.12884088,0.0958692,0.55902624,-0.0044670105
1880,0.7475456,0.038961798,0.0936494,0.054387726,0.6538962,-0.015425928
1881,0.4763913,0.07091094,0.09383718,0.061427813,0.3825541,0.009483125
1882,0.5854258,0.100617066,0.14214377,0.102086544,0.443282,-0.001469478
1883,0.484857,0.09858144,0.11393361,0.083855435,0.3709234,0.0147260055
1884,0.38437283,0.08519184,0.07807856,0.056716405,0.30629426,0.028475434
1885,0.55897105,0.11120135,0.123667404,0.08369485,0.43530363,0.0275065
1886,0.4564621,0.08242892,0.09150409,0.06319331,0.364958,0.019235611
1887,0.5486453,0.063815914,0.111465074,0.07992297,0.43718025,-0.016107053
1888,0.38399562,0.023538245,0.06599268,0.036188703,0.31800294,-0.012650458
1889,0.4313302,0.057425667,0.09134407,0.067803554,0.33998615,-0.010377888
1890,0.5816658,0.12581259,0.11655811,0.08951014,0.4651077,0.036302447
1891,0.4453968,0.08375939,0.11959805,0.08573158,0.32579875,-0.001972191
1892,0.5004229,0.07651204,0.11088625,0.06966029,0.38953665,0.0068517476
1893,0.43632936,0.08569407,0.08434355,0.062053554,0.3519858,0.023640513
1894,0.42659342,0.052078757,0.09202655,0.060970813,0.3345669,-0.008892056
1895,0.39026678,0.048955146,0.07696213,0.057053715,0.31330466,-0.008098569
1896,0.46567896,0.042337775,0.09346552,0.05952383,0.37221342,-0.017186053
1897,0.51458687,0.09287251,0.13709553,0.09032639,0.37749135,0.0025461167
1898,0.5399012,0.07432641,0.10970815,0.068274386,0.43019304,0.0060520247
1899,0.47133368,0.06979384,0.09239688,0.06875531,0.3789368,0.0010385364
1900,0.44482118,0.060498293,0.113373116,0.081538014,0.33144808,-0.02103972
1901,0.47720367,0.02074837,0.039175224,0.022763487,0.43802845,-0.0020151176
1902,0.44693542,0.10314848,0.09602431,0.074190736,0.3509111,0.028957747
1903,0.36214706,0.01611683,0.047930766,0.033612125,0.3142163,-0.017495295
1904,0.54240626,0.09541888,0.1142614,0.084469296,0.42814487,0.010949582
1905,0.52264374,0.05279513,0.088575386,0.05436764,0.43406835,-0.0015725084
1906,0.53810805,0.04574954,0.073408015,0.056299318,0.46470004,-0.010549776
1907,0.49147043,0.046555392,0.10578823,0.06746088,0.3856822,-0.020905487
1908,0.49392855,0.08731824,0.09931083,0.07986126,0.39461774,0.0074569806
1909,0.41590336,0.04397503,0.081965044,0.05456946,0.3339383,-0.010594431
1910,0.5381979,0.099117324,0.14343342,0.10470865,0.39476445,-0.0055913255
1911,0.56806,0.1145081,0.14136605,0.098364994,0.42669392,0.016143106
1912,0.51634973,0.14223415,0.076703675,0.061732553,0.43964607,0.08050159
1913,0.538169,0.1031456,0.09475562,0.066225216,0.4434134,0.036920384
1914,0.47489256,0.050026726,0.07799182,0.05971723,0.39690074,-0.0096905045
1915,0.6228718,0.111766845,0.12583522,0.09225117,0.49703658,0.019515678
1916,0.4141509,0.093006834,0.098870985,0.07020472,0.3152799,0.022802114
1917,0.4464296,0.06354969,0.10475918,0.07392966,0.34167042,-0.01037997
1918,0.521387,0.08253833,0.10229802,0.074589334,0.41908896,0.007948995
1919,0.49252063,0.095407166,0.124527216,0.09921788,0.3679934,-0.0038107112
1920,0.47591954,0.08681871,0.12198885,0.09157389,0.3539307,-0.0047551766
1921,0.5337013,0.030704616,0.07419386,0.053607583,0.45950744,-0.022902967
1922,0.3542194,0.100704,0.10040311,0.07366733,0.2538163,0.027036667
1923,0.47567084,0.09361128,0.09438173,0.06729148,0.38128912,0.026319794
1924,0.38400558,0.05236342,0.08892138,0.06691628,0.29508418,-0.014552858
1925,0.59824556,0.11288332,0.13305286,0.09544243,0.4651927,0.017440893
1926,0.5264108,0.10308221,0.13692799,0.08756628,0.38948283,0.015515931
1927,0.45165172,0.071085736,0.13992482,0.093130775,0.3117269,-0.022045039
1928,0.3712352,0.07430403,0.087984726,0.06422382,0.28325045,0.010080211
1929,0.51701516,0.07085886,0.105896115,0.07812519,0.41111904,-0.007266335
1930,0.54419655,0.07201297,0.072436586,0.05461772,0.47175997,0.017395247
1931,0.46757796,0.10334803,0.1256486,0.088449694,0.34192938,0.014898337
1932,0.4303614,0.053067014,0.07723093,0.05639722,0.35313046,-0.0033302046
1933,0.54041034,0.06512884,0.102611795,0.072846256,0.43779856,-0.0077174157
1934,0.4315139,0.0760575,0.082887076,0.06440372,0.34862682,0.011653781
1935,0.4415525,0.07855654,0.11826491,0.08838852,0.32328758,-0.00983198
1936,0.43011162,0.07827122,0.09486964,0.06659509,0.33524197,0.011676125
1937,0.4900722,0.07195099,0.10286252,0.07141039,0.38720965,0.0005405992
1938,0.42258555,0.07096767,0.09630934,0.07112888,0.3262762,-0.00016121566
1939,0.4172293,0.06575654,0.10237624,0.073829666,0.31485307,-0.008073129
1940,0.4421861,0.054581452,0.075665414,0.054849684,0.36652067,-0.00026823208
1941,0.49540788,0.042986482,0.08020467,0.059578426,0.4152032,-0.016591944
1942,0.54481894,0.12511477,0.16510923,0.12793286,0.37970972,-0.0028180927
1943,0.43006355,0.025928793,0.06488787,0.039083295,0.36517566,-0.013154501
1944,0.62839967,0.10243103,0.11976485,0.08911685,0.5086348,0.01331418
1945,0.48904428,0.08070059,0.10051235,0.071818754,0.38853192,0.008881837
1946,0.6085895,0.071653195,0.08483591,0.06267488,0.5237536,0.008978315
1947,0.5571416,0.09085376,0.09546389,0.059054486,0.46167773,0.03179927
1948,0.48773015,0.09835817,0.092916384,0.06593307,0.39481378,0.032425098
1949,0.5631039,0.080527216,0.090627566,0.056661356,0.47247636,0.02386586
1950,0.56339425,0.054259606,0.08548684,0.060435504,0.47790742,-0.006175898
1951,0.35218465,0.04185019,0.07148789,0.050245814,0.28069675,-0.008395623
1952,0.59988654,0.07806895,0.10142982,0.06549334,0.49845672,0.0125756115
1953,0.5040897,0.025520824,0.07850512,0.04553097,0.42558458,-0.020010147
1954,0.47447273,0.058320645,0.09756347,0.0728745,0.37690926,-0.014553856
1955,0.45607644,0.09889996,0.0870283,0.0668632,0.36904815,0.03203676
1956,0.5698549,0.06824911,0.08431967,0.058604937,0.48553523,0.009644169
1957,0.4342121,0.025971685,0.038115907,0.024672594,0.39609617,0.0012990907
1958,0.40913373,0.10485607,0.110159494,0.08874597,0.29897425,0.0161101
1959,0.5759952,0.111959554,0.14260486,0.10567558,0.43339035,0.006283976
1960,0.49851224,0.05618633,0.08864546,0.062627785,0.40986678,-0.0064414553
1961,0.48176095,0.06868308,0.104165,0.07020211,0.37759596,-0.0015190318
1962,0.62596786,0.10060304,0.12715173,0.090708986,0.49881613,0.009894051
1963,0.63251,0.08543119,0.100896396,0.07532057,0.5316136,0.010110617
1964,0.58841735,0.10311994,0.14074406,0.10330441,0.4476733,-0.00018446892
1965,0.398806,0.050926596,0.07348943,0.05552522,0.32531658,-0.004598625
1966,0.41301388,0.050930932,0.07749492,0.053561367,0.33551896,-0.002630435
1967,0.5433747,0.0755245,0.121259615,0.09523838,0.4221151,-0.019713879
1968,0.6153573,0.052310996,0.123219214,0.079153106,0.49213806,-0.02684211
1969,0.411859,0.06518828,0.072592355,0.054463007,0.33926666,0.010725275
1970,0.48395047,0.08075217,0.1263797,0.08770905,0.35757077,-0.0069568753
1971,0.62138283,0.068897516,0.111396626,0.06807193,0.5099862,0.00082558393
1972,0.5602591,0.12137431,0.13240246,0.09625919,0.42785662,0.025115117
1973,0.42062846,0.024847696,0.04401864,0.034844913,0.3766098,-0.009997217
1974,0.4527785,0.083566025,0.076356545,0.056744266,0.37642193,0.026821759
1975,0.4712074,0.1361431,0.13531506,0.097221665,0.33589235,0.03892144
1976,0.45448747,0.08806609,0.11591079,0.07727311,0.33857667,0.010792986
1977,0.69306624,0.10021976,0.13160546,0.09889592,0.5614608,0.0013238341
1978,0.5862309,0.07084477,0.12308781,0.08288545,0.46314305,-0.012040682
1979,0.5703542,0.0884879,0.13316114,0.08882515,0.4371931,-0.00033725053
1980,0.5482959,0.07208127,0.10601683,0.0743106,0.4422791,-0.002229333
1981,0.44179377,0.07466977,0.0883505,0.065640435,0.35344326,0.009029336
1982,0.6356032,0.079534136,0.1169397,0.07658124,0.51866347,0.002952896
1983,0.55587953,0.050422918,0.11024733,0.069469176,0.44563222,-0.019046258
1984,0.21910846,0.042865217,0.05666866,0.036639027,0.1624398,0.0062261894
1985,0.45309925,0.06608504,0.099647954,0.072443485,0.3534513,-0.0063584447
1986,0.5686191,0.080376245,0.100314364,0.06527521,0.4683047,0.015101038
1987,0.47421676,0.07763441,0.11508314,0.07584244,0.3591336,0.0017919689
1988,0.46742463,0.056346465,0.10118856,0.072402634,0.36623606,-0.016056169
1989,0.39930055,0.046315767,0.0661245,0.049337998,0.33317605,-0.0030222312
1990,0.58304757,0.08306171,0.1183465,0.08577757,0.46470106,-0.0027158633
1991,0.4498727,0.0614054,0.07024262,0.05482756,0.3796301,0.006577842
1992,0.60581034,0.050561093,0.13837643,0.08038343,0.46743393,-0.029822335
1993,0.5984805,0.08123847,0.11637817,0.0810533,0.48210233,0.00018516928
1994,0.3419417,0.051765125,0.0767832,0.058120925,0.2651585,-0.0063557997
1995,0.51768196,0.09645925,0.13813904,0.09348984,0.37954292,0.0029694065
1996,0.47844678,0.09002131,0.12675287,0.08912654,0.35169393,0.00089477
1997,0.3875161,0.040822633,0.061768197,0.041062664,0.3257479,-0.00024003163
1998,0.65922666,0.093170114,0.12101205,0.08716817,0.5382146,0.006001942
1999,0.62557435,0.066357166,0.09584464,0.071597084,0.5297297,-0.005239919
2000,0.49396545,0.09429725,0.09322624,0.074144304,0.4007392,0.020152949
2001,0.3384703,0.036542192,0.04208221,0.029879343,0.2963881,0.0066628493
2002,0.5962138,0.058964416,0.12501064,0.0869669,0.47120318,-0.028002486
2003,0.5986791,0.05694894,0.1346232,0.093168154,0.46405593,-0.036219213
2004,0.23866259,0.041920036,0.06003485,0.042257417,0.17862773,-0.00033738092
2005,0.4631069,0.039668083,0.089518264,0.05606725,0.37358862,-0.016399167
2006,0.33508676,0.033227213,0.06154255,0.040112425,0.27354422,-0.006885212
2007,0.45061964,0.0430923,0.06988372,0.052557252,0.38073593,-0.009464953
2008,0.4678989,0.07586234,0.10710955,0.07996355,0.36078936,-0.0041012093
2009,0.51107055,0.15981841,0.14705163,0.0966291,0.36401892,0.06318931
2010,0.4593587,0.044594113,0.06992845,0.047144294,0.38943022,-0.002550181
2011,0.4617325,0.10090491,0.14286155,0.10185697,0.31887096,-0.00095205754
2012,0.41578075,0.09186023,0.10641353,0.08432777,0.30936724,0.007532455
2013,0.50467664,0.04689073,0.09748359,0.0588906,0.40719306,-0.011999872
2014,0.450906,0.08706526,0.106435075,0.074260525,0.34447092,0.012804732
2015,0.57283837,0.10028878,0.12421948,0.08627445,0.4486189,0.014014326
2016,0.4769694,0.08579339,0.100698434,0.07341318,0.37627095,0.012380213
2017,0.5245519,0.04680025,0.0938733,0.06927939,0.43067864,-0.02247914
2018,0.5526585,0.06647269,0.10934894,0.07940693,0.44330955,-0.012934245
2019,0.57778066,0.06875142,0.093664244,0.07016744,0.48411644,-0.0014160201
2020,0.5463874,0.076408245,0.12935424,0.07723041,0.41703314,-0.0008221641
2021,0.4705931,0.07979858,0.11453853,0.08551619,0.35605457,-0.005717613
2022,0.59184,0.118738204,0.12298272,0.08640643,0.46885732,0.032331772
2023,0.37307626,0.09146665,0.07558186,0.056284767,0.2974944,0.035181884
2024,0.4502923,0.05592273,0.06617948,0.050240327,0.3841128,0.005682405
2025,0.54837763,0.09425775,0.1262217,0.08822018,0.42215592,0.0060375705
2026,0.41928858,0.06710093,0.08567662,0.05586081,0.33361197,0.011240117
2027,0.4789566,0.073015295,0.075982474,0.05417476,0.40297413,0.018840536
2028,0.2968624,0.052674603,0.07946615,0.06111027,0.21739624,-0.008435667
2029,0.5428749,0.076029785,0.11373117,0.080040194,0.4291437,-0.004010409
2030,0.45579037,0.05714911,0.085945055,0.059179176,0.36984533,-0.0020300671
2031,0.63954806,0.19439639,0.16666022,0.12065228,0.47288784,0.07374411
2032,0.39389336,0.06492152,0.096234605,0.07613719,0.29765874,-0.011215672
2033,0.49525154,0.07588661,0.10238363,0.081869416,0.39286792,-0.005982809
2034,0.33938166,0.021674354,0.03147137,0.021141121,0.3079103,0.00053323247
2035,0.6774837,0.12712666,0.13448319,0.09355173,0.54300046,0.03357493
2036,0.5618303,0.09275108,0.10770826,0.07793327,0.454122,0.014817812
2037,0.4006628,0.11600699,0.11002459,0.094067454,0.2906382,0.021939538
2038,0.45423147,0.07044949,0.110134125,0.07447575,0.34409735,-0.004026264
2039,0.51411605,0.08104861,0.093502566,0.06790244,0.42061347,0.0131461695
2040,0.52225655,0.06952358,0.07418249,0.05698015,0.44807407,0.012543429
2041,0.5590448,0.06358685,0.099631235,0.06302588,0.45941353,0.00056097656
2042,0.5228042,0.07280173,0.09706188,0.07378628,0.42574233,-0.0009845495
2043,0.4865575,0.05433488,0.08558042,0.05573622,0.40097708,-0.0014013425
2044,0.4411086,0.10706613,0.102059506,0.07505937,0.3390491,0.032006763
2045,0.4817829,0.09862113,0.12061302,0.09677968,0.36116987,0.0018414482
2046,0.5611866,0.13968545,0.14707112,0.10813119,0.4141155,0.03155426
2047,0.39417902,0.06981899,0.0914029,0.070716225,0.3027761,-0.00089723617
2048,0.5108965,0.036602166,0.07529968,0.056503333,0.43559682,-0.019901168
2049,0.58890986,0.06626807,0.090254486,0.06828345,0.49865538,-0.002015382
2050,0.4787267,0.08911128,0.1033838,0.06677673,0.3753429,0.022334553
2051,0.5000387,0.05175268,0.10035026,0.06681545,0.39968842,-0.015062772
2052,0.5381523,0.094071776,0.10584588,0.0758271,0.4323064,0.018244676
2053,0.5640165,0.10064609,0.109209165,0.079412386,0.45480734,0.021233708
2054,0.50782377,0.07081941,0.07941735,0.056550283,0.42840642,0.014269125
2055,0.38608766,0.047483653,0.09156114,0.068029985,0.29452652,-0.020546332
2056,0.6013355,0.06949998,0.15734187,0.11012278,0.44399366,-0.0406228
2057,0.48582748,0.07150932,0.10801228,0.07301877,0.3778152,-0.0015094504
2058,0.44371888,0.106532596,0.14863473,0.103974745,0.29508415,0.0025578514
2059,0.3828437,0.05824369,0.08708138,0.06199997,0.29576233,-0.003756281
2060,0.651649,0.0964603,0.16224138,0.10625772,0.4894076,-0.009797424
2061,0.463616,0.07156424,0.058562525,0.03730046,0.4050535,0.034263782
2062,0.5183203,0.060739383,0.088861845,0.058490366,0.42945847,0.0022490174
2063,0.66007376,0.09898385,0.14787406,0.10364358,0.5121997,-0.0046597347
2064,0.49424434,0.05207613,0.07840348,0.056444358,0.41584086,-0.004368227
2065,0.44717145,0.06080352,0.09726711,0.07209919,0.34990433,-0.011295665
2066,0.47668055,0.06507423,0.091660835,0.07215081,0.38501972,-0.007076584
2067,0.4545352,0.076707385,0.097332306,0.06748122,0.3572029,0.009226166
2068,0.4449491,0.059814926,0.088068694,0.059828352,0.3568804,-1.3425946e-05
2069,0.46380094,0.09339315,0.12073831,0.08540743,0.34306264,0.007985719
2070,0.4765965,0.06049916,0.09014457,0.06061721,0.38645193,-0.000118047
2071,0.59139234,0.08790421,0.12801893,0.08895334,0.46337342,-0.0010491312
2072,0.4713414,0.046941012,0.07371895,0.052111138,0.39762247,-0.0051701255
2073,0.45691374,0.10373269,0.13307089,0.09315781,0.32384285,0.010574877
2074,0.47704303,0.07898777,0.05581633,0.039143972,0.4212267,0.039843798
2075,0.55924094,0.065934956,0.1015387,0.07141308,0.45770222,-0.0054781213
2076,0.43857256,0.051020388,0.08687501,0.0680427,0.35169756,-0.017022315
2077,0.4624256,0.03693102,0.07466638,0.047192298,0.3877592,-0.010261279
2078,0.58477974,0.098030314,0.114398345,0.08878384,0.47038138,0.009246476
2079,0.6268913,0.090475306,0.10514416,0.07752659,0.5217472,0.012948714
2080,0.4418372,0.047789786,0.07226696,0.052870195,0.36957023,-0.0050804093
2081,0.50464785,0.08787844,0.12115242,0.09018481,0.38349542,-0.0023063645
2082,0.41528118,0.03605103,0.06268172,0.039379917,0.35259944,-0.0033288859
2083,0.43686485,0.043710433,0.0648717,0.04529139,0.37199315,-0.0015809573
2084,0.44194275,0.041645017,0.065255985,0.041311078,0.37668675,0.00033393875
2085,0.5424829,0.08237278,0.13203824,0.09703188,0.41044468,-0.014659099
2086,0.5511227,0.10647909,0.12220216,0.08524163,0.42892057,0.021237463
2087,0.4470193,0.03946483,0.097399,0.056737255,0.3496203,-0.017272424
2088,0.50503445,0.071167566,0.08137105,0.06244374,0.4236634,0.008723825
2089,0.5564912,0.08100186,0.12567303,0.09195814,0.43081817,-0.01095628
2090,0.6376933,0.07205965,0.09371932,0.064788416,0.543974,0.0072712377
2091,0.5026258,0.11003407,0.11173402,0.07938331,0.3908918,0.030650757
2092,0.61150575,0.11406873,0.16775593,0.112519935,0.44374982,0.0015487969
2093,0.5412568,0.051539347,0.10414715,0.067979224,0.43710965,-0.016439877
2094,0.63194406,0.12724683,0.14312437,0.09752391,0.4888197,0.029722914
2095,0.50367576,0.058085024,0.082221225,0.05908028,0.42145455,-0.000995256
2096,0.43237117,0.057447013,0.08736874,0.057595946,0.3450024,-0.00014893338
2097,0.5549051,0.082348034,0.11362014,0.079361886,0.44128498,0.002986148
2098,0.62079734,0.08048143,0.12687485,0.0869996,0.49392247,-0.0065181702
2099,0.34483892,0.07516098,0.09542778,0.078754045,0.24941114,-0.0035930648
2100,0.46972778,0.10812435,0.12316318,0.089917384,0.3465646,0.018206969
2101,0.6180768,0.10503168,0.12960549,0.09435153,0.48847133,0.0106801465
2102,0.43259415,0.080380015,0.10905745,0.07336505,0.3235367,0.0070149675
2103,0.36355662,0.050882883,0.06843977,0.051225495,0.29511684,-0.00034261122
2104,0.45338917,0.0728663,0.116512455,0.082150996,0.33687672,-0.0092846975
2105,0.4857696,0.052246097,0.07244001,0.045462485,0.4133296,0.006783612
2106,0.3429151,0.040044267,0.06628247,0.04301042,0.2766326,-0.0029661544
2107,0.44110167,0.058183655,0.07053007,0.04814428,0.3705716,0.010039374
2108,0.5821152,0.050162166,0.08803426,0.059281357,0.4940809,-0.00911919
2109,0.4088873,0.079305865,0.089329325,0.06093812,0.31955796,0.018367745
2110,0.5642537,0.06798889,0.11080247,0.08899577,0.45345122,-0.021006882
2111,0.5682556,0.09245534,0.11091199,0.0816477,0.4573436,0.010807641
2112,0.46360573,0.07415887,0.08875176,0.069169536,0.37485397,0.0049893335
2113,0.47526392,0.07313908,0.09813769,0.0729411,0.37712622,0.00019797683
2114,0.4470857,0.059738386,0.091349415,0.0639873,0.3557363,-0.0042489134
2115,0.3246474,0.08229584,0.090513095,0.06537334,0.2341343,0.016922504
2116,0.5791621,0.11029913,0.13091743,0.10070361,0.4482447,0.009595521
2117,0.5669757,0.072150916,0.12401146,0.08335551,0.44296426,-0.011204593
2118,0.60384184,0.09610005,0.13427158,0.08972104,0.46957028,0.0063790083
2119,0.5270805,0.09873569,0.095064715,0.07322093,0.43201578,0.02551476
2120,0.47962523,0.08913671,0.08840881,0.062068842,0.3912164,0.02706787
2121,0.35056683,0.032299303,0.05809946,0.04405286,0.2924674,-0.011753559
2122,0.526434,0.09849558,0.12099327,0.086416245,0.40544075,0.012079336
2123,0.5364735,0.0888281,0.09095961,0.06490564,0.4455139,0.023922458
2124,0.57216835,0.05210386,0.07263297,0.048140842,0.49953538,0.003963016
2125,0.43909904,0.09223542,0.094242126,0.06481454,0.34485692,0.027420886
2126,0.49869314,0.05354443,0.07664554,0.054705925,0.42204762,-0.0011614971
2127,0.5237268,0.10099666,0.115227744,0.08789587,0.40849906,0.013100788
2128,0.5821519,0.10069443,0.11031135,0.07977345,0.47184053,0.020920984
2129,0.43925777,0.08132905,0.075207576,0.061373044,0.3640502,0.019956004
2130,0.44465265,0.03641218,0.07713246,0.050110154,0.36752018,-0.013697974
2131,0.5753011,0.07377697,0.08922173,0.06653885,0.4860794,0.00723812
2132,0.46312627,0.043336976,0.08499949,0.05691134,0.3781268,-0.0135743655
2133,0.5162969,0.0766231,0.11923455,0.08402012,0.39706236,-0.007397026
2134,0.54305756,0.066234566,0.08070062,0.056643866,0.46235693,0.0095907
2135,0.3731744,0.028948186,0.05510658,0.03534434,0.31806782,-0.006396154
2136,0.5762327,0.104352735,0.12056409,0.084830746,0.45566857,0.019521989
2137,0.45723197,0.08255121,0.09651903,0.06640724,0.36071295,0.01614397
2138,0.4636373,0.13045608,0.15557608,0.11577656,0.3080612,0.014679514
2139,0.60086054,0.10614286,0.12485862,0.09784719,0.47600192,0.00829567
2140,0.5735128,0.046870373,0.076953314,0.052908756,0.49655947,-0.0060383826
2141,0.471063,0.10956186,0.117727734,0.091329336,0.35333526,0.018232524
2142,0.3350945,0.07481938,0.11268942,0.075816214,0.22240509,-0.0009968355
2143,0.6220277,0.10296412,0.123682335,0.08207389,0.49834538,0.020890228
2144,0.6039868,0.09843013,0.11542276,0.08701437,0.48856404,0.011415757
2145,0.45165706,0.0706651,0.09794594,0.06823697,0.35371113,0.0024281293
2146,0.38342765,0.077280335,0.08571288,0.056543507,0.29771477,0.020736828
2147,0.583176,0.13893248,0.17406404,0.110973455,0.40911198,0.027959026
2148,0.56476206,0.08849926,0.12049888,0.08440377,0.44426316,0.0040954947
2149,0.575229,0.069904745,0.12764661,0.0819903,0.44758236,-0.012085557
2150,0.42681986,0.067656234,0.090422906,0.06955187,0.33639696,-0.0018956363
2151,0.42150542,0.06055013,0.08680974,0.06113068,0.3346957,-0.00058054924
2152,0.50811064,0.070580244,0.06897944,0.049750067,0.4391312,0.020830177
2153,0.4635487,0.08656413,0.1135885,0.08304748,0.3499602,0.0035166517
2154,0.68471384,0.10356546,0.14119264,0.102376804,0.54352117,0.0011886582
2155,0.4859658,0.056060314,0.08674823,0.06183079,0.39921755,-0.0057704747
2156,0.521532,0.03661826,0.06144595,0.043797508,0.46008605,-0.007179249
2157,0.29220507,0.059704594,0.08337804,0.05633645,0.20882702,0.003368143
2158,0.49023682,0.084392294,0.11642252,0.08953829,0.37381428,-0.005145997
2159,0.33975074,0.06313041,0.091955945,0.059571136,0.24779479,0.0035592727
2160,0.4867843,0.13851325,0.12143634,0.0922084,0.36534798,0.04630485
2161,0.60575676,0.076395094,0.10087912,0.07317593,0.5048776,0.003219165
2162,0.71204454,0.141953,0.1773113,0.140642,0.53473324,0.0013110042
2163,0.5196696,0.0687802,0.11146057,0.078869395,0.40820903,-0.010089196
2164,0.4190282,0.09883429,0.07059209,0.051391356,0.34843612,0.047442935
2165,0.48056352,0.06390404,0.10684486,0.07815738,0.37371868,-0.014253341
2166,0.36096352,0.112988345,0.1061965,0.07911034,0.25476703,0.033878006
2167,0.55788755,0.04930361,0.10623249,0.07349061,0.45165506,-0.024187002
2168,0.4056157,0.051124517,0.062077172,0.054044794,0.34353852,-0.0029202774
2169,0.5748063,0.06871482,0.114746176,0.077813104,0.4600601,-0.009098284
2170,0.44512525,0.059247408,0.07404082,0.054595776,0.37108442,0.004651632
2171,0.44232348,0.047693983,0.093080744,0.061171807,0.34924275,-0.013477825
2172,0.32633707,0.07519557,0.06346324,0.041236617,0.26287383,0.033958957
2173,0.55060226,0.09220126,0.085464895,0.0718365,0.46513736,0.020364761
2174,0.4210382,0.0975327,0.09280397,0.061290998,0.32823426,0.0362417
2175,0.5915524,0.07608353,0.09343398,0.06869303,0.4981184,0.0073905066
2176,0.5756273,0.07213294,0.097261794,0.07683286,0.47836554,-0.004699923
2177,0.4156175,0.085970946,0.10248693,0.06930435,0.31313056,0.016666599
2178,0.44785675,0.09740408,0.1266216,0.08752629,0.32123515,0.009877786
2179,0.6257259,0.078934245,0.16137716,0.1076424,0.46434876,-0.028708152
2180,0.5746539,0.06222683,0.077132754,0.045869753,0.49752116,0.016357075
2181,0.37256303,0.06292631,0.11525427,0.06992363,0.25730878,-0.0069973245
2182,0.42496273,0.061157208,0.09524724,0.07589971,0.3297155,-0.014742505
2183,0.58308977,0.09989687,0.14135729,0.09777278,0.44173247,0.0021240935
2184,0.331164,0.045228604,0.07088999,0.052943565,0.26027402,-0.0077149607
2185,0.56349194,0.12077659,0.14505073,0.10592709,0.4184412,0.014849506
2186,0.34848964,0.05687195,0.070641115,0.049203962,0.27784854,0.0076679885
2187,0.44600916,0.026506353,0.052961826,0.033010215,0.39304733,-0.0065038614
2188,0.5856538,0.06788198,0.11527765,0.08473666,0.47037613,-0.016854681
2189,0.43050635,0.062818505,0.08068262,0.055544764,0.3498237,0.007273741
2190,0.48957908,0.06499193,0.09065755,0.06369977,0.39892155,0.0012921616
2191,0.5203387,0.11387628,0.15497555,0.0983657,0.36536318,0.015510581
2192,0.45286518,0.08362228,0.087746635,0.06464412,0.36511856,0.018978156
2193,0.5268533,0.07902416,0.12420161,0.08460604,0.40265173,-0.005581878
2194,0.48533005,0.09064124,0.12266145,0.07591752,0.3626686,0.014723718
2195,0.5549086,0.08556219,0.12215257,0.08523327,0.432756,0.00032892078
2196,0.4760613,0.033589147,0.04998327,0.042573374,0.42607805,-0.008984227
2197,0.5180927,0.019696055,0.03778902,0.02605421,0.48030367,-0.006358154
2198,0.2973281,0.043432675,0.07889006,0.055353425,0.21843806,-0.01192075
2199,0.59615785,0.08886556,0.10715316,0.080589876,0.48900467,0.008275688
2200,0.5035762,0.08504191,0.089912824,0.064539194,0.4136634,0.020502716
2201,0.68111306,0.09487044,0.15218501,0.10461751,0.52892804,-0.009747073
2202,0.4065743,0.057194836,0.0941424,0.06707498,0.3124319,-0.00988014
2203,0.5033944,0.1106497,0.13766135,0.09086154,0.3657331,0.01978816
2204,0.44050184,0.12277518,0.1258376,0.08618709,0.31466424,0.036588095
2205,0.53012985,0.040390093,0.10135959,0.0699562,0.42877024,-0.029566105
2206,0.5018568,0.06639087,0.10329282,0.077204004,0.39856398,-0.010813132
2207,0.26182795,0.049691983,0.059502542,0.04025135,0.2023254,0.009440634
2208,0.43287608,0.09118496,0.092015766,0.064420275,0.3408603,0.026764683
2209,0.6162849,0.10633122,0.09089748,0.060982615,0.5253874,0.045348607
2210,0.5252933,0.05354706,0.09565515,0.06400931,0.42963815,-0.010462251
2211,0.51792365,0.011133337,0.041808255,0.025524322,0.4761154,-0.014390985
2212,0.49274594,0.07582636,0.115889706,0.07350647,0.37685624,0.0023198947
2213,0.47617123,0.092650704,0.0937382,0.06941651,0.38243303,0.023234196
2214,0.35181135,0.07297738,0.102613285,0.07944642,0.24919806,-0.006469041
2215,0.52128,0.10582648,0.1518493,0.11379685,0.3694307,-0.00797037
2216,0.5113392,0.07029778,0.12827918,0.0909545,0.38306,-0.02065672
2217,0.39740035,0.06752859,0.081095375,0.061656404,0.31630498,0.0058721863
2218,0.4258266,0.027689962,0.06861494,0.046381988,0.35721168,-0.018692026
2219,0.62432593,0.08223831,0.12452011,0.09893085,0.4998058,-0.016692542
2220,0.23474152,0.00461454,0.026557546,0.01723116,0.20818397,-0.012616621
2221,0.49187133,0.0648273,0.08635341,0.058327585,0.40551794,0.006499715
2222,0.4869622,0.036996774,0.068730086,0.04365729,0.4182321,-0.0066605173
2223,0.43538675,0.1124827,0.13465318,0.083748534,0.30073357,0.028734162
2224,0.38722786,0.062424067,0.07391859,0.04839952,0.31330928,0.014024548
2225,0.5076655,0.06371155,0.08790665,0.0619049,0.41975886,0.0018066466
2226,0.67773426,0.10042709,0.11781305,0.07669345,0.5599212,0.023733638
2227,0.4611607,0.033070434,0.07525635,0.050851505,0.38590434,-0.017781071
2228,0.5535687,0.10332676,0.117413536,0.07106242,0.4361552,0.032264337
2229,0.3946818,0.067859046,0.08087444,0.058892965,0.31380737,0.008966081
2230,0.4829754,0.1276304,0.1325542,0.09892694,0.3504212,0.028703459
2231,0.57598776,0.08916765,0.1033265,0.07651641,0.47266126,0.012651235
2232,0.20070739,0.07546649,0.07540814,0.056391817,0.12529925,0.019074675
2233,0.43830708,0.053203255,0.09286839,0.066981085,0.3454387,-0.01377783
2234,0.41145533,0.06659281,0.06937641,0.05208383,0.34207892,0.014508981
2235,0.5312109,0.07560131,0.118826725,0.07796304,0.41238418,-0.0023617297
2236,0.5703111,0.10821945,0.14848849,0.108314015,0.42182264,-9.456277e-05
2237,0.35604858,0.013099541,0.07533445,0.04937648,0.28071412,-0.03627694
2238,0.49514404,0.035974164,0.06055779,0.04503425,0.43458626,-0.009060085
2239,0.3840035,0.078378834,0.079329886,0.06091274,0.3046736,0.017466094
2240,0.45848402,0.11021434,0.10055713,0.07202523,0.3579269,0.038189106
2241,0.49002764,0.11759448,0.14923057,0.11260261,0.34079707,0.004991874
2242,0.3999679,0.047860418,0.07897775,0.05738747,0.32099015,-0.009527054
2243,0.7559405,0.09147178,0.10626416,0.07839826,0.6496763,0.013073519
2244,0.55122954,0.076620206,0.1117298,0.075595126,0.43949974,0.0010250807
2245,0.5247272,0.08471111,0.114911355,0.07922138,0.40981588,0.0054897293
2246,0.50556487,0.14098993,0.122052155,0.0966872,0.3835127,0.04430273
2247,0.5458679,0.07248918,0.105992556,0.072843626,0.43987536,-0.00035444647
2248,0.24153614,0.018959703,0.029129872,0.02071828,0.21240626,-0.0017585773
2249,0.5740462,0.08559804,0.10707369,0.08242689,0.4669725,0.003171146
2250,0.50840735,0.059919488,0.09377815,0.064687684,0.41462922,-0.0047681965
2251,0.5914198,0.09253318,0.13790403,0.10625839,0.45351577,-0.013725214
2252,0.39874896,0.026310656,0.06924449,0.042923417,0.3295045,-0.01661276
2253,0.3526382,0.0716214,0.1114125,0.076781094,0.24122572,-0.005159691
2254,0.5121762,0.056806613,0.079225264,0.054624952,0.43295094,0.0021816604
2255,0.4491222,0.083028995,0.09217176,0.06069709,0.35695043,0.022331905
2256,0.46452773,0.09084275,0.113555506,0.06983025,0.35097224,0.0210125
2257,0.4459221,0.060136303,0.07488282,0.056036152,0.37103927,0.0041001514
2258,0.47368154,0.048128247,0.04658303,0.033661805,0.4270985,0.014466442
2259,0.48016092,0.074912116,0.10655495,0.07525176,0.37360597,-0.00033964217
2260,0.29044306,0.06712425,0.069288,0.055728275,0.22115506,0.011395972
2261,0.4501513,0.101460084,0.14601216,0.10845552,0.30413914,-0.006995432
2262,0.50690204,0.062537156,0.09092405,0.059329487,0.41597798,0.0032076687
2263,0.32571033,0.061270405,0.0657591,0.042105287,0.25995123,0.019165117
2264,0.37974367,0.07340893,0.07875214,0.06631406,0.30099154,0.007094875
2265,0.42147645,0.0491481,0.09338723,0.064634,0.32808924,-0.015485901
2266,0.45946604,0.097388305,0.11834433,0.08895335,0.3411217,0.008434951
2267,0.5081242,0.084386624,0.10539488,0.073518865,0.4027293,0.01086776
2268,0.40016904,0.0755405,0.09101808,0.063579485,0.30915096,0.011961013
2269,0.4043702,0.06945659,0.07604375,0.049567673,0.32832643,0.019888919
2270,0.47789472,0.041952003,0.061912484,0.048090078,0.41598225,-0.006138075
2271,0.31597278,0.0818155,0.067558765,0.0483708,0.24841401,0.033444703
2272,0.53411376,0.05995449,0.09994558,0.065028295,0.4341682,-0.0050738044
2273,0.4449861,0.06557202,0.09246856,0.068859324,0.35251755,-0.0032873005
2274,0.6917171,0.084838755,0.10612253,0.08236951,0.58559453,0.002469249
2275,0.67171884,0.11187608,0.12350632,0.09688431,0.5482125,0.014991768
2276,0.5457525,0.05088133,0.06769902,0.04998979,0.4780535,0.0008915402
2277,0.27234182,0.06040322,0.07555228,0.058113478,0.19678953,0.0022897422
2278,0.39051935,0.056027945,0.07771177,0.055999286,0.3128076,2.8658658e-05
2279,0.51525974,0.057869136,0.09034586,0.06280511,0.42491388,-0.0049359724
2280,0.53487676,0.051851116,0.09135939,0.06790606,0.4435174,-0.016054943
2281,0.48201853,0.12051605,0.12783475,0.105996154,0.3541838,0.014519893
2282,0.47651896,0.040269125,0.07913355,0.049056433,0.39738542,-0.008787308
2283,0.37822968,0.0857942,0.07690857,0.05746274,0.3013211,0.028331462
2284,0.54177344,0.13473205,0.13935646,0.10711883,0.40241697,0.027613223
2285,0.4133951,0.09633423,0.08689549,0.06484423,0.3264996,0.031489998
2286,0.39883715,0.06045068,0.07161456,0.055947326,0.3272226,0.0045033544
2287,0.3629523,0.04215173,0.058143973,0.041873503,0.30480832,0.00027822703
2288,0.44508937,0.061365124,0.09148945,0.06460783,0.3535999,-0.003242705
2289,0.36720192,0.039897155,0.08497538,0.052380793,0.28222656,-0.012483638
2290,0.5010521,0.05199812,0.10572408,0.060543705,0.395328,-0.008545585
2291,0.56970346,0.06450264,0.10157858,0.07657452,0.46812487,-0.012071878
2292,0.53546125,0.07733553,0.07883276,0.059256114,0.4566285,0.018079415
2293,0.7044456,0.09517923,0.1938126,0.12248242,0.510633,-0.027303189
2294,0.54778755,0.058917888,0.07802617,0.053355236,0.46976137,0.005562652
2295,0.39240682,0.065562785,0.09352418,0.0634694,0.29888263,0.0020933822
2296,0.5147503,0.10998354,0.1166562,0.08831882,0.39809412,0.021664724
2297,0.66608065,0.07662645,0.110085145,0.056765996,0.5559955,0.019860454
2298,0.49045742,0.054008074,0.08233265,0.053148776,0.40812477,0.0008592978
2299,0.49497178,0.058830757,0.07302813,0.05230658,0.42194366,0.0065241754
2300,0.43708864,0.07139083,0.08437754,0.058125548,0.35271108,0.013265282
2301,0.4693122,0.09908552,0.10395771,0.0783274,0.36535448,0.020758115
2302,0.4809154,0.09950868,0.112675115,0.08474031,0.3682403,0.0147683695
2303,0.3265689,0.06101219,0.08288839,0.05647838,0.2436805,0.0045338087
2304,0.46570382,0.058481127,0.09871902,0.066204704,0.36698478,-0.0077235773
2305,0.55960083,0.09957873,0.11432296,0.089002594,0.44527787,0.010576136
2306,0.4727735,0.08067289,0.11538409,0.07696563,0.3573894,0.00370726
2307,0.48810232,0.09304938,0.12764375,0.09243779,0.36045855,0.00061158836
2308,0.71685225,0.042925693,0.07625599,0.054062884,0.6405963,-0.011137191
2309,0.4767762,0.09458903,0.09816764,0.07244103,0.37860858,0.022148006
2310,0.5971624,0.10122076,0.14712279,0.11158645,0.45003963,-0.010365695
2311,0.37075636,0.0347627,0.04874496,0.038891684,0.3220114,-0.004128985
2312,0.61674464,0.10211943,0.14516613,0.101086356,0.4715785,0.0010330752
2313,0.528927,0.07199131,0.086093895,0.068329744,0.44283313,0.0036615655
2314,0.16097184,0.020883352,0.034850977,0.02731737,0.12612087,-0.006434018
2315,0.31875408,0.073943645,0.06211126,0.04044821,0.25664282,0.033495434
2316,0.5465608,0.054888606,0.104235604,0.0720225,0.44232523,-0.017133892
2317,0.5069871,0.05624068,0.085623614,0.054094948,0.42136347,0.0021457337
2318,0.6278226,0.082524896,0.12968022,0.09489032,0.49814236,-0.012365423
2319,0.5114151,0.057728697,0.08453033,0.06515388,0.4268848,-0.0074251853
2320,0.3684557,0.05134346,0.0632505,0.0513421,0.30520523,1.359731e-06
2321,0.4509006,0.05548582,0.079043195,0.05299108,0.3718574,0.0024947375
2322,0.6472074,0.07961021,0.11006322,0.077369586,0.5371442,0.002240628
2323,0.38255855,0.077492744,0.09315562,0.06246034,0.28940293,0.015032403
2324,0.49865383,0.09833943,0.13057527,0.0994193,0.36807856,-0.0010798723
2325,0.5295943,0.12726991,0.15031357,0.10770019,0.37928075,0.019569717
2326,0.5551581,0.088028125,0.077645615,0.052588604,0.47751248,0.03543952
2327,0.46126732,0.077330746,0.08998515,0.06056287,0.37128216,0.016767874
2328,0.4450498,0.09374038,0.11109917,0.08222423,0.33395064,0.011516154
2329,0.4682283,0.044634815,0.07636543,0.05305913,0.39186287,-0.008424316
2330,0.6573438,0.12342044,0.16706112,0.114447795,0.49028268,0.008972645
2331,0.22080937,0.043129425,0.06267062,0.037770133,0.15813875,0.005359292
2332,0.32388914,0.03955562,0.047432162,0.035394453,0.27645698,0.004161168
2333,0.42373455,0.0577829,0.08153366,0.05649663,0.34220088,0.0012862682
2334,0.6684204,0.09188219,0.1450048,0.09988478,0.52341557,-0.008002587
2335,0.30388683,0.06548903,0.090163566,0.0660328,0.21372327,-0.0005437657
2336,0.62903625,0.12554002,0.17758217,0.14794573,0.45145407,-0.022405714
2337,0.54148024,0.06187016,0.10155103,0.06878172,0.43992922,-0.006911557
2338,0.58009136,0.031392816,0.09324561,0.05707261,0.48684573,-0.025679793
2339,0.4679768,0.10600936,0.12001125,0.08599839,0.34796557,0.020010963
2340,0.5037857,0.08071044,0.10370469,0.072218224,0.40008104,0.0084922165
2341,0.73142934,0.09869596,0.12755772,0.097184986,0.6038716,0.0015109777
2342,0.3648965,0.062790655,0.06700538,0.04907375,0.29789114,0.013716906
2343,0.4985503,0.0797918,0.113759495,0.07799032,0.3847908,0.0018014759
2344,0.47581932,0.051404625,0.0675503,0.04743452,0.40826902,0.003970105
2345,0.44660977,0.06852146,0.07030388,0.05558107,0.37630588,0.012940392
2346,0.6455685,0.09058153,0.13403067,0.096332304,0.5115378,-0.0057507753
2347,0.45118,0.11454691,0.12940572,0.097453244,0.3217743,0.017093666
2348,0.4188887,0.06498052,0.08528394,0.060508855,0.33360475,0.004471667
2349,0.59869486,0.06713147,0.08815024,0.06240352,0.5105446,0.0047279485
2350,0.46665058,0.09449417,0.11124809,0.07272481,0.35540247,0.02176936
2351,0.46915656,0.09302086,0.10327766,0.08166786,0.3658789,0.011352994
2352,0.30454856,0.06616376,0.08927429,0.069449626,0.21527427,-0.0032858625
2353,0.32829407,0.058063325,0.08475429,0.06293569,0.24353978,-0.004872363
2354,0.57598925,0.14103767,0.19364306,0.137696,0.38234618,0.0033416748
2355,0.5135086,0.03494493,0.06080528,0.041936696,0.45270333,-0.0069917664
2356,0.5684988,0.09731669,0.13640308,0.10091175,0.4320957,-0.0035950616
2357,0.55370903,0.0976281,0.13702576,0.09371998,0.41668326,0.00390812
2358,0.36422536,0.0693633,0.07313679,0.056885384,0.29108858,0.012477919
2359,0.59576255,0.10250552,0.1292232,0.0970792,0.46653935,0.0054263175
2360,0.44528514,0.08088822,0.11108164,0.0806639,0.3342035,0.00022432208
2361,0.3772253,0.028569838,0.07619998,0.056230705,0.30102533,-0.027660867
2362,0.40616927,0.043181557,0.07987698,0.058210336,0.32629228,-0.015028778
2363,0.3979515,0.03956733,0.07042035,0.046069182,0.32753116,-0.0065018535
2364,0.544144,0.06028489,0.08410758,0.060012687,0.4600364,0.00027220324
2365,0.2904369,0.036684044,0.06589298,0.045968764,0.22454391,-0.00928472
2366,0.38854098,0.051487606,0.09234311,0.06520544,0.2961979,-0.013717834
2367,0.33708462,0.058951847,0.06610527,0.04906959,0.27097934,0.009882256
2368,0.4359437,0.046243258,0.06108286,0.048671953,0.37486082,-0.0024286956
2369,0.7230381,0.10941055,0.13578294,0.099454656,0.5872551,0.0099558905
2370,0.4293827,0.058958743,0.12629318,0.08927722,0.30308953,-0.03031848
2371,0.48089638,0.08458818,0.11410166,0.076014176,0.3667947,0.0085740015
2372,0.5556826,0.05249327,0.068689786,0.0452723,0.4869928,0.0072209723
2373,0.40909997,0.09661159,0.11756668,0.08137672,0.2915333,0.015234873
2374,0.5639218,0.09028221,0.1139334,0.07880247,0.44998842,0.011479743
2375,0.31462032,0.074444264,0.08643247,0.05649103,0.22818784,0.017953236
2376,0.5217006,0.045361537,0.06861772,0.046324007,0.45308292,-0.0009624697
2377,0.6046143,0.119197644,0.10848571,0.08071686,0.49612862,0.03848078
2378,0.53863096,0.01643545,0.03907249,0.028075546,0.49955848,-0.011640096
2379,0.53589886,0.07720319,0.10791981,0.06931643,0.42797905,0.00788676
2380,0.40746728,0.051287223,0.06276883,0.046574682,0.34469843,0.0047125407
2381,0.41875073,0.03302952,0.06292448,0.044186823,0.35582626,-0.011157304
2382,0.5021555,0.13797988,0.110765256,0.075229846,0.39139023,0.062750034
2383,0.5675545,0.08674017,0.1118898,0.08257917,0.45566466,0.0041610003
2384,0.51764584,0.059735153,0.101581976,0.072939955,0.41606385,-0.013204802
2385,0.3972533,0.08181542,0.10674471,0.079392746,0.2905086,0.0024226755
2386,0.38146016,0.089636385,0.09675137,0.06802491,0.2847088,0.021611474
2387,0.3145015,0.028357917,0.049171276,0.0364319,0.26533023,-0.008073984
2388,0.62789756,0.107140966,0.11684241,0.08318986,0.5110552,0.023951106
2389,0.496221,0.07310033,0.09765755,0.066228524,0.39856344,0.0068718046
2390,0.69874454,0.10798295,0.14954016,0.104130745,0.54920435,0.0038522035
2391,0.2752295,0.067482375,0.07213504,0.053565882,0.20309448,0.013916492
2392,0.4072187,0.07289531,0.1089831,0.07722686,0.2982356,-0.0043315515
2393,0.39102697,0.06826762,0.082269266,0.05809669,0.30875772,0.010170933
2394,0.44533423,0.09229849,0.111404285,0.08061578,0.33392996,0.011682712
2395,0.24213566,0.0359361,0.044715144,0.031444255,0.19742051,0.0044918433
2396,0.48210472,0.05157704,0.1017516,0.06415842,0.38035312,-0.012581378
2397,0.4690738,0.072085164,0.08762727,0.06869052,0.38144654,0.003394641
2398,0.4684672,0.08450639,0.1253602,0.09344942,0.34310699,-0.008943029
2399,0.462771,0.048863515,0.079638176,0.054254174,0.38313282,-0.005390659
2400,0.5785896,0.0843863,0.11337823,0.08269371,0.4652114,0.0016925856
2401,0.59309876,0.09691599,0.12029381,0.08293613,0.47280496,0.01397986
2402,0.5638953,0.091604106,0.12306829,0.07724278,0.440827,0.014361329
2403,0.5395588,0.12874728,0.13233125,0.07729099,0.40722758,0.051456295
2404,0.45003527,0.08429173,0.09983366,0.0747322,0.3502016,0.009559527
2405,0.3399962,0.037838146,0.05881254,0.04321936,0.28118366,-0.0053812154
2406,0.2778358,0.05861764,0.070505045,0.05041281,0.20733073,0.008204829
2407,0.398437,0.058249958,0.08003725,0.058143258,0.31839973,0.000106699765
2408,0.63607746,0.121707655,0.14688686,0.113694884,0.4891906,0.008012772
2409,0.3650356,0.06847144,0.06805302,0.05151559,0.2969826,0.016955849
2410,0.6617848,0.120049104,0.15103117,0.1137587,0.51075363,0.006290406
2411,0.21508916,0.033394028,0.0466668,0.033241384,0.16842236,0.00015264377
2412,0.37214687,0.04168338,0.0700382,0.0462821,0.30210868,-0.004598722
2413,0.4372027,0.08183488,0.13634457,0.07854465,0.30085814,0.003290236
2414,0.68002546,0.07415011,0.12040361,0.08959268,0.5596219,-0.0154425725
2415,0.48376906,0.13430715,0.13650313,0.10306273,0.34726593,0.03124442
2416,0.5330328,0.07332628,0.12891491,0.09530498,0.40411788,-0.021978699
2417,0.4143596,0.09969358,0.09773064,0.07415878,0.31662896,0.025534801
2418,0.5441564,0.08367727,0.121803,0.09419753,0.4223534,-0.010520257
2419,0.64875925,0.057541933,0.08646359,0.064821854,0.5622957,-0.0072799213
2420,0.48050848,0.084776,0.105835654,0.06890608,0.37467283,0.015869915
2421,0.3315273,0.07662549,0.09575548,0.071952164,0.2357718,0.0046733245
2422,0.3201545,0.046104588,0.07032789,0.0470903,0.2498266,-0.0009857118
2423,0.5423638,0.025990011,0.05762223,0.03854377,0.4847416,-0.012553757
2424,0.5498614,0.085886054,0.11286877,0.080248296,0.4369926,0.0056377575
2425,0.4456297,0.06787392,0.09101397,0.06870109,0.35461572,-0.0008271709
2426,0.3232141,0.0739336,0.08071689,0.05497651,0.24249722,0.01895709
2427,0.6289144,0.10480645,0.16234863,0.10386993,0.4665658,0.0009365231
2428,0.60213274,0.08486301,0.14634441,0.10129887,0.4557883,-0.016435862
2429,0.35401034,0.05678168,0.06969283,0.055951975,0.28431752,0.0008297041
2430,0.5771088,0.070918135,0.1083534,0.073752694,0.4687554,-0.0028345585
2431,0.33424047,0.058605798,0.07271199,0.054198164,0.2615285,0.004407633
2432,0.41963044,0.032552868,0.05632648,0.03583608,0.36330396,-0.00328321
2433,0.55443615,0.062436648,0.10381327,0.07036609,0.4506229,-0.007929444
2434,0.5337983,0.053565722,0.09732027,0.06384866,0.43647802,-0.010282937
2435,0.46059006,0.113405354,0.11578377,0.08741077,0.34480628,0.025994584
2436,0.50714904,0.019172255,0.03393446,0.026475728,0.47321457,-0.0073034726
2437,0.52555835,0.06946236,0.14185682,0.09393726,0.38370153,-0.024474904
2438,0.49406585,0.07698884,0.09802471,0.06601103,0.39604115,0.010977812
2439,0.62860954,0.07507586,0.12338166,0.09266806,0.50522786,-0.0175922
2440,0.31964785,0.074931584,0.08657123,0.066519156,0.23307662,0.008412428
2441,0.59016824,0.07750579,0.123258114,0.08640076,0.46691012,-0.0088949725
2442,0.6401963,0.04371241,0.1025341,0.06355981,0.5376622,-0.019847397
2443,0.43843785,0.051003024,0.0741411,0.049532395,0.36429673,0.0014706291
2444,0.5387802,0.08189944,0.10689396,0.08613716,0.43188626,-0.004237719
2445,0.6169528,0.084333174,0.10553418,0.07921302,0.5114186,0.0051201507
2446,0.56657475,0.052105155,0.07630099,0.056909513,0.49027377,-0.004804358
2447,0.43510866,0.05890514,0.09091805,0.06277889,0.3441906,-0.0038737506
2448,0.5282936,0.07278681,0.09620728,0.06222716,0.43208632,0.010559648
2449,0.60892636,0.09061205,0.12130576,0.085888274,0.4876206,0.0047237724
2450,0.51719004,0.08314885,0.12091738,0.08431305,0.39627266,-0.0011641979
2451,0.51149106,0.052493766,0.08509304,0.056661718,0.42639804,-0.0041679516
2452,0.4690009,0.1092365,0.13057868,0.097699605,0.33842224,0.011536896
2453,0.54395705,0.08939784,0.12301143,0.09431184,0.4209456,-0.0049140006
2454,0.45785248,0.052903607,0.09151683,0.058675867,0.36633566,-0.005772259
2455,0.36910084,0.033987124,0.05965166,0.037947673,0.30944917,-0.00396055
2456,0.6281134,0.05956391,0.11760597,0.086097516,0.5105074,-0.026533607
2457,0.63732177,0.10248316,0.14244087,0.08811305,0.4948809,0.014370114
2458,0.4791777,0.0798816,0.0950435,0.06905225,0.3841342,0.010829352
2459,0.48249713,0.03634794,0.09002719,0.05463901,0.39246994,-0.018291071
2460,0.50925976,0.07927291,0.10188296,0.06940144,0.4073768,0.009871468
2461,0.45980054,0.09548537,0.09498186,0.06867757,0.3648187,0.0268078
2462,0.51197153,0.07444018,0.07649068,0.0560807,0.43548086,0.018359482
2463,0.4085068,0.031969186,0.07377138,0.049040087,0.33473542,-0.0170709
2464,0.46267715,0.05484914,0.083082415,0.0664091,0.37959474,-0.011559963
2465,0.53776175,0.091094114,0.12068623,0.07461655,0.4170755,0.016477562
2466,0.66886574,0.17062454,0.2021193,0.15511803,0.46674645,0.015506506
2467,0.6572737,0.13066503,0.16996035,0.12729228,0.48731336,0.0033727586
2468,0.6181435,0.0258665,0.08921095,0.06600802,0.5289326,-0.040141515
2469,0.4990684,0.086945474,0.12595281,0.07831194,0.3731156,0.008633532
2470,0.630611,0.12589999,0.11994654,0.08118789,0.51066446,0.044712096
2471,0.4741529,0.062460244,0.10995068,0.080972016,0.3642022,-0.018511772
2472,0.63833624,0.10431161,0.1141123,0.08356927,0.5242239,0.020742334
2473,0.41581097,0.04565301,0.07387825,0.05025657,0.3419327,-0.0046035573
2474,0.501427,0.081951044,0.11330576,0.078628846,0.38812125,0.003322199
2475,0.4825536,0.0710829,0.08292176,0.06141407,0.39963186,0.009668827
2476,0.391609,0.07588886,0.08342907,0.06231898,0.30817994,0.013569877
2477,0.33347073,0.031854868,0.06662376,0.041318014,0.26684695,-0.009463146
2478,0.2926805,0.043856982,0.039585553,0.030952409,0.25309494,0.012904573
2479,0.49333924,0.03794473,0.06267241,0.0481699,0.43066683,-0.010225169
2480,0.45717087,0.032275356,0.06656755,0.047942422,0.39060333,-0.015667066
2481,0.5450483,0.115530714,0.15507653,0.11191179,0.38997176,0.0036189258
2482,0.5906823,0.091780394,0.11802659,0.08285283,0.47265574,0.008927561
2483,0.55592674,0.06071222,0.10073396,0.072222024,0.45519277,-0.011509806
2484,0.45578015,0.0802763,0.10537803,0.081070855,0.35040212,-0.00079455227
2485,0.4995815,0.048419554,0.08924396,0.05154311,0.4103375,-0.0031235553
2486,0.68505836,0.07507822,0.104051374,0.0733755,0.581007,0.0017027184
2487,0.41812396,0.070930935,0.08443527,0.062366366,0.33368868,0.008564569
2488,0.56335014,0.09247299,0.14294544,0.08455384,0.4204047,0.007919155
2489,0.33938625,0.05056144,0.08405518,0.05984825,0.25533107,-0.00928681
2490,0.42652965,0.079781495,0.06857163,0.04967876,0.35795802,0.030102734
2491,0.46592027,0.059537143,0.08216001,0.052239656,0.38376027,0.007297486
2492,0.42146266,0.068670854,0.114401184,0.0688223,0.30706146,-0.00015144795
2493,0.5399015,0.0439071,0.07731497,0.055553235,0.46258652,-0.011646137
2494,0.54304284,0.12991679,0.18588965,0.12720777,0.35715318,0.0027090162
2495,0.4912984,0.10400224,0.11512996,0.08048644,0.37616843,0.023515798
2496,0.5447176,0.07225629,0.093217544,0.061451368,0.45150006,0.010804921
2497,0.4794232,0.08190467,0.10858069,0.07655053,0.37084252,0.0053541437
2498,0.58040047,0.11851867,0.09516562,0.07131307,0.48523486,0.047205605
2499,0.6712538,0.093882,0.12830879,0.08577981,0.542945,0.0081021935
2500,0.33812743,0.040515162,0.06498869,0.0404831,0.27313876,3.2063574e-05
2501,0.4257243,0.06856652,0.0855474,0.05921053,0.34017688,0.009355992
2502,0.60827315,0.12906446,0.15294264,0.11614601,0.4553305,0.0129184425
2503,0.49897027,0.084807456,0.10095823,0.06439916,0.39801204,0.020408295
2504,0.37939334,0.037625384,0.060862195,0.048704363,0.31853116,-0.01107898
2505,0.38569912,0.06906618,0.09308742,0.068265095,0.29261172,0.0008010864
2506,0.5001828,0.06936448,0.112551115,0.08712464,0.38763168,-0.017760158
2507,0.6805009,0.15390462,0.1901924,0.1533619,0.49030852,0.0005427152
2508,0.46127647,0.08340137,0.09763893,0.071007416,0.36363754,0.012393951
2509,0.6237068,0.07063896,0.09946555,0.06584294,0.52424127,0.0047960207
2510,0.409718,0.09246893,0.1058563,0.086475,0.3038617,0.0059939325
2511,0.54885274,0.078281894,0.10920278,0.08118901,0.43964997,-0.0029071122
2512,0.6068258,0.09201562,0.12613735,0.09569846,0.48068848,-0.0036828443
2513,0.4971878,0.08388105,0.11924394,0.08236353,0.37794384,0.0015175194
2514,0.5493488,0.09881397,0.09651916,0.071795695,0.4528296,0.027018279
2515,0.5439617,0.07603502,0.083953105,0.05310779,0.4600086,0.022927232
2516,0.44011688,0.079311326,0.0895527,0.067919195,0.35056418,0.011392131
2517,0.55235016,0.06569904,0.080516346,0.059965204,0.47183383,0.0057338364
2518,0.4240925,0.04988111,0.07614995,0.054108895,0.34794256,-0.0042277835
2519,0.57811975,0.07046584,0.106914744,0.062195938,0.471205,0.008269902
2520,0.48152927,0.07400774,0.12215988,0.08126633,0.3593694,-0.0072585866
2521,0.53296345,0.058614686,0.09623125,0.06944154,0.4367322,-0.010826856
2522,0.5169226,0.054056242,0.08700129,0.06264166,0.4299213,-0.008585416
2523,0.47399354,0.07342215,0.087788776,0.06146859,0.38620478,0.011953559
2524,0.6063319,0.12736538,0.14653318,0.08298228,0.4597987,0.0443831
2525,0.68170667,0.101500586,0.11721127,0.08493341,0.5644954,0.016567178
2526,0.5397659,0.064198025,0.09972086,0.079500094,0.44004503,-0.0153020695
2527,0.37147707,0.09980443,0.08364337,0.06440885,0.2878337,0.035395578
2528,0.47651094,0.06191684,0.10283196,0.06763832,0.37367898,-0.0057214834
2529,0.424889,0.121304445,0.12544303,0.09394958,0.299446,0.027354866
2530,0.45402437,0.06277306,0.066860735,0.048673905,0.38716364,0.014099151
2531,0.2652564,0.051504288,0.068455294,0.04443694,0.19680111,0.007067349
2532,0.4896658,0.06987705,0.10251899,0.07064278,0.38714683,-0.00076572597
2533,0.57159144,0.11722491,0.10935056,0.08467959,0.46224087,0.03254532
2534,0.42428088,0.080476426,0.10243358,0.069506824,0.32184732,0.010969602
2535,0.5092911,0.090247944,0.13754396,0.08626121,0.37174714,0.003986731
2536,0.4591729,0.052649293,0.09311189,0.063900515,0.36606103,-0.011251222
2537,0.37180164,0.11908177,0.10869124,0.089382395,0.2631104,0.029699378
2538,0.54677516,0.07104977,0.10510336,0.07184704,0.4416718,-0.0007972643
2539,0.6047359,0.07185197,0.09828885,0.07222542,0.5064471,-0.0003734529
2540,0.5295431,0.04489564,0.08178961,0.058875255,0.4477535,-0.013979614
2541,0.2670154,0.03164217,0.046393387,0.037337773,0.220622,-0.005695604
2542,0.52636963,0.051518593,0.09103165,0.06543799,0.435338,-0.013919394
2543,0.60873914,0.10229438,0.105916366,0.08718964,0.50282276,0.015104741
2544,0.6626202,0.07305642,0.11751008,0.08787723,0.5451101,-0.014820807
2545,0.36015135,0.06733874,0.077111185,0.054021608,0.28304017,0.013317134
2546,0.48243034,0.07117745,0.08296416,0.05819838,0.3994662,0.012979072
2547,0.54034734,0.10261745,0.11753158,0.09102133,0.42281574,0.011596121
2548,0.53016114,0.09232307,0.08858274,0.05845341,0.4415784,0.03386966
2549,0.5430002,0.08884748,0.10082968,0.07467526,0.44217053,0.014172219
2550,0.5142055,0.049129713,0.07264684,0.052849203,0.44155866,-0.00371949
2551,0.4740189,0.079477504,0.114800766,0.084152944,0.35921812,-0.0046754405
2552,0.5273051,0.05686521,0.09028312,0.057277966,0.437022,-0.0004127547
2553,0.41300416,0.061876133,0.07696865,0.056387357,0.33603552,0.0054887757
2554,0.6079364,0.06017335,0.09285207,0.06558667,0.5150843,-0.00541332
2555,0.38404104,0.07312652,0.09168114,0.07041875,0.2923599,0.0027077645
2556,0.39852875,0.0839593,0.10431266,0.08350203,0.2942161,0.00045726448
2557,0.4824546,0.03768133,0.07181351,0.05005313,0.41064107,-0.012371801
2558,0.5454115,0.09447166,0.12260356,0.10098153,0.42280796,-0.0065098703
2559,0.60846424,0.11295268,0.14454581,0.108291194,0.46391845,0.0046614856
