feature_idx,seq_effect_obs,struct_effect_obs,seq_effect_shuffle,struct_effect_shuffle,seq_delta,struct_delta
0,0.6561233,0.08571284,0.11483602,0.08005311,0.54128724,0.0056597292
1,0.6362533,0.050187476,0.09380535,0.06773001,0.5424479,-0.017542534
2,0.45953196,0.046715446,0.058793243,0.045026854,0.40073872,0.0016885921
3,0.54914343,0.124336675,0.13282692,0.100362256,0.4163165,0.023974419
4,0.4943058,0.065440014,0.14150675,0.10645177,0.35279906,-0.04101176
5,0.4263511,0.08844996,0.09838019,0.068301685,0.32797092,0.020148277
6,0.56285435,0.05949573,0.057214636,0.041055743,0.50563973,0.018439986
7,0.42392728,0.04528183,0.07921346,0.05524817,0.3447138,-0.00996634
8,0.5499576,0.05150957,0.07873328,0.06155012,0.4712243,-0.010040551
9,0.17242996,0.025202123,0.034411535,0.022712752,0.13801843,0.0024893712
10,0.5025822,0.056904066,0.070521,0.048169393,0.4320612,0.008734673
11,0.42467234,0.07717591,0.06498014,0.047346603,0.3596922,0.029829305
12,0.5760089,0.040702667,0.074423574,0.053747717,0.50158536,-0.01304505
13,0.5026475,0.0996615,0.10572185,0.081642196,0.39692566,0.018019304
14,0.4296627,0.07623974,0.07924055,0.060737845,0.35042214,0.015501898
15,0.6830147,0.1289489,0.13430971,0.09219725,0.548705,0.03675165
16,0.5491236,0.09862609,0.13260454,0.10020434,0.41651905,-0.001578249
17,0.37750244,0.022620197,0.065445654,0.045203704,0.31205678,-0.022583507
18,0.54556566,0.03381902,0.07858514,0.048923325,0.46698052,-0.015104305
19,0.6315548,0.10409573,0.13206431,0.11014982,0.49949047,-0.006054096
20,0.4554117,0.016102077,0.0811359,0.05891581,0.3742758,-0.042813733
21,0.5169315,0.10882296,0.11283339,0.08674663,0.4040981,0.022076324
22,0.47149324,0.042991597,0.08229576,0.051223308,0.38919747,-0.008231711
23,0.42674556,0.04283193,0.06612944,0.037887968,0.36061612,0.004943963
24,0.4477167,0.047747444,0.076264784,0.05425288,0.3714519,-0.006505437
25,0.5064763,0.07045275,0.09543627,0.068677686,0.41104,0.0017750636
26,0.3221396,0.050751437,0.12392842,0.08163681,0.19821116,-0.030885372
27,0.58709276,0.08783734,0.13589168,0.0869883,0.45120108,0.00084903836
28,0.59630084,0.045406807,0.055737313,0.03596091,0.5405635,0.009445898
29,0.5646477,0.08506939,0.08319722,0.05664431,0.48145044,0.028425079
30,0.41503495,0.061659053,0.086359225,0.053048287,0.32867572,0.008610766
31,0.18772802,0.030443715,0.05275372,0.033453263,0.1349743,-0.0030095484
32,0.5496374,0.06806418,0.10987537,0.08076539,0.439762,-0.012701206
33,0.5319282,0.018858312,0.048255105,0.028543832,0.48367307,-0.00968552
34,0.35845682,0.03131253,0.05578543,0.039479703,0.3026714,-0.008167174
35,0.57919604,0.12518099,0.15455538,0.10325733,0.42464066,0.021923661
36,0.5976468,0.1664216,0.17529646,0.13424194,0.42235032,0.03217967
37,0.29443598,-0.0063530537,0.06148803,0.037904773,0.23294795,-0.044257827
38,0.61188227,0.037219208,0.060918536,0.039575335,0.55096376,-0.002356127
39,0.45017558,0.043833073,0.081887744,0.061944008,0.36828783,-0.018110935
40,0.43037295,0.018513942,0.03125196,0.022902744,0.399121,-0.0043888018
41,0.5437304,0.053150196,0.08169473,0.05366404,0.46203566,-0.0005138442
42,0.17791668,0.040586274,0.056037422,0.042290173,0.12187925,-0.0017038994
43,0.40543333,0.032057796,0.06400673,0.03976825,0.3414266,-0.007710453
44,0.3857909,0.06122927,0.08265714,0.053952012,0.3031338,0.0072772577
45,0.61077374,0.04442973,0.103749335,0.07715972,0.5070244,-0.032729987
46,0.7195642,0.06098418,0.09082064,0.070354566,0.6287435,-0.009370387
47,0.5292726,0.07194812,0.06990723,0.051806573,0.45936537,0.020141546
48,0.655745,0.12532125,0.16298588,0.11550703,0.49275917,0.009814225
49,0.5795765,0.06362343,0.09845973,0.06911025,0.48111677,-0.0054868236
50,0.5451229,0.013479707,0.0393432,0.027597604,0.50577974,-0.0141178975
51,0.4040197,0.034008417,0.06418103,0.037493423,0.33983868,-0.0034850053
52,0.6578431,0.109507814,0.1212914,0.094288036,0.5365517,0.015219778
53,0.6418576,0.085960604,0.1055346,0.08268417,0.536323,0.0032764375
54,0.5757253,0.108526066,0.13826081,0.097097464,0.4374645,0.011428602
55,0.36877602,0.014490979,0.036309708,0.02329714,0.3324663,-0.008806162
56,0.63805914,0.09042722,0.1251481,0.09967763,0.512911,-0.00925041
57,0.5857572,0.06621469,0.10445536,0.06773538,0.48130184,-0.0015206933
58,0.43238366,0.0622761,0.09741005,0.07511167,0.3349736,-0.012835573
59,0.41217113,0.045160573,0.090157956,0.06152946,0.32201317,-0.016368888
60,0.5654935,0.07990269,0.09011997,0.060291875,0.47537357,0.019610818
61,0.5859738,0.09310522,0.1325597,0.09143246,0.45341408,0.0016727597
62,0.42061573,0.041996416,0.07682048,0.050300196,0.34379524,-0.00830378
63,0.5846941,0.057134137,0.09504232,0.06506018,0.48965177,-0.007926047
64,0.37501737,0.06957036,0.08710618,0.055768564,0.28791118,0.013801798
65,0.54838556,0.09047044,0.09544958,0.071514964,0.452936,0.018955477
66,0.37972933,0.053278945,0.08207062,0.052419487,0.2976587,0.000859458
67,0.3880809,0.047548037,0.05564981,0.04280148,0.33243108,0.0047465563
68,0.49302277,0.09239836,0.10999744,0.082626164,0.38302535,0.009772196
69,0.3286599,0.03342591,0.061479386,0.041267883,0.2671805,-0.0078419745
70,0.42265874,0.0816793,0.10205843,0.070077635,0.3206003,0.011601664
71,0.62187487,0.07388996,0.095943995,0.080080226,0.5259309,-0.0061902627
72,0.646213,0.04691824,0.07355321,0.052461687,0.5726598,-0.005543448
73,0.4662661,0.02139288,0.046569496,0.031567372,0.4196966,-0.010174492
74,0.3984206,0.028142393,0.060115255,0.043107625,0.33830535,-0.014965232
75,0.6141752,0.0577555,0.109696366,0.07866466,0.5044788,-0.02090916
76,0.49204937,0.13807757,0.12355457,0.09390181,0.3684948,0.04417576
77,0.2935028,0.0754259,0.082191035,0.045581926,0.21131177,0.029843975
78,0.5292932,0.03999693,0.092659034,0.06064776,0.43663415,-0.02065083
79,0.48574108,0.036528043,0.07391993,0.050505843,0.41182116,-0.0139778
80,0.32976374,0.053480465,0.06612106,0.043893375,0.26364267,0.00958709
81,0.3432121,0.039075017,0.059782777,0.037793018,0.28342932,0.001281999
82,0.42890304,0.05100952,0.071709566,0.054700114,0.35719347,-0.003690593
83,0.5182083,0.030542545,0.0612836,0.046495575,0.45692474,-0.01595303
84,0.63166493,0.053183317,0.13808167,0.08445313,0.49358326,-0.03126981
85,0.31648758,0.0348215,0.056115672,0.0393311,0.26037192,-0.0045096017
86,0.59570384,0.12325362,0.12242764,0.08310389,0.4732762,0.040149733
87,0.48750097,0.05580713,0.07565259,0.052356288,0.41184837,0.0034508407
88,0.73351115,0.101384334,0.13296568,0.10012218,0.60054547,0.0012621507
89,0.52584064,0.069809616,0.097574785,0.073311396,0.42826587,-0.0035017803
90,0.66376877,0.075945705,0.09814879,0.071352236,0.56561995,0.004593469
91,0.4365061,0.05909978,0.0936902,0.061628073,0.34281588,-0.002528295
92,0.3371614,0.06319749,0.06793041,0.047068596,0.269231,0.016128898
93,0.7445529,0.07791749,0.13185944,0.10273056,0.6126935,-0.02481307
94,0.5145832,0.047657892,0.0716805,0.05138202,0.44290268,-0.003724128
95,0.5132623,0.059918072,0.081647545,0.05655891,0.43161473,0.0033591613
96,0.47850433,0.08428886,0.085389584,0.065823585,0.39311475,0.018465273
97,0.549253,0.04761246,0.0779861,0.056769527,0.4712669,-0.009157069
98,0.38983098,0.05585597,0.066290595,0.04779257,0.3235404,0.008063402
99,0.30762616,0.02253123,0.048152696,0.03226359,0.25947347,-0.009732358
100,0.5056013,0.10363935,0.09532752,0.07607229,0.41027376,0.027567059
101,0.40846682,0.065286376,0.050365213,0.035747077,0.3581016,0.029539298
102,0.3451315,0.035124954,0.039747875,0.025491677,0.30538362,0.009633277
103,0.23585413,0.06698275,0.06127203,0.04818848,0.17458211,0.018794272
104,0.4280122,0.058602214,0.07883561,0.059580423,0.3491766,-0.0009782091
105,0.385479,0.07032947,0.08015069,0.053254973,0.3053283,0.0170745
106,0.59207493,0.035303485,0.095708415,0.06917435,0.4963665,-0.033870865
107,0.5835168,0.0408683,0.084023885,0.054638676,0.49949288,-0.013770375
108,0.43540934,0.035453096,0.060072545,0.048484944,0.3753368,-0.013031848
109,0.40242326,0.049078204,0.0716608,0.048106402,0.33076245,0.0009718016
110,0.53483707,0.08149871,0.13559014,0.099639855,0.39924693,-0.018141143
111,0.29854655,0.06436112,0.040644784,0.029839046,0.25790176,0.03452207
112,0.29295436,0.011988721,0.06686965,0.043531388,0.22608471,-0.031542666
113,0.6029867,0.12701525,0.16887826,0.12824744,0.43410844,-0.0012321919
114,0.37770784,0.04109154,0.06413038,0.044527482,0.31357747,-0.0034359433
115,0.40028185,0.068067536,0.07760615,0.06240263,0.3226757,0.0056649074
116,0.4459776,0.08016539,0.09988008,0.07791171,0.34609753,0.0022536814
117,0.43777508,0.03584626,0.07056919,0.04704274,0.3672059,-0.011196479
118,0.5579111,0.14706512,0.17036706,0.1294178,0.38754404,0.017647311
119,0.48389044,0.05434185,0.074392565,0.0606356,0.4094979,-0.0062937513
120,0.6441665,0.077195875,0.12335872,0.08482116,0.5208078,-0.007625282
121,0.34977165,0.016782911,0.026600607,0.01761967,0.32317105,-0.00083675794
122,0.56286466,0.026712239,0.054921377,0.038653288,0.5079433,-0.011941049
123,0.3642012,0.030092096,0.04014262,0.03099951,0.32405856,-0.00090741366
124,0.67294943,0.07670815,0.105784304,0.07560688,0.56716514,0.0011012703
125,0.49057195,0.042407107,0.07415527,0.053468358,0.41641667,-0.011061251
126,0.54562014,0.03436461,0.058582682,0.043553628,0.48703745,-0.009189017
127,0.4870515,0.079069525,0.11459017,0.08964029,0.37246132,-0.010570765
128,0.41857296,0.0988834,0.121319816,0.09291268,0.29725313,0.0059707165
129,0.27595428,0.07483488,0.041584663,0.03093385,0.2343696,0.043901034
130,0.60971177,0.069947034,0.094075784,0.067585595,0.51563597,0.0023614392
131,0.48760018,0.059140015,0.06691626,0.050224163,0.42068392,0.008915853
132,0.6015634,0.08027306,0.07804131,0.056476012,0.5235221,0.02379705
133,0.40730163,0.0057579093,0.04289942,0.02231338,0.3644022,-0.016555471
134,0.556251,0.044122748,0.069644324,0.053469338,0.48660666,-0.009346589
135,0.4645427,0.11448707,0.11927626,0.089396216,0.34526643,0.02509085
136,0.687555,0.061053485,0.0739997,0.052908882,0.6135553,0.008144602
137,0.39243323,0.034230243,0.05760391,0.04308444,0.33482933,-0.0088541955
138,0.4868926,0.046111677,0.078918554,0.057020925,0.40797406,-0.010909248
139,0.4905621,0.056514163,0.08996222,0.058474757,0.4005999,-0.0019605942
140,0.4876313,0.18211363,0.10564412,0.07702774,0.38198715,0.105085894
141,0.42702162,0.058757022,0.09279829,0.06149834,0.33422333,-0.0027413182
142,0.49288422,0.0683946,0.09001139,0.062068105,0.40287283,0.0063264966
143,0.50309306,0.072343275,0.100723974,0.06751558,0.40236908,0.004827693
144,0.54392904,0.061502386,0.09977375,0.069677755,0.44415528,-0.008175369
145,0.35433772,0.035973884,0.08141953,0.05376273,0.2729182,-0.017788846
146,0.4930915,0.052569967,0.07528506,0.054034676,0.41780645,-0.0014647096
147,0.30824813,0.041167155,0.05384922,0.04126306,0.2543989,-9.590387e-05
148,0.8286544,0.14103496,0.15689798,0.11638536,0.67175645,0.024649598
149,0.473628,0.06656092,0.07250878,0.052517314,0.40111923,0.014043603
150,0.61581033,0.1006201,0.13216089,0.089182466,0.48364943,0.011437632
151,0.49310735,0.030461641,0.08722032,0.063337676,0.40588704,-0.032876037
152,0.5858009,0.057189137,0.07411062,0.053079203,0.51169026,0.004109934
153,0.4864687,0.06651423,0.09431285,0.07458298,0.39215586,-0.008068748
154,0.38450417,0.097353145,0.09899726,0.071910836,0.2855069,0.02544231
155,0.4335325,0.067785,0.10903372,0.08095555,0.32449877,-0.013170548
156,0.49493402,0.04731272,0.053953312,0.040173236,0.4409807,0.0071394853
157,0.5985608,0.08733839,0.14301844,0.10354329,0.4555424,-0.016204901
158,0.5496484,0.05722432,0.082626246,0.06309335,0.46702215,-0.005869031
159,0.72487056,0.10350379,0.13442574,0.10433862,0.5904448,-0.0008348301
160,0.24424255,0.04031432,0.052770916,0.039495368,0.19147164,0.0008189529
161,0.4860596,0.01492245,0.04554687,0.034531098,0.44051275,-0.019608647
162,0.5518009,0.038353696,0.08933997,0.06356999,0.46246094,-0.025216296
163,0.51921374,0.07356279,0.09040615,0.06082445,0.4288076,0.012738343
164,0.44368988,0.047784433,0.05871556,0.03918823,0.38497433,0.008596204
165,0.38321835,0.03373587,0.08043356,0.044429623,0.3027848,-0.010693751
166,0.5641167,0.0601494,0.09313335,0.06717995,0.47098336,-0.0070305467
167,0.6090234,0.07740101,0.12487215,0.07661052,0.48415124,0.0007904917
168,0.6246701,0.068076774,0.09820004,0.066701844,0.52647007,0.0013749301
169,0.29714724,0.044208646,0.066472985,0.045618266,0.23067427,-0.00140962
170,0.45361304,0.04542134,0.06989169,0.048315935,0.38372135,-0.0028945953
171,0.58324057,0.1426849,0.13935824,0.09864423,0.44388235,0.04404068
172,0.50288194,0.047779176,0.076043054,0.04945864,0.42683887,-0.0016794652
173,0.5021173,0.035947572,0.07467305,0.052392587,0.42744422,-0.016445015
174,0.65934557,0.056482866,0.096199445,0.07053139,0.5631461,-0.014048524
175,0.38328695,0.09509701,0.06633596,0.04687299,0.31695098,0.048224024
176,0.29244065,0.056957383,0.06980311,0.043824445,0.22263753,0.013132937
177,0.5380346,0.026931308,0.0841187,0.060163878,0.45391592,-0.03323257
178,0.5704595,0.09530555,0.1431686,0.10523,0.4272909,-0.0099244565
179,0.40365255,0.02247558,0.032148678,0.02138711,0.37150386,0.0010884702
180,0.45077455,0.060950954,0.086025946,0.065321535,0.3647486,-0.0043705814
181,0.5570631,0.10426982,0.12873401,0.09070005,0.4283291,0.013569765
182,0.29604065,0.05194543,0.07284489,0.048875112,0.22319576,0.0030703172
183,0.35323617,0.07194622,0.100504816,0.07379757,0.25273135,-0.0018513501
184,0.37611938,0.041767366,0.07086309,0.043951582,0.30525628,-0.002184216
185,0.5613128,0.059169296,0.08971334,0.057375964,0.47159946,0.0017933324
186,0.61291087,0.108112335,0.11148827,0.081341974,0.5014226,0.02677036
187,0.5181381,0.06366056,0.10707824,0.071182184,0.41105986,-0.007521622
188,0.6284713,0.04776109,0.08402767,0.06348218,0.54444367,-0.01572109
189,0.4036077,-0.00072161405,0.021774357,0.011942055,0.38183334,-0.012663669
190,0.689006,0.064711355,0.108224526,0.076624155,0.58078146,-0.0119128
191,0.3836249,0.034519605,0.04640978,0.028244983,0.33721513,0.006274622
192,0.39272344,0.06766956,0.026788913,0.019214205,0.36593452,0.048455358
193,0.5737231,0.107070886,0.1152042,0.08795775,0.45851886,0.019113138
194,0.71695,0.018726125,0.06426361,0.039432,0.65268636,-0.020705875
195,0.40721005,0.046849057,0.059455678,0.04117642,0.34775436,0.0056726374
196,0.42558283,0.08366455,0.07496739,0.054587428,0.35061544,0.029077124
197,0.57148165,0.053071115,0.09639821,0.071526036,0.47508344,-0.01845492
198,0.814383,0.12550868,0.16188069,0.112643,0.6525023,0.0128656775
199,0.32748967,0.0441987,0.091475084,0.060672387,0.23601459,-0.016473688
200,0.57935274,0.04757162,0.09633582,0.06626286,0.4830169,-0.018691242
201,0.55321765,0.061063644,0.08518172,0.059908696,0.46803594,0.001154948
202,0.5553575,0.0871967,0.11775665,0.087278575,0.43760085,-8.187443e-05
203,0.7461929,0.083611056,0.13326398,0.091866344,0.61292887,-0.008255288
204,0.4310016,0.043594755,0.06776688,0.055154014,0.36323473,-0.011559259
205,0.4394771,0.04601182,0.094633274,0.05992274,0.3448438,-0.013910919
206,0.46997002,0.044079732,0.06531673,0.042682957,0.40465328,0.0013967752
207,0.563285,0.03886466,0.10894452,0.06339914,0.45434046,-0.024534483
208,0.42246965,0.032429237,0.07380345,0.04170758,0.3486662,-0.009278342
209,0.47169784,0.016253706,0.05967702,0.042586662,0.4120208,-0.026332956
210,0.45209712,0.049227532,0.07628498,0.057434376,0.37581214,-0.008206844
211,0.59008074,0.100185275,0.14810012,0.10597684,0.4419806,-0.0057915673
212,0.4038593,0.04735669,0.06012081,0.044704366,0.34373847,0.0026523247
213,0.72536635,0.19198804,0.19846387,0.1641961,0.5269025,0.027791932
214,0.75113744,0.06420313,0.088801585,0.066539444,0.6623359,-0.0023363158
215,0.4492483,0.076928005,0.105193146,0.07411419,0.34405518,0.002813816
216,0.5961066,0.053924687,0.09064252,0.06343052,0.5054641,-0.009505831
217,0.54963624,0.07088399,0.088392146,0.07203689,0.4612441,-0.0011529028
218,0.45073134,0.045082826,0.079826176,0.052739114,0.37090516,-0.0076562874
219,0.35912403,0.08328207,0.100773185,0.07436932,0.25835085,0.00891275
220,0.28784046,0.058268946,0.0925934,0.06484262,0.19524705,-0.0065736733
221,0.54614145,0.0721639,0.1033776,0.070635095,0.44276384,0.001528807
222,0.36882088,0.056084745,0.06316387,0.044589967,0.305657,0.011494778
223,0.15726084,0.0015458042,0.041524634,0.029852742,0.1157362,-0.028306939
224,0.3802674,0.08456776,0.10473719,0.077607915,0.27553022,0.006959848
225,0.5831085,0.059772998,0.08252671,0.06121179,0.50058174,-0.0014387928
226,0.33880922,0.061320387,0.07805728,0.055052586,0.26075193,0.006267801
227,0.46991128,0.06715368,0.094738446,0.062484384,0.37517282,0.0046692938
228,0.58371645,0.08759242,0.08476441,0.062561974,0.49895203,0.025030449
229,0.5024171,0.060833983,0.08632465,0.06653216,0.41609246,-0.0056981742
230,0.541911,0.05516114,0.09985131,0.06783572,0.4420597,-0.0126745775
231,0.32713208,0.05245218,0.05721456,0.038965493,0.26991752,0.013486687
232,0.34066126,0.05415042,0.069167666,0.041817203,0.27149358,0.012333218
233,0.45181417,0.06367637,0.072656184,0.05179567,0.379158,0.011880703
234,0.45840842,0.051558554,0.08486186,0.05948785,0.37354654,-0.007929295
235,0.52240133,0.06654263,0.05845039,0.042828333,0.46395093,0.0237143
236,0.37082615,0.055527855,0.07172681,0.04773005,0.29909936,0.0077978037
237,0.41609845,0.05211394,0.055512916,0.038359955,0.36058554,0.013753984
238,0.25718042,0.014971788,0.029025624,0.022932395,0.2281548,-0.007960607
239,0.70316863,0.108772896,0.11895725,0.092923366,0.58421135,0.01584953
240,0.6845133,0.07671884,0.11773427,0.07824577,0.566779,-0.0015269294
241,0.46078277,0.040849313,0.06537617,0.05156505,0.3954066,-0.010715738
242,0.43275422,0.06693358,0.0752474,0.05942518,0.3575068,0.007508401
243,0.54169196,0.10673445,0.14020844,0.100775674,0.40148354,0.005958773
244,0.6893866,0.102211736,0.10026626,0.0704814,0.5891203,0.03173034
245,0.55095476,0.04264191,0.07905908,0.057276025,0.4718957,-0.014634114
246,0.4059826,0.045652054,0.06384029,0.04485549,0.3421423,0.0007965639
247,0.6604756,0.048285775,0.07711839,0.058171514,0.5833572,-0.00988574
248,0.23962887,0.014931971,0.026153266,0.017877126,0.2134756,-0.002945155
249,0.5369164,0.06699674,0.09105334,0.061844215,0.44586304,0.0051525235
250,0.63373786,0.081513725,0.10807787,0.07615656,0.52566,0.0053571686
251,0.43328053,0.04887793,0.07411707,0.057352804,0.35916346,-0.008474875
252,0.33706295,0.04541078,0.07314263,0.050108854,0.2639203,-0.0046980754
253,0.27950403,0.038646366,0.047786,0.034183208,0.23171803,0.0044631585
254,0.52598745,0.033102248,0.076385915,0.049968213,0.44960153,-0.016865965
255,0.5039148,0.068391524,0.09479808,0.0705029,0.4091167,-0.0021113753
256,0.5793395,0.010436785,0.058230504,0.03886863,0.521109,-0.028431844
257,0.42825866,0.06909818,0.08505897,0.065946646,0.34319967,0.003151536
258,0.46707302,0.043956127,0.06639834,0.048872776,0.4006747,-0.0049166493
259,0.51294094,0.05503685,0.08528059,0.059386883,0.42766035,-0.0043500327
260,0.34685552,0.042837143,0.076200746,0.049844265,0.27065477,-0.007007122
261,0.45245242,0.06997312,0.1050611,0.06975168,0.3473913,0.0002214387
262,0.6074628,0.12046627,0.13114099,0.09398566,0.47632182,0.026480608
263,0.52834934,0.07591249,0.095059544,0.07236612,0.4332898,0.003546372
264,0.7262606,0.07324094,0.11597915,0.08393612,0.61028147,-0.010695174
265,0.5501781,0.08952229,0.071648166,0.050083183,0.47852993,0.039439104
266,0.6443621,0.0783459,0.0963916,0.06659058,0.5479705,0.011755325
267,0.60963446,0.05426399,0.105626725,0.07696368,0.50400776,-0.022699688
268,0.5193943,0.052317135,0.080121815,0.060153943,0.43927246,-0.0078368075
269,0.61078924,0.08814985,0.12922221,0.10345837,0.48156703,-0.015308514
270,0.4955321,0.0830555,0.1050345,0.077361025,0.3904976,0.0056944788
271,0.5182961,0.037461475,0.053586043,0.04198973,0.4647101,-0.0045282543
272,0.58409053,0.104561985,0.14927281,0.10289206,0.43481773,0.001669921
273,0.39716268,0.05024144,0.07643634,0.053575654,0.32072634,-0.003334213
274,0.6426611,0.11069475,0.13742545,0.10219878,0.5052357,0.008495972
275,0.6216618,0.07318415,0.111122295,0.07780519,0.5105395,-0.004621044
276,0.48174736,0.06506471,0.08863507,0.059354696,0.3931123,0.005710017
277,0.39355353,0.035780236,0.053604655,0.03984348,0.33994886,-0.004063245
278,0.48939866,0.050519586,0.053192627,0.03391888,0.43620604,0.016600706
279,0.5219296,0.06544403,0.10546704,0.066389106,0.4164626,-0.00094507635
280,0.46594658,0.045225646,0.060840793,0.044509515,0.4051058,0.0007161312
281,0.48889017,0.06626324,0.086545974,0.06366807,0.4023442,0.0025951713
282,0.42618257,0.0642997,0.07908761,0.05243492,0.34709495,0.011864781
283,0.58099747,0.048156206,0.07600736,0.052658197,0.5049901,-0.004501991
284,0.5811058,0.10319733,0.12383121,0.084542654,0.45727462,0.018654674
285,0.5305681,0.07742362,0.0960426,0.07009248,0.43452552,0.0073311403
286,0.5283439,0.069979146,0.084033765,0.056166343,0.44431016,0.013812803
287,0.7085535,0.09938078,0.12940888,0.08397336,0.5791446,0.015407413
288,0.735097,0.047497075,0.08589173,0.058484502,0.64920527,-0.010987427
289,0.5896987,0.028187037,0.07607352,0.046506938,0.51362514,-0.018319901
290,0.5347855,0.029466609,0.07402719,0.046238802,0.46075833,-0.016772194
291,0.6556585,0.057330046,0.13094407,0.07679529,0.5247144,-0.019465242
292,0.4924004,0.07232828,0.072156325,0.051733937,0.4202441,0.02059434
293,0.39805382,0.04470858,0.08343356,0.058616456,0.31462026,-0.013907876
294,0.47488683,0.02062892,0.06396429,0.04603555,0.41092253,-0.02540663
295,0.50922275,0.058561336,0.06979679,0.051807612,0.43942595,0.006753724
296,0.44776884,0.013889993,0.04184673,0.025091391,0.4059221,-0.011201398
297,0.3695661,0.033422403,0.09792845,0.05779501,0.27163768,-0.024372607
298,0.38201457,0.08092072,0.076262705,0.055456873,0.30575186,0.025463846
299,0.25785908,0.042625412,0.03282178,0.02508402,0.2250373,0.017541392
300,0.42112005,0.047969166,0.08315249,0.05857032,0.33796757,-0.010601155
301,0.6277594,0.09751027,0.11526868,0.084672205,0.51249075,0.012838066
302,0.48493052,0.08197069,0.1060599,0.071959525,0.3788706,0.010011166
303,0.46785232,0.058192085,0.10629382,0.072761886,0.3615585,-0.0145698
304,0.68946224,0.07795006,0.1374218,0.09354077,0.55204046,-0.015590712
305,0.5443223,0.07902894,0.093551606,0.06489814,0.4507707,0.014130801
306,0.51067984,0.06457132,0.10543851,0.07845299,0.40524134,-0.013881668
307,0.54597926,0.043953504,0.07193555,0.04947949,0.47404373,-0.005525984
308,0.4046611,0.017600298,0.042663433,0.02778744,0.36199766,-0.010187142
309,0.38807413,0.06125768,0.08393869,0.056460444,0.30413544,0.004797235
310,0.37714905,0.02644402,0.056452278,0.03487104,0.32069677,-0.008427022
311,0.5260181,0.03923554,0.07044687,0.04650636,0.4555712,-0.0072708204
312,0.36941984,0.01859767,0.033299293,0.024682429,0.33612055,-0.006084759
313,0.33970574,0.030925775,0.06271891,0.043378096,0.27698684,-0.012452321
314,0.69549125,0.073784724,0.09997991,0.06799976,0.5955113,0.005784966
315,0.3521222,0.074490145,0.0768155,0.05530005,0.2753067,0.019190095
316,0.3955895,0.036078565,0.062273894,0.045853786,0.3333156,-0.009775221
317,0.41992733,0.058687877,0.09009975,0.06905492,0.32982758,-0.01036704
318,0.52797556,0.052799273,0.087370634,0.06418927,0.44060493,-0.011389997
319,0.36076328,0.09826035,0.087500855,0.057420507,0.27326244,0.040839843
320,0.73480344,0.113189586,0.12647204,0.09242216,0.6083314,0.020767428
321,0.3849343,0.027231468,0.0619506,0.043161754,0.3229837,-0.015930286
322,0.31174758,0.028001163,0.056156453,0.04551985,0.25559112,-0.017518688
323,0.5763721,0.060202986,0.08199109,0.061295904,0.494381,-0.0010929182
324,0.6435191,0.047837228,0.11778848,0.065080225,0.5257306,-0.017242998
325,0.3202274,0.01265457,0.07409859,0.046838008,0.24612883,-0.03418344
326,0.42587227,0.036789972,0.082929134,0.05054673,0.34294313,-0.013756759
327,0.59315366,0.05556431,0.060676802,0.044968735,0.53247684,0.010595575
328,0.25901043,0.03044365,0.049835175,0.03277257,0.20917526,-0.002328921
329,0.60527986,0.06521314,0.08958751,0.06416121,0.51569235,0.0010519251
330,0.39547983,0.08015873,0.07052901,0.05237026,0.3249508,0.027788471
331,0.41510776,0.08652038,0.12176026,0.09124787,0.2933475,-0.0047274902
332,0.32713196,0.031583298,0.030440606,0.023350744,0.29669136,0.008232554
333,0.49519053,0.08869331,0.11952585,0.079689026,0.37566468,0.009004287
334,0.47022602,0.0467447,0.06850327,0.041992806,0.40172276,0.0047518946
335,0.37996992,0.014482224,0.02895146,0.015595043,0.35101846,-0.0011128187
336,0.6004271,0.08463302,0.09512663,0.06557838,0.50530046,0.019054644
337,0.32514465,0.029595919,0.052307557,0.03408757,0.2728371,-0.0044916496
338,0.5289553,0.03314993,0.038912296,0.028134149,0.49004298,0.005015783
339,0.6894418,0.0663945,0.09568368,0.06246853,0.5937581,0.0039259717
340,0.32608178,0.07602434,0.044831008,0.032237474,0.28125077,0.043786865
341,0.44996643,0.0676966,0.084988385,0.057803903,0.36497805,0.009892698
342,0.4209406,0.043173034,0.06368447,0.048762377,0.35725614,-0.0055893436
343,0.30127978,0.03156109,0.045766253,0.029151123,0.25551352,0.0024099685
344,0.40654278,0.069275804,0.07069966,0.054779533,0.33584312,0.014496271
345,0.44936827,0.046130646,0.08460467,0.05497548,0.3647636,-0.008844834
346,0.33148146,0.029210074,0.06033918,0.044265367,0.27114227,-0.015055293
347,0.44039562,0.028420145,0.0691734,0.05091229,0.37122223,-0.022492146
348,0.57009655,0.0062154704,0.041296784,0.023314461,0.5287998,-0.017098991
349,0.5093739,0.03285793,0.04043436,0.02600997,0.46893954,0.006847959
350,0.4964956,0.039128125,0.078601085,0.055727795,0.4178945,-0.01659967
351,0.74088186,0.067138225,0.11639123,0.08069843,0.6244906,-0.013560206
352,0.61779857,0.031514425,0.08092823,0.061007623,0.53687036,-0.029493198
353,0.4774052,0.072276965,0.07633054,0.061463486,0.40107465,0.010813478
354,0.5211128,0.046341617,0.08668454,0.06324003,0.43442827,-0.016898412
355,0.56962025,0.0016884932,0.047373157,0.022765985,0.5222471,-0.021077491
356,0.53552884,-0.0066566486,0.060150877,0.034773946,0.47537798,-0.041430593
357,0.2238546,0.030860458,0.02753992,0.01733788,0.19631468,0.013522578
358,0.5039591,0.043266527,0.0869193,0.05465806,0.4170398,-0.011391532
359,0.46473897,0.035731833,0.066036545,0.046894193,0.3987024,-0.011162359
360,0.41994712,0.043431662,0.06823553,0.049826536,0.35171157,-0.0063948743
361,0.5057475,0.043213118,0.13802128,0.091750085,0.3677262,-0.048536967
362,0.51906586,0.074023515,0.09163335,0.06843516,0.4274325,0.0055883527
363,0.5301682,0.06397884,0.104434684,0.064201914,0.4257335,-0.00022307038
364,0.5361043,0.05443625,0.08037717,0.061556682,0.45572716,-0.0071204305
365,0.53964114,0.04408502,0.08325624,0.064097464,0.4563849,-0.020012446
366,0.59179944,0.06609666,0.09495935,0.07100273,0.4968401,-0.0049060658
367,0.34037155,0.027199766,0.051968265,0.034913424,0.28840327,-0.0077136587
368,0.43021715,-0.013277351,0.047188796,0.02942318,0.38302836,-0.04270053
369,0.5583578,0.08954164,0.11290953,0.07800181,0.44544825,0.011539824
370,0.7468069,0.07137918,0.106809065,0.074270956,0.63999784,-0.002891779
371,0.54699594,0.118799195,0.15126668,0.11350328,0.39572924,0.0052959174
372,0.29834357,0.039185043,0.057718273,0.041314676,0.24062529,-0.002129633
373,0.43226615,0.05910588,0.09559393,0.06374358,0.33667222,-0.004637696
374,0.668377,0.030027995,0.062381387,0.046487466,0.6059956,-0.01645947
375,0.4340274,0.051975936,0.08127233,0.05469244,0.35275507,-0.002716504
376,0.58012587,0.08680504,0.08748418,0.060024727,0.4926417,0.026780311
377,0.38171646,0.060945686,0.08891212,0.06223279,0.29280433,-0.0012871027
378,0.5886951,0.09331355,0.11698998,0.08115545,0.47170514,0.012158103
379,0.5188709,0.0772744,0.112449266,0.08001096,0.40642163,-0.002736561
380,0.42213145,0.0099228555,0.040412303,0.019432321,0.38171914,-0.009509466
381,0.6141083,0.12874058,0.16930395,0.12566061,0.44480437,0.0030799657
382,0.19398324,0.058504052,0.054638416,0.037506107,0.13934483,0.020997945
383,0.55375546,0.040524095,0.079347335,0.060329285,0.47440812,-0.01980519
384,0.48019692,0.08717085,0.11777918,0.09739522,0.36241776,-0.010224372
385,0.43822882,0.034595236,0.0559409,0.041773394,0.38228792,-0.0071781576
386,0.13613582,0.010863939,0.013310471,0.009014086,0.12282535,0.0018498534
387,0.43891904,0.062365934,0.12684113,0.08269099,0.3120779,-0.020325057
388,0.41389462,0.022243911,0.038517304,0.027828801,0.37537733,-0.00558489
389,0.52080095,0.08059316,0.11509514,0.08673,0.4057058,-0.006136842
390,0.5911503,0.051040325,0.047462273,0.028715456,0.543688,0.02232487
391,0.6465519,0.0944794,0.12357943,0.09162368,0.52297246,0.0028557181
392,0.44815198,0.09383686,0.08969861,0.06622796,0.35845336,0.027608901
393,0.47797292,0.02707597,0.05815882,0.03683171,0.4198141,-0.00975574
394,0.5275477,0.026064524,0.06648383,0.048607856,0.4610639,-0.022543332
395,0.62854695,0.09074631,0.09755472,0.07620968,0.5309922,0.014536634
396,0.34163168,0.060220882,0.10255711,0.06375213,0.23907457,-0.0035312474
397,0.48500478,0.08080706,0.09685077,0.07022755,0.38815403,0.0105795115
398,0.32694727,0.0053970236,0.05594606,0.03898163,0.27100122,-0.03358461
399,0.49584448,0.04247762,0.05787098,0.045655683,0.4379735,-0.0031780638
400,0.48325956,0.054710336,0.075276434,0.056722306,0.40798312,-0.0020119697
401,0.38582358,0.055243973,0.08155941,0.054224428,0.30426416,0.0010195449
402,0.50483274,0.018847506,0.06795323,0.04589254,0.43687952,-0.027045034
403,0.554625,0.08121658,0.09010179,0.064171106,0.4645232,0.017045476
404,0.50855625,0.09419127,0.095302284,0.060317896,0.41325396,0.03387337
405,0.7063368,0.020533135,0.08665741,0.06314076,0.6196794,-0.04260762
406,0.62983644,0.0819326,0.08592985,0.05875468,0.54390657,0.023177918
407,0.6213392,0.06477662,0.12472911,0.09470044,0.4966101,-0.029923819
408,0.55664015,0.06249632,0.09648357,0.06354966,0.46015656,-0.0010533407
409,0.55689865,0.050995853,0.07461848,0.05284463,0.48228016,-0.0018487759
410,0.39737466,0.060178068,0.09524411,0.06685435,0.30213055,-0.0066762827
411,0.5703864,0.04965143,0.06282239,0.045313478,0.507564,0.0043379515
412,0.59631926,0.0816993,0.11447909,0.08428719,0.48184016,-0.002587892
413,0.39974523,0.050543908,0.046463594,0.030596528,0.35328162,0.01994738
414,0.4117413,0.020871403,0.07719797,0.049801398,0.33454332,-0.028929995
415,0.40063015,0.081405,0.10119134,0.079733096,0.2994388,0.0016719028
416,0.49214125,0.07297816,0.055888522,0.0414788,0.4362527,0.03149936
417,0.5260303,0.08222759,0.09289677,0.06865692,0.43313354,0.013570666
418,0.5598652,0.08023154,0.09291081,0.059669174,0.46695435,0.020562366
419,0.39697367,0.044414118,0.06697402,0.05135296,0.32999966,-0.006938841
420,0.50515765,0.062041495,0.06990293,0.050551586,0.43525472,0.011489909
421,0.2786256,0.055156667,0.06579534,0.04549755,0.21283028,0.009659115
422,0.17127927,0.13128226,0.0505677,0.030511174,0.120711565,0.100771084
423,0.64114475,0.06657285,0.109169304,0.07782646,0.53197545,-0.01125361
424,0.55161786,0.076862186,0.11366901,0.0890794,0.43794885,-0.012217216
425,0.5072443,0.06280221,0.106904484,0.07378846,0.4003398,-0.010986246
426,0.5824618,0.05178316,0.09550089,0.06251939,0.4869609,-0.010736227
427,0.5511136,0.05633032,0.091684364,0.06745195,0.45942923,-0.011121627
428,0.43818983,0.04368599,0.070510894,0.04529039,0.36767894,-0.0016043968
429,0.4237384,0.053119197,0.067046165,0.046981674,0.35669222,0.006137524
430,0.39484262,0.15154198,0.13783173,0.102961265,0.25701088,0.048580714
431,0.65455425,0.048873603,0.08986655,0.056516703,0.5646877,-0.0076431
432,0.50890744,0.09158739,0.13761368,0.10104192,0.37129375,-0.009454533
433,0.31699988,0.052912828,0.07046813,0.047124725,0.24653175,0.0057881027
434,0.45952293,0.08516443,0.11064031,0.07668342,0.34888262,0.008481011
435,0.47311077,0.03243109,0.0603959,0.0400782,0.41271487,-0.007647112
436,0.7242684,0.095324,0.13271213,0.09574738,0.59155625,-0.00042337924
437,0.5544501,0.06956379,0.12366119,0.088691235,0.4307889,-0.019127443
438,0.557815,0.06829684,0.13029529,0.0828288,0.42751974,-0.014531955
439,0.5980976,0.080473006,0.1326692,0.08784277,0.4654284,-0.007369764
440,0.3207338,0.012625715,0.04380456,0.029662421,0.27692923,-0.017036706
441,0.6928556,0.05707406,0.0821695,0.06176302,0.61068606,-0.0046889596
442,0.56864333,0.06318699,0.10557129,0.07901272,0.46307203,-0.015825734
443,0.59659165,0.12442248,0.15068315,0.11991004,0.4459085,0.004512444
444,0.3162316,0.055034783,0.072337955,0.0482831,0.24389365,0.0067516826
445,0.4994649,0.033431694,0.054039888,0.040579315,0.445425,-0.0071476214
446,0.56278074,0.081417434,0.11532268,0.07605136,0.44745806,0.005366072
447,0.6322771,0.0681435,0.11984496,0.07725769,0.5124321,-0.009114191
448,0.26174876,0.038215704,0.05103442,0.03255948,0.21071434,0.0056562237
449,0.33431682,-0.006343255,0.049434982,0.030771751,0.28488183,-0.037115008
450,0.65485895,0.05558567,0.08297255,0.054440647,0.5718864,0.0011450239
451,0.49357006,0.0803878,0.11042982,0.08129694,0.38314024,-0.0009091422
452,0.55413467,0.108500674,0.12525116,0.094586246,0.4288835,0.013914429
453,0.45956194,0.03335689,0.08591802,0.06173182,0.37364393,-0.028374929
454,0.63033533,0.049135968,0.10216263,0.068332046,0.52817273,-0.019196078
455,0.5207888,0.035047825,0.056015003,0.04255472,0.46477377,-0.007506896
456,0.34408942,0.0357537,0.04991015,0.03461474,0.29417926,0.0011389591
457,0.7948793,0.113455035,0.16793264,0.10751481,0.6269467,0.0059402213
458,0.42067862,0.058135513,0.055093557,0.037728373,0.36558506,0.02040714
459,0.22835496,0.03254054,0.033105858,0.02596828,0.19524911,0.0065722615
460,0.6184883,0.02179865,0.09544039,0.05507565,0.5230479,-0.033276998
461,0.55728364,0.047736593,0.09491396,0.063166656,0.46236968,-0.015430063
462,0.58559906,0.071713194,0.098370545,0.07188356,0.4872285,-0.00017036498
463,0.74983627,0.07006329,0.12664261,0.09317156,0.6231936,-0.023108266
464,0.59395045,0.07213848,0.08194045,0.05916267,0.51201,0.012975812
465,0.37226927,0.05288637,0.056503817,0.043622065,0.31576544,0.009264305
466,0.27876896,0.034143373,0.023578221,0.016864365,0.25519073,0.017279008
467,0.5544599,0.09710733,0.12551282,0.093140915,0.4289471,0.0039664134
468,0.73904806,0.032223184,0.10488197,0.06683144,0.6341661,-0.034608256
469,0.5615053,0.049038213,0.06864464,0.046923686,0.49286067,0.002114527
470,0.43970722,0.05324979,0.07698531,0.050078508,0.36272192,0.0031712838
471,0.57494354,0.098822206,0.13290876,0.08290975,0.44203478,0.015912458
472,0.65575516,0.09978288,0.14495915,0.09405074,0.510796,0.005732134
473,0.25050378,0.12177863,0.06767914,0.0395752,0.18282464,0.08220343
474,0.5624956,0.050357193,0.06413575,0.050413217,0.49835983,-5.602464e-05
475,0.6868908,0.05972882,0.093102455,0.06673695,0.5937883,-0.0070081316
476,0.49444297,0.070381746,0.097144544,0.07148704,0.39729843,-0.0011052936
477,0.2882749,0.042069085,0.053024158,0.03827209,0.23525076,0.0037969947
478,0.5492466,0.07577006,0.092834,0.06356684,0.4564126,0.012203217
479,0.4104481,0.014589765,0.054619454,0.03197173,0.35582864,-0.017381966
480,0.39095628,0.02665821,0.08020881,0.04723768,0.31074747,-0.020579468
481,0.68625414,0.07293871,0.1512747,0.0992661,0.53497946,-0.026327386
482,0.4972929,0.04179993,0.07558846,0.0511303,0.42170444,-0.0093303695
483,0.4724982,0.038977157,0.07557109,0.054635674,0.39692712,-0.015658516
484,0.5040885,0.23971406,0.22261702,0.17701511,0.2814715,0.062698945
485,0.58291304,0.0539944,0.10649903,0.076948635,0.47641402,-0.022954237
486,0.5601366,0.066541374,0.100310065,0.06958046,0.45982656,-0.0030390844
487,0.5561446,0.07809332,0.10988068,0.07787602,0.4462639,0.00021730363
488,0.6938887,0.06452829,0.1046908,0.070674054,0.58919793,-0.006145768
489,0.4793848,0.09260371,0.08025323,0.06095362,0.3991316,0.031650092
490,0.52239805,0.06556211,0.083782874,0.063554615,0.43861517,0.002007492
491,0.53001404,0.038227495,0.08460436,0.049923517,0.4454097,-0.011696022
492,0.35534889,0.06502417,0.08867335,0.066238604,0.26667553,-0.0012144372
493,0.5153353,0.04472134,0.06688491,0.049940415,0.44845042,-0.005219076
494,0.43681476,0.026552552,0.078081064,0.056192316,0.35873368,-0.029639764
495,0.7243291,0.12186424,0.1393552,0.107975446,0.58497393,0.013888791
496,0.4235826,0.040274788,0.058156826,0.041294917,0.3654258,-0.0010201298
497,0.80948347,0.078577004,0.11417848,0.07793247,0.695305,0.0006445348
498,0.3868212,0.06575957,0.08913363,0.057695556,0.2976876,0.008064013
499,0.3656764,0.122599036,0.10013912,0.07538262,0.2655373,0.047216415
500,0.53160024,0.07027336,0.075749315,0.057242908,0.45585093,0.0130304545
501,0.3519915,0.02730838,0.055907987,0.0334726,0.2960835,-0.006164221
502,0.48827,0.060106467,0.078514986,0.053360444,0.40975502,0.006746024
503,0.67167556,0.069028266,0.094207674,0.0638966,0.5774679,0.0051316693
504,0.6804143,0.062991895,0.102355644,0.06831761,0.57805866,-0.0053257123
505,0.60378736,0.06674794,0.08307606,0.06597282,0.5207113,0.00077512115
506,0.48956853,0.07840609,0.10872096,0.07636611,0.38084757,0.0020399764
507,0.61533934,0.08707129,0.06303585,0.043599993,0.5523035,0.0434713
508,0.4818061,0.051621802,0.07869805,0.050927356,0.40310806,0.00069444627
509,0.61488205,0.08166658,0.097260945,0.068106435,0.5176211,0.013560146
510,0.59070617,0.04268173,0.09592759,0.06613286,0.49477857,-0.023451127
511,0.39001283,0.056793097,0.06124168,0.041474923,0.32877114,0.015318174
512,0.42485717,0.064514115,0.079426944,0.05067555,0.34543023,0.013838567
513,0.6407076,0.088761814,0.12349872,0.08868317,0.5172089,7.864088e-05
514,0.5333346,0.153926,0.16687305,0.12465937,0.36646158,0.029266633
515,0.5956919,0.0498496,0.087936096,0.060640182,0.5077558,-0.010790583
516,0.44408756,0.021835538,0.06413764,0.040571433,0.37994993,-0.018735895
517,0.3784031,0.057999562,0.06703478,0.054352917,0.31136832,0.0036466457
518,0.42193303,0.029897887,0.06779292,0.045682807,0.3541401,-0.01578492
519,0.30668643,0.027208645,0.04763426,0.037400328,0.25905216,-0.010191683
520,0.44674578,0.057789154,0.052262858,0.04196857,0.3944829,0.015820585
521,0.32551795,0.045745645,0.08450873,0.054469056,0.24100922,-0.008723412
522,0.6488913,0.08424699,0.14207381,0.101480745,0.5068175,-0.017233752
523,0.6188565,0.06626683,0.08125439,0.059166223,0.53760207,0.0071006045
524,0.5367498,0.05274085,0.09184244,0.06315139,0.44490734,-0.01041054
525,0.56119615,0.06976181,0.07324225,0.046854936,0.4879539,0.022906877
526,0.51474375,0.0649826,0.09717861,0.06984714,0.41756514,-0.004864536
527,0.45434237,0.06644106,0.07748309,0.055370763,0.37685928,0.011070296
528,0.83297414,0.061882477,0.09237732,0.06254619,0.74059683,-0.00066371635
529,0.49314708,0.02369942,0.068278715,0.044645615,0.42486835,-0.020946195
530,0.5153308,0.09136621,0.104961835,0.081092216,0.41036895,0.010273993
531,0.48672408,0.043032587,0.07293758,0.050042253,0.4137865,-0.0070096664
532,0.4019283,0.02099489,0.03505176,0.023281878,0.36687654,-0.0022869874
533,0.60379726,0.07268868,0.112891175,0.080272764,0.4909061,-0.0075840876
534,0.49802157,0.12219165,0.109444745,0.08127644,0.38857684,0.040915214
535,0.5973522,0.10403495,0.13482507,0.092901714,0.46252716,0.011133239
536,0.5858019,0.040502667,0.079339154,0.053071775,0.50646275,-0.012569107
537,0.62620825,0.1300206,0.11636129,0.084714554,0.5098469,0.04530605
538,0.86890036,0.052577566,0.14854199,0.09374492,0.7203584,-0.041167352
539,0.7376798,0.08173761,0.1700353,0.11676172,0.5676445,-0.035024114
540,0.4705953,0.031615138,0.060261354,0.03966098,0.41033393,-0.008045841
541,0.41467786,0.07257015,0.106089115,0.07995639,0.30858874,-0.0073862374
542,0.46903366,0.014832561,0.07777481,0.057465993,0.39125884,-0.042633433
543,0.59932816,0.06593213,0.08170824,0.05036289,0.5176199,0.015569244
544,0.5455512,0.07629527,0.08673122,0.06411556,0.45881996,0.01217971
545,0.3398836,0.115384646,0.06743529,0.05111884,0.2724483,0.0642658
546,0.63190776,0.08271954,0.131248,0.091366254,0.50065976,-0.008646712
547,0.57455516,0.06903104,0.09148244,0.062447906,0.48307273,0.006583132
548,0.30288765,0.07459624,0.11190711,0.07457525,0.19098054,2.0988286e-05
549,0.54322606,0.042932134,0.07900045,0.05267131,0.46422562,-0.009739175
550,0.54885674,0.090948366,0.0962516,0.07079047,0.45260513,0.020157896
551,0.55601037,0.047195062,0.10411462,0.06502905,0.45189574,-0.017833985
552,0.41474608,0.06308994,0.05894845,0.039003283,0.35579762,0.024086654
553,0.33813745,0.009212304,0.041647233,0.025497332,0.29649022,-0.016285028
554,0.34549686,0.027780952,0.06939903,0.045860995,0.27609783,-0.018080043
555,0.52995265,0.0854625,0.12571697,0.0874896,0.40423566,-0.0020270944
556,0.5787494,0.03801198,0.09260993,0.055204716,0.48613948,-0.017192736
557,0.4956819,0.048471395,0.0692287,0.0405416,0.4264532,0.0079297945
558,0.4868889,0.059717853,0.06580554,0.050009865,0.42108333,0.009707987
559,0.47029856,0.05002487,0.07462701,0.052896842,0.39567155,-0.0028719716
560,0.6334069,0.100419775,0.10824223,0.079667814,0.52516466,0.02075196
561,0.41483194,0.0060286424,0.037940882,0.024856748,0.37689105,-0.018828105
562,0.5223463,0.07236191,0.104251824,0.069637306,0.4180945,0.0027246028
563,0.55150574,0.048195355,0.076441854,0.047645293,0.4750639,0.00055006146
564,0.77850175,0.08645156,0.141346,0.09407744,0.6371558,-0.007625878
565,0.5229325,0.07999794,0.095624916,0.07289232,0.4273076,0.0071056187
566,0.4719663,0.062357936,0.100849874,0.07359538,0.37111643,-0.011237446
567,0.5703675,0.08490536,0.11671844,0.07909115,0.45364907,0.005814217
568,0.59834576,0.06741504,0.10205153,0.066116445,0.49629423,0.001298599
569,0.58386016,0.041673094,0.10011432,0.06960924,0.48374584,-0.027936146
570,0.60580903,0.08275122,0.100932285,0.07038456,0.50487673,0.01236666
571,0.51503783,0.028648876,0.08873996,0.066979945,0.42629787,-0.03833107
572,0.45520425,0.031057488,0.118647,0.06981958,0.33655724,-0.03876209
573,0.73841584,0.17319888,0.18913509,0.13656935,0.54928076,0.036629528
574,0.53258586,0.106812835,0.10724394,0.08307287,0.4253419,0.023739964
575,0.4182949,0.047048703,0.07173684,0.048933588,0.34655806,-0.0018848851
576,0.1546124,0.016848452,0.031037416,0.01878473,0.12357499,-0.0019362774
577,0.6453988,0.1055759,0.13950853,0.09655121,0.50589025,0.009024687
578,0.73089314,0.08845369,0.11536608,0.0822809,0.61552703,0.006172791
579,0.6968524,0.057949502,0.07958188,0.054834742,0.6172705,0.00311476
580,0.59880966,0.038730953,0.08549701,0.059390318,0.51331264,-0.020659365
581,0.38627744,0.065392286,0.06409681,0.047963977,0.32218063,0.017428309
582,0.3618283,0.09779905,0.07873502,0.05828873,0.28309327,0.039510317
583,0.48180804,0.017246898,0.025788827,0.020128403,0.45601922,-0.0028815046
584,0.3976997,0.10029975,0.09035215,0.06847355,0.30734757,0.031826206
585,0.31929144,0.10987075,0.070733674,0.05329443,0.24855778,0.056576315
586,0.52797383,0.051643103,0.08341534,0.062438916,0.4445585,-0.010795813
587,0.43701476,0.062724695,0.058930364,0.044719514,0.3780844,0.018005181
588,0.37732178,0.038483825,0.0474886,0.036399737,0.32983318,0.0020840876
589,0.46811157,0.079568855,0.10140415,0.06725795,0.3667074,0.012310907
590,0.45276988,0.002452723,0.02638866,0.017922126,0.42638123,-0.015469403
591,0.6081492,0.068439655,0.10797325,0.07639034,0.50017595,-0.007950686
592,0.66026896,0.049365804,0.10390082,0.07662949,0.5563681,-0.027263686
593,0.5900409,0.05535899,0.08953002,0.06175574,0.50051093,-0.006396748
594,0.53552926,0.06190303,0.11155022,0.080011,0.42397904,-0.018107973
595,0.6355946,0.099879734,0.1590727,0.103158005,0.4765219,-0.0032782704
596,0.6573705,0.07725271,0.09394825,0.06901228,0.56342226,0.008240432
597,0.6733985,0.11602516,0.14649588,0.10421338,0.5269026,0.011811778
598,0.1739736,0.016623685,0.025750713,0.022689238,0.1482229,-0.006065553
599,0.27598086,0.02806424,0.03955224,0.022774234,0.23642862,0.0052900054
600,0.36646247,-0.0012150423,0.029384589,0.016991273,0.3370779,-0.018206315
601,0.56597334,0.14885005,0.20441069,0.15052773,0.36156267,-0.001677677
602,0.23123394,0.030820308,0.039535347,0.024980135,0.1916986,0.005840173
603,0.2486959,0.018994857,0.039886165,0.020795276,0.20880973,-0.0018004198
604,0.49623215,0.05622101,0.07704154,0.060867596,0.41919062,-0.004646588
605,0.5312028,0.08143471,0.14864537,0.090263836,0.38255742,-0.008829124
606,0.5268775,0.10348606,0.106930055,0.07340264,0.41994748,0.030083418
607,0.44573534,0.019463852,0.09632083,0.058959026,0.3494145,-0.039495174
608,0.6244944,0.10031776,0.1358577,0.10567683,0.48863667,-0.0053590685
609,0.3985077,0.074700296,0.074671336,0.053756464,0.3238364,0.020943832
610,0.5492672,0.08428226,0.1009134,0.06865208,0.44835377,0.015630178
611,0.7783964,0.12062433,0.1392119,0.097647496,0.63918453,0.022976838
612,0.868121,0.093199395,0.14311045,0.10240398,0.7250106,-0.009204589
613,0.37066066,0.04725907,0.102093786,0.06807345,0.26856688,-0.020814382
614,0.7003446,0.08091687,0.15506732,0.10303578,0.5452773,-0.022118911
615,0.5480215,0.060566418,0.09872172,0.070953906,0.44929978,-0.010387488
616,0.56094176,0.08140778,0.10375996,0.07343138,0.4571818,0.007976398
617,0.6998271,0.094663925,0.12708066,0.09914569,0.5727464,-0.0044817626
618,0.7487028,0.10882319,0.14840737,0.11510438,0.6002954,-0.0062811896
619,0.48417255,0.0367265,0.09408903,0.06424881,0.39008352,-0.027522307
620,0.4999915,0.095621824,0.10300734,0.07709655,0.39698416,0.018525273
621,0.67629707,0.13350001,0.090233564,0.07017619,0.5860635,0.06332382
622,0.42934525,0.036091965,0.08670293,0.057213113,0.3426423,-0.021121148
623,0.69423604,0.08117886,0.11116418,0.07130407,0.5830718,0.009874791
624,0.33878702,0.023401555,0.054144967,0.041432157,0.28464204,-0.018030602
625,0.5136566,0.09101483,0.11351289,0.08676958,0.40014374,0.0042452514
626,0.2989421,0.04553317,0.06660741,0.038854185,0.23233467,0.0066789836
627,0.53686786,0.05869777,0.07600203,0.050015107,0.46086583,0.0086826645
628,0.59192616,0.05002653,0.10096866,0.072467245,0.4909575,-0.022440717
629,0.19931337,0.11109114,0.066114485,0.048775535,0.13319889,0.0623156
630,0.5579251,0.050977264,0.07339647,0.0485682,0.48452863,0.0024090633
631,0.40761963,0.044919368,0.07105319,0.04566209,0.33656645,-0.0007427223
632,0.5232173,0.050912783,0.075848036,0.05552113,0.44736928,-0.004608348
633,0.68132645,0.07216452,0.08812612,0.060521506,0.5932003,0.011643015
634,0.3437758,0.026523229,0.07717961,0.05259696,0.2665962,-0.026073731
635,0.41146874,0.03851326,0.07028874,0.053467184,0.34118,-0.0149539225
636,0.58531564,0.09950996,0.12519188,0.09051467,0.46012378,0.008995295
637,0.5039583,0.08406735,0.07147012,0.053899743,0.43248817,0.03016761
638,0.46171853,0.072103746,0.09271471,0.062230024,0.36900383,0.009873722
639,0.48681232,0.010268541,0.036672115,0.027499171,0.4501402,-0.01723063
640,0.4788714,0.08355116,0.086922266,0.06498829,0.39194915,0.018562868
641,0.56644523,0.06976134,0.105849564,0.07510407,0.46059567,-0.0053427294
642,0.67496747,0.11170492,0.13618739,0.10240783,0.5387801,0.009297095
643,0.6070062,0.051638354,0.090683326,0.06322717,0.51632285,-0.011588816
644,0.26649672,0.060278937,0.10888501,0.07478129,0.1576117,-0.014502354
645,0.43981478,0.028698197,0.061230194,0.041847516,0.3785846,-0.013149319
646,0.5788513,0.07873459,0.1067632,0.0825406,0.4720881,-0.00380601
647,0.37332666,0.05047256,0.09045968,0.068620175,0.28286698,-0.018147614
648,0.27827314,0.006392964,0.041610204,0.02734801,0.23666292,-0.020955045
649,0.46242797,0.063600175,0.09900461,0.07705809,0.36342335,-0.013457917
650,0.55942774,0.055942878,0.08623538,0.058623772,0.47319236,-0.002680894
651,0.48888442,0.06391714,0.09747428,0.06581939,0.39141014,-0.0019022524
652,0.12949955,0.013594597,0.018170992,0.014700489,0.111328565,-0.0011058925
653,0.7212731,0.09232457,0.16895457,0.10769393,0.5523186,-0.015369363
654,0.52128863,0.050913494,0.10211536,0.08165461,0.41917327,-0.030741114
655,0.63603437,0.10906761,0.13602586,0.10300532,0.5000085,0.0060622916
656,0.59601176,0.073062785,0.0808345,0.053211503,0.51517725,0.019851282
657,0.57327455,0.059243936,0.09041461,0.07181671,0.48285994,-0.0125727765
658,0.63692755,0.081175454,0.085925676,0.060991656,0.55100185,0.020183798
659,0.49649605,0.050744534,0.093495235,0.06412856,0.40300083,-0.013384029
660,0.5149691,0.050074935,0.07512279,0.04861104,0.43984634,0.0014638938
661,0.646194,0.049646888,0.11679936,0.07089747,0.5293946,-0.02125058
662,0.36235416,0.045137085,0.05340942,0.034780532,0.30894473,0.010356553
663,0.5417787,0.03967158,0.08702693,0.06116806,0.45475176,-0.021496478
664,0.3697158,0.06941274,0.048379365,0.03318221,0.32133645,0.036230527
665,0.5064187,0.06052282,0.09450595,0.065238096,0.41191274,-0.004715275
666,0.39965534,0.16194919,0.09769946,0.07563874,0.30195588,0.086310446
667,0.7053446,0.033553336,0.07208898,0.04044856,0.63325566,-0.0068952255
668,0.55109364,0.042576335,0.062440738,0.040431887,0.48865288,0.0021444485
669,0.51555914,0.057551175,0.064985566,0.04769111,0.45057356,0.009860065
670,0.43948117,0.09438391,0.07978503,0.058202382,0.35969615,0.036181528
671,0.50170964,0.036938053,0.07783675,0.056503944,0.4238729,-0.019565891
672,0.55423087,0.103463024,0.13469023,0.10107997,0.41954064,0.0023830533
673,0.73370916,0.112948716,0.12411328,0.08852349,0.6095959,0.024425223
674,0.20415783,0.039610825,0.044764213,0.031879257,0.15939361,0.007731568
675,0.5277509,0.057835583,0.08774642,0.0586898,0.4400045,-0.0008542165
676,0.47982678,0.02966214,0.06358121,0.040095307,0.41624558,-0.010433167
677,0.37767592,0.06250528,0.08522755,0.0650737,0.29244837,-0.0025684163
678,0.5715657,0.054557033,0.112461664,0.068948165,0.45910403,-0.014391132
679,0.64273745,0.09246447,0.119197465,0.08165421,0.52353996,0.010810256
680,0.53033847,0.046437804,0.06724045,0.049637645,0.46309802,-0.0031998418
681,0.6022814,0.09830691,0.13428141,0.09608171,0.468,0.0022251979
682,0.5944694,0.036350153,0.06116266,0.041099682,0.5333068,-0.004749529
683,0.5689735,0.033562932,0.07435283,0.047597047,0.49462065,-0.014034115
684,0.4304746,0.05345702,0.086858705,0.058839917,0.3436159,-0.0053828955
685,0.64726526,0.050628312,0.07364195,0.05084658,0.5736233,-0.00021826848
686,0.74286854,0.06631057,0.10132851,0.064374246,0.64154005,0.0019363239
687,0.5179226,0.07293424,0.10616588,0.072804704,0.4117567,0.0001295358
688,0.24711819,0.026341442,0.033650283,0.025622552,0.21346791,0.00071888976
689,0.65338767,0.05957444,0.08093122,0.060283054,0.5724565,-0.00070861354
690,0.45955408,0.06638484,0.10865205,0.08025166,0.35090202,-0.013866819
691,0.7433965,0.12230036,0.15707287,0.119693644,0.5863236,0.0026067123
692,0.53199047,0.027557865,0.06464702,0.039771333,0.46734345,-0.012213469
693,0.4845118,0.05072703,0.10388464,0.06535192,0.38062716,-0.01462489
694,0.67610073,0.08248544,0.12737739,0.09997799,0.54872334,-0.017492555
695,0.55748326,0.05769072,0.079678014,0.05464417,0.47780526,0.0030465499
696,0.32633573,0.05317865,0.07536765,0.057759896,0.25096807,-0.0045812465
697,0.5946785,0.06150803,0.105126455,0.070340045,0.48955208,-0.008832015
698,0.6474225,0.12697616,0.15980306,0.12141869,0.48761943,0.00555747
699,0.46067712,0.091642015,0.103308685,0.082903825,0.35736844,0.00873819
700,0.27484483,0.02646311,0.03854126,0.031192875,0.23630357,-0.0047297645
701,0.46009818,0.03965103,0.067910425,0.04525374,0.39218774,-0.00560271
702,0.21660317,0.044776317,0.04544432,0.031946987,0.17115885,0.01282933
703,0.5619224,0.062031735,0.08818773,0.056469526,0.47373465,0.0055622086
704,0.4718683,0.019933263,0.06991193,0.052180056,0.40195638,-0.03224679
705,0.65274763,0.06315202,0.116458654,0.08747632,0.536289,-0.024324298
706,0.64771205,0.043260258,0.07457537,0.05745845,0.5731367,-0.014198191
707,0.44426364,0.046210695,0.06825087,0.052686345,0.37601277,-0.00647565
708,0.5680346,0.030727962,0.07854754,0.051898077,0.48948705,-0.021170115
709,0.5328961,0.04007346,0.0581899,0.042484492,0.4747062,-0.0024110302
710,0.46325326,0.06669743,0.06280807,0.04865808,0.4004452,0.018039353
711,0.47825506,0.034557402,0.0748066,0.049039625,0.40344846,-0.0144822225
712,0.48311,0.10244599,0.13107686,0.10112317,0.35203314,0.0013228208
713,0.6547868,0.029807799,0.08349755,0.055551413,0.5712893,-0.025743615
714,0.5420269,0.067267016,0.08965575,0.063843414,0.45237112,0.0034236014
715,0.47575536,0.10314009,0.08569633,0.0695044,0.39005902,0.03363569
716,0.49948657,0.052566793,0.104085036,0.068820044,0.39540154,-0.016253252
717,0.53000855,0.048122484,0.09459152,0.058679722,0.43541703,-0.010557238
718,0.6075482,0.06901193,0.091245584,0.05904045,0.5163026,0.009971477
719,0.7213423,0.07917876,0.11057388,0.07470578,0.61076844,0.0044729784
720,0.58484006,0.051921878,0.10770218,0.07781719,0.47713786,-0.025895309
721,0.47290674,0.064280406,0.11791239,0.07579421,0.35499436,-0.011513807
722,0.42590827,0.052146196,0.08305512,0.05691844,0.34285313,-0.004772242
723,0.5693394,0.0798662,0.12522669,0.087831475,0.44411272,-0.007965274
724,0.669064,0.054761264,0.08906037,0.06043014,0.5800036,-0.005668875
725,0.40649235,0.02864982,0.060182672,0.038990527,0.3463097,-0.010340707
726,0.49039227,0.057050053,0.101593405,0.0699048,0.38879886,-0.012854744
727,0.47845393,0.022335673,0.043341506,0.030493371,0.43511242,-0.008157698
728,0.58125705,0.094551265,0.110531464,0.08159564,0.4707256,0.012955628
729,0.3272409,0.03701465,0.06094795,0.047970995,0.26629296,-0.010956347
730,0.572096,0.051208824,0.07646458,0.0498388,0.4956314,0.0013700239
731,0.41573286,0.02583807,0.059869763,0.043542195,0.3558631,-0.017704125
732,0.576009,0.07239128,0.07946423,0.05568462,0.49654475,0.01670666
733,0.52350605,0.07129534,0.10666506,0.07800025,0.41684097,-0.006704904
734,0.6443642,0.105465844,0.10275289,0.07613962,0.5416113,0.029326223
735,0.7022387,0.08269994,0.11493139,0.085623845,0.5873073,-0.0029239058
736,0.25119907,0.07546373,0.05843413,0.044520635,0.19276494,0.030943092
737,0.6838258,0.10554537,0.12351306,0.09168014,0.56031275,0.0138652325
738,0.6076208,0.033876948,0.0675452,0.043298602,0.5400756,-0.009421654
739,0.488299,0.07406623,0.08410444,0.068415016,0.40419456,0.005651213
740,0.6198309,0.078416,0.10488752,0.079418235,0.51494336,-0.0010022372
741,0.5452929,0.04706284,0.08291697,0.06269029,0.46237594,-0.015627448
742,0.53775364,0.070412904,0.1188922,0.083911315,0.41886145,-0.013498411
743,0.5721928,0.110427715,0.13068485,0.09565238,0.44150794,0.014775336
744,0.5235491,0.06538834,0.09712872,0.07267673,0.42642036,-0.0072883964
745,0.51476103,0.06829057,0.07073991,0.04945198,0.4440211,0.018838588
746,0.526402,0.06410482,0.09877423,0.07532342,0.42762777,-0.0112186
747,0.34903786,0.009237199,0.031806722,0.0178724,0.31723112,-0.0086352015
748,0.58459216,0.05211304,0.095295936,0.06811283,0.48929623,-0.015999787
749,0.3069822,0.0051128087,0.0325274,0.02589565,0.2744548,-0.020782841
750,0.30913508,0.01685943,0.055411395,0.039801348,0.25372368,-0.022941917
751,0.6041997,0.037444446,0.066699,0.049578473,0.53750074,-0.012134027
752,0.44558018,0.04023639,0.09416595,0.061151266,0.35141423,-0.020914875
753,0.22783238,0.08188104,0.050701022,0.027912822,0.17713135,0.053968217
754,0.52512133,0.047743164,0.06929125,0.051950656,0.4558301,-0.004207492
755,0.62851644,0.050399065,0.09252681,0.061235815,0.53598964,-0.01083675
756,0.37880698,0.033233162,0.060552347,0.040992275,0.31825462,-0.007759113
757,0.44053137,0.09568553,0.08590433,0.06457209,0.35462704,0.031113438
758,0.5019842,0.056972824,0.09359959,0.07144931,0.4083846,-0.014476486
759,0.25979075,0.034358557,0.06358509,0.040625617,0.19620566,-0.0062670596
760,0.5017634,0.099151045,0.096440166,0.07704501,0.40532324,0.022106037
761,0.23111655,0.04648692,0.0794988,0.057879753,0.15161775,-0.011392832
762,0.5945052,0.08113619,0.11802544,0.08401244,0.47647977,-0.002876252
763,0.61816424,0.06732138,0.102509506,0.07406128,0.51565474,-0.0067398995
764,0.6259969,0.06955029,0.10331544,0.08240518,0.5226815,-0.012854889
765,0.5445474,0.09172651,0.10007055,0.06796983,0.44447684,0.023756683
766,0.37737456,0.066485755,0.074214146,0.055378664,0.30316043,0.011107091
767,0.47491232,0.08112107,0.07624445,0.05004578,0.39866787,0.031075291
768,0.65482146,0.079528876,0.11232863,0.08509853,0.5424928,-0.0055696517
769,0.5859324,0.016743008,0.07082409,0.05275985,0.5151083,-0.03601684
770,0.4788757,0.09767258,0.11225054,0.07888912,0.36662516,0.018783465
771,0.55708396,0.086514555,0.09343197,0.062799886,0.46365198,0.023714669
772,0.6436415,0.098335624,0.08598164,0.059634995,0.55765986,0.03870063
773,0.6379632,0.06546313,0.09788036,0.0709749,0.5400828,-0.005511768
774,0.53082967,0.10629455,0.10955043,0.07176611,0.42127925,0.03452844
775,0.5335793,0.058675036,0.08733572,0.06578209,0.44624358,-0.0071070567
776,0.7014931,0.07607764,0.09519686,0.06799126,0.60629624,0.008086383
777,0.6255167,0.05373951,0.07305262,0.058126982,0.55246407,-0.004387472
778,0.41494355,0.052530523,0.10081297,0.07360763,0.31413057,-0.021077108
779,0.5388483,0.054541975,0.0753649,0.053778958,0.4634834,0.0007630177
780,0.4082636,0.071050495,0.08825931,0.058573566,0.32000428,0.0124769285
781,0.5931303,0.08387332,0.11870551,0.08436151,0.47442478,-0.00048819184
782,0.4123771,0.07096485,0.109678194,0.07785994,0.3026989,-0.0068950877
783,0.546167,0.049006082,0.08486659,0.06481778,0.46130043,-0.015811697
784,0.44718695,0.03541864,0.046076465,0.03891383,0.40111047,-0.0034951903
785,0.46070704,0.08840924,0.096813954,0.073474534,0.3638931,0.014934704
786,0.646444,0.054954063,0.08023276,0.054925915,0.5662113,2.8148293e-05
787,0.37141028,0.04949502,0.059653986,0.044638023,0.31175628,0.0048569962
788,0.47454327,0.06495003,0.08104392,0.05354363,0.39349934,0.011406396
789,0.57504547,0.08048343,0.06843064,0.054646954,0.5066148,0.025836475
790,0.38220516,0.034966346,0.06380256,0.04729335,0.3184026,-0.012327004
791,0.332689,0.052713662,0.054149836,0.039244458,0.27853915,0.013469204
792,0.4015332,0.12710829,0.06352135,0.047861613,0.33801183,0.07924668
793,0.42953673,0.08190483,0.10439015,0.07474908,0.3251466,0.007155746
794,0.6315766,0.07475519,0.12001445,0.08471148,0.51156217,-0.009956285
795,0.4569917,0.09752382,0.078928985,0.054735314,0.37806273,0.04278851
796,0.49251568,0.04001436,0.08014967,0.051076483,0.412366,-0.011062123
797,0.5115682,0.014069303,0.07607132,0.05401478,0.43549687,-0.039945476
798,0.5526843,0.09856618,0.113510415,0.08096817,0.43917388,0.01759801
799,0.40594745,0.056299392,0.088474005,0.066453405,0.31747344,-0.010154013
800,0.589602,0.06370599,0.10236678,0.076115,0.48723522,-0.012409009
801,0.68423194,0.07623902,0.082204044,0.0582116,0.6020279,0.018027421
802,0.5828322,0.09907556,0.12698762,0.095686324,0.45584458,0.0033892393
803,0.31301296,0.02919817,0.03574996,0.022262655,0.277263,0.0069355145
804,0.67653006,0.10891881,0.10096057,0.07425145,0.5755695,0.034667358
805,0.42524526,0.013336359,0.039676547,0.028239565,0.3855687,-0.014903206
806,0.3007655,0.044680897,0.053898692,0.037877604,0.24686682,0.006803293
807,0.6309863,0.09633792,0.12989621,0.092358716,0.50109005,0.003979206
808,0.53639853,0.07688399,0.09702965,0.06999943,0.43936887,0.00688456
809,0.45961902,0.102633275,0.07931487,0.05480093,0.38030416,0.047832344
810,0.40225998,0.06666135,0.08523116,0.0562428,0.31702882,0.010418549
811,0.47401002,0.03452338,0.06706792,0.037626147,0.4069421,-0.0031027682
812,0.5346696,0.06736748,0.104752086,0.07941988,0.42991748,-0.012052402
813,0.7205618,0.13529682,0.16718177,0.12400904,0.55338,0.011287779
814,0.46827698,0.075979516,0.09284104,0.059520233,0.37543595,0.016459282
815,0.28298908,0.0039829975,0.06624043,0.040264387,0.21674865,-0.03628139
816,0.5811488,0.037119977,0.05714101,0.04542789,0.5240078,-0.008307911
817,0.4598634,0.017030925,0.04266953,0.030222068,0.41719386,-0.013191143
818,0.5133991,0.067763075,0.089290455,0.061301485,0.42410868,0.0064615905
819,0.41340938,0.030955685,0.037083834,0.025476336,0.37632555,0.005479349
820,0.517685,0.03840357,0.06279882,0.0330695,0.45488617,0.005334072
821,0.7006163,0.056997016,0.116239436,0.07734316,0.5843769,-0.020346142
822,0.20365538,0.035548456,0.026040306,0.021123685,0.17761508,0.014424771
823,0.4610974,0.053606655,0.09562549,0.061307725,0.3654719,-0.007701069
824,0.49264237,0.05148679,0.08403243,0.056487832,0.40860993,-0.005001042
825,0.47008264,0.069096245,0.055754665,0.041755084,0.41432798,0.02734116
826,0.6056019,0.08242046,0.10139778,0.07400366,0.50420415,0.008416802
827,0.5045246,0.07161836,0.098648965,0.07269909,0.40587562,-0.0010807291
828,0.5029119,0.08771329,0.11420064,0.082620144,0.38871127,0.0050931424
829,0.4249235,0.049379837,0.067961805,0.049730476,0.3569617,-0.00035063922
830,0.5747583,0.042683978,0.076074146,0.048674688,0.49868414,-0.00599071
831,0.562285,0.060271632,0.086521976,0.0587759,0.47576302,0.0014957301
832,0.5313807,0.044650838,0.12499861,0.08409949,0.4063821,-0.03944865
833,0.61970705,0.034831353,0.07748805,0.051575758,0.542219,-0.016744405
834,0.35447624,0.0481618,0.056889363,0.038717236,0.2975869,0.009444565
835,0.41339198,0.078652196,0.08974745,0.07061082,0.32364452,0.008041374
836,0.3874174,0.040905852,0.07453133,0.057192426,0.31288606,-0.016286574
837,0.48564667,0.05001478,0.097900756,0.064432696,0.38774592,-0.014417917
838,0.56486005,0.049000576,0.07556604,0.05692514,0.489294,-0.007924564
839,0.6636224,0.12036826,0.14675438,0.10595135,0.516868,0.014416911
840,0.54975736,0.060167413,0.084012605,0.066337235,0.46574476,-0.006169822
841,0.42489442,0.07253684,0.06951216,0.048943184,0.35538226,0.023593657
842,0.5572203,0.10718277,0.13504638,0.10138891,0.42217392,0.005793862
843,0.6154933,0.06417493,0.09998696,0.0648063,0.5155063,-0.00063136965
844,0.5732948,0.06356931,0.10049674,0.072144,0.47279808,-0.008574694
845,0.5076513,0.08370199,0.080792114,0.06397448,0.4268592,0.019727513
846,0.5377963,0.025188211,0.07941369,0.059964344,0.45838264,-0.034776133
847,0.4604526,0.067449085,0.08595041,0.056556214,0.37450218,0.010892872
848,0.5302598,0.11162792,0.10729857,0.07364229,0.42296124,0.03798563
849,0.5895765,0.18127722,0.14506365,0.11207602,0.44451284,0.069201194
850,0.65112627,0.07856716,0.101318404,0.07291772,0.54980785,0.00564944
851,0.48811162,0.088080294,0.11284172,0.07540133,0.3752699,0.012678966
852,0.39164945,0.028974198,0.08256436,0.05927024,0.3090851,-0.030296043
853,0.6606355,0.1304866,0.11834696,0.07752251,0.54228854,0.052964084
854,0.50192255,0.07181377,0.10999875,0.070718415,0.3919238,0.0010953546
855,0.6517973,0.07078121,0.10061882,0.067332886,0.55117846,0.0034483224
856,0.6376785,0.0819187,0.11439144,0.075379826,0.52328706,0.0065388754
857,0.62068754,0.0954114,0.1462256,0.11084474,0.47446194,-0.015433341
858,0.6092302,0.07458471,0.13079338,0.082276955,0.47843683,-0.0076922476
859,0.4722629,0.04199075,0.06549785,0.043064997,0.40676504,-0.0010742471
860,0.5582049,0.10469941,0.089087695,0.066357754,0.4691172,0.038341656
861,0.59788275,0.077063225,0.10566411,0.070489734,0.49221864,0.006573491
862,0.42992634,0.03510062,0.05437127,0.03851919,0.37555507,-0.0034185685
863,0.6450282,0.10661639,0.13512912,0.10062831,0.509899,0.005988084
864,0.5836956,0.057515077,0.09566056,0.05929615,0.48803502,-0.0017810725
865,0.48601326,0.06798345,0.06926614,0.043016303,0.41674712,0.024967145
866,0.39274347,0.04162835,0.09121858,0.06608426,0.30152488,-0.024455909
867,0.5059475,0.05298116,0.10775661,0.07099008,0.39819086,-0.018008918
868,0.35500365,0.03641739,0.068163574,0.04150242,0.28684008,-0.0050850287
869,0.7021962,0.079167806,0.10592154,0.07012435,0.5962746,0.009043455
870,0.52945983,0.044542078,0.051388968,0.036643542,0.47807086,0.007898536
871,0.6995968,0.06312495,0.122105144,0.077553175,0.5774917,-0.014428228
872,0.46114138,0.036542173,0.083297275,0.052445978,0.3778441,-0.015903804
873,0.42279518,0.07878525,0.10316896,0.079021975,0.3196262,-0.0002367273
874,0.47906458,0.07331126,0.08993229,0.06426737,0.3891323,0.009043895
875,0.36737508,0.04566876,0.06418042,0.042508002,0.30319464,0.003160756
876,0.6262122,0.10356689,0.13200861,0.09390535,0.49420357,0.00966154
877,0.40652412,0.06830883,0.078714155,0.05114206,0.32780996,0.017166771
878,0.567964,0.036320228,0.055976428,0.04025067,0.51198757,-0.003930442
879,0.5130597,0.06009558,0.078657635,0.052868642,0.43440205,0.0072269365
880,0.4544888,0.04690647,0.048906565,0.037955225,0.40558225,0.008951247
881,0.45001402,0.03097479,0.04829213,0.037417315,0.4017219,-0.0064425245
882,0.6448571,0.08303974,0.10810357,0.07244453,0.53675354,0.01059521
883,0.3628402,0.0592751,0.102213524,0.06744094,0.26062667,-0.008165844
884,0.4711809,0.033592794,0.059881505,0.039190207,0.41129938,-0.0055974126
885,0.64040744,0.11810744,0.10585103,0.08081736,0.5345564,0.03729008
886,0.35934535,0.059410147,0.08567777,0.05974026,0.27366757,-0.00033011287
887,0.5281986,0.043146923,0.07665871,0.0543255,0.45153987,-0.011178575
888,0.38088134,0.02903311,0.070049725,0.04473438,0.3108316,-0.015701272
889,0.63080347,0.05157132,0.09141118,0.057234656,0.5393923,-0.0056633353
890,0.6478406,0.07302915,0.087823585,0.065680474,0.56001705,0.007348679
891,0.44617096,0.016088683,0.035111193,0.022047304,0.41105977,-0.0059586205
892,0.511426,0.048600707,0.08153933,0.057546288,0.42988664,-0.008945581
893,0.48312083,0.086051404,0.11542374,0.08344702,0.3676971,0.0026043877
894,0.4898379,0.04709501,0.08019096,0.059103847,0.40964696,-0.012008838
895,0.55999917,0.056682564,0.07656766,0.054213095,0.48343152,0.0024694689
896,0.6456766,0.0983849,0.11726239,0.08284933,0.52841425,0.015535571
897,0.4505071,0.04672906,0.09070792,0.06205102,0.35979918,-0.015321959
898,0.56745297,0.10829761,0.13043034,0.09693077,0.43702263,0.011366837
899,0.54078776,0.15696491,0.15834701,0.12343183,0.38244075,0.03353308
900,0.54973215,0.12999825,0.12555945,0.092463076,0.4241727,0.037535176
901,0.3415889,0.11364175,0.09724119,0.06733181,0.24434772,0.046309933
902,0.66892725,0.09826613,0.11425867,0.07441864,0.5546686,0.02384749
903,0.47446644,0.05527101,0.07233771,0.051766384,0.40212873,0.0035046265
904,0.3508571,0.013342497,0.049339954,0.0336362,0.30151716,-0.020293705
905,0.57620734,0.08139569,0.11953047,0.08394244,0.45667687,-0.00254675
906,0.5300823,0.07935474,0.13068932,0.08702838,0.39939296,-0.007673636
907,0.52395403,0.022067657,0.07060458,0.044950724,0.45334947,-0.022883067
908,0.7066275,0.093556166,0.15073752,0.11229577,0.55588996,-0.018739603
909,0.5740046,0.019958224,0.07652791,0.055849966,0.4974767,-0.03589174
910,0.52566606,0.05618408,0.084153794,0.05567273,0.44151226,0.00051134825
911,0.5096415,0.046517048,0.09155246,0.06671017,0.41808906,-0.020193119
912,0.5123219,0.0625849,0.096038654,0.06682379,0.41628325,-0.0042388886
913,0.5271373,0.028855113,0.055376325,0.039675377,0.47176096,-0.010820264
914,0.80700135,0.1029384,0.15879692,0.111690626,0.64820445,-0.008752227
915,0.56288517,0.09624784,0.109484956,0.07982532,0.4534002,0.016422518
916,0.4712878,0.046535574,0.0915977,0.064452365,0.37969008,-0.017916791
917,0.58852595,0.07505202,0.11006648,0.06879574,0.47845948,0.0062562823
918,0.49721372,0.03494447,0.088663064,0.05936124,0.40855065,-0.02441677
919,0.52080935,0.073844515,0.0785664,0.050530717,0.44224295,0.023313798
920,0.40977794,0.033048045,0.06744232,0.050593868,0.3423356,-0.017545823
921,0.5385282,0.07348404,0.07447886,0.053354014,0.46404934,0.020130027
922,0.3660601,0.045163102,0.04430666,0.032748893,0.32175344,0.01241421
923,0.61906195,0.106706455,0.14995413,0.10428821,0.4691078,0.0024182424
924,0.50253403,0.023918653,0.061509274,0.043181676,0.44102475,-0.019263024
925,0.5097397,0.029649943,0.06130043,0.03921906,0.44843927,-0.009569116
926,0.62973034,0.063838035,0.11066821,0.083270445,0.51906216,-0.01943241
927,0.52448606,0.06388187,0.08752331,0.062340602,0.43696275,0.0015412644
928,0.52985567,0.07057231,0.09515038,0.06756175,0.4347053,0.003010556
929,0.4975975,0.04846138,0.065213315,0.0485809,0.43238416,-0.00011951849
930,0.4273415,0.10186925,0.12235768,0.098316155,0.3049838,0.0035530925
931,0.52180797,0.0725287,0.09845471,0.06545975,0.42335325,0.007068947
932,0.51489323,0.060370136,0.08808456,0.07011531,0.42680866,-0.009745177
933,0.38889533,0.04065897,0.065101504,0.046174046,0.32379383,-0.005515076
934,0.47966537,0.08685073,0.08032932,0.053620577,0.39933604,0.033230156
935,0.50959164,0.06091972,0.09197582,0.069043964,0.41761583,-0.0081242435
936,0.3459193,0.047272664,0.056364384,0.037627235,0.28955492,0.0096454285
937,0.5699948,0.05707635,0.08812749,0.062017564,0.4818673,-0.004941214
938,0.68819577,0.049609143,0.07827551,0.057769913,0.60992026,-0.00816077
939,0.67846996,0.086396724,0.1314486,0.0981572,0.5470214,-0.011760473
940,0.6481521,0.10230982,0.11530024,0.08641269,0.5328519,0.015897132
941,0.46315792,0.07766767,0.107269295,0.068524584,0.35588863,0.009143084
942,0.37509793,0.056009274,0.07043412,0.052501727,0.3046638,0.003507547
943,0.5665094,0.08865538,0.13942887,0.105938464,0.42708057,-0.017283082
944,0.51248205,0.07242323,0.097143106,0.07198393,0.41533893,0.00043929368
945,0.43404126,0.048368193,0.07193447,0.052854832,0.3621068,-0.004486639
946,0.4712707,0.038803175,0.057140924,0.04215067,0.4141298,-0.0033474937
947,0.6004296,0.069426425,0.10858342,0.066725045,0.49184617,0.0027013794
948,0.5660175,0.059378028,0.07748327,0.053500358,0.48853424,0.00587767
949,0.51895934,0.08498194,0.10814041,0.072281614,0.41081893,0.012700327
950,0.53246284,0.06501285,0.10208581,0.06858554,0.43037704,-0.0035726875
951,0.40303168,0.06885731,0.09038347,0.062762044,0.3126482,0.006095268
952,0.430793,0.023721397,0.06677223,0.045949865,0.36402076,-0.022228468
953,0.63581556,0.086921826,0.14711413,0.097647056,0.48870143,-0.01072523
954,0.5728816,0.07705777,0.11318997,0.067983605,0.4596916,0.009074166
955,0.4552236,0.06137569,0.067111075,0.052165266,0.38811252,0.009210423
956,0.58779263,0.05950638,0.083709516,0.060694817,0.5040831,-0.0011884384
957,0.40635595,0.031901646,0.09036077,0.0556718,0.3159952,-0.023770154
958,0.5821301,0.0728938,0.074057706,0.047209855,0.5080724,0.025683943
959,0.570035,0.018459661,0.050728492,0.034960065,0.5193065,-0.016500404
960,0.5870666,0.05524607,0.08726502,0.058480196,0.49980158,-0.0032341257
961,0.4447052,0.052958515,0.079183035,0.057055335,0.36552215,-0.004096821
962,0.57580763,0.06186224,0.0850658,0.061188217,0.49074185,0.0006740242
963,0.6328188,0.05214907,0.0738802,0.055626303,0.5589386,-0.0034772344
964,0.46643275,0.048116777,0.07263947,0.052863285,0.39379328,-0.004746508
965,0.5314407,0.08914877,0.11469072,0.0893415,0.41674995,-0.00019273162
966,0.5166823,0.077501446,0.10528141,0.076388896,0.4114009,0.0011125505
967,0.645565,0.05963987,0.096515626,0.07163557,0.5490494,-0.0119956955
968,0.32637066,0.057764255,0.073425025,0.048876915,0.25294563,0.008887339
969,0.4497739,0.09929281,0.08477683,0.060782574,0.3649971,0.038510233
970,0.65214777,0.043502536,0.08198107,0.053512074,0.5701667,-0.010009538
971,0.32805482,0.03435418,0.063890435,0.04709927,0.2641644,-0.01274509
972,0.36971408,0.056910798,0.08288012,0.05502139,0.28683397,0.0018894076
973,0.6354283,0.030218238,0.08415722,0.04943734,0.5512711,-0.019219102
974,0.5991253,0.10347772,0.08564953,0.06716153,0.5134758,0.036316186
975,0.44214898,0.03907953,0.079244964,0.058592133,0.362904,-0.019512605
976,0.4586934,0.04508543,0.07906981,0.055751923,0.3796236,-0.010666493
977,0.49688816,0.066372626,0.07700654,0.057148185,0.4198816,0.009224441
978,0.49344486,0.05623991,0.059205122,0.04312606,0.43423975,0.013113849
979,0.3986474,0.042507626,0.07782221,0.05834845,0.3208252,-0.015840825
980,0.4549783,0.06525497,0.10707364,0.07054928,0.34790465,-0.005294308
981,0.45443237,0.051367026,0.085670136,0.06269136,0.36876222,-0.011324335
982,0.5855664,0.0909215,0.09074807,0.057313394,0.49481833,0.033608105
983,0.49654207,0.12011116,0.16386272,0.11009515,0.33267933,0.010016009
984,0.563635,0.06694997,0.09384658,0.075869456,0.4697884,-0.008919485
985,0.7570914,0.10124174,0.13703442,0.10880691,0.620057,-0.0075651705
986,0.6059524,0.10910264,0.1334125,0.10190074,0.4725399,0.007201895
987,0.47820655,0.05177777,0.068051696,0.043232113,0.41015485,0.008545656
988,0.53170335,0.028960735,0.08910756,0.06204151,0.44259578,-0.033080775
989,0.46512386,0.09864513,0.13231538,0.08939598,0.3328085,0.009249151
990,0.46069396,0.04929544,0.08726778,0.059780408,0.37342617,-0.010484967
991,0.49155477,0.0340716,0.06953979,0.04776132,0.42201498,-0.013689723
992,0.61963505,0.08392574,0.11314791,0.08504976,0.50648713,-0.0011240244
993,0.4388563,0.049828935,0.090220906,0.053087715,0.3486354,-0.0032587796
994,0.5408913,0.08083054,0.08167761,0.06094205,0.45921367,0.019888487
995,0.5860639,0.070586346,0.09193144,0.066136256,0.4941325,0.00445009
996,0.47489697,0.08502842,0.07478843,0.053738758,0.40010855,0.03128966
997,0.44442746,0.031668443,0.061351214,0.042341847,0.38307625,-0.010673404
998,0.50462097,0.031732697,0.060562506,0.042118017,0.44405848,-0.01038532
999,0.29630506,0.054798838,0.07350633,0.051449798,0.22279873,0.0033490397
1000,0.4313065,0.058789592,0.07335209,0.04782741,0.3579544,0.010962181
1001,0.6520689,0.112680994,0.14939731,0.110235244,0.5026716,0.00244575
1002,0.265552,-0.00590847,0.057910353,0.038600832,0.20764166,-0.044509303
1003,0.6003305,0.05675606,0.087626256,0.056621443,0.5127042,0.00013461709
1004,0.5273452,0.052470855,0.06484883,0.044260122,0.46249634,0.0082107335
1005,0.6028563,0.030917974,0.10961794,0.06735992,0.49323833,-0.036441945
1006,0.5181326,0.07713608,0.08464349,0.057217695,0.43348914,0.019918382
1007,0.6601595,0.07676376,0.106135234,0.07944521,0.5540243,-0.0026814565
1008,0.65302825,0.049740717,0.060698044,0.043316234,0.5923302,0.006424483
1009,0.6703333,0.15360346,0.20001988,0.14888778,0.47031343,0.004715681
1010,0.52977043,0.06141462,0.08507113,0.061694656,0.4446993,-0.0002800338
1011,0.7414688,0.05962551,0.07951732,0.054069966,0.6619515,0.005555544
1012,0.25945348,0.049384147,0.061649986,0.044214744,0.1978035,0.005169403
1013,0.41876826,0.04234778,0.04738639,0.03623564,0.37138188,0.0061121397
1014,0.6412655,0.16579281,0.14589687,0.11168788,0.49536866,0.05410493
1015,0.45356783,0.03168856,0.08870923,0.06048353,0.3648586,-0.02879497
1016,0.5716152,0.036296435,0.075387046,0.047207907,0.49622816,-0.010911472
1017,0.42956564,0.049566593,0.059163723,0.043994892,0.37040192,0.0055717006
1018,0.5046625,0.07791186,0.105191715,0.071114965,0.3994708,0.0067968965
1019,0.63057745,0.068003766,0.105663404,0.06981674,0.524914,-0.0018129721
1020,0.5193397,0.0645052,0.12602797,0.09276503,0.3933117,-0.028259836
1021,0.48489517,0.060552422,0.08507585,0.06179343,0.3998193,-0.0012410097
1022,0.3802027,0.02123946,0.041448884,0.031465538,0.33875382,-0.010226078
1023,0.5636374,0.08048225,0.10717134,0.08188241,0.45646602,-0.0014001578
1024,0.49492013,0.020403424,0.095277965,0.059713982,0.39964217,-0.03931056
1025,0.5999078,0.20866239,0.16718167,0.10741864,0.43272614,0.10124375
1026,0.25460437,0.027113868,0.033814203,0.022845283,0.22079016,0.004268585
1027,0.41370985,0.029754149,0.0750088,0.044126514,0.33870104,-0.014372366
1028,0.53308636,0.05304921,0.09269192,0.063103676,0.44039443,-0.010054465
1029,0.3404345,0.026575781,0.058760423,0.04593483,0.28167406,-0.019359048
1030,0.37797138,0.017351853,0.06245361,0.044238128,0.31551778,-0.026886275
1031,0.7081502,0.0058003454,0.08114817,0.0538204,0.62700206,-0.048020057
1032,0.65925175,0.087113686,0.10630605,0.080775805,0.5529457,0.006337881
1033,0.5748408,0.041750077,0.106230915,0.07401659,0.46860987,-0.032266516
1034,0.5675458,0.060640674,0.09299868,0.060261894,0.4745471,0.00037878007
1035,0.5318798,0.07763318,0.11002715,0.07922194,0.42185265,-0.0015887618
1036,0.52211493,0.052345067,0.13506313,0.08272887,0.38705182,-0.030383803
1037,0.51469076,0.024634274,0.05923911,0.03983681,0.45545164,-0.015202535
1038,0.6420747,0.12364431,0.13517132,0.09022332,0.5069034,0.033420987
1039,0.3308521,0.14908384,0.052524284,0.029429877,0.27832782,0.11965396
1040,0.6862021,0.08067844,0.10909778,0.085327186,0.57710433,-0.004648745
1041,0.35212648,0.053541884,0.09276614,0.06939117,0.25936034,-0.015849285
1042,0.6157029,0.107407205,0.14119269,0.09674894,0.47451025,0.010658264
1043,0.5743404,0.0748192,0.103364736,0.076442346,0.47097567,-0.0016231462
1044,0.47956803,0.028904017,0.06873631,0.04231546,0.41083172,-0.013411444
1045,0.5816794,0.083263375,0.10975569,0.07774685,0.4719237,0.0055165216
1046,0.46965885,0.06547414,0.08390805,0.06674088,0.3857508,-0.0012667403
1047,0.63479596,0.06738178,0.10069849,0.06855978,0.5340975,-0.0011780038
1048,0.43168172,0.08307624,0.09993114,0.06896135,0.33175057,0.0141148865
1049,0.48252654,0.056523185,0.072251156,0.044279475,0.4102754,0.01224371
1050,0.6408558,0.053428974,0.10354669,0.065836325,0.5373091,-0.012407351
1051,0.6827728,0.10009398,0.1338694,0.093504846,0.5489034,0.006589137
1052,0.5653031,0.051383775,0.08611338,0.058277763,0.4791897,-0.0068939887
1053,0.4279842,0.053589735,0.08134603,0.059089538,0.34663817,-0.0054998025
1054,0.35779417,0.016918875,0.04885977,0.033007335,0.3089344,-0.01608846
1055,0.36204752,0.0628545,0.070918605,0.052941274,0.29112893,0.009913225
1056,0.31981513,0.015066269,0.035020124,0.024107762,0.28479502,-0.009041493
1057,0.5446262,0.037694916,0.052936856,0.037448857,0.49168932,0.00024605915
1058,0.67343706,0.11760441,0.11951133,0.085204154,0.55392575,0.032400258
1059,0.47651505,0.02868765,0.08843697,0.056694716,0.3880781,-0.028007066
1060,0.6486202,0.110113226,0.126554,0.086063184,0.5220662,0.024050042
1061,0.49156997,0.06456743,0.103065245,0.06840817,0.3885047,-0.003840737
1062,0.41679114,0.05504701,0.07490302,0.051359683,0.34188813,0.0036873259
1063,0.5598728,0.05266024,0.08860817,0.06037664,0.47126463,-0.0077163987
1064,0.5814312,0.07761227,0.13509604,0.095547885,0.44633517,-0.017935611
1065,0.43389562,0.036425535,0.060709286,0.039047983,0.37318632,-0.002622448
1066,0.3518399,0.03452709,0.059209276,0.041096006,0.2926306,-0.006568916
1067,0.524283,0.058863685,0.089597814,0.06508583,0.43468517,-0.006222144
1068,0.27867043,0.04577315,0.0569564,0.037466254,0.22171403,0.008306894
1069,0.5653224,0.042106304,0.06812463,0.051051922,0.49719778,-0.008945618
1070,0.64938444,0.07200119,0.12390822,0.08167159,0.5254762,-0.009670399
1071,0.4298928,0.040180232,0.057171892,0.037899073,0.37272093,0.0022811592
1072,0.6005658,0.07840089,0.10812625,0.07726828,0.49243954,0.0011326075
1073,0.37399235,0.12026057,0.1058175,0.0677661,0.26817486,0.052494466
1074,0.48769704,0.09563119,0.107881546,0.07671525,0.3798155,0.018915936
1075,0.5153726,0.026011093,0.04865118,0.030354442,0.4667214,-0.0043433495
1076,0.6035426,0.051026225,0.100679114,0.060888004,0.5028635,-0.0098617785
1077,0.40036726,0.0634493,0.061601415,0.043640874,0.33876586,0.019808426
1078,0.4031655,0.05183569,0.08268281,0.05550793,0.32048267,-0.0036722422
1079,0.64395905,0.0787856,0.10642438,0.07378381,0.53753465,0.005001791
1080,0.65381813,0.049901213,0.08668406,0.059880517,0.5671341,-0.009979304
1081,0.42689896,0.027887503,0.057483997,0.040139828,0.36941496,-0.012252325
1082,0.5232779,0.088269316,0.10332447,0.07839428,0.4199534,0.009875037
1083,0.49166822,0.03989937,0.06694377,0.042995106,0.42472446,-0.0030957349
1084,0.5845156,0.046014756,0.09576433,0.06395558,0.48875123,-0.017940827
1085,0.44338867,0.04994754,0.07760955,0.054159485,0.36577913,-0.0042119436
1086,0.4754619,0.056145936,0.09769171,0.06913386,0.3777702,-0.012987927
1087,0.5773939,0.036843915,0.08913581,0.05630949,0.48825806,-0.019465577
1088,0.35768446,0.05070929,0.07533249,0.053514913,0.28235197,-0.0028056242
1089,0.48354584,0.077610865,0.09965477,0.074907914,0.38389108,0.0027029514
1090,0.6360784,0.064538725,0.11024481,0.06975491,0.5258336,-0.0052161887
1091,0.39131647,0.020203812,0.080401346,0.051140297,0.3109151,-0.030936485
1092,0.80009085,0.08091636,0.11349556,0.08589573,0.6865953,-0.004979372
1093,0.7056495,0.07485977,0.107318535,0.069231585,0.598331,0.0056281835
1094,0.5545544,0.0132697355,0.04977529,0.029019095,0.5047791,-0.01574936
1095,0.5332607,0.09337587,0.086302385,0.05600172,0.4469583,0.03737415
1096,0.61008316,0.107964166,0.13993363,0.097847044,0.47014952,0.010117121
1097,0.38590008,0.04896802,0.069725975,0.05042851,0.3161741,-0.0014604889
1098,0.36813214,0.052230485,0.07508955,0.055776116,0.2930426,-0.0035456307
1099,0.43391332,0.075732335,0.09873081,0.068003014,0.33518252,0.0077293217
1100,0.35138348,0.013930722,0.06569442,0.04382966,0.28568906,-0.029898938
1101,0.50181603,0.02112962,0.08276784,0.049027096,0.4190482,-0.027897477
1102,0.7030647,0.11862213,0.14535932,0.097411364,0.55770534,0.021210767
1103,0.4246666,0.063331574,0.0817121,0.05987511,0.34295452,0.003456466
1104,0.6439917,0.13423543,0.13455959,0.10267535,0.50943214,0.03156008
1105,0.509012,0.05841728,0.07845589,0.053952836,0.4305561,0.004464444
1106,0.54503405,0.06116194,0.13066524,0.06788066,0.4143688,-0.0067187212
1107,0.40407637,0.032578412,0.072808705,0.04964852,0.33126765,-0.017070107
1108,0.7277753,0.10255151,0.14644402,0.10341249,0.58133125,-0.0008609742
1109,0.5181171,0.07684938,0.09114566,0.05863698,0.4269714,0.0182124
1110,0.5317089,0.066779844,0.065364845,0.04929721,0.46634406,0.017482635
1111,0.5450074,0.069384895,0.11668696,0.081502154,0.42832044,-0.012117259
1112,0.5530914,0.03352042,0.072095536,0.05127846,0.48099586,-0.017758042
1113,0.24262232,0.030419676,0.05194236,0.03483979,0.19067995,-0.0044201147
1114,0.35417157,0.026789797,0.058702126,0.035571996,0.29546946,-0.008782199
1115,0.5150884,0.06904058,0.09047011,0.0639113,0.42461827,0.005129285
1116,0.45125628,0.04695379,0.07523643,0.05245258,0.37601984,-0.0054987893
1117,0.5222096,0.05047331,0.06632669,0.04552943,0.4558829,0.004943881
1118,0.46314105,0.05176422,0.07699259,0.051000156,0.38614845,0.0007640645
1119,0.20683129,0.005513642,0.05223931,0.038865913,0.15459198,-0.03335227
1120,0.24071643,0.025350448,0.05222469,0.032241452,0.18849173,-0.0068910047
1121,0.44755632,0.054419603,0.09250262,0.06405518,0.3550537,-0.009635579
1122,0.63960475,0.068871014,0.090461485,0.060787335,0.54914325,0.008083679
1123,0.6609027,0.026344663,0.09241509,0.065057814,0.5684876,-0.03871315
1124,0.45964763,0.078628704,0.093608074,0.06697347,0.36603954,0.011655234
1125,0.33756158,0.009173776,0.06884742,0.046003018,0.26871416,-0.03682924
1126,0.49722484,0.05874523,0.08053957,0.05944244,0.41668528,-0.0006972067
1127,0.62365174,0.046406794,0.092347994,0.062329933,0.53130376,-0.015923139
1128,0.17947441,0.009259407,0.022899447,0.016437257,0.15657496,-0.0071778493
1129,0.583062,0.06373658,0.110365935,0.07273603,0.47269607,-0.008999452
1130,0.50454754,0.10101528,0.10378217,0.074736044,0.40076536,0.026279233
1131,0.6953465,0.05088381,0.113362186,0.08168301,0.5819843,-0.030799199
1132,0.60795677,0.08296577,0.10632652,0.08513481,0.50163025,-0.0021690428
1133,0.6725628,0.09164518,0.13250495,0.09022894,0.54005784,0.0014162436
1134,0.72354645,0.13061462,0.16242471,0.116586834,0.5611217,0.014027789
1135,0.49056754,0.057402276,0.06697193,0.045113627,0.4235956,0.012288649
1136,0.68206525,0.08462393,0.10401453,0.06894121,0.57805073,0.01568272
1137,0.36401078,0.024317987,0.062284723,0.043031886,0.30172604,-0.018713899
1138,0.3929418,0.06449719,0.06537339,0.051591,0.3275684,0.012906186
1139,0.43554878,0.050836664,0.063338585,0.04489779,0.3722102,0.0059388727
1140,0.5219157,0.05983562,0.0887569,0.063391715,0.4331588,-0.003556095
1141,0.5509907,0.047516245,0.066931225,0.048382778,0.48405948,-0.0008665323
1142,0.6071719,0.037877828,0.08004627,0.057698175,0.5271256,-0.019820347
1143,0.5484059,0.08302929,0.13403404,0.09610468,0.41437185,-0.013075389
1144,0.48180264,0.06525584,0.09364684,0.06035662,0.38815582,0.0048992224
1145,0.44805974,0.07069203,0.113106325,0.082060836,0.33495343,-0.011368804
1146,0.53304154,0.0710716,0.09822968,0.06742068,0.43481186,0.003650926
1147,0.39776838,0.06942677,0.052193504,0.03882818,0.3455749,0.030598588
1148,0.43891957,0.09231644,0.10405415,0.07450998,0.33486542,0.017806463
1149,0.53424203,0.021178693,0.037635278,0.02613753,0.49660677,-0.004958838
1150,0.55535185,0.05506197,0.0891573,0.0633563,0.46619457,-0.008294333
1151,0.6001383,0.102857806,0.13122882,0.09205768,0.4689095,0.010800123
1152,0.49594036,0.053695854,0.06189869,0.041363362,0.43404168,0.012332492
1153,0.56952024,0.08417116,0.1078978,0.08024365,0.46162242,0.003927514
1154,0.6345104,0.06307168,0.069864124,0.044921417,0.56464624,0.018150266
1155,0.5065025,0.06848158,0.08358251,0.055053867,0.42292,0.013427712
1156,0.48698416,0.08527051,0.103458814,0.07869062,0.38352534,0.006579891
1157,0.5490266,0.05980196,0.09027087,0.06884442,0.45875573,-0.009042464
1158,0.28583053,0.024681712,0.065989554,0.04532874,0.21984097,-0.020647028
1159,0.6701377,0.062095556,0.09889705,0.07291344,0.57124066,-0.010817882
1160,0.4633564,0.0637195,0.08189514,0.06963803,0.38146126,-0.005918525
1161,0.51101273,0.07370477,0.10419363,0.07949954,0.4068191,-0.005794771
1162,0.3025545,0.047828104,0.09400428,0.059608623,0.20855021,-0.011780519
1163,0.50003445,0.02636796,0.052223578,0.036875762,0.4478109,-0.010507802
1164,0.34409794,0.029544892,0.050982103,0.03251802,0.29311585,-0.00297313
1165,0.2547205,0.05664831,0.06715876,0.04621279,0.18756175,0.010435522
1166,0.508662,0.061845176,0.08968611,0.06291537,0.4189759,-0.001070194
1167,0.3118571,0.028562825,0.04443441,0.032276005,0.2674227,-0.0037131794
1168,0.39425743,0.045504555,0.060388397,0.043389544,0.33386904,0.0021150112
1169,0.50137776,0.07122472,0.09407575,0.06962743,0.40730202,0.0015972927
1170,0.76631725,0.074893825,0.10764514,0.0806941,0.6586721,-0.005800277
1171,0.68745244,0.11286659,0.16863625,0.115192086,0.5188162,-0.0023254976
1172,0.5214356,0.09013333,0.12289188,0.08756662,0.39854375,0.00256671
1173,0.42356542,0.037781805,0.061521392,0.042551976,0.36204404,-0.004770171
1174,0.7301224,0.060231134,0.11310435,0.07929555,0.61701804,-0.019064419
1175,0.43098834,0.049833633,0.07160298,0.04482614,0.35938537,0.0050074942
1176,0.4793443,0.07367006,0.09440702,0.06722035,0.3849373,0.006449707
1177,0.342911,0.02455098,0.036250982,0.024359405,0.30666003,0.00019157492
1178,0.58936936,0.009278604,0.061777383,0.035859425,0.52759194,-0.026580822
1179,0.4978313,0.05732645,0.091880195,0.062962875,0.4059511,-0.005636424
1180,0.67267996,0.080455996,0.108638994,0.07966148,0.56404096,0.000794515
1181,0.35133457,0.030530227,0.027406227,0.024277005,0.32392836,0.006253222
1182,0.6235392,0.091611125,0.11833834,0.08851134,0.50520086,0.0030997843
1183,0.41776612,0.06818185,0.056796037,0.04208054,0.36097008,0.02610131
1184,0.54248065,0.069488265,0.11193718,0.07924323,0.43054348,-0.009754963
1185,0.45891598,0.00755007,0.032256864,0.022709472,0.4266591,-0.015159402
1186,0.43646768,0.052980006,0.07767344,0.051760644,0.35879424,0.001219362
1187,0.5161217,0.07278902,0.077172205,0.06095759,0.43894947,0.011831433
1188,0.5438661,0.07743922,0.11404253,0.08649812,0.42982358,-0.0090589
1189,0.33868322,0.037988193,0.060405873,0.045034293,0.27827734,-0.0070460998
1190,0.4952055,0.081091814,0.08938574,0.064302,0.40581974,0.016789816
1191,0.5063652,0.07960322,0.10489323,0.08083792,0.40147194,-0.0012347028
1192,0.4167456,0.085596114,0.07282248,0.051755324,0.34392312,0.03384079
1193,0.57915485,0.06327991,0.10403725,0.073619775,0.4751176,-0.010339864
1194,0.34696168,0.021199444,0.017302183,0.012048261,0.3296595,0.009151183
1195,0.4983019,0.094419725,0.07091402,0.0474052,0.42738786,0.047014527
1196,0.4679623,0.060434792,0.09833755,0.07292578,0.36962473,-0.0124909915
1197,0.5423876,0.041821193,0.08538186,0.05230853,0.45700574,-0.010487337
1198,0.4459689,0.057411853,0.08654614,0.06152749,0.35942274,-0.0041156374
1199,0.5888358,0.061175387,0.0970627,0.07200209,0.49177307,-0.010826703
1200,0.43447223,0.029256755,0.048942834,0.033354916,0.3855294,-0.00409816
1201,0.35240528,0.05964778,0.07004006,0.050759964,0.2823652,0.008887816
1202,0.2529678,0.016724136,0.016799318,0.007869794,0.23616849,0.008854342
1203,0.6003998,0.08233082,0.13362025,0.08821327,0.46677953,-0.0058824494
1204,0.67442155,0.053909555,0.0942583,0.061950997,0.58016324,-0.008041441
1205,0.55882114,0.05718034,0.0998306,0.06660399,0.45899054,-0.009423647
1206,0.65686464,0.07023545,0.093944505,0.06679759,0.56292015,0.0034378618
1207,0.49766654,0.040406924,0.0693169,0.04751021,0.42834964,-0.0071032867
1208,0.46025953,0.053964663,0.0819899,0.05154005,0.3782696,0.0024246126
1209,0.4773714,0.041511234,0.07492878,0.055251427,0.4024426,-0.013740193
1210,0.5870283,0.06628609,0.078730725,0.059970018,0.5082976,0.0063160695
1211,0.7029048,0.03563682,0.08267338,0.061504945,0.62023145,-0.025868125
1212,0.52534986,0.036781188,0.07727012,0.056741122,0.44807974,-0.019959934
1213,0.5616602,0.07999367,0.1148028,0.08243957,0.44685736,-0.002445899
1214,0.29958165,0.014656391,0.045147434,0.030732656,0.25443423,-0.016076265
1215,0.27552357,0.029223202,0.045720596,0.031286497,0.22980298,-0.0020632949
1216,0.23364408,0.031456836,0.03810016,0.025732467,0.19554392,0.0057243686
1217,0.6250351,0.08941089,0.11279802,0.084925994,0.5122371,0.0044848993
1218,0.47345588,0.041429807,0.043406185,0.031345066,0.4300497,0.010084741
1219,0.5984819,0.037403625,0.04802202,0.031183152,0.55045986,0.006220473
1220,0.58309966,0.118968844,0.12210688,0.094237395,0.46099278,0.02473145
1221,0.57301134,0.07116702,0.11067598,0.08352321,0.46233535,-0.012356184
1222,0.43393016,0.05230626,0.0751121,0.057822123,0.35881805,-0.0055158623
1223,0.50329614,0.034527373,0.06531365,0.042000577,0.4379825,-0.0074732043
1224,0.6444804,0.05118262,0.07465341,0.05318698,0.569827,-0.002004359
1225,0.12471593,0.016433192,0.046978522,0.032776408,0.077737406,-0.016343215
1226,0.28691325,0.052634247,0.07542528,0.048032545,0.21148796,0.004601702
1227,0.6394245,0.085276246,0.115352675,0.07651487,0.5240718,0.008761376
1228,0.6151049,0.039032277,0.07348787,0.048945684,0.54161704,-0.009913407
1229,0.23045592,0.025964094,0.028465858,0.024445945,0.20199007,0.0015181489
1230,0.6828242,0.09712586,0.13563208,0.101996966,0.5471921,-0.0048711076
1231,0.5238397,0.06568078,0.08202358,0.065207906,0.44181612,0.00047287345
1232,0.53521514,0.046944406,0.07976474,0.058027983,0.45545042,-0.011083577
1233,0.48576927,0.07626326,0.09665417,0.0712438,0.3891151,0.005019456
1234,0.38571596,0.07782853,0.07761471,0.059111234,0.30810124,0.018717293
1235,0.36274344,0.06969611,0.08712735,0.059796005,0.27561608,0.009900108
1236,0.44813934,0.08255579,0.11219281,0.071764186,0.33594653,0.010791607
1237,0.45984617,0.048604283,0.064350046,0.04927604,0.39549613,-0.0006717555
1238,0.65042263,0.10352301,0.13708878,0.10220192,0.51333386,0.0013210922
1239,0.59232616,0.07265566,0.14499153,0.0807145,0.44733465,-0.008058839
1240,0.31815088,0.068654,0.07778112,0.057561785,0.24036977,0.011092216
1241,0.67477113,0.15206021,0.15166721,0.11137488,0.52310395,0.040685333
1242,0.39353046,0.058040053,0.13708515,0.08659597,0.2564453,-0.028555915
1243,0.5976077,0.05890759,0.07934086,0.048126288,0.5182668,0.010781303
1244,0.5592039,0.109762035,0.11296062,0.07295814,0.4462433,0.036803894
1245,0.7206825,0.08867919,0.14940761,0.099037915,0.5712749,-0.0103587285
1246,0.5290114,0.10714647,0.14156586,0.10141747,0.38744557,0.0057290047
1247,0.53016144,0.050808366,0.087193556,0.05438538,0.4429679,-0.0035770126
1248,0.45158568,0.041678794,0.07503551,0.051851567,0.37655017,-0.010172773
1249,0.61825496,0.07659947,0.09551505,0.071198136,0.5227399,0.0054013357
1250,0.58370423,0.13741018,0.12819833,0.09595705,0.4555059,0.04145313
1251,0.7941698,0.0974759,0.1494504,0.0978369,0.64471936,-0.00036099553
1252,0.4370513,0.053472534,0.05849052,0.037003003,0.37856078,0.01646953
1253,0.82813245,0.20917776,0.22516851,0.17236035,0.6029639,0.036817417
1254,0.55246043,0.033616934,0.06530219,0.042582057,0.48715824,-0.008965123
1255,0.6000503,0.03167454,0.08703603,0.05725673,0.51301426,-0.025582187
1256,0.55055165,0.027410094,0.071135566,0.05113472,0.47941607,-0.023724627
1257,0.44434664,0.041816615,0.07702076,0.054588728,0.36732587,-0.012772113
1258,0.55326813,0.016758526,0.060853504,0.038412005,0.49241462,-0.021653479
1259,0.5623581,0.09403711,0.13646458,0.09503103,0.4258935,-0.0009939224
1260,0.3381178,0.072703786,0.07085758,0.050270196,0.26726022,0.02243359
1261,0.38643217,0.03499138,0.054979324,0.033893947,0.33145285,0.0010974333
1262,0.5203122,0.041418325,0.10299114,0.06757211,0.41732106,-0.026153784
1263,0.5573113,0.029367598,0.0797918,0.057991706,0.4775195,-0.028624108
1264,0.4747952,0.090686,0.13405687,0.09995387,0.34073833,-0.009267867
1265,0.36066228,0.05752742,0.06080289,0.049271207,0.2998594,0.008256212
1266,0.55476767,0.07413003,0.09009716,0.064093225,0.4646705,0.010036804
1267,0.635589,0.05102009,0.0796844,0.047588125,0.5559046,0.0034319647
1268,0.6849138,0.040418804,0.08411585,0.06327492,0.60079795,-0.022856116
1269,0.27078435,0.040283214,0.054393988,0.038820446,0.21639036,0.0014627688
1270,0.5698597,0.028840331,0.055858187,0.03631418,0.5140015,-0.007473847
1271,0.46613374,0.05838848,0.12057897,0.08522995,0.34555477,-0.02684147
1272,0.36515218,0.03613839,0.062124144,0.042715546,0.30302805,-0.0065771565
1273,0.5125779,0.122127414,0.114995986,0.09082591,0.3975819,0.031301506
1274,0.5214372,0.04109306,0.06197844,0.035065293,0.4594588,0.0060277656
1275,0.41597337,0.06659191,0.10295985,0.06968676,0.31301352,-0.003094852
1276,0.5577664,0.08848458,0.1050947,0.07525882,0.45267168,0.013225757
1277,0.27664033,0.035332616,0.035611313,0.02360298,0.24102901,0.011729637
1278,0.2570807,0.13017347,0.10945269,0.076192304,0.14762801,0.05398117
1279,0.55240965,0.04788085,0.061500296,0.03879134,0.49090934,0.009089511
1280,0.4365239,0.0738,0.08080513,0.056908764,0.3557188,0.016891234
1281,0.5272983,0.07153873,0.08311324,0.065205514,0.44418502,0.006333217
1282,0.53709304,0.09111902,0.119168684,0.08283984,0.41792434,0.008279182
1283,0.6355261,0.065155566,0.108472615,0.07571855,0.5270535,-0.010562986
1284,0.2791951,0.0394733,0.06346944,0.03926383,0.21572566,0.00020946935
1285,0.39355338,0.064531974,0.075864784,0.052716292,0.31768858,0.011815682
1286,0.6857492,0.073497966,0.13691069,0.09614402,0.5488385,-0.022646055
1287,0.18703869,0.04326847,0.047968887,0.03321121,0.1390698,0.010057259
1288,0.4320836,0.06694772,0.11050263,0.0649414,0.32158098,0.0020063221
1289,0.7672252,0.084807545,0.11535335,0.08416178,0.65187186,0.0006457642
1290,0.47637922,0.045270015,0.07464305,0.05029408,0.40173617,-0.0050240643
1291,0.3253229,0.08895328,0.0539882,0.0353771,0.2713347,0.05357618
1292,0.3161749,0.0070892577,0.05120768,0.028446637,0.2649672,-0.02135738
1293,0.51914907,0.049066957,0.07270598,0.052844122,0.44644308,-0.003777165
1294,0.37763175,0.07104312,0.050449815,0.040915012,0.32718194,0.030128106
1295,0.4846606,0.11120291,0.13310026,0.10222534,0.35156035,0.00897757
1296,0.55719316,0.088250116,0.12349527,0.0898972,0.43369788,-0.001647085
1297,0.18612985,0.017325144,0.030598294,0.020660954,0.15553156,-0.0033358093
1298,0.5465943,0.055992905,0.086272515,0.0564729,0.4603218,-0.0004799962
1299,0.6017849,0.030507253,0.043549694,0.030950146,0.55823517,-0.0004428923
1300,0.7519676,0.11892618,0.1488766,0.110486925,0.603091,0.008439258
1301,0.3388927,0.030189974,0.05318846,0.036505602,0.28570423,-0.006315628
1302,0.47433123,0.04620877,0.06543285,0.048688594,0.40889838,-0.0024798252
1303,0.45848608,0.056296095,0.09192429,0.06606018,0.3665618,-0.009764083
1304,0.057177965,0.10696121,0.021136425,0.01554972,0.03604154,0.09141149
1305,0.078315824,0.011094109,0.060192738,0.033228017,0.018123087,-0.02213391
1306,0.46237224,0.03967542,0.05520527,0.03391578,0.40716696,0.005759638
1307,0.39580944,0.04301422,0.08424366,0.06600228,0.3115658,-0.022988059
1308,0.5844676,0.06820181,0.102548145,0.07310856,0.48191944,-0.004906751
1309,0.6152591,0.13729605,0.15506913,0.10807572,0.46019,0.029220328
1310,0.46311656,0.04406137,0.08313217,0.054814328,0.37998438,-0.010752957
1311,0.40045008,0.036636494,0.04401426,0.032038413,0.35643584,0.004598081
1312,0.5317953,0.09156658,0.0980301,0.06585825,0.43376523,0.025708325
1313,0.5112882,0.07935725,0.09961339,0.0697003,0.41167483,0.009656951
1314,0.56202465,0.06379966,0.07983166,0.057184234,0.482193,0.0066154227
1315,0.646323,0.09188598,0.12908526,0.087688826,0.5172378,0.0041971505
1316,0.58000034,0.075731665,0.0978807,0.068662584,0.48211965,0.007069081
1317,0.5121656,0.09967322,0.09806593,0.07119982,0.4140997,0.0284734
1318,0.42462233,0.061301738,0.09332327,0.06476647,0.33129907,-0.0034647286
1319,0.5554141,0.038550496,0.06474843,0.04590552,0.49066564,-0.007355023
1320,0.5666826,0.08300165,0.1101519,0.08179502,0.4565307,0.001206629
1321,0.6870642,0.07021924,0.12390259,0.078864515,0.5631616,-0.008645274
1322,0.53029394,0.113292105,0.06626024,0.04703285,0.4640337,0.06625925
1323,0.48757538,0.06630434,0.08895598,0.059177857,0.3986194,0.007126484
1324,0.28085855,0.036670912,0.045817107,0.03384466,0.23504144,0.002826251
1325,0.59971505,0.084922515,0.08023288,0.062931605,0.5194822,0.02199091
1326,0.6051693,0.10450316,0.099016085,0.06930732,0.5061532,0.035195842
1327,0.45010984,0.051540524,0.0807462,0.058216047,0.36936364,-0.006675523
1328,0.49519286,0.04177572,0.06530076,0.048542533,0.4298921,-0.0067668147
1329,0.66747737,0.11582309,0.13555515,0.09941632,0.5319222,0.016406767
1330,0.60580695,0.15236546,0.19784881,0.14136909,0.40795815,0.0109963715
1331,0.44371346,0.054044027,0.090990484,0.06766015,0.35272297,-0.013616126
1332,0.46582285,0.07090151,0.09171773,0.06403551,0.37410513,0.0068660006
1333,0.5055356,0.075800166,0.08297791,0.05691973,0.42255768,0.018880434
1334,0.7539123,0.104783125,0.14972495,0.117922366,0.60418737,-0.01313924
1335,0.66051465,0.089272246,0.09389798,0.06484635,0.56661665,0.024425894
1336,0.5107576,0.07252991,0.08750904,0.06533256,0.4232486,0.0071973503
1337,0.25162575,0.04341428,0.045581374,0.03074926,0.20604438,0.01266502
1338,0.4416983,0.10239576,0.11085915,0.07839144,0.33083916,0.024004318
1339,0.41955316,0.060339384,0.057190374,0.03721296,0.3623628,0.023126423
1340,0.6638818,0.07247059,0.09721921,0.07042872,0.56666255,0.0020418689
1341,0.654628,0.09431636,0.109315835,0.07631201,0.54531217,0.01800435
1342,0.72113556,0.16248079,0.115610905,0.074989624,0.60552466,0.08749116
1343,0.4754696,0.07138607,0.079501875,0.060502883,0.39596772,0.010883186
1344,0.5850527,0.05242191,0.09451255,0.06768895,0.49054018,-0.015267041
1345,0.34241557,0.032524176,0.08315198,0.054284748,0.25926358,-0.021760572
1346,0.6588293,0.052559216,0.10889169,0.07639249,0.5499376,-0.023833271
1347,0.406249,0.08563621,0.10590952,0.08527779,0.30033946,0.00035842508
1348,0.73099846,0.077214636,0.12699647,0.093747765,0.604002,-0.016533129
1349,0.14794368,0.043184087,0.03598881,0.02631433,0.11195487,0.016869757
1350,0.6856647,0.07955749,0.112680644,0.08196026,0.5729841,-0.0024027675
1351,0.5981629,0.101775214,0.1790573,0.12872618,0.4191056,-0.02695097
1352,0.4205201,0.0648535,0.09156559,0.053572036,0.32895452,0.0112814605
1353,0.2163969,-0.011149072,0.047539715,0.031084575,0.16885719,-0.042233646
1354,0.312133,-0.00083298766,0.061371952,0.0387785,0.25076106,-0.039611485
1355,0.25375384,0.02111308,0.040381897,0.028610751,0.21337195,-0.00749767
1356,0.61509806,0.04879705,0.090187445,0.058430303,0.5249106,-0.009633254
1357,0.46029028,0.037013244,0.079529755,0.053695332,0.38076052,-0.016682088
1358,0.5076525,0.10699376,0.06334247,0.046517566,0.44431007,0.06047619
1359,0.36568603,0.04839605,0.09158384,0.06322599,0.27410218,-0.014829941
1360,0.559339,0.045461304,0.0862349,0.058020595,0.4731041,-0.012559291
1361,0.67216,0.0579382,0.09372919,0.06307566,0.57843083,-0.005137462
1362,0.5852093,0.058600016,0.09527203,0.07007744,0.48993728,-0.011477426
1363,0.45510024,0.016291507,0.050028685,0.024302267,0.40507156,-0.00801076
1364,0.4075302,0.011353991,0.05518932,0.035943195,0.35234088,-0.024589203
1365,0.43973103,0.09494767,0.108437106,0.08921739,0.33129394,0.0057302862
1366,0.5390585,0.059897393,0.108389236,0.07639606,0.43066928,-0.01649867
1367,0.46220487,0.058264244,0.06696229,0.048136577,0.39524257,0.010127667
1368,0.564658,0.0866164,0.097592145,0.0654627,0.46706584,0.021153696
1369,0.50808877,0.039026976,0.13415414,0.09526979,0.37393463,-0.056242816
1370,0.54110324,0.0651988,0.068826795,0.051336497,0.47227645,0.013862304
1371,0.56600076,0.046570115,0.09120989,0.06289471,0.47479087,-0.016324595
1372,0.62527317,0.041213866,0.09097369,0.066143185,0.5342995,-0.024929319
1373,0.2308031,0.0063161138,0.02298574,0.017366003,0.20781736,-0.011049889
1374,0.26927727,0.049729418,0.055103354,0.039836768,0.21417391,0.00989265
1375,0.4732899,0.04090441,0.11266795,0.07184906,0.36062196,-0.030944653
1376,0.427441,0.021407014,0.07471291,0.047906045,0.3527281,-0.026499031
1377,0.70929414,0.07419161,0.106021434,0.0813523,0.6032727,-0.0071606934
1378,0.7018806,0.11587883,0.13014148,0.08453223,0.5717391,0.031346597
1379,0.53122306,0.066290006,0.089031175,0.06391087,0.4421919,0.0023791343
1380,0.35580078,0.0029271815,0.06831734,0.044234123,0.28748345,-0.041306943
1381,0.52402437,0.058772575,0.070434496,0.051771216,0.45358986,0.007001359
1382,0.5084538,0.048721276,0.056457996,0.03708495,0.4519958,0.011636328
1383,0.50722945,0.06989978,0.109296046,0.06886032,0.3979334,0.0010394603
1384,0.41003758,0.03711407,0.06270403,0.046953134,0.34733355,-0.009839065
1385,0.46437374,0.0754993,0.07594169,0.049846873,0.38843206,0.025652431
1386,0.79513484,0.030930633,0.099664964,0.06325875,0.69546986,-0.03232812
1387,0.32951254,0.058933258,0.077851966,0.060826793,0.2516606,-0.0018935353
1388,0.41456178,0.040773008,0.096215576,0.057038464,0.3183462,-0.016265456
1389,0.58035004,0.042490028,0.086901605,0.063026294,0.49344844,-0.020536266
1390,0.58559114,0.07504432,0.11217619,0.08214064,0.47341496,-0.0070963204
1391,0.23149633,0.03864037,0.043922186,0.032426115,0.18757415,0.0062142536
1392,0.49208578,0.051426228,0.071084276,0.04401711,0.4210015,0.007409118
1393,0.48828077,0.05205253,0.08023875,0.05620872,0.408042,-0.004156187
1394,0.45098713,0.059908394,0.06233946,0.041003954,0.38864768,0.01890444
1395,0.7261071,0.056258872,0.07696718,0.05357103,0.64913994,0.0026878417
1396,0.21164832,0.03452883,0.03985416,0.027514294,0.17179415,0.0070145354
1397,0.6093148,0.027502518,0.06833916,0.05250027,0.54097563,-0.024997752
1398,0.60448056,0.05357721,0.089243524,0.061995596,0.51523703,-0.008418385
1399,0.42480677,0.037593517,0.06373934,0.046709657,0.36106744,-0.009116139
1400,0.3401218,0.0463976,0.04833406,0.034156755,0.29178774,0.012240846
1401,0.46278137,0.085964605,0.104517125,0.07996683,0.35826424,0.005997777
1402,0.6359588,0.028750354,0.08536328,0.053545013,0.5505955,-0.024794659
1403,0.49803817,0.07355644,0.083141394,0.055915616,0.4148968,0.017640822
1404,0.49377283,0.09574681,0.103016466,0.07250381,0.39075637,0.023242995
1405,0.52429444,0.052450106,0.07182154,0.047424402,0.4524729,0.0050257035
1406,0.3094817,0.037011404,0.07255846,0.052473225,0.23692325,-0.015461821
1407,0.46216998,0.063132286,0.08122551,0.056272972,0.38094446,0.0068593137
1408,0.2913957,-0.0026466215,0.061549712,0.032614626,0.22984599,-0.035261247
1409,0.5688533,0.07338798,0.09484765,0.071596235,0.47400567,0.0017917454
1410,0.30009642,0.01851374,0.039820157,0.02442307,0.26027626,-0.005909331
1411,0.3587029,0.046216052,0.08200417,0.061843652,0.27669874,-0.0156276
1412,0.7177125,0.0014439721,0.03291751,0.015777573,0.684795,-0.014333601
1413,0.6315583,0.09330674,0.11830922,0.07923176,0.5132491,0.014074981
1414,0.47237927,0.05528127,0.07417923,0.053340152,0.39820004,0.0019411184
1415,0.47352785,0.0815205,0.10612807,0.07837321,0.36739978,0.0031472892
1416,0.43653122,0.055531185,0.07698995,0.05490157,0.35954127,0.00062961504
1417,0.6773134,0.054482933,0.08512034,0.05964513,0.59219307,-0.005162198
1418,0.54240054,0.042471107,0.06647446,0.04550712,0.47592607,-0.0030360147
1419,0.52107364,0.052273106,0.08313981,0.06090443,0.43793383,-0.0086313225
1420,0.60381997,0.06422091,0.10919742,0.069700606,0.49462253,-0.0054796934
1421,0.4236477,0.07893627,0.07840961,0.057164177,0.3452381,0.021772094
1422,0.4507442,0.055070404,0.09879097,0.06331718,0.35195324,-0.008246776
1423,0.43351132,0.03488122,0.083167516,0.05829047,0.3503438,-0.023409251
1424,0.6496716,0.09804584,0.14816603,0.10687454,0.5015056,-0.0088287
1425,0.46987307,0.050948296,0.0676632,0.046935167,0.40220988,0.0040131286
1426,0.6433825,0.02411369,0.055836115,0.03725133,0.58754635,-0.01313764
1427,0.6373407,0.14465705,0.15189697,0.10519055,0.48544377,0.039466493
1428,0.5956958,0.059374787,0.10052336,0.069649376,0.49517244,-0.010274589
1429,0.5092329,0.055362035,0.1047143,0.06439721,0.40451857,-0.009035174
1430,0.75311184,0.13566396,0.17037937,0.115870215,0.58273244,0.019793741
1431,0.61681885,0.07747654,0.08813607,0.061457753,0.52868277,0.016018786
1432,0.62801313,0.09156651,0.10589183,0.08078392,0.5221213,0.010782592
1433,0.53079075,0.076927684,0.11698641,0.090308994,0.41380435,-0.01338131
1434,0.75945723,0.11160069,0.1262376,0.085314065,0.6332196,0.026286624
1435,0.25128782,0.06232119,0.06037404,0.044672444,0.19091378,0.017648745
1436,0.5715987,0.04019201,0.058980342,0.045953516,0.51261836,-0.005761504
1437,0.5821706,0.072495304,0.100522384,0.068437904,0.4816482,0.0040574
1438,0.5188684,0.053697832,0.08919225,0.069111854,0.42967615,-0.015414022
1439,0.47817883,0.094063036,0.10058386,0.07813928,0.37759498,0.015923753
1440,0.55486095,0.11630038,0.15186168,0.12456439,0.40299928,-0.008264005
1441,0.47234592,0.039564062,0.06361614,0.04539789,0.4087298,-0.005833827
1442,0.6055154,0.08449156,0.13517508,0.10387352,0.47034034,-0.019381963
1443,0.6019636,0.04348717,0.08302088,0.055649344,0.5189427,-0.012162175
1444,0.35918075,0.018498573,0.06319144,0.044947077,0.2959893,-0.026448503
1445,0.5438511,0.07621772,0.07458427,0.055505306,0.4692668,0.020712413
1446,0.703728,0.055300467,0.105127424,0.06770537,0.5986006,-0.012404904
1447,0.5193785,0.1111116,0.12208415,0.077751644,0.39729434,0.03335996
1448,0.49521434,0.06997934,0.072044946,0.055315137,0.4231694,0.014664203
1449,0.6700448,0.08414064,0.11154083,0.082054876,0.5585039,0.0020857677
1450,0.20960003,0.016188508,0.040901028,0.027648741,0.168699,-0.0114602335
1451,0.5540604,0.10966794,0.15827382,0.12721482,0.39578658,-0.017546877
1452,0.4478468,0.09110824,0.08922328,0.06837957,0.3586235,0.022728667
1453,0.4938886,0.031167675,0.08523366,0.06343493,0.40865493,-0.032267254
1454,0.5856638,0.07472314,0.106062174,0.071705,0.47960162,0.0030181408
1455,0.4272423,0.1091815,0.10859684,0.07714585,0.31864548,0.03203565
1456,0.3966597,0.05110726,0.0558254,0.036076374,0.3408343,0.015030887
1457,0.36965993,0.07580096,0.051526956,0.03763097,0.31813297,0.03816999
1458,0.29297027,0.04667302,0.05446242,0.037470423,0.23850785,0.009202596
1459,0.46182793,0.046839386,0.08779827,0.05582701,0.37402967,-0.008987624
1460,0.66428626,0.097471245,0.13090405,0.09336611,0.5333822,0.004105136
1461,0.5789793,0.06465775,0.0841929,0.061630625,0.4947864,0.0030271225
1462,0.5023182,0.02268789,0.050596662,0.032818075,0.45172155,-0.010130186
1463,0.5730433,0.06173876,0.0835244,0.056317963,0.48951888,0.0054207966
1464,0.22676782,0.006418892,0.020823382,0.015051378,0.20594445,-0.008632486
1465,0.5324542,0.06312747,0.08960841,0.06795761,0.4428458,-0.004830137
1466,0.6994388,0.07892113,0.11928054,0.084258646,0.5801583,-0.005337514
1467,0.33807915,0.087308675,0.092631236,0.073748045,0.24544792,0.01356063
1468,0.51517165,0.07210734,0.0829199,0.059242763,0.43225175,0.012864575
1469,0.3857862,0.051314756,0.04054751,0.03400196,0.3452387,0.017312795
1470,0.5334637,0.08058517,0.09219389,0.07231226,0.44126981,0.008272909
1471,0.6607612,0.06012873,0.1157324,0.08567843,0.5450288,-0.025549699
1472,0.61172265,0.08875324,0.12990534,0.096331626,0.4818173,-0.007578388
1473,0.616064,0.06400534,0.112598374,0.08373973,0.50346565,-0.01973439
1474,0.515265,0.07984984,0.09741571,0.07002537,0.41784927,0.00982447
1475,0.48330665,0.059428606,0.078263484,0.05637217,0.40504315,0.0030564368
1476,0.5978168,0.074457675,0.13216779,0.102179915,0.46564904,-0.02772224
1477,0.47500762,0.05224938,0.07878771,0.05225784,0.3962199,-8.460134e-06
1478,0.5681321,0.09639192,0.09662904,0.06791686,0.47150308,0.028475054
1479,0.3828695,0.07066161,0.093565844,0.064916514,0.28930366,0.005745098
1480,0.5449929,0.1026813,0.13299248,0.10086479,0.41200045,0.0018165112
1481,0.55651,0.03618673,0.09505841,0.058812067,0.46145156,-0.022625338
1482,0.40497723,0.06893861,0.061997585,0.043186918,0.34297964,0.025751695
1483,0.4577351,0.088515714,0.12534507,0.077763505,0.33239,0.0107522085
1484,0.69082355,0.06592036,0.113823004,0.07776326,0.57700056,-0.011842899
1485,0.5743216,0.095121175,0.089915074,0.069139,0.48440656,0.025982179
1486,0.3061845,0.029836439,0.050948836,0.037409957,0.25523567,-0.007573519
1487,0.56296724,0.052564465,0.08301298,0.061744735,0.47995424,-0.00918027
1488,0.6667245,0.13805626,0.100551434,0.06008325,0.5661731,0.07797301
1489,0.7473082,0.11437716,0.13901845,0.10405049,0.6082897,0.010326676
1490,0.45798197,0.08475707,0.13516769,0.09598978,0.3228143,-0.011232711
1491,0.5158973,0.05028043,0.07567416,0.04757513,0.4402231,0.0027052984
1492,0.5201682,0.07823689,0.08263925,0.055020727,0.43752894,0.023216166
1493,0.23472616,0.048304696,0.056151647,0.03847115,0.17857452,0.0098335445
1494,0.41277853,0.09500145,0.1084903,0.08325566,0.3042882,0.011745788
1495,0.38848272,0.07954332,0.10614797,0.07859046,0.28233474,0.0009528622
1496,0.575171,0.1143214,0.13002264,0.09865757,0.44514835,0.015663832
1497,0.4067741,0.05321676,0.06749237,0.048255328,0.33928174,0.004961431
1498,0.55374867,0.07196211,0.09657798,0.06711102,0.4571707,0.004851088
1499,0.721926,0.13425902,0.17768511,0.12645924,0.54424083,0.0077997744
1500,0.42483947,0.039539002,0.061154548,0.048145346,0.36368492,-0.008606344
1501,0.3363236,0.041251518,0.05565151,0.033614073,0.28067207,0.007637445
1502,0.60735965,0.032905057,0.06337147,0.04702471,0.54398817,-0.014119651
1503,0.62657654,0.08539145,0.14229248,0.10354736,0.48428404,-0.01815591
1504,0.73747516,0.07830635,0.14569183,0.09163852,0.59178334,-0.013332173
1505,0.5824737,0.020188583,0.062790014,0.040990315,0.51968366,-0.020801732
1506,0.43653643,0.041044958,0.07219031,0.052111503,0.36434612,-0.011066545
1507,0.2719262,0.026716003,0.029695151,0.020604162,0.24223104,0.0061118416
1508,0.37371045,0.06342551,0.069823585,0.046076298,0.30388686,0.017349213
1509,0.77710915,0.085253984,0.144113,0.10124387,0.63299614,-0.015989885
1510,0.5925192,0.05238269,0.087489165,0.062047087,0.50503004,-0.009664398
1511,0.5992678,0.05568572,0.095158815,0.06551972,0.50410897,-0.009833999
1512,0.51007545,0.026468322,0.055757254,0.03379951,0.4543182,-0.007331189
1513,0.5383558,0.047991704,0.069724016,0.048168227,0.4686318,-0.00017652288
1514,0.6305814,0.075505495,0.11606816,0.090406306,0.5145132,-0.014900811
1515,0.5836644,0.07587732,0.11943619,0.08788181,0.4642282,-0.012004495
1516,0.42645612,0.07297076,0.098822705,0.059380867,0.3276334,0.013589896
1517,0.7195641,0.060078826,0.11045457,0.07869987,0.6091095,-0.018621046
1518,0.42724234,0.055583104,0.07665941,0.0552508,0.35058293,0.00033230335
1519,0.5859663,0.055862535,0.07891993,0.05665648,0.50704634,-0.00079394504
1520,0.5882657,0.12111581,0.09664468,0.07090976,0.49162105,0.05020605
1521,0.29189757,0.059603475,0.07330372,0.05580439,0.21859384,0.0037990846
1522,0.5396424,0.078675196,0.082595,0.060035072,0.4570474,0.018640123
1523,0.04850831,-0.0068795187,0.023079012,0.014484779,0.025429297,-0.021364298
1524,0.55994534,0.11027453,0.12516674,0.096719734,0.4347786,0.013554797
1525,0.4182843,0.061893076,0.106465645,0.073697545,0.31181866,-0.011804469
1526,0.55646056,0.08212172,0.12627973,0.08601059,0.43018085,-0.0038888678
1527,0.6708419,0.08655211,0.11961855,0.0828021,0.55122334,0.0037500113
1528,0.5585044,0.092474066,0.11294179,0.08264065,0.4455626,0.009833418
1529,0.6322036,0.10845413,0.11320734,0.08487507,0.51899624,0.023579061
1530,0.63463026,0.04811143,0.10154827,0.06438817,0.533082,-0.01627674
1531,0.3163454,0.082435496,0.07912615,0.051726922,0.23721924,0.030708574
1532,0.5418336,0.06601168,0.09836722,0.06954943,0.44346637,-0.0035377443
1533,0.56109744,0.048051275,0.07772085,0.053599976,0.4833766,-0.0055487007
1534,0.58288395,0.077337414,0.121288374,0.08247505,0.4615956,-0.0051376373
1535,0.33200285,0.017033493,0.07158065,0.042254053,0.2604222,-0.02522056
1536,0.52656436,0.06285407,0.06581792,0.048551574,0.46074644,0.014302492
1537,0.6589409,0.11818045,0.13120647,0.10480105,0.52773446,0.013379395
1538,0.26100388,-0.025890213,0.03447734,0.02159112,0.22652654,-0.047481332
1539,0.6405089,0.08184909,0.13337815,0.08483579,0.50713074,-0.0029866993
1540,0.31345275,0.094453834,0.06576159,0.03596502,0.24769115,0.058488812
1541,0.46149603,0.08115815,0.075848825,0.054122876,0.3856472,0.027035277
1542,0.5866295,0.068512164,0.08721682,0.0629801,0.4994127,0.0055320635
1543,0.48988804,0.06045712,0.093253136,0.061260458,0.3966349,-0.0008033365
1544,0.4057529,0.14901115,0.19158255,0.13423158,0.21417035,0.014779568
1545,0.5534828,0.05732335,0.09400634,0.07000342,0.45947644,-0.012680069
1546,0.50949645,0.050195962,0.08088347,0.05372238,0.42861298,-0.0035264194
1547,0.38312447,0.037491843,0.06375202,0.04446818,0.31937245,-0.0069763362
1548,0.38367265,0.06304377,0.084501415,0.058111656,0.29917124,0.0049321167
1549,0.46402824,0.03542687,0.074622914,0.05632173,0.3894053,-0.020894859
1550,0.594349,0.020999514,0.044573598,0.030925868,0.5497754,-0.0099263545
1551,0.59954745,0.11204308,0.12566794,0.09690717,0.47387952,0.015135914
1552,0.56808144,0.07699661,0.08731148,0.068006665,0.48076996,0.008989945
1553,0.38678047,0.05803627,0.07938076,0.052489553,0.30739972,0.005546719
1554,0.38193527,0.043567214,0.06677616,0.054905843,0.3151591,-0.011338629
1555,0.4935543,0.053847898,0.07601943,0.05397841,0.41753486,-0.00013051182
1556,0.4376814,0.046975065,0.08709386,0.057949405,0.35058755,-0.01097434
1557,0.28184134,0.033385694,0.05601226,0.04030297,0.22582908,-0.0069172755
1558,0.45161694,0.049868092,0.08463537,0.05501759,0.36698157,-0.0051494986
1559,0.50603473,0.05321048,0.07895669,0.061767474,0.42707804,-0.008556996
1560,0.42249924,0.02910792,0.07829433,0.053385224,0.3442049,-0.024277303
1561,0.55123043,0.06116098,0.06970378,0.05597758,0.48152664,0.0051834024
1562,0.43711412,0.06484313,0.09347683,0.07069948,0.3436373,-0.00585635
1563,0.35426447,0.05399128,0.06945098,0.051643435,0.2848135,0.0023478456
1564,0.4180792,0.09465217,0.09934344,0.06146647,0.31873575,0.033185698
1565,0.5339575,0.0737546,0.10815515,0.080566846,0.42580232,-0.0068122447
1566,0.6480079,0.06262346,0.086457774,0.058024544,0.56155014,0.0045989193
1567,0.7608544,0.064231366,0.093238525,0.06929137,0.6676159,-0.005060002
1568,0.52313703,0.048048224,0.07471862,0.051224653,0.4484184,-0.0031764284
1569,0.31399542,0.025984414,0.06705131,0.04287633,0.24694411,-0.016891915
1570,0.40308985,0.0346382,0.06214605,0.044832796,0.3409438,-0.010194596
1571,0.2738378,0.015097827,0.034614313,0.024668338,0.2392235,-0.009570511
1572,0.34186697,0.04662062,0.06691238,0.042821493,0.2749546,0.0037991256
1573,0.36287323,0.03399294,0.058499336,0.037083965,0.3043739,-0.003091026
1574,0.5140738,0.032018952,0.07173999,0.045671348,0.44233382,-0.013652395
1575,0.5579549,0.09386954,0.10081667,0.068520434,0.45713824,0.025349103
1576,0.6240069,0.03998151,0.084945336,0.059541125,0.5390616,-0.019559614
1577,0.34778452,0.031823795,0.05586326,0.03519659,0.29192126,-0.0033727959
1578,0.5389994,0.066755794,0.0723537,0.05658499,0.4666457,0.0101708025
1579,0.6012923,0.11487267,0.07243529,0.05344741,0.528857,0.06142526
1580,0.49621934,0.0633251,0.07010139,0.05323897,0.42611796,0.01008613
1581,0.5374782,0.038877893,0.06516378,0.045944195,0.47231442,-0.007066302
1582,0.57973176,0.061603893,0.108139865,0.070273034,0.4715919,-0.008669142
1583,0.51150477,0.06759146,0.11406979,0.07520653,0.39743498,-0.0076150745
1584,0.5246101,0.06887039,0.072035134,0.051055428,0.45257497,0.01781496
1585,0.54345524,0.06973657,0.08973211,0.06768729,0.45372313,0.0020492822
1586,0.47817528,0.037119623,0.05902793,0.039435185,0.41914734,-0.0023155622
1587,0.5546472,0.1327296,0.09721641,0.076950066,0.45743078,0.05577954
1588,0.40736195,0.051400058,0.08373421,0.054821003,0.32362774,-0.0034209453
1589,0.5200462,0.042273898,0.08127059,0.053670302,0.4387756,-0.011396404
1590,0.42215693,0.08941799,0.096252464,0.07112252,0.32590446,0.018295467
1591,0.6827735,0.08634083,0.10231574,0.072868735,0.58045775,0.013472095
1592,0.38912228,0.048848353,0.0584131,0.044012755,0.3307092,0.004835598
1593,0.60475147,0.045426022,0.08984545,0.061331965,0.51490605,-0.015905943
1594,0.6038899,0.100914255,0.075175926,0.044541378,0.52871394,0.056372877
1595,0.5967431,0.07044901,0.0995631,0.06570516,0.49718,0.0047438517
1596,0.5782309,0.02378536,0.084581025,0.055585418,0.4936499,-0.031800058
1597,0.3738361,0.048783515,0.07685165,0.050577596,0.29698443,-0.0017940812
1598,0.6228805,0.016860936,0.07826954,0.05932338,0.544611,-0.042462446
1599,0.5690053,0.05113151,0.07918154,0.05828633,0.48982376,-0.0071548223
1600,0.48559055,0.117244974,0.11227683,0.07948373,0.37331372,0.03776124
1601,0.6333144,0.10144116,0.11870494,0.09181983,0.51460946,0.00962133
1602,0.38604212,0.05171472,0.072685555,0.05207581,0.31335658,-0.0003610924
1603,0.6657301,0.111555725,0.12272149,0.09722134,0.5430086,0.014334388
1604,0.45584738,0.049715515,0.06927594,0.03917398,0.38657144,0.010541536
1605,0.5976249,0.101548195,0.115173295,0.083561964,0.48245162,0.01798623
1606,0.60309607,0.11213174,0.13373503,0.100263625,0.46936104,0.011868112
1607,0.42027134,0.02941613,0.06355746,0.039304502,0.3567139,-0.009888371
1608,0.5108201,0.08215138,0.11268986,0.06634906,0.39813024,0.015802324
1609,0.53554416,0.05570542,0.10329394,0.07020645,0.4322502,-0.014501028
1610,0.6511998,0.09025024,0.081470184,0.05722682,0.5697296,0.033023417
1611,0.38001412,0.06781954,0.09896788,0.070045024,0.28104624,-0.002225481
1612,0.45477405,0.018889604,0.094621554,0.050664034,0.36015248,-0.03177443
1613,0.30001462,0.06544088,0.06778136,0.049807604,0.23223326,0.015633274
1614,0.582839,0.04358146,0.087993145,0.060199767,0.49484587,-0.016618308
1615,0.57016236,0.060108706,0.08333379,0.062318698,0.48682857,-0.0022099912
1616,0.7744821,0.045642905,0.09360797,0.071233444,0.6808741,-0.025590539
1617,0.5961547,0.07191914,0.12487819,0.08241296,0.4712765,-0.010493815
1618,0.44578528,0.045814298,0.07804599,0.056596294,0.3677393,-0.010781996
1619,0.58701736,0.073273115,0.11984659,0.08335523,0.46717077,-0.010082118
1620,0.49007177,0.07891784,0.09107822,0.0648956,0.39899355,0.014022239
1621,0.62607193,0.13321812,0.12723935,0.09611621,0.49883258,0.037101917
1622,0.52463996,0.04523215,0.09963968,0.071026824,0.42500028,-0.025794674
1623,0.5519352,0.053951275,0.07604914,0.057952035,0.47588605,-0.0040007606
1624,0.41695872,0.059856664,0.09468122,0.07256294,0.3222775,-0.012706276
1625,0.5420952,0.06730984,0.14315775,0.09180041,0.39893743,-0.024490565
1626,0.60832673,0.059189565,0.08425208,0.059295848,0.5240747,-0.00010628253
1627,0.5993483,0.10436442,0.12060585,0.089929216,0.47874245,0.014435202
1628,0.4729516,0.04546843,0.055572465,0.042533636,0.41737914,0.0029347949
1629,0.46241963,0.05283676,0.08034577,0.057171483,0.38207385,-0.0043347217
1630,0.48920208,0.05997097,0.08629227,0.060047887,0.40290982,-7.691607e-05
1631,0.45841235,0.027639898,0.044259373,0.031172708,0.41415298,-0.0035328101
1632,0.44437492,0.040779088,0.07404083,0.04695613,0.3703341,-0.0061770417
1633,0.3479249,0.031329136,0.052328687,0.039639596,0.2955962,-0.00831046
1634,0.51871955,0.105725944,0.12066899,0.08422116,0.39805055,0.021504782
1635,0.53794354,0.09506959,0.117448054,0.08232379,0.42049548,0.012745798
1636,0.67341655,0.112162456,0.1548509,0.09975019,0.51856565,0.012412265
1637,0.48579276,0.039612986,0.075659126,0.055925783,0.41013363,-0.016312797
1638,0.5654474,0.04491288,0.06735927,0.047629748,0.49808812,-0.002716869
1639,0.46377605,0.06370091,0.09282416,0.06435473,0.3709519,-0.0006538257
1640,0.38033125,0.12866893,0.12994795,0.094093025,0.25038332,0.03457591
1641,0.52569586,0.05646421,0.077912286,0.049889497,0.4477836,0.0065747127
1642,0.4006545,0.059353705,0.086839974,0.059183177,0.31381452,0.00017052889
1643,0.6674071,0.06843253,0.100189924,0.07196012,0.5672172,-0.0035275891
1644,0.6668121,0.08738194,0.117400676,0.090560734,0.5494114,-0.0031787977
1645,0.61279196,0.05901462,0.10586901,0.0746369,0.50692296,-0.015622281
1646,0.47568786,0.036188394,0.051016267,0.03548693,0.4246716,0.0007014647
1647,0.5168233,0.071022935,0.06566873,0.047988538,0.45115456,0.023034398
1648,0.52189696,0.008153416,0.057255525,0.038817495,0.46464142,-0.030664079
1649,0.5162452,0.13001768,0.16096982,0.107875496,0.35527536,0.022142187
1650,0.31330815,0.081519544,0.061302695,0.044485107,0.25200546,0.037034437
1651,0.4901339,0.095865846,0.07069964,0.04997827,0.41943428,0.045887575
1652,0.81771237,0.11624417,0.1596008,0.11552393,0.6581116,0.0007202402
1653,0.5201953,0.07381439,0.12794007,0.08954715,0.39225525,-0.015732758
1654,0.6156773,0.12558201,0.15255749,0.10345281,0.4631198,0.0221292
1655,0.85699826,0.14040063,0.17460415,0.13035949,0.68239415,0.0100411475
1656,0.5208576,0.06274086,0.06952816,0.056774613,0.4513294,0.00596625
1657,0.45442384,0.06452987,0.07886612,0.059668377,0.37555772,0.0048614964
1658,0.5592991,0.031748164,0.081138715,0.05345149,0.47816038,-0.021703325
1659,0.40717465,0.06519713,0.09223303,0.06836429,0.3149416,-0.0031671599
1660,0.4223086,0.08968762,0.11157172,0.08639274,0.31073686,0.0032948852
1661,0.5128726,0.062305994,0.08596364,0.06298524,0.42690894,-0.0006792471
1662,0.60695493,0.052973006,0.08562776,0.060917333,0.5213272,-0.007944327
1663,0.58682907,0.07262257,0.11096262,0.069197536,0.47586644,0.003425032
1664,0.66263056,0.08600152,0.10107424,0.066846736,0.56155634,0.019154787
1665,0.5678185,0.03797006,0.082488626,0.053999797,0.4853299,-0.016029738
1666,0.5532988,0.10192463,0.10193357,0.07583373,0.4513652,0.026090898
1667,0.58311766,0.010011202,0.075697795,0.048761416,0.5074199,-0.038750216
1668,0.61692506,0.03834523,0.08488678,0.06096494,0.5320383,-0.02261971
1669,0.5891354,0.059367184,0.06988198,0.0512339,0.51925343,0.008133285
1670,0.51047796,0.07963216,0.09650302,0.06660623,0.41397494,0.013025932
1671,0.53211457,0.03846995,0.077024825,0.041040774,0.45508975,-0.0025708228
1672,0.55021185,0.073580965,0.08154716,0.058379106,0.46866468,0.015201859
1673,0.2701109,0.06391542,0.052159205,0.039600845,0.2179517,0.024314571
1674,0.50086826,0.09014901,0.09260252,0.07568364,0.40826574,0.014465369
1675,0.45983452,0.025269339,0.0683493,0.048766125,0.3914852,-0.023496786
1676,0.6310487,0.076339476,0.11111608,0.077835545,0.5199326,-0.0014960691
1677,0.42111892,0.05070162,0.07102361,0.046474587,0.3500953,0.004227031
1678,0.22910692,0.07382319,0.07030135,0.056015734,0.15880558,0.017807458
1679,0.5713509,0.042403433,0.071645945,0.044822253,0.49970493,-0.0024188198
1680,0.54316425,0.06374596,0.08497136,0.057400163,0.45819288,0.0063457973
1681,0.32177848,0.049138825,0.050562274,0.03529827,0.2712162,0.013840556
1682,0.4660733,0.06461605,0.09017802,0.059967473,0.3758953,0.0046485737
1683,0.51589924,0.09399351,0.07480966,0.05682708,0.44108957,0.037166428
1684,0.3426736,0.025137953,0.04322391,0.026345238,0.29944968,-0.0012072846
1685,0.20342088,-0.010143936,0.05761044,0.036744002,0.14581044,-0.046887938
1686,0.40979838,0.055393364,0.048220936,0.030769346,0.36157745,0.024624018
1687,0.5730063,0.053364202,0.077355176,0.055231117,0.4956511,-0.0018669143
1688,0.44431278,0.061059073,0.09545244,0.07512415,0.34886032,-0.014065079
1689,0.4893169,0.091712296,0.08537105,0.057598304,0.40394586,0.034113992
1690,0.32089055,0.03018424,0.067440026,0.042487577,0.2534505,-0.012303337
1691,0.6706697,0.1551081,0.15820888,0.11881752,0.5124608,0.03629057
1692,0.5481662,0.07797561,0.16234903,0.10254387,0.38581717,-0.02456826
1693,0.6063544,0.058698703,0.07720018,0.055165783,0.52915424,0.00353292
1694,0.45246646,0.08218479,0.08316997,0.061974913,0.3692965,0.020209879
1695,0.30418342,0.020262321,0.0437753,0.030368637,0.26040813,-0.010106316
1696,0.55738926,0.042830206,0.07347457,0.052474465,0.48391467,-0.009644259
1697,0.6687713,0.10635579,0.101898566,0.0704081,0.5668728,0.035947688
1698,0.5395727,0.07168545,0.07125702,0.056263264,0.4683157,0.015422184
1699,0.3025246,0.006121657,0.04618515,0.03213275,0.25633943,-0.02601109
1700,0.58612496,0.04908432,0.09022049,0.057647333,0.49590448,-0.008563012
1701,0.6033026,0.06426525,0.09351663,0.058922328,0.50978595,0.005342923
1702,0.5665928,0.038967486,0.07351663,0.05312542,0.49307618,-0.014157932
1703,0.5424521,0.06683941,0.11357903,0.07555679,0.42887306,-0.00871738
1704,0.49174517,0.040403422,0.07408765,0.049757246,0.41765752,-0.009353824
1705,0.540247,0.02371089,0.07727642,0.04957846,0.4629706,-0.025867572
1706,0.66804606,0.06530281,0.10715226,0.07665732,0.5608938,-0.011354506
1707,0.43856215,0.04189126,0.073272355,0.05822813,0.3652898,-0.016336873
1708,0.41562417,0.037991114,0.077038355,0.051933914,0.33858582,-0.0139428
1709,0.5659306,0.06782282,0.077580415,0.05506774,0.48835018,0.012755081
1710,0.4830776,0.042849716,0.068742916,0.0503551,0.41433465,-0.0075053833
1711,0.47064918,0.11805137,0.1407245,0.10263176,0.3299247,0.01541961
1712,0.3057792,0.039007638,0.059241537,0.040469475,0.24653766,-0.0014618374
1713,0.78361857,0.09042823,0.13900696,0.09475913,0.6446116,-0.004330896
1714,0.7622473,0.12717737,0.17441496,0.1221216,0.58783233,0.0050557703
1715,0.3051669,0.042371485,0.043592703,0.032360997,0.2615742,0.010010488
1716,0.58304435,0.052218664,0.081833296,0.06295235,0.50121105,-0.010733683
1717,0.5344875,0.055934858,0.09918067,0.073855184,0.43530682,-0.017920326
1718,0.52037466,0.07082127,0.14827192,0.107076615,0.37210274,-0.036255345
1719,0.564402,0.07843161,0.104310215,0.075165026,0.46009177,0.0032665804
1720,0.6602405,0.04651689,0.072853126,0.047553025,0.5873873,-0.0010361336
1721,0.502503,0.027537996,0.068924166,0.045349635,0.43357882,-0.01781164
1722,0.48532128,0.026327718,0.06562116,0.043921337,0.41970012,-0.017593618
1723,0.35824585,0.027195897,0.06981057,0.04079858,0.28843528,-0.013602681
1724,0.55890906,0.07279265,0.10550587,0.07826397,0.45340317,-0.005471319
1725,0.70266086,0.11537028,0.16608417,0.11331197,0.5365767,0.0020583123
1726,0.5349195,0.07800521,0.10215278,0.07795153,0.43276674,5.3681433e-05
1727,0.41960692,0.031608105,0.06045953,0.042376045,0.3591474,-0.01076794
1728,0.53352576,0.09564492,0.056943435,0.03821619,0.47658232,0.057428733
1729,0.50260866,0.09183101,0.088147804,0.061000384,0.41446084,0.03083063
1730,0.44762805,0.047560334,0.0731432,0.05356514,0.37448484,-0.0060048066
1731,0.6461377,0.06924754,0.12615809,0.08480405,0.5199796,-0.015556514
1732,0.58828616,0.025040219,0.07596004,0.049826737,0.5123261,-0.024786519
1733,0.4845905,0.07432287,0.061964124,0.047167595,0.42262638,0.027155276
1734,0.58910877,0.07055226,0.123029225,0.08244784,0.46607953,-0.011895582
1735,0.23081458,0.025319891,0.030130308,0.022134244,0.20068426,0.0031856466
1736,0.437439,0.052502844,0.073822744,0.04658382,0.36361626,0.0059190243
1737,0.46973726,0.060695127,0.08256765,0.056676462,0.3871696,0.0040186644
1738,0.40148464,0.029353335,0.041716374,0.02727511,0.35976827,0.0020782258
1739,0.5986601,0.057242718,0.11279519,0.0775454,0.48586494,-0.02030268
1740,0.45511737,0.04499689,0.051419955,0.03463168,0.40369743,0.0103652105
1741,0.6629268,0.051298194,0.118883245,0.0761069,0.54404354,-0.024808705
1742,0.6066509,0.033824775,0.07833504,0.047370166,0.52831584,-0.01354539
1743,0.6707633,0.04028533,0.0570294,0.042085815,0.6137339,-0.001800485
1744,0.5720294,0.0760531,0.10776993,0.083144456,0.46425948,-0.0070913583
1745,0.34850013,0.035427075,0.06938673,0.052734517,0.2791134,-0.017307442
1746,0.49084955,0.041470703,0.08193674,0.06005475,0.4089128,-0.018584047
1747,0.39447922,0.040965114,0.053927258,0.04216506,0.34055197,-0.0011999458
1748,0.5502432,0.066786125,0.13094917,0.081278995,0.41929403,-0.014492869
1749,0.38621092,0.044309907,0.064252324,0.047879495,0.3219586,-0.003569588
1750,0.50364375,0.1060062,0.11833129,0.08266905,0.38531247,0.023337148
1751,0.63580084,0.019365255,0.077035435,0.057383128,0.5587654,-0.038017873
1752,0.47841504,0.047333352,0.09102035,0.059419274,0.3873947,-0.012085922
1753,0.50630647,0.03280558,0.049930073,0.036323056,0.4563764,-0.003517475
1754,0.45187435,0.09405442,0.10962424,0.08292718,0.3422501,0.011127241
1755,0.6937374,0.08360892,0.13244371,0.093011275,0.56129366,-0.009402357
1756,0.5996775,0.067786224,0.079770364,0.057850424,0.5199071,0.0099358
1757,0.76839405,0.04371662,0.109293155,0.0607855,0.6591009,-0.017068878
1758,0.19520503,-0.0049479334,0.023056671,0.022290936,0.17214836,-0.027238868
1759,0.2607795,0.030054688,0.050011497,0.034848884,0.210768,-0.0047941953
1760,0.813091,0.07398318,0.08455749,0.060740385,0.7285335,0.013242792
1761,0.4393385,0.07848705,0.09032613,0.06969705,0.34901237,0.008790001
1762,0.7047995,0.08007953,0.093807876,0.06529616,0.6109916,0.014783375
1763,0.2379003,0.02253212,0.038432114,0.027976055,0.1994682,-0.0054439344
1764,0.3871268,0.07040945,0.087855875,0.05249117,0.29927093,0.017918278
1765,0.6083626,0.073065065,0.10192033,0.070162594,0.5064423,0.0029024705
1766,0.381126,0.037567828,0.06573639,0.037163563,0.3153896,0.00040426478
1767,0.6216339,0.044244513,0.09084255,0.06095495,0.53079134,-0.016710438
1768,0.5279786,0.07965473,0.10378694,0.08169523,0.42419165,-0.002040498
1769,0.49224672,0.058665108,0.09305303,0.06421815,0.3991937,-0.0055530407
1770,0.3905293,0.019143047,0.034689486,0.021750644,0.35583982,-0.002607597
1771,0.33343378,0.052031253,0.0693142,0.050496317,0.26411957,0.0015349351
1772,0.44454068,0.05531425,0.076720096,0.048259422,0.3678206,0.007054828
1773,0.36616623,0.031084077,0.07996296,0.05193339,0.28620327,-0.020849312
1774,0.1712927,0.021446455,0.044331774,0.030119862,0.12696093,-0.008673407
1775,0.64478713,0.0840727,0.10947366,0.08356366,0.5353135,0.00050903857
1776,0.37709042,0.047656905,0.036300052,0.029128952,0.34079036,0.018527953
1777,0.6495485,0.1210604,0.13635552,0.099027365,0.51319295,0.022033036
1778,0.53318524,0.06486892,0.08732377,0.056985833,0.44586146,0.007883087
1779,0.54668695,0.09055512,0.106175415,0.06525425,0.44051152,0.025300868
1780,0.49537358,0.033376772,0.06459024,0.044443727,0.43078333,-0.011066955
1781,0.5972051,0.07183613,0.11431663,0.079616114,0.48288846,-0.0077799857
1782,0.5466055,0.04665542,0.0690669,0.047168598,0.47753865,-0.00051317737
1783,0.39252242,0.056654993,0.08309675,0.058726124,0.30942568,-0.002071131
1784,0.6750589,0.12521267,0.16667238,0.1308295,0.5083865,-0.005616829
1785,0.45813677,0.047080282,0.10600826,0.07389529,0.3521285,-0.026815008
1786,0.65227574,0.08310862,0.110893056,0.0820944,0.5413827,0.0010142177
1787,0.4208188,0.04011049,0.074847944,0.051160306,0.34597087,-0.0110498145
1788,0.6406883,0.05999413,0.08990386,0.06673596,0.55078447,-0.006741829
1789,0.62596655,0.0676536,0.078920394,0.054224882,0.5470462,0.013428714
1790,0.45363894,0.033670276,0.06808238,0.049108624,0.38555658,-0.015438348
1791,0.62343276,0.07575896,0.12007741,0.09069929,0.5033553,-0.014940336
1792,0.44124374,0.042295262,0.097924404,0.06602804,0.34331933,-0.023732781
1793,0.5181356,0.05223936,0.06706629,0.05330665,0.45106933,-0.001067292
1794,0.47319722,0.03517164,0.08594058,0.06427328,0.38725665,-0.029101644
1795,0.47293735,0.104095794,0.13123317,0.094133094,0.3417042,0.0099627
1796,0.40899777,0.031376205,0.050322153,0.031881634,0.35867563,-0.00050542876
1797,0.577655,0.09443386,0.0985493,0.069930315,0.4791057,0.024503544
1798,0.46174642,0.04846063,0.08070581,0.055848002,0.38104063,-0.0073873736
1799,0.5861426,0.040845945,0.06825562,0.050737638,0.517887,-0.009891693
1800,0.47385266,0.04644269,0.064880416,0.048003662,0.40897226,-0.0015609711
1801,0.4935195,0.088456266,0.09883365,0.07093953,0.39468586,0.017516732
1802,0.5963499,0.06681577,0.09575649,0.070199534,0.5005934,-0.0033837631
1803,0.72859067,0.11655094,0.1740457,0.12954113,0.554545,-0.012990192
1804,0.3796959,0.075488396,0.098036245,0.07570511,0.28165966,-0.00021671504
1805,0.42354664,0.07447296,0.062403012,0.044170152,0.36114362,0.030302804
1806,0.4582209,0.11471746,0.08889337,0.065719716,0.36932755,0.048997745
1807,0.39753065,0.011320491,0.06871657,0.03998263,0.3288141,-0.028662141
1808,0.50750214,0.047245752,0.06372022,0.040513635,0.4437819,0.0067321174
1809,0.5844651,0.13848634,0.1332638,0.09911588,0.4512013,0.039370462
1810,0.70874906,0.08080921,0.13519464,0.09444506,0.5735544,-0.013635844
1811,0.1723176,-0.010073215,0.053496517,0.038512614,0.11882108,-0.04858583
1812,0.59562045,0.051679898,0.11241572,0.07942033,0.48320472,-0.02774043
1813,0.5903853,0.090057574,0.08398662,0.06107613,0.5063987,0.028981443
1814,0.77451456,0.1127944,0.1706665,0.115908824,0.60384804,-0.0031144246
1815,0.60506946,0.055416085,0.09792015,0.06409108,0.50714934,-0.008674994
1816,0.40219417,0.17355368,0.16443714,0.12099864,0.23775703,0.052555032
1817,0.37624428,0.016674306,0.040766973,0.028128283,0.3354773,-0.011453977
1818,0.55135757,0.066318356,0.07933841,0.059607197,0.47201917,0.006711159
1819,0.62828624,0.07845416,0.09462307,0.06497781,0.53366315,0.013476349
1820,0.6887086,0.07284223,0.14289317,0.10150864,0.54581547,-0.028666407
1821,0.50532186,0.08442135,0.08468233,0.066413425,0.42063951,0.018007927
1822,0.5394904,0.104887344,0.11074346,0.071355626,0.42874694,0.033531718
1823,0.27682135,-0.0015200023,0.02932282,0.018196866,0.24749853,-0.019716868
1824,0.43421718,0.06475177,0.07035256,0.05187903,0.36386463,0.012872737
1825,0.67774355,0.10361619,0.17684107,0.12786739,0.5009025,-0.024251193
1826,0.6485681,0.067732565,0.11497028,0.07366879,0.5335978,-0.0059362277
1827,0.3421802,0.027220968,0.07671997,0.0524327,0.26546022,-0.025211733
1828,0.5977573,0.06915702,0.10023527,0.07348898,0.497522,-0.0043319613
1829,0.4172851,0.046586137,0.07608079,0.053728517,0.34120432,-0.00714238
1830,0.35656974,-0.005136624,0.024176171,0.014602546,0.33239356,-0.01973917
1831,0.5054512,0.06310526,0.07387061,0.04767593,0.4315806,0.015429333
1832,0.46474412,0.034827817,0.07658401,0.049590107,0.3881601,-0.01476229
1833,0.48135766,0.08926902,0.111341886,0.0878582,0.37001577,0.0014108196
1834,0.5937367,0.02455196,0.08178234,0.058577884,0.51195437,-0.034025922
1835,0.39371055,0.0045721103,0.049640454,0.028944112,0.3440701,-0.024372002
1836,0.7081741,0.086206265,0.11941471,0.084817454,0.5887594,0.0013888106
1837,0.42949894,0.026022032,0.113358706,0.078867786,0.31614023,-0.052845754
1838,0.3938447,0.009808703,0.055751003,0.044737343,0.3380937,-0.03492864
1839,0.5310308,0.07047426,0.07835915,0.05644835,0.45267162,0.014025908
1840,0.52769965,0.032273613,0.06382191,0.044306703,0.46387774,-0.01203309
1841,0.6455868,0.07686995,0.11425315,0.07734587,0.5313336,-0.00047592074
1842,0.3968655,0.03762607,0.07240675,0.049065627,0.32445875,-0.011439558
1843,0.5292126,0.048746534,0.08720878,0.064615466,0.44200382,-0.015868932
1844,0.50886947,0.030379785,0.060064167,0.04112642,0.4488053,-0.010746634
1845,0.48222163,0.067406945,0.08184376,0.04647562,0.40037787,0.020931326
1846,0.6093305,0.08978031,0.098698266,0.07842943,0.5106322,0.011350878
1847,0.65669405,0.08255775,0.13632232,0.09694543,0.52037174,-0.014387675
1848,0.6983351,0.16934103,0.17778586,0.13232799,0.52054924,0.03701304
1849,0.5189695,0.060784165,0.07871131,0.05932093,0.44025818,0.0014632344
1850,0.4350405,0.08622366,0.09475467,0.06989272,0.34028584,0.016330943
1851,0.39943334,0.07342377,0.07737571,0.05861362,0.32205763,0.014810152
1852,0.65137464,0.06817956,0.14386751,0.09259662,0.50750715,-0.024417058
1853,0.5104579,0.06800732,0.067684144,0.037490573,0.44277373,0.030516747
1854,0.32394505,0.05417577,0.068271466,0.044275988,0.2556736,0.009899784
1855,0.44453233,0.052660856,0.08039375,0.056594327,0.3641386,-0.0039334707
1856,0.65662056,0.04542611,0.07237351,0.05453227,0.58424705,-0.009106159
1857,0.51462007,0.06976581,0.13713075,0.0972714,0.37748933,-0.027505584
1858,0.5007135,0.05289561,0.05283572,0.040200215,0.4478778,0.012695394
1859,0.36264995,0.041120008,0.10004523,0.06467372,0.2626047,-0.023553714
1860,0.36255193,0.029306779,0.06772397,0.04959907,0.29482797,-0.020292291
1861,0.7263342,0.058228333,0.106691234,0.072055586,0.619643,-0.013827253
1862,0.5958024,0.055281367,0.08570286,0.061768364,0.5100996,-0.006486997
1863,0.6203048,0.1326709,0.17270496,0.11899992,0.44759986,0.0136709735
1864,0.26996714,0.06599058,0.06851613,0.03832963,0.201451,0.027660951
1865,0.33324102,0.03999563,0.05100031,0.038308907,0.28224072,0.001686722
1866,0.61431545,0.048078507,0.10099325,0.06669154,0.5133222,-0.018613033
1867,0.5201478,0.12045684,0.093994185,0.0698349,0.4261536,0.050621934
1868,0.56140983,0.10771996,0.16559385,0.11140234,0.39581597,-0.0036823824
1869,0.4961407,0.06529727,0.07524091,0.05834036,0.42089978,0.006956909
1870,0.29283726,0.021947188,0.05191226,0.03044452,0.240925,-0.008497331
1871,0.59937316,0.05757133,0.08122458,0.05871758,0.5181486,-0.0011462495
1872,0.60972464,0.05164711,0.08068673,0.062334985,0.5290379,-0.010687873
1873,0.34472835,0.003309789,0.015658833,0.014574143,0.32906953,-0.011264354
1874,0.6020319,0.09439817,0.11297666,0.08131864,0.48905522,0.0130795315
1875,0.21432896,0.08500663,0.048784703,0.037799146,0.16554426,0.047207486
1876,0.48878753,0.051681407,0.10391873,0.061273564,0.3848688,-0.009592157
1877,0.457712,0.07903437,0.073324814,0.05600173,0.3843872,0.023032643
1878,0.52609146,0.10394245,0.12756523,0.07729906,0.39852622,0.026643388
1879,0.7075882,0.08520544,0.10892494,0.08101079,0.5986633,0.0041946545
1880,0.75579333,0.051763937,0.09058528,0.056267586,0.66520804,-0.0045036487
1881,0.53931105,0.04660078,0.082545154,0.054806687,0.4567659,-0.008205906
1882,0.65644497,0.056323253,0.12425553,0.08004644,0.5321894,-0.023723185
1883,0.32663265,0.034045655,0.06714707,0.050501667,0.25948557,-0.016456012
1884,0.365831,0.08016743,0.07882494,0.059079777,0.28700605,0.02108765
1885,0.63837063,0.12196344,0.12739779,0.08496335,0.51097286,0.03700009
1886,0.47462523,0.08012494,0.085387945,0.057149615,0.38923728,0.022975322
1887,0.59710187,0.05659352,0.111190856,0.0762673,0.485911,-0.019673783
1888,0.32544217,0.009583929,0.053937063,0.028862365,0.27150512,-0.019278437
1889,0.46326596,0.03620205,0.075460665,0.051719222,0.38780528,-0.0155171715
1890,0.6124045,0.10067038,0.10806445,0.081805915,0.50434005,0.018864468
1891,0.47203672,0.101433486,0.12113294,0.08725407,0.35090378,0.014179416
1892,0.44969037,0.05576593,0.08326437,0.05639126,0.366426,-0.00062533095
1893,0.42955807,0.059399065,0.06443037,0.045257136,0.36512768,0.014141928
1894,0.28298226,0.012857546,0.043594103,0.02665009,0.23938815,-0.013792544
1895,0.4747808,0.047241192,0.07588968,0.0567788,0.39889112,-0.009537607
1896,0.5065355,0.041927304,0.10695883,0.07217803,0.39957663,-0.030250724
1897,0.47807312,0.08678416,0.112681255,0.07068553,0.36539185,0.016098633
1898,0.66655266,0.10758512,0.1288755,0.09299912,0.53767717,0.014585994
1899,0.4287216,0.047971945,0.06837575,0.048990544,0.36034584,-0.0010185987
1900,0.5141187,0.07662924,0.114976466,0.08064058,0.3991422,-0.0040113404
1901,0.4080769,0.02430269,0.036849782,0.020267693,0.37122715,0.004034996
1902,0.42162168,0.065779544,0.06690611,0.049073912,0.3547156,0.016705632
1903,0.3925116,0.02433304,0.05261487,0.038760222,0.33989674,-0.014427183
1904,0.51113224,0.09991339,0.113455735,0.08321192,0.3976765,0.016701467
1905,0.4823559,0.03663475,0.06384273,0.04334658,0.41851318,-0.0067118295
1906,0.5192219,0.039123863,0.056830104,0.043360457,0.4623918,-0.004236594
1907,0.37881374,0.021280078,0.07251144,0.044845313,0.3063023,-0.023565235
1908,0.5358772,0.07238266,0.09085135,0.07163126,0.44502586,0.0007513985
1909,0.46966317,0.057266667,0.07876462,0.053238925,0.39089856,0.004027743
1910,0.5357188,0.07001452,0.10327715,0.07466298,0.43244165,-0.004648462
1911,0.63687724,0.124917224,0.15065205,0.10888256,0.4862252,0.016034663
1912,0.42343703,0.10605137,0.07180948,0.054914854,0.35162756,0.051136516
1913,0.50198346,0.08991013,0.060915057,0.04160646,0.4410684,0.048303667
1914,0.5032386,0.04991465,0.06852733,0.050316334,0.43471128,-0.00040168315
1915,0.6561171,0.09153198,0.11966935,0.0899146,0.53644776,0.0016173795
1916,0.48583788,0.11047949,0.10694201,0.08200376,0.37889588,0.028475732
1917,0.45278916,0.06710037,0.09389942,0.068943374,0.35888973,-0.0018430054
1918,0.6236375,0.11247871,0.14691961,0.11243504,0.4767179,4.3667853e-05
1919,0.52364206,0.07900981,0.10960845,0.08858776,0.41403362,-0.009577952
1920,0.4545835,0.06491884,0.10384421,0.07030663,0.3507393,-0.0053877905
1921,0.5153309,0.024424834,0.0680599,0.047111236,0.44727102,-0.022686401
1922,0.3536946,0.09303369,0.07167241,0.056110404,0.28202218,0.03692328
1923,0.47930056,0.072885014,0.07891981,0.05891774,0.40038073,0.013967276
1924,0.45444864,0.058211073,0.08301286,0.05969707,0.3714358,-0.001485996
1925,0.7522317,0.14723952,0.17768496,0.13416165,0.57454675,0.01307787
1926,0.5967417,0.117028825,0.15687972,0.10167334,0.43986195,0.015355483
1927,0.5668775,0.07903281,0.14598429,0.09392091,0.4208932,-0.0148881
1928,0.49226522,0.06907669,0.08028541,0.05669112,0.41197982,0.012385566
1929,0.603967,0.07493878,0.105787605,0.07872159,0.4981794,-0.0037828088
1930,0.62028027,0.0727352,0.06837902,0.052714773,0.5519012,0.020020425
1931,0.5383693,0.08746341,0.12775666,0.088712364,0.41061264,-0.0012489557
1932,0.39971307,0.049748953,0.06450966,0.045472015,0.3352034,0.0042769387
1933,0.58141977,0.076397456,0.104321375,0.07309273,0.4770984,0.0033047274
1934,0.42018512,0.06502287,0.07465432,0.057883963,0.3455308,0.007138908
1935,0.49693984,0.055449348,0.12420345,0.088077754,0.3727364,-0.032628406
1936,0.46136415,0.047788706,0.07362908,0.05488866,0.38773507,-0.0070999525
1937,0.41003582,0.049866308,0.06962801,0.05103223,0.34040782,-0.0011659227
1938,0.42212716,0.06546416,0.07960765,0.058486987,0.34251952,0.0069771744
1939,0.41084138,0.054130733,0.075043626,0.056336448,0.33579776,-0.0022057146
1940,0.50376767,0.05287689,0.07716637,0.05930295,0.4266013,-0.0064260587
1941,0.55458117,0.045138404,0.073965795,0.05609769,0.48061538,-0.010959286
1942,0.43005306,0.09239056,0.1231096,0.093498595,0.30694345,-0.0011080354
1943,0.44298896,0.014829659,0.05008018,0.027626302,0.39290878,-0.012796643
1944,0.6420061,0.09392778,0.1265061,0.083562545,0.5155,0.010365233
1945,0.58444536,0.113860704,0.1336106,0.09550919,0.45083475,0.018351518
1946,0.63816845,0.056263532,0.06823825,0.04687922,0.5699302,0.009384312
1947,0.47163263,0.0766065,0.093143195,0.05566227,0.37848943,0.020944227
1948,0.4742747,0.073650114,0.0797899,0.059193775,0.3944848,0.014456339
1949,0.6092006,0.09703646,0.097959355,0.06298264,0.51124126,0.034053817
1950,0.48264673,0.039705113,0.0718903,0.05235558,0.41075644,-0.012650467
1951,0.5028274,0.04127143,0.06824612,0.05322501,0.43458128,-0.011953581
1952,0.5883397,0.052726924,0.07819476,0.04759116,0.51014495,0.0051357634
1953,0.6351336,0.04217516,0.0736562,0.050304346,0.5614774,-0.008129187
1954,0.49187207,0.049635552,0.0832418,0.06557569,0.40863028,-0.015940137
1955,0.4001528,0.08484992,0.07319603,0.05546467,0.32695678,0.029385246
1956,0.59392047,0.058021266,0.08483997,0.05337913,0.5090805,0.0046421364
1957,0.36569464,0.036910392,0.033194557,0.02704351,0.3325001,0.009866882
1958,0.41423863,0.101420194,0.10122534,0.07898192,0.3130133,0.022438273
1959,0.5781617,0.093347885,0.12047295,0.08714863,0.45768875,0.0061992556
1960,0.4379586,0.025515573,0.0655005,0.0431959,0.3724581,-0.017680326
1961,0.4983314,0.042141367,0.07277814,0.05418951,0.42555326,-0.012048144
1962,0.51453763,0.06392106,0.09347544,0.06545163,0.4210622,-0.0015305728
1963,0.58387303,0.04677106,0.07012428,0.051251885,0.51374876,-0.004480824
1964,0.4726139,0.050660755,0.07993052,0.056079302,0.3926834,-0.0054185465
1965,0.41501018,0.04552527,0.074139684,0.053890556,0.3408705,-0.008365285
1966,0.3647915,0.03811093,0.056393046,0.03947422,0.30839846,-0.0013632886
1967,0.53466296,0.058078144,0.08774887,0.066798665,0.44691408,-0.008720521
1968,0.5882535,0.034462612,0.09921309,0.06209834,0.4890404,-0.027635727
1969,0.31898394,0.051293008,0.060389325,0.04483924,0.25859463,0.0064537674
1970,0.5077873,0.05916464,0.09471532,0.066263065,0.41307196,-0.007098425
1971,0.5704727,0.043583572,0.08131889,0.0562893,0.48915383,-0.012705728
1972,0.5376958,0.11818014,0.122199155,0.085648105,0.41549668,0.032532036
1973,0.4522283,0.025573662,0.04060415,0.031638965,0.41162416,-0.0060653035
1974,0.57038,0.05688005,0.0699378,0.04717849,0.50044215,0.009701561
1975,0.43098494,0.12010548,0.112832755,0.08179732,0.3181522,0.038308166
1976,0.3904095,0.05911078,0.082027875,0.057028376,0.30838162,0.0020824037
1977,0.654078,0.11240256,0.1479017,0.110655874,0.5061763,0.0017466843
1978,0.60791355,0.090310246,0.1144121,0.079239234,0.49350145,0.011071011
1979,0.6988039,0.10935707,0.15760824,0.11532276,0.54119563,-0.005965695
1980,0.5240774,0.057679698,0.0898807,0.067325585,0.4341967,-0.009645887
1981,0.39338458,0.053549338,0.0770368,0.055959247,0.31634778,-0.002409909
1982,0.697676,0.080915,0.120829545,0.08538937,0.5768465,-0.0044743717
1983,0.6116525,0.04921641,0.11397249,0.06858099,0.49768,-0.019364584
1984,0.17064537,0.037026644,0.04253735,0.026564706,0.12810802,0.010461938
1985,0.4930182,0.06756087,0.09056532,0.071054205,0.4024529,-0.0034933388
1986,0.61260027,0.0525792,0.07231984,0.04938994,0.5402804,0.003189262
1987,0.46788082,0.071822815,0.11159843,0.07049642,0.35628238,0.0013263971
1988,0.51975054,0.074503124,0.12031803,0.08377515,0.3994325,-0.009272024
1989,0.36994895,0.033107556,0.053571638,0.04174752,0.3163773,-0.008639965
1990,0.6520336,0.0889195,0.13095312,0.09530223,0.5210805,-0.0063827336
1991,0.51845145,0.07089199,0.0737485,0.059613146,0.44470295,0.011278845
1992,0.68162537,0.05840278,0.15793882,0.08546552,0.5236865,-0.02706274
1993,0.777847,0.08997933,0.13474564,0.092623845,0.64310133,-0.0026445165
1994,0.29032606,0.034865074,0.059994448,0.041496288,0.23033161,-0.006631214
1995,0.5072335,0.058221374,0.104871415,0.07499877,0.40236208,-0.0167774
1996,0.5664572,0.120920256,0.1385847,0.10130167,0.4278725,0.019618586
1997,0.3856141,0.036284253,0.04649899,0.03134568,0.3391151,0.0049385726
1998,0.6253377,0.08902154,0.12912399,0.09084266,0.49621373,-0.0018211156
1999,0.67631423,0.05370905,0.08953819,0.067663714,0.586776,-0.0139546655
2000,0.5952582,0.07339383,0.08831386,0.05890789,0.5069443,0.01448594
2001,0.31934127,0.028463624,0.028762495,0.021561263,0.29057878,0.0069023613
2002,0.6603744,0.05916121,0.117403924,0.08313652,0.5429705,-0.023975313
2003,0.52901703,0.032797955,0.133428,0.07911133,0.39558902,-0.046313375
2004,0.50007904,0.0553401,0.09166231,0.06486169,0.40841672,-0.009521592
2005,0.41203037,0.0162149,0.045962434,0.028625002,0.36606795,-0.012410102
2006,0.31983417,0.01739181,0.049776185,0.030719008,0.27005798,-0.013327198
2007,0.5701123,0.055391166,0.08084386,0.05998577,0.48926842,-0.0045946054
2008,0.5584579,0.09678536,0.12824401,0.09765166,0.4302139,-0.00086630136
2009,0.45986706,0.13422827,0.10220593,0.06637441,0.35766113,0.06785386
2010,0.47346234,0.031887956,0.05861299,0.038856592,0.41484934,-0.006968636
2011,0.50024474,0.06634451,0.09859438,0.06893624,0.40165037,-0.0025917366
2012,0.3460697,0.038012374,0.048715994,0.03310331,0.29735368,0.0049090646
2013,0.56117505,0.030187778,0.076162934,0.048493233,0.4850121,-0.018305454
2014,0.47638312,0.07214301,0.09746809,0.06844904,0.378915,0.003693968
2015,0.56401587,0.06284321,0.083248615,0.05728469,0.48076725,0.0055585206
2016,0.4841782,0.06350432,0.071461745,0.05606657,0.41271645,0.0074377544
2017,0.6053173,0.02971739,0.09180897,0.06917809,0.5135083,-0.0394607
2018,0.5484302,0.043961138,0.085163385,0.060195632,0.46326682,-0.016234495
2019,0.57016176,0.055291142,0.08675673,0.0596345,0.48340502,-0.004343357
2020,0.66770816,0.051909935,0.10699722,0.06403975,0.5607109,-0.012129817
2021,0.49605665,0.07930058,0.10601306,0.07974095,0.3900436,-0.00044036657
2022,0.60579664,0.09097902,0.10710352,0.07392561,0.4986931,0.01705341
2023,0.45045665,0.1009194,0.09160641,0.07073553,0.35885024,0.030183874
2024,0.376002,0.056334443,0.057185,0.042486724,0.31881702,0.01384772
2025,0.5470652,0.064112276,0.10905656,0.073122926,0.43800864,-0.00901065
2026,0.5309262,0.05854408,0.06500156,0.042374298,0.46592468,0.016169783
2027,0.61549824,0.071431935,0.07235608,0.053137816,0.54314214,0.018294118
2028,0.31366292,0.060031213,0.07771509,0.065222174,0.23594782,-0.005190961
2029,0.6018204,0.072685756,0.09554784,0.06090952,0.50627255,0.011776235
2030,0.4344742,0.034675054,0.061433878,0.0432764,0.37304032,-0.008601345
2031,0.5121694,0.1568027,0.1212482,0.08252007,0.39092124,0.07428263
2032,0.48540875,0.10100806,0.11439402,0.08880929,0.37101474,0.012198769
2033,0.49224353,0.08375948,0.0942547,0.07080826,0.39798883,0.012951218
2034,0.17678727,0.030857634,0.044861175,0.033547964,0.13192609,-0.0026903301
2035,0.6313756,0.10941943,0.098931715,0.07004366,0.5324439,0.039375767
2036,0.5055139,0.11296733,0.12644362,0.09248581,0.37907028,0.02048152
2037,0.40789786,0.099427655,0.07855141,0.06484058,0.32934645,0.034587078
2038,0.40136433,0.039053485,0.075754985,0.050502572,0.32560933,-0.011449087
2039,0.58815384,0.054547206,0.0849219,0.064964846,0.50323194,-0.01041764
2040,0.4503256,0.06310063,0.08228305,0.061144218,0.36804256,0.0019564107
2041,0.49040985,0.061495677,0.0999515,0.06250054,0.39045835,-0.0010048598
2042,0.42957225,0.0699433,0.06462275,0.04793041,0.3649495,0.022012893
2043,0.40305588,0.042818055,0.058314886,0.040817108,0.344741,0.0020009466
2044,0.4284261,0.10287082,0.102829695,0.07249455,0.3255964,0.03037627
2045,0.42598915,0.08051537,0.09871021,0.07401578,0.32727894,0.0064995885
2046,0.57878715,0.087335065,0.11361675,0.08222655,0.46517038,0.005108513
2047,0.4624332,0.05427006,0.09013214,0.063608125,0.37230104,-0.009338066
2048,0.5836532,0.04521952,0.07730526,0.059514623,0.50634795,-0.014295105
2049,0.45637134,0.03935217,0.07866643,0.051236153,0.37770492,-0.0118839815
2050,0.4952258,0.06337669,0.08193949,0.051727716,0.4132863,0.011648972
2051,0.5836752,0.05657805,0.10626418,0.07005271,0.47741103,-0.013474662
2052,0.48978305,0.07394361,0.08469316,0.06120203,0.40508988,0.012741577
2053,0.6599313,0.11253573,0.113372706,0.08198124,0.5465586,0.030554488
2054,0.6814528,0.11469277,0.12273781,0.090680934,0.558715,0.024011835
2055,0.31691685,0.035282034,0.07073209,0.047788262,0.24618477,-0.012506228
2056,0.5769189,0.067369945,0.13837482,0.09572564,0.4385441,-0.028355695
2057,0.5025943,0.06535299,0.09204813,0.06353262,0.41054615,0.0018203706
2058,0.53632385,0.08878965,0.14773087,0.09954337,0.38859296,-0.010753721
2059,0.5030645,0.061479714,0.09561943,0.06173311,0.40744507,-0.00025339797
2060,0.62169445,0.056267202,0.12234976,0.07488693,0.49934468,-0.018619731
2061,0.43791768,0.09406332,0.04852825,0.032918107,0.38938943,0.061145213
2062,0.613433,0.062039655,0.0981252,0.066313885,0.5153078,-0.0042742305
2063,0.7289284,0.060766112,0.10655918,0.07553329,0.6223692,-0.014767181
2064,0.5602019,0.03647292,0.061095405,0.039647326,0.49910647,-0.0031744055
2065,0.4018242,0.042857762,0.07153616,0.05081718,0.33028805,-0.007959418
2066,0.57993805,0.079380825,0.114289425,0.079864554,0.46564862,-0.00048372895
2067,0.44364357,0.07122167,0.09177303,0.06602508,0.35187054,0.0051965937
2068,0.6214912,0.05970103,0.09476421,0.0677671,0.52672696,-0.008066069
2069,0.47034156,0.08282154,0.12018156,0.08485037,0.35016,-0.0020288303
2070,0.5553216,0.07369671,0.120779626,0.07556681,0.43454194,-0.0018701032
2071,0.5965197,0.049285453,0.11040925,0.07245198,0.48611045,-0.023166526
2072,0.55083984,0.046833515,0.08582786,0.06338555,0.46501198,-0.016552038
2073,0.52506894,0.095821634,0.13265921,0.09444851,0.39240974,0.0013731271
2074,0.36262393,0.068782836,0.046484057,0.033457346,0.31613988,0.03532549
2075,0.5526501,0.07599355,0.09189826,0.06588734,0.46075183,0.010106213
2076,0.3368504,0.015738996,0.04359581,0.032908794,0.29325458,-0.017169798
2077,0.5276681,0.0578727,0.08067493,0.053220835,0.44699317,0.004651867
2078,0.5507968,0.1027128,0.10443491,0.0772308,0.4463619,0.025481999
2079,0.6027503,0.08739367,0.094115295,0.068039015,0.508635,0.019354656
2080,0.47591892,0.038459346,0.0749367,0.04817377,0.4009822,-0.009714425
2081,0.30876845,0.040053103,0.04835018,0.033026088,0.26041827,0.007027015
2082,0.25903067,0.023788895,0.04983711,0.030948466,0.20919356,-0.00715957
2083,0.39077413,0.03810463,0.05208507,0.035361253,0.33868906,0.0027433783
2084,0.35534915,0.022665417,0.04153396,0.027452854,0.3138152,-0.0047874376
2085,0.5541758,0.07217772,0.13358384,0.08335778,0.42059195,-0.011180058
2086,0.41318095,0.10838357,0.094894245,0.06694245,0.31828672,0.04144112
2087,0.32581657,0.043899972,0.08438141,0.04502811,0.24143517,-0.0011281371
2088,0.4612134,0.024866948,0.044842936,0.03358998,0.41637048,-0.008723034
2089,0.587862,0.057724256,0.101557046,0.07331735,0.48630497,-0.015593093
2090,0.687843,0.068255216,0.09239174,0.06628514,0.5954513,0.001970075
2091,0.53213125,0.10653926,0.11616554,0.081587166,0.4159657,0.024952091
2092,0.6986972,0.11819183,0.19849418,0.13204476,0.500203,-0.013852932
2093,0.58370566,0.03402378,0.0830234,0.05159089,0.50068223,-0.01756711
2094,0.72897965,0.13130108,0.15181762,0.113312095,0.577162,0.01798898
2095,0.5529733,0.044366356,0.08280393,0.059618637,0.47016934,-0.015252281
2096,0.46985665,0.08122176,0.11306717,0.08258476,0.35678947,-0.0013630018
2097,0.5025071,0.028522272,0.06359384,0.04163796,0.43891326,-0.013115689
2098,0.60374993,0.042320225,0.0866035,0.061616194,0.5171464,-0.019295968
2099,0.27546227,0.049682904,0.07266146,0.05732155,0.20280081,-0.0076386444
2100,0.5124632,0.14145365,0.15432036,0.119109966,0.35814285,0.022343688
2101,0.56404436,0.08767211,0.105121344,0.080459334,0.458923,0.007212773
2102,0.40000772,0.066642,0.08265584,0.05657918,0.31735188,0.010062821
2103,0.341984,0.03448596,0.04850376,0.037836935,0.29348025,-0.0033509769
2104,0.4321591,0.07168996,0.109960906,0.07986839,0.32219818,-0.008178428
2105,0.600248,0.057068173,0.06794005,0.04328146,0.5323079,0.0137867145
2106,0.28385675,0.03276459,0.05838169,0.040365357,0.22547506,-0.0076007657
2107,0.47443426,0.033890404,0.051215515,0.029017543,0.42321873,0.0048728604
2108,0.7871894,0.093065865,0.117558815,0.08386626,0.6696306,0.009199604
2109,0.4753511,0.06281088,0.08168259,0.05753974,0.3936685,0.005271144
2110,0.5210461,0.061353628,0.099329464,0.07488177,0.42171663,-0.013528142
2111,0.48848438,0.07247711,0.07609786,0.057369176,0.41238654,0.015107933
2112,0.5253596,0.08643742,0.076121956,0.06024702,0.4492376,0.0261904
2113,0.44593862,0.06071831,0.071476586,0.056070484,0.37446204,0.004647825
2114,0.5014551,0.029836949,0.071919546,0.052370545,0.42953557,-0.022533596
2115,0.38137594,0.07667688,0.08501987,0.06289948,0.29635608,0.013777405
2116,0.5384142,0.094478466,0.11750378,0.08540878,0.42091042,0.009069689
2117,0.63030046,0.055191435,0.122883566,0.077860184,0.5074169,-0.02266875
2118,0.63348764,0.10439,0.13083345,0.08706659,0.5026542,0.017323412
2119,0.50930274,0.10484929,0.1022996,0.07952487,0.40700313,0.02532442
2120,0.4974521,0.079392046,0.07715172,0.052907337,0.4203004,0.02648471
2121,0.2413171,0.008848117,0.029791115,0.023519654,0.21152598,-0.014671537
2122,0.54855037,0.08632823,0.10024425,0.064303406,0.4483061,0.022024825
2123,0.5667791,0.046457898,0.05618829,0.03806773,0.5105908,0.00839017
2124,0.53887,0.035067383,0.072671235,0.046375934,0.46619874,-0.011308551
2125,0.3436661,0.06764287,0.05726867,0.038476434,0.28639743,0.029166434
2126,0.5579967,0.048885074,0.07082795,0.050306052,0.48716873,-0.0014209785
2127,0.5755249,0.076502,0.093180895,0.07144373,0.48234403,0.0050582737
2128,0.4902115,0.07202957,0.083963506,0.060355738,0.40624797,0.01167383
2129,0.28980467,0.052446608,0.046069957,0.041437212,0.24373472,0.011009395
2130,0.31086648,-0.0039159097,0.044687197,0.025835775,0.26617926,-0.029751685
2131,0.5340236,0.05211778,0.06893197,0.050692473,0.46509162,0.0014253072
2132,0.56265086,0.04001919,0.097478144,0.06429065,0.4651727,-0.024271458
2133,0.5206615,0.07131492,0.10840164,0.07437786,0.41225982,-0.0030629337
2134,0.60055524,0.039908096,0.054432582,0.036616355,0.54612267,0.003291741
2135,0.38631314,0.021099096,0.055799898,0.03870273,0.33051324,-0.017603634
2136,0.6457064,0.06436144,0.09505103,0.07112729,0.55065536,-0.00676585
2137,0.5030271,0.07310649,0.09322815,0.07022417,0.40979892,0.0028823167
2138,0.5090603,0.12703975,0.15400949,0.121207364,0.35505083,0.0058323815
2139,0.721037,0.1278509,0.15276362,0.121446244,0.56827337,0.0064046606
2140,0.5998638,0.047706053,0.075400054,0.050074402,0.5244638,-0.0023683496
2141,0.34254602,0.08819821,0.095189564,0.0737565,0.24735644,0.014441706
2142,0.34711927,0.08290127,0.119575396,0.07983697,0.22754388,0.0030642971
2143,0.65615815,0.097840235,0.12174467,0.07971506,0.53441346,0.018125176
2144,0.6711303,0.06529864,0.096526965,0.07067458,0.5746033,-0.005375944
2145,0.45374468,0.044563018,0.06756141,0.045113042,0.38618326,-0.0005500242
2146,0.39839062,0.06476375,0.07805634,0.051616173,0.3203343,0.013147574
2147,0.7295297,0.12477426,0.15304996,0.09862625,0.57647973,0.026148014
2148,0.50545675,0.05634065,0.08823595,0.058948632,0.4172208,-0.0026079826
2149,0.5770095,0.059132516,0.106175005,0.0714546,0.4708345,-0.012322083
2150,0.4194481,0.06929366,0.090041,0.07400481,0.3294071,-0.0047111437
2151,0.546223,0.055896334,0.0934937,0.06285978,0.45272928,-0.0069634467
2152,0.65663964,0.08035339,0.07198088,0.05026785,0.58465874,0.030085538
2153,0.44436857,0.084011436,0.11521372,0.08491104,0.32915485,-0.00089960545
2154,0.6786782,0.10024142,0.1385316,0.09312099,0.5401466,0.0071204305
2155,0.53708196,0.05787524,0.07898685,0.054145437,0.4580951,0.0037298016
2156,0.61013556,0.03676834,0.07854245,0.0539207,0.5315931,-0.017152362
2157,0.42588818,0.058847584,0.09029221,0.06558228,0.33559597,-0.006734699
2158,0.41712847,0.041068885,0.074649386,0.057577144,0.34247908,-0.016508259
2159,0.25148126,0.026231233,0.049657512,0.02988662,0.20182376,-0.003655387
2160,0.37799942,0.10621703,0.090428665,0.067054145,0.28757077,0.03916288
2161,0.58584034,0.06374097,0.094229534,0.064552285,0.49161083,-0.0008113161
2162,0.7338365,0.103454314,0.14490177,0.11581798,0.5889347,-0.012363665
2163,0.5510463,0.060178906,0.09122601,0.06468218,0.4598203,-0.0045032725
2164,0.3626033,0.16216484,0.050278492,0.03603319,0.31232482,0.12613165
2165,0.48570743,0.068536565,0.089839175,0.06438122,0.39586824,0.0041553453
2166,0.43919006,0.12637998,0.12106041,0.08639955,0.31812966,0.039980434
2167,0.42013448,0.017119043,0.07634154,0.052654028,0.34379295,-0.035534985
2168,0.4771013,0.049361464,0.060176034,0.047366753,0.41692525,0.0019947104
2169,0.60433847,0.07097692,0.11389555,0.081531994,0.49044293,-0.010555074
2170,0.36779842,0.03533298,0.046933718,0.034855656,0.3208647,0.00047732517
2171,0.41170925,0.031126697,0.0685531,0.045323536,0.34315616,-0.014196839
2172,0.32675916,0.09832624,0.0750677,0.048323926,0.25169146,0.050002318
2173,0.6561846,0.09494739,0.09418995,0.0796246,0.5619947,0.01532279
2174,0.39463398,0.10614625,0.072163284,0.047616433,0.3224707,0.05852982
2175,0.6163298,0.07501859,0.105665095,0.079362504,0.5106647,-0.004343912
2176,0.5669107,0.05465607,0.08513795,0.064684674,0.48177272,-0.010028604
2177,0.44103447,0.089351885,0.084686175,0.06604516,0.35634828,0.023306727
2178,0.41353318,0.072666205,0.07991284,0.05521645,0.33362034,0.017449755
2179,0.7059663,0.08248917,0.18753073,0.11631178,0.5184356,-0.03382261
2180,0.5855436,0.087063655,0.100245476,0.06590055,0.4852981,0.021163106
2181,0.41561583,0.03961517,0.10869895,0.06911739,0.3069169,-0.02950222
2182,0.3954355,0.04771827,0.08193705,0.058549337,0.31349847,-0.0108310655
2183,0.6277845,0.07454181,0.10234131,0.07298533,0.5254432,0.0015564784
2184,0.272189,0.04382541,0.06711063,0.053363692,0.20507836,-0.009538282
2185,0.64410067,0.11159987,0.13586517,0.0967713,0.5082355,0.01482857
2186,0.42691416,0.059773613,0.08178111,0.059562597,0.34513304,0.00021101534
2187,0.4523684,0.028240249,0.04498731,0.02614246,0.4073811,0.0020977892
2188,0.5702746,0.04354269,0.07129638,0.0481174,0.4989782,-0.0045747086
2189,0.48512655,0.08988391,0.11456714,0.0773371,0.37055942,0.0125468075
2190,0.5460085,0.060440537,0.08153736,0.056336522,0.46447116,0.0041040145
2191,0.7908221,0.14275785,0.18429011,0.12669063,0.606532,0.016067222
2192,0.38655084,0.070658855,0.07025249,0.050336838,0.31629837,0.020322017
2193,0.54741305,0.081031494,0.12442579,0.0852049,0.42298725,-0.0041734055
2194,0.465901,0.092722684,0.13454291,0.08637132,0.33135808,0.0063513666
2195,0.6041001,0.06792112,0.10581476,0.07417219,0.49828535,-0.0062510744
2196,0.48386005,0.03795676,0.049985252,0.040750157,0.4338748,-0.0027933978
2197,0.49918276,0.0060874973,0.026580114,0.017809879,0.47260264,-0.011722382
2198,0.2554198,0.03090859,0.045686852,0.034308545,0.20973293,-0.003399955
2199,0.7794735,0.08457251,0.09279619,0.070405416,0.6866773,0.014167093
2200,0.57817894,0.10137004,0.099394836,0.07166115,0.4787841,0.029708885
2201,0.61786515,0.07642205,0.14492314,0.09587348,0.472942,-0.019451432
2202,0.32100782,0.018546466,0.07388223,0.05073525,0.2471256,-0.032188784
2203,0.5080881,0.089221045,0.11812105,0.07929984,0.38996705,0.009921208
2204,0.40351257,0.06755785,0.08207939,0.059447274,0.3214332,0.008110575
2205,0.5262205,0.039674204,0.10706298,0.07052957,0.4191575,-0.030855369
2206,0.6057069,0.05318149,0.08980854,0.06728733,0.51589835,-0.0141058415
2207,0.27853674,0.036950234,0.04149847,0.029997718,0.23703827,0.0069525167
2208,0.5151909,0.066521086,0.08671563,0.053780314,0.42847526,0.012740772
2209,0.53727007,0.11365346,0.07009411,0.0427595,0.46717596,0.07089396
2210,0.49900302,0.061078466,0.08473767,0.058494758,0.41426533,0.0025837086
2211,0.4809001,0.004879006,0.026796287,0.01445317,0.45410383,-0.009574164
2212,0.36734322,0.062015798,0.07634472,0.054899827,0.2909985,0.0071159713
2213,0.5798529,0.09501143,0.097127706,0.0648773,0.48272517,0.030134127
2214,0.3368562,0.051729996,0.0743605,0.056535352,0.2624957,-0.0048053563
2215,0.7551787,0.17047939,0.23756066,0.17889908,0.51761806,-0.0084196925
2216,0.5999621,0.0894533,0.12238231,0.08744413,0.4775798,0.0020091757
2217,0.36344907,0.069912106,0.08614811,0.06666236,0.27730095,0.003249742
2218,0.44347623,0.0253517,0.06199852,0.041181684,0.3814777,-0.015829984
2219,0.6377601,0.05675579,0.098355524,0.07108899,0.5394046,-0.014333203
2220,0.14377522,-0.0060797706,0.016555093,0.009585868,0.12722012,-0.01566564
2221,0.50279844,0.07671951,0.09138751,0.06812201,0.41141093,0.008597501
2222,0.4093599,0.02347676,0.04203221,0.026076896,0.3673277,-0.0026001353
2223,0.38731092,0.07786654,0.08998145,0.0565174,0.2973295,0.02134914
2224,0.46617007,0.06623561,0.053427503,0.03337972,0.41274256,0.03285589
2225,0.48943713,0.050518516,0.07062728,0.05019258,0.41880986,0.00032593682
2226,0.60537255,0.097463995,0.10058073,0.06646419,0.5047918,0.030999802
2227,0.436371,0.03360324,0.08168954,0.05690461,0.35468146,-0.02330137
2228,0.54527795,0.06888112,0.08194941,0.05385776,0.46332854,0.015023358
2229,0.39812556,0.055289213,0.073911235,0.05087286,0.32421434,0.004416354
2230,0.5923663,0.16002546,0.16957659,0.12788111,0.4227897,0.032144353
2231,0.5694699,0.038085036,0.0696272,0.05077142,0.49984273,-0.012686383
2232,0.2219802,0.05461502,0.061279655,0.047637463,0.16070054,0.006977558
2233,0.50630146,0.041038472,0.08603634,0.06098839,0.42026514,-0.019949917
2234,0.4153591,0.0468321,0.06688962,0.04902401,0.3484695,-0.0021919087
2235,0.606084,0.050170466,0.092627525,0.05923668,0.51345646,-0.009066213
2236,0.4942855,0.10408073,0.13226578,0.096534535,0.36201972,0.007546194
2237,0.2644212,-0.0076873354,0.06007627,0.03693436,0.20434493,-0.044621695
2238,0.47696677,0.046234448,0.05402994,0.037030082,0.42293683,0.009204365
2239,0.47436565,0.052987415,0.078514434,0.054841828,0.39585122,-0.0018544123
2240,0.45058694,0.063800946,0.058843676,0.041062064,0.39174327,0.022738881
2241,0.54865974,0.12370862,0.14556824,0.10592257,0.4030915,0.017786048
2242,0.33896038,0.0306803,0.056660224,0.038894683,0.28230014,-0.008214382
2243,0.7022408,0.049256388,0.07891257,0.051191557,0.62332827,-0.0019351691
2244,0.60817444,0.07247892,0.13316892,0.087534726,0.4750055,-0.015055805
2245,0.5556776,0.06967495,0.086655386,0.0547828,0.4690222,0.014892146
2246,0.44708088,0.09891321,0.06867084,0.053602003,0.37841004,0.045311205
2247,0.6051396,0.058808997,0.07717907,0.05503948,0.52796054,0.003769517
2248,0.22968757,0.0020839216,0.020258425,0.015306018,0.20942914,-0.0132220965
2249,0.4315333,0.06435331,0.07332235,0.05507518,0.35821095,0.00927813
2250,0.51078403,0.04148195,0.06971446,0.04917496,0.44106957,-0.0076930113
2251,0.56314635,0.060918994,0.109998375,0.079338476,0.45314798,-0.018419482
2252,0.5219847,0.03224663,0.07152305,0.045074053,0.45046166,-0.0128274225
2253,0.30487245,0.064649664,0.1100174,0.07357803,0.19485506,-0.008928366
2254,0.5784465,0.051994007,0.07396176,0.04933236,0.5044848,0.0026616454
2255,0.47171253,0.06691612,0.09564709,0.060839005,0.37606543,0.006077118
2256,0.42791456,0.09906276,0.11976987,0.0715415,0.3081447,0.02752126
2257,0.44779062,0.050126508,0.061256085,0.043652687,0.38653454,0.0064738207
2258,0.35537124,0.066664,0.08675559,0.06277109,0.26861566,0.0038929135
2259,0.44184574,0.074623875,0.1053347,0.077974364,0.33651105,-0.0033504888
2260,0.27762663,0.051757194,0.055135593,0.041765384,0.22249104,0.00999181
2261,0.5211649,0.10809903,0.15004855,0.11251096,0.37111634,-0.0044119284
2262,0.4632839,0.042493585,0.06977117,0.049099695,0.39351273,-0.0066061094
2263,0.351469,0.037031602,0.05830407,0.036825467,0.29316494,0.00020613521
2264,0.4102267,0.10178174,0.07809405,0.06230666,0.33213264,0.03947508
2265,0.44297865,0.045101278,0.08132281,0.055573206,0.36165583,-0.010471929
2266,0.59375626,0.089241505,0.117780715,0.08963947,0.47597554,-0.0003979653
2267,0.4069015,0.040684257,0.057714418,0.036194865,0.34918708,0.004489392
2268,0.55653846,0.09243527,0.09104912,0.06764087,0.46548933,0.0247944
2269,0.4816784,0.06299846,0.068095244,0.045899753,0.41358316,0.017098706
2270,0.515284,0.03239729,0.06312304,0.04124107,0.45216095,-0.00884378
2271,0.35640037,0.075044155,0.058616754,0.03917293,0.2977836,0.035871226
2272,0.5705242,0.06480136,0.12682338,0.08324719,0.44370085,-0.018445835
2273,0.36547688,0.053003468,0.069373176,0.05396819,0.29610372,-0.0009647235
2274,0.7393575,0.04881544,0.07125775,0.056641847,0.6680997,-0.0078264065
2275,0.7585266,0.11219291,0.124504425,0.094409555,0.6340222,0.017783351
2276,0.59244823,0.07070891,0.08827561,0.060764145,0.5041726,0.009944763
2277,0.40483144,0.0475269,0.072443366,0.055310205,0.33238807,-0.007783305
2278,0.41643733,0.018417886,0.06018926,0.03653574,0.35624808,-0.018117854
2279,0.5279928,0.041441582,0.075405166,0.052698657,0.4525876,-0.011257075
2280,0.5357786,0.06184507,0.078686945,0.05846712,0.45709163,0.0033779517
2281,0.46607015,0.060730338,0.07143187,0.057719946,0.39463827,0.0030103922
2282,0.5500336,0.049265508,0.0871326,0.055345315,0.46290103,-0.006079808
2283,0.36579823,0.07855847,0.070224814,0.05483239,0.2955734,0.023726076
2284,0.63830966,0.13403276,0.12112202,0.090603,0.51718765,0.043429755
2285,0.43606213,0.095470406,0.08801951,0.06743682,0.3480426,0.028033584
2286,0.41230765,0.068009816,0.082492694,0.06441805,0.32981497,0.0035917684
2287,0.27368706,0.05088255,0.04260676,0.032065723,0.23108031,0.018816829
2288,0.4936396,0.051766884,0.09386226,0.059704334,0.39977732,-0.00793745
2289,0.27141023,0.026120767,0.06217459,0.037733596,0.20923564,-0.011612829
2290,0.59324664,0.037989628,0.0760606,0.04443954,0.51718605,-0.0064499117
2291,0.62423295,0.08042219,0.11390162,0.08433475,0.51033133,-0.0039125606
2292,0.6913431,0.09106616,0.08768521,0.06427428,0.6036579,0.026791878
2293,0.7210067,0.10008316,0.2012436,0.12358529,0.5197631,-0.023502134
2294,0.54598075,0.057894945,0.07922548,0.052797623,0.46675527,0.005097322
2295,0.45305145,0.027995678,0.061647665,0.03902039,0.3914038,-0.011024712
2296,0.540913,0.1170642,0.113798514,0.08204153,0.4271145,0.03502267
2297,0.70936316,0.0763787,0.11432952,0.05749437,0.59503365,0.018884335
2298,0.53490835,0.05003714,0.07048948,0.048079453,0.4644189,0.0019576848
2299,0.40853024,0.03384626,0.05444648,0.03317253,0.35408375,0.0006737299
2300,0.53704,0.06661618,0.07791191,0.05186122,0.45912808,0.014754958
2301,0.44414908,0.09107186,0.10742432,0.074762695,0.33672476,0.016309164
2302,0.393833,0.079254344,0.08844848,0.06874976,0.30538452,0.010504581
2303,0.320369,0.07118897,0.08511866,0.058023788,0.23525035,0.013165183
2304,0.59623957,0.07044761,0.09324521,0.06682666,0.50299436,0.0036209524
2305,0.62587875,0.110267274,0.12749156,0.0951189,0.4983872,0.015148371
2306,0.50815207,0.07483867,0.1007651,0.07000449,0.40738696,0.004834175
2307,0.5507028,0.084476165,0.11085401,0.07810311,0.4398488,0.0063730553
2308,0.7702121,0.01652163,0.062400885,0.044700727,0.70781124,-0.028179096
2309,0.48218185,0.07041571,0.08438014,0.060870595,0.3978017,0.009545118
2310,0.5937091,0.048325885,0.101718396,0.07678032,0.49199072,-0.028454434
2311,0.42448896,0.048219886,0.07125306,0.052299496,0.3532359,-0.00407961
2312,0.64977556,0.12890713,0.14645588,0.10307892,0.5033197,0.025828212
2313,0.62478447,0.042572197,0.0725903,0.053026646,0.5521942,-0.01045445
2314,0.16795439,0.00043577756,0.03274344,0.02235871,0.13521095,-0.021922933
2315,0.27041578,0.05911062,0.045478247,0.03216663,0.22493753,0.02694399
2316,0.49095786,0.042413563,0.086896494,0.05488734,0.40406138,-0.012473777
2317,0.5082993,0.040778104,0.07339804,0.046723787,0.43490124,-0.0059456825
2318,0.6380655,0.06301095,0.10516293,0.07477471,0.5329026,-0.011763759
2319,0.49876386,0.04882201,0.07395229,0.05221997,0.42481157,-0.0033979565
2320,0.36060798,0.037356187,0.042093568,0.029581454,0.3185144,0.007774733
2321,0.4147617,0.03645748,0.058061782,0.039712183,0.3566999,-0.0032547042
2322,0.6093053,0.044196624,0.09127821,0.056923933,0.5180271,-0.012727309
2323,0.29926863,0.0346307,0.055690054,0.037800845,0.24357858,-0.0031701438
2324,0.5051932,0.068585075,0.09973077,0.0741644,0.4054624,-0.0055793226
2325,0.370971,0.09232648,0.10353603,0.06552583,0.26743495,0.026800647
2326,0.54826796,0.10582307,0.07921593,0.04947172,0.46905202,0.05635135
2327,0.4536826,0.078716725,0.10016218,0.06582433,0.35352042,0.012892395
2328,0.31922594,0.07732005,0.09275899,0.07118298,0.22646695,0.0061370656
2329,0.48302817,0.051239874,0.07880475,0.053663865,0.4042234,-0.0024239905
2330,0.6420344,0.122184366,0.16379961,0.11532655,0.4782348,0.0068578124
2331,0.1597403,0.033783957,0.04528914,0.028429843,0.114451155,0.005354114
2332,0.28352982,0.0101259975,0.033057574,0.020590186,0.25047225,-0.010464189
2333,0.42758524,0.049568143,0.075839825,0.053643037,0.35174543,-0.004074894
2334,0.78328425,0.06977931,0.12595284,0.08732247,0.6573314,-0.017543167
2335,0.3224392,0.06234881,0.08978509,0.06465956,0.2326541,-0.0023107491
2336,0.5809322,0.092354335,0.12360072,0.1048881,0.45733148,-0.012533762
2337,0.55074316,0.059021,0.09289979,0.060461488,0.45784336,-0.0014404878
2338,0.6648547,0.04615526,0.09169818,0.063912496,0.57315654,-0.017757237
2339,0.45343867,0.09772151,0.11047803,0.078901626,0.34296066,0.018819883
2340,0.5057044,0.09760245,0.11757788,0.08043378,0.38812652,0.01716867
2341,0.6418932,0.06820835,0.08847474,0.058935825,0.55341846,0.009272527
2342,0.36272103,0.05942181,0.058289822,0.044821046,0.3044312,0.014600765
2343,0.57608247,0.07790626,0.1186454,0.075392835,0.45743707,0.0025134236
2344,0.44174093,0.03596821,0.05513348,0.040410534,0.38660744,-0.004442323
2345,0.5244201,0.066741966,0.07183817,0.05558703,0.4525819,0.011154935
2346,0.73564845,0.09851313,0.12942618,0.09390624,0.6062223,0.0046068877
2347,0.5080509,0.07835034,0.10393705,0.0736201,0.40411386,0.0047302395
2348,0.45451838,0.069290295,0.08521968,0.060546827,0.3692987,0.008743469
2349,0.63118005,0.05922756,0.08052458,0.06240356,0.5506555,-0.003176
2350,0.23621313,0.02954873,0.05270577,0.034818705,0.18350737,-0.0052699745
2351,0.46837872,0.079561196,0.09297922,0.07424791,0.3753995,0.0053132847
2352,0.24697727,0.060575306,0.06789917,0.05373459,0.1790781,0.006840717
2353,0.34209123,0.0558485,0.06982904,0.055090252,0.2722622,0.0007582493
2354,0.56755406,0.1291603,0.15578716,0.110463075,0.4117669,0.018697225
2355,0.49603966,0.033108618,0.05868475,0.03833837,0.43735492,-0.0052297525
2356,0.4668073,0.08090794,0.119840555,0.09295913,0.34696674,-0.012051187
2357,0.65078956,0.12600383,0.1571449,0.117876835,0.49364465,0.008126996
2358,0.46940476,0.078721955,0.08392977,0.061096214,0.38547498,0.017625742
2359,0.5564755,0.10750526,0.12159248,0.091912836,0.43488306,0.015592426
2360,0.39044407,0.07273397,0.08233438,0.06306286,0.3081097,0.009671107
2361,0.31868097,0.027836028,0.06828236,0.05136353,0.2503986,-0.023527503
2362,0.3765755,0.047040693,0.06713139,0.050006695,0.3094441,-0.0029660016
2363,0.5467468,0.06298489,0.091651544,0.060671367,0.45509523,0.0023135245
2364,0.5988099,0.050004546,0.072557375,0.053610057,0.5262525,-0.003605511
2365,0.392602,0.047800973,0.0874781,0.060751386,0.3051239,-0.012950413
2366,0.44791812,0.02724009,0.08532719,0.062469233,0.3625909,-0.035229143
2367,0.36611715,0.059635017,0.058003493,0.044621054,0.30811366,0.015013963
2368,0.38984132,0.029174238,0.056429997,0.03998899,0.33341134,-0.010814752
2369,0.5485548,0.05995397,0.08614272,0.06177488,0.46241206,-0.0018209107
2370,0.35368922,0.027237037,0.0892064,0.063324325,0.26448283,-0.03608729
2371,0.68304205,0.09224829,0.14008145,0.1038739,0.5429606,-0.01162561
2372,0.58483815,0.025514266,0.05793456,0.03405771,0.52690357,-0.008543445
2373,0.5180447,0.08023337,0.09423689,0.06853389,0.42380783,0.011699483
2374,0.58021146,0.07680633,0.07351292,0.05710566,0.50669855,0.019700669
2375,0.27382794,0.071436115,0.0721306,0.051233295,0.20169735,0.02020282
2376,0.4596358,0.016453058,0.051477686,0.037093908,0.40815812,-0.02064085
2377,0.61857164,0.095737055,0.098859556,0.06890296,0.5197121,0.026834093
2378,0.44047698,0.024500657,0.04335023,0.031896144,0.39712676,-0.0073954873
2379,0.38997892,0.067321,0.09737414,0.06651373,0.29260477,0.0008072704
2380,0.43308723,0.036542937,0.058755223,0.04030776,0.374332,-0.003764823
2381,0.5679263,0.050180282,0.086378574,0.056081716,0.4815477,-0.0059014335
2382,0.63178974,0.12751395,0.08797397,0.055948,0.5438158,0.07156594
2383,0.62179303,0.06799167,0.09583682,0.07364453,0.5259562,-0.00565286
2384,0.4763277,0.047967117,0.10198028,0.07377599,0.37434742,-0.025808875
2385,0.5115669,0.06864317,0.101747006,0.07606283,0.40981987,-0.0074196607
2386,0.3575708,0.09554689,0.091298535,0.06044714,0.26627225,0.035099745
2387,0.35120267,0.02899453,0.059247933,0.040692635,0.29195473,-0.011698104
2388,0.5924436,0.09544391,0.09758469,0.07180929,0.4948589,0.02363462
2389,0.5368581,0.06845065,0.088622436,0.060145102,0.44823563,0.00830555
2390,0.69808203,0.08537761,0.1472325,0.105680265,0.55084956,-0.020302653
2391,0.31234127,0.054443963,0.067194335,0.050119594,0.24514693,0.004324369
2392,0.5430588,0.07527286,0.1195173,0.079737574,0.42354152,-0.0044647157
2393,0.38129312,0.05172777,0.06925404,0.0492551,0.31203908,0.0024726726
2394,0.42642078,0.0767574,0.09947706,0.07057604,0.32694373,0.0061813593
2395,0.21545863,0.026778735,0.02975997,0.022880511,0.18569866,0.0038982239
2396,0.4852953,0.06186011,0.10414965,0.069083266,0.38114566,-0.0072231553
2397,0.5452281,0.06747768,0.07334458,0.054601055,0.47188354,0.012876626
2398,0.34803972,0.045556467,0.07197816,0.0529444,0.27606156,-0.0073879324
2399,0.5017223,0.054035444,0.08623722,0.06411727,0.41548505,-0.010081824
2400,0.32828474,0.04986668,0.050163865,0.035751313,0.27812088,0.014115367
2401,0.66249347,0.06697649,0.099411495,0.06985465,0.563082,-0.0028781593
2402,0.5532654,0.09652871,0.12553218,0.08088069,0.4277332,0.015648022
2403,0.54284775,0.11466372,0.11034025,0.060193915,0.43250751,0.054469805
2404,0.34507868,0.07782611,0.082857326,0.06369421,0.26222134,0.014131904
2405,0.26449656,0.028946936,0.04178485,0.02716518,0.22271171,0.0017817561
2406,0.2231593,0.038897995,0.051516496,0.03723891,0.17164281,0.0016590841
2407,0.4346536,0.051456537,0.08120544,0.055797286,0.35344815,-0.0043407492
2408,0.6055977,0.06816146,0.09146081,0.06517056,0.51413685,0.0029909015
2409,0.3886502,0.04048578,0.047737684,0.037516974,0.34091252,0.0029688068
2410,0.75132793,0.10259555,0.13498713,0.1069443,0.6163408,-0.0043487474
2411,0.19358459,0.023222785,0.03594769,0.02315882,0.1576369,6.39651e-05
2412,0.3157638,0.029663427,0.0654625,0.04338245,0.2503013,-0.013719024
2413,0.48722494,0.07455689,0.11995091,0.06816351,0.36727402,0.0063933805
2414,0.6928922,0.056406643,0.102071,0.076091245,0.5908212,-0.019684602
2415,0.5093283,0.1188696,0.12940723,0.09662665,0.37992108,0.022242956
2416,0.51442957,0.04869352,0.11770774,0.08374551,0.39672184,-0.03505199
2417,0.49832883,0.06879133,0.08424412,0.06355506,0.41408473,0.005236268
2418,0.5818473,0.08975151,0.122595236,0.09666403,0.45925206,-0.0069125146
2419,0.71076685,0.037021384,0.086157456,0.0629147,0.6246094,-0.025893316
2420,0.59763616,0.07948127,0.101787135,0.06869295,0.495849,0.010788314
2421,0.29028153,0.05311421,0.059998166,0.042805854,0.23028336,0.010308355
2422,0.30014935,0.02788056,0.053616673,0.036331736,0.24653268,-0.008451175
2423,0.5025095,0.012735653,0.045085363,0.027929742,0.4574241,-0.015194089
2424,0.6205886,0.057532966,0.090735346,0.063233025,0.5298532,-0.0057000592
2425,0.55682003,0.0487825,0.10024704,0.07188687,0.456573,-0.023104366
2426,0.3912588,0.05143157,0.07782458,0.05200187,0.31343424,-0.00057030097
2427,0.5993997,0.07763622,0.14865622,0.096172094,0.45074347,-0.018535875
2428,0.62540615,0.10398983,0.14019746,0.0976026,0.4852087,0.0063872337
2429,0.29990897,0.05441432,0.04989735,0.039506674,0.25001162,0.014907647
2430,0.5795035,0.04099958,0.08578049,0.05423368,0.49372298,-0.013234101
2431,0.27448645,0.037146088,0.0646768,0.040638562,0.20980966,-0.0034924746
2432,0.39636484,0.06056766,0.08525992,0.06390729,0.31110492,-0.0033396296
2433,0.628057,0.045710586,0.0923119,0.06165176,0.5357451,-0.015941173
2434,0.41087517,0.015771518,0.068808384,0.041602474,0.3420668,-0.025830956
2435,0.45233202,0.08703308,0.08439886,0.061456103,0.36793315,0.025576975
2436,0.4119732,0.015088463,0.020844849,0.01517791,0.39112836,-8.9447014e-05
2437,0.46601796,0.07227779,0.16783287,0.10831332,0.2981851,-0.03603553
2438,0.5001016,0.060975853,0.07934125,0.053598348,0.4207604,0.0073775053
2439,0.6346407,0.051818322,0.11678062,0.07974412,0.51786005,-0.0279258
2440,0.27677977,0.04929301,0.053265985,0.042875856,0.22351378,0.0064171553
2441,0.6159089,0.0710013,0.11152691,0.07839662,0.504382,-0.0073953196
2442,0.64395267,0.051825136,0.11066595,0.074101634,0.5332867,-0.022276498
2443,0.46481642,0.06271272,0.07910958,0.054815598,0.38570684,0.007897124
2444,0.56362593,0.060854126,0.0875496,0.07193266,0.47607633,-0.011078533
2445,0.6511997,0.064485565,0.10096397,0.0796807,0.55023575,-0.015195139
2446,0.55422837,0.058465127,0.08002617,0.057569593,0.4742022,0.0008955337
2447,0.46659636,0.04942289,0.07621931,0.052075543,0.39037704,-0.0026526526
2448,0.6583226,0.055468347,0.09394298,0.06189287,0.5643796,-0.006424524
2449,0.6279312,0.046236645,0.07622229,0.053548425,0.5517089,-0.00731178
2450,0.5487572,0.08923504,0.111900546,0.082596675,0.43685666,0.006638363
2451,0.48579413,0.038709734,0.0787876,0.04906525,0.40700653,-0.010355517
2452,0.47547415,0.13800569,0.1422173,0.10700697,0.33325684,0.030998722
2453,0.50265586,0.09689248,0.10945929,0.0853424,0.39319658,0.011550084
2454,0.5065999,0.08302521,0.10094039,0.0678465,0.4056595,0.01517871
2455,0.4540554,0.042665727,0.06988256,0.04574237,0.38417286,-0.0030766428
2456,0.66249603,0.0702922,0.13358432,0.09250263,0.5289117,-0.022210434
2457,0.6467918,0.053474512,0.10252111,0.054974798,0.5442707,-0.0015002862
2458,0.46794686,0.044931274,0.06745571,0.0472321,0.40049115,-0.002300825
2459,0.52638096,0.020475652,0.099385954,0.059896164,0.426995,-0.03942051
2460,0.57969344,0.082263604,0.11208317,0.07740787,0.46761027,0.004855737
2461,0.51191366,0.09974881,0.102295846,0.07769331,0.4096178,0.0220555
2462,0.5160459,0.052263353,0.076645195,0.057610698,0.43940073,-0.005347345
2463,0.5532207,0.03793736,0.08431556,0.058771525,0.46890512,-0.020834163
2464,0.5534823,0.047719467,0.08467004,0.06385565,0.46881226,-0.01613618
2465,0.45639732,0.07222492,0.070834346,0.046417475,0.385563,0.025807448
2466,0.7510488,0.17405616,0.2173716,0.16717118,0.5336772,0.006884977
2467,0.5939277,0.07387752,0.09882419,0.07016808,0.49510348,0.003709443
2468,0.81530666,0.033602457,0.10194955,0.07636797,0.7133571,-0.04276551
2469,0.5746824,0.08071697,0.10655356,0.06444145,0.46812886,0.016275518
2470,0.6162701,0.10150154,0.09277774,0.062208105,0.5234924,0.039293434
2471,0.42562792,0.032678094,0.073484994,0.050940547,0.35214293,-0.018262453
2472,0.7239309,0.09514006,0.11598198,0.08591814,0.6079489,0.009221919
2473,0.38644207,0.00068158197,0.059368573,0.036353603,0.32707348,-0.03567202
2474,0.48030376,0.07107662,0.09120488,0.06818973,0.38909888,0.002886884
2475,0.57623017,0.07157081,0.079213105,0.05663802,0.49701706,0.014932793
2476,0.44549644,0.06849468,0.077475786,0.055039424,0.36802065,0.013455253
2477,0.3271428,0.04131481,0.06172858,0.04220498,0.26541424,-0.0008901693
2478,0.31741732,0.025597598,0.046583343,0.032373462,0.27083397,-0.0067758635
2479,0.4302504,0.026117928,0.04551358,0.03343126,0.38473684,-0.0073133335
2480,0.6040194,0.04598742,0.070193864,0.048228454,0.5338255,-0.002241034
2481,0.62391376,0.11365715,0.15000649,0.10713057,0.4739073,0.0065265745
2482,0.5910838,0.09273795,0.13262483,0.08411759,0.458459,0.008620359
2483,0.52685094,0.047828104,0.092208646,0.06214801,0.4346423,-0.014319904
2484,0.60300595,0.06889778,0.09765189,0.075805455,0.50535405,-0.006907679
2485,0.6208418,0.04713731,0.102917805,0.06301103,0.517924,-0.015873719
2486,0.69252616,0.061241273,0.09531681,0.0654815,0.59720933,-0.004240226
2487,0.3396742,0.054252204,0.067943834,0.053370997,0.27173036,0.00088120624
2488,0.48114496,0.048655577,0.086282164,0.05357778,0.3948628,-0.0049222037
2489,0.29217544,0.03809098,0.07416638,0.052345823,0.21800905,-0.014254842
2490,0.48540306,0.08466297,0.08251077,0.060215306,0.4028923,0.02444766
2491,0.4604311,0.035318937,0.06957316,0.041958284,0.39085793,-0.0066393465
2492,0.4893975,0.054444164,0.110202484,0.06734931,0.379195,-0.012905143
2493,0.61362505,0.035236087,0.06923076,0.051050525,0.5443943,-0.015814438
2494,0.55777633,0.13068989,0.1760566,0.122323416,0.38171974,0.008366473
2495,0.4954732,0.102067426,0.11251818,0.083237946,0.382955,0.01882948
2496,0.52920353,0.049213123,0.069031015,0.04123682,0.46017253,0.007976301
2497,0.47008118,0.07086488,0.08308284,0.060172282,0.38699836,0.010692596
2498,0.6387007,0.08185424,0.067326635,0.04779794,0.57137406,0.0340563
2499,0.6593447,0.062035926,0.10029826,0.066193365,0.5590464,-0.004157439
2500,0.39777133,0.025927644,0.05788635,0.034652166,0.33988497,-0.008724522
2501,0.46936378,0.08745698,0.10373129,0.07446455,0.36563247,0.012992427
2502,0.5927661,0.108634464,0.12584311,0.092573196,0.466923,0.016061269
2503,0.6306663,0.11518503,0.12974441,0.08633317,0.5009219,0.02885186
2504,0.35727412,0.017026331,0.037897065,0.027058952,0.31937706,-0.01003262
2505,0.32306927,0.060751293,0.081301406,0.059214137,0.24176787,0.0015371554
2506,0.51300514,0.03377219,0.078187436,0.057772998,0.4348177,-0.024000809
2507,0.65333575,0.102268815,0.16511077,0.13522097,0.48822498,-0.03295216
2508,0.49883938,0.06876064,0.07940804,0.059197526,0.41943133,0.0095631145
2509,0.5375164,0.06380968,0.0675036,0.04856546,0.4700128,0.015244219
2510,0.4268896,0.10598743,0.11548747,0.0891524,0.31140214,0.016835026
2511,0.6025209,0.0822049,0.10994853,0.08570567,0.49257237,-0.003500767
2512,0.63613594,0.084924676,0.13053359,0.0962125,0.50560236,-0.011287823
2513,0.5223661,0.075734325,0.10737629,0.06925216,0.41498983,0.0064821616
2514,0.6259368,0.070135765,0.07520925,0.057153076,0.55072755,0.012982689
2515,0.6007522,0.075699575,0.07816669,0.05578628,0.5225855,0.019913293
2516,0.44803703,0.054777812,0.07127691,0.05314377,0.37676013,0.0016340427
2517,0.63398683,0.07234481,0.079759456,0.059471954,0.55422735,0.012872856
2518,0.37647715,0.03679067,0.057950564,0.04452915,0.3185266,-0.007738482
2519,0.6803179,0.059122957,0.10274339,0.06847494,0.5775745,-0.009351984
2520,0.44855607,0.0875615,0.11301498,0.073767796,0.33554107,0.013793707
2521,0.59300756,0.05795732,0.086153544,0.06261556,0.506854,-0.004658237
2522,0.42095628,0.049808342,0.07688372,0.054856256,0.34407258,-0.0050479136
2523,0.5389353,0.08708278,0.0810792,0.057611886,0.45785612,0.029470894
2524,0.6185431,0.1161618,0.1476195,0.08240032,0.4709236,0.03376148
2525,0.61626744,0.065641835,0.077916816,0.053450227,0.53835064,0.012191609
2526,0.47951353,0.05017939,0.08055505,0.062298402,0.39895847,-0.012119014
2527,0.47303137,0.086221285,0.077888906,0.058464356,0.39514247,0.02775693
2528,0.55488217,0.055887047,0.099003166,0.0644348,0.455879,-0.008547749
2529,0.5168603,0.15688303,0.17062768,0.11757218,0.34623262,0.03931085
2530,0.51738346,0.07332888,0.086818434,0.06268301,0.43056503,0.010645874
2531,0.21115194,0.02834252,0.038849887,0.022811225,0.17230205,0.005531296
2532,0.49377844,0.059160538,0.08682714,0.06255367,0.4069513,-0.0033931285
2533,0.5657145,0.075340904,0.08373824,0.06147078,0.48197624,0.013870124
2534,0.39578712,0.058472198,0.068512656,0.04756017,0.32727447,0.010912027
2535,0.5977191,0.11438043,0.13743038,0.09148985,0.4602887,0.022890575
2536,0.3738034,0.045595895,0.07177074,0.052369107,0.30203265,-0.006773211
2537,0.2742531,0.08916101,0.078450315,0.060098577,0.19580278,0.029062431
2538,0.60152894,0.054925516,0.09230533,0.06552721,0.5092236,-0.010601692
2539,0.5287755,0.055682734,0.08629641,0.05978913,0.4424791,-0.004106395
2540,0.58938503,0.03521829,0.07998376,0.058172673,0.50940126,-0.022954382
2541,0.24927399,0.032439616,0.045867864,0.03466733,0.20340613,-0.0022277161
2542,0.5488836,0.037213758,0.092656724,0.059170604,0.4562269,-0.021956846
2543,0.6613237,0.08560843,0.09591907,0.07507557,0.56540465,0.010532863
2544,0.6742531,0.06835468,0.11168473,0.08116779,0.56256837,-0.012813106
2545,0.45269012,0.065027155,0.08727074,0.061824344,0.3654194,0.0032028109
2546,0.578143,0.06491312,0.076713994,0.05174826,0.501429,0.013164856
2547,0.67445713,0.08936831,0.119526386,0.091496065,0.55493075,-0.0021277517
2548,0.5872552,0.06792856,0.08668536,0.053699065,0.5005698,0.014229495
2549,0.5245558,0.05535542,0.08088409,0.05383798,0.4436717,0.0015174374
2550,0.5461591,0.015498636,0.05773928,0.037593942,0.4884198,-0.022095306
2551,0.4609412,0.05755606,0.093390286,0.06321929,0.3675509,-0.0056632273
2552,0.538562,0.052071612,0.09014167,0.059715476,0.44842035,-0.0076438636
2553,0.47516817,0.055703603,0.07467827,0.052502275,0.4004899,0.0032013282
2554,0.5401163,0.049973983,0.06970599,0.055005774,0.47041032,-0.0050317906
2555,0.5448839,0.09095642,0.12064396,0.09073797,0.42423993,0.00021845102
2556,0.4259206,0.08491624,0.08021811,0.063798845,0.3457025,0.021117397
2557,0.59031934,0.038125295,0.0852264,0.051663432,0.5050929,-0.013538137
2558,0.5621945,0.054557666,0.081417434,0.0606193,0.48077708,-0.006061632
2559,0.57083017,0.09575778,0.12790267,0.09774549,0.44292748,-0.0019877106
