feature_idx,seq_effect_obs,struct_effect_obs,seq_effect_shuffle,struct_effect_shuffle,seq_delta,struct_delta
0,0.5642379,0.14863274,0.16750075,0.11549126,0.39673716,0.03314147
1,0.42412138,0.057851333,0.10069603,0.06502816,0.32342535,-0.0071768276
2,0.34404626,0.053131253,0.058471207,0.044399504,0.28557506,0.008731749
3,0.4456714,0.036634255,0.06582787,0.043423187,0.37984353,-0.006788932
4,0.269293,0.037131313,0.04507502,0.032422613,0.22421798,0.0047087
5,0.40576878,0.081174225,0.11397121,0.08618652,0.29179758,-0.005012296
6,0.3686915,0.06953718,0.10425069,0.06797573,0.2644408,0.001561448
7,0.5436811,0.06559342,0.08483943,0.06552506,0.45884165,6.835908e-05
8,0.43156627,0.08646453,0.079280995,0.05912883,0.35228527,0.027335703
9,0.28813574,0.040480897,0.06951682,0.04271157,0.21861891,-0.002230674
10,0.21188495,0.027502896,0.042149104,0.031112611,0.16973585,-0.003609715
11,0.43241715,0.05409363,0.059928983,0.042775508,0.37248817,0.011318121
12,0.49491927,0.07315701,0.091464564,0.067241706,0.40345472,0.0059153065
13,0.46965423,0.068072155,0.1113032,0.075746834,0.35835102,-0.007674679
14,0.3800852,0.053869884,0.09175129,0.06629938,0.2883339,-0.012429494
15,0.46578643,0.04035683,0.05349001,0.042043515,0.4122964,-0.0016866848
16,0.42929122,0.062228885,0.06888279,0.05102342,0.36040843,0.011205465
17,0.47468978,0.11455945,0.1004356,0.07888868,0.37425417,0.035670772
18,0.52408856,0.11426965,0.11862361,0.09474229,0.40546495,0.01952736
19,0.45686743,0.06608775,0.08816541,0.063176006,0.36870202,0.0029117465
20,0.51433516,0.026095198,0.06719656,0.046422906,0.4471386,-0.020327708
21,0.41831496,0.050660353,0.06789239,0.054334436,0.35042256,-0.0036740825
22,0.5308396,0.068841204,0.119946964,0.06985701,0.41089267,-0.0010158047
23,0.41772056,0.0051695183,0.028164148,0.019113267,0.3895564,-0.013943749
24,0.44477177,0.105084255,0.086836,0.06572793,0.35793576,0.03935633
25,0.5078231,0.058818035,0.07983755,0.060865995,0.42798555,-0.0020479597
26,0.52552056,0.07525571,0.09394414,0.066231355,0.43157643,0.009024352
27,0.26916602,0.053060383,0.051728867,0.041193977,0.21743715,0.011866406
28,0.62352496,0.101091534,0.14264433,0.102616474,0.48088062,-0.0015249401
29,0.40085807,0.06420418,0.0674735,0.046764903,0.33338457,0.017439276
30,0.39323738,0.13346545,0.124337815,0.0910915,0.26889956,0.042373955
31,0.37351948,0.06910215,0.069340765,0.054532755,0.3041787,0.014569398
32,0.43416455,0.053670783,0.06565616,0.053146,0.3685084,0.00052478164
33,0.34362555,0.025578259,0.053439617,0.03718909,0.29018593,-0.01161083
34,0.4991279,0.036982987,0.07540199,0.05566445,0.4237259,-0.018681463
35,0.4593141,0.056590565,0.072490394,0.05270335,0.3868237,0.0038872138
36,0.3761733,0.03607266,0.0572464,0.041573573,0.3189269,-0.0055009127
37,0.54182655,0.06012458,0.060157727,0.043202896,0.48166883,0.016921684
38,0.33531052,0.09661568,0.09101258,0.06334527,0.24429794,0.03327041
39,0.5346724,0.08645328,0.12444032,0.0888913,0.41023207,-0.0024380162
40,0.29429793,0.087894455,0.077798225,0.043055706,0.21649972,0.04483875
41,0.45185727,0.10047077,0.0982416,0.06464528,0.35361567,0.035825484
42,0.38284954,0.030183353,0.05897431,0.042158656,0.32387525,-0.011975303
43,0.59033835,0.121560015,0.12932605,0.1038736,0.4610123,0.017686412
44,0.44840384,0.056377828,0.09037223,0.06340225,0.3580316,-0.0070244223
45,0.48607066,0.097023286,0.12110735,0.07548603,0.36496332,0.02153726
46,0.47067302,0.04004389,0.06287608,0.04315841,0.40779695,-0.0031145178
47,0.6589988,0.071818724,0.11461712,0.08020854,0.5443817,-0.008389816
48,0.46773297,0.032066267,0.067748934,0.045608446,0.39998403,-0.013542179
49,0.5567364,0.043107815,0.07741384,0.053259764,0.47932255,-0.010151949
50,0.4850406,0.07262738,0.09124191,0.06650732,0.3937987,0.0061200634
51,0.5158664,0.043243065,0.08683058,0.05536117,0.4290358,-0.012118105
52,0.3415892,0.05256158,0.062152885,0.046483893,0.27943632,0.006077688
53,0.5712458,0.050820757,0.071441166,0.051072292,0.49980462,-0.00025153533
54,0.47926545,0.06496077,0.100566894,0.069105275,0.37869856,-0.0041445047
55,0.54189926,0.109425314,0.10780965,0.082836,0.4340896,0.026589312
56,0.46516547,0.057379514,0.113843985,0.07553559,0.3513215,-0.018156074
57,0.45633668,0.059771284,0.08882699,0.059392653,0.3675097,0.00037863106
58,0.4309721,0.031237017,0.06949645,0.04715831,0.36147565,-0.015921291
59,0.5061545,0.08769564,0.13884085,0.098014936,0.36731362,-0.010319293
60,0.32143277,0.024180086,0.051409382,0.032922313,0.27002338,-0.008742226
61,0.22852038,0.007211354,0.054106504,0.034928266,0.17441387,-0.027716912
62,0.43061653,0.07894192,0.07034631,0.05267276,0.3602702,0.02626916
63,0.49132252,0.05599142,0.10370547,0.07399159,0.38761705,-0.01800017
64,0.42108086,0.059096783,0.072892316,0.050794527,0.34818855,0.008302256
65,0.4173185,0.037791815,0.06395571,0.04099774,0.3533628,-0.0032059252
66,0.43974048,0.07839067,0.06804218,0.048915386,0.3716983,0.029475287
67,0.501958,0.042579815,0.063781865,0.04745446,0.43817616,-0.0048746467
68,0.4051694,0.06332124,0.08922334,0.06887275,0.31594604,-0.0055515096
69,0.21760087,0.038139213,0.057730727,0.04181264,0.15987015,-0.0036734268
70,0.38306782,0.028334366,0.0831904,0.053069428,0.2998774,-0.024735061
71,0.4338314,0.07539259,0.083576396,0.059615795,0.350255,0.015776794
72,0.41138706,0.049063336,0.08281843,0.050791584,0.32856864,-0.0017282479
73,0.61898345,0.009495615,0.040585376,0.028541699,0.57839805,-0.019046083
74,0.35480112,0.043707326,0.04475169,0.02816016,0.3100494,0.015547166
75,0.54635787,0.05894936,0.07513676,0.05885286,0.47122112,9.649992e-05
76,0.4250205,0.0776768,0.10884946,0.08202854,0.31617102,-0.004351735
77,0.44616145,0.051574897,0.07738445,0.05325946,0.368777,-0.0016845614
78,0.40987808,0.06263405,0.07217081,0.053838853,0.33770728,0.008795198
79,0.4760468,0.008627398,0.045518115,0.026374025,0.4305287,-0.017746627
80,0.41952035,0.05973821,0.053481005,0.041171983,0.36603934,0.018566228
81,0.29969078,0.03473972,0.051688887,0.037648574,0.2480019,-0.002908852
82,0.51382357,0.046583507,0.077357456,0.05116055,0.4364661,-0.0045770444
83,0.3088751,0.08206833,0.07680789,0.06331023,0.23206723,0.018758103
84,0.48345983,0.08159824,0.077216096,0.053823397,0.40624374,0.02777484
85,0.3843375,0.022334618,0.0793271,0.04684471,0.3050104,-0.024510091
86,0.3862072,0.076261334,0.09019358,0.059004158,0.29601362,0.017257176
87,0.4584127,0.067056134,0.08227634,0.05449767,0.37613636,0.012558464
88,0.578851,0.11088395,0.15536419,0.11720112,0.4234868,-0.0063171685
89,0.38410887,0.05107253,0.082781985,0.05723642,0.30132687,-0.0061638914
90,0.4414291,0.051310264,0.048012204,0.038589355,0.3934169,0.012720909
91,0.5441925,0.05938283,0.063643664,0.049035452,0.48054883,0.0103473775
92,0.4824232,0.038355533,0.047818303,0.032320093,0.43460488,0.0060354397
93,0.6060506,0.07691276,0.11625184,0.089220636,0.48979878,-0.012307875
94,0.3987002,0.069167234,0.0874366,0.061354972,0.31126362,0.0078122616
95,0.29855078,0.04010102,0.06259144,0.045409847,0.23595935,-0.0053088255
96,0.55311567,0.09501832,0.10289608,0.080212414,0.45021957,0.0148059055
97,0.50157356,0.02684265,0.06545575,0.048455916,0.43611783,-0.021613266
98,0.50636375,0.07653073,0.12368661,0.08689898,0.38267714,-0.01036825
99,0.3919976,0.037826456,0.08485593,0.05475496,0.30714166,-0.016928505
100,0.55278844,0.06676537,0.08416436,0.062208675,0.4686241,0.004556693
101,0.5357301,0.090513974,0.09882572,0.073448084,0.4369044,0.01706589
102,0.45729846,0.05222697,0.077356115,0.058221303,0.37994236,-0.005994331
103,0.5268929,0.027640661,0.057767037,0.04883338,0.46912587,-0.02119272
104,0.43162802,0.10871781,0.10576579,0.08289294,0.32586223,0.025824867
105,0.49768296,0.053338874,0.07350245,0.048602477,0.4241805,0.0047363974
106,0.33181837,0.044255983,0.053856865,0.03961961,0.2779615,0.0046363734
107,0.57261455,0.060853068,0.095954515,0.066148266,0.47666004,-0.0052951984
108,0.47906834,0.040817965,0.052124213,0.036857836,0.42694414,0.003960129
109,0.26910177,0.029820831,0.046597973,0.029303541,0.2225038,0.0005172901
110,0.4916203,0.031288642,0.07665403,0.050072096,0.4149663,-0.018783454
111,0.38051185,0.028787717,0.06314963,0.04466055,0.31736222,-0.015872832
112,0.35701087,0.037683256,0.05965965,0.046853617,0.2973512,-0.009170361
113,0.3001181,0.080921605,0.08023372,0.052681185,0.21988437,0.02824042
114,0.47992676,0.037843022,0.076922625,0.055654105,0.40300414,-0.017811082
115,0.5580203,0.067220785,0.10008864,0.06422806,0.45793164,0.0029927269
116,0.34147364,0.04812997,0.07645759,0.04954846,0.26501605,-0.00141849
117,0.56409806,0.061221056,0.088228285,0.057848908,0.47586977,0.0033721477
118,0.4409415,0.10833875,0.15366536,0.11682956,0.28727615,-0.008490808
119,0.48938859,0.054823004,0.09685592,0.0660537,0.39253265,-0.0112307
120,0.459004,0.041609753,0.06728447,0.04777966,0.39171955,-0.0061699077
121,0.3848799,0.07562581,0.057209,0.04455874,0.32767087,0.031067066
122,0.45423758,0.034892324,0.06953254,0.048784718,0.38470504,-0.013892394
123,0.42350692,0.13997823,0.103177644,0.074334554,0.32032928,0.065643676
124,0.6191027,0.07102974,0.111321166,0.08070221,0.50778157,-0.00967247
125,0.44984868,0.07019406,0.10150287,0.07355371,0.34834582,-0.003359653
126,0.47506693,0.053815786,0.079787396,0.05315197,0.39527953,0.0006638169
127,0.6055942,0.054330442,0.07266772,0.043480255,0.5329265,0.010850187
128,0.51378,0.068916306,0.10446406,0.078451976,0.40931594,-0.00953567
129,0.41614053,0.052154996,0.07697321,0.053522773,0.33916733,-0.0013677776
130,0.51806194,0.052640326,0.07032866,0.05075739,0.44773328,0.0018829368
131,0.47011322,0.028103348,0.0661978,0.05031788,0.4039154,-0.022214532
132,0.34661868,0.045185577,0.07691519,0.057150364,0.2697035,-0.011964787
133,0.6283549,0.1743811,0.14751327,0.10730958,0.48084164,0.06707153
134,0.42928234,0.09087832,0.09447901,0.06525895,0.33480334,0.025619373
135,0.59380245,0.09106677,0.09523261,0.07043689,0.49856985,0.020629883
136,0.62505245,0.14679609,0.15443213,0.11682615,0.47062033,0.029969946
137,0.28322014,0.041890066,0.03793344,0.029282203,0.2452867,0.012607863
138,0.33115685,0.037397113,0.058517426,0.041307643,0.27263942,-0.0039105304
139,0.33787474,0.041161902,0.054899048,0.036589935,0.2829757,0.004571967
140,0.441395,0.060534354,0.07407963,0.059431467,0.36731538,0.0011028871
141,0.43387198,0.05409436,0.07273392,0.051001612,0.36113808,0.0030927472
142,0.2706138,0.03560009,0.06494687,0.04547703,0.20566693,-0.00987694
143,0.37180427,0.035082825,0.07595411,0.05709903,0.29585016,-0.022016205
144,0.36306885,0.07520536,0.10047975,0.07215437,0.2625891,0.0030509904
145,0.40727076,0.067294,0.070805706,0.0461356,0.33646506,0.0211584
146,0.5170987,0.036542185,0.05760866,0.0421052,0.45949006,-0.005563017
147,0.2805036,0.037129574,0.06074686,0.046663746,0.21975674,-0.009534173
148,0.5747313,0.08441414,0.099033244,0.07593413,0.47569805,0.008480012
149,0.34241125,0.0075954767,0.087837934,0.050482363,0.25457332,-0.042886887
150,0.4300242,0.088441096,0.10273575,0.0610006,0.32728845,0.027440496
151,0.4439103,0.030927192,0.0602068,0.035952505,0.3837035,-0.0050253123
152,0.27302516,0.09143799,0.064534105,0.03839741,0.20849106,0.05304058
153,0.5259063,0.0519702,0.062696606,0.0477749,0.46320972,0.004195299
154,0.4711612,0.04231494,0.09143675,0.05558838,0.37972444,-0.01327344
155,0.32471266,0.097349055,0.06993172,0.05115936,0.25478095,0.046189696
156,0.2592571,0.04329409,0.06020681,0.04007104,0.1990503,0.0032230504
157,0.42342672,0.06596049,0.061420795,0.03964806,0.36200592,0.02631243
158,0.40784496,0.06848284,0.07929698,0.05046349,0.32854798,0.018019348
159,0.5793533,0.1109089,0.14124726,0.10190377,0.438106,0.009005137
160,0.34538883,0.06056323,0.06383767,0.037805825,0.28155115,0.022757404
161,0.41711447,0.068232276,0.078013,0.050074924,0.33910146,0.018157352
162,0.40828678,0.036525924,0.05449973,0.038730532,0.35378706,-0.0022046082
163,0.59539604,0.0928811,0.14831623,0.10149761,0.4470798,-0.0086165145
164,0.36740273,0.050978273,0.075993374,0.05879332,0.29140937,-0.007815048
165,0.4423868,0.04179879,0.0728581,0.05202956,0.3695287,-0.010230772
166,0.41741145,0.024909928,0.03023764,0.023877576,0.3871738,0.0010323524
167,0.44038925,0.017098205,0.057422232,0.04103105,0.38296703,-0.023932846
168,0.5709772,0.051573362,0.10921145,0.07235397,0.46176577,-0.020780604
169,0.36735004,0.068398915,0.08410698,0.06250404,0.28324306,0.005894877
170,0.32918873,0.041621637,0.056458,0.04450936,0.27273074,-0.002887722
171,0.26530802,0.04874922,0.07013964,0.04675767,0.19516838,0.0019915514
172,0.43425503,0.06271241,0.07326246,0.05162342,0.36099258,0.01108899
173,0.52977043,0.077619486,0.08276064,0.054516926,0.4470098,0.02310256
174,0.399577,0.06385882,0.06476584,0.0476072,0.33481115,0.016251624
175,0.21882306,0.019139232,0.03085218,0.022619687,0.18797088,-0.003480455
176,0.54040873,0.06934649,0.09594351,0.0667742,0.44446522,0.0025722906
177,0.48865503,0.07140944,0.1082212,0.070263445,0.38043383,0.0011459962
178,0.55463666,0.053726044,0.0820581,0.057785206,0.47257856,-0.004059162
179,0.53525025,0.070907496,0.09856811,0.06610011,0.43668213,0.004807383
180,0.5263585,0.09620703,0.11125411,0.08493433,0.4151044,0.011272699
181,0.5305803,0.085658,0.11105748,0.079724684,0.4195228,0.0059333146
182,0.4772775,0.07814275,0.082824156,0.059845187,0.39445335,0.01829756
183,0.5526996,0.06671917,0.08189519,0.05983355,0.47080445,0.006885618
184,0.54350245,0.03250904,0.07681363,0.042766042,0.4666888,-0.010257002
185,0.49434492,0.0766364,0.102380075,0.07252468,0.39196485,0.0041117147
186,0.380915,0.046117704,0.0642989,0.039897107,0.3166161,0.006220598
187,0.33900052,0.042645507,0.056278434,0.041015994,0.2827221,0.0016295128
188,0.44448468,0.075125456,0.09430572,0.06809242,0.35017896,0.007033035
189,0.5937025,0.078277566,0.099543504,0.07160305,0.49415898,0.006674513
190,0.4234429,0.08323973,0.12030155,0.08701165,0.30314136,-0.0037719235
191,0.53989655,0.040265225,0.08016228,0.057829108,0.45973426,-0.017563883
192,0.56610113,0.09302753,0.09716769,0.07044497,0.46893343,0.02258256
193,0.64607954,0.09418106,0.10985708,0.08066658,0.53622246,0.0135144815
194,0.3391663,0.0018829758,0.015635666,0.010302175,0.32353064,-0.008419199
195,0.31287453,0.02539427,0.04178071,0.030588204,0.27109382,-0.005193934
196,0.46337706,0.04869636,0.08365378,0.063414276,0.37972328,-0.014717914
197,0.51552314,0.060299847,0.112118,0.08223224,0.40340513,-0.02193239
198,0.4911607,0.03747622,0.10248205,0.06990664,0.38867864,-0.032430418
199,0.4122924,0.034048248,0.07944927,0.048503708,0.33284312,-0.01445546
200,0.48605388,0.051288534,0.079261325,0.058026567,0.40679255,-0.006738033
201,0.4590024,0.06825857,0.096843846,0.07242487,0.36215857,-0.004166305
202,0.45587033,0.03865195,0.05494104,0.04025922,0.4009293,-0.001607269
203,0.15433806,0.022680564,0.022113118,0.015473783,0.13222495,0.007206781
204,0.43169853,0.06373102,0.073585,0.052791934,0.35811353,0.010939088
205,0.47197708,0.045086432,0.057234038,0.04394244,0.41474304,0.001143992
206,0.37954682,0.05222293,0.08560643,0.054693654,0.2939404,-0.0024707243
207,0.5524918,0.058153313,0.08628557,0.059141446,0.46620622,-0.0009881333
208,0.50352037,0.11819635,0.1421034,0.10287166,0.36141697,0.015324697
209,0.40933633,0.04639182,0.08163332,0.056667253,0.327703,-0.010275435
210,0.49420157,0.062369265,0.088132344,0.06378422,0.40606922,-0.0014149547
211,0.41658667,0.05752207,0.0707805,0.046507936,0.34580618,0.011014134
212,0.60424614,0.08615403,0.113720074,0.081575155,0.49052608,0.0045788735
213,0.434047,0.06396887,0.075409584,0.05252797,0.35863742,0.0114408955
214,0.34791428,0.06207379,0.057158772,0.03828738,0.2907555,0.02378641
215,0.55904114,0.019335669,0.059893213,0.033293735,0.49914792,-0.013958067
216,0.5384939,0.08215319,0.08029899,0.056384336,0.45819488,0.025768857
217,0.39673272,0.037062135,0.08434922,0.05079762,0.3123835,-0.013735484
218,0.09350533,0.0040929574,0.0122628985,0.0090791285,0.081242435,-0.004986171
219,0.330769,0.044312242,0.09009631,0.058137484,0.2406727,-0.0138252415
220,0.37214348,0.039087057,0.051647358,0.040878035,0.3204961,-0.001790978
221,0.57026833,0.1178438,0.16292831,0.109917596,0.40734002,0.007926203
222,0.3183828,0.03430557,0.061904278,0.051863812,0.25647852,-0.017558243
223,0.61598974,0.064147666,0.071288064,0.054065667,0.5447017,0.010081999
224,0.53928226,0.062656276,0.102578014,0.07047209,0.43670425,-0.0078158155
225,0.36708605,0.045163993,0.06538307,0.04778409,0.30170298,-0.0026200972
226,0.4528323,0.047694918,0.09185634,0.06348134,0.36097598,-0.01578642
227,0.5405317,0.048603423,0.06707327,0.051340226,0.4734584,-0.0027368031
228,0.38232923,0.05016773,0.057034694,0.039228845,0.32529452,0.010938883
229,0.36797354,0.07134852,0.085798435,0.06568608,0.2821751,0.0056624413
230,0.52883685,0.06407584,0.0903319,0.063295916,0.43850493,0.0007799268
231,0.24227479,0.039298218,0.05381242,0.045408588,0.18846238,-0.00611037
232,0.5269293,0.056582633,0.09602248,0.06684103,0.43090683,-0.010258395
233,0.5005337,0.09544771,0.119218275,0.087796666,0.3813154,0.007651046
234,0.3514884,0.07671898,0.07549485,0.054312214,0.27599356,0.022406764
235,0.5706749,0.083050534,0.12609978,0.09658054,0.44457513,-0.0135300085
236,0.49984914,0.08547642,0.052417513,0.03503965,0.44743162,0.050436772
237,0.29703015,0.03498667,0.056635093,0.04652421,0.24039505,-0.011537541
238,0.45372945,0.07465702,0.10471783,0.07835688,0.34901163,-0.003699854
239,0.542868,0.09744277,0.11600968,0.08042648,0.42685834,0.017016292
240,0.63065815,0.09035568,0.13654023,0.097824685,0.49411792,-0.007469006
241,0.43894276,0.05397842,0.073949166,0.052876834,0.3649936,0.001101587
242,0.4431184,0.11256305,0.12018316,0.096868165,0.32293522,0.015694886
243,0.5156651,0.07392273,0.09969511,0.07217333,0.41597,0.0017494038
244,0.5023836,0.045545235,0.115155324,0.070424646,0.38722825,-0.02487941
245,0.43700203,0.05364133,0.07088929,0.056025475,0.36611274,-0.0023841448
246,0.47552174,0.0030593406,0.02777719,0.023793112,0.44774455,-0.020733772
247,0.45104557,0.061540227,0.08242597,0.059632536,0.36861962,0.0019076914
248,0.49185023,0.048932165,0.07103949,0.049073238,0.42081073,-0.00014107302
249,0.38164976,0.027957046,0.064967535,0.038283404,0.31668222,-0.010326358
250,0.3574462,0.06821911,0.0742955,0.059387907,0.2831507,0.008831203
251,0.4560666,0.031083308,0.07520709,0.04732484,0.38085952,-0.016241532
252,0.46217594,0.029876199,0.050117694,0.038661264,0.41205823,-0.008785065
253,0.4205198,0.091690466,0.08609209,0.061041664,0.3344277,0.030648801
254,0.44194314,0.07646708,0.107873514,0.07686677,0.3340696,-0.0003996864
255,0.3443346,0.085843794,0.054282255,0.039404072,0.29005235,0.046439722
256,0.3704666,0.02509695,0.0555725,0.04109726,0.31489408,-0.016000312
257,0.47278887,0.057990722,0.08039727,0.057562523,0.3923916,0.00042819977
258,0.66043997,0.07063177,0.090581074,0.06561763,0.5698589,0.005014144
259,0.3232487,0.05889993,0.06530311,0.049525756,0.2579456,0.009374175
260,0.5872114,0.101712376,0.119085506,0.085014254,0.46812588,0.016698122
261,0.35229602,0.07051975,0.08015088,0.06204399,0.27214515,0.008475762
262,0.4155121,0.0377139,0.06653455,0.050513387,0.34897757,-0.0127994865
263,0.37620044,0.046242546,0.07604289,0.06181885,0.30015755,-0.015576303
264,0.48012927,0.04627746,0.08653485,0.053449918,0.3935944,-0.007172458
265,0.5316662,0.045316875,0.07048193,0.050360475,0.4611843,-0.0050435998
266,0.43792474,0.08112703,0.08367757,0.060811434,0.35424718,0.020315599
267,0.54154885,0.061897457,0.07261114,0.052315284,0.4689377,0.009582173
268,0.5015664,0.029552165,0.04130116,0.025037322,0.46026525,0.004514843
269,0.30156466,0.06598968,0.064890005,0.050120547,0.23667467,0.015869133
270,0.5199835,0.10251594,0.14896087,0.10953999,0.37102258,-0.0070240498
271,0.4338719,0.07757709,0.0615902,0.044122934,0.3722817,0.033454157
272,0.34457216,0.059293944,0.061588045,0.0480454,0.2829841,0.011248544
273,0.4929067,0.047231648,0.07280851,0.051623877,0.4200982,-0.004392229
274,0.2064716,0.03614252,0.035047304,0.027682992,0.1714243,0.008459529
275,0.42075548,0.066280484,0.083666794,0.059889775,0.33708867,0.0063907094
276,0.49428865,0.0738394,0.14325964,0.0880711,0.351029,-0.014231697
277,0.31217074,0.046509165,0.065931104,0.047549658,0.24623963,-0.0010404922
278,0.5011433,0.051083215,0.07146356,0.0505845,0.42967972,0.0004987158
279,0.4833472,0.13091727,0.11012773,0.07772027,0.3732195,0.053196996
280,0.3288327,0.08332215,0.06022695,0.035793044,0.26860574,0.04752911
281,0.49945012,0.028696274,0.07351865,0.04637517,0.42593145,-0.017678896
282,0.4840604,0.06451446,0.08948727,0.06480912,0.39457315,-0.000294663
283,0.22952864,0.020089502,0.09751496,0.056547783,0.13201368,-0.036458284
284,0.50081325,0.038787935,0.066856235,0.04379165,0.433957,-0.005003717
285,0.33695337,0.056461327,0.07939416,0.057030782,0.2575592,-0.0005694553
286,0.40774292,0.04727975,0.06292158,0.040405277,0.34482133,0.006874472
287,0.43963906,0.06852974,0.10021364,0.064464286,0.3394254,0.004065454
288,0.57819945,0.06390882,0.1007402,0.076261275,0.47745925,-0.012352452
289,0.22683883,0.10904389,0.047895983,0.03346826,0.17894284,0.07557563
290,0.39465046,0.06194795,0.08166538,0.055171743,0.31298506,0.006776206
291,0.4524866,0.029512132,0.06354456,0.04339419,0.38894206,-0.013882058
292,0.48248917,0.07884169,0.09376387,0.0638732,0.38872528,0.014968492
293,0.33867317,0.023365425,0.04988278,0.033879507,0.2887904,-0.010514082
294,0.3051534,0.034967657,0.063803695,0.039736547,0.2413497,-0.0047688894
295,0.33016577,0.040771727,0.061535634,0.04352205,0.26863015,-0.0027503222
296,0.4333339,0.049597215,0.06730515,0.043363158,0.36602876,0.0062340572
297,0.4607996,-0.00062550686,0.026788635,0.014323886,0.43401098,-0.0149493925
298,0.50470793,0.0435839,0.089280516,0.05684998,0.41542742,-0.013266079
299,0.4254633,0.040751178,0.08501557,0.061448626,0.34044772,-0.020697448
300,0.5244727,0.069752984,0.090950325,0.0709988,0.4335224,-0.001245819
301,0.4408245,0.039585654,0.06784863,0.04494783,0.3729759,-0.0053621754
302,0.38001704,0.10999324,0.13366269,0.10585478,0.24635436,0.0041384622
303,0.15138264,0.03641793,0.038768407,0.026456442,0.11261423,0.00996149
304,0.50000566,0.06869317,0.0810682,0.061170988,0.41893744,0.0075221807
305,0.50433624,0.063433625,0.08686945,0.057958297,0.4174668,0.0054753274
306,0.71997905,0.12845606,0.1927999,0.13510597,0.5271791,-0.0066499114
307,0.5139878,0.03979782,0.06871045,0.049378257,0.44527733,-0.009580437
308,0.52900976,0.07808833,0.10812933,0.08064671,0.42088044,-0.0025583804
309,0.5571277,0.085707836,0.14061916,0.09875328,0.41650856,-0.013045445
310,0.49391657,0.054345142,0.07165923,0.05124419,0.42225733,0.0031009503
311,0.4893093,0.05368193,0.08713909,0.052541133,0.4021702,0.0011407956
312,0.2242218,0.04147121,0.059814584,0.04391177,0.16440721,-0.0024405606
313,0.32427713,0.07650437,0.060693506,0.047435723,0.26358363,0.029068649
314,0.34482604,0.07404887,0.09078744,0.06663512,0.2540386,0.0074137524
315,0.32336313,0.14037368,0.051410876,0.039184906,0.27195224,0.10118877
316,0.5434457,0.100883506,0.14479893,0.10569457,0.39864677,-0.0048110634
317,0.44784653,0.06003613,0.07261105,0.050714187,0.3752355,0.009321943
318,0.5341754,0.099932685,0.09531441,0.07153134,0.43886098,0.028401345
319,0.42235324,0.06914497,0.08923991,0.06294542,0.3331133,0.0061995536
320,0.5793007,0.050677348,0.10166769,0.058633786,0.477633,-0.007956438
321,0.53510654,0.045011826,0.07085612,0.046286535,0.46425042,-0.0012747087
322,0.5051088,0.07517449,0.09307054,0.07134931,0.41203824,0.0038251802
323,0.5099694,2.6752034e-05,0.026684957,0.01956017,0.48328444,-0.019533418
324,0.52383083,0.0882645,0.122045,0.07913868,0.40178582,0.009125821
325,0.34827328,0.045663025,0.06436718,0.040339652,0.2839061,0.005323373
326,0.57705206,0.068909846,0.09035583,0.058655802,0.48669624,0.010254044
327,0.43952432,0.038880587,0.07559835,0.04640624,0.36392596,-0.0075256526
328,0.67697996,0.033463452,0.08194969,0.049952757,0.59503025,-0.016489305
329,0.39415422,0.069459066,0.09916819,0.07486501,0.29498604,-0.0054059476
330,0.4929441,0.04463823,0.06949739,0.047516886,0.4234467,-0.0028786547
331,0.5312291,0.061772108,0.10793009,0.060637735,0.42329898,0.0011343732
332,0.5441951,0.073510155,0.1083768,0.07969436,0.4358183,-0.0061842054
333,0.5221861,0.0852227,0.10590627,0.07451254,0.41627982,0.010710157
334,0.4453418,0.061874043,0.0823454,0.065082744,0.3629964,-0.0032087006
335,0.43810543,0.02577625,0.055693485,0.032440085,0.38241196,-0.0066638347
336,0.49939469,0.033472266,0.06290885,0.043482438,0.43648583,-0.010010172
337,0.45219898,0.040091127,0.10325678,0.06373295,0.34894222,-0.023641825
338,0.2537647,0.023602601,0.045984462,0.029696152,0.20778023,-0.0060935505
339,0.35307932,0.059057415,0.054444436,0.03891949,0.2986349,0.020137925
340,0.3842665,0.024356114,0.066168025,0.036899336,0.3180985,-0.012543222
341,0.40503585,0.046963505,0.06581662,0.044896297,0.33921924,0.0020672083
342,0.23465714,0.048680086,0.06930621,0.051959664,0.16535093,-0.003279578
343,0.4572865,0.06646629,0.093140036,0.06583979,0.36414647,0.00062649697
344,0.49435216,0.06899758,0.08814583,0.06514634,0.40620634,0.003851235
345,0.46708137,0.06432406,0.12567222,0.085038185,0.34140915,-0.020714127
346,0.46173847,0.045835648,0.07143493,0.048358664,0.39030355,-0.0025230162
347,0.4447701,0.09496483,0.09461305,0.057927858,0.35015705,0.037036974
348,0.4549909,0.09654864,0.13620105,0.096857585,0.31878984,-0.00030894578
349,0.636335,0.10609165,0.1430702,0.10639524,0.4932648,-0.0003035888
350,0.3016181,0.05723555,0.054860562,0.03696132,0.24675754,0.02027423
351,0.40305105,0.06965854,0.0797508,0.054492254,0.32330024,0.015166286
352,0.61330426,0.033552494,0.0594855,0.033183645,0.55381876,0.00036884844
353,0.41204393,0.08781144,0.10155942,0.07182074,0.3104845,0.015990697
354,0.27352938,0.040124215,0.06268094,0.037249688,0.21084845,0.0028745271
355,0.5045479,0.09728762,0.06576395,0.042328186,0.43878394,0.05495943
356,0.35898015,0.06601547,0.060649123,0.04508741,0.29833102,0.020928059
357,0.44739047,0.029545767,0.054355193,0.036949955,0.39303526,-0.0074041877
358,0.32335636,0.037495002,0.0700198,0.043485977,0.25333655,-0.0059909746
359,0.4737069,0.039972976,0.06715546,0.050027948,0.40655145,-0.010054972
360,0.3722035,0.047018968,0.06883993,0.046938755,0.30336356,8.021295e-05
361,0.44114485,0.038959466,0.06697543,0.045647535,0.3741694,-0.0066880696
362,0.49982032,0.068803646,0.08382728,0.05682787,0.41599303,0.011975776
363,0.550102,0.04599521,0.07981531,0.049288716,0.47028667,-0.0032935068
364,0.42517614,0.04508565,0.06465862,0.047195252,0.36051753,-0.002109602
365,0.42807397,0.06237215,0.10100599,0.07329508,0.32706797,-0.010922927
366,0.44397852,0.041915867,0.061646976,0.040460173,0.38233155,0.0014556944
367,0.5539561,0.11147945,0.16459656,0.11740709,0.38935953,-0.0059276447
368,0.40056473,0.04893388,0.070876405,0.054611783,0.3296883,-0.005677905
369,0.33663988,0.067924194,0.0825196,0.05886184,0.2541203,0.0090623535
370,0.47477412,0.03936262,0.090230964,0.0575522,0.38454315,-0.01818958
371,0.32803634,0.07030307,0.06987909,0.050734065,0.25815725,0.019569002
372,0.46486154,0.079222396,0.09442431,0.06765128,0.37043723,0.011571117
373,0.47027096,0.04254691,0.07129589,0.053919774,0.39897507,-0.011372864
374,0.65019006,0.12162816,0.1489931,0.10374363,0.501197,0.01788453
375,0.51837736,0.06552456,0.10497278,0.06859255,0.41340458,-0.0030679852
376,0.3011459,0.04138653,0.06809536,0.04228228,0.23305055,-0.0008957498
377,0.24677837,0.024844987,0.057527743,0.035379134,0.18925062,-0.010534147
378,0.55023074,0.07866185,0.13530272,0.09333314,0.41492802,-0.014671288
379,0.55247796,0.07750134,0.12192038,0.07994811,0.43055758,-0.0024467707
380,0.31581405,0.056840576,0.0747841,0.046828683,0.24102995,0.010011893
381,0.3833533,0.050145596,0.07413916,0.05033312,0.30921412,-0.00018752366
382,0.5080591,0.047614,0.07575429,0.057315353,0.4323048,-0.009701353
383,0.48860118,0.056717876,0.07905954,0.05679927,0.40954164,-8.139387e-05
384,0.5484934,0.06171018,0.087646894,0.06841023,0.46084648,-0.006700054
385,0.52555406,0.06917113,0.09057591,0.05866961,0.43497816,0.010501519
386,0.37815335,0.06284459,0.08824804,0.0669019,0.2899053,-0.0040573105
387,0.32335362,0.009056883,0.0328492,0.024808705,0.29050443,-0.015751822
388,0.4869492,0.08563907,0.09897238,0.062175807,0.38797683,0.02346326
389,0.4353968,0.05537324,0.07713856,0.057778165,0.35825825,-0.0024049245
390,0.4857332,0.08288433,0.08123608,0.060939264,0.40449715,0.021945063
391,0.5018686,0.045667812,0.089636214,0.059878908,0.4122324,-0.014211096
392,0.53163415,0.07121173,0.091689475,0.0706253,0.43994468,0.0005864352
393,0.4398496,0.06292377,0.10244908,0.06990291,0.3374005,-0.006979145
394,0.5066597,0.05032354,0.08940713,0.058365516,0.41725254,-0.008041978
395,0.612744,0.056468863,0.080436684,0.058908466,0.53230727,-0.0024396032
396,0.62561214,0.047988027,0.094366185,0.06298073,0.53124595,-0.014992699
397,0.41832334,0.069949284,0.074314825,0.055215817,0.3440085,0.014733467
398,0.47645617,0.079921134,0.09476345,0.0626693,0.3816927,0.017251834
399,0.35266328,0.09108378,0.057371356,0.03948475,0.29529193,0.05159903
400,0.23395091,0.036981985,0.05519821,0.035539817,0.1787527,0.0014421679
401,0.41397953,0.035885572,0.06145893,0.037706785,0.35252059,-0.0018212125
402,0.4690469,0.0652233,0.08331012,0.059955075,0.38573676,0.0052682236
403,0.5118962,0.041424546,0.07528585,0.051427316,0.43661034,-0.0100027695
404,0.3133964,0.04939215,0.078294694,0.056944612,0.2351017,-0.0075524636
405,0.49894157,0.09677397,0.12364925,0.08788674,0.37529233,0.008887224
406,0.40048105,0.07541649,0.088365175,0.06896035,0.31211588,0.006456144
407,0.35208791,0.03842034,0.05794973,0.04313421,0.2941382,-0.0047138706
408,0.38019374,0.052911796,0.05740368,0.03925328,0.32279006,0.013658516
409,0.3867474,0.107193306,0.085486926,0.059855644,0.30126047,0.047337662
410,0.46855897,0.07060358,0.09370994,0.061467387,0.37484902,0.0091361925
411,0.47493255,0.058851805,0.09629189,0.065863125,0.37864065,-0.0070113204
412,0.23269002,0.037317947,0.0489098,0.029607834,0.18378022,0.0077101123
413,0.43402684,0.032757003,0.04565486,0.031460095,0.38837197,0.0012969077
414,0.5638933,0.048622046,0.08262402,0.05740378,0.4812693,-0.008781735
415,0.73434716,0.07387805,0.14815782,0.09785026,0.5861893,-0.023972213
416,0.23053393,0.058118284,0.10365793,0.07176719,0.126876,-0.013648905
417,0.5187514,0.052013345,0.077070676,0.056946058,0.4416807,-0.0049327128
418,0.500127,0.030433904,0.050572373,0.03164916,0.44955465,-0.0012152568
419,0.3628637,0.039256554,0.06288488,0.04441066,0.2999788,-0.0051541068
420,0.39900953,0.07454239,0.0849358,0.06572825,0.31407374,0.008814141
421,0.4966536,0.09646668,0.09648823,0.07596058,0.40016535,0.020506106
422,0.4089791,0.059252176,0.09525039,0.06452468,0.3137287,-0.005272504
423,0.45031232,0.08622208,0.1292814,0.09435587,0.3210309,-0.008133784
424,0.4492781,0.093244895,0.07469693,0.05038786,0.37458116,0.042857036
425,0.38030496,0.052994125,0.05157765,0.038809493,0.3287273,0.014184631
426,0.3987563,0.0814338,0.101602696,0.07234684,0.2971536,0.0090869665
427,0.32354388,0.0794715,0.08257109,0.064832315,0.24097279,0.014639184
428,0.5039735,0.021184413,0.048978057,0.027024915,0.45499542,-0.0058405027
429,0.40190867,0.055068027,0.075361796,0.051567208,0.32654688,0.0035008192
430,0.50759184,0.10712088,0.13864127,0.0972145,0.36895058,0.009906381
431,0.5082306,0.08104627,0.10413214,0.07351003,0.40409848,0.00753624
432,0.50156474,0.036129624,0.07984123,0.056532327,0.4217235,-0.020402703
433,0.45150346,0.03567695,0.088585466,0.060500503,0.362918,-0.024823554
434,0.5169387,0.071515515,0.09828861,0.07486241,0.4186501,-0.0033468977
435,0.47409037,0.06826376,0.065803126,0.050219975,0.40828723,0.018043786
436,0.24232686,0.060069118,0.08098394,0.057572108,0.16134292,0.00249701
437,0.5026417,0.074553944,0.10037697,0.0734635,0.4022647,0.0010904446
438,0.13970098,0.018938962,0.018027041,0.011658926,0.12167394,0.007280037
439,0.55974865,0.09753001,0.119237974,0.0837149,0.4405107,0.013815105
440,0.54408956,0.056386113,0.09539806,0.056003705,0.4486915,0.0003824085
441,0.23032424,0.03862354,0.04741013,0.036614623,0.18291411,0.0020089187
442,0.32184735,0.033728875,0.06039927,0.037464198,0.2614481,-0.0037353225
443,0.39221758,0.04606068,0.09931425,0.06882823,0.29290333,-0.022767551
444,0.46347073,0.07585411,0.1212191,0.07934678,0.34225163,-0.0034926757
445,0.5970728,0.07293144,0.12604152,0.0840655,0.47103125,-0.011134058
446,0.43833855,0.058024354,0.035309352,0.021567175,0.4030292,0.03645718
447,0.43449083,0.075932585,0.11411851,0.07674692,0.3203723,-0.00081433356
448,0.34889638,0.0646885,0.074034475,0.054854203,0.2748619,0.009834293
449,0.402505,0.07742131,0.0705232,0.05593671,0.3319818,0.021484599
450,0.31452098,0.0299434,0.04939835,0.03162497,0.26512262,-0.00168157
451,0.48414803,0.07193562,0.09757417,0.06621923,0.38657385,0.0057163835
452,0.43384328,0.041524097,0.06908387,0.044028986,0.36475942,-0.002504889
453,0.40432072,0.06275107,0.08591662,0.059001304,0.31840408,0.0037497655
454,0.47728723,0.050840054,0.08137581,0.057633713,0.39591143,-0.006793659
455,0.33939883,0.011989134,0.022122895,0.01567809,0.31727594,-0.0036889547
456,0.415322,0.06060548,0.0877924,0.06398565,0.3275296,-0.003380172
457,0.4560555,0.075461835,0.10282105,0.077283666,0.35323444,-0.0018218309
458,0.37185043,0.015441896,0.040075213,0.02615443,0.33177522,-0.010712534
459,0.48804733,0.07709616,0.09963934,0.06596888,0.388408,0.011127278
460,0.50395185,0.03159037,0.07490676,0.052662555,0.42904508,-0.021072187
461,0.46730953,0.020684319,0.08282235,0.06011484,0.38448718,-0.03943052
462,0.5220874,0.025298089,0.055346485,0.03697417,0.4667409,-0.0116760805
463,0.44667518,0.07909686,0.09864326,0.064876035,0.34803194,0.014220826
464,0.44503987,0.105532214,0.14196898,0.104931094,0.3030709,0.0006011203
465,0.50000143,0.072568536,0.0824274,0.06451163,0.41757405,0.008056909
466,0.4629698,0.12400031,0.09483912,0.07260661,0.36813068,0.051393703
467,0.4363174,0.07257,0.0761458,0.051820442,0.36017162,0.020749561
468,0.46109965,0.0663267,0.08938408,0.06444175,0.37171558,0.0018849522
469,0.4687717,0.059323516,0.10261396,0.07609555,0.36615774,-0.016772036
470,0.39233384,0.035484698,0.06774686,0.048084307,0.324587,-0.01259961
471,0.44321686,0.07841586,0.113518976,0.08485934,0.32969788,-0.006443478
472,0.33589602,0.076320216,0.06925114,0.044576034,0.26664487,0.031744182
473,0.4931312,0.030899843,0.05437307,0.038961083,0.43875813,-0.0080612395
474,0.5637661,0.07632402,0.09853329,0.07160783,0.46523285,0.004716195
475,0.575583,0.07000311,0.12491827,0.08889181,0.4506647,-0.018888704
476,0.45863104,0.0712054,0.087526925,0.062492773,0.37110412,0.008712627
477,0.49945876,0.0640639,0.08028789,0.05690524,0.41917086,0.0071586594
478,0.609089,0.024575572,0.058297776,0.034532253,0.55079126,-0.00995668
479,0.46050835,0.14136484,0.15456434,0.12112601,0.30594403,0.020238832
480,0.42633954,0.051458847,0.061429694,0.0460937,0.36490983,0.005365148
481,0.535111,0.074555986,0.13853604,0.08589258,0.39657497,-0.011336595
482,0.33355412,0.07230664,0.0705162,0.045229252,0.26303792,0.027077388
483,0.42528805,0.051751498,0.10212683,0.07446682,0.3231612,-0.022715319
484,0.50087506,0.071211375,0.117169924,0.08209045,0.38370514,-0.010879077
485,0.36681864,0.050334323,0.0725027,0.046161067,0.29431593,0.0041732565
486,0.25298995,0.03455745,0.0640741,0.03722112,0.18891585,-0.0026636682
487,0.6083665,0.02996502,0.043144953,0.026290627,0.56522155,0.0036743935
488,0.5092802,0.025150826,0.070405565,0.048282314,0.43887463,-0.023131488
489,0.44297174,0.030917471,0.05062675,0.033711106,0.39234498,-0.0027936343
490,0.49963975,0.054702863,0.08129797,0.058193307,0.4183418,-0.0034904443
491,0.26432678,0.030837275,0.057912678,0.03902595,0.2064141,-0.008188676
492,0.33312547,0.08805566,0.091212556,0.07649535,0.24191292,0.011560313
493,0.3175039,0.056747478,0.0609596,0.045789056,0.2565443,0.010958422
494,0.60229105,0.069736935,0.10830514,0.08240947,0.4939859,-0.012672536
495,0.46622032,0.03684098,0.056668233,0.0384835,0.4095521,-0.0016425215
496,0.46675816,0.026653023,0.04609552,0.032311864,0.42066264,-0.0056588408
497,0.46286777,0.02343341,0.09150955,0.05938123,0.37135822,-0.035947822
498,0.5309567,0.08535614,0.10470482,0.07305851,0.42625186,0.01229763
499,0.35002816,0.035661668,0.050185736,0.03479885,0.29984242,0.0008628182
500,0.34929383,0.06657283,0.061928954,0.04465663,0.28736487,0.0219162
501,0.39594826,0.046601605,0.07327328,0.0526002,0.322675,-0.0059985965
502,0.51619303,0.08156765,0.09518207,0.07233533,0.42101097,0.00923232
503,0.47858194,0.052748904,0.084312744,0.055842116,0.3942692,-0.0030932128
504,0.36189938,0.090114355,0.11014049,0.0736661,0.25175887,0.016448252
505,0.3440547,0.103063874,0.096283734,0.07291475,0.24777097,0.030149125
506,0.27121317,0.034267347,0.04546389,0.033216625,0.22574928,0.0010507219
507,0.44468555,0.11138841,0.070545115,0.0394319,0.37414044,0.07195651
508,0.47265077,0.099283546,0.07777509,0.04880409,0.39487568,0.050479457
509,0.45436674,0.038994517,0.0880659,0.057805363,0.36630085,-0.018810846
510,0.3806755,0.052411254,0.068514235,0.049611215,0.31216127,0.00280004
511,0.4390669,0.06134031,0.10280269,0.0683315,0.3362642,-0.0069911927
512,0.35968372,0.066933416,0.087482244,0.06643501,0.27220148,0.0004984066
513,0.38227335,0.086984545,0.109375685,0.082145855,0.27289766,0.00483869
514,0.44488704,0.072271705,0.09463384,0.068670064,0.3502532,0.0036016405
515,0.50925255,0.038630366,0.061334714,0.04730872,0.44791782,-0.008678354
516,0.5046567,0.056490593,0.074717365,0.05515026,0.4299393,0.0013403334
517,0.46266162,0.08543711,0.12149581,0.07420625,0.3411658,0.011230864
518,0.59202254,0.08990605,0.08701413,0.06493275,0.5050084,0.024973303
519,0.4797462,-9.7245225e-05,0.022762032,0.013778639,0.45698416,-0.013875884
520,0.4082483,0.05600445,0.08012687,0.056002088,0.32812142,2.361834e-06
521,0.5023313,0.06275773,0.100318395,0.06567091,0.4020129,-0.002913177
522,0.61489016,0.076242305,0.114458695,0.07917667,0.5004315,-0.0029343665
523,0.32480276,0.05765226,0.06053926,0.046954926,0.2642635,0.010697335
524,0.37012136,0.04096243,0.081423976,0.05988841,0.2886974,-0.01892598
525,0.5063738,0.06812252,0.1221525,0.077542596,0.38422132,-0.0094200745
526,0.49433276,0.066571124,0.083152205,0.06080757,0.41118056,0.005763553
527,0.5256703,0.073238306,0.12363652,0.087151624,0.40203378,-0.0139133185
528,0.3457197,0.06414203,0.07143437,0.04861767,0.27428532,0.015524365
529,0.5380968,0.08615697,0.12196739,0.08795531,0.4161294,-0.0017983392
530,0.45219997,0.078351595,0.103516705,0.06943942,0.34868327,0.008912176
531,0.38457346,0.05528272,0.08456466,0.066542715,0.3000088,-0.011259995
532,0.4817135,0.030660773,0.06985776,0.050914265,0.41185576,-0.020253493
533,0.61055386,0.1197348,0.18652546,0.1283221,0.4240284,-0.008587293
534,0.75791305,0.020938264,0.086663544,0.04634823,0.6712495,-0.025409965
535,0.526754,0.063039236,0.114090055,0.08013036,0.41266397,-0.017091125
536,0.468423,0.07538467,0.108884074,0.07734644,0.35953894,-0.0019617677
537,0.36134514,0.030293692,0.05304554,0.037465382,0.3082996,-0.0071716905
538,0.3401861,0.044541568,0.090296306,0.06571046,0.24988979,-0.021168895
539,0.4758967,0.052837092,0.054517094,0.04038457,0.4213796,0.012452524
540,0.4479586,0.031806104,0.049031254,0.03392732,0.39892733,-0.0021212175
541,0.51367986,0.09199825,0.12445408,0.08746323,0.38922578,0.0045350194
542,0.36431348,0.0626361,0.09934484,0.06766774,0.26496863,-0.005031638
543,0.7384759,0.0020034476,0.040053226,0.024967892,0.6984227,-0.022964444
544,0.45865306,0.08904533,0.12456558,0.084812514,0.3340875,0.0042328164
545,0.50801694,0.07326728,0.093712874,0.06061886,0.41430408,0.012648422
546,0.4162571,0.049647745,0.061304785,0.03939049,0.35495234,0.010257255
547,0.419368,0.06851206,0.087043755,0.064700976,0.33232424,0.0038110837
548,0.38096616,0.044864565,0.07680221,0.05059279,0.30416393,-0.005728226
549,0.44219488,0.033356167,0.07195935,0.053447768,0.37023553,-0.0200916
550,0.68403184,-0.0017293268,0.035309497,0.01705969,0.64872235,-0.018789016
551,0.43383262,0.06684381,0.079224244,0.0485669,0.35460836,0.018276908
552,0.42795354,0.04742188,0.07945744,0.048898567,0.3484961,-0.0014766864
553,0.5526717,0.032451164,0.07492819,0.050244667,0.47774348,-0.017793503
554,0.6244009,0.12025575,0.14956045,0.10868765,0.47484046,0.011568107
555,0.4467768,0.08521833,0.10241736,0.07650108,0.34435946,0.008717254
556,0.44508347,0.052940454,0.08702318,0.064640746,0.3580603,-0.011700291
557,0.31585723,0.06365411,0.062457845,0.042781357,0.25339937,0.020872753
558,0.46577847,0.07546549,0.103215486,0.07490951,0.36256298,0.0005559847
559,0.42231405,0.02830067,0.03056329,0.024699355,0.39175075,0.0036013164
560,0.54004586,0.06001645,0.09303245,0.06259134,0.4470134,-0.0025748871
561,0.3661885,0.05897121,0.07698563,0.054034233,0.28920287,0.004936978
562,0.32813597,0.04159236,0.06529666,0.044985477,0.26283932,-0.0033931173
563,0.4676914,0.0528839,0.07858292,0.06528899,0.38910848,-0.01240509
564,0.29777104,0.06878279,0.06234974,0.040934134,0.2354213,0.027848657
565,0.37843484,0.0669526,0.08354582,0.054461736,0.29488903,0.012490865
566,0.32002246,0.06687056,0.07068494,0.05117422,0.24933752,0.015696343
567,0.5026736,0.06133765,0.07583704,0.053352818,0.42683658,0.007984832
568,0.4973309,0.05446914,0.082596496,0.05823243,0.41473442,-0.003763292
569,0.48952678,0.040182907,0.058632903,0.04296507,0.43089387,-0.0027821623
570,0.40713993,0.09162626,0.046136465,0.03207059,0.36100346,0.05955567
571,0.40066686,0.06713256,0.09447718,0.06381466,0.3061897,0.0033179
572,0.45607522,0.107297964,0.08310835,0.058357432,0.3729669,0.048940532
573,0.38205445,0.042636212,0.06914627,0.050190877,0.31290817,-0.007554665
574,0.32583973,0.040275984,0.07332184,0.054302994,0.25251788,-0.014027011
575,0.42958975,0.03607937,0.05458138,0.04207066,0.37500837,-0.0059912913
576,0.36873424,0.015850969,0.052722313,0.03512671,0.31601194,-0.01927574
577,0.4677355,0.06453055,0.09650366,0.06915656,0.37123185,-0.004626006
578,0.35670534,0.03946963,0.058759786,0.045866467,0.29794556,-0.0063968375
579,0.40753385,0.055185255,0.08638304,0.06075917,0.3211508,-0.005573917
580,0.5572612,0.04756912,0.08454957,0.058198538,0.47271165,-0.010629419
581,0.41540644,0.0462131,0.06376703,0.0428479,0.3516394,0.0033652
582,0.40313762,0.0904872,0.106101096,0.075314246,0.29703653,0.015172951
583,0.4454289,0.05341998,0.06572508,0.050919723,0.37970382,0.0025002584
584,0.49165666,0.08072445,0.10336851,0.07425723,0.38828814,0.0064672157
585,0.42752558,0.10301957,0.12487199,0.09053984,0.30265358,0.01247973
586,0.46474504,0.04972658,0.07411013,0.05252831,0.39063492,-0.0028017312
587,0.49163535,0.101471886,0.118210495,0.08381435,0.37342486,0.017657533
588,0.49826506,0.06553564,0.104671955,0.071070656,0.3935931,-0.005535014
589,0.46287838,0.07358773,0.09257515,0.06186947,0.3703032,0.011718262
590,0.4893792,0.093758725,0.07015707,0.045556676,0.41922212,0.04820205
591,0.4438404,0.01937475,0.0651644,0.04216729,0.378676,-0.02279254
592,0.41423526,0.05554579,0.07941438,0.061428107,0.33482087,-0.005882319
593,0.45763388,0.004879846,0.024855528,0.015082597,0.43277836,-0.010202751
594,0.39135718,0.068169646,0.08127,0.06113825,0.31008717,0.007031396
595,0.5211569,0.054205693,0.08485838,0.059183925,0.43629852,-0.004978232
596,0.44352117,0.05180941,0.09697821,0.06648262,0.34654295,-0.014673207
597,0.5671712,-0.0035400363,0.017191747,0.0067723603,0.54997945,-0.010312397
598,0.45416868,0.0714654,0.10367241,0.071194015,0.35049626,0.0002713874
599,0.41933808,0.032493584,0.055451058,0.04281459,0.363887,-0.010321006
600,0.45586666,0.014081975,0.06911696,0.045608092,0.3867497,-0.03152612
601,0.46478766,0.07292009,0.07509953,0.05762092,0.38968813,0.015299171
602,0.41815028,0.062082574,0.09528613,0.07017337,0.32286415,-0.008090794
603,0.43403858,0.008912851,0.032007437,0.018501572,0.40203115,-0.009588721
604,0.5216861,0.08422872,0.11890319,0.08934513,0.4027829,-0.0051164106
605,0.3854977,0.065585434,0.084524736,0.061632536,0.30097294,0.003952898
606,0.4551173,0.04741618,0.10648585,0.07155464,0.34863144,-0.024138458
607,0.3064135,0.036770217,0.05378369,0.040720716,0.25262982,-0.003950499
608,0.48972413,0.038889278,0.06627748,0.04450889,0.42344666,-0.0056196116
609,0.35053355,0.05661973,0.08334261,0.07124808,0.26719093,-0.014628347
610,0.4839004,0.08346851,0.13864635,0.092439145,0.34525406,-0.008970633
611,0.34722918,0.038151477,0.055804163,0.040011667,0.29142502,-0.0018601902
612,0.36763543,0.06311433,0.08747421,0.065021135,0.2801612,-0.0019068047
613,0.33046782,0.07045563,0.077795655,0.061282538,0.25267217,0.009173095
614,0.32744715,0.045990564,0.046036072,0.033942662,0.28141108,0.012047902
615,0.4970616,0.062023323,0.09819583,0.062057935,0.3988658,-3.4611672e-05
616,0.5346687,0.08143261,0.09992776,0.07453054,0.43474093,0.006902069
617,0.3633619,0.036993064,0.05997736,0.04576072,0.30338454,-0.008767657
618,0.46379328,0.03883536,0.07405871,0.050876006,0.38973457,-0.012040645
619,0.4454513,0.035481006,0.07516081,0.05080438,0.3702905,-0.015323374
620,0.45458084,0.085615106,0.10402868,0.07746307,0.35055217,0.008152038
621,0.6057813,0.05353469,0.09103714,0.06904697,0.51474416,-0.015512276
622,0.40600273,0.042711988,0.10976552,0.0714946,0.2962372,-0.028782614
623,0.5449061,0.07018138,0.09392736,0.065438144,0.45097873,0.0047432333
624,0.42974785,0.045935676,0.061927848,0.043897044,0.36782,0.0020386316
625,0.4238556,0.079330534,0.11102436,0.084220745,0.31283125,-0.004890211
626,0.68547773,0.07435808,0.12562105,0.08773844,0.55985665,-0.013380356
627,0.3663872,0.037124798,0.059640788,0.044510175,0.3067464,-0.007385377
628,0.31716552,0.01846654,0.03840009,0.025715297,0.27876544,-0.0072487574
629,0.34142968,0.029795703,0.05700672,0.04248907,0.28442296,-0.012693368
630,0.39279512,0.033987403,0.06358416,0.040535346,0.32921097,-0.0065479428
631,0.60754424,-0.0005955627,0.022498721,0.013217266,0.5850455,-0.013812829
632,0.3386863,0.026310518,0.04961663,0.0354778,0.28906965,-0.00916728
633,0.42528933,0.01745535,0.050322656,0.03152121,0.37496668,-0.014065858
634,0.382474,0.030009756,0.050009724,0.037635848,0.33246428,-0.007626092
635,0.49797907,0.047284283,0.06610155,0.044499364,0.43187752,0.002784919
636,0.5135744,0.05499971,0.09045033,0.06718773,0.42312407,-0.012188017
637,0.52200156,0.074015796,0.093603104,0.06862259,0.42839846,0.005393207
638,0.52963006,0.005121934,0.02360824,0.016810423,0.5060218,-0.011688489
639,0.3631772,0.043927282,0.048777208,0.036391724,0.31440002,0.007535558
640,0.61472636,0.14046279,0.16422436,0.12258638,0.450502,0.017876409
641,0.4188385,0.043791074,0.07528081,0.05493273,0.3435577,-0.011141654
642,0.3330004,0.088564806,0.09050811,0.07247167,0.24249229,0.016093135
643,0.37795785,0.046262346,0.10185837,0.060462862,0.27609947,-0.014200516
644,0.46569976,0.065783724,0.08981915,0.06816148,0.3758806,-0.002377756
645,0.24678707,0.03465936,0.047813114,0.033777036,0.19897395,0.00088232383
646,0.42564586,0.049802866,0.079741076,0.057776604,0.34590477,-0.007973738
647,0.38156813,0.058951996,0.08649156,0.055870835,0.29507658,0.0030811615
648,0.32400173,0.052967906,0.04962838,0.036593467,0.27437335,0.016374439
649,0.47745886,0.06282018,0.061093684,0.04692968,0.41636518,0.015890501
650,0.4050275,0.047790688,0.054984074,0.043240927,0.35004345,0.0045497604
651,0.30092546,0.05386356,0.057111025,0.03995294,0.24381444,0.013910618
652,0.32307813,0.04841523,0.06718471,0.047154088,0.2558934,0.0012611412
653,0.52015734,0.10259904,0.1255856,0.09619872,0.39457172,0.006400317
654,0.39502913,0.068304695,0.05819065,0.043019965,0.33683848,0.02528473
655,0.4753813,0.04647513,0.0836977,0.056636736,0.3916836,-0.010161605
656,0.5017564,0.06737369,0.06428291,0.051255018,0.43747354,0.016118675
657,0.26237345,0.025038607,0.0386638,0.028855266,0.22370964,-0.0038166586
658,0.60024065,0.021691365,0.051546007,0.029962528,0.5486946,-0.008271163
659,0.49728468,0.08336145,0.104127,0.07443909,0.3931577,0.008922353
660,0.44439858,0.059045557,0.07422598,0.055123612,0.37017262,0.0039219446
661,0.407425,0.034002673,0.07254482,0.051660042,0.33488017,-0.01765737
662,0.56967,0.08200198,0.11122177,0.081280805,0.45844826,0.0007211715
663,0.38936478,0.07244096,0.067917034,0.049661703,0.32144773,0.022779256
664,0.5390901,0.05629729,0.10447968,0.07427007,0.43461043,-0.017972779
665,0.5541595,0.05990634,0.08895681,0.07175555,0.46520272,-0.01184921
666,0.47589904,0.0498737,0.07554812,0.054712325,0.40035093,-0.004838627
667,0.49651268,0.024673682,0.041985665,0.026581869,0.45452702,-0.0019081868
668,0.45879108,0.029591711,0.064279586,0.0447181,0.3945115,-0.01512639
669,0.42692816,0.109124996,0.12833923,0.07561974,0.29858893,0.033505253
670,0.41335654,0.040833153,0.055133313,0.037485074,0.35822323,0.0033480786
671,0.60181123,0.063334435,0.075959556,0.049971286,0.52585167,0.013363149
672,0.40481377,0.072094105,0.09282695,0.07217783,0.3119868,-8.3722174e-05
673,0.21490851,0.021741265,0.048115402,0.02683911,0.16679311,-0.0050978437
674,0.5694774,0.09225603,0.10530472,0.0780364,0.46417266,0.014219634
675,0.3566486,0.018816287,0.04870912,0.030597778,0.30793947,-0.011781491
676,0.51375854,0.068650365,0.068463854,0.042571276,0.44529468,0.026079088
677,0.37073758,0.060200408,0.074726254,0.0579437,0.29601133,0.0022567064
678,0.5396598,0.048786383,0.07791195,0.055858817,0.46174785,-0.007072434
679,0.4143279,0.065820895,0.0683297,0.0478625,0.3459982,0.017958395
680,0.50339514,0.14531022,0.16017866,0.1305939,0.34321648,0.014716327
681,0.45538798,0.0605734,0.07156971,0.052425474,0.38381827,0.008147925
682,0.5158411,0.08431447,0.08423864,0.047777995,0.43160248,0.036536478
683,0.43368855,0.064580485,0.06240923,0.04570602,0.37127933,0.018874466
684,0.42613864,0.0629592,0.14404367,0.08905731,0.28209496,-0.02609811
685,0.48094738,0.07753585,0.094976194,0.06484634,0.3859712,0.012689516
686,0.46465608,0.042422947,0.06915902,0.05408388,0.39549705,-0.0116609335
687,0.43882135,0.025163073,0.044269934,0.032629102,0.3945514,-0.0074660294
688,0.5419973,0.07319306,0.06669566,0.038166396,0.47530165,0.035026662
689,0.20276178,0.013434449,0.025754988,0.021098126,0.1770068,-0.0076636765
690,0.37974933,0.045703605,0.076083004,0.054417133,0.30366632,-0.0087135285
691,0.54747236,0.07386361,0.10659616,0.077640876,0.4408762,-0.0037772655
692,0.37777877,0.056329846,0.08271525,0.060184967,0.29506353,-0.0038551204
693,0.5067465,0.08410271,0.12867361,0.08416837,0.37807286,-6.5654516e-05
694,0.4782209,0.056491986,0.08014688,0.05631551,0.39807403,0.00017647445
695,0.4674976,0.05924717,0.08499826,0.05626871,0.38249934,0.002978459
696,0.38612902,0.07216013,0.09779776,0.06487605,0.28833127,0.0072840825
697,0.41671988,0.041699234,0.05643812,0.035895582,0.36028177,0.005803652
698,0.3018884,0.038308244,0.065949105,0.05521811,0.2359393,-0.016909868
699,0.5126478,0.08917223,0.099367835,0.07835973,0.41327998,0.010812499
700,0.41617516,0.04573461,0.10388013,0.06988119,0.31229502,-0.024146583
701,0.66460776,0.0034354453,0.022600092,0.013616974,0.64200765,-0.010181529
702,0.22401282,0.038777485,0.034905158,0.026285075,0.18910766,0.012492411
703,0.63074034,0.051803626,0.0752548,0.05315444,0.55548555,-0.0013508126
704,0.48215953,0.081656,0.09578893,0.06337289,0.3863706,0.018283114
705,0.37682846,0.037863243,0.07990911,0.058431655,0.29691935,-0.020568412
706,0.37745175,0.041236408,0.053032905,0.037499234,0.32441884,0.003737174
707,0.3371497,0.05786498,0.06929544,0.051359877,0.26785427,0.006505102
708,0.4919227,0.088705316,0.109621376,0.07604111,0.38230133,0.012664206
709,0.7564786,-0.00088273047,0.04080531,0.021705816,0.7156733,-0.022588545
710,0.5188016,0.056362316,0.075656615,0.060349755,0.443145,-0.003987439
711,0.5796097,0.12055658,0.08545171,0.06571619,0.49415797,0.054840386
712,0.5159032,0.072443604,0.10818286,0.07732913,0.40772033,-0.0048855245
713,0.6872256,0.14844604,0.19976011,0.121981375,0.48746547,0.026464663
714,0.5046939,0.058081467,0.12736818,0.07270057,0.37732574,-0.014619101
715,0.47906533,0.08351259,0.09105287,0.06715123,0.38801247,0.016361356
716,0.40126276,0.069930814,0.109488085,0.07952843,0.2917747,-0.009597614
717,0.6734181,0.1188614,0.10877643,0.07381479,0.56464165,0.045046613
718,0.45841724,0.05544982,0.0903631,0.06447969,0.36805415,-0.009029865
719,0.25556192,0.051643956,0.05447965,0.040164135,0.20108226,0.011479821
720,0.40723974,0.012620619,0.027306827,0.022139449,0.3799329,-0.00951883
721,0.45729607,0.07104531,0.10994948,0.07224794,0.3473466,-0.001202628
722,0.40170243,0.078128174,0.1262515,0.08624415,0.27545094,-0.008115977
723,0.42440057,0.059945397,0.08226854,0.054109775,0.34213203,0.0058356225
724,0.30989686,0.032792572,0.061554447,0.042409588,0.24834241,-0.009617016
725,0.46276018,0.0610622,0.0959427,0.067901604,0.36681747,-0.006839402
726,0.4974465,0.07796746,0.105206184,0.07901492,0.39224032,-0.0010474622
727,0.36529073,0.09041235,0.07424723,0.05823557,0.2910435,0.032176778
728,0.48858613,0.062124837,0.069754645,0.04914006,0.41883147,0.012984779
729,0.37408483,0.049975242,0.07048146,0.04924234,0.30360338,0.00073290244
730,0.3442141,0.030558676,0.0629399,0.042385403,0.2812742,-0.011826728
731,0.25446805,0.02935787,0.05483927,0.0391342,0.19962879,-0.0097763315
732,0.6447651,0.014645012,0.03499012,0.026068741,0.60977495,-0.011423729
733,0.47682157,0.053542428,0.07201702,0.05092114,0.40480456,0.0026212893
734,0.20073552,0.038828216,0.04541196,0.029416695,0.15532357,0.009411521
735,0.42946258,0.0567619,0.11367935,0.08003538,0.31578323,-0.02327348
736,0.39964044,0.041870505,0.05140311,0.03779519,0.34823734,0.004075315
737,0.4245406,0.024909629,0.095973834,0.060653124,0.3285668,-0.035743497
738,0.6322582,0.06633158,0.095833324,0.0733854,0.5364249,-0.0070538223
739,0.66619384,0.06320646,0.099534094,0.06577283,0.56665975,-0.0025663748
740,0.5562848,0.093997315,0.13302934,0.101644926,0.42325544,-0.007647611
741,0.5306588,0.10128181,0.09257529,0.07320711,0.4380835,0.028074697
742,0.4119265,0.070513904,0.08454319,0.05673706,0.3273833,0.0137768425
743,0.40159833,0.06744908,0.054911748,0.0408348,0.3466866,0.026614279
744,0.14172702,0.025433194,0.03448926,0.02746401,0.107237756,-0.002030816
745,0.25813162,0.034333654,0.05070336,0.034359064,0.20742826,-2.5410205e-05
746,0.50268114,0.056708355,0.08077111,0.05727278,0.42191002,-0.0005644262
747,0.60846424,0.07328066,0.09561597,0.06789682,0.51284826,0.0053838417
748,0.29776347,0.062350243,0.07070928,0.054515272,0.22705418,0.007834971
749,0.34171212,0.022969086,0.059211385,0.03939229,0.28250074,-0.016423203
750,0.3860581,0.040368028,0.076698914,0.048287563,0.3093592,-0.007919535
751,0.47907683,0.06119774,0.09927893,0.074515074,0.3797979,-0.013317335
752,0.4224933,0.040790893,0.06662251,0.044920314,0.35587078,-0.004129421
753,0.47902477,0.07072759,0.097936735,0.063639544,0.38108802,0.007088043
754,0.36131498,0.06261828,0.08108541,0.05618271,0.28022957,0.0064355694
755,0.4350388,0.059729744,0.074838854,0.05247089,0.36019996,0.007258855
756,0.37022707,0.047178853,0.091215715,0.070331275,0.27901137,-0.023152422
757,0.36123726,0.019009115,0.04813148,0.03395384,0.31310576,-0.014944727
758,0.3680283,0.07063219,0.09051797,0.066567995,0.27751034,0.004064195
759,0.50379485,0.05238161,0.0524763,0.042294245,0.45131856,0.010087363
760,0.56946033,0.057848554,0.080261305,0.056683917,0.48919904,0.0011646375
761,0.43801668,0.052732784,0.08368301,0.0652254,0.35433367,-0.012492616
762,0.48993045,0.0638802,0.097509526,0.062380366,0.39242092,0.0014998317
763,0.37243587,0.042994212,0.07042097,0.045365177,0.3020149,-0.0023709647
764,0.63143677,0.06953358,0.09450674,0.06831949,0.53693,0.001214087
765,0.4357797,0.029957335,0.058602754,0.03856895,0.37717694,-0.008611616
766,0.41421372,0.102915436,0.071351625,0.052117165,0.3428621,0.05079827
767,0.50432706,0.0712627,0.10071939,0.062663525,0.40360767,0.008599177
768,0.4403227,0.07465424,0.075853415,0.05941134,0.3644693,0.015242897
769,0.28156334,0.048748117,0.06954679,0.047478337,0.21201655,0.0012697801
770,0.3501633,0.052661706,0.08189245,0.05754219,0.26827085,-0.004880484
771,0.48737612,0.065454125,0.115223505,0.06837451,0.37215263,-0.0029203817
772,0.4129146,0.05307725,0.05562268,0.036704417,0.35729194,0.016372833
773,0.46862718,0.08174106,0.0979717,0.078987755,0.37065548,0.0027533025
774,0.3409965,0.08579788,0.07076734,0.0529568,0.27022916,0.032841083
775,0.49029836,0.07892075,0.06474442,0.04422575,0.42555395,0.034695003
776,0.78071606,0.020985426,0.028291011,0.021160915,0.7524251,-0.00017548911
777,0.44011885,0.04730232,0.06526071,0.052162036,0.37485814,-0.0048597157
778,0.56448334,0.0819883,0.14524384,0.0923882,0.41923952,-0.0103999
779,0.45268267,0.05038709,0.081626154,0.055156276,0.37105653,-0.0047691874
780,0.48623016,0.0459402,0.08586482,0.058094606,0.40036535,-0.012154404
781,0.42576668,0.08215649,0.07979208,0.06566795,0.3459746,0.016488537
782,0.34447178,0.0315306,0.050190907,0.03361291,0.2942809,-0.0020823106
783,0.3570887,0.08808153,0.10405022,0.07502691,0.2530385,0.013054624
784,0.4060615,0.15296075,0.15752846,0.100484945,0.24853304,0.052475803
785,0.16766858,0.036419563,0.05356865,0.03502227,0.114099935,0.0013972931
786,0.6415308,0.01863974,0.03278936,0.018156348,0.60874146,0.0004833918
787,0.37560698,0.07037184,0.06983176,0.051852025,0.30577523,0.018519811
788,0.51563084,0.057151817,0.09331968,0.061100148,0.42231116,-0.003948331
789,0.23066542,0.024341974,0.034316175,0.026407177,0.19634923,-0.0020652022
790,0.3019109,0.044015154,0.06078974,0.04488896,0.24112117,-0.0008738041
791,0.34814414,0.04724534,0.06843946,0.04566474,0.2797047,0.0015805997
792,0.5279507,0.06689849,0.08848906,0.06269367,0.43946165,0.004204817
793,0.5745602,0.09410715,0.116406515,0.08372519,0.45815372,0.010381959
794,0.47202012,0.042203113,0.08197274,0.060191564,0.39004737,-0.01798845
795,0.25619245,0.05001534,0.05730836,0.03975563,0.19888408,0.01025971
796,0.47305307,0.08168233,0.08113429,0.059701573,0.39191878,0.021980759
797,0.37627694,0.08310817,0.07498494,0.050315555,0.301292,0.032792617
798,0.39915946,0.057058025,0.08340504,0.055582404,0.3157544,0.001475621
799,0.56205976,0.08120193,0.11577123,0.08575501,0.44628853,-0.0045530796
800,0.572188,0.076934166,0.113465995,0.082426794,0.45872203,-0.0054926276
801,0.71193314,0.030327607,0.047298275,0.037230145,0.6646349,-0.0069025382
802,0.4389232,0.045652077,0.0847376,0.0621174,0.3541856,-0.016465325
803,0.4479483,0.024190996,0.07001125,0.046189323,0.37793705,-0.021998327
804,0.47413957,0.0727592,0.091675594,0.05842123,0.382464,0.014337972
805,0.4077408,0.07147048,0.064611554,0.04574494,0.34312925,0.025725536
806,0.43139318,0.03521835,0.069642134,0.04894347,0.36175105,-0.013725121
807,0.53097147,0.03826034,0.07083292,0.051001776,0.46013856,-0.012741435
808,0.34947208,0.053984016,0.06803467,0.04420085,0.2814374,0.009783167
809,0.35867777,0.058909338,0.10317609,0.07140782,0.2555017,-0.012498479
810,0.47848287,0.068863094,0.06933719,0.052837644,0.40914568,0.01602545
811,0.38497874,0.0225776,0.04904589,0.03311177,0.33593285,-0.010534169
812,0.511984,0.083896674,0.11584244,0.08102252,0.39614156,0.0028741509
813,0.4805889,0.107492946,0.11329976,0.09072124,0.36728916,0.016771704
814,0.37274852,0.041660585,0.07306115,0.049060136,0.2996874,-0.0073995516
815,0.46636856,0.04339748,0.09060437,0.061830524,0.3757642,-0.018433046
816,0.4287746,0.065746635,0.06641603,0.042427894,0.36235857,0.023318741
817,0.26031366,0.051095415,0.051928535,0.036315054,0.20838512,0.014780361
818,0.4768628,0.065469176,0.1018677,0.067444116,0.37499508,-0.0019749403
819,0.472017,0.022230744,0.01812406,0.0106331585,0.45389292,0.011597586
820,0.366543,0.06208058,0.06968495,0.047906548,0.29685804,0.014174033
821,0.6368234,0.040102128,0.06678042,0.047346473,0.57004297,-0.007244345
822,0.342273,0.0528922,0.07750819,0.060616735,0.26476482,-0.0077245347
823,0.33414337,0.016981464,0.07149901,0.040221162,0.26264435,-0.023239698
824,0.40105304,0.08699872,0.079495035,0.054132298,0.321558,0.032866426
825,0.34842747,0.030279238,0.07030905,0.04962346,0.27811843,-0.019344222
826,0.37802365,0.05152287,0.085337885,0.06691304,0.29268578,-0.015390169
827,0.36428395,0.009815023,0.057304684,0.031889696,0.30697927,-0.022074673
828,0.36346817,0.03644198,0.06400555,0.045408465,0.29946262,-0.008966483
829,0.70534533,0.076729506,0.11803992,0.07713998,0.5873054,-0.00041047484
830,0.54366404,0.09561361,0.11542529,0.07513176,0.42823875,0.020481855
831,0.32067642,0.085708626,0.08534007,0.06723899,0.23533635,0.01846964
832,0.28613654,0.02312723,0.05358175,0.03876374,0.2325548,-0.01563651
833,0.42964005,0.10449562,0.073853076,0.046960015,0.35578698,0.057535607
834,0.51565236,-0.0055167843,0.021112695,0.011881032,0.49453968,-0.017397817
835,0.5080582,0.050443765,0.056534626,0.04397665,0.45152357,0.006467115
836,0.43089217,0.054333314,0.06962866,0.052384917,0.3612635,0.0019483976
837,0.5431715,0.049172133,0.08361293,0.05605943,0.4595586,-0.006887298
838,0.32010704,0.06386224,0.08318548,0.055146493,0.23692156,0.008715749
839,0.32938367,0.026264397,0.045382515,0.028206715,0.28400117,-0.0019423179
840,0.36031002,0.044393387,0.06946323,0.05324151,0.2908468,-0.008848123
841,0.48475134,0.06596055,0.09328559,0.07024529,0.39146575,-0.0042847395
842,0.39669997,0.042059425,0.04292209,0.03077953,0.3537779,0.011279896
843,0.1893629,0.026608316,0.034238793,0.02497358,0.1551241,0.0016347356
844,0.53646165,0.08522386,0.10647316,0.079213165,0.4299885,0.0060106963
845,0.4429196,0.05397705,0.08463063,0.06150586,0.35828897,-0.0075288117
846,0.36630234,0.02731845,0.041768625,0.026177712,0.3245337,0.0011407379
847,0.3715822,0.040671516,0.08378032,0.050431237,0.2878019,-0.00975972
848,0.23520918,0.03420875,0.061049636,0.038866032,0.17415954,-0.0046572834
849,0.39530835,0.06293963,0.083470255,0.06334304,0.3118381,-0.0004034117
850,0.56905204,0.06811857,0.09540565,0.060885835,0.4736464,0.007232737
851,0.47818747,0.07749337,0.117138825,0.08124093,0.36104864,-0.00374756
852,0.38592213,0.06481777,0.060984984,0.046251554,0.32493716,0.018566217
853,0.49337396,0.079718344,0.09086755,0.069330275,0.4025064,0.010388069
854,0.44059423,0.066855244,0.105207756,0.06672093,0.33538646,0.00013431162
855,0.41394863,0.025465144,0.07180889,0.044054188,0.34213972,-0.018589044
856,0.33751756,0.058246836,0.05034094,0.03903959,0.2871766,0.019207247
857,0.2144713,0.034419272,0.032287534,0.024647549,0.18218376,0.009771723
858,0.46423578,0.11333511,0.12966153,0.08548451,0.33457425,0.027850598
859,0.3743563,0.036173627,0.0662942,0.050780725,0.3080621,-0.014607098
860,0.34976617,0.03516503,0.06967913,0.04806352,0.28008702,-0.01289849
861,0.448989,0.08266152,0.061033882,0.04394502,0.38795513,0.0387165
862,0.49987268,0.12776142,0.12475645,0.08790903,0.37511623,0.039852396
863,0.33329755,0.03484863,0.056076527,0.041596007,0.27722102,-0.006747376
864,0.5498772,0.05973849,0.09795312,0.067637324,0.45192412,-0.007898834
865,0.46905452,0.02241999,0.082296975,0.06227486,0.38675755,-0.03985487
866,0.5394466,0.10364406,0.11104551,0.07611145,0.42840108,0.027532607
867,0.40323657,0.057427555,0.093283005,0.07058049,0.30995357,-0.013152935
868,0.41106576,0.097324185,0.10390125,0.07728558,0.3071645,0.020038605
869,0.5403374,0.06946811,0.06614725,0.049833145,0.47419012,0.019634966
870,0.44593802,0.042530842,0.07229432,0.046257056,0.3736437,-0.0037262142
871,0.3619415,0.09532059,0.09065292,0.06973997,0.27128857,0.025580622
872,0.7702992,0.04913542,0.1029207,0.07110505,0.6673785,-0.021969628
873,0.44773078,0.04159748,0.07118371,0.059299696,0.37654707,-0.017702214
874,0.35358265,0.09425439,0.0767802,0.060344715,0.27680245,0.033909675
875,0.55344594,0.026399545,0.038750507,0.026460484,0.5146954,-6.09383e-05
876,0.5482891,0.10350437,0.10698392,0.07902837,0.4413052,0.024476
877,0.52888507,0.08628179,0.118810505,0.083925426,0.41007456,0.0023563653
878,0.48334917,0.11318653,0.12106464,0.08603999,0.36228454,0.02714654
879,0.46744412,0.039361786,0.04293987,0.030214973,0.42450425,0.009146813
880,0.41919035,0.046494044,0.078988545,0.054177765,0.3402018,-0.0076837204
881,0.63049716,0.08335383,0.11968442,0.09497883,0.51081276,-0.011624999
882,0.49166265,0.06253158,0.072374746,0.0475371,0.41928792,0.014994483
883,0.5364265,0.064542376,0.105721675,0.07465576,0.4307048,-0.010113381
884,0.49329913,0.07760801,0.124583334,0.07583435,0.3687158,0.0017736629
885,0.598409,0.05926703,0.06975909,0.05042591,0.5286499,0.00884112
886,0.37527376,0.036917932,0.04930338,0.03593307,0.32597038,0.0009848624
887,0.54154956,0.051683284,0.07043219,0.051673073,0.47111738,1.0211021e-05
888,0.33789235,0.08236245,0.09801177,0.06807516,0.23988059,0.014287293
889,0.4095816,0.044592746,0.06875433,0.051344838,0.3408273,-0.0067520924
890,0.48514795,0.085057035,0.09621978,0.06563365,0.38892817,0.019423388
891,0.436691,0.10896479,0.15357453,0.12050345,0.28311646,-0.011538655
892,0.5344643,0.059643205,0.099567816,0.059718553,0.43489647,-7.534772e-05
893,0.34768355,0.06817769,0.081770785,0.06441014,0.26591277,0.00376755
894,0.75826293,0.09043416,0.15762065,0.096092775,0.60064226,-0.005658619
895,0.42479587,0.09958978,0.09153077,0.06970443,0.3332651,0.029885352
896,0.53294355,0.08419359,0.10342163,0.07738719,0.42952192,0.006806396
897,0.55223197,0.018177243,0.0313373,0.020555578,0.52089465,-0.0023783352
898,0.39690793,0.015002228,0.058920845,0.033556696,0.33798707,-0.018554468
899,0.46562734,0.06383537,0.10188197,0.07559213,0.36374536,-0.011756763
900,0.38721663,0.066175,0.07781452,0.056799073,0.3094021,0.009375926
901,0.3164516,0.063256025,0.07735258,0.055181675,0.23909903,0.008074351
902,0.483012,0.04138611,0.08834511,0.06142768,0.39466688,-0.02004157
903,0.16228932,0.026429147,0.040323157,0.02466773,0.12196617,0.001761416
904,0.58807194,0.07647929,0.105959445,0.07369899,0.4821125,0.0027803034
905,0.36966255,0.063731365,0.07974435,0.0524958,0.2899182,0.011235565
906,0.42440042,0.046383526,0.09282115,0.06220072,0.33157927,-0.015817195
907,0.41508722,0.048077952,0.12982324,0.07379466,0.285264,-0.02571671
908,0.430792,0.028074153,0.06563723,0.043968033,0.36515477,-0.01589388
909,0.48592713,0.04420424,0.08500543,0.05872525,0.4009217,-0.01452101
910,0.1610378,0.05174933,0.036629044,0.02764955,0.12440876,0.02409978
911,0.52140796,0.059551366,0.101530515,0.07877932,0.41987744,-0.019227952
912,0.4661334,0.07115027,0.09466069,0.06395651,0.3714727,0.0071937665
913,0.42225388,0.08159751,0.1101505,0.079204395,0.3121034,0.0023931116
914,0.48330116,0.04211728,0.061816357,0.042575203,0.4214848,-0.00045792386
915,0.6352743,0.10300909,0.16462679,0.10099782,0.4706475,0.0020112693
916,0.5117665,0.062559,0.084951,0.061938368,0.4268155,0.00062063336
917,0.52837014,0.07620348,0.099154204,0.07576507,0.42921594,0.00043840706
918,0.39736217,0.060273424,0.07792628,0.0506541,0.3194359,0.009619325
919,0.5047389,0.082233675,0.10258348,0.07580412,0.40215546,0.006429553
920,0.46374774,0.052417494,0.09641626,0.06740423,0.36733148,-0.014986739
921,0.5441056,0.09413359,0.14449039,0.09529966,0.3996152,-0.001166068
922,0.36285785,0.04784917,0.06081649,0.04420955,0.30204135,0.0036396198
923,0.39273706,0.06433778,0.08896079,0.051479883,0.30377626,0.012857899
924,0.5679209,0.07276043,0.12342871,0.08412228,0.44449222,-0.011361845
925,0.49110684,0.04791039,0.08229618,0.054969307,0.40881068,-0.0070589185
926,0.4369116,0.047643296,0.09695639,0.05933158,0.3399552,-0.011688285
927,0.5430067,0.070477396,0.10858365,0.08035717,0.43442306,-0.009879775
928,0.5559791,0.08226759,0.10564088,0.067489095,0.45033818,0.014778495
929,0.44942996,0.061603233,0.08578279,0.062718466,0.36364716,-0.0011152327
930,0.5196255,0.118854865,0.11927306,0.085354134,0.40035242,0.03350073
931,0.29929352,0.029280905,0.03752402,0.026272705,0.2617695,0.0030081999
932,0.46392947,0.093892604,0.07106668,0.052327342,0.3928628,0.04156526
933,0.417332,0.07730032,0.078615785,0.058853377,0.3387162,0.01844694
934,0.6391849,0.07200668,0.11767422,0.07544852,0.52151066,-0.0034418404
935,0.375463,0.039307795,0.06415756,0.047211397,0.31130546,-0.007903602
936,0.41380915,0.02605331,0.044438962,0.03241318,0.3693702,-0.0063598715
937,0.43317947,0.07800635,0.10957637,0.07234444,0.3236031,0.0056619123
938,0.6362378,-0.005422454,0.021172844,0.017221287,0.615065,-0.022643741
939,0.45352277,0.050046075,0.056401946,0.041224346,0.39712083,0.00882173
940,0.3668151,0.05519491,0.07621333,0.05008122,0.29060176,0.005113691
941,0.45915672,0.124117754,0.14734863,0.11014381,0.3118081,0.013973944
942,0.41535816,0.05814188,0.06548457,0.049994044,0.3498736,0.008147836
943,0.4261055,0.07055773,0.09689756,0.060137987,0.32920796,0.010419741
944,0.4859389,0.06295713,0.08656652,0.060718354,0.3993724,0.0022387765
945,0.5745268,0.053102467,0.06922379,0.052442607,0.505303,0.00065986067
946,0.5350275,0.06868688,0.110593125,0.08239098,0.42443436,-0.013704099
947,0.32105422,0.06011173,0.08683981,0.061158143,0.23421441,-0.0010464117
948,0.5240548,0.10962671,0.092797145,0.061601993,0.43125767,0.048024718
949,0.30256987,0.02896498,0.057120226,0.039481502,0.24544963,-0.010516522
950,0.42794257,0.07960142,0.10733266,0.08047312,0.32060993,-0.0008716956
951,0.35717642,0.025295574,0.05956895,0.04098265,0.29760748,-0.015687075
952,0.37520275,0.054522682,0.07632042,0.054827757,0.29888234,-0.0003050752
953,0.5659022,-0.0031991634,0.038003236,0.017939758,0.5278989,-0.021138921
954,0.42221215,0.09818404,0.09485483,0.068841025,0.32735732,0.029343016
955,0.45703033,0.03274467,0.067308135,0.05077312,0.3897222,-0.018028453
956,0.2892013,0.05289699,0.055768527,0.040409192,0.23343277,0.012487799
957,0.3736539,0.034646694,0.08664901,0.05763922,0.2870049,-0.022992525
958,0.32823646,0.07937006,0.09265842,0.063583896,0.23557803,0.015786164
959,0.45774177,-0.0030237385,0.02102145,0.012803928,0.4367203,-0.015827667
960,0.40754908,0.04632907,0.07757218,0.055891298,0.32997692,-0.009562228
961,0.49942,0.10576136,0.13641062,0.10091502,0.36300936,0.0048463345
962,0.34474823,0.04318705,0.07127329,0.04859981,0.27347493,-0.005412761
963,0.40210763,0.059972122,0.06534651,0.048514158,0.33676112,0.011457965
964,0.43057162,0.11115515,0.099357225,0.0743636,0.3312144,0.036791556
965,0.44720235,0.055547517,0.07656706,0.060164265,0.3706353,-0.0046167485
966,0.28008926,0.024632659,0.052701265,0.03496054,0.227388,-0.010327879
967,0.39931387,0.085707724,0.085133836,0.053263683,0.31418002,0.03244404
968,0.5115554,0.058592446,0.081770875,0.066139676,0.4297845,-0.0075472295
969,0.451176,0.046688855,0.07780471,0.05363072,0.37337127,-0.006941866
970,0.5250028,0.08522727,0.10654335,0.07628493,0.41845942,0.008942343
971,0.3658917,0.060224395,0.064119644,0.054305624,0.30177206,0.005918771
972,0.4767788,0.014838361,0.04230937,0.02813629,0.43446943,-0.013297929
973,0.6091188,0.10807985,0.111736305,0.08208277,0.49738252,0.02599708
974,0.34030023,0.050014675,0.056036644,0.037452254,0.28426358,0.01256242
975,0.4630996,0.05674787,0.07649973,0.0586914,0.38659987,-0.0019435324
976,0.31812945,0.08353578,0.089603595,0.07221753,0.22852585,0.0113182515
977,0.4606456,0.0703499,0.090014495,0.06954354,0.3706311,0.00080636144
978,0.49996075,0.047721148,0.0716009,0.05073318,0.42835987,-0.0030120313
979,0.4752994,0.061808873,0.0783082,0.05884263,0.3969912,0.0029662438
980,0.5386941,0.036589265,0.0913302,0.060196258,0.44736388,-0.023606993
981,0.49389654,0.088928826,0.094724596,0.06292999,0.39917195,0.025998838
982,0.457596,0.040430102,0.08189909,0.060066838,0.3756969,-0.019636735
983,0.22998634,0.011624542,0.036852755,0.023918716,0.1931336,-0.012294174
984,0.4869221,0.05175054,0.08926689,0.060231782,0.3976552,-0.008481242
985,0.6728563,0.1253993,0.1612378,0.11795329,0.5116185,0.0074460134
986,0.5513999,0.086877316,0.14767976,0.10357625,0.40372014,-0.016698934
987,0.7197739,0.13207395,0.10846112,0.07651993,0.61131275,0.055554025
988,0.4443335,0.02292928,0.07555409,0.052317694,0.36877942,-0.029388415
989,0.4721227,0.08056662,0.08748475,0.063447215,0.38463795,0.017119408
990,0.35831743,0.11906364,0.12733608,0.08331129,0.23098135,0.03575235
991,0.30242297,0.034599043,0.055136517,0.040065818,0.24728645,-0.005466774
992,0.36794773,0.03335186,0.0639735,0.04408211,0.3039742,-0.010730248
993,0.4614394,0.032435827,0.093347214,0.054971922,0.36809218,-0.022536095
994,0.16687572,0.03341915,0.036865674,0.023975668,0.13001004,0.009443482
995,0.48956427,0.04541733,0.060572166,0.04733218,0.4289921,-0.0019148476
996,0.2787657,0.059593275,0.05580573,0.039585255,0.22295998,0.02000802
997,0.43731338,0.03765927,0.075084455,0.055408783,0.36222893,-0.017749514
998,0.50195414,0.07118217,0.086353235,0.0702808,0.4156009,0.00090137124
999,0.41287738,0.05612179,0.06462598,0.040231105,0.3482514,0.015890684
1000,0.52205306,0.07075192,0.08543825,0.055682693,0.4366148,0.015069228
1001,0.56198406,0.04730737,0.09919933,0.06718161,0.46278474,-0.019874241
1002,0.28438386,0.028190957,0.043437973,0.03233115,0.24094589,-0.0041401926
1003,0.4149648,0.06761941,0.08968897,0.068283245,0.32527584,-0.00066383183
1004,0.27525926,0.040972885,0.047689795,0.03741293,0.22756946,0.0035599545
1005,0.39114046,0.08966752,0.07881363,0.061551236,0.31232685,0.028116286
1006,0.56577724,0.06319713,0.10231983,0.07763688,0.4634574,-0.014439754
1007,0.3353771,0.0441999,0.0913084,0.05972912,0.2440687,-0.015529223
1008,0.35769036,0.041115925,0.03819129,0.028595021,0.31949908,0.012520904
1009,0.385436,0.03785144,0.06191042,0.043199535,0.32352558,-0.005348094
1010,0.3376787,0.036770914,0.052234594,0.040445905,0.2854441,-0.0036749914
1011,0.56564033,0.09125761,0.13590518,0.09059613,0.42973515,0.00066147745
1012,0.53460246,0.08339938,0.09626045,0.07394104,0.438342,0.009458341
1013,0.48779497,0.04853864,0.10387554,0.08075483,0.38391942,-0.03221619
1014,0.40730008,0.04279564,0.06812188,0.048022814,0.3391782,-0.0052271746
1015,0.34860078,0.059606932,0.06419391,0.04600661,0.28440687,0.013600323
1016,0.3791707,0.02960626,0.066508844,0.051098403,0.31266183,-0.021492142
1017,0.5588442,0.1069296,0.106599286,0.07467066,0.45224494,0.032258943
1018,0.50605077,0.058550965,0.10782337,0.06957324,0.3982274,-0.011022273
1019,0.5165921,0.09129122,0.09133978,0.06999764,0.42525232,0.02129358
1020,0.25058582,0.037737276,0.05166912,0.036454223,0.1989167,0.0012830533
1021,0.3919114,0.06033889,0.085943155,0.06475755,0.30596823,-0.00441866
1022,0.40895042,0.10927651,0.11596136,0.077129096,0.29298908,0.032147415
1023,0.38881978,0.08847137,0.10994857,0.06989553,0.2788712,0.01857584
1024,0.38961312,0.04590969,0.054199576,0.044556376,0.33541355,0.001353316
1025,0.36251023,0.04943894,0.0870987,0.056178626,0.27541155,-0.006739687
1026,0.5659509,0.06280147,0.068790436,0.05063725,0.49716043,0.012164224
1027,0.4081891,0.09759313,0.0909923,0.06934653,0.3171968,0.028246596
1028,0.58932406,0.054745294,0.07633739,0.05247111,0.51298666,0.0022741854
1029,0.6657917,0.13291143,0.15186258,0.12334534,0.5139291,0.009566091
1030,0.4405305,0.055036332,0.07161281,0.052527685,0.3689177,0.0025086477
1031,0.4619094,0.09848207,0.0903646,0.0686643,0.3715448,0.029817775
1032,0.45999318,0.08472005,0.12242872,0.096774474,0.33756447,-0.012054421
1033,0.21217953,0.026248073,0.05063537,0.036275864,0.16154416,-0.01002779
1034,0.4772258,0.058048252,0.09100826,0.060928665,0.38621753,-0.002880413
1035,0.44484937,0.03376476,0.052294895,0.037023064,0.39255446,-0.0032583028
1036,0.4179233,0.0707083,0.08266789,0.058218278,0.3352554,0.012490019
1037,0.27203462,0.039351914,0.06419167,0.048802245,0.20784295,-0.009450331
1038,0.4885598,0.0786836,0.088152096,0.06734957,0.40040773,0.011334032
1039,0.35611358,0.011106765,0.051888537,0.03698087,0.30422506,-0.025874106
1040,0.5184355,0.108549826,0.12346509,0.10145963,0.3949704,0.007090196
1041,0.42882776,0.047859903,0.08474909,0.053675238,0.34407866,-0.0058153346
1042,0.37022698,0.04082811,0.069852546,0.047180228,0.30037445,-0.006352119
1043,0.34012908,0.0439518,0.06915194,0.050837565,0.27097714,-0.006885767
1044,0.37421322,0.019266706,0.07384807,0.049604725,0.30036515,-0.03033802
1045,0.35530004,0.034400176,0.053781167,0.03390356,0.30151886,0.0004966147
1046,0.4371643,0.030971048,0.0536918,0.036011234,0.3834725,-0.0050401855
1047,0.42592737,0.051839642,0.05683029,0.04228144,0.36909708,0.009558201
1048,0.5191193,0.08684723,0.092346944,0.07200045,0.4267724,0.014846779
1049,0.38143116,0.045978423,0.07351294,0.051567327,0.30791822,-0.005588904
1050,0.5646343,0.10107679,0.10224196,0.07864526,0.46239236,0.02243153
1051,0.5280667,0.05260778,0.09065758,0.06421381,0.4374091,-0.011606034
1052,0.4356088,0.04492617,0.07191477,0.04855999,0.36369404,-0.0036338195
1053,0.23831818,0.019674992,0.03628798,0.02826889,0.2020302,-0.008593898
1054,0.40938348,0.030890815,0.058672808,0.043527745,0.35071066,-0.01263693
1055,0.5075399,0.082511164,0.08532085,0.06716366,0.42221907,0.015347503
1056,0.50190586,0.047490828,0.08517478,0.054233175,0.4167311,-0.006742347
1057,0.49768856,0.050997935,0.07807773,0.055519275,0.41961083,-0.00452134
1058,0.38232288,0.05269788,0.08038116,0.060604215,0.30194172,-0.007906336
1059,0.56153023,0.029207246,0.05941737,0.041110802,0.50211287,-0.011903556
1060,0.47525883,0.039026674,0.10704726,0.057951912,0.36821157,-0.018925238
1061,0.41892177,0.06903872,0.085293286,0.06887153,0.33362848,0.00016719103
1062,0.4274485,0.08174224,0.08292887,0.0595527,0.34451964,0.022189543
1063,0.3353164,0.06532024,0.080374725,0.06513154,0.25494167,0.00018870085
1064,0.4914329,0.029736845,0.08356246,0.054823205,0.40787044,-0.02508636
1065,0.35877982,0.04305511,0.062053356,0.049299568,0.29672647,-0.0062444583
1066,0.41528594,0.062476434,0.07501581,0.056532327,0.34027013,0.0059441067
1067,0.41898578,0.03857687,0.053739358,0.034861155,0.36524642,0.0037157163
1068,0.38034534,0.0801771,0.09557888,0.069839045,0.28476647,0.010338053
1069,0.41051537,0.04925183,0.06005395,0.047960468,0.35046142,0.0012913607
1070,0.43427694,0.07114457,0.10307769,0.07024372,0.33119926,0.0009008497
1071,0.25321153,0.013976468,0.03445539,0.018743884,0.21875614,-0.004767416
1072,0.52239275,0.052440546,0.083923675,0.058847934,0.43846908,-0.0064073876
1073,0.425178,0.037675828,0.075845085,0.052001998,0.3493329,-0.01432617
1074,0.56133133,-0.00029089843,0.027650874,0.019025639,0.53368044,-0.019316537
1075,0.49493697,0.08826827,0.12696342,0.080874786,0.36797357,0.007393487
1076,0.4357404,0.047090318,0.063223965,0.04070051,0.37251645,0.006389808
1077,0.22126098,0.07143925,0.044000257,0.032457076,0.17726073,0.038982175
1078,0.45906332,0.04878414,0.089175075,0.04956646,0.36988825,-0.0007823184
1079,0.4101148,0.062783204,0.07810797,0.05736746,0.3320068,0.005415745
1080,0.358705,0.04239941,0.070158795,0.051525354,0.2885462,-0.009125944
1081,0.25388828,0.030144935,0.048068836,0.029099217,0.20581944,0.0010457188
1082,0.5681355,0.0874574,0.10977138,0.078185484,0.45836413,0.00927192
1083,0.49892908,-0.004383084,0.021802219,0.014214908,0.47712687,-0.018597992
1084,0.46054137,0.057718635,0.10952435,0.06567806,0.35101703,-0.007959425
1085,0.65646064,0.1339757,0.15242636,0.11834346,0.5040343,0.015632242
1086,0.40132824,0.080230705,0.10777604,0.07315801,0.2935522,0.0070726946
1087,0.29574051,0.04443864,0.054530174,0.038764875,0.24121034,0.005673766
1088,0.6613542,0.0468614,0.08027132,0.058243513,0.5810829,-0.011382114
1089,0.68499726,0.06400934,0.108526595,0.080928795,0.5764707,-0.016919456
1090,0.38746533,0.02995167,0.05437863,0.037877128,0.3330867,-0.007925458
1091,0.5410231,0.08530383,0.11963343,0.0780047,0.42138964,0.007299125
1092,0.34417072,0.049676064,0.05157661,0.03833636,0.2925941,0.011339705
1093,0.17124431,0.0135253,0.03158076,0.022621382,0.13966355,-0.009096082
1094,0.27425003,0.060891554,0.063650064,0.04798237,0.21059996,0.012909185
1095,0.45126465,0.062783524,0.10250344,0.063803986,0.3487612,-0.0010204613
1096,0.40880117,0.032938614,0.07957643,0.052091766,0.32922474,-0.019153152
1097,0.435682,0.10972322,0.12610427,0.10028511,0.30957773,0.009438105
1098,0.43122083,0.06935316,0.096854895,0.06908744,0.33436593,0.00026572496
1099,0.4847647,0.078206606,0.09978363,0.07086783,0.38498107,0.007338777
1100,0.24278735,0.028807271,0.05319828,0.035100784,0.18958907,-0.006293513
1101,0.37585956,0.093986206,0.09245675,0.073697284,0.2834028,0.020288922
1102,0.39042476,0.05760429,0.080631286,0.05661745,0.30979347,0.0009868406
1103,0.49011296,0.043797456,0.06726157,0.046518203,0.42285138,-0.0027207471
1104,0.4635362,0.039334938,0.07887723,0.058759905,0.38465896,-0.019424967
1105,0.41709656,0.041974995,0.07697505,0.05392809,0.3401215,-0.011953093
1106,0.47153032,0.09281289,0.105405636,0.07047172,0.3661247,0.02234117
1107,0.40693668,0.06293478,0.07875452,0.057779618,0.32818216,0.005155161
1108,0.22501814,0.029707331,0.04682626,0.029819656,0.17819189,-0.00011232495
1109,0.33327058,0.052340798,0.07061639,0.05280963,0.2626542,-0.0004688315
1110,0.38579682,0.05022757,0.065453045,0.052227452,0.32034376,-0.0019998811
1111,0.43972117,0.077162705,0.09337411,0.06315967,0.34634706,0.014003038
1112,0.59513694,0.10095312,0.13837187,0.0989081,0.45676506,0.0020450205
1113,0.49399927,0.10049827,0.12885186,0.09820825,0.3651474,0.002290018
1114,0.4286765,0.04809533,0.09953142,0.05879595,0.32914507,-0.010700621
1115,0.42136067,0.062672175,0.10417343,0.065695964,0.31718725,-0.0030237883
1116,0.4358228,0.07588027,0.07886939,0.056700572,0.35695344,0.019179694
1117,0.35343164,0.03809843,0.077959,0.053344186,0.27547264,-0.015245758
1118,0.4513207,-0.0051047397,0.035582207,0.01999385,0.4157385,-0.025098588
1119,0.6507066,0.052350137,0.07193825,0.044103827,0.5787684,0.00824631
1120,0.36700168,0.067481704,0.0824543,0.059332047,0.2845474,0.008149657
1121,0.26785016,0.052256938,0.06825269,0.048981737,0.19959748,0.0032752007
1122,0.5379238,0.073843285,0.08921181,0.06292424,0.448712,0.010919042
1123,0.36971116,0.032564145,0.06371128,0.041266493,0.30599988,-0.008702349
1124,0.52130485,0.09912032,0.11036725,0.08411749,0.4109376,0.015002832
1125,0.42668477,0.047023714,0.07659481,0.054892674,0.35008997,-0.0078689605
1126,0.5337897,0.037717987,0.095769346,0.0561261,0.43802035,-0.018408112
1127,0.38763162,0.119534865,0.08693996,0.064216316,0.30069166,0.05531855
1128,0.5489905,0.06109548,0.08818195,0.051906444,0.46080855,0.009189036
1129,0.4755934,0.046857197,0.07239161,0.05156306,0.4032018,-0.004705865
1130,0.437626,0.09970488,0.11936954,0.087721385,0.31825647,0.0119834915
1131,0.40705937,0.033655453,0.049533498,0.033500504,0.3575259,0.00015494972
1132,0.5940383,0.09138617,0.12577185,0.0958379,0.46826646,-0.0044517294
1133,0.40878463,0.07024956,0.1060468,0.07315159,0.30273783,-0.002902031
1134,0.3776468,0.058312155,0.07287385,0.047720246,0.30477294,0.010591909
1135,0.45934358,0.029920548,0.088875964,0.05777867,0.3704676,-0.027858123
1136,0.3477565,0.040173724,0.106675535,0.067278124,0.24108097,-0.0271044
1137,0.38915035,0.0504492,0.06811385,0.05357244,0.32103652,-0.0031232387
1138,0.3180154,0.042199645,0.06587919,0.048955,0.2521362,-0.0067553557
1139,0.5455641,0.07239937,0.08083326,0.059935983,0.46473086,0.012463387
1140,0.36495167,0.04561383,0.078773074,0.05311908,0.2861786,-0.007505249
1141,0.53253555,0.030529872,0.084059246,0.05137924,0.4484763,-0.02084937
1142,0.42585862,0.0947751,0.08079647,0.05394726,0.34506214,0.040827844
1143,0.42048797,0.07616403,0.09357344,0.06983958,0.32691452,0.0063244477
1144,0.363447,0.04759141,0.07092509,0.048716795,0.29252192,-0.0011253841
1145,0.37873164,0.06244543,0.08880899,0.05931509,0.28992265,0.003130339
1146,0.37580687,0.06559087,0.08994382,0.0702138,0.28586304,-0.004622929
1147,0.506108,0.061410706,0.095687866,0.07548435,0.41042012,-0.014073644
1148,0.5245885,0.19594415,0.15561195,0.12275732,0.3689766,0.07318682
1149,0.58449453,0.07160302,0.10106431,0.07282732,0.4834302,-0.0012242943
1150,0.4311659,0.035440773,0.06530015,0.043529846,0.36586577,-0.008089073
1151,0.3502195,0.019818105,0.057227306,0.04212844,0.29299217,-0.022310335
1152,0.47338426,0.062343568,0.095504016,0.07045484,0.37788025,-0.008111276
1153,0.35402545,0.07685389,0.09299383,0.070632584,0.26103163,0.0062213093
1154,0.4995712,0.0120465625,0.036124684,0.021845823,0.46344653,-0.009799261
1155,0.3077315,0.047960825,0.085826986,0.056109928,0.22190452,-0.008149102
1156,0.55612,0.0924406,0.15228498,0.11600748,0.403835,-0.02356688
1157,0.4473274,0.077169135,0.105684415,0.08158214,0.34164298,-0.0044130012
1158,0.34536004,0.027869916,0.053337682,0.037510782,0.29202235,-0.009640867
1159,0.56549466,0.10692787,0.12305869,0.084122784,0.44243598,0.022805087
1160,0.59111315,0.054727796,0.09670708,0.0624109,0.49440607,-0.007683102
1161,0.567785,0.11460776,0.14318226,0.10665042,0.42460275,0.007957339
1162,0.44749174,0.054045856,0.07684896,0.05469946,0.37064278,-0.0006536022
1163,0.5245628,0.056669526,0.07867509,0.056249633,0.44588768,0.00041989237
1164,0.37633675,0.031504463,0.0629468,0.043939136,0.31338996,-0.012434673
1165,0.21423148,0.031830203,0.065875195,0.045385577,0.14835629,-0.013555374
1166,0.25560105,0.031158403,0.04930489,0.035113934,0.20629616,-0.003955532
1167,0.53758425,0.07535817,0.09712101,0.0659477,0.44046324,0.009410471
1168,0.48073196,0.06485563,0.085393764,0.065121934,0.3953382,-0.0002663061
1169,0.52438945,0.077375226,0.11422584,0.07457453,0.4101636,0.0028006956
1170,0.35993984,0.057245813,0.0809544,0.06072063,0.27898544,-0.0034748167
1171,0.63427526,0.08931578,0.12311465,0.09289629,0.5111606,-0.0035805106
1172,0.5050166,0.080814905,0.095921785,0.0690235,0.40909484,0.011791408
1173,0.35454646,0.05873431,0.10792908,0.07050929,0.24661738,-0.011774983
1174,0.4500353,0.05537104,0.09160313,0.058460113,0.35843217,-0.003089074
1175,0.43964672,0.0609145,0.09529992,0.06651184,0.3443468,-0.005597338
1176,0.24734406,0.045576695,0.046922926,0.03825813,0.20042114,0.0073185638
1177,0.35577005,0.040408764,0.06492158,0.03943933,0.29084846,0.0009694323
1178,0.47168225,0.07247626,0.11150305,0.06823235,0.3601792,0.0042439103
1179,0.5203935,0.04756259,0.06541585,0.040952653,0.45497763,0.006609939
1180,0.36226964,0.07356528,0.09276941,0.06129115,0.26950023,0.012274131
1181,0.6135022,0.0715007,0.08449082,0.061004605,0.52901137,0.010496099
1182,0.27020708,0.024370525,0.050101962,0.037024017,0.22010511,-0.012653492
1183,0.3909828,0.02931836,0.06252679,0.04287647,0.328456,-0.01355811
1184,0.52250564,0.007742542,0.018821798,0.011598213,0.50368387,-0.0038556708
1185,0.67289007,-0.0073148985,0.030543828,0.015130729,0.64234626,-0.022445628
1186,0.2783381,0.03439424,0.051705934,0.036589503,0.22663218,-0.0021952651
1187,0.41535553,0.08355049,0.105854675,0.074489124,0.30950087,0.009061366
1188,0.46535662,0.07880882,0.11806302,0.09109086,0.34729362,-0.012282036
1189,0.7252713,0.13060996,0.17683229,0.11330185,0.548439,0.017308109
1190,0.37670466,0.055837654,0.088457674,0.06488277,0.288247,-0.009045117
1191,0.40143126,0.042122774,0.08454494,0.05768166,0.3168863,-0.015558887
1192,0.41686758,0.070979565,0.12776916,0.08740869,0.28909844,-0.016429126
1193,0.5569331,0.025688432,0.044501968,0.028535476,0.51243114,-0.0028470438
1194,0.4209234,0.049763773,0.07825457,0.050617978,0.34266883,-0.00085420534
1195,0.4191092,0.059464764,0.108307526,0.076005705,0.31080168,-0.01654094
1196,0.39940944,0.08185883,0.054540638,0.039969638,0.3448688,0.04188919
1197,0.45968902,0.101463884,0.1346015,0.0983921,0.32508752,0.003071785
1198,0.36119768,0.06693084,0.08539878,0.05890105,0.27579892,0.008029789
1199,0.34403405,0.085937805,0.08211187,0.053800836,0.26192218,0.03213697
1200,0.5580205,0.041277185,0.10046956,0.06692631,0.4575509,-0.025649123
1201,0.36103216,0.055181373,0.063059755,0.046454117,0.2979724,0.008727256
1202,0.3632437,0.049038026,0.059911612,0.04117967,0.3033321,0.007858358
1203,0.73598564,0.036945183,0.07945314,0.0486759,0.6565325,-0.011730716
1204,0.43821427,0.046399146,0.07088737,0.048296127,0.36732692,-0.0018969811
1205,0.5525124,0.05436368,0.0877094,0.055954132,0.464803,-0.0015904531
1206,0.33474672,0.042224914,0.07105066,0.046228275,0.26369607,-0.004003361
1207,0.441945,0.051274575,0.09579267,0.0655729,0.3461523,-0.014298327
1208,0.34848648,0.0053133536,0.019313168,0.01533469,0.32917333,-0.010021336
1209,0.53950423,0.070220776,0.097529024,0.06707242,0.4419752,0.0031483546
1210,0.41528797,0.05107547,0.060990755,0.046871323,0.35429722,0.0042041466
1211,0.533668,0.04001092,0.085325174,0.059798382,0.4483428,-0.01978746
1212,0.5163253,0.06270523,0.082470044,0.057884082,0.43385524,0.0048211515
1213,0.49689174,0.05221478,0.06781643,0.04109161,0.4290753,0.011123169
1214,0.42675778,0.09201528,0.10149114,0.077205405,0.32526666,0.014809877
1215,0.67294604,0.10102785,0.14481553,0.10033008,0.52813053,0.0006977692
1216,0.49153587,0.032268796,0.064309254,0.04582003,0.4272266,-0.013551235
1217,0.50424796,0.017905151,0.056384243,0.035047874,0.44786373,-0.017142722
1218,0.39215013,0.07041277,0.06748521,0.044951916,0.32466492,0.025460854
1219,0.6298296,0.08258822,0.13046524,0.08867941,0.49936435,-0.0060911924
1220,0.36419088,0.05769915,0.076187134,0.053125955,0.28800374,0.004573196
1221,0.3703102,0.0568215,0.07101862,0.055756368,0.29929155,0.0010651313
1222,0.43988734,0.037105247,0.06152205,0.04120164,0.37836528,-0.0040963925
1223,0.51924795,0.022204775,0.06506383,0.04522274,0.45418411,-0.023017965
1224,0.45257634,0.119880155,0.08355095,0.060566,0.36902538,0.059314154
1225,0.35483667,0.06023232,0.06505017,0.04907635,0.28978652,0.01115597
1226,0.490927,0.0667011,0.099520475,0.060158752,0.39140654,0.0065423474
1227,0.43188557,0.027095431,0.053237826,0.03894351,0.37864774,-0.011848079
1228,0.4542299,0.03169242,0.07111307,0.04650397,0.3831168,-0.014811549
1229,0.5111574,0.027218934,0.053082716,0.035104517,0.4580747,-0.007885583
1230,0.41342318,0.03389691,0.06029054,0.04657517,0.35313264,-0.012678262
1231,0.46636552,0.08941133,0.06311756,0.05120718,0.40324795,0.038204152
1232,0.4450203,0.06863594,0.08783505,0.06709223,0.35718524,0.0015437081
1233,0.516837,0.06070524,0.13591859,0.08989051,0.3809184,-0.029185269
1234,0.4698728,0.056035552,0.056163214,0.043724373,0.41370958,0.012311179
1235,0.38331097,0.08619385,0.10895951,0.08438424,0.27435148,0.0018096119
1236,0.7141381,-0.0025868148,0.018537367,0.01169026,0.69560075,-0.0142770745
1237,0.4141632,0.04265969,0.053927474,0.043387022,0.36023572,-0.0007273331
1238,0.6412195,0.04505069,0.09051637,0.06266102,0.5507031,-0.01761033
1239,0.56356424,0.06581565,0.0920981,0.05566915,0.47146612,0.010146499
1240,0.3517074,0.07797486,0.09198489,0.060300082,0.2597225,0.017674781
1241,0.41877407,0.07594734,0.09297882,0.071812846,0.32579523,0.004134491
1242,0.5169677,0.06179835,0.100168705,0.067668565,0.416799,-0.0058702156
1243,0.38503823,0.026034499,0.05474213,0.036951147,0.3302961,-0.010916648
1244,0.5148135,0.03040647,0.0645032,0.03745747,0.4503103,-0.0070510004
1245,0.41622412,0.061082695,0.09081707,0.06761597,0.32540706,-0.0065332763
1246,0.6424406,0.063083425,0.11285107,0.08155374,0.52958953,-0.018470317
1247,0.4725067,0.060288332,0.07959353,0.061152384,0.39291316,-0.0008640513
1248,0.40542045,0.04823085,0.077646986,0.054493416,0.32777345,-0.006262567
1249,0.64336944,0.138741,0.16482566,0.12783492,0.47854376,0.010906085
1250,0.38065895,0.04637269,0.0789578,0.05408106,0.30170116,-0.0077083707
1251,0.5186043,0.009464122,0.022633852,0.013812018,0.49597043,-0.0043478953
1252,0.4152503,0.028982647,0.08005004,0.050505687,0.33520025,-0.02152304
1253,0.7460031,0.01798483,0.06742473,0.039992966,0.6785784,-0.022008136
1254,0.39308056,0.049926896,0.09064314,0.068016306,0.30243742,-0.01808941
1255,0.3283147,0.057079107,0.054568272,0.04211503,0.27374643,0.014964078
1256,0.59646034,0.109140225,0.11317152,0.0789553,0.48328882,0.030184925
1257,0.42103896,0.055938985,0.09904426,0.07073792,0.3219947,-0.0147989355
1258,0.4801992,0.031056074,0.05834361,0.040348575,0.42185557,-0.0092925
1259,0.41992083,0.012030683,0.06284476,0.04031202,0.35707608,-0.028281335
1260,0.35148928,0.047378458,0.11477878,0.07678802,0.23671049,-0.029409565
1261,0.41493714,0.057320688,0.096310265,0.06893917,0.31862688,-0.011618484
1262,0.25986958,0.026839197,0.04793406,0.030846559,0.21193552,-0.004007362
1263,0.40763274,0.120113865,0.09727703,0.06758584,0.31035572,0.052528024
1264,0.38249704,0.045760833,0.05711665,0.034675483,0.32538038,0.01108535
1265,0.35323185,0.050151896,0.08030896,0.05442966,0.27292287,-0.0042777658
1266,0.48851633,0.11982504,0.15391098,0.088467866,0.33460534,0.031357177
1267,0.20015939,0.035079166,0.04943347,0.026667431,0.15072592,0.008411735
1268,0.5999308,0.10743377,0.15642439,0.11402365,0.44350642,-0.0065898746
1269,0.48491922,0.051833086,0.08777481,0.056631498,0.3971444,-0.0047984123
1270,0.47460258,0.045553673,0.091608144,0.06738268,0.38299444,-0.021829005
1271,0.40303084,0.04396195,0.067537434,0.04921656,0.33549342,-0.0052546114
1272,0.44034427,0.06745299,0.083812945,0.060165625,0.35653132,0.0072873645
1273,0.5022864,0.056400664,0.08366526,0.060795568,0.41862112,-0.004394904
1274,0.3211661,0.040109523,0.0741428,0.04742689,0.2470233,-0.007317368
1275,0.49843383,0.033648577,0.07085242,0.047782704,0.4275814,-0.014134128
1276,0.43399087,0.043340564,0.064623855,0.047024723,0.369367,-0.0036841594
1277,0.33198896,0.076169,0.078623064,0.057712365,0.2533659,0.018456634
1278,0.69776314,0.069135286,0.13428146,0.09390716,0.5634817,-0.024771877
1279,0.5582194,0.07258538,0.07372118,0.049745135,0.4844982,0.022840247
1280,0.48305807,0.08022895,0.10461296,0.07505706,0.3784451,0.0051718876
1281,0.56998557,0.08919549,0.10373651,0.076538876,0.46624905,0.012656614
1282,0.61164165,0.05801074,0.09848586,0.064261846,0.5131558,-0.006251108
1283,0.4654809,0.10421648,0.13450894,0.08775101,0.33097196,0.01646547
1284,0.38912725,0.06374509,0.07187786,0.05345007,0.3172494,0.010295019
1285,0.42615685,0.078951225,0.08474878,0.056402527,0.34140807,0.022548698
1286,0.6287677,0.013838471,0.03329361,0.025545727,0.5954741,-0.011707257
1287,0.44476604,0.03609812,0.07357647,0.051503986,0.37118956,-0.015405867
1288,0.26732123,0.045502413,0.04723299,0.034704875,0.22008824,0.010797538
1289,0.1717042,0.0045800786,0.051371094,0.03321567,0.120333105,-0.028635593
1290,0.42666823,0.0454914,0.06820803,0.04435967,0.3584602,0.001131732
1291,0.4977506,0.08159084,0.09867914,0.077002555,0.39907146,0.0045882836
1292,0.5401067,0.12389355,0.14886217,0.11474825,0.39124453,0.009145305
1293,0.47850686,0.057588592,0.10314958,0.0749099,0.37535727,-0.017321311
1294,0.5805223,0.070633955,0.075710855,0.053928867,0.50481147,0.016705088
1295,0.26268,0.037914306,0.053264093,0.038279347,0.2094159,-0.0003650412
1296,0.3917863,0.044316594,0.08318679,0.056159254,0.30859953,-0.011842661
1297,0.51170945,0.095338,0.092354104,0.0646381,0.41935533,0.030699901
1298,0.3953653,0.026932076,0.022548972,0.013597226,0.37281632,0.01333485
1299,0.43525994,0.034391787,0.053437915,0.03691237,0.38182202,-0.0025205836
1300,0.41597944,0.063463904,0.09008195,0.06420361,0.32589749,-0.00073970854
1301,0.29274997,0.045214053,0.067097716,0.03688865,0.22565225,0.008325402
1302,0.46268234,0.05276,0.08009371,0.0582587,0.38258862,-0.0054987
1303,0.49488243,0.072118014,0.10301951,0.07772586,0.39186293,-0.0056078434
1304,0.34725827,0.03396683,0.0690545,0.04693806,0.2782038,-0.012971234
1305,0.49574262,0.08675813,0.06912611,0.04958792,0.42661652,0.03717021
1306,0.502206,0.06334715,0.08767489,0.0667632,0.41453114,-0.0034160465
1307,0.40634558,0.07370429,0.08310523,0.061325572,0.32324034,0.012378715
1308,0.4444833,0.053876765,0.07293827,0.05198836,0.37154505,0.0018884055
1309,0.34185842,0.04417139,0.07385293,0.053826977,0.2680055,-0.009655587
1310,0.4428212,0.051830333,0.07536722,0.054181114,0.367454,-0.002350781
1311,0.4286912,0.070935756,0.09152906,0.06851533,0.33716214,0.0024204254
1312,0.4180633,0.043899406,0.058904637,0.04382418,0.35915866,7.522479e-05
1313,0.37210196,0.064544916,0.06414117,0.041414995,0.3079608,0.023129921
1314,0.48779476,0.060795736,0.10470539,0.0749466,0.38308936,-0.014150862
1315,0.6054924,0.005352435,0.025389152,0.014941127,0.5801033,-0.009588692
1316,0.39000002,0.058066055,0.09839593,0.062811635,0.2916041,-0.0047455803
1317,0.54177225,0.062835805,0.11162594,0.06458169,0.4301463,-0.0017458871
1318,0.68104404,0.13398033,0.1552576,0.12320569,0.52578646,0.010774642
1319,0.4280668,0.051831596,0.078536555,0.055152547,0.34953022,-0.003320951
1320,0.35927594,0.05811693,0.07761561,0.050315995,0.28166032,0.0078009367
1321,0.55829775,0.076113485,0.10634143,0.07304513,0.45195633,0.0030683577
1322,0.44773594,0.041823108,0.077327594,0.05011914,0.37040836,-0.0082960315
1323,0.46318948,0.07766948,0.093814194,0.059440542,0.3693753,0.018228937
1324,0.2914004,0.039782144,0.07363494,0.061016165,0.21776547,-0.02123402
1325,0.292881,0.053120736,0.06694619,0.053141907,0.22593482,-2.1170825e-05
1326,0.714839,0.018259797,0.060020424,0.034337115,0.65481853,-0.016077317
1327,0.4489255,0.08718809,0.10276916,0.08586977,0.34615633,0.0013183206
1328,0.36930338,0.06824078,0.09779618,0.07011514,0.2715072,-0.0018743649
1329,0.52030194,0.075543575,0.097917564,0.06673133,0.42238438,0.008812249
1330,0.5211969,0.10466064,0.099549465,0.06726955,0.42164743,0.03739109
1331,0.34810907,0.056612924,0.06828153,0.05279429,0.27982754,0.003818635
1332,0.51754934,0.009553934,0.06385054,0.040583566,0.4536988,-0.03102963
1333,0.30703062,0.07985744,0.07774112,0.05964851,0.2292895,0.020208929
1334,0.44503018,0.059119925,0.08013187,0.057714835,0.36489832,0.0014050901
1335,0.5444553,0.03895411,0.08921041,0.053362202,0.45524487,-0.014408093
1336,0.42522675,0.04639678,0.069340974,0.04711204,0.35588577,-0.00071525946
1337,0.3794026,0.06690442,0.08314143,0.058859553,0.2962612,0.008044865
1338,0.39200908,0.11633264,0.117751636,0.08973114,0.27425745,0.0266015
1339,0.56979877,0.057219993,0.09484931,0.06753596,0.47494945,-0.010315966
1340,0.5316086,0.06503179,0.10399788,0.06572906,0.4276107,-0.00069727004
1341,0.42087618,0.0913599,0.10368076,0.07540522,0.31719542,0.01595468
1342,0.3906914,0.04079022,0.058540076,0.041906387,0.33215132,-0.0011161678
1343,0.5655404,0.100747414,0.11683192,0.09583532,0.44870844,0.0049120933
1344,0.30935177,0.04621653,0.06191866,0.045690876,0.24743311,0.00052565336
1345,0.31950217,0.035022628,0.066063315,0.0467494,0.25343886,-0.011726774
1346,0.48841205,0.046671487,0.07536936,0.057111684,0.4130427,-0.010440197
1347,0.4422827,0.0540472,0.08483631,0.064135626,0.3574464,-0.010088425
1348,0.51728225,0.08300852,0.0903757,0.06895715,0.42690656,0.01405137
1349,0.52644145,0.09195883,0.11108275,0.08429267,0.41535872,0.0076661557
1350,0.6350785,0.059817992,0.107948475,0.07784976,0.52713,-0.018031769
1351,0.49214855,0.13061056,0.1668026,0.11494348,0.32534593,0.015667073
1352,0.47205186,0.06901727,0.103977114,0.07402437,0.36807474,-0.005007103
1353,0.46847323,0.017659824,0.046404935,0.03280117,0.4220683,-0.015141346
1354,0.58968365,0.04588875,0.12562546,0.07582644,0.4640582,-0.029937685
1355,0.5202515,0.09323994,0.08407645,0.06848457,0.43617505,0.024755374
1356,0.19033022,0.0113633685,0.05608012,0.037176818,0.1342501,-0.02581345
1357,0.51271456,0.05861806,0.06419447,0.05230298,0.4485201,0.0063150823
1358,0.44073024,0.018739682,0.053595953,0.034554783,0.38713428,-0.015815102
1359,0.54939467,0.044082504,0.057976212,0.039361883,0.49141845,0.004720621
1360,0.36464328,0.07337595,0.08617019,0.061317466,0.27847308,0.012058482
1361,0.41578642,0.025966017,0.06750248,0.0431745,0.34828395,-0.017208485
1362,0.5280776,0.08345114,0.07489227,0.06107975,0.45318532,0.022371385
1363,0.5599813,0.0063681444,0.04080564,0.024837539,0.51917565,-0.018469393
1364,0.3945528,0.074860595,0.09657019,0.058635917,0.2979826,0.016224679
1365,0.46326625,0.08406515,0.07745803,0.05520635,0.38580823,0.028858796
1366,0.485761,0.058978997,0.072135985,0.051756606,0.413625,0.0072223917
1367,0.52213436,0.09278626,0.11119441,0.07602208,0.41093996,0.016764179
1368,0.40390456,0.022466578,0.067510135,0.04617013,0.33639443,-0.023703553
1369,0.35419574,0.0630246,0.069568016,0.047857843,0.28462774,0.0151667595
1370,0.48573434,0.07967093,0.08301237,0.061539177,0.40272197,0.018131752
1371,0.3552728,0.05997219,0.06846234,0.050220948,0.28681046,0.009751242
1372,0.34955078,0.068085626,0.10798028,0.07705941,0.2415705,-0.008973785
1373,0.3200925,0.035980448,0.08041849,0.05885487,0.239674,-0.022874422
1374,0.2982862,0.056616653,0.06581781,0.053212877,0.2324684,0.0034037754
1375,0.6274088,0.059663627,0.07182889,0.05158412,0.5555799,0.008079506
1376,0.28555167,0.052255593,0.06706477,0.04354133,0.2184869,0.008714262
1377,0.24445985,0.05570827,0.06470316,0.04222947,0.1797567,0.013478801
1378,0.4133041,0.052874036,0.0721241,0.052762367,0.34118,0.0001116693
1379,0.39547,0.06181667,0.07428901,0.05633002,0.321181,0.0054866485
1380,0.3736109,0.050757874,0.12899114,0.07798965,0.24461977,-0.027231779
1381,0.32199994,0.022488853,0.047812603,0.033782385,0.27418733,-0.011293532
1382,0.25593713,0.049252547,0.0688299,0.04912995,0.18710724,0.00012259558
1383,0.42542213,0.055396333,0.073988594,0.050912008,0.35143355,0.0044843256
1384,0.3843698,0.075108394,0.10637883,0.07884421,0.27799097,-0.003735818
1385,0.32621977,0.042426858,0.092535585,0.063960806,0.23368418,-0.021533947
1386,0.48246786,0.07236077,0.11831802,0.07446666,0.36414984,-0.0021058917
1387,0.55772275,-0.01261036,0.023153732,0.012987285,0.534569,-0.025597645
1388,0.43640417,0.023748113,0.054982506,0.034258265,0.38142166,-0.010510152
1389,0.48936144,0.10303767,0.10709293,0.07728405,0.3822685,0.025753617
1390,0.5750707,0.060142018,0.094075635,0.06428219,0.48099506,-0.0041401684
1391,0.3925618,0.0380742,0.070188135,0.04332863,0.32237366,-0.0052544326
1392,0.44006985,0.06547311,0.07168197,0.05108293,0.36838788,0.014390178
1393,0.3729967,0.08595029,0.075530075,0.058693565,0.2974666,0.027256727
1394,0.4605493,0.048221346,0.07922792,0.052632924,0.38132137,-0.004411578
1395,0.37999585,0.06807413,0.10306443,0.0799474,0.2769314,-0.011873268
1396,0.46341696,0.093744926,0.1258566,0.091491126,0.33756036,0.0022538006
1397,0.33135012,0.038149323,0.06205818,0.04443784,0.26929194,-0.0062885173
1398,0.49539566,0.04897034,0.06947278,0.050257567,0.42592287,-0.0012872256
1399,0.62379855,0.04731689,0.07603255,0.0550501,0.547766,-0.007733211
1400,0.32398996,0.035476938,0.0479433,0.032851163,0.27604666,0.0026257746
1401,0.47333112,0.0775751,0.093057156,0.06517312,0.38027397,0.012401983
1402,0.6304898,0.08061126,0.104694605,0.07764964,0.5257952,0.0029616207
1403,0.39616948,0.058470175,0.10852709,0.08152624,0.2876424,-0.023056068
1404,0.45488995,0.06006981,0.10259625,0.07201259,0.3522937,-0.011942778
1405,0.5677673,0.06535437,0.106856555,0.0808191,0.46091077,-0.015464731
1406,0.52229637,0.08904131,0.10966993,0.08046107,0.41262645,0.008580238
1407,0.32417792,0.039776117,0.05806977,0.044974256,0.26610816,-0.0051981397
1408,0.25454852,0.04724284,0.05181614,0.03716846,0.20273238,0.010074377
1409,0.38602704,0.07293082,0.07307334,0.051591765,0.3129537,0.021339055
1410,0.53368384,0.059209354,0.085255645,0.059805132,0.44842818,-0.0005957782
1411,0.40952516,0.059437655,0.09282639,0.06417673,0.31669876,-0.004739076
1412,0.5000177,0.04816868,0.08513904,0.0631368,0.41487867,-0.01496812
1413,0.4487572,0.03701501,0.07376376,0.04637398,0.37499344,-0.009358969
1414,0.3628588,0.04948036,0.06583877,0.047793828,0.29702002,0.001686532
1415,0.5771154,0.07482222,0.113245144,0.081928454,0.4638703,-0.007106237
1416,0.4615269,0.04979137,0.076287165,0.055049386,0.38523972,-0.0052580163
1417,0.5631718,0.12595017,0.16986613,0.12051542,0.39330566,0.0054347515
1418,0.4629683,0.05911712,0.07531858,0.05946396,0.38764971,-0.00034683943
1419,0.50502366,0.05797498,0.11149092,0.074727,0.39353275,-0.01675202
1420,0.428095,0.06655606,0.09013792,0.062022716,0.33795708,0.004533343
1421,0.5267506,0.013769552,0.03256977,0.019602593,0.49418086,-0.005833041
1422,0.49340186,0.09903489,0.13649741,0.09971572,0.35690445,-0.0006808266
1423,0.5320626,0.05137017,0.121007316,0.07791348,0.41105527,-0.026543308
1424,0.3403179,0.043490086,0.072464585,0.042866707,0.26785332,0.0006233789
1425,0.4913502,0.046858452,0.08891071,0.05558986,0.4024395,-0.008731406
1426,0.37300017,0.060913984,0.1224258,0.08112826,0.25057438,-0.020214278
1427,0.34611848,0.039686274,0.07305989,0.044495508,0.2730586,-0.0048092343
1428,0.41621396,0.067521244,0.079195164,0.061234523,0.3370188,0.0062867217
1429,0.6295646,0.090538874,0.104722336,0.08119902,0.52484226,0.009339854
1430,0.37548864,0.016862063,0.047799844,0.029704886,0.32768878,-0.012842823
1431,0.55827445,0.054608855,0.0859386,0.06331484,0.47233585,-0.008705985
1432,0.1867886,0.03499372,0.04798225,0.035164103,0.13880636,-0.0001703836
1433,0.46360233,0.046076912,0.08210901,0.045985244,0.38149333,9.166822e-05
1434,0.48774305,0.049326055,0.08976353,0.0648858,0.39797953,-0.015559748
1435,0.59156734,0.024771616,0.044878326,0.029805064,0.54668903,-0.0050334483
1436,0.23435503,0.06820359,0.043503657,0.031471685,0.19085138,0.036731906
1437,0.4075318,0.030520918,0.0582969,0.038486008,0.3492349,-0.00796509
1438,0.5007371,0.034216702,0.06448199,0.04756401,0.4362551,-0.013347309
1439,0.36578548,0.041619863,0.06352573,0.04758987,0.30225974,-0.005970005
1440,0.48901525,0.07204826,0.09260633,0.06268897,0.39640892,0.009359293
1441,0.30991864,0.05143064,0.07798494,0.052703332,0.23193371,-0.0012726933
1442,0.52176845,0.0273776,0.048188016,0.030707913,0.47358042,-0.0033303127
1443,0.4486041,0.03320316,0.072940275,0.052616447,0.37566382,-0.019413289
1444,0.434923,0.062958375,0.1108,0.078970306,0.324123,-0.016011931
1445,0.5050334,0.047588006,0.081766516,0.059542406,0.42326686,-0.011954401
1446,0.5986175,0.05182096,0.10743298,0.07003542,0.49118453,-0.01821446
1447,0.38753533,0.014019121,0.065693535,0.044144582,0.3218418,-0.030125462
1448,0.3856752,0.06292806,0.0664706,0.0414966,0.3192046,0.021431457
1449,0.5334027,0.061842363,0.076340534,0.053538833,0.45706216,0.0083035305
1450,0.4558667,0.05728244,0.07392852,0.055738468,0.38193816,0.0015439726
1451,0.4522184,0.09099166,0.102828294,0.08213121,0.34939012,0.008860454
1452,0.577239,0.071778275,0.09649109,0.07261319,0.48074788,-0.00083491206
1453,0.4597518,0.100403,0.10973221,0.08388104,0.3500196,0.01652196
1454,0.4405897,0.020167397,0.04383528,0.030395262,0.3967544,-0.010227865
1455,0.41701612,0.067822,0.09949741,0.055810418,0.3175187,0.012011584
1456,0.41293064,0.09061317,0.07236654,0.051233973,0.3405641,0.039379198
1457,0.30444333,0.056100894,0.080534555,0.04872871,0.22390878,0.0073721856
1458,0.30478755,0.042628173,0.058198925,0.043697804,0.24658862,-0.0010696314
1459,0.3347405,0.03802796,0.06465182,0.04724647,0.27008867,-0.00921851
1460,0.37075576,0.03675622,0.08158269,0.049238816,0.28917307,-0.012482595
1461,0.41384265,0.07638391,0.08838695,0.055046216,0.3254557,0.021337695
1462,0.5924968,0.059536118,0.10942855,0.07091833,0.48306826,-0.011382211
1463,0.44742513,0.12271255,0.09607629,0.060258076,0.35134885,0.062454477
1464,0.5606563,0.056726906,0.117375165,0.07807726,0.44328114,-0.02135035
1465,0.50989044,0.070101365,0.08297136,0.06408081,0.42691907,0.0060205534
1466,0.21971145,0.029177118,0.042000834,0.029224174,0.17771062,-4.7056004e-05
1467,0.355944,0.0549285,0.08146622,0.06263231,0.27447778,-0.007703807
1468,0.4114013,0.031605605,0.08103006,0.051430516,0.33037123,-0.01982491
1469,0.40670422,0.07014124,0.060529612,0.046435338,0.3461746,0.023705903
1470,0.24132302,0.09996453,0.044483732,0.030216036,0.19683929,0.06974849
1471,0.38113686,0.060786333,0.0778537,0.056709405,0.30328315,0.004076928
1472,0.34805438,0.05747181,0.051159456,0.039243326,0.2968949,0.018228486
1473,0.5798517,0.056609057,0.09431416,0.06605029,0.48553753,-0.009441234
1474,0.3407485,0.036818415,0.06362769,0.048577547,0.2771208,-0.011759132
1475,0.40990615,0.049478635,0.07069124,0.05296138,0.33921492,-0.003482744
1476,0.38291633,0.0073072454,0.027863378,0.021595204,0.35505295,-0.014287959
1477,0.535975,0.022365,0.026081366,0.018636955,0.5098936,0.0037280452
1478,0.33660355,0.011949995,0.06403007,0.037123576,0.27257347,-0.025173582
1479,0.39055339,0.07538537,0.094481125,0.07799924,0.29607224,-0.0026138723
1480,0.45347986,0.08990147,0.08422723,0.0641912,0.36925262,0.02571027
1481,0.32141176,0.033569507,0.040313873,0.033806466,0.2810979,-0.00023695827
1482,0.4938928,0.04673603,0.084084034,0.057461664,0.40980875,-0.010725632
1483,0.3649665,0.053146295,0.07840213,0.054576606,0.28656438,-0.0014303103
1484,0.37434462,0.055800002,0.07682404,0.054443616,0.29752058,0.0013563856
1485,0.38018936,0.07080296,0.06918976,0.050155565,0.3109996,0.020647392
1486,0.482614,0.073360145,0.12716441,0.07640552,0.35544962,-0.0030453727
1487,0.47149062,0.06732901,0.09085305,0.058532223,0.3806376,0.008796789
1488,0.50898373,0.021288177,0.035914667,0.022237964,0.47306907,-0.000949787
1489,0.50270844,0.059513044,0.07602897,0.047992326,0.42667946,0.011520717
1490,0.2557619,0.0648833,0.045605883,0.030376928,0.21015601,0.034506373
1491,0.4239513,0.073409036,0.063710764,0.045708627,0.36024052,0.02770041
1492,0.43005672,0.032904346,0.06585512,0.047703408,0.3642016,-0.014799062
1493,0.39491016,0.027795536,0.05078513,0.032695994,0.34412503,-0.0049004573
1494,0.53007877,0.10143022,0.13289218,0.09324826,0.39718658,0.008181959
1495,0.5953876,0.06640643,0.10029897,0.07441865,0.4950886,-0.00801222
1496,0.55871475,0.060157064,0.083643585,0.067229226,0.47507116,-0.007072162
1497,0.52872103,0.057893567,0.07861525,0.055835575,0.4501058,0.002057992
1498,0.52192354,0.062568516,0.082708985,0.055500384,0.43921456,0.007068131
1499,0.47511846,0.053274363,0.07991517,0.058673266,0.3952033,-0.005398903
1500,0.21687423,0.029655037,0.044709753,0.032225,0.17216447,-0.0025699642
1501,0.5125204,0.09548441,0.11366562,0.078745514,0.39885476,0.016738899
1502,0.6809685,0.031388506,0.077949636,0.0528518,0.6030189,-0.021463294
1503,0.5507668,0.035376444,0.08190859,0.05077892,0.46885824,-0.015402477
1504,0.3907317,0.07941489,0.08546753,0.055967312,0.30526417,0.023447577
1505,0.26501158,0.030023012,0.051288657,0.035171885,0.21372291,-0.0051488727
1506,0.43704405,0.044150792,0.05392787,0.03827389,0.3831162,0.0058769025
1507,0.6387448,0.07274321,0.124952696,0.08717394,0.5137921,-0.014430732
1508,0.38004348,0.118234605,0.12321582,0.088169314,0.25682765,0.03006529
1509,0.40752432,0.050533704,0.06498394,0.04458962,0.34254038,0.0059440844
1510,0.5627033,0.034183998,0.0621586,0.042172685,0.5005447,-0.007988688
1511,0.5397267,0.08512893,0.09815481,0.06899422,0.44157186,0.016134717
1512,0.5333784,0.07778218,0.08682404,0.060704503,0.4465544,0.017077673
1513,0.4680113,0.023251003,0.046839137,0.03836313,0.42117214,-0.015112126
1514,0.36549413,0.0556866,0.07274556,0.04924542,0.29274857,0.0064411797
1515,0.49590114,0.04789835,0.062393427,0.042292,0.4335077,0.0056063496
1516,0.5133204,0.11482633,0.13087049,0.08854826,0.3824499,0.026278071
1517,0.33517018,0.07328211,0.08819944,0.054940224,0.24697074,0.018341884
1518,0.37171844,0.075464725,0.0917496,0.07142623,0.27996883,0.004038498
1519,0.37625864,0.061266627,0.07547289,0.052991204,0.30078575,0.008275423
1520,0.40305653,0.05289686,0.055949286,0.03889788,0.34710723,0.013998982
1521,0.45835066,0.12183486,0.108826324,0.089677274,0.34952432,0.032157585
1522,0.41731682,0.03000569,0.07065462,0.040384747,0.3466622,-0.010379057
1523,0.40799856,0.07817685,0.074735515,0.057042,0.33326304,0.02113485
1524,0.4916435,-0.0091326125,0.023146143,0.012139664,0.46849734,-0.021272276
1525,0.66222304,0.058981135,0.12453634,0.084394895,0.5376867,-0.025413759
1526,0.44404092,0.06911283,0.10404524,0.07515523,0.33999568,-0.0060423985
1527,0.50720215,0.07137893,0.09542425,0.07014238,0.4117779,0.0012365505
1528,0.5958589,0.011710621,0.02341646,0.016446672,0.5724424,-0.004736051
1529,0.45960227,0.07478794,0.097000666,0.06901637,0.3626016,0.00577157
1530,0.4829949,0.079807825,0.12200239,0.085359976,0.36099252,-0.0055521503
1531,0.5391293,0.076050274,0.11531763,0.09071164,0.42381167,-0.014661364
1532,0.45628318,0.0694545,0.08286837,0.062925726,0.3734148,0.0065287724
1533,0.42080286,0.07109646,0.12824881,0.0901254,0.29255405,-0.01902894
1534,0.30855477,0.031368498,0.062077723,0.04304962,0.24647704,-0.011681121
1535,0.5055188,0.07756309,0.09899294,0.06665489,0.40652585,0.010908201
1536,0.6080566,0.07155202,0.107114986,0.07739027,0.50094163,-0.005838245
1537,0.38751325,0.11829434,0.07969961,0.061914783,0.30781364,0.05637956
1538,0.4120829,0.081402674,0.078922145,0.058412846,0.33316076,0.022989828
1539,0.44734874,0.032186847,0.052806467,0.038903918,0.39454228,-0.006717071
1540,0.41437516,0.019320913,0.05617311,0.02910482,0.35820204,-0.009783907
1541,0.5029066,0.05378799,0.08545548,0.05584068,0.41745114,-0.002052687
1542,0.3859847,0.03345964,0.0679646,0.048856713,0.3180201,-0.015397072
1543,0.43341282,0.025034828,0.07783025,0.04523216,0.35558257,-0.02019733
1544,0.5185008,0.082070574,0.096258335,0.070522316,0.42224246,0.011548258
1545,0.47506946,0.10818795,0.10178859,0.07830294,0.37328088,0.029885009
1546,0.20169804,0.025325641,0.046534076,0.032157008,0.15516396,-0.0068313666
1547,0.5542452,0.0878527,0.109230034,0.07924062,0.44501513,0.008612081
1548,0.59245986,0.041777153,0.08883276,0.0516926,0.5036271,-0.009915449
1549,0.45512938,0.06958984,0.07993557,0.06283611,0.3751938,0.006753728
1550,0.56353056,0.09900262,0.08878278,0.06427859,0.47474778,0.034724034
1551,0.36471152,0.06224181,0.085217975,0.066081434,0.27949354,-0.0038396232
1552,0.50839764,0.056883607,0.066974916,0.045510117,0.44142273,0.01137349
1553,0.5486816,0.06835549,0.09218997,0.060936607,0.45649165,0.007418886
1554,0.5883968,0.04749718,0.09958226,0.06637586,0.48881453,-0.01887868
1555,0.15121059,0.02692686,0.037067886,0.021895772,0.1141427,0.0050310884
1556,0.52033156,0.06257826,0.090802506,0.06467486,0.42952907,-0.0020966008
1557,0.5065766,0.04967407,0.08572763,0.0560691,0.42084897,-0.006395027
1558,0.42233324,0.048681736,0.068050355,0.05280817,0.3542829,-0.0041264333
1559,0.6358538,0.054117355,0.092008494,0.06414102,0.54384536,-0.010023665
1560,0.30371374,0.08216987,0.08136342,0.055373106,0.22235033,0.026796762
1561,0.39856404,0.09762676,0.106597446,0.07958304,0.2919666,0.01804372
1562,0.3633189,0.09255585,0.08783382,0.061904345,0.27548507,0.030651506
1563,0.43694532,0.05717007,0.095592834,0.061754316,0.3413525,-0.0045842454
1564,0.4302447,0.058777515,0.08389749,0.057834696,0.3463472,0.0009428188
1565,0.4428148,0.015807258,0.05641278,0.038734365,0.386402,-0.022927107
1566,0.46917328,0.037282903,0.06626491,0.048115667,0.40290838,-0.010832764
1567,0.53693354,0.05255852,0.11237349,0.078112334,0.42456004,-0.025553815
1568,0.5047513,0.038467348,0.09177314,0.067394026,0.41297817,-0.028926678
1569,0.4208496,0.016768271,0.039622854,0.029246697,0.38122675,-0.012478426
1570,0.5375453,0.058842324,0.094752274,0.06784293,0.44279304,-0.009000607
1571,0.35613626,0.017183393,0.048210826,0.031056508,0.30792543,-0.013873115
1572,0.48093247,0.08635409,0.10974977,0.08223578,0.3711827,0.0041183084
1573,0.3155662,0.014048452,0.06809691,0.04210903,0.2474693,-0.02806058
1574,0.4074843,0.04488944,0.052328333,0.033994738,0.35515594,0.010894701
1575,0.45974413,0.08487224,0.064269416,0.044694085,0.3954747,0.040178154
1576,0.5152918,0.07191726,0.09240616,0.06416029,0.42288566,0.007756971
1577,0.42471704,0.06859127,0.08618246,0.06154668,0.3385346,0.0070445873
1578,0.20578724,0.020109145,0.037373208,0.025977066,0.16841403,-0.005867921
1579,0.27751908,0.016342772,0.047292873,0.031001609,0.2302262,-0.014658837
1580,0.5771883,0.07323761,0.0935982,0.059514076,0.48359013,0.013723537
1581,0.34934953,0.050598808,0.049486667,0.03513312,0.29986286,0.015465688
1582,0.33025038,0.030703172,0.06001985,0.042231392,0.27023053,-0.01152822
1583,0.49889213,0.08068043,0.10855103,0.07025371,0.3903411,0.0104267225
1584,0.42091495,0.061172824,0.08497297,0.065920554,0.33594197,-0.0047477297
1585,0.4958226,0.055033635,0.07914481,0.06362277,0.4166778,-0.008589137
1586,0.42311367,0.03474813,0.05815925,0.045119405,0.3649544,-0.010371275
1587,0.46172944,0.07742433,0.08442029,0.060757164,0.37730914,0.016667169
1588,0.43088,0.024594845,0.08263507,0.057348333,0.34824494,-0.03275349
1589,0.30646133,0.0651227,0.08863862,0.056113895,0.21782272,0.009008806
1590,0.44370687,0.062084693,0.091474496,0.062467933,0.35223237,-0.00038323924
1591,0.58920455,0.10008561,0.11701198,0.08643474,0.4721926,0.013650872
1592,0.43845454,0.07165622,0.09571705,0.06846466,0.3427375,0.0031915605
1593,0.46590322,0.06410787,0.08161824,0.05770278,0.38428497,0.006405093
1594,0.4142114,0.049793307,0.08643194,0.06508224,0.32777944,-0.01528893
1595,0.45823544,0.086158246,0.07273521,0.054117527,0.38550022,0.03204072
1596,0.18382937,0.023008713,0.0352147,0.02680374,0.14861467,-0.0037950259
1597,0.45496684,0.08672042,0.08725612,0.056011483,0.3677107,0.030708939
1598,0.6864601,0.1647421,0.23895721,0.168878,0.44750285,-0.0041359067
1599,0.5299234,0.06897208,0.08964266,0.06818679,0.44028074,0.0007852912
1600,0.40382937,0.010202501,0.05681682,0.03660591,0.34701255,-0.026403408
1601,0.5137966,0.06811026,0.07934762,0.06403581,0.43444902,0.004074447
1602,0.6593077,0.1252194,0.1769355,0.12884617,0.48237222,-0.0036267638
1603,0.48538974,0.049756598,0.07719946,0.052116737,0.40819028,-0.002360139
1604,0.354713,0.01624569,0.052062754,0.03629943,0.30265024,-0.02005374
1605,0.53441834,0.09757971,0.12601496,0.095031224,0.4084034,0.002548486
1606,0.40863863,0.04977892,0.105953276,0.0667762,0.30268535,-0.016997281
1607,0.44432598,0.050685864,0.08258785,0.059290003,0.36173815,-0.008604139
1608,0.6204878,0.041941624,0.12768596,0.06961434,0.49280185,-0.02767272
1609,0.5914549,0.067622334,0.08376342,0.06279602,0.5076915,0.0048263147
1610,0.45768735,0.043587163,0.072714865,0.056504373,0.38497248,-0.012917209
1611,0.55519056,0.05238665,0.08125597,0.052917562,0.4739346,-0.0005309135
1612,0.3728309,0.0088049155,0.05019307,0.03156988,0.32263783,-0.022764964
1613,0.31610492,0.013299611,0.05304744,0.030273123,0.26305747,-0.01697351
1614,0.45321026,0.046628546,0.076315805,0.049434934,0.37689447,-0.0028063878
1615,0.5149531,0.017640926,0.02116472,0.012318283,0.49378836,0.0053226426
1616,0.31495094,0.048386298,0.06722561,0.048500475,0.24772534,-0.00011417642
1617,0.62917817,0.12032399,0.17212556,0.12518233,0.4570526,-0.0048583373
1618,0.3875974,0.049600672,0.073043525,0.047791947,0.3145539,0.0018087253
1619,0.37324175,0.08264641,0.07520366,0.053852063,0.2980381,0.028794345
1620,0.52762645,0.04366137,0.053523134,0.036048554,0.47410333,0.007612817
1621,0.4939525,0.06837508,0.08862707,0.067159094,0.40532544,0.0012159869
1622,0.34141,0.011787717,0.049342815,0.029953392,0.2920672,-0.018165674
1623,0.42015502,0.04624643,0.06810107,0.050184444,0.35205394,-0.003938012
1624,0.4196915,0.07772924,0.078412294,0.05863203,0.3412792,0.019097209
1625,0.6219287,0.054756608,0.06953072,0.04554355,0.55239797,0.009213056
1626,0.42656162,0.03596842,0.0737682,0.05488959,0.35279343,-0.01892117
1627,0.34741798,0.07676432,0.06684545,0.04250591,0.28057253,0.034258414
1628,0.40904945,0.032482587,0.052515283,0.034555797,0.35653418,-0.0020732097
1629,0.49581885,0.055016387,0.07646972,0.050597887,0.41934913,0.0044185
1630,0.32758978,0.0289819,0.076199204,0.04770197,0.25139058,-0.01872007
1631,0.55413234,0.049335357,0.09295819,0.073844075,0.46117416,-0.024508718
1632,0.39232996,0.057975147,0.08287013,0.05971101,0.30945984,-0.0017358623
1633,0.45479158,0.07965172,0.09361934,0.06258049,0.36117223,0.017071232
1634,0.525194,0.06809223,0.09366983,0.069931485,0.43152416,-0.0018392578
1635,0.18847431,-0.0017661997,0.03738992,0.026038585,0.1510844,-0.027804784
1636,0.57244533,0.048656873,0.076196775,0.056711916,0.49624854,-0.0080550425
1637,0.63030386,0.0036685201,0.044009037,0.023983981,0.58629483,-0.02031546
1638,0.30432284,0.036027677,0.049311876,0.037782203,0.25501096,-0.001754526
1639,0.5998253,0.017233204,0.030618077,0.015357749,0.56920725,0.0018754555
1640,0.32870293,0.06764363,0.0827756,0.060113035,0.24592733,0.0075305924
1641,0.42746958,0.06567499,0.087677784,0.06616389,0.3397918,-0.00048889965
1642,0.50052255,0.07288934,0.06928154,0.043735012,0.431241,0.02915433
1643,0.47960398,0.0696302,0.085232146,0.059795618,0.39437184,0.00983458
1644,0.44447863,0.046678055,0.07163352,0.05072224,0.3728451,-0.0040441863
1645,0.45444986,0.02747905,0.069345094,0.04774763,0.38510478,-0.02026858
1646,0.47999555,0.061387733,0.093184985,0.061876103,0.38681057,-0.00048837066
1647,0.43171483,0.034796987,0.08009943,0.055361114,0.3516154,-0.020564128
1648,0.4495913,0.068057775,0.070281394,0.049684986,0.37930992,0.018372789
1649,0.41622964,0.047830816,0.07067561,0.04771331,0.34555402,0.00011750683
1650,0.3758733,0.0877449,0.07354166,0.04428193,0.30233163,0.04346297
1651,0.51492417,0.051463686,0.08543165,0.065981545,0.42949253,-0.014517859
1652,0.48952726,0.07462115,0.095746234,0.065707095,0.393781,0.008914053
1653,0.38944152,0.09096792,0.07134175,0.054284636,0.31809977,0.036683287
1654,0.37789842,0.041946907,0.09619092,0.05664508,0.2817075,-0.014698174
1655,0.53447074,0.08066862,0.13862465,0.100819476,0.39584607,-0.020150855
1656,0.47159505,0.0719549,0.11351683,0.06334539,0.3580782,0.008609511
1657,0.5494863,0.076260015,0.117386445,0.08911225,0.43209982,-0.012852237
1658,0.46989697,0.08778472,0.10794583,0.0709844,0.36195114,0.016800322
1659,0.3062129,0.058174368,0.060108434,0.04208499,0.24610446,0.01608938
1660,0.44923356,0.019558426,0.03628206,0.024594918,0.4129515,-0.005036492
1661,0.485347,0.056492917,0.08158596,0.061094195,0.40376103,-0.0046012774
1662,0.40406954,0.03469385,0.05574994,0.04007876,0.3483196,-0.005384911
1663,0.43217492,0.074261956,0.12980627,0.085822776,0.30236864,-0.01156082
1664,0.4819729,0.044338766,0.06174719,0.04197659,0.4202257,0.0023621768
1665,0.41385588,0.029736642,0.049634743,0.036604535,0.36422113,-0.006867893
1666,0.27944827,0.032871,0.05562128,0.04154573,0.22382699,-0.00867473
1667,0.5680848,0.06026054,0.09965966,0.07270151,0.46842512,-0.012440965
1668,0.47367382,0.046468217,0.060996857,0.04332445,0.41267696,0.0031437688
1669,0.67236906,0.0762339,0.10857947,0.08466134,0.5637896,-0.008427441
1670,0.50151813,0.05269219,0.053620026,0.036574412,0.4478981,0.016117778
1671,0.53587145,0.10410457,0.16849118,0.10746175,0.36738026,-0.0033571795
1672,0.39007708,0.042534564,0.06579434,0.04576817,0.32428274,-0.0032336079
1673,0.32261723,0.042597026,0.04549912,0.03634548,0.27711812,0.0062515475
1674,0.65403247,0.07004531,0.13676411,0.09045544,0.51726836,-0.020410135
1675,0.49014854,0.12541665,0.0933412,0.06521025,0.39680734,0.0602064
1676,0.32146403,0.05102781,0.07565788,0.05088655,0.24580616,0.00014125928
1677,0.352505,0.03583183,0.06812718,0.050105583,0.2843778,-0.0142737515
1678,0.49979073,0.09126905,0.10639295,0.06892471,0.39339778,0.022344343
1679,0.40948504,0.047639173,0.06933821,0.04812046,0.34014684,-0.00048128888
1680,0.45950618,0.047180135,0.084942915,0.060632803,0.37456328,-0.013452668
1681,0.52692616,0.013354037,0.03531291,0.02456248,0.49161324,-0.011208443
1682,0.4600002,0.081728086,0.0670644,0.05047701,0.39293578,0.031251077
1683,0.25060093,0.010594443,0.04004538,0.026226314,0.21055555,-0.01563187
1684,0.37851182,0.059368763,0.046278704,0.037638888,0.3322331,0.021729875
1685,0.4589858,0.044936467,0.072975904,0.051731262,0.3860099,-0.0067947954
1686,0.43286744,0.0716712,0.10865419,0.07339313,0.32421324,-0.001721926
1687,0.41410202,0.049756598,0.057807516,0.04409366,0.3562945,0.0056629367
1688,0.34586507,0.029444767,0.041569248,0.029726679,0.30429584,-0.00028191134
1689,0.5232234,0.059162166,0.081008494,0.062109075,0.4422149,-0.0029469095
1690,0.46464992,0.078208245,0.104602724,0.075477816,0.3600472,0.0027304292
1691,0.48650205,0.07134221,0.08413224,0.06281541,0.4023698,0.008526795
1692,0.40919617,0.054155227,0.0871346,0.055013753,0.32206157,-0.0008585267
1693,0.7004622,0.1285862,0.156959,0.09392983,0.5435032,0.034656376
1694,0.4131003,0.05516631,0.07158296,0.05038569,0.34151733,0.0047806203
1695,0.61806864,0.122412615,0.14431776,0.09709229,0.4737509,0.025320321
1696,0.39685085,0.06603337,0.06838602,0.052883312,0.32846484,0.013150059
1697,0.34335008,0.029282318,0.06370524,0.046562184,0.27964485,-0.017279865
1698,0.4187455,0.040699646,0.06660557,0.047875296,0.35213992,-0.0071756504
1699,0.5436018,0.049382977,0.08894231,0.05652389,0.4546595,-0.007140912
1700,0.5728987,0.018329512,0.03128521,0.021995122,0.54161346,-0.0036656093
1701,0.30773783,0.03688745,0.063225575,0.043822095,0.24451226,-0.0069346465
1702,0.399775,0.05588572,0.061749414,0.04109069,0.33802557,0.014795031
1703,0.5772936,0.11841298,0.15452872,0.11599077,0.42276484,0.002422206
1704,0.5968706,0.08755389,0.10184869,0.07886091,0.4950219,0.00869298
1705,0.5845176,0.06719327,0.0868192,0.056100067,0.4976984,0.011093203
1706,0.4047513,0.059416395,0.059187174,0.045025077,0.34556413,0.014391318
1707,0.35565656,0.024721604,0.0720411,0.041972566,0.28361547,-0.017250963
1708,0.62850356,0.063871525,0.096903086,0.06821868,0.5316005,-0.004347153
1709,0.48033157,0.058394812,0.07987189,0.05875756,0.40045968,-0.00036274642
1710,0.45721793,0.07471621,0.06656907,0.04768662,0.39064887,0.027029589
1711,0.18354648,0.0274294,0.058715515,0.039558418,0.12483097,-0.012129018
1712,0.3790357,0.03390366,0.045767993,0.032859698,0.33326772,0.0010439605
1713,0.40801436,0.06223292,0.07887344,0.05059567,0.3291409,0.011637248
1714,0.31702983,0.03239958,0.04966009,0.04179922,0.26736975,-0.009399641
1715,0.43956774,0.030940803,0.047328863,0.03232861,0.3922389,-0.0013878066
1716,0.40110064,0.072870724,0.10071839,0.058195695,0.30038226,0.014675029
1717,0.38614753,0.062368296,0.07995439,0.055914164,0.30619314,0.0064541325
1718,0.6781124,0.012999828,0.07147203,0.04267928,0.60664034,-0.029679451
1719,0.41147953,0.034240752,0.07511772,0.051652443,0.33636183,-0.01741169
1720,0.45203152,0.045931432,0.08246166,0.053748716,0.36956987,-0.007817283
1721,0.4874356,0.060337927,0.085888885,0.061111007,0.40154672,-0.0007730797
1722,0.46534494,0.029468177,0.07372853,0.052519113,0.3916164,-0.023050936
1723,0.42911917,0.041772187,0.0858572,0.05622996,0.34326196,-0.014457773
1724,0.3344945,0.036465116,0.060876604,0.043698993,0.2736179,-0.0072338767
1725,0.43435135,0.027602704,0.070840806,0.049949557,0.36351055,-0.022346852
1726,0.50309336,0.06782005,0.09988208,0.08015368,0.4032113,-0.0123336315
1727,0.3793598,0.07784208,0.06055069,0.03181281,0.31880912,0.04602927
1728,0.4572016,0.061016556,0.08907379,0.060862444,0.36812782,0.00015411153
1729,0.3287796,0.049822226,0.08012661,0.052196246,0.248653,-0.0023740195
1730,0.3661569,0.032545097,0.06660155,0.04640974,0.29955536,-0.013864644
1731,0.46719474,0.0765197,0.11119999,0.07837422,0.35599476,-0.001854524
1732,0.44296587,0.053966906,0.073218554,0.051933732,0.3697473,0.002033174
1733,0.4456296,0.039986473,0.07199553,0.047505163,0.37363407,-0.00751869
1734,0.44268113,0.032758124,0.065165736,0.042629085,0.3775154,-0.009870961
1735,0.46445155,0.04624153,0.067774415,0.051034432,0.39667714,-0.0047929026
1736,0.51870954,0.046635255,0.09405689,0.060686875,0.42465264,-0.01405162
1737,0.5038889,0.053491395,0.07320163,0.052717265,0.43068728,0.0007741302
1738,0.5538599,0.06875222,0.094260655,0.06297867,0.45959923,0.0057735518
1739,0.3928286,0.086663544,0.09137691,0.060705975,0.3014517,0.02595757
1740,0.44205487,0.049453985,0.06441139,0.04585436,0.37764347,0.003599625
1741,0.5575964,0.049785566,0.0909085,0.06533194,0.4666879,-0.015546378
1742,0.42460254,0.030306702,0.055442706,0.03099588,0.36915982,-0.00068917684
1743,0.3173511,0.032400582,0.058092974,0.04447815,0.25925812,-0.012077566
1744,0.6311101,0.07887693,0.10615768,0.07489941,0.5249524,0.003977515
1745,0.34831938,0.04302276,0.07845572,0.05607139,0.26986367,-0.01304863
1746,0.6096499,0.08291305,0.13113493,0.087524556,0.47851497,-0.004611507
1747,0.3403084,0.070469104,0.0883163,0.057302617,0.2519921,0.013166487
1748,0.38009578,0.03212693,0.040772393,0.030234829,0.3393234,0.001892101
1749,0.6494631,0.08149142,0.1084572,0.06369418,0.5410059,0.01779724
1750,0.4291773,0.058143925,0.08770013,0.0644265,0.3414772,-0.0062825717
1751,0.59709924,0.08936988,0.11606455,0.08314993,0.4810347,0.006219946
1752,0.54387313,0.07235878,0.12679783,0.09035983,0.4170753,-0.01800105
1753,0.3012124,0.034292877,0.053482298,0.037489753,0.2477301,-0.0031968765
1754,0.420185,0.01843224,0.035424646,0.02461013,0.38476035,-0.006177891
1755,0.35687926,0.04189703,0.07535249,0.05650338,0.28152677,-0.014606353
1756,0.46324596,0.076992646,0.086225756,0.058139764,0.3770202,0.018852882
1757,0.2716938,0.043240402,0.073069885,0.054619506,0.19862391,-0.011379104
1758,0.6161831,0.003224066,0.02511301,0.017616574,0.5910701,-0.014392508
1759,0.56694376,0.044701383,0.08934869,0.05295796,0.4775951,-0.008256577
1760,0.6916342,0.02740832,0.08176167,0.0489083,0.6098725,-0.02149998
1761,0.49802637,0.02701495,0.052557245,0.03579007,0.44546914,-0.008775121
1762,0.40098503,0.020669458,0.061980344,0.04092686,0.3390047,-0.0202574
1763,0.5709099,0.09209707,0.10294147,0.07237028,0.46796846,0.019726783
1764,0.3695579,0.11997172,0.09768435,0.07394429,0.27187353,0.04602743
1765,0.3829095,0.029415471,0.069672,0.045265168,0.3132375,-0.015849696
1766,0.45243737,0.033737175,0.057310496,0.039315216,0.39512688,-0.005578041
1767,0.38000825,0.069338046,0.09400116,0.06782665,0.2860071,0.001511395
1768,0.49811843,0.098343164,0.11639785,0.08747588,0.38172057,0.010867283
1769,0.57329327,0.12883416,0.13783652,0.09988961,0.43545675,0.028944544
1770,0.4746855,0.027896475,0.062674426,0.040531274,0.41201106,-0.012634799
1771,0.4921205,0.05055158,0.077460915,0.051615916,0.4146596,-0.0010643378
1772,0.5805655,-0.010887886,0.022308325,0.012918429,0.55825716,-0.023806315
1773,0.5150865,0.039432723,0.0748632,0.05326188,0.44022328,-0.013829157
1774,0.47134593,0.08047363,0.0882411,0.062310576,0.38310483,0.018163055
1775,0.5089486,0.046927646,0.09131898,0.06984323,0.41762966,-0.022915587
1776,0.36473623,0.035484742,0.05930489,0.041230697,0.30543134,-0.005745955
1777,0.540622,0.113709696,0.10097702,0.06556824,0.439645,0.048141457
1778,0.459449,0.040131245,0.07394855,0.057325233,0.38550043,-0.017193988
1779,0.4294071,0.04402354,0.06916237,0.049290475,0.36024472,-0.0052669346
1780,0.5618397,0.062353298,0.09009112,0.06482738,0.4717486,-0.0024740845
1781,0.40519738,0.062419623,0.082918026,0.061556846,0.32227936,0.00086277723
1782,0.51596683,0.080474496,0.08631481,0.063933924,0.42965204,0.016540572
1783,0.45889693,0.060023256,0.096216634,0.076477185,0.36268032,-0.01645393
1784,0.4656741,0.028388033,0.05648266,0.0400926,0.40919143,-0.011704566
1785,0.5111539,0.06572565,0.088649794,0.05384301,0.42250407,0.011882637
1786,0.41942662,0.06642215,0.07802257,0.055159733,0.34140405,0.011262417
1787,0.5469947,0.06392215,0.078200325,0.05974029,0.46879435,0.004181862
1788,0.44239107,0.08071127,0.076830715,0.055884108,0.36556035,0.02482716
1789,0.44904527,0.0058896285,0.02112814,0.01667502,0.42791712,-0.010785392
1790,0.45863914,0.05041804,0.0651696,0.048218478,0.39346954,0.0021995641
1791,0.45672798,0.091829024,0.08299405,0.06665908,0.37373394,0.025169946
1792,0.5045617,0.08608196,0.1271397,0.096121795,0.37742203,-0.010039836
1793,0.4246654,0.07196769,0.07978738,0.062089544,0.34487802,0.009878147
1794,0.57694757,0.05816511,0.08904889,0.066491306,0.48789868,-0.008326195
1795,0.46390653,0.040744636,0.083462894,0.05651077,0.38044363,-0.015766133
1796,0.42577547,0.054685954,0.107449986,0.06262049,0.3183255,-0.007934537
1797,0.40063718,0.039563917,0.066912696,0.047065176,0.3337245,-0.0075012594
1798,0.54757714,0.091591015,0.12662297,0.08942956,0.42095417,0.0021614581
1799,0.50230265,0.073602855,0.112159565,0.07661173,0.3901431,-0.0030088723
1800,0.28067917,0.0662002,0.058475506,0.04344423,0.22220366,0.022755966
1801,0.36582813,0.057198662,0.067635864,0.047559123,0.29819226,0.009639539
1802,0.42999473,0.095790654,0.09795067,0.073784664,0.33204406,0.02200599
1803,0.5952268,0.065666944,0.090651385,0.060441688,0.50457543,0.005225256
1804,0.45947537,0.03291791,0.039860927,0.029527776,0.41961443,0.0033901334
1805,0.40987083,0.050442215,0.072111465,0.050209228,0.33775938,0.0002329871
1806,0.4022315,0.06367323,0.085784785,0.06906481,0.31644672,-0.005391583
1807,0.4513287,0.08421459,0.0845806,0.058805224,0.3667481,0.025409367
1808,0.54624516,0.03585417,0.078469515,0.055006023,0.46777564,-0.019151855
1809,0.34853053,0.05041498,0.06971546,0.04390074,0.27881506,0.00651424
1810,0.40721616,0.032767057,0.06054965,0.046491586,0.3466665,-0.013724528
1811,0.3232787,0.037807252,0.07534529,0.053430304,0.2479334,-0.015623052
1812,0.5701686,0.10803777,0.1236913,0.09314942,0.44647732,0.014888346
1813,0.49312028,0.037036348,0.05650966,0.033242136,0.43661064,0.003794212
1814,0.47325718,0.07011125,0.101901405,0.072954886,0.37135577,-0.0028436333
1815,0.49095842,0.045354422,0.090637274,0.05742712,0.40032116,-0.012072697
1816,0.3636563,0.028490564,0.043589935,0.03065868,0.3200664,-0.0021681152
1817,0.36415428,0.050363686,0.057923492,0.03803144,0.30623078,0.012332246
1818,0.48441926,0.12721315,0.13787231,0.108148545,0.34654695,0.019064605
1819,0.46489343,0.06596386,0.11092731,0.07896678,0.35396612,-0.013002925
1820,0.4165717,0.03168787,0.05202564,0.032587036,0.36454606,-0.00089916587
1821,0.36624876,0.08215558,0.08427529,0.061322175,0.28197348,0.020833403
1822,0.41109055,0.061111387,0.05454484,0.034107655,0.35654572,0.027003732
1823,0.44912902,0.059155114,0.08015882,0.052332334,0.3689702,0.00682278
1824,0.33014345,0.04933235,0.054567326,0.041208576,0.2755761,0.008123774
1825,0.38425517,0.066533566,0.092051305,0.06863664,0.29220387,-0.0021030754
1826,0.43785372,0.0678381,0.08130151,0.053579524,0.3565522,0.014258578
1827,0.5215606,0.054088738,0.08141503,0.05304227,0.44014558,0.0010464676
1828,0.3229479,0.10430496,0.13662523,0.10287073,0.18632266,0.0014342293
1829,0.5158731,0.049912777,0.08372583,0.064550966,0.43214723,-0.014638189
1830,0.43327534,0.03288633,0.07025151,0.0474324,0.36302382,-0.01454607
1831,0.5779007,0.047486458,0.06661154,0.046802364,0.5112892,0.0006840937
1832,0.51550514,0.087651275,0.13401145,0.09995416,0.3814937,-0.012302883
1833,0.54368806,0.002435026,0.02868515,0.023288002,0.5150029,-0.020852976
1834,0.53511447,0.06841435,0.1019293,0.080903605,0.43318516,-0.012489252
1835,0.4222398,0.023503007,0.0763477,0.045817822,0.3458921,-0.022314815
1836,0.24422206,0.0076527647,0.04313695,0.029480327,0.2010851,-0.021827562
1837,0.5223473,0.086873636,0.11102429,0.079439186,0.41132298,0.00743445
1838,0.3489934,0.03893755,0.0678211,0.047714025,0.28117228,-0.008776475
1839,0.6903212,0.059704505,0.10990239,0.07115305,0.5804188,-0.011448547
1840,0.41411948,0.017565444,0.068223245,0.038917784,0.34589624,-0.02135234
1841,0.4458876,0.083711565,0.104243614,0.07377195,0.341644,0.009939611
1842,0.24387977,0.027134417,0.03746308,0.02227923,0.20641668,0.0048551857
1843,0.6264143,0.15873192,0.17819281,0.11268197,0.4482215,0.046049953
1844,0.3450255,0.0663171,0.0908673,0.06348085,0.2541582,0.0028362498
1845,0.43613,0.04913965,0.075995445,0.04808451,0.36013454,0.00105514
1846,0.5486225,0.08471296,0.10288187,0.08190623,0.4457406,0.0028067306
1847,0.42969257,0.07323262,0.091687754,0.056100715,0.33800483,0.017131906
1848,0.2703473,0.037942495,0.06481372,0.046079278,0.20553358,-0.008136783
1849,0.44830096,0.04887784,0.08781517,0.058960196,0.3604858,-0.010082357
1850,0.6243643,0.055185713,0.1030164,0.0743017,0.52134794,-0.019115984
1851,0.26014522,0.05096373,0.06176981,0.046543494,0.1983754,0.0044202358
1852,0.44073814,0.058337618,0.081635945,0.0502475,0.3591022,0.008090116
1853,0.4538489,0.059354052,0.11056308,0.07939056,0.34328583,-0.020036511
1854,0.44778913,0.07118434,0.08140485,0.06578778,0.36638427,0.00539656
1855,0.6566505,0.064649,0.1194056,0.08070673,0.5372449,-0.01605773
1856,0.44966933,0.03993812,0.09042766,0.054133892,0.35924166,-0.014195774
1857,0.4012582,0.06757869,0.08501708,0.049166437,0.31624112,0.018412251
1858,0.4962415,0.0034341519,0.023107454,0.01225567,0.47313404,-0.008821517
1859,0.38711515,0.077285595,0.093536675,0.06666809,0.29357848,0.010617502
1860,0.38334513,0.05013292,0.07429099,0.049359832,0.30905414,0.00077308714
1861,0.33939803,0.05047417,0.074063875,0.0570128,0.26533416,-0.0065386295
1862,0.6060698,0.07123989,0.11575631,0.08505007,0.4903135,-0.01381018
1863,0.47033784,0.06459204,0.11036608,0.08064505,0.35997176,-0.016053006
1864,0.5291541,0.030362466,0.08008999,0.056880936,0.44906414,-0.02651847
1865,0.3728797,0.063993745,0.07102397,0.0537733,0.30185574,0.010220446
1866,0.69673747,0.00723461,0.01896792,0.014605445,0.67776954,-0.0073708347
1867,0.5711748,-0.0014014161,0.027784228,0.020615393,0.5433906,-0.02201681
1868,0.5100978,0.05572131,0.095297344,0.062412035,0.41480047,-0.0066907257
1869,0.4210284,0.076202095,0.09656378,0.06904589,0.32446462,0.007156208
1870,0.53234327,0.04727307,0.07388996,0.054752924,0.4584533,-0.007479854
1871,0.41465485,0.05861002,0.08947544,0.05816424,0.3251794,0.0004457794
1872,0.45286384,0.073398635,0.10136532,0.076730035,0.3514985,-0.0033314005
1873,0.5090874,0.053419016,0.09161782,0.0683609,0.41746956,-0.014941886
1874,0.5999722,0.037905876,0.086569756,0.05524251,0.51340246,-0.017336633
1875,0.5056689,0.06480084,0.070611455,0.050661694,0.43505743,0.014139149
1876,0.31282514,0.035322715,0.047055494,0.024851017,0.26576966,0.010471698
1877,0.5158235,0.05953014,0.0849838,0.06158573,0.4308397,-0.0020555928
1878,0.40177697,0.049534336,0.069993354,0.053068418,0.33178362,-0.0035340823
1879,0.46762913,0.055364203,0.07579869,0.05597564,0.39183044,-0.0006114356
1880,0.49275592,0.05953297,0.08610978,0.06256969,0.40664613,-0.0030367225
1881,0.40617517,0.10605589,0.09706933,0.08060521,0.30910584,0.025450684
1882,0.2621966,0.04939424,0.06942445,0.050540913,0.19277215,-0.0011466742
1883,0.5730043,0.0036515808,0.02522267,0.0141929975,0.54778165,-0.010541417
1884,0.394192,0.05976394,0.080848105,0.057893652,0.3133439,0.0018702857
1885,0.51676303,0.053329322,0.07849441,0.057701577,0.43826863,-0.004372254
1886,0.33823344,0.051859584,0.07344244,0.05279166,0.264791,-0.0009320751
1887,0.31402713,0.08443598,0.07139185,0.057828017,0.24263528,0.02660796
1888,0.48788962,0.063204944,0.07733115,0.05115887,0.41055846,0.012046073
1889,0.43991962,0.07494583,0.09242974,0.06757697,0.3474899,0.0073688626
1890,0.35626063,0.046091672,0.08201368,0.057864144,0.27424693,-0.011772472
1891,0.49555102,0.06575276,0.10053067,0.06548359,0.39502037,0.00026916713
1892,0.41413608,0.08827103,0.106198505,0.07361488,0.30793756,0.014656149
1893,0.37062803,0.04981661,0.06287945,0.050144363,0.3077486,-0.00032775477
1894,0.40651977,0.08103222,0.09327317,0.065378934,0.3132466,0.015653282
1895,0.3384136,0.038821634,0.06278518,0.04508991,0.27562842,-0.0062682778
1896,0.54995394,0.03714572,0.05890281,0.043151274,0.49105114,-0.0060055554
1897,0.3497668,0.021069372,0.058509693,0.04030979,0.29125708,-0.019240418
1898,0.60717034,0.0594601,0.09312678,0.06013483,0.51404357,-0.00067473203
1899,0.4806833,0.070378125,0.0897055,0.06602254,0.3909778,0.004355587
1900,0.4014635,0.08043719,0.13782284,0.09645052,0.26364067,-0.016013332
1901,0.42431554,0.062196366,0.047435924,0.031945158,0.37687963,0.030251209
1902,0.5356724,0.08040257,0.10709804,0.07552206,0.42857438,0.0048805103
1903,0.4430411,0.081411004,0.092011854,0.06383158,0.35102922,0.017579421
1904,0.36266676,0.036549453,0.062436603,0.04296405,0.30023015,-0.006414596
1905,0.36218357,0.06543146,0.09222241,0.071707934,0.26996118,-0.0062764734
1906,0.43801367,0.04974655,0.0916938,0.061615087,0.34631985,-0.0118685365
1907,0.4331518,0.06812239,0.07825436,0.058746163,0.35489744,0.009376224
1908,0.39994612,0.05556732,0.060837068,0.042873472,0.33910906,0.012693848
1909,0.45884463,0.036729418,0.08489273,0.05902973,0.3739519,-0.02230031
1910,0.31298923,0.08524964,0.09012917,0.06779714,0.22286007,0.0174525
1911,0.47921157,0.09027992,0.11261268,0.0842835,0.3665989,0.005996421
1912,0.63798714,0.0659587,0.07116983,0.052973703,0.5668173,0.0129849985
1913,0.4645414,0.060698986,0.08024111,0.057857517,0.3843003,0.002841469
1914,0.37684858,0.06258499,0.088109605,0.062333755,0.28873897,0.00025123358
1915,0.4908015,0.066725396,0.086439565,0.059115905,0.40436196,0.0076094903
1916,0.49725267,0.018109936,0.07414371,0.046503734,0.42310897,-0.028393798
1917,0.45156363,0.026615925,0.07796932,0.048684552,0.3735943,-0.022068627
1918,0.4954975,0.039867625,0.06921311,0.04869303,0.42628437,-0.008825406
1919,0.39310887,0.07429054,0.07630591,0.058714215,0.31680298,0.015576322
1920,0.36769554,0.066396,0.06255959,0.047321927,0.30513597,0.019074071
1921,0.44904464,0.050201334,0.09824552,0.05966816,0.35079914,-0.009466827
1922,0.23451906,0.07526827,0.10869102,0.0807321,0.12582804,-0.005463831
1923,0.35008064,0.052035883,0.059362695,0.04295751,0.29071796,0.009078372
1924,0.3914825,0.058543354,0.084401056,0.059948612,0.30708146,-0.0014052577
1925,0.21634379,0.08593734,0.07054277,0.052745752,0.14580102,0.03319159
1926,0.3961042,0.05446748,0.09105128,0.059438735,0.3050529,-0.0049712546
1927,0.34302804,0.028938172,0.055526983,0.04281231,0.28750107,-0.013874138
1928,0.50583684,0.056942705,0.09279477,0.0697997,0.41304207,-0.012856994
1929,0.43209517,0.055614743,0.06306881,0.046557933,0.36902636,0.00905681
1930,0.6826343,0.050953936,0.0978394,0.07124765,0.5847949,-0.020293716
1931,0.41581953,0.033389054,0.058115017,0.040883366,0.35770452,-0.007494312
1932,0.48031208,0.07325874,0.075924605,0.05689769,0.40438747,0.016361054
1933,0.19211754,0.014341052,0.03324291,0.021559002,0.15887463,-0.00721795
1934,0.5997355,0.13860439,0.13528074,0.098535344,0.46445477,0.040069044
1935,0.49937937,0.0464502,0.08339302,0.05520493,0.41598636,-0.00875473
1936,0.39437702,0.05977499,0.09900847,0.06519009,0.29536855,-0.0054151006
1937,0.5206914,0.052864186,0.079020716,0.055694446,0.4416707,-0.0028302595
1938,0.65144306,0.0686724,0.092946984,0.06683979,0.55849606,0.0018326119
1939,0.2695854,0.0014558273,0.0368405,0.020270426,0.2327449,-0.0188146
1940,0.6150937,0.08449072,0.1225568,0.08704588,0.4925369,-0.0025551617
1941,0.5373335,0.07564453,0.11224546,0.07701655,0.42508802,-0.001372017
1942,0.36647713,0.0789255,0.10427149,0.074538104,0.26220566,0.0043873936
1943,0.48396304,0.0693114,0.090920135,0.062793896,0.39304292,0.006517507
1944,0.53725964,0.057777848,0.08815166,0.056682076,0.44910797,0.0010957718
1945,0.18540837,0.031545345,0.04227618,0.032827437,0.14313218,-0.0012820922
1946,0.3208852,0.03575273,0.060033847,0.039124604,0.26085135,-0.0033718757
1947,0.4679897,0.058448173,0.080203146,0.058508504,0.38778657,-6.0331076e-05
1948,0.20421855,0.026843013,0.06666429,0.05014624,0.13755426,-0.023303227
1949,0.37177396,0.030540396,0.07241437,0.049987383,0.2993596,-0.019446988
1950,0.51135296,0.09923003,0.14628208,0.108401395,0.36507088,-0.009171367
1951,0.61809254,0.03455668,0.07488837,0.051380955,0.5432042,-0.016824275
1952,0.3101156,0.055076953,0.064709134,0.043053232,0.24540648,0.012023721
1953,0.42253667,0.04000438,0.0662076,0.046474878,0.35632908,-0.0064704977
1954,0.80713487,0.05899701,0.13279139,0.08126977,0.67434347,-0.022272762
1955,0.5549624,0.06404171,0.11239325,0.072159536,0.44256914,-0.008117825
1956,0.5168102,0.056908723,0.07809453,0.059571672,0.43871564,-0.0026629493
1957,0.76388955,0.05723908,0.086397454,0.05319757,0.6774921,0.0040415116
1958,0.49566057,0.046059955,0.06680491,0.049593538,0.42885566,-0.0035335831
1959,0.55147904,0.087066114,0.101799324,0.07707106,0.44967973,0.009995051
1960,0.5004175,0.07301769,0.06937777,0.04332534,0.4310397,0.029692348
1961,0.55732197,0.06778945,0.10205061,0.06040192,0.45527136,0.00738753
1962,0.5785306,0.15494184,0.20754667,0.16427946,0.37098396,-0.009337619
1963,0.42312577,0.0420538,0.06612831,0.050239693,0.35699746,-0.008185893
1964,0.49896196,0.09131395,0.092478134,0.06937725,0.40648383,0.0219367
1965,0.42409688,0.074812084,0.09980819,0.074056655,0.3242887,0.00075542927
1966,0.434483,0.06416703,0.06787133,0.054226976,0.36661166,0.009940054
1967,0.50873977,0.15692508,0.15992366,0.12728393,0.3488161,0.029641151
1968,0.4460697,0.093043566,0.13199095,0.0972684,0.31407875,-0.004224837
1969,0.5594303,0.055062875,0.088723734,0.059242368,0.47070658,-0.0041794926
1970,0.556779,0.10754629,0.18214902,0.12121368,0.37463,-0.01366739
1971,0.5239265,0.10759104,0.13173984,0.09792529,0.39218664,0.00966575
1972,0.5469825,0.1155375,0.105730906,0.08147259,0.44125164,0.03406491
1973,0.46308136,0.07754488,0.08418915,0.06407444,0.3788922,0.013470441
1974,0.5439423,0.092285655,0.103073396,0.074403904,0.44086888,0.017881751
1975,0.42228433,0.09430641,0.097265795,0.07022991,0.32501853,0.024076499
1976,0.63241833,0.089824446,0.12970117,0.09284967,0.50271714,-0.0030252263
1977,0.63321704,0.12490631,0.12549089,0.09819883,0.50772613,0.026707478
1978,0.55082834,0.1032408,0.14544922,0.100537844,0.40537912,0.0027029589
1979,0.35024577,0.031335626,0.05797501,0.038953185,0.29227078,-0.0076175593
1980,0.45738766,0.07295848,0.09720312,0.07559343,0.36018455,-0.00263495
1981,0.35093445,0.048800074,0.078638375,0.051432706,0.27229607,-0.0026326329
1982,0.3758811,0.0358756,0.039539926,0.030528985,0.33634117,0.005346615
1983,0.4284979,0.05713273,0.08488127,0.061468735,0.34361663,-0.004336007
1984,0.47916624,0.064968355,0.093178675,0.066040084,0.38598758,-0.0010717288
1985,0.41545418,0.06474442,0.053808622,0.039881706,0.36164555,0.024862714
1986,0.41174954,0.053647723,0.0899944,0.063212074,0.32175514,-0.009564351
1987,0.56247795,0.03892454,0.093746826,0.06303498,0.4687311,-0.02411044
1988,0.4008735,0.051677644,0.058520228,0.042263664,0.34235328,0.00941398
1989,0.35206336,0.045035828,0.054322697,0.03823844,0.29774067,0.006797388
1990,0.1905416,0.04307698,0.07770434,0.04893564,0.112837255,-0.0058586597
1991,0.57971144,0.07588522,0.108013414,0.07257233,0.47169802,0.0033128932
1992,0.54966533,0.072943255,0.08614194,0.0543349,0.4635234,0.018608354
1993,0.4497139,0.034884643,0.057064924,0.03977001,0.39264897,-0.004885368
1994,0.5221114,0.035008658,0.065402456,0.048622012,0.45670897,-0.013613354
1995,0.443916,0.051049743,0.07426724,0.055446927,0.36964875,-0.0043971837
1996,0.5000351,0.08446667,0.086701654,0.066894084,0.41333345,0.01757259
1997,0.4369033,0.03479922,0.091069676,0.0614629,0.34583363,-0.026663683
1998,0.5377163,0.05780406,0.0884882,0.055117764,0.44922814,0.0026862957
1999,0.41208473,0.053609163,0.07417104,0.053576212,0.3379137,3.2950193e-05
2000,0.43870798,0.07457224,0.07771833,0.0588853,0.36098963,0.015686944
2001,0.43193316,0.0872805,0.12168337,0.090174496,0.3102498,-0.0028939992
2002,0.44211924,0.072758496,0.09495497,0.06842626,0.34716427,0.004332237
2003,0.52165306,0.06926324,0.10450495,0.06830569,0.4171481,0.0009575486
2004,0.50952363,0.08664978,0.076150715,0.056124102,0.4333729,0.03052568
2005,0.42361832,0.0417347,0.06404644,0.047292043,0.35957187,-0.0055573434
2006,0.49480632,0.05134962,0.084259965,0.051918615,0.41054636,-0.0005689934
2007,0.2817896,0.019406004,0.04646211,0.03067626,0.23532748,-0.011270257
2008,0.31561396,0.06435486,0.09027288,0.054753162,0.22534108,0.009601697
2009,0.5010182,0.029867569,0.06984851,0.04998188,0.43116972,-0.020114312
2010,0.5275483,0.058780488,0.076841906,0.058241777,0.45070642,0.0005387105
2011,0.56533045,0.07577907,0.09937079,0.069777325,0.46595967,0.006001748
2012,0.42393658,0.028357541,0.066808105,0.043666188,0.35712847,-0.0153086465
2013,0.44388393,0.08147361,0.13479964,0.08996946,0.3090843,-0.008495852
2014,0.47596967,0.025474986,0.091345936,0.055817917,0.38462374,-0.03034293
2015,0.3096159,0.042174328,0.081652,0.045905367,0.22796391,-0.0037310384
2016,0.4088098,0.03958557,0.06799643,0.05154344,0.3408134,-0.011957869
2017,0.5898034,0.07797876,0.11349453,0.07244782,0.47630888,0.0055309385
2018,0.49138606,0.053391844,0.0816111,0.05740597,0.40977496,-0.004014127
2019,0.6102892,0.066364445,0.1253509,0.08020958,0.48493832,-0.013845138
2020,0.4364523,0.052505173,0.076113805,0.053840388,0.3603385,-0.0013352148
2021,0.49971366,0.046604022,0.075234,0.048504673,0.42447966,-0.0019006506
2022,0.47036484,0.07036959,0.09469066,0.0690124,0.3756742,0.0013571829
2023,0.33983272,0.041299704,0.0775972,0.058626987,0.26223552,-0.017327283
2024,0.35929143,0.030295758,0.03709204,0.022647906,0.3221994,0.0076478515
2025,0.6279118,0.09090961,0.1182952,0.082605794,0.5096166,0.008303814
2026,0.36188254,0.031716257,0.05454115,0.038343605,0.3073414,-0.0066273473
2027,0.42856604,0.04560478,0.07576182,0.05703827,0.3528042,-0.01143349
2028,0.6683874,0.06688515,0.1062272,0.08115827,0.5621602,-0.014273122
2029,0.32216188,0.012261291,0.0780538,0.05070823,0.24410808,-0.03844694
2030,0.4851475,0.06707,0.10495319,0.075811535,0.3801943,-0.008741535
2031,0.42283428,-0.0020543349,0.016630495,0.012704372,0.40620378,-0.014758707
2032,0.27518183,0.036493853,0.054937374,0.039299935,0.22024445,-0.0028060824
2033,0.50601363,0.03850578,0.0595494,0.041877918,0.44646424,-0.0033721365
2034,0.56007123,0.068762854,0.08001059,0.055048257,0.48006064,0.013714597
2035,0.48100808,0.051266804,0.07475518,0.05050455,0.40625292,0.000762254
2036,0.6490233,0.06590118,0.104536355,0.0704607,0.54448694,-0.004559517
2037,0.50642514,0.068262726,0.10146724,0.072933495,0.4049579,-0.004670769
2038,0.51906997,0.050744366,0.10021738,0.06032584,0.4188526,-0.009581473
2039,0.4233021,0.06957847,0.10807705,0.08109599,0.31522506,-0.011517525
2040,0.35513648,0.056248564,0.07138382,0.047330685,0.28375268,0.008917879
2041,0.41132313,0.042646777,0.06364733,0.046162385,0.3476758,-0.0035156086
2042,0.65657383,0.058340505,0.116849355,0.079988256,0.53972447,-0.021647751
2043,0.5520605,0.06738213,0.073788956,0.05623589,0.47827154,0.011146236
2044,0.5292179,0.016963726,0.08046769,0.04328336,0.4487502,-0.026319632
2045,0.30757958,0.051148515,0.07148211,0.043029647,0.23609747,0.008118868
2046,0.22975948,0.017830985,0.0315108,0.020055534,0.19824868,-0.0022245497
2047,0.50026405,0.020694677,0.036541816,0.0306639,0.46372223,-0.009969223
2048,0.32715824,0.031026486,0.052327123,0.03879172,0.27483112,-0.0077652335
2049,0.4506362,0.052713968,0.07023365,0.049667373,0.38040257,0.0030465946
2050,0.5396615,0.09537203,0.07565682,0.049816653,0.4640047,0.045555376
2051,0.5037309,0.038509935,0.08373007,0.059120223,0.42000082,-0.020610288
2052,0.39521205,0.06961022,0.07886181,0.055208035,0.31635025,0.014402188
2053,0.4120923,0.021357875,0.054059237,0.035635814,0.35803306,-0.014277939
2054,0.29577836,0.044602524,0.059772786,0.043683358,0.23600557,0.00091916695
2055,0.6073705,0.11757547,0.07675221,0.059378136,0.5306183,0.05819733
2056,0.32810953,0.07299876,0.09127515,0.06710486,0.23683438,0.005893901
2057,0.5804244,0.057015326,0.08877283,0.061814927,0.4916516,-0.0047996007
2058,0.42998806,0.012081152,0.038701028,0.017221298,0.39128703,-0.0051401462
2059,0.4671244,0.040158316,0.0838104,0.056201532,0.383314,-0.016043216
2060,0.48886228,0.06903628,0.056723014,0.039765798,0.43213928,0.029270485
2061,0.52599066,0.034474622,0.08242506,0.046138424,0.4435656,-0.011663802
2062,0.64463246,0.0025973327,0.0376168,0.020332873,0.60701567,-0.01773554
2063,0.32969758,0.026881974,0.075914636,0.05189414,0.25378293,-0.025012165
2064,0.44170955,0.048342444,0.079216816,0.048736993,0.36249274,-0.00039454922
2065,0.5136281,0.04353457,0.072313935,0.050759673,0.4413142,-0.0072251037
2066,0.39937553,0.055226497,0.0735533,0.051390003,0.32582223,0.003836494
2067,0.4824953,0.039996494,0.07364696,0.0484615,0.40884835,-0.008465007
2068,0.5676965,0.017813163,0.016517304,0.011839993,0.55117923,0.0059731696
2069,0.536981,0.08838559,0.123680696,0.092202485,0.41330028,-0.0038168952
2070,0.5390848,0.12178979,0.105555125,0.07493796,0.43352968,0.04685183
2071,0.14791709,0.026983896,0.037507795,0.025786877,0.1104093,0.0011970196
2072,0.32172197,0.08903718,0.10474966,0.07596009,0.21697232,0.013077088
2073,0.62359834,0.05598527,0.06474644,0.043709025,0.5588519,0.012276243
2074,0.43645823,0.07853541,0.09007104,0.06822652,0.3463872,0.010308884
2075,0.43112203,0.037649013,0.09493296,0.054443836,0.3361891,-0.016794823
2076,0.4862475,0.04612499,0.073919296,0.05167953,0.4123282,-0.005554538
2077,0.5037728,0.05002638,0.058240846,0.04302915,0.44553196,0.0069972277
2078,0.61841625,0.065601826,0.11137638,0.07740688,0.50703984,-0.0118050575
2079,0.30814472,0.044597276,0.054506663,0.040725626,0.25363806,0.0038716495
2080,0.41589355,0.035325114,0.06132455,0.04121351,0.35456902,-0.005888395
2081,0.551743,0.0812589,0.108845904,0.08376381,0.44289708,-0.0025049075
2082,0.4828712,0.06285687,0.07167581,0.05652182,0.4111954,0.006335046
2083,0.47323355,0.041228294,0.072917245,0.05133012,0.4003163,-0.010101825
2084,0.40016133,0.059362456,0.06478542,0.043277968,0.3353759,0.016084488
2085,0.42082617,0.04782176,0.10268478,0.053422317,0.3181414,-0.0056005567
2086,0.595603,0.05684919,0.09574014,0.06630249,0.49986285,-0.009453304
2087,0.6899413,0.099706,0.14030588,0.09407074,0.5496354,0.0056352615
2088,0.4116447,0.071134694,0.09192804,0.07550936,0.31971666,-0.004374668
2089,0.38116372,0.07385521,0.07121046,0.0524777,0.30995327,0.021377508
2090,0.381942,0.052610964,0.07132503,0.045821328,0.31061697,0.006789636
2091,0.48184064,0.09242555,0.087141015,0.053034175,0.39469963,0.039391372
2092,0.42813855,0.04549733,0.0776703,0.050588064,0.35046825,-0.005090732
2093,0.5750112,0.07707328,0.106635936,0.07364119,0.46837527,0.003432095
2094,0.424537,0.103079475,0.14413884,0.102403596,0.28039816,0.0006758794
2095,0.43096718,0.053369638,0.06316334,0.040562447,0.36780384,0.01280719
2096,0.50136,0.07124824,0.08044527,0.056327518,0.42091474,0.014920723
2097,0.5257398,0.050165594,0.08125302,0.05548047,0.44448677,-0.0053148754
2098,0.21658705,0.044932168,0.04436558,0.031248927,0.17222147,0.013683241
2099,0.5185915,0.05540351,0.074280255,0.05512719,0.44431126,0.00027631968
2100,0.3796129,0.025031494,0.05605861,0.041633353,0.32355428,-0.016601859
2101,0.25264728,0.031221246,0.042387128,0.029489,0.21026015,0.001732247
2102,0.45529655,0.052397236,0.0693918,0.04891367,0.38590473,0.0034835674
2103,0.36430058,0.08241117,0.100459196,0.069785476,0.2638414,0.012625694
2104,0.6096766,0.12455198,0.12343106,0.09758284,0.48624554,0.026969142
2105,0.26685914,0.061970986,0.06464038,0.03949113,0.20221877,0.022479858
2106,0.5056123,0.0799581,0.07951169,0.05666398,0.4261006,0.023294125
2107,0.3742963,0.05990744,0.07511346,0.04854652,0.29918283,0.011360921
2108,0.53025144,0.059443302,0.13774243,0.0861311,0.392509,-0.0266878
2109,0.57352173,0.08604903,0.11288455,0.07933263,0.46063718,0.0067164004
2110,0.43203542,0.057228718,0.09415798,0.06918832,0.33787745,-0.011959601
2111,0.51969826,0.06182989,0.09145083,0.06515109,0.42824742,-0.003321197
2112,0.4755801,0.08434223,0.091078795,0.06910065,0.3845013,0.015241578
2113,0.47304562,0.061553605,0.07366064,0.053497065,0.39938498,0.00805654
2114,0.46680138,0.12625305,0.11116177,0.08900277,0.3556396,0.03725028
2115,0.48062912,0.04043216,0.055670105,0.04023427,0.424959,0.00019788742
2116,0.3258963,0.05297716,0.07698421,0.05439558,0.24891208,-0.0014184192
2117,0.50100654,0.093284935,0.086038455,0.062359244,0.41496807,0.030925691
2118,0.41308707,0.039594572,0.063506804,0.041131068,0.34958026,-0.001536496
2119,0.29277,0.026831422,0.050495382,0.037894595,0.24227461,-0.011063173
2120,0.43312567,0.10652601,0.15052089,0.09201834,0.28260478,0.014507666
2121,0.5265011,0.027154898,0.030736934,0.023870172,0.4957642,0.0032847263
2122,0.5128482,0.09119732,0.12177569,0.08984822,0.3910725,0.001349099
2123,0.4660469,0.085767746,0.09768039,0.06303883,0.3683665,0.022728913
2124,0.3725509,0.07211354,0.08332167,0.059951577,0.28922924,0.012161959
2125,0.42845973,0.08228102,0.09981939,0.07169862,0.32864034,0.010582402
2126,0.4982168,0.07001606,0.04947652,0.04166795,0.4487403,0.028348107
2127,0.30445656,0.07502202,0.07428194,0.05657656,0.23017463,0.018445458
2128,0.40825942,0.029363792,0.071972296,0.052552495,0.33628714,-0.023188703
2129,0.23356816,0.07289599,0.06092903,0.04632204,0.17263913,0.026573949
2130,0.4317202,0.022773715,0.0498029,0.033641666,0.3819173,-0.010867951
2131,0.33906946,0.008995237,0.052778147,0.03537371,0.2862913,-0.026378473
2132,0.8135106,0.092910565,0.13685875,0.0919622,0.67665184,0.00094836205
2133,0.46504307,0.055753034,0.080841705,0.06255513,0.38420135,-0.0068020932
2134,0.3496983,0.06928033,0.08104584,0.056779996,0.26865247,0.012500331
2135,0.611207,0.07750926,0.1095646,0.07632286,0.5016424,0.0011864007
2136,0.5350064,0.11197964,0.121632546,0.09679689,0.41337386,0.015182748
2137,0.39631504,0.02352127,0.053754333,0.033360887,0.3425607,-0.009839617
2138,0.62736076,0.06651761,0.076080754,0.058893897,0.55128,0.0076237097
2139,0.48436597,0.02559446,0.04207688,0.027507067,0.44228908,-0.0019126069
2140,0.5180463,0.05607186,0.10001581,0.06879156,0.4180305,-0.012719702
2141,0.5929066,0.12915054,0.15759164,0.11749081,0.43531495,0.0116597265
2142,0.5776319,0.123072155,0.11242481,0.07956532,0.46520707,0.04350684
2143,0.4474675,0.03680309,0.06539785,0.04533472,0.38206965,-0.00853163
2144,0.390904,0.062241293,0.07544252,0.05220264,0.3154615,0.010038655
2145,0.5230409,0.04313162,0.056345943,0.040701613,0.46669495,0.0024300069
2146,0.5814246,0.01284932,0.099583365,0.0539193,0.48184124,-0.04106998
2147,0.5457225,0.08776132,0.11678198,0.08019046,0.4289405,0.007570863
2148,0.4193176,0.054297876,0.08937863,0.064290375,0.32993898,-0.009992499
2149,0.4658225,0.01057191,0.051912352,0.03563025,0.41391015,-0.025058338
2150,0.39682043,0.05949915,0.06863678,0.04813475,0.32818365,0.011364397
2151,0.3214219,0.017818786,0.04739016,0.03222958,0.27403173,-0.014410794
2152,0.23372951,0.019947704,0.078287594,0.053417105,0.15544191,-0.0334694
2153,0.6137747,0.0966332,0.14724381,0.09389935,0.46653092,0.0027338564
2154,0.2702785,0.015055976,0.020394647,0.013850617,0.24988386,0.0012053587
2155,0.25178468,0.032343004,0.04989231,0.03876074,0.20189238,-0.0064177364
2156,0.5125683,0.0977855,0.14557403,0.09571597,0.36699426,0.0020695329
2157,0.45972833,0.06288783,0.06997955,0.053878143,0.38974878,0.009009689
2158,0.41160986,0.06063465,0.07643773,0.049962047,0.33517212,0.010672603
2159,0.42137516,0.06918862,0.099263646,0.0709991,0.32211152,-0.0018104836
2160,0.43471166,0.047125097,0.0735147,0.045999918,0.36119696,0.0011251792
2161,0.5352291,0.09676283,0.10453683,0.07353697,0.43069226,0.023225859
2162,0.5808948,0.05676547,0.0854886,0.06358411,0.4954062,-0.006818641
2163,0.37463626,0.05324194,0.0921053,0.06703252,0.28253096,-0.013790585
2164,0.23927742,0.0045070853,0.03268014,0.022131594,0.20659728,-0.017624509
2165,0.5255733,0.05179714,0.08239752,0.060649503,0.4431758,-0.008852363
2166,0.42830792,0.027717855,0.07676071,0.049880814,0.3515472,-0.022162959
2167,0.33508822,0.057379402,0.07737142,0.051026188,0.2577168,0.0063532144
2168,0.39385155,0.06027233,0.07422951,0.051937986,0.31962204,0.008334342
2169,0.4219136,0.05972757,0.084467,0.06075253,0.3374466,-0.0010249615
2170,0.3107402,0.03333642,0.06214382,0.04653347,0.24859639,-0.0131970495
2171,0.31441465,0.05710273,0.06009717,0.04415968,0.2543175,0.012943048
2172,0.41715792,0.0045300433,0.052740697,0.03672652,0.36441723,-0.032196477
2173,0.4218436,0.05399834,0.08377378,0.054462772,0.3380698,-0.00046443194
2174,0.3890181,0.06327545,0.10020441,0.06945314,0.28881368,-0.0061776936
2175,0.48930106,0.063021764,0.10831131,0.073102094,0.38098973,-0.01008033
2176,0.4839476,0.033330802,0.05758802,0.039963007,0.4263596,-0.006632205
2177,0.52029103,0.10041869,0.09026664,0.06725361,0.4300244,0.033165075
2178,0.7233097,0.022332732,0.03056394,0.016608855,0.69274575,0.005723877
2179,0.49848714,0.03555394,0.070940755,0.044018436,0.42754638,-0.008464497
2180,0.68570954,0.12636404,0.15158623,0.10688653,0.5341233,0.019477509
2181,0.40592113,0.050415047,0.077518485,0.059975352,0.32840264,-0.009560306
2182,0.63656783,0.06970635,0.1198025,0.07579457,0.51676536,-0.0060882196
2183,0.42677215,0.041961394,0.08695598,0.061103377,0.33981615,-0.019141983
2184,0.486628,0.039480876,0.0849954,0.05575769,0.4016326,-0.016276814
2185,0.4941107,0.07695399,0.12193564,0.08152983,0.37217507,-0.004575841
2186,0.4805053,0.06845491,0.07899055,0.05878685,0.40151474,0.009668056
2187,0.3000916,0.02072017,0.061442558,0.042852126,0.23864904,-0.022131955
2188,0.33081368,0.049420077,0.06869399,0.05111531,0.26211968,-0.0016952343
2189,0.6561281,0.08706365,0.09455524,0.0695714,0.56157285,0.01749225
2190,0.5192696,0.07337057,0.07957086,0.059846822,0.43969873,0.013523746
2191,0.4830657,0.044167053,0.07386463,0.05172636,0.40920106,-0.007559307
2192,0.56561726,0.04355778,0.11906014,0.06949695,0.44655713,-0.02593917
2193,0.5763563,0.1065231,0.09221655,0.05192152,0.48413974,0.054601576
2194,0.53634053,0.0804929,0.08046606,0.055133134,0.45587447,0.025359765
2195,0.48258057,0.056628436,0.08131906,0.0631381,0.4012615,-0.0065096617
2196,0.33789077,0.061100252,0.068583496,0.051660318,0.2693073,0.009439934
2197,0.37891,0.051033065,0.051292334,0.041271992,0.32761768,0.009761073
2198,0.25324476,0.06752795,0.05805217,0.04554883,0.19519259,0.02197912
2199,0.25690004,0.03825718,0.03649733,0.025701804,0.22040272,0.012555378
2200,0.3042805,0.039894283,0.060850292,0.0422568,0.2434302,-0.0023625158
2201,0.4666816,0.054989334,0.10252601,0.062734835,0.3641556,-0.0077455007
2202,0.36414832,0.07434378,0.09795704,0.075607605,0.26619127,-0.0012638271
2203,0.38786265,0.040946994,0.057642385,0.03958842,0.33022028,0.0013585724
2204,0.53605765,0.058366112,0.07179397,0.04641862,0.46426368,0.011947494
2205,0.3193285,0.08038753,0.10022964,0.06726358,0.21909884,0.013123952
2206,0.4650333,0.04341134,0.087283194,0.062786885,0.3777501,-0.019375544
2207,0.36475125,0.0376071,0.054804564,0.03532095,0.3099467,0.002286151
2208,0.48809585,0.04112634,0.11478144,0.07039313,0.3733144,-0.02926679
2209,0.35491234,0.042226,0.06965454,0.04814161,0.28525782,-0.0059156083
2210,0.4707733,0.047815632,0.06378077,0.04893805,0.40699255,-0.0011224188
2211,0.511989,0.054592863,0.11454855,0.072056815,0.39744043,-0.017463952
2212,0.39199597,0.07451523,0.08352056,0.056939375,0.3084754,0.017575856
2213,0.43313283,0.040406648,0.087529704,0.06128849,0.3456031,-0.020881843
2214,0.47421765,0.046195034,0.069897,0.050381735,0.40432066,-0.004186701
2215,0.34681025,0.03305427,0.055153646,0.03825353,0.2916566,-0.005199261
2216,0.54698384,0.050894815,0.092335366,0.06844112,0.45464846,-0.017546307
2217,0.4243671,0.04555769,0.07109007,0.04746809,0.35327703,-0.0019103996
2218,0.45948702,0.00042035195,0.07303946,0.042095833,0.38644755,-0.041675482
2219,0.3262556,0.05217,0.08434853,0.06932315,0.24190706,-0.017153151
2220,0.42490593,0.06769969,0.078687064,0.055091742,0.34621885,0.012607951
2221,0.4003877,0.08373072,0.07896403,0.06133926,0.32142368,0.02239146
2222,0.32472032,0.045459058,0.08037825,0.06123696,0.24434207,-0.0157779
2223,0.46158677,0.033160917,0.08777541,0.058392428,0.37381136,-0.02523151
2224,0.46530017,0.09547252,0.114951275,0.08411122,0.3503489,0.011361301
2225,0.5109272,0.038524665,0.073802054,0.04520922,0.43712515,-0.0066845566
2226,0.45977482,0.01723016,0.047037873,0.03232549,0.41273695,-0.015095331
2227,0.50879467,0.06343908,0.10078519,0.066016264,0.40800947,-0.0025771856
2228,0.43514943,0.08753712,0.051891837,0.040241584,0.3832576,0.047295533
2229,0.3757812,0.0610438,0.06658536,0.044844285,0.30919585,0.016199514
2230,0.50284684,0.03410215,0.061547622,0.043636955,0.4412992,-0.009534806
2231,0.3840611,0.08078555,0.096361615,0.06517164,0.2876995,0.015613914
2232,0.2811477,0.05723275,0.05969191,0.044889517,0.22145578,0.012343232
2233,0.43770224,0.045943264,0.06013731,0.043065142,0.37756494,0.002878122
2234,0.36217663,0.041608397,0.054174427,0.035620704,0.3080022,0.0059876926
2235,0.46594402,0.070382506,0.06825637,0.04903867,0.39768764,0.021343835
2236,0.31761715,0.045967005,0.069515064,0.049766216,0.24810208,-0.0037992112
2237,0.51964617,0.06716934,0.077169836,0.05434033,0.44247633,0.012829009
2238,0.3304456,0.06877834,0.075195566,0.047714427,0.25525004,0.021063916
2239,0.6386681,0.057665125,0.09802652,0.063938424,0.5406416,-0.0062732995
2240,0.5449045,0.0843734,0.09931872,0.07206141,0.44558576,0.012311988
2241,0.19760698,0.017926384,0.03475625,0.026750563,0.16285074,-0.008824179
2242,0.51729625,0.045329478,0.07979868,0.056411233,0.43749756,-0.011081755
2243,0.4872927,0.06206019,0.10135644,0.07155405,0.38593626,-0.009493861
2244,0.52610195,0.03155285,0.043047234,0.025603907,0.4830547,0.005948944
2245,0.632183,0.037339177,0.082256414,0.06011554,0.5499266,-0.022776362
2246,0.4376054,0.063492596,0.080717124,0.05324233,0.3568883,0.010250267
2247,0.38464317,0.05018529,0.056417633,0.038074233,0.32822552,0.012111057
2248,0.53020793,0.05032427,0.07972986,0.05555725,0.45047808,-0.0052329823
2249,0.369874,0.05695825,0.085793495,0.0541525,0.2840805,0.0028057508
2250,0.22475967,0.05068472,0.05855571,0.038172808,0.16620396,0.012511913
2251,0.45352957,0.071900904,0.1076407,0.07779378,0.34588885,-0.005892873
2252,0.57702607,0.14460187,0.20168824,0.13303228,0.37533784,0.011569589
2253,0.670939,0.05492097,0.07924089,0.057876535,0.59169817,-0.0029555634
2254,0.5742592,0.12095768,0.10313583,0.07232081,0.4711234,0.04863687
2255,0.41746566,0.04120916,0.07458114,0.04999661,0.3428845,-0.008787449
2256,0.28852332,0.050249875,0.04564102,0.036517058,0.2428823,0.013732817
2257,0.3310749,0.057633165,0.079605415,0.056272354,0.2514695,0.0013608113
2258,0.43101075,0.060934234,0.08014594,0.058230653,0.35086483,0.002703581
2259,0.530469,0.10405523,0.10626296,0.07865191,0.42420605,0.02540332
2260,0.41877642,0.085711695,0.09545397,0.06507759,0.32332245,0.020634107
2261,0.46144006,0.102231264,0.13643253,0.10185317,0.32500753,0.0003780946
2262,0.36325586,0.072674885,0.087965295,0.05752244,0.27529055,0.015152447
2263,0.34839988,0.035268046,0.06355283,0.04181491,0.28484705,-0.0065468624
2264,0.3846655,0.05614007,0.06821734,0.054242156,0.31644815,0.0018979125
2265,0.4618206,0.07666353,0.07725522,0.056705404,0.38456538,0.019958127
2266,0.69977134,-0.012004157,0.015473875,0.010932483,0.68429744,-0.022936638
2267,0.51010877,0.08108646,0.10588759,0.079322904,0.40422118,0.0017635524
2268,0.46367064,0.048239402,0.07970262,0.05509964,0.38396803,-0.0068602376
2269,0.4100038,0.041624617,0.076066926,0.051693425,0.33393687,-0.010068808
2270,0.50436527,0.10854928,0.12693304,0.08772959,0.37743223,0.020819694
2271,0.46263483,0.048575122,0.091741934,0.061999563,0.37089288,-0.013424441
2272,0.37046063,0.061833605,0.08180767,0.057135474,0.28865296,0.0046981312
2273,0.600287,0.09105236,0.0957534,0.078825444,0.50453365,0.012226917
2274,0.46799287,0.06409025,0.07872183,0.052373625,0.38927105,0.011716627
2275,0.6149651,0.08502241,0.1564775,0.101243496,0.45848757,-0.016221084
2276,0.4373905,0.07996128,0.08120993,0.053642944,0.35618058,0.026318334
2277,0.48308578,0.102485895,0.07045215,0.04553563,0.41263363,0.056950264
2278,0.45519775,0.05369262,0.103433155,0.05737995,0.3517646,-0.0036873296
2279,0.36941355,0.017353702,0.024206955,0.013750878,0.3452066,0.0036028242
2280,0.37811226,0.04724024,0.08671823,0.06115384,0.29139403,-0.013913602
2281,0.42921317,0.07886267,0.10931867,0.06879244,0.3198945,0.010070227
2282,0.49130023,0.06820597,0.062408775,0.04835541,0.42889145,0.019850556
2283,0.26718593,0.032379154,0.04732443,0.033246335,0.21986149,-0.0008671805
2284,0.281079,0.049505368,0.08531152,0.06184499,0.19576748,-0.012339622
2285,0.5342873,0.041723263,0.07390496,0.046344914,0.4603823,-0.004621651
2286,0.354976,0.07461559,0.090776004,0.06204421,0.2642,0.01257138
2287,0.33144495,0.03428453,0.0546739,0.039821435,0.27677104,-0.0055369064
2288,0.52839166,0.10730993,0.11537985,0.09083709,0.41301182,0.016472839
2289,0.6524954,0.025545409,0.041260976,0.028210752,0.6112344,-0.0026653428
2290,0.43695268,0.046208408,0.088526115,0.06501042,0.34842658,-0.018802013
2291,0.33771864,0.04361025,0.065445945,0.049879666,0.2722727,-0.0062694177
2292,0.35517374,0.060107555,0.084929675,0.06801292,0.27024406,-0.007905368
2293,0.4068015,0.08434382,0.09495013,0.06914733,0.31185135,0.015196487
2294,0.4735035,0.105668165,0.10065391,0.07939171,0.37284958,0.026276454
2295,0.31091362,0.06984856,0.07962148,0.057408914,0.23129214,0.012439646
2296,0.40571633,0.037781127,0.074700564,0.049087256,0.33101577,-0.011306129
2297,0.28283122,0.06336259,0.050307322,0.036135204,0.2325239,0.027227387
2298,0.45340255,0.07406584,0.08780007,0.06491934,0.3656025,0.009146504
2299,0.35132644,0.038501393,0.08838099,0.061506737,0.26294544,-0.023005344
2300,0.3948044,0.031224223,0.045399092,0.029299386,0.3494053,0.001924837
2301,0.49095052,0.03788798,0.094269305,0.0625813,0.39668122,-0.024693321
2302,0.4368558,0.054329257,0.06982026,0.051889714,0.36703554,0.0024395436
2303,0.5073904,0.055680092,0.07514782,0.053489584,0.43224257,0.002190508
2304,0.6502126,0.079486385,0.11593951,0.08400648,0.5342731,-0.004520096
2305,0.45814705,0.057709895,0.07593328,0.05120714,0.38221377,0.006502755
2306,0.5968542,0.050480474,0.098138526,0.07345236,0.4987157,-0.022971887
2307,0.36417082,0.076864704,0.051353592,0.041363686,0.31281722,0.03550102
2308,0.3427947,0.045102134,0.07161853,0.05311706,0.27117616,-0.008014925
2309,0.61456585,0.00055630004,0.019635988,0.009976377,0.5949299,-0.009420076
2310,0.5338913,0.084412105,0.08389858,0.06265098,0.44999275,0.021761127
2311,0.54022104,0.06050654,0.09872521,0.066355444,0.44149584,-0.005848903
2312,0.33953968,0.051030487,0.063140556,0.047189996,0.27639914,0.0038404912
2313,0.33233392,0.09019485,0.08397074,0.068708904,0.24836318,0.021485947
2314,0.4176583,0.0702167,0.09384858,0.06839309,0.3238097,0.0018236116
2315,0.5299374,0.110774234,0.13443026,0.11081521,0.39550713,-4.0978193e-05
2316,0.22759436,0.042155467,0.06399023,0.045477,0.16360414,-0.0033215322
2317,0.46737,0.050699096,0.079109356,0.05841144,0.38826066,-0.0077123456
2318,0.61275995,0.020958655,0.04721464,0.026990114,0.5655453,-0.006031459
2319,0.20410226,0.044139225,0.06444019,0.047163267,0.13966207,-0.0030240417
2320,0.37870228,0.043003224,0.06540826,0.049150065,0.31329402,-0.0061468408
2321,0.29563063,0.087498896,0.09471204,0.06574618,0.20091859,0.021752715
2322,0.46899888,0.10248977,0.10638705,0.07598841,0.36261183,0.026501358
2323,0.4173952,0.028074509,0.05720311,0.037432086,0.3601921,-0.009357577
2324,0.47227678,0.042548105,0.074721225,0.055335008,0.39755556,-0.0127869025
2325,0.50313514,0.049411274,0.08013359,0.052110836,0.42300156,-0.0026995614
2326,0.43647486,0.06873966,0.09415786,0.05472177,0.342317,0.014017891
2327,0.4068439,0.07416458,0.083045274,0.05808932,0.32379863,0.016075257
2328,0.47173375,0.09189789,0.113925286,0.07966063,0.35780847,0.012237258
2329,0.2449898,0.07587783,0.076783374,0.058520958,0.16820642,0.017356873
2330,0.36371356,0.035502594,0.07804158,0.053781666,0.28567198,-0.018279072
2331,0.54948896,0.10553457,0.1299706,0.09216101,0.41951835,0.013373561
2332,0.5256638,0.011395293,0.0315725,0.016862474,0.4940913,-0.005467181
2333,0.4218986,0.03033335,0.059341922,0.041616872,0.3625567,-0.0112835225
2334,0.39931372,0.06618657,0.080504425,0.06109192,0.3188093,0.005094651
2335,0.38255036,0.051656373,0.075600386,0.051627353,0.30694997,2.9020011e-05
2336,0.53475356,0.09444289,0.12745857,0.09252712,0.407295,0.0019157678
2337,0.5244016,0.13736852,0.13339235,0.09845387,0.39100927,0.038914643
2338,0.25064522,0.031070001,0.07030687,0.04683557,0.18033835,-0.01576557
2339,0.34792158,0.059613258,0.07933159,0.05473536,0.26858997,0.004877899
2340,0.43795168,0.062372614,0.102080755,0.06965611,0.33587092,-0.0072834976
2341,0.32440668,0.044387262,0.0800141,0.059811518,0.24439257,-0.015424255
2342,0.5058576,0.041132867,0.05692584,0.04296311,0.44893175,-0.0018302426
2343,0.5122444,0.09744419,0.11065416,0.071737856,0.40159023,0.025706336
2344,0.5312085,0.06629648,0.097494155,0.064925596,0.43371436,0.0013708845
2345,0.46741083,0.07745475,0.10810453,0.07075779,0.3593063,0.006696962
2346,0.20692131,0.0263009,0.037995037,0.028451316,0.16892627,-0.0021504164
2347,0.36302415,0.08392055,0.08994249,0.067140356,0.27308166,0.016780198
2348,0.46767965,0.08395012,0.099456444,0.068531826,0.3682232,0.015418291
2349,0.5085571,0.08569891,0.092704184,0.062035102,0.4158529,0.023663808
2350,0.3833804,0.075227626,0.06259448,0.045318123,0.32078594,0.029909503
2351,0.40740293,0.048574433,0.08272633,0.05386145,0.3246766,-0.0052870177
2352,0.34221584,0.051723585,0.05616392,0.035414986,0.28605193,0.016308598
2353,0.52287835,0.07063002,0.079811916,0.058721937,0.44306642,0.011908084
2354,0.31830308,0.052289102,0.07334993,0.042299557,0.24495316,0.009989545
2355,0.35778365,0.018998943,0.04643038,0.033525217,0.31135327,-0.014526274
2356,0.2737997,0.06340156,0.07377203,0.05809557,0.20002766,0.005305987
2357,0.35188952,0.09525928,0.10980311,0.082251646,0.24208641,0.013007633
2358,0.48168924,0.06945203,0.11917795,0.07778077,0.36251128,-0.008328736
2359,0.4357281,0.09744826,0.12895392,0.09087603,0.3067742,0.0065722317
2360,0.44107598,0.07193281,0.0869272,0.06647828,0.35414878,0.0054545254
2361,0.3875776,0.06925722,0.06988237,0.056092124,0.31769523,0.013165098
2362,0.27599922,0.02669964,0.054643914,0.039066598,0.2213553,-0.012366958
2363,0.5105124,0.087956645,0.13993938,0.09738732,0.37057304,-0.009430677
2364,0.38642934,0.047314905,0.07827958,0.055827502,0.30814976,-0.0085125975
2365,0.43366396,0.056398038,0.08678898,0.063168705,0.34687498,-0.0067706667
2366,0.55215603,0.05910081,0.08762029,0.056833334,0.46453574,0.0022674762
2367,0.43797755,0.044711612,0.082363434,0.052653432,0.35561413,-0.00794182
2368,0.3632298,0.09873126,0.05517527,0.043937873,0.30805454,0.054793384
2369,0.53687453,0.105518535,0.13409477,0.09750693,0.40277976,0.008011602
2370,0.2919854,0.036279894,0.0486262,0.03412118,0.2433592,0.0021587126
2371,0.5272838,0.08660502,0.108674176,0.08291036,0.41860962,0.003694661
2372,0.49771297,0.08504941,0.11001498,0.08069968,0.387698,0.004349731
2373,0.4883231,0.07144087,0.09525775,0.06952618,0.39306533,0.0019146875
2374,0.4422467,0.076769486,0.07346143,0.050610103,0.36878526,0.026159383
2375,0.1233231,0.026894582,0.046869613,0.03587494,0.076453485,-0.008980358
2376,0.41709068,0.048190005,0.074067205,0.053558093,0.34302348,-0.0053680874
2377,0.47669828,0.038739223,0.080351,0.051697917,0.39634728,-0.012958694
2378,0.5877137,0.06266328,0.10717,0.07885951,0.48054373,-0.016196229
2379,0.4848423,0.061822005,0.0776574,0.052129876,0.4071849,0.009692129
2380,0.51256335,0.050988995,0.088728294,0.055432,0.42383504,-0.0044430047
2381,0.5444326,0.0010120076,0.027595649,0.016499994,0.51683694,-0.015487987
2382,0.28239623,0.050144542,0.058209695,0.041529022,0.22418654,0.00861552
2383,0.38708726,0.07034591,0.09984686,0.07851329,0.2872404,-0.008167379
2384,0.5491699,0.051070336,0.05860295,0.041536905,0.49056694,0.009533431
2385,0.48207918,0.008771981,0.02666824,0.017258799,0.45541093,-0.008486818
2386,0.57457566,0.08993057,0.1054605,0.072108276,0.46911517,0.017822295
2387,0.51263535,0.053185258,0.07146236,0.045239378,0.441173,0.00794588
2388,0.41814813,0.07634373,0.06981184,0.055673756,0.34833628,0.020669974
2389,0.4942099,0.044933498,0.107484095,0.07344805,0.38672578,-0.02851455
2390,0.34598988,0.06853824,0.067485854,0.050061446,0.278504,0.018476795
2391,0.31535995,0.018163718,0.05456708,0.03862473,0.26079288,-0.020461012
2392,0.3190375,0.042479023,0.069229774,0.051102743,0.24980772,-0.008623719
2393,0.27687037,0.024029806,0.03550661,0.025231037,0.24136376,-0.001201231
2394,0.37831184,0.044386826,0.050787073,0.035864383,0.32752478,0.0085224435
2395,0.63058835,0.029341768,0.027864965,0.023835668,0.60272336,0.0055061
2396,0.48499608,0.03199558,0.06441747,0.045428384,0.4205786,-0.0134328045
2397,0.4723021,0.05383356,0.08542191,0.060408052,0.3868802,-0.006574493
2398,0.36431578,0.08516989,0.11575126,0.08479786,0.24856451,0.00037202984
2399,0.5267554,0.06416094,0.09130326,0.064385615,0.43545213,-0.00022467226
2400,0.61602783,0.0942595,0.11524237,0.07603051,0.50078547,0.018228993
2401,0.3956097,0.032839004,0.059358075,0.043161593,0.33625162,-0.010322589
2402,0.36615342,0.034237493,0.052233707,0.031766765,0.31391972,0.002470728
2403,0.3193346,0.08391169,0.069672525,0.04518449,0.24966207,0.038727198
2404,0.3793326,0.043302227,0.0787054,0.05595173,0.3006272,-0.012649503
2405,0.40458035,0.057841226,0.0793415,0.058476284,0.32523885,-0.0006350577
2406,0.37920964,0.04811573,0.08431526,0.056336988,0.29489437,-0.0082212575
2407,0.24931939,0.048760414,0.06292186,0.047443952,0.18639752,0.0013164617
2408,0.5528372,0.0027438155,0.024632996,0.014079262,0.5282042,-0.011335446
2409,0.42017815,0.048709247,0.06655355,0.045681715,0.35362458,0.0030275322
2410,0.31476215,0.048237577,0.08091631,0.057694353,0.23384583,-0.009456776
2411,0.51090735,0.078758374,0.07948914,0.058273382,0.4314182,0.020484991
2412,0.3820498,0.07520491,0.06391347,0.04392083,0.31813633,0.03128408
2413,0.34489146,0.04804407,0.05842207,0.04144754,0.2864694,0.0065965317
2414,0.43479335,0.07266556,0.0881335,0.06313219,0.34665984,0.009533368
2415,0.42544603,0.040703952,0.05496883,0.041363627,0.3704772,-0.0006596744
2416,0.42457187,0.066901386,0.09463255,0.07011179,0.3299393,-0.003210403
2417,0.39005616,0.03744766,0.06947991,0.052749604,0.32057625,-0.015301943
2418,0.6296684,0.09105448,0.13619749,0.09416433,0.4934709,-0.00310985
2419,0.3815276,0.04557879,0.07874055,0.05589477,0.30278707,-0.010315981
2420,0.47474304,0.062362388,0.08490236,0.059480533,0.38984066,0.0028818548
2421,0.35827297,0.04025355,0.076101944,0.05140173,0.282171,-0.011148181
2422,0.49194944,0.010177759,0.039958615,0.017887708,0.4519908,-0.0077099483
2423,0.24585761,0.03139017,0.05315035,0.03750252,0.19270727,-0.0061123483
2424,0.3239345,0.02761201,0.046913557,0.03304856,0.27702093,-0.005436549
2425,0.38701716,0.041513983,0.06951372,0.048697148,0.31750345,-0.0071831644
2426,0.63188416,0.09903989,0.12124352,0.090487376,0.5106406,0.008552514
2427,0.57551044,0.07049747,0.09582881,0.06486937,0.47968164,0.0056281015
2428,0.47868973,0.05717888,0.09764047,0.067749135,0.38104928,-0.010570254
2429,0.39944437,0.07341038,0.103008345,0.07255188,0.296436,0.0008585006
2430,0.46460217,0.110300295,0.101543315,0.07175793,0.36305887,0.038542368
2431,0.62982696,0.106670454,0.13277389,0.10118649,0.4970531,0.0054839626
2432,0.5139842,0.082930245,0.13562344,0.09810523,0.37836075,-0.015174985
2433,0.39725557,0.035644434,0.085018046,0.051391,0.31223753,-0.015746567
2434,0.49448434,0.03712601,0.0756985,0.052012954,0.41878584,-0.0148869455
2435,0.18451361,0.051218737,0.068333425,0.051799905,0.11618019,-0.00058116764
2436,0.4456445,0.039579634,0.0696075,0.049251195,0.376037,-0.009671561
2437,0.4101461,0.04994531,0.07369246,0.054451298,0.33645362,-0.004505988
2438,0.47569296,0.056662578,0.08679036,0.04994489,0.3889026,0.0067176893
2439,0.37620527,0.0457656,0.06906168,0.050694834,0.30714357,-0.0049292333
2440,0.5644721,0.1411321,0.19632153,0.11362355,0.36815053,0.02750855
2441,0.36753067,0.03029248,0.054583292,0.038291894,0.3129474,-0.007999415
2442,0.32013983,0.06549351,0.09699628,0.073844545,0.22314355,-0.008351035
2443,0.39040184,0.05647648,0.09338566,0.070026524,0.29701617,-0.013550043
2444,0.45693415,0.060746506,0.09080158,0.06974645,0.36613256,-0.008999944
2445,0.42020515,0.089941666,0.103296444,0.07993711,0.31690872,0.010004558
2446,0.6689083,0.121104605,0.14047794,0.097914316,0.52843034,0.02319029
2447,0.40646055,0.044807103,0.057540007,0.044616174,0.34892055,0.00019092858
2448,0.30929416,0.018171588,0.042198952,0.025482478,0.2670952,-0.0073108897
2449,0.49410954,0.08657783,0.10052712,0.0737013,0.3935824,0.012876533
2450,0.28949153,0.09304813,0.068420455,0.049252804,0.22107108,0.04379533
2451,0.5822988,0.06081461,0.08806521,0.057007276,0.4942336,0.003807336
2452,0.11160127,0.02914766,0.029757038,0.017053837,0.08184423,0.012093823
2453,0.6732874,0.052820254,0.064021826,0.049765565,0.60926557,0.0030546896
2454,0.44911048,0.028151935,0.10300769,0.05780321,0.34610277,-0.029651275
2455,0.38483354,0.032122962,0.05228441,0.039769415,0.33254912,-0.0076464526
2456,0.40241253,0.03850367,0.021498589,0.012169523,0.38091394,0.026334146
2457,0.48672175,0.024603091,0.092051156,0.04627689,0.3946706,-0.021673799
2458,0.4179962,0.040856034,0.043220736,0.033551663,0.37477547,0.0073043704
2459,0.44667077,0.06334305,0.079139695,0.05576832,0.36753106,0.0075747296
2460,0.51923573,0.067041986,0.08864789,0.0668658,0.43058783,0.00017618388
2461,0.33655024,0.062392287,0.072810546,0.053111352,0.2637397,0.009280935
2462,0.4090632,0.049873535,0.08840199,0.05546939,0.3206612,-0.0055958554
2463,0.37714806,0.041300252,0.06016353,0.04371873,0.31698453,-0.002418477
2464,0.18942384,0.07063408,0.06944001,0.049654752,0.11998384,0.02097933
2465,0.5026765,0.08268125,0.10315058,0.07489347,0.3995259,0.0077877864
2466,0.4036939,0.052737698,0.07530416,0.053766727,0.32838976,-0.0010290295
2467,0.46043786,0.08269404,0.09988067,0.07665425,0.3605572,0.006039791
2468,0.41558072,0.0021274763,0.063756794,0.041843727,0.35182393,-0.03971625
2469,0.37101787,0.03363888,0.05194126,0.033658333,0.3190766,-1.9453466e-05
2470,0.45108715,0.039735563,0.075460315,0.049888402,0.37562683,-0.010152839
2471,0.45447963,0.08825208,0.0963447,0.06401085,0.35813493,0.024241231
2472,0.3370899,0.055064492,0.07801389,0.058479656,0.259076,-0.0034151636
2473,0.4928825,0.066753715,0.10853304,0.083467446,0.38434947,-0.016713731
2474,0.46871838,0.09057552,0.092381656,0.06583054,0.37633672,0.02474498
2475,0.22904453,0.045550317,0.056116603,0.041716293,0.17292792,0.003834024
2476,0.46311915,0.047936477,0.07178794,0.053089734,0.3913312,-0.0051532574
2477,0.5072123,0.06366495,0.101001054,0.07359446,0.40621123,-0.009929508
2478,0.55505246,0.08001769,0.10953602,0.08224446,0.44551644,-0.00222677
2479,0.5110759,0.048332464,0.06943479,0.049145937,0.44164112,-0.000813473
2480,0.4726191,0.08026595,0.084866345,0.059149843,0.38775274,0.021116104
2481,0.2859419,0.04275436,0.05241789,0.035411023,0.23352401,0.007343337
2482,0.4741693,0.0897745,0.115706,0.073974125,0.35846332,0.015800372
2483,0.56876534,0.042497966,0.06835601,0.049220644,0.50040936,-0.0067226775
2484,0.44308695,0.03181539,0.064603016,0.038751114,0.37848395,-0.006935723
2485,0.34054494,0.093366936,0.11416091,0.09396206,0.22638403,-0.0005951226
2486,0.50444794,0.09034167,0.095653474,0.07213323,0.40879446,0.018208444
2487,0.6391814,0.07956382,0.13542354,0.086915284,0.50375783,-0.0073514655
2488,0.6283715,0.056255657,0.09741923,0.07111925,0.5309522,-0.014863592
2489,0.40050662,0.049523212,0.081812315,0.059713926,0.3186943,-0.010190714
2490,0.507988,0.058736853,0.092093036,0.06481831,0.41589493,-0.0060814545
2491,0.45625526,0.03970046,0.06286325,0.045890592,0.393392,-0.0061901323
2492,0.5408029,0.06879774,0.072909266,0.050749656,0.46789363,0.018048082
2493,0.51369226,0.066490345,0.11648057,0.08653423,0.3972117,-0.020043887
2494,0.45619327,0.04803563,0.08405397,0.055553015,0.3721393,-0.007517386
2495,0.65989834,0.065050535,0.11695895,0.08247174,0.54293936,-0.017421208
2496,0.50944924,0.07488887,0.054760315,0.03456494,0.45468894,0.04032393
2497,0.28785217,0.059919912,0.060877696,0.044928964,0.22697447,0.014990948
2498,0.4295074,0.07802849,0.0808898,0.062068637,0.3486176,0.015959855
2499,0.50919855,0.04637331,0.083080776,0.058265876,0.42611778,-0.011892565
2500,0.15850228,0.032719895,0.04269551,0.030943206,0.11580677,0.0017766897
2501,0.35352644,0.03416716,0.04717004,0.032766324,0.3063564,0.0014008358
2502,0.37583908,0.0579031,0.056348085,0.03593468,0.319491,0.02196842
2503,0.48219612,0.05880226,0.09363709,0.06815002,0.38855904,-0.009347763
2504,0.5127939,0.06230204,0.08618352,0.0628505,0.42661038,-0.00054845586
2505,0.3483991,0.074055895,0.11351769,0.073509514,0.23488142,0.0005463809
2506,0.3810686,0.08297539,0.07905985,0.052720647,0.30200875,0.03025474
2507,0.54716605,0.10485386,0.11951127,0.08672865,0.42765477,0.018125214
2508,0.33538872,0.048399046,0.09061072,0.060416628,0.244778,-0.012017582
2509,0.7602686,0.122646496,0.1768486,0.13134308,0.58342004,-0.008696586
2510,0.5697225,0.05603911,0.092235126,0.07016934,0.47748736,-0.014130227
2511,0.45679203,0.057402834,0.10174008,0.075591385,0.35505193,-0.018188551
2512,0.43889976,0.10317992,0.116682574,0.088028476,0.32221717,0.015151441
2513,0.38871408,0.070446365,0.08199221,0.049828466,0.30672187,0.020617899
2514,0.47913724,0.048290465,0.08765303,0.05587,0.3914842,-0.0075795352
2515,0.50081205,-0.008954572,0.034962464,0.01691655,0.46584958,-0.025871122
2516,0.61518615,0.00015402808,0.024574425,0.014360436,0.59061176,-0.0142064085
2517,0.4233887,0.049011346,0.06491599,0.050054945,0.3584727,-0.0010435991
2518,0.56357723,0.10557755,0.10872847,0.07737731,0.45484877,0.028200239
2519,0.4473601,0.058864344,0.077979006,0.05698952,0.3693811,0.0018748231
2520,0.4373068,0.059618544,0.07575323,0.06189941,0.36155355,-0.0022808649
2521,0.37442318,0.071173586,0.047049414,0.031369563,0.32737377,0.039804023
2522,0.3718208,0.034037177,0.08014516,0.05030333,0.29167566,-0.016266152
2523,0.29204556,0.06305388,0.061115395,0.03956977,0.23093016,0.023484115
2524,0.6550483,0.01759973,0.03898729,0.023071056,0.61606103,-0.0054713264
2525,0.47341028,0.07036186,0.10840705,0.06579189,0.36500323,0.00456997
2526,0.39983585,0.014278831,0.06896284,0.043777995,0.330873,-0.029499164
2527,0.43404245,0.108801216,0.119133055,0.09276054,0.3149094,0.016040675
2528,0.44325167,0.09442034,0.08319922,0.06467263,0.36005247,0.029747717
2529,0.5278676,0.076970026,0.13550435,0.10254675,0.39236325,-0.025576726
2530,0.49405652,0.0652112,0.092631,0.07001985,0.40142554,-0.0048086494
2531,0.4674938,0.07491903,0.11365114,0.081041984,0.35384268,-0.006122954
2532,0.33179802,0.06092022,0.0752329,0.0521786,0.25656512,0.008741621
2533,0.4794035,0.019253489,0.055949427,0.035831764,0.42345408,-0.016578276
2534,0.3528397,0.029505396,0.06814418,0.048192553,0.28469554,-0.018687157
2535,0.29410788,0.03514349,0.06201632,0.042278156,0.23209156,-0.007134665
2536,0.5403309,0.03519846,0.06615013,0.04540616,0.47418076,-0.010207698
2537,0.35856405,0.04854689,0.081000306,0.057757095,0.27756375,-0.009210203
2538,0.5482867,0.014092997,0.032209143,0.023902064,0.5160775,-0.0098090675
2539,0.46936107,0.047934648,0.07533652,0.05262343,0.39402455,-0.0046887808
2540,0.45198864,0.04718745,0.07344497,0.04999854,0.37854367,-0.0028110892
2541,0.38904873,0.06814998,0.07188317,0.056037493,0.31716555,0.012112483
2542,0.58267766,0.0852849,0.10170774,0.07406678,0.4809699,0.011218123
2543,0.46291387,0.038893033,0.06305819,0.04683624,0.39985567,-0.007943206
2544,0.5015183,0.04085948,0.07236721,0.051954698,0.4291511,-0.011095218
2545,0.608978,0.031930257,0.05686207,0.03567321,0.5521159,-0.003742952
2546,0.4266352,0.06686073,0.07509859,0.054173794,0.35153663,0.012686934
2547,0.57972836,0.069473,0.091547325,0.06617887,0.48818105,0.0032941252
2548,0.5041443,0.04839643,0.075809605,0.053310513,0.4283347,-0.0049140826
2549,0.35688394,0.07032746,0.06684844,0.041595444,0.2900355,0.028732017
2550,0.5520809,0.041918874,0.086899236,0.06267056,0.4651817,-0.020751685
2551,0.41570374,0.04360496,0.06751821,0.044248935,0.34818554,-0.00064397603
2552,0.34848124,0.04800788,0.057311635,0.033713933,0.2911696,0.014293946
2553,0.5079104,0.06720319,0.10291041,0.06433105,0.40499997,0.0028721392
2554,0.5964343,0.084346175,0.11204696,0.07477546,0.48438734,0.009570718
2555,0.40782553,0.070660956,0.087897345,0.058864783,0.31992817,0.011796173
2556,0.5537713,0.045363802,0.08129463,0.055303045,0.4724767,-0.009939242
2557,0.36281776,0.05210339,0.0540157,0.039874397,0.30880207,0.012228992
2558,0.54394263,0.08793534,0.14483784,0.1040666,0.39910477,-0.01613126
2559,0.460949,0.056148678,0.09033841,0.06882586,0.3706106,-0.012677185
