feature_idx,seq_effect_obs,struct_effect_obs,seq_effect_shuffle,struct_effect_shuffle,seq_delta,struct_delta
0,0.04553246,0.16034777,0.044129863,0.028922679,0.0014025979,0.1314251
1,1.055088,0.60760826,0.8820706,0.65073115,0.17301744,-0.043122888
2,0.1125598,0.03166137,0.07010294,0.048192468,0.042456865,-0.016531099
3,0.877315,0.52116853,0.7722659,0.53548,0.10504907,-0.014311492
4,0.011612914,-0.057403702,0.015859151,0.0051677106,-0.0042462377,-0.062571414
5,0.004347525,-0.0064210678,0.026103113,0.015649477,-0.021755587,-0.022070546
6,0.008738981,0.14662875,0.012620487,0.009716814,-0.0038815066,0.13691194
7,0.037347708,0.03218667,0.018345887,0.01486253,0.019001821,0.017324138
8,0.02924647,0.04102358,0.025064597,0.02096015,0.004181873,0.020063428
9,0.03185752,-0.035177894,0.023057558,0.008643108,0.008799963,-0.043821003
10,0.48039815,0.12240114,0.22497892,0.13674524,0.25541922,-0.014344104
11,0.045540895,0.019798595,0.02108689,0.016308174,0.024454005,0.003490422
12,0.021234663,0.033152014,0.009024007,0.009435027,0.012210656,0.023716986
13,1.1507854,0.5607755,0.89019257,0.5791849,0.26059288,-0.018409371
14,1.1003729,0.02048645,0.29201853,0.18393116,0.8083544,-0.16344471
15,0.0011018632,0.036535818,0.011795074,0.011581956,-0.01069321,0.02495386
16,0.86710423,0.5608083,0.7622008,0.5517501,0.10490346,0.0090581775
17,0.044142526,-0.005230967,0.05220742,0.035912443,-0.008064896,-0.04114341
18,0.60902,0.54380345,0.58576834,0.46810114,0.023251653,0.07570231
19,0.8829896,0.48332933,0.7377562,0.47626418,0.1452334,0.007065147
20,0.02402917,-0.038831938,0.027970375,0.01373204,-0.0039412063,-0.05256398
21,0.0072845565,0.027355758,0.012698618,0.0055551976,-0.0054140612,0.02180056
22,0.028425869,0.022554236,0.032936048,0.016643038,-0.004510179,0.0059111975
23,0.07621905,0.053406507,0.05581342,0.040131733,0.020405632,0.013274774
24,0.7595042,0.55929494,0.65790606,0.50720596,0.10159814,0.052088976
25,0.55727684,0.39804167,0.5312154,0.38908005,0.026061416,0.008961618
26,0.75180733,0.4963153,0.6011517,0.42649132,0.15065563,0.06982398
27,0.15674253,0.08614763,0.11058974,0.07711521,0.046152785,0.009032421
28,0.013551911,0.029019875,0.010449551,0.008584911,0.0031023603,0.020434964
29,0.89316535,0.52733505,0.70852983,0.46075544,0.18463552,0.06657961
30,-0.017369796,0.12182823,0.024210887,0.011584677,-0.041580684,0.11024355
31,0.6831022,0.4657117,0.6005792,0.4420492,0.08252299,0.023662508
32,-0.023407463,0.0040448415,0.0009437472,0.0016332675,-0.02435121,0.0024115741
33,0.09150412,0.064955465,0.07125058,0.02879055,0.02025354,0.036164917
34,0.032781575,0.023732536,0.027992113,0.016910253,0.0047894623,0.0068222824
35,0.8906616,0.60962033,0.7042059,0.5082667,0.18645573,0.101353645
36,0.07885537,-0.030498093,0.049544424,0.021458888,0.02931095,-0.05195698
37,0.4329143,0.24808803,0.34181038,0.2549889,0.09110391,-0.0069008768
38,0.030531561,0.14140646,0.025951933,0.019492108,0.004579628,0.12191436
39,0.03685131,-0.045169923,0.040176738,0.018474868,-0.0033254288,-0.06364479
40,0.66840565,0.21651125,0.26808724,0.1611784,0.4003184,0.055332854
41,0.18900271,0.13202801,0.18169497,0.13710581,0.007307738,-0.005077794
42,0.86211956,0.5327985,0.7374282,0.5276068,0.12469137,0.0051917434
43,0.7669199,0.4926349,0.61140263,0.4601733,0.15551728,0.032461584
44,0.052025203,0.1402998,0.044853702,0.033952158,0.0071715005,0.106347635
45,0.88375825,0.4661701,0.5326697,0.39093807,0.35108852,0.07523203
46,0.058117054,-0.004900892,0.060220733,0.03861891,-0.0021036789,-0.043519802
47,0.45958528,0.24752212,0.32238433,0.222083,0.13720095,0.025439113
48,0.8050671,0.37479073,0.55312943,0.3748459,0.2519377,-5.51641e-05
49,0.14959814,0.15514606,0.14871283,0.10686677,0.0008853078,0.048279293
50,0.5132752,0.30685744,0.4373629,0.30923942,0.0759123,-0.0023819804
51,0.11126916,0.16616257,0.099974744,0.073398255,0.011294417,0.09276431
52,0.5801942,0.3498512,0.4865867,0.34277654,0.093607485,0.007074654
53,0.056826588,-0.017541034,0.0363862,0.021211201,0.020440388,-0.038752235
54,0.74671125,0.33412048,0.52753264,0.38946456,0.21917862,-0.055344075
55,-0.008827095,0.058057286,0.0101399,0.006116875,-0.018966995,0.05194041
56,1.0455861,0.6171981,0.9254884,0.576522,0.1200977,0.040676117
57,1.7291983,0.93049353,1.2663502,0.9611225,0.4628482,-0.03062898
58,1.2717077,0.67383265,1.0659435,0.73360795,0.20576417,-0.059775293
59,0.054919623,0.06841296,0.05528571,0.034660462,-0.000366088,0.033752497
60,0.03611063,0.039642982,0.03179403,0.028937995,0.004316598,0.010704987
61,0.049872987,0.09195402,0.061995488,0.03249036,-0.012122501,0.05946366
62,-0.021539489,0.017637938,0.013509975,0.0077092005,-0.035049465,0.009928738
63,0.025105055,0.052126735,0.016146135,0.014989292,0.008958921,0.03713744
64,0.03578798,0.032739855,0.029962534,0.019041335,0.005825447,0.01369852
65,0.120230876,0.06436281,0.08046464,0.051726636,0.039766237,0.0126361735
66,0.71150213,0.4307768,0.5341108,0.36357898,0.17739135,0.06719783
67,0.026478395,0.024331618,0.04422419,0.03491955,-0.017745797,-0.010587931
68,0.06944114,0.042232666,0.043480113,0.030444918,0.025961027,0.011787748
69,0.08294927,0.07875923,0.071892574,0.046921764,0.011056699,0.031837467
70,0.8078743,0.40838856,0.57064915,0.4064531,0.23722517,0.0019354522
71,0.118887156,0.09246723,0.11474144,0.06742832,0.004145719,0.025038913
72,0.13264479,0.0645968,0.11652316,0.071796514,0.016121626,-0.007199712
73,0.034981746,-0.032658536,0.045091823,0.026816795,-0.0101100765,-0.059475332
74,0.058496796,0.04779232,0.04081696,0.025220113,0.017679837,0.022572206
75,0.9745983,0.53646976,0.7233935,0.46844578,0.2512048,0.06802398
76,0.005295914,-0.024946982,0.01565254,0.009109366,-0.010356626,-0.034056347
77,0.016688911,0.036249585,0.006102298,0.0032501733,0.010586614,0.03299941
78,0.98552656,0.499233,0.7851574,0.5350428,0.20036918,-0.035809815
79,0.78351456,0.45699212,0.69761854,0.4383617,0.085896015,0.018630415
80,0.033591874,0.038672686,0.031701908,0.019470848,0.0018899664,0.019201837
81,0.055717394,0.00034213107,0.031841055,0.0202134,0.02387634,-0.019871268
82,0.054327834,0.03550248,0.041922178,0.024848428,0.012405656,0.010654051
83,0.71033007,0.5163335,0.6234886,0.44454202,0.086841464,0.0717915
84,0.5361704,0.3397007,0.3668207,0.27740622,0.16934973,0.062294483
85,0.010814533,-0.036868308,0.029133096,0.010300558,-0.018318564,-0.047168866
86,0.08561192,-0.002142848,0.08595523,0.04985454,-0.0003433153,-0.051997386
87,0.661582,0.32300577,0.4820862,0.3236216,0.17949578,-0.0006158352
88,0.029020488,0.12957281,0.051103696,0.033669002,-0.022083208,0.09590381
89,0.01916441,0.026155146,0.009962684,0.010861936,0.009201726,0.01529321
90,0.03939175,0.054346453,0.026486047,0.022477724,0.012905702,0.03186873
91,0.13216566,0.110635094,0.1169262,0.081329,0.015239455,0.029306091
92,0.07288188,0.042106237,0.066993505,0.043000337,0.0058883727,-0.0008940995
93,-0.03065512,0.019894263,0.003570759,0.005053619,-0.034225877,0.014840644
94,0.07327612,0.07036386,0.075151816,0.0644126,-0.0018756986,0.0059512556
95,0.6665158,0.2503832,0.3980773,0.3029235,0.26843852,-0.052540302
96,0.055801228,0.068491235,0.030907888,0.029588189,0.02489334,0.038903046
97,0.50648755,0.18987542,0.29569072,0.19268273,0.21079683,-0.0028073043
98,0.03694559,0.04741752,0.03497372,0.025640016,0.0019718707,0.021777505
99,0.03570355,-0.02565531,0.035867896,0.020565428,-0.0001643449,-0.04622074
100,0.086443804,0.15007803,0.1080906,0.07911505,-0.021646798,0.07096298
101,0.123296894,0.12591569,0.12632279,0.10380739,-0.0030258968,0.022108302
102,0.04022514,0.0067467294,0.04554976,0.023859996,-0.0053246208,-0.017113267
103,0.5319599,0.26591402,0.43570477,0.28935322,0.09625512,-0.023439199
104,-0.002078256,0.06081356,0.007834104,0.0036413425,-0.00991236,0.05717222
105,0.8374167,0.5184991,0.69911855,0.51057583,0.13829815,0.007923245
106,0.54832685,0.3082351,0.37353116,0.2698232,0.17479569,0.038411915
107,0.811046,0.52275616,0.7128289,0.50298357,0.09821713,0.01977259
108,0.0033169896,0.22177263,0.024634173,0.017075928,-0.021317184,0.2046967
109,0.7605891,0.24126795,0.44379067,0.2692204,0.31679845,-0.027952462
110,0.18915662,0.115549035,0.16549154,0.09565492,0.023665085,0.019894116
111,-0.001285222,0.0036636344,0.00924224,0.007600667,-0.010527463,-0.0039370325
112,1.0186116,0.61952406,0.86510986,0.55477166,0.15350169,0.0647524
113,0.798917,0.48578283,0.7395123,0.5115109,0.05940467,-0.025728077
114,0.030398475,-0.020471815,0.028195908,0.012991656,0.0022025667,-0.03346347
115,0.21362516,0.1364865,0.17998606,0.13110445,0.033639103,0.005382046
116,0.00027389897,0.052013952,0.013093906,0.007853785,-0.012820007,0.04416017
117,0.012919244,-0.028012997,0.01726321,0.012497911,-0.004343965,-0.040510908
118,0.49297825,0.30241257,0.40448213,0.30776292,0.08849612,-0.0053503513
119,0.0715211,0.035045486,0.067188375,0.046166908,0.0043327287,-0.011121422
120,0.779175,0.4009116,0.55994767,0.38210854,0.21922731,0.01880306
121,0.07189234,0.050260782,0.06686312,0.044999707,0.005029224,0.0052610748
122,0.41305697,0.23093566,0.31572807,0.21965687,0.0973289,0.011278793
123,0.57827306,0.4046743,0.5053611,0.3606094,0.07291198,0.04406488
124,0.06504661,0.04569555,0.06875532,0.05110715,-0.0037087128,-0.005411599
125,0.056487676,0.11203278,0.06306215,0.04197088,-0.0065744705,0.0700619
126,0.040318955,0.055664442,0.039558228,0.030054465,0.00076072663,0.025609978
127,0.69932437,0.42731354,0.6434314,0.42987418,0.055892944,-0.0025606453
128,0.7778016,0.4612166,0.6678158,0.47159263,0.10998577,-0.010376036
129,0.04830056,0.056928188,0.04784208,0.036263958,0.00045847893,0.02066423
130,0.88645506,0.58575046,0.77984095,0.57147855,0.10661411,0.014271915
131,1.0915169,0.68373287,0.9570245,0.6591541,0.13449234,0.02457875
132,0.61887765,0.33461168,0.53942055,0.34168875,0.079457104,-0.007077068
133,0.05907575,0.07595681,0.07061719,0.045614276,-0.011541441,0.03034253
134,1.0252795,0.67898655,0.94880974,0.6730017,0.07646978,0.005984843
135,0.68822384,0.33341575,0.474409,0.3276675,0.21381482,0.005748242
136,0.07036124,0.056992855,0.049028732,0.040301133,0.02133251,0.016691722
137,0.096269056,0.08120557,0.08401514,0.05359249,0.012253918,0.027613081
138,0.05983986,0.1074103,0.059667338,0.032567136,0.00017252192,0.07484316
139,0.0001825366,-0.066399895,0.02383584,0.011146329,-0.023653302,-0.077546224
140,1.1212199,0.61262196,0.81279314,0.60435534,0.30842674,0.008266628
141,0.08390975,0.056111142,0.08061817,0.049780868,0.003291577,0.006330274
142,0.76845545,0.25563863,0.3946352,0.2660016,0.37382025,-0.010362983
143,0.0369289,0.03559537,0.026133792,0.016328512,0.010795107,0.019266857
144,0.07185068,0.1553479,0.058117,0.045685172,0.013733681,0.10966273
145,0.024929866,0.08904919,0.038262688,0.022730812,-0.013332821,0.06631838
146,0.01855712,0.04537711,0.035997376,0.02969707,-0.017440256,0.01568004
147,1.0031719,0.48125714,0.6687063,0.42774856,0.33446562,0.05350858
148,0.09439284,0.15503244,0.102015354,0.06030205,-0.00762251,0.09473039
149,0.7556419,0.357826,0.5769828,0.36414585,0.17865908,-0.0063198507
150,-0.011886136,0.113677934,0.022803871,0.012292899,-0.034690008,0.101385035
151,0.11024007,0.109401174,0.10324424,0.07373767,0.0069958344,0.0356635
152,-0.0002079661,-0.03230638,0.015495354,0.008668315,-0.01570332,-0.040974695
153,1.0106254,0.6653897,0.8951513,0.6467929,0.115474045,0.018596828
154,0.7081832,0.33501357,0.51299495,0.3666068,0.19518828,-0.031593233
155,-0.029777532,0.14425258,0.010077002,0.0019634508,-0.039854534,0.14228913
156,-0.022406511,0.0102026025,0.010527514,0.007044628,-0.032934025,0.0031579747
157,0.6311369,0.44935092,0.5447643,0.40405124,0.086372614,0.04529968
158,0.9472682,0.55034333,0.8377987,0.55770653,0.10946947,-0.0073632
159,0.77241594,0.41999677,0.5444617,0.4083324,0.22795421,0.011664361
160,0.925479,0.6583913,0.8115812,0.5927782,0.1138978,0.06561309
161,-0.0073776525,-0.0073321187,0.019320628,0.015203682,-0.02669828,-0.022535801
162,0.70512515,0.38290855,0.48893988,0.3748703,0.21618527,0.008038253
163,0.030807748,0.038580783,0.023753291,0.018115506,0.0070544574,0.020465277
164,1.2456553,0.53412956,0.9344339,0.5998442,0.31122142,-0.06571466
165,0.021383774,0.04664251,0.012662744,0.009815936,0.008721029,0.036826573
166,0.93519384,0.61380136,0.862382,0.60877544,0.07281184,0.0050259233
167,0.09996065,0.05980968,0.090799436,0.058849916,0.009161212,0.00095976517
168,0.055566404,0.013501776,0.04181074,0.03333001,0.013755664,-0.019828232
169,0.022050086,-0.040490884,0.011806007,0.0049419086,0.01024408,-0.04543279
170,0.99774456,0.51883906,0.8376194,0.56175745,0.16012514,-0.042918384
171,1.2016397,0.65269005,0.71904707,0.5267803,0.48259258,0.12590975
172,0.11809065,0.106033266,0.10029002,0.07790582,0.01780063,0.028127447
173,1.0723076,0.7889251,1.0200016,0.7498965,0.052305937,0.039028585
174,0.10094057,0.10344712,0.08832987,0.059552956,0.012610704,0.04389416
175,0.6286943,0.35871485,0.51440245,0.34670871,0.11429185,0.012006134
176,0.79875886,0.57262963,0.66849786,0.5192745,0.130261,0.053355157
177,0.007949573,-0.024877734,0.013051288,0.009981757,-0.005101715,-0.034859493
178,1.0169433,0.50543165,0.7319613,0.5105189,0.28498203,-0.0050872564
179,0.031084033,0.048125032,0.026282275,0.019600414,0.0048017576,0.028524619
180,-0.0127183795,-0.01975388,0.014906484,0.009589767,-0.027624864,-0.029343648
181,0.66815114,0.4739618,0.6062334,0.45441353,0.061917722,0.019548267
182,0.023840142,0.027675662,0.011940505,0.009263221,0.011899637,0.018412441
183,0.7827652,0.5259149,0.6948567,0.4809935,0.08790851,0.0449214
184,0.5828512,0.33140165,0.39739048,0.29368117,0.18546069,0.03772047
185,0.005863194,0.060464542,0.0010332749,0.00056257535,0.004829919,0.059901968
186,0.06845149,0.041107245,0.05385489,0.03307855,0.014596596,0.0080286935
187,0.3465061,0.25284794,0.29484686,0.22104734,0.051659226,0.031800598
188,0.115388624,0.01951926,0.09116135,0.058064133,0.024227276,-0.03854487
189,0.8885294,0.5424593,0.7575902,0.51478446,0.13093925,0.027674854
190,0.027683008,0.13129106,0.018772945,0.015960569,0.008910064,0.115330495
191,0.7528223,0.43032604,0.64878184,0.4374287,0.104040444,-0.0071026683
192,-0.027803656,0.15749723,0.01766985,0.008742785,-0.045473505,0.14875445
193,0.14685398,0.105049334,0.13373336,0.09266578,0.013120621,0.012383558
194,0.043459494,0.0363227,0.033186536,0.028075337,0.010272957,0.008247364
195,0.7337332,0.27946892,0.4682414,0.3366067,0.26549178,-0.057137787
196,1.0167865,0.5866274,0.92043585,0.611949,0.09635061,-0.025321603
197,0.4700834,0.29860026,0.3659472,0.2769125,0.1041362,0.021687746
198,0.023801357,-0.026151063,0.03016424,0.014083704,-0.0063628834,-0.040234767
199,0.6281046,0.4495406,0.55996615,0.40998542,0.06813848,0.039555162
200,0.03222076,0.27882534,0.043176424,0.030932825,-0.010955665,0.24789251
201,0.9638692,0.34989533,0.4071958,0.2368955,0.5566734,0.11299983
202,0.064317875,0.053370144,0.051883534,0.043265868,0.012434341,0.010104276
203,0.017112724,0.034113914,0.01451766,0.009747749,0.0025950642,0.024366165
204,1.1003531,0.58835405,0.8636112,0.5502737,0.2367419,0.038080335
205,1.476875,0.8525657,1.3347706,0.8711464,0.14210439,-0.018580675
206,0.022547545,0.06277914,0.022615185,0.007948652,-6.7640096e-05,0.05483049
207,0.009446627,-0.038819667,0.0062813396,0.00036095124,0.003165288,-0.039180618
208,1.0285629,0.6781393,0.8951004,0.62444395,0.13346249,0.05369538
209,0.09228077,0.012358998,0.094047345,0.051196903,-0.0017665774,-0.038837906
210,0.8572486,0.4459773,0.5047467,0.36614075,0.35250193,0.07983655
211,0.020443913,0.024267055,0.021735854,0.009240503,-0.0012919419,0.015026552
212,0.049413547,-0.00854366,0.05735249,0.037134286,-0.007938944,-0.045677945
213,0.038716905,0.12693758,0.056644913,0.04158981,-0.017928008,0.08534777
214,1.06065,0.64589584,0.8766941,0.605838,0.18395591,0.040057838
215,0.95915836,0.26248896,0.4822897,0.29253617,0.47686866,-0.030047208
216,0.043691993,0.02089886,0.020449113,0.017193925,0.02324288,0.0037049353
217,0.041896056,0.106218204,0.049125977,0.026893053,-0.0072299205,0.079325154
218,0.7872656,0.424277,0.5727985,0.42104235,0.21446711,0.0032346547
219,0.017370969,0.0475036,0.009710023,0.009233179,0.007660946,0.03827042
220,0.99688816,0.63045675,0.94575006,0.60510904,0.051138103,0.02534771
221,0.66390276,0.4278165,0.6239382,0.42052814,0.039964557,0.0072883666
222,1.1522843,0.49422455,0.57311296,0.42310637,0.5791713,0.071118176
223,0.60286623,0.3023823,0.3881844,0.2644565,0.21468183,0.03792578
224,0.06430127,0.051437758,0.06304918,0.04535113,0.001252085,0.006086629
225,0.014129876,0.082299076,0.02939341,0.015824307,-0.015263534,0.066474766
226,0.028613655,-0.0143877575,0.031018596,0.01952593,-0.0024049412,-0.033913687
227,0.18304004,0.11989763,0.15608932,0.11388812,0.026950717,0.006009504
228,0.06645611,0.10767644,0.04423916,0.031771783,0.02221695,0.07590465
229,0.1085839,0.08737391,0.10707419,0.0826667,0.0015097037,0.0047072098
230,0.051134013,0.03879249,0.030495547,0.022441892,0.020638466,0.016350599
231,0.019456793,0.063972525,0.014036183,0.014045865,0.0054206094,0.04992666
232,0.046796538,0.14016798,0.04037529,0.02959335,0.0064212494,0.11057463
233,0.55668837,0.27581248,0.38113734,0.25369558,0.17555103,0.0221169
234,-0.016229153,0.14702722,0.017167088,0.006559164,-0.03339624,0.14046806
235,0.7809345,0.44694784,0.59733504,0.4031731,0.18359947,0.043774754
236,0.780137,0.54939556,0.72408354,0.51281387,0.05605346,0.036581695
237,0.05001314,0.020831315,0.046475902,0.030275725,0.0035372376,-0.00944441
238,0.6341858,0.3142534,0.46720466,0.3338105,0.16698113,-0.019557118
239,0.37466022,0.26369604,0.33547854,0.2448723,0.03918168,0.018823743
240,0.095089994,0.086270995,0.0934362,0.061536793,0.0016537979,0.024734203
241,0.02008928,0.18437997,0.006310465,0.0017657449,0.013778815,0.18261422
242,0.0280653,0.044230815,0.0098041855,0.009907704,0.018261114,0.03432311
243,0.791965,0.53189445,0.70716375,0.51532036,0.08480126,0.016574085
244,0.065071434,-0.008434337,0.06840196,0.043972235,-0.0033305287,-0.05240657
245,-0.0062693306,-0.017361153,0.014514554,0.010117254,-0.020783884,-0.027478408
246,-0.020974316,0.0062756473,0.010346689,0.006429291,-0.031321004,-0.00015364354
247,0.10075361,0.0758005,0.09357046,0.07117606,0.0071831495,0.0046244413
248,0.07990097,0.031107042,0.06788407,0.04359499,0.0120169,-0.012487948
249,1.0198383,0.5422843,0.9108255,0.5673923,0.10901284,-0.02510798
250,0.7737564,0.2529439,0.34585762,0.28454912,0.42789876,-0.031605214
251,0.3870635,0.24460249,0.30793372,0.223568,0.079129785,0.02103448
252,0.06436217,-0.005776856,0.060149733,0.037817396,0.0042124353,-0.043594252
253,0.08594556,0.15053856,0.09891284,0.07493376,-0.012967281,0.075604804
254,0.67231214,0.31365603,0.47526705,0.34478858,0.19704509,-0.031132549
255,0.90550596,0.55359256,0.8061221,0.52436966,0.09938383,0.029222906
256,0.7068896,0.40469256,0.55121154,0.37720907,0.1556781,0.027483493
257,-0.0035777767,-0.052999273,0.034288026,0.020925175,-0.037865803,-0.07392445
258,0.66238874,0.378466,0.5804318,0.41873968,0.08195692,-0.040273666
259,0.03989328,0.031409528,0.07217116,0.03882452,-0.03227788,-0.007414993
260,0.9416187,0.61395204,0.76393104,0.5522925,0.17768764,0.061659515
261,0.18325277,0.14289166,0.16779009,0.13321975,0.015462682,0.009671912
262,0.091610804,0.06376662,0.06825244,0.049981233,0.023358367,0.013785388
263,0.64175075,0.42060983,0.5429638,0.38390434,0.09878695,0.036705494
264,0.526222,0.3471924,0.4603473,0.3219594,0.065874696,0.025233
265,0.28320307,0.24015655,0.21141997,0.15622106,0.071783096,0.083935484
266,0.08406679,-0.0030272568,0.057038054,0.03519126,0.02702874,-0.038218517
267,-0.004859694,0.122753195,0.0065956176,0.007478018,-0.011455311,0.115275174
268,0.6631969,0.37116668,0.49024224,0.34838325,0.17295468,0.022783428
269,0.054879613,0.04432309,0.041764397,0.025944361,0.013115216,0.018378729
270,0.029355662,0.042638026,0.033196423,0.02630445,-0.0038407613,0.016333576
271,0.97875893,0.6591533,0.8678401,0.61260664,0.11091882,0.046546638
272,0.054435987,0.06387941,0.05670381,0.0473743,-0.0022678226,0.016505107
273,0.6159915,0.41384614,0.5454214,0.38873234,0.07057005,0.025113791
274,1.0237585,0.75915325,0.9520327,0.68863326,0.071725845,0.070519984
275,0.80526805,0.48027188,0.70216525,0.47611633,0.1031028,0.0041555464
276,0.6322084,0.3653643,0.5037693,0.34741378,0.12843913,0.017950535
277,0.63720006,0.29822284,0.4560506,0.26690447,0.18114945,0.031318367
278,0.71572256,0.42003304,0.6030952,0.42815927,0.11262739,-0.008126229
279,0.071669996,0.049954735,0.044761132,0.034573216,0.026908863,0.015381519
280,1.0240446,0.6768282,0.8977888,0.653798,0.12625581,0.023030221
281,0.07633934,0.05162715,0.058478903,0.04320959,0.017860439,0.008417562
282,0.030997703,0.031312864,0.02597972,0.0130722,0.005017983,0.018240664
283,0.034597307,-0.023180136,0.0366226,0.018960005,-0.0020252913,-0.04214014
284,0.017270237,0.025621634,0.026011448,0.019844389,-0.008741211,0.0057772454
285,0.74793494,0.45727336,0.5224606,0.39395687,0.22547436,0.063316494
286,0.04327958,-0.009031329,0.04098095,0.020609623,0.0022986308,-0.029640952
287,0.30429608,0.21443868,0.2841956,0.18275833,0.020100474,0.031680346
288,0.07799774,-0.0017955243,0.07502546,0.045438476,0.002972275,-0.047234
289,0.039476514,0.023660075,0.029666422,0.01931084,0.009810092,0.0043492354
290,0.039336573,0.055502065,0.042663015,0.026162384,-0.003326442,0.02933968
291,0.42545068,0.22490604,0.3122568,0.22461249,0.11319387,0.00029355288
292,0.030213237,0.04046675,0.028535318,0.0190961,0.0016779192,0.021370647
293,0.6955902,0.44774464,0.57230645,0.42005026,0.123283744,0.027694374
294,0.02398877,0.061967533,0.03063874,0.021570155,-0.006649969,0.040397376
295,0.0123480875,-0.050123215,0.019911896,0.007454715,-0.007563809,-0.05757793
296,0.061858445,0.042609297,0.03795014,0.02768973,0.023908306,0.014919566
297,0.018966587,-0.01357458,0.03376831,0.02180646,-0.014801724,-0.03538104
298,0.07618046,0.033845633,0.07555806,0.041545562,0.00062239915,-0.007699929
299,0.5638068,0.37571532,0.5044102,0.3808831,0.059396565,-0.0051677823
300,0.59484833,0.3487108,0.48867488,0.3742248,0.106173456,-0.025514007
301,0.071303636,0.053955246,0.06640983,0.051303778,0.0048938096,0.002651468
302,0.08383152,0.085309505,0.07292081,0.058014285,0.010910712,0.02729522
303,0.05205685,0.029575773,0.04291276,0.025329456,0.00914409,0.004246317
304,0.0734683,0.10597718,0.08274858,0.04666838,-0.009280279,0.059308797
305,0.03560501,0.027170837,0.036692187,0.023297478,-0.0010871775,0.0038733594
306,0.023584954,-0.0155658685,0.021691248,0.012774007,0.0018937066,-0.028339876
307,0.0021568881,0.19464023,0.016727803,0.014017098,-0.014570915,0.18062314
308,0.84734076,0.6360864,0.73904115,0.55999815,0.10829961,0.07608825
309,0.7476154,0.47858137,0.6010228,0.46260193,0.14659262,0.015979439
310,0.89927137,0.5171776,0.7776244,0.5609203,0.12164694,-0.043742716
311,0.0065818755,0.075799726,0.012788278,0.0109283235,-0.0062064026,0.0648714
312,1.0116947,0.67733586,0.9965055,0.7342545,0.015189171,-0.05691862
313,0.79806095,0.50960076,0.70497566,0.4749447,0.09308529,0.034656048
314,0.0064378544,-0.005439123,0.014729494,0.0077355956,-0.008291639,-0.013174718
315,0.13084172,0.124033235,0.121376686,0.09562068,0.009465031,0.028412558
316,0.51627624,0.27710995,0.4238304,0.28383502,0.09244585,-0.006725073
317,0.03156185,0.04956491,0.028076865,0.019946389,0.0034849867,0.02961852
318,0.013337697,-0.032637727,0.018589744,0.008034449,-0.0052520474,-0.040672176
319,0.26629528,0.16116165,0.23511578,0.15190765,0.031179503,0.009253994
320,0.751165,0.4751291,0.68952286,0.47926545,0.06164211,-0.0041363537
321,1.043535,0.6005485,0.82848704,0.59951067,0.21504796,0.0010378361
322,0.6613258,0.28531384,0.4191816,0.30926493,0.24214423,-0.023951083
323,-7.558854e-05,0.025830725,0.009121001,0.009138369,-0.00919659,0.016692355
324,0.77147377,0.45373544,0.63982564,0.46560386,0.13164812,-0.011868417
325,0.06112257,0.046739753,0.039390355,0.028812896,0.021732215,0.017926857
326,0.09131526,0.17733943,0.08766886,0.06730532,0.0036464036,0.110034116
327,0.021638928,0.045558836,0.01755573,0.0128958365,0.0040831976,0.032663
328,0.8632932,0.56789875,0.784613,0.56131166,0.07868016,0.006587088
329,0.021484934,0.014691686,0.013002312,0.008395289,0.008482622,0.006296397
330,0.026714351,0.10719795,0.043838557,0.035463773,-0.017124206,0.071734175
331,0.08353148,0.024853893,0.0649546,0.040342588,0.018576875,-0.015488695
332,0.012928219,-0.057105172,0.016600257,0.005706368,-0.0036720382,-0.06281154
333,0.16198374,0.15127218,0.13886549,0.09093465,0.023118258,0.06033753
334,0.086139746,0.047019213,0.052273598,0.03461171,0.03386615,0.012407504
335,0.019187149,0.13914062,0.024165533,0.014863781,-0.004978385,0.12427684
336,0.638295,0.38744658,0.5566294,0.37447205,0.081665576,0.01297453
337,0.8042273,0.3939279,0.59535855,0.38154837,0.20886874,0.012379527
338,0.015982393,-0.0009603119,0.017293226,0.010948393,-0.0013108328,-0.011908704
339,0.09910845,0.14573963,0.10255943,0.07696099,-0.0034509823,0.06877864
340,0.018314946,0.01549291,0.017085176,0.009484184,0.0012297705,0.0060087256
341,1.4765311,0.82900524,1.214024,0.849408,0.2625072,-0.02040273
342,0.84032524,0.36051336,0.6612549,0.38919133,0.17907035,-0.02867797
343,0.73962307,0.3130629,0.4693876,0.33991355,0.27023548,-0.02685064
344,0.09139028,0.06650679,0.068151824,0.047308337,0.023238458,0.019198451
345,0.67418784,0.39618066,0.5086235,0.3515317,0.16556436,0.044648945
346,0.9505436,0.65112305,0.8505684,0.61722416,0.09997517,0.03389889
347,0.20507558,0.17039014,0.19628125,0.1397148,0.008794323,0.030675337
348,0.9419056,0.35064885,0.52797586,0.36869374,0.41392976,-0.018044889
349,-0.0067663826,0.2042767,0.010016032,0.011546419,-0.016782414,0.19273028
350,1.1584373,0.92252165,1.1160908,0.8918326,0.042346478,0.03068906
351,0.71611696,0.35910428,0.50828445,0.3417011,0.20783252,0.017403185
352,-0.01229329,-0.031081913,0.009309232,0.004107173,-0.021602523,-0.035189085
353,0.06816955,0.04210775,0.06025401,0.03664302,0.007915538,0.005464729
354,0.022600329,0.045247447,0.015738714,0.01722076,0.006861614,0.028026687
355,0.14744179,0.10989991,0.12360621,0.09743628,0.023835577,0.012463629
356,0.9453856,0.6089439,0.77276254,0.53895926,0.17262304,0.069984615
357,0.011758852,0.11139402,0.016503645,0.012115888,-0.0047447933,0.09927813
358,0.8662407,0.51225007,0.7334682,0.47527298,0.1327725,0.036977082
359,0.3438437,0.31486392,0.331791,0.25445578,0.012052685,0.060408145
360,0.023521243,0.16685323,0.02706716,0.014244909,-0.0035459176,0.15260832
361,0.08966481,0.098047644,0.08577073,0.059166774,0.0038940758,0.03888087
362,0.91682005,0.5169554,0.7016365,0.50955224,0.21518356,0.0074031353
363,0.48299992,0.3284397,0.40449733,0.2835628,0.078502595,0.044876903
364,1.3797017,0.8517586,1.2812128,0.877003,0.09848893,-0.025244415
365,-0.010955797,0.0073263207,0.015949134,0.009138794,-0.02690493,-0.0018124729
366,0.023216082,0.013349086,0.015948737,0.011477589,0.0072673447,0.0018714974
367,1.171516,0.45012102,0.5077765,0.36513507,0.66373944,0.08498594
368,1.0555276,0.6062189,0.9060118,0.5913567,0.14951575,0.01486218
369,0.09734137,0.06670507,0.07359242,0.051288247,0.023748957,0.015416823
370,0.0423504,0.08200903,0.041799948,0.03123327,0.0005504526,0.050775763
371,0.6294117,0.3163214,0.47273946,0.3253656,0.15667224,-0.0090442
372,-0.009076404,0.117912725,0.022027206,0.011278188,-0.031103611,0.106634535
373,0.061962068,0.04781609,0.050506473,0.04207618,0.0114555955,0.0057399087
374,0.020795409,0.14844663,0.059693564,0.040646438,-0.038898155,0.1078002
375,0.046452057,0.03461105,0.028156724,0.021343194,0.018295333,0.013267856
376,0.032550443,0.12713414,0.027889509,0.020630684,0.004660934,0.10650346
377,-0.0031048732,0.0014714899,0.00852278,0.0012538049,-0.011627653,0.00021768501
378,0.547882,0.2953739,0.41575918,0.28447035,0.13212284,0.010903537
379,0.10903555,0.09107077,0.091495946,0.07220228,0.017539605,0.018868491
380,0.08271106,0.087057926,0.058938984,0.043527044,0.02377208,0.04353088
381,0.97578084,0.6437433,0.88340247,0.6207115,0.09237838,0.023031771
382,0.03634425,0.039863728,0.02194324,0.018748144,0.014401009,0.021115584
383,0.68740803,0.32542565,0.4510749,0.31278107,0.23633313,0.012644589
384,0.07778525,0.07430445,0.050353833,0.038937256,0.027431421,0.03536719
385,0.80682784,0.46350026,0.7195701,0.4780786,0.08725774,-0.014578342
386,0.035173733,0.029662358,0.026883107,0.018350404,0.008290626,0.011311954
387,0.026597835,0.10024708,0.03717691,0.025007632,-0.010579076,0.07523945
388,-0.0036131283,-0.013525491,0.002872148,0.0018692646,-0.0064852764,-0.015394756
389,0.10461285,0.024053007,0.09884886,0.07285785,0.0057639927,-0.048804842
390,0.046181884,0.1504288,0.03498255,0.026861733,0.011199333,0.12356707
391,0.8214675,0.41782656,0.6487009,0.45051154,0.17276663,-0.03268498
392,0.002413365,0.22626728,0.035020396,0.025092984,-0.03260703,0.20117429
393,0.6288505,0.36113945,0.5673178,0.4027258,0.061532736,-0.04158634
394,0.06219366,0.07812877,0.06045069,0.04647314,0.0017429665,0.03165563
395,0.032080024,0.03324357,0.028662672,0.020750273,0.0034173522,0.012493297
396,0.84651595,0.4418845,0.6735881,0.44401363,0.17292786,-0.0021291375
397,0.026317568,0.106631786,0.04182526,0.03393235,-0.0155076925,0.072699435
398,0.04296464,0.04967828,0.044451628,0.029457249,-0.0014869869,0.020221032
399,0.9427963,0.50171214,0.58209944,0.41904026,0.36069685,0.08267188
400,0.021822782,-0.013220427,0.033927064,0.018043747,-0.012104282,-0.031264175
401,1.0078567,0.60673994,0.92203474,0.6076912,0.085821986,-0.00095129013
402,1.3536009,0.9862826,1.2348566,0.9107135,0.118744254,0.07556909
403,0.009639719,0.15248932,0.016660951,0.012921507,-0.0070212325,0.1395678
404,0.07587058,0.073492475,0.06601762,0.044980522,0.009852961,0.028511953
405,0.0807152,0.069141574,0.075542994,0.049237818,0.005172208,0.019903757
406,0.32159072,0.22285707,0.29916522,0.22199932,0.022425503,0.00085775554
407,-0.0018393183,0.14630665,0.0068136114,0.007118129,-0.008652929,0.13918851
408,0.042389948,-0.019858832,0.01691018,0.014750124,0.025479767,-0.034608956
409,0.03075271,-0.018650224,0.04129108,0.023417464,-0.010538371,-0.042067688
410,0.20951745,0.12694936,0.16722913,0.11372865,0.04228832,0.013220705
411,0.04742719,0.033789515,0.030038662,0.016498802,0.017388526,0.017290713
412,0.0138419885,0.1046371,0.030168451,0.013831219,-0.016326463,0.09080588
413,0.07322482,0.049521673,0.05431281,0.037491735,0.01891201,0.012029938
414,0.6875387,0.25416818,0.40570667,0.2904069,0.281832,-0.03623873
415,0.031128965,0.006458241,0.04059889,0.024383176,-0.009469926,-0.017924935
416,1.3975334,0.8902449,1.2685093,0.8887187,0.12902415,0.0015261769
417,0.05513948,0.11776156,0.0715611,0.04420493,-0.01642162,0.07355663
418,0.8732183,0.31685084,0.55568784,0.4088887,0.31753045,-0.09203786
419,0.062586114,0.064624116,0.07949077,0.060626388,-0.01690466,0.003997728
420,0.26622298,0.20741172,0.24426204,0.17753202,0.021960944,0.029879704
421,-0.032021698,0.12169191,0.013511955,0.006456079,-0.045533653,0.115235835
422,0.83922225,0.5229134,0.75314766,0.5064545,0.08607459,0.016458869
423,0.23812452,0.21849921,0.23183334,0.17499311,0.006291181,0.0435061
424,0.01688378,0.037592027,0.0030906566,0.004877438,0.013793123,0.03271459
425,0.05409663,0.059470657,0.05136549,0.042877316,0.0027311407,0.01659334
426,0.7041799,0.4546323,0.6033249,0.4199636,0.10085499,0.034668714
427,0.025534935,0.046921857,0.022113545,0.017780794,0.0034213904,0.029141063
428,0.5858847,0.3750228,0.50815207,0.37616643,0.07773262,-0.0011436343
429,-0.00016596341,0.077910334,0.011330403,0.005468859,-0.011496367,0.07244147
430,0.64091367,0.41327903,0.5626658,0.39778924,0.078247845,0.015489787
431,0.012334549,-0.052759584,0.020245269,0.007630226,-0.00791072,-0.06038981
432,0.026374942,0.043491676,0.020768862,0.012745243,0.0056060795,0.030746434
433,0.010515006,-0.0029999502,0.013319057,0.0073338216,-0.0028040512,-0.010333772
434,0.87455446,0.44384864,0.6124558,0.46614167,0.26209867,-0.022293031
435,0.76374805,0.39249203,0.62225115,0.42267787,0.1414969,-0.030185848
436,0.053712804,0.04233037,0.054626327,0.044895448,-0.00091352314,-0.0025650784
437,-0.036285866,0.11474532,0.007183526,0.0046001473,-0.04346939,0.110145174
438,0.046627127,0.12616996,0.054242145,0.041022204,-0.0076150186,0.08514776
439,0.89532846,0.5627308,0.80560005,0.5778587,0.089728415,-0.015127897
440,0.11124398,0.070313394,0.08771415,0.054183498,0.023529828,0.016129896
441,-0.015809668,-0.0033973865,0.013308071,0.0045925104,-0.029117739,-0.007989896
442,0.036139052,0.014948975,0.012541204,0.008799441,0.023597848,0.006149534
443,0.014993477,-0.0400775,0.012917974,0.003220231,0.0020755026,-0.04329773
444,0.037801612,0.021464197,0.01782319,0.006989597,0.019978423,0.014474601
445,0.029851206,0.030512463,0.020032225,0.019076575,0.0098189805,0.011435889
446,0.061621048,0.049721126,0.04885326,0.037040077,0.012767788,0.012681048
447,0.78086066,0.5045371,0.5822391,0.45008227,0.19862157,0.054454833
448,0.6153334,0.3920104,0.46095172,0.33627686,0.15438166,0.05573353
449,0.7983014,0.5426652,0.6630984,0.46022388,0.135203,0.0824413
450,0.6444496,0.37058896,0.51937467,0.32819098,0.12507492,0.042397976
451,1.0968801,0.48490816,0.6631107,0.49355346,0.4337694,-0.008645296
452,0.019710515,-0.009640697,0.0207451,0.013703044,-0.0010345858,-0.023343742
453,0.51865476,0.23888296,0.41415104,0.27550572,0.10450372,-0.036622763
454,0.051802173,-0.0040000253,0.040579576,0.021146411,0.011222597,-0.025146436
455,0.8199672,0.32256326,0.4163209,0.29548267,0.40364632,0.027080595
456,0.7655473,0.4642308,0.6895131,0.5144301,0.07603419,-0.0501993
457,0.039079193,0.05700064,0.03520742,0.028917355,0.0038717724,0.028083285
458,1.1760546,0.7208605,0.6849758,0.426668,0.4910788,0.2941925
459,0.08798603,0.02004695,0.06869754,0.049645793,0.019288488,-0.029598843
460,0.84440005,0.5557915,0.7373671,0.48423344,0.107032955,0.07155806
461,0.048545524,0.027361352,0.070562355,0.045697585,-0.02201683,-0.018336233
462,0.054167323,-0.013501844,0.0516928,0.038389143,0.002474524,-0.051890988
463,0.01836978,-0.030264484,0.033801153,0.015529561,-0.015431372,-0.045794044
464,1.0443993,0.4663615,0.4604654,0.3149851,0.58393383,0.1513764
465,0.55389524,0.31796983,0.4838896,0.3396746,0.070005625,-0.021704763
466,0.04945737,0.09825755,0.020696666,0.019958163,0.028760705,0.07829939
467,-0.03615473,0.11503615,0.008443682,0.0025112892,-0.04459841,0.11252486
468,0.052502744,0.03071622,0.0397122,0.029818252,0.012790542,0.0008979682
469,0.06293105,0.043241177,0.045730595,0.03419566,0.017200459,0.009045515
470,0.022454798,0.017778018,0.01709424,0.010128676,0.0053605586,0.0076493425
471,0.07130162,0.05496367,0.051757824,0.035895895,0.019543793,0.019067775
472,2.0359576,0.07552448,0.4992589,0.1705287,1.5366987,-0.095004216
473,0.94782096,0.54757553,0.7331037,0.55126166,0.21471727,-0.00368613
474,0.059928942,0.03864886,0.044820137,0.035010554,0.015108805,0.0036383048
475,0.044373184,0.06328443,0.0394307,0.029358413,0.004942484,0.033926014
476,0.8160814,0.31887713,0.5319202,0.39711544,0.2841612,-0.07823831
477,0.016920228,-0.043695003,0.0074464893,0.0016377863,0.009473738,-0.04533279
478,-0.021341693,0.15102778,0.034506246,0.017315697,-0.05584794,0.13371208
479,0.9952249,0.63236576,0.86629784,0.640626,0.12892705,-0.00826025
480,0.06565627,0.066808894,0.06106038,0.04820483,0.004595887,0.018604062
481,0.04003365,-0.01675783,0.05336215,0.03293871,-0.0133285,-0.049696542
482,-0.011530659,0.23035444,0.051439513,0.03712223,-0.06297017,0.19323221
483,-0.008116762,0.1333854,0.031714518,0.021928897,-0.03983128,0.111456506
484,0.029707618,-0.0068975147,0.026548803,0.01471867,0.0031588152,-0.021616185
485,0.7180102,0.38260713,0.39694652,0.26441535,0.32106367,0.11819178
486,0.003747214,-0.04142675,0.019141031,0.008122139,-0.015393818,-0.04954889
487,0.34067315,0.2711885,0.2635864,0.17792675,0.07708675,0.09326175
488,0.062398523,-0.0041084653,0.054092832,0.034976475,0.008305691,-0.03908494
489,1.0738823,0.21709,0.71661997,0.38213646,0.35726237,-0.16504647
490,0.764194,0.49391118,0.6129085,0.44485772,0.15128553,0.04905346
491,0.5186745,0.2564475,0.36951432,0.2690962,0.14916018,-0.012648702
492,0.85718375,0.39309707,0.6047773,0.44212955,0.25240648,-0.04903248
493,0.7412291,0.4404234,0.65145224,0.44311875,0.08977687,-0.0026953518
494,0.13333163,0.08577492,0.11563025,0.08240548,0.01770138,0.0033694431
495,0.485903,0.2650111,0.3604389,0.25736606,0.12546408,0.0076450408
496,0.0030802144,0.0010935853,0.011698436,0.009037326,-0.008618222,-0.007943741
497,0.051555667,-0.011735922,0.06471798,0.03786269,-0.013162311,-0.049598612
498,0.016838508,0.11424972,0.016106488,0.013784157,0.00073201954,0.100465566
499,0.056511723,0.038298413,0.05090492,0.02841882,0.005606804,0.009879593
500,0.6538573,0.40725562,0.5410656,0.3971098,0.11279172,0.010145813
501,0.86895436,0.5834913,0.74328965,0.57174814,0.12566471,0.011743188
502,0.07988512,0.06724224,0.063681185,0.045860995,0.016203932,0.021381248
503,0.080396794,0.16673619,0.044479698,0.03269541,0.035917096,0.13404077
504,0.038747568,0.035741,0.020479,0.02262336,0.018268568,0.013117641
505,1.1708348,0.65953964,1.0734764,0.6663548,0.097358346,-0.0068151355
506,1.3898704,1.0418886,1.3439195,1.0786115,0.04595089,-0.0367229
507,0.04420328,0.01858762,0.035231374,0.024274297,0.008971907,-0.005686676
508,0.020013962,0.11102093,0.047270134,0.033505548,-0.027256172,0.07751538
509,1.519506,0.6177958,1.1108338,0.7347527,0.4086722,-0.11695689
510,0.49049667,0.2766314,0.32282984,0.23406893,0.16766682,0.042562485
511,0.035307355,0.06295083,0.050751857,0.028801236,-0.015444502,0.03414959
512,0.05548164,0.044161633,0.047125712,0.03627962,0.008355927,0.007882014
513,0.054174013,0.08794437,0.05960551,0.045479245,-0.0054314956,0.042465128
514,0.8958654,0.5896743,0.7515262,0.537838,0.1443392,0.05183631
515,0.05755209,0.14158793,0.049172703,0.04061367,0.008379389,0.10097426
516,0.014321701,-0.035226293,0.020375138,0.010084063,-0.0060534375,-0.045310356
517,-0.032132365,0.12163944,0.015542112,0.005950215,-0.047674477,0.115689225
518,0.058831587,0.0663386,0.049755163,0.03903588,0.009076424,0.02730272
519,0.8600256,0.23415451,0.29893222,0.22575714,0.56109333,0.008397371
520,0.48879227,0.305259,0.38435742,0.27722535,0.10443485,0.028033644
521,0.013702028,0.010209446,0.005384149,0.0033674762,0.008317879,0.0068419697
522,0.016258346,0.11503914,0.033887133,0.023973437,-0.017628787,0.091065705
523,0.07803356,0.056588866,0.056859344,0.04364548,0.021174215,0.012943387
524,0.04221063,0.03706086,0.03255869,0.025442833,0.00965194,0.011618027
525,0.6516423,0.38766524,0.541236,0.39683148,0.11040634,-0.009166241
526,0.057662457,-0.04677255,0.030804584,0.023338614,0.026857873,-0.07011116
527,0.8850415,0.6085142,0.827565,0.5944606,0.05747646,0.014053583
528,0.005580158,0.0040512825,0.006183252,0.0067359107,-0.00060309423,-0.0026846281
529,0.0069600223,0.02816532,0.0060488875,0.0077128597,0.00091113476,0.02045246
530,1.0230141,0.57518965,0.81894815,0.6102108,0.20406592,-0.035021126
531,0.043793377,-0.0075990786,0.03651031,0.023094065,0.0072830655,-0.030693144
532,0.4894103,0.29550096,0.4357537,0.30007482,0.053656608,-0.004573852
533,0.019227339,0.014701074,0.034201134,0.026182797,-0.014973795,-0.011481723
534,0.1751441,0.12336298,0.1674346,0.101972364,0.007709503,0.021390617
535,0.033171553,-0.033819716,0.040559527,0.024109995,-0.0073879734,-0.05792971
536,-0.018151533,0.022859856,0.010077213,0.009124636,-0.028228745,0.013735221
537,1.689597e-05,0.21852055,0.03599879,0.024034472,-0.035981897,0.19448608
538,0.73569113,0.36587217,0.567833,0.399259,0.16785812,-0.033386827
539,0.04448872,-0.010366825,0.023321424,0.014028129,0.021167297,-0.024394955
540,0.014998225,0.0052188626,0.013383503,0.010904884,0.0016147215,-0.0056860214
541,0.1009001,0.04780888,0.07783694,0.042102393,0.02306316,0.005706489
542,0.035955787,-0.007499696,0.027576046,0.022671385,0.008379741,-0.030171081
543,0.08460907,0.045682747,0.07301592,0.0431638,0.011593148,0.0025189482
544,0.034751605,-0.05516539,0.040692393,0.020937415,-0.0059407875,-0.07610281
545,0.08699395,0.15670592,0.07797267,0.05319759,0.009021275,0.10350832
546,0.07003958,0.079272956,0.06437802,0.042871412,0.0056615546,0.036401544
547,0.028450102,0.04773323,0.017051827,0.016151143,0.011398274,0.031582087
548,0.76196533,0.3463742,0.6256055,0.380462,0.13635981,-0.034087777
549,1.2153796,0.64523715,1.0431237,0.716228,0.17225587,-0.07099086
550,0.87541175,0.5595451,0.7594826,0.5299884,0.11592913,0.029556692
551,0.051931884,0.0001723386,0.049492206,0.03178502,0.0024396777,-0.03161268
552,-0.030924318,0.117425546,0.012834698,0.0055525815,-0.04375902,0.11187296
553,0.078683384,-0.0061366856,0.076595634,0.050512753,0.0020877495,-0.05664944
554,0.028042419,0.019632172,0.009635092,0.009041045,0.018407326,0.010591127
555,0.97478914,0.57180214,0.73697805,0.5181939,0.23781109,0.05360824
556,-0.013039429,-0.03397532,0.011815562,0.0068100374,-0.024854992,-0.040785357
557,0.8205574,0.48562163,0.65228295,0.49325708,0.16827446,-0.0076354444
558,0.43569922,0.33329546,0.40701324,0.29697832,0.028685987,0.03631714
559,0.062072832,0.13491835,0.052916102,0.034699414,0.00915673,0.10021894
560,0.042977255,0.13585746,0.037071764,0.030053915,0.0059054904,0.10580355
561,0.076917775,0.08650746,0.07894352,0.057761315,-0.0020257458,0.028746147
562,0.025765533,-0.05842049,0.025552206,0.010148955,0.00021332689,-0.068569444
563,0.047651272,0.028230116,0.03340455,0.025886282,0.014246721,0.0023438334
564,0.083733365,0.035391547,0.07666195,0.047173213,0.007071413,-0.011781666
565,0.42068774,0.1725373,0.27421045,0.1941228,0.14647728,-0.02158551
566,0.75525117,0.48085704,0.68630236,0.4921014,0.068948805,-0.011244357
567,0.011913529,-0.012259731,0.01428565,0.006569564,-0.0023721214,-0.018829295
568,0.9361334,0.4794937,0.74130094,0.55047524,0.19483244,-0.07098153
569,0.010577624,0.046871793,0.009914299,0.007304452,0.0006633252,0.03956734
570,0.61403334,0.3990192,0.55161583,0.3728477,0.062417507,0.026171505
571,0.31234157,0.23454663,0.26793307,0.17052993,0.0444085,0.0640167
572,0.05324485,0.049384233,0.0496868,0.035262797,0.0035580508,0.014121436
573,0.076834805,0.047287248,0.06256301,0.03292141,0.014271796,0.014365837
574,-0.022226883,0.11050958,0.014676362,0.0068646246,-0.036903247,0.10364496
575,0.7809053,0.33352673,0.58896595,0.35216412,0.19193935,-0.018637389
576,0.47773656,0.2386701,0.31452838,0.22995126,0.16320819,0.008718833
577,0.08856038,0.06867173,0.0785537,0.055334564,0.010006681,0.013337169
578,0.10387658,0.037961986,0.083957404,0.05745019,0.01991918,-0.019488204
579,1.4621924,0.8328937,1.362906,0.7765449,0.09928644,0.0563488
580,-0.011839229,0.11300352,0.01954165,0.007490158,-0.031380877,0.105513364
581,-0.016277744,0.029883597,0.0125072,0.008227773,-0.028784944,0.021655824
582,0.58050907,0.24766158,0.37548688,0.2643694,0.20502219,-0.016707823
583,0.59392226,0.2885068,0.39137992,0.25674823,0.20254233,0.031758577
584,0.040489472,0.0152765205,0.032349676,0.0270836,0.008139797,-0.011807079
585,-0.043141022,0.14632764,0.008809731,0.0014214,-0.051950753,0.14490624
586,0.6880094,0.4096932,0.62373185,0.40640873,0.06427753,0.0032844841
587,0.24474563,0.16377705,0.23573257,0.16610536,0.009013057,-0.0023283064
588,0.021565309,0.025229955,0.017505456,0.0148668755,0.004059853,0.01036308
589,0.039951764,0.027261771,0.014943991,0.010457225,0.025007773,0.016804546
590,0.5564909,0.31241286,0.4260342,0.303977,0.13045669,0.008435845
591,0.14301118,0.114152014,0.11971548,0.08667962,0.0232957,0.027472392
592,1.2102739,0.7790377,1.0482792,0.69013596,0.1619947,0.08890176
593,0.25525194,0.2084342,0.24042074,0.16100395,0.0148312,0.047430247
594,0.043306343,0.02004591,0.046988726,0.029364686,-0.0036823824,-0.009318776
595,0.023188643,0.048998907,0.024647355,0.0183667,-0.0014587119,0.030632207
596,0.04680227,0.14183669,0.041543737,0.030305682,0.005258534,0.111531004
597,0.025894374,0.018475913,0.022723358,0.014743857,0.0031710155,0.0037320554
598,0.74663574,0.33758193,0.55831736,0.32769445,0.18831837,0.009887487
599,0.017362855,0.11077132,0.017263805,0.013178386,9.904988e-05,0.097592935
600,0.017283898,0.11233385,0.038024954,0.01822524,-0.020741057,0.09410861
601,-0.004985354,0.12428477,0.0041856463,0.0053140325,-0.009171,0.11897074
602,0.029189695,0.03169415,0.013894516,0.009640603,0.015295179,0.022053547
603,0.17861392,0.050297894,0.1511107,0.08508321,0.027503222,-0.034785315
604,0.06440527,0.053011928,0.04760175,0.031369768,0.016803522,0.02164216
605,0.8383443,0.54967046,0.67800677,0.49712068,0.16033751,0.05254978
606,1.0828357,0.3942587,0.5180504,0.388902,0.5647853,0.005356699
607,-0.028502787,0.1136919,0.011438894,0.0045964634,-0.03994168,0.10909544
608,0.01832334,-0.015836095,0.031407688,0.012303437,-0.013084348,-0.028139532
609,0.13318466,0.08537461,0.10792027,0.08571551,0.02526439,-0.00034090132
610,0.06147342,0.04185834,0.058764804,0.040056143,0.0027086176,0.0018021986
611,0.69514555,0.3848405,0.5434599,0.42077938,0.15168566,-0.03593889
612,0.06272951,0.043721642,0.04036393,0.029363181,0.022365578,0.014358461
613,0.06131814,0.058900837,0.051888272,0.03524934,0.009429868,0.023651496
614,0.065917455,0.15411338,0.05943307,0.041185595,0.0064843856,0.11292779
615,0.02864037,0.051543392,0.020728488,0.016739529,0.007911883,0.034803864
616,1.0840055,0.7037765,0.9935433,0.7101065,0.09046215,-0.0063300133
617,0.010146287,-0.019343419,0.01668158,0.013404034,-0.0065352926,-0.032747455
618,1.312789,0.6756228,1.0731463,0.58754843,0.23964262,0.088074386
619,0.046601966,-0.01882287,0.03847929,0.020294575,0.008122675,-0.039117444
620,0.9991153,0.36037976,0.47854203,0.31931695,0.52057326,0.041062802
621,0.023276556,-0.03452067,0.018448964,0.00922922,0.0048275925,-0.04374989
622,0.0941304,0.048891447,0.073160656,0.04998736,0.020969741,-0.0010959134
623,0.87411284,0.31250575,0.35602227,0.22896984,0.5180906,0.08353591
624,0.047502194,0.033102613,0.02692982,0.017283604,0.020572374,0.01581901
625,0.97360706,0.6085916,0.8763583,0.6304976,0.09724879,-0.021905959
626,0.020226693,-0.0047572847,0.032216538,0.021042017,-0.011989845,-0.025799302
627,0.012503999,0.01247383,0.028571747,0.018655779,-0.016067747,-0.006181949
628,1.4276382,0.83789957,1.2821742,0.8287424,0.14546394,0.009157181
629,0.6372397,0.36634272,0.5357783,0.38162574,0.10146141,-0.015283018
630,0.5857004,0.35827816,0.48220038,0.34918272,0.10350001,0.00909543
631,0.043489534,-0.014300877,0.032633316,0.015108738,0.010856219,-0.029409615
632,0.049967624,6.130873e-05,0.012052786,0.0036516285,0.03791484,-0.0035903198
633,0.03462188,0.012713532,0.018168557,0.016363133,0.016453322,-0.0036496008
634,1.0837673,0.61911917,0.83849216,0.62331045,0.24527514,-0.0041912794
635,-0.0236544,0.117774114,0.011929549,0.003073056,-0.03558395,0.114701055
636,0.1347869,0.10655167,0.113994725,0.08293972,0.020792179,0.023611948
637,0.058401164,-0.0023855509,0.0484172,0.029270861,0.009983964,-0.03165641
638,0.5750932,0.3120099,0.5044133,0.3498031,0.0706799,-0.03779319
639,1.6849147,0.0051936596,0.2892206,0.25493866,1.3956941,-0.249745
640,0.078900956,0.08971353,0.08155533,0.049981292,-0.0026543736,0.039732236
641,0.057433244,0.024972517,0.06227725,0.038632046,-0.004844006,-0.013659529
642,-0.03995191,0.1298281,0.004378272,0.0013898499,-0.04433018,0.12843825
643,0.0062134955,-0.037616003,0.011449869,0.0063642818,-0.0052363733,-0.043980286
644,0.77494043,0.46809867,0.58265424,0.43376672,0.1922862,0.034331948
645,0.008127935,-0.007961021,0.0142042525,0.0048039774,-0.0060763173,-0.012764998
646,0.0077752927,0.15216742,0.014063629,0.011601034,-0.0062883366,0.1405664
647,0.053079423,0.04426033,0.033065043,0.021226417,0.02001438,0.023033913
648,0.010445435,-0.018819692,0.009208461,0.008949373,0.0012369733,-0.027769065
649,0.123113096,0.040942006,0.11694899,0.07247101,0.0061641037,-0.031529002
650,0.004156545,-0.05977885,0.012516243,0.0043528955,-0.008359699,-0.064131744
651,0.090206414,0.03605399,0.07476155,0.045618806,0.015444867,-0.009564817
652,1.273022,0.88890636,1.1805568,0.86892515,0.09246528,0.019981205
653,0.10882186,0.07452059,0.089890845,0.067934625,0.018931016,0.006585963
654,0.7441732,0.5208535,0.64287835,0.42572254,0.101294875,0.09513098
655,0.20486109,0.117629915,0.1614318,0.10667675,0.043429285,0.010953166
656,0.7992039,0.47564855,0.67584646,0.49326524,0.123357415,-0.01761669
657,0.07795976,0.03291038,0.048997216,0.02965878,0.028962545,0.003251601
658,0.0037536672,-0.019957805,0.017177114,0.012274829,-0.013423447,-0.032232635
659,0.016454253,-0.034823865,0.031320296,0.018160159,-0.014866043,-0.05298402
660,0.77392596,0.5621417,0.7139211,0.5025439,0.06000483,0.05959779
661,0.040743887,0.057409383,0.020949185,0.01999552,0.019794703,0.037413865
662,0.2189497,0.13861302,0.17724775,0.13278507,0.041701958,0.0058279485
663,0.6204663,0.393925,0.55052584,0.38240138,0.06994045,0.011523634
664,0.02908717,0.047350943,0.013506114,0.013372991,0.015581056,0.03397795
665,0.8550496,0.57791907,0.76112646,0.582726,0.09392315,-0.004806936
666,0.04621707,0.0358231,0.03223836,0.025735388,0.013978709,0.010087712
667,0.05029381,-0.0005842266,0.06126661,0.043743648,-0.010972798,-0.044327874
668,0.54333055,0.26152793,0.40473744,0.27773723,0.13859311,-0.016209304
669,0.04469219,0.027619677,0.048651513,0.026729982,-0.003959324,0.0008896943
670,0.8929326,0.5242757,0.64048165,0.47785932,0.25245094,0.046416402
671,-0.0026403482,-0.002582567,0.012751852,0.010122824,-0.0153922,-0.012705391
672,0.45506504,0.30205214,0.39121905,0.2977283,0.06384599,0.00432384
673,0.07033632,0.08420791,0.0692009,0.05606043,0.0011354163,0.028147478
674,0.6536696,0.45856002,0.5755261,0.4429242,0.07814348,0.015635818
675,0.55505306,0.37282416,0.4800983,0.36478937,0.07495475,0.0080347955
676,0.012514219,0.024158953,0.008083522,0.0068809185,0.0044306964,0.017278034
677,0.047464907,0.14758025,0.044377923,0.03112995,0.0030869842,0.1164503
678,0.14116906,0.11345503,0.13059744,0.09522141,0.010571614,0.01823362
679,0.012481576,0.12683085,0.018344507,0.011755219,-0.005862931,0.115075625
680,0.6224566,0.37387875,0.41569614,0.29130876,0.20676047,0.08256999
681,0.019636413,-0.016763551,0.0153384805,0.010360258,0.0042979326,-0.027123809
682,0.7762089,0.4671704,0.6464069,0.46424162,0.12980199,0.0029287636
683,0.76008624,0.5195083,0.70168275,0.48851672,0.058403492,0.030991584
684,1.1190372,0.59004647,0.9970376,0.6156325,0.12199956,-0.025586009
685,0.0126150325,0.012220348,0.014613915,0.010291964,-0.0019988827,0.0019283844
686,0.6137475,0.35920742,0.4711631,0.33433613,0.14258438,0.02487129
687,0.009088334,-0.05773931,0.007422864,0.005199745,0.0016654697,-0.062939055
688,0.5579457,0.39720565,0.4947428,0.38742688,0.06320292,0.009778768
689,0.9230104,0.60575074,0.8150734,0.616626,0.10793704,-0.010875285
690,0.10584404,0.12062265,0.1155745,0.09148476,-0.009730458,0.029137887
691,0.04494129,0.03139314,0.03511319,0.022550546,0.009828102,0.008842595
692,0.058829125,0.11979352,0.034031253,0.014962187,0.024797872,0.10483133
693,0.807605,0.61514676,0.7411254,0.52410233,0.06647962,0.091044426
694,0.08850157,0.027801326,0.06941698,0.044540145,0.019084595,-0.016738819
695,0.024539916,0.033858884,0.020930221,0.01624383,0.0036096945,0.017615054
696,0.13973165,0.17992242,0.11955575,0.093199275,0.020175897,0.08672314
697,0.84002703,0.44627547,0.64548564,0.4400515,0.1945414,0.0062239766
698,0.034611452,-0.009042353,0.03203128,0.024697222,0.0025801733,-0.033739574
699,-0.0045045265,-0.012141876,0.019646512,0.012817445,-0.024151038,-0.024959322
700,0.045392342,0.0066196867,0.058696304,0.039394997,-0.013303962,-0.03277531
701,0.03984537,0.07817958,0.039271504,0.022617862,0.00057386607,0.05556172
702,0.021776235,-0.018981213,0.037203573,0.022037063,-0.015427338,-0.041018277
703,1.7554451,0.7022509,1.1615784,0.7941981,0.5938667,-0.0919472
704,0.6850519,0.49219936,0.5719032,0.36907962,0.11314869,0.12311974
705,1.4472008,0.3819265,0.8329664,0.5812663,0.6142344,-0.19933978
706,0.050359424,-0.0015043503,0.036835745,0.031111084,0.013523679,-0.032615434
707,0.015065753,0.15123537,0.012132522,0.009263515,0.0029332312,0.14197186
708,0.06968282,0.055763435,0.046366874,0.033854537,0.023315948,0.021908898
709,0.86393774,0.5814368,0.7293427,0.5550315,0.13459504,0.026405334
710,0.13600208,0.0770086,0.10874231,0.07291788,0.027259767,0.004090719
711,0.60162014,0.43039566,0.53177744,0.40142024,0.069842696,0.028975427
712,0.26123643,0.1228983,0.20651053,0.14154415,0.0547259,-0.018645845
713,0.691336,0.44095054,0.56084573,0.41592762,0.13049024,0.025022924
714,0.017979594,-0.044879492,0.025167493,0.011367073,-0.007187899,-0.056246564
715,0.10577262,0.08496806,0.09290048,0.07751828,0.012872145,0.0074497834
716,0.05728142,0.04698816,0.051374134,0.03748977,0.005907286,0.009498388
717,0.08555447,0.025026754,0.07556992,0.054746445,0.009984553,-0.029719692
718,0.043425296,0.0842492,0.052232366,0.04308695,-0.008807071,0.04116225
719,0.731187,0.5571552,0.70312846,0.5287395,0.028058529,0.02841568
720,1.1760634,0.5819094,0.98501635,0.6403286,0.19104707,-0.058419168
721,0.09906435,0.09100574,0.09808054,0.07162856,0.0009838119,0.01937718
722,0.9382525,0.5836486,0.83442855,0.5725795,0.10382396,0.011069119
723,0.015860118,0.01670003,0.0072771176,0.008214053,0.008583,0.008485977
724,0.036705747,0.034529213,0.04592657,0.031334106,-0.009220824,0.003195107
725,0.039797667,0.040103916,0.036271587,0.028711956,0.0035260804,0.01139196
726,0.8265697,0.5081235,0.7282746,0.5070871,0.09829509,0.0010364056
727,0.035223626,0.091973364,0.030838875,0.023384938,0.0043847505,0.06858843
728,0.029794477,0.08779618,0.04490052,0.021717763,-0.015106045,0.06607842
729,0.031043414,0.0232737,0.017249934,0.012285206,0.01379348,0.010988495
730,0.10903598,0.11490976,0.10325751,0.07497761,0.0057784766,0.039932154
731,0.74807066,0.34068844,0.5149944,0.3531433,0.23307627,-0.012454867
732,0.16615885,0.09889327,0.14783898,0.1005886,0.018319875,-0.0016953275
733,0.94263977,0.6530484,0.84967047,0.6248992,0.0929693,0.028149188
734,0.6441489,0.38829115,0.57028943,0.37907365,0.07385945,0.009217501
735,0.039230406,-0.07110941,0.033728175,0.014144187,0.0055022314,-0.0852536
736,0.054712266,0.02718515,0.03454984,0.020721484,0.020162426,0.0064636655
737,0.020372141,-0.04950781,0.028216913,0.0114015825,-0.007844772,-0.060909394
738,0.0048381668,-0.0057507292,0.0025540635,0.0034711747,0.0022841033,-0.009221904
739,0.06838217,0.1052393,0.07265484,0.04457094,-0.004272677,0.06066836
740,0.0069942977,0.05457842,0.016383203,0.0109955855,-0.009388905,0.043582834
741,0.6788423,0.4781391,0.5766709,0.4190519,0.10217142,0.059087217
742,0.0413468,0.034795865,0.03357616,0.021585142,0.007770639,0.013210723
743,0.072341375,0.20572226,0.054571185,0.039376866,0.01777019,0.16634539
744,0.21440548,0.14170367,0.18984936,0.1363492,0.024556115,0.005354464
745,0.94244987,0.59369886,0.7727084,0.58985966,0.16974145,0.0038391948
746,0.2837953,0.19166179,0.23997408,0.18595873,0.043821216,0.005703062
747,-0.025770405,0.1147461,0.012361052,0.0053688227,-0.038131457,0.10937728
748,0.03718275,0.053281642,0.030536523,0.021541879,0.006646225,0.031739764
749,0.03315661,0.08083405,0.038482253,0.02205565,-0.0053256415,0.058778405
750,0.04079525,0.043461137,0.02809591,0.017451746,0.012699341,0.02600939
751,0.88443226,0.6158615,0.7851509,0.57351995,0.09928137,0.04234153
752,0.024019005,-0.021125047,0.020927358,0.011557791,0.0030916464,-0.032682836
753,0.11502813,0.08624606,0.109574705,0.080582015,0.0054534227,0.005664043
754,0.011585402,0.08024448,0.022940774,0.02006724,-0.011355371,0.060177244
755,0.12801588,0.06726986,0.110903576,0.07024669,0.0171123,-0.0029768273
756,0.1123428,0.0844335,0.08727881,0.061644815,0.025063984,0.022788689
757,0.7157039,0.42112252,0.6557661,0.4513185,0.059937775,-0.030195981
758,0.06755627,0.019294139,0.048404664,0.022520134,0.019151606,-0.0032259952
759,0.018309169,0.05191112,0.014876194,0.014844729,0.0034329742,0.037066393
760,0.08083076,0.06368169,0.0818538,0.05685039,-0.0010230392,0.0068313032
761,0.01946899,0.06813578,0.02678297,0.026942354,-0.0073139817,0.04119343
762,0.08713426,0.005199827,0.08590115,0.052094378,0.0012331083,-0.04689455
763,0.41887143,0.2394277,0.34672454,0.2422116,0.07214689,-0.0027838945
764,0.068504155,0.031462602,0.050192907,0.029701326,0.018311247,0.0017612763
765,0.0045420285,-0.05404208,0.012576154,0.0029241242,-0.008034126,-0.056966204
766,0.07416828,0.04164826,0.04562133,0.028924815,0.028546948,0.012723446
767,0.9416355,0.5757044,0.8214295,0.56401503,0.120206,0.011689365
768,0.79192156,0.5187892,0.6049606,0.43663117,0.18696094,0.082158
769,0.63053757,0.4290045,0.46919805,0.37040463,0.16133952,0.05859986
770,0.11414081,0.094822966,0.10574894,0.07454851,0.008391872,0.020274453
771,0.08951616,0.0018467967,0.05705948,0.03502674,0.03245668,-0.033179943
772,0.88098097,0.6335869,0.82365286,0.5891787,0.057328105,0.044408202
773,-0.017382437,0.028604498,0.018001862,0.01739689,-0.035384297,0.0112076085
774,0.86761254,0.61201286,0.8177193,0.5988459,0.04989326,0.013166964
775,0.0073323925,0.07796749,0.01090489,0.011683401,-0.003572497,0.06628409
776,0.7165594,0.36170384,0.5316246,0.34403622,0.1849348,0.017667621
777,0.07856448,0.17305464,0.085813455,0.06554084,-0.0072489753,0.10751379
778,0.050868653,0.0027774316,0.033687446,0.015833601,0.017181206,-0.01305617
779,0.72906506,0.40600276,0.6313197,0.42338422,0.09774536,-0.01738146
780,-0.01256462,0.17498842,0.027665263,0.015094552,-0.040229883,0.15989387
781,0.6895346,0.32352716,0.4271304,0.32314986,0.2624042,0.0003772974
782,0.049410176,0.05449746,0.04828855,0.036972847,0.0011216253,0.017524615
783,0.059997056,0.14352606,0.054612648,0.03534888,0.005384408,0.108177185
784,0.28987402,0.18326047,0.2758876,0.15773648,0.013986409,0.02552399
785,0.43382096,0.2202634,0.31328934,0.23060308,0.12053162,-0.010339677
786,0.015706856,0.016326923,0.029937021,0.022297911,-0.014230166,-0.0059709884
787,0.6948029,0.38929185,0.5442308,0.40002578,0.15057206,-0.010733932
788,-0.023782257,0.113792494,0.015057664,0.010179162,-0.03883992,0.10361333
789,0.86290216,0.56515527,0.633144,0.45996627,0.22975814,0.105188996
790,0.01939699,0.04885295,0.013071594,0.013312289,0.0063253967,0.035540663
791,0.74784935,0.29463398,0.40325153,0.3040445,0.34459782,-0.00941053
792,0.034164827,0.046497464,0.027651932,0.022313947,0.006512895,0.024183517
793,0.7501415,0.36297747,0.6237451,0.38088924,0.12639642,-0.017911762
794,-0.0077953422,0.1356588,0.030503152,0.016168037,-0.038298495,0.119490765
795,0.7979078,0.48562956,0.68039125,0.4566447,0.11751658,0.028984845
796,0.022515291,-0.0061917077,0.02986013,0.01588343,-0.007344838,-0.022075139
797,1.0993575,0.69539666,0.8431536,0.6196673,0.2562039,0.07572937
798,0.034233194,0.03115294,0.039816324,0.028590312,-0.00558313,0.0025626272
799,0.6852568,0.39932033,0.54744357,0.39558768,0.13781321,0.0037326515
800,0.71258,0.45844823,0.6344347,0.4463211,0.078145325,0.012127131
801,0.05312448,0.05235105,0.04961242,0.040294968,0.0035120584,0.0120560825
802,0.11560448,0.088883266,0.10424434,0.07920167,0.011360146,0.009681597
803,0.0015461954,-0.030671556,0.025486307,0.015806247,-0.023940112,-0.046477802
804,-0.0018751508,0.110571,0.01664458,0.012565694,-0.018519731,0.0980053
805,-0.04248589,0.092571944,0.0032112978,-0.002003607,-0.045697186,0.094575554
806,0.0087434435,0.13233435,0.015896844,0.0086115105,-0.0071534,0.123722844
807,0.08571797,0.093853205,0.063169114,0.043268625,0.022548854,0.05058458
808,0.020423261,-0.013097044,0.016195213,0.007903277,0.004228048,-0.021000322
809,0.866096,0.54245174,0.7799903,0.5335429,0.086105704,0.008908868
810,0.058483325,0.027818728,0.06589828,0.039686605,-0.007414952,-0.011867877
811,1.0170221,0.03366239,0.31286156,0.20127107,0.7041606,-0.16760868
812,0.014626938,-0.0067740236,0.009470022,0.007850076,0.0051569156,-0.0146241
813,0.006723006,0.013754994,0.010991374,0.00677818,-0.0042683682,0.0069768135
814,0.027636629,0.016856885,0.019931693,0.013404629,0.007704936,0.0034522554
815,0.88165134,0.5538635,0.74035245,0.55796075,0.14129889,-0.0040972233
816,1.0286622,0.5945715,0.90519303,0.54674935,0.123469174,0.047822118
817,0.04201473,0.048590392,0.031767048,0.021390174,0.010247681,0.027200218
818,0.114813715,0.029078256,0.09980215,0.06048518,0.015011564,-0.031406924
819,0.72420657,0.40490034,0.6039087,0.40865138,0.12029785,-0.0037510395
820,0.2516128,0.2076141,0.23450428,0.16400915,0.01710853,0.04360494
821,1.3240589,0.41514558,0.5278929,0.2944629,0.796166,0.12068269
822,0.64678144,0.2042573,0.3538535,0.25328782,0.29292795,-0.049030527
823,0.06004501,0.0054786927,0.062095407,0.04559349,-0.002050396,-0.040114798
824,0.10967696,0.1955411,0.096168965,0.056043774,0.013507992,0.13949732
825,-0.004186028,-0.029239692,0.015693583,0.0111658955,-0.019879611,-0.040405586
826,0.09249882,0.015777066,0.07052889,0.04340129,0.02196993,-0.027624223
827,0.06281286,0.051562693,0.06106853,0.04245211,0.0017443262,0.009110581
828,0.7197304,0.48126906,0.59016645,0.4217345,0.12956393,0.05953455
829,-0.022349343,-0.021408997,0.01318396,0.0065572653,-0.0355333,-0.027966263
830,-0.035104644,-0.0146628115,0.008171147,0.002581625,-0.04327579,-0.017244436
831,0.8321181,0.5761111,0.720167,0.54304373,0.11195111,0.033067346
832,1.1384002,0.4997309,0.52880716,0.37392414,0.60959303,0.12580678
833,0.0126202125,0.11616741,0.011462592,0.009727073,0.0011576209,0.106440336
834,0.05684763,-0.00040952655,0.061572045,0.040724564,-0.004724417,-0.04113409
835,0.08697964,0.046118714,0.055233933,0.04076822,0.03174571,0.005350493
836,0.63724715,0.13903216,0.2582928,0.16275339,0.37895435,-0.023721233
837,0.08338153,0.100263216,0.083531246,0.06513905,-0.00014971197,0.035124168
838,0.76998246,0.4542196,0.68929404,0.43998328,0.08068842,0.014236331
839,0.16871946,0.13741875,0.16023144,0.111346155,0.008488014,0.026072592
840,0.03294048,0.07071173,0.033691105,0.024831608,-0.00075062364,0.045880124
841,0.8545085,0.54239196,0.73292524,0.52456826,0.12158328,0.017823696
842,0.06642713,0.059799388,0.049252454,0.0357742,0.017174672,0.024025187
843,0.93178105,0.56110954,0.83850336,0.5730705,0.09327769,-0.011960983
844,0.7173584,0.39273134,0.5281908,0.35675249,0.18916762,0.035978854
845,0.016809369,0.041632727,0.020956479,0.014148129,-0.0041471105,0.027484598
846,-0.013832489,0.009065004,0.01050391,0.008761496,-0.024336398,0.00030350778
847,0.09943515,0.097817846,0.09432292,0.06941905,0.005112231,0.028398797
848,0.087777734,0.12044334,0.083124675,0.049651384,0.004653059,0.07079195
849,0.057951264,-0.013868162,0.05991129,0.041855995,-0.0019600242,-0.05572416
850,0.043305065,0.17215717,0.036049448,0.031442095,0.0072556175,0.14071508
851,0.008061604,-0.022617402,0.022159355,0.015248294,-0.014097751,-0.037865695
852,0.95406485,0.5382956,0.84624,0.55064166,0.10782486,-0.012346029
853,0.6959754,0.38606498,0.54507685,0.38133895,0.15089858,0.0047260225
854,1.1807407,0.70055515,1.0093813,0.67789245,0.17135942,0.0226627
855,0.062172055,0.08447514,0.0654408,0.04549803,-0.003268741,0.03897711
856,0.027907051,0.07049575,0.034080137,0.02213988,-0.0061730854,0.048355866
857,0.735785,0.116944775,0.24313116,0.16316646,0.49265385,-0.04622169
858,0.095819004,0.056809716,0.08421791,0.052955315,0.01160109,0.0038544014
859,0.038901772,0.044553522,0.047520205,0.036152456,-0.008618433,0.008401066
860,0.025340429,-0.024237126,0.03740736,0.023058543,-0.012066932,-0.047295667
861,-0.009944251,0.0943542,0.017100742,0.0076517034,-0.027044993,0.086702496
862,0.024626702,0.009847379,0.03323561,0.027050914,-0.008608907,-0.017203536
863,0.14017649,0.19659317,0.14538154,0.096813954,-0.00520505,0.09977921
864,0.05598029,0.057443134,0.025588043,0.017676858,0.030392248,0.039766274
865,-0.0035766792,-0.06459678,0.021392139,0.007933124,-0.024968818,-0.072529905
866,0.05352975,-0.01130095,0.043134943,0.02520635,0.010394808,-0.0365073
867,0.040927503,0.036589865,0.04235908,0.030763617,-0.0014315769,0.005826248
868,-0.04654707,0.18877213,0.017795488,0.005240176,-0.06434256,0.18353195
869,0.8309764,0.37568364,0.52335227,0.35605645,0.30762416,0.019627184
870,0.07526737,0.08576203,0.068389975,0.057482425,0.0068773925,0.028279606
871,0.057819806,0.039965358,0.049098562,0.024733998,0.008721244,0.01523136
872,0.5805127,0.3458694,0.4664322,0.35653818,0.11408049,-0.010668784
873,0.072875276,0.0027791138,0.061762165,0.04526002,0.011113111,-0.042480905
874,0.05953655,0.05655862,0.05726283,0.041209284,0.0022737198,0.015349336
875,0.09060049,0.08567117,0.07423056,0.055360977,0.016369931,0.030310195
876,0.85644126,0.5311692,0.70204186,0.50273585,0.1543994,0.028433323
877,0.24701446,0.1574643,0.21694082,0.15462622,0.030073643,0.0028380752
878,0.034665912,0.14362758,0.036348596,0.022301774,-0.0016826838,0.121325806
879,0.059820373,0.07035101,0.051460847,0.043804478,0.008359525,0.026546534
880,0.8567911,0.20920512,0.33945668,0.2172229,0.5173344,-0.008017778
881,0.07014326,0.037412558,0.042213798,0.032960285,0.027929462,0.0044522732
882,0.03478635,0.0016416832,0.01710705,0.007826172,0.0176793,-0.0061844885
883,0.06661148,0.16838302,0.061650105,0.051198725,0.004961379,0.117184296
884,0.90260434,0.6215995,0.8539593,0.6116715,0.04864502,0.009927988
885,0.5799121,0.34405816,0.4052384,0.30859035,0.17467374,0.035467803
886,0.7820807,0.44232598,0.5946054,0.4399046,0.18747532,0.002421379
887,1.0414351,0.6815447,0.8896522,0.68158495,0.15178293,-4.0233135e-05
888,0.066732906,0.05630102,0.057053305,0.043715302,0.009679601,0.012585718
889,1.3111877,0.8609864,1.2043312,0.8897623,0.106856585,-0.02877587
890,0.023268266,0.0046986877,0.025008244,0.019199716,-0.0017399788,-0.014501028
891,0.06956151,0.04223632,0.04157688,0.030040905,0.02798463,0.012195416
892,0.01013092,-0.014787924,0.017529337,0.013175603,-0.0073984163,-0.027963527
893,0.012357419,0.007489977,0.0072232946,0.0048502106,0.005134125,0.0026397663
894,0.08014923,-0.008342664,0.08564619,0.04701247,-0.0054969564,-0.055355135
895,-0.007418685,0.09865408,0.021530747,0.014380387,-0.028949432,0.08427369
896,1.1797563,0.55269635,0.90281564,0.54583544,0.27694064,0.006860912
897,0.49285725,0.3194271,0.38675708,0.2768814,0.10610017,0.042545706
898,0.07335821,0.08968171,0.06971735,0.059685096,0.0036408603,0.029996611
899,0.02536215,0.03321026,0.028211154,0.019105842,-0.0028490033,0.014104417
900,0.6899628,0.4266107,0.52213943,0.40752995,0.16782337,0.019080758
901,0.087249935,0.0352119,0.07649562,0.049150463,0.010754317,-0.013938565
902,0.55485857,0.2999636,0.4498975,0.30280945,0.10496107,-0.0028458536
903,0.01811417,-0.017086582,0.03470177,0.025301225,-0.016587598,-0.042387806
904,0.60526615,0.42956394,0.5522651,0.39924195,0.053001046,0.030321985
905,0.5765608,0.33814707,0.4886609,0.34680793,0.08789989,-0.008660853
906,0.031937927,-0.009261876,0.019004911,0.0083744265,0.012933016,-0.017636303
907,0.0026095218,-0.01328055,0.0059738387,0.005104236,-0.003364317,-0.018384786
908,0.017510826,0.010996124,0.012907484,0.009534881,0.004603342,0.0014612423
909,0.044073295,0.040703893,0.026283365,0.025837777,0.01778993,0.0148661155
910,0.6842934,0.4217578,0.5874574,0.43757218,0.09683597,-0.015814394
911,0.1118829,0.06444988,0.10091516,0.07581833,0.010967746,-0.0113684535
912,-0.006362388,-0.06322141,0.006019084,-0.0008932535,-0.012381472,-0.062328156
913,0.05393651,0.030003274,0.030252866,0.023390071,0.023683645,0.0066132024
914,0.045171842,0.013756501,0.045263484,0.030893818,-9.164214e-05,-0.017137317
915,0.7119191,0.34706786,0.5392034,0.3491211,0.17271572,-0.002053231
916,0.826276,0.34416038,0.5201072,0.36219049,0.3061688,-0.018030107
917,0.054841705,-0.0015804607,0.045157723,0.033116195,0.009683982,-0.034696657
918,0.04985148,0.06681842,0.02597093,0.020008061,0.02388055,0.046810362
919,0.074976236,-0.008362521,0.07379916,0.04038848,0.0011770725,-0.048751
920,0.048728835,0.07930444,0.054326225,0.03138193,-0.0055973902,0.04792251
921,-0.019212719,0.1341481,0.026442187,0.017687019,-0.045654908,0.11646108
922,0.0144124115,0.11178655,0.03917073,0.023454744,-0.02475832,0.0883318
923,0.10648766,0.044597935,0.07995916,0.063165545,0.0265285,-0.01856761
924,0.7527606,0.38887864,0.6083882,0.4204313,0.1443724,-0.031552643
925,0.03808711,-0.015365846,0.04143885,0.023117965,-0.0033517405,-0.038483813
926,0.009479836,-0.004332889,0.027215134,0.015659953,-0.017735299,-0.019992841
927,0.0419084,-0.018497499,0.04712534,0.030242035,-0.0052169412,-0.048739534
928,1.2675407,0.65444887,0.7000027,0.5235972,0.567538,0.13085169
929,0.023969924,-0.00066956953,0.03624559,0.02376307,-0.012275664,-0.024432639
930,0.027286796,0.06446791,0.035979077,0.02339952,-0.008692281,0.041068386
931,0.011371565,-0.031803343,0.024790902,0.013655488,-0.013419337,-0.04545883
932,0.02774009,0.03765899,0.013051602,0.010247998,0.014688487,0.027410991
933,0.046032056,0.08651318,0.05141717,0.041922126,-0.005385112,0.04459105
934,0.034464415,0.11782112,0.050257433,0.030896222,-0.015793018,0.086924896
935,0.01068875,-0.054606143,0.015457752,0.0051037283,-0.004769002,-0.059709873
936,0.065372266,0.11688831,0.04228835,0.029126447,0.023083914,0.087761864
937,0.6391461,0.39027685,0.55028856,0.4076233,0.08885753,-0.017346442
938,0.8916428,0.63165677,0.7836552,0.59248734,0.10798758,0.03916943
939,0.02609058,0.10863816,0.041718096,0.033455104,-0.015627516,0.07518306
940,-0.037855383,0.10566301,0.0031630076,-0.0015992742,-0.04101839,0.10726228
941,0.07569001,0.060878437,0.057781532,0.047391362,0.017908476,0.0134870745
942,0.59947383,0.26944748,0.29433396,0.20731653,0.30513987,0.062130943
943,-0.022056751,0.17579758,0.034609765,0.014120492,-0.056666516,0.16167709
944,0.75593406,0.54870445,0.6285387,0.48159397,0.12739533,0.06711048
945,0.10208603,0.071883775,0.07900534,0.0565658,0.023080692,0.0153179765
946,-0.007886025,-0.06374358,0.02027015,0.009122651,-0.028156176,-0.07286623
947,0.11546585,0.07226357,0.08313043,0.052557923,0.032335423,0.019705646
948,0.5710895,0.39491552,0.50894487,0.38287383,0.062144637,0.012041688
949,0.7609182,0.5215428,0.68036383,0.5001926,0.080554366,0.021350205
950,0.6261008,0.052768428,0.26407856,0.15948014,0.36202222,-0.106711715
951,-0.011049654,0.15169968,0.018867766,0.0073215626,-0.02991742,0.14437811
952,0.24407801,0.12465668,0.18211319,0.13224219,0.061964825,-0.0075855106
953,-0.0052941903,0.07654528,-9.113908e-05,-0.00014734032,-0.005203051,0.076692626
954,0.41745976,0.27223194,0.35478172,0.25823155,0.06267804,0.014000386
955,0.28065288,0.25073224,0.26074636,0.20406307,0.01990652,0.04666917
956,0.032142684,0.04388839,0.015219158,0.011981561,0.016923526,0.03190683
957,0.052609228,0.12904307,0.0661343,0.04562589,-0.013525069,0.08341718
958,0.9413321,0.6141809,0.72933626,0.51116663,0.21199584,0.10301429
959,0.10201723,0.08228558,0.095964,0.067920096,0.0060532317,0.014365487
960,0.018918429,0.10741509,0.03955232,0.018919785,-0.020633891,0.0884953
961,0.0034948015,-0.008857628,0.008879159,0.0048616114,-0.005384357,-0.01371924
962,0.034314863,-0.0048964885,0.03297978,0.022686156,0.0013350844,-0.027582644
963,1.0815883,0.55694085,0.79596984,0.55363196,0.28561842,0.0033088923
964,0.018400678,-0.008818803,0.010994779,0.0055418867,0.0074058995,-0.0143606905
965,0.038724013,0.07758718,0.03901603,0.024440486,-0.00029201806,0.053146694
966,0.028945725,0.031304322,0.021152878,0.015969956,0.007792847,0.015334366
967,0.031602763,-0.032309543,0.024774559,0.01300667,0.006828204,-0.045316212
968,0.30292088,0.21945626,0.27845156,0.18318614,0.024469316,0.03627011
969,0.22410299,0.14782543,0.20877847,0.1489687,0.015324518,-0.0011432618
970,0.6561226,0.3381551,0.40134564,0.2820462,0.25477698,0.056108892
971,0.6715312,0.31288987,0.5145165,0.35111445,0.15701473,-0.038224578
972,0.56382954,0.31195813,0.4688512,0.3411185,0.09497833,-0.02916038
973,0.047006793,0.062444262,0.045165874,0.036302034,0.0018409193,0.026142228
974,1.0215234,0.42336223,0.57710767,0.41582376,0.4444157,0.0075384676
975,1.078236,0.60614544,0.9186117,0.6068046,0.15962428,-0.00065916777
976,0.037140876,0.043499902,0.024905467,0.0229002,0.012235409,0.020599702
977,0.2875321,0.2564157,0.26397118,0.19536738,0.023560911,0.061048314
978,0.48082554,0.23297593,0.32067463,0.20359127,0.16015092,0.029384658
979,0.034064956,0.056364026,0.026041253,0.020369234,0.0080237035,0.03599479
980,0.5165096,0.27050692,0.3995993,0.2748681,0.11691028,-0.0043611825
981,0.0015357352,0.14876506,0.010622786,0.009834557,-0.009087051,0.1389305
982,0.044954505,-0.027029634,0.04710262,0.028104715,-0.0021481141,-0.05513435
983,0.067933984,0.028929545,0.054631114,0.03534845,0.01330287,-0.0064189043
984,0.036275197,0.030222973,0.031045107,0.012508018,0.0052300896,0.017714955
985,0.073007464,0.13390757,0.06305078,0.04456461,0.009956688,0.08934297
986,0.8112344,0.3547534,0.53654224,0.32737514,0.27469218,0.027378261
987,0.041110817,-0.016528618,0.040238056,0.02868115,0.000872761,-0.045209765
988,0.06664114,0.093311675,0.061415195,0.043047957,0.0052259415,0.050263718
989,0.032588564,0.02160125,0.01586985,0.011482315,0.016718714,0.010118935
990,0.83304894,0.5591066,0.759164,0.53144556,0.073884964,0.027661026
991,0.5916002,0.4166486,0.5203602,0.397616,0.07124001,0.019032598
992,0.51487005,0.29770812,0.40172237,0.29379788,0.113147676,0.0039102435
993,-0.03045754,0.118052706,0.014373826,0.0036854954,-0.044831365,0.11436721
994,0.14446172,0.09853934,0.120558254,0.07351966,0.023903467,0.025019675
995,0.083101325,0.05388962,0.08248752,0.054284517,0.0006138012,-0.00039489567
996,1.2603396,0.4265058,0.67345154,0.44976643,0.5868881,-0.023260623
997,0.7468818,0.41873702,0.61420447,0.40673035,0.13267732,0.01200667
998,0.70616096,0.48012647,0.6007839,0.46418554,0.10537708,0.015940934
999,0.033246584,0.025904126,0.028849147,0.01767712,0.004397437,0.008227006
1000,0.055818405,0.051571332,0.04746665,0.03497857,0.008351754,0.016592763
1001,0.05664997,0.039898384,0.04679922,0.033263426,0.009850752,0.006634958
1002,0.10595923,0.08003171,0.098719224,0.07164576,0.007240005,0.008385949
1003,-0.025277704,0.114729315,0.012079059,0.005294429,-0.037356764,0.10943489
1004,0.20608364,0.21821597,0.1885179,0.13055761,0.017565742,0.08765836
1005,0.06468197,0.07026525,0.063605465,0.054436125,0.0010765046,0.015829124
1006,0.116824664,0.04591084,0.10072442,0.063334376,0.016100243,-0.017423537
1007,0.048394646,0.04971617,0.05103975,0.035320077,-0.0026451051,0.014396094
1008,0.036717318,0.027996065,0.030756386,0.019340841,0.005960932,0.008655224
1009,0.03286923,0.022007095,0.022847624,0.018760562,0.010021606,0.0032465328
1010,0.523522,0.42591932,0.473555,0.32941365,0.04996702,0.09650567
1011,0.06798682,0.074037746,0.0601586,0.04671778,0.007828224,0.027319964
1012,0.8011447,0.5614845,0.72820413,0.5326421,0.07294059,0.02884239
1013,0.88944304,0.5901579,0.7171657,0.5329866,0.17227733,0.057171345
1014,9.2186805e-05,-0.06116932,0.00514523,-0.001389031,-0.005053043,-0.05978029
1015,-0.0051639015,0.0002821603,0.020919599,0.013638008,-0.0260835,-0.013355848
1016,0.90373164,0.52767444,0.70076036,0.5318609,0.20297128,-0.0041864514
1017,0.24313238,0.3134823,0.26671126,0.19328064,-0.023578882,0.12020168
1018,0.99049306,0.57102776,0.9015143,0.57873577,0.08897877,-0.007708013
1019,0.023927037,0.039161038,0.022223447,0.015382428,0.0017035902,0.02377861
1020,-0.024675783,0.12415729,0.01940477,0.010249175,-0.044080555,0.11390811
1021,0.0026970292,-0.0630552,0.0075806784,0.006811983,-0.0048836493,-0.069867186
1022,0.022529757,0.101403594,0.038783062,0.023659892,-0.016253306,0.0777437
1023,0.7183078,0.4886099,0.6508707,0.4660307,0.06743711,0.022579223
1024,0.07007341,0.11305778,0.0815807,0.051800117,-0.011507288,0.06125766
1025,0.6812463,0.25331333,0.381923,0.2180686,0.2993233,0.035244733
1026,0.15614562,0.14439376,0.15514284,0.10420674,0.0010027736,0.040187016
1027,0.013618388,0.120873444,0.023911601,0.005513332,-0.010293213,0.11536011
1028,0.9387995,0.54919523,0.78357244,0.5334853,0.15522707,0.015709937
1029,0.051153317,0.00688535,0.04833124,0.032511204,0.0028220788,-0.025625855
1030,-0.0049188933,0.15600152,0.025740711,0.014041501,-0.030659605,0.14196002
1031,0.08468848,0.080242515,0.07201952,0.05541613,0.01266896,0.024826385
1032,0.03723924,0.004213667,0.025490724,0.02190264,0.011748515,-0.017688973
1033,0.68605,0.4173238,0.5762989,0.41337335,0.109751105,0.003950447
1034,1.1419593,0.59249914,0.8843874,0.580297,0.25757194,0.012202144
1035,0.07820975,0.077154875,0.07327843,0.046635292,0.004931323,0.030519582
1036,0.018145392,-0.023963502,0.024232728,0.014733055,-0.0060873367,-0.038696557
1037,0.01234464,0.016407717,0.025049066,0.016137853,-0.012704426,0.00026986375
1038,0.020868516,-0.0051414515,0.018859873,0.010148563,0.002008643,-0.015290014
1039,0.15213244,0.1540333,0.15136278,0.111268714,0.0007696599,0.04276459
1040,0.0027179779,0.07392632,0.016460462,0.01169851,-0.013742484,0.06222781
1041,0.04045712,0.1300782,0.03710549,0.020305963,0.0033516288,0.109772235
1042,0.025096582,-0.0062827244,0.030527024,0.024307046,-0.0054304413,-0.03058977
1043,0.42570406,0.2607314,0.30786496,0.2348487,0.1178391,0.025882706
1044,0.022509096,0.025036642,0.035697106,0.024778258,-0.01318801,0.00025838427
1045,0.6288824,0.24284106,0.39203322,0.269381,0.23684919,-0.026539922
1046,0.23864618,0.1554202,0.20350595,0.1421535,0.03514023,0.0132666975
1047,0.80137694,0.5870627,0.73363376,0.55982924,0.06774318,0.027233481
1048,0.6695616,0.4521026,0.5871506,0.44410813,0.08241105,0.007994473
1049,0.9962886,0.6192676,0.8734341,0.56701845,0.12285447,0.052249134
1050,0.008249769,0.11237284,0.011801653,0.009961798,-0.0035518836,0.10241104
1051,0.013924382,-0.0327024,0.005340497,0.0056347563,0.008583885,-0.038337156
1052,0.9063247,0.48309234,0.68618494,0.48130444,0.22013974,0.0017879009
1053,0.05919476,0.04430631,0.042657543,0.035579886,0.016537216,0.0087264255
1054,0.047881573,0.047126845,0.041839655,0.035434972,0.006041918,0.011691872
1055,0.6473656,0.41570008,0.526336,0.3947165,0.121029615,0.020983577
1056,0.19842309,0.08589375,0.17598875,0.09501382,0.022434339,-0.009120069
1057,0.0028734396,-0.0056668236,0.0029221592,0.003721282,-4.871958e-05,-0.009388106
1058,0.16015975,0.12038265,0.1510039,0.100551516,0.009155855,0.019831136
1059,0.07514526,0.01734188,0.06350785,0.04392385,0.011637412,-0.026581971
1060,-0.041873638,0.12284307,0.010684551,0.0055210795,-0.052558187,0.11732199
1061,0.64033645,0.4945198,0.61456007,0.47674543,0.025776386,0.017774373
1062,0.90099686,0.66135395,0.822229,0.60235995,0.078767836,0.058993995
1063,0.925817,0.3896907,0.5977095,0.43879303,0.32810754,-0.049102336
1064,-0.011273048,-0.010765709,0.011572531,0.0047141393,-0.02284558,-0.015479848
1065,0.0440702,0.037152898,0.037578274,0.022940425,0.0064919256,0.014212472
1066,0.026924925,0.09580233,0.043927476,0.027925497,-0.01700255,0.06787683
1067,0.83571345,0.4363848,0.75162363,0.45547828,0.084089816,-0.019093484
1068,0.0040724743,0.18341424,0.03785259,0.026356142,-0.033780113,0.15705809
1069,0.71188724,0.431589,0.5636407,0.4104784,0.14824653,0.021110594
1070,0.06505052,-0.0028897382,0.065239005,0.04272117,-0.00018848479,-0.04561091
1071,0.03799515,0.0014180378,0.038319636,0.023450699,-0.0003244877,-0.022032661
1072,0.09051803,0.0639268,0.053571187,0.045993876,0.03694684,0.017932925
1073,0.11758307,0.09454323,0.10605727,0.07657035,0.011525802,0.017972887
1074,0.021081928,-0.013770283,0.03287127,0.024062777,-0.0117893405,-0.03783306
1075,1.1258572,0.7425014,0.9866898,0.6974662,0.13916743,0.045035183
1076,0.8503606,0.5379905,0.7611776,0.53410625,0.08918297,0.003884256
1077,0.045976724,0.13737857,0.07130811,0.055213764,-0.02533139,0.08216481
1078,0.022880815,0.057998434,0.026375668,0.020442426,-0.0034948532,0.037556008
1079,0.027560143,-0.015604262,0.027096892,0.015799703,0.00046325102,-0.031403966
1080,0.28137717,0.13365218,0.27627698,0.17702498,0.0051001906,-0.043372795
1081,0.025774246,0.022539983,0.012451686,0.0072211768,0.01332256,0.015318805
1082,0.9310826,0.46361044,0.39819905,0.2330052,0.5328835,0.23060524
1083,0.06241625,0.050496235,0.05793325,0.04231261,0.004483003,0.008183625
1084,0.08602509,0.024797888,0.067176074,0.040235963,0.018849015,-0.015438074
1085,0.7495464,0.504188,0.5895392,0.4457037,0.16000724,0.058484316
1086,0.6138491,0.28453237,0.43254924,0.29424492,0.18129987,-0.009712547
1087,0.014904187,-0.00067466556,0.013892209,0.0105167115,0.0010119779,-0.011191377
1088,0.030458594,0.08978062,0.039073613,0.0234711,-0.008615019,0.06630952
1089,0.66597897,0.39974746,0.5169339,0.39683095,0.14904505,0.0029165149
1090,0.90293133,0.5720803,0.6412555,0.46098942,0.26167583,0.1110909
1091,0.052430574,0.141644,0.05015082,0.034519624,0.0022797547,0.10712437
1092,0.7435376,0.5043951,0.70035166,0.49953097,0.04318595,0.0048641562
1093,0.7421613,0.49222964,0.6756122,0.48351523,0.06654906,0.008714408
1094,0.08399864,0.11459892,0.10923232,0.066426866,-0.025233679,0.048172057
1095,0.6118261,0.15100084,0.27903724,0.18619199,0.33278888,-0.03519115
1096,0.84360224,0.51339453,0.7424199,0.5005059,0.10118234,0.01288861
1097,0.037352238,0.04940612,0.0425509,0.033062574,-0.0051986612,0.016343545
1098,0.028419897,0.12165082,0.019243257,0.009036327,0.00917664,0.1126145
1099,0.09720792,0.08791546,0.08663167,0.06365194,0.010576248,0.024263516
1100,0.06635601,0.09017745,0.07550997,0.052267905,-0.009153962,0.03790954
1101,0.11966638,0.083554395,0.09680639,0.07648878,0.02285999,0.0070656165
1102,0.05366426,-0.003941281,0.061069097,0.040980972,-0.0074048378,-0.044922255
1103,0.7052668,0.28721786,0.43472695,0.2907032,0.27053982,-0.0034853518
1104,0.016185382,0.0024312881,0.023607636,0.019270245,-0.0074222535,-0.016838957
1105,0.83411723,0.555246,0.7255685,0.48619106,0.10854876,0.06905493
1106,0.13647695,0.10626819,0.10365557,0.07797181,0.03282138,0.028296381
1107,0.58287424,0.34896564,0.51069933,0.34294114,0.07217491,0.0060245097
1108,0.7777298,0.50069135,0.68706495,0.4700447,0.09066486,0.030646652
1109,0.10765473,0.08192635,0.101823635,0.073279954,0.0058310926,0.008646399
1110,0.8872236,0.59619194,0.8067806,0.5744457,0.080443025,0.021746218
1111,0.041378897,-0.011067348,0.041803025,0.027456338,-0.00042412803,-0.038523685
1112,0.09116328,0.1134078,0.09340663,0.061362218,-0.002243355,0.05204558
1113,-0.025871117,0.12358126,0.022271194,0.012607355,-0.04814231,0.11097391
1114,0.22581732,0.23962699,0.2419644,0.16194242,-0.016147077,0.07768457
1115,0.68789893,0.43829986,0.59458876,0.44831952,0.09331018,-0.01001966
1116,-0.0022623737,-0.013391713,0.013041492,0.008467254,-0.015303865,-0.021858968
1117,0.704934,0.41325933,0.5803321,0.40154094,0.1246019,0.011718392
1118,0.9632413,0.6457561,0.8988705,0.65157866,0.06437075,-0.0058225393
1119,0.045062076,-0.011323282,0.039654225,0.025031645,0.005407851,-0.036354925
1120,0.024013588,0.021126581,0.01663831,0.009576186,0.0073752776,0.011550396
1121,0.04848927,0.06605035,0.052110434,0.044273857,-0.0036211647,0.021776494
1122,0.93812144,0.6152447,0.8631212,0.5974307,0.07500023,0.01781398
1123,-0.004714677,0.14443813,0.03434644,0.027465267,-0.039061114,0.11697286
1124,0.049243446,0.024219442,0.025682256,0.021861976,0.02356119,0.0023574661
1125,1.1879574,0.38569248,0.69753593,0.4473148,0.49042147,-0.06162232
1126,0.04938521,0.10464763,0.066590585,0.043165237,-0.017205376,0.061482392
1127,0.8215215,0.50689375,0.6455067,0.48974088,0.17601484,0.017152876
1128,0.042773783,0.05110217,0.03689316,0.023373816,0.005880624,0.027728353
1129,0.8627592,0.50340915,0.7176118,0.5212688,0.14514738,-0.017859638
1130,0.43300495,0.31773236,0.409814,0.29169732,0.023190945,0.02603504
1131,0.0914162,0.04287523,0.08572223,0.05454964,0.005693972,-0.011674408
1132,1.2782775,0.98777634,1.224091,0.96752,0.054186463,0.02025634
1133,0.18024565,0.15013532,0.17321748,0.1340489,0.0070281774,0.01608643
1134,-0.015882561,0.12847877,0.021469986,0.012290153,-0.037352547,0.116188616
1135,0.5935828,0.20229894,0.3196104,0.23679523,0.27397242,-0.034496292
1136,0.0052443948,0.04483899,0.013468222,0.0020610564,-0.008223827,0.042777933
1137,1.224758,0.87852055,0.9409164,0.7559967,0.2838416,0.122523844
1138,1.290152,0.76331943,1.1694431,0.8046581,0.12070882,-0.041338682
1139,0.6339301,0.31547013,0.44640362,0.30656123,0.18752646,0.008908898
1140,-0.00013530049,-0.032331705,0.017931815,0.010850604,-0.018067116,-0.04318231
1141,0.7999858,0.36570466,0.4482351,0.31057262,0.35175073,0.05513203
1142,0.08139507,0.07811603,0.086898364,0.07104077,-0.005503297,0.0070752576
1143,0.062488433,0.04745882,0.054637905,0.04183602,0.007850528,0.0056228004
1144,0.056953497,0.033903807,0.03584371,0.024477692,0.021109786,0.009426115
1145,1.0941336,0.7502461,1.0076813,0.73699015,0.086452365,0.013255954
1146,0.021066898,0.11296225,0.04453703,0.032472976,-0.023470132,0.08048928
1147,0.7224783,0.32339206,0.434791,0.3182857,0.28768727,0.0051063597
1148,0.12869136,0.09949475,0.11600975,0.091221765,0.012681611,0.008272983
1149,0.047284815,0.03591682,0.027307743,0.019516839,0.019977072,0.016399981
1150,0.04193639,-0.05866393,0.03649238,0.019513423,0.005444009,-0.078177355
1151,0.047839724,0.029509004,0.046816327,0.019756837,0.0010233968,0.009752167
1152,0.69888633,0.44649455,0.6008683,0.42232895,0.09801805,0.0241656
1153,0.7311184,0.45407668,0.63512945,0.47392228,0.09598893,-0.019845605
1154,0.55199474,0.2712001,0.30110377,0.21916935,0.25089097,0.052030742
1155,0.21208772,0.124679245,0.19410563,0.13643642,0.017982095,-0.011757173
1156,0.047711343,0.034706745,0.03997367,0.032149006,0.007737674,0.0025577396
1157,0.72945505,0.4101595,0.5450215,0.39381832,0.18443358,0.01634118
1158,0.089345604,0.07516806,0.068065174,0.05038321,0.02128043,0.024784848
1159,0.9784829,0.57966894,0.8621222,0.57784206,0.116360724,0.0018268824
1160,0.023539433,-0.015756913,0.024377821,0.015823333,-0.00083838776,-0.031580247
1161,0.07505185,0.061692614,0.063793,0.051364068,0.011258848,0.010328546
1162,0.030185673,0.14996174,0.029649882,0.019258952,0.00053579174,0.1307028
1163,0.04812358,0.07055592,0.05201076,0.040514335,-0.0038871802,0.030041583
1164,0.9299357,0.6098642,0.81588775,0.62051845,0.114047945,-0.010654271
1165,0.054847065,0.00033546874,0.04148405,0.028285554,0.013363015,-0.027950086
1166,1.012295,0.6766672,0.9007843,0.6644973,0.111510694,0.012169898
1167,0.97549874,0.6049465,0.8176325,0.61035424,0.15786624,-0.0054077506
1168,0.117468804,0.1888806,0.11405368,0.08343646,0.0034151226,0.10544413
1169,0.04504579,0.12978907,0.06481652,0.0427258,-0.01977073,0.08706327
1170,0.01120671,-0.011833336,0.008831749,0.0070665865,0.002374961,-0.018899923
1171,0.59311855,0.3795989,0.4906074,0.334907,0.10251114,0.04469189
1172,0.85112345,0.49273598,0.6376762,0.46848613,0.21344727,0.024249852
1173,0.103258334,0.027418008,0.08963429,0.05697593,0.013624042,-0.029557923
1174,0.12195959,0.12066751,0.11789315,0.06237633,0.0040664375,0.05829118
1175,0.05951339,0.03344306,0.03668293,0.028028185,0.02283046,0.005414875
1176,0.057668388,0.04977912,0.05550398,0.049167648,0.0021644086,0.0006114729
1177,0.6599367,0.4696992,0.5858609,0.4005371,0.07407582,0.0691621
1178,0.82437295,0.45522198,0.6843613,0.44231614,0.14001167,0.012905836
1179,-0.016995376,-0.008277724,0.009041399,0.0073277676,-0.026036775,-0.015605491
1180,0.030862493,0.012441131,0.030738898,0.021191573,0.00012359582,-0.0087504415
1181,0.757803,0.49711338,0.6574518,0.4850012,0.100351214,0.01211217
1182,0.023475347,0.057224106,0.016704751,0.015354406,0.006770596,0.0418697
1183,0.8051809,0.37365338,0.48164096,0.32051766,0.32353994,0.053135723
1184,0.03655647,0.014789029,0.018664204,0.015371967,0.017892268,-0.0005829381
1185,0.5510029,0.2861333,0.39169452,0.2668957,0.1593084,0.019237578
1186,0.024240479,0.04648865,0.018089458,0.015797613,0.0061510205,0.030691037
1187,0.06591741,0.08362605,0.05521811,0.044912826,0.010699298,0.03871322
1188,0.6776709,0.53261465,0.62598795,0.44202137,0.05168295,0.09059328
1189,0.16497715,0.09899602,0.1429059,0.104186326,0.022071242,-0.0051903054
1190,0.036850944,0.025502779,0.026183339,0.023189025,0.010667605,0.0023137536
1191,0.07488088,0.019315433,0.05603833,0.037920214,0.018842552,-0.018604781
1192,0.83915925,0.5324794,0.7395248,0.5199619,0.09963447,0.012517512
1193,0.9882261,0.7031299,0.9081146,0.6774273,0.0801115,0.025702596
1194,0.68467057,0.4532466,0.60851264,0.43134114,0.07615793,0.021905452
1195,0.026622152,-0.031337563,0.03153732,0.017492795,-0.0049151685,-0.04883036
1196,1.0357555,0.73946214,0.8527815,0.6545592,0.18297404,0.08490294
1197,0.08162739,0.09155258,0.0770733,0.06537478,0.004554093,0.026177801
1198,0.0075616394,0.024015926,0.017559865,0.017815005,-0.009998227,0.006200921
1199,0.010332148,-0.037501883,0.015943943,0.0082411375,-0.005611795,-0.04574302
1200,0.12964962,0.074451484,0.10481115,0.076479375,0.024838477,-0.0020278916
1201,1.1608309,0.80826586,1.0267876,0.76443976,0.13404322,0.043826103
1202,-0.03281976,0.11161792,0.008233229,0.0027541681,-0.04105299,0.108863756
1203,-0.02829405,0.11302209,0.011951902,0.0048264684,-0.04024595,0.10819562
1204,0.8728503,0.5614619,0.74987465,0.5691315,0.12297565,-0.007669568
1205,0.88295275,0.49489617,0.73323786,0.4766848,0.14971489,0.018211365
1206,-0.014569547,0.014154746,0.013701197,0.011212289,-0.028270744,0.0029424569
1207,0.5877231,0.23217855,0.3299521,0.25044736,0.257771,-0.018268809
1208,0.09986133,0.028213352,0.09807266,0.06496146,0.0017886683,-0.03674811
1209,1.2589711,0.7132602,1.0348322,0.7130974,0.22413886,0.00016278028
1210,0.016622696,-0.038058106,0.02992738,0.014009391,-0.013304684,-0.052067496
1211,-0.019107176,0.099103086,0.009955701,0.0067866566,-0.029062878,0.09231643
1212,0.07865938,0.029256273,0.058556627,0.051527835,0.02010275,-0.022271562
1213,0.051283516,-0.014926672,0.047630206,0.02480976,0.0036533102,-0.03973643
1214,0.8165178,0.5258629,0.70515627,0.51407194,0.1113615,0.011790931
1215,0.0862348,0.1406364,0.09810591,0.072434105,-0.011871107,0.068202294
1216,-0.00077978685,-0.0006232908,0.034659572,0.016861437,-0.035439357,-0.017484728
1217,0.07330938,0.055795625,0.06332648,0.040404238,0.009982899,0.015391387
1218,0.025724914,0.040162396,0.018882457,0.011575772,0.0068424568,0.028586622
1219,0.082523614,0.055563208,0.059114564,0.04133762,0.02340905,0.014225587
1220,0.05479781,-0.0014603352,0.037536632,0.023661321,0.017261177,-0.025121655
1221,1.4687911,0.997155,1.3516971,0.9139453,0.11709404,0.08320969
1222,0.019177582,0.014686308,0.016444491,0.012681033,0.002733091,0.0020052744
1223,0.034499485,-0.024755705,0.04541455,0.031330094,-0.010915063,-0.0560858
1224,0.5662723,0.37374285,0.45944253,0.3374978,0.10682979,0.036245048
1225,0.0007501456,-0.01962349,0.016202472,0.010209727,-0.015452326,-0.029833216
1226,1.0116018,0.5710388,0.6806771,0.49194795,0.3309247,0.07909083
1227,0.5876484,0.46067178,0.52127343,0.39244825,0.06637496,0.068223536
1228,0.75690377,0.31487662,0.58031344,0.35403007,0.17659032,-0.039153457
1229,1.5422399,0.5528912,1.0836596,0.5960637,0.45858026,-0.04317248
1230,0.05657023,0.0018341556,0.05472173,0.036743425,0.0018484965,-0.03490927
1231,0.99590296,0.61035776,0.831968,0.58030134,0.16393495,0.030056417
1232,0.6595719,0.34185016,0.38867337,0.28434348,0.27089852,0.05750668
1233,-0.0035004774,0.11206886,0.024668148,0.013860112,-0.028168626,0.09820875
1234,-0.044808146,0.14835232,0.01239071,0.0025753644,-0.057198856,0.14577696
1235,0.8365127,0.5510119,0.7336918,0.5558722,0.10282087,-0.004860282
1236,0.54478604,0.35261586,0.44665265,0.32829502,0.098133385,0.02432084
1237,0.042826783,0.01043372,0.04062954,0.027598143,0.0021972433,-0.017164422
1238,-0.01026059,-0.058262788,0.005965339,-0.0017694229,-0.01622593,-0.056493364
1239,0.05490619,0.03284652,0.036189973,0.02841712,0.018716216,0.004429402
1240,0.030476332,-0.023997705,0.033279076,0.020281363,-0.0028027445,-0.04427907
1241,-0.0213375,0.105363734,0.015523038,0.0060318005,-0.036860537,0.09933193
1242,0.062416404,0.03975928,0.037250463,0.028263872,0.025165942,0.011495406
1243,0.019923918,0.077143624,0.030162973,0.022967288,-0.010239055,0.054176338
1244,0.036369976,0.03888638,0.016991451,0.01518163,0.019378524,0.023704749
1245,0.08696293,0.05521833,0.08034971,0.06655507,0.0066132173,-0.011336736
1246,0.7433841,0.507618,0.6820426,0.49624488,0.061341524,0.0113731325
1247,0.056296397,0.091634795,0.060876776,0.043608155,-0.0045803785,0.04802664
1248,-0.005791339,0.1555548,0.0332514,0.01943349,-0.03904274,0.13612132
1249,0.27083215,0.21893205,0.26317358,0.20028013,0.007658571,0.018651918
1250,0.02773472,0.06151016,0.01510852,0.014940891,0.012626199,0.04656927
1251,0.031261843,0.12465391,0.04779944,0.027122572,-0.016537596,0.09753134
1252,0.029176924,0.00221199,0.012618773,0.0097223045,0.016558152,-0.0075103147
1253,0.07809605,0.03894708,0.05943912,0.041808516,0.018656928,-0.0028614365
1254,-0.019492049,0.013174326,0.011461774,0.009656717,-0.030953823,0.003517609
1255,0.04256934,0.05073436,0.036102336,0.022054365,0.0064670034,0.028679995
1256,1.1224258,0.532016,0.71658385,0.5776851,0.40584195,-0.04566914
1257,0.10830084,0.079263195,0.09793749,0.07474771,0.010363355,0.004515484
1258,0.049226824,0.031718954,0.047529258,0.030691212,0.0016975664,0.0010277424
1259,0.026843742,0.00429707,0.047398914,0.03235683,-0.020555172,-0.028059758
1260,0.7579071,0.44957328,0.6600127,0.4613773,0.09789437,-0.011804014
1261,-0.014268983,0.0032630316,0.02793942,0.018958932,-0.042208403,-0.0156959
1262,0.96295565,0.40309346,0.5932342,0.3750128,0.36972147,0.028080672
1263,0.039539006,-0.021403585,0.040627565,0.026241632,-0.0010885596,-0.04764522
1264,0.5916136,0.3748547,0.5052028,0.34266254,0.08641082,0.03219217
1265,0.010289187,-0.002243981,0.005143478,0.004910787,0.0051457086,-0.0071547683
1266,0.80917364,0.47591764,0.6298876,0.46226907,0.17928606,0.01364857
1267,1.4863772,0.87414527,1.3089119,0.90846604,0.17746532,-0.03432077
1268,1.359026,0.837019,1.2796267,0.8311356,0.07939923,0.0058834553
1269,0.022157993,0.06577765,0.019597862,0.017731119,0.0025601313,0.048046533
1270,0.016422976,0.006947056,0.037871674,0.022512019,-0.021448698,-0.015564963
1271,0.028341895,0.051397905,0.021894319,0.016917465,0.006447576,0.034480438
1272,0.8123561,0.50334144,0.6907924,0.5103656,0.12156373,-0.007024169
1273,0.046972144,0.008052209,0.033819973,0.02454036,0.013152171,-0.01648815
1274,-0.030222097,0.12255769,0.014567166,0.009508681,-0.044789262,0.113049015
1275,0.049185067,0.047805384,0.014852209,0.012641022,0.034332857,0.035164364
1276,0.14896064,0.052782003,0.12517336,0.08467021,0.023787275,-0.031888206
1277,0.74207765,0.39965984,0.6111952,0.39271024,0.13088244,0.0069496036
1278,0.043120626,0.045929205,0.06695168,0.06083085,-0.02383105,-0.0149016455
1279,0.71002394,0.14700767,0.27304983,0.17011733,0.4369741,-0.02310966
1280,0.57057893,0.30167273,0.4112264,0.3050203,0.15935254,-0.0033475757
1281,0.694657,0.26858696,0.49734697,0.33698085,0.19731006,-0.068393886
1282,0.07769862,0.15621136,0.07433024,0.046174373,0.0033683777,0.110036984
1283,-0.0305628,0.11549383,0.011907232,0.005339012,-0.04247003,0.110154815
1284,0.7167637,0.4768358,0.6429974,0.47306806,0.07376629,0.0037677288
1285,0.8214277,0.4542851,0.6962457,0.43247852,0.12518203,0.021806568
1286,0.6915054,0.49051175,0.5304918,0.39913705,0.16101354,0.091374695
1287,1.09167,0.7486276,0.9823818,0.71569085,0.109288216,0.03293675
1288,0.017259466,0.11018645,0.03726437,0.026394123,-0.020004904,0.08379233
1289,0.08031757,0.010001862,0.06823965,0.04943538,0.01207792,-0.039433517
1290,0.7030195,0.4566856,0.6677005,0.4875556,0.03531897,-0.03086999
1291,0.01966729,0.039060995,0.010069101,0.01001749,0.009598189,0.029043505
1292,0.005567626,0.13960403,0.045590088,0.029641526,-0.040022463,0.10996251
1293,0.13513319,0.08197123,0.12364277,0.09885774,0.0114904195,-0.01688651
1294,0.12521736,0.09706086,0.11771097,0.0973372,0.007506393,-0.00027634203
1295,0.029638512,0.024454845,0.013191075,0.010691819,0.016447436,0.013763026
1296,0.029880231,0.011660781,0.031860594,0.021398555,-0.0019803625,-0.009737775
1297,0.0069983825,0.034337357,0.009182495,0.0041046394,-0.0021841126,0.030232716
1298,0.01453619,0.08650631,0.015165407,0.012326378,-0.00062921736,0.07417993
1299,0.06259542,0.064236924,0.052133963,0.038286284,0.010461457,0.02595064
1300,0.9639596,0.6758824,0.8888452,0.63317,0.07511437,0.04271239
1301,0.036635686,0.14177202,0.046877436,0.028943129,-0.010241751,0.11282889
1302,0.04371868,0.03341887,0.03724997,0.028178906,0.0064687096,0.0052399654
1303,0.04803738,0.0435329,0.037294757,0.024072625,0.010742623,0.019460276
1304,0.10979288,0.08020152,0.09138611,0.0648233,0.018406771,0.015378222
1305,0.85653955,0.6376173,0.79255617,0.56746066,0.06398338,0.070156634
1306,0.0060077086,0.13273287,0.03469495,0.022659848,-0.028687242,0.11007302
1307,1.2948982,1.0347631,1.2157815,1.0233682,0.0791167,0.011394858
1308,0.06508845,-0.00712715,0.060672008,0.040308785,0.0044164434,-0.047435936
1309,0.030585939,-0.0020887244,0.043726988,0.024019772,-0.013141049,-0.026108496
1310,0.02246974,0.041982032,0.024003891,0.021392321,-0.0015341509,0.020589711
1311,0.047997646,-0.016176512,0.05762804,0.03203496,-0.009630393,-0.04821147
1312,0.032050032,0.070097946,0.02396729,0.012885851,0.008082742,0.057212096
1313,0.12099622,0.1072574,0.112840414,0.08484034,0.008155808,0.022417061
1314,0.08921325,0.04070261,0.08214453,0.053709317,0.0070687234,-0.013006706
1315,0.053235658,0.041010864,0.05123521,0.030509256,0.0020004474,0.010501608
1316,0.01951677,0.12579453,0.049245205,0.026784128,-0.029728435,0.0990104
1317,0.5779967,0.40739578,0.4836548,0.3509904,0.094341874,0.056405365
1318,1.2795304,0.7883088,1.1976006,0.7930624,0.0819298,-0.0047535896
1319,0.046095863,0.08087834,0.029514447,0.032453373,0.016581416,0.048424967
1320,0.011580928,0.2184806,0.04184426,0.032352403,-0.03026333,0.1861282
1321,0.52808666,0.3837232,0.45006207,0.32462254,0.078024596,0.059100658
1322,0.031431578,0.07222433,0.020233076,0.013981118,0.011198502,0.058243208
1323,0.56499535,0.25560412,0.37843454,0.27072626,0.18656081,-0.015122145
1324,0.047094654,0.0421637,0.035477094,0.031103844,0.01161756,0.011059856
1325,0.8537413,0.5205779,0.71074724,0.5261994,0.14299405,-0.005621493
1326,0.21817517,0.13115916,0.17953292,0.12204829,0.038642257,0.009110868
1327,0.036734845,0.020877596,0.032122906,0.023491018,0.004611939,-0.0026134215
1328,0.8781858,0.46913722,0.6514888,0.4613525,0.22669703,0.0077847242
1329,0.036792193,0.12560864,0.03854398,0.023482015,-0.001751788,0.10212662
1330,0.5976804,0.36072364,0.48098212,0.35197502,0.116698265,0.008748621
1331,0.047495093,0.13378952,0.06190317,0.04160586,-0.014408078,0.092183664
1332,0.09792493,0.06293554,0.07324359,0.05868133,0.024681345,0.004254207
1333,0.5957646,0.38000932,0.4651266,0.35018173,0.13063797,0.029827595
1334,0.03825977,-0.0037802851,0.041872147,0.025574088,-0.0036123767,-0.029354373
1335,0.79774976,0.5599975,0.7435875,0.55720496,0.054162264,0.0027925372
1336,0.59304374,0.30438086,0.4164505,0.3109547,0.17659324,-0.006573826
1337,0.5401777,0.24719904,0.3890118,0.25862542,0.1511659,-0.011426374
1338,0.19276616,0.21135104,0.20043795,0.16228738,-0.0076717883,0.049063653
1339,0.09137006,0.09317828,0.091942005,0.06595891,-0.0005719438,0.02721937
1340,0.009902269,-0.029956624,0.013605568,0.0012978362,-0.003703299,-0.03125446
1341,0.25806305,0.17934047,0.24111652,0.16360827,0.016946524,0.015732199
1342,0.043529384,0.004730165,0.03487797,0.02524541,0.008651413,-0.020515244
1343,0.79603744,0.6479532,0.7447074,0.58645153,0.05133003,0.06150168
1344,0.04682495,0.02644196,0.027772248,0.019557435,0.019052703,0.0068845246
1345,-0.00013674895,-0.060478795,0.008019211,0.0015471241,-0.00815596,-0.06202592
1346,1.0585912,0.76517296,0.98210996,0.7617577,0.07648128,0.0034152865
1347,0.19322467,0.13524641,0.1676047,0.12735716,0.025619969,0.007889256
1348,0.006726555,0.043077823,0.007164118,0.0073505845,-0.00043756282,0.03572724
1349,-0.005266783,0.01229797,0.02925333,0.019922065,-0.034520112,-0.0076240944
1350,0.004156722,0.15483959,0.03639504,0.013574601,-0.032238316,0.14126499
1351,1.1515913,0.65922266,0.9789408,0.6391632,0.17265052,0.020059466
1352,0.03419655,0.035114277,0.026645416,0.019093882,0.007551132,0.016020395
1353,0.037962377,0.14484173,0.07375895,0.03330882,-0.035796575,0.11153291
1354,0.045612913,-0.020697277,0.044796217,0.02425059,0.0008166954,-0.044947866
1355,0.66493285,0.4763556,0.62741154,0.46976224,0.037521303,0.0065933764
1356,0.0026253792,-0.04343829,0.013170387,0.007164764,-0.010545008,-0.050603054
1357,0.047472455,0.17527571,0.031530965,0.023369148,0.01594149,0.15190656
1358,0.015031144,0.011019977,0.0209369,0.016475873,-0.0059057567,-0.0054558963
1359,0.15275829,0.117399506,0.13062058,0.093104,0.022137702,0.024295509
1360,0.10122373,0.031295568,0.08126435,0.057390343,0.019959383,-0.026094776
1361,0.04673012,-0.030870542,0.038543086,0.01989656,0.008187033,-0.0507671
1362,0.06870978,0.077204086,0.06476467,0.05175827,0.003945112,0.025445815
1363,1.1124735,0.7012814,1.011618,0.69810295,0.10085547,0.0031784773
1364,0.6796587,0.37661,0.5794321,0.3590998,0.10022664,0.017510206
1365,0.02772136,0.011854408,0.027453322,0.01614466,0.00026803836,-0.004290251
1366,0.8305192,0.48175818,0.74902976,0.48693195,0.081489444,-0.0051737726
1367,0.4105811,0.22888963,0.32539603,0.21858202,0.08518508,0.01030761
1368,0.0542206,0.05146966,0.033087358,0.02684961,0.02113324,0.02462005
1369,1.4262202,0.88106114,1.1485553,0.8396606,0.2776649,0.04140055
1370,0.09760511,0.08393253,0.09186495,0.060994577,0.0057401583,0.02293795
1371,0.05315558,0.062605254,0.046860307,0.03356446,0.006295271,0.029040795
1372,0.71542025,0.44459015,0.5981164,0.4577781,0.11730385,-0.013187945
1373,0.92562467,0.47765332,0.70581937,0.5180207,0.2198053,-0.040367365
1374,0.010055549,-0.022916783,0.02340052,0.009712335,-0.013344971,-0.032629117
1375,0.019648304,0.110742085,0.018495303,0.013552555,0.0011530016,0.09718953
1376,0.047880247,0.14711352,0.06990801,0.050290324,-0.02202776,0.09682319
1377,0.014273908,0.19729291,0.04090004,0.03530168,-0.026626132,0.16199122
1378,0.8488456,0.5498778,0.73776007,0.5543883,0.111085534,-0.0045104623
1379,0.67807376,0.4160466,0.63180935,0.42682213,0.04626441,-0.010775536
1380,0.08152018,0.072168775,0.07484202,0.05748376,0.0066781566,0.014685016
1381,0.028427983,-0.027793298,0.03813431,0.01992405,-0.009706328,-0.047717348
1382,1.2182462,0.7626909,1.1101694,0.7618164,0.10807681,0.00087451935
1383,0.08395711,0.06605169,0.080356315,0.064050466,0.0036007985,0.002001226
1384,0.71382815,0.442395,0.6224253,0.4266201,0.09140283,0.015774906
1385,0.015598067,-0.0051537254,0.024674805,0.015517537,-0.009076738,-0.020671261
1386,0.033190135,0.042891037,0.047592353,0.03638973,-0.014402218,0.006501306
1387,1.0632788,0.6201051,0.8276379,0.5234663,0.23564088,0.0966388
1388,0.7658734,0.1240512,0.17921095,0.13319398,0.5866624,-0.009142786
1389,0.015712138,-0.022395236,0.030499833,0.018871974,-0.014787694,-0.04126721
1390,0.05264503,0.057128668,0.0595226,0.046006694,-0.0068775676,0.011121973
1391,0.017540514,0.1155437,0.03977858,0.027054712,-0.022238065,0.08848899
1392,0.006302874,-0.01507691,0.012536861,0.012272268,-0.006233987,-0.027349178
1393,0.7212515,0.27581522,0.42174515,0.25820905,0.29950634,0.017606169
1394,-0.016759397,0.18961744,0.012126769,0.00856183,-0.028886165,0.1810556
1395,0.44012466,0.3536598,0.36275697,0.27824843,0.07736769,0.07541138
1396,-0.040111054,0.15849902,0.021406312,0.008518431,-0.061517365,0.14998059
1397,0.08650827,0.1866876,0.08320795,0.060394425,0.0033003166,0.12629318
1398,0.0028319512,-0.028108206,0.015845755,0.009041266,-0.013013804,-0.03714947
1399,0.64171416,0.419087,0.54620135,0.3918693,0.09551281,0.027217686
1400,0.019812293,0.04245516,0.018322801,0.01360903,0.0014894921,0.02884613
1401,0.04255451,0.059285365,0.04081338,0.03180171,0.0017411299,0.027483653
1402,-0.013058032,-0.053661678,0.01820881,0.005834731,-0.031266842,-0.05949641
1403,1.1348978,0.7295871,0.97706604,0.76090354,0.15783179,-0.03131646
1404,0.83359605,0.5104512,0.66619706,0.40576538,0.16739899,0.10468581
1405,0.018529534,0.023001472,0.022316689,0.020028709,-0.0037871543,0.002972763
1406,0.06546865,0.062716156,0.059265647,0.04865219,0.0062029995,0.0140639655
1407,0.013340039,-0.03765961,0.024062784,0.013009541,-0.010722745,-0.050669152
1408,0.20302148,0.15832779,0.18338856,0.13259274,0.01963292,0.02573505
1409,0.86837876,0.5826624,0.8276842,0.5658325,0.040694535,0.016829908
1410,0.012331072,0.06689823,0.018941391,0.015229707,-0.006610319,0.05166852
1411,0.1318045,0.08742715,0.12582399,0.08753536,0.0059805065,-0.00010821223
1412,0.9359671,0.50164455,0.6873742,0.45111004,0.24859291,0.050534517
1413,0.56173533,0.24281457,0.36112663,0.23479925,0.2006087,0.00801532
1414,0.76550305,0.47087654,0.6799248,0.47002393,0.08557826,0.00085261464
1415,0.7846732,0.4794534,0.6241276,0.454511,0.16054559,0.024942428
1416,0.025846845,0.035278074,0.016544055,0.015689246,0.009302789,0.019588828
1417,0.9330413,0.6378274,0.7924663,0.57208633,0.14057499,0.06574106
1418,0.12564154,0.17749175,0.113077596,0.07856561,0.012563944,0.09892614
1419,0.047536362,0.015923502,0.039890952,0.029041674,0.0076454096,-0.013118172
1420,0.91048324,0.516809,0.75574356,0.53088397,0.15473968,-0.014074981
1421,0.7313578,0.36925045,0.52175635,0.34364974,0.20960146,0.025600702
1422,0.08162686,0.05123264,0.075801924,0.054673024,0.0058249384,-0.0034403838
1423,0.029780952,-0.0053352355,0.04442126,0.028988892,-0.014640307,-0.03432413
1424,0.015507802,0.0018590138,0.041201808,0.026646025,-0.025694005,-0.024787012
1425,0.09077341,0.035567958,0.06552299,0.04778947,0.02525042,-0.012221511
1426,0.06882276,0.042418547,0.047631856,0.029399872,0.0211909,0.013018675
1427,0.77121204,0.39314902,0.47537217,0.3509188,0.29583988,0.04223022
1428,0.39593032,0.27340823,0.34639725,0.25547758,0.04953307,0.017930657
1429,-0.018673796,0.013246148,0.010358916,0.008970225,-0.029032711,0.0042759227
1430,0.16939236,0.121051244,0.15360391,0.104902565,0.01578845,0.016148679
1431,0.5062506,0.31874013,0.4447173,0.331374,0.061533332,-0.01263386
1432,0.69251275,0.48109633,0.5923295,0.4384568,0.10018325,0.042639524
1433,0.817915,0.5378427,0.7107242,0.5203877,0.10719085,0.017454982
1434,0.5045176,0.313112,0.4196362,0.31508893,0.084881425,-0.001976937
1435,0.8805439,0.6257812,0.75128436,0.5514923,0.12925953,0.074288905
1436,0.009791559,0.085343055,0.02831104,0.014711603,-0.018519482,0.07063145
1437,0.14667334,0.100100785,0.13282163,0.083978,0.013851702,0.016122788
1438,0.8165397,0.48831123,0.73846334,0.52311206,0.07807636,-0.034800828
1439,0.06351464,0.0095474105,0.04620581,0.030167876,0.017308831,-0.020620465
1440,0.91343236,0.15552638,0.36399356,0.28153834,0.54943883,-0.12601195
1441,0.049484957,0.05900933,0.048730526,0.033409607,0.0007544309,0.025599722
1442,0.12982638,0.08415839,0.102108754,0.077085525,0.027717628,0.007072866
1443,0.6473303,0.3323048,0.41745576,0.26688278,0.22987452,0.06542203
1444,0.022581983,0.0039758477,0.014765065,0.005582996,0.007816918,-0.0016071484
1445,0.85344523,0.30535108,0.58582133,0.36895108,0.2676239,-0.0636
1446,0.028274272,0.040495552,0.0302773,0.017340606,-0.002003029,0.023154946
1447,0.013639187,-0.0020458105,0.015659567,0.009609016,-0.0020203795,-0.011654826
1448,0.050148197,0.034434117,0.043860227,0.025270123,0.0062879696,0.009163994
1449,0.9181974,0.5781449,0.767328,0.5482494,0.15086937,0.029895484
1450,0.07913314,0.08220538,0.0742324,0.059100922,0.0049007386,0.023104455
1451,0.029370302,0.022327097,0.010594972,0.00849434,0.018775329,0.013832757
1452,0.14977859,0.09592953,0.13849409,0.09900702,0.0112845,-0.0030774847
1453,-0.029881189,0.12154705,0.012213274,0.00498492,-0.04209446,0.11656213
1454,0.9700218,0.6429697,0.90979475,0.66787606,0.060227036,-0.024906337
1455,0.033169243,0.020845223,0.0195634,0.0067428965,0.013605844,0.014102327
1456,0.38142788,0.2734065,0.32625145,0.24367437,0.055176437,0.029732138
1457,0.008476501,0.24442084,0.042101126,0.02936183,-0.033624627,0.21505901
1458,0.8235336,0.4662933,0.58551514,0.42009175,0.23801845,0.046201557
1459,0.19546594,0.12993136,0.19562191,0.13955423,-0.00015597045,-0.009622872
1460,0.07552852,0.070054196,0.05867742,0.04776306,0.016851097,0.022291135
1461,0.06508337,0.054173492,0.032405235,0.014722092,0.032678135,0.039451398
1462,0.5935798,0.4358021,0.49642396,0.3679169,0.09715587,0.06788519
1463,0.008798505,0.12360052,0.03278093,0.020468926,-0.023982424,0.10313159
1464,0.0147490585,0.031379912,0.014288143,0.011966684,0.00046091527,0.01941323
1465,1.1333975,0.72231126,1.0548167,0.79407614,0.07858074,-0.07176489
1466,0.117493294,0.12188273,0.10694845,0.07762043,0.010544844,0.044262297
1467,0.37409022,0.2842547,0.35778308,0.23789556,0.016307145,0.046359137
1468,0.18467471,0.1296794,0.16557719,0.11352484,0.019097522,0.016154557
1469,0.012433752,0.15038078,0.011831417,0.011013456,0.00060233567,0.13936731
1470,-0.027948665,0.11855239,0.016074114,0.008219101,-0.044022776,0.110333286
1471,0.027546847,-0.012879462,0.04063147,0.02592389,-0.013084622,-0.03880335
1472,0.8637781,0.50656974,0.7651828,0.50095195,0.09859532,0.0056177974
1473,0.93113154,0.57128334,0.83251494,0.5841107,0.0986166,-0.012827337
1474,0.05900731,0.042178195,0.041519772,0.030989602,0.017487537,0.011188593
1475,-0.00035647032,-0.042756293,0.01045472,0.0046331496,-0.01081119,-0.047389444
1476,0.059651114,0.034985505,0.04446873,0.027392833,0.015182383,0.0075926725
1477,0.0011284252,0.13093667,0.021677773,0.012822742,-0.020549348,0.11811393
1478,0.004629771,-0.058990452,0.018741762,0.005800705,-0.014111991,-0.06479116
1479,-0.0049855043,0.0126775075,0.008207879,0.007288249,-0.013193384,0.0053892583
1480,0.8435941,0.552967,0.74714506,0.53610796,0.09644902,0.016859055
1481,0.74446785,0.5276854,0.64184916,0.4619688,0.102618694,0.065716594
1482,0.09011893,0.032275215,0.07752285,0.050012708,0.012596078,-0.017737493
1483,0.16830218,0.2081731,0.15619393,0.11388183,0.012108251,0.09429127
1484,0.05402538,0.08091757,0.05106991,0.041282147,0.0029554702,0.03963542
1485,0.027672019,-0.0065408573,0.041942615,0.02748188,-0.014270596,-0.034022737
1486,0.9187232,0.5017004,0.7656241,0.5188096,0.15309912,-0.017109215
1487,1.3662269,0.69829446,1.2019036,0.76613504,0.16432333,-0.067840576
1488,0.01732724,-0.018302476,0.02834648,0.019178322,-0.011019241,-0.037480798
1489,0.9918212,0.47723258,0.82082886,0.5063508,0.17099237,-0.02911824
1490,0.07007723,0.044350646,0.04970656,0.034525838,0.020370673,0.009824809
1491,0.013177896,0.2015291,0.029117014,0.024789166,-0.015939118,0.17673993
1492,0.7301984,0.33937263,0.5562369,0.3637064,0.17396146,-0.024333775
1493,0.7842266,0.46462357,0.6015849,0.46500328,0.18264169,-0.0003797114
1494,0.12645876,0.12069927,0.12731193,0.084008284,-0.000853166,0.036690988
1495,0.039465114,-0.010178214,0.03690009,0.021468617,0.0025650263,-0.031646833
1496,0.041020945,0.04725744,0.0478298,0.030752452,-0.0068088546,0.016504986
1497,0.30050147,0.1801661,0.28749648,0.17386241,0.013004988,0.006303683
1498,0.03656353,0.0037848898,0.038484007,0.024763338,-0.0019204766,-0.020978449
1499,1.01301,0.5157175,0.6365176,0.40425578,0.37649244,0.11146173
1500,0.6853782,0.43734398,0.59640443,0.44350758,0.08897376,-0.006163597
1501,0.02396474,0.10939701,0.014180225,0.010121651,0.009784515,0.09927536
1502,0.07259993,-0.0048773526,0.073244736,0.042793687,-0.00064480305,-0.04767104
1503,0.054433905,-0.0050140694,0.058568466,0.03870446,-0.004134562,-0.043718528
1504,0.8684262,0.5032188,0.69958776,0.47345838,0.16883844,0.02976045
1505,1.0413406,0.62942314,0.9631685,0.6271319,0.07817209,0.0022912621
1506,0.7968971,0.5393089,0.7285869,0.5305473,0.0683102,0.008761585
1507,1.0673134,-0.0216473,0.1972665,0.10194865,0.8700469,-0.12359595
1508,0.18051054,0.19689827,0.18445253,0.1524872,-0.003941998,0.044411063
1509,0.04898314,0.07045568,0.050132938,0.040843353,-0.001149796,0.029612325
1510,0.5267973,0.20697455,0.28953037,0.20535249,0.23726693,0.0016220659
1511,1.1420232,0.6750261,1.0242736,0.6623108,0.11774957,0.01271534
1512,-0.012334645,0.13449304,0.027605535,0.014922216,-0.03994018,0.11957082
1513,0.027776552,0.047819212,0.0335409,0.029494872,-0.0057643484,0.01832434
1514,0.035287302,0.04162883,0.014027494,0.010383462,0.021259807,0.03124537
1515,0.17381047,0.13552845,0.15338376,0.09434758,0.020426705,0.041180864
1516,0.054451916,0.03419151,0.04274661,0.032718297,0.011705305,0.0014732145
1517,0.52921784,0.40815374,0.44401246,0.3163376,0.085205376,0.09181616
1518,0.40326145,0.2322737,0.31426305,0.23025027,0.08899841,0.0020234287
1519,0.089708135,0.06869255,0.07983382,0.049067426,0.009874314,0.019625124
1520,0.086753495,0.036199365,0.075627066,0.042189136,0.011126429,-0.0059897713
1521,0.08766246,0.075736746,0.070869535,0.04676175,0.016792923,0.028974995
1522,0.050345413,0.033549026,0.037641373,0.027265517,0.012704041,0.0062835086
1523,0.62268263,0.39041683,0.47491768,0.3554038,0.14776495,0.03501302
1524,0.052936684,0.0334015,0.042208478,0.0315116,0.0107282065,0.0018898994
1525,0.9483598,0.35976034,0.6664568,0.4095615,0.28190297,-0.04980117
1526,0.021537675,0.00881325,0.028469639,0.020578396,-0.0069319643,-0.011765146
1527,0.63824165,0.38419318,0.49841687,0.35358536,0.13982478,0.03060782
1528,0.015337592,0.070521004,0.02312518,0.014961052,-0.007787587,0.05555995
1529,0.21752115,0.13573262,0.189216,0.13288762,0.028305143,0.0028450042
1530,0.12156096,0.12146263,0.11566865,0.094282515,0.005892314,0.027180113
1531,0.01931646,-0.023870459,0.02758962,0.017067827,-0.00827316,-0.040938288
1532,0.11179081,0.07388545,0.08929012,0.060563564,0.022500694,0.013321884
1533,0.07299029,0.02956853,0.07816485,0.058494624,-0.0051745623,-0.028926093
1534,1.3165011,0.03604267,0.53432626,0.3284648,0.7821749,-0.29242215
1535,0.044366643,0.032987516,0.04199687,0.031605065,0.0023697726,0.0013824515
1536,0.032648634,-0.020883214,0.033879355,0.015709972,-0.0012307204,-0.036593184
1537,0.030627323,0.05542749,0.0133888675,0.012295183,0.017238457,0.04313231
1538,0.08870478,0.06168056,0.07581246,0.053024303,0.012892321,0.008656256
1539,0.018949991,0.020030005,0.0074167806,0.006078779,0.01153321,0.013951225
1540,-0.019804379,-0.022443838,0.016996616,0.005688272,-0.036800995,-0.02813211
1541,0.9220681,0.5796948,0.8675383,0.55386996,0.054529846,0.025824845
1542,0.09270137,0.035473492,0.07833818,0.04937603,0.014363185,-0.0139025375
1543,0.07075846,0.063453525,0.050477296,0.035381217,0.020281166,0.028072309
1544,0.10041096,0.07916578,0.09436778,0.074389,0.006043181,0.004776776
1545,0.06740861,0.056357622,0.055291545,0.042420067,0.012117062,0.013937555
1546,0.1007876,0.06397301,0.08785504,0.061120488,0.012932561,0.0028525218
1547,-0.037880518,0.114758834,0.008057357,0.0024405813,-0.045937873,0.112318255
1548,1.1389942,0.34851494,0.3910082,0.32306996,0.747986,0.025444984
1549,0.7345475,0.41856486,0.6169761,0.43697557,0.11757141,-0.018410712
1550,0.9351964,0.6593334,0.87806803,0.63586926,0.05712837,0.023464143
1551,1.1713079,0.7971154,1.0774552,0.83674294,0.09385276,-0.039627552
1552,0.7984612,0.5716283,0.70776314,0.54446167,0.09069806,0.027166605
1553,0.75623256,0.4264577,0.6138008,0.41465127,0.14243174,0.011806428
1554,0.6005883,0.35325202,0.4541084,0.34806085,0.14647993,0.005191177
1555,0.013846583,0.087589316,0.011688089,0.009633338,0.0021584937,0.077955976
1556,0.034426205,0.02551374,0.034167353,0.022047332,0.0002588518,0.0034664087
1557,0.48547333,0.31310618,0.42472994,0.3024668,0.06074339,0.0106393695
1558,0.018324202,-0.00095533545,0.009434323,0.008843985,0.008889879,-0.009799321
1559,0.04236986,0.049991764,0.03259466,0.026304567,0.009775203,0.023687197
1560,0.75260127,0.23466426,0.28093183,0.21361472,0.47166944,0.021049544
1561,0.047849495,0.05086848,0.03271012,0.025577758,0.015139375,0.025290724
1562,-0.0068592895,0.005416053,0.01068808,0.010495283,-0.017547369,-0.00507923
1563,0.044605374,-0.021013413,0.029656153,0.015469976,0.014949221,-0.03648339
1564,0.042440757,-0.01486001,0.034271017,0.024365325,0.00816974,-0.039225332
1565,0.29242024,0.17444439,0.25764525,0.17434871,0.03477499,9.5680356e-05
1566,-0.01318893,-0.060062986,0.017239846,0.009409635,-0.030428777,-0.06947262
1567,0.030827591,0.061251685,0.021781981,0.010252123,0.00904561,0.050999563
1568,0.024607893,-0.0071784696,0.037386242,0.026336394,-0.012778349,-0.033514865
1569,0.7484158,0.5351809,0.6741666,0.51165396,0.07424921,0.023526967
1570,1.1814356,0.48305902,0.5918418,0.37091354,0.58959377,0.11214548
1571,0.1391119,0.11407779,0.13261817,0.08961909,0.0064937323,0.024458699
1572,0.75382483,0.42199925,0.66286135,0.39562285,0.09096348,0.026376396
1573,0.021374825,-0.021815281,0.031777762,0.019523261,-0.0104029365,-0.04133854
1574,0.10605786,0.05078883,0.09181694,0.062160455,0.014240921,-0.011371624
1575,0.55106014,0.28875777,0.40585113,0.2942929,0.14520901,-0.0055351257
1576,0.048689917,0.1346637,0.036880877,0.0333396,0.01180904,0.1013241
1577,0.024885274,0.016665323,0.021764379,0.02051437,0.0031208955,-0.0038490482
1578,0.028770296,0.047459878,0.02170604,0.019700674,0.007064257,0.027759204
1579,0.04814286,-0.0007466608,0.056175385,0.035108298,-0.008032523,-0.035854958
1580,-0.020268116,0.11777421,0.02164436,0.011747352,-0.041912474,0.10602686
1581,0.5632292,0.39919809,0.47266084,0.34555134,0.09056836,0.053646743
1582,0.8526086,0.54611355,0.7321592,0.54615116,0.120449424,-3.761053e-05
1583,0.3381701,0.2711557,0.307321,0.21778473,0.0308491,0.053370953
1584,0.7137004,0.39991888,0.4708167,0.30869806,0.24288371,0.091220826
1585,0.06786365,0.15313436,0.09109852,0.060450185,-0.023234867,0.09268418
1586,0.55134237,0.2825985,0.4319987,0.2970087,0.11934367,-0.014410198
1587,0.5383649,0.31613553,0.4362447,0.31027636,0.10212019,0.0058591664
1588,0.08925961,0.09898408,0.08288766,0.06101414,0.0063719526,0.03796994
1589,0.9848132,0.63311046,0.84416693,0.5705372,0.14064628,0.062573254
1590,0.08114195,0.10363935,0.08596448,0.059864745,-0.00482253,0.043774605
1591,0.7835161,0.5253203,0.7112941,0.50814176,0.072221994,0.017178535
1592,0.018304497,0.017621424,0.04745306,0.030863794,-0.029148564,-0.0132423695
1593,0.21544646,0.2243992,0.16804056,0.12479403,0.0474059,0.099605165
1594,0.011071936,-0.04537365,0.017734416,0.010142459,-0.0066624796,-0.05551611
1595,1.3950156,0.91725713,1.2005469,0.9103053,0.19446874,0.006951809
1596,0.04286506,0.046780884,0.06096847,0.051166162,-0.01810341,-0.0043852776
1597,0.76937985,0.49455383,0.6786776,0.48031557,0.090702236,0.014238268
1598,-0.012625464,-0.047337536,0.007121939,-5.046617e-05,-0.019747403,-0.04728707
1599,0.009014476,0.12017012,0.00759576,0.006995018,0.0014187163,0.1131751
1600,0.77575827,0.47415888,0.620679,0.44824922,0.15507925,0.025909662
1601,0.62168956,0.36703473,0.50673103,0.37677205,0.114958525,-0.009737313
1602,0.11743464,0.07985498,0.10553221,0.07723074,0.011902437,0.0026242435
1603,0.11031089,0.06764078,0.090120584,0.06026448,0.020190306,0.007376302
1604,0.10452091,0.032012556,0.09202079,0.051637,0.012500122,-0.019624446
1605,0.0515985,0.06482169,0.04675383,0.036068432,0.0048446693,0.028753258
1606,0.50873345,0.26437086,0.31415045,0.2301505,0.194583,0.034220353
1607,0.03785756,0.12096526,0.05297046,0.038376655,-0.015112903,0.0825886
1608,0.6450102,0.35014468,0.4962238,0.3697778,0.14878637,-0.019633114
1609,1.0267035,0.34242368,0.47038996,0.31590015,0.5563135,0.02652353
1610,0.033818208,-0.050087623,0.028188612,0.0059477896,0.0056295954,-0.056035414
1611,0.017830573,0.055194996,0.01384345,0.012491388,0.0039871233,0.042703606
1612,0.74896485,0.4683099,0.6522065,0.47238386,0.096758366,-0.0040739477
1613,0.028314551,0.041287567,0.022997841,0.010743964,0.00531671,0.030543603
1614,0.08611221,0.068582565,0.0832229,0.062091023,0.0028893054,0.006491542
1615,-5.8400612e-05,0.006025119,0.02431993,0.021662783,-0.024378331,-0.015637664
1616,0.03338416,-0.025899574,0.03360021,0.017451327,-0.00021605194,-0.0433509
1617,0.07063685,0.027342202,0.0486864,0.032955237,0.021950454,-0.0056130346
1618,0.72707134,0.47631794,0.6207205,0.44649863,0.10635084,0.02981931
1619,0.7049305,0.45007488,0.6203364,0.45889556,0.08459407,-0.008820683
1620,0.74110156,0.49406666,0.6593288,0.46771252,0.081772745,0.026354134
1621,0.9225672,0.6030958,0.85185456,0.6013872,0.070712626,0.0017086267
1622,1.084415,0.52524,0.7852991,0.5257411,0.29911584,-0.00050109625
1623,0.9095884,0.4750379,0.42084855,0.26046956,0.48873985,0.21456835
1624,0.40898532,0.35531655,0.35885188,0.25743952,0.050133437,0.097877026
1625,1.1167792,0.6540842,0.96286494,0.6253724,0.15391427,0.028711796
1626,0.75737184,0.42397308,0.65300727,0.41640353,0.104364574,0.0075695515
1627,0.17316161,0.14905807,0.16546167,0.113900766,0.0076999366,0.035157308
1628,0.012579057,-0.061805207,0.016092433,0.0042428346,-0.0035133753,-0.06604804
1629,1.5159311,0.7859914,1.3053918,0.8434027,0.21053934,-0.057411313
1630,0.6784991,0.49585825,0.6277093,0.46052098,0.050789773,0.03533727
1631,0.10887878,0.11808552,0.11169042,0.07451289,-0.0028116405,0.043572627
1632,0.06640609,0.04677879,0.051735535,0.03581663,0.014670558,0.010962162
1633,0.06348322,0.010128019,0.074130274,0.046213374,-0.010647051,-0.036085352
1634,0.6438925,0.33316875,0.5318369,0.32220635,0.1120556,0.010962397
1635,0.066434965,0.0097585805,0.06570093,0.049651276,0.0007340312,-0.039892696
1636,0.024692606,0.085252166,0.030069854,0.022593735,-0.005377248,0.06265843
1637,0.3927574,0.17791463,0.22082108,0.1628723,0.1719363,0.015042335
1638,0.009376937,0.064559236,0.016995398,0.011576129,-0.0076184617,0.052983105
1639,0.46377945,0.24932937,0.3817313,0.27377126,0.08204815,-0.024441883
1640,0.68194604,0.4544268,0.6124265,0.42902535,0.06951952,0.025401443
1641,0.1019664,0.06867449,0.09728736,0.073824905,0.0046790466,-0.005150415
1642,0.029549917,0.045340113,0.019707717,0.011466142,0.0098422,0.03387397
1643,0.06882962,0.09283194,0.06373449,0.049658794,0.0050951317,0.043173146
1644,0.9771528,0.6132495,0.86609596,0.5994792,0.111056864,0.013770282
1645,0.76995176,0.5266079,0.6804823,0.5224084,0.08946943,0.0041994452
1646,0.033438798,-0.02455476,0.04120205,0.021137785,-0.0077632517,-0.045692544
1647,0.044357594,0.019844513,0.052719045,0.034006014,-0.008361451,-0.014161501
1648,-0.011471331,0.13777472,0.029286698,0.017053774,-0.04075803,0.120720945
1649,0.040971886,-0.020596575,0.046458293,0.023642521,-0.0054864064,-0.044239096
1650,0.8046608,0.5520983,0.7320327,0.51117396,0.07262808,0.04092431
1651,0.049396127,0.02145391,0.028837025,0.01744952,0.020559102,0.004004389
1652,0.11580854,0.02919374,0.102162436,0.06323602,0.013646103,-0.03404228
1653,0.05622191,0.025162598,0.03305996,0.028029263,0.023161951,-0.002866665
1654,0.88220507,0.49755082,0.7559191,0.52973145,0.12628597,-0.032180637
1655,0.020460445,-0.030560046,0.029002719,0.020630887,-0.008542273,-0.051190935
1656,0.024301035,-0.03566749,0.03217321,0.014468866,-0.007872174,-0.050136358
1657,0.10947455,0.018934354,0.0664464,0.044978715,0.043028146,-0.026044361
1658,0.05181981,-0.018523905,0.048434366,0.03034572,0.0033854432,-0.048869625
1659,0.058836106,0.013030138,0.046646148,0.023575403,0.012189958,-0.010545265
1660,0.56842583,0.24098387,0.30297545,0.221819,0.2654504,0.019164875
1661,0.1309187,0.08794662,0.114976406,0.08578121,0.01594229,0.0021654144
1662,0.029701518,0.01344309,0.03776388,0.02775131,-0.008062361,-0.01430822
1663,0.5678208,0.43329483,0.5039618,0.37031594,0.063858986,0.06297889
1664,0.96840304,0.42638353,0.6400412,0.51771104,0.32836187,-0.09132752
1665,0.08413359,0.05527623,0.058380302,0.04190738,0.025753286,0.013368849
1666,1.14767,0.69617116,0.9515983,0.6481067,0.19607174,0.04806447
1667,1.0951153,0.6708391,0.9118264,0.6562971,0.18328893,0.014541984
1668,0.08779779,0.051556267,0.063007265,0.049972244,0.024790525,0.0015840232
1669,0.12793285,0.0982403,0.09511181,0.06989077,0.032821037,0.028349534
1670,0.0063625425,0.052224297,0.019009858,0.013289615,-0.012647316,0.03893468
1671,0.5831361,0.38606077,0.48613647,0.35941562,0.096999615,0.026645154
1672,0.045470305,0.030055234,0.026686935,0.024512919,0.01878337,0.0055423155
1673,0.48659632,0.29105976,0.4056044,0.30533242,0.080991924,-0.01427266
1674,0.21729273,0.16999136,0.20098153,0.13391368,0.016311198,0.03607768
1675,-0.020792263,0.112855844,0.013446242,0.008815261,-0.034238502,0.104040585
1676,0.035237066,0.024650794,0.035398386,0.023697263,-0.00016131997,0.0009535309
1677,0.09845718,0.19644073,0.08249078,0.055184215,0.0159664,0.14125651
1678,0.095356844,0.06445336,0.09332429,0.061219238,0.0020325556,0.0032341257
1679,-0.04408339,0.13202794,0.008484131,0.0023759196,-0.05256752,0.12965202
1680,0.6704067,0.21329543,0.3094924,0.20859703,0.3609143,0.0046983957
1681,0.007121497,-0.044826977,0.018187584,0.00823737,-0.0110660875,-0.053064346
1682,0.018468257,0.082699336,0.028884718,0.016579315,-0.010416461,0.06612002
1683,0.067245044,0.04142995,0.071031444,0.03968118,-0.0037864,0.0017487705
1684,1.100833,0.25364426,0.7532615,0.51502824,0.34757155,-0.26138398
1685,-0.01602736,-0.0062724706,0.012146821,0.007420127,-0.02817418,-0.013692597
1686,0.056230888,0.030777493,0.033663303,0.025735166,0.022567585,0.0050423276
1687,0.028512271,0.021223094,0.016341425,0.015327072,0.012170846,0.0058960225
1688,0.7348065,0.4635335,0.5770792,0.42234248,0.1577273,0.04119101
1689,0.2828228,0.2612052,0.2448817,0.18728663,0.037941083,0.073918566
1690,-0.0051835957,0.07768867,0.012737641,0.009422076,-0.017921237,0.06826659
1691,0.030925125,0.15675327,0.028842099,0.022441827,0.0020830259,0.13431144
1692,0.7612062,0.33767286,0.5149692,0.34002054,0.24623698,-0.002347678
1693,-0.037285827,0.11787411,0.00522888,0.00029168517,-0.042514708,0.117582425
1694,0.010450332,0.06603263,0.017557684,0.01780662,-0.007107352,0.048226014
1695,-0.0065086377,0.14347765,0.033252526,0.011541413,-0.039761163,0.13193624
1696,0.56383663,0.31906456,0.38398752,0.28673318,0.17984912,0.032331377
1697,0.9608898,0.72251683,0.93294466,0.6964785,0.02794516,0.026038349
1698,0.09131018,0.08006936,0.077974275,0.041417755,0.013335906,0.038651608
1699,0.030455861,0.03303824,0.02909095,0.017746873,0.001364911,0.015291367
1700,0.5349976,0.2654026,0.36706105,0.27656218,0.16793653,-0.011159599
1701,0.06120082,9.418366e-05,0.06160735,0.035340026,-0.00040652975,-0.035245843
1702,0.8395404,0.2935363,0.26188946,0.21391329,0.57765096,0.079623014
1703,0.037418675,-0.018008174,0.031893656,0.024905406,0.005525019,-0.04291358
1704,0.0019922224,-0.030680234,0.018626936,0.008483043,-0.016634714,-0.039163277
1705,0.05194285,0.012562776,0.052107073,0.031013327,-0.00016422197,-0.01845055
1706,0.059779655,-0.004897961,0.04863386,0.026392726,0.011145797,-0.031290688
1707,0.13987246,0.11326986,0.13278753,0.09055175,0.007084936,0.02271811
1708,0.7775156,0.31494373,0.4720571,0.33030784,0.3054585,-0.0153641105
1709,0.094097175,0.027267514,0.082218856,0.06407245,0.011878319,-0.036804937
1710,-0.03527654,0.096753076,0.0035181148,-0.0011718487,-0.038794655,0.097924925
1711,0.7802645,0.41829726,0.7074626,0.44297305,0.07280189,-0.024675786
1712,0.2506718,0.18659644,0.23339209,0.17885043,0.017279714,0.007746011
1713,0.019536257,0.14703952,0.023081267,0.008801186,-0.0035450105,0.13823833
1714,0.05909069,0.053395312,0.056781016,0.042637717,0.0023096725,0.010757595
1715,0.014658111,0.030973205,0.015479255,0.0125459675,-0.0008211434,0.018427238
1716,0.0069232243,0.1401373,0.020468723,0.018244779,-0.013545498,0.12189252
1717,0.8020767,0.39998865,0.66149384,0.41980448,0.14058286,-0.019815832
1718,0.07876651,0.031281445,0.059691593,0.03266403,0.019074917,-0.0013825856
1719,0.0480518,-0.021538649,0.046361532,0.022535486,0.0016902685,-0.044074133
1720,0.7994561,0.49627462,0.6719571,0.4691826,0.12749904,0.02709201
1721,0.14491297,0.08162898,0.1208257,0.098843955,0.024087273,-0.017214976
1722,0.44728082,0.24920286,0.33529794,0.25383103,0.11198288,-0.0046281666
1723,0.022130737,0.059344497,0.021075547,0.015586723,0.0010551903,0.043757774
1724,-0.017919717,0.14208856,0.027022619,0.01547742,-0.044942334,0.12661114
1725,0.5801511,0.36067447,0.49712768,0.34482667,0.0830234,0.015847802
1726,0.06320146,0.040077433,0.074263245,0.053013988,-0.011061788,-0.012936555
1727,0.03419747,0.045598,0.026067557,0.017264798,0.0081299115,0.028333202
1728,4.8646615e-07,0.01452732,0.012409451,0.013319968,-0.012408965,0.0012073517
1729,1.0912703,0.65668106,0.92018163,0.6207728,0.1710887,0.03590828
1730,1.4889569,0.52849483,0.8358433,0.58337,0.6531136,-0.054875135
1731,-0.017554536,0.008433113,0.0024843384,0.0014564293,-0.020038875,0.0069766836
1732,0.7770561,0.10994443,0.3853589,0.27741078,0.3916972,-0.16746634
1733,0.04918019,0.041344304,0.02518966,0.016802564,0.02399053,0.02454174
1734,0.53764284,0.3051907,0.4390654,0.30983707,0.09857744,-0.004646361
1735,0.6237027,0.25624713,0.4152363,0.2491485,0.20846641,0.00709863
1736,0.60939187,0.33644322,0.47947392,0.33077747,0.12991795,0.0056657493
1737,1.340722,0.7688714,0.9277238,0.6621856,0.41299814,0.10668582
1738,0.60128653,0.35642922,0.5161731,0.3533223,0.085113406,0.003106922
1739,0.010069881,0.01809184,0.008698994,0.006897236,0.0013708863,0.011194604
1740,-0.011591341,0.008662266,0.010049917,0.008574599,-0.021641258,8.7666325e-05
1741,0.013025925,0.004204704,0.017675994,0.010830834,-0.0046500694,-0.0066261296
1742,0.5906158,0.29313558,0.3345518,0.24328424,0.256064,0.049851343
1743,0.12496028,0.1033953,0.11122856,0.089192666,0.013731718,0.014202632
1744,0.06325495,0.12712827,0.07098183,0.056491375,-0.007726878,0.0706369
1745,0.029595263,0.024370093,0.026756331,0.022829257,0.002838932,0.001540836
1746,0.7737745,0.45110232,0.6491983,0.43685168,0.12457621,0.014250636
1747,0.58464485,0.41627544,0.5080816,0.3678874,0.07656324,0.048388034
1748,-0.029444925,0.11426031,0.011968706,0.005128712,-0.04141363,0.1091316
1749,0.7092147,0.4287186,0.6191164,0.40245885,0.09009826,0.02625975
1750,-0.010681419,0.013522676,0.02565883,0.013744534,-0.036340248,-0.0002218578
1751,0.5868705,0.2215927,0.2680697,0.19073746,0.31880078,0.030855238
1752,0.62834805,0.48573002,0.594238,0.43319336,0.03411007,0.052536666
1753,0.80266327,0.62765956,0.39567634,0.27068081,0.40698692,0.35697874
1754,0.034566224,0.039676316,0.032553907,0.020292314,0.0020123161,0.019384002
1755,0.06399527,0.071494125,0.06271984,0.051820792,0.0012754351,0.019673333
1756,0.014713575,-0.018598603,0.022922073,0.013803256,-0.008208497,-0.03240186
1757,0.5577036,0.3261594,0.4521135,0.29422486,0.105590105,0.03193453
1758,0.42291284,0.1967172,0.26062518,0.19565256,0.16228765,0.0010646433
1759,0.14056319,0.06624788,0.13036104,0.094003946,0.0102021545,-0.027756065
1760,0.6709413,0.27786252,0.47219402,0.30510607,0.19874728,-0.027243555
1761,0.016281312,-0.0072388435,0.020261731,0.01235191,-0.0039804187,-0.019590754
1762,0.81559455,0.47191864,0.741837,0.51645595,0.07375753,-0.044537306
1763,-0.006027276,0.117664576,0.0045902887,0.0058094747,-0.010617565,0.111855105
1764,0.7888295,0.5038301,0.6993358,0.5138958,0.08949369,-0.010065734
1765,0.030422831,-0.013529243,0.03449672,0.026939394,-0.00407389,-0.040468637
1766,0.6618072,0.44424203,0.5263807,0.36991867,0.13542646,0.074323356
1767,0.6881626,0.43418655,0.5619142,0.43434277,0.12624842,-0.00015622377
1768,0.93421423,0.29005355,0.4291159,0.30397248,0.50509834,-0.013918936
1769,-0.032643113,0.15132065,0.02092353,0.01160222,-0.053566642,0.13971843
1770,0.9547186,0.38494998,0.45423573,0.33718017,0.50048286,0.047769815
1771,1.0930464,0.70189565,0.71300244,0.5552761,0.38004398,0.14661956
1772,-0.025235731,0.11575816,0.013604237,0.00605366,-0.038839966,0.109704494
1773,0.3946547,0.28260112,0.354567,0.26096702,0.0400877,0.021634102
1774,0.024424864,-0.0062709632,0.035318933,0.02196887,-0.010894069,-0.028239833
1775,1.1214812,0.6488229,1.0058868,0.65513265,0.11559439,-0.0063097477
1776,0.0683794,0.048769496,0.05627996,0.03383714,0.012099441,0.014932357
1777,0.83637625,0.31101692,0.4785694,0.34453225,0.35780686,-0.033515334
1778,0.12759387,0.110916264,0.11228531,0.08558414,0.015308566,0.025332123
1779,0.8264659,0.51826185,0.68436,0.46490848,0.14210588,0.05335337
1780,0.02831041,0.026041128,0.024130892,0.020241339,0.0041795187,0.005799789
1781,0.016289001,0.04381982,0.021257324,0.009224895,-0.004968323,0.034594923
1782,0.48920447,0.27635437,0.3885211,0.29266757,0.10068336,-0.016313195
1783,0.040499233,0.034117248,0.02712141,0.02059382,0.013377823,0.013523428
1784,0.9644006,0.4402138,0.7851152,0.5107862,0.1792854,-0.070572376
1785,0.029789947,0.14525487,0.023445385,0.01830284,0.0063445624,0.12695202
1786,0.9166001,0.5059651,0.71044576,0.51245975,0.20615435,-0.0064946413
1787,0.09343421,0.06251144,0.06877789,0.051274724,0.024656318,0.011236712
1788,-0.0005622856,0.09300529,0.013991808,0.008145456,-0.014554094,0.08485983
1789,1.4270434,0.8375928,1.2876711,0.85942423,0.13937235,-0.021831453
1790,1.1353502,0.6540739,0.87949455,0.66531134,0.25585568,-0.0112374425
1791,0.012352592,0.06774647,0.0052048056,0.0058980044,0.0071477867,0.06184846
1792,0.97677916,0.6788637,0.856847,0.6576494,0.119932175,0.021214306
1793,0.027324677,0.066129655,0.016280223,0.009023947,0.011044454,0.05710571
1794,6.012076e-06,0.12998612,0.008069363,0.008734536,-0.008063352,0.12125158
1795,0.13078438,0.06343323,0.110554025,0.07853877,0.020230353,-0.015105538
1796,0.6501649,0.37694952,0.5595192,0.37753496,0.09064573,-0.0005854368
1797,0.6405073,0.4133706,0.5557128,0.4322216,0.08479446,-0.018850982
1798,0.0023540955,0.12837155,0.032673065,0.023403808,-0.03031897,0.10496774
1799,0.021714523,0.029522473,0.013727311,0.012247399,0.007987212,0.017275073
1800,0.019445036,0.08170485,0.02833765,0.019980144,-0.008892614,0.061724704
1801,0.068916775,0.0045791455,0.062656775,0.04612424,0.00626,-0.041545093
1802,0.5437988,0.33447295,0.49342686,0.3177936,0.050371945,0.016679347
1803,0.09165407,0.061072454,0.07656861,0.057208728,0.015085459,0.0038637258
1804,0.6319621,0.3724347,0.5448188,0.37671733,0.0871433,-0.0042826235
1805,0.011412311,-0.06704531,0.0247182,0.010239513,-0.013305889,-0.07728482
1806,0.6137742,0.30093685,0.4351102,0.31278813,0.17866397,-0.011851281
1807,0.76186603,0.46992645,0.5891836,0.42976326,0.1726824,0.04016319
1808,0.07411405,0.042422693,0.07138828,0.046091925,0.002725765,-0.0036692321
1809,0.8409391,0.6649191,0.74562705,0.5422842,0.09531206,0.12263489
1810,0.7356903,0.15429439,0.28536767,0.20315573,0.45032263,-0.04886134
1811,0.08297508,0.08561679,0.07503321,0.05987666,0.007941872,0.025740128
1812,0.01878242,0.11180528,0.044962097,0.027668817,-0.026179677,0.08413646
1813,0.6205841,0.23505999,0.3410933,0.24891834,0.27949077,-0.013858348
1814,0.8859749,0.51388633,0.77050287,0.51727945,0.11547202,-0.0033931136
1815,1.2534509,0.846372,1.1543788,0.7975935,0.0990721,0.048778534
1816,0.81216997,0.4746887,0.6713217,0.46348998,0.14084828,0.011198729
1817,0.04507547,0.038101617,0.033290613,0.024536686,0.011784855,0.013564931
1818,0.124836475,0.11892572,0.11494603,0.08376594,0.009890445,0.03515978
1819,0.07449161,0.013762728,0.08610631,0.05693478,-0.011614695,-0.043172054
1820,0.0781756,0.05714537,0.055688728,0.03998425,0.02248687,0.01716112
1821,0.64418375,0.40523282,0.57701623,0.39864862,0.06716752,0.0065841973
1822,0.5975684,0.45993048,0.39724386,0.2852574,0.20032454,0.17467308
1823,0.01911941,-0.015288564,0.028325044,0.017280491,-0.009205634,-0.032569055
1824,0.050384786,0.024971416,0.032660536,0.023392905,0.01772425,0.0015785117
1825,0.8868196,0.60561895,0.7740348,0.5578831,0.1127848,0.04773587
1826,0.09509419,0.047451995,0.07828382,0.036823545,0.016810372,0.010628451
1827,0.17102757,0.11106042,0.15968134,0.092733234,0.011346236,0.018327184
1828,0.16059133,0.111252606,0.1530115,0.11481697,0.0075798333,-0.0035643652
1829,0.08661448,0.08485637,0.08983793,0.072429344,-0.003223449,0.012427025
1830,0.018316831,-0.041717745,0.019728582,0.010960207,-0.0014117509,-0.05267795
1831,0.008567888,0.11508376,0.03898558,0.026040403,-0.030417692,0.08904336
1832,0.593263,0.22488075,0.29721928,0.22538835,0.2960437,-0.00050759315
1833,0.12990786,0.08378333,0.10347739,0.075117566,0.026430473,0.008665763
1834,0.04631683,-0.00125081,0.049870577,0.03838933,-0.0035537481,-0.03964014
1835,0.033851366,0.07520805,0.023129763,0.021956975,0.010721603,0.05325108
1836,0.031942323,-0.029114615,0.034489524,0.017994458,-0.0025472008,-0.047109075
1837,0.9128755,0.67026967,0.85554296,0.6376831,0.057332516,0.032586575
1838,0.8026095,0.49229187,0.7277592,0.5157305,0.07485032,-0.023438632
1839,0.06324793,-0.011382791,0.07124612,0.042853907,-0.007998191,-0.0542367
1840,0.54911965,0.36175352,0.48840085,0.3591901,0.060718805,0.002563417
1841,0.38104773,0.23411186,0.3220793,0.23991401,0.058968425,-0.0058021545
1842,1.1421343,0.7841619,1.0365254,0.77784383,0.10560894,0.0063180923
1843,0.6850801,0.4240626,0.62171435,0.43007037,0.06336576,-0.0060077608
1844,0.20131837,0.18699807,0.18584687,0.13308935,0.015471503,0.05390872
1845,0.8139196,0.5285805,0.7621943,0.54303265,0.051725328,-0.014452159
1846,0.073936276,0.05715233,0.066075005,0.048195586,0.0078612715,0.008956745
1847,0.25743213,0.15613267,0.2293311,0.1514501,0.028101027,0.0046825707
1848,0.08270894,0.0758326,0.07376954,0.046452295,0.0089394,0.029380303
1849,-0.042376075,0.123818636,0.009396434,0.0039738347,-0.05177251,0.1198448
1850,-0.0222359,-0.02195945,0.012993305,0.0061762123,-0.035229206,-0.028135663
1851,0.7746581,0.49934438,0.613963,0.49442646,0.16069508,0.0049179196
1852,0.08691964,0.048812695,0.06371867,0.04804482,0.023200974,0.00076787546
1853,0.05136191,0.052607685,0.030078433,0.024002023,0.021283478,0.028605662
1854,0.014094308,0.120228425,0.014682149,0.010214381,-0.00058784056,0.110014044
1855,0.9515418,0.54683715,0.57564074,0.4367035,0.37590104,0.11013365
1856,0.018642917,-0.028458705,0.03500881,0.016490491,-0.016365893,-0.044949196
1857,0.06493352,0.06532948,0.05617474,0.035994075,0.008758783,0.029335402
1858,0.383138,0.24496035,0.33395308,0.24430414,0.04918492,0.00065621734
1859,0.59098685,0.33316785,0.47545806,0.36551344,0.11552879,-0.032345593
1860,0.074872434,0.059771042,0.050101656,0.028885085,0.024770778,0.030885957
1861,0.04516478,0.06438084,0.040029082,0.023072276,0.0051356964,0.041308563
1862,0.689842,0.20715228,0.31888938,0.19224101,0.3709526,0.014911264
1863,0.49520895,0.38311842,0.47566342,0.32562482,0.019545525,0.057493597
1864,0.10047329,0.059851285,0.08812163,0.06610696,0.012351662,-0.006255675
1865,0.011219696,0.03499859,0.015037494,0.008140378,-0.0038177976,0.02685821
1866,0.020917788,0.048091568,0.018060677,0.013798955,0.0028571114,0.034292612
1867,0.092148416,0.055944853,0.08582902,0.04146708,0.006319396,0.014477771
1868,0.041822,0.03272159,0.03520058,0.02579025,0.0066214204,0.0069313403
1869,0.0016908218,-0.036825996,0.009088485,0.0033322729,-0.007397663,-0.040158268
1870,0.0141211925,-0.057383284,0.021922207,0.0101098195,-0.007801014,-0.0674931
1871,0.8150107,0.45848715,0.73784566,0.4301027,0.07716507,0.028384447
1872,0.04068993,0.02174202,0.018729575,0.015389233,0.021960355,0.006352787
1873,0.8247262,0.41133267,0.6810903,0.4861452,0.14363593,-0.07481253
1874,0.103114866,0.055638302,0.082111314,0.054881398,0.021003552,0.0007569045
1875,0.03571914,-0.002254406,0.008043629,0.008643059,0.027675513,-0.010897465
1876,0.75852007,0.08666394,0.19253609,0.1328879,0.565984,-0.04622396
1877,0.009118245,0.034083977,0.010029557,0.010553828,-0.0009113122,0.023530148
1878,0.06388246,0.014740534,0.04907608,0.02455137,0.014806382,-0.009810835
1879,0.2183176,0.17337659,0.20841724,0.16284709,0.009900361,0.010529503
1880,0.0048063505,0.04372983,0.019575484,0.0044632982,-0.014769133,0.039266534
1881,0.06678072,0.005112699,0.055335883,0.03941358,0.011444841,-0.03430088
1882,0.041635077,0.008729072,0.046463095,0.02956042,-0.004828017,-0.020831348
1883,0.019664936,0.051207736,0.015925908,0.012177424,0.0037390273,0.039030313
1884,0.8301622,0.5346349,0.6971438,0.49924442,0.13301843,0.035390466
1885,0.024768116,-0.01649053,0.033836342,0.023446422,-0.009068226,-0.039936952
1886,0.08473215,0.06782445,0.06503485,0.056226052,0.019697301,0.011598401
1887,0.08188417,0.07489687,0.07319496,0.05905316,0.00868921,0.015843712
1888,0.02741888,0.045471888,0.0309991,0.025201753,-0.00358022,0.020270135
1889,0.040886927,0.038233694,0.018136982,0.012501603,0.022749946,0.02573209
1890,0.06371601,0.032422718,0.012279309,0.012281193,0.0514367,0.020141523
1891,0.0070196637,0.13977896,0.006654294,0.0069520287,0.0003653695,0.13282692
1892,-0.0060082152,0.12872262,0.026017383,0.013679215,-0.032025598,0.11504341
1893,0.60470426,0.29843423,0.41539428,0.30675852,0.18930998,-0.008324295
1894,0.055002946,0.00202178,0.028837718,0.018382259,0.026165228,-0.016360478
1895,0.15060589,0.096020184,0.10436461,0.0785084,0.046241276,0.017511785
1896,0.5260788,0.2964941,0.44415107,0.29436457,0.08192775,0.002129525
1897,0.032330193,0.035489243,0.013257753,0.005459494,0.01907244,0.030029748
1898,1.2082065,0.56008935,0.94102454,0.55688167,0.267182,0.0032076836
1899,0.041005395,0.047702633,0.018112281,0.0153691415,0.022893114,0.032333493
1900,0.5074217,0.24787562,0.3799415,0.2795639,0.12748018,-0.031688288
1901,0.8784599,0.6173638,0.787851,0.5914151,0.090608895,0.025948703
1902,0.04810744,0.046929654,0.044852786,0.035377465,0.0032546557,0.011552189
1903,0.72316,0.43381134,0.6183363,0.40861672,0.10482371,0.025194615
1904,0.6517249,0.37148994,0.53923535,0.34806672,0.11248952,0.023423225
1905,0.52650553,0.027196318,0.13646756,0.10372643,0.39003795,-0.076530114
1906,0.021813031,0.04415319,0.017879963,0.013459384,0.0039330684,0.030693807
1907,0.0906549,0.023837222,0.07149278,0.047385417,0.019162118,-0.023548195
1908,0.46913928,0.25919244,0.3789508,0.25548735,0.09018847,0.0037050843
1909,0.011865384,-0.0389309,0.01685032,0.008255583,-0.0049849367,-0.047186483
1910,-0.0190352,0.08670639,0.015156916,0.008294112,-0.034192115,0.07841228
1911,0.556457,0.2988296,0.3650882,0.25774592,0.19136879,0.041083664
1912,0.023036027,0.031404216,0.015987657,0.012172665,0.0070483703,0.01923155
1913,0.017419374,0.030871088,0.0041827755,0.005172437,0.013236598,0.02569865
1914,0.57891786,0.3868327,0.51462156,0.36030743,0.064296305,0.026525289
1915,0.015302,-0.031720962,0.020833772,0.012651414,-0.005531772,-0.044372376
1916,0.063743204,0.029219473,0.05748635,0.03225883,0.0062568523,-0.0030393582
1917,0.9399122,0.51461464,0.82829005,0.50633395,0.111622155,0.0082806945
1918,0.04502131,0.015055235,0.020340914,0.014105794,0.024680397,0.0009494405
1919,0.5848697,0.358866,0.48316467,0.3367882,0.101705015,0.022077799
1920,-0.021301722,0.0018349111,0.016695997,0.013766411,-0.03799772,-0.0119314995
1921,0.9487956,0.30624035,0.5856002,0.33168346,0.36319542,-0.025443107
1922,0.044211563,0.042336855,0.028093245,0.025108404,0.016118318,0.01722845
1923,0.9201374,0.46574804,0.6392281,0.46469024,0.2809093,0.0010578036
1924,0.023409868,0.01811929,0.006844588,0.00646502,0.01656528,0.011654271
1925,0.0020876562,0.00861546,0.035633374,0.027847692,-0.033545718,-0.019232232
1926,0.85277605,0.45038426,0.7150423,0.4547095,0.13773376,-0.004325241
1927,0.1523312,0.11197484,0.13747665,0.08880847,0.01485455,0.023166373
1928,0.04525211,0.009144009,0.04763387,0.029985651,-0.0023817606,-0.020841643
1929,0.7828114,0.38080022,0.4860901,0.3558743,0.2967213,0.024925917
1930,0.32802477,0.21054277,0.30330065,0.19482213,0.024724126,0.015720636
1931,0.8562585,0.5938797,0.6847465,0.5275923,0.17151201,0.0662874
1932,-0.00022369082,0.14522295,0.041444235,0.024582447,-0.041667927,0.1206405
1933,0.7473384,0.5068553,0.6794774,0.5082241,0.06786102,-0.0013688207
1934,0.099880606,0.074608,0.087439686,0.06257182,0.01244092,0.012036175
1935,0.7542882,0.4353647,0.6904899,0.45355058,0.06379831,-0.018185884
1936,0.014009311,0.010440733,0.01084159,0.0074368548,0.0031677205,0.0030038785
1937,0.07217365,0.1037883,0.076098904,0.059872538,-0.0039252564,0.043915763
1938,0.05397822,-0.006010322,0.05119795,0.038489744,0.0027802698,-0.044500068
1939,0.08152029,0.009244533,0.06481122,0.045732737,0.016709067,-0.036488205
1940,0.7850597,0.4900816,0.71014434,0.50728863,0.07491535,-0.017207026
1941,0.022122476,0.066196896,0.025505578,0.013343141,-0.003383102,0.052853756
1942,0.012488256,0.0877569,0.023909783,0.0183024,-0.011421527,0.069454506
1943,0.52841985,0.33003306,0.4686128,0.333357,0.059807062,-0.0033239424
1944,0.65886027,0.47788227,0.55779696,0.41920197,0.10106331,0.058680296
1945,0.100479744,0.077000804,0.09658038,0.06822081,0.0038993657,0.008779995
1946,-0.0023549944,-0.010097441,-3.8959086e-05,0.0015163922,-0.0023160353,-0.011613834
1947,0.053181626,0.05140397,0.053912617,0.046430092,-0.00073099136,0.004973877
1948,0.0303109,0.040588304,0.034389805,0.025663877,-0.004078904,0.0149244275
1949,0.57266504,0.3877205,0.46636102,0.3564528,0.10630402,0.031267703
1950,0.10819976,0.054299112,0.09763868,0.07360112,0.010561079,-0.019302007
1951,0.012765635,-0.06311227,0.015754202,0.0030249152,-0.0029885676,-0.06613718
1952,0.017431851,0.027155316,0.020046806,0.014268534,-0.0026149545,0.012886781
1953,0.08692389,0.052444547,0.06826074,0.053093985,0.018663153,-0.0006494373
1954,0.78525424,0.43139902,0.6474392,0.45689785,0.13781506,-0.025498837
1955,0.57132053,0.3326419,0.43281436,0.33611262,0.13850617,-0.0034707189
1956,0.83527845,0.58677095,0.8025102,0.59001195,0.03276825,-0.0032410026
1957,0.31288728,0.22062504,0.30298567,0.20925911,0.009901613,0.011365935
1958,0.7168719,0.36987916,0.5092442,0.34512326,0.20762771,0.024755895
1959,0.08469385,0.012462071,0.06720059,0.044893418,0.017493255,-0.032431345
1960,0.9632569,0.60270923,0.8693613,0.58740884,0.093895614,0.015300393
1961,-0.0068602976,0.2063783,0.01057899,0.009664165,-0.017439287,0.19671413
1962,0.07906185,0.05145244,0.056602344,0.047836743,0.022459507,0.003615696
1963,-0.01696044,0.00054846966,0.008011064,0.005714842,-0.024971504,-0.0051663723
1964,0.58732045,0.33737373,0.4754669,0.34238118,0.11185354,-0.005007446
1965,0.80450135,0.5194888,0.684614,0.506657,0.11988735,0.012831807
1966,0.81798595,0.54946303,0.7278802,0.5394681,0.09010577,0.009994924
1967,0.007712475,-0.020095382,0.01109174,0.011712719,-0.0033792648,-0.0318081
1968,0.115085684,0.13404703,0.11879297,0.09213785,-0.0037072897,0.04190918
1969,0.95396113,0.6391085,0.7972112,0.61354816,0.1567499,0.02556032
1970,0.24204676,0.15377793,0.21367545,0.14030391,0.028371304,0.013474017
1971,0.119972356,0.052909486,0.1033551,0.0688874,0.016617253,-0.015977912
1972,-0.022241164,0.11764701,0.011205714,0.0045955074,-0.03344688,0.1130515
1973,0.89375967,0.23254307,0.469814,0.30168632,0.42394567,-0.06914325
1974,0.015119883,0.08409797,0.021894254,0.014498722,-0.0067743706,0.06959924
1975,-0.00016884682,-0.01743133,0.013965829,0.012747553,-0.014134676,-0.030178882
1976,0.4232303,0.21775189,0.24959266,0.18635674,0.17363763,0.031395152
1977,0.6315344,0.4004537,0.3004474,0.18888183,0.331087,0.21157186
1978,0.70546037,0.4466315,0.61349666,0.43104,0.09196371,0.015591502
1979,0.57680815,0.28551668,0.48034912,0.29959518,0.09645903,-0.014078498
1980,-0.008355286,-0.032768123,-4.1213032e-05,-0.001654973,-0.008314073,-0.03111315
1981,0.0075272345,-0.029685354,0.017170483,0.00901038,-0.009643249,-0.038695734
1982,0.055275332,0.066166304,0.063094966,0.05270153,-0.007819634,0.013464775
1983,0.022226274,0.042799756,0.017573668,0.008269395,0.0046526063,0.03453036
1984,0.69341177,0.45744264,0.5892433,0.44691062,0.104168475,0.0105320215
1985,0.62096995,0.30900833,0.46536082,0.28485492,0.15560913,0.024153411
1986,1.0954733,0.4957192,0.8621507,0.51097864,0.23332256,-0.015259445
1987,1.3407147,0.62955743,0.95801514,0.66215974,0.38269955,-0.03260231
1988,0.46058765,0.260472,0.38666195,0.26984054,0.073925704,-0.009368539
1989,-0.031809356,0.17121187,0.018200118,0.013050023,-0.050009474,0.15816185
1990,0.7905306,0.3673993,0.62664485,0.353209,0.16388577,0.014190316
1991,0.7247604,0.36177924,0.6394637,0.3916438,0.08529669,-0.02986455
1992,0.9944405,0.66177994,0.86532664,0.59213495,0.12911385,0.06964499
1993,0.61207044,0.38377002,0.5442732,0.3865863,0.06779724,-0.0028162897
1994,0.04221137,0.011279969,0.04941245,0.032899473,-0.007201083,-0.021619504
1995,0.09446146,0.17025778,0.06813275,0.052439246,0.026328713,0.117818534
1996,0.8288575,0.45128903,0.57521236,0.4000198,0.25364512,0.051269233
1997,0.69906634,0.32578903,0.40261748,0.28290254,0.29644886,0.042886496
1998,0.014045771,0.024363395,0.0125021795,0.00671712,0.0015435917,0.017646275
1999,-0.008513905,0.210725,0.029444765,0.014848969,-0.03795867,0.19587603
2000,0.9219888,0.43554938,0.56866324,0.3571557,0.35332555,0.07839367
2001,0.12929699,0.097015515,0.09795449,0.07540655,0.0313425,0.021608964
2002,0.028184904,0.123260535,0.02702014,0.023769975,0.0011647642,0.09949056
2003,0.036518514,0.032718703,0.021896131,0.020964168,0.014622383,0.011754535
2004,0.8352428,0.5749318,0.7171214,0.51956,0.118121386,0.05537182
2005,0.0007488483,0.10401414,0.029620375,0.018622536,-0.028871527,0.08539161
2006,1.0055076,0.63958067,0.8638723,0.59519976,0.1416353,0.044380903
2007,0.038705323,-0.009070801,0.028894668,0.014411194,0.009810654,-0.023481995
2008,0.95734733,0.7290378,0.889204,0.6795121,0.06814331,0.049525738
2009,0.05622235,0.03234131,0.03615513,0.030536957,0.020067219,0.0018043518
2010,0.038940657,-0.008998511,0.034866266,0.020247951,0.004074391,-0.029246463
2011,0.7403688,0.45857808,0.66675866,0.46937698,0.07361013,-0.010798901
2012,0.808452,0.46845016,0.7308864,0.48423192,0.07756561,-0.01578176
2013,0.95168084,0.4700479,0.76081485,0.5112337,0.190866,-0.041185796
2014,0.018401388,0.049106922,0.024440622,0.016349457,-0.006039234,0.032757465
2015,0.07682851,0.010711899,0.081737496,0.049011014,-0.0049089864,-0.038299114
2016,0.04541602,0.030134829,0.029801115,0.025557,0.015614904,0.0045778286
2017,1.0375196,0.6403594,0.90769637,0.5945445,0.12982321,0.04581493
2018,0.9716916,0.6368179,0.86065614,0.5946664,0.111035466,0.04215145
2019,0.058903508,-0.015493899,0.064284384,0.035815038,-0.0053808764,-0.051308937
2020,0.111731105,0.057295144,0.0995693,0.07349259,0.012161806,-0.016197443
2021,0.5498726,0.33610514,0.4773768,0.32625225,0.07249579,0.009852886
2022,0.64893013,0.43948334,0.60537636,0.44386056,0.04355377,-0.004377216
2023,0.06441612,0.0841155,0.052184876,0.03574736,0.012231242,0.048368137
2024,-0.0030150297,-0.00062560226,0.026442392,0.0188003,-0.029457422,-0.019425903
2025,0.54997706,0.3374102,0.42626968,0.3225153,0.123707384,0.014894903
2026,0.67114955,0.509849,0.63254315,0.47224137,0.038606405,0.03760764
2027,-0.008745096,-0.00081187737,0.019413479,0.011467994,-0.028158575,-0.012279872
2028,0.09827562,0.06879986,0.07723523,0.05906273,0.021040387,0.00973713
2029,0.05479892,-0.006589385,0.069119155,0.042242873,-0.014320236,-0.04883226
2030,1.0485545,0.4773511,0.79506034,0.4922123,0.2534942,-0.014861196
2031,0.084533244,0.04221872,0.064400695,0.04040996,0.02013255,0.0018087588
2032,0.8486609,0.52904356,0.7684887,0.538052,0.08017218,-0.009008467
2033,0.08625135,0.17060861,0.103782885,0.07977042,-0.017531537,0.09083819
2034,0.04992302,0.066695325,0.043881107,0.035566226,0.006041914,0.0311291
2035,1.0832332,0.7660964,0.90731,0.6689244,0.17592323,0.09717202
2036,0.64284635,0.3477243,0.5225429,0.3707225,0.12030345,-0.022998214
2037,0.03517652,0.020081693,0.018357184,0.010140767,0.016819336,0.009940926
2038,1.3046561,0.33813277,0.46978423,0.35661232,0.8348719,-0.018479556
2039,1.0179346,0.65806645,0.9046543,0.62202823,0.11328024,0.03603822
2040,0.56931007,0.33353296,0.4426304,0.308428,0.12667966,0.02510497
2041,0.035452127,0.03070688,0.014470357,0.010865275,0.02098177,0.019841606
2042,1.0605464,0.46148768,0.73094016,0.51219594,0.32960624,-0.050708264
2043,0.61573327,0.32373694,0.36494485,0.28450838,0.25078842,0.03922856
2044,0.022082895,-0.027036862,0.027375663,0.01364048,-0.0052927677,-0.040677343
2045,0.0048561,0.1311349,0.039417382,0.023935426,-0.034561284,0.107199475
2046,0.9100385,0.64638853,0.8534289,0.6031035,0.05660957,0.043285012
2047,0.067026444,0.063833475,0.06854132,0.049432974,-0.0015148744,0.014400501
2048,0.22294874,0.16667782,0.20168224,0.13818046,0.021266505,0.028497353
2049,0.9187058,0.48422596,0.72587264,0.43372023,0.19283319,0.050505728
2050,0.06023916,0.08800562,0.051728416,0.04424455,0.008510742,0.043761067
2051,0.010208413,-0.014362608,0.0042589935,0.0019152621,0.0059494195,-0.01627787
2052,0.020060826,0.041930202,0.02408684,0.01997967,-0.0040260144,0.021950532
2053,0.12792864,0.037990212,0.12252095,0.08775203,0.005407691,-0.049761817
2054,0.089108914,0.08103757,0.08874998,0.0700209,0.00035893172,0.011016674
2055,0.07368637,0.09760892,0.07106927,0.05229472,0.0026170984,0.045314196
2056,0.0648738,0.08814472,0.069539085,0.04868616,-0.0046652853,0.039458558
2057,0.026077477,-0.023871502,0.031533886,0.023635423,-0.0054564085,-0.047506925
2058,1.1161776,0.8187464,1.0634549,0.78033555,0.052722692,0.038410842
2059,0.11582838,0.16705541,0.12919286,0.08489097,-0.013364479,0.082164444
2060,0.9921973,0.5040165,0.8139288,0.51207453,0.17826849,-0.0080580115
2061,0.042159006,-0.017401066,0.029247008,0.014026164,0.012911998,-0.03142723
2062,0.7534843,0.36031973,0.5252057,0.40336776,0.22827864,-0.043048024
2063,0.044283587,0.013454753,0.04124054,0.027691936,0.003043048,-0.014237183
2064,0.03176992,0.037645888,0.03352663,0.025566926,-0.0017567091,0.012078961
2065,-9.364711e-05,0.004112103,0.028974704,0.023681683,-0.02906835,-0.01956958
2066,0.06475849,0.060296375,0.060229834,0.045308705,0.004528653,0.01498767
2067,0.54173785,0.17457995,0.21526821,0.15857974,0.32646966,0.016000211
2068,0.93713415,0.6091563,0.7878758,0.57857853,0.14925838,0.030577779
2069,0.8611959,0.5806207,0.7653067,0.5593384,0.09588921,0.021282315
2070,0.1803123,0.10618252,0.153621,0.10659662,0.026691303,-0.00041409582
2071,0.036341734,0.049610294,0.02846517,0.0221488,0.007876564,0.027461495
2072,0.01385465,0.030325962,0.0065549435,0.005473567,0.0072997063,0.024852395
2073,0.08480184,0.07619606,0.07629334,0.051425762,0.008508496,0.024770297
2074,0.65331024,0.36537263,0.5218974,0.3776103,0.13141286,-0.012237668
2075,0.097159214,0.06984737,0.08969461,0.06326063,0.0074646026,0.006586738
2076,0.06613867,0.012629444,0.046098884,0.034440186,0.020039786,-0.021810742
2077,0.6454626,0.31415677,0.41094634,0.2913348,0.23451623,0.022821963
2078,0.5157202,0.20152025,0.28404778,0.19050783,0.2316724,0.01101242
2079,1.5235628,1.0313396,1.3960321,1.0411005,0.1275307,-0.009760857
2080,-0.023024453,0.0010158734,0.013739909,0.01259852,-0.03676436,-0.0115826465
2081,0.118182234,0.12937687,0.11909084,0.10245821,-0.00090860575,0.026918665
2082,0.048973598,0.033635378,0.043640547,0.035112552,0.005333051,-0.0014771745
2083,0.5707827,0.30308652,0.39846012,0.3178007,0.1723226,-0.014714181
2084,0.053346455,0.06593169,0.057725355,0.03999071,-0.0043789,0.025940984
2085,0.033004176,0.03944468,0.02730021,0.012183604,0.005703965,0.027261078
2086,0.9692166,0.6534368,0.7795505,0.60551095,0.18966609,0.04792583
2087,0.5819208,0.44677064,0.5307742,0.40086198,0.051146626,0.04590866
2088,0.46614853,0.3514237,0.438482,0.3322483,0.027666539,0.01917541
2089,1.0668867,0.46151724,0.72886246,0.51314795,0.3380242,-0.051630706
2090,0.5725587,0.3329913,0.46952644,0.31221858,0.10303226,0.020772725
2091,0.07813867,0.05481872,0.05348657,0.039344367,0.024652101,0.015474353
2092,0.032203954,0.10076013,0.045951303,0.03262566,-0.013747349,0.06813447
2093,0.054636277,0.044936072,0.039386045,0.027965957,0.015250232,0.016970115
2094,0.5719394,0.40096468,0.48138678,0.36136025,0.09055263,0.039604425
2095,-0.00869303,0.016350856,0.022944452,0.019815622,-0.031637482,-0.0034647658
2096,0.016239308,0.02578588,0.013028866,0.009333354,0.0032104421,0.016452525
2097,0.82937354,0.54817194,0.7710485,0.538106,0.058325052,0.010065913
2098,0.0030261509,0.12611416,0.010217947,0.0058630966,-0.007191796,0.12025106
2099,0.14462636,0.08924967,0.12215504,0.08810635,0.022471324,0.0011433214
2100,0.80588484,0.5195722,0.7090195,0.49819365,0.096865356,0.021378547
2101,0.5922711,0.3112142,0.4516172,0.33845237,0.14065388,-0.02723816
2102,0.046107423,0.06511392,0.03395436,0.023407262,0.012153063,0.041706655
2103,0.92973155,0.6704869,0.87952787,0.67153966,0.05020368,-0.0010527372
2104,0.04203486,0.13531432,0.041137747,0.03275265,0.00089711323,0.10256167
2105,0.058533773,0.03994123,0.03950055,0.028232679,0.019033223,0.01170855
2106,0.11469377,0.13525026,0.07877161,0.058824744,0.035922155,0.07642551
2107,0.624172,0.38412675,0.55404,0.3828474,0.07013196,0.0012793541
2108,1.0160074,0.6340953,0.8705919,0.6131559,0.14541554,0.02093941
2109,0.50912154,0.2697341,0.38433838,0.2882163,0.12478316,-0.018482178
2110,0.06754893,0.061941627,0.067107655,0.051017288,0.00044127554,0.010924339
2111,0.6479946,0.43230522,0.5931016,0.4267571,0.054892957,0.0055481195
2112,0.014152045,-0.021183178,0.012687672,0.01104604,0.0014643734,-0.03222922
2113,0.6389061,0.35822544,0.52891505,0.35348678,0.10999107,0.0047386587
2114,0.89972204,0.4681505,0.6997692,0.45987445,0.19995284,0.008276045
2115,0.875718,0.566354,0.7102869,0.53078985,0.16543108,0.035564125
2116,0.11134976,0.059421536,0.09258503,0.068060204,0.018764734,-0.008638669
2117,0.06874498,0.05608475,0.05037825,0.041283585,0.018366728,0.014801163
2118,0.9583376,0.5652135,0.85069215,0.5469131,0.10764545,0.018300414
2119,0.8105355,0.5206382,0.7472757,0.52926123,0.06325978,-0.008623004
2120,0.8074886,0.45309997,0.5603502,0.4235753,0.24713844,0.029524654
2121,0.05171325,0.048462402,0.04462314,0.03285917,0.0070901103,0.015603233
2122,1.0259095,0.61647236,0.89843935,0.6159873,0.1274702,0.0004850626
2123,0.012447882,0.12160861,0.012732905,0.0092876945,-0.0002850229,0.112320915
2124,0.49682754,0.24494912,0.36128536,0.25919455,0.13554218,-0.014245436
2125,0.07378464,0.15438683,0.06792625,0.051571637,0.0058583915,0.102815196
2126,0.7546467,0.49361897,0.66653013,0.4988947,0.088116586,-0.0052757263
2127,0.6835006,0.43147618,0.5446318,0.41888908,0.13886881,0.0125871
2128,0.053135183,0.029477222,0.03295471,0.023442617,0.020180471,0.006034605
2129,0.011693701,0.0011573855,0.018233417,0.011961723,-0.0065397155,-0.010804337
2130,0.7605638,0.5384822,0.6513365,0.48053828,0.1092273,0.05794391
2131,0.876841,0.4882396,0.70025355,0.49114516,0.17658746,-0.0029055774
2132,0.06513285,0.032657243,0.0525822,0.040752757,0.012550648,-0.008095514
2133,0.03014158,-0.026510317,0.036796503,0.022705132,-0.006654922,-0.04921545
2134,1.2543143,0.93528533,1.190784,0.91430765,0.063530326,0.020977676
2135,1.2786347,0.7944986,1.0666658,0.7342175,0.2119689,0.060281098
2136,0.2711506,0.18304773,0.23813027,0.18372063,0.033020318,-0.00067290664
2137,0.031394035,0.045598857,0.030879704,0.02380091,0.00051433034,0.021797948
2138,0.11188139,0.07626063,0.09668877,0.07225966,0.01519262,0.004000969
2139,0.049786612,0.07152968,0.039441667,0.034130935,0.010344945,0.037398744
2140,0.060093254,0.04334794,0.04267991,0.032723602,0.017413344,0.010624338
2141,0.066934705,0.0997295,0.06867155,0.045065895,-0.0017368421,0.054663606
2142,-0.021633737,0.1961719,0.008384016,0.012622726,-0.030017752,0.18354917
2143,0.070335604,0.019138476,0.046534847,0.034306973,0.023800757,-0.015168497
2144,0.23931968,0.15682176,0.23287359,0.13242503,0.0064460933,0.024396732
2145,0.7819404,0.6022958,0.7049934,0.53158075,0.076946974,0.07071507
2146,0.044925347,0.11076554,0.058926202,0.033422828,-0.014000855,0.07734271
2147,-0.015732437,-0.042643327,0.010046057,0.0046719224,-0.025778495,-0.04731525
2148,0.01055505,-0.029568596,0.022916837,0.008927513,-0.012361786,-0.038496107
2149,1.0696365,0.27266416,0.60542905,0.37148637,0.4642074,-0.098822206
2150,0.17167148,0.04767491,0.17748776,0.09920891,-0.005816281,-0.051533997
2151,1.0176389,0.5462278,0.8466167,0.5320769,0.17102224,0.0141509175
2152,0.013818563,0.07610049,0.013115137,0.008821582,0.0007034261,0.06727891
2153,0.012561776,0.12202187,0.010644947,0.0067707505,0.0019168286,0.11525112
2154,0.08239219,0.06588612,0.075249344,0.058771297,0.0071428493,0.00711482
2155,-0.0053508915,0.0027978607,0.025524555,0.018825801,-0.030875446,-0.01602794
2156,0.79121536,0.48933613,0.6315347,0.4436179,0.15968066,0.045718223
2157,0.039887186,0.0029441034,0.028093962,0.018596003,0.011793224,-0.0156519
2158,0.0122819375,-0.067779034,0.015869731,0.0038206622,-0.0035877936,-0.0715997
2159,0.049037132,-0.0029056978,0.045651637,0.035910334,0.0033854954,-0.03881603
2160,0.0031097394,0.14554626,0.023624673,0.009568208,-0.020514933,0.13597804
2161,0.051166084,0.044897225,0.04458365,0.032372676,0.006582435,0.012524549
2162,0.04447789,0.072458796,0.04333356,0.026901836,0.001144331,0.045556962
2163,0.59049016,0.4467188,0.5254409,0.39611393,0.06504929,0.05060488
2164,0.023700792,0.03499305,0.0067758523,0.009914613,0.01692494,0.025078434
2165,0.010937068,-0.0013850936,0.027853914,0.022290247,-0.016916845,-0.02367534
2166,0.023345787,-0.008515637,0.00787765,0.0070603956,0.015468137,-0.015576033
2167,0.015550226,0.020986537,0.012789062,0.011667764,0.0027611637,0.009318773
2168,-0.023438403,0.12830679,0.021557124,0.011791015,-0.044995528,0.11651578
2169,1.1651425,0.8157675,1.0360308,0.79662585,0.12911177,0.019141674
2170,0.079433925,0.056946684,0.06962798,0.047674246,0.009805948,0.009272438
2171,1.1186644,0.749247,1.0270469,0.7583855,0.091617465,-0.009138465
2172,0.020477021,0.008008414,0.024404919,0.013601349,-0.0039278977,-0.005592935
2173,0.027046334,-0.027575286,0.037913397,0.02076105,-0.010867063,-0.048336335
2174,0.9312528,0.43403298,0.6456509,0.41107148,0.28560185,0.022961497
2175,0.7064149,0.42330626,0.6374115,0.43516332,0.0690034,-0.011857063
2176,1.0215957,0.7369152,0.9201396,0.7297535,0.101456106,0.007161677
2177,-0.02631156,0.11160824,0.011268617,0.004138191,-0.037580177,0.10747004
2178,1.3460764,0.4565046,0.71624535,0.5231733,0.629831,-0.06666866
2179,1.2002773,0.7403117,1.0263271,0.677461,0.1739502,0.062850654
2180,0.017653963,-0.039335698,0.026990373,0.014669732,-0.00933641,-0.05400543
2181,0.08596751,0.03489339,0.07731426,0.04767174,0.008653253,-0.012778349
2182,0.04814513,0.040196903,0.030501427,0.026994636,0.017643703,0.013202267
2183,0.86097836,0.58671665,0.81884164,0.57121164,0.04213673,0.015505016
2184,0.6984009,0.44902816,0.5921332,0.4360594,0.10626769,0.012968779
2185,0.009150862,0.09892286,0.026684733,0.018121721,-0.017533872,0.080801144
2186,0.029771805,0.12608416,0.02720636,0.017269574,0.0025654454,0.10881459
2187,0.67358035,0.39789394,0.54609615,0.36677125,0.1274842,0.031122684
2188,0.8129446,0.568886,0.69413733,0.47584203,0.118807256,0.09304395
2189,-0.022706952,0.11987499,0.01898094,0.009878916,-0.04168789,0.10999607
2190,-0.020496476,0.16722731,0.02866551,0.012889878,-0.049161986,0.15433744
2191,0.00043663848,-0.06376156,0.026921278,0.01317518,-0.026484638,-0.076936744
2192,0.03230783,-0.026879217,0.041184817,0.024256615,-0.008876987,-0.05113583
2193,0.051566426,0.13687916,0.07375055,0.04715056,-0.022184122,0.0897286
2194,0.74845797,0.34990707,0.5480207,0.35847878,0.20043725,-0.008571714
2195,0.7068924,0.23428573,0.41529626,0.2901703,0.2915961,-0.055884585
2196,0.039079927,-0.0054542855,0.038842134,0.021694258,0.00023779273,-0.027148543
2197,0.16044447,0.117798395,0.13054153,0.0992186,0.029902935,0.018579796
2198,0.7562924,0.47772652,0.6573533,0.4760362,0.09893912,0.0016903281
2199,0.78756404,0.5143653,0.6525759,0.47249138,0.13498813,0.041873932
2200,0.710021,0.5228795,0.61701673,0.45714134,0.09300429,0.06573814
2201,0.08496881,0.027029213,0.063046604,0.044935368,0.021922208,-0.017906155
2202,0.21186851,0.16414315,0.20253946,0.14600796,0.009329051,0.01813519
2203,0.35738564,0.21638146,0.27357304,0.20443319,0.083812594,0.011948273
2204,0.052628294,0.05946539,0.047232557,0.0377646,0.0053957365,0.021700788
2205,0.037808172,0.019675858,0.01811946,0.015175193,0.019688712,0.0045006657
2206,0.0009530668,-0.057130493,0.009728022,0.0007717745,-0.008774955,-0.05790227
2207,0.065865204,0.012956515,0.046265468,0.034244552,0.019599736,-0.021288037
2208,0.55775994,0.31922898,0.45568562,0.32323307,0.102074325,-0.004004091
2209,1.3772186,0.8373452,1.2412741,0.86133844,0.13594449,-0.023993254
2210,0.08025243,0.082174145,0.078032956,0.055874396,0.0022194758,0.026299749
2211,0.028467981,0.11510035,0.051442146,0.025686366,-0.022974165,0.08941398
2212,1.1837368,0.5868348,0.7812349,0.54607475,0.40250188,0.04076004
2213,1.1020913,0.6956382,1.0167673,0.71278435,0.08532405,-0.01714617
2214,0.7441914,0.42989638,0.4603134,0.34136832,0.283878,0.08852807
2215,0.7893516,0.5131454,0.66743106,0.4810734,0.121920526,0.032071978
2216,1.1799667,0.48370895,0.65276587,0.46411437,0.5272008,0.01959458
2217,0.049746137,-0.0038548782,0.04986917,0.03069836,-0.00012303144,-0.034553237
2218,0.044590916,-0.018970236,0.046046905,0.030028306,-0.0014559887,-0.048998542
2219,0.021927325,-0.0077079083,0.038236946,0.024772516,-0.01630962,-0.032480422
2220,0.07277601,0.059254292,0.046739917,0.033674497,0.026036095,0.025579795
2221,0.10204663,0.039413463,0.08403844,0.052301794,0.018008195,-0.012888331
2222,0.022630753,0.08077375,0.023198979,0.012438881,-0.000568226,0.06833487
2223,0.05454596,0.03383756,0.048665848,0.023694666,0.0058801137,0.010142894
2224,0.11746905,0.05959059,0.09871969,0.08112944,0.018749356,-0.02153885
2225,0.6754894,0.43997324,0.6297346,0.39627975,0.04575485,0.043693483
2226,0.053129166,-0.0067961104,0.03783875,0.01669041,0.015290417,-0.023486521
2227,0.10100554,0.0567419,0.10185569,0.07855657,-0.0008501485,-0.021814667
2228,0.08783489,0.0604927,0.061876163,0.046579316,0.025958724,0.013913386
2229,0.03439687,-0.015233422,0.043603282,0.028043006,-0.009206414,-0.04327643
2230,0.63021755,0.34647644,0.5185781,0.3465865,0.11163944,-0.00011005998
2231,0.011898728,0.2171377,0.038697246,0.030375948,-0.026798518,0.18676175
2232,0.02824604,0.21454439,0.06767692,0.04130925,-0.03943088,0.17323513
2233,0.07262807,0.017173698,0.07236221,0.047271572,0.00026586652,-0.030097874
2234,-0.009334101,0.18292978,0.020438014,0.017163415,-0.029772114,0.16576637
2235,0.12291794,0.07395655,0.11858326,0.08423569,0.0043346807,-0.010279141
2236,0.9285994,0.1522767,0.29824397,0.24141484,0.6303555,-0.08913815
2237,0.6367449,0.39365035,0.5143988,0.34697896,0.1223461,0.04667139
2238,0.044078317,0.012200839,0.04445379,0.029880483,-0.000375472,-0.017679643
2239,0.7806816,0.26751515,0.49237242,0.34583867,0.2883092,-0.07832351
2240,0.036867168,0.038121797,0.028777486,0.021415507,0.008089682,0.01670629
2241,0.03586899,0.024155015,0.029193016,0.019881072,0.0066759754,0.0042739436
2242,0.06474377,0.036989827,0.046809707,0.033525664,0.017934065,0.0034641623
2243,0.04985195,-0.0024819823,0.032559544,0.020927131,0.017292406,-0.023409113
2244,1.0970953,0.07046368,0.3326225,0.22546528,0.7644727,-0.15500161
2245,0.28353673,0.23236303,0.24855225,0.18766159,0.034984484,0.044701442
2246,0.015204871,0.23608139,0.041276205,0.030729435,-0.026071334,0.20535195
2247,0.16487022,0.09795531,0.14899446,0.11110666,0.015875757,-0.013151348
2248,0.828502,0.49071357,0.6828568,0.48413518,0.1456452,0.006578386
2249,0.035068132,0.059764173,0.030639198,0.025191948,0.0044289343,0.034572225
2250,0.674896,0.44483042,0.6188791,0.44588318,0.056016922,-0.001052767
2251,0.11472749,0.043709904,0.09703621,0.07103768,0.017691277,-0.027327776
2252,0.08941638,0.053750206,0.07790279,0.0536238,0.011513591,0.00012640655
2253,0.06344027,0.041691538,0.03619087,0.024977788,0.0272494,0.01671375
2254,0.053343058,-0.015881496,0.05886051,0.03206937,-0.005517453,-0.047950864
2255,0.020740332,0.03970914,0.0047478033,0.005148085,0.01599253,0.034561053
2256,0.1440724,0.10175221,0.13716482,0.092545755,0.0069075823,0.0092064515
2257,-0.025939334,-0.023443347,0.006768031,0.003715069,-0.032707363,-0.027158417
2258,0.018975845,0.040472846,0.010636918,0.010447004,0.008338926,0.030025844
2259,0.03912363,0.13302019,0.031819392,0.025898896,0.0073042363,0.107121296
2260,0.011906178,0.24587096,0.04719349,0.039245702,-0.035287313,0.20662525
2261,0.063227154,-0.0031694598,0.05321391,0.037493207,0.010013245,-0.040662665
2262,0.122713946,0.028155185,0.10071912,0.069231965,0.02199483,-0.04107678
2263,0.04479347,0.05485856,0.030815309,0.017700806,0.013978163,0.037157755
2264,0.5712276,0.25867718,0.33772305,0.22220783,0.23350456,0.036469355
2265,0.060636196,0.0179536,0.036468126,0.026066326,0.02416807,-0.008112725
2266,0.071566865,0.0619077,0.061233662,0.049778406,0.010333203,0.012129296
2267,1.132334,0.706037,0.8902071,0.6761527,0.24212688,0.029884279
2268,-0.0061550196,-0.010081613,0.036823343,0.017264007,-0.04297836,-0.02734562
2269,-0.0036925038,0.0045833196,0.0031912383,0.004091267,-0.0068837423,0.00049205264
2270,0.6708765,0.4801968,0.60303456,0.46681795,0.06784195,0.013378859
2271,0.7246606,0.4032213,0.5584808,0.40700677,0.16617978,-0.0037854612
2272,0.03004892,0.013792229,0.033261314,0.022039266,-0.0032123942,-0.008247037
2273,0.6820556,0.25638977,0.43721694,0.28655398,0.24483865,-0.030164212
2274,0.029726477,0.107407965,0.047371544,0.037780277,-0.017645067,0.06962769
2275,0.051831327,0.13123563,0.06727609,0.046158608,-0.015444763,0.08507702
2276,0.057813443,-0.009706927,0.054137003,0.0372822,0.0036764406,-0.046989128
2277,0.036178693,0.12203164,0.060555153,0.04658226,-0.02437646,0.07544938
2278,0.6617107,0.39961016,0.55242735,0.3688608,0.10928333,0.03074935
2279,0.054780502,0.1297004,0.068526104,0.0380437,-0.013745602,0.09165671
2280,0.92094636,0.5649602,0.7247233,0.49699405,0.19622308,0.06796613
2281,0.08114537,0.09734297,0.07790163,0.063978836,0.003243737,0.033364132
2282,1.2707442,0.88693166,1.1440603,0.86529344,0.12668395,0.021638215
2283,0.70730585,0.49718845,0.63203126,0.44619995,0.07527459,0.050988495
2284,0.7215887,0.4057116,0.5467642,0.3980966,0.17482448,0.007615
2285,0.08241531,0.057530534,0.086064875,0.054873906,-0.0036495626,0.0026566274
2286,0.02049019,0.031108886,0.02926083,0.016228866,-0.008770639,0.01488002
2287,0.028675288,0.055910133,0.021225417,0.014728277,0.007449871,0.041181855
2288,0.8826618,0.6420206,0.7981985,0.6257155,0.0844633,0.016305089
2289,-0.029651314,0.12855951,0.017644474,0.008505029,-0.047295786,0.12005448
2290,0.04971578,0.026061624,0.05379024,0.036114227,-0.0040744618,-0.010052603
2291,0.18609618,0.13905883,0.17122194,0.119134426,0.014874235,0.019924402
2292,0.073723294,0.05746615,0.07251866,0.049625196,0.0012046322,0.007840954
2293,0.60583466,0.42188427,0.5016133,0.35507503,0.104221344,0.06680924
2294,0.15794554,0.13186859,0.15884104,0.12116896,-0.0008955002,0.010699622
2295,0.39978892,0.31906566,0.3514163,0.2481494,0.048372626,0.070916265
2296,0.1917716,0.16377029,0.16677904,0.12622628,0.024992555,0.037544012
2297,0.021074286,0.15864217,0.05694166,0.036355205,-0.03586737,0.12228697
2298,1.0090182,0.6754691,0.779897,0.5475464,0.22912121,0.12792271
2299,0.081910744,0.014520289,0.0898454,0.051946186,-0.007934652,-0.037425898
2300,0.0927177,0.16633841,0.08505351,0.053712074,0.0076641887,0.112626344
2301,0.044243574,0.034907322,0.031742144,0.014466797,0.01250143,0.020440526
2302,0.84894276,0.60205454,0.7841095,0.58102727,0.06483328,0.021027267
2303,0.72550684,0.3489657,0.5338653,0.36553288,0.19164157,-0.01656717
2304,-0.0024852443,0.0319894,-0.004184542,-0.0013984735,0.0016992979,0.033387873
2305,0.26208842,0.16299409,0.19624399,0.14447664,0.06584443,0.01851745
2306,0.6768114,0.30036238,0.48479068,0.372867,0.19202071,-0.07250461
2307,0.15720257,0.13170059,0.13931327,0.11281641,0.017889306,0.018884182
2308,-0.013670144,0.11368756,0.021941911,0.014014352,-0.035612054,0.09967321
2309,0.78764427,0.3425029,0.45519653,0.34292775,0.33244774,-0.0004248619
2310,0.057308406,0.0008539666,0.045161303,0.027301643,0.0121471025,-0.026447676
2311,0.017590547,-0.015865251,0.013994723,0.011403127,0.0035958244,-0.027268378
2312,0.6680058,0.44481614,0.552205,0.40349853,0.1158008,0.041317612
2313,0.008805048,0.14731355,0.017317656,0.014236405,-0.008512609,0.13307714
2314,1.2838811,0.73640585,1.0094287,0.70161605,0.27445233,0.0347898
2315,0.30792686,0.24175364,0.29122412,0.22987804,0.016702741,0.0118756
2316,0.4621933,0.24694599,0.32204384,0.22908361,0.14014947,0.01786238
2317,0.05052369,0.04754083,0.04545041,0.036502887,0.005073279,0.011037942
2318,1.2041683,0.48499128,0.610646,0.42323086,0.5935223,0.061760426
2319,0.89287674,0.5990795,0.6907275,0.5442457,0.20214927,0.05483377
2320,0.06818662,0.030029055,0.04233774,0.029978344,0.025848877,5.0710514e-05
2321,0.03446749,0.034716357,0.02190332,0.020776607,0.012564169,0.013939749
2322,0.66323626,0.2905035,0.50505626,0.34773988,0.15818,-0.057236373
2323,0.028653087,0.13242242,0.027673524,0.020921063,0.0009795632,0.11150135
2324,0.07447537,0.043805383,0.062063627,0.037235502,0.012411743,0.006569881
2325,0.023603199,-0.033839926,0.036363393,0.02205571,-0.012760194,-0.055895634
2326,0.7146011,0.48706052,0.632021,0.4723872,0.08258009,0.014673322
2327,0.71863306,0.48986238,0.61636233,0.45615265,0.10227072,0.033709735
2328,0.6218855,0.35731736,0.49096024,0.3624714,0.13092524,-0.0051540434
2329,0.14007778,0.095861256,0.11366755,0.08891786,0.026410237,0.006943397
2330,0.033192817,0.043448236,0.037240293,0.031118095,-0.0040474758,0.012330141
2331,-0.0043207915,0.21901295,0.04686545,0.026143307,-0.05118624,0.19286963
2332,0.037372828,0.02773064,0.034544848,0.021273606,0.0028279796,0.0064570345
2333,0.11774374,0.20181412,0.110373385,0.08691346,0.0073703527,0.114900656
2334,0.047822017,-0.0011525522,0.054518968,0.038370315,-0.0066969506,-0.039522868
2335,0.061515145,0.022069883,0.04047292,0.029829301,0.021042224,-0.0077594183
2336,0.69101435,0.39124337,0.59406346,0.41433772,0.09695089,-0.023094356
2337,0.69597393,0.45189077,0.53618884,0.3803539,0.15978509,0.07153687
2338,0.058558833,-0.00082723505,0.06450424,0.03805851,-0.0059454106,-0.038885742
2339,0.8368725,0.36504483,0.4929657,0.3213985,0.34390682,0.043646336
2340,-0.015951192,0.016643964,0.012473814,0.009915581,-0.028425006,0.006728383
2341,1.141781,0.7802643,1.0036258,0.7808337,0.13815522,-0.0005694032
2342,0.6276114,0.3687636,0.55081826,0.40180066,0.076793134,-0.033037066
2343,0.52492726,0.33032286,0.45011395,0.33683586,0.07481331,-0.0065129995
2344,0.3865044,0.26233,0.34386975,0.22770137,0.042634666,0.03462863
2345,0.017887592,0.029429894,0.012518091,0.012545283,0.005369501,0.01688461
2346,0.1198404,0.070306346,0.090589456,0.0651189,0.029250942,0.0051874444
2347,0.6962994,0.43121094,0.57749623,0.41123426,0.11880314,0.019976676
2348,0.043416984,0.0498202,0.037358943,0.030138731,0.006058041,0.019681469
2349,0.022260625,-0.04195153,0.0037973532,0.0028423748,0.018463273,-0.044793904
2350,0.018253112,0.21213764,0.04209542,0.031690408,-0.023842307,0.18044724
2351,0.009419822,-0.0037118427,0.023574252,0.01740819,-0.01415443,-0.021120032
2352,0.020200543,-0.007164168,0.01593727,0.010843332,0.0042632725,-0.0180075
2353,0.04602781,-0.021674078,0.037279516,0.0197054,0.008748293,-0.041379478
2354,0.8141134,0.57578284,0.7590959,0.55018675,0.05501747,0.025596082
2355,0.09001363,0.0032391334,0.06854555,0.035636302,0.02146808,-0.03239717
2356,0.8239831,0.4360658,0.60126543,0.4317357,0.22271764,0.0043300986
2357,0.24594386,0.16249888,0.2192697,0.14931862,0.026674166,0.013180256
2358,0.07538944,0.16335453,0.07346484,0.052530155,0.0019245967,0.11082438
2359,0.033234537,0.023424117,0.0134071885,0.01035895,0.019827347,0.013065167
2360,-0.00019000394,-0.04232368,0.0025188841,0.0009411574,-0.0027088881,-0.043264836
2361,0.01957706,0.027304735,0.008654586,0.005717646,0.010922474,0.021587089
2362,0.05601917,0.02828785,0.044399433,0.025653254,0.0116197355,0.002634596
2363,0.021144707,0.024050271,0.005877111,0.004923403,0.015267596,0.019126868
2364,0.50445276,0.1287163,0.3097766,0.18923965,0.19467616,-0.060523346
2365,0.016755795,0.018967094,0.01419138,0.010332213,0.0025644153,0.008634881
2366,1.1804273,0.5934028,0.9034715,0.56196344,0.27695578,0.031439364
2367,0.9213283,0.62848073,0.82099074,0.58656454,0.100337565,0.04191619
2368,0.5572086,0.36743075,0.44387412,0.32295865,0.11333448,0.0444721
2369,0.027771998,0.0118549345,0.020801533,0.023223927,0.006970465,-0.011368993
2370,0.71865195,0.4626838,0.63976294,0.4561795,0.07888901,0.0065042973
2371,0.86951107,0.58641386,0.7856042,0.5384657,0.08390689,0.04794818
2372,0.89653087,0.46562102,0.57356876,0.42878115,0.3229621,0.036839873
2373,0.021633279,-0.023237422,0.024455683,0.019597678,-0.0028224047,-0.0428351
2374,0.2737247,0.18949912,0.24534687,0.16945423,0.028377831,0.020044893
2375,0.002080678,-0.037899777,0.0085261725,0.006900282,-0.0064454945,-0.044800058
2376,0.553621,0.29859874,0.4579985,0.29720235,0.09562248,0.0013963878
2377,0.06992094,0.044031456,0.051853538,0.03956663,0.018067405,0.0044648275
2378,0.0514426,0.043650374,0.035702605,0.027016902,0.015739996,0.016633471
2379,0.0091841025,0.057700504,0.018718781,0.005690258,-0.009534678,0.052010246
2380,-0.028868692,0.118658856,0.014266078,0.009898245,-0.04313477,0.10876061
2381,0.39701927,0.2802824,0.35509735,0.26686686,0.041921914,0.013415545
2382,0.17173176,0.11699452,0.14965904,0.10036908,0.022072718,0.016625442
2383,0.03179621,0.03350438,0.01705704,0.017839741,0.014739169,0.01566464
2384,1.0960987,0.70341784,0.97649765,0.7304543,0.11960101,-0.027036488
2385,-0.03251389,0.11860224,0.014132741,0.006310782,-0.046646632,0.112291455
2386,0.71971357,0.48993844,0.6604745,0.48013985,0.05923909,0.009798586
2387,0.05399233,0.0033324522,0.05021894,0.028390713,0.0037733912,-0.02505826
2388,0.06559136,0.06042863,0.05749279,0.049463205,0.008098569,0.0109654255
2389,1.0203485,0.5663228,0.87398905,0.55056405,0.1463595,0.015758753
2390,1.2017684,0.9191678,1.1133434,0.86626023,0.08842504,0.052907586
2391,0.06453226,0.0594056,0.035354704,0.021536808,0.029177554,0.03786879
2392,0.9569093,0.49162388,0.83415914,0.541818,0.12275016,-0.050194144
2393,0.04974934,0.041603647,0.0301661,0.017508393,0.01958324,0.024095254
2394,0.04213554,0.049846206,0.019444006,0.01664677,0.022691535,0.033199437
2395,0.036156394,0.037429616,0.03513953,0.02653748,0.0010168627,0.010892136
2396,0.9594829,0.49604747,0.7310655,0.47432235,0.2284174,0.021725118
2397,0.046622813,0.06891755,0.057376117,0.04385202,-0.010753304,0.02506553
2398,0.05218906,0.043094907,0.030338362,0.022521408,0.021850698,0.020573499
2399,-0.040198397,0.11904826,0.007751572,0.0012482931,-0.04794997,0.11779997
2400,0.019685404,0.15594938,0.037049245,0.020830996,-0.01736384,0.1351184
2401,0.047522925,-0.00055319426,0.053516556,0.025127672,-0.0059936307,-0.025680866
2402,0.6455542,0.3635952,0.48912376,0.35348397,0.15643042,0.010111213
2403,0.6323031,0.26387912,0.36395872,0.252725,0.2683444,0.011154115
2404,0.8798948,0.52367425,0.73438853,0.5234892,0.14550626,0.00018507242
2405,0.65910494,0.46769163,0.55136174,0.42609662,0.1077432,0.041595012
2406,0.7867675,0.5283714,0.70189154,0.5378006,0.08487594,-0.009429216
2407,0.09480168,0.09659376,0.06766545,0.048602413,0.027136229,0.047991347
2408,0.03858537,0.04705266,0.019305049,0.017927403,0.01928032,0.029125256
2409,0.051371843,0.04338648,0.038285326,0.03252566,0.013086516,0.010860823
2410,0.07385383,0.043693528,0.050251685,0.04116467,0.023602143,0.0025288574
2411,-0.02287412,0.102993645,0.009360821,0.0024798953,-0.03223494,0.10051375
2412,0.0416817,0.01802436,0.019895192,0.016093975,0.021786507,0.0019303858
2413,0.02943506,0.0054223714,0.045272335,0.024446318,-0.015837274,-0.019023947
2414,0.053175885,0.08338553,0.05951108,0.04060106,-0.006335195,0.042784467
2415,0.017344646,0.027480008,0.010879756,0.008921949,0.00646489,0.018558059
2416,0.022895893,0.020854149,0.03655328,0.027850175,-0.0136573855,-0.0069960263
2417,0.08471952,0.17107278,0.08105156,0.055010553,0.003667958,0.116062224
2418,0.09067086,0.0059282477,0.088826746,0.044321075,0.0018441156,-0.038392827
2419,0.6964509,0.2789071,0.5223722,0.33555508,0.1740787,-0.056647986
2420,0.04025177,0.018727671,0.019935934,0.011790841,0.020315835,0.0069368305
2421,0.87521195,0.5621327,0.7648014,0.5831843,0.11041057,-0.021051586
2422,0.01999777,0.018439878,0.016159471,0.01452885,0.0038382988,0.0039110277
2423,0.5912934,0.28108445,0.36334723,0.24830467,0.22794616,0.032779783
2424,0.0138156675,0.02659065,0.017552814,0.0153226005,-0.003737146,0.01126805
2425,0.020759402,-0.01597698,0.026786601,0.018799508,-0.0060271993,-0.034776486
2426,0.04862997,0.064663544,0.043061763,0.034964874,0.0055682063,0.02969867
2427,1.2421504,0.31605363,0.53277457,0.35569087,0.70937586,-0.039637238
2428,0.49589851,0.34965512,0.43208367,0.32188073,0.06381485,0.027774394
2429,0.057661302,0.036321886,0.04084241,0.033279322,0.016818892,0.0030425638
2430,0.8031416,0.4863957,0.72425705,0.4947365,0.07888454,-0.008340806
2431,0.037526976,0.022581207,0.034568388,0.020492492,0.0029585883,0.0020887144
2432,-0.009645393,0.0059391367,0.015238667,0.008342411,-0.02488406,-0.0024032746
2433,0.03897126,0.049984742,0.027597982,0.020285817,0.011373278,0.029698925
2434,0.07220627,0.14209238,0.065614074,0.0328245,0.006592199,0.109267876
2435,-0.012458834,0.005879095,0.0206287,0.018224131,-0.033087533,-0.0123450365
2436,0.03138202,0.08618944,0.03676626,0.019738724,-0.0053842403,0.066450715
2437,0.11927667,0.102080785,0.11137699,0.08228663,0.007899679,0.019794151
2438,0.037689604,0.049954247,0.035533797,0.019907646,0.0021558069,0.0300466
2439,0.8043628,0.5262264,0.7020886,0.5305194,0.10227418,-0.0042930245
2440,1.2021772,0.64948946,1.0430406,0.69785094,0.15913653,-0.04836148
2441,0.55338204,0.36701465,0.48416275,0.34192973,0.06921929,0.025084913
2442,1.0449392,0.2764827,0.5503823,0.36262387,0.49455684,-0.08614117
2443,0.8472108,0.43129593,0.5617407,0.40536815,0.28547013,0.025927782
2444,0.077696666,0.056963086,0.06675912,0.04439858,0.010937549,0.012564506
2445,0.052933343,0.051225927,0.04064755,0.034111015,0.012285791,0.017114911
2446,0.053418282,0.07381271,0.0363732,0.03011582,0.01704508,0.043696888
2447,0.12872937,0.072116375,0.11139579,0.08405567,0.017333582,-0.011939295
2448,-0.0059089847,0.054743268,0.008037894,0.00422789,-0.013946879,0.050515376
2449,-0.001633859,0.1090595,0.025298044,0.0186318,-0.026931902,0.0904277
2450,0.87927246,0.48992586,0.7463635,0.5186488,0.13290894,-0.028722942
2451,-0.039598245,0.11259919,0.0065368307,0.0014416847,-0.046135075,0.1111575
2452,0.9083689,0.51716334,0.7774825,0.55339503,0.13088638,-0.036231697
2453,0.011595019,-0.060282446,0.016712438,0.00636591,-0.005117419,-0.06664836
2454,0.08346693,0.06882095,0.067797445,0.053567175,0.015669487,0.015253779
2455,0.1328993,0.10070461,0.10753632,0.08573208,0.025362976,0.01497253
2456,0.067709304,-0.036521133,0.05884682,0.021605954,0.008862484,-0.058127087
2457,1.1933765,0.6182517,0.95054454,0.65042377,0.242832,-0.032172084
2458,0.90616184,0.52454555,0.7596788,0.5147189,0.14648306,0.00982666
2459,0.022021113,0.060231987,0.029329726,0.020148195,-0.0073086135,0.040083792
2460,0.06965022,0.043512866,0.041300923,0.027249122,0.028349295,0.016263744
2461,0.024142256,-0.00615447,0.022510314,0.018135708,0.0016319416,-0.024290178
2462,0.015773444,0.14509037,0.016755603,0.014008538,-0.0009821597,0.13108183
2463,1.0588194,0.35497943,0.4562687,0.26794648,0.60255075,0.087032944
2464,0.084989764,0.08725893,0.08036893,0.059515312,0.004620835,0.027743615
2465,0.83367556,0.49732736,0.69954973,0.49172404,0.13412583,0.0056033134
2466,0.006517935,-0.06513258,0.01593557,0.004499734,-0.009417634,-0.069632314
2467,-0.011534912,-0.05826852,0.019022522,0.010356587,-0.030557435,-0.06862511
2468,1.1799705,0.51833516,0.7947296,0.57598037,0.3852409,-0.0576452
2469,0.8907212,0.6008445,0.7949772,0.616765,0.095744014,-0.01592052
2470,0.025292242,0.0047269366,0.03073622,0.026960256,-0.005443977,-0.022233319
2471,0.045339834,-0.02192704,0.035052218,0.02067232,0.010287616,-0.042599358
2472,0.025423465,0.038929526,0.0169017,0.009139693,0.0085217655,0.029789831
2473,0.068346955,0.11480797,0.048378706,0.026032403,0.019968249,0.08877557
2474,0.06629155,0.04503445,0.046342324,0.034760818,0.019949224,0.010273632
2475,-0.006618217,0.007867727,0.022162704,0.01347885,-0.02878092,-0.0056111226
2476,0.93851835,0.2905868,0.49968475,0.29323113,0.4388336,-0.0026443303
2477,0.6988168,0.4251157,0.4998254,0.35600618,0.19899139,0.06910953
2478,0.87379766,0.27258474,0.33599445,0.24341589,0.5378032,0.029168844
2479,-0.03601186,0.1759849,0.02644735,0.012094867,-0.062459208,0.16389003
2480,0.13926178,0.10302139,0.12143632,0.08824344,0.017825462,0.014777951
2481,0.38034436,0.21734878,0.291489,0.21726851,0.088855356,8.0272555e-05
2482,0.0018949307,0.021040106,0.010535734,0.005394995,-0.008640803,0.015645111
2483,0.031630542,0.04889497,0.02445759,0.0133836195,0.0071729515,0.035511352
2484,0.005167372,-0.01137391,0.015605398,0.010246609,-0.010438027,-0.02162052
2485,0.12486896,0.07081524,0.12608401,0.09997669,-0.0012150556,-0.029161446
2486,0.053700738,0.05220504,0.03927625,0.03313436,0.014424488,0.019070681
2487,0.4634145,0.22474733,0.36597756,0.24967256,0.097436935,-0.024925232
2488,0.57189703,0.35704833,0.48523104,0.327163,0.08666599,0.029885322
2489,0.0011551046,0.10596766,0.010106187,0.0107543375,-0.008951083,0.095213324
2490,0.03143587,0.044085283,0.03641872,0.029043077,-0.0049828514,0.015042206
2491,0.023658622,0.047744222,0.031891856,0.027356794,-0.008233234,0.020387428
2492,0.0757807,0.029978175,0.066271506,0.04984754,0.009509191,-0.019869365
2493,0.51726204,0.31312674,0.39111683,0.27675045,0.12614521,0.036376297
2494,0.019663146,0.004048632,0.03518492,0.024048416,-0.015521774,-0.019999783
2495,0.0362116,-0.026988082,0.036038753,0.02091039,0.00017284602,-0.04789847
2496,0.070753,0.04981989,0.045977112,0.03221952,0.024775889,0.017600369
2497,0.12915131,0.08593163,0.1094829,0.079434656,0.019668415,0.0064969733
2498,0.6861641,0.37775895,0.32908413,0.24702282,0.35707995,0.13073613
2499,0.03145033,0.03382335,0.035565875,0.027585207,-0.0041155443,0.006238142
2500,0.013984058,-0.035713512,0.023231618,0.011228148,-0.00924756,-0.04694166
2501,0.011525895,-0.0030321542,0.005239223,0.005491897,0.0062866723,-0.008524051
2502,0.10023754,0.13791245,0.11142322,0.07858593,-0.011185676,0.059326522
2503,0.55757064,0.34930447,0.45106003,0.31850505,0.10651061,0.030799419
2504,0.6662748,0.41427884,0.5460118,0.37629068,0.12026298,0.037988156
2505,0.021489322,0.030748447,0.016785195,0.014687511,0.004704127,0.016060937
2506,0.6977553,0.3932374,0.5596801,0.40317225,0.13807517,-0.009934843
2507,0.12136828,0.0728032,0.11270824,0.0776107,0.008660041,-0.004807502
2508,0.55992126,0.33954465,0.48372155,0.34487733,0.07619971,-0.0053326786
2509,0.73393947,0.48618636,0.61876166,0.44825625,0.11517781,0.0379301
2510,-0.0076597217,0.11141503,0.005050764,0.0038891346,-0.012710486,0.10752589
2511,0.12376135,0.092225224,0.10145726,0.08478406,0.022304088,0.007441163
2512,0.038861014,0.13189381,0.03773314,0.025652522,0.0011278726,0.10624129
2513,0.018383501,-0.00010508557,0.018402347,0.01385065,-1.8846244e-05,-0.013955736
2514,1.2720635,0.51356405,0.88074243,0.61793786,0.39132106,-0.10437381
2515,0.96868914,0.60527396,0.82066274,0.6213761,0.1480264,-0.016102135
2516,0.044883233,0.04426591,0.03805156,0.030446555,0.006831672,0.0138193555
2517,0.637939,0.39422366,0.5495998,0.39121547,0.08833915,0.0030081868
2518,0.051239178,0.046804592,0.04825063,0.03364096,0.002988547,0.013163634
2519,0.075473025,0.050819557,0.052221652,0.032305177,0.023251373,0.01851438
2520,0.9047081,0.55182135,0.7713441,0.5292889,0.13336396,0.022532463
2521,0.09090353,0.027821863,0.052015632,0.036761552,0.038887896,-0.008939689
2522,0.63576686,0.3357315,0.53180707,0.328067,0.1039598,0.0076645017
2523,0.7408077,0.44868875,0.63088423,0.40840507,0.10992348,0.04028368
2524,0.07676262,0.015956117,0.06545159,0.04147743,0.011311024,-0.025521314
2525,1.1046464,0.54434806,0.7652593,0.5313667,0.33938712,0.012981355
2526,0.0885196,0.028291894,0.07168547,0.044068683,0.016834132,-0.015776789
2527,0.04042401,0.04331121,0.037014686,0.02743501,0.003409326,0.015876198
2528,0.02282446,0.046850994,0.012980151,0.007526458,0.00984431,0.039324537
2529,0.7339006,0.41287494,0.580364,0.4179577,0.15353662,-0.0050827563
2530,0.6640663,0.39808378,0.5768699,0.41849986,0.08719641,-0.020416081
2531,0.0023203697,0.14933242,0.011801544,0.007963187,-0.009481174,0.14136924
2532,-0.02086109,0.14729452,0.025435204,0.014627907,-0.04629629,0.13266662
2533,0.30990848,0.2980022,0.27271423,0.19004697,0.037194252,0.10795525
2534,0.3099757,0.28756276,0.30340168,0.23693767,0.0065740347,0.050625086
2535,0.07522161,0.000686588,0.057750426,0.03756456,0.017471187,-0.03687797
2536,-0.016085938,0.017967746,0.010201526,0.008426338,-0.026287463,0.009541407
2537,0.77573067,0.4446189,0.68402475,0.40531114,0.09170592,0.039307773
2538,0.05679515,-0.017362198,0.05664035,0.03469733,0.00015480071,-0.05205953
2539,0.7324422,0.4542518,0.6061834,0.4273669,0.12625879,0.026884884
2540,0.098263115,0.07589276,0.08785385,0.061760806,0.010409266,0.014131956
2541,0.01131892,0.014116621,0.013155872,0.009120608,-0.0018369518,0.004996013
2542,0.05328113,0.03622971,0.03685598,0.022860218,0.016425148,0.013369493
2543,0.026943732,-0.01120595,0.017471217,0.0070815603,0.009472515,-0.01828751
2544,0.7266891,0.43244168,0.5428626,0.36935422,0.1838265,0.06308746
2545,0.051031217,0.043068357,0.041354727,0.029063728,0.00967649,0.014004629
2546,0.091753595,0.09270916,0.0892035,0.067498975,0.0025500953,0.025210187
2547,0.012174981,-0.020539174,0.01084988,0.0072902404,0.0013251007,-0.027829414
2548,0.007346693,-0.0132589005,0.04206245,0.024317838,-0.034715757,-0.03757674
2549,0.6390808,0.4397388,0.5621722,0.43200272,0.07690865,0.007736087
2550,0.012420481,0.08092078,0.019499488,0.013959468,-0.007079007,0.06696131
2551,0.142282,0.12753607,0.09925686,0.071714155,0.043025136,0.055821918
2552,0.0262128,0.10005489,0.017552288,0.015805915,0.008660512,0.084248975
2553,0.012354034,0.024699792,0.008893756,0.00801822,0.0034602778,0.016681572
2554,0.6902574,0.4223184,0.6041593,0.40251857,0.086098075,0.019799829
2555,0.7672676,0.3570621,0.5264876,0.3370361,0.24078,0.020025998
2556,0.076746486,0.05480484,0.05703655,0.03837842,0.019709937,0.016426418
2557,0.034415804,0.0254727,0.03197614,0.0153239025,0.0024396628,0.010148798
2558,0.0056939586,-0.0028729995,0.010535086,0.0056195944,-0.004841127,-0.008492594
2559,0.22162409,0.20840289,0.21587092,0.16766284,0.0057531744,0.040740043
