feature_idx,seq_effect_obs,struct_effect_obs,seq_effect_shuffle,struct_effect_shuffle,seq_delta,struct_delta
0,0.38939053,0.09972666,0.100076266,0.07134045,0.28931427,0.028386213
1,0.38837522,0.061287094,0.07773065,0.05998003,0.31064457,0.0013070628
2,0.35583556,0.056763377,0.113250144,0.0746752,0.24258542,-0.017911825
3,0.37589946,0.07659108,0.09499441,0.06512295,0.28090507,0.011468135
4,0.46248338,0.049261197,0.07822666,0.05383711,0.38425672,-0.004575912
5,0.4895364,0.08416955,0.0963939,0.06369474,0.39314252,0.020474814
6,0.5308679,0.06299131,0.09548255,0.06699484,0.43538532,-0.004003525
7,0.46634835,0.028610054,0.10830586,0.06908761,0.35804248,-0.040477555
8,0.5949343,0.063105516,0.11657224,0.083724044,0.47836205,-0.020618528
9,0.48924088,0.09367543,0.10045047,0.07295904,0.38879043,0.020716384
10,0.4916058,0.09528266,0.110023595,0.08126263,0.3815822,0.014020026
11,0.3724513,0.045073442,0.07728905,0.058452997,0.29516226,-0.013379555
12,0.52630806,0.099326655,0.13038231,0.09138568,0.39592576,0.007940978
13,0.52600974,0.10383675,0.14583316,0.10873576,0.38017657,-0.00489901
14,0.3875232,0.06648935,0.07818178,0.05535379,0.30934143,0.011135556
15,0.6063263,0.16473012,0.12629266,0.09790608,0.48003364,0.066824034
16,0.35735682,0.08073971,0.08459441,0.057910684,0.27276242,0.022829022
17,0.20680833,0.028229471,0.04658885,0.029079191,0.16021948,-0.0008497201
18,0.5697804,0.07728082,0.10909009,0.073723,0.46069032,0.0035578161
19,0.5685853,0.08534106,0.099778846,0.067526415,0.46880645,0.017814644
20,0.28120568,0.046566233,0.046389755,0.031671338,0.23481593,0.014894895
21,0.45726973,0.0725363,0.09082293,0.06758485,0.3664468,0.0049514472
22,0.5462255,0.10143055,0.12246265,0.091923214,0.42376283,0.009507336
23,0.4325082,0.061731964,0.078844704,0.05800888,0.3536635,0.003723085
24,0.51298696,0.08385688,0.13984756,0.087183096,0.37313938,-0.0033262148
25,0.4312431,0.097545415,0.12264268,0.09671443,0.30860043,0.0008309856
26,0.4245661,0.07128055,0.07332747,0.052158583,0.3512386,0.019121964
27,0.32259625,0.060949218,0.09286991,0.06481516,0.22972634,-0.003865946
28,0.39320144,0.08526021,0.068416536,0.05334153,0.3247849,0.031918682
29,0.4351481,0.07460758,0.09462735,0.07122092,0.34052074,0.0033866614
30,0.4768956,0.038686883,0.10260739,0.06716056,0.3742882,-0.028473679
31,0.5654363,0.1025785,0.12493177,0.08668761,0.44050455,0.015890889
32,0.5954619,0.04270119,0.097973205,0.06678081,0.4974887,-0.024079625
33,0.5503018,0.09567274,0.10129676,0.06736015,0.44900504,0.028312594
34,0.46428892,0.104425766,0.110942975,0.07593576,0.35334593,0.028490007
35,0.60662067,0.103823625,0.14255872,0.09702442,0.46406195,0.006799206
36,0.6193045,0.1268608,0.11220547,0.08680439,0.50709903,0.040056407
37,0.58223766,0.11514825,0.10403883,0.078499705,0.47819883,0.03664854
38,0.49771893,0.054746363,0.0759519,0.053073883,0.42176703,0.0016724803
39,0.5012692,0.060530048,0.088759296,0.06039796,0.41250992,0.00013208762
40,0.46270972,0.07598453,0.098632134,0.06867607,0.3640776,0.007308461
41,0.3621174,0.05575505,0.08530637,0.0643904,0.27681103,-0.00863535
42,0.5532597,0.1386754,0.12514909,0.08984497,0.4281106,0.048830435
43,0.5671597,0.13179345,0.14084426,0.10198265,0.42631546,0.029810801
44,0.42888877,0.02716219,0.048428968,0.036154214,0.3804598,-0.008992024
45,0.5034384,0.10784044,0.12458194,0.092625484,0.37885648,0.015214957
46,0.57730883,0.06986728,0.14212315,0.096251175,0.43518567,-0.026383892
47,0.48922423,0.06899524,0.097541615,0.05528484,0.39168262,0.013710398
48,0.6026635,0.06731153,0.112616874,0.07162948,0.49004665,-0.0043179467
49,0.3586837,0.046442967,0.06845996,0.044437233,0.29022375,0.0020057335
50,0.41514117,0.058503173,0.07247522,0.052117214,0.34266594,0.0063859597
51,0.42800075,0.07010433,0.09484341,0.06721057,0.33315733,0.0028937608
52,0.36663666,0.032926224,0.08801144,0.059349343,0.27862522,-0.026423119
53,0.5291993,0.12851717,0.12024294,0.08754888,0.40895635,0.040968284
54,0.4847521,0.085612275,0.08177363,0.055620346,0.40297845,0.029991928
55,0.58660823,0.100185275,0.11255166,0.08089514,0.47405657,0.019290134
56,0.5170759,0.06815764,0.0872524,0.058378946,0.4298235,0.009778697
57,0.3888941,0.060805943,0.07555495,0.051356908,0.31333917,0.009449035
58,0.55910397,0.084933825,0.13432612,0.0925202,0.42477787,-0.007586375
59,0.49295247,0.08036266,0.12402322,0.08633837,0.36892924,-0.0059757084
60,0.48064694,0.06573808,0.08361189,0.060178284,0.39703506,0.0055597983
61,0.5184497,0.09372415,0.13142017,0.08883501,0.38702956,0.004889138
62,0.38932186,0.073055275,0.09006421,0.069019705,0.29925764,0.0040355697
63,0.37703767,0.07025601,0.08624802,0.05758202,0.29078966,0.012673989
64,0.36068937,0.07069984,0.0863827,0.060216416,0.27430665,0.010483425
65,0.55707246,0.08371997,0.1255727,0.08353193,0.43149978,0.00018803775
66,0.4883649,0.06299055,0.08619035,0.05976571,0.40217456,0.0032248423
67,0.41291493,0.059256095,0.08428651,0.05635254,0.32862842,0.0029035546
68,0.4242531,0.037400097,0.067922615,0.04544716,0.35633048,-0.008047063
69,0.37336677,0.09904843,0.07473677,0.056040052,0.29863,0.043008376
70,0.3450797,0.042616427,0.07062813,0.05142564,0.27445155,-0.008809213
71,0.55747324,0.07207572,0.119080156,0.07751579,0.4383931,-0.005440071
72,0.52798814,0.11187809,0.12326313,0.09084725,0.40472502,0.021030843
73,0.5617244,0.07719304,0.09612963,0.06343158,0.4655948,0.013761453
74,0.5547804,0.08528858,0.119230784,0.08903765,0.43554965,-0.0037490726
75,0.3291634,0.046768475,0.06493949,0.04598246,0.2642239,0.0007860139
76,0.6295072,0.068308115,0.10650503,0.07221767,0.52300215,-0.003909558
77,0.4503291,0.091207676,0.086214505,0.06761521,0.36411458,0.023592465
78,0.4142904,0.049118873,0.0806518,0.05569675,0.3336386,-0.0065778755
79,0.5755633,0.08439101,0.1018939,0.07080721,0.4736694,0.013583802
80,0.4371712,0.05438523,0.08208224,0.054331403,0.35508895,5.382672e-05
81,0.47701472,0.06175093,0.088897094,0.06432161,0.3881176,-0.0025706775
82,0.66671586,0.08258208,0.1189117,0.081914276,0.5478042,0.000667803
83,0.44971043,0.065046296,0.115903616,0.07643188,0.3338068,-0.011385582
84,0.5973653,0.018188993,0.062228683,0.035868105,0.53513664,-0.017679112
85,0.47589567,0.09112093,0.10324505,0.07987537,0.37265062,0.011245556
86,0.5079816,0.08193787,0.10136095,0.071040384,0.40662065,0.010897487
87,0.3499157,0.06487816,0.09691677,0.07435971,0.25299895,-0.009481549
88,0.39675176,0.072656795,0.07979107,0.059492193,0.3169607,0.013164602
89,0.5099372,0.094626084,0.11334147,0.0758243,0.39659575,0.018801786
90,0.34761474,-0.009325374,0.052427616,0.027785668,0.29518712,-0.037111044
91,0.585984,0.094614424,0.10880659,0.079180725,0.4771774,0.015433699
92,0.4709162,0.08536502,0.08773609,0.06111244,0.3831801,0.024252579
93,0.44269088,0.06749066,0.09658666,0.074142106,0.3461042,-0.006651446
94,0.42097607,0.060970146,0.09231612,0.06883343,0.32865995,-0.007863287
95,0.5440924,0.10293486,0.17494775,0.112294465,0.36914468,-0.009359606
96,0.4862859,0.10314688,0.13755007,0.101762906,0.3487358,0.0013839751
97,0.582704,0.08705177,0.12960851,0.09145874,0.4530955,-0.0044069663
98,0.3862655,0.05036474,0.08871371,0.0594824,0.29755178,-0.009117659
99,0.36455733,0.03862344,0.09438177,0.062253922,0.27017555,-0.023630481
100,0.6588609,0.1250791,0.18564825,0.1382241,0.47321266,-0.013145
101,0.31407914,0.060470648,0.09958971,0.06134404,0.21448943,-0.0008733906
102,0.5330587,0.13216595,0.12043612,0.09124916,0.41262257,0.040916793
103,0.41026834,0.11645609,0.127815,0.08885347,0.28245336,0.02760262
104,0.31863174,0.06697479,0.0681214,0.050458226,0.25051033,0.016516563
105,0.5636199,0.07385516,0.116991304,0.08248973,0.4466286,-0.008634567
106,0.5161566,0.043745715,0.099276125,0.0654208,0.4168805,-0.021675084
107,0.45245057,0.07366522,0.08200298,0.056811072,0.37044758,0.016854145
108,0.61719644,0.05263655,0.082386635,0.057382084,0.5348098,-0.0047455356
109,0.66558456,0.063032225,0.07751454,0.05550095,0.58807003,0.007531274
110,0.6222672,0.100204244,0.19617938,0.13671677,0.4260878,-0.036512524
111,0.5791433,0.09479789,0.13283068,0.09431951,0.4463126,0.00047837943
112,0.5142467,0.058949407,0.0771836,0.055500507,0.4370631,0.0034488998
113,0.44276533,0.040280674,0.0816032,0.05466577,0.36116213,-0.014385097
114,0.42805278,0.058177058,0.09443428,0.06648851,0.3336185,-0.008311454
115,0.46123436,0.056229778,0.10503789,0.07200448,0.35619646,-0.015774705
116,0.37895215,0.061351903,0.08075118,0.05716109,0.29820096,0.0041908138
117,0.3536575,0.043914102,0.09001436,0.05645193,0.26364315,-0.01253783
118,0.57034475,0.066863716,0.08547397,0.06153017,0.4848708,0.0053335465
119,0.46288872,0.08509528,0.11218955,0.08939614,0.35069916,-0.0043008626
120,0.44861454,0.0906836,0.107880786,0.08442201,0.34073377,0.0062615946
121,0.5491058,0.08956579,0.12022662,0.08667575,0.4288792,0.002890043
122,0.46805078,0.047532495,0.08585205,0.0648426,0.38219872,-0.017310102
123,0.48934627,0.08271173,0.11853392,0.08326107,0.37081236,-0.0005493462
124,0.22183633,0.05382484,0.07651028,0.05295287,0.14532605,0.0008719675
125,0.5529292,0.086939625,0.07236256,0.05342792,0.48056668,0.033511706
126,0.5942296,0.05479183,0.09588012,0.067464955,0.49834946,-0.012673125
127,0.52559716,0.1002979,0.11049605,0.07268563,0.4151011,0.027612269
128,0.4854528,0.10164287,0.11052847,0.08858942,0.37492433,0.013053447
129,0.3576457,0.023801664,0.039233986,0.029448995,0.3184117,-0.0056473315
130,0.5502371,0.061397336,0.13646899,0.10055017,0.4137681,-0.03915283
131,0.5452844,0.09957787,0.116704375,0.077686794,0.42858002,0.021891072
132,0.44038922,0.072242856,0.085331604,0.062985316,0.3550576,0.00925754
133,0.4766546,0.06762111,0.08820879,0.06432878,0.3884458,0.0032923296
134,0.39529708,0.07562042,0.1233097,0.087298736,0.27198738,-0.011678316
135,0.34404236,0.021277143,0.028659903,0.018796645,0.31538245,0.0024804976
136,0.28334785,0.04524424,0.058395453,0.039213832,0.2249524,0.006030407
137,0.5426133,0.05082195,0.08459763,0.061261993,0.45801568,-0.010440044
138,0.43018302,0.051427893,0.08375634,0.05766424,0.34642667,-0.0062363483
139,0.40796757,0.06000452,0.08509235,0.06338674,0.3228752,-0.0033822171
140,0.4530398,0.056454204,0.064807035,0.047486752,0.38823277,0.008967452
141,0.35692692,0.05056906,0.07325565,0.05406644,0.28367126,-0.003497377
142,0.45257357,0.10802648,0.11781254,0.09178558,0.33476102,0.016240902
143,0.6310965,0.030175088,0.05050138,0.031835943,0.5805951,-0.0016608555
144,0.4309022,0.07522538,0.083580285,0.064102344,0.34732193,0.011123039
145,0.46360523,0.047425937,0.0726472,0.05093649,0.390958,-0.0035105534
146,0.41387165,0.050553933,0.066972375,0.053566895,0.34689927,-0.0030129626
147,0.5222272,0.075039305,0.12147169,0.08270104,0.40075552,-0.0076617375
148,0.4219979,0.10145722,0.09808527,0.072451346,0.32391262,0.029005878
149,0.414749,0.06953567,0.08543791,0.06337568,0.32931107,0.006159991
150,0.45676857,0.078216106,0.10115841,0.07385066,0.35561016,0.004365444
151,0.31183836,0.05267677,0.071849644,0.05213974,0.23998871,0.0005370304
152,0.44771218,0.0480888,0.07594304,0.05000978,0.37176913,-0.0019209795
153,0.4279943,0.08561006,0.11692009,0.07602744,0.31107423,0.009582624
154,0.4916096,0.04784065,0.13366503,0.076658815,0.35794458,-0.028818164
155,0.41999543,0.049486812,0.088255815,0.05894664,0.3317396,-0.009459827
156,0.25906098,0.054568943,0.06355374,0.04856707,0.19550723,0.006001871
157,0.46487534,0.072421186,0.090053454,0.06678309,0.3748219,0.0056380928
158,0.49934068,0.085793585,0.09494492,0.07069592,0.40439576,0.015097663
159,0.40586963,0.07495412,0.09775256,0.07243125,0.30811706,0.002522871
160,0.53534,0.024767607,0.066921815,0.041416217,0.46841818,-0.01664861
161,0.19732915,0.008964991,0.024858603,0.016692368,0.17247054,-0.007727377
162,0.6942167,0.09102863,0.120681114,0.076678775,0.5735356,0.0143498555
163,0.49462476,0.045419063,0.09195909,0.066258304,0.40266567,-0.02083924
164,0.47604078,0.10329916,0.1183929,0.08992009,0.3576479,0.013379075
165,0.42294937,0.06215541,0.078951806,0.058024697,0.34399757,0.0041307136
166,0.45746204,0.07912736,0.10315363,0.07230955,0.35430843,0.006817803
167,0.299329,0.069455534,0.07032971,0.045721684,0.2289993,0.02373385
168,0.49666008,0.050017335,0.0650484,0.04847229,0.4316117,0.0015450455
169,0.56848866,0.083917744,0.15466812,0.10490985,0.41382053,-0.020992108
170,0.4203636,0.093443625,0.11216783,0.074396834,0.30819577,0.01904679
171,0.6054577,0.086069815,0.081240766,0.055340007,0.52421695,0.030729808
172,0.6609947,0.11341111,0.16841877,0.11203075,0.49257594,0.0013803616
173,0.6195605,0.089928605,0.09541609,0.07820997,0.5241444,0.011718638
174,0.4362791,0.08168669,0.10910125,0.074693106,0.32717782,0.0069935843
175,0.59099275,0.072833985,0.13593766,0.09741606,0.4550551,-0.024582073
176,0.44542116,0.07321072,0.069218725,0.051988386,0.37620243,0.021222338
177,0.812572,0.07661689,0.106451854,0.07350661,0.70612013,0.0031102821
178,0.5439338,0.10666257,0.12088046,0.09370263,0.42305335,0.012959942
179,0.45796427,0.07534097,0.11822007,0.08587952,0.3397442,-0.010538548
180,0.57392335,0.08414105,0.12162934,0.09021814,0.452294,-0.0060770884
181,0.6243086,0.06339346,0.07553212,0.055529155,0.54877645,0.007864304
182,0.23206611,0.029839007,0.042788714,0.028878672,0.1892774,0.00096033514
183,0.5619947,0.07759747,0.1286067,0.08769331,0.43338796,-0.010095842
184,0.33293948,0.038623504,0.06428158,0.04731107,0.2686579,-0.008687567
185,0.6026815,0.15471955,0.17279334,0.12665588,0.4298882,0.02806367
186,0.46905407,0.042007733,0.077191174,0.055798244,0.3918629,-0.013790511
187,0.3661488,0.09058257,0.10926703,0.08272437,0.25688177,0.007858202
188,0.63809466,0.15033086,0.16135602,0.114148065,0.47673863,0.03618279
189,0.40975314,0.061242707,0.077172354,0.051740147,0.3325808,0.00950256
190,0.47134185,0.046915703,0.085536286,0.061506763,0.38580555,-0.014591061
191,0.52448285,0.06293394,0.078836486,0.05560248,0.44564635,0.007331457
192,0.54037833,0.14885482,0.16063984,0.12988283,0.3797385,0.018971995
193,0.41464597,0.054977592,0.07632394,0.054918222,0.33832204,5.936995e-05
194,0.4465447,0.05257381,0.091278225,0.069273934,0.35526648,-0.016700123
195,0.40105924,0.06530515,0.08995001,0.068091825,0.31110924,-0.0027866736
196,0.65753907,0.11556707,0.1553152,0.121574566,0.50222385,-0.0060074925
197,0.51015186,0.091654934,0.08593164,0.061901003,0.42422023,0.02975393
198,0.35352606,0.081581675,0.08944215,0.059190407,0.26408392,0.022391267
199,0.5082486,0.041569754,0.080060795,0.05395853,0.42818785,-0.012388777
200,0.5737963,0.045287047,0.07294113,0.04881226,0.50085515,-0.0035252124
201,0.4810473,0.056508653,0.0818773,0.056878995,0.39917,-0.00037034228
202,0.549278,0.073061936,0.0970675,0.06643608,0.45221052,0.0066258535
203,0.38129565,0.072065555,0.08417628,0.06069866,0.29711938,0.011366896
204,0.39215022,0.06042968,0.08505696,0.06108868,0.30709326,-0.0006590001
205,0.34064558,0.06790049,0.07838342,0.057420135,0.26226217,0.010480352
206,0.5050118,0.072208546,0.08691452,0.064572036,0.4180973,0.00763651
207,0.51435685,0.057969607,0.099566974,0.07243591,0.4147899,-0.014466301
208,0.46917608,0.08046284,0.10559682,0.081746235,0.36357927,-0.0012833923
209,0.56265664,0.08092404,0.13693781,0.09501788,0.42571884,-0.014093839
210,0.3939895,0.053385787,0.09943992,0.06731291,0.29454958,-0.013927124
211,0.38366947,0.102730714,0.14061463,0.10454361,0.24305484,-0.0018128976
212,0.45727664,0.11092877,0.10632576,0.07198657,0.3509509,0.038942195
213,0.51992905,0.06399205,0.08472716,0.051907152,0.43520188,0.012084901
214,0.36604267,0.051684186,0.09574978,0.06864454,0.27029288,-0.016960353
215,0.4860435,0.086867064,0.12036218,0.086857654,0.36568135,9.410083e-06
216,0.63182104,0.04905267,0.10660288,0.071520306,0.5252181,-0.022467636
217,0.34601364,0.05601953,0.07516855,0.05238439,0.2708451,0.0036351383
218,0.4399229,0.07067029,0.092850044,0.06807235,0.34707284,0.002597943
219,0.46189326,0.040680658,0.06287034,0.04079085,0.39902294,-0.00011019036
220,0.53373194,0.088567026,0.11784977,0.088938676,0.41588217,-0.00037164986
221,0.517815,0.092437156,0.10048177,0.08170461,0.41733322,0.010732546
222,0.4754275,0.07221277,0.095674455,0.06522774,0.37975305,0.006985031
223,0.34642094,0.048465505,0.050569307,0.030219851,0.29585165,0.018245654
224,0.50398856,0.041886363,0.07244303,0.048353985,0.43154553,-0.006467622
225,0.45050588,0.0637535,0.06906017,0.05154665,0.3814457,0.012206852
226,0.46639782,0.09825524,0.11218476,0.08388349,0.35421306,0.014371753
227,0.59814495,0.12594715,0.14644174,0.10440649,0.4517032,0.021540657
228,0.73469615,0.093038954,0.11542756,0.083364084,0.6192686,0.0096748695
229,0.5983423,0.06797817,0.090027355,0.06543784,0.50831497,0.002540335
230,0.5569515,0.10588439,0.111992665,0.07446214,0.44495887,0.03142225
231,0.45511135,0.12589075,0.10818096,0.07582954,0.34693038,0.050061204
232,0.4906737,0.016023342,0.06043151,0.044621907,0.43024218,-0.028598566
233,0.68170804,0.13236736,0.13363713,0.09748714,0.5480709,0.03488022
234,0.54644084,0.10723861,0.12553537,0.091168426,0.42090547,0.016070187
235,0.44688496,0.06952353,0.09152175,0.06678799,0.35536322,0.0027355403
236,0.519981,0.0924418,0.14217362,0.0983914,0.3778074,-0.0059496015
237,0.49219587,0.087018386,0.10001665,0.07827231,0.39217922,0.008746073
238,0.40830946,0.06534858,0.095442034,0.06535143,0.31286743,-2.8461218e-06
239,0.22904472,0.052031487,0.05653517,0.034932125,0.17250955,0.017099362
240,0.47263324,0.11188402,0.11053536,0.08240472,0.3620979,0.029479302
241,0.48653805,0.078152426,0.11979741,0.08363004,0.36674064,-0.0054776147
242,0.5188329,0.11192217,0.1378349,0.10470498,0.38099802,0.0072171837
243,0.5192617,0.057659432,0.08147999,0.05717893,0.43778172,0.00048050284
244,0.36704305,0.06407287,0.08620017,0.06004446,0.28084287,0.0040284097
245,0.27743393,0.03131182,0.057783335,0.041488003,0.2196506,-0.010176182
246,0.4777794,0.11012858,0.1213713,0.094859906,0.3564081,0.015268676
247,0.45484537,0.11805713,0.13373065,0.102156065,0.32111472,0.015901066
248,0.4145199,0.048810184,0.09098272,0.06669742,0.32353717,-0.017887235
249,0.36410907,0.08358363,0.091120385,0.06810502,0.27298868,0.015478611
250,0.4633271,0.065698266,0.08927073,0.064312,0.37405637,0.0013862625
251,0.43983364,0.05632925,0.08114937,0.060864214,0.35868427,-0.0045349635
252,0.4585664,0.08483766,0.10395049,0.070047766,0.3546159,0.014789894
253,0.61390126,0.028763238,0.050056353,0.0356391,0.5638449,-0.0068758614
254,0.4205008,0.113797374,0.11872275,0.09481092,0.30177802,0.018986456
255,0.4495021,0.06947849,0.10386052,0.06927144,0.34564158,0.00020705163
256,0.49817318,0.04416743,0.09493372,0.0689887,0.40323946,-0.024821274
257,0.6069786,0.06166357,0.09669926,0.07140436,0.51027936,-0.0097407885
258,0.41955155,0.07091774,0.08993267,0.06599501,0.32961887,0.0049227327
259,0.46001732,0.1006043,0.093371935,0.06877115,0.3666454,0.03183315
260,0.5300935,0.0699653,0.09354267,0.07141891,0.43655083,-0.0014536083
261,0.6364833,0.07877153,0.10309636,0.06798292,0.53338695,0.010788612
262,0.4151006,0.027137643,0.051658466,0.035695374,0.36344212,-0.008557731
263,0.3464039,0.05961619,0.061028384,0.04453915,0.2853755,0.01507704
264,0.45981294,0.046925817,0.06744999,0.04655295,0.39236295,0.00037286803
265,0.45662916,0.0916891,0.10166478,0.07228917,0.35496438,0.019399934
266,0.43885732,0.06544601,0.10522606,0.07862833,0.33363125,-0.01318232
267,0.57646835,0.08260274,0.12521541,0.077125706,0.45125294,0.0054770336
268,0.51805013,0.11138361,0.08965418,0.06791215,0.42839596,0.043471463
269,0.48754558,0.05924973,0.09857044,0.07362258,0.38897514,-0.014372848
270,0.39484423,0.015762245,0.055537157,0.035019137,0.33930707,-0.019256892
271,0.41320872,0.06237262,0.11805686,0.078168556,0.29515186,-0.015795935
272,0.4464811,0.09235251,0.10652623,0.07546505,0.33995488,0.016887456
273,0.52700657,0.12111666,0.11882143,0.08526955,0.40818512,0.035847113
274,0.27059692,0.025642535,0.07112945,0.047332104,0.19946748,-0.02168957
275,0.5473158,0.10395963,0.15107657,0.090700895,0.39623922,0.013258733
276,0.3859275,0.055158947,0.06530097,0.045992754,0.32062653,0.009166192
277,0.4193292,0.028071094,0.062302586,0.042044673,0.3570266,-0.013973579
278,0.5377225,0.088546686,0.12503508,0.08595352,0.41268745,0.0025931671
279,0.3790855,0.08020069,0.08069063,0.058422197,0.2983949,0.02177849
280,0.49534568,0.09825642,0.104805924,0.07812405,0.39053977,0.02013237
281,0.6710231,0.0855153,0.13420752,0.094931945,0.5368155,-0.009416647
282,0.37324342,0.053205285,0.08413798,0.06272939,0.28910545,-0.009524103
283,0.4271047,0.07435795,0.11751679,0.08267941,0.30958793,-0.008321464
284,0.46625888,0.06469408,0.08067214,0.06039172,0.38558674,0.0043023564
285,0.6686873,0.07796442,0.09370677,0.07173771,0.5749805,0.006226711
286,0.41725075,0.079649866,0.117405504,0.08426166,0.29984525,-0.0046117976
287,0.5714932,0.112388656,0.12098421,0.091708496,0.450509,0.02068016
288,0.6073239,0.060604498,0.10450584,0.06843004,0.50281805,-0.0078255385
289,0.43101707,0.042069726,0.085858725,0.061319176,0.34515834,-0.01924945
290,0.28064942,0.024637299,0.038922317,0.025772758,0.24172711,-0.0011354592
291,0.57639325,0.076346494,0.10690482,0.07397786,0.46948844,0.0023686364
292,0.40298763,0.07677005,0.08527787,0.061560836,0.31770974,0.015209217
293,0.3025896,0.064350784,0.07819614,0.060486738,0.22439346,0.0038640462
294,0.50756246,0.081113376,0.09917944,0.0702706,0.408383,0.010842778
295,0.42430845,0.072728895,0.105384864,0.07115961,0.3189236,0.001569286
296,0.48997864,0.077087894,0.10278508,0.074894354,0.38719356,0.0021935403
297,0.4327715,0.08045714,0.080122545,0.055769872,0.35264897,0.024687272
298,0.3918412,0.030112704,0.052185956,0.034817286,0.33965525,-0.0047045816
299,0.5581371,0.046773452,0.09459731,0.0614819,0.4635398,-0.014708448
300,0.26925415,0.053520057,0.091621496,0.057219878,0.17763266,-0.0036998205
301,0.48788935,0.044760145,0.09297261,0.06485872,0.39491674,-0.020098574
302,0.49438742,0.072336644,0.105841234,0.071745954,0.38854617,0.0005906895
303,0.351053,0.06518588,0.10170589,0.06737379,0.24934712,-0.0021879077
304,0.6562483,0.11496008,0.14391764,0.103088506,0.51233065,0.011871576
305,0.4814753,0.08229513,0.09224254,0.061410815,0.38923275,0.020884313
306,0.46919784,0.05281896,0.09846455,0.06730721,0.3707333,-0.01448825
307,0.51735467,0.0884797,0.1144694,0.080065325,0.40288526,0.008414373
308,0.49491683,0.032951757,0.05788148,0.04243612,0.43703535,-0.009484362
309,0.36338857,0.016585022,0.05666448,0.035362247,0.30672407,-0.018777225
310,0.49555013,0.07722292,0.09951381,0.06836069,0.39603633,0.008862235
311,0.43532363,0.06414403,0.08995693,0.06381311,0.3453667,0.00033091754
312,0.4369132,0.061994,0.07867827,0.057676524,0.3582349,0.0043174773
313,0.4678755,0.065852396,0.08876832,0.06542004,0.37910718,0.0004323572
314,0.33345208,0.04215805,0.067582175,0.047139417,0.26586992,-0.004981369
315,0.3661961,0.055021264,0.07974618,0.050950896,0.2864499,0.0040703677
316,0.3800292,0.10755104,0.120436944,0.0876123,0.25959226,0.019938737
317,0.49879304,0.048270173,0.06739337,0.044819918,0.43139967,0.0034502558
318,0.4080144,0.08069194,0.085589655,0.06341954,0.32242474,0.017272398
319,0.33677512,0.073682666,0.082512036,0.056726485,0.2542631,0.01695618
320,0.44487625,0.060880244,0.07028784,0.053671084,0.37458843,0.0072091594
321,0.43366113,0.037967477,0.058544107,0.038758054,0.37511703,-0.0007905774
322,0.50431967,0.08393183,0.13828664,0.083199196,0.36603302,0.00073263794
323,0.4477909,0.08972694,0.11367079,0.08478795,0.3341201,0.00493899
324,0.4310657,0.09053858,0.10217804,0.07818996,0.32888767,0.012348622
325,0.6003031,0.07690385,0.12049727,0.082544975,0.47980583,-0.005641125
326,0.3851848,0.05771198,0.08415719,0.055688076,0.3010276,0.0020239055
327,0.6397427,0.1611346,0.17909944,0.11943724,0.46064323,0.04169736
328,0.6125176,0.0674017,0.11689664,0.082223415,0.49562097,-0.014821716
329,0.46891168,0.06102953,0.063201405,0.04366648,0.40571028,0.017363053
330,0.53688526,0.08452859,0.097835585,0.080902725,0.43904966,0.0036258623
331,0.5296622,0.0939654,0.13780765,0.090118095,0.39185452,0.003847301
332,0.48880175,0.07381897,0.10636267,0.07512913,0.38243908,-0.0013101622
333,0.39691478,0.06097697,0.09243055,0.06277119,0.30448425,-0.0017942227
334,0.36403897,0.06103376,0.07836354,0.054580558,0.28567544,0.006453201
335,0.34813556,0.05896494,0.08578332,0.059616297,0.26235223,-0.00065135583
336,0.48154458,0.06828911,0.09778781,0.06934915,0.38375676,-0.0010600388
337,0.68788433,0.07829915,0.109053746,0.074130155,0.5788306,0.0041689947
338,0.56836975,0.044532027,0.06933859,0.04932473,0.49903116,-0.0047927015
339,0.4890938,0.096980445,0.09892338,0.077859946,0.39017043,0.0191205
340,0.34542823,0.04479139,0.08686327,0.061827336,0.25856495,-0.017035946
341,0.43163535,0.047802027,0.094460815,0.065360025,0.33717453,-0.017557997
342,0.49163273,0.06824703,0.08456672,0.06310763,0.40706602,0.0051393956
343,0.50081015,0.07435922,0.09436116,0.073912,0.406449,0.0004472211
344,0.39528114,0.065731406,0.097376175,0.07140245,0.29790497,-0.0056710467
345,0.53829384,0.029939543,0.08582673,0.052495264,0.4524671,-0.02255572
346,0.42682835,0.036198646,0.077560216,0.050905038,0.34926814,-0.014706392
347,0.25886405,0.035859782,0.076943085,0.048688103,0.18192096,-0.01282832
348,0.73175186,0.09314717,0.117819995,0.08716288,0.6139319,0.0059842914
349,0.53336495,0.056176767,0.08487824,0.062450085,0.44848672,-0.006273318
350,0.42002848,0.03298544,0.04910715,0.03534235,0.3709213,-0.0023569092
351,0.47937566,0.055437982,0.07358582,0.051714867,0.40578985,0.0037231147
352,0.39273626,0.062096123,0.08365557,0.05894719,0.3090807,0.003148932
353,0.5770936,0.08258043,0.1155601,0.089980714,0.4615335,-0.0074002817
354,0.5168561,0.109364145,0.109654255,0.07742336,0.40720183,0.031940788
355,0.29946077,8.5560554e-05,0.025414191,0.017329775,0.27404657,-0.017244214
356,0.4928586,0.055712044,0.06027591,0.0425803,0.43258268,0.013131745
357,0.48419443,0.03938259,0.06756172,0.05164717,0.4166327,-0.01226458
358,0.5505883,0.073040605,0.1291329,0.085745506,0.4214554,-0.012704901
359,0.44603118,0.076089695,0.08363515,0.060349487,0.36239603,0.015740208
360,0.474554,0.088565074,0.11027813,0.08045149,0.36427587,0.008113585
361,0.55004156,0.113085195,0.10876342,0.08160274,0.44127813,0.031482458
362,0.600811,0.074520215,0.13766497,0.084228314,0.46314603,-0.009708099
363,0.6506916,0.13331765,0.16129147,0.109846205,0.48940015,0.023471445
364,0.5355973,0.052463137,0.09722579,0.058251724,0.43837154,-0.005788587
365,0.3541512,0.062361393,0.078061216,0.055617645,0.27608997,0.0067437477
366,0.5589377,0.10050956,0.1087463,0.07825407,0.45019144,0.022255495
367,0.44425422,0.04731929,0.09128604,0.06518337,0.3529682,-0.017864082
368,0.39712447,0.044986706,0.08196047,0.062617704,0.315164,-0.017630998
369,0.5525944,0.13839611,0.13004434,0.10263174,0.42255008,0.035764374
370,0.5401136,0.07688673,0.093618974,0.071719356,0.44649464,0.0051673725
371,0.39628193,0.06851317,0.08066511,0.059354138,0.31561682,0.009159032
372,0.33192158,0.050713688,0.057563514,0.036313184,0.27435806,0.0144005045
373,0.6331928,0.07304179,0.11758438,0.08628797,0.51560843,-0.013246179
374,0.4893289,0.08026813,0.103839114,0.06848329,0.38548976,0.011784837
375,0.3847815,0.08405188,0.10090182,0.06949308,0.2838797,0.0145588
376,0.46794903,0.06425651,0.08266456,0.055394962,0.38528448,0.008861549
377,0.53115773,0.07543229,0.09811717,0.06836717,0.43304056,0.007065125
378,0.34701076,0.0453084,0.08094274,0.056325957,0.266068,-0.011017557
379,0.4012571,0.06367335,0.08878439,0.0640421,0.3124727,-0.0003687516
380,0.41542408,0.06761673,0.08273623,0.06147815,0.33268785,0.006138582
381,0.5116989,0.04864791,0.053574573,0.03728287,0.45812434,0.011365041
382,0.3177573,0.05444543,0.08957358,0.056599665,0.22818373,-0.0021542348
383,0.3584537,0.03883354,0.062029272,0.047020856,0.29642442,-0.008187316
384,0.43390578,0.0705219,0.08354065,0.057634987,0.35036513,0.012886912
385,0.78561944,0.12010447,0.16915882,0.12104568,0.6164606,-0.0009412095
386,0.39428574,0.04256933,0.08684489,0.06176311,0.30744085,-0.01919378
387,0.5913135,0.06374058,0.08776849,0.06290998,0.503545,0.0008305982
388,0.5523717,0.075245105,0.12767504,0.082639076,0.42469662,-0.007393971
389,0.46434757,0.056662846,0.07763021,0.05363744,0.38671738,0.003025405
390,0.37584722,0.09909318,0.12352076,0.09069348,0.25232646,0.008399695
391,0.47711113,0.088586934,0.11064391,0.07995034,0.36646724,0.008636594
392,0.48041493,0.062249523,0.11132844,0.073331304,0.3690865,-0.011081781
393,0.6003009,0.087913305,0.123379,0.087611124,0.47692192,0.00030218065
394,0.55227363,0.07471807,0.12044662,0.07925999,0.431827,-0.0045419186
395,0.44243088,0.07060239,0.07503979,0.049031787,0.3673911,0.0215706
396,0.4822287,0.09211828,0.104663916,0.07262501,0.3775648,0.019493267
397,0.5109065,0.07699243,0.10430595,0.07906487,0.40660056,-0.0020724386
398,0.51339453,0.087261856,0.08141011,0.059754103,0.43198442,0.027507752
399,0.5421305,0.058643147,0.09743717,0.070643336,0.4446933,-0.012000188
400,0.51749533,0.06864239,0.09242688,0.071644515,0.42506844,-0.003002122
401,0.41904527,0.11909788,0.11824403,0.08697119,0.30080125,0.032126687
402,0.45922658,0.03927137,0.04959992,0.030531384,0.40962666,0.0087399855
403,0.47415125,0.06785525,0.119476214,0.07351832,0.35467505,-0.0056630746
404,0.2913543,0.036680747,0.06759405,0.03830041,0.22376025,-0.0016196631
405,0.25794226,0.037372936,0.06421217,0.044416416,0.19373009,-0.007043481
406,0.5277946,0.059605017,0.07903706,0.05366078,0.44875753,0.005944237
407,0.30831087,0.027380554,0.07065735,0.04879308,0.23765352,-0.021412527
408,0.5562832,0.10922145,0.13726474,0.09972945,0.41901845,0.009492002
409,0.44662857,0.060107205,0.08920741,0.06026655,0.35742116,-0.00015934557
410,0.51661015,0.112168625,0.13025603,0.088025376,0.38635412,0.024143249
411,0.47052285,0.04745654,0.074014656,0.05256741,0.3965082,-0.005110871
412,0.55654603,0.045491263,0.07606992,0.052491907,0.4804761,-0.0070006438
413,0.49340138,0.078590155,0.08458888,0.05894467,0.4088125,0.019645486
414,0.40614843,0.06998175,0.09868519,0.070779,0.30746323,-0.0007972568
415,0.3978198,0.053838465,0.06523857,0.04934352,0.33258122,0.0044949464
416,0.5289794,0.077208005,0.08708817,0.06531667,0.44189125,0.011891335
417,0.5957647,0.06830276,0.11404847,0.0760711,0.48171622,-0.0077683404
418,0.39659777,0.071994,0.09100083,0.0692162,0.30559695,0.0027778
419,0.14956734,0.03754111,0.044846155,0.028897816,0.10472118,0.008643294
420,0.63021946,0.09217809,0.13655989,0.095749065,0.49365956,-0.0035709739
421,0.60933733,0.08851362,0.11091273,0.07680769,0.4984246,0.011705928
422,0.44381866,0.08256802,0.11069567,0.08210323,0.333123,0.00046478957
423,0.4319451,0.0713473,0.09624522,0.07031132,0.33569986,0.0010359809
424,0.42016697,0.061262343,0.15223688,0.0977703,0.2679301,-0.03650796
425,0.5105991,0.12678614,0.11885136,0.08558773,0.3917477,0.04119841
426,0.51308626,0.06351078,0.07938749,0.05705946,0.43369877,0.0064513236
427,0.5385633,0.05378766,0.082702436,0.059950184,0.45586088,-0.006162524
428,0.62694204,0.10673212,0.124735616,0.09057173,0.50220644,0.016160391
429,0.32376087,0.08451509,0.0945263,0.07217774,0.22923458,0.012337349
430,0.39328516,0.060640194,0.09021142,0.06648861,0.30307373,-0.005848415
431,0.49477804,0.08918312,0.11557607,0.082039654,0.37920195,0.0071434677
432,0.5555877,0.1586995,0.15882608,0.11924053,0.39676163,0.039458968
433,0.53808016,0.08416392,0.12654799,0.09537076,0.41153216,-0.011206843
434,0.31152278,0.06254131,0.083658606,0.05619414,0.22786418,0.006347172
435,0.6520539,0.13796821,0.18789501,0.1470002,0.4641589,-0.009031981
436,0.5039377,0.08710688,0.07992197,0.05782167,0.42401576,0.029285215
437,0.50092745,0.046222392,0.072569,0.042844873,0.42835844,0.0033775195
438,0.6225607,0.046248633,0.12152403,0.074414656,0.50103664,-0.028166022
439,0.51428235,0.060391963,0.08944761,0.06705768,0.42483473,-0.006665714
440,0.47804642,0.032468032,0.06311494,0.037291557,0.41493148,-0.0048235245
441,0.62662184,0.12082747,0.13577007,0.09762797,0.49085176,0.023199506
442,0.456881,0.06581161,0.08460601,0.061335,0.372275,0.0044766106
443,0.5312082,0.07568216,0.08819764,0.06530484,0.44301057,0.010377325
444,0.55580926,0.05680622,0.117767595,0.07854943,0.43804166,-0.021743208
445,0.5058419,0.06945271,0.10391708,0.0735188,0.40192485,-0.0040660873
446,0.41895533,0.08597204,0.11330232,0.07920804,0.305653,0.006764002
447,0.5065526,0.06089042,0.084123194,0.06084796,0.42242938,4.246086e-05
448,0.66038305,0.09083695,0.11864771,0.08903126,0.54173535,0.0018056929
449,0.48643354,0.07515742,0.102167055,0.06880049,0.3842665,0.006356932
450,0.46131164,0.08498273,0.104142085,0.08334546,0.35716957,0.0016372725
451,0.5274443,0.078446895,0.106372416,0.07654755,0.4210719,0.0018993467
452,0.43610027,0.06636428,0.09200606,0.07222701,0.34409422,-0.0058627278
453,0.4786752,0.112979405,0.11127892,0.08151093,0.36739627,0.031468473
454,0.4948277,0.07676872,0.10139567,0.07502768,0.39343202,0.0017410368
455,0.43796274,0.07164597,0.079369724,0.057713658,0.35859302,0.01393231
456,0.543736,0.091905154,0.114658654,0.07512279,0.42907733,0.016782366
457,0.5147604,0.0806859,0.12282253,0.09198189,0.39193785,-0.011295989
458,0.5191559,0.07182492,0.107006095,0.08104662,0.41214982,-0.009221695
459,0.48437747,0.06657009,0.07481276,0.055033825,0.4095647,0.011536263
460,0.47886118,0.11646101,0.13340345,0.10614663,0.34545773,0.010314375
461,0.53867364,0.051399164,0.087822765,0.060682498,0.45085087,-0.009283334
462,0.4440875,0.03585724,0.06812127,0.04501631,0.37596625,-0.0091590695
463,0.5926606,0.07548639,0.10993624,0.076470025,0.48272437,-0.0009836331
464,0.5302242,0.058428742,0.08936019,0.06540605,0.44086403,-0.006977305
465,0.25824317,0.038572226,0.053171005,0.034977235,0.20507216,0.0035949908
466,0.53594494,0.041105866,0.06311265,0.0441836,0.4728323,-0.0030777343
467,0.44212168,0.06721297,0.09914391,0.06333774,0.34297776,0.0038752258
468,0.511212,0.038231988,0.086789824,0.061456062,0.42442217,-0.023224074
469,0.6069071,0.040627036,0.096854836,0.056930054,0.5100523,-0.016303018
470,0.4622775,0.06188537,0.07881594,0.0531387,0.38346156,0.008746672
471,0.6862304,0.108411804,0.12047978,0.07614387,0.56575066,0.032267936
472,0.50731564,0.08224521,0.112832405,0.07489553,0.39448324,0.0073496774
473,0.4727449,0.096882395,0.099468715,0.07262918,0.3732762,0.024253212
474,0.6613877,0.07734507,0.12230026,0.0884963,0.5390874,-0.011151224
475,0.46439987,0.074351534,0.103115425,0.071794026,0.36128443,0.0025575086
476,0.52315384,0.09339973,0.10972138,0.08710144,0.41343248,0.006298296
477,0.54485625,0.07052339,0.1265694,0.08872326,0.41828686,-0.018199869
478,0.46947634,0.090553515,0.0971721,0.06907871,0.37230426,0.021474801
479,0.3449475,0.061318357,0.08655445,0.062679715,0.25839305,-0.0013613589
480,0.5444757,0.09750835,0.12502548,0.08558609,0.4194502,0.011922255
481,0.36929852,0.08869303,0.10194615,0.07604809,0.26735237,0.012644939
482,0.4483816,0.09172443,0.14822203,0.09791344,0.30015957,-0.0061890036
483,0.45450798,0.052887168,0.06964656,0.050476428,0.3848614,0.0024107397
484,0.5502477,0.14601225,0.19004732,0.14533184,0.3602004,0.0006804019
485,0.5346483,0.09443709,0.116896465,0.07965331,0.41775185,0.014783785
486,0.45695627,0.019557396,0.06632922,0.04658047,0.39062706,-0.027023075
487,0.531964,0.07158686,0.10805648,0.0770613,0.42390752,-0.0054744408
488,0.31785867,0.06642107,0.08705903,0.05260027,0.23079965,0.013820801
489,0.54741555,0.072409265,0.09935903,0.07022572,0.44805652,0.0021835417
490,0.5736408,0.049470544,0.08707163,0.053506985,0.4865692,-0.0040364414
491,0.41329485,0.09434203,0.09209065,0.06623276,0.3212042,0.028109267
492,0.53915775,0.110397674,0.111903906,0.077365905,0.42725384,0.03303177
493,0.43143502,0.082640916,0.11151814,0.08166739,0.31991687,0.00097352266
494,0.3510675,0.06893317,0.07791824,0.05503753,0.27314928,0.013895638
495,0.62580043,0.13681558,0.119583376,0.08811817,0.50621706,0.048697405
496,0.3917246,0.047790315,0.06838444,0.050957367,0.32334015,-0.0031670518
497,0.518613,0.027438536,0.068261534,0.04902811,0.45035145,-0.021589573
498,0.45206055,0.06392902,0.117521755,0.07440287,0.3345388,-0.010473847
499,0.33661672,0.06965765,0.087192185,0.06406563,0.24942455,0.005592026
500,0.67127454,0.15265033,0.13350922,0.09884594,0.5377653,0.05380439
501,0.52804184,0.078899436,0.11740711,0.08765361,0.41063473,-0.008754171
502,0.53825355,0.10287307,0.13183503,0.09214313,0.4064185,0.010729939
503,0.65426856,0.03709307,0.06257686,0.046864267,0.59169173,-0.009771198
504,0.60230434,0.14200012,0.1498693,0.101307794,0.45243505,0.04069233
505,0.47678563,0.057929073,0.083814785,0.0581431,0.39297086,-0.0002140291
506,0.5716075,0.08221966,0.1118471,0.06946185,0.45976037,0.012757808
507,0.40223125,0.058160044,0.06739067,0.04594225,0.33484057,0.012217794
508,0.51039976,0.08156982,0.13392863,0.090271406,0.37647113,-0.008701585
509,0.64923334,0.12763257,0.20820677,0.14999528,0.44102657,-0.022362709
510,0.47001085,0.0711268,0.11452232,0.07853923,0.35548854,-0.0074124336
511,0.48483858,0.11312925,0.11864236,0.09854241,0.36619622,0.014586844
512,0.27712974,0.052554164,0.089264214,0.06307329,0.18786553,-0.010519128
513,0.45261648,0.09492775,0.10969025,0.08021392,0.34292623,0.014713831
514,0.45116925,0.08157614,0.09518129,0.065329015,0.35598797,0.016247123
515,0.398215,0.06468836,0.100249164,0.06697568,0.29796582,-0.0022873208
516,0.37527785,0.055798758,0.07305383,0.056276374,0.302224,-0.00047761574
517,0.4266086,0.08182165,0.1436151,0.09740043,0.2829935,-0.015578777
518,0.47725287,0.069040254,0.09111729,0.06589063,0.38613558,0.0031496212
519,0.4016194,0.074305326,0.103713945,0.07517685,0.29790545,-0.0008715242
520,0.53594756,0.115989946,0.14663042,0.089877054,0.38931715,0.026112892
521,0.40840048,0.08962143,0.09862536,0.075310014,0.3097751,0.014311418
522,0.4624654,0.059452415,0.09394912,0.066217884,0.3685163,-0.00676547
523,0.58484274,0.082275085,0.10776493,0.073573224,0.4770778,0.008701861
524,0.35181177,0.05679833,0.087347,0.05482994,0.26446477,0.0019683912
525,0.49595934,0.07623014,0.097100236,0.06836498,0.3988591,0.007865161
526,0.4178722,0.05432928,0.07258766,0.054267514,0.34528452,6.176531e-05
527,0.36691397,0.05861768,0.0832544,0.06097311,0.28365958,-0.0023554303
528,0.5104019,0.06690191,0.085485324,0.06037404,0.42491657,0.006527867
529,0.36637667,0.081179306,0.0804431,0.057915773,0.28593355,0.023263533
530,0.4222756,0.069874234,0.09879329,0.063518435,0.3234823,0.0063557997
531,0.42630267,0.065910175,0.08257161,0.060126886,0.34373105,0.0057832897
532,0.35460496,0.014969909,0.056833528,0.036588565,0.29777142,-0.021618657
533,0.52296704,0.015773464,0.08357122,0.053773046,0.43939582,-0.03799958
534,0.41080377,0.09064472,0.10238467,0.077305414,0.3084191,0.013339303
535,0.3701533,0.0523027,0.07158542,0.05456449,0.2985679,-0.0022617914
536,0.36478025,0.071355246,0.09366935,0.06387409,0.2711109,0.007481158
537,0.5160676,0.0878023,0.12936455,0.082075246,0.38670307,0.0057270527
538,0.58524406,0.17206918,0.15101999,0.12359269,0.43422407,0.048476487
539,0.43452466,0.051331554,0.083519265,0.053374343,0.35100538,-0.002042789
540,0.43484277,0.079610094,0.09377068,0.07192548,0.34107208,0.007684611
541,0.4402803,0.0939677,0.100044355,0.07687772,0.34023595,0.017089978
542,0.3882979,0.065097995,0.105503514,0.07701693,0.28279436,-0.011918932
543,0.11215368,0.02551241,0.027418623,0.01709807,0.08473506,0.008414341
544,0.37093115,0.038406566,0.06575869,0.04788927,0.30517244,-0.009482704
545,0.4804373,0.07020972,0.08776746,0.059449956,0.39266986,0.010759763
546,0.53449214,0.09114373,0.089616135,0.061603457,0.44487602,0.02954027
547,0.508172,0.09090149,0.10658392,0.078160554,0.40158805,0.012740932
548,0.4618597,0.091501474,0.09643552,0.07880822,0.3654242,0.012693256
549,0.40159848,0.077444784,0.07139132,0.05404825,0.33020717,0.023396533
550,0.5131113,0.08280416,0.112566106,0.08261125,0.40054518,0.00019291043
551,0.40695193,0.072242536,0.093055554,0.069920994,0.3138964,0.0023215413
552,0.4982504,0.077435136,0.104803964,0.07560954,0.39344645,0.0018255934
553,0.5312599,0.055621494,0.09042679,0.06270759,0.4408331,-0.0070860945
554,0.3100819,0.055816796,0.10099385,0.06595564,0.20908806,-0.010138843
555,0.4453134,0.06893252,0.10324043,0.06373756,0.34207296,0.005194962
556,0.58332634,0.08762407,0.123744495,0.093181975,0.45958185,-0.005557902
557,0.62704486,0.047726244,0.08444085,0.06144798,0.542604,-0.013721738
558,0.66932297,0.08039902,0.1305727,0.0795909,0.5387503,0.0008081198
559,0.58408886,0.079531685,0.09779603,0.07016371,0.48629284,0.009367973
560,0.39647296,0.040732242,0.07817546,0.04906193,0.3182975,-0.0083296895
561,0.43608847,0.08254081,0.12878183,0.09144221,0.30730665,-0.008901402
562,0.53300107,0.07420373,0.1026067,0.06692215,0.43039435,0.007281579
563,0.49654847,0.08533197,0.12745324,0.08820102,0.36909524,-0.0028690547
564,0.4637583,0.041606028,0.055169016,0.042793326,0.40858927,-0.0011872984
565,0.554764,0.08496737,0.12693141,0.092449605,0.42783254,-0.007482238
566,0.44592315,0.09542531,0.11790336,0.08281363,0.3280198,0.01261168
567,0.57187384,0.04652699,0.07888172,0.053540934,0.49299213,-0.007013943
568,0.38767198,0.049121555,0.0707403,0.05283265,0.31693166,-0.0037110932
569,0.42528176,0.06263732,0.06379397,0.039445445,0.3614878,0.023191877
570,0.5106868,0.09052202,0.13333131,0.09501043,0.37735552,-0.0044884086
571,0.45066512,0.02730449,0.0731899,0.043841347,0.3774752,-0.016536858
572,0.4343422,0.06206446,0.06843712,0.048294373,0.36590508,0.013770089
573,0.6045177,0.12536304,0.1403618,0.098217204,0.4641559,0.027145833
574,0.45709008,0.07573996,0.07869574,0.06097346,0.37839434,0.014766496
575,0.37769106,0.038792446,0.064493425,0.047739778,0.31319764,-0.008947331
576,0.5598498,0.11091672,0.1252628,0.09456567,0.434587,0.016351052
577,0.3855866,0.072126634,0.07653992,0.056589626,0.3090467,0.015537009
578,0.37292123,0.085252166,0.091240406,0.06486116,0.28168082,0.020391002
579,0.3790772,0.048626974,0.06805339,0.04682822,0.3110238,0.0017987527
580,0.6875731,0.045820877,0.07657494,0.04848616,0.61099815,-0.0026652813
581,0.28872117,0.048031863,0.08103203,0.05831168,0.20768914,-0.010279816
582,0.5269895,0.03586485,0.063467376,0.043844476,0.46352214,-0.007979628
583,0.46010804,0.04706031,0.08033838,0.057454694,0.37976965,-0.010394383
584,0.5604478,0.061887998,0.094969474,0.06918656,0.46547833,-0.0072985627
585,0.389768,0.13065788,0.15933637,0.1198839,0.23043163,0.010773979
586,0.5456455,0.06986956,0.08329656,0.053543147,0.4623489,0.016326416
587,0.55522597,0.11314552,0.12347348,0.0888787,0.4317525,0.024266824
588,0.42201844,0.060986802,0.07964282,0.059092313,0.34237564,0.0018944889
589,0.52279997,0.09763127,0.10816951,0.07961955,0.41463047,0.018011719
590,0.4068413,0.08912331,0.07885571,0.05881511,0.32798558,0.030308198
591,0.48785013,0.076969996,0.101543024,0.0722265,0.38630712,0.004743494
592,0.40804866,0.06851691,0.08167124,0.062285017,0.32637742,0.006231893
593,0.61422247,0.08763905,0.13974419,0.09890142,0.47447827,-0.011262372
594,0.4596862,0.09754862,0.1364179,0.09077676,0.3232683,0.0067718625
595,0.45841542,0.104936205,0.122855656,0.089191474,0.33555976,0.01574473
596,0.6984294,0.107234284,0.17897756,0.1146384,0.51945186,-0.007404119
597,0.25316888,0.061576072,0.08659854,0.062176224,0.16657034,-0.0006001517
598,0.60492086,0.11344353,0.13890533,0.09249239,0.46601552,0.020951144
599,0.5569371,0.0892468,0.11558738,0.08831788,0.44134971,0.0009289235
600,0.43465576,0.06199918,0.07480053,0.04938599,0.35985523,0.0126131885
601,0.4633743,0.07241403,0.12264287,0.082620986,0.3407314,-0.010206953
602,0.5986832,0.03950817,0.078989886,0.05037238,0.5196933,-0.010864209
603,0.56776625,0.15666689,0.22176485,0.15217488,0.3460014,0.0044920146
604,0.55444854,0.079736315,0.12942062,0.093674354,0.4250279,-0.01393804
605,0.43177631,0.03491382,0.049378973,0.03233811,0.38239735,0.0025757104
606,0.50174165,0.06310195,0.09319979,0.06458409,0.40854186,-0.001482144
607,0.5883986,0.09020511,0.117800996,0.08721549,0.47059757,0.00298962
608,0.33844846,0.06461379,0.09110566,0.076780975,0.2473428,-0.012167186
609,0.298256,0.081079975,0.06835656,0.04982555,0.22989945,0.031254426
610,0.44084322,0.06177355,0.095313765,0.07041373,0.34552947,-0.008640181
611,0.4561065,0.055142306,0.06635539,0.049304828,0.38975114,0.0058374777
612,0.5173158,0.07337177,0.09236955,0.06668881,0.42494625,0.0066829547
613,0.27033797,0.03194924,0.0409054,0.027622722,0.22943257,0.0043265186
614,0.5067433,0.07371042,0.14902511,0.09622628,0.3577182,-0.022515863
615,0.41987666,0.09200464,0.09943658,0.07504738,0.32044008,0.01695726
616,0.5283323,0.1504752,0.1739262,0.120963514,0.3544061,0.02951169
617,0.41113323,0.046188165,0.071573384,0.050516333,0.33955985,-0.004328169
618,0.48351967,0.09959259,0.11033835,0.08203272,0.3731813,0.017559871
619,0.5140257,0.0996792,0.12465762,0.08171897,0.38936806,0.017960235
620,0.6571254,0.12901169,0.15800999,0.115804374,0.4991154,0.013207316
621,0.43048638,0.06365966,0.09931343,0.060964417,0.33117294,0.0026952438
622,0.444503,0.024239607,0.057722073,0.03999038,0.38678095,-0.015750773
623,0.41181695,0.07425942,0.0827956,0.062335573,0.32902136,0.01192385
624,0.44809833,0.076122925,0.09651808,0.06865254,0.35158026,0.0074703842
625,0.45821998,0.083364464,0.10975803,0.08872093,0.34846196,-0.0053564683
626,0.3586054,0.10609712,0.08269549,0.06133824,0.27590993,0.04475888
627,0.4919159,0.056147315,0.10405319,0.07768151,0.3878627,-0.021534197
628,0.34316903,0.03835363,0.053759385,0.04012621,0.28940964,-0.0017725788
629,0.639474,0.095580295,0.119400956,0.08505981,0.520073,0.010520488
630,0.2778378,0.0542905,0.07482957,0.04862402,0.20300823,0.0056664795
631,0.46620515,0.094385825,0.11893498,0.08711846,0.34727016,0.0072673634
632,0.43479377,0.06384434,0.07713573,0.056734845,0.35765803,0.007109493
633,0.26493928,0.0714479,0.08662476,0.06452549,0.17831452,0.006922409
634,0.48343638,0.09302469,0.08424136,0.065572195,0.39919502,0.027452499
635,0.53794616,0.05787967,0.087695815,0.062154185,0.45025036,-0.0042745136
636,0.40413058,0.065480895,0.08249051,0.057820167,0.32164007,0.007660728
637,0.51925695,0.04732935,0.089102976,0.059700552,0.43015397,-0.012371201
638,0.35221532,0.05125366,0.08747012,0.06588812,0.2647452,-0.01463446
639,0.59535635,0.07922715,0.13634808,0.08762401,0.45900828,-0.008396864
640,0.52108574,0.057443514,0.11777904,0.077131316,0.4033067,-0.019687802
641,0.41075847,0.06408147,0.08418679,0.055382255,0.32657167,0.008699212
642,0.3821173,0.08825828,0.10637925,0.08266013,0.27573806,0.00559815
643,0.31507564,0.057702333,0.0696888,0.048982147,0.24538684,0.008720186
644,0.31120792,0.051441476,0.069937445,0.043061644,0.24127048,0.008379832
645,0.48702607,0.061414916,0.08980268,0.06336006,0.39722338,-0.0019451417
646,0.43973768,0.05401397,0.07760066,0.056775123,0.36213702,-0.0027611516
647,0.40495816,0.054037407,0.09594124,0.06309713,0.3090169,-0.00905972
648,0.4608264,0.08621081,0.123653844,0.09058263,0.33717257,-0.004371822
649,0.5239243,0.12083118,0.15614456,0.120749734,0.36777973,8.14423e-05
650,0.47570252,0.0759404,0.10649694,0.07464692,0.3692056,0.0012934804
651,0.446455,0.032872118,0.06242027,0.043746937,0.38403472,-0.010874819
652,0.45733348,0.075360246,0.0917981,0.059760123,0.36553538,0.0156001225
653,0.42409348,0.056644887,0.06687839,0.041546598,0.3572151,0.015098289
654,0.3710228,0.1176411,0.0925998,0.068449445,0.27842298,0.049191654
655,0.5078378,0.09343585,0.10324542,0.07353766,0.40459234,0.019898191
656,0.33962774,0.047861636,0.06584452,0.047889885,0.2737832,-2.8248876e-05
657,0.43993825,0.021091891,0.073997006,0.044994842,0.36594123,-0.02390295
658,0.53387445,0.06688704,0.09242279,0.06387446,0.44145167,0.0030125827
659,0.4607127,0.06652607,0.06964425,0.05199114,0.39106846,0.014534932
660,0.65994054,0.088092975,0.13104016,0.08688302,0.5289004,0.0012099519
661,0.37389937,0.06717974,0.09434306,0.06908426,0.2795563,-0.0019045174
662,0.4891512,0.10111898,0.1259089,0.0923199,0.36324233,0.0087990835
663,0.28542,0.042927414,0.054365754,0.038699098,0.23105425,0.0042283162
664,0.49795857,0.08339563,0.08887783,0.06256054,0.40908074,0.020835087
665,0.4158873,0.08971574,0.09735025,0.07105912,0.31853706,0.018656619
666,0.44886017,0.048751965,0.092584915,0.060796317,0.35627526,-0.012044352
667,0.49310023,0.06774807,0.1325811,0.07402284,0.3605191,-0.006274767
668,0.4613465,0.06774308,0.089220546,0.05995158,0.37212595,0.007791497
669,0.597827,0.08280474,0.12614432,0.08664918,0.4716827,-0.00384444
670,0.4047056,0.08047262,0.084859714,0.059511412,0.3198459,0.020961206
671,0.40070093,0.07070608,0.10141744,0.06660004,0.2992835,0.0041060373
672,0.4771053,0.05604806,0.07501281,0.05206009,0.4020925,0.0039879717
673,0.4558159,0.07480612,0.11712651,0.08315208,0.3386894,-0.008345962
674,0.5278562,0.105088815,0.11447998,0.08900631,0.41337618,0.016082503
675,0.55984515,0.11030875,0.14057553,0.09623105,0.41926962,0.014077701
676,0.53196144,0.083609246,0.10311498,0.06240944,0.42884648,0.021199808
677,0.5462015,0.08194033,0.1623222,0.10616961,0.38387933,-0.02422928
678,0.43179685,0.05667567,0.0782603,0.05241833,0.35353655,0.00425734
679,0.5277802,0.08120322,0.11034532,0.08243016,0.41743487,-0.0012269393
680,0.4423618,0.079804204,0.09761654,0.065927796,0.34474528,0.013876408
681,0.58618796,0.058212005,0.080110915,0.047875613,0.50607705,0.010336392
682,0.4875,0.07832802,0.10858096,0.07696302,0.37891906,0.0013649985
683,0.5533841,0.060268637,0.09598403,0.072067544,0.45740008,-0.011798907
684,0.48969713,0.053262293,0.07467771,0.052828755,0.41501942,0.0004335381
685,0.46644253,0.09107636,0.14453955,0.09873793,0.321903,-0.0076615736
686,0.40782514,0.05373993,0.08967495,0.06476158,0.3181502,-0.011021648
687,0.5118162,0.09800311,0.163948,0.11915091,0.3478682,-0.021147795
688,0.4916192,0.174554,0.17116861,0.1249827,0.3204506,0.049571306
689,0.17553233,0.030582193,0.043163568,0.030437324,0.13236876,0.00014486909
690,0.4991649,0.053392034,0.09708918,0.062397316,0.40207574,-0.009005282
691,0.4473253,0.08234198,0.107319765,0.0795444,0.34000552,0.0027975738
692,0.43952283,0.112226054,0.09557289,0.06047947,0.34394994,0.051746584
693,0.59300965,0.12578468,0.14415513,0.11037744,0.4488545,0.015407242
694,0.45738834,0.045819957,0.07024633,0.049834587,0.387142,-0.00401463
695,0.35532254,0.068809025,0.07673353,0.05410521,0.278589,0.014703814
696,0.5404152,0.08467089,0.09407296,0.0641848,0.44634226,0.020486087
697,0.43553162,0.03395161,0.07638157,0.048271097,0.35915005,-0.014319487
698,0.5046432,0.07347387,0.10247569,0.07156754,0.4021675,0.0019063279
699,0.42327562,0.08996651,0.118376285,0.093256235,0.30489933,-0.003289722
700,0.42153582,0.067610845,0.06713138,0.048276506,0.35440445,0.019334339
701,0.37445283,0.04151453,0.079512656,0.05486878,0.29494017,-0.013354249
702,0.40634748,0.06715151,0.085616715,0.06274634,0.32073078,0.0044051707
703,0.22079246,0.015250785,0.02903234,0.020365112,0.19176012,-0.0051143263
704,0.48462278,0.09302476,0.13829026,0.09581975,0.34633252,-0.0027949885
705,0.43982324,0.039539687,0.0768593,0.052177936,0.36296394,-0.0126382485
706,0.51376855,0.09451263,0.12912977,0.08734471,0.3846388,0.007167913
707,0.43178588,0.060220413,0.07813559,0.043226123,0.3536503,0.01699429
708,0.5175115,0.07386254,0.09430367,0.07019511,0.42320782,0.003667429
709,0.648547,0.092034526,0.13271108,0.0985371,0.5158359,-0.006502576
710,0.3487731,0.06666106,0.06667614,0.04868596,0.28209695,0.0179751
711,0.4838727,0.07753612,0.10789459,0.07718721,0.3759781,0.0003489107
712,0.46343508,0.07483324,0.08764883,0.0630722,0.37578624,0.0117610395
713,0.44615477,0.091942705,0.11267814,0.08068712,0.33347663,0.011255585
714,0.5218465,0.084644996,0.12640478,0.08903108,0.3954417,-0.0043860823
715,0.39489225,0.06435969,0.08357863,0.054117378,0.31131363,0.010242309
716,0.38087353,0.103706904,0.09610543,0.06888656,0.2847681,0.03482034
717,0.49885482,0.05073249,0.08383202,0.055185188,0.4150228,-0.004452698
718,0.61706823,0.103773676,0.1260353,0.09951887,0.49103293,0.004254803
719,0.61489654,0.04527596,0.05491187,0.037572097,0.5599847,0.007703863
720,0.43080866,0.07896322,0.085906915,0.06090622,0.34490174,0.018057
721,0.53622997,0.10834032,0.12988594,0.09219707,0.40634403,0.016143255
722,0.35640815,0.09123704,0.08150608,0.05196549,0.27490208,0.03927155
723,0.5081978,0.084090605,0.096344665,0.07673943,0.41185313,0.007351175
724,0.5810939,0.09612322,0.11287956,0.08076798,0.46821433,0.015355237
725,0.49834126,0.05398422,0.07367951,0.055402707,0.42466176,-0.0014184862
726,0.6161729,0.06635973,0.09325593,0.060528055,0.522917,0.0058316737
727,0.5169216,0.04951889,0.097066924,0.061412573,0.41985464,-0.011893682
728,0.43427846,0.08457249,0.073658764,0.050961114,0.3606197,0.033611372
729,0.53226006,0.1608216,0.18002482,0.13226113,0.35223526,0.028560475
730,0.3486088,0.032215655,0.06453396,0.044439986,0.28407484,-0.0122243315
731,0.45518818,0.04930068,0.08191202,0.050602663,0.37327617,-0.0013019815
732,0.43590426,0.10999806,0.117427476,0.07434061,0.3184768,0.03565745
733,0.37086248,0.04597258,0.07309097,0.046704464,0.2977715,-0.00073188543
734,0.37691543,0.052982617,0.07994007,0.057849403,0.29697534,-0.0048667863
735,0.47100863,0.10602766,0.11841005,0.092432216,0.35259858,0.013595447
736,0.48245633,0.08351631,0.12094828,0.08685656,0.36150804,-0.0033402517
737,0.6346562,0.15101588,0.17668624,0.13951723,0.45796996,0.011498645
738,0.29767162,0.054215215,0.07810008,0.05719434,0.21957153,-0.0029791258
739,0.5735396,0.057656486,0.08481943,0.058895208,0.48872018,-0.0012387224
740,0.52116495,0.069231376,0.10048641,0.07190145,0.42067856,-0.002670072
741,0.43174073,0.060250763,0.093922615,0.068738796,0.33781812,-0.008488033
742,0.36731836,0.07627468,0.09923457,0.07229988,0.26808378,0.0039747953
743,0.32358104,0.055471923,0.070060685,0.04772271,0.25352037,0.007749215
744,0.5434699,0.082250595,0.12774871,0.09187372,0.41572118,-0.009623125
745,0.4699536,0.049233425,0.036829717,0.027900482,0.4331239,0.021332944
746,0.51952904,0.040998224,0.07936174,0.054169945,0.4401673,-0.013171721
747,0.48404488,0.065556385,0.08892871,0.060828038,0.39511618,0.004728347
748,0.45705163,0.09963768,0.15391219,0.09164224,0.30313945,0.007995442
749,0.48346153,0.10078681,0.14604658,0.10024786,0.33741495,0.00053895265
750,0.37262332,0.05857297,0.09596541,0.06730997,0.2766579,-0.008736998
751,0.37117028,0.07498084,0.11089246,0.07745459,0.2602778,-0.0024737492
752,0.44625676,0.055346448,0.084377296,0.05926844,0.36187947,-0.003921993
753,0.41288194,0.049028248,0.07703803,0.055410843,0.33584392,-0.0063825957
754,0.56652945,0.083351925,0.118743315,0.09040209,0.44778615,-0.007050164
755,0.40232903,0.017842546,0.05899097,0.037918642,0.34333807,-0.020076096
756,0.36511904,0.038741596,0.076376535,0.051884297,0.2887425,-0.013142701
757,0.6098665,0.10409109,0.13585386,0.089446455,0.47401264,0.014644638
758,0.45682812,0.08328022,0.09158323,0.06366684,0.3652449,0.019613378
759,0.50808793,0.09364649,0.10527368,0.07710641,0.40281427,0.01654008
760,0.43630853,0.06336974,0.06587709,0.043587673,0.37043145,0.01978207
761,0.47573206,0.069870785,0.099582,0.07333371,0.37615007,-0.0034629256
762,0.4375007,0.08119299,0.09737973,0.07893916,0.34012097,0.0022538304
763,0.519639,0.105397426,0.12117729,0.08249341,0.39846173,0.022904016
764,0.37637606,0.07977132,0.09209957,0.062616564,0.2842765,0.017154753
765,0.5381618,0.085346155,0.0934305,0.07344014,0.44473132,0.011906013
766,0.458141,0.13051155,0.13255966,0.09622633,0.32558134,0.034285225
767,0.4751706,0.06152333,0.10969264,0.07147206,0.36547798,-0.009948734
768,0.5617095,0.106301695,0.11521139,0.08567755,0.44649813,0.020624146
769,0.5855684,0.09525764,0.1164729,0.083722666,0.46909553,0.011534974
770,0.41099995,0.05804635,0.0734599,0.059668172,0.33754006,-0.0016218238
771,0.38123468,0.08176933,0.08367294,0.05976222,0.29756173,0.022007111
772,0.5123365,0.07096992,0.114235945,0.08131266,0.39810055,-0.0103427395
773,0.5389469,0.03500221,0.09046143,0.063542336,0.4484855,-0.028540127
774,0.5505986,0.049733263,0.09841292,0.06781266,0.4521857,-0.018079396
775,0.5609719,0.022838548,0.04596616,0.03574718,0.51500577,-0.012908634
776,0.3969807,0.062337488,0.06518506,0.047791142,0.33179563,0.014546346
777,0.5747637,0.07181909,0.09920774,0.069021754,0.475556,0.0027973354
778,0.46654108,0.062771015,0.10089554,0.07508644,0.36564553,-0.012315422
779,0.17180586,0.038865406,0.05533963,0.040486135,0.116466224,-0.0016207285
780,0.4599333,0.0699272,0.104416944,0.072662584,0.35551637,-0.0027353838
781,0.56950855,0.068593256,0.09423784,0.066242754,0.47527072,0.0023505017
782,0.46716356,0.06562878,0.06982044,0.048489764,0.39734313,0.017139018
783,0.39957803,0.07540375,0.081835546,0.054681227,0.3177425,0.020722523
784,0.29723153,0.051726375,0.08323514,0.06273689,0.21399638,-0.011010516
785,0.4795769,0.07900351,0.10270954,0.07654053,0.37686735,0.0024629831
786,0.4430594,0.023814205,0.062311817,0.04411117,0.3807476,-0.020296965
787,0.4459423,0.0905115,0.09365263,0.063406795,0.35228968,0.027104706
788,0.58922577,0.1285709,0.14132145,0.103390686,0.44790432,0.025180213
789,0.39957762,0.06743409,0.07931405,0.05869537,0.32026356,0.008738719
790,0.4091054,0.025295937,0.030116368,0.02012703,0.378989,0.0051689073
791,0.52325016,0.065383926,0.089020565,0.056625824,0.4342296,0.008758102
792,0.558304,0.066046715,0.09565384,0.068771645,0.46265018,-0.0027249306
793,0.39974216,0.08460626,0.09871678,0.072997645,0.3010254,0.0116086155
794,0.43824074,0.13877709,0.15960097,0.1278376,0.27863976,0.010939494
795,0.4929724,0.045015033,0.10991881,0.08000848,0.3830536,-0.034993444
796,0.42014188,0.053649824,0.07688413,0.05587503,0.34325776,-0.0022252053
797,0.58184975,0.04616269,0.07922111,0.05619071,0.5026286,-0.01002802
798,0.52224773,0.07682366,0.11241927,0.079912074,0.40982845,-0.0030884147
799,0.49226916,0.073170304,0.10497973,0.06959042,0.38728943,0.0035798848
800,0.5482195,0.092384644,0.13076068,0.09013781,0.41745883,0.0022468343
801,0.4721122,0.08544119,0.104200155,0.074931905,0.36791205,0.010509282
802,0.37780967,0.09180914,0.09098752,0.069768384,0.28682214,0.022040755
803,0.47003648,0.05968172,0.0912212,0.06616617,0.3788153,-0.006484449
804,0.42538008,0.06157013,0.08008929,0.060652636,0.34529078,0.0009174943
805,0.589107,0.12914826,0.15546675,0.107978374,0.43364024,0.021169886
806,0.38694295,0.07797392,0.06256631,0.04482677,0.32437664,0.03314715
807,0.52225673,0.06654174,0.092581436,0.06138223,0.42967528,0.0051595084
808,0.4002526,0.05357188,0.07028357,0.052138,0.32996905,0.0014338791
809,0.4692086,0.07539401,0.10294829,0.072917044,0.3662603,0.0024769679
810,0.34545103,0.14334816,0.15684961,0.12336328,0.18860142,0.019984879
811,0.41336694,0.06649593,0.08205258,0.059562802,0.33131436,0.0069331303
812,0.5567318,0.13173024,0.14205712,0.105186455,0.4146747,0.026543789
813,0.4066291,0.04789249,0.083758324,0.058070153,0.32287076,-0.010177664
814,0.5182425,0.044072676,0.06472922,0.04984513,0.45351326,-0.005772453
815,0.24250558,0.032961253,0.038725756,0.029877935,0.20377982,0.0030833185
816,0.6782701,0.046842396,0.08238681,0.059123255,0.5958833,-0.012280859
817,0.46718737,0.11480083,0.13993394,0.10994216,0.32725343,0.0048586726
818,0.4767074,0.07340598,0.10831781,0.0731828,0.3683896,0.00022318214
819,0.409674,0.06385955,0.11968154,0.07515458,0.28999245,-0.011295028
820,0.26804417,0.01710915,0.031737972,0.02372807,0.2363062,-0.0066189207
821,0.3367852,0.038876887,0.06874898,0.042835336,0.26803622,-0.003958449
822,0.4335756,0.0846783,0.11565076,0.07836421,0.31792486,0.0063140914
823,0.44593218,0.06263236,0.08373633,0.05709018,0.36219585,0.0055421777
824,0.344098,0.055862762,0.055036936,0.040670704,0.28906107,0.015192058
825,0.5458769,0.111740865,0.15990257,0.10883925,0.38597435,0.0029016137
826,0.46292084,0.071515605,0.10136808,0.076089405,0.36155277,-0.0045737997
827,0.6643085,0.037553255,0.0869428,0.04631398,0.5773657,-0.008760724
828,0.5325878,0.08254361,0.09064181,0.066449836,0.44194603,0.016093776
829,0.45006385,0.07261766,0.10317993,0.08353183,0.34688392,-0.010914169
830,0.43010184,0.07108587,0.09319101,0.07005555,0.33691084,0.0010303184
831,0.48364228,0.06152928,0.081046864,0.058526743,0.4025954,0.0030025356
832,0.466554,0.08559708,0.13932648,0.09944108,0.3272275,-0.013843998
833,0.63248336,0.10414496,0.13770264,0.0982984,0.49478072,0.00584656
834,0.54987234,0.0433485,0.090186626,0.06482871,0.4596857,-0.02148021
835,0.4744484,0.09911014,0.11853481,0.08270671,0.3559136,0.01640343
836,0.4424892,0.03794927,0.049051944,0.03584026,0.39343727,0.0021090098
837,0.38909647,0.081504874,0.08814944,0.063841306,0.300947,0.017663568
838,0.49543625,0.07870239,0.10666787,0.0808796,0.38876837,-0.0021772087
839,0.45822316,0.054098573,0.07080694,0.048349723,0.3874162,0.0057488494
840,0.46431327,0.011763406,0.04557381,0.027916372,0.41873947,-0.016152967
841,0.67209953,0.20187871,0.1431465,0.11266774,0.528953,0.08921097
842,0.5138402,0.08855699,0.102935866,0.075549975,0.41090435,0.013007015
843,0.49717668,0.048484754,0.06223142,0.045465704,0.43494526,0.0030190498
844,0.63301665,0.06262903,0.09910873,0.07551549,0.5339079,-0.012886457
845,0.558784,0.08207892,0.1403898,0.095143035,0.4183942,-0.013064116
846,0.55849445,0.058866806,0.10665619,0.07239965,0.45183825,-0.013532847
847,0.63162637,0.08733858,0.13716936,0.09577479,0.494457,-0.00843621
848,0.5205366,0.11577348,0.15330528,0.114626795,0.3672313,0.0011466816
849,0.49775395,0.14940743,0.16057104,0.12109631,0.3371829,0.028311118
850,0.5310727,0.08601322,0.09343692,0.0693411,0.43763575,0.01667212
851,0.45947897,0.076028876,0.11389248,0.087265246,0.34558648,-0.01123637
852,0.40765586,0.05998202,0.06375084,0.05040516,0.34390503,0.009576861
853,0.5424145,0.1013603,0.15615743,0.11341102,0.38625705,-0.012050718
854,0.48595682,0.08679218,0.09003789,0.07450795,0.39591894,0.012284227
855,0.32356852,0.086162865,0.08333134,0.06092848,0.24023718,0.025234386
856,0.39457688,0.11023021,0.10027098,0.07123773,0.2943059,0.03899248
857,0.49579427,0.0993819,0.111481875,0.08725984,0.3843124,0.012122065
858,0.22203895,0.036216706,0.050576698,0.03370352,0.17146225,0.0025131851
859,0.5167825,0.082001016,0.09642819,0.07369353,0.42035434,0.008307487
860,0.5930401,0.16334306,0.14248484,0.1076745,0.45055526,0.055668555
861,0.45963225,0.06608094,0.09753888,0.06909367,0.36209336,-0.0030127242
862,0.48641497,0.056700386,0.116128065,0.083188295,0.3702869,-0.02648791
863,0.55183035,0.09305936,0.113525055,0.08298612,0.4383053,0.010073245
864,0.53224313,0.060895164,0.11583365,0.089726426,0.4164095,-0.028831262
865,0.5785286,0.08666465,0.11756155,0.086149655,0.46096703,0.0005149916
866,0.4863074,0.07665761,0.1048539,0.07132798,0.3814535,0.0053296313
867,0.45291945,0.09539278,0.11171991,0.080303915,0.34119955,0.015088864
868,0.49424407,0.0655848,0.10690035,0.0783397,0.3873437,-0.012754902
869,0.38460463,0.061256047,0.07565631,0.049027234,0.30894834,0.012228813
870,0.5861525,0.07538221,0.08517841,0.06775062,0.50097406,0.0076315925
871,0.40366948,0.106572695,0.11347565,0.092498295,0.29019383,0.0140744
872,0.38032204,0.06874777,0.082368135,0.064614296,0.2979539,0.0041334704
873,0.5000173,0.07894949,0.077512115,0.052238632,0.42250517,0.026710857
874,0.4761363,0.0595003,0.101139516,0.07244672,0.37499678,-0.012946419
875,0.47933584,0.08964056,0.11707458,0.079381496,0.36226127,0.010259062
876,0.5058149,0.1091061,0.105383985,0.07619351,0.40043092,0.03291259
877,0.43343237,0.09358411,0.094535835,0.06883797,0.33889654,0.024746142
878,0.5902065,0.07375907,0.10639718,0.07582105,0.48380932,-0.002061978
879,0.5074827,0.115342125,0.12447542,0.09344615,0.3830073,0.021895975
880,0.4599914,0.066684544,0.0907258,0.06181526,0.3692656,0.0048692822
881,0.52068377,0.09080583,0.114476405,0.08376873,0.40620735,0.0070370957
882,0.52785325,0.08217197,0.09825526,0.07067111,0.42959797,0.011500858
883,0.521431,0.06574301,0.101721995,0.075681694,0.41970903,-0.009938687
884,0.45394713,0.03073382,0.04871452,0.036224373,0.4052326,-0.0054905526
885,0.16119313,0.017534936,0.026452623,0.016727097,0.1347405,0.0008078385
886,0.4142897,0.07437271,0.12246456,0.074361406,0.29182515,1.1302531e-05
887,0.45568275,0.08157449,0.10427299,0.07455394,0.35140976,0.0070205554
888,0.34406763,0.03751327,0.064114116,0.044459663,0.2799535,-0.0069463924
889,0.3584103,0.05781926,0.082082786,0.056750964,0.27632752,0.001068294
890,0.615472,0.12683497,0.12161146,0.09201843,0.49386054,0.03481654
891,0.46204552,0.090547174,0.12437482,0.08354084,0.33767068,0.0070063323
892,0.57281315,0.043722454,0.070357226,0.049893215,0.50245595,-0.006170761
893,0.4137294,0.07988427,0.08048991,0.06357706,0.3332395,0.016307205
894,0.30994847,0.047646765,0.07865512,0.057222676,0.23129335,-0.009575911
895,0.44456688,0.052817795,0.07632415,0.057092484,0.36824274,-0.0042746887
896,0.52809674,0.05754522,0.08142656,0.061889637,0.44667017,-0.0043444186
897,0.50169116,0.069229975,0.102964036,0.06856221,0.39872712,0.00066776574
898,0.42504266,0.089730196,0.10237765,0.07538268,0.322665,0.014347516
899,0.28091195,0.025727212,0.06560623,0.04432942,0.21530572,-0.018602207
900,0.64650464,0.08427004,0.117984444,0.084724076,0.5285202,-0.00045403838
901,0.39535514,0.0707809,0.10889487,0.07770859,0.28646028,-0.006927684
902,0.55215,0.07784888,0.117651336,0.08611726,0.43449867,-0.008268379
903,0.47359905,0.08627594,0.09879572,0.07122114,0.37480333,0.0150548
904,0.53307116,0.1441624,0.12802243,0.100998,0.40504873,0.043164402
905,0.35427842,0.07371219,0.07966772,0.060103025,0.2746107,0.013609167
906,0.21892358,0.036404334,0.05113108,0.031818528,0.1677925,0.0045858063
907,0.4278128,0.041876905,0.06262862,0.042466126,0.3651842,-0.0005892217
908,0.44522756,0.07470815,0.09345018,0.063467234,0.35177737,0.011240914
909,0.5418195,0.060813986,0.087182425,0.06256007,0.45463708,-0.0017460808
910,0.40717882,0.06453652,0.09091013,0.06798821,0.31626868,-0.00345169
911,0.3754527,0.07699953,0.099210665,0.0718426,0.27624202,0.005156927
912,0.44564727,0.072386004,0.09734198,0.07854922,0.34830528,-0.006163217
913,0.26287767,0.059373237,0.085021876,0.059794933,0.17785579,-0.0004216954
914,0.5193577,0.04943866,0.06454573,0.04866907,0.45481196,0.0007695891
915,0.44090214,0.041275874,0.09235632,0.059665423,0.34854582,-0.01838955
916,0.26927957,0.0508478,0.0660781,0.05095514,0.20320147,-0.000107340515
917,0.40912962,0.09914721,0.1262681,0.09209011,0.28286153,0.0070571005
918,0.41224456,0.079116374,0.1321677,0.09274797,0.28007686,-0.013631597
919,0.46581984,0.09372285,0.11549629,0.08484316,0.35032356,0.008879691
920,0.41216338,0.05529968,0.06303515,0.04519088,0.34912822,0.0101088025
921,0.39626777,0.07310844,0.08815293,0.06253782,0.30811483,0.010570623
922,0.5352243,0.07117747,0.089092314,0.0636666,0.446132,0.0075108707
923,0.4614309,0.048707742,0.07879003,0.051941127,0.38264087,-0.0032333843
924,0.47381285,0.092517,0.13571614,0.098302595,0.3380967,-0.005785592
925,0.4614105,0.058478333,0.10259316,0.06569317,0.35881734,-0.007214837
926,0.45569348,0.07985372,0.103236325,0.071958944,0.35245717,0.007894777
927,0.43000925,0.09849912,0.0991435,0.07520745,0.33086574,0.02329167
928,0.2694403,0.03961501,0.058744635,0.037071835,0.21069565,0.0025431737
929,0.47056237,0.05353306,0.072745666,0.047406252,0.39781672,0.006126806
930,0.49725664,0.06776172,0.092947274,0.06799023,0.40430936,-0.0002285093
931,0.41699335,0.06312618,0.09728036,0.06874146,0.319713,-0.0056152865
932,0.45540097,0.15042904,0.13263296,0.10381284,0.32276803,0.046616197
933,0.5189795,0.057214312,0.074094154,0.05918346,0.44488534,-0.0019691475
934,0.4577769,0.04024511,0.07130648,0.05002526,0.38647044,-0.00978015
935,0.49760517,0.06491168,0.069117524,0.047378983,0.42848766,0.017532695
936,0.5872119,0.117467135,0.12559016,0.10224509,0.46162176,0.015222043
937,0.48239845,0.043683164,0.10293982,0.06886448,0.37945864,-0.025181316
938,0.50065917,0.103393786,0.13592678,0.097418346,0.36473238,0.00597544
939,0.514953,0.050843574,0.107466295,0.07311488,0.40748674,-0.022271305
940,0.4314828,0.056335386,0.07076828,0.04514651,0.3607145,0.011188876
941,0.5919251,0.07811347,0.15398513,0.097511575,0.43793994,-0.019398108
942,0.40054876,0.06729519,0.07519177,0.05144041,0.325357,0.015854783
943,0.48704776,0.09917587,0.12231944,0.09011483,0.36472833,0.0090610385
944,0.39802942,0.09154618,0.09717795,0.0658962,0.30085146,0.02564998
945,0.37885886,0.08065784,0.07873471,0.056925453,0.30012417,0.023732387
946,0.45618728,0.09000868,0.112410285,0.08414347,0.343777,0.0058652163
947,0.38530096,0.04896086,0.09685442,0.07188816,0.28844655,-0.022927303
948,0.44530845,0.10552362,0.09965041,0.07870565,0.34565803,0.02681797
949,0.54956365,0.109955736,0.11200785,0.078704916,0.4375558,0.03125082
950,0.49165285,0.11488399,0.086485244,0.065796845,0.4051676,0.049087144
951,0.46089572,0.08991354,0.120160304,0.084330276,0.3407354,0.005583264
952,0.6134229,0.112471774,0.13089576,0.09196229,0.4825271,0.020509481
953,0.48969343,0.066717446,0.0836934,0.0589205,0.40600002,0.007796947
954,0.5208041,0.049881235,0.08336668,0.04914112,0.43743742,0.0007401146
955,0.38828582,0.09317126,0.107309654,0.07543544,0.28097618,0.017735824
956,0.45438603,0.048498057,0.066462815,0.04756391,0.3879232,0.00093414634
957,0.18660492,0.03452722,0.039386693,0.027544968,0.14721823,0.006982252
958,0.41651756,0.090363726,0.10148279,0.066326424,0.31503475,0.024037302
959,0.5397216,0.10582742,0.14522544,0.09754255,0.39449617,0.008284874
960,0.44843894,0.07339249,0.09503889,0.06677324,0.35340005,0.006619245
961,0.49122488,0.058635432,0.08074427,0.054991603,0.41048062,0.0036438294
962,0.303706,0.050237525,0.05987373,0.043990374,0.24383226,0.0062471516
963,0.47107515,0.08938368,0.10258757,0.07146334,0.36848757,0.017920338
964,0.38584742,0.06854266,0.06639206,0.051411737,0.31945536,0.017130923
965,0.4813026,0.03599539,0.10260029,0.060714103,0.37870228,-0.024718713
966,0.66839767,0.06509317,0.12089359,0.083461955,0.54750407,-0.018368788
967,0.55623895,0.06240107,0.07585812,0.06202843,0.48038083,0.0003726408
968,0.39714688,0.09073059,0.07765618,0.051477388,0.3194907,0.039253205
969,0.5090456,0.07331111,0.09401601,0.07156248,0.4150296,0.0017486364
970,0.41739336,0.081063494,0.10845406,0.07851266,0.30893928,0.002550833
971,0.6587866,0.06473125,0.119623244,0.07964751,0.53916335,-0.0149162635
972,0.41922048,0.11995243,0.1015444,0.06858881,0.31767607,0.051363625
973,0.6017301,0.057080235,0.09135907,0.063392475,0.510371,-0.00631224
974,0.48621017,0.11120017,0.12550457,0.08840269,0.3607056,0.02279748
975,0.4742954,0.026336122,0.06736862,0.043555394,0.40692678,-0.017219272
976,0.55586946,0.08126294,0.12688737,0.093692616,0.42898208,-0.012429677
977,0.3940709,0.071974576,0.08459415,0.059324328,0.30947673,0.012650248
978,0.3812993,0.064956196,0.097048976,0.07325861,0.28425032,-0.008302413
979,0.43487588,0.066205435,0.10521733,0.07961824,0.32965854,-0.013412803
980,0.5103182,0.058591224,0.108352534,0.069207884,0.40196568,-0.01061666
981,0.20033203,0.013906198,0.020972075,0.014682656,0.17935996,-0.00077645853
982,0.48080692,0.06557112,0.0975026,0.051739044,0.38330433,0.013832077
983,0.45799014,0.04115077,0.0756838,0.048835136,0.38230634,-0.007684365
984,0.58335966,0.113908395,0.094051816,0.06613035,0.48930785,0.047778048
985,0.54120183,0.08623706,0.11099018,0.08185769,0.43021166,0.0043793693
986,0.50258803,0.102347076,0.12622327,0.0964608,0.37636477,0.005886279
987,0.4226648,0.07563959,0.096078396,0.06442083,0.3265864,0.011218764
988,0.4230953,0.07851339,0.08563542,0.056751832,0.33745986,0.021761559
989,0.64795524,0.11919799,0.14541893,0.10726512,0.5025363,0.011932865
990,0.41544282,0.069116496,0.08346906,0.06499769,0.33197376,0.0041188076
991,0.5400239,0.0797551,0.088366985,0.06793873,0.45165694,0.0118163675
992,0.5381706,0.088707656,0.13491878,0.09427694,0.4032518,-0.0055692866
993,0.5208986,0.053481508,0.09394823,0.065945454,0.42695034,-0.012463946
994,0.5011849,0.089016974,0.10043581,0.07151305,0.4007491,0.017503925
995,0.46770006,0.041115135,0.0925403,0.06730053,0.37515977,-0.026185393
996,0.41986313,0.051779114,0.08352664,0.05792975,0.3363365,-0.006150637
997,0.33567527,0.069895014,0.06818776,0.05107251,0.26748753,0.018822502
998,0.52036846,0.12079114,0.14985879,0.09592755,0.37050968,0.024863586
999,0.31652272,0.056241967,0.05105775,0.0365107,0.26546496,0.019731268
1000,0.5238152,0.12141335,0.15037696,0.10876278,0.37343824,0.012650572
1001,0.40863207,0.08038758,0.11579415,0.074269354,0.29283792,0.006118223
1002,0.34633482,0.07225768,0.08231985,0.05915107,0.26401496,0.013106614
1003,0.47871885,0.05946734,0.09086758,0.061034646,0.38785127,-0.0015673041
1004,0.4377804,0.073205136,0.1386187,0.09530208,0.29916173,-0.022096947
1005,0.44242898,0.07055739,0.08403886,0.055336863,0.35839012,0.01522053
1006,0.5486628,0.10146465,0.118812196,0.08591227,0.42985058,0.015552379
1007,0.3427016,0.079838604,0.116812095,0.078016706,0.22588952,0.0018218979
1008,0.5257596,0.02905359,0.06312346,0.040572032,0.4626361,-0.011518443
1009,0.56115466,0.08172661,0.10579808,0.07865591,0.4553566,0.0030706972
1010,0.43427595,0.0997503,0.1092204,0.082388885,0.32505554,0.017361417
1011,0.4320237,0.07409895,0.091490746,0.067849174,0.34053296,0.006249778
1012,0.50032395,0.08729792,0.14167237,0.08541145,0.35865158,0.0018864647
1013,0.5965635,0.10867984,0.10294958,0.07742409,0.49361393,0.03125575
1014,0.40505654,0.060449425,0.08300974,0.05790873,0.3220468,0.0025406964
1015,0.5078164,0.082867265,0.1158384,0.079307124,0.39197797,0.0035601407
1016,0.5138442,0.03863356,0.09000294,0.06410715,0.42384124,-0.025473591
1017,0.50355494,0.076575324,0.13107245,0.084325574,0.37248248,-0.0077502504
1018,0.46813473,0.053112593,0.063280456,0.04370008,0.40485427,0.009412512
1019,0.38984105,0.0693769,0.106426276,0.070488326,0.28341478,-0.0011114255
1020,0.5387628,0.06650976,0.1165784,0.069396056,0.4221844,-0.0028862953
1021,0.5568436,0.06659427,0.09407893,0.06160494,0.46276465,0.0049893335
1022,0.36098278,0.06959222,0.08447084,0.063752085,0.27651194,0.0058401376
1023,0.352721,0.076458745,0.115761355,0.08666502,0.23695965,-0.010206275
1024,0.4875459,0.057982042,0.10404843,0.0751442,0.38349748,-0.01716216
1025,0.5441031,0.08343413,0.13088964,0.09682475,0.41321343,-0.013390623
1026,0.48120886,0.093548015,0.123098336,0.09591791,0.35811052,-0.0023698956
1027,0.3890593,0.057634678,0.059673764,0.04286926,0.32938555,0.014765419
1028,0.48183054,0.047491916,0.07166422,0.05204747,0.41016632,-0.004555553
1029,0.3305352,0.06261052,0.065435976,0.045922022,0.26509923,0.0166885
1030,0.49356833,0.10260394,0.13137652,0.094662875,0.3621918,0.007941067
1031,0.6438656,0.08221795,0.12296031,0.08934716,0.52090526,-0.0071292147
1032,0.56707084,0.057027396,0.074527,0.048443783,0.49254385,0.008583613
1033,0.48338252,0.08385732,0.0989954,0.071550995,0.38438714,0.012306325
1034,0.45008063,0.07613986,0.10720623,0.08304538,0.3428744,-0.0069055185
1035,0.5403707,0.05979358,0.06964133,0.052108068,0.47072938,0.0076855123
1036,0.45362243,0.049080722,0.08599192,0.053553395,0.3676305,-0.004472673
1037,0.37316868,0.037004717,0.08548499,0.055692635,0.2876837,-0.018687919
1038,0.55077684,0.07829908,0.09892449,0.07387538,0.45185235,0.0044237003
1039,0.43797597,0.04937201,0.08029682,0.054527685,0.35767916,-0.005155675
1040,0.35324737,0.07872171,0.10750325,0.0794881,0.24574412,-0.0007663891
1041,0.5033535,0.0982807,0.13456386,0.093515426,0.3687896,0.004765272
1042,0.41305766,0.07235188,0.11772494,0.08158565,0.29533273,-0.009233773
1043,0.25938576,0.023719886,0.04836543,0.031851005,0.21102034,-0.0081311185
1044,0.4431668,0.06247878,0.081965774,0.053375345,0.36120102,0.009103436
1045,0.5758299,0.088506065,0.13873129,0.0957401,0.43709862,-0.007234037
1046,0.33622462,0.06675862,0.071711294,0.05327965,0.2645133,0.013478968
1047,0.2620111,0.04097041,0.06541914,0.048051987,0.19659197,-0.0070815757
1048,0.52528816,0.047881868,0.0612849,0.043461215,0.46400326,0.004420653
1049,0.385007,0.05731537,0.096199386,0.06357257,0.2888076,-0.0062572025
1050,0.37052643,0.04404555,0.05987127,0.04436983,0.31065518,-0.0003242828
1051,0.3452197,0.05074617,0.07044456,0.05302007,0.27477515,-0.0022739023
1052,0.5483922,0.10336772,0.13514094,0.10380923,0.41325122,-0.0004415065
1053,0.5248352,0.06973985,0.07933061,0.054350737,0.4455046,0.015389111
1054,0.463879,0.040215887,0.07678818,0.046770822,0.3870908,-0.006554935
1055,0.28750896,0.02470202,0.039737362,0.027040174,0.2477716,-0.0023381542
1056,0.5320106,0.10102559,0.13696226,0.09194425,0.39504835,0.009081341
1057,0.43375507,0.07155678,0.088177435,0.066049956,0.34557763,0.005506821
1058,0.4431639,0.058387354,0.08482763,0.056032028,0.35833627,0.002355326
1059,0.40071025,0.09196985,0.09964265,0.069594055,0.3010676,0.022375792
1060,0.24535006,0.033497635,0.058857635,0.038933508,0.18649243,-0.005435873
1061,0.5818342,0.090829045,0.15838091,0.114395484,0.42345327,-0.02356644
1062,0.4869332,0.10425483,0.1336947,0.09980841,0.35323852,0.004446417
1063,0.40906134,0.034843896,0.06552503,0.045273803,0.34353632,-0.010429908
1064,0.5150403,0.024455493,0.052054115,0.0321558,0.46298617,-0.0077003073
1065,0.5023618,0.09213422,0.085782185,0.059577215,0.4165796,0.032557007
1066,0.6023653,0.0750481,0.089150295,0.06287516,0.513215,0.012172937
1067,0.4046456,0.07876762,0.08650786,0.06953144,0.31813774,0.009236179
1068,0.36146244,0.047634803,0.08089457,0.05763503,0.28056788,-0.010000229
1069,0.46414688,0.09340218,0.096118495,0.07233576,0.3680284,0.02106642
1070,0.482201,0.096499614,0.1050978,0.067210585,0.3771032,0.02928903
1071,0.4849316,0.09226123,0.10807456,0.08029659,0.37685704,0.0119646415
1072,0.5204457,0.073638946,0.10554011,0.077905625,0.4149056,-0.0042666793
1073,0.30204165,0.020973673,0.03907428,0.02322276,0.26296738,-0.0022490863
1074,0.49364984,0.06974377,0.10807209,0.08099311,0.38557774,-0.011249341
1075,0.6821065,0.0802675,0.0726696,0.059940018,0.60943687,0.020327479
1076,0.36331502,0.07827919,0.09160436,0.070206665,0.27171066,0.008072525
1077,0.47505248,0.06394284,0.09228199,0.06572808,0.38277048,-0.0017852411
1078,0.49145055,0.06662283,0.09842869,0.07458513,0.39302185,-0.007962301
1079,0.4340607,0.026838087,0.05868876,0.04157695,0.37537193,-0.014738865
1080,0.43618682,0.048307553,0.07137797,0.050576787,0.36480886,-0.0022692345
1081,0.4008028,0.074388444,0.09396631,0.06822013,0.3068365,0.0061683133
1082,0.5396705,0.079180956,0.12775767,0.09621459,0.41191286,-0.017033637
1083,0.5320271,0.08984779,0.11874951,0.07087464,0.41327763,0.01897315
1084,0.44787538,0.07071586,0.10143,0.0774997,0.34644538,-0.006783843
1085,0.5052458,-0.0015817971,0.029859796,0.017168742,0.47538602,-0.018750539
1086,0.4677247,0.061931808,0.084027804,0.054198064,0.3836969,0.0077337436
1087,0.6768113,0.111800425,0.14464341,0.102830335,0.53216785,0.008970089
1088,0.59350413,0.06832919,0.11216731,0.083060734,0.48133683,-0.014731541
1089,0.41797674,0.0828215,0.114999235,0.086343616,0.3029775,-0.003522113
1090,0.45868665,0.11494902,0.13540456,0.097413845,0.3232821,0.017535172
1091,0.67815185,0.100407675,0.14164956,0.090370916,0.5365023,0.010036759
1092,0.5166767,0.048250467,0.07517421,0.057759687,0.4415025,-0.009509221
1093,0.51492614,0.07287749,0.08770121,0.06472024,0.42722493,0.008157246
1094,0.3213384,0.04662336,0.06444797,0.048319273,0.25689042,-0.0016959123
1095,0.5808326,0.09554962,0.11110803,0.08282117,0.46972457,0.012728453
1096,0.3974888,0.029156668,0.06316164,0.045344267,0.33432716,-0.016187599
1097,0.16657019,0.047443528,0.05941607,0.03401656,0.107154116,0.013426967
1098,0.5732206,0.061798826,0.09089742,0.06513165,0.4823232,-0.0033328235
1099,0.43004802,0.06384637,0.088855475,0.05986507,0.34119254,0.0039813034
1100,0.4228545,0.060371336,0.071812406,0.052670456,0.3510421,0.007700879
1101,0.5502779,0.11699227,0.1134895,0.0824199,0.43678838,0.03457237
1102,0.48908654,0.092872165,0.105400994,0.08258742,0.38368553,0.010284744
1103,0.4449989,0.061914794,0.08243866,0.0638685,0.3625602,-0.0019537061
1104,0.5276204,0.06776507,0.08120422,0.055298034,0.44641614,0.012467038
1105,0.61916965,0.08978739,0.12767129,0.09124099,0.49149835,-0.0014536008
1106,0.6065568,0.08033732,0.11389505,0.08452445,0.4926617,-0.0041871294
1107,0.32773644,0.07878402,0.10565111,0.07070627,0.22208533,0.008077748
1108,0.4858704,0.04759634,0.09249623,0.06185188,0.39337415,-0.014255542
1109,0.67958385,0.0705929,0.117498256,0.08630442,0.56208557,-0.015711516
1110,0.5707267,0.09515921,0.13757949,0.09348873,0.4331472,0.0016704798
1111,0.39877233,0.048548833,0.075594455,0.0593175,0.32317787,-0.010768667
1112,0.49280128,0.07109237,0.09316787,0.0695081,0.3996334,0.0015842691
1113,0.5880498,0.098815426,0.12782378,0.087007344,0.46022606,0.011808082
1114,0.6084546,0.119499475,0.13117874,0.10223801,0.47727585,0.017261468
1115,0.5662856,0.04546434,0.07234717,0.05493798,0.49393845,-0.0094736405
1116,0.50347656,0.08649425,0.096427076,0.07022726,0.40704948,0.016266994
1117,0.27367127,0.110933386,0.098526806,0.05740817,0.17514446,0.053525217
1118,0.5462621,0.074110284,0.109199464,0.073299274,0.43706262,0.0008110106
1119,0.38022354,0.061863467,0.08176975,0.05620347,0.2984538,0.0056599975
1120,0.57533526,0.1160067,0.13266903,0.08977611,0.44266623,0.026230589
1121,0.3867351,0.08696825,0.09925108,0.074959785,0.28748405,0.012008466
1122,0.468965,0.06683612,0.10612029,0.06955066,0.3628447,-0.0027145445
1123,0.36017573,0.067663915,0.08529955,0.06467311,0.27487618,0.0029908046
1124,0.48689702,0.046674244,0.10473667,0.0635324,0.38216037,-0.016858153
1125,0.5018165,0.066131465,0.09073285,0.062475406,0.41108367,0.0036560595
1126,0.4069855,0.067865975,0.089867875,0.058701646,0.31711763,0.00916433
1127,0.5319805,0.10248621,0.10268655,0.07756972,0.42929396,0.024916485
1128,0.38585603,0.058605958,0.07606422,0.054667488,0.3097918,0.00393847
1129,0.5156849,0.12456709,0.15040675,0.10994016,0.36527815,0.014626935
1130,0.33272716,0.08373212,0.09664692,0.074998096,0.23608024,0.008734025
1131,0.45414984,0.095477864,0.104905084,0.06645414,0.34924477,0.029023722
1132,0.44027746,0.06677413,0.09054041,0.061043244,0.34973705,0.005730886
1133,0.37501416,0.0631352,0.082497604,0.061565336,0.29251656,0.0015698634
1134,0.44702747,0.07076349,0.077866144,0.05471987,0.36916134,0.016043622
1135,0.6107583,0.11460542,0.11312244,0.086107485,0.49763587,0.028497934
1136,0.5493172,0.0731258,0.09104086,0.06931531,0.45827633,0.0038104951
1137,0.57922715,0.09139602,0.09091802,0.068930335,0.48830914,0.022465684
1138,0.48528567,0.088409275,0.09099377,0.06729585,0.3942919,0.021113425
1139,0.42527822,0.05730507,0.07093323,0.04880098,0.354345,0.008504093
1140,0.45130447,0.053919464,0.06933402,0.05133869,0.38197044,0.002580773
1141,0.4076809,0.05647099,0.07825864,0.060103603,0.32942227,-0.0036326125
1142,0.38428923,0.074265584,0.070313156,0.050142985,0.31397608,0.0241226
1143,0.53251505,0.057500772,0.07880717,0.055189352,0.45370787,0.0023114197
1144,0.5212512,0.042888235,0.07331466,0.046972953,0.44793653,-0.0040847175
1145,0.6150934,0.07364887,0.12262927,0.0911993,0.49246413,-0.017550431
1146,0.371461,0.074645236,0.096169055,0.07002845,0.27529195,0.0046167895
1147,0.47625357,0.09677028,0.107481964,0.08194993,0.3687716,0.014820352
1148,0.58611214,0.08912306,0.093284905,0.06979579,0.49282724,0.019327275
1149,0.51687,0.06002945,0.059906222,0.04056284,0.4569638,0.019466612
1150,0.53434676,0.078600705,0.11095936,0.06480248,0.4233874,0.013798222
1151,0.53716177,0.048088122,0.10227428,0.06628406,0.4348875,-0.018195938
1152,0.5975971,0.107615225,0.12503715,0.096604414,0.47256,0.011010811
1153,0.49482137,0.10288345,0.11978774,0.08567927,0.37503362,0.01720418
1154,0.33284172,0.08139507,0.09418288,0.069237344,0.23865885,0.012157723
1155,0.48603088,0.059938885,0.08819724,0.06248455,0.39783365,-0.002545666
1156,0.47558394,0.054065164,0.09837248,0.06456527,0.37721145,-0.010500107
1157,0.523302,0.066363,0.09735601,0.07499012,0.425946,-0.008627124
1158,0.5253148,0.101379104,0.13720687,0.09513296,0.38810796,0.006246142
1159,0.6635449,0.11964318,0.14859432,0.108153336,0.5149506,0.011489846
1160,0.42299488,0.025758276,0.066812836,0.04848127,0.35618204,-0.022722995
1161,0.5836063,0.12244318,0.124811314,0.09062705,0.45879498,0.031816125
1162,0.56160843,0.05966899,0.08800043,0.06708378,0.47360802,-0.0074147917
1163,0.48331258,0.07020036,0.12539995,0.079782695,0.35791263,-0.009582333
1164,0.58581024,0.11885019,0.16107075,0.12274222,0.42473948,-0.0038920343
1165,0.60010713,0.080736525,0.12012491,0.08543313,0.47998223,-0.0046966076
1166,0.48752064,0.061300244,0.08054235,0.059169974,0.40697828,0.00213027
1167,0.3801426,0.07674658,0.07242178,0.05331577,0.3077208,0.023430813
1168,0.63952637,0.09972473,0.15126386,0.09848766,0.4882625,0.001237072
1169,0.48585084,0.10867118,0.124488026,0.094024226,0.36136281,0.014646955
1170,0.5757004,0.058052916,0.11636625,0.08782019,0.45933414,-0.029767271
1171,0.49162206,0.0678367,0.07445793,0.053818647,0.41716415,0.014018055
1172,0.53272384,0.07076271,0.089411125,0.062769964,0.4433127,0.007992744
1173,0.4912482,0.06367761,0.11542051,0.08631082,0.37582767,-0.02263321
1174,0.3204126,0.06973657,0.07739995,0.053541962,0.24301267,0.016194608
1175,0.39277232,0.042261213,0.082915656,0.05797164,0.30985665,-0.015710428
1176,0.50304675,0.09014001,0.09791217,0.0716803,0.4051346,0.018459707
1177,0.45524165,0.073838405,0.08434094,0.05743848,0.37090072,0.016399924
1178,0.51038724,0.11367356,0.10977335,0.088672355,0.4006139,0.025001206
1179,0.49100658,0.04760791,0.06191227,0.049977034,0.4290943,-0.0023691244
1180,0.3622179,0.049315877,0.055535294,0.04115523,0.30668262,0.008160647
1181,0.60339797,0.080499634,0.1236377,0.090851076,0.47976026,-0.010351442
1182,0.514293,0.091922574,0.11731961,0.090021715,0.3969734,0.0019008592
1183,0.3722892,0.037657637,0.08636124,0.059639417,0.28592798,-0.02198178
1184,0.29861993,0.044538345,0.053655952,0.0368459,0.24496397,0.007692445
1185,0.38773555,0.03123927,0.060845323,0.041796204,0.32689023,-0.010556934
1186,0.48514706,0.066780254,0.08824717,0.065806806,0.39689988,0.00097344816
1187,0.5365136,0.117679,0.114382416,0.07799034,0.4221312,0.03968866
1188,0.4766523,0.06387795,0.08179554,0.05701337,0.39485675,0.0068645775
1189,0.45032638,0.07049467,0.098255396,0.05883532,0.352071,0.0116593465
1190,0.5820549,0.07841121,0.0884977,0.0675475,0.4935572,0.0108637065
1191,0.4778447,0.10834424,0.10312632,0.07478742,0.37471837,0.03355682
1192,0.51423156,0.11712493,0.12706792,0.09506964,0.38716364,0.02205529
1193,0.41205412,0.06328488,0.0882652,0.06194156,0.3237889,0.001343321
1194,0.73690975,0.107098185,0.15646106,0.115751475,0.5804487,-0.008653291
1195,0.4995147,0.09621888,0.124356546,0.09084984,0.37515816,0.0053690374
1196,0.47336772,0.07855835,0.09684955,0.06677668,0.37651816,0.01178167
1197,0.28164822,0.051613566,0.08121817,0.04875267,0.20043005,0.0028608963
1198,0.5256263,0.034801222,0.060088247,0.040137924,0.46553805,-0.005336702
1199,0.8138812,0.12167379,0.17906395,0.12727869,0.63481724,-0.005604893
1200,0.5940461,0.14138067,0.122550786,0.09496828,0.47149533,0.046412386
1201,0.39869958,0.07221041,0.09333673,0.0709709,0.30536285,0.0012395084
1202,0.54824406,0.04466629,0.050249904,0.03463922,0.49799415,0.01002707
1203,0.73271996,0.093454465,0.13377139,0.09837027,0.5989486,-0.0049158037
1204,0.5647572,0.031795993,0.05313383,0.031410553,0.5116234,0.0003854409
1205,0.39552805,0.025103616,0.047300503,0.028776858,0.34822756,-0.0036732424
1206,0.5778565,0.093181044,0.13620363,0.094322346,0.44165283,-0.0011413023
1207,0.7440875,0.020952526,0.057981957,0.03725627,0.68610555,-0.016303744
1208,0.55432254,0.097117364,0.10579552,0.07272253,0.44852704,0.024394833
1209,0.5102611,0.08235431,0.10226138,0.06696343,0.40799975,0.01539088
1210,0.5369556,0.055128522,0.0747772,0.05560334,0.4621784,-0.00047481805
1211,0.50822914,0.07955996,0.11948101,0.083040364,0.3887481,-0.0034804046
1212,0.43414703,0.07175686,0.09065401,0.06610205,0.343493,0.005654812
1213,0.33323607,0.05171163,0.084990464,0.051176537,0.2482456,0.00053509325
1214,0.6639267,0.09503876,0.115647964,0.07530192,0.54827875,0.019736834
1215,0.4978683,0.07796689,0.085744925,0.057166427,0.41212338,0.020800464
1216,0.4725325,0.10114898,0.13734461,0.10593391,0.3351879,-0.004784934
1217,0.4706447,0.054216605,0.07676795,0.055491697,0.39387676,-0.0012750924
1218,0.61912876,0.10935749,0.1191759,0.09082735,0.49995285,0.018530138
1219,0.43140957,0.09466024,0.10393225,0.07661524,0.32747734,0.018045
1220,0.41523254,0.096808955,0.1005058,0.070255116,0.31472674,0.02655384
1221,0.57181436,0.13802984,0.14956777,0.10671537,0.42224658,0.03131447
1222,0.45797944,0.06887006,0.15096496,0.09948884,0.30701447,-0.03061878
1223,0.49252728,0.057592187,0.09566181,0.0726557,0.39686546,-0.015063513
1224,0.45082998,0.05496824,0.0688822,0.05102836,0.3819478,0.003939882
1225,0.5197292,0.060425323,0.07816321,0.057329502,0.441566,0.0030958205
1226,0.5374478,0.07264667,0.082957484,0.061812486,0.45449033,0.010834184
1227,0.49954864,0.10839568,0.08770766,0.06561454,0.41184098,0.042781144
1228,0.531065,0.10778128,0.15296936,0.11303901,0.37809563,-0.0052577257
1229,0.5123276,0.12888272,0.13287753,0.09697249,0.37945008,0.031910233
1230,0.47746894,0.060342684,0.06859907,0.03950006,0.40886986,0.020842623
1231,0.50974953,0.08637586,0.11581808,0.080547646,0.39393145,0.0058282167
1232,0.61926705,0.06615289,0.095490426,0.07100772,0.52377665,-0.004854828
1233,0.5248455,0.13803475,0.13160227,0.09703177,0.3932432,0.041002974
1234,0.6648113,0.12934802,0.13111077,0.09745489,0.5337005,0.031893134
1235,0.5146083,0.0701627,0.08453639,0.058709454,0.43007195,0.011453245
1236,0.36426044,0.08000782,0.06028,0.046350285,0.30398044,0.033657536
1237,0.68246096,0.11456436,0.17547362,0.115913995,0.50698733,-0.0013496354
1238,0.55272824,0.08439388,0.10821837,0.08675697,0.44450986,-0.0023630857
1239,0.60387343,0.08507039,0.13239114,0.0833324,0.47148228,0.0017379895
1240,0.4482276,0.06175408,0.08958609,0.06633886,0.35864154,-0.004584778
1241,0.5228209,0.09218748,0.109898254,0.07834858,0.41292262,0.013838902
1242,0.605254,0.083600834,0.118572414,0.08316515,0.48668158,0.0004356876
1243,0.5993202,0.077811934,0.07959666,0.059084393,0.51972353,0.018727541
1244,0.4943223,0.0683331,0.09400552,0.06563043,0.40031677,0.0027026683
1245,0.34751466,0.053663056,0.06510306,0.05030918,0.2824116,0.0033538751
1246,0.6209104,0.09642538,0.13168474,0.089667484,0.4892257,0.0067578927
1247,0.45703217,0.08561911,0.09798364,0.0711107,0.35904855,0.014508404
1248,0.38958067,0.06200916,0.0834734,0.055214778,0.30610728,0.006794382
1249,0.51562524,0.06062158,0.07845563,0.058239818,0.4371696,0.0023817606
1250,0.3503165,0.030791344,0.044086896,0.03391103,0.3062296,-0.0031196866
1251,0.473512,0.06748583,0.07436092,0.05108031,0.3991511,0.016405523
1252,0.20131339,0.047918625,0.051234215,0.036213756,0.15007918,0.01170487
1253,0.5792544,0.12356618,0.12573485,0.089426726,0.45351952,0.034139454
1254,0.52016526,0.09261368,0.13762285,0.09334585,0.38254243,-0.00073216856
1255,0.4554983,0.13249826,0.12428672,0.084549464,0.3312116,0.0479488
1256,0.51867604,0.07036366,0.104582526,0.07128343,0.41409352,-0.0009197667
1257,0.5642842,0.07812159,0.084648244,0.06479405,0.47963595,0.013327539
1258,0.5187902,0.09643971,0.1114643,0.085447595,0.4073259,0.010992117
1259,0.45571846,0.073872186,0.09963972,0.06365365,0.35607874,0.010218538
1260,0.4031873,0.06700992,0.06924094,0.052678704,0.33394635,0.014331214
1261,0.4553844,0.0939892,0.11824977,0.095614284,0.33713463,-0.0016250834
1262,0.5329913,0.10056034,0.12418152,0.0828577,0.40880978,0.01770264
1263,0.58549404,0.0910258,0.124372154,0.09508685,0.4611219,-0.0040610507
1264,0.5870144,0.078938596,0.12163325,0.08127759,0.46538115,-0.0023389906
1265,0.27014986,0.044218056,0.067061596,0.043664154,0.20308825,0.00055390224
1266,0.5672066,0.1038568,0.1428843,0.096758634,0.4243223,0.007098168
1267,0.42257437,0.06203649,0.08116494,0.061214697,0.34140944,0.0008217916
1268,0.38494852,0.06836564,0.10687788,0.076881126,0.27807063,-0.008515485
1269,0.4419928,0.052748065,0.085318565,0.065530725,0.35667422,-0.012782659
1270,0.5969363,0.057031054,0.100036934,0.068165444,0.49689937,-0.01113439
1271,0.44769174,0.06156699,0.09051854,0.06352526,0.3571732,-0.0019582696
1272,0.4075552,0.07208949,0.07773288,0.0573253,0.3298223,0.014764193
1273,0.5024516,0.052607916,0.090594254,0.071809225,0.41185734,-0.019201308
1274,0.49564627,0.08643156,0.13088578,0.0855344,0.3647605,0.00089716166
1275,0.40924975,0.058151387,0.097128324,0.07424902,0.31212142,-0.016097635
1276,0.24851385,0.0875504,0.0843248,0.06061591,0.16418904,0.026934493
1277,0.5826087,0.0635358,0.1028792,0.07626067,0.4797295,-0.012724869
1278,0.5096057,0.09490014,0.108166955,0.073867396,0.40143874,0.021032743
1279,0.5405964,0.07939546,0.073571876,0.051734075,0.46702456,0.027661383
1280,0.4853009,0.06997171,0.06311886,0.04668062,0.42218202,0.023291089
1281,0.39521432,0.08105277,0.09961538,0.07464823,0.29559892,0.0064045414
1282,0.7338126,0.17942443,0.24061646,0.18213305,0.49319613,-0.0027086139
1283,0.6463746,0.0890728,0.12715276,0.087599374,0.51922184,0.0014734268
1284,0.42949876,0.059847847,0.10714899,0.06929029,0.3223498,-0.009442441
1285,0.56194234,0.09030408,0.104358904,0.07632227,0.45758343,0.013981804
1286,0.4070128,0.06583378,0.07800021,0.054767087,0.32901257,0.01106669
1287,0.39223763,0.047208577,0.069963045,0.05014624,0.3222746,-0.0029376633
1288,0.42603442,0.060660396,0.09817221,0.063717,0.3278622,-0.0030566044
1289,0.61265147,0.107786275,0.15080418,0.108595654,0.4618473,-0.0008093789
1290,0.46584663,0.05643551,0.08455484,0.055647764,0.38129178,0.00078774616
1291,0.4950685,0.059760746,0.086270474,0.063676625,0.408798,-0.00391588
1292,0.41547433,0.1027847,0.09383672,0.061517924,0.3216376,0.041266777
1293,0.66617405,0.2079859,0.2454899,0.19222054,0.42068416,0.015765354
1294,0.43011716,0.062397864,0.07378718,0.056458164,0.35632998,0.0059396997
1295,0.43921188,0.037832636,0.080167904,0.05447224,0.35904396,-0.016639605
1296,0.60100716,0.07912874,0.1174892,0.07893282,0.48351797,0.00019592047
1297,0.5225074,0.08065894,0.10558237,0.0798497,0.41692507,0.0008092448
1298,0.5411314,0.07652024,0.13396728,0.0854634,0.4071641,-0.008943155
1299,0.62571836,0.05652612,0.11083851,0.07789082,0.5148798,-0.0213647
1300,0.62750906,0.14471394,0.14106871,0.10975876,0.48644036,0.03495518
1301,0.42430848,0.09151472,0.13794908,0.088774025,0.2863594,0.002740696
1302,0.5038188,0.0830544,0.11886297,0.08099866,0.38495582,0.0020557418
1303,0.42122024,0.065087155,0.093075074,0.06818437,0.32814518,-0.0030972138
1304,0.52566487,0.05992685,0.10894209,0.07348504,0.41672277,-0.01355819
1305,0.5676012,0.08568957,0.11179647,0.07773199,0.45580474,0.007957578
1306,0.5642899,0.05328003,0.10161121,0.066852875,0.46267873,-0.013572846
1307,0.5495728,0.085545555,0.122765705,0.08005205,0.4268071,0.005493507
1308,0.49125412,0.11652488,0.111788,0.08017432,0.37946612,0.036350563
1309,0.4676291,0.061941277,0.1018157,0.0692101,0.3658134,-0.00726882
1310,0.5388432,0.1390075,0.1857261,0.1475823,0.3531171,-0.008574799
1311,0.4718455,0.102226295,0.1266811,0.087059185,0.34516442,0.01516711
1312,0.45888546,0.078081265,0.081689596,0.056873392,0.37719586,0.021207873
1313,0.45646065,0.06943072,0.07952191,0.059508238,0.37693876,0.009922478
1314,0.68906766,0.12722664,0.15691389,0.11198136,0.5321538,0.015245274
1315,0.47020593,0.09498896,0.10497849,0.08628021,0.36522746,0.008708745
1316,0.47502276,0.055287573,0.07575481,0.058768272,0.39926797,-0.003480699
1317,0.55344605,0.0924482,0.1220286,0.09089742,0.43141747,0.0015507787
1318,0.58315706,0.1050504,0.1452177,0.10230714,0.43793935,0.002743259
1319,0.43958715,0.07285232,0.08918372,0.050564494,0.35040343,0.022287827
1320,0.4736438,0.101425245,0.11902376,0.08747088,0.35462004,0.013954364
1321,0.43062568,0.06306804,0.060480285,0.046649035,0.37014538,0.016419005
1322,0.60134286,0.07308319,0.10053736,0.06397054,0.5008055,0.009112649
1323,0.4903557,0.07276925,0.09359207,0.06730034,0.39676362,0.005468905
1324,0.550813,0.056507878,0.10596201,0.063252866,0.444851,-0.0067449883
1325,0.59303117,0.06480439,0.10991004,0.076403186,0.48312113,-0.011598796
1326,0.528988,0.065914914,0.087031595,0.065863475,0.4419564,5.143881e-05
1327,0.5244325,0.078347914,0.09317678,0.063545555,0.4312557,0.014802359
1328,0.4818698,0.08430371,0.10119281,0.07496879,0.38067698,0.009334914
1329,0.6379491,0.13458264,0.15410304,0.12003698,0.48384607,0.014545657
1330,0.3875855,0.07252563,0.06581184,0.047648855,0.32177365,0.024876773
1331,0.6595627,0.16339096,0.16262604,0.122095,0.49693668,0.04129596
1332,0.5049301,0.08076613,0.10503041,0.06996736,0.39989966,0.010798767
1333,0.37298605,0.05029846,0.071659714,0.057485636,0.30132633,-0.0071871765
1334,0.34730837,0.037317708,0.069885045,0.047281858,0.27742332,-0.009964149
1335,0.389396,0.047651056,0.076857,0.05007942,0.312539,-0.002428364
1336,0.42102593,0.074265294,0.108504504,0.080537975,0.31252143,-0.006272681
1337,0.43308812,0.09334559,0.07336944,0.051553518,0.35971868,0.041792072
1338,0.4517662,0.14786287,0.10402264,0.08143251,0.34774357,0.06643036
1339,0.42875713,0.056301795,0.057378616,0.040073223,0.3713785,0.016228572
1340,0.40177515,0.04569338,0.07937529,0.054065462,0.32239985,-0.008372083
1341,0.60701644,0.09564834,0.11471373,0.09141729,0.49230272,0.0042310506
1342,0.3174987,0.03755646,0.048634905,0.032611813,0.2688638,0.004944645
1343,0.46046627,0.046861876,0.09850578,0.06529866,0.36196047,-0.018436786
1344,0.49422488,0.091978595,0.13951898,0.09885996,0.3547059,-0.0068813637
1345,0.24271302,0.031324442,0.03867406,0.028103974,0.20403896,0.0032204688
1346,0.46143198,0.08227775,0.08935432,0.059839655,0.37207764,0.022438098
1347,0.4386776,0.054275345,0.070423335,0.050583266,0.36825427,0.0036920793
1348,0.43557665,0.07079813,0.082817934,0.055853814,0.3527587,0.014944315
1349,0.47199655,0.07017692,0.10713318,0.07422273,0.36486337,-0.004045807
1350,0.42177004,0.10317419,0.14668424,0.10223249,0.2750858,0.0009416938
1351,0.21890028,0.04523119,0.06074645,0.04322894,0.15815383,0.0020022504
1352,0.5422174,0.067322105,0.099336594,0.07289741,0.44288078,-0.0055753067
1353,0.46955004,0.09207463,0.13311286,0.094883405,0.33643717,-0.002808772
1354,0.3120008,0.0428912,0.059953567,0.043182816,0.25204724,-0.00029161572
1355,0.60403734,0.109908275,0.14001061,0.09883296,0.46402675,0.011075318
1356,0.64328575,0.08117733,0.11092241,0.07314962,0.53236336,0.00802771
1357,0.2791131,0.020685375,0.04230382,0.03248927,0.2368093,-0.011803895
1358,0.5138814,0.049209427,0.0680459,0.052450318,0.44583547,-0.0032408908
1359,0.63415587,0.09163791,0.16517803,0.108407825,0.46897784,-0.016769916
1360,0.49945408,0.09499333,0.1249255,0.08959344,0.3745286,0.0053998902
1361,0.38452032,0.10824079,0.07530915,0.061182562,0.30921116,0.04705823
1362,0.7292347,0.15745775,0.16246177,0.12519437,0.56677294,0.032263383
1363,0.4973503,0.13688931,0.15458223,0.101029605,0.34276807,0.035859704
1364,0.43147108,0.13613074,0.11170578,0.078328006,0.3197653,0.05780273
1365,0.44424197,0.07117873,0.10454771,0.07655452,0.33969426,-0.005375795
1366,0.3672797,0.057355616,0.08619278,0.060411185,0.28108692,-0.0030555688
1367,0.48208332,0.08540148,0.1485318,0.10180681,0.33355153,-0.01640533
1368,0.53511226,0.10560396,0.12153152,0.09042024,0.41358075,0.015183724
1369,0.48133153,0.087180704,0.10541974,0.07004131,0.37591177,0.017139398
1370,0.39819464,0.058646973,0.07627793,0.051187873,0.3219167,0.0074591003
1371,0.45766184,0.049488652,0.086310275,0.059894957,0.37135157,-0.010406304
1372,0.47080526,0.043778323,0.060639195,0.048931375,0.41016605,-0.0051530525
1373,0.6084783,0.10869244,0.120310165,0.08475474,0.48816815,0.023937695
1374,0.42595807,0.1308637,0.117554605,0.08741648,0.30840346,0.04344722
1375,0.28189817,0.04467084,0.057765804,0.042763364,0.22413236,0.0019074753
1376,0.38124606,0.063941844,0.085966595,0.060554434,0.29527947,0.0033874102
1377,0.43640056,0.059976988,0.1036055,0.068757884,0.33279505,-0.008780897
1378,0.4891197,0.07480605,0.09850174,0.06954991,0.39061797,0.0052561387
1379,0.3539366,0.062198542,0.078991085,0.058141522,0.27494553,0.00405702
1380,0.31965837,0.052537102,0.08506104,0.056595977,0.23459733,-0.004058875
1381,0.40979856,0.084122874,0.07917736,0.054375853,0.3306212,0.02974702
1382,0.4414423,0.07004781,0.06496674,0.048029102,0.37647557,0.022018708
1383,0.36284804,0.09427758,0.087524414,0.06999251,0.27532363,0.02428507
1384,0.5438862,0.13879211,0.15927215,0.12645571,0.38461405,0.012336403
1385,0.47599193,0.0775571,0.08425863,0.06264192,0.3917333,0.014915183
1386,0.42054164,0.05027828,0.093420714,0.062171698,0.32712093,-0.011893418
1387,0.30025402,0.03125192,0.07656714,0.05295496,0.22368687,-0.021703042
1388,0.4369863,0.067665696,0.09394107,0.06299111,0.34304523,0.0046745837
1389,0.8502268,0.089404106,0.11121938,0.08317044,0.7390075,0.00623367
1390,0.29212543,0.03280434,0.046795055,0.029993039,0.24533038,0.0028113015
1391,0.40051737,0.037847817,0.066120446,0.043811955,0.33439693,-0.0059641376
1392,0.5222579,0.062709324,0.087100446,0.059878066,0.43515748,0.0028312579
1393,0.45485026,0.09279914,0.10185293,0.082727596,0.35299733,0.010071546
1394,0.45661885,0.1298271,0.125263,0.09165179,0.33135584,0.038175307
1395,0.2550836,0.055572934,0.048917912,0.035194237,0.20616567,0.020378698
1396,0.46821442,0.063573346,0.11124968,0.07844768,0.35696474,-0.014874332
1397,0.54449505,0.122000195,0.11326756,0.0843101,0.43122748,0.037690096
1398,0.390552,0.067013875,0.08885012,0.0696295,0.3017019,-0.0026156232
1399,0.43571523,0.07845316,0.09792865,0.06893291,0.33778659,0.009520248
1400,0.64780575,0.09919585,0.1265718,0.08913116,0.5212339,0.010064691
1401,0.4052578,0.02777477,0.07170226,0.048865594,0.33355552,-0.021090824
1402,0.47373864,0.063335784,0.08622644,0.06517501,0.3875122,-0.001839228
1403,0.45425218,0.0625716,0.09111502,0.06345045,0.36313716,-0.00087884814
1404,0.4046965,0.11540661,0.08539856,0.064432785,0.31929794,0.050973825
1405,0.44917628,0.07103154,0.08760111,0.0631362,0.3615752,0.007895343
1406,0.39564902,0.056522712,0.08025715,0.057783905,0.31539187,-0.0012611933
1407,0.7083755,0.135149,0.1629926,0.12683049,0.5453829,0.008318514
1408,0.50006354,0.14164397,0.13975321,0.105355404,0.36031032,0.036288567
1409,0.59767634,0.100631006,0.1145115,0.08269867,0.48316485,0.017932333
1410,0.545316,0.055804003,0.08092087,0.060575332,0.4643951,-0.0047713295
1411,0.49611005,0.07560198,0.08517145,0.05854043,0.4109386,0.01706155
1412,0.5065423,0.073258944,0.095604464,0.07067841,0.41093785,0.002580531
1413,0.5747377,0.10555376,0.13835593,0.09192457,0.43638182,0.013629191
1414,0.50714713,0.041212477,0.069366395,0.051145636,0.43778074,-0.009933159
1415,0.44064674,0.09163009,0.09873602,0.067876294,0.34191072,0.023753792
1416,0.42305276,0.09193508,0.111647606,0.08312354,0.31140515,0.008811541
1417,0.4625474,0.072462246,0.11616891,0.083352864,0.34637848,-0.010890618
1418,0.49375552,0.10785362,0.09100147,0.06545009,0.40275404,0.042403534
1419,0.4371872,0.06446863,0.09013645,0.061943833,0.34705073,0.0025247969
1420,0.56448585,0.11718725,0.15844558,0.11226561,0.40604025,0.0049216375
1421,0.4501726,0.095143594,0.13977955,0.091019265,0.31039304,0.0041243285
1422,0.42889822,0.04956172,0.07944105,0.054323856,0.34945717,-0.0047621354
1423,0.62662464,0.118249655,0.14304666,0.102143995,0.48357797,0.01610566
1424,0.5061853,0.08942587,0.08138555,0.059980392,0.42479974,0.029445477
1425,0.55322814,0.11637692,0.11763405,0.08954007,0.43559408,0.02683685
1426,0.4949642,0.022534631,0.05719657,0.039295986,0.43776765,-0.016761355
1427,0.50361943,0.08792005,0.11173012,0.08361477,0.3918893,0.0043052807
1428,0.48114806,0.060603656,0.090546586,0.066287674,0.3906015,-0.005684018
1429,0.6103045,0.07241491,0.11073986,0.08406915,0.49956462,-0.011654235
1430,0.41359037,0.06251473,0.09121891,0.06493464,0.32237145,-0.0024199113
1431,0.43135843,0.06741757,0.08147021,0.0622366,0.3498882,0.00518097
1432,0.66359955,0.111426726,0.13648187,0.09740523,0.52711767,0.0140214935
1433,0.20575954,0.03111138,0.03811767,0.030558137,0.16764188,0.00055324286
1434,0.5437811,0.1072792,0.13313046,0.09815189,0.41065064,0.009127304
1435,0.4161553,0.05622516,0.06404825,0.044651613,0.35210705,0.011573546
1436,0.5715037,0.05961754,0.090416394,0.06616408,0.4810873,-0.0065465346
1437,0.4394058,0.06457428,0.049875077,0.03648472,0.38953072,0.02808956
1438,0.46294823,0.049749773,0.06721932,0.044760965,0.39572892,0.004988808
1439,0.2629342,0.03616247,0.059433654,0.03735248,0.20350055,-0.0011900105
1440,0.4758853,0.051653005,0.082877494,0.060128614,0.3930078,-0.008475609
1441,0.33773988,0.037344024,0.050666455,0.040304676,0.28707343,-0.002960652
1442,0.2905175,0.05763876,0.045277465,0.030999977,0.24524005,0.026638784
1443,0.5258197,0.094319694,0.1273919,0.0877743,0.3984278,0.0065453947
1444,0.42324686,0.056375466,0.09299199,0.06238406,0.33025485,-0.006008595
1445,0.5395576,0.06585647,0.1202366,0.0870473,0.41932097,-0.02119083
1446,0.57798845,0.07926774,0.1130611,0.079241455,0.46492735,2.6285648e-05
1447,0.48248407,0.07840239,0.09142157,0.06410349,0.3910625,0.014298901
1448,0.48467922,0.060883425,0.10796219,0.07710843,0.37671703,-0.016225003
1449,0.59981906,0.08000644,0.13140243,0.083626546,0.46841663,-0.003620103
1450,0.33271214,0.06368349,0.089886874,0.065889284,0.24282527,-0.0022057965
1451,0.45582736,0.083057344,0.08645285,0.06276157,0.3693745,0.020295776
1452,0.4583731,0.074989736,0.07931118,0.059153825,0.37906194,0.015835911
1453,0.46459985,0.098407686,0.14534573,0.10240278,0.3192541,-0.0039950907
1454,0.3979059,0.09157388,0.096558206,0.06732788,0.30134767,0.024246
1455,0.5499151,0.080823846,0.13350616,0.09576105,0.4164089,-0.014937207
1456,0.4837108,0.10308585,0.14788513,0.1065316,0.33582568,-0.0034457445
1457,0.3954951,0.053776756,0.07067155,0.055622436,0.32482353,-0.0018456802
1458,0.6135551,0.10683411,0.11797238,0.08528188,0.4955827,0.021552235
1459,0.39741892,0.08096022,0.10462512,0.075594984,0.2927938,0.0053652376
1460,0.450686,0.05288951,0.076449126,0.055862665,0.37423688,-0.0029731542
1461,0.4477839,0.08228745,0.07918665,0.05813696,0.36859724,0.024150494
1462,0.39861178,0.048990905,0.0701498,0.048139013,0.32846197,0.00085189193
1463,0.5486023,0.12632838,0.1408292,0.10405812,0.40777308,0.022270262
1464,0.41011763,0.027254112,0.0612559,0.046604145,0.34886172,-0.019350033
1465,0.58682615,0.08403631,0.106001586,0.07605641,0.48082456,0.0079799
1466,0.4896625,0.10843335,0.120733544,0.083384484,0.36892897,0.025048867
1467,0.23864107,0.025716307,0.044642035,0.030795503,0.19399904,-0.0050791968
1468,0.50157356,0.04078001,0.08092407,0.05460981,0.4206495,-0.0138297975
1469,0.37152705,0.07737299,0.075095855,0.060344804,0.29643118,0.017028186
1470,0.40226862,0.042468023,0.084479,0.0572421,0.3177896,-0.014774077
1471,0.48619485,0.070369385,0.102942675,0.06688475,0.38325217,0.0034846365
1472,0.4089365,0.09442855,0.13404915,0.099606425,0.27488735,-0.005177878
1473,0.4880912,0.06115282,0.0815851,0.05884787,0.4065061,0.0023049489
1474,0.42505285,0.07568026,0.11808155,0.07548571,0.3069713,0.00019455701
1475,0.42350292,0.063755505,0.07678467,0.05947001,0.34671825,0.0042854957
1476,0.37258068,0.045827765,0.06047457,0.043757863,0.3121061,0.0020699017
1477,0.44050956,0.08265406,0.09761488,0.07428216,0.34289467,0.008371897
1478,0.37938133,0.054305684,0.08541304,0.058128692,0.2939683,-0.0038230084
1479,0.48755765,0.08413104,0.1154314,0.08513495,0.37212625,-0.0010039136
1480,0.5143636,0.08814261,0.09505977,0.07171893,0.41930383,0.01642368
1481,0.5176894,0.09543314,0.10330573,0.07975288,0.41438368,0.015680261
1482,0.27361897,0.040413182,0.05799624,0.042055883,0.21562272,-0.0016427003
1483,0.5666565,0.076800436,0.12949449,0.091858566,0.43716198,-0.01505813
1484,0.4529302,0.06624825,0.063269824,0.040219717,0.3896604,0.026028536
1485,0.37390596,0.057365857,0.067398176,0.04857305,0.30650777,0.008792806
1486,0.52517956,0.063498594,0.10841145,0.07733945,0.4167681,-0.013840854
1487,0.505811,0.12165141,0.121502474,0.09029055,0.38430852,0.031360865
1488,0.5332162,0.09432425,0.116663516,0.08260516,0.41655266,0.011719093
1489,0.45904472,0.11115981,0.098270476,0.07410236,0.36077425,0.037057452
1490,0.34853372,0.040488664,0.05152791,0.039694104,0.2970058,0.0007945597
1491,0.5756941,0.07864055,0.13026348,0.07904036,0.4454306,-0.00039981306
1492,0.36044407,0.12353003,0.11509793,0.0920755,0.24534613,0.031454533
1493,0.36496177,0.046741944,0.07539536,0.0507016,0.2895664,-0.0039596558
1494,0.40176007,0.077441655,0.103113584,0.07218205,0.29864648,0.0052596033
1495,0.44499657,0.091067046,0.12021389,0.08312113,0.32478267,0.007945918
1496,0.57792515,0.12305652,0.13691577,0.099774055,0.44100937,0.023282468
1497,0.3323351,0.028197732,0.060654,0.048002463,0.27168113,-0.019804731
1498,0.607529,0.108322084,0.105267726,0.074893236,0.5022613,0.033428848
1499,0.28087765,0.045211792,0.046624627,0.036723178,0.23425302,0.008488614
1500,0.49858457,0.07161535,0.100965396,0.0707291,0.3976192,0.000886254
1501,0.58091766,0.065743774,0.11385363,0.077054664,0.46706402,-0.01131089
1502,0.51770186,0.08004275,0.10978502,0.07959065,0.40791684,0.00045210123
1503,0.3986542,0.06377044,0.0928326,0.06335043,0.3058216,0.00042001158
1504,0.37358302,0.042242482,0.069935165,0.046078138,0.30364785,-0.0038356557
1505,0.4219791,0.071638525,0.09256328,0.07081348,0.32941583,0.0008250475
1506,0.51925623,0.06489599,0.10125484,0.07144197,0.41800138,-0.0065459833
1507,0.42227092,0.041416656,0.056166638,0.037620854,0.36610427,0.0037958026
1508,0.5003676,0.05777163,0.06607622,0.047491282,0.43429136,0.010280348
1509,0.5671708,0.07136116,0.12057232,0.07735167,0.44659847,-0.005990505
1510,0.45051795,0.06966673,0.10730254,0.083771616,0.3432154,-0.014104888
1511,0.411167,0.083301336,0.10884872,0.080555476,0.30231827,0.0027458593
1512,0.47135508,0.09445578,0.11032366,0.07799663,0.3610314,0.016459152
1513,0.6139717,0.08971177,0.104947284,0.071562484,0.50902444,0.018149287
1514,0.37987265,0.026169864,0.060564686,0.041184343,0.31930795,-0.015014479
1515,0.55644417,0.10388707,0.123312704,0.091264226,0.43313146,0.012622848
1516,0.5066863,0.06257696,0.074450344,0.055362996,0.43223593,0.0072139613
1517,0.4092173,0.08778082,0.0772659,0.055597935,0.33195138,0.032182883
1518,0.45402902,0.07646557,0.1010357,0.073346555,0.3529933,0.0031190142
1519,0.43141115,0.090305574,0.112965286,0.07842814,0.31844586,0.011877432
1520,0.4451912,0.050062172,0.088669464,0.055535216,0.35652173,-0.005473044
1521,0.41173765,0.07572443,0.085052535,0.064437315,0.32668513,0.0112871155
1522,0.6387098,0.09149757,0.112209596,0.07324118,0.52650017,0.018256389
1523,0.43642563,0.03239649,0.053391185,0.034132853,0.38303444,-0.0017363615
1524,0.38978788,0.033541165,0.052779473,0.035106383,0.33700842,-0.001565218
1525,0.52437013,0.062675625,0.07597832,0.057707082,0.44839182,0.0049685426
1526,0.4907807,0.07577808,0.10795665,0.0797761,0.38282406,-0.003998019
1527,0.42535105,0.06754153,0.09279752,0.060069695,0.33255354,0.007471837
1528,0.4225755,0.10251625,0.098536365,0.07520969,0.32403913,0.027306557
1529,0.5186844,0.057444144,0.09089428,0.06760778,0.4277901,-0.010163639
1530,0.42205584,0.09566771,0.08683719,0.06096075,0.33521867,0.03470696
1531,0.41289276,0.032284122,0.072459795,0.050321918,0.34043297,-0.018037796
1532,0.47874847,0.083578855,0.099712245,0.073451065,0.37903622,0.01012779
1533,0.30988443,0.02117726,0.07110469,0.050137583,0.23877974,-0.028960323
1534,0.4921526,0.07636631,0.073952526,0.053347267,0.41820008,0.023019046
1535,0.39969635,0.099092476,0.14462033,0.10076455,0.25507602,-0.0016720742
1536,0.35275158,0.022192245,0.054357897,0.03318845,0.2983937,-0.010996206
1537,0.33363602,0.08725111,0.08095323,0.055438332,0.25268278,0.03181278
1538,0.50710654,0.11248419,0.12060724,0.08283686,0.3864993,0.029647328
1539,0.2887134,0.021966217,0.065032735,0.043916143,0.22368066,-0.021949926
1540,0.41573116,0.06698051,0.100153446,0.07854055,0.31557772,-0.011560038
1541,0.5827172,0.08266254,0.13453141,0.103431605,0.44818577,-0.020769067
1542,0.5114558,0.07509932,0.0812912,0.059713334,0.43016458,0.015385985
1543,0.4097315,0.07266571,0.08715454,0.0694058,0.32257697,0.0032599047
1544,0.43689284,0.07411518,0.09380403,0.071262896,0.3430888,0.0028522834
1545,0.46653086,0.06550947,0.09457612,0.06577572,0.37195474,-0.00026625395
1546,0.48150742,0.053878568,0.089190684,0.061644167,0.39231673,-0.0077655986
1547,0.41193455,0.07584262,0.093750745,0.068444155,0.3181838,0.007398464
1548,0.48272276,0.060003508,0.080556005,0.053306147,0.40216675,0.0066973604
1549,0.54616576,0.1196275,0.12719175,0.092385724,0.418974,0.027241774
1550,0.4794975,0.050503187,0.08717882,0.062126793,0.39231867,-0.011623606
1551,0.39405334,0.07108092,0.0911265,0.06439789,0.30292684,0.0066830367
1552,0.44802558,0.056547496,0.08556297,0.057797685,0.3624626,-0.0012501888
1553,0.61392385,0.103825845,0.12882085,0.0988403,0.485103,0.004985541
1554,0.59682745,0.08013845,0.13633643,0.09366747,0.460491,-0.013529018
1555,0.40874746,0.05598168,0.09508078,0.06556819,0.3136667,-0.009586506
1556,0.59289163,0.08342372,0.1218296,0.08378374,0.47106203,-0.0003600195
1557,0.43085942,0.052089892,0.06765922,0.050061777,0.3632002,0.002028115
1558,0.43011355,0.07303265,0.09785874,0.067449346,0.33225483,0.005583301
1559,0.5383523,0.05929417,0.07526759,0.055131063,0.46308473,0.0041631088
1560,0.53335494,0.082337804,0.13423625,0.09290684,0.3991187,-0.010569036
1561,0.34023032,0.037154973,0.04896682,0.035964016,0.2912635,0.0011909567
1562,0.32429755,0.06682856,0.10169413,0.07468644,0.22260341,-0.0078578815
1563,0.40151656,0.06041523,0.090236664,0.06366187,0.3112799,-0.0032466426
1564,0.6008977,0.09254515,0.1044794,0.08229811,0.49641833,0.010247044
1565,0.41582522,0.046107005,0.08900612,0.05565321,0.3268191,-0.009546205
1566,0.5250407,0.059826437,0.14501815,0.08276661,0.38002253,-0.02294017
1567,0.19993892,0.04309396,0.05629149,0.035724636,0.14364743,0.0073693246
1568,0.38285825,0.045360778,0.053764645,0.039861325,0.3290936,0.0054994524
1569,0.48194107,0.06794774,0.10802848,0.07045424,0.3739126,-0.002506502
1570,0.47166646,0.109265715,0.10855073,0.08097372,0.36311573,0.028291993
1571,0.45173842,0.082180046,0.11503625,0.08940472,0.33670217,-0.0072246715
1572,0.38979238,0.11099958,0.11453677,0.09121401,0.27525562,0.019785568
1573,0.5102011,0.12237854,0.12664686,0.08984682,0.38355422,0.032531723
1574,0.4968254,0.07982596,0.092217274,0.065155484,0.40460813,0.014670476
1575,0.41742045,0.06405837,0.06241376,0.041416872,0.3550067,0.022641499
1576,0.40826416,0.05217951,0.064636916,0.0439219,0.34362724,0.008257613
1577,0.41751567,0.036441784,0.07749873,0.05059442,0.34001693,-0.014152635
1578,0.66033846,0.13239354,0.14596543,0.105543435,0.51437306,0.026850104
1579,0.4859388,0.05833914,0.102335654,0.068051584,0.38360313,-0.009712443
1580,0.36483228,0.08299184,0.10388654,0.07648937,0.26094574,0.006502472
1581,0.39457557,0.07798609,0.089316204,0.06771181,0.30525935,0.010274284
1582,0.51291996,0.12742867,0.11299436,0.08736272,0.3999256,0.040065944
1583,0.4052324,0.05211574,0.078512415,0.055181507,0.32672,-0.0030657686
1584,0.40901086,0.07188298,0.10236931,0.06975504,0.30664155,0.002127938
1585,0.56671417,0.08411047,0.116171725,0.08499321,0.45054245,-0.0008827448
1586,0.5993685,0.12708421,0.10781247,0.08301278,0.49155605,0.04407143
1587,0.36444157,0.13479476,0.098622665,0.06862595,0.2658189,0.06616881
1588,0.52422696,0.021723676,0.06487777,0.03453505,0.4593492,-0.012811374
1589,0.4214305,0.06415133,0.11407843,0.07670071,0.30735207,-0.012549378
1590,0.43373993,0.10999527,0.13163635,0.0925408,0.30210358,0.017454468
1591,0.42630798,0.051544353,0.071860895,0.047983274,0.35444707,0.0035610795
1592,0.50090814,0.07677022,0.10497036,0.07374099,0.39593777,0.0030292347
1593,0.5109689,0.13131277,0.15644057,0.11369754,0.35452837,0.017615236
1594,0.46830782,0.019467246,0.03292406,0.023822417,0.43538377,-0.0043551717
1595,0.42197347,0.118942656,0.08037816,0.061385952,0.3415953,0.057556704
1596,0.5797856,0.059453517,0.081891194,0.055247482,0.4978944,0.0042060353
1597,0.47948453,0.039273497,0.07943353,0.05395447,0.400051,-0.014680974
1598,0.3187591,0.064378895,0.07280027,0.05122926,0.24595883,0.013149634
1599,0.6264343,0.07759853,0.09775652,0.064529136,0.5286778,0.013069391
1600,0.47623298,0.06100031,0.06994996,0.05173981,0.40628302,0.009260502
1601,0.60319513,0.07167636,0.092771046,0.071108095,0.5104241,0.00056826323
1602,0.47132573,0.067110166,0.12197783,0.083023615,0.3493479,-0.01591345
1603,0.50182205,0.090035334,0.12572116,0.08714536,0.3761009,0.002889976
1604,0.57925105,0.06643547,0.10061472,0.07278049,0.47863632,-0.0063450187
1605,0.48610854,0.057914384,0.10185146,0.06664635,0.38425708,-0.008731969
1606,0.2653564,0.06414894,0.08221713,0.053736173,0.18313926,0.0104127675
1607,0.43498528,0.07868089,0.089748904,0.06985087,0.34523636,0.008830018
1608,0.5064101,0.10833693,0.1501545,0.10634623,0.35625562,0.0019907057
1609,0.48042968,0.0664152,0.10952626,0.06651423,0.37090343,-9.903312e-05
1610,0.49724275,0.086099625,0.11389869,0.08049001,0.38334405,0.0056096166
1611,0.39073902,0.070896484,0.10123875,0.077807814,0.28950027,-0.00691133
1612,0.6621602,0.06818318,0.1170248,0.08269239,0.54513544,-0.0145092085
1613,0.5003811,0.09209061,0.11467965,0.08423785,0.38570148,0.0078527555
1614,0.4678037,0.0616324,0.08895639,0.06625046,0.3788473,-0.00461806
1615,0.5498197,0.07851117,0.14318126,0.09878138,0.40663844,-0.020270206
1616,0.5348411,0.09597046,0.11788878,0.08794903,0.41695234,0.008021429
1617,0.5664913,0.057934355,0.10331576,0.06584209,0.46317554,-0.007907737
1618,0.5564403,0.08748927,0.14016332,0.099934444,0.416277,-0.012445174
1619,0.4706725,0.058543038,0.070747994,0.0478699,0.3999245,0.010673139
1620,0.5087236,0.122577764,0.12592994,0.10058468,0.38279366,0.021993086
1621,0.31686532,0.048344966,0.083238915,0.061866652,0.23362641,-0.013521686
1622,0.48848355,0.069644086,0.106167525,0.06967689,0.38231602,-3.2804906e-05
1623,0.48641816,0.052849084,0.08998449,0.06462639,0.39643365,-0.011777304
1624,0.47442523,0.07951272,0.09242488,0.070491545,0.38200036,0.009021178
1625,0.5584656,0.037824564,0.10113475,0.062375408,0.45733085,-0.024550844
1626,0.5316692,0.097308934,0.14402047,0.09911864,0.38764873,-0.0018097088
1627,0.4170003,0.10374428,0.10564287,0.0789884,0.31135744,0.02475588
1628,0.50761473,0.024899075,0.0569279,0.032828115,0.45068684,-0.00792904
1629,0.40517846,0.070380434,0.093331985,0.05761631,0.31184646,0.012764126
1630,0.46656746,0.08903783,0.08749339,0.064243086,0.37907407,0.024794742
1631,0.46304134,0.066554524,0.07330768,0.05452932,0.38973367,0.012025204
1632,0.6126495,0.058473088,0.13109623,0.08418276,0.48155326,-0.025709674
1633,0.6996586,0.09468483,0.14786126,0.104236096,0.55179733,-0.009551264
1634,0.37268594,0.11306592,0.1285737,0.08941896,0.24411224,0.023646958
1635,0.61659026,0.06796585,0.06652117,0.05210898,0.5500691,0.01585687
1636,0.40299797,0.038065605,0.059379615,0.042891447,0.34361836,-0.0048258416
1637,0.38011837,0.029178932,0.06530784,0.04271417,0.3148105,-0.013535239
1638,0.5508556,0.08176458,0.09594444,0.07374294,0.45491114,0.008021638
1639,0.51635534,0.13403498,0.14117216,0.11197517,0.37518317,0.022059806
1640,0.40145946,0.0636826,0.07780667,0.057393793,0.3236528,0.006288808
1641,0.58004755,0.06624595,0.09852132,0.062089235,0.48152623,0.004156716
1642,0.40740857,0.03473592,0.09729287,0.06264366,0.3101157,-0.02790774
1643,0.36613315,0.0651021,0.09315236,0.064445235,0.2729808,0.00065686554
1644,0.40767843,0.057664648,0.066561654,0.048571095,0.3411168,0.009093553
1645,0.5030238,0.12584655,0.15185034,0.12592007,0.35117346,-7.352233e-05
1646,0.40311837,0.050171874,0.07241934,0.04856889,0.33069903,0.001602985
1647,0.5519843,0.09033751,0.103454225,0.075458005,0.44853008,0.014879502
1648,0.3981508,0.0536977,0.083346985,0.061609615,0.3148038,-0.007911913
1649,0.43370855,0.07172754,0.09120706,0.062415566,0.3425015,0.00931197
1650,0.44475114,0.07317138,0.09382668,0.07058292,0.35092446,0.0025884584
1651,0.5282145,0.056171324,0.067408875,0.047599006,0.46080565,0.008572318
1652,0.5554418,0.050530586,0.10332632,0.07176746,0.45211548,-0.02123687
1653,0.49353415,0.13880154,0.13912092,0.09438749,0.3544132,0.04441406
1654,0.48562798,0.05467383,0.089547805,0.06868834,0.39608017,-0.014014512
1655,0.480084,0.089147374,0.084104985,0.057771374,0.39597902,0.031376
1656,0.22208126,0.059047278,0.06676939,0.046131235,0.15531187,0.012916043
1657,0.49138537,0.046012543,0.06289125,0.044212233,0.42849413,0.0018003099
1658,0.5570557,0.046911433,0.094852164,0.061460678,0.46220356,-0.014549244
1659,0.538023,0.14252661,0.15972066,0.11487447,0.37830234,0.027652144
1660,0.52000046,0.066200264,0.13091202,0.08382141,0.38908845,-0.017621145
1661,0.3203937,0.03934534,0.056081396,0.040774573,0.26431233,-0.0014292337
1662,0.37105715,0.006587017,0.022906011,0.017095363,0.34815115,-0.010508345
1663,0.5003716,0.050373346,0.07467554,0.054026585,0.42569605,-0.0036532395
1664,0.4627039,0.10118765,0.1229963,0.09811363,0.3397076,0.0030740127
1665,0.43477044,0.08225674,0.09183703,0.06597026,0.34293342,0.016286485
1666,0.5284216,0.07018854,0.09546965,0.06121535,0.43295193,0.008973189
1667,0.6734431,0.037827387,0.06573074,0.043301634,0.6077123,-0.005474247
1668,0.5200307,0.16886151,0.18264452,0.13345078,0.33738616,0.035410732
1669,0.5267413,0.07533815,0.09712038,0.06514882,0.42962095,0.010189325
1670,0.5829283,0.11690199,0.11868801,0.082902804,0.46424028,0.033999182
1671,0.5523783,0.10054537,0.12325817,0.097643286,0.42912012,0.002902083
1672,0.522262,0.047912434,0.07930169,0.056288447,0.4429603,-0.0083760135
1673,0.60029435,0.07871885,0.10975507,0.080559246,0.49053928,-0.0018403977
1674,0.5174997,0.03870067,0.0542647,0.03914416,0.463235,-0.00044348836
1675,0.44240603,0.05558445,0.08239955,0.05611747,0.36000648,-0.000533022
1676,0.4450487,0.082653575,0.11696763,0.07813098,0.32808107,0.004522592
1677,0.50842774,0.07605224,0.10307066,0.07616779,0.40535706,-0.000115551054
1678,0.50632846,0.07264396,0.11890953,0.06769202,0.38741893,0.004951939
1679,0.60421044,0.11400238,0.13720313,0.08959506,0.4670073,0.02440732
1680,0.33947256,0.013589469,0.050428703,0.03340926,0.28904384,-0.019819792
1681,0.45623532,0.047090206,0.0865736,0.06635962,0.36966172,-0.01926941
1682,0.50929886,0.04832765,0.06776727,0.050207518,0.4415316,-0.0018798672
1683,0.4113022,0.058504306,0.08559591,0.063220285,0.3257063,-0.004715979
1684,0.3559489,0.050809003,0.06658451,0.04356821,0.2893644,0.0072407946
1685,0.67197126,0.046257526,0.0734191,0.05003421,0.59855217,-0.0037766844
1686,0.42959076,0.065848686,0.08653272,0.059410542,0.34305805,0.0064381436
1687,0.3724005,0.051559094,0.085732184,0.057357647,0.2866683,-0.005798552
1688,0.45064598,0.05816743,0.06966434,0.04176751,0.38098165,0.01639992
1689,0.5238348,0.077865034,0.110449664,0.08055112,0.41338515,-0.0026860833
1690,0.5401181,0.06397332,0.115100734,0.07888434,0.42501736,-0.014911018
1691,0.5243197,0.04310221,0.0699113,0.050541077,0.4544084,-0.0074388683
1692,0.4660533,0.08015795,0.10563855,0.07326088,0.36041474,0.0068970695
1693,0.685094,0.028143324,0.062680356,0.047208007,0.62241364,-0.019064683
1694,0.28181186,0.09547623,0.09442114,0.06131238,0.18739071,0.03416385
1695,0.35242483,0.07492845,0.05670466,0.046227697,0.29572016,0.02870075
1696,0.42441455,0.06661438,0.085374504,0.061017066,0.33904004,0.0055973157
1697,0.59473246,0.08455021,0.105550386,0.07418567,0.48918208,0.01036454
1698,0.48736683,0.116292216,0.13126722,0.09006199,0.3560996,0.026230223
1699,0.6217259,0.11204977,0.15822074,0.115076944,0.46350518,-0.003027171
1700,0.59828126,0.07864547,0.12732814,0.086398475,0.4709531,-0.007753007
1701,0.5159607,0.1295999,0.14445917,0.10056422,0.3715015,0.02903568
1702,0.3245255,0.06465143,0.083702415,0.05867066,0.24082309,0.005980771
1703,0.37152323,0.07605397,0.070671774,0.052025765,0.30085146,0.024028204
1704,0.53050214,0.08118083,0.13148245,0.09544325,0.3990197,-0.0142624155
1705,0.42245778,0.05673699,0.09144646,0.061900258,0.33101133,-0.0051632673
1706,0.46245986,0.065284945,0.0905682,0.058699433,0.37189168,0.0065855123
1707,0.42198646,0.088939555,0.06781192,0.04829945,0.35417455,0.040640105
1708,0.53866315,0.071035266,0.08915834,0.06359976,0.4495048,0.007435508
1709,0.5175524,0.07228402,0.08333144,0.06260962,0.43422094,0.0096744
1710,0.49550977,0.15325308,0.14870287,0.103491545,0.34680688,0.049761534
1711,0.4925591,0.07558892,0.08178667,0.058547735,0.41077244,0.017041184
1712,0.4158751,0.09455327,0.13221614,0.082615584,0.28365898,0.011937685
1713,0.4302829,0.06958334,0.10743226,0.07690277,0.32285064,-0.007319428
1714,0.40767276,0.09519652,0.11132679,0.08478457,0.29634598,0.010411955
1715,0.45097643,0.0676203,0.10347592,0.07394655,0.3475005,-0.0063262507
1716,0.30445725,0.03948184,0.0539086,0.0343222,0.25054866,0.0051596425
1717,0.51492256,0.059224382,0.066260666,0.044046596,0.4486619,0.015177786
1718,0.27624017,0.051108293,0.087473944,0.06670003,0.18876623,-0.015591733
1719,0.5855387,0.10266419,0.12461213,0.09143949,0.46092656,0.011224695
1720,0.5009031,0.057709023,0.07611253,0.050181463,0.4247906,0.00752756
1721,0.5937309,0.04855003,0.05488924,0.03862156,0.53884166,0.009928469
1722,0.4695583,0.042286564,0.06991806,0.04845326,0.39964023,-0.0061666965
1723,0.54328924,0.1502454,0.14377919,0.08978405,0.39951006,0.06046135
1724,0.44430616,0.08647034,0.12183635,0.069160864,0.32246983,0.01730948
1725,0.5064684,0.07742865,0.09715013,0.070672825,0.40931827,0.0067558214
1726,0.5113365,0.055501554,0.07370017,0.061466657,0.43763635,-0.0059651025
1727,0.3431044,0.12108939,0.14299807,0.09354124,0.20010632,0.02754815
1728,0.24695736,0.059334762,0.07594977,0.05129704,0.17100759,0.008037724
1729,0.28338203,0.07128629,0.07648711,0.054404773,0.20689492,0.016881518
1730,0.375229,0.086554796,0.09050962,0.06584591,0.28471938,0.020708889
1731,0.42132849,0.08107183,0.09453313,0.07347076,0.32679534,0.007601075
1732,0.57584685,0.09599799,0.16109277,0.11465597,0.4147541,-0.018657982
1733,0.4551966,0.05359858,0.09092594,0.057276603,0.36427066,-0.0036780238
1734,0.4061501,0.07375961,0.11240647,0.08404395,0.29374364,-0.010284342
1735,0.45491284,0.032630272,0.09705223,0.058341946,0.35786062,-0.025711674
1736,0.43088043,0.058509193,0.09233816,0.071239166,0.33854228,-0.012729973
1737,0.36330014,0.07917753,0.09310832,0.0675662,0.27019182,0.0116113275
1738,0.37542656,0.034394942,0.050448872,0.034856535,0.3249777,-0.00046159327
1739,0.3315355,0.045821346,0.07939022,0.045377668,0.25214526,0.00044367835
1740,0.50883985,0.07073901,0.08184144,0.05987872,0.4269984,0.010860287
1741,0.5488815,0.040076517,0.055617824,0.042729508,0.49326366,-0.0026529916
1742,0.47602004,0.08081535,0.0991304,0.07092979,0.37688965,0.009885564
1743,0.48768434,0.06860324,0.07450428,0.0528499,0.41318005,0.01575334
1744,0.49230254,0.058429416,0.13003165,0.076333016,0.3622709,-0.0179036
1745,0.45867246,0.11107712,0.11733603,0.08429733,0.34133643,0.026779793
1746,0.5170398,0.04052116,0.052576642,0.040758815,0.46446314,-0.0002376549
1747,0.4514685,0.061371434,0.07813979,0.050837453,0.37332872,0.010533981
1748,0.46899274,0.10989899,0.12411639,0.09740032,0.34487635,0.012498669
1749,0.5834708,0.09182514,0.13310415,0.100647,0.45036668,-0.00882186
1750,0.4891557,0.050493214,0.082587406,0.06408961,0.4065683,-0.013596397
1751,0.3876024,0.06395159,0.0912851,0.070903696,0.29631728,-0.006952107
1752,0.5297372,0.09189043,0.123791605,0.085517496,0.40594557,0.006372936
1753,0.47879523,0.100906014,0.09795849,0.07012796,0.38083673,0.030778058
1754,0.42636448,0.061027378,0.075157866,0.056427576,0.3512066,0.004599802
1755,0.4939808,0.1055974,0.11988133,0.08816637,0.37409946,0.017431028
1756,0.60699296,0.073183164,0.11091307,0.07590635,0.4960799,-0.0027231872
1757,0.5760719,0.055784404,0.11810545,0.0864001,0.45796648,-0.030615695
1758,0.5914606,0.07599484,0.10577515,0.081082776,0.48568544,-0.0050879344
1759,0.35026264,0.040631544,0.06265027,0.04574282,0.28761238,-0.005111277
1760,0.3979316,0.07046802,0.10144166,0.074557625,0.29648995,-0.0040896013
1761,0.6523918,0.081088044,0.09516546,0.06922078,0.5572263,0.011867262
1762,0.64536494,0.056057908,0.11207893,0.073423415,0.53328604,-0.017365508
1763,0.4298868,0.03853986,0.065280534,0.04593072,0.36460626,-0.0073908605
1764,0.56183547,0.072625615,0.13374694,0.09515836,0.42808855,-0.022532746
1765,0.3942896,0.07735328,0.07728801,0.056789532,0.3170016,0.020563744
1766,0.4678486,0.084347926,0.07206129,0.0491706,0.3957873,0.035177328
1767,0.5549876,0.12117312,0.108784236,0.0835709,0.44620338,0.037602223
1768,0.18633802,0.03646679,0.032561615,0.020644229,0.1537764,0.01582256
1769,0.4454948,0.07825072,0.11252949,0.08066467,0.3329653,-0.0024139509
1770,0.44083914,0.074378975,0.09396629,0.06743324,0.34687287,0.0069457367
1771,0.3557557,0.055420432,0.07957334,0.053314768,0.27618235,0.0021056645
1772,0.46581647,0.061388716,0.095111944,0.061480083,0.37070453,-9.136647e-05
1773,0.4316695,0.0734494,0.0853364,0.052183017,0.3463331,0.021266386
1774,0.50774455,0.08793677,0.11868759,0.082301654,0.38905695,0.0056351125
1775,0.504709,0.033414014,0.08582503,0.058859058,0.41888398,-0.025445044
1776,0.4508435,0.058535732,0.07674819,0.05973105,0.37409532,-0.001195319
1777,0.37830326,0.09337883,0.089368924,0.06487842,0.28893435,0.028500408
1778,0.5067694,0.04891798,0.0861847,0.06159415,0.4205847,-0.012676172
1779,0.43332815,0.080677085,0.07502422,0.054490875,0.35830393,0.02618621
1780,0.50666255,0.12798196,0.1315529,0.097706705,0.37510964,0.030275255
1781,0.6687014,0.14019246,0.15047538,0.10862363,0.518226,0.031568833
1782,0.5752157,0.13988186,0.11226478,0.08153214,0.46295092,0.05834972
1783,0.49971923,0.06314,0.09679082,0.07156363,0.4029284,-0.008423634
1784,0.46662417,0.08771221,0.09648006,0.07220788,0.37014413,0.01550433
1785,0.5146606,0.034867432,0.08897825,0.05127547,0.42568234,-0.016408037
1786,0.4163529,0.08304791,0.08949375,0.064670146,0.32685915,0.018377766
1787,0.5896844,0.16210224,0.117911585,0.07458858,0.47177285,0.087513655
1788,0.51472765,0.0720019,0.098893754,0.07733388,0.4158339,-0.0053319857
1789,0.45421728,0.067535244,0.11479825,0.0800318,0.33941904,-0.012496553
1790,0.47912773,0.08616359,0.11427572,0.087073915,0.364852,-0.00091032684
1791,0.4815437,0.043554574,0.07922571,0.059512652,0.40231797,-0.015958078
1792,0.18940467,0.022576135,0.032432564,0.022199092,0.15697211,0.00037704222
1793,0.43691805,0.09548954,0.076595105,0.055537775,0.36032295,0.039951764
1794,0.58437,0.1546881,0.16569595,0.12002825,0.41867405,0.034659855
1795,0.33552766,0.04966092,0.07945721,0.05584805,0.25607044,-0.0061871298
1796,0.37656027,0.06470176,0.09129936,0.07234159,0.28526092,-0.007639833
1797,0.399844,0.1022207,0.11770049,0.07581155,0.2821435,0.02640915
1798,0.41037515,0.081177436,0.095234014,0.072628416,0.31514114,0.00854902
1799,0.41420767,0.040940147,0.0769988,0.05378708,0.33720887,-0.012846932
1800,0.6227323,0.121583,0.15158147,0.108806446,0.47115082,0.012776554
1801,0.5675474,0.17396206,0.17452514,0.12742677,0.39302224,0.046535283
1802,0.42494938,0.10004151,0.11509991,0.08473376,0.30984947,0.015307747
1803,0.4424621,0.085640244,0.10083187,0.074223794,0.34163022,0.01141645
1804,0.35172063,0.050122425,0.0710435,0.03985957,0.28067714,0.010262854
1805,0.50786597,0.038236298,0.094429076,0.05344296,0.4134369,-0.015206661
1806,0.54199606,0.06915055,0.103031375,0.06980425,0.4389647,-0.00065369904
1807,0.50165,0.068517216,0.10440558,0.074629195,0.3972444,-0.0061119795
1808,0.58199036,0.083528735,0.114358865,0.07997499,0.4676315,0.0035537481
1809,0.5217724,0.133201,0.14007415,0.1064524,0.38169825,0.026748605
1810,0.40993848,0.03117183,0.06507024,0.044259835,0.34486824,-0.013088005
1811,0.32175553,0.042697795,0.058799434,0.046175227,0.26295608,-0.0034774318
1812,0.63258946,0.0855372,0.11026873,0.078099154,0.52232075,0.0074380487
1813,0.47617644,0.09681555,0.096246,0.07156477,0.37993044,0.025250778
1814,0.49253654,0.053056944,0.0664896,0.048229575,0.42604694,0.004827369
1815,0.4550635,0.05681031,0.08043484,0.05882123,0.37462866,-0.0020109229
1816,0.32818726,0.06844587,0.118989676,0.08941071,0.20919758,-0.020964839
1817,0.46577978,0.05455168,0.07326234,0.054228462,0.39251745,0.00032321736
1818,0.61730236,0.09098641,0.12289436,0.08437054,0.494408,0.0066158697
1819,0.55595535,0.10031807,0.1283577,0.08607587,0.42759764,0.014242195
1820,0.41561636,0.0773075,0.10853186,0.07202844,0.3070845,0.0052790567
1821,0.44657326,0.058575578,0.07854364,0.058868285,0.36802962,-0.00029270723
1822,0.37380695,0.077361226,0.090926744,0.059154887,0.28288022,0.01820634
1823,0.4841597,0.07636189,0.079765454,0.057470158,0.40439427,0.01889173
1824,0.5746773,0.081186265,0.0986279,0.07813519,0.4760494,0.0030510724
1825,0.50066423,0.051737893,0.09292498,0.06329722,0.40773925,-0.011559326
1826,0.4659436,0.06345788,0.1252653,0.090191536,0.3406783,-0.02673366
1827,0.48469433,0.0765698,0.09022084,0.05716596,0.3944735,0.019403841
1828,0.64775956,0.13843262,0.12077625,0.08732077,0.5269833,0.051111855
1829,0.5871609,0.106736876,0.13938147,0.097496405,0.44777942,0.009240471
1830,0.7570555,0.06624366,0.12740992,0.08878691,0.6296456,-0.022543244
1831,0.4271726,0.10542146,0.13056232,0.09098098,0.2966103,0.014440484
1832,0.44818017,0.07532985,0.11045551,0.07000568,0.33772466,0.00532417
1833,0.46070898,0.07472929,0.09436796,0.066891156,0.36634102,0.007838137
1834,0.34406063,0.04567451,0.07715779,0.049656607,0.26690283,-0.003982097
1835,0.6026979,0.10798729,0.1599761,0.114275925,0.4427218,-0.0062886328
1836,0.47971725,0.07122005,0.0755815,0.05921938,0.40413576,0.012000669
1837,0.47825563,0.063973926,0.110071875,0.080575906,0.36818376,-0.01660198
1838,0.5043335,0.08905819,0.1084143,0.07209566,0.3959192,0.016962528
1839,0.44947186,0.086107135,0.09834365,0.071229585,0.35112822,0.01487755
1840,0.42376277,0.039278112,0.047116548,0.037614927,0.37664622,0.0016631857
1841,0.48183212,0.08342026,0.10030179,0.07569096,0.38153034,0.0077292994
1842,0.7217809,0.040287443,0.1015598,0.068250716,0.6202211,-0.027963273
1843,0.42415947,0.059457187,0.08140524,0.053755783,0.34275424,0.005701404
1844,0.7099476,0.035148434,0.048771214,0.037562408,0.6611764,-0.0024139732
1845,0.43884802,0.07518688,0.10555403,0.07572848,0.33329397,-0.00054160506
1846,0.48166895,0.061410353,0.09959143,0.0717302,0.38207752,-0.010319844
1847,0.41630837,0.06034398,0.09136115,0.060438123,0.32494724,-9.414181e-05
1848,0.5034995,0.070833534,0.10420401,0.07410549,0.3992955,-0.0032719597
1849,0.34050223,0.036661092,0.083467856,0.049113177,0.25703436,-0.012452085
1850,0.43779096,0.07318473,0.10996857,0.080602214,0.3278224,-0.007417485
1851,0.37539035,0.053980693,0.07673167,0.054444432,0.29865867,-0.00046373904
1852,0.47857523,0.07577429,0.13316233,0.079466626,0.3454129,-0.0036923364
1853,0.4804339,0.02661507,0.08958373,0.053686377,0.3908502,-0.027071306
1854,0.581079,0.041273266,0.06949665,0.045838073,0.5115824,-0.004564807
1855,0.37489268,-0.00050679233,0.028299041,0.016020328,0.34659365,-0.01652712
1856,0.43746814,0.10440387,0.1324736,0.10239568,0.30499452,0.0020081848
1857,0.47213772,0.12793103,0.15569979,0.10871717,0.31643793,0.019213855
1858,0.38100818,0.050972037,0.08409517,0.057986885,0.296913,-0.0070148483
1859,0.49696288,0.07948601,0.12597342,0.088364355,0.37098944,-0.008878343
1860,0.52150047,0.07631697,0.103827894,0.066708416,0.41767257,0.009608552
1861,0.5370528,0.12531562,0.14508313,0.10060286,0.39196968,0.024712764
1862,0.56177723,0.093636334,0.12241168,0.089273036,0.43936557,0.0043632984
1863,0.42009097,0.035177868,0.07031753,0.05145357,0.34977344,-0.016275704
1864,0.39676687,0.09451949,0.111950055,0.08508791,0.2848168,0.009431578
1865,0.48520207,0.049273904,0.066057555,0.046352435,0.4191445,0.0029214695
1866,0.3416424,0.033360336,0.06523819,0.04223185,0.2764042,-0.008871514
1867,0.4110241,0.0944325,0.114892095,0.083566286,0.296132,0.010866217
1868,0.43459317,0.05159226,0.08567714,0.0642875,0.34891602,-0.012695238
1869,0.3797094,0.07401389,0.0834637,0.06354842,0.2962457,0.0104654655
1870,0.5181831,0.06887766,0.10664178,0.07221529,0.41154134,-0.0033376291
1871,0.49001417,0.08329387,0.111504346,0.08442732,0.37850982,-0.0011334494
1872,0.50432,0.10290524,0.09527462,0.06646771,0.4090454,0.036437534
1873,0.6187931,0.065842345,0.09505915,0.065485545,0.5237339,0.00035680085
1874,0.5255671,0.08708247,0.11361883,0.08368189,0.4119483,0.003400579
1875,0.452696,0.06563421,0.0914001,0.061640576,0.36129588,0.003993638
1876,0.5416093,0.03857658,0.0797851,0.058071896,0.46182418,-0.019495316
1877,0.543416,0.14639772,0.16690052,0.12461924,0.3765155,0.021778487
1878,0.42285317,0.08134034,0.091455184,0.070371635,0.33139798,0.0109687075
1879,0.36564565,0.071171865,0.06722381,0.049360175,0.29842183,0.02181169
1880,0.4528175,0.08511305,0.10445916,0.073349774,0.34835833,0.011763275
1881,0.18242995,0.010651915,0.033457424,0.022050178,0.14897253,-0.011398262
1882,0.4690972,0.07185334,0.07469958,0.050596192,0.39439762,0.021257147
1883,0.51547927,0.05867489,0.08127791,0.057326306,0.43420136,0.0013485849
1884,0.1698646,0.01713702,0.03292211,0.022919528,0.13694248,-0.0057825074
1885,0.41028672,0.05493418,0.090821646,0.06978013,0.31946507,-0.014845952
1886,0.6105506,0.14281042,0.17098245,0.12503074,0.43956813,0.017779678
1887,0.5499493,0.10868661,0.12974915,0.09837237,0.42020014,0.010314241
1888,0.58105385,0.07345112,0.09917335,0.07159447,0.4818805,0.0018566474
1889,0.51198596,0.09800263,0.103249446,0.07014439,0.40873653,0.027858235
1890,0.2799112,0.052753188,0.053779308,0.037093006,0.22613189,0.015660182
1891,0.5986572,0.06268562,0.09654916,0.07203031,0.50210804,-0.009344697
1892,0.34264696,0.04860814,0.07327203,0.050450627,0.26937494,-0.0018424876
1893,0.53666997,0.07395583,0.08462913,0.053431977,0.45204085,0.02052385
1894,0.22950083,0.03722192,0.060752336,0.03872388,0.1687485,-0.0015019588
1895,0.5072426,0.080290385,0.104014866,0.069080666,0.40322775,0.011209719
1896,0.33519667,0.034326542,0.08045271,0.049963154,0.25474396,-0.015636612
1897,0.3817818,0.04494117,0.06527769,0.047813393,0.3165041,-0.002872225
1898,0.5757482,0.055599082,0.10645227,0.06939371,0.46929592,-0.013794627
1899,0.22444297,0.03070899,0.04579294,0.034910213,0.17865004,-0.004201224
1900,0.5657023,0.07878282,0.09099085,0.06382773,0.47471148,0.0149550885
1901,0.46006706,0.06405674,0.08256927,0.060456537,0.3774978,0.0036002025
1902,0.54131114,0.070208766,0.10327289,0.077580184,0.43803826,-0.007371418
1903,0.38713625,0.049892157,0.07288202,0.05029002,0.31425422,-0.000397861
1904,0.64949226,0.11086815,0.14119461,0.09806242,0.5082977,0.01280573
1905,0.51517373,0.04593096,0.0807421,0.047882542,0.43443164,-0.0019515827
1906,0.58482456,0.08477994,0.11555483,0.086663015,0.46926972,-0.0018830746
1907,0.35498893,0.10322619,0.098405145,0.0746702,0.25658378,0.02855599
1908,0.5979938,0.06992072,0.1269777,0.08901256,0.4710161,-0.019091845
1909,0.46041,0.07017221,0.12354708,0.081148244,0.33686292,-0.010976031
1910,0.3730806,0.08709414,0.08837028,0.06878477,0.28471035,0.01830937
1911,0.4386891,0.11767448,0.14749825,0.10418716,0.29119086,0.013487317
1912,0.4913865,0.07985746,0.10592454,0.070381686,0.38546196,0.009475775
1913,0.50894284,0.12312318,0.12844145,0.09156669,0.3805014,0.031556487
1914,0.59127825,0.11482086,0.11584194,0.08719103,0.47543633,0.02762983
1915,0.5245949,0.0825211,0.095442556,0.07426019,0.42915234,0.008260913
1916,0.3987958,0.08382624,0.09296958,0.06732897,0.30582625,0.01649727
1917,0.58645713,0.082569815,0.13675423,0.09024182,0.44970292,-0.0076720044
1918,0.44454676,0.08006716,0.10227823,0.07819269,0.34226853,0.0018744692
1919,0.3852292,0.09012386,0.091483615,0.06082497,0.29374558,0.02929889
1920,0.5438345,0.07664317,0.116738215,0.076409616,0.4270963,0.00023355335
1921,0.41037712,0.06710232,0.096651986,0.06485126,0.3137251,0.0022510588
1922,0.56856155,0.042327523,0.10844969,0.06765169,0.46011186,-0.025324166
1923,0.17693426,0.010268126,0.02424841,0.016587056,0.15268585,-0.0063189305
1924,0.54447925,0.05893867,0.09947408,0.07229651,0.44500518,-0.013357837
1925,0.3820378,0.05510219,0.08408638,0.06193389,0.2979514,-0.006831702
1926,0.4168163,0.06396944,0.086453006,0.06451388,0.33036327,-0.0005444363
1927,0.3848303,0.09376491,0.09073248,0.06941974,0.2940978,0.024345167
1928,0.5284272,0.07550097,0.12208346,0.083405025,0.40634373,-0.007904053
1929,0.5049789,0.07916121,0.08972128,0.06486775,0.41525763,0.014293462
1930,0.4980627,0.09728521,0.09077921,0.070959374,0.40728348,0.026325837
1931,0.3543203,0.08268886,0.08191568,0.053438712,0.2724046,0.029250149
1932,0.50029135,0.11158751,0.08492322,0.058505923,0.41536814,0.053081587
1933,0.23928173,0.042481184,0.091447696,0.059007574,0.14783403,-0.01652639
1934,0.50818866,0.09297387,0.10095331,0.069327414,0.40723535,0.023646459
1935,0.55868274,0.05134197,0.09475497,0.07040576,0.46392778,-0.01906379
1936,0.21405838,0.032717448,0.030448886,0.021736113,0.1836095,0.010981334
1937,0.44268247,0.06089723,0.07631399,0.052367896,0.36636847,0.008529335
1938,0.546742,0.099518105,0.09172388,0.07095501,0.45501813,0.028563097
1939,0.21672781,0.015907714,0.036117848,0.018848464,0.18060996,-0.0029407497
1940,0.39989442,0.027708877,0.062374216,0.045978747,0.3375202,-0.01826987
1941,0.4331348,0.06505629,0.08576059,0.05593622,0.3473742,0.009120066
1942,0.44238466,0.077075265,0.1329261,0.08824318,0.30945855,-0.011167914
1943,0.6518991,0.0602609,0.07192648,0.050534457,0.5799726,0.009726442
1944,0.5378506,0.12111038,0.09745902,0.07083749,0.4403916,0.05027289
1945,0.6096675,0.08461215,0.12045471,0.08543617,0.48921275,-0.0008240193
1946,0.5134528,0.10417971,0.12861903,0.09811588,0.3848338,0.006063834
1947,0.47096068,0.08863478,0.09198164,0.07108272,0.37897903,0.017552063
1948,0.4241153,0.033640455,0.09113635,0.05687679,0.33297896,-0.023236334
1949,0.46547264,0.052155107,0.11192726,0.08014225,0.35354537,-0.027987145
1950,0.40999612,0.08561543,0.09817336,0.06769428,0.31182277,0.01792115
1951,0.57651716,0.09362415,0.14027499,0.10231325,0.43624216,-0.008689098
1952,0.48924696,0.06606663,0.08820317,0.06098265,0.4010438,0.005083982
1953,0.47601065,0.06817653,0.12443017,0.06755064,0.35158047,0.0006258935
1954,0.4264136,0.07623401,0.09023268,0.06466624,0.33618093,0.011567771
1955,0.39396465,0.040821113,0.05435791,0.03773791,0.33960673,0.003083203
1956,0.55644673,0.06448088,0.077359416,0.054816704,0.47908732,0.009664174
1957,0.511415,0.0672178,0.108901255,0.07331024,0.40251374,-0.006092444
1958,0.49839246,0.05531323,0.08334671,0.057210848,0.41504574,-0.0018976182
1959,0.46797955,0.0146036185,0.04317078,0.029198384,0.42480877,-0.014594765
1960,0.53689295,0.089679495,0.13418706,0.08771643,0.4027059,0.001963064
1961,0.48554456,0.05583957,0.1090374,0.06769413,0.37650716,-0.011854559
1962,0.57081306,0.05080714,0.0835443,0.05524722,0.48726875,-0.0044400804
1963,0.47557977,0.078124665,0.10235092,0.077918634,0.37322885,0.0002060309
1964,0.5786029,0.1065394,0.11694414,0.08878504,0.46165878,0.017754361
1965,0.5005626,0.050508197,0.098769724,0.06647214,0.40179288,-0.015963946
1966,0.4318783,0.0862349,0.098544225,0.070129365,0.3333341,0.016105533
1967,0.45338842,0.083774656,0.10547452,0.07146702,0.34791392,0.012307636
1968,0.61448854,0.05678092,0.06468215,0.0415208,0.5498064,0.015260119
1969,0.69751006,0.124154314,0.13224028,0.10073605,0.56526977,0.023418263
1970,0.52725565,0.065319866,0.08799869,0.062914565,0.43925697,0.0024053007
1971,0.4917206,0.03609726,0.07569323,0.04957601,0.41602737,-0.013478752
1972,0.44478273,0.10965457,0.09779672,0.07232501,0.346986,0.037329555
1973,0.4654869,0.04109715,0.0713039,0.047350105,0.394183,-0.0062529556
1974,0.56287265,0.11493274,0.14607395,0.10486064,0.4167987,0.010072097
1975,0.27279052,0.03326732,0.029461406,0.02222344,0.24332911,0.011043878
1976,0.5166721,0.052534923,0.10540362,0.07478831,0.41126847,-0.022253387
1977,0.48273322,0.06210629,0.09017129,0.0674079,0.3925619,-0.0053016096
1978,0.42935804,0.07336845,0.09327927,0.06574551,0.33607876,0.0076229423
1979,0.48022363,0.044782996,0.09248427,0.05442619,0.38773936,-0.009643193
1980,0.592243,0.123982444,0.13018294,0.09279831,0.4620601,0.031184137
1981,0.39521575,0.083876304,0.094576254,0.0668776,0.3006395,0.0169987
1982,0.5523269,0.09363907,0.11256119,0.082874976,0.43976572,0.010764092
1983,0.56707996,0.07210155,0.12817791,0.08968761,0.43890205,-0.01758606
1984,0.4417887,0.07011551,0.10000983,0.0718351,0.34177887,-0.001719594
1985,0.45212683,0.09125494,0.09561256,0.070902966,0.35651428,0.020351976
1986,0.52272123,0.08836612,0.110465296,0.08639166,0.41225594,0.0019744635
1987,0.295136,0.03407513,0.060361594,0.042273093,0.23477441,-0.008197963
1988,0.5063614,0.06676029,0.10527208,0.07282609,0.40108934,-0.006065801
1989,0.41824576,0.08709572,0.13292639,0.08923875,0.2853194,-0.0021430254
1990,0.384291,0.04885799,0.07532622,0.05379813,0.3089648,-0.004940141
1991,0.59602094,0.06522454,0.09790639,0.061334472,0.49811456,0.003890071
1992,0.41242865,0.089978516,0.097193554,0.07890657,0.31523508,0.011071943
1993,0.57464635,0.033424985,0.060213022,0.033977035,0.5144333,-0.00055205077
1994,0.46592742,0.013520587,0.027690042,0.019306317,0.43823737,-0.0057857297
1995,0.49698323,0.061669055,0.0876303,0.06526158,0.40935293,-0.0035925247
1996,0.5167591,0.051837593,0.085991405,0.060976908,0.4307677,-0.009139314
1997,0.35580575,0.16249892,0.093855746,0.067138426,0.26195002,0.095360495
1998,0.4298139,0.06635047,0.08954531,0.06567115,0.34026858,0.00067931414
1999,0.4011754,0.08160003,0.08950785,0.06778353,0.31166756,0.013816506
2000,0.5087322,0.04822132,0.094217636,0.06383667,0.41451457,-0.0156153515
2001,0.36178398,0.05752718,0.08290649,0.05541955,0.2788775,0.0021076314
2002,0.5250693,0.06492661,0.11639346,0.084273145,0.40867585,-0.019346535
2003,0.42643896,0.041927945,0.09371767,0.06424161,0.3327213,-0.022313666
2004,0.45134813,0.05016781,0.07342391,0.058389425,0.3779242,-0.008221615
2005,0.7441923,0.10041079,0.14437678,0.10627737,0.5998155,-0.0058665797
2006,0.39690825,0.07294061,0.12847286,0.08989069,0.2684354,-0.016950078
2007,0.45381054,0.11937647,0.15887327,0.11444825,0.29493725,0.004928224
2008,0.2598239,0.054699257,0.07348084,0.05141091,0.18634304,0.0032883473
2009,0.43138352,0.075536534,0.08088954,0.049625408,0.35049397,0.025911126
2010,0.52121,0.109498575,0.114676915,0.086404525,0.4065331,0.02309405
2011,0.39211005,0.03906284,0.0752692,0.04998579,0.31684086,-0.01092295
2012,0.30692652,0.06463182,0.08134802,0.054789826,0.2255785,0.009841993
2013,0.4202858,0.03594953,0.07078346,0.050269052,0.34950233,-0.014319524
2014,0.38061604,0.0487918,0.08054567,0.05770019,0.30007038,-0.008908391
2015,0.46391326,0.056431245,0.100932114,0.07075881,0.36298114,-0.014327567
2016,0.6064913,0.08479375,0.092110746,0.065711595,0.5143806,0.019082151
2017,0.45325512,0.072603166,0.09022891,0.058695707,0.3630262,0.013907459
2018,0.5442021,0.075740285,0.08784513,0.05443325,0.45635694,0.021307036
2019,0.54402643,0.043792572,0.077282384,0.053982873,0.46674407,-0.010190301
2020,0.44856456,0.07694867,0.08469779,0.055994183,0.36386678,0.02095449
2021,0.5196165,0.06294977,0.08276337,0.063945696,0.4368531,-0.0009959266
2022,0.5106767,0.039887697,0.067779176,0.045463074,0.4428975,-0.0055753775
2023,0.37638736,0.053825285,0.08149464,0.06316187,0.29489273,-0.009336587
2024,0.45530376,0.09001218,0.108800344,0.08210451,0.3465034,0.007907666
2025,0.5536457,0.048910744,0.09143423,0.06735167,0.46221143,-0.018440925
2026,0.43715188,0.04313898,0.062408697,0.042895418,0.3747432,0.0002435632
2027,0.33471987,0.056880396,0.08198866,0.061844297,0.2527312,-0.004963901
2028,0.4272105,0.028183296,0.057526395,0.03586768,0.3696841,-0.0076843835
2029,0.3820386,0.09597732,0.09126914,0.067131445,0.29076946,0.028845876
2030,0.5275723,0.057196245,0.07501028,0.047855787,0.452562,0.009340458
2031,0.45602906,0.06516317,0.10418606,0.0704082,0.351843,-0.00524503
2032,0.5075119,0.122908436,0.14674558,0.10559729,0.36076635,0.017311148
2033,0.5234915,0.08109395,0.1123279,0.080973126,0.4111636,0.000120826066
2034,0.53942156,0.021713864,0.08914182,0.05780537,0.45027974,-0.036091506
2035,0.47643384,0.09039794,0.08186808,0.054504458,0.39456576,0.03589348
2036,0.52926654,0.0812294,0.10157013,0.07651655,0.4276964,0.0047128573
2037,0.47767955,0.07210704,0.1511086,0.11296105,0.32657096,-0.040854007
2038,0.37715548,0.03254881,0.04926721,0.03670629,0.32788828,-0.00415748
2039,0.40566114,0.04237558,0.09412819,0.069266826,0.31153294,-0.026891246
2040,0.44337052,0.07225748,0.068500236,0.05229784,0.3748703,0.01995964
2041,0.36339492,0.06352489,0.06955648,0.047202848,0.29383844,0.016322039
2042,0.618763,0.077003025,0.1266831,0.09219346,0.4920799,-0.015190437
2043,0.51979756,0.08126034,0.12353888,0.08759488,0.39625868,-0.006334543
2044,0.42091233,0.068920046,0.09864827,0.07304572,0.32226405,-0.004125677
2045,0.49993387,0.09482315,0.11942142,0.09123967,0.38051245,0.0035834834
2046,0.45976943,0.09572659,0.11720767,0.08012127,0.34256175,0.015605316
2047,0.56644404,0.11848628,0.1196266,0.08935482,0.44681746,0.029131457
2048,0.49989367,0.07872414,0.10258336,0.074906185,0.39731032,0.0038179532
2049,0.4428019,0.07128507,0.1058725,0.07359639,0.33692938,-0.002311319
2050,0.6748834,0.07571281,0.12799597,0.095286585,0.54688746,-0.019573778
2051,0.4789727,0.1181908,0.11359007,0.09036351,0.36538264,0.027827293
2052,0.3523586,0.050182477,0.086850636,0.05725225,0.26550797,-0.007069774
2053,0.54696995,0.08186461,0.09995472,0.072164424,0.44701523,0.009700187
2054,0.5084503,0.107793935,0.13192278,0.09791878,0.37652755,0.009875156
2055,0.4643549,0.0789339,0.10962155,0.080783755,0.35473335,-0.0018498525
2056,0.5433106,0.07898222,0.100620225,0.07642522,0.44269037,0.002557002
2057,0.606628,0.09080906,0.10998018,0.08593876,0.49664783,0.004870303
2058,0.4377824,0.08885307,0.08504497,0.053299014,0.35273743,0.035554055
2059,0.30684114,0.056549188,0.05840472,0.042788375,0.24843642,0.013760813
2060,0.40446103,0.09995364,0.10617352,0.08045677,0.2982875,0.019496866
2061,0.48471656,0.091594614,0.109887324,0.07674324,0.37482923,0.014851376
2062,0.55721796,0.06866959,0.08497457,0.0593758,0.47224337,0.009293787
2063,0.46271178,0.097962074,0.0995428,0.06619715,0.36316898,0.031764925
2064,0.43388063,0.03513633,0.08717085,0.06278531,0.3467098,-0.027648982
2065,0.51792264,0.09031165,0.12110832,0.09031825,0.39681432,-6.6012144e-06
2066,0.44358787,0.062268626,0.08343006,0.058557034,0.36015782,0.0037115924
2067,0.39678362,0.062260505,0.08901539,0.054526042,0.30776823,0.0077344626
2068,0.42283946,0.0604604,0.094676845,0.06623496,0.3281626,-0.0057745613
2069,0.5304412,0.08422373,0.10495076,0.07882344,0.42549047,0.0054002926
2070,0.3781051,0.06583597,0.09050534,0.06642757,0.28759977,-0.0005916059
2071,0.5504183,0.090272486,0.15320282,0.09487677,0.3972155,-0.0046042874
2072,0.54078317,0.10037257,0.12126251,0.09370943,0.41952065,0.006663136
2073,0.34494954,0.052271213,0.09479024,0.06406536,0.2501593,-0.011794146
2074,0.52178806,0.036405332,0.080156185,0.05231244,0.44163188,-0.015907109
2075,0.48971164,0.096569724,0.11939747,0.08995038,0.37031418,0.0066193417
2076,0.35601217,0.0822089,0.11780338,0.08693566,0.23820879,-0.00472676
2077,0.3566417,0.0682693,0.06895659,0.04860853,0.28768513,0.019660767
2078,0.52180254,0.09481455,0.06665336,0.049686417,0.45514917,0.04512813
2079,0.3543034,0.05261959,0.0827774,0.059036307,0.27152598,-0.0064167157
2080,0.48102894,0.04767468,0.09213133,0.06276772,0.3888976,-0.015093043
2081,0.566889,0.093296975,0.10833283,0.08267208,0.45855618,0.010624893
2082,0.34142756,0.01511449,0.028870985,0.02199685,0.31255656,-0.00688236
2083,0.61085355,0.10382997,0.11201776,0.08353425,0.4988358,0.020295724
2084,0.50265557,0.053340424,0.09605116,0.060482945,0.4066044,-0.0071425214
2085,0.52648556,0.09517766,0.13772981,0.08863944,0.38875574,0.0065382197
2086,0.57744765,0.0743498,0.10116011,0.07743541,0.47628754,-0.0030856133
2087,0.5820982,0.15310057,0.15129541,0.11683557,0.43080276,0.036264993
2088,0.5287498,0.12525548,0.13411078,0.099892266,0.39463905,0.025363214
2089,0.3914099,0.069921665,0.063291416,0.04337921,0.3281185,0.026542455
2090,0.48999614,0.07544577,0.11569201,0.08494401,0.37430412,-0.009498239
2091,0.4639609,0.09970996,0.10944032,0.08023244,0.35452056,0.019477516
2092,0.20833251,0.06384178,0.05974822,0.04263408,0.14858429,0.021207701
2093,0.4511617,0.054131642,0.07172347,0.049205497,0.37943825,0.004926145
2094,0.46525776,0.14307636,0.1474544,0.11919806,0.31780338,0.023878299
2095,0.37088624,0.09502879,0.099631645,0.07335607,0.2712546,0.021672718
2096,0.42894858,0.07784797,0.07625046,0.055435203,0.35269812,0.02241277
2097,0.44632012,0.04512309,0.085855834,0.06324225,0.36046427,-0.01811916
2098,1.0199777,-0.005558691,0.03342318,0.018313184,0.9865545,-0.023871876
2099,0.43430927,0.06797556,0.084528945,0.060408507,0.34978032,0.007567052
2100,0.51966786,0.08901508,0.10911275,0.08028304,0.41055512,0.008732043
2101,0.43397254,0.08127199,0.10364189,0.07815773,0.33033064,0.0031142607
2102,0.6003611,0.086333,0.106051944,0.08581683,0.49430916,0.0005161688
2103,0.60449374,0.026874073,0.06126344,0.040654954,0.5432303,-0.013780881
2104,0.4794105,0.08023,0.0780617,0.058036786,0.4013488,0.022193212
2105,0.5728716,0.03715743,0.069668986,0.04647909,0.5032026,-0.00932166
2106,0.7479517,0.033312377,0.052371815,0.030243635,0.6955799,0.0030687414
2107,0.4062082,0.044508733,0.07264811,0.05101583,0.33356008,-0.0065070987
2108,0.47277585,0.068582974,0.089906275,0.06502678,0.38286957,0.003556192
2109,0.49965972,0.0672165,0.08651424,0.057441406,0.41314548,0.009775095
2110,0.54127085,0.098611526,0.13324046,0.092952855,0.4080304,0.0056586713
2111,0.5121729,0.077839874,0.12309487,0.08426983,0.38907802,-0.0064299554
2112,0.4126118,0.06409661,0.06873999,0.050541025,0.34387183,0.013555583
2113,0.5213723,0.056564584,0.119556054,0.08296264,0.40181625,-0.026398055
2114,0.41022086,0.1295244,0.11608376,0.08387968,0.2941371,0.045644715
2115,0.40766022,0.07328852,0.097839735,0.061398573,0.30982047,0.011889949
2116,0.53985804,0.0849833,0.105338834,0.072859086,0.4345192,0.012124211
2117,0.33709338,0.08691207,0.095146745,0.07328201,0.24194664,0.013630062
2118,0.38197604,0.07129917,0.09750709,0.069543116,0.28446895,0.0017560571
2119,0.5336215,0.09905698,0.15482679,0.112297624,0.3787947,-0.013240643
2120,0.39292172,0.03901302,0.06454372,0.047343746,0.328378,-0.008330725
2121,0.4205379,0.07225803,0.09293745,0.07016266,0.32760045,0.0020953715
2122,0.48725778,0.04018951,0.074481755,0.051727325,0.41277602,-0.011537816
2123,0.49044633,0.09488612,0.108294144,0.081670634,0.3821522,0.013215482
2124,0.57639253,0.08065712,0.13190952,0.09906595,0.444483,-0.018408835
2125,0.43421575,0.110695705,0.07371568,0.04661528,0.36050007,0.064080425
2126,0.50050855,0.069938004,0.08537313,0.05951297,0.4151354,0.010425035
2127,0.37729046,0.045702837,0.07636626,0.047000106,0.30092418,-0.001297269
2128,0.5792349,0.07180213,0.09208195,0.07084716,0.48715293,0.0009549707
2129,0.56044436,0.055924144,0.09188394,0.06792618,0.4685604,-0.01200204
2130,0.4748332,0.058398463,0.0928972,0.06780499,0.38193598,-0.009406529
2131,0.44686437,0.06241276,0.11467512,0.079580076,0.33218926,-0.017167315
2132,0.54916966,0.05256432,0.06501302,0.038625203,0.48415664,0.013939116
2133,0.708606,0.08574434,0.09404294,0.06214454,0.61456305,0.023599803
2134,0.52129346,0.07665022,0.10445911,0.07236287,0.41683435,0.004287347
2135,0.5012067,0.07074314,0.13354649,0.08178441,0.36766022,-0.011041269
2136,0.691511,0.12784602,0.16067748,0.105700165,0.5308335,0.022145852
2137,0.45702642,0.0420175,0.0861691,0.05545035,0.37085733,-0.013432849
2138,0.49564946,0.025870701,0.073162824,0.04534873,0.42248663,-0.019478029
2139,0.49963543,0.070687026,0.09448042,0.066262454,0.405155,0.004424572
2140,0.46548316,0.046205834,0.10660898,0.0654975,0.35887417,-0.01929167
2141,0.36401868,0.028992793,0.0576983,0.0374778,0.30632037,-0.008485006
2142,0.3187716,0.047478832,0.06037767,0.037770793,0.25839394,0.009708039
2143,0.4369669,0.093426086,0.09562033,0.064492755,0.34134656,0.028933331
2144,0.36169228,0.10233193,0.10743307,0.07654037,0.2542592,0.025791556
2145,0.5361202,0.06662337,0.09743687,0.06944105,0.4386833,-0.002817683
2146,0.61651814,0.053429473,0.10065331,0.065191634,0.51586485,-0.011762161
2147,0.6277123,0.06615299,0.13889937,0.08355491,0.48881292,-0.017401919
2148,0.27736443,0.031096105,0.059184097,0.044351798,0.21818033,-0.013255693
2149,0.62349933,0.026231552,0.048990607,0.03202187,0.5745087,-0.0057903174
2150,0.50250816,0.02917907,0.06882517,0.052285567,0.43368298,-0.023106497
2151,0.43524736,0.07942524,0.104009025,0.06481272,0.33123833,0.014612518
2152,0.59882027,0.12792139,0.1673186,0.123194896,0.4315017,0.004726492
2153,0.5933206,0.06875762,0.08733963,0.06367039,0.50598097,0.005087234
2154,0.44496945,0.07118703,0.0935455,0.067457154,0.35142395,0.0037298724
2155,0.45829192,0.07225138,0.08843591,0.060279492,0.369856,0.011971887
2156,0.45076954,0.059709895,0.09013994,0.060972568,0.36062962,-0.0012626722
2157,0.51073486,0.07958703,0.110473916,0.07815319,0.40026093,0.0014338344
2158,0.52040917,0.05590634,0.08609151,0.05665411,0.43431765,-0.0007477701
2159,0.49792415,0.102711976,0.13994211,0.097011834,0.35798204,0.005700141
2160,0.53380114,0.0874715,0.11142986,0.07454684,0.42237127,0.012924664
2161,0.34978452,0.10826556,0.14979233,0.10464223,0.1999922,0.003623329
2162,0.5471724,0.078584425,0.12149198,0.087243736,0.42568046,-0.008659311
2163,0.62121737,0.053390477,0.059068616,0.044648614,0.56214875,0.008741863
2164,0.68061006,0.13781878,0.15641862,0.10238586,0.52419144,0.03543292
2165,0.45304695,0.07438997,0.098926954,0.07466778,0.35412,-0.0002778098
2166,0.4224568,0.058530092,0.07523111,0.05142086,0.3472257,0.0071092322
2167,0.4568203,0.056811128,0.0758818,0.056881,0.3809385,-6.9871545e-05
2168,0.40007344,0.050095458,0.08902877,0.06644092,0.31104466,-0.01634546
2169,0.52665335,0.06753734,0.09007396,0.057154056,0.4365794,0.010383282
2170,0.60488224,0.10914797,0.121156275,0.093049854,0.48372597,0.01609812
2171,0.41779906,0.063817374,0.09109111,0.065754294,0.32670796,-0.00193692
2172,0.63184994,0.09116974,0.106716946,0.07940486,0.525133,0.011764877
2173,0.6401325,0.09360521,0.11289659,0.07819839,0.52723587,0.015406825
2174,0.44630402,0.064132705,0.09117584,0.06135942,0.35512817,0.002773285
2175,0.4122488,0.119414605,0.10683526,0.07956734,0.30541354,0.039847262
2176,0.5670662,0.055252682,0.09067874,0.054418825,0.47638744,0.0008338578
2177,0.48407128,0.040797923,0.061960734,0.047151342,0.42211056,-0.0063534193
2178,0.48428243,0.07534499,0.079116575,0.05025363,0.40516585,0.025091358
2179,0.39949968,0.082933955,0.08194907,0.06611814,0.3175506,0.016815811
2180,0.5026799,0.084651574,0.09204223,0.06674628,0.41063765,0.017905295
2181,0.43622044,0.08049354,0.09904428,0.07243607,0.33717614,0.008057468
2182,0.5498906,0.09691175,0.13394439,0.09721469,0.4159462,-0.0003029406
2183,0.45029503,0.094468415,0.100914314,0.071083784,0.34938073,0.02338463
2184,0.4197853,0.06548095,0.07264264,0.05603848,0.34714264,0.009442467
2185,0.43701318,0.077715546,0.058363657,0.03666663,0.37864953,0.041048914
2186,0.29036137,0.043177918,0.04662116,0.034063708,0.24374022,0.00911421
2187,0.387308,0.044283606,0.06895265,0.049444847,0.31835535,-0.0051612407
2188,0.3666305,0.081137195,0.097895905,0.076011255,0.26873457,0.00512594
2189,0.5411896,0.06730598,0.123734005,0.09139572,0.4174556,-0.024089739
2190,0.5520959,0.09387596,0.116618305,0.090469494,0.43547758,0.003406465
2191,0.4682876,0.08388149,0.11028221,0.08142352,0.35800537,0.002457969
2192,0.3790694,0.094108656,0.10625753,0.08117686,0.27281186,0.012931794
2193,0.34429714,0.049611755,0.06415532,0.041821145,0.28014183,0.00779061
2194,0.73887676,0.17901354,0.17471296,0.13505997,0.5641638,0.043953568
2195,0.4055978,0.04212042,0.0612047,0.0447845,0.3443931,-0.0026640818
2196,0.378338,0.07875764,0.09888807,0.07051086,0.27944994,0.008246787
2197,0.4873542,0.08615991,0.09994803,0.0746293,0.38740617,0.011530608
2198,0.59865457,0.080016315,0.105908416,0.07418116,0.49274614,0.005835153
2199,0.4154486,0.09601521,0.081200935,0.055610042,0.33424768,0.040405165
2200,0.52611876,0.08068915,0.11022158,0.07584183,0.4158972,0.004847318
2201,0.31395927,0.042085025,0.05803714,0.044874173,0.25592214,-0.0027891472
2202,0.5714607,0.064836115,0.08357086,0.05616758,0.48788986,0.008668534
2203,0.38068727,0.062439993,0.07879142,0.056130797,0.30189586,0.0063091964
2204,0.5750229,0.07307857,0.10995348,0.07658282,0.4650694,-0.0035042465
2205,0.53843606,0.056180317,0.113827236,0.07587923,0.42460883,-0.019698914
2206,0.3605256,0.074781336,0.09390907,0.06528047,0.26661652,0.009500869
2207,0.41088802,0.07599446,0.10190418,0.068772025,0.30898383,0.0072224364
2208,0.6897799,0.094029576,0.13481964,0.09923002,0.55496025,-0.0052004457
2209,0.4073337,0.07851818,0.08482593,0.061444506,0.32250777,0.017073676
2210,0.13235345,0.03757878,0.038699083,0.029803274,0.09365437,0.007775506
2211,0.4133256,0.044714905,0.08745831,0.056193925,0.3258673,-0.01147902
2212,0.44800335,0.07400039,0.0951108,0.068229735,0.35289255,0.0057706535
2213,0.5768173,0.082962275,0.11315687,0.08161439,0.46366042,0.0013478845
2214,0.5556631,0.09055029,0.09400602,0.073398225,0.4616571,0.017152064
2215,0.60348266,0.13508539,0.16321078,0.104804605,0.44027188,0.030280784
2216,0.4118734,0.059276395,0.09005292,0.059132945,0.3218205,0.00014344975
2217,0.30353212,0.07069886,0.08185733,0.05604565,0.2216748,0.014653206
2218,0.37590367,0.05531192,0.070955046,0.048709054,0.30494863,0.0066028647
2219,0.4248463,0.0698936,0.08546932,0.05969377,0.339377,0.01019983
2220,0.4526846,0.022563625,0.08279375,0.057329223,0.36989087,-0.034765597
2221,0.19539621,0.01895885,0.037321106,0.029349707,0.15807511,-0.010390857
2222,0.41975382,0.05721594,0.083746254,0.061670065,0.33600757,-0.0044541247
2223,0.47164184,0.07633976,0.10011187,0.07399441,0.37152997,0.002345346
2224,0.73533106,0.2155251,0.18169373,0.14520717,0.5536373,0.07031794
2225,0.48177934,0.05650375,0.06429926,0.046182014,0.41748008,0.010321736
2226,0.55631244,0.08474475,0.08648695,0.05987957,0.4698255,0.02486518
2227,0.46688443,0.08826029,0.11110224,0.080942765,0.3557822,0.007317528
2228,0.35309553,0.034822017,0.040944334,0.029952519,0.3121512,0.0048694983
2229,0.37290698,0.08710879,0.088224955,0.06616806,0.28468204,0.020940728
2230,0.3324051,0.028096767,0.077741645,0.054214284,0.25466344,-0.026117517
2231,0.43856463,0.1209313,0.16613054,0.12176997,0.2724341,-0.0008386746
2232,0.29891533,0.047046315,0.05269722,0.038857386,0.24621812,0.008188929
2233,0.46086642,0.061577745,0.08277063,0.060689792,0.3780958,0.00088795274
2234,0.44805437,0.08614656,0.083097674,0.06375921,0.3649567,0.022387356
2235,0.6246062,0.11681078,0.16758123,0.11950895,0.45702496,-0.0026981756
2236,0.59658587,0.07718717,0.13012874,0.09124184,0.46645713,-0.0140546635
2237,0.32666704,0.07335318,0.084870555,0.06308153,0.2417965,0.010271646
2238,0.6081829,0.06885003,0.087254,0.06092353,0.5209289,0.007926501
2239,0.5466028,0.09886823,0.1312476,0.09356191,0.4153552,0.0053063184
2240,0.6427772,0.07681424,0.10905677,0.081161425,0.53372043,-0.004347183
2241,0.47380787,0.11589032,0.13009334,0.09201574,0.34371454,0.023874573
2242,0.4970641,0.072516724,0.103152506,0.07038381,0.3939116,0.002132915
2243,0.39976385,0.05445469,0.06526536,0.047581412,0.3344985,0.00687328
2244,0.514544,0.08748966,0.11224749,0.08201469,0.4022965,0.0054749697
2245,0.5440355,0.056460887,0.07526915,0.05027306,0.46876633,0.0061878264
2246,0.48589015,0.0754248,0.09967327,0.07050154,0.38621688,0.0049232543
2247,0.4108074,0.08245265,0.08695675,0.06453594,0.32385066,0.01791671
2248,0.48143706,0.05102318,0.0892369,0.06855429,0.39220017,-0.017531108
2249,0.5392686,0.08432824,0.097321466,0.07141339,0.44194716,0.012914851
2250,0.5410769,0.12081717,0.11680304,0.08144052,0.42427385,0.039376646
2251,0.32601744,0.039082065,0.058424897,0.04055744,0.26759255,-0.0014753751
2252,0.5385133,0.06693683,0.08253496,0.057400335,0.45597833,0.009536494
2253,0.56109613,0.061960336,0.08278747,0.05930644,0.47830868,0.0026538968
2254,0.5197802,0.093953334,0.12716302,0.09271397,0.3926172,0.0012393668
2255,0.45913547,0.06374721,0.09471614,0.063907206,0.36441934,-0.00015999377
2256,0.47992486,0.14217128,0.14789647,0.11601083,0.3320284,0.026160449
2257,0.4348336,0.05937393,0.06829133,0.048813954,0.36654225,0.010559976
2258,0.5313512,0.105448656,0.11873852,0.08827738,0.41261268,0.017171279
2259,0.38014692,0.04135895,0.078219935,0.050453983,0.30192697,-0.009095032
2260,0.6757249,0.13351707,0.15576395,0.104024746,0.519961,0.029492326
2261,0.45656806,0.02822757,0.04855476,0.030768503,0.4080133,-0.002540933
2262,0.2899196,0.046665985,0.09024396,0.062226404,0.19967565,-0.015560418
2263,0.4661348,0.054321315,0.09784389,0.068701446,0.3682909,-0.014380131
2264,0.54653805,0.063363,0.09474755,0.062358532,0.4517905,0.0010044686
2265,0.35963088,0.05831812,0.10030266,0.07193485,0.25932822,-0.0136167295
2266,0.48260966,0.042031515,0.06545095,0.050996356,0.41715872,-0.00896484
2267,0.3830021,0.06210014,0.06685582,0.051042724,0.31614628,0.011057414
2268,0.43259746,0.052612282,0.092769355,0.06321868,0.3398281,-0.010606401
2269,0.5199386,0.08912973,0.10991666,0.07103297,0.41002193,0.01809676
2270,0.3960431,0.047467608,0.0785689,0.0485193,0.3174742,-0.0010516904
2271,0.18217836,0.040397067,0.041522946,0.028133612,0.14065541,0.0122634545
2272,0.57731605,0.073398955,0.101738825,0.06888491,0.47557724,0.004514046
2273,0.47936252,0.03051398,0.047883924,0.031041084,0.4314786,-0.00052710436
2274,0.5464746,0.074677974,0.11762106,0.07819957,0.4288535,-0.0035215989
2275,0.38380176,0.05300997,0.0851499,0.06465783,0.29865187,-0.011647861
2276,0.5074861,0.1552792,0.174788,0.1323887,0.3326981,0.022890508
2277,0.46148995,0.08089835,0.083198965,0.06444079,0.37829098,0.016457565
2278,0.5796306,0.084884286,0.10618914,0.06986238,0.47344148,0.015021905
2279,0.16453804,0.030281927,0.03833062,0.028414601,0.12620743,0.001867326
2280,0.4788092,0.076677255,0.12408962,0.08450342,0.35471958,-0.007826164
2281,0.54704356,0.07288804,0.12271424,0.08176214,0.42432934,-0.008874103
2282,0.4153052,0.05280539,0.058159124,0.045991704,0.35714608,0.0068136863
2283,0.57324743,0.07917956,0.11136211,0.077685624,0.46188533,0.0014939383
2284,0.5146692,0.04840367,0.09214043,0.06209837,0.42252874,-0.0136947
2285,0.6044785,0.06595345,0.09014166,0.065598495,0.5143368,0.0003549531
2286,0.5863991,0.1227445,0.12289791,0.09566144,0.46350116,0.027083062
2287,0.32686317,0.045929763,0.056067456,0.04544595,0.2707957,0.00048381463
2288,0.21824463,0.066161245,0.056327954,0.040058374,0.16191667,0.02610287
2289,0.3135491,0.06963958,0.078545034,0.055303693,0.23500407,0.014335886
2290,0.5128491,0.061940715,0.07685942,0.055603568,0.43598968,0.006337147
2291,0.5478251,0.06588531,0.11692108,0.0698829,0.43090403,-0.0039975867
2292,0.45071334,0.10089415,0.13374808,0.08498574,0.31696525,0.015908413
2293,0.44129145,0.05361,0.07100138,0.04616007,0.37029007,0.0074499324
2294,0.43936026,0.1063704,0.10421099,0.070904486,0.3351493,0.03546591
2295,0.54773116,0.058686744,0.089129716,0.059393406,0.45860144,-0.0007066615
2296,0.46099868,0.070476644,0.0850807,0.06604471,0.37591797,0.004431933
2297,0.7156125,0.038806025,0.09387972,0.07345242,0.6217328,-0.034646396
2298,0.43604806,0.07793672,0.101291396,0.080872804,0.33475667,-0.0029360875
2299,0.46487737,0.048414517,0.08035168,0.06145699,0.3845257,-0.013042472
2300,0.76769215,0.0900843,0.15702504,0.11484044,0.6106671,-0.024756141
2301,0.5289023,0.11062637,0.12140591,0.08837876,0.4074964,0.022247612
2302,0.34741244,0.07687079,0.09034546,0.066428505,0.25706697,0.010442287
2303,0.52183735,0.04432441,0.09512494,0.061354216,0.42671242,-0.017029807
2304,0.45494485,0.08428517,0.1088092,0.07293867,0.34613565,0.011346497
2305,0.4061127,0.092341125,0.104738496,0.07670473,0.3013742,0.015636392
2306,0.6304685,0.06849776,0.10675206,0.0735651,0.52371645,-0.005067341
2307,0.5868771,0.061633427,0.08641334,0.06275314,0.5004638,-0.0011197142
2308,0.50093675,0.063075356,0.07758265,0.051979948,0.4233541,0.011095408
2309,0.4317458,0.060357686,0.089215696,0.05869273,0.3425301,0.0016649552
2310,0.43139493,0.03934096,0.06582589,0.04572556,0.36556906,-0.0063846
2311,0.31912798,0.042476833,0.08180479,0.058407646,0.2373232,-0.015930813
2312,0.5030202,0.07885363,0.10161198,0.066254534,0.40140826,0.012599096
2313,0.4937219,0.088652655,0.08948083,0.0670962,0.40424109,0.021556452
2314,0.4635643,0.0709324,0.10170033,0.07384273,0.36186397,-0.0029103234
2315,0.549118,0.113892406,0.09849929,0.07411929,0.45061868,0.039773114
2316,0.40300357,0.09319125,0.12472374,0.08906449,0.27827984,0.004126765
2317,0.425024,0.06915091,0.10073404,0.07413628,0.32428998,-0.0049853697
2318,0.44594398,0.10547276,0.1274437,0.09964928,0.31850028,0.005823478
2319,0.5123102,0.06493385,0.08239254,0.06126371,0.42991766,0.003670141
2320,0.36106154,0.12097731,0.08360421,0.062421367,0.27745733,0.058555946
2321,0.3387394,0.05908218,0.09404304,0.06881404,0.24469635,-0.009731859
2322,0.45116577,0.06678951,0.09834832,0.07618239,0.35281745,-0.00939288
2323,0.47020555,0.031625766,0.07104711,0.046782117,0.39915842,-0.015156351
2324,0.6151257,0.080137655,0.11295149,0.0880348,0.50217426,-0.007897146
2325,0.51761645,0.096835576,0.0885678,0.061775733,0.42904866,0.035059843
2326,0.568813,0.08126324,0.09135471,0.069512635,0.4774583,0.011750601
2327,0.5260249,0.08372043,0.09430209,0.06670196,0.4317228,0.017018467
2328,0.6353006,0.069364056,0.11086284,0.07965898,0.5244377,-0.010294922
2329,0.35443193,0.04902557,0.07286026,0.05209565,0.28157166,-0.0030700825
2330,0.42015415,0.07113412,0.07908004,0.05350297,0.3410741,0.01763115
2331,0.45107904,0.089297384,0.108976506,0.07442111,0.34210253,0.014876276
2332,0.5187091,0.040773697,0.08033065,0.05264148,0.43837848,-0.011867784
2333,0.43090102,0.08721485,0.08423276,0.062480997,0.34666824,0.024733853
2334,0.49413916,0.099371515,0.13998972,0.091926515,0.35414946,0.007445
2335,0.43881896,0.075395085,0.10376426,0.0637743,0.3350547,0.011620782
2336,0.27224672,0.035766836,0.047360398,0.038608987,0.22488633,-0.0028421506
2337,0.5220745,0.04847319,0.08518604,0.054104853,0.4368885,-0.005631663
2338,0.4893448,0.07973397,0.09238525,0.06629295,0.39695954,0.013441019
2339,0.3096198,0.057734378,0.0563864,0.042520437,0.2532334,0.01521394
2340,0.44158438,0.07568531,0.07740951,0.06022256,0.36417487,0.015462749
2341,0.47510442,0.1093279,0.11553032,0.07842688,0.3595741,0.030901015
2342,0.57321304,0.044121064,0.113404125,0.07763291,0.45980892,-0.033511847
2343,0.598289,0.09627761,0.11904535,0.07952936,0.47924367,0.01674825
2344,0.4301406,0.06443538,0.10528367,0.08183064,0.32485694,-0.017395265
2345,0.37251943,0.038824998,0.054582432,0.037625942,0.31793702,0.0011990555
2346,0.3552493,0.057963517,0.061614558,0.047103144,0.2936347,0.010860372
2347,0.47264412,0.06866088,0.08102098,0.06346116,0.39162314,0.0051997155
2348,0.36244965,0.06310506,0.10961271,0.07572277,0.25283694,-0.012617707
2349,0.4833009,0.053481944,0.08735014,0.06433026,0.39595076,-0.010848314
2350,0.50867003,0.068148024,0.11747722,0.09119372,0.3911928,-0.023045696
2351,0.4347908,0.08444688,0.1723893,0.12962802,0.2624015,-0.04518114
2352,0.50309616,0.01776231,0.037810665,0.022362538,0.4652855,-0.004600227
2353,0.29372838,0.02189958,0.051678624,0.033944756,0.24204975,-0.012045177
2354,0.45261264,0.047676563,0.08652596,0.063952506,0.36608666,-0.016275942
2355,0.44536775,0.050390597,0.06491104,0.049122594,0.38045672,0.0012680031
2356,0.54204553,0.07288681,0.08297369,0.060376633,0.45907184,0.012510177
2357,0.50161016,0.13075049,0.11292928,0.083645105,0.38868088,0.047105387
2358,0.40264282,0.07429079,0.08464489,0.071026795,0.31799793,0.003263995
2359,0.59321177,0.08980785,0.10881597,0.074889936,0.4843958,0.014917918
2360,0.3849933,0.059873752,0.09306201,0.061327867,0.2919313,-0.0014541149
2361,0.39597452,0.07922021,0.108115904,0.079639055,0.2878586,-0.00041884184
2362,0.52395296,0.042840924,0.073703356,0.05090189,0.4502496,-0.008060966
2363,0.3666627,0.055745713,0.08759358,0.057328135,0.27906913,-0.0015824214
2364,0.51806545,0.09080204,0.107491754,0.07950843,0.4105737,0.011293612
2365,0.42598587,0.066115156,0.08861377,0.064011455,0.3373721,0.0021037012
2366,0.4054271,0.042442724,0.07381075,0.056370407,0.33161634,-0.013927683
2367,0.5042457,0.08814083,0.11828498,0.08247702,0.38596073,0.005663812
2368,0.48925194,0.100325294,0.12105823,0.0901935,0.36819372,0.010131791
2369,0.3916578,0.09262018,0.09167594,0.07127696,0.29998186,0.021343216
2370,0.3072302,0.042726725,0.07558558,0.05026964,0.23164463,-0.0075429156
2371,0.5783411,0.1068462,0.13103718,0.09557524,0.44730395,0.011270955
2372,0.40158257,0.07713004,0.092724256,0.07009578,0.3088583,0.0070342645
2373,0.48500532,0.092065185,0.08710249,0.057463046,0.39790285,0.03460214
2374,0.62997603,0.09085541,0.13285166,0.094906375,0.49712437,-0.0040509626
2375,0.51550835,0.10273652,0.10496057,0.07387538,0.4105478,0.028861135
2376,0.5548018,0.05449369,0.08607265,0.05968576,0.46872917,-0.0051920675
2377,0.36565062,0.030743463,0.050381485,0.034794763,0.31526914,-0.0040512998
2378,0.43509242,0.09811057,0.0917623,0.065581284,0.34333012,0.032529287
2379,0.5675088,0.052426036,0.097760856,0.0633852,0.46974796,-0.010959167
2380,0.477973,0.059712846,0.08564265,0.06213511,0.39233035,-0.0024222657
2381,0.49187657,0.07953504,0.10012116,0.078422986,0.3917554,0.0011120513
2382,0.47207314,0.0695848,0.08839332,0.06491254,0.3836798,0.004672259
2383,0.57263404,0.06887846,0.093477994,0.05574916,0.47915605,0.013129298
2384,0.3807539,0.07687125,0.09580245,0.061011907,0.28495145,0.015859347
2385,0.46325973,0.10086466,0.09761472,0.075945586,0.365645,0.024919078
2386,0.51992065,0.053707164,0.067787774,0.048351407,0.45213288,0.0053557567
2387,0.4159112,0.086679325,0.10875713,0.07569053,0.30715406,0.010988794
2388,0.48641774,0.061283648,0.106199466,0.06796436,0.38021827,-0.006680712
2389,0.41767454,0.0961482,0.11047426,0.074610725,0.30720028,0.021537475
2390,0.44932213,0.08156929,0.091441624,0.0701005,0.3578805,0.0114687905
2391,0.43253058,0.06176405,0.079281405,0.057655033,0.3532492,0.0041090176
2392,0.45951363,0.055717565,0.091153726,0.06617197,0.36835992,-0.010454401
2393,0.3711511,0.066034034,0.0698082,0.05688671,0.3013429,0.009147324
2394,0.16787997,0.032326743,0.047508396,0.030261569,0.12037157,0.0020651743
2395,0.41022614,0.091460325,0.10531164,0.07727994,0.3049145,0.014180385
2396,0.5447682,0.08245295,0.107467085,0.07399275,0.43730113,0.008460201
2397,0.24859765,0.06618175,0.06571391,0.053775024,0.18288374,0.012406725
2398,0.6145311,0.030480074,0.08635385,0.050598826,0.52817726,-0.020118752
2399,0.3036978,0.052581664,0.05769639,0.04185569,0.24600141,0.010725975
2400,0.52274555,0.092266716,0.12716128,0.096722536,0.3955843,-0.0044558197
2401,0.49193326,0.080088496,0.14123248,0.09263164,0.3507008,-0.012543142
2402,0.5872789,0.07978659,0.11186423,0.08170039,0.47541466,-0.0019138008
2403,0.47785515,0.081930704,0.099668376,0.06919937,0.37818676,0.012731336
2404,0.440808,0.04467819,0.094397046,0.062286038,0.34641096,-0.01760785
2405,0.18219496,0.027570374,0.03562821,0.024497468,0.14656675,0.0030729063
2406,0.40044415,0.08011326,0.10525197,0.06671187,0.29519218,0.013401389
2407,0.38156062,0.06770224,0.08418518,0.06283367,0.29737544,0.0048685744
2408,0.48104402,0.06928693,0.09578287,0.060701758,0.38526115,0.00858517
2409,0.5661542,0.09290922,0.09420319,0.06921608,0.471951,0.023693137
2410,0.4168121,0.073007524,0.07303551,0.051985793,0.34377658,0.021021731
2411,0.5347591,0.06314527,0.105620496,0.0747967,0.4291386,-0.011651427
2412,0.6305875,0.13569294,0.13461451,0.099112436,0.495973,0.036580503
2413,0.3659645,0.053124443,0.06017178,0.043839607,0.30579272,0.009284835
2414,0.48271847,0.056527972,0.06751763,0.054233268,0.41520083,0.0022947043
2415,0.4702256,0.07666142,0.09247272,0.068897665,0.3777529,0.0077637583
2416,0.35806817,0.0532411,0.0867221,0.05765331,0.27134606,-0.0044122115
2417,0.465004,0.06604737,0.100230224,0.07525079,0.36477378,-0.009203419
2418,0.42821756,0.09161645,0.09658272,0.07307324,0.33163485,0.018543214
2419,0.39857242,0.042144254,0.05548739,0.041961145,0.34308502,0.0001831092
2420,0.5020189,0.06721672,0.09561018,0.06633442,0.40640876,0.00088229775
2421,0.42879874,0.060859058,0.10269117,0.07999331,0.32610756,-0.01913425
2422,0.41575396,0.048169024,0.07642417,0.04910868,0.33932978,-0.00093965605
2423,0.5173697,0.09004054,0.09134619,0.060574993,0.42602348,0.029465549
2424,0.4232062,0.095653,0.10700302,0.07620674,0.31620318,0.019446254
2425,0.43330592,0.0856611,0.07396553,0.0542338,0.3593404,0.031427298
2426,0.5017829,0.07325093,0.10616942,0.07357334,0.3956135,-0.00032241642
2427,0.40823513,0.058142398,0.097843304,0.066741645,0.31039184,-0.008599248
2428,0.41559082,0.056021295,0.08502913,0.055215694,0.3305617,0.0008056015
2429,0.44665405,0.106254384,0.1158267,0.08948251,0.33082736,0.016771875
2430,0.37861782,0.07298907,0.092825145,0.06774985,0.28579268,0.0052392185
2431,0.5098201,0.07823377,0.11207598,0.07613303,0.39774412,0.0021007434
2432,0.4412552,0.06773131,0.11066294,0.07530288,0.33059227,-0.007571563
2433,0.50597787,0.057697844,0.094922535,0.0682617,0.41105533,-0.010563854
2434,0.4489465,0.046505876,0.07834517,0.05252091,0.37060133,-0.0060150325
2435,0.46147543,0.11513082,0.14237043,0.10571738,0.319105,0.009413436
2436,0.55470186,0.05779821,0.07602202,0.052655436,0.47867984,0.0051427744
2437,0.45148575,0.088513665,0.101865746,0.07365672,0.34962,0.014856942
2438,0.5057882,0.0932672,0.10274726,0.07231516,0.40304095,0.020952046
2439,0.45477358,0.0652391,0.07227823,0.056280326,0.38249534,0.008958776
2440,0.45247543,0.094506755,0.11703667,0.08253865,0.33543876,0.011968106
2441,0.41568574,0.053849656,0.08342539,0.058131933,0.33226037,-0.004282277
2442,0.63315123,0.11656854,0.13050729,0.0904248,0.50264394,0.026143745
2443,0.3953205,0.060492326,0.07517969,0.05563623,0.3201408,0.0048560947
2444,0.65317917,0.09830752,0.11345791,0.08290167,0.53972125,0.015405849
2445,0.47649923,0.061476853,0.10882474,0.07012931,0.3676745,-0.00865246
2446,0.6286889,0.0035109713,0.033482593,0.017537232,0.59520626,-0.014026261
2447,0.6436099,0.09061405,0.1383302,0.095632546,0.50527966,-0.005018495
2448,0.29312915,0.042069115,0.057987913,0.040542766,0.23514123,0.0015263483
2449,0.45606244,0.082045004,0.10493087,0.07293147,0.35113156,0.009113535
2450,0.4255269,0.08029136,0.09445028,0.06572102,0.33107662,0.0145703405
2451,0.3886321,0.07946229,0.08838951,0.05904903,0.30024257,0.02041326
2452,0.37227595,0.1055052,0.113301106,0.08719454,0.25897485,0.018310659
2453,0.6393656,0.07326787,0.113748826,0.0795941,0.52561677,-0.0063262284
2454,0.49156952,0.06542615,0.08541246,0.060386203,0.40615708,0.0050399452
2455,0.43347216,0.075110756,0.104943424,0.07504669,0.32852873,6.406754e-05
2456,0.33091897,0.04116736,0.060603682,0.040332984,0.2703153,0.0008343756
2457,0.5410183,0.057979174,0.08074907,0.052970823,0.46026924,0.005008351
2458,0.5889614,0.0814915,0.092493,0.06660503,0.49646842,0.014886469
2459,0.46828896,0.09243465,0.10240755,0.07715548,0.3658814,0.015279174
2460,0.5000863,0.05108827,0.06330678,0.047775213,0.43677953,0.0033130571
2461,0.58390135,0.08092886,0.12504958,0.08671491,0.45885175,-0.0057860464
2462,0.5278937,0.08094087,0.09007966,0.06855112,0.43781406,0.012389749
2463,0.4430013,0.10671958,0.10360553,0.07115726,0.33939576,0.03556232
2464,0.44213843,0.032406446,0.0865395,0.057757426,0.35559893,-0.02535098
2465,0.5922036,0.0968197,0.12138093,0.08344856,0.4708227,0.01337114
2466,0.52706,0.091526374,0.104949504,0.07486251,0.42211047,0.016663864
2467,0.4103569,0.10064687,0.0911829,0.07242298,0.319174,0.028223887
2468,0.4729345,0.11370303,0.11934619,0.081154145,0.35358834,0.032548882
2469,0.31037325,0.123668574,0.09860605,0.07360247,0.2117672,0.050066106
2470,0.54588914,0.122597545,0.08479042,0.066631384,0.46109873,0.05596616
2471,0.5889177,0.10065412,0.13231245,0.086081035,0.45660523,0.014573082
2472,0.4422155,0.07349571,0.106054455,0.07998669,0.33616105,-0.006490983
2473,0.2554106,0.055245087,0.05463572,0.038391527,0.2007749,0.01685356
2474,0.35392782,0.07476221,0.07530386,0.05134777,0.27862397,0.02341444
2475,0.5481177,0.0646665,0.09275241,0.06698187,0.4553653,-0.0023153648
2476,0.44217783,0.060626283,0.09010281,0.062139176,0.35207504,-0.0015128925
2477,0.4835054,0.0671084,0.08318445,0.05960044,0.40032095,0.0075079612
2478,0.36978534,0.07147664,0.087573946,0.060447283,0.2822114,0.011029355
2479,0.4891223,0.099199995,0.09861305,0.07845452,0.39050925,0.020745479
2480,0.43607578,0.087530546,0.11905475,0.083604604,0.317021,0.003925942
2481,0.5108079,0.073862456,0.10148898,0.0761182,0.4093189,-0.0022557452
2482,0.44748917,0.10438231,0.10365373,0.07980099,0.34383544,0.024581313
2483,0.34885183,0.06256438,0.088339426,0.058273643,0.2605124,0.004290737
2484,0.66620827,0.14422251,0.18542317,0.1360646,0.4807851,0.008157909
2485,0.43282965,0.03409457,0.081300706,0.055462494,0.35152894,-0.021367926
2486,0.46881452,0.072121896,0.07983354,0.057629522,0.38898098,0.014492374
2487,0.60387135,0.08828165,0.10283287,0.075720854,0.5010385,0.012560792
2488,0.5306935,0.07186113,0.11874077,0.08460593,0.4119527,-0.012744799
2489,0.52409554,0.06859739,0.08730297,0.06583755,0.43679255,0.002759844
2490,0.4656782,0.12879996,0.1621616,0.12328328,0.30351657,0.005516678
2491,0.48743343,0.05807573,0.09905218,0.07144685,0.38838124,-0.013371121
2492,0.5337591,0.06780267,0.09068908,0.06086203,0.44307005,0.006940637
2493,0.38542953,0.04952645,0.058847066,0.038791887,0.32658246,0.010734562
2494,0.30336055,0.09752847,0.08778316,0.05747099,0.2155774,0.040057484
2495,0.42657134,0.07608637,0.07353621,0.04946725,0.35303512,0.026619121
2496,0.5215755,0.07421466,0.08906811,0.057795662,0.4325074,0.016418997
2497,0.44076952,0.058494344,0.09409806,0.06280191,0.34667146,-0.004307568
2498,0.44130558,0.08516775,0.10894679,0.07822471,0.33235878,0.0069430396
2499,0.40330127,0.05764927,0.08322592,0.059008196,0.32007533,-0.0013589263
2500,0.43832415,0.07350168,0.09295699,0.06455435,0.34536716,0.008947328
2501,0.57390904,0.0628598,0.10612364,0.07096687,0.46778542,-0.008107066
2502,0.6812334,0.088691816,0.124968626,0.086628266,0.55626476,0.00206355
2503,0.37126955,0.06668749,0.07408511,0.055891756,0.29718444,0.010795731
2504,0.38088205,0.011540306,0.02594493,0.01904388,0.35493714,-0.007503574
2505,0.34227312,0.060920224,0.08682991,0.063883215,0.25544322,-0.0029629916
2506,0.4157348,0.050241873,0.08988255,0.05469281,0.32585225,-0.004450936
2507,0.52780426,0.12012171,0.15070756,0.10700764,0.3770967,0.013114072
2508,0.39991102,0.10733418,0.1028045,0.07412531,0.2971065,0.03320887
2509,0.4969261,0.124599926,0.15478094,0.110653974,0.34214514,0.013945952
2510,0.54910135,0.076070026,0.085929506,0.05727323,0.46317184,0.018796794
2511,0.48098096,0.0764206,0.09772502,0.06690811,0.38325596,0.009512484
2512,0.46134114,0.040055905,0.070676,0.04592311,0.39066514,-0.0058672056
2513,0.5574597,0.03823027,0.07281837,0.043473616,0.48464134,-0.005243346
2514,0.50385785,0.04945534,0.10010385,0.06826644,0.403754,-0.018811096
2515,0.5522792,0.05516937,0.087725714,0.060840946,0.46455348,-0.0056715757
2516,0.4532279,0.07861595,0.10802088,0.077674344,0.34520704,0.0009416044
2517,0.47975937,0.07813324,0.09627131,0.07018136,0.38348806,0.007951878
2518,0.49125716,0.059257317,0.07005414,0.05044494,0.42120302,0.008812379
2519,0.7127482,0.13560116,0.14716764,0.109838895,0.5655806,0.025762267
2520,0.47083575,0.06761472,0.07450079,0.05752591,0.39633495,0.010088809
2521,0.3984367,0.059683856,0.096788734,0.0665732,0.30164796,-0.006889347
2522,0.53398335,0.09675583,0.10468544,0.07624325,0.42929792,0.02051258
2523,0.4122662,0.050741542,0.06755108,0.04790579,0.34471512,0.0028357506
2524,0.44158754,0.064991675,0.07781345,0.055637103,0.3637741,0.009354573
2525,0.4528442,0.09383887,0.12759721,0.09369615,0.325247,0.00014272332
2526,0.53110313,0.07909706,0.0968461,0.06829405,0.43425703,0.010803014
2527,0.20776214,0.024580225,0.038344245,0.02250824,0.16941789,0.002071986
2528,0.5380784,0.044724558,0.07082822,0.053053893,0.4672502,-0.008329336
2529,0.4196425,0.07827897,0.08348087,0.05811792,0.33616164,0.020161055
2530,0.54846495,0.052174103,0.060891084,0.04092431,0.48757386,0.011249792
2531,0.5463921,0.13570389,0.14216483,0.1016389,0.40422726,0.034064993
2532,0.5544181,0.05723662,0.13247414,0.085638344,0.42194396,-0.028401725
2533,0.5016632,0.117424436,0.13470729,0.09158782,0.36695594,0.025836617
2534,0.56057835,0.0705061,0.09211798,0.060168594,0.46846038,0.010337509
2535,0.60247314,0.06856811,0.08993063,0.058356885,0.5125425,0.010211226
2536,0.37984884,0.07802515,0.09363449,0.07351812,0.28621435,0.0045070276
2537,0.50102097,0.09179514,0.10620203,0.074140914,0.39481893,0.017654225
2538,0.5480543,0.10864711,0.12301937,0.08718825,0.4250349,0.021458857
2539,0.44651476,0.05067325,0.08423029,0.05967094,0.36228448,-0.00899769
2540,0.4337099,0.02518867,0.05970626,0.042070463,0.37400362,-0.016881794
2541,0.617743,0.110748604,0.16381659,0.11626234,0.45392644,-0.005513735
2542,0.7394163,0.09349926,0.117375515,0.08946941,0.6220408,0.0040298477
2543,0.29529822,0.06415349,0.10415104,0.06635332,0.19114718,-0.0021998286
2544,0.47863954,0.04237107,0.10115489,0.067199476,0.37748465,-0.024828408
2545,0.58110785,0.07156587,0.11000024,0.07597284,0.4711076,-0.0044069737
2546,0.46647513,0.09170151,0.12131634,0.088446006,0.3451588,0.0032555014
2547,0.46592623,0.051269796,0.06947525,0.049239144,0.396451,0.002030652
2548,0.46062502,0.062053103,0.06781714,0.04832737,0.3928079,0.0137257315
2549,0.41103792,0.102166995,0.09509294,0.07380309,0.31594497,0.028363906
2550,0.50602186,0.06791667,0.10474051,0.07544527,0.40128136,-0.007528603
2551,0.42365023,0.062376954,0.07319992,0.05324146,0.3504503,0.009135492
2552,0.40768555,0.037616365,0.07743338,0.05980486,0.33025217,-0.022188496
2553,0.4446925,0.059992056,0.08839937,0.059299976,0.3562931,0.0006920807
2554,0.6100464,0.09205013,0.14434892,0.09912124,0.46569747,-0.007071115
2555,0.46948794,0.06750412,0.09324819,0.060321175,0.37623975,0.0071829483
2556,0.5193736,0.07953781,0.09917944,0.06638717,0.42019415,0.01315064
2557,0.40313283,0.049285207,0.08012614,0.053180333,0.3230067,-0.0038951263
2558,0.3648538,0.04961446,0.06477045,0.04885272,0.30008334,0.0007617399
2559,0.5437814,0.07320701,0.11450813,0.084749386,0.42927328,-0.011542372
