feature_idx,seq_effect_obs,struct_effect_obs,seq_effect_shuffle,struct_effect_shuffle,seq_delta,struct_delta
0,0.7971057,0.112485215,0.15822701,0.12005951,0.6388787,-0.0075742975
1,0.6476368,0.035583317,0.07922422,0.056520272,0.56841254,-0.020936955
2,0.5557668,0.047912523,0.06871804,0.053828873,0.48704877,-0.0059163496
3,0.52847135,0.11726093,0.1165544,0.0892145,0.41191694,0.028046437
4,0.42561904,0.04036902,0.11712092,0.08565739,0.3084981,-0.04528837
5,0.41768533,0.10405241,0.10691671,0.075041324,0.3107686,0.029011086
6,0.5689544,0.059459303,0.045248095,0.036830455,0.5237063,0.022628848
7,0.45252094,0.046484515,0.08381115,0.056961298,0.3687098,-0.010476783
8,0.68521047,0.04708191,0.09530668,0.07019408,0.5899038,-0.02311217
9,0.13258897,0.023806157,0.03189417,0.019833261,0.1006948,0.0039728954
10,0.47945344,0.0532596,0.045597963,0.03255567,0.43385547,0.02070393
11,0.37971824,0.08262814,0.052019954,0.033100624,0.3276983,0.049527515
12,0.6192919,0.05447309,0.082477614,0.06374426,0.5368143,-0.009271171
13,0.6683722,0.09507864,0.13171306,0.097178675,0.5366591,-0.0021000355
14,0.4681279,0.06794526,0.075436234,0.053765338,0.39269167,0.014179919
15,0.7672644,0.13403447,0.14454241,0.09508233,0.622722,0.038952142
16,0.4717661,0.08573788,0.114943944,0.086108215,0.35682216,-0.00037033856
17,0.24889967,0.021110259,0.057770956,0.04006935,0.19112872,-0.01895909
18,0.6347337,0.051686835,0.09321522,0.0621805,0.54151845,-0.010493666
19,0.72051156,0.11791207,0.12487884,0.10514577,0.59563273,0.012766302
20,0.37208804,-0.01234708,0.056726743,0.0417441,0.3153613,-0.05409118
21,0.39433822,0.08761427,0.0916636,0.070389695,0.30267462,0.017224573
22,0.48763585,0.021224346,0.059960045,0.035842154,0.4276758,-0.014617808
23,0.2909815,0.042036176,0.04368984,0.026790882,0.24729165,0.015245294
24,0.4190041,0.049503975,0.085371874,0.058980357,0.33363223,-0.009476382
25,0.5745777,0.10115012,0.124654196,0.0946194,0.4499235,0.006530717
26,0.26944497,0.038060937,0.107170224,0.07112777,0.16227475,-0.033066835
27,0.6220797,0.082757585,0.14373747,0.0911883,0.4783422,-0.008430712
28,0.6083247,0.05454086,0.06456771,0.04310112,0.543757,0.011439741
29,0.70778763,0.08871132,0.10932107,0.07207344,0.5984666,0.016637884
30,0.33969602,0.045083903,0.08101256,0.047353163,0.25868344,-0.0022692606
31,0.077735215,0.0212847,0.03846157,0.023780528,0.039273646,-0.002495829
32,0.45018965,0.07595437,0.1194798,0.09317912,0.33070984,-0.017224751
33,0.52525795,0.005011696,0.04367844,0.022464346,0.4815795,-0.01745265
34,0.20317674,0.028351557,0.029105509,0.018096354,0.17407122,0.010255203
35,0.6403333,0.1052323,0.14188632,0.09022899,0.49844697,0.015003309
36,0.6549043,0.19255976,0.20053414,0.15014014,0.45437017,0.042419627
37,0.20204152,-0.01824832,0.05210501,0.033359822,0.14993651,-0.05160814
38,0.63931775,0.036641426,0.06889642,0.050497986,0.57042134,-0.01385656
39,0.42002136,0.06307035,0.09207485,0.06275652,0.3279465,0.0003138259
40,0.40220702,0.0062070373,0.02311875,0.017426165,0.37908828,-0.011219127
41,0.477525,0.051850308,0.07142845,0.04597457,0.40609655,0.0058757365
42,0.45919403,0.08462572,0.11461862,0.08469028,0.3445754,-6.455928e-05
43,0.38804555,0.016827557,0.058584116,0.03503881,0.32946143,-0.018211253
44,0.23063885,0.035001144,0.043671608,0.030679893,0.18696724,0.004321251
45,0.56111294,0.032137092,0.087278165,0.06458452,0.47383478,-0.03244743
46,0.80524594,0.11765449,0.11444364,0.093457535,0.6908023,0.024196953
47,0.48914877,0.07013482,0.08002104,0.052604012,0.4091277,0.017530806
48,0.67410606,0.14472955,0.17928956,0.12463422,0.49481648,0.020095333
49,0.7009245,0.0876198,0.11179781,0.078791134,0.5891267,0.008828662
50,0.5728891,0.0059813103,0.035486795,0.024467397,0.5374023,-0.018486086
51,0.3766683,0.039808083,0.066223264,0.043230057,0.31044504,-0.0034219734
52,0.6518018,0.12019368,0.13029718,0.098780215,0.52150464,0.021413468
53,0.7386635,0.063057326,0.09323291,0.066035256,0.64543056,-0.00297793
54,0.5109328,0.105224356,0.13856511,0.10530506,0.37236768,-8.070469e-05
55,0.47886336,0.09424215,0.10036407,0.0600793,0.3784993,0.03416285
56,0.53143924,0.0644895,0.10494783,0.08343546,0.4264914,-0.018945962
57,0.56168866,0.045821305,0.07539185,0.048582874,0.4862968,-0.0027615689
58,0.32819128,0.057464834,0.08881399,0.06669225,0.23937729,-0.009227414
59,0.56840134,0.062744424,0.11349376,0.074775524,0.45490757,-0.012031101
60,0.69400847,0.084789574,0.09318645,0.069977194,0.60082203,0.01481238
61,0.67017573,0.09273136,0.14374247,0.09896672,0.5264332,-0.006235361
62,0.70884,0.058180023,0.11463626,0.0742586,0.59420377,-0.01607858
63,0.5815885,0.03918326,0.0958996,0.06856097,0.48568892,-0.029377714
64,0.35724312,0.055337645,0.0920769,0.059394635,0.26516622,-0.00405699
65,0.5877576,0.10268302,0.113079526,0.08780281,0.47467807,0.01488021
66,0.33852106,0.040374927,0.07463709,0.049993996,0.26388398,-0.009619068
67,0.33592716,0.041038476,0.04658895,0.03755849,0.2893382,0.0034799874
68,0.54664505,0.09217214,0.14281586,0.09964116,0.4038292,-0.007469021
69,0.30428952,0.021652846,0.058761846,0.038607914,0.24552767,-0.016955068
70,0.4408852,0.08335436,0.10230522,0.073522404,0.33857995,0.0098319575
71,0.7724293,0.058603298,0.07832334,0.062355615,0.6941059,-0.0037523173
72,0.60079885,0.043905143,0.068946466,0.04804281,0.53185236,-0.0041376688
73,0.2500872,0.016568381,0.033051137,0.020505136,0.21703607,-0.0039367545
74,0.458819,0.025091635,0.044569112,0.03104471,0.4142499,-0.0059530754
75,0.49953452,0.044562344,0.089560494,0.06805894,0.40997404,-0.023496594
76,0.48532277,0.14617005,0.11821723,0.09245141,0.36710554,0.05371864
77,0.2674438,0.07353471,0.086890936,0.0495892,0.18055287,0.02394551
78,0.5592603,0.009318295,0.086017214,0.053097107,0.4732431,-0.04377881
79,0.5687159,0.041997086,0.07562341,0.05165674,0.49309248,-0.009659655
80,0.5009049,0.06595455,0.09579056,0.06974454,0.40511435,-0.0037899911
81,0.2972722,0.036648747,0.04747831,0.032476734,0.24979389,0.004172012
82,0.44116828,0.04885343,0.073140934,0.056332458,0.36802733,-0.007479027
83,0.33893225,0.013729419,0.031905808,0.022419399,0.30702645,-0.00868998
84,0.650508,0.06484501,0.18203923,0.111806855,0.46846876,-0.046961844
85,0.28059042,0.042088088,0.05596851,0.04104792,0.2246219,0.0010401681
86,0.684742,0.13203076,0.12386771,0.08952035,0.5608743,0.042510405
87,0.46168393,0.06558325,0.08790998,0.06561743,0.37377393,-3.4175813e-05
88,0.59812653,0.06994982,0.09065518,0.066736534,0.5074713,0.0032132864
89,0.49731773,0.08075361,0.10719291,0.07959077,0.39012483,0.0011628419
90,0.77580744,0.081814304,0.10277401,0.07407628,0.6730334,0.007738024
91,0.44429585,0.0664805,0.08493923,0.056942374,0.35935664,0.009538129
92,0.33306393,0.059503157,0.06885842,0.045606244,0.26420552,0.013896912
93,0.8448057,0.091016546,0.14662054,0.11345726,0.6981852,-0.022440717
94,0.45812586,0.046733353,0.07018648,0.04968374,0.3879394,-0.0029503852
95,0.6118996,0.06256372,0.09162702,0.06278874,0.5202726,-0.00022502244
96,0.5557075,0.0793897,0.0862901,0.06594905,0.46941742,0.013440646
97,0.5001304,0.030799055,0.056964636,0.043509014,0.44316578,-0.0127099585
98,0.38059175,0.0525965,0.06681779,0.050907563,0.31377396,0.0016889349
99,0.24442543,0.019353233,0.04294251,0.027817909,0.20148292,-0.008464675
100,0.5590387,0.12384976,0.10296379,0.083425365,0.4560749,0.04042439
101,0.41000736,0.07914546,0.07306287,0.049036365,0.3369445,0.030109096
102,0.38055065,0.026143035,0.043225773,0.026474183,0.3373249,-0.0003311485
103,0.115914665,0.058174282,0.039012704,0.03091015,0.07690196,0.027264133
104,0.43144426,0.064937234,0.08276278,0.057147823,0.34868148,0.0077894107
105,0.28747275,0.045250244,0.045137838,0.030631274,0.24233492,0.01461897
106,0.5384479,0.045170244,0.114912115,0.08073993,0.4235358,-0.035569686
107,0.7009519,0.06331717,0.10084591,0.067596115,0.60010594,-0.004278943
108,0.55689436,0.045662176,0.06310404,0.052410614,0.49379033,-0.006748438
109,0.3374962,0.04700128,0.06312578,0.036542613,0.2743704,0.010458667
110,0.5032583,0.0856795,0.13109845,0.10063678,0.37215984,-0.014957279
111,0.25807166,0.06898101,0.036979362,0.028697873,0.2210923,0.040283136
112,0.14966427,-0.0016441594,0.04752385,0.033636484,0.10214042,-0.035280645
113,0.39522985,0.081878945,0.10193509,0.07558956,0.29329476,0.0062893853
114,0.45397288,0.04171662,0.0706643,0.050920703,0.3833086,-0.009204082
115,0.29275107,0.0459656,0.052101903,0.0459511,0.24064916,1.4502555e-05
116,0.51843816,0.07889714,0.09836467,0.07977406,0.42007348,-0.00087691844
117,0.53484744,0.06020049,0.10716182,0.07432694,0.42768562,-0.01412645
118,0.6316911,0.17474823,0.20329651,0.1615728,0.4283946,0.013175428
119,0.5000879,0.07246474,0.091623075,0.07108609,0.40846485,0.0013786554
120,0.83882856,0.072728045,0.14048593,0.096254595,0.6983426,-0.02352655
121,0.29403,0.018609667,0.030607682,0.020717371,0.26342234,-0.002107704
122,0.52990764,0.040247362,0.0652087,0.048733376,0.46469894,-0.008486014
123,0.4497139,0.03222864,0.04869581,0.034782745,0.40101808,-0.0025541037
124,0.6909188,0.07696288,0.109733805,0.073762804,0.581185,0.0032000765
125,0.5846977,0.02355656,0.060751516,0.04431055,0.5239462,-0.02075399
126,0.69588304,0.05541813,0.091616,0.06563063,0.60426706,-0.0102125
127,0.51788515,0.06780313,0.09518498,0.074197896,0.42270017,-0.0063947663
128,0.37341666,0.094696715,0.10725935,0.08649255,0.26615733,0.008204162
129,0.32920113,0.061882295,0.052301597,0.0368245,0.27689955,0.025057796
130,0.6362943,0.05726576,0.07303344,0.049412467,0.56326085,0.007853292
131,0.50599575,0.041440435,0.05472205,0.049177233,0.4512737,-0.0077367984
132,0.6145054,0.10312254,0.109789036,0.07566942,0.5047164,0.027453117
133,0.26863956,0.0077967728,0.029758539,0.0150566045,0.23888102,-0.0072598318
134,0.5244436,0.056521967,0.068884306,0.05467518,0.4555593,0.0018467866
135,0.47940382,0.10815024,0.1055609,0.081143714,0.37384292,0.027006522
136,0.74226904,0.046150472,0.07797303,0.053354345,0.66429603,-0.0072038732
137,0.25896037,0.018950887,0.06426819,0.043248873,0.19469218,-0.024297986
138,0.616448,0.06590731,0.1015204,0.07609509,0.51492757,-0.010187782
139,0.5232814,0.07297406,0.12317997,0.085431345,0.40010142,-0.012457281
140,0.32539982,0.20409709,0.059158694,0.040816206,0.26624113,0.16328089
141,0.43447745,0.038108017,0.0644903,0.045210958,0.36998713,-0.00710294
142,0.4985087,0.09570635,0.11201821,0.08110826,0.38649046,0.014598094
143,0.64017725,0.06567878,0.09488739,0.06787138,0.5452899,-0.002192594
144,0.5494718,0.072621465,0.10518625,0.07490069,0.44428554,-0.002279222
145,0.3845565,0.058278676,0.11282481,0.08029036,0.27173167,-0.022011686
146,0.4837557,0.035771053,0.057709366,0.044937752,0.42604634,-0.009166699
147,0.30638656,0.04344111,0.03766009,0.030923057,0.26872647,0.012518052
148,0.7625127,0.110226445,0.14741144,0.10454656,0.6151012,0.005679883
149,0.4370417,0.0678277,0.047103096,0.03539106,0.3899386,0.032436643
150,0.65660006,0.07879698,0.11183603,0.07858924,0.54476404,0.00020774454
151,0.42045435,0.041378688,0.08385237,0.061032075,0.33660197,-0.019653387
152,0.63326806,0.049247954,0.06479729,0.04759015,0.5684708,0.0016578026
153,0.4730023,0.05875967,0.08265006,0.06526321,0.39035225,-0.006503541
154,0.2661289,0.07657858,0.08401178,0.06051123,0.18211712,0.016067348
155,0.36477005,0.06641737,0.11649643,0.08819922,0.24827363,-0.021781847
156,0.55805886,0.060662974,0.08648298,0.06450649,0.4715759,-0.0038435198
157,0.6479523,0.0922403,0.15430567,0.114519894,0.49364665,-0.022279598
158,0.68728465,0.05206809,0.105245374,0.07122366,0.5820393,-0.019155573
159,0.9686174,0.109751716,0.13849875,0.11071517,0.83011866,-0.0009634569
160,0.189026,0.029015115,0.03912869,0.028529022,0.1498973,0.00048609264
161,0.21769845,0.0006225974,0.023550417,0.019473564,0.19414803,-0.018850967
162,0.5058788,0.053078275,0.10433714,0.06984648,0.40154165,-0.016768206
163,0.46907175,0.084005974,0.0890005,0.062367015,0.38007125,0.02163896
164,0.30055174,0.039057568,0.046443872,0.031616993,0.25410786,0.0074405745
165,0.2700774,0.024275634,0.06912609,0.043625373,0.20095131,-0.019349739
166,0.55409706,0.0663042,0.10815253,0.07341057,0.44594452,-0.007106371
167,0.63732046,0.069260634,0.12990291,0.07968875,0.50741756,-0.010428116
168,0.72908974,0.083051726,0.0995986,0.066513166,0.62949115,0.01653856
169,0.10758053,0.04358759,0.048026595,0.03057833,0.059553932,0.013009261
170,0.45077702,0.04857024,0.07009433,0.04795419,0.3806827,0.00061605126
171,0.5746246,0.11314678,0.1229797,0.089739636,0.4516449,0.023407146
172,0.43836993,0.038905717,0.068972275,0.04612455,0.36939764,-0.007218834
173,0.52575004,0.03975597,0.09782398,0.06648568,0.42792606,-0.02672971
174,0.4296305,0.04324536,0.05779956,0.04666422,0.37183094,-0.003418859
175,0.26393485,0.10574754,0.049043868,0.031592917,0.21489099,0.07415463
176,0.18083264,0.073783986,0.064927675,0.034685872,0.115904965,0.039098114
177,0.33691514,0.0017106776,0.07025107,0.044998486,0.26666406,-0.043287806
178,0.57843953,0.105530076,0.15561607,0.11631576,0.42282346,-0.010785684
179,0.41627777,0.042401053,0.046897076,0.039070055,0.36938068,0.0033309981
180,0.5478873,0.05498403,0.074205324,0.05725971,0.473682,-0.0022756793
181,0.58091575,0.10803507,0.13987057,0.093742564,0.44104517,0.014292508
182,0.18021907,0.03063413,0.04173825,0.026644986,0.13848081,0.0039891433
183,0.36083806,0.07214418,0.09591241,0.06653757,0.26492566,0.005606614
184,0.27277404,0.02479529,0.049525112,0.03720865,0.22324893,-0.01241336
185,0.23248236,0.011685526,0.027293209,0.01972086,0.20518915,-0.008035334
186,0.7019928,0.11569565,0.12401948,0.090842225,0.5779733,0.024853423
187,0.55606025,0.08516949,0.113671824,0.07741808,0.44238842,0.0077514052
188,0.5586483,0.052896407,0.08838415,0.06320437,0.47026414,-0.010307964
189,0.3077203,0.00023373407,0.013324505,0.010138975,0.2943958,-0.009905241
190,0.78549695,0.068677776,0.11771138,0.08638549,0.6677856,-0.017707713
191,0.27302438,0.04008719,0.041237254,0.023653945,0.23178713,0.016433245
192,0.16794263,0.1375483,0.017477557,0.010741595,0.15046507,0.1268067
193,0.5437662,0.08858402,0.101150595,0.073457465,0.4426156,0.015126556
194,0.6888804,0.052332193,0.084061295,0.056468893,0.60481906,-0.0041367
195,0.4555754,0.047814596,0.055507414,0.037753474,0.40006799,0.0100611225
196,0.27994186,0.10502533,0.041058995,0.027540257,0.23888287,0.07748507
197,0.5865412,0.06498332,0.08586046,0.06423664,0.5006807,0.0007466823
198,0.8507648,0.15034713,0.17695959,0.12926476,0.67380524,0.021082371
199,0.32612044,0.058959685,0.09357271,0.060233098,0.23254773,-0.0012734123
200,0.5895841,0.046090014,0.08754241,0.062569484,0.5020417,-0.01647947
201,0.5155594,0.045491807,0.07387613,0.046412688,0.44168323,-0.0009208806
202,0.52676743,0.060755253,0.094012976,0.067765936,0.43275446,-0.0070106834
203,0.71860963,0.0675013,0.11201887,0.075268045,0.60659075,-0.007766746
204,0.36136472,0.031971943,0.04533972,0.03570699,0.31602502,-0.0037350468
205,0.49749184,0.03076957,0.073709585,0.047727115,0.42378226,-0.016957546
206,0.5543904,0.052765522,0.06946832,0.047818005,0.48492205,0.004947517
207,0.49778986,0.020433262,0.0787553,0.0453711,0.41903457,-0.024937838
208,0.50779766,0.030819606,0.082726315,0.052340962,0.42507136,-0.021521356
209,0.4897162,0.012742818,0.054252286,0.037518196,0.4354639,-0.024775378
210,0.51502097,0.037148125,0.059030365,0.043690488,0.4559906,-0.0065423623
211,0.671521,0.12056388,0.17567326,0.1313899,0.49584776,-0.010826021
212,0.4520322,0.04604791,0.05888369,0.04470656,0.3931485,0.0013413504
213,0.77683586,0.16070913,0.1657305,0.13443969,0.6111053,0.026269436
214,0.72409445,0.05793633,0.083172254,0.059696086,0.6409222,-0.0017597564
215,0.48737934,0.074951075,0.111467265,0.08074558,0.37591207,-0.005794503
216,0.6736208,0.04887976,0.07727472,0.050050564,0.5963461,-0.0011708029
217,0.6787975,0.07914866,0.09296624,0.07245849,0.5858312,0.006690167
218,0.49159187,0.063340664,0.073472574,0.049571626,0.4181193,0.013769038
219,0.19001402,0.07057084,0.08975266,0.07086683,0.10026136,-0.00029598922
220,0.2906489,0.051766045,0.08904858,0.062396728,0.20160033,-0.010630682
221,0.62482363,0.06672809,0.1199799,0.0852234,0.5048437,-0.018495306
222,0.339099,0.052982636,0.04985997,0.034338824,0.28923902,0.018643811
223,0.022934198,-0.025109421,0.019933436,0.013775068,0.0030007623,-0.03888449
224,0.54404455,0.093226895,0.13157913,0.102430545,0.41246542,-0.00920365
225,0.6202994,0.052121904,0.076948285,0.056958593,0.5433511,-0.0048366897
226,0.38500202,0.05589466,0.080426976,0.056420766,0.30457503,-0.0005261041
227,0.3728021,0.056114152,0.076399386,0.047592066,0.29640272,0.008522086
228,0.46805856,0.08245644,0.07264676,0.049464274,0.3954118,0.032992166
229,0.39830044,0.050853025,0.0783558,0.06677429,0.31994465,-0.015921261
230,0.5173455,0.053460404,0.09807852,0.060495287,0.41926697,-0.007034883
231,0.2904583,0.037494253,0.058772385,0.032097343,0.2316859,0.00539691
232,0.2918217,0.040661674,0.063761935,0.038958542,0.22805975,0.001703132
233,0.34259346,0.04706804,0.068670765,0.044218406,0.27392268,0.0028496347
234,0.41437495,0.050739318,0.07301392,0.052304067,0.34136105,-0.0015647486
235,0.6027272,0.0726187,0.07134431,0.049843144,0.53138286,0.022775557
236,0.15173326,0.022144726,0.026482537,0.017103393,0.12525073,0.005041333
237,0.32011372,0.033300344,0.047209732,0.028891709,0.27290398,0.004408635
238,0.1802876,0.024906637,0.028332168,0.024935758,0.15195543,-2.9120594e-05
239,0.7843635,0.117403165,0.13854977,0.10810654,0.6458137,0.009296626
240,0.7433409,0.069602124,0.117683694,0.08349744,0.6256572,-0.013895318
241,0.6120257,0.04803322,0.067493744,0.049760655,0.54453194,-0.0017274357
242,0.42996237,0.057282593,0.07305817,0.048633695,0.3569042,0.008648898
243,0.53754956,0.10452064,0.15262605,0.11518159,0.38492352,-0.010660946
244,0.7301382,0.08070535,0.0924976,0.06069381,0.6376406,0.02001154
245,0.5538713,0.047093574,0.09163729,0.06406971,0.462234,-0.016976137
246,0.47381753,0.05575011,0.070383154,0.048386093,0.40343437,0.007364016
247,0.71744907,0.04967595,0.07264016,0.054470547,0.6448089,-0.0047945976
248,0.17683406,0.019673277,0.030993905,0.027324513,0.14584015,-0.007651236
249,0.63443017,0.07583996,0.11341286,0.08396663,0.5210173,-0.008126669
250,0.67766905,0.095491506,0.13245924,0.09073303,0.5452098,0.004758477
251,0.37412587,0.040350556,0.07357944,0.052606087,0.30054644,-0.012255531
252,0.28920427,0.03070719,0.048495665,0.035051014,0.2407086,-0.0043438245
253,0.49334526,0.055116933,0.08980785,0.06512794,0.4035374,-0.010011006
254,0.47597367,0.032368716,0.051462602,0.037556738,0.42451108,-0.005188022
255,0.4801024,0.041475054,0.08046406,0.06303705,0.39963832,-0.021561999
256,0.52804846,0.014632395,0.07156474,0.050943602,0.45648372,-0.03631121
257,0.4377553,0.07011389,0.080257855,0.05957217,0.35749742,0.010541718
258,0.37754357,0.043117173,0.0692137,0.048774924,0.30832988,-0.005657751
259,0.4593903,0.0060652536,0.058279745,0.0372753,0.40111056,-0.031210046
260,0.30876347,0.038486917,0.0808181,0.053814493,0.22794537,-0.015327577
261,0.31323874,0.045669246,0.05755992,0.037833504,0.25567883,0.007835742
262,0.60416347,0.11383523,0.13362081,0.09296645,0.47054267,0.020868778
263,0.6081607,0.074365035,0.090620056,0.06985577,0.51754063,0.0045092627
264,0.66694707,0.05560065,0.09049233,0.06140383,0.57645476,-0.005803179
265,0.512509,0.07248737,0.06001482,0.039422136,0.45249417,0.033065233
266,0.5956405,0.07747772,0.094416104,0.06405188,0.5012244,0.013425842
267,0.6546603,0.0380434,0.098447055,0.07554854,0.55621326,-0.03750514
268,0.6288938,0.06497804,0.08775301,0.0630966,0.5411408,0.001881443
269,0.53346586,0.06726771,0.10121025,0.08095797,0.43225563,-0.013690263
270,0.5257644,0.07664944,0.0861469,0.068075284,0.4396175,0.008574158
271,0.5084121,0.04497716,0.048884712,0.04074465,0.4595274,0.004232507
272,0.6041641,0.10717177,0.13898723,0.09369506,0.46517688,0.013476707
273,0.2823308,0.058466367,0.08054719,0.05814601,0.20178363,0.00032035634
274,0.8098661,0.12661965,0.15083078,0.113190964,0.6590353,0.013428688
275,0.6147562,0.05768599,0.10871235,0.07413189,0.50604385,-0.016445901
276,0.51160026,0.05066357,0.08446755,0.05398664,0.4271327,-0.003323067
277,0.4645454,0.029143108,0.040254563,0.027658245,0.42429084,0.0014848635
278,0.43741024,0.054230765,0.048982035,0.027546158,0.3884282,0.026684606
279,0.3972887,0.024335166,0.045338366,0.029120201,0.35195035,-0.004785035
280,0.42999494,0.043714423,0.0599043,0.046533335,0.37009063,-0.0028189123
281,0.47672653,0.0647787,0.091669574,0.06739713,0.38505697,-0.002618432
282,0.4678836,0.07834615,0.07471241,0.051655877,0.3931712,0.02669027
283,0.61709136,0.053053357,0.08176939,0.05652489,0.53532195,-0.0034715347
284,0.55504215,0.12088301,0.11070633,0.07547391,0.44433582,0.0454091
285,0.51391333,0.06956067,0.0913585,0.06651332,0.42255485,0.003047347
286,0.57030255,0.08260642,0.086006306,0.05969227,0.48429623,0.022914149
287,0.6757497,0.1145988,0.11694362,0.07754251,0.5588061,0.03705629
288,0.7911774,0.037883036,0.06829339,0.04557993,0.722884,-0.007696893
289,0.5962689,0.030718027,0.06355014,0.046930857,0.5327188,-0.01621283
290,0.5690011,0.034325905,0.09729044,0.052328397,0.47171062,-0.018002491
291,0.5287837,0.040491864,0.10389674,0.05919549,0.42488694,-0.018703625
292,0.2731751,0.093247846,0.044414945,0.032852475,0.22876015,0.06039537
293,0.17894597,0.019396171,0.03510896,0.027313303,0.143837,-0.007917132
294,0.5951807,0.045027908,0.07308374,0.05828581,0.52209693,-0.013257902
295,0.5798515,0.06835789,0.06269464,0.05330807,0.51715684,0.015049823
296,0.53228706,0.035317816,0.058354337,0.041210584,0.4739327,-0.0058927685
297,0.18744351,0.0034565397,0.061532162,0.035239823,0.12591136,-0.031783283
298,0.5374988,0.062117524,0.08270359,0.055904157,0.45479518,0.006213367
299,0.27833572,0.05506058,0.039599072,0.029321373,0.23873664,0.025739208
300,0.32851917,0.035411585,0.07577376,0.048159856,0.2527454,-0.012748271
301,0.7166986,0.09786065,0.11915968,0.09006002,0.5975389,0.007800631
302,0.42773184,0.07490455,0.101314686,0.067224935,0.32641715,0.007679619
303,0.24114798,0.025626587,0.05716912,0.039112516,0.18397886,-0.013485929
304,0.63548535,0.088541694,0.1357601,0.0951312,0.49972525,-0.0065895095
305,0.63744205,0.087551296,0.102775976,0.0734525,0.53466606,0.014098793
306,0.3901765,0.06001995,0.07492273,0.054028284,0.31525376,0.0059916675
307,0.5397246,0.024938736,0.06825346,0.040269915,0.47147113,-0.015331179
308,0.3276283,0.021916542,0.04662947,0.027457297,0.28099886,-0.0055407546
309,0.5105408,0.08356868,0.11331165,0.07301982,0.39722914,0.01054886
310,0.27777487,0.015721649,0.028099462,0.017110843,0.24967541,-0.0013891943
311,0.3142097,0.014140132,0.03657923,0.02305801,0.27763048,-0.008917878
312,0.3596295,0.022377873,0.040664956,0.0323157,0.31896454,-0.009937828
313,0.23014319,0.0047797854,0.048912354,0.027478978,0.18123084,-0.022699192
314,0.6977086,0.09301803,0.112500176,0.07590074,0.5852084,0.017117292
315,0.26868132,0.06697837,0.0679876,0.05028323,0.20069373,0.016695142
316,0.450471,0.058408137,0.08111368,0.060843498,0.36935735,-0.00243536
317,0.38583001,0.061200026,0.0914996,0.07185247,0.29433042,-0.0106524415
318,0.64993054,0.043600492,0.08992028,0.06842111,0.56001025,-0.024820618
319,0.35095626,0.103367396,0.06689424,0.047804274,0.28406203,0.055563122
320,0.77575535,0.11913555,0.14152348,0.10570999,0.63423187,0.013425559
321,0.39641723,0.02007948,0.064526394,0.04413905,0.33189082,-0.02405957
322,0.36627182,0.05651315,0.07772549,0.058541525,0.28854632,-0.0020283759
323,0.65370554,0.052228183,0.08418336,0.055260766,0.5695222,-0.0030325837
324,0.61530596,0.039452165,0.11557132,0.06322977,0.49973464,-0.023777604
325,0.10205346,-0.03392428,0.02519494,0.013738972,0.07685852,-0.047663253
326,0.4748159,0.0408098,0.078124136,0.045416363,0.39669177,-0.0046065636
327,0.5946956,0.07322608,0.07409533,0.052014958,0.5206003,0.021211121
328,0.31400442,0.032713614,0.06862621,0.04182046,0.24537821,-0.009106845
329,0.66523844,0.05479595,0.09139259,0.070274726,0.57384586,-0.015478775
330,0.22857797,0.10532645,0.05417327,0.039584953,0.17440471,0.065741494
331,0.46333513,0.07820588,0.10666478,0.082767464,0.35667035,-0.0045615807
332,0.5379209,0.10090061,0.09759009,0.071132414,0.4403308,0.029768199
333,0.5539252,0.13023795,0.11965909,0.0727393,0.43426612,0.05749865
334,0.41549584,0.06946006,0.092373215,0.054667085,0.32312262,0.014792971
335,0.24014598,0.012326087,0.016956743,0.008676581,0.22318923,0.0036495058
336,0.5343711,0.048215695,0.06478877,0.04375222,0.46958232,0.004463475
337,0.25325283,0.04041412,0.05277884,0.034223817,0.200474,0.0061903037
338,0.5201581,0.029989617,0.03442329,0.027787736,0.48573482,0.0022018813
339,0.64108914,0.058388885,0.07597004,0.050548185,0.5651191,0.0078407
340,0.13280724,0.13666923,0.025137145,0.014725827,0.1076701,0.12194341
341,0.5096392,0.09848182,0.111326516,0.07300516,0.3983127,0.025476657
342,0.18990336,-0.0009131077,0.037745923,0.02740549,0.15215744,-0.028318597
343,0.24191266,0.027755523,0.026207125,0.02052386,0.21570554,0.007231664
344,0.42053086,0.08470135,0.09535645,0.07167424,0.3251744,0.013027109
345,0.5547703,0.057313927,0.08888577,0.057500534,0.4658845,-0.00018660724
346,0.3047944,0.015712662,0.037954085,0.028505564,0.2668403,-0.012792902
347,0.43194267,0.025396708,0.061954357,0.048648797,0.36998832,-0.023252089
348,0.5853406,0.018504232,0.049449775,0.020370197,0.5358908,-0.0018659644
349,0.63333744,0.01066528,0.03023225,0.020948961,0.6031052,-0.010283682
350,0.47731212,0.03788848,0.08367245,0.058128983,0.39363968,-0.020240504
351,0.74495465,0.05744834,0.10347875,0.06547567,0.6414759,-0.008027334
352,0.6551467,0.030889776,0.08734953,0.059506886,0.5677972,-0.02861711
353,0.5418234,0.069461934,0.089160584,0.07145287,0.4526628,-0.0019909367
354,0.5425511,0.055937387,0.09328248,0.07227644,0.4492686,-0.016339056
355,0.5069327,0.0054204036,0.052708916,0.023996046,0.45422375,-0.018575642
356,0.40332964,-0.020178089,0.05304222,0.031112,0.3502874,-0.051290087
357,0.10161682,0.03396721,0.025943557,0.017175157,0.07567327,0.016792055
358,0.5053346,0.04393149,0.09461069,0.055728346,0.41072392,-0.011796854
359,0.4099336,0.058162328,0.06920013,0.050935537,0.34073347,0.007226791
360,0.38120812,0.040997203,0.072245896,0.050612163,0.30896223,-0.009614959
361,0.42199016,0.03693286,0.13360026,0.089865066,0.2883899,-0.052932207
362,0.56013876,0.042899102,0.06678441,0.049257264,0.49335435,-0.0063581616
363,0.4060026,0.060980286,0.08723431,0.055579938,0.3187683,0.0054003485
364,0.6247134,0.076316215,0.0994944,0.07715689,0.525219,-0.00084067136
365,0.76523805,0.05814292,0.11631467,0.07833301,0.6489234,-0.020190094
366,0.5639331,0.06854905,0.09259735,0.070867196,0.4713357,-0.0023181438
367,0.34713554,0.02296473,0.06347889,0.043978974,0.28365666,-0.021014243
368,0.21004474,-0.03594133,0.022474537,0.010951702,0.1875702,-0.04689303
369,0.58834016,0.072351225,0.08995907,0.063776724,0.49838108,0.008574501
370,0.7824993,0.059369463,0.07933654,0.0647344,0.7031628,-0.005364936
371,0.6186593,0.11888717,0.14105219,0.10781983,0.47760713,0.011067338
372,0.2300216,0.021140171,0.036388606,0.024042988,0.19363299,-0.002902817
373,0.5170898,0.058462758,0.094429016,0.06951562,0.42266077,-0.011052866
374,0.8169739,0.054462153,0.07472948,0.05183261,0.7422444,0.0026295446
375,0.3995892,0.06307405,0.065210626,0.04685843,0.3343786,0.016215622
376,0.5692912,0.08683057,0.10353373,0.074285515,0.46575743,0.012545057
377,0.4424072,0.06839079,0.09511387,0.06943748,0.34729332,-0.0010466948
378,0.6193972,0.089684755,0.121294335,0.09108259,0.4981029,-0.0013978332
379,0.57164365,0.10456117,0.15029968,0.10112582,0.42134398,0.003435351
380,0.32927358,0.0135766445,0.035621718,0.016797215,0.29365188,-0.0032205703
381,0.65068156,0.13939933,0.19471407,0.14167371,0.4559675,-0.0022743791
382,0.15418401,0.06326509,0.04384371,0.02942333,0.110340305,0.033841763
383,0.40754804,0.038351256,0.064472675,0.051842608,0.34307536,-0.013491351
384,0.5567814,0.088242754,0.13520078,0.10675269,0.4215806,-0.01850994
385,0.5798504,0.0545978,0.08908467,0.061796695,0.4907657,-0.0071988963
386,0.10107468,0.0032806022,0.009437793,0.00483743,0.09163689,-0.0015568279
387,0.3168444,0.057824753,0.105097786,0.071722455,0.21174662,-0.013897702
388,0.29988542,0.021931224,0.034112193,0.026625788,0.26577324,-0.0046945643
389,0.41616404,0.06848465,0.09890236,0.07209431,0.3172617,-0.0036096573
390,0.56220615,0.08248173,0.06965111,0.037295587,0.49255502,0.04518614
391,0.70869243,0.091869056,0.11452566,0.08215783,0.59416676,0.009711228
392,0.16532266,0.093351066,0.042710096,0.03169876,0.122612566,0.061652306
393,0.50298053,0.02224283,0.046725817,0.030115655,0.45625472,-0.0078728255
394,0.45645812,0.041971445,0.05890129,0.04364584,0.39755684,-0.001674395
395,0.6333943,0.081226535,0.09998737,0.073027335,0.5334069,0.0081992
396,0.20320792,0.012736359,0.054177325,0.03181605,0.1490306,-0.019079693
397,0.51433766,0.08353132,0.099330924,0.07522986,0.41500673,0.008301459
398,0.15527213,-0.033723634,0.031105448,0.022366935,0.12416668,-0.05609057
399,0.511753,0.041606557,0.054712027,0.04609869,0.457041,-0.004492134
400,0.65165097,0.06676703,0.08781419,0.061137162,0.56383675,0.0056298673
401,0.53004885,0.06675946,0.08399239,0.05376942,0.44605646,0.012990039
402,0.49467233,0.058320843,0.083253935,0.06105274,0.41141838,-0.002731897
403,0.48601213,0.08786244,0.10159848,0.07220768,0.38441366,0.015654758
404,0.45163208,0.09666324,0.08597093,0.05372545,0.36566114,0.042937785
405,0.74511224,0.016773708,0.089563556,0.061744105,0.6555487,-0.044970397
406,0.6482039,0.079285555,0.0913344,0.060550343,0.5568695,0.018735211
407,0.6590636,0.0908707,0.13320823,0.103387155,0.52585536,-0.012516454
408,0.5003206,0.06859275,0.086947516,0.058107913,0.4133731,0.010484837
409,0.6488438,0.058685325,0.08397877,0.06064986,0.56486505,-0.0019645356
410,0.45703778,0.04635581,0.068513915,0.051190335,0.38852388,-0.0048345253
411,0.6842316,0.06517727,0.0782305,0.0576049,0.6060011,0.007572368
412,0.62056994,0.082302056,0.11664295,0.08465555,0.503927,-0.0023534968
413,0.47514877,0.06504306,0.05788868,0.03861621,0.41726008,0.026426852
414,0.28415343,0.01397338,0.09272652,0.056950767,0.1914269,-0.042977385
415,0.43744558,0.124547236,0.14424627,0.11577424,0.2931993,0.008772999
416,0.4241091,0.058602963,0.0411915,0.034494825,0.3829176,0.024108138
417,0.50771207,0.07184406,0.0787557,0.05990857,0.42895636,0.011935495
418,0.50252813,0.10272277,0.10421908,0.07114135,0.39830905,0.031581424
419,0.18000562,-0.003069761,0.039327286,0.026270594,0.14067835,-0.029340355
420,0.6075509,0.07092669,0.081009746,0.060851626,0.5265412,0.0100750625
421,0.30211926,0.048643727,0.056060396,0.038864456,0.24605885,0.009779271
422,-0.005510576,0.14012994,0.019819427,0.009652713,-0.025330003,0.13047722
423,0.65166366,0.0812013,0.13641226,0.09375124,0.5152514,-0.012549937
424,0.41135806,0.096662365,0.11894878,0.09557896,0.29240927,0.0010834038
425,0.57415277,0.06474174,0.109625325,0.07739038,0.46452743,-0.012648642
426,0.50151634,0.04645365,0.09253794,0.059398443,0.4089784,-0.0129447915
427,0.5565992,0.037474707,0.082299426,0.056716632,0.4742998,-0.019241925
428,0.41461286,0.04599608,0.06514895,0.042036135,0.3494639,0.0039599463
429,0.3266387,0.088631436,0.062158644,0.043428455,0.26448005,0.04520298
430,0.2444448,0.14558637,0.09204118,0.070653215,0.15240362,0.07493316
431,0.5905916,0.037922725,0.073754475,0.04880307,0.5168371,-0.010880344
432,0.54015994,0.07950492,0.1198564,0.087948166,0.42030352,-0.008443244
433,0.30635053,0.04909609,0.07380847,0.048901144,0.23254207,0.00019494444
434,0.38949376,0.06359657,0.100572765,0.06274333,0.288921,0.0008532405
435,0.45831472,0.046706,0.08177582,0.051432293,0.3765389,-0.0047262944
436,0.5930167,0.07249412,0.103830636,0.075047866,0.48918605,-0.002553746
437,0.39811823,0.057474654,0.102305815,0.07174952,0.29581243,-0.014274869
438,0.35691988,0.04863673,0.10830228,0.06584607,0.2486176,-0.01720934
439,0.67460936,0.09824258,0.13322583,0.09198829,0.5413835,0.006254293
440,0.25424483,-0.0057449695,0.028342146,0.015688207,0.22590269,-0.021433176
441,0.7419333,0.05587464,0.085270464,0.06551363,0.6566628,-0.009638995
442,0.50116146,0.05564113,0.08368598,0.061880045,0.41747546,-0.006238915
443,0.6317275,0.13450746,0.1652492,0.13567832,0.46647832,-0.0011708587
444,0.28086329,0.042922452,0.05626563,0.039404456,0.22459766,0.0035179965
445,0.506255,0.051185396,0.07584893,0.053627808,0.43040603,-0.002442412
446,0.6144312,0.08342921,0.12916431,0.080952585,0.4852669,0.0024766251
447,0.71928626,0.050260194,0.09968351,0.061182033,0.61960274,-0.01092184
448,0.19809552,0.035157878,0.03995325,0.02556124,0.15814227,0.009596638
449,0.24540302,-0.015496083,0.04049226,0.025498241,0.20491076,-0.040994324
450,0.61302567,0.05110064,0.07264489,0.043997012,0.5403808,0.0071036294
451,0.5253603,0.08075758,0.12186359,0.08964114,0.40349668,-0.008883558
452,0.5941538,0.12741597,0.1427496,0.10294106,0.4514042,0.024474911
453,0.49055493,0.045457304,0.075800136,0.05199782,0.4147548,-0.0065405183
454,0.5723738,0.045944262,0.07609767,0.05859836,0.49627614,-0.012654096
455,0.3096948,0.03059058,0.03896017,0.03069507,0.27073464,-0.000104488805
456,0.448998,0.028796993,0.053215694,0.036467485,0.39578232,-0.007670492
457,0.7536452,0.0983098,0.13089924,0.08497609,0.62274593,0.013333708
458,0.3827435,0.0759404,0.043788694,0.026569182,0.3389548,0.04937122
459,0.14663717,0.017537732,0.017282058,0.013124689,0.12935512,0.004413042
460,0.6555276,0.021795318,0.11711429,0.06895498,0.5384133,-0.047159664
461,0.5987747,0.058150254,0.09208511,0.06132571,0.50668955,-0.003175456
462,0.6848182,0.093468696,0.112450734,0.08199872,0.5723675,0.011469975
463,0.9387961,0.081676416,0.13828781,0.101435855,0.80050826,-0.019759439
464,0.5411178,0.09402983,0.09059132,0.069905296,0.45052648,0.024124533
465,0.18595457,0.032688312,0.037766024,0.030235315,0.14818855,0.0024529975
466,0.27709088,0.0495014,0.04358245,0.034550063,0.23350842,0.014951337
467,0.5799926,0.08633058,0.13195094,0.095489964,0.44804165,-0.009159386
468,0.68576545,0.013124619,0.10310404,0.059531175,0.5826614,-0.046406556
469,0.4393684,0.04758184,0.054729868,0.042241294,0.38463852,0.0053405464
470,0.375403,0.04179834,0.065884635,0.04326866,0.30951834,-0.0014703199
471,0.5880355,0.091314934,0.1567478,0.09600639,0.4312877,-0.0046914592
472,0.6937577,0.11405374,0.16320936,0.10653865,0.53054833,0.0075150877
473,0.019200454,0.18147233,0.03320811,0.016881118,-0.014007656,0.16459121
474,0.2928534,0.04070992,0.03945478,0.026991706,0.2533986,0.013718214
475,0.8271414,0.0961748,0.123015955,0.08658206,0.70412546,0.009592742
476,0.4097388,0.045600723,0.060584117,0.04306762,0.34915468,0.0025331043
477,0.31626365,0.026025929,0.044646263,0.0321644,0.27161738,-0.00613847
478,0.5927797,0.09028581,0.097834684,0.07316327,0.49494502,0.017122537
479,0.27724,0.0091347685,0.051901657,0.030954784,0.22533835,-0.021820016
480,0.4977641,0.05191029,0.10610374,0.06781086,0.39166036,-0.015900575
481,0.59824693,0.06556885,0.10139199,0.06434364,0.49685493,0.0012252107
482,0.41325825,0.037362564,0.07864932,0.048719145,0.33460894,-0.011356581
483,0.17399217,0.0042774766,0.038598564,0.027232558,0.1353936,-0.02295508
484,0.46651152,0.23488726,0.22564073,0.17894779,0.24087079,0.055939466
485,0.54780114,0.056906946,0.08992301,0.060089856,0.4578781,-0.0031829104
486,0.5525488,0.10534845,0.14071731,0.095231354,0.4118315,0.010117099
487,0.5952595,0.094530255,0.12996152,0.09177266,0.46529797,0.002757594
488,0.8524095,0.05906251,0.10429547,0.07023493,0.748114,-0.011172421
489,0.29741699,0.075754486,0.043518294,0.031014225,0.25389868,0.04474026
490,0.52929056,0.04693325,0.081101574,0.06014973,0.448189,-0.013216481
491,0.5275865,0.049770586,0.101432994,0.06321237,0.42615354,-0.013441786
492,0.23195265,0.07364564,0.08829124,0.06436448,0.14366141,0.009281158
493,0.5254258,0.056638133,0.08349578,0.06351132,0.44193,-0.0068731867
494,0.41324353,0.017654765,0.075821415,0.056487393,0.33742213,-0.038832627
495,0.7284931,0.12392122,0.14625457,0.1128279,0.58223855,0.011093326
496,0.48895526,0.045664184,0.06634803,0.04603889,0.42260724,-0.0003747046
497,0.8275938,0.07614572,0.09984042,0.06996457,0.7277534,0.0061811507
498,0.26123962,0.042036626,0.058900215,0.03496451,0.20233941,0.007072117
499,0.3281517,0.11857934,0.06470166,0.047056627,0.26345003,0.07152271
500,0.5531972,0.05178857,0.060438544,0.04460447,0.49275866,0.0071840994
501,0.36177886,0.02339419,0.053122032,0.033637434,0.3086568,-0.0102432445
502,0.48708662,0.0618605,0.084195055,0.0626634,0.40289158,-0.0008028969
503,0.62754565,0.032716796,0.077220604,0.04828717,0.55032504,-0.015570372
504,0.72551394,0.10457129,0.12859194,0.091151506,0.596922,0.013419785
505,0.69134444,0.08257427,0.10250594,0.070979364,0.5888385,0.011594906
506,0.25587183,0.06474505,0.06947638,0.049113005,0.18639545,0.015632048
507,0.46655467,0.09101245,0.057698864,0.03876586,0.4088558,0.05224659
508,0.49980688,0.05072875,0.074020125,0.04523682,0.42578676,0.005491931
509,0.6281377,0.05256739,0.08946175,0.060942985,0.53867596,-0.008375596
510,0.68213516,0.030240946,0.062194914,0.041960288,0.6199403,-0.011719342
511,0.43377072,0.049989488,0.064158954,0.044423036,0.36961177,0.0055664517
512,0.36497673,0.061805855,0.08721389,0.056866884,0.27776283,0.0049389713
513,0.72766685,0.10283893,0.146903,0.097644076,0.5807639,0.0051948577
514,0.4495429,0.14337869,0.15092678,0.11376597,0.2986161,0.02961272
515,0.6864409,0.0482126,0.08841231,0.06492789,0.5980286,-0.016715292
516,0.2992199,0.017028166,0.040531673,0.025419742,0.25868824,-0.008391576
517,0.2815303,0.059803773,0.0628617,0.048877448,0.21866858,0.010926325
518,0.25708988,0.01392785,0.056277506,0.035968162,0.20081237,-0.022040311
519,0.21427998,0.028071793,0.044064913,0.028788572,0.17021507,-0.0007167794
520,0.6036204,0.060779836,0.03200345,0.0258272,0.57161695,0.034952637
521,0.118168496,0.039867517,0.05588284,0.040154934,0.062285654,-0.00028741732
522,0.84436554,0.098430574,0.17361555,0.12844253,0.67075,-0.030011952
523,0.6413253,0.048665673,0.07225258,0.057823926,0.5690727,-0.009158254
524,0.48092586,0.051474877,0.08831124,0.057433568,0.3926146,-0.0059586912
525,0.71420723,0.086553745,0.076122984,0.05085346,0.63808423,0.035700284
526,0.4998987,0.059692826,0.09931229,0.07548329,0.40058643,-0.015790466
527,0.49743178,0.06043242,0.061068825,0.04128857,0.43636295,0.01914385
528,0.9750969,0.097198166,0.13130693,0.088966176,0.84378994,0.00823199
529,0.38943473,0.03570128,0.060213827,0.042042498,0.3292209,-0.006341219
530,0.40196624,0.080872186,0.08935592,0.068745025,0.31261033,0.012127161
531,0.5041417,0.05217318,0.086518764,0.056814708,0.41762292,-0.004641529
532,0.32730696,0.017875561,0.033370875,0.01967461,0.29393607,-0.0017990489
533,0.7432138,0.08241809,0.15876612,0.109731294,0.5844476,-0.027313203
534,0.43254724,0.09724196,0.08613499,0.064294554,0.34641224,0.032947406
535,0.6723788,0.1215348,0.14762601,0.10641582,0.52475274,0.015118979
536,0.54172343,0.03837391,0.06488016,0.045959048,0.47684327,-0.007585138
537,0.6065083,0.13830805,0.08317047,0.057838034,0.52333784,0.08047001
538,0.8962681,0.058140785,0.16457078,0.104502514,0.7316973,-0.04636173
539,0.7423443,0.094782606,0.1761436,0.11745213,0.56620073,-0.022669524
540,0.50582695,0.051333155,0.08042562,0.057217855,0.42540133,-0.0058846995
541,0.5585092,0.105743304,0.12310841,0.09381556,0.43540075,0.011927746
542,0.44906205,0.00024143378,0.06425285,0.04337891,0.3848092,-0.043137476
543,0.51873237,0.07353496,0.084683076,0.05214121,0.4340493,0.02139375
544,0.69551253,0.077444926,0.09972204,0.06604463,0.5957905,0.011400297
545,0.15434593,0.17997165,0.035515808,0.021937829,0.11883012,0.15803382
546,0.53442186,0.057320014,0.10763259,0.075450525,0.42678928,-0.018130511
547,0.71157163,0.099508986,0.11939224,0.075690135,0.5921794,0.02381885
548,0.2731145,0.05123081,0.09407183,0.06300653,0.17904267,-0.011775717
549,0.56750983,0.027707104,0.074003145,0.04688444,0.49350667,-0.019177336
550,0.5528508,0.10787036,0.08224336,0.058995973,0.47060743,0.04887439
551,0.582815,0.047430854,0.09956743,0.06338183,0.48324758,-0.015950974
552,0.41171154,0.063665666,0.052560277,0.0335038,0.35915127,0.030161865
553,0.16353253,-0.008583685,0.014383053,0.0092273755,0.14914948,-0.01781106
554,0.23584954,0.007528987,0.06352313,0.042383417,0.17232642,-0.03485443
555,0.5337829,0.07089655,0.10547282,0.076283954,0.4283101,-0.005387403
556,0.5572187,0.017992146,0.084256135,0.04462002,0.47296253,-0.026627872
557,0.63918704,0.02481025,0.0743718,0.04124051,0.5648152,-0.016430259
558,0.5180852,0.07469345,0.072757035,0.06295856,0.44532815,0.011734888
559,0.57397586,0.047509547,0.07731193,0.060708754,0.49666393,-0.013199206
560,0.6608294,0.105077714,0.10048677,0.072360896,0.56034267,0.03271682
561,0.5616063,0.022516763,0.10251246,0.06396131,0.45909384,-0.041444547
562,0.5782626,0.0567502,0.10459888,0.06808696,0.47366375,-0.011336759
563,0.39316702,0.034773737,0.05892085,0.032704398,0.33424616,0.0020693392
564,0.76262665,0.10066873,0.14818542,0.104137816,0.6144412,-0.0034690872
565,0.61526066,0.073094055,0.10614512,0.08380152,0.5091155,-0.010707468
566,0.45587477,0.065705255,0.11234818,0.07854694,0.3435266,-0.012841687
567,0.677741,0.08208954,0.13078351,0.09055153,0.5469575,-0.008461989
568,0.6525194,0.077064656,0.12367878,0.08140597,0.5288406,-0.0043413118
569,0.730515,0.061624456,0.124108754,0.08760804,0.6064063,-0.025983583
570,0.23202579,0.03625494,0.034751903,0.023296662,0.19727388,0.012958277
571,0.5415299,0.032353375,0.08896305,0.06306046,0.45256686,-0.030707087
572,0.18953629,-0.026627097,0.045457628,0.025716985,0.14407866,-0.052344084
573,0.7942901,0.18639663,0.18377262,0.14021993,0.6105175,0.0461767
574,0.62838733,0.10304996,0.10905335,0.080932155,0.51933396,0.022117808
575,0.2666225,0.04559801,0.05152151,0.036879554,0.215101,0.008718457
576,0.18450446,0.00891049,0.019330423,0.015735202,0.16517404,-0.0068247113
577,0.37858397,0.051350623,0.08522545,0.060924254,0.2933585,-0.009573631
578,0.8190961,0.101518,0.13824084,0.09981135,0.6808553,0.0017066449
579,0.75580597,0.06517461,0.0892878,0.063590206,0.66651815,0.0015844032
580,0.7432694,0.03635812,0.09008403,0.068632096,0.65318537,-0.032273974
581,0.21465443,0.08069487,0.04036718,0.03421216,0.17428726,0.04648271
582,0.21576087,0.10498095,0.061410528,0.04470997,0.15435034,0.060270984
583,0.4617356,0.020641318,0.02781476,0.02467248,0.43392086,-0.0040311627
584,0.23618302,0.13684306,0.08937097,0.069923446,0.14681205,0.06691961
585,0.08600659,0.14311223,0.023862675,0.01880851,0.062143914,0.12430371
586,0.67453533,0.032208074,0.07026357,0.055687178,0.60427177,-0.023479104
587,0.35532865,0.06547149,0.06630389,0.04882677,0.28902477,0.016644724
588,0.19652003,0.026865007,0.024078578,0.019580904,0.17244145,0.007284103
589,0.5277132,0.085784264,0.11277149,0.07468437,0.4149417,0.011099897
590,0.51618904,-0.003148452,0.026724925,0.015925447,0.4894641,-0.019073898
591,0.6248318,0.06023272,0.101741,0.074582666,0.5230908,-0.014349945
592,0.67027384,0.058717363,0.10732317,0.08041147,0.5629507,-0.021694109
593,0.46858475,0.033943776,0.08835194,0.058659516,0.3802328,-0.02471574
594,0.48558894,0.08323041,0.12263622,0.09377909,0.3629527,-0.010548674
595,0.58240646,0.11457474,0.16052118,0.102503344,0.42188528,0.012071393
596,0.7299276,0.08201831,0.10399021,0.073059924,0.6259374,0.008958384
597,0.78482693,0.15153377,0.18964893,0.13341066,0.595178,0.018123105
598,0.14917181,0.017911168,0.021578522,0.02029268,0.1275933,-0.002381513
599,0.21075517,0.03105997,0.039105576,0.021996832,0.17164959,0.009063138
600,0.28020808,0.004643071,0.027019942,0.015928771,0.25318813,-0.0112857
601,0.5157561,0.12502801,0.17210491,0.1308282,0.34365118,-0.0058001876
602,0.20570627,0.024032583,0.031642936,0.018663466,0.17406332,0.0053691175
603,0.18960601,0.013417348,0.04454543,0.021302626,0.14506058,-0.007885277
604,0.38997447,0.04933611,0.060785543,0.047827475,0.32918894,0.0015086345
605,0.51029813,0.0772802,0.1343426,0.080955476,0.37595552,-0.0036752746
606,0.5235669,0.10523601,0.10358776,0.07403052,0.41997916,0.03120549
607,0.28025556,-0.01991798,0.070071846,0.04105685,0.21018371,-0.06097483
608,0.2765496,0.04367079,0.064557545,0.049113505,0.21199206,-0.005442716
609,0.39677644,0.07162218,0.062588155,0.0416628,0.33418828,0.029959377
610,0.55821276,0.09954231,0.121357426,0.08236207,0.43685532,0.017180242
611,1.0028598,0.11613622,0.15004364,0.111158445,0.8528162,0.0049777776
612,0.8648152,0.08575503,0.13260593,0.098376766,0.73220927,-0.012621738
613,0.15327118,0.017041774,0.047345214,0.030938715,0.10592597,-0.01389694
614,0.6536457,0.08729139,0.16025636,0.11415772,0.49338934,-0.026866332
615,0.5709096,0.06595733,0.11171315,0.07848881,0.45919648,-0.012531482
616,0.6471133,0.09300363,0.12121694,0.08325495,0.5258964,0.009748682
617,0.6084903,0.073667996,0.11974712,0.09112956,0.4887432,-0.01746156
618,0.8758024,0.13212565,0.17797379,0.13418113,0.6978286,-0.002055481
619,0.4100344,0.032488707,0.07455297,0.055309467,0.3354814,-0.02282076
620,0.4815895,0.09168476,0.11994044,0.08361763,0.36164907,0.008067131
621,0.7369967,0.11314128,0.104305744,0.08328788,0.63269097,0.029853404
622,0.46527442,0.039614655,0.09537233,0.061793815,0.3699021,-0.02217916
623,0.660766,0.08727192,0.11652883,0.07379275,0.5442372,0.013479173
624,0.31817934,0.027391171,0.050941743,0.039567884,0.2672376,-0.012176713
625,0.5523754,0.10694499,0.12706614,0.09681629,0.42530924,0.010128707
626,0.3027302,0.05266511,0.08266738,0.042327993,0.22006282,0.010337118
627,0.6163881,0.0588424,0.07888779,0.054329056,0.53750026,0.004513342
628,0.65316385,0.09062506,0.14044823,0.10774442,0.51271564,-0.017119355
629,0.015780173,0.15442115,0.04403491,0.028306937,-0.028254736,0.12611422
630,0.5854278,0.04639733,0.08736493,0.054425877,0.4980629,-0.008028548
631,0.44470468,0.05590083,0.08685859,0.058229692,0.35784608,-0.0023288615
632,0.43156242,0.046666905,0.07024708,0.05380557,0.36131534,-0.0071386658
633,0.80155087,0.08410611,0.10366491,0.06896745,0.69788593,0.015138663
634,0.29970077,0.022686945,0.07108575,0.050814282,0.22861502,-0.028127337
635,0.46897808,0.073024906,0.09420647,0.06743257,0.3747716,0.0055923387
636,0.5455104,0.06732503,0.09085925,0.060725488,0.45465118,0.0065995455
637,0.5747765,0.059650015,0.06252549,0.04376015,0.51225096,0.015889864
638,0.47592336,0.080010824,0.090177484,0.05887583,0.38574588,0.021134995
639,0.45426303,0.014869218,0.03973682,0.032943793,0.41452622,-0.018074576
640,0.4644827,0.057991233,0.067410305,0.054126073,0.39707237,0.00386516
641,0.5790347,0.057652283,0.107578754,0.081428245,0.47145593,-0.023775961
642,0.8095394,0.12200594,0.1564804,0.118452765,0.653059,0.0035531744
643,0.5782606,0.055665694,0.088423535,0.063654594,0.48983705,-0.0079889
644,0.12631902,0.050965898,0.090327226,0.06155051,0.035991795,-0.010584611
645,0.50760525,0.020045131,0.0567983,0.036812235,0.45080695,-0.016767103
646,0.7524938,0.05682211,0.101928875,0.07959798,0.6505649,-0.02277587
647,0.39283127,0.038626816,0.078990474,0.059758764,0.3138408,-0.021131948
648,0.16001722,-0.0018371125,0.031120908,0.017886437,0.12889631,-0.01972355
649,0.4603,0.0579326,0.09844852,0.07765181,0.36185148,-0.019719213
650,0.39260682,0.038025968,0.07090655,0.04941423,0.32170027,-0.011388261
651,0.715549,0.09288846,0.11597346,0.074912466,0.5995755,0.017975993
652,0.13458006,0.008852692,0.019188855,0.015417455,0.11539121,-0.0065647624
653,0.7950831,0.113839805,0.21929419,0.13656972,0.5757889,-0.022729918
654,0.5931306,0.04562642,0.093256675,0.07521367,0.4998739,-0.02958725
655,0.5322019,0.07489249,0.10172868,0.077239744,0.4304732,-0.0023472533
656,0.6227351,0.07498359,0.07456019,0.049516313,0.5481749,0.025467277
657,0.74408257,0.074734986,0.113026366,0.07723485,0.6310562,-0.0024998635
658,0.6053451,0.061018735,0.04437371,0.032753907,0.5609714,0.028264828
659,0.3805685,0.029899877,0.0700379,0.044232998,0.3105306,-0.0143331215
660,0.563769,0.07058543,0.10753139,0.060516477,0.45623758,0.010068953
661,0.83197856,0.07914866,0.14610238,0.08452049,0.6858762,-0.0053718314
662,0.27406344,0.022018803,0.031990588,0.018834194,0.24207285,0.003184609
663,0.6171628,0.07417921,0.10458423,0.077936314,0.5125786,-0.0037571043
664,0.28494716,0.07635478,0.054466426,0.037539344,0.23048073,0.038815435
665,0.46747777,0.07896938,0.0863121,0.06541984,0.38116568,0.013549544
666,0.23236787,0.1554567,0.068353795,0.05457289,0.16401407,0.10088381
667,0.4750133,0.046443854,0.07280586,0.039316483,0.40220743,0.0071273707
668,0.49055338,0.03565442,0.05948744,0.040753495,0.43106595,-0.005099077
669,0.40976,0.045404427,0.04093502,0.03236693,0.368825,0.013037495
670,0.22535819,0.07357485,0.043505017,0.03400901,0.18185318,0.03956584
671,0.5609905,0.050300755,0.09888153,0.077244096,0.46210897,-0.02694334
672,0.5942124,0.12936153,0.16954249,0.12518622,0.42466992,0.0041753054
673,0.8306519,0.1342165,0.15198997,0.1060697,0.67866194,0.028146803
674,0.1830527,0.035275932,0.04510446,0.029593015,0.13794824,0.0056829173
675,0.5107845,0.040437836,0.06823671,0.051227488,0.4425478,-0.010789651
676,0.31035993,0.012622781,0.03431979,0.024153361,0.27604014,-0.01153058
677,0.4432161,0.062626466,0.08942855,0.06926487,0.35378754,-0.0066384003
678,0.6183941,0.04873726,0.09899685,0.06684539,0.51939726,-0.018108126
679,0.76289564,0.08227131,0.11464391,0.078797884,0.6482517,0.0034734234
680,0.57900584,0.05688767,0.07917701,0.05342545,0.49982882,0.0034622215
681,0.5590569,0.1169297,0.1567519,0.11211858,0.40230498,0.004811123
682,0.78138065,0.046209294,0.06964298,0.049909525,0.7117377,-0.0037002303
683,0.40211332,0.015967645,0.060885362,0.03976301,0.34122795,-0.023795366
684,0.5612491,0.08027608,0.10878847,0.081194766,0.45246062,-0.0009186864
685,0.6173956,0.049591273,0.06675631,0.042110246,0.5506393,0.0074810274
686,0.68134874,0.05867255,0.10447518,0.06356185,0.57687354,-0.004889298
687,0.3932813,0.03709258,0.060784988,0.040966827,0.33249632,-0.003874246
688,0.20397478,0.014043584,0.014675056,0.010707041,0.18929973,0.0033365423
689,0.83960086,0.06731603,0.08309702,0.06175937,0.7565038,0.0055566616
690,0.482157,0.042661916,0.08256426,0.058665834,0.39959273,-0.016003918
691,0.75960124,0.12805699,0.15471184,0.11562751,0.6048894,0.012429476
692,0.6372146,0.053667136,0.07463149,0.050730515,0.5625831,0.0029366203
693,0.3341832,0.04913188,0.088373385,0.04944665,0.2458098,-0.0003147684
694,0.71691,0.08742838,0.12469856,0.09503952,0.5922114,-0.007611133
695,0.6980876,0.08078933,0.09901064,0.07369801,0.5990769,0.007091321
696,0.3033095,0.04470638,0.06372647,0.05399059,0.23958303,-0.009284209
697,0.6445009,0.06595863,0.09972402,0.07066128,0.5447769,-0.00470265
698,0.41807178,0.07850459,0.1045683,0.071838714,0.31350347,0.006665878
699,0.4715082,0.101146206,0.119896136,0.098317824,0.35161206,0.002828382
700,0.17559835,0.02052979,0.031331193,0.027761662,0.14426716,-0.0072318725
701,0.45378956,0.036087245,0.060856402,0.041763056,0.39293316,-0.0056758113
702,0.19468933,0.03468197,0.037113547,0.025485476,0.15757579,0.009196492
703,0.703207,0.05886199,0.10012861,0.06875078,0.6030784,-0.009888787
704,0.38651797,0.025575658,0.076009825,0.054507982,0.31050813,-0.028932324
705,0.65493155,0.07916821,0.12468664,0.100241974,0.5302449,-0.021073766
706,0.55883753,0.04019648,0.059379853,0.048217885,0.4994577,-0.008021407
707,0.43106934,0.07499249,0.10484245,0.07869811,0.3262269,-0.0037056208
708,0.6550391,0.057444695,0.109516166,0.07979176,0.5455229,-0.022347067
709,0.38771355,0.031004777,0.04086119,0.025471782,0.34685236,0.005532995
710,0.5078989,0.062378146,0.053103644,0.042434067,0.45479527,0.01994408
711,0.69544405,0.06338712,0.11345879,0.07505624,0.58198524,-0.011669122
712,0.5509014,0.11301814,0.14888391,0.116231024,0.4020175,-0.003212884
713,0.7227767,0.024240753,0.087923326,0.058317095,0.63485336,-0.03407634
714,0.56386256,0.07852826,0.09235254,0.06812678,0.47151002,0.01040148
715,0.5268029,0.11979045,0.096279405,0.074838236,0.43052348,0.044952214
716,0.5703397,0.0632015,0.1204587,0.08439411,0.449881,-0.02119261
717,0.5045981,0.028492922,0.10656126,0.068880506,0.39803684,-0.040387586
718,0.69577616,0.101679094,0.10423507,0.06314064,0.5915411,0.038538456
719,0.66821545,0.072644114,0.1009871,0.06376485,0.5672284,0.008879267
720,0.44703543,0.06155087,0.091014996,0.06921907,0.35602045,-0.007668197
721,0.41123807,0.08791192,0.12978342,0.083705544,0.28145465,0.0042063743
722,0.29617098,0.0387006,0.070216,0.047780704,0.22595498,-0.0090801045
723,0.41928628,0.07548039,0.10893426,0.07783927,0.31035203,-0.0023588836
724,0.7545348,0.06044933,0.10819737,0.07759821,0.6463374,-0.017148878
725,0.33388925,0.015869401,0.055661358,0.033180952,0.2782279,-0.01731155
726,0.53332996,0.083704524,0.13044155,0.08946743,0.40288842,-0.005762905
727,0.67563736,0.08599967,0.1344964,0.09518244,0.541141,-0.0091827735
728,0.4958324,0.08711919,0.09299506,0.066316344,0.40283734,0.020802848
729,0.25025684,0.0354545,0.05560124,0.045018487,0.1946556,-0.009563986
730,0.6636068,0.060461823,0.07974765,0.05624745,0.5838592,0.0042143725
731,0.52214324,0.052429665,0.09388401,0.067645945,0.42825922,-0.01521628
732,0.5698426,0.07252677,0.07605617,0.05265206,0.4937864,0.019874707
733,0.5349856,0.07951899,0.11093768,0.079508826,0.42404792,1.0162592e-05
734,0.67042917,0.10913769,0.12948403,0.09232819,0.5409452,0.0168095
735,0.887429,0.09929608,0.13189837,0.10081655,0.7555306,-0.0015204698
736,0.18208711,0.081522115,0.054198463,0.039341472,0.12788865,0.042180642
737,0.8949157,0.116114415,0.13149533,0.09946491,0.76342034,0.016649507
738,0.743909,0.04173652,0.08151564,0.0505594,0.66239333,-0.008822881
739,0.3653772,0.0410876,0.06870906,0.053374164,0.2966681,-0.0122865625
740,0.69028455,0.09723856,0.12907663,0.098654315,0.5612079,-0.0014157519
741,0.41168028,0.04442769,0.06715067,0.048544697,0.34452963,-0.0041170083
742,0.59672,0.057311937,0.10692227,0.077389345,0.4897977,-0.020077407
743,0.615549,0.11016076,0.1369023,0.09995109,0.47864673,0.010209672
744,0.5914765,0.07027117,0.10024153,0.073005736,0.49123496,-0.0027345642
745,0.4829441,0.06380809,0.06522194,0.045899246,0.41772217,0.017908845
746,0.6739297,0.11560607,0.15626407,0.119197585,0.5176656,-0.0035915151
747,0.34105754,0.0044187997,0.03806846,0.022946388,0.30298907,-0.018527588
748,0.63352376,0.05727466,0.08388363,0.06448701,0.5496401,-0.007212352
749,0.23053,0.012792046,0.026474724,0.026656732,0.20405526,-0.013864686
750,0.30963457,0.016084583,0.05260836,0.035171557,0.2570262,-0.019086974
751,0.7039994,0.030760178,0.06438014,0.047904402,0.63961923,-0.017144224
752,0.54869556,0.04949795,0.10631834,0.06468268,0.4423772,-0.015184727
753,0.065477,0.10719788,0.027579248,0.01079144,0.03789775,0.096406445
754,0.6361095,0.07543832,0.11231671,0.081723295,0.52379274,-0.0062849745
755,0.6006094,0.0420248,0.071761176,0.047850676,0.52884823,-0.005825877
756,0.3202185,0.037699025,0.05081587,0.03516387,0.26940262,0.002535157
757,0.4269695,0.10130157,0.08840326,0.06357988,0.33856624,0.037721694
758,0.59139204,0.05941455,0.10127517,0.07228879,0.49011686,-0.012874238
759,0.27421483,0.038623694,0.07234143,0.04454345,0.2018734,-0.0059197545
760,0.46898985,0.090869375,0.08327772,0.07068644,0.38571215,0.020182937
761,0.39999518,0.05286591,0.10137384,0.07396446,0.29862136,-0.02109855
762,0.6585059,0.08889664,0.13849875,0.09511669,0.52000713,-0.00622005
763,0.71015847,0.090947144,0.1286574,0.094867766,0.58150107,-0.003920622
764,0.5507702,0.0531048,0.07082337,0.05466632,0.47994685,-0.0015615225
765,0.41052517,0.058173113,0.062670715,0.043511994,0.34785447,0.014661118
766,0.2599719,0.059887063,0.0678031,0.049162634,0.19216879,0.010724429
767,0.44697142,0.08230684,0.0808748,0.05561722,0.36609662,0.026689619
768,0.7436396,0.08887643,0.12183031,0.099282995,0.6218093,-0.010406561
769,0.54153615,0.013949443,0.0703647,0.049501963,0.47117144,-0.03555252
770,0.38239196,0.084886715,0.07480933,0.05045085,0.30758262,0.034435865
771,0.5352602,0.09901235,0.09953196,0.06648151,0.43572825,0.032530844
772,0.61047125,0.08455448,0.0832679,0.06239436,0.5272033,0.02216012
773,0.7299994,0.07879007,0.12781508,0.085773066,0.60218436,-0.006982997
774,0.48981312,0.10037653,0.087920554,0.05939438,0.40189257,0.040982153
775,0.61812377,0.08116817,0.1424051,0.09811084,0.47571868,-0.016942672
776,0.7242368,0.08786534,0.086659916,0.06802696,0.6375769,0.019838378
777,0.80750287,0.07275952,0.09750499,0.084528126,0.7099979,-0.011768609
778,0.3760263,0.05157455,0.09048567,0.072032854,0.28554064,-0.020458303
779,0.48000348,0.048866455,0.066384085,0.045163102,0.4136194,0.003703352
780,0.33925176,0.075687945,0.08514317,0.06148426,0.25410858,0.014203686
781,0.58276534,0.056457903,0.09912608,0.06915715,0.48363927,-0.01269925
782,0.46026585,0.0759615,0.10186645,0.06986041,0.3583994,0.0061010867
783,0.42911735,0.053954948,0.06560625,0.05280738,0.3635111,0.0011475682
784,0.55337393,0.047232997,0.072946474,0.05931478,0.48042744,-0.012081783
785,0.39114985,0.10686972,0.117051624,0.09013875,0.27409822,0.016730972
786,0.8003598,0.05493977,0.09103564,0.062014334,0.7093241,-0.0070745647
787,0.46067578,0.07298143,0.070038274,0.053975426,0.39063752,0.019006006
788,0.5946796,0.059017878,0.07311727,0.04694984,0.52156234,0.012068037
789,0.6812142,0.08344192,0.06972505,0.055700682,0.6114892,0.027741238
790,0.30900845,0.02480409,0.05462631,0.03947255,0.25438213,-0.014668461
791,0.27609104,0.056042068,0.051487274,0.037808947,0.22460377,0.01823312
792,0.4314272,0.122127555,0.07852243,0.058990218,0.3529048,0.06313734
793,0.3761578,0.04155745,0.063664645,0.04605422,0.31249315,-0.004496772
794,0.7019895,0.06320401,0.10348278,0.08073507,0.5985067,-0.01753106
795,0.3803343,0.08072195,0.06418772,0.039364066,0.31614655,0.041357886
796,0.45916662,0.044038977,0.08043813,0.046401035,0.37872848,-0.0023620576
797,0.46107465,-0.009180855,0.058624376,0.042785484,0.40245026,-0.05196634
798,0.5367933,0.08275975,0.09463419,0.064351924,0.44215912,0.01840783
799,0.385369,0.053860653,0.08012434,0.05904805,0.30524465,-0.005187396
800,0.7098753,0.08128629,0.120724164,0.08095036,0.58915114,0.00033593178
801,0.6807177,0.084151626,0.106272794,0.079206094,0.5744449,0.0049455315
802,0.66975516,0.13541813,0.15702157,0.11401447,0.5127336,0.021403663
803,0.26764986,0.016635083,0.021031292,0.014152991,0.24661857,0.002482092
804,0.6907992,0.10273159,0.107846715,0.082290374,0.58295244,0.02044122
805,0.36130494,0.016863806,0.033240296,0.0247809,0.32806465,-0.007917093
806,0.36504897,0.042683206,0.05769859,0.038882382,0.3073504,0.0038008243
807,0.70626545,0.10638636,0.13264468,0.09341835,0.5736208,0.012968011
808,0.5961117,0.07736012,0.114089206,0.0815558,0.48202252,-0.0041956753
809,0.26801363,0.07206263,0.04984107,0.033592623,0.21817255,0.038470004
810,0.40101677,0.047030095,0.07133075,0.0471209,0.32968602,-9.080395e-05
811,0.56236106,0.040500738,0.077230915,0.040418647,0.48513013,8.20905e-05
812,0.47702214,0.05529101,0.07698139,0.057797886,0.40004075,-0.0025068782
813,0.658926,0.10805835,0.14434478,0.1069354,0.5145812,0.0011229515
814,0.37021562,0.06860965,0.09083536,0.057956494,0.27938026,0.010653153
815,0.42388287,0.010796833,0.099680446,0.061286867,0.32420242,-0.050490033
816,0.6075515,0.056002095,0.07582464,0.055672944,0.5317269,0.00032915175
817,0.6459877,0.009805856,0.040223304,0.029591719,0.6057644,-0.019785862
818,0.6085169,0.057539,0.06408635,0.048829656,0.5444305,0.008709345
819,0.27996668,0.022794727,0.032531373,0.02208155,0.2474353,0.000713177
820,0.4201619,0.05893016,0.07735516,0.047515914,0.34280676,0.011414245
821,0.80381054,0.037779756,0.1174619,0.06873331,0.6863486,-0.030953556
822,0.038082678,0.033657946,0.015286261,0.0115737775,0.022796417,0.02208417
823,0.4970215,0.061239805,0.092465416,0.064601675,0.4045561,-0.0033618696
824,0.44566292,0.042382322,0.06853678,0.046349514,0.37712613,-0.003967192
825,0.47695637,0.06668054,0.048596747,0.038080126,0.42835963,0.028600417
826,0.44982502,0.05880966,0.066235185,0.03846913,0.38358983,0.020340532
827,0.70295054,0.07504817,0.12033387,0.08427864,0.5826167,-0.009230472
828,0.4982461,0.08915722,0.117414616,0.08661617,0.38083148,0.0025410503
829,0.4502545,0.05475338,0.059103865,0.0405164,0.39115062,0.014236983
830,0.55263776,0.040966038,0.08210425,0.05925429,0.4705335,-0.018288251
831,0.5289665,0.0672006,0.091701545,0.056505896,0.43726495,0.010694705
832,0.5441255,0.032791376,0.1134037,0.07188909,0.4307218,-0.03909771
833,0.39492962,0.0038278685,0.031075697,0.020525603,0.36385393,-0.016697735
834,0.30914488,0.028723976,0.048697274,0.033811875,0.26044762,-0.005087899
835,0.412886,0.082844116,0.09528325,0.07179109,0.31760275,0.011053026
836,0.3832778,0.024559142,0.055900026,0.044209953,0.32737777,-0.019650811
837,0.6009229,0.055581357,0.1139369,0.07784249,0.48698598,-0.022261132
838,0.5784852,0.06208705,0.0822369,0.05780316,0.4962483,0.00428389
839,0.6471042,0.08440791,0.104911074,0.0751281,0.5421931,0.00927981
840,0.4967317,0.04850041,0.06250255,0.049273923,0.43422914,-0.0007735118
841,0.35006508,0.082726024,0.052977223,0.034682367,0.29708785,0.048043657
842,0.47070527,0.08302671,0.088730976,0.061741658,0.38197428,0.02128505
843,0.63495374,0.057676826,0.10175584,0.06625174,0.5331979,-0.008574914
844,0.6312794,0.06370726,0.10233065,0.07137239,0.5289488,-0.0076651275
845,0.40641105,0.106093556,0.069865026,0.06130714,0.33654603,0.044786416
846,0.5047651,0.04553118,0.104905225,0.07830341,0.39985988,-0.03277223
847,0.48705617,0.06666457,0.08913273,0.06008341,0.39792344,0.0065811574
848,0.43626076,0.08344912,0.081143975,0.053755186,0.35511678,0.029693931
849,0.496796,0.1546101,0.11524139,0.08600786,0.3815546,0.068602234
850,0.7899882,0.08103226,0.10375527,0.08165115,0.6862329,-0.0006188899
851,0.5488861,0.07920217,0.12915298,0.08472003,0.41973314,-0.0055178627
852,0.24141611,-0.010314968,0.047495786,0.03439529,0.19392033,-0.044710256
853,0.5516277,0.16418497,0.091929875,0.05422806,0.4596978,0.10995691
854,0.59494877,0.06289498,0.1078679,0.06607661,0.48708087,-0.0031816289
855,0.77562386,0.061308175,0.11451199,0.07432184,0.6611119,-0.013013668
856,0.62977785,0.07940049,0.12055321,0.08453082,0.50922465,-0.0051303357
857,0.68373984,0.09723242,0.15561682,0.11474607,0.528123,-0.017513648
858,0.7297314,0.052587625,0.09383927,0.05941242,0.6358921,-0.006824795
859,0.31518996,0.027397567,0.047428943,0.031807356,0.26776102,-0.004409788
860,0.46775413,0.08346788,0.06022655,0.047738127,0.40752757,0.03572975
861,0.7464984,0.1092753,0.1289882,0.08749331,0.6175102,0.021781988
862,0.49116507,0.028256377,0.057774045,0.041334286,0.43339103,-0.013077909
863,0.7860883,0.058499284,0.12393141,0.08620916,0.6621569,-0.027709879
864,0.5931674,0.054302976,0.10068724,0.07200726,0.4924802,-0.017704286
865,0.4642256,0.053530786,0.0655571,0.042949248,0.3986685,0.010581538
866,0.38137078,0.036550976,0.09388689,0.06893879,0.2874839,-0.032387815
867,0.5176496,0.054320335,0.116718434,0.078387424,0.40093115,-0.024067089
868,0.29229242,0.044314276,0.08490975,0.053525727,0.20738266,-0.009211451
869,0.7442843,0.08941341,0.12589101,0.082996644,0.61839324,0.006416768
870,0.5804996,0.038623802,0.04308553,0.030249592,0.5374141,0.00837421
871,0.57132936,0.06040781,0.10790119,0.07201661,0.46342817,-0.011608802
872,0.40889826,0.022259384,0.06629509,0.044216454,0.34260318,-0.02195707
873,0.4802472,0.049639814,0.089620814,0.06599731,0.39062637,-0.016357496
874,0.5412431,0.0730595,0.10282606,0.07103033,0.43841702,0.0020291656
875,0.2953112,0.046574328,0.051790588,0.035775416,0.24352062,0.0107989125
876,0.70677143,0.12101686,0.15167615,0.11796309,0.5550953,0.0030537695
877,0.29399604,0.05710592,0.059744775,0.04013983,0.23425126,0.01696609
878,0.50716394,0.073448636,0.07590922,0.05321437,0.4312547,0.020234264
879,0.70249367,0.08986989,0.11985682,0.08343215,0.58263683,0.006437734
880,0.40693015,0.040610082,0.04740788,0.031138295,0.35952228,0.009471787
881,0.3717988,0.01978098,0.023361245,0.016384868,0.34843758,0.0033961125
882,0.63602054,0.095865674,0.115644254,0.0734673,0.52037627,0.022398375
883,0.26663545,0.040835116,0.085636854,0.056334533,0.1809986,-0.015499417
884,0.584073,0.06242379,0.09469849,0.066000156,0.48937452,-0.0035763644
885,0.5921603,0.09468131,0.09720415,0.07207355,0.49495614,0.022607759
886,0.36952662,0.052355055,0.06505909,0.045520477,0.30446753,0.006834578
887,0.5535559,0.06202612,0.10226369,0.06821701,0.45129222,-0.0061908886
888,0.31907105,0.030567005,0.06414966,0.04417988,0.25492138,-0.013612874
889,0.6479318,0.067760006,0.10364691,0.06831502,0.5442849,-0.0005550161
890,0.7693412,0.06831747,0.09315759,0.063939676,0.6761836,0.0043777972
891,0.3403308,0.02166223,0.034040872,0.02195708,0.30628994,-0.00029485114
892,0.47863328,0.049584925,0.07258429,0.050077833,0.406049,-0.00049290806
893,0.48208424,0.07392572,0.11108516,0.075089335,0.3709991,-0.0011636168
894,0.48378235,0.06433207,0.09246044,0.06429969,0.3913219,3.2380223e-05
895,0.5372011,0.07927536,0.09376124,0.06757395,0.44343987,0.0117014125
896,0.64480716,0.11869382,0.12864906,0.09459818,0.5161581,0.02409564
897,0.31425416,0.031037187,0.055338852,0.0409145,0.2589153,-0.009877311
898,0.43433467,0.1038363,0.12452163,0.09379232,0.30981302,0.010043979
899,0.51091653,0.15478347,0.15913972,0.12560245,0.3517768,0.029181018
900,0.5252402,0.11377118,0.11137533,0.08152713,0.41386485,0.03224405
901,0.24955375,0.11303205,0.07889559,0.057309866,0.17065817,0.055722184
902,0.6181763,0.08920198,0.118983306,0.07467481,0.49919298,0.014527172
903,0.492233,0.055877987,0.06816265,0.052794814,0.42407036,0.0030831732
904,0.24100292,0.0129245315,0.05076625,0.033287935,0.19023667,-0.020363403
905,0.879487,0.12047735,0.1777546,0.13075021,0.7017324,-0.0102728605
906,0.4402894,0.073572375,0.12404356,0.07850863,0.31624585,-0.0049362555
907,0.4539708,0.023341373,0.0671446,0.040250227,0.3868262,-0.016908854
908,0.75857323,0.11369131,0.17096622,0.12550084,0.587607,-0.011809535
909,0.5409789,0.021013562,0.068792686,0.04935552,0.4721862,-0.02834196
910,0.50142837,0.05235042,0.07159247,0.055553675,0.4298359,-0.0032032542
911,0.44076553,0.049430836,0.09187508,0.06979302,0.34889045,-0.020362187
912,0.3398957,0.016975239,0.061747253,0.039464455,0.27814844,-0.022489216
913,0.5402499,0.015427104,0.046972856,0.031947415,0.493277,-0.01652031
914,0.8487461,0.06383208,0.12172037,0.084309876,0.72702575,-0.020477794
915,0.6231877,0.11026464,0.11118303,0.080152065,0.5120047,0.030112572
916,0.2680854,0.060140017,0.07624952,0.052907884,0.19183588,0.0072321333
917,0.5966093,0.062390048,0.09714868,0.06385653,0.4994606,-0.0014664792
918,0.59697974,0.06761035,0.11045716,0.07702573,0.4865226,-0.009415373
919,0.38462034,0.04675394,0.054509293,0.03319461,0.33011106,0.01355933
920,0.32188964,0.017584175,0.059960812,0.04093463,0.26192883,-0.023350455
921,0.6281868,0.08017366,0.08191841,0.057559025,0.5462684,0.022614632
922,0.45127448,0.04749407,0.053033493,0.03593301,0.39824098,0.011561058
923,0.55650043,0.08962893,0.13548219,0.09865068,0.42101824,-0.009021752
924,0.5046973,0.01877993,0.06567269,0.044028867,0.43902463,-0.025248937
925,0.43707052,0.040241767,0.072264925,0.04409015,0.36480558,-0.003848385
926,0.7441007,0.066644825,0.10521217,0.08256682,0.63888854,-0.015921995
927,0.61856747,0.07476245,0.10064957,0.079609916,0.5179179,-0.004847467
928,0.57422805,0.05243642,0.098057315,0.07892449,0.47617072,-0.026488073
929,0.49171352,0.064899504,0.07398192,0.059907157,0.4177316,0.004992347
930,0.3100122,0.117642626,0.09081583,0.07061376,0.21919636,0.04702887
931,0.3940387,0.04524229,0.09043257,0.061564535,0.30360615,-0.016322244
932,0.6108505,0.043237906,0.08640757,0.07142536,0.5244429,-0.028187457
933,0.5299974,0.03081112,0.07946428,0.04810414,0.45053312,-0.017293021
934,0.4500477,0.0735608,0.06650392,0.047513623,0.3835438,0.026047174
935,0.49775255,0.03327226,0.06622584,0.049131,0.43152672,-0.01585874
936,0.3492378,0.032297388,0.055891126,0.0365439,0.29334667,-0.0042465106
937,0.7093479,0.070182346,0.11954334,0.08112411,0.5898046,-0.010941766
938,0.6182386,0.04710766,0.08458905,0.058146942,0.53364956,-0.011039283
939,0.6746264,0.073874496,0.13033214,0.095293745,0.54429424,-0.02141925
940,0.60910434,0.093220495,0.093425706,0.07102043,0.51567864,0.022200063
941,0.39250606,0.056964133,0.08379947,0.05553599,0.30870658,0.0014281422
942,0.33958763,0.048364013,0.071319625,0.05118797,0.268268,-0.0028239563
943,0.69804215,0.1153992,0.1890569,0.14158031,0.5089853,-0.026181117
944,0.5921636,0.07242323,0.09776844,0.0778051,0.4943952,-0.0053818747
945,0.4153901,0.03369144,0.06179207,0.0481974,0.35359803,-0.01450596
946,0.46687055,0.028221263,0.054416455,0.045836966,0.4124541,-0.017615704
947,0.5517573,0.07924997,0.09847226,0.06281359,0.453285,0.016436383
948,0.7456515,0.09835916,0.10053303,0.07509048,0.6451185,0.023268677
949,0.45990586,0.067996904,0.09827856,0.06472095,0.3616273,0.0032759532
950,0.23558705,0.008648084,0.029161561,0.020778451,0.20642549,-0.012130368
951,0.3439341,0.04409202,0.05680325,0.039487027,0.28713083,0.0046049915
952,0.26461157,-0.0076992526,0.042444974,0.022744345,0.2221666,-0.030443598
953,0.6786012,0.09636685,0.15976375,0.11167693,0.51883745,-0.015310079
954,0.55999756,0.091658875,0.120519914,0.07542774,0.43947765,0.016231135
955,0.39826095,0.04740779,0.072050564,0.055262037,0.32621038,-0.007854246
956,0.5734953,0.060832214,0.09464211,0.06250614,0.47885323,-0.0016739257
957,0.43890983,0.024360172,0.101516865,0.0630159,0.33739296,-0.038655728
958,0.54149026,0.07461875,0.09047729,0.056108266,0.45101297,0.018510483
959,0.6687249,0.022581745,0.058178354,0.03893853,0.6105465,-0.016356785
960,0.66557264,0.06490034,0.10011639,0.0681086,0.5654563,-0.0032082647
961,0.58470136,0.065866694,0.09607498,0.07266103,0.48862636,-0.0067943335
962,0.69030285,0.098738134,0.11592555,0.09080316,0.5743773,0.007934973
963,0.42799237,0.06381195,0.06962164,0.053888924,0.35837072,0.009923026
964,0.46982616,0.05612871,0.08246591,0.059644483,0.38736024,-0.0035157725
965,0.64665383,0.09711483,0.13221334,0.099392205,0.5144405,-0.0022773743
966,0.65574324,0.09475946,0.12652884,0.094556324,0.5292144,0.00020313263
967,0.67569923,0.051920973,0.08310853,0.06373979,0.5925907,-0.011818819
968,0.33795974,0.052294496,0.070623085,0.045438625,0.26733667,0.0068558715
969,0.4316009,0.087036595,0.06632046,0.044328373,0.36528045,0.04270822
970,0.7182922,0.07126698,0.09290241,0.058399804,0.62538975,0.012867175
971,0.21029302,0.016823445,0.032203622,0.020568341,0.17808941,-0.0037448965
972,0.3491733,0.055350885,0.07346939,0.050214518,0.2757039,0.005136367
973,0.60563767,0.0591029,0.11015763,0.0626354,0.49548003,-0.003532499
974,0.6257871,0.089145154,0.078960076,0.060114346,0.546827,0.029030807
975,0.49703574,0.039025933,0.08909978,0.06162555,0.40793598,-0.022599619
976,0.4826477,0.049258735,0.071414486,0.05191498,0.4112332,-0.0026562437
977,0.5834569,0.08285203,0.08971834,0.06824954,0.49373853,0.01460249
978,0.56894755,0.07057355,0.062097352,0.045888208,0.5068502,0.024685346
979,0.31066188,0.021784717,0.067556046,0.047931116,0.24310583,-0.026146399
980,0.39047867,0.06782984,0.10741124,0.07372056,0.28306744,-0.0058907196
981,0.3406893,0.049827002,0.06131063,0.051259935,0.27937868,-0.0014329329
982,0.42968956,0.06561657,0.073798686,0.048067205,0.35589087,0.017549366
983,0.58763564,0.12230006,0.1527894,0.10146143,0.43484622,0.020838626
984,0.5965114,0.07140907,0.09423414,0.07707584,0.50227726,-0.00566677
985,0.7153817,0.107099645,0.14272164,0.10998346,0.57266,-0.0028838143
986,0.5791508,0.09680892,0.10713979,0.08343301,0.472011,0.013375908
987,0.30804974,0.064149834,0.062252186,0.037712634,0.24579754,0.0264372
988,0.6134197,0.039992478,0.085966036,0.06798892,0.52745366,-0.02799644
989,0.4627518,0.103734374,0.12927163,0.08757536,0.33348018,0.016159013
990,0.44745794,0.064683855,0.0661208,0.04747923,0.38133714,0.017204624
991,0.67658055,0.056639954,0.06916563,0.05068385,0.6074149,0.005956106
992,0.60161954,0.06518267,0.09760557,0.07545465,0.50401396,-0.010271981
993,0.25951415,0.016991947,0.058610428,0.031389378,0.20090373,-0.014397431
994,0.73173755,0.06748111,0.07224271,0.052149557,0.6594949,0.015331551
995,0.6505234,0.06955369,0.094919026,0.067863226,0.5556044,0.0016904622
996,0.5111739,0.087716095,0.079338945,0.055808205,0.43183497,0.03190789
997,0.31671166,0.022458503,0.036814347,0.028140586,0.27989733,-0.005682083
998,0.53288496,0.03212969,0.045923047,0.036155593,0.4869619,-0.0040259026
999,0.14425589,0.037181307,0.038626805,0.03195298,0.10562909,0.0052283257
1000,0.4529991,0.098382875,0.108680725,0.075628735,0.34431836,0.02275414
1001,0.62302965,0.09947573,0.13629316,0.105966784,0.48673648,-0.0064910576
1002,0.05308065,-0.026676571,0.029452454,0.019044975,0.023628194,-0.045721546
1003,0.53279334,0.039430276,0.07512529,0.05431497,0.45766807,-0.014884695
1004,0.5458328,0.05729591,0.06606148,0.04835868,0.47977132,0.008937232
1005,0.6316337,0.027301969,0.10119734,0.06413375,0.53043634,-0.03683178
1006,0.5518886,0.070220545,0.07917838,0.051256847,0.4727102,0.018963698
1007,0.7238379,0.0868319,0.10341865,0.08071425,0.62041926,0.0061176494
1008,0.46819308,0.050467696,0.061379183,0.046540726,0.4068139,0.00392697
1009,0.64729124,0.14990099,0.18492612,0.13171177,0.46236512,0.018189222
1010,0.45200956,0.049596816,0.0725532,0.04924325,0.37945634,0.0003535673
1011,0.8760228,0.047829244,0.08822511,0.060510594,0.7877977,-0.01268135
1012,0.24320048,0.032502107,0.049284708,0.032950334,0.19391577,-0.00044822693
1013,0.33402508,0.034908045,0.044896208,0.03083514,0.28912887,0.0040729046
1014,0.7591864,0.20300335,0.17106006,0.13897939,0.5881263,0.06402396
1015,0.43062618,0.026898876,0.08046344,0.05818183,0.35016274,-0.031282954
1016,0.5638304,0.024391443,0.078508005,0.046328317,0.48532236,-0.021936875
1017,0.53794116,0.06144491,0.07735075,0.055680353,0.46059042,0.005764555
1018,0.45246106,0.074503236,0.089013174,0.059584856,0.3634479,0.0149183795
1019,0.42342058,0.038088992,0.06618431,0.04506259,0.35723627,-0.006973598
1020,0.37227514,0.020470489,0.08491616,0.061861265,0.287359,-0.041390777
1021,0.5410795,0.070312954,0.085681126,0.06320076,0.45539838,0.0071121976
1022,0.5925933,0.0359977,0.05805245,0.04525197,0.5345409,-0.009254269
1023,0.56724674,0.080268875,0.09685067,0.07260026,0.47039607,0.0076686144
1024,0.5571517,0.040199105,0.10925398,0.07445963,0.4478977,-0.034260523
1025,0.57632446,0.21762623,0.15319851,0.09359675,0.42312595,0.12402948
1026,0.22134869,0.020402234,0.032639164,0.021341398,0.18870953,-0.0009391643
1027,0.3028263,0.012254792,0.06538571,0.035046823,0.23744059,-0.02279203
1028,0.49189803,0.07302576,0.10973944,0.07351105,0.38215858,-0.00048528612
1029,0.17833619,0.004847562,0.030281967,0.026064536,0.14805423,-0.021216974
1030,0.21222162,0.0053544403,0.056527615,0.041655857,0.15569401,-0.036301415
1031,0.6191159,0.00390973,0.0717956,0.04864421,0.5473203,-0.04473448
1032,0.6898333,0.10881677,0.13174906,0.10077536,0.55808425,0.008041412
1033,0.5379535,0.03370667,0.09701538,0.06566525,0.44093812,-0.031958584
1034,0.5930759,0.048678588,0.08423876,0.05498712,0.5088371,-0.0063085333
1035,0.49744204,0.06562846,0.08953369,0.07150937,0.40790835,-0.005880907
1036,0.544694,0.057165157,0.16071369,0.10137479,0.38398033,-0.044209633
1037,0.47460932,0.026707327,0.05104084,0.03583858,0.4235685,-0.009131255
1038,0.59471595,0.096367486,0.107481934,0.078703865,0.48723403,0.01766362
1039,0.149074,0.19060457,0.019281527,0.006751207,0.12979248,0.18385336
1040,0.56462616,0.08384251,0.09294374,0.07041852,0.47168243,0.013423987
1041,0.2847377,0.041875795,0.07023481,0.057155885,0.2145029,-0.01528009
1042,0.8624501,0.10366327,0.16767475,0.11795547,0.69477534,-0.014292195
1043,0.73903006,0.07624283,0.10095688,0.07345979,0.6380732,0.0027830377
1044,0.29493243,0.006989312,0.06706938,0.04090192,0.22786304,-0.03391261
1045,0.5651101,0.10672975,0.12867114,0.08989598,0.43643895,0.016833775
1046,0.45074603,0.06927652,0.07893301,0.061864473,0.37181303,0.007412046
1047,0.78443056,0.09123627,0.14459035,0.09732731,0.63984025,-0.006091036
1048,0.45134172,0.12098038,0.12472846,0.09789413,0.32661325,0.02308625
1049,0.54330564,0.05532681,0.06689683,0.04663216,0.4764088,0.008694649
1050,0.7117147,0.056657996,0.09379925,0.060887028,0.61791545,-0.0042290315
1051,0.6324171,0.12621686,0.13615325,0.092857674,0.49626383,0.033359185
1052,0.610562,0.05742173,0.08235761,0.05681507,0.52820444,0.0006066598
1053,0.2622804,0.031060843,0.05333816,0.041658103,0.20894225,-0.010597261
1054,0.34279838,0.019035185,0.0488107,0.029540334,0.2939877,-0.010505149
1055,0.37321422,0.05650216,0.06981284,0.05565406,0.30340138,0.0008480996
1056,0.31936517,0.019188462,0.040123336,0.025410634,0.27924183,-0.0062221717
1057,0.5376809,0.042788938,0.064434685,0.04767588,0.47324625,-0.004886944
1058,0.5874303,0.1392829,0.10758661,0.076647565,0.47984368,0.06263533
1059,0.2717029,0.0034527567,0.062837616,0.036874063,0.20886527,-0.033421308
1060,0.6214244,0.103716485,0.07390843,0.043988,0.5475159,0.059728485
1061,0.6075266,0.06590865,0.12452587,0.08751473,0.48300073,-0.02160608
1062,0.5679844,0.06719254,0.09922366,0.0622705,0.46876073,0.00492204
1063,0.58997095,0.04089722,0.099472426,0.06653567,0.4904985,-0.025638446
1064,0.6256002,0.083058394,0.13850403,0.09616949,0.4870962,-0.013111092
1065,0.51541483,0.060826793,0.084287345,0.057026792,0.4311275,0.003800001
1066,0.34382412,0.029769938,0.05594299,0.045263648,0.28788114,-0.01549371
1067,0.42267084,0.038902983,0.05812019,0.0459132,0.36455065,-0.0070102178
1068,0.37742057,0.058508437,0.062043004,0.04164813,0.31537756,0.016860306
1069,0.46722886,0.03617222,0.065283015,0.046049327,0.40194583,-0.009877108
1070,0.5999193,0.06173757,0.115226224,0.07364522,0.4846931,-0.011907648
1071,0.45195997,0.03902816,0.04842137,0.035473697,0.40353858,0.0035544634
1072,0.7522141,0.094305985,0.14159572,0.10492327,0.61061835,-0.010617286
1073,0.27272803,0.12284359,0.08902311,0.059862424,0.18370491,0.06298117
1074,0.51663834,0.085349895,0.096258454,0.06614093,0.42037988,0.019208968
1075,0.42678392,0.044472408,0.06309478,0.038946867,0.36368912,0.0055255406
1076,0.6090685,0.056764092,0.12605204,0.07681198,0.4830165,-0.020047884
1077,0.4610983,0.06914093,0.06878634,0.05072723,0.392312,0.018413704
1078,0.47771323,0.073155105,0.09532239,0.06526886,0.38239083,0.007886246
1079,0.66007227,0.093448,0.11065736,0.08069466,0.54941493,0.012753338
1080,0.77945465,0.057577286,0.11271638,0.08013578,0.6667383,-0.022558492
1081,0.38109168,0.023448084,0.03917803,0.026557839,0.34191364,-0.003109755
1082,0.6087835,0.08015583,0.096980765,0.07199891,0.51180273,0.008156918
1083,0.520719,0.06219913,0.071492136,0.053777374,0.44922686,0.008421756
1084,0.676018,0.04879073,0.08696192,0.06019956,0.5890561,-0.011408828
1085,0.2984277,0.04020461,0.055565853,0.042806964,0.24286185,-0.0026023537
1086,0.61647546,0.09153304,0.1439521,0.10116051,0.47252336,-0.009627469
1087,0.5272981,0.0320389,0.08069679,0.05615769,0.4466013,-0.024118789
1088,0.23663487,0.03521754,0.05397244,0.04164263,0.18266243,-0.00642509
1089,0.5411196,0.075573005,0.11070472,0.08158585,0.43041486,-0.006012842
1090,0.6837121,0.06835542,0.12303698,0.07465421,0.56067514,-0.006298788
1091,0.4464713,0.037841793,0.102558136,0.067670375,0.34391317,-0.029828582
1092,0.82813674,0.09147011,0.1339221,0.100992024,0.69421464,-0.0095219165
1093,0.64855415,0.040426996,0.06757342,0.041658115,0.5809807,-0.001231119
1094,0.59001535,-0.00060773006,0.05983206,0.036409147,0.5301833,-0.037016876
1095,0.63208634,0.08834899,0.08370823,0.051092394,0.5483781,0.0372566
1096,0.7222197,0.102715485,0.15503033,0.10559132,0.5671894,-0.0028758347
1097,0.15863124,0.026023902,0.054313384,0.03991947,0.10431785,-0.0138955675
1098,0.18889311,0.024530968,0.048295777,0.034311317,0.14059733,-0.009780349
1099,0.45891038,0.10416126,0.10775606,0.078124925,0.35115433,0.026036337
1100,0.31679025,0.018867722,0.07946313,0.05141293,0.23732713,-0.03254521
1101,0.49080837,0.00872441,0.06824593,0.039548974,0.42256242,-0.030824564
1102,0.68210363,0.09571453,0.13701633,0.09611368,0.54508734,-0.00039914995
1103,0.6008133,0.08448949,0.11554283,0.08163734,0.4852705,0.0028521493
1104,0.7296988,0.19153844,0.16960822,0.12528193,0.56009054,0.06625651
1105,0.5235546,0.04028597,0.06633343,0.04650389,0.4572212,-0.0062179193
1106,0.48672965,0.0475208,0.116201475,0.06321721,0.37052816,-0.015696406
1107,0.36247993,0.02077125,0.0642869,0.042334344,0.29819304,-0.021563094
1108,0.8815035,0.12699948,0.19316432,0.13835962,0.68833923,-0.011360139
1109,0.56640565,0.07810017,0.09165082,0.06640618,0.47475484,0.011693984
1110,0.49035117,0.068569146,0.07393808,0.058065016,0.4164131,0.01050413
1111,0.54120296,0.05000737,0.09790055,0.067483224,0.44330242,-0.017475855
1112,0.6715003,0.033816658,0.07993858,0.053366173,0.59156173,-0.019549515
1113,0.16981292,0.037003048,0.04708644,0.03392636,0.12272648,0.0030766875
1114,0.28982368,0.00392177,0.033207834,0.015790468,0.25661585,-0.0118686985
1115,0.5835669,0.08553744,0.08302595,0.061875034,0.500541,0.023662407
1116,0.65517104,0.05720107,0.08223133,0.06069979,0.5729397,-0.0034987219
1117,0.4937538,0.041528713,0.076987,0.05367891,0.4167668,-0.012150198
1118,0.5355211,0.05200784,0.09131481,0.0586089,0.4442063,-0.0066010617
1119,0.050809994,-0.037781578,0.013970351,0.013205809,0.03683964,-0.050987385
1120,0.17984809,0.034224037,0.04166095,0.027713845,0.13818714,0.0065101925
1121,0.55122,0.07855229,0.11947475,0.08349438,0.43174526,-0.0049420893
1122,0.58475673,0.067631885,0.078778796,0.056345217,0.5059779,0.0112866685
1123,0.70678425,0.013901618,0.08202946,0.05603359,0.6247548,-0.04213197
1124,0.54824626,0.10944924,0.12425429,0.08872109,0.42399198,0.020728149
1125,0.08902585,-0.037607517,0.027876198,0.017865386,0.06114965,-0.055472903
1126,0.47413716,0.056618553,0.069033064,0.053628325,0.4051041,0.0029902272
1127,0.68089086,0.061523076,0.10581658,0.07820695,0.57507426,-0.016683873
1128,0.16770786,0.021626877,0.027841875,0.017376967,0.13986598,0.00424991
1129,0.694285,0.0723107,0.14229552,0.096773684,0.55198944,-0.024462983
1130,0.5000252,0.0878515,0.10354807,0.07373349,0.39647713,0.014118008
1131,0.8054103,0.09495484,0.15526955,0.108672485,0.65014076,-0.013717644
1132,0.71153724,0.09814029,0.13865367,0.113756634,0.5728836,-0.015616342
1133,0.8078722,0.11916023,0.16609496,0.11471772,0.6417772,0.0044425055
1134,0.74733156,0.14339471,0.18466349,0.13219254,0.5626681,0.011202171
1135,0.38861057,0.05563826,0.047129244,0.030277442,0.34148133,0.025360819
1136,0.740565,0.10133767,0.12651552,0.086605325,0.6140495,0.014732346
1137,0.18042669,-0.0008068213,0.031674962,0.020523498,0.14875172,-0.02133032
1138,0.28808695,0.060893312,0.052293967,0.041378714,0.23579298,0.019514598
1139,0.4705214,0.05548124,0.06945104,0.055550426,0.40107036,-6.918609e-05
1140,0.5955509,0.06338267,0.09522492,0.064308345,0.500326,-0.00092567503
1141,0.5180456,0.0399057,0.07295085,0.0499384,0.44509476,-0.0100326985
1142,0.66818535,0.023281634,0.07633232,0.04910782,0.591853,-0.025826186
1143,0.754814,0.10562627,0.15351734,0.11441781,0.60129666,-0.008791544
1144,0.51726645,0.06160898,0.10182077,0.06930707,0.4154457,-0.007698085
1145,0.32365367,0.043204375,0.07416907,0.043390833,0.2494846,-0.00018645823
1146,0.5603948,0.042997204,0.07177217,0.045423098,0.48862267,-0.0024258941
1147,0.3697218,0.060313392,0.04829434,0.035974275,0.32142746,0.024339117
1148,0.32544476,0.04772726,0.04572879,0.030304912,0.27971596,0.017422348
1149,0.43933234,0.017308937,0.038482245,0.02447192,0.4008501,-0.0071629826
1150,0.63659084,0.047889866,0.09754354,0.06253783,0.5390473,-0.014647961
1151,0.43472698,0.050777745,0.08334738,0.04893766,0.3513796,0.0018400848
1152,0.6802372,0.07079505,0.08173083,0.058415346,0.59850633,0.012379706
1153,0.579097,0.08967282,0.12067177,0.0892723,0.4584252,0.00040052086
1154,0.6557479,0.06169117,0.07086463,0.04046254,0.5848833,0.02122863
1155,0.6589875,0.074147195,0.11760821,0.077387355,0.54137933,-0.0032401606
1156,0.44312307,0.064901836,0.078757204,0.05845719,0.36436588,0.006444648
1157,0.60959375,0.0733574,0.10191427,0.0788207,0.50767946,-0.0054632947
1158,0.30228287,0.031003369,0.057154883,0.036343466,0.24512799,-0.0053400975
1159,0.74882483,0.071658425,0.112840936,0.07287611,0.6359839,-0.0012176856
1160,0.3815094,0.06391468,0.08186893,0.07426178,0.29964048,-0.010347098
1161,0.4383349,0.086644016,0.102818534,0.08181454,0.3355164,0.004829474
1162,0.32775703,0.028822822,0.0918121,0.05453954,0.23594493,-0.025716716
1163,0.5295595,0.022445764,0.06396456,0.044593,0.46559495,-0.022147235
1164,0.30245957,0.02822737,0.042657662,0.035598047,0.2598019,-0.007370677
1165,0.20204157,0.045336407,0.054182865,0.039006654,0.14785871,0.0063297525
1166,0.65921754,0.046851814,0.09334778,0.06419444,0.56586975,-0.017342627
1167,0.22384664,0.025305804,0.038923077,0.026700824,0.18492356,-0.0013950206
1168,0.2890171,0.024092779,0.03605606,0.02560994,0.25296104,-0.0015171617
1169,0.4643744,0.051974904,0.073122,0.05636432,0.3912524,-0.0043894164
1170,0.68228376,0.06973637,0.08767377,0.06645392,0.59461,0.0032824501
1171,0.6632754,0.11898818,0.16248062,0.1159996,0.50079477,0.002988577
1172,0.46925104,0.106064655,0.14185818,0.10515203,0.32739288,0.0009126216
1173,0.5729779,0.08567955,0.1404688,0.1046413,0.4325091,-0.01896175
1174,0.8276129,0.07431505,0.12208505,0.094768,0.70552784,-0.020452954
1175,0.3967493,0.06610365,0.06430296,0.043910027,0.33244634,0.022193626
1176,0.5855308,0.07347216,0.09018079,0.067004964,0.49535003,0.0064671934
1177,0.44300362,0.054739147,0.060766168,0.047745947,0.38223746,0.0069932006
1178,0.42701754,-0.00042797055,0.052369226,0.03183541,0.3746483,-0.03226338
1179,0.4484573,0.074923284,0.08792354,0.06152169,0.36053377,0.013401594
1180,0.73436713,0.099923514,0.12939538,0.09870161,0.60497177,0.0012219027
1181,0.2246544,0.037806675,0.032721017,0.024678051,0.1919334,0.013128623
1182,0.76520795,0.109816015,0.14685984,0.105777964,0.6183481,0.004038051
1183,0.32413462,0.056489035,0.042687975,0.033214487,0.28144664,0.023274548
1184,0.3778607,0.07559579,0.09872085,0.06919037,0.27913985,0.0064054206
1185,0.46669954,0.041360393,0.061495353,0.047077507,0.40520418,-0.0057171136
1186,0.44176367,0.05400713,0.07908851,0.058563977,0.36267516,-0.004556846
1187,0.41592842,0.04227285,0.055530913,0.03810784,0.36039752,0.0041650124
1188,0.5087791,0.06003649,0.092832096,0.07249526,0.41594702,-0.012458768
1189,0.5904264,0.08120762,0.107606426,0.086505644,0.48281997,-0.005298026
1190,0.21680957,0.023192909,0.030749094,0.02093715,0.18606047,0.0022557583
1191,0.40277344,0.05620196,0.06626306,0.053875793,0.3365104,0.0023261681
1192,0.43003982,0.09402583,0.08600735,0.056445014,0.34403247,0.037580814
1193,0.5940846,0.044059258,0.09232949,0.06571777,0.5017551,-0.021658514
1194,0.31230593,0.037294257,0.056312054,0.04483287,0.25599387,-0.007538613
1195,0.41059747,0.09342306,0.07675405,0.056411266,0.3338434,0.037011795
1196,0.5532469,0.09077967,0.12046504,0.08762028,0.43278188,0.003159389
1197,0.5638858,0.037848465,0.06811287,0.042623214,0.49577293,-0.0047747493
1198,0.41484767,0.06276714,0.08837299,0.06388645,0.32647467,-0.0011193082
1199,0.5866985,0.058012005,0.08532739,0.06691209,0.5013711,-0.008900087
1200,0.46599925,0.03255781,0.060079522,0.03830768,0.40591973,-0.00574987
1201,0.33137065,0.04512337,0.06427495,0.047146987,0.26709569,-0.0020236187
1202,0.20874237,0.011445843,0.024484893,0.0075765015,0.18425748,0.0038693412
1203,0.56700385,0.07032973,0.14249325,0.09197004,0.4245106,-0.021640308
1204,0.64020705,0.03822935,0.11542652,0.0690556,0.5247805,-0.030826252
1205,0.52596664,0.053491563,0.08818804,0.056132354,0.4377786,-0.0026407912
1206,0.78252184,0.06434993,0.11293328,0.07915141,0.66958857,-0.01480148
1207,0.453816,0.020917336,0.060932238,0.042041846,0.39288375,-0.02112451
1208,0.52318805,0.050469257,0.09158375,0.06102087,0.4316043,-0.010551613
1209,0.4858582,0.036531694,0.07722066,0.05271422,0.40863752,-0.016182527
1210,0.65430206,0.07258676,0.076915406,0.059452374,0.5773867,0.013134386
1211,0.7798176,0.055688765,0.11113366,0.0811786,0.66868395,-0.025489833
1212,0.46563682,0.023179503,0.06480514,0.048411533,0.40083167,-0.02523203
1213,0.7124749,0.109799325,0.14780645,0.10340349,0.5646684,0.006395839
1214,0.24702244,0.0172634,0.03630535,0.022175763,0.21071708,-0.0049123634
1215,0.20764607,0.027177602,0.03549178,0.0263482,0.17215429,0.00082940236
1216,0.2581678,0.027451953,0.04380091,0.02776894,0.2143669,-0.0003169868
1217,0.6194681,0.09955547,0.11958452,0.09093265,0.49988356,0.008622818
1218,0.45463386,0.09026319,0.047193278,0.03579398,0.40744057,0.05446921
1219,0.4915842,0.038482007,0.058299877,0.039159633,0.43328434,-0.0006776266
1220,0.51736027,0.08059834,0.091526315,0.06552063,0.42583394,0.01507771
1221,0.40270767,0.07095816,0.08878558,0.06847181,0.31392208,0.0024863482
1222,0.31036425,0.045590017,0.058135085,0.046526916,0.25222915,-0.00093689933
1223,0.49408987,0.04137351,0.0685667,0.044756938,0.42552316,-0.0033834279
1224,0.77101326,0.06682537,0.10768294,0.07645968,0.6633303,-0.009634316
1225,0.084050305,0.005266625,0.043240998,0.02818631,0.040809307,-0.022919685
1226,0.20988981,0.03277461,0.04878535,0.031708427,0.16110447,0.0010661818
1227,0.5443645,0.081179865,0.11953783,0.074145034,0.42482668,0.0070348307
1228,0.6867203,0.036181025,0.0642861,0.045735307,0.6224342,-0.009554282
1229,0.5457842,0.054814763,0.069496684,0.054289926,0.47628748,0.0005248375
1230,0.6644418,0.08689783,0.11699313,0.08755724,0.5474487,-0.00065941364
1231,0.4595053,0.033825073,0.055150587,0.04170021,0.4043547,-0.007875137
1232,0.64855194,0.06778605,0.11064291,0.07578734,0.53790903,-0.00800129
1233,0.5186187,0.09471134,0.10223021,0.074702725,0.41638848,0.020008616
1234,0.516919,0.098716006,0.09644355,0.074976005,0.42047548,0.023740001
1235,0.42803237,0.074155755,0.09902075,0.06382458,0.32901162,0.010331176
1236,0.46043438,0.05506893,0.09443712,0.06034835,0.36599725,-0.005279422
1237,0.26340806,0.02984219,0.036178935,0.028777117,0.22722913,0.0010650735
1238,0.63715017,0.104034394,0.13088779,0.10489905,0.50626236,-0.0008646548
1239,0.62090814,0.07800941,0.13281621,0.07440249,0.48809195,0.003606923
1240,0.41153833,0.061168876,0.08428397,0.05980081,0.32725435,0.0013680644
1241,0.71337664,0.13712616,0.13927285,0.10637109,0.5741038,0.030755073
1242,0.445842,0.068511754,0.13757917,0.08606057,0.30826283,-0.017548814
1243,0.6644146,0.06167432,0.09272631,0.063897744,0.5716883,-0.0022234246
1244,0.43486553,0.083846435,0.08979302,0.058323424,0.3450725,0.02552301
1245,0.835788,0.08738861,0.16585593,0.1164824,0.66993207,-0.029093787
1246,0.53628993,0.12472958,0.14309323,0.101409875,0.3931967,0.023319706
1247,0.50382,0.051172823,0.08771629,0.053459696,0.41610372,-0.0022868738
1248,0.49393755,0.041838873,0.06926246,0.05007743,0.4246751,-0.008238558
1249,0.8820134,0.05919685,0.11526747,0.091252424,0.7667459,-0.032055575
1250,0.49487102,0.1376954,0.09328119,0.06848369,0.40158984,0.069211714
1251,0.85189015,0.10545023,0.16684923,0.11275335,0.68504095,-0.0073031187
1252,0.36333886,0.050188217,0.059230767,0.033662915,0.30410808,0.016525302
1253,0.98827577,0.2220459,0.23555012,0.17750387,0.75272566,0.04454203
1254,0.5987702,0.043925337,0.07015643,0.050141685,0.52861375,-0.006216347
1255,0.55329365,0.019283481,0.08030378,0.05423261,0.47298986,-0.034949128
1256,0.5370866,0.036143366,0.068066195,0.04591193,0.46902043,-0.009768564
1257,0.43746197,0.038733933,0.060647063,0.04262618,0.3768149,-0.0038922466
1258,0.6669446,0.029279467,0.07216308,0.050138064,0.5947815,-0.020858597
1259,0.48740378,0.07736409,0.0976807,0.06965851,0.38972306,0.0077055767
1260,0.15819399,0.069926605,0.05647833,0.036614258,0.10171566,0.033312347
1261,0.45831126,0.05337671,0.06700519,0.046062607,0.39130607,0.007314101
1262,0.38019425,0.023726666,0.076443024,0.04914657,0.30375123,-0.025419904
1263,0.56644124,0.034297395,0.07862617,0.054450512,0.48781508,-0.020153116
1264,0.24672022,0.053780403,0.08621049,0.059387643,0.16050974,-0.00560724
1265,0.35014963,0.07413293,0.070700176,0.05627657,0.27944946,0.017856356
1266,0.5026515,0.092992514,0.10315261,0.07696176,0.3994989,0.016030751
1267,0.84213984,0.06975517,0.10750475,0.07782738,0.7346351,-0.008072212
1268,0.78397924,0.08045326,0.08840358,0.07386607,0.69557565,0.0065871924
1269,0.22947156,0.028898673,0.040799193,0.026862618,0.18867236,0.0020360555
1270,0.4985427,0.030723633,0.05340446,0.036439132,0.44513825,-0.0057154987
1271,0.35786185,0.020154014,0.08613959,0.060977913,0.27172226,-0.0408239
1272,0.3658688,0.046879757,0.075679496,0.048451412,0.29018933,-0.0015716553
1273,0.4755086,0.097528026,0.10321125,0.07770915,0.37229735,0.019818872
1274,0.48476273,0.030092895,0.04963513,0.026516309,0.4351276,0.003576586
1275,0.4030663,0.05287287,0.100213006,0.07224183,0.3028533,-0.019368958
1276,0.5748418,0.07816961,0.12183019,0.08999725,0.4530116,-0.01182764
1277,0.3546646,0.058913786,0.061095666,0.035760127,0.29356894,0.023153659
1278,0.06844825,0.12744553,0.08141786,0.046577103,-0.012969606,0.08086843
1279,0.5338312,0.057272878,0.077853225,0.04854201,0.45597795,0.008730866
1280,0.41039714,0.09232484,0.052675743,0.040916294,0.3577214,0.051408544
1281,0.47302407,0.062446933,0.06652216,0.054168515,0.40650192,0.008278418
1282,0.49588662,0.12521741,0.124586806,0.08918676,0.3712998,0.03603065
1283,0.66137916,0.040316947,0.10804506,0.07622648,0.5533341,-0.035909534
1284,0.6508938,0.13522069,0.18677011,0.124857165,0.4641237,0.010363527
1285,0.28077796,0.04167609,0.05001067,0.03511261,0.2307673,0.006563481
1286,0.8373185,0.097901106,0.1664728,0.10925373,0.6708457,-0.011352621
1287,0.151998,0.031024829,0.03539557,0.025307402,0.11660243,0.0057174265
1288,0.28898555,0.04294816,0.082059994,0.04907315,0.20692556,-0.006124988
1289,0.737952,0.08874613,0.12441678,0.09056624,0.6135352,-0.0018201098
1290,0.48478752,0.04621384,0.08930711,0.05604946,0.39548042,-0.0098356195
1291,0.14267802,0.071979895,0.025051469,0.014030503,0.117626555,0.057949394
1292,0.16644314,0.008429578,0.045090362,0.022500232,0.12135278,-0.014070654
1293,0.49892598,0.015239239,0.040929027,0.02776443,0.45799696,-0.0125251915
1294,0.19681592,0.048179716,0.027205035,0.022893464,0.16961089,0.025286252
1295,0.6339182,0.1408617,0.18544723,0.14146143,0.448471,-0.00059972703
1296,0.5864107,0.08749518,0.12901905,0.099557616,0.45739165,-0.012062438
1297,0.13550843,0.0047198255,0.020572564,0.012350849,0.11493587,-0.0076310234
1298,0.4910774,0.066432506,0.08428307,0.058170605,0.4067943,0.0082619
1299,0.53109354,0.01768419,0.030655855,0.023726137,0.5004377,-0.0060419478
1300,0.82414293,0.12710413,0.14319055,0.100368485,0.68095237,0.026735649
1301,0.29761708,0.017364284,0.030926269,0.015937705,0.26669082,0.0014265794
1302,0.44903335,0.05010101,0.063063994,0.046972997,0.38596934,0.0031280108
1303,0.6378509,0.098369665,0.13741024,0.103004895,0.50044066,-0.0046352297
1304,-0.00872967,0.11412127,0.008413939,0.005075215,-0.017143609,0.10904606
1305,-0.027635349,-0.0071526393,0.04343631,0.022682473,-0.07107166,-0.029835112
1306,0.44899514,0.024478333,0.04956883,0.032197285,0.3994263,-0.0077189524
1307,0.35276958,0.016484505,0.06148103,0.046650153,0.29128855,-0.030165648
1308,0.62104505,0.063087575,0.09648867,0.06547426,0.5245564,-0.0023866817
1309,0.4377249,0.089910515,0.11554335,0.07884733,0.32218152,0.011063188
1310,0.39693356,0.04491856,0.08269364,0.056603484,0.31423992,-0.011684924
1311,0.304869,0.028839497,0.027064005,0.018470759,0.277805,0.010368738
1312,0.51588553,0.09480612,0.08162205,0.054171313,0.43426347,0.040634807
1313,0.5974177,0.0799993,0.09806999,0.06609381,0.49934772,0.013905488
1314,0.67489576,0.04384793,0.08758056,0.05617684,0.5873152,-0.012328912
1315,0.384708,0.05298915,0.08611468,0.056012243,0.2985933,-0.0030230917
1316,0.41736224,0.055241287,0.067995414,0.048682183,0.34936684,0.0065591037
1317,0.46146715,0.10630808,0.09223175,0.068349056,0.3692354,0.037959024
1318,0.5112124,0.07782669,0.10786919,0.07221713,0.4033432,0.0056095645
1319,0.63189185,0.061956707,0.08768275,0.06066847,0.5442091,0.0012882389
1320,0.6688275,0.07880364,0.114303514,0.08147266,0.55452394,-0.002669014
1321,0.73860484,0.067172974,0.14059886,0.09180759,0.598006,-0.024634615
1322,0.46333903,0.16100593,0.058331598,0.042965364,0.40500742,0.11804056
1323,0.56432724,0.0691399,0.09425462,0.06482575,0.47007263,0.004314147
1324,0.17714103,0.024487965,0.029749189,0.022846553,0.14739184,0.0016414113
1325,0.58405715,0.06914609,0.083125435,0.059651196,0.50093174,0.009494893
1326,0.55068177,0.10885582,0.07880543,0.05777966,0.47187632,0.051076163
1327,0.60835916,0.044759486,0.08226631,0.0483642,0.5260928,-0.0036047138
1328,0.47034857,0.05822599,0.07206909,0.055356998,0.3982795,0.0028689913
1329,0.6530639,0.15987419,0.17437433,0.13469554,0.47868955,0.025178641
1330,0.43271863,0.09544821,0.1201787,0.08732533,0.31253994,0.008122884
1331,0.41154838,0.07970368,0.100742616,0.085726,0.31080577,-0.006022319
1332,0.3900547,0.049258035,0.06255203,0.04642445,0.32750267,0.0028335862
1333,0.589254,0.074797735,0.09887723,0.06451143,0.4903768,0.010286301
1334,0.62423205,0.074723504,0.1160262,0.08970544,0.50820583,-0.014981933
1335,0.6690047,0.112355456,0.104277804,0.080563225,0.5647269,0.03179223
1336,0.42177194,0.08119641,0.073345356,0.054850657,0.34842658,0.026345756
1337,0.08423808,0.042245813,0.017406177,0.013150977,0.0668319,0.029094836
1338,0.4135819,0.13054489,0.10953854,0.078906864,0.30404335,0.051638022
1339,0.21438749,0.030937448,0.02587068,0.017498065,0.18851681,0.013439383
1340,0.60184324,0.0713243,0.09532782,0.07196264,0.50651544,-0.0006383434
1341,0.63263357,0.07857902,0.1108176,0.07685925,0.52181596,0.0017197728
1342,0.7554618,0.17364825,0.11304853,0.07179647,0.64241326,0.10185178
1343,0.45908245,0.07405453,0.08633561,0.06252985,0.37274686,0.011524685
1344,0.40763256,0.029489856,0.061363567,0.046857588,0.34626898,-0.017367732
1345,0.3266604,0.0415302,0.07867033,0.053602733,0.24799007,-0.012072533
1346,0.64637154,0.057644114,0.13518643,0.09535618,0.5111851,-0.037712067
1347,0.28397492,0.049058463,0.05891665,0.04930585,0.22505826,-0.00024738535
1348,0.79605246,0.09011132,0.11915499,0.08786537,0.67689747,0.0022459552
1349,0.18270585,0.05008574,0.036101364,0.029196125,0.14660448,0.020889614
1350,0.380738,0.024101214,0.05232086,0.040799577,0.32841712,-0.016698362
1351,0.61942774,0.12620367,0.18679394,0.13180546,0.43263382,-0.0056017935
1352,0.4362302,0.0739481,0.10318218,0.05576104,0.33304805,0.018187061
1353,0.113096125,-0.025708528,0.032507107,0.020694705,0.08058902,-0.046403233
1354,0.16629815,-0.039076515,0.04031447,0.024965148,0.12598369,-0.06404166
1355,0.24369654,0.019044591,0.036691684,0.028798673,0.20700486,-0.009754082
1356,0.6509289,0.049270272,0.09640565,0.06641216,0.5545233,-0.017141886
1357,0.26164278,-0.00033377143,0.03286903,0.025927613,0.22877376,-0.026261384
1358,0.5005122,0.1412756,0.058160014,0.04026866,0.44235218,0.10100694
1359,0.32416573,0.03195712,0.062413484,0.046768103,0.26175225,-0.014810983
1360,0.675614,0.060157996,0.08013084,0.05693277,0.5954832,0.003225226
1361,0.805188,0.06531514,0.112996675,0.077089764,0.6921913,-0.011774622
1362,0.4887794,0.06678385,0.08200967,0.061184168,0.40676972,0.005599685
1363,0.41031575,0.020704195,0.047331296,0.025567878,0.36298445,-0.004863683
1364,0.573792,0.028246554,0.07334389,0.04893464,0.5004481,-0.020688085
1365,0.31417835,0.057818003,0.080798015,0.06850253,0.23338033,-0.010684527
1366,0.52867335,0.06351119,0.09569865,0.07288769,0.4329747,-0.009376496
1367,0.4554243,0.0472183,0.058695573,0.043512184,0.39672872,0.0037061162
1368,0.6703069,0.095431775,0.10912357,0.07731035,0.56118333,0.018121421
1369,0.54632914,0.029886227,0.118070126,0.08356614,0.42825902,-0.05367991
1370,0.650459,0.050270606,0.06797954,0.04427451,0.5824795,0.005996097
1371,0.64270335,0.054225724,0.098289095,0.068611376,0.5444143,-0.014385652
1372,0.73371637,0.07362278,0.12442603,0.09477765,0.60929036,-0.021154873
1373,0.20401919,0.016600063,0.020709632,0.017939875,0.18330956,-0.0013398118
1374,0.17267041,0.03721794,0.035308488,0.02998517,0.13736191,0.0072327703
1375,0.38032946,0.019627135,0.08898305,0.054843605,0.2913464,-0.03521647
1376,0.33071396,-0.009206546,0.046463504,0.02870217,0.28425044,-0.037908714
1377,0.7697434,0.086992964,0.11600852,0.08313155,0.65373486,0.0038614124
1378,0.72301185,0.12804976,0.12801507,0.08809902,0.5949968,0.039950743
1379,0.47570205,0.07106488,0.08959865,0.06691879,0.3861034,0.0041460916
1380,0.16663569,-0.029819762,0.032200094,0.022598293,0.1344356,-0.052418053
1381,0.57214147,0.057049267,0.07822416,0.056542527,0.49391732,0.00050674006
1382,0.5389179,0.04208998,0.06411053,0.039119363,0.47480738,0.0029706173
1383,0.61299795,0.064579844,0.12574449,0.071367994,0.48725346,-0.0067881495
1384,0.4937569,0.042935684,0.066648886,0.048148017,0.427108,-0.005212333
1385,0.4981966,0.048288386,0.06368633,0.046764545,0.43451026,0.0015238412
1386,0.7770403,0.05520734,0.085598856,0.05802852,0.6914414,-0.002821181
1387,0.37554276,0.08682881,0.07989286,0.06612315,0.2956499,0.020705663
1388,0.36524898,0.015572014,0.07594974,0.041267507,0.28929925,-0.025695492
1389,0.61824495,0.039295323,0.07888506,0.056340415,0.53935987,-0.017045092
1390,0.609804,0.06541606,0.115698144,0.08119076,0.49410582,-0.015774697
1391,0.600639,0.083053365,0.1210315,0.08350314,0.4796075,-0.00044977665
1392,0.4215738,0.024108596,0.053249847,0.031368352,0.36832395,-0.0072597563
1393,0.46171468,0.041214637,0.09462156,0.061771918,0.36709312,-0.02055728
1394,0.21308532,0.038417224,0.045242745,0.03156794,0.16784258,0.006849285
1395,0.7626074,0.050138377,0.082704894,0.059792627,0.6799025,-0.00965425
1396,0.21818595,0.041972306,0.04393861,0.027907586,0.17424734,0.01406472
1397,0.5944275,0.028962642,0.0695074,0.05355559,0.5249201,-0.024592947
1398,0.72533214,0.06615058,0.1076953,0.06842405,0.61763686,-0.0022734702
1399,0.4581416,0.050199173,0.06476094,0.049679026,0.39338064,0.0005201474
1400,0.3131234,0.044071898,0.045323037,0.03225686,0.26780036,0.011815038
1401,0.5306608,0.116465576,0.1263077,0.096119426,0.4043531,0.02034615
1402,0.5268488,0.04211787,0.09054712,0.056183882,0.43630168,-0.014066011
1403,0.4572526,0.066117056,0.07144213,0.05336704,0.38581046,0.012750015
1404,0.58006835,0.093475744,0.09943634,0.0737153,0.480632,0.019760445
1405,0.6661463,0.05437725,0.06772472,0.044284336,0.5984216,0.010092914
1406,0.3599236,0.029218046,0.06328011,0.041670658,0.2966435,-0.012452612
1407,0.42640457,0.05302578,0.06610514,0.04788713,0.3602994,0.005138647
1408,0.0971988,-0.050476696,0.028278654,0.011623586,0.06892014,-0.062100284
1409,0.6472168,0.09035546,0.10550873,0.08415665,0.54170805,0.006198816
1410,0.30268344,0.016995717,0.03991463,0.024738902,0.2627688,-0.0077431854
1411,0.31841406,0.02788584,0.06250666,0.04380316,0.25590742,-0.01591732
1412,0.5583177,0.02244576,0.038555898,0.023636995,0.5197618,-0.0011912342
1413,0.6085576,0.07180109,0.10479639,0.07225865,0.5037612,-0.0004575625
1414,0.41216314,0.08705649,0.095632866,0.07282974,0.3165303,0.01422675
1415,0.46052536,0.105962,0.12656136,0.0938049,0.333964,0.012157097
1416,0.41764194,0.040632766,0.06546885,0.052846562,0.3521731,-0.012213796
1417,0.71999663,0.05157089,0.07518194,0.055387747,0.64481467,-0.003816858
1418,0.52096856,0.032190915,0.058269553,0.036274996,0.462699,-0.0040840805
1419,0.59551185,0.056673076,0.09468662,0.06862122,0.5008252,-0.011948142
1420,0.6867442,0.055494785,0.11171975,0.073171236,0.5750245,-0.01767645
1421,0.4877264,0.07547909,0.08334777,0.062229615,0.40437862,0.0132494755
1422,0.48764655,0.053449515,0.099075705,0.062660515,0.38857085,-0.009211
1423,0.40008163,0.012896484,0.06679958,0.04528771,0.33328205,-0.032391228
1424,0.78481567,0.10621441,0.16254584,0.11596183,0.6222698,-0.009747416
1425,0.5595906,0.05586236,0.07455664,0.049041387,0.48503393,0.006820973
1426,0.66699237,0.035617817,0.064097956,0.044171654,0.6028944,-0.0085538365
1427,0.5134636,0.11555715,0.10703913,0.06825276,0.4064245,0.04730439
1428,0.77486145,0.07929221,0.1222443,0.08479269,0.65261716,-0.0055004805
1429,0.60678464,0.052850887,0.10683848,0.062470086,0.49994618,-0.009619199
1430,0.75282604,0.12130111,0.1643984,0.10272501,0.58842766,0.0185761
1431,0.69670457,0.07581567,0.10094122,0.06956954,0.5957633,0.006246127
1432,0.6510594,0.07889819,0.09339434,0.078718886,0.55766505,0.00017930567
1433,0.5260792,0.09566646,0.13718931,0.103109814,0.38888985,-0.0074433535
1434,0.72778463,0.0978081,0.11378708,0.0739038,0.6139976,0.023904301
1435,0.19912738,0.049824104,0.04483075,0.029641246,0.15429662,0.020182857
1436,0.5190847,0.042638183,0.05515756,0.038538486,0.46392712,0.004099697
1437,0.56712127,0.057221804,0.08677227,0.058403425,0.480349,-0.0011816211
1438,0.45674446,0.035260513,0.08598206,0.06271895,0.3707624,-0.027458437
1439,0.5035075,0.08911513,0.10691617,0.080565155,0.39659134,0.008549973
1440,0.5216085,0.12552135,0.16714251,0.13167897,0.35446596,-0.0061576217
1441,0.41400903,0.01930878,0.05333217,0.041802943,0.36067685,-0.022494163
1442,0.537901,0.07292046,0.119998075,0.09516821,0.41790292,-0.022247754
1443,0.52043,0.043790005,0.07081535,0.051888853,0.44961467,-0.008098848
1444,0.32293874,0.0033313388,0.0524034,0.032979015,0.27053535,-0.029647676
1445,0.59367716,0.07763337,0.082511544,0.061264716,0.5111656,0.016368657
1446,0.79526544,0.061801977,0.12480043,0.08264617,0.670465,-0.020844191
1447,0.71090484,0.11527304,0.11890827,0.07720995,0.59199655,0.038063094
1448,0.46677086,0.053708665,0.065216646,0.050274193,0.40155423,0.0034344718
1449,0.6582662,0.095477946,0.10206397,0.07302968,0.55620223,0.022448264
1450,0.17413126,0.017587068,0.023261737,0.02040467,0.15086952,-0.0028176028
1451,0.5676213,0.12219323,0.17861314,0.13709757,0.38900816,-0.014904335
1452,0.5482012,0.10550882,0.11825993,0.090224065,0.42994127,0.015284754
1453,0.44189468,0.035297118,0.07997839,0.05516126,0.3619163,-0.019864142
1454,0.6761514,0.047359668,0.07861139,0.05245337,0.59754,-0.005093701
1455,0.32471374,0.10511713,0.11151092,0.07650776,0.21320282,0.028609365
1456,0.42589584,0.047414996,0.05033662,0.03248475,0.3755592,0.014930245
1457,0.4230503,0.08161132,0.042978317,0.032160558,0.380072,0.049450763
1458,0.25366,0.10798323,0.062454302,0.040663086,0.1912057,0.067320146
1459,0.44123685,0.032457434,0.088299826,0.051118113,0.35293704,-0.01866068
1460,0.7305354,0.08204705,0.12250131,0.08328138,0.6080341,-0.0012343302
1461,0.64153737,0.07999445,0.11252016,0.08172777,0.5290172,-0.0017333254
1462,0.46173608,0.0065439004,0.034861136,0.024513114,0.42687494,-0.017969213
1463,0.54770577,0.059732486,0.084460214,0.06081603,0.46324557,-0.0010835454
1464,0.17376477,0.0007506267,0.014929491,0.011499727,0.15883528,-0.010749101
1465,0.58839655,0.049050976,0.080027334,0.06507501,0.5083692,-0.016024034
1466,0.82396793,0.076743625,0.13385057,0.0879953,0.69011736,-0.011251673
1467,0.2015778,0.07189809,0.06182145,0.051910747,0.13975635,0.019987341
1468,0.5815518,0.08487283,0.077032045,0.05613743,0.50451976,0.028735396
1469,0.32167047,0.030450067,0.03241626,0.028476635,0.28925422,0.0019734316
1470,0.42290187,0.080253765,0.07131032,0.05622623,0.35159156,0.024027534
1471,0.56925136,0.03717065,0.1022115,0.07227717,0.46703985,-0.035106525
1472,0.48328963,0.07010539,0.11847989,0.08508249,0.36480975,-0.014977105
1473,0.6657041,0.05186175,0.111856736,0.07898311,0.5538473,-0.027121361
1474,0.5935315,0.09257702,0.11000941,0.07798697,0.4835221,0.014590047
1475,0.605909,0.06401503,0.0937019,0.066570744,0.5122071,-0.002555713
1476,0.6386088,0.098976284,0.16963272,0.12918513,0.46897608,-0.030208841
1477,0.5901201,0.0680892,0.10596311,0.06650002,0.48415697,0.001589179
1478,0.51006347,0.075384036,0.09216657,0.063179,0.4178969,0.0122050345
1479,0.4520555,0.07230763,0.12011509,0.08195114,0.3319404,-0.00964351
1480,0.524059,0.10127535,0.12811999,0.103303574,0.395939,-0.0020282269
1481,0.58840185,0.0018630828,0.077354826,0.049084,0.511047,-0.04722092
1482,0.41302422,0.062161848,0.054183543,0.033454042,0.35884067,0.028707806
1483,0.36678407,0.075444475,0.11089595,0.064280376,0.2558881,0.011164099
1484,0.7093651,0.0535522,0.08520813,0.059362806,0.624157,-0.005810607
1485,0.6617486,0.11641177,0.10140054,0.07420765,0.56034803,0.04220412
1486,0.24109975,0.02818571,0.04842826,0.03427173,0.19267148,-0.006086018
1487,0.56856465,0.060179304,0.09830692,0.07099004,0.47025773,-0.010810737
1488,0.6511639,0.13759565,0.077357516,0.04903211,0.57380635,0.08856355
1489,0.8983942,0.100105524,0.129601,0.09367231,0.7687932,0.0064332113
1490,0.47785804,0.072108544,0.10913078,0.073790625,0.36872727,-0.0016820803
1491,0.54484075,0.03490858,0.060248505,0.039161153,0.48459226,-0.0042525716
1492,0.40588373,0.05280541,0.04836219,0.033124663,0.35752153,0.019680746
1493,0.18056805,0.029934658,0.03742812,0.023255806,0.14313993,0.0066788513
1494,0.49170265,0.12168514,0.13694486,0.111653134,0.3547578,0.010032006
1495,0.23550086,0.054266836,0.08759107,0.064368546,0.14790979,-0.0101017095
1496,0.63189405,0.12299515,0.13145727,0.10359075,0.5004368,0.019404404
1497,0.4871498,0.06752689,0.07693775,0.06438705,0.41021204,0.0031398386
1498,0.627031,0.06796761,0.10216179,0.066980235,0.52486926,0.0009873733
1499,0.7704582,0.12483438,0.16299823,0.11914911,0.60746,0.00568527
1500,0.43356702,0.03053273,0.06237548,0.04889338,0.37119153,-0.01836065
1501,0.18615746,0.03917368,0.020363668,0.01448115,0.16579379,0.024692532
1502,0.73836476,0.046553165,0.078548074,0.060280472,0.6598167,-0.013727307
1503,0.80945534,0.10200729,0.1930431,0.13517097,0.6164122,-0.033163674
1504,0.60001355,0.07246529,0.11541657,0.075807914,0.48459697,-0.003342621
1505,0.56529063,0.013814765,0.05891929,0.036806244,0.5063713,-0.022991478
1506,0.39187717,0.04195024,0.07093054,0.04468547,0.32094663,-0.002735231
1507,0.32410666,0.039457496,0.034762453,0.026808267,0.28934422,0.012649229
1508,0.32120004,0.057301495,0.06035787,0.044181664,0.26084217,0.013119832
1509,0.77542365,0.059378978,0.12178572,0.0892487,0.65363795,-0.029869724
1510,0.58551544,0.04930877,0.07593485,0.05238111,0.5095806,-0.00307234
1511,0.8028523,0.06738648,0.10589715,0.07480623,0.69695514,-0.00741975
1512,0.44536516,0.028052738,0.059958953,0.036354885,0.3854062,-0.008302147
1513,0.54426247,0.046428297,0.07929387,0.05279868,0.4649686,-0.0063703842
1514,0.6844618,0.091592155,0.13542226,0.10373441,0.5490395,-0.012142256
1515,0.5383705,0.08808785,0.12610412,0.09178561,0.41226637,-0.0036977604
1516,0.26868314,0.060264945,0.07023935,0.042667042,0.19844379,0.017597903
1517,0.6710436,0.06640218,0.0889064,0.06083873,0.58213717,0.005563453
1518,0.3484098,0.0427906,0.058414005,0.04157715,0.2899958,0.00121345
1519,0.706195,0.056849156,0.099293195,0.07364591,0.6069018,-0.016796757
1520,0.7190149,0.15248033,0.12816918,0.09542006,0.5908457,0.05706027
1521,0.23946753,0.042388584,0.055708755,0.043030687,0.18375878,-0.0006421022
1522,0.5952131,0.07464747,0.08765696,0.063900925,0.50755614,0.010746546
1523,0.05641013,-0.017734824,0.030523524,0.012120478,0.025886606,-0.029855302
1524,0.59704626,0.08814148,0.10857694,0.0867662,0.4884693,0.0013752803
1525,0.3463059,0.058514576,0.08885478,0.06427501,0.25745112,-0.005760435
1526,0.5486129,0.06781504,0.10426293,0.07334398,0.44434994,-0.0055289343
1527,0.7607507,0.06724582,0.11453954,0.07524351,0.64621115,-0.007997692
1528,0.6415768,0.12075672,0.1345192,0.10024917,0.5070576,0.020507552
1529,0.7993453,0.11534698,0.13638791,0.10260872,0.66295743,0.012738265
1530,0.6352158,0.05805526,0.09288924,0.0664625,0.54232657,-0.008407243
1531,0.31749573,0.068404116,0.054470174,0.036943838,0.26302555,0.031460278
1532,0.46062708,0.05831865,0.10318307,0.06694711,0.35744402,-0.0086284615
1533,0.6058806,0.05901747,0.08585601,0.062030297,0.5200246,-0.0030128285
1534,0.74016607,0.09780355,0.14256647,0.09820983,0.5975996,-0.00040628016
1535,0.14384855,-0.010040418,0.031939063,0.020044753,0.111909494,-0.030085173
1536,0.5156126,0.092575096,0.08323322,0.063249946,0.43237936,0.02932515
1537,0.70451564,0.113760315,0.14082742,0.11029359,0.5636882,0.0034667253
1538,0.0673348,-0.049639292,0.017134402,0.010944651,0.0502004,-0.06058394
1539,0.70623696,0.096934125,0.13616213,0.08521811,0.5700748,0.011716016
1540,0.2077143,0.1107202,0.051602833,0.022498209,0.15611148,0.088222
1541,0.45725262,0.077919714,0.08065813,0.054823916,0.37659448,0.023095798
1542,0.58505857,0.05428259,0.08265273,0.055059385,0.5024058,-0.0007767938
1543,0.41714174,0.056561675,0.082994424,0.051872782,0.3341473,0.0046888925
1544,0.38471642,0.17211041,0.18381855,0.13119605,0.20089787,0.040914357
1545,0.6653351,0.0685916,0.12901011,0.086521216,0.536325,-0.017929614
1546,0.58127064,0.05695347,0.09255537,0.06558659,0.48871526,-0.008633118
1547,0.18630682,0.0019864435,0.018254673,0.016247425,0.16805215,-0.014260981
1548,0.3919097,0.05814143,0.083535716,0.060301084,0.308374,-0.002159655
1549,0.50828177,0.043274418,0.08841134,0.064180955,0.41987044,-0.020906538
1550,0.6504828,0.0051064813,0.04724171,0.03168751,0.6032411,-0.026581028
1551,0.63866735,0.08986306,0.11120281,0.08204364,0.5274645,0.007819422
1552,0.5159737,0.07204389,0.08915575,0.072179414,0.42681795,-0.00013552606
1553,0.34864873,0.08037166,0.07869893,0.05059422,0.2699498,0.029777441
1554,0.40497455,0.06575324,0.0869403,0.059820235,0.31803423,0.0059330016
1555,0.4796445,0.063718714,0.10157152,0.06523685,0.37807298,-0.0015181378
1556,0.36613235,0.024906652,0.0900828,0.05212637,0.27604955,-0.027219718
1557,0.24082236,0.024709733,0.04824992,0.03786121,0.19257244,-0.013151476
1558,0.35992175,0.04627314,0.074650034,0.054966122,0.2852717,-0.008692984
1559,0.4963755,0.048039116,0.07129057,0.052167438,0.42508495,-0.004128322
1560,0.3525633,0.021397943,0.09063675,0.0600662,0.26192653,-0.03866826
1561,0.8817702,0.014149784,0.031498197,0.020227991,0.850272,-0.006078207
1562,0.20350185,0.0721534,0.05421986,0.04079656,0.149282,0.031356838
1563,0.3664182,0.053876214,0.06706859,0.052483566,0.2993496,0.0013926476
1564,0.4104075,0.074202344,0.06506834,0.041317075,0.34533918,0.03288527
1565,0.4904297,0.060981683,0.08852433,0.059821934,0.40190536,0.0011597499
1566,0.69899875,0.08853052,0.12845835,0.0847037,0.5705404,0.0038268194
1567,0.8886994,0.08306533,0.11808018,0.079283416,0.7706192,0.0037819147
1568,0.6539516,0.04985525,0.08461612,0.062990114,0.56933546,-0.013134863
1569,0.3353846,0.01959083,0.062482,0.03991509,0.2729026,-0.020324258
1570,0.4378157,0.037887387,0.060782176,0.042756982,0.37703353,-0.004869595
1571,0.34439698,0.023120783,0.032692544,0.021063935,0.31170443,0.0020568483
1572,0.24113664,0.031457648,0.04495109,0.030554254,0.19618556,0.0009033941
1573,0.28793156,0.048179176,0.0621925,0.04001365,0.22573906,0.008165527
1574,0.4370353,0.04728345,0.08091152,0.05080282,0.35612378,-0.0035193712
1575,0.5902904,0.067169294,0.10226609,0.066486456,0.48802435,0.00068283826
1576,0.6695008,0.035942372,0.09300833,0.061793447,0.5764925,-0.025851075
1577,0.22659707,0.027355587,0.04122507,0.024127046,0.185372,0.0032285415
1578,0.7299428,0.13649443,0.13280204,0.102579474,0.5971408,0.033914953
1579,0.49833795,0.09542486,0.06922871,0.052727856,0.42910925,0.042697005
1580,0.5502368,0.046869006,0.05869742,0.046579763,0.4915394,0.00028924271
1581,0.67820024,0.050448142,0.08083995,0.06168425,0.5973603,-0.011236109
1582,0.5661282,0.06794002,0.1012462,0.06597091,0.464882,0.0019691065
1583,0.46443248,0.07264815,0.12339065,0.08243468,0.34104183,-0.009786524
1584,0.4259053,0.07393788,0.06287561,0.045561466,0.36302966,0.028376412
1585,0.42474875,0.06452648,0.06576939,0.053077303,0.35897934,0.011449181
1586,0.61381084,0.037124068,0.06516164,0.03896264,0.5486492,-0.0018385723
1587,0.4967993,0.12925144,0.073607996,0.06184088,0.4231913,0.06741056
1588,0.3733238,0.05108892,0.084807836,0.05451403,0.28851596,-0.0034251101
1589,0.52794945,0.053565312,0.09837417,0.06582956,0.42957526,-0.012264248
1590,0.54537296,0.083743915,0.097059324,0.06846462,0.44831365,0.015279293
1591,0.60490614,0.08520296,0.10128888,0.0716412,0.5036173,0.013561763
1592,0.36031356,0.03270504,0.043536358,0.031972967,0.3167772,0.0007320717
1593,0.47932556,0.052829165,0.072609514,0.05371673,0.40671605,-0.0008875653
1594,0.4792003,0.094922006,0.052738756,0.031344514,0.42646155,0.06357749
1595,0.5398922,0.053331774,0.072347686,0.049612172,0.4675445,0.0037196018
1596,0.5086888,0.03513766,0.08082767,0.054116137,0.42786115,-0.018978477
1597,0.3548932,0.04410096,0.071325816,0.04344946,0.2835674,0.0006514974
1598,0.555314,0.0038579528,0.07552142,0.056422018,0.4797926,-0.052564066
1599,0.537651,0.067700095,0.084237635,0.066895925,0.45341337,0.00080417097
1600,0.56698936,0.12504506,0.11654756,0.08456903,0.4504418,0.04047603
1601,0.5706748,0.08082178,0.102580145,0.07580446,0.46809465,0.0050173253
1602,0.3989319,0.05335638,0.06819663,0.04921008,0.33073527,0.0041463003
1603,0.8340434,0.09746032,0.12586996,0.09583354,0.7081734,0.0016267821
1604,0.44765362,0.07632951,0.0844063,0.05032468,0.36324733,0.026004829
1605,0.53585917,0.09496299,0.09365837,0.06994488,0.44220078,0.02501811
1606,0.5171287,0.08514324,0.10509528,0.07739939,0.41203344,0.0077438504
1607,0.16441679,0.018486524,0.026020115,0.017763142,0.13839668,0.00072338246
1608,0.37757125,0.07075645,0.108079016,0.061677136,0.26949224,0.009079315
1609,0.6531064,0.065030135,0.11539034,0.070969775,0.53771603,-0.00593964
1610,0.5858605,0.073928915,0.06814636,0.049688336,0.51771414,0.02424058
1611,0.43807736,0.07916125,0.11406779,0.07802607,0.32400957,0.0011351779
1612,0.39463186,0.015247344,0.10483354,0.055040438,0.28979832,-0.039793093
1613,0.22542593,0.059385158,0.06500914,0.051350754,0.16041678,0.008034404
1614,0.58691376,0.03887899,0.07270867,0.051504005,0.5142051,-0.012625016
1615,0.65869695,0.074651934,0.09192295,0.069462344,0.566774,0.00518959
1616,0.86094904,0.046436906,0.09618926,0.08068895,0.7647598,-0.034252048
1617,0.5696979,0.112375066,0.16263421,0.11192695,0.40706372,0.00044811517
1618,0.41855004,0.035841085,0.086344615,0.056239296,0.3322054,-0.02039821
1619,0.5388026,0.05692375,0.10701027,0.0698526,0.43179235,-0.012928847
1620,0.44844368,0.061947435,0.07981969,0.05601848,0.368624,0.005928956
1621,0.5954078,0.15443476,0.14043295,0.109565005,0.45497483,0.04486975
1622,0.49831724,0.025726037,0.085684836,0.058655698,0.4126324,-0.03292966
1623,0.55047596,0.055567443,0.08390586,0.065523125,0.46657008,-0.009955682
1624,0.57660455,0.08233512,0.11848962,0.09110227,0.45811492,-0.00876715
1625,0.43105286,0.056383464,0.1237697,0.080299184,0.30728316,-0.02391572
1626,0.55019206,0.06087828,0.09534212,0.06523992,0.45484993,-0.0043616407
1627,0.34300706,0.05992409,0.068126254,0.053596526,0.2748808,0.006327562
1628,0.54883325,0.044232566,0.07172087,0.053364057,0.47711238,-0.009131491
1629,0.41832247,0.035075366,0.051501177,0.040795315,0.3668213,-0.0057199486
1630,0.5488759,0.07493279,0.1029879,0.07543822,0.44588804,-0.00050542504
1631,0.57808095,0.047431186,0.060978927,0.0404711,0.517102,0.0069600865
1632,0.38672587,0.028714666,0.04916454,0.02627181,0.33756134,0.0024428554
1633,0.2998878,0.009710453,0.03575001,0.027640823,0.2641378,-0.01793037
1634,0.4233449,0.10138726,0.11637094,0.0798427,0.30697396,0.02154456
1635,0.6312506,0.13063326,0.16396865,0.10962687,0.46728197,0.021006398
1636,0.59033024,0.064283215,0.11576202,0.06991762,0.47456822,-0.0056344047
1637,0.5272326,0.05413947,0.08378515,0.06295149,0.44344744,-0.008812021
1638,0.7017053,0.057465453,0.08931764,0.06272296,0.61238766,-0.005257506
1639,0.47481066,0.06756747,0.0892039,0.061627816,0.38560677,0.0059396513
1640,0.23772226,0.08543578,0.084254935,0.067430675,0.15346733,0.018005103
1641,0.59612745,0.03786182,0.07158926,0.045350213,0.52453816,-0.0074883923
1642,0.4290622,0.06319936,0.10049856,0.07277405,0.32856363,-0.009574689
1643,0.62958777,0.063852765,0.09640132,0.0701766,0.53318644,-0.0063238367
1644,0.63008183,0.0916584,0.12248154,0.08949485,0.5076003,0.0021635517
1645,0.6522688,0.052047167,0.11126006,0.077720165,0.5410088,-0.025672998
1646,0.62894017,0.027667867,0.06353732,0.039608695,0.56540287,-0.011940828
1647,0.52114624,0.08833777,0.08872959,0.06584256,0.43241665,0.02249521
1648,0.42135185,0.0099603385,0.0610782,0.041662373,0.36027366,-0.031702034
1649,0.5616251,0.11437479,0.14833474,0.10154748,0.41329038,0.012827307
1650,0.19580439,0.08497256,0.056881607,0.046589576,0.13892278,0.038382985
1651,0.44329372,0.10829213,0.06970404,0.045167096,0.3735897,0.06312504
1652,0.86983895,0.12374292,0.18061611,0.12931527,0.6892228,-0.005572349
1653,0.50412196,0.075371996,0.108597174,0.081790835,0.3955248,-0.006418839
1654,0.44720423,0.07995562,0.09974497,0.07187152,0.34745926,0.008084103
1655,1.0060811,0.16739191,0.19988391,0.16140452,0.80619717,0.005987391
1656,0.58248794,0.046426393,0.072903,0.057970725,0.50958496,-0.011544332
1657,0.622917,0.052984923,0.07212127,0.05114969,0.55079573,0.0018352345
1658,0.53556085,0.04846597,0.08711998,0.056741584,0.44844085,-0.008275613
1659,0.40859953,0.051009294,0.074117385,0.054737628,0.33448213,-0.0037283339
1660,0.47108072,0.112472475,0.13075058,0.107095815,0.34033012,0.0053766593
1661,0.45813093,0.066312574,0.08337097,0.056613307,0.37475997,0.009699266
1662,0.56920123,0.06422092,0.09226676,0.065022364,0.47693446,-0.00080144405
1663,0.5677093,0.111853614,0.14736971,0.08983826,0.4203396,0.022015356
1664,0.67457694,0.090198144,0.106224336,0.06944278,0.5683526,0.020755365
1665,0.6236902,0.04828552,0.0873548,0.05772079,0.5363354,-0.00943527
1666,0.5440511,0.07138353,0.085474454,0.05964628,0.45857665,0.01173725
1667,0.47197193,-0.008480814,0.059030652,0.042944405,0.41294128,-0.05142522
1668,0.5945647,0.036876444,0.084823176,0.06348579,0.5097415,-0.026609343
1669,0.53027564,0.055099342,0.080664605,0.060428858,0.44961104,-0.005329516
1670,0.48744968,0.0920015,0.08349856,0.060019203,0.4039511,0.031982295
1671,0.5725404,0.037264965,0.069863126,0.042198777,0.50267726,-0.0049338117
1672,0.585033,0.083345994,0.07686254,0.053061724,0.5081705,0.03028427
1673,0.15758437,0.053121965,0.037394483,0.02743189,0.12018989,0.025690075
1674,0.38490787,0.061302193,0.0729012,0.058823902,0.31200668,0.0024782903
1675,0.3237613,0.017847111,0.0502953,0.04039266,0.27346602,-0.022545548
1676,0.65499854,0.046401553,0.09168206,0.07040366,0.56331646,-0.024002105
1677,0.33244592,0.047328882,0.06868925,0.045877807,0.26375666,0.0014510751
1678,0.1833638,0.076581,0.06726684,0.056238364,0.11609696,0.020342637
1679,0.7264668,0.04256456,0.07919359,0.06136491,0.6472732,-0.018800352
1680,0.59491503,0.082867384,0.09942592,0.07357532,0.49548912,0.009292066
1681,0.38209912,0.06672112,0.055617224,0.04566247,0.3264819,0.021058649
1682,0.48273993,0.058449537,0.07756913,0.051481657,0.4051708,0.00696788
1683,0.4895626,0.14120255,0.072823256,0.05399835,0.41673934,0.0872042
1684,0.08509325,0.02995752,0.01730587,0.012180057,0.06778738,0.017777462
1685,0.09936601,-0.04448666,0.021369124,0.01154535,0.07799689,-0.05603201
1686,0.34263217,0.07501551,0.052405488,0.035272125,0.2902267,0.039743382
1687,0.6528178,0.059699398,0.06886418,0.048416488,0.5839536,0.01128291
1688,0.47039062,0.07924761,0.11398568,0.08994553,0.35640493,-0.010697924
1689,0.48821798,0.09058318,0.094360225,0.06487005,0.39385775,0.02571313
1690,0.2721597,0.030032977,0.0714164,0.048154037,0.20074329,-0.01812106
1691,0.5325014,0.15192336,0.15164913,0.11384572,0.38085228,0.038077638
1692,0.5245039,0.09334035,0.15136752,0.088665865,0.37313637,0.004674487
1693,0.637273,0.06870321,0.09205663,0.0656342,0.5452164,0.0030690134
1694,0.4741198,0.07142424,0.0853597,0.06711948,0.38876012,0.004304759
1695,0.28537202,0.0064248107,0.027789917,0.020807723,0.2575821,-0.014382912
1696,0.50006956,0.022971723,0.058730848,0.04240083,0.44133872,-0.019429106
1697,0.68878895,0.1231078,0.11655561,0.083941035,0.5722333,0.039166763
1698,0.5743409,0.079356425,0.08707582,0.06995037,0.48726505,0.0094060525
1699,0.30040377,-0.008772355,0.049791384,0.028468827,0.25061238,-0.037241183
1700,0.44839656,0.058585767,0.095723554,0.056723256,0.352673,0.001862511
1701,0.7811529,0.0562318,0.092001826,0.060885705,0.68915105,-0.0046539046
1702,0.63167953,0.061235357,0.099049196,0.07485976,0.5326303,-0.013624404
1703,0.5450341,0.035664737,0.093062,0.0642262,0.45197213,-0.028561465
1704,0.42325583,0.034992408,0.0749246,0.046155956,0.3483312,-0.011163548
1705,0.55375856,0.02572237,0.06199494,0.042195357,0.49176362,-0.016472988
1706,0.604909,0.062527694,0.09183584,0.06399501,0.51307315,-0.0014673173
1707,0.46768373,0.046322644,0.075475246,0.060764242,0.3922085,-0.014441598
1708,0.4170803,0.045757607,0.10616553,0.06845738,0.31091478,-0.022699773
1709,0.4763225,0.075816214,0.07692375,0.05777685,0.39939874,0.018039364
1710,0.42993784,0.040133536,0.05098813,0.03710849,0.3789497,0.0030250475
1711,0.51737356,0.10799866,0.12141862,0.09059199,0.39595494,0.017406672
1712,0.25941715,0.021056905,0.030530388,0.025785977,0.22888675,-0.0047290716
1713,0.72472495,0.079868175,0.14340284,0.09825958,0.5813221,-0.018391408
1714,0.8240244,0.1305294,0.18089886,0.12973177,0.64312553,0.00079762936
1715,0.23585257,0.025856286,0.02419414,0.020365871,0.21165843,0.005490415
1716,0.5905525,0.04626272,0.08076955,0.061628304,0.50978297,-0.015365586
1717,0.5191228,0.06221322,0.101653695,0.07743257,0.41746908,-0.015219353
1718,0.42273754,0.052082356,0.13522878,0.094069555,0.28750876,-0.0419872
1719,0.7540087,0.068207264,0.103711054,0.065822266,0.65029764,0.002384998
1720,0.7635237,0.066442065,0.09116881,0.06503052,0.6723549,0.0014115423
1721,0.43404302,0.032397743,0.065963164,0.0463497,0.36807984,-0.013951957
1722,0.45105404,0.029421326,0.08390932,0.054363452,0.3671447,-0.024942126
1723,0.12513168,-0.0060018604,0.030698802,0.019706476,0.094432876,-0.025708336
1724,0.5542681,0.09657579,0.13041675,0.10082199,0.42385137,-0.0042461976
1725,0.68807745,0.105866306,0.15295568,0.10703719,0.5351218,-0.0011708811
1726,0.595245,0.068399385,0.09576739,0.07433255,0.49947762,-0.0059331656
1727,0.45401213,0.047348324,0.07681197,0.05718405,0.37720016,-0.0098357275
1728,0.47905812,0.09825683,0.059158463,0.04396545,0.41989964,0.054291375
1729,0.43626148,0.07237399,0.07352093,0.050333787,0.36274055,0.022040207
1730,0.45636123,0.041719355,0.0700985,0.05312369,0.38626274,-0.0114043355
1731,0.6977272,0.09257222,0.146786,0.10604638,0.5509412,-0.013474159
1732,0.6648135,0.038120363,0.088587806,0.06192719,0.5762257,-0.023806825
1733,0.39290306,0.05250626,0.036301248,0.02648515,0.3566018,0.02602111
1734,0.43003786,0.050887294,0.100299284,0.06396715,0.32973856,-0.013079859
1735,0.20146334,0.022959152,0.028997162,0.021566255,0.17246617,0.0013928972
1736,0.40415397,0.062098496,0.07110874,0.042958226,0.33304524,0.01914027
1737,0.4696933,0.075034484,0.10725073,0.07656727,0.36244258,-0.0015327856
1738,0.34887102,0.077012315,0.05016905,0.028210407,0.29870197,0.048801906
1739,0.4381964,0.05286479,0.07976673,0.05949253,0.35842967,-0.0066277385
1740,0.4903094,0.05704838,0.06772807,0.041565478,0.42258132,0.0154829025
1741,0.6748892,0.04580764,0.11678197,0.07266322,0.55810726,-0.026855577
1742,0.68493044,0.04244107,0.10243312,0.0634217,0.5824973,-0.020980626
1743,0.6867961,0.047534235,0.060242545,0.040591415,0.6265536,0.00694282
1744,0.644728,0.06644302,0.08739288,0.067287095,0.55733514,-0.0008440763
1745,0.38418043,0.03538881,0.072899885,0.05799991,0.31128055,-0.0226111
1746,0.13036321,-0.0010006751,0.014888393,0.010007751,0.11547482,-0.011008427
1747,0.51303864,0.06264532,0.065287426,0.048104197,0.44775122,0.014541127
1748,0.5111877,0.038966846,0.08910799,0.04999464,0.42207968,-0.011027794
1749,0.29383454,0.036790706,0.05334001,0.038170747,0.24049452,-0.0013800412
1750,0.41852698,0.06982839,0.07831352,0.055853147,0.34021345,0.013975244
1751,0.73405963,0.013763106,0.069314465,0.04856191,0.66474515,-0.0347988
1752,0.33985505,0.031620946,0.07858473,0.04495444,0.2612703,-0.013333496
1753,0.56201035,0.042539865,0.06284245,0.03859992,0.4991679,0.0039399453
1754,0.57132703,0.061623495,0.0812237,0.06027779,0.49010333,0.0013457052
1755,0.89204794,0.10051559,0.14777979,0.10163218,0.7442682,-0.0011165887
1756,0.6203628,0.05733565,0.08439593,0.062428154,0.5359669,-0.0050925054
1757,0.75171846,0.053870674,0.11115348,0.06299076,0.640565,-0.009120088
1758,0.10505719,-0.01462354,0.0047774343,0.0085750725,0.100279756,-0.023198612
1759,0.17468852,0.01572055,0.029453376,0.023770833,0.14523514,-0.008050283
1760,0.88592947,0.09475686,0.109415315,0.08206977,0.7765142,0.012687087
1761,0.44382378,0.072080135,0.07348489,0.05871498,0.3703389,0.013365157
1762,0.89025044,0.042031504,0.1003056,0.06612899,0.7899448,-0.024097487
1763,0.21825355,0.018968198,0.034845877,0.024927506,0.18340768,-0.005959308
1764,0.32644534,0.044587843,0.062829986,0.03454583,0.26361537,0.010042012
1765,0.63734174,0.05361233,0.09475438,0.06632361,0.54258734,-0.012711279
1766,0.27081698,0.024103886,0.04575738,0.025071835,0.2250596,-0.0009679496
1767,0.28436357,0.02002616,0.03707811,0.023542777,0.24728546,-0.0035166163
1768,0.40152863,0.042432316,0.06670032,0.05147631,0.33482832,-0.009043995
1769,0.5532426,0.06598103,0.0839384,0.05985759,0.46930423,0.006123442
1770,0.3591883,0.02818506,0.041890044,0.026462521,0.31729823,0.0017225388
1771,0.35204875,0.04633108,0.06552914,0.050362296,0.28651962,-0.004031215
1772,0.42647356,0.056371216,0.06366877,0.041275363,0.36280477,0.015095852
1773,0.20192347,0.049943816,0.11491569,0.07464047,0.08700778,-0.024696652
1774,0.112787046,0.017134057,0.030027727,0.022329303,0.08275932,-0.005195245
1775,0.66647774,0.10936292,0.1396887,0.1042309,0.52678907,0.0051320195
1776,0.39579707,0.045414846,0.035821207,0.029957488,0.35997587,0.015457358
1777,0.7028434,0.14446063,0.15808046,0.11561376,0.54476297,0.028846875
1778,0.52453315,0.07840321,0.110723235,0.07190267,0.41380993,0.006500542
1779,0.60032755,0.05466038,0.08464465,0.0537062,0.5156829,0.00095418096
1780,0.6659506,0.08308985,0.10380657,0.06947358,0.56214404,0.013616271
1781,0.52130026,0.06656799,0.099284455,0.0691489,0.4220158,-0.002580911
1782,0.5715653,0.041181594,0.07338907,0.047348224,0.49817622,-0.0061666295
1783,0.2649954,0.04236101,0.059033543,0.03653881,0.20596185,0.0058222003
1784,0.6057211,0.116188854,0.17861842,0.13974026,0.42710268,-0.023551404
1785,0.4387053,0.024286333,0.08198964,0.06252445,0.35671565,-0.03823812
1786,0.6105571,0.092007935,0.12652823,0.09185067,0.48402885,0.00015726686
1787,0.41250408,0.0204315,0.046937145,0.031535596,0.36556694,-0.011104096
1788,0.67163444,0.07368704,0.1062785,0.06737985,0.56535596,0.006307192
1789,0.71396554,0.07900051,0.08883999,0.05799868,0.6251255,0.02100183
1790,0.5677861,0.047891717,0.0713805,0.053719275,0.4964056,-0.0058275573
1791,0.67160267,0.09031527,0.13799432,0.10579171,0.5336083,-0.015476443
1792,0.39392152,0.032576397,0.0775045,0.053636808,0.31641704,-0.02106041
1793,0.35060033,0.04058472,0.045022473,0.036337305,0.30557787,0.004247416
1794,0.41484675,0.0014072217,0.05288593,0.037009113,0.36196083,-0.03560189
1795,0.5804869,0.077317476,0.11304666,0.085631296,0.46744025,-0.00831382
1796,0.51907617,0.04343309,0.0628747,0.043685187,0.45620146,-0.00025209785
1797,0.63038325,0.08486246,0.101963855,0.070337996,0.5284194,0.014524467
1798,0.5373368,0.058313534,0.0977643,0.067421675,0.4395725,-0.009108141
1799,0.5469666,0.04943886,0.07541463,0.051565908,0.47155198,-0.0021270476
1800,0.40488657,0.056668337,0.06837901,0.053947646,0.33650756,0.0027206913
1801,0.52517784,0.07951017,0.0945552,0.06675326,0.43062264,0.012756906
1802,0.7453168,0.11449323,0.121032335,0.10026417,0.62428445,0.014229059
1803,0.7027121,0.14639442,0.20554209,0.14930862,0.49717003,-0.0029142052
1804,0.21940601,0.05508423,0.060515665,0.048858564,0.15889034,0.006225664
1805,0.44186154,0.048098106,0.042301327,0.033630267,0.3995602,0.014467839
1806,0.3414537,0.095917046,0.06177193,0.04615904,0.27968177,0.049758006
1807,0.51799226,0.021308769,0.069771014,0.035675794,0.44822124,-0.014367025
1808,0.48905405,0.03259384,0.06208267,0.035666265,0.42697138,-0.0030724257
1809,0.6766743,0.13444234,0.14911601,0.10672251,0.5275583,0.027719833
1810,0.68086445,0.07955014,0.14232504,0.09591135,0.5385394,-0.016361207
1811,0.09390553,-0.025503969,0.03187736,0.017720899,0.06202817,-0.043224867
1812,0.54129165,0.079981506,0.14728081,0.10145901,0.39401084,-0.021477506
1813,0.5271247,0.06127646,0.06769322,0.046131887,0.45943147,0.015144572
1814,0.8517078,0.10975071,0.1737226,0.1225367,0.6779852,-0.012785986
1815,0.6418509,0.08051318,0.10933769,0.077753104,0.5325132,0.002760075
1816,0.22542094,0.1467922,0.11880187,0.07608028,0.10661907,0.070711926
1817,0.47194535,0.02262108,0.040136494,0.028518414,0.43180886,-0.005897334
1818,0.51049346,0.030171681,0.048915166,0.03557919,0.46157828,-0.0054075085
1819,0.7220379,0.0669961,0.09641818,0.06733845,0.6256197,-0.00034235418
1820,0.6808681,0.066294305,0.14614283,0.09822608,0.53472525,-0.031931773
1821,0.5406633,0.09983715,0.09579305,0.07802581,0.44487023,0.021811336
1822,0.52805567,0.08834912,0.09541003,0.060992528,0.43264565,0.027356591
1823,0.2908131,-0.002923399,0.03769558,0.02118877,0.2531175,-0.024112169
1824,0.35231194,0.05722553,0.055222727,0.043337792,0.29708922,0.013887737
1825,0.7401313,0.09293377,0.1598219,0.11906745,0.5803094,-0.026133686
1826,0.8023188,0.07238746,0.12808791,0.08127054,0.67423093,-0.008883081
1827,0.40216658,0.044418562,0.08529718,0.061214227,0.31686938,-0.016795665
1828,0.5691847,0.07797208,0.097174406,0.073090285,0.4720103,0.004881792
1829,0.39357072,0.035574432,0.071429,0.050611634,0.3221417,-0.015037201
1830,0.3318591,-0.001320946,0.025479924,0.015280281,0.3063792,-0.016601227
1831,0.3385339,0.07239009,0.065311775,0.03782958,0.27322215,0.034560505
1832,0.31281596,0.021411758,0.052170444,0.034006547,0.2606455,-0.012594789
1833,0.5998235,0.07916316,0.12621786,0.09173764,0.47360563,-0.012574486
1834,0.65293396,0.02262862,0.08819759,0.061913706,0.56473637,-0.039285086
1835,0.40700257,-0.01891732,0.040851694,0.018066114,0.3661509,-0.036983434
1836,0.84223735,0.093438104,0.14639148,0.10388515,0.69584584,-0.010447048
1837,0.31463626,0.019951615,0.116598345,0.08027054,0.19803792,-0.06031893
1838,0.15569924,-0.027715756,0.01586887,0.014453803,0.13983037,-0.04216956
1839,0.59768504,0.05855801,0.0705421,0.050727822,0.52714294,0.007830188
1840,0.4279426,0.032029632,0.05969704,0.042595696,0.36824557,-0.010566063
1841,0.60998046,0.08226257,0.12091974,0.08121157,0.48906073,0.0010510013
1842,0.31913835,0.023407351,0.058563776,0.037198376,0.26057458,-0.013791025
1843,0.48035762,0.03325061,0.06837,0.049620178,0.4119876,-0.016369566
1844,0.49714565,0.03897076,0.0774198,0.05918292,0.41972584,-0.020212159
1845,0.56198317,0.07016156,0.0936863,0.06717935,0.4682969,0.0029822066
1846,0.6637021,0.07202987,0.08514763,0.06503673,0.57855445,0.0069931373
1847,0.747665,0.0875908,0.13061102,0.09598019,0.617054,-0.008389391
1848,0.768968,0.1914376,0.19848104,0.14703825,0.57048696,0.04439935
1849,0.6970071,0.044932216,0.091866955,0.05986148,0.60514015,-0.014929265
1850,0.4759838,0.092248045,0.09764151,0.065447226,0.37834227,0.026800819
1851,0.52000934,0.14311844,0.11045305,0.08620919,0.4095563,0.05690925
1852,0.6559875,0.06926765,0.16653936,0.10514905,0.48944813,-0.0358814
1853,0.44341925,0.079167806,0.06661115,0.03684769,0.3768081,0.042320117
1854,0.20158006,0.025093282,0.038715705,0.02882489,0.16286436,-0.0037316084
1855,0.54307324,0.059247036,0.09339643,0.0663802,0.4496768,-0.0071331672
1856,0.6807478,0.049470022,0.071636125,0.050611533,0.60911167,-0.0011415109
1857,0.58438116,0.08058939,0.13201734,0.09510555,0.45236382,-0.01451616
1858,0.57128227,0.06731132,0.07432304,0.05178999,0.4969592,0.015521325
1859,0.27256924,0.033343956,0.07755631,0.051078856,0.19501293,-0.0177349
1860,0.25490326,0.009141818,0.04131476,0.032284446,0.2135885,-0.023142628
1861,0.74867195,0.06849614,0.11473425,0.080059685,0.6339377,-0.011563547
1862,0.50537425,0.07216392,0.081502035,0.058613766,0.42387223,0.013550151
1863,0.49211016,0.11342787,0.14787824,0.111772954,0.3442319,0.0016549155
1864,0.19287504,0.0791667,0.045053355,0.023523048,0.1478217,0.055643655
1865,0.3077529,0.032023188,0.046303324,0.035038948,0.26144958,-0.0030157603
1866,0.58983314,0.04560841,0.10543652,0.06191864,0.48439664,-0.01631023
1867,0.5178307,0.109780975,0.081263654,0.05291844,0.43656707,0.056862533
1868,0.58891606,0.12046659,0.18354797,0.12435987,0.4053681,-0.0038932785
1869,0.57039165,0.06391141,0.09133811,0.072193936,0.47905356,-0.008282527
1870,0.12327855,-0.011459542,0.013588163,0.0076586353,0.10969039,-0.019118179
1871,0.67639565,0.05190433,0.07438693,0.05459254,0.6020087,-0.0026882105
1872,0.73886824,0.051526327,0.08194129,0.06211344,0.65692693,-0.010587115
1873,0.30436143,0.012826907,0.022841848,0.020628355,0.2815196,-0.007801448
1874,0.6542533,0.08921498,0.13436832,0.09327507,0.519885,-0.0040600896
1875,0.08148582,0.07655861,0.017434826,0.013411681,0.064050995,0.063146934
1876,0.4646137,0.027013708,0.085172,0.049916737,0.3794417,-0.022903029
1877,0.46303484,0.083029635,0.06632529,0.04518752,0.39670956,0.037842114
1878,0.45547116,0.094401374,0.1016296,0.059676945,0.35384154,0.03472443
1879,0.7135388,0.08089803,0.10604872,0.07222898,0.6074901,0.008669049
1880,0.7978128,0.042326458,0.08829777,0.0523989,0.70951504,-0.010072444
1881,0.4673746,0.04860531,0.08423021,0.051731877,0.38314438,-0.0031265654
1882,0.6546008,0.036892004,0.09699108,0.061007537,0.55760974,-0.024115533
1883,0.34254298,0.040674146,0.06433989,0.046054427,0.27820307,-0.0053802803
1884,0.49882963,0.08324606,0.091255344,0.06706949,0.4075743,0.016176566
1885,0.7984805,0.16209818,0.18791619,0.11792257,0.61056435,0.044175617
1886,0.38042352,0.07285688,0.065432295,0.043090515,0.31499124,0.029766366
1887,0.6334193,0.05269322,0.11778338,0.07759203,0.5156359,-0.024898808
1888,0.23737155,0.004137769,0.05546991,0.02838802,0.18190163,-0.02425025
1889,0.3903893,0.034616068,0.07652149,0.05068784,0.3138678,-0.01607177
1890,0.6206021,0.102020174,0.10191641,0.07804442,0.51868564,0.023975752
1891,0.40353727,0.07818523,0.08288253,0.06191231,0.32065475,0.016272921
1892,0.42100638,0.046645585,0.053614296,0.037133038,0.3673921,0.009512547
1893,0.36828545,0.047286287,0.06135001,0.043394584,0.30693543,0.0038917027
1894,0.27352753,0.026796775,0.05120821,0.030249238,0.22231932,-0.003452463
1895,0.41168827,0.029108273,0.06255648,0.04403305,0.3491318,-0.014924778
1896,0.51857173,0.047727726,0.10795309,0.07300748,0.41061866,-0.025279753
1897,0.56226414,0.13005027,0.15750985,0.09730875,0.40475428,0.032741524
1898,0.70347804,0.12297303,0.153828,0.12249364,0.5496501,0.0004793927
1899,0.37421367,0.03868684,0.056461226,0.044763148,0.31775245,-0.006076306
1900,0.60421425,0.09054193,0.13543709,0.09245576,0.46877718,-0.0019138306
1901,0.491842,0.03419291,0.04509328,0.026054746,0.44674873,0.008138163
1902,0.18961304,0.028341038,0.029488832,0.023635868,0.16012421,0.00470517
1903,0.2510983,0.018176837,0.039233677,0.03069428,0.21186462,-0.012517443
1904,0.58683264,0.14285527,0.14408061,0.10279343,0.44275203,0.04006184
1905,0.4504376,0.029989343,0.06444446,0.044252988,0.38599315,-0.014263645
1906,0.47067693,0.04765617,0.050304897,0.040307794,0.42037204,0.0073483773
1907,0.40724152,0.038204286,0.08744077,0.052252304,0.31980076,-0.014048018
1908,0.495273,0.08166499,0.099792264,0.07961358,0.39548072,0.0020514056
1909,0.4803886,0.045081154,0.083967224,0.05590378,0.39642137,-0.010822628
1910,0.6495977,0.08924123,0.13129741,0.097358376,0.5183003,-0.008117147
1911,0.7029447,0.13542469,0.17296974,0.11960602,0.52997494,0.01581867
1912,0.59488094,0.11759237,0.10992889,0.07681167,0.48495203,0.0407807
1913,0.44600776,0.09883787,0.062307883,0.039670546,0.38369986,0.05916732
1914,0.45415074,0.04138702,0.052920233,0.04008647,0.4012305,0.001300551
1915,0.6290102,0.08098668,0.09938581,0.06895522,0.5296244,0.012031458
1916,0.4947588,0.11045627,0.12164239,0.092298314,0.37311643,0.018157959
1917,0.51437163,0.07255518,0.10076461,0.07483163,0.41360703,-0.0022764504
1918,0.7403912,0.111538954,0.15487115,0.111244835,0.58552,0.00029411912
1919,0.4535325,0.06692685,0.099115156,0.07850858,0.35441732,-0.011581726
1920,0.37780032,0.025554964,0.10420927,0.0644221,0.27359104,-0.03886714
1921,0.53080904,0.02628405,0.07207122,0.050279062,0.45873782,-0.023995012
1922,0.18642166,0.11190985,0.032341216,0.025796007,0.15408045,0.08611384
1923,0.54547596,0.07472167,0.11084621,0.08027332,0.43462974,-0.005551651
1924,0.4310819,0.050206445,0.08206554,0.062410135,0.34901637,-0.01220369
1925,0.76235926,0.13808881,0.1895634,0.13836083,0.57279587,-0.0002720207
1926,0.6197417,0.13243668,0.16037598,0.1081294,0.4593657,0.02430728
1927,0.6148624,0.096888855,0.14416404,0.091308415,0.47069836,0.00558044
1928,0.49497098,0.085924014,0.0903321,0.06096729,0.4046389,0.024956726
1929,0.56490046,0.060328852,0.08535768,0.060240947,0.4795428,8.7905675e-05
1930,0.592015,0.05999091,0.04846997,0.035109345,0.54354507,0.024881564
1931,0.67623806,0.10790588,0.14917241,0.09892456,0.52706563,0.008981317
1932,0.4388323,0.056343075,0.07406632,0.05356597,0.364766,0.0027771033
1933,0.55457264,0.061029676,0.098206274,0.07166795,0.45636636,-0.0106382705
1934,0.53770906,0.08527227,0.102818236,0.075125545,0.4348908,0.010146722
1935,0.4334342,0.07547393,0.14400092,0.10913656,0.28943327,-0.033662632
1936,0.41095874,0.031058619,0.059168052,0.040591605,0.3517907,-0.009532986
1937,0.33450004,0.039263755,0.06115412,0.03878882,0.27334592,0.00047493353
1938,0.44488865,0.07099833,0.08478807,0.0631338,0.36010057,0.007864535
1939,0.44125912,0.06833235,0.07465403,0.05523201,0.3666051,0.013100341
1940,0.57459927,0.05468658,0.07794352,0.060119677,0.49665576,-0.0054330975
1941,0.6459994,0.037167083,0.0738184,0.051962983,0.572181,-0.014795899
1942,0.38092518,0.08820993,0.106582366,0.081510104,0.2743428,0.006699823
1943,0.38145584,0.0047404314,0.03937739,0.020166287,0.34207845,-0.015425855
1944,0.6903901,0.08861881,0.11965938,0.08140556,0.57073075,0.00721325
1945,0.57256037,0.14302489,0.15459442,0.114824496,0.41796595,0.028200395
1946,0.62280023,0.10316141,0.10364288,0.07126257,0.51915735,0.03189884
1947,0.4348414,0.08834562,0.11060029,0.07448893,0.3242411,0.013856687
1948,0.27671304,0.035729244,0.04787772,0.034415834,0.22883531,0.0013134107
1949,0.46790016,0.09157871,0.09599343,0.06171175,0.37190673,0.029866956
1950,0.5968196,0.048755653,0.082363,0.062345754,0.51445657,-0.013590101
1951,0.5559945,0.040789485,0.050069533,0.042190723,0.505925,-0.0014012381
1952,0.6335609,0.059300926,0.087884404,0.05317735,0.54567647,0.0061235763
1953,0.62535906,0.057026614,0.081298575,0.057166673,0.54406047,-0.00014005974
1954,0.44814,0.056329776,0.08098077,0.056367338,0.36715922,-3.7562102e-05
1955,0.42145658,0.065178566,0.055181284,0.04221678,0.36627528,0.022961784
1956,0.46944287,0.034428477,0.06539579,0.0432178,0.40404707,-0.008789323
1957,0.2822417,0.038395148,0.027250594,0.01541093,0.2549911,0.022984218
1958,0.26724574,0.059037462,0.06945398,0.05340439,0.19779176,0.005633071
1959,0.59183264,0.08056856,0.10408988,0.07542071,0.48774275,0.005147852
1960,0.31251934,0.014710112,0.048928313,0.03826209,0.26359102,-0.02355198
1961,0.49947566,0.057953462,0.0815752,0.05964713,0.41790044,-0.0016936697
1962,0.51766855,0.06669621,0.099421844,0.07235889,0.4182467,-0.0056626797
1963,0.6576711,0.05038592,0.07997177,0.050501835,0.5776993,-0.00011591613
1964,0.45488653,0.041941196,0.067219354,0.04767743,0.38766718,-0.0057362355
1965,0.39103544,0.033390824,0.08296767,0.056092154,0.30806777,-0.02270133
1966,0.26812303,0.026132876,0.03738411,0.028802294,0.23073892,-0.0026694182
1967,0.5858865,0.06635496,0.09084533,0.061721247,0.49504113,0.0046337135
1968,0.2456436,0.0035685014,0.028965091,0.015848327,0.21667852,-0.012279826
1969,0.30954418,0.033958875,0.05450511,0.044511754,0.25503907,-0.010552879
1970,0.66805,0.09346109,0.13314407,0.102454506,0.5349059,-0.008993417
1971,0.53333265,0.044485494,0.08146387,0.059122883,0.45186877,-0.014637388
1972,0.48269135,0.10004732,0.1010504,0.072360314,0.38164094,0.027687006
1973,0.35288033,0.023371236,0.042998377,0.03277508,0.30988196,-0.009403845
1974,0.5267353,0.051354885,0.075886406,0.051033832,0.4508489,0.00032105297
1975,0.36029166,0.09372977,0.0808774,0.05725106,0.27941427,0.036478713
1976,0.41111857,0.0749785,0.080452636,0.058056384,0.33066595,0.016922116
1977,0.6612209,0.09810115,0.12708215,0.10069466,0.53413874,-0.0025935099
1978,0.64042485,0.083667286,0.1266154,0.08817621,0.51380944,-0.0045089275
1979,0.81645036,0.13202757,0.19326678,0.1380986,0.6231836,-0.006071031
1980,0.53106195,0.05586735,0.085722305,0.06178739,0.44533965,-0.0059200376
1981,0.35957628,0.046651114,0.05731287,0.044115663,0.3022634,0.0025354512
1982,0.7226682,0.06356701,0.10787578,0.07924248,0.6147924,-0.01567547
1983,0.6444492,0.039661247,0.11623663,0.07193008,0.52821255,-0.032268833
1984,0.16642068,0.028321747,0.0393003,0.027193662,0.12712038,0.001128085
1985,0.39057618,0.059964262,0.06981969,0.05775236,0.3207565,0.0022119023
1986,0.6236779,0.061885435,0.078688145,0.05649382,0.54498976,0.0053916164
1987,0.5884763,0.061614104,0.12328668,0.081671916,0.46518964,-0.020057812
1988,0.5590136,0.12128497,0.15980627,0.11586996,0.39920735,0.0054150075
1989,0.24858375,0.021067446,0.040673174,0.029585814,0.20791057,-0.008518368
1990,0.6492701,0.08354557,0.12888154,0.090858564,0.5203886,-0.0073129907
1991,0.56424105,0.09042427,0.0868484,0.06635676,0.47739264,0.024067506
1992,0.5412082,0.039449062,0.13792402,0.071957365,0.4032842,-0.032508302
1993,0.8180891,0.06972991,0.11426836,0.078722745,0.70382077,-0.008992836
1994,0.2687423,0.037226655,0.0641263,0.04376427,0.204616,-0.0065376163
1995,0.6284667,0.11657622,0.15528819,0.10931414,0.47317854,0.0072620735
1996,0.5485765,0.10387261,0.11651713,0.08537843,0.43205935,0.018494181
1997,0.48770833,0.042149346,0.05377668,0.040710256,0.43393165,0.0014390908
1998,0.6364642,0.07020121,0.11055424,0.07920813,0.52590996,-0.0090069175
1999,0.6430129,0.06068249,0.08483375,0.064605914,0.55817914,-0.0039234236
2000,0.5255262,0.07113631,0.07828909,0.056855183,0.44723713,0.014281128
2001,0.25769112,0.03963527,0.02177304,0.01971463,0.23591807,0.019920642
2002,0.7227121,0.067408144,0.13350977,0.08981669,0.58920234,-0.022408545
2003,0.601952,0.040118154,0.14568177,0.08141339,0.45627025,-0.041295234
2004,0.2786392,0.017612105,0.03448055,0.02320475,0.24415866,-0.005592644
2005,0.4526988,0.044722863,0.05553875,0.035808705,0.39716005,0.008914158
2006,0.24816363,0.008545342,0.050303794,0.035843454,0.19785982,-0.027298111
2007,0.6117368,0.062395625,0.08615147,0.063626066,0.5255853,-0.001230441
2008,0.7828434,0.13832618,0.18380961,0.14153937,0.59903383,-0.003213182
2009,0.42681956,0.13583928,0.08828388,0.053415842,0.33853567,0.08242344
2010,0.48586595,0.043306347,0.057015248,0.033081714,0.4288507,0.010224633
2011,0.33093202,0.05697979,0.06406593,0.04523132,0.2668661,0.01174847
2012,0.23396409,0.043399937,0.04345165,0.03026748,0.19051243,0.013132457
2013,0.68420595,0.040582135,0.10310749,0.071411096,0.58109844,-0.03082896
2014,0.5579959,0.097058214,0.13794115,0.094676524,0.42005476,0.0023816898
2015,0.7489172,0.058679506,0.08202739,0.05089294,0.66688985,0.0077865645
2016,0.50913054,0.076563984,0.092549816,0.07485199,0.41658074,0.0017119944
2017,0.55107975,0.025826853,0.0734566,0.055919576,0.47762316,-0.030092724
2018,0.69567984,0.049800996,0.089993306,0.06522025,0.60568655,-0.015419256
2019,0.5418039,0.05567024,0.081532575,0.055908006,0.46027133,-0.00023776665
2020,0.69636154,0.050522186,0.10371001,0.06857987,0.59265155,-0.018057682
2021,0.42199054,0.058575965,0.08775167,0.0672631,0.3342389,-0.008687131
2022,0.66422826,0.10149069,0.14179409,0.08600307,0.5224342,0.015487619
2023,0.48890057,0.11818794,0.099432535,0.074648105,0.38946804,0.043539837
2024,0.25460926,0.028204322,0.030263674,0.024775345,0.22434558,0.003428977
2025,0.47768143,0.06291508,0.09634073,0.069303215,0.38134068,-0.0063881353
2026,0.59144807,0.050739072,0.059532613,0.04072934,0.5319154,0.010009732
2027,0.6287826,0.07093977,0.06625029,0.04641769,0.5625323,0.024522081
2028,0.2813143,0.05190469,0.0773532,0.06596621,0.2039611,-0.014061522
2029,0.620816,0.07536503,0.10282663,0.06507361,0.51798934,0.01029142
2030,0.45602894,0.03908872,0.061437905,0.047480248,0.39459103,-0.008391529
2031,0.28755078,0.1733732,0.09653581,0.062143706,0.19101498,0.1112295
2032,0.45619267,0.09245659,0.12683359,0.09622196,0.32935908,-0.0037653744
2033,0.41646793,0.04328791,0.06946401,0.05540992,0.34700394,-0.012122009
2034,0.14121594,0.02206386,0.032280825,0.023777608,0.10893511,-0.0017137472
2035,0.769777,0.09301629,0.112176694,0.07884871,0.6576003,0.014167577
2036,0.4848841,0.08496664,0.1135035,0.08443527,0.37138063,0.00053136796
2037,0.44135264,0.06754165,0.07275884,0.05776168,0.3685938,0.009779971
2038,0.52223617,0.044832602,0.08140718,0.053048592,0.44082898,-0.00821599
2039,0.723449,0.08265984,0.10153351,0.07342146,0.62191546,0.009238377
2040,0.37542945,0.05921789,0.070375875,0.05003681,0.3050536,0.0091810785
2041,0.5252343,0.07504508,0.10798626,0.069137745,0.417248,0.0059073344
2042,0.42446056,0.071250245,0.061680913,0.04442323,0.36277965,0.026827015
2043,0.48093235,0.061828084,0.073067985,0.051913388,0.40786436,0.009914696
2044,0.40163833,0.07569793,0.07248953,0.053081542,0.3291488,0.022616386
2045,0.44378394,0.08835935,0.1095142,0.07720642,0.33426973,0.011152931
2046,0.61687654,0.103198074,0.13026328,0.09283374,0.48661327,0.010364331
2047,0.584174,0.04797176,0.09727584,0.0679873,0.48689812,-0.020015541
2048,0.5187926,0.05796472,0.08191286,0.06218072,0.43687975,-0.0042160004
2049,0.40657234,0.035789825,0.08067782,0.055521756,0.32589453,-0.019731931
2050,0.5226006,0.086094834,0.09671395,0.059426617,0.42588663,0.026668217
2051,0.6396545,0.061250217,0.11409205,0.08147271,0.52556247,-0.020222493
2052,0.44491556,0.06658763,0.07417606,0.053682595,0.37073952,0.012905031
2053,0.7264326,0.083772264,0.10300012,0.074981734,0.6234325,0.00879053
2054,0.7787048,0.083823435,0.11840115,0.08910712,0.66030365,-0.0052836835
2055,0.33932698,0.014706353,0.053413827,0.035513125,0.28591314,-0.020806773
2056,0.5696674,0.07902383,0.1467098,0.10467706,0.4229576,-0.025653228
2057,0.5113458,0.040489376,0.059690505,0.038963307,0.4516553,0.0015260689
2058,0.47393978,0.071088,0.114562646,0.07285428,0.35937715,-0.0017662793
2059,0.639799,0.078072935,0.12421509,0.082966074,0.51558393,-0.004893139
2060,0.3543074,0.027277162,0.067279026,0.04316928,0.28702837,-0.015892116
2061,0.3789872,0.11095824,0.044372715,0.029324472,0.3346145,0.08163377
2062,0.7628465,0.06546989,0.097624436,0.069956854,0.6652221,-0.004486963
2063,0.72057545,0.07056149,0.11723844,0.084554255,0.603337,-0.013992764
2064,0.5680481,0.02876521,0.043383203,0.034358013,0.52466494,-0.0055928025
2065,0.29474145,0.028064026,0.04355467,0.03785901,0.2511868,-0.009794986
2066,0.6201697,0.09077816,0.13513914,0.09599517,0.48503056,-0.0052170157
2067,0.4447076,0.08321467,0.1104131,0.07582251,0.3342945,0.0073921606
2068,0.6242652,0.045790985,0.08247946,0.06223628,0.5417857,-0.016445294
2069,0.38547257,0.056398556,0.1231302,0.08274561,0.26234236,-0.026347056
2070,0.60230607,0.06037837,0.12239683,0.077573776,0.47990924,-0.017195407
2071,0.5807383,0.04582575,0.10625303,0.069137394,0.47448528,-0.023311645
2072,0.5595406,0.03375902,0.07944105,0.05592397,0.4800996,-0.022164948
2073,0.5338029,0.090962216,0.123337425,0.08611163,0.4104655,0.0048505887
2074,0.3252291,0.056210108,0.038656782,0.022947336,0.28657234,0.033262774
2075,0.4910657,0.05098353,0.085867085,0.0633429,0.40519863,-0.01235937
2076,0.3830449,0.017265463,0.06207905,0.0413671,0.32096586,-0.024101635
2077,0.4840822,0.05549493,0.07781213,0.055068403,0.40627006,0.0004265271
2078,0.40034088,0.07852997,0.059796236,0.042773083,0.34054464,0.035756886
2079,0.6950417,0.083731264,0.079977855,0.04968783,0.61506385,0.034043435
2080,0.15910996,0.020738203,0.048189245,0.033065416,0.11092072,-0.012327213
2081,0.2938469,0.03588839,0.052190226,0.03774,0.24165668,-0.0018516108
2082,0.11842915,0.01696877,0.02724253,0.021788128,0.09118661,-0.004819358
2083,0.3778521,0.03584051,0.047928177,0.032163385,0.32992393,0.003677126
2084,0.298925,0.042164598,0.044721894,0.031700592,0.2542031,0.010464005
2085,0.5782798,0.07544294,0.117947064,0.07368046,0.46033272,0.0017624795
2086,0.34136546,0.12815076,0.08950197,0.061406255,0.25186348,0.06674451
2087,0.2794982,0.050041135,0.081426576,0.039484482,0.19807161,0.010556653
2088,0.44969764,0.023501929,0.045478195,0.033630103,0.40421945,-0.010128174
2089,0.4915622,0.046733286,0.086392865,0.05579871,0.4051693,-0.009065423
2090,0.65446573,0.051430598,0.082026936,0.054176968,0.5724388,-0.0027463697
2091,0.59748447,0.1013404,0.10193571,0.068483375,0.49554875,0.032857023
2092,0.85668,0.11013632,0.22690234,0.14379063,0.62977767,-0.03365431
2093,0.7039117,0.05224153,0.10879783,0.061104186,0.5951139,-0.008862656
2094,0.78133935,0.13787977,0.1564409,0.13037734,0.62489843,0.0075024366
2095,0.5443958,0.027881743,0.07584183,0.05501269,0.46855396,-0.027130948
2096,0.5538893,0.06890468,0.11933696,0.08314739,0.4345523,-0.014242709
2097,0.69636464,0.04961126,0.09781154,0.06308177,0.5985531,-0.013470512
2098,0.7448664,0.04821986,0.08657713,0.061013978,0.65828925,-0.012794118
2099,0.21916567,0.019111786,0.04522887,0.035351586,0.1739368,-0.0162398
2100,0.52858204,0.15684016,0.15692914,0.12510434,0.3716529,0.031735823
2101,0.6199317,0.08585291,0.12416434,0.09007865,0.49576735,-0.0042257383
2102,0.4338773,0.08502285,0.08534577,0.05998667,0.3485315,0.025036182
2103,0.16825353,0.036550984,0.034589637,0.02849853,0.1336639,0.008052453
2104,0.49712208,0.068016596,0.1201997,0.0881552,0.37692237,-0.020138606
2105,0.47693545,0.033679653,0.047164418,0.026845802,0.42977104,0.0068338513
2106,0.26075184,0.055968378,0.053753465,0.036393594,0.20699838,0.019574784
2107,0.45632792,0.03953568,0.06508152,0.0323914,0.39124638,0.00714428
2108,0.86411923,0.09195122,0.11123228,0.08283286,0.75288695,0.009118363
2109,0.5515053,0.0833523,0.10302065,0.072750375,0.44848466,0.010601923
2110,0.6054439,0.07994083,0.1198227,0.087717175,0.48562118,-0.0077763423
2111,0.4258399,0.057876103,0.06244166,0.045956504,0.36339825,0.011919599
2112,0.53649867,0.104239285,0.11288401,0.09018758,0.42361465,0.014051706
2113,0.38715714,0.059249613,0.056201648,0.04602704,0.3309555,0.013222575
2114,0.50955284,0.0416659,0.07920038,0.060568124,0.43035245,-0.018902224
2115,0.27740356,0.049792517,0.053869348,0.03784863,0.22353421,0.011943888
2116,0.55577993,0.07511013,0.07807269,0.0621395,0.47770724,0.01297063
2117,0.6296187,0.036391452,0.10307515,0.06274392,0.52654356,-0.026352465
2118,0.5774933,0.114670426,0.12582228,0.08461462,0.45167103,0.030055806
2119,0.394104,0.116355345,0.0980667,0.07157977,0.29603732,0.044775575
2120,0.44900095,0.057221357,0.048409585,0.031234989,0.40059137,0.025986368
2121,0.2405298,0.025693992,0.03777693,0.029465135,0.20275287,-0.003771143
2122,0.5629238,0.08539277,0.09766931,0.06680095,0.4652545,0.018591821
2123,0.47235394,0.056897458,0.06672312,0.03999751,0.40563083,0.016899947
2124,0.66443944,0.061024614,0.10232949,0.06857118,0.56210995,-0.0075465664
2125,0.20473115,0.08289542,0.043617945,0.027271902,0.1611132,0.055623516
2126,0.52852315,0.055279445,0.06448682,0.044705402,0.46403635,0.010574043
2127,0.63159424,0.07380244,0.10162666,0.07300784,0.5299676,0.0007946044
2128,0.594291,0.08560047,0.091939814,0.06797495,0.50235116,0.017625526
2129,0.123547025,0.04436125,0.029297909,0.028950825,0.094249114,0.015410423
2130,0.15722337,-0.02262967,0.040926527,0.02047282,0.11629684,-0.04310249
2131,0.5833291,0.08259986,0.08219086,0.06091718,0.5011382,0.021682683
2132,0.4770715,0.040275946,0.09475757,0.060257096,0.3823139,-0.01998115
2133,0.4514646,0.09360318,0.09634886,0.0696037,0.35511574,0.023999482
2134,0.6409811,0.051550053,0.06970086,0.04910815,0.57128024,0.0024419017
2135,0.42547277,0.047393624,0.08652097,0.064942926,0.3389518,-0.017549302
2136,0.7115787,0.04665891,0.086971566,0.062875636,0.62460715,-0.016216725
2137,0.60009116,0.07532777,0.094446465,0.074158445,0.5056447,0.0011693239
2138,0.26444072,0.06784074,0.071517095,0.053229354,0.19292362,0.014611386
2139,0.8347687,0.15102264,0.18550578,0.14680314,0.6492629,0.004219502
2140,0.57855064,0.026790911,0.059269726,0.040038515,0.5192809,-0.013247604
2141,0.24473152,0.09915495,0.0905956,0.07381576,0.15413591,0.025339186
2142,0.30350563,0.09210915,0.12874758,0.0786812,0.17475805,0.01342795
2143,0.65945625,0.07525237,0.11054723,0.07284029,0.548909,0.0024120808
2144,0.7483225,0.036737073,0.06801792,0.04707597,0.6803046,-0.010338895
2145,0.3200984,0.036970813,0.048208848,0.031046798,0.27188957,0.0059240144
2146,0.23971641,0.031156335,0.05992069,0.034358002,0.17979571,-0.0032016672
2147,0.64842695,0.11970943,0.14490819,0.09149162,0.50351876,0.028217815
2148,0.52413267,0.048187558,0.090165175,0.061742324,0.4339675,-0.013554767
2149,0.6179853,0.051750395,0.11864493,0.072066575,0.4993404,-0.02031618
2150,0.36611798,0.06073913,0.077781014,0.06322529,0.28833696,-0.002486162
2151,0.550738,0.05664386,0.09570552,0.07028186,0.45503247,-0.013638005
2152,0.7157897,0.09719844,0.10482848,0.075551994,0.6109612,0.021646447
2153,0.39652547,0.07547897,0.10770194,0.07926574,0.28882354,-0.0037867725
2154,0.60227937,0.08418388,0.12324238,0.0841177,0.479037,6.617606e-05
2155,0.51889616,0.10610674,0.10975025,0.072935656,0.40914592,0.033171088
2156,0.55305666,0.03878206,0.07779274,0.053582348,0.47526392,-0.014800288
2157,0.42727163,0.05012821,0.075779974,0.043805107,0.35149166,0.006323103
2158,0.30991465,0.036103427,0.05035138,0.041126385,0.25956327,-0.005022958
2159,0.23593779,0.018201796,0.048846655,0.027236411,0.18709114,-0.009034615
2160,0.28799263,0.13387136,0.092151865,0.06302695,0.19584076,0.07084441
2161,0.51128274,0.045511547,0.07710147,0.051186573,0.43418127,-0.0056750253
2162,0.5199606,0.09847702,0.12806965,0.10432063,0.39189094,-0.0058436096
2163,0.5385583,0.061831556,0.08950113,0.06643565,0.44905716,-0.0046040937
2164,0.09027788,0.17441688,0.024940427,0.014886444,0.06533745,0.15953045
2165,0.52739656,0.07888273,0.10169874,0.07408966,0.4256978,0.0047930703
2166,0.20804892,0.05495477,0.047534354,0.029768622,0.16051456,0.02518615
2167,0.24971165,0.0011590573,0.06615046,0.045474518,0.18356119,-0.04431546
2168,0.59167445,0.02667693,0.06145581,0.04981003,0.53021866,-0.0231331
2169,0.67732906,0.10162862,0.1415499,0.10124858,0.5357792,0.00038003922
2170,0.32308778,0.0313713,0.040478513,0.03203879,0.28260928,-0.00066749007
2171,0.22108632,0.0149083845,0.037577614,0.024018332,0.18350871,-0.009109948
2172,0.2612027,0.10075897,0.05392741,0.034654375,0.20727529,0.06610459
2173,0.7235585,0.096807644,0.11277459,0.09227072,0.6107839,0.0045369267
2174,0.24794024,0.082566485,0.047826372,0.030046184,0.20011386,0.0525203
2175,0.5692447,0.08383538,0.1117679,0.08252879,0.4574768,0.001306586
2176,0.48071584,0.059071787,0.07835256,0.05832095,0.40236327,0.000750836
2177,0.49884796,0.08152636,0.07911303,0.06579016,0.41973493,0.0157362
2178,0.44298354,0.056259878,0.07788782,0.049663734,0.36509573,0.0065961443
2179,0.5070798,0.06641738,0.14945185,0.09760805,0.35762793,-0.031190671
2180,0.46229288,0.08854616,0.069414005,0.050075524,0.3928789,0.038470633
2181,0.49072644,0.035231866,0.10979118,0.06571718,0.38093525,-0.030485317
2182,0.32697102,0.058885735,0.09823138,0.07881524,0.22873965,-0.019929502
2183,0.7249069,0.07178116,0.085737124,0.07324857,0.6391698,-0.0014674142
2184,0.36485893,0.063300416,0.07565532,0.06096995,0.2892036,0.002330467
2185,0.71482694,0.0947769,0.118632175,0.0811431,0.59619474,0.013633795
2186,0.46135357,0.04265949,0.073266275,0.044014234,0.3880873,-0.0013547428
2187,0.69583285,0.06312919,0.09195657,0.06235783,0.6038763,0.0007713549
2188,0.4410446,0.034777075,0.071065426,0.045532685,0.36997917,-0.01075561
2189,0.26903075,0.044987574,0.038350966,0.023474202,0.23067978,0.021513373
2190,0.5579303,0.046059225,0.081184424,0.056102358,0.47674587,-0.010043133
2191,0.8615846,0.15419851,0.21416311,0.1514275,0.6474215,0.002771005
2192,0.30444238,0.09019576,0.07865884,0.058913,0.22578353,0.03128276
2193,0.674235,0.07970077,0.15012082,0.1036697,0.52411413,-0.023968935
2194,0.49937868,0.09991783,0.15302019,0.1000578,0.34635848,-0.00013997406
2195,0.56684804,0.0644336,0.10045862,0.06913307,0.46638942,-0.004699476
2196,0.5036792,0.030214299,0.041333593,0.030708557,0.46234563,-0.0004942585
2197,0.5612916,-0.0032409043,0.03345911,0.024004797,0.52783245,-0.0272457
2198,0.2655193,0.035219118,0.041484464,0.035352934,0.22403483,-0.00013381615
2199,0.78695774,0.059668332,0.06875505,0.05758711,0.7182027,0.0020812228
2200,0.58117115,0.090450466,0.079454854,0.05889375,0.5017163,0.031556714
2201,0.6085351,0.07579806,0.1434624,0.09089018,0.4650727,-0.01509212
2202,0.3736533,0.033122916,0.08183183,0.05617128,0.29182148,-0.023048364
2203,0.46431416,0.1193329,0.13231887,0.08865311,0.3319953,0.030679792
2204,0.35575214,0.059080597,0.0780174,0.052571725,0.27773476,0.006508872
2205,0.40373844,0.01229278,0.08218269,0.0585356,0.32155573,-0.04624282
2206,0.6366593,0.08399825,0.10213958,0.073879145,0.53451973,0.010119103
2207,0.18457447,0.015134889,0.018394912,0.01569673,0.16617955,-0.00056184176
2208,0.6487179,0.05767686,0.078761265,0.04867037,0.5699566,0.009006489
2209,0.49209765,0.115163326,0.073790744,0.047668163,0.4183069,0.06749517
2210,0.4398403,0.053913187,0.07516145,0.051862955,0.36467883,0.0020502321
2211,0.46323863,0.04766673,0.05835534,0.038873017,0.4048833,0.008793712
2212,0.27404425,0.054866526,0.044604093,0.03423242,0.22944015,0.020634107
2213,0.7014317,0.061955307,0.0727125,0.045126148,0.6287192,0.01682916
2214,0.39645225,0.04737716,0.07881217,0.06197058,0.31764007,-0.014593419
2215,0.75016695,0.18998046,0.25961033,0.19872688,0.49055663,-0.008746415
2216,0.6196078,0.098066956,0.13659553,0.09952636,0.48301226,-0.0014594048
2217,0.31804478,0.061594915,0.07473816,0.05819116,0.24330662,0.003403753
2218,0.3758819,0.032984633,0.07796219,0.05334152,0.29791972,-0.020356886
2219,0.6839075,0.04139184,0.09390266,0.062138367,0.59000486,-0.02074653
2220,0.116094336,-0.004930891,0.010537496,0.0071684895,0.10555684,-0.012099381
2221,0.50801337,0.08362086,0.10497465,0.07757625,0.4030387,0.0060446113
2222,0.48484153,0.019609528,0.04534565,0.029811954,0.43949586,-0.010202426
2223,0.53180224,0.074926026,0.10917081,0.07006558,0.42263144,0.004860446
2224,0.34415027,0.05440156,0.0394467,0.023899,0.30470356,0.030502561
2225,0.4020616,0.03596854,0.07021741,0.04613679,0.3318442,-0.010168251
2226,0.5700305,0.09322383,0.085211255,0.06331423,0.48481926,0.029909603
2227,0.2953421,0.032797605,0.05710887,0.041549053,0.23823321,-0.008751448
2228,0.91849244,0.11173325,0.13763729,0.09154431,0.7808552,0.020188943
2229,0.47859487,0.07713634,0.09381331,0.05622705,0.38478157,0.020909287
2230,0.6956672,0.20793827,0.19164567,0.14326139,0.5040215,0.06467688
2231,0.63033146,0.053887386,0.08041577,0.064502105,0.5499157,-0.010614719
2232,0.23179413,0.06416673,0.06640087,0.051701963,0.16539326,0.012464769
2233,0.689441,0.059539076,0.10305373,0.06795333,0.5863873,-0.008414257
2234,0.39788964,0.048037697,0.06179701,0.042948622,0.33609262,0.0050890744
2235,0.6084006,0.054018077,0.09123836,0.05697318,0.5171622,-0.0029551052
2236,0.5148089,0.093695804,0.11746631,0.08359835,0.3973426,0.0100974515
2237,0.087274306,-0.053321086,0.024957139,0.015520468,0.062317166,-0.068841554
2238,0.5220126,0.052407008,0.07104848,0.046248015,0.4509641,0.0061589926
2239,0.5968977,0.052879997,0.0880128,0.057815164,0.5088849,-0.0049351677
2240,0.36670193,0.06656386,0.053102367,0.037422188,0.31359956,0.029141672
2241,0.69085926,0.17393716,0.18026772,0.13115196,0.5105915,0.042785197
2242,0.24051793,0.02874867,0.03748229,0.026850563,0.20303564,0.001898108
2243,0.52882564,0.036976893,0.06601389,0.048090994,0.46281177,-0.011114102
2244,0.7268516,0.092159025,0.1689435,0.102478325,0.55790806,-0.0103193
2245,0.46929863,0.0735649,0.07807521,0.05012542,0.39122343,0.023439482
2246,0.36194035,0.08743671,0.043469273,0.03884337,0.31847107,0.048593342
2247,0.6162403,0.05446012,0.06682517,0.042778622,0.5494152,0.011681497
2248,0.31358486,0.016248439,0.033503853,0.026266018,0.280081,-0.010017579
2249,0.3748628,0.056698542,0.059978496,0.044582598,0.3148843,0.012115944
2250,0.45488703,0.04561433,0.066476755,0.04632077,0.38841027,-0.0007064417
2251,0.6334066,0.0778802,0.13070293,0.09229058,0.50270367,-0.014410377
2252,0.36170828,0.02855336,0.061932266,0.036495768,0.29977602,-0.007942408
2253,0.19079624,0.033651903,0.0921421,0.059693627,0.09865414,-0.026041724
2254,0.6642083,0.05436342,0.085060686,0.056556463,0.5791476,-0.0021930449
2255,0.38107434,0.048132256,0.1043123,0.064841695,0.27676204,-0.01670944
2256,0.21421592,0.071322136,0.0757832,0.046384104,0.13843271,0.024938032
2257,0.30268872,0.042536654,0.039432053,0.027980562,0.26325667,0.014556091
2258,0.38630593,0.0766822,0.107621394,0.07570168,0.27868453,0.0009805262
2259,0.55638486,0.05730657,0.09035005,0.066140756,0.46603483,-0.008834187
2260,0.2837742,0.045519147,0.049196612,0.040139,0.23457758,0.005380146
2261,0.7071097,0.14408794,0.19939908,0.14962006,0.5077106,-0.0055321157
2262,0.4960785,0.03463068,0.075153604,0.05154381,0.4209249,-0.01691313
2263,0.2011516,0.02045173,0.042404585,0.026127765,0.15874702,-0.005676035
2264,0.39545834,0.09008662,0.070279434,0.0523692,0.32517892,0.037717417
2265,0.5409056,0.045216423,0.07696845,0.05758657,0.46393716,-0.012370147
2266,0.5769654,0.06728987,0.09740629,0.075623944,0.4795591,-0.008334078
2267,0.33744502,0.04049855,0.057000916,0.0330367,0.28044412,0.0074618496
2268,0.49321872,0.080165684,0.097892635,0.06941431,0.39532608,0.010751374
2269,0.45652917,0.051663212,0.055538762,0.037413638,0.4009904,0.014249574
2270,0.6751954,0.02280162,0.053133696,0.03933994,0.6220617,-0.01653832
2271,0.2727589,0.07643369,0.037373304,0.025792236,0.2353856,0.050641455
2272,0.67266774,0.08260507,0.13986468,0.085823044,0.53280306,-0.0032179728
2273,0.2868456,0.041005388,0.057017993,0.041250914,0.2298276,-0.00024552643
2274,0.532086,0.033630803,0.060142457,0.049290605,0.47194356,-0.015659802
2275,0.82617944,0.13462761,0.13803767,0.10031639,0.68814176,0.03431122
2276,0.6087121,0.07334099,0.09432666,0.06711954,0.5143854,0.006221451
2277,0.42836574,0.06873394,0.10422351,0.07857517,0.32414222,-0.0098412335
2278,0.3105827,0.022019062,0.06395855,0.036390614,0.24662414,-0.014371552
2279,0.54806685,0.0427965,0.08188735,0.057667833,0.4661795,-0.014871333
2280,0.5406958,0.061051864,0.07406967,0.046739906,0.4666261,0.014311958
2281,0.5200222,0.08471121,0.08860058,0.07148956,0.43142164,0.013221651
2282,0.66580224,0.05790148,0.09190378,0.0626863,0.57389843,-0.0047848225
2283,0.4206246,0.07202108,0.07240737,0.057490475,0.34821725,0.014530607
2284,0.6787895,0.1659882,0.14722434,0.1143202,0.5315652,0.051668003
2285,0.15083067,0.034808666,0.030835131,0.02477188,0.11999554,0.010036785
2286,0.36597994,0.06673824,0.08752864,0.064516224,0.2784513,0.0022220165
2287,0.15561196,0.0716548,0.039886273,0.03138631,0.11572569,0.04026849
2288,0.5280245,0.05171004,0.09603344,0.06272396,0.43199104,-0.011013918
2289,0.17162883,0.016830644,0.029856343,0.018552449,0.1417725,-0.001721805
2290,0.5475288,0.032352712,0.048188627,0.02790314,0.49934018,0.0044495724
2291,0.78083074,0.10505392,0.14529113,0.109816074,0.6355396,-0.004762158
2292,0.8177584,0.091943346,0.11132331,0.084993854,0.7064351,0.006949492
2293,0.60904723,0.08159962,0.13116516,0.08510499,0.4778821,-0.003505364
2294,0.4547131,0.05481125,0.07314713,0.053580742,0.381566,0.0012305081
2295,0.62954175,0.032610167,0.06508452,0.04179304,0.56445724,-0.009182874
2296,0.48287207,0.13709022,0.12376211,0.08934927,0.35910997,0.04774095
2297,0.60123724,0.084549986,0.10853442,0.05315455,0.4927028,0.031395435
2298,0.53235364,0.050913017,0.07302572,0.05143077,0.45932794,-0.000517752
2299,0.49208906,0.04301133,0.07046134,0.04128969,0.42162773,0.0017216392
2300,0.61029774,0.059051592,0.09073662,0.063127674,0.5195611,-0.0040760823
2301,0.45002854,0.09458628,0.10058643,0.07426944,0.34944212,0.020316847
2302,0.39529866,0.049857877,0.07370872,0.060261853,0.32158995,-0.010403976
2303,0.22042349,0.052510556,0.06088219,0.043888766,0.15954131,0.0086217895
2304,0.6977581,0.10613815,0.13603143,0.09696215,0.5617266,0.009176001
2305,0.5347027,0.10839989,0.120414615,0.09057849,0.4142881,0.017821401
2306,0.67771214,0.08696545,0.1327383,0.09064184,0.54497385,-0.0036763921
2307,0.58459985,0.08840759,0.0930543,0.06301298,0.49154556,0.025394611
2308,0.73079956,0.023980444,0.056660723,0.039418392,0.67413884,-0.015437948
2309,0.5490011,0.095362216,0.087305486,0.064079225,0.4616956,0.03128299
2310,0.5904765,0.048330076,0.0898404,0.07086309,0.5006361,-0.022533014
2311,0.22593181,0.0029187857,0.040182076,0.02907472,0.18574974,-0.026155934
2312,0.7112985,0.1337992,0.16624519,0.11351846,0.54505336,0.020280734
2313,0.6916607,0.03708354,0.0726167,0.056620073,0.619044,-0.019536532
2314,0.17469855,0.010536646,0.02104443,0.013440186,0.15365411,-0.0029035406
2315,0.19544722,0.041551854,0.020679872,0.014187107,0.17476735,0.027364748
2316,0.53942174,0.046520006,0.07914896,0.055942725,0.4602728,-0.0094227195
2317,0.5066745,0.061016604,0.09120582,0.054377638,0.4154687,0.0066389665
2318,0.8451084,0.08702404,0.12080538,0.087190434,0.724303,-0.00016639382
2319,0.55612314,0.034799878,0.066704154,0.044380013,0.48941898,-0.009580135
2320,0.32603496,0.04609147,0.047213424,0.033366077,0.27882153,0.012725394
2321,0.5168571,0.028094975,0.061960477,0.0404464,0.4548966,-0.012351425
2322,0.5022162,0.028904857,0.07262747,0.053000264,0.42958874,-0.024095407
2323,0.19653673,0.011075845,0.022405906,0.014512405,0.17413083,-0.0034365598
2324,0.49213266,0.07494469,0.09736049,0.07063294,0.39477217,0.004311748
2325,0.2936819,0.008625005,0.079255715,0.04405602,0.21442617,-0.035431016
2326,0.5076646,0.15239257,0.08800334,0.051294822,0.41966128,0.10109775
2327,0.33462816,0.0792031,0.0875178,0.06140914,0.24711037,0.01779396
2328,0.5187208,0.115026616,0.13038751,0.10544227,0.3883333,0.009584345
2329,0.4627529,0.042461358,0.0792403,0.057833493,0.38351262,-0.015372135
2330,0.6174985,0.101293735,0.13845058,0.09704404,0.47904795,0.004249692
2331,0.11112975,0.02199494,0.028439408,0.016277215,0.08269034,0.0057177246
2332,0.28572664,0.010695727,0.029054528,0.01834251,0.2566721,-0.0076467833
2333,0.5116956,0.061384387,0.09806899,0.06770557,0.41362664,-0.0063211843
2334,0.7650219,0.06676483,0.10011935,0.07509552,0.66490257,-0.008330688
2335,0.37396312,0.083249345,0.10143433,0.07353648,0.2725288,0.009712867
2336,0.7042058,0.07882041,0.111002326,0.096400164,0.5932035,-0.017579757
2337,0.53499335,0.04407415,0.09335379,0.060945917,0.44163954,-0.016871765
2338,0.6978818,0.026752837,0.06398924,0.05092172,0.6338926,-0.024168883
2339,0.51786786,0.1021569,0.121121265,0.087596714,0.3967466,0.014560185
2340,0.5062847,0.09624795,0.12408243,0.084420286,0.38220227,0.011827663
2341,0.6436745,0.05429301,0.08187511,0.05698393,0.5617994,-0.0026909187
2342,0.24032225,0.046759866,0.042799015,0.03288589,0.19752324,0.013873976
2343,0.5885328,0.082020834,0.13137054,0.080321595,0.45716226,0.001699239
2344,0.47616413,0.02340486,0.058596887,0.043752052,0.41756725,-0.020347191
2345,0.43401778,0.06155268,0.05333478,0.042942755,0.380683,0.018609926
2346,0.70347,0.10149628,0.11741674,0.084523536,0.58605325,0.016972743
2347,0.6606827,0.10646297,0.1394028,0.10569723,0.5212799,0.0007657409
2348,0.44525298,0.07036573,0.076096855,0.051630367,0.36915612,0.01873536
2349,0.5071459,0.04422469,0.06560362,0.04670436,0.44154227,-0.0024796687
2350,0.22049476,0.02597536,0.047001787,0.030820787,0.17349297,-0.0048454273
2351,0.504221,0.08229469,0.09249918,0.075829074,0.41172183,0.006465614
2352,0.13494496,0.06272435,0.048509732,0.04135083,0.08643523,0.021373522
2353,0.17372781,0.023155414,0.02897942,0.021028593,0.14474839,0.0021268204
2354,0.65777147,0.13175869,0.18538138,0.12653051,0.4723901,0.0052281767
2355,0.50747764,0.034601625,0.057000715,0.03719711,0.4504769,-0.0025954843
2356,0.5815636,0.11283445,0.15333742,0.12020938,0.42822617,-0.0073749274
2357,0.6755372,0.14927375,0.1630552,0.12569939,0.51248205,0.023574367
2358,0.4694628,0.09292943,0.08351396,0.060820114,0.38594884,0.032109316
2359,0.5549293,0.12836123,0.11862971,0.09010544,0.43629962,0.03825579
2360,0.19214284,0.041878793,0.041747946,0.033347826,0.1503949,0.008530967
2361,0.3543239,0.018418934,0.064344816,0.04952413,0.28997907,-0.031105194
2362,0.5069247,0.040017337,0.07406535,0.050210733,0.43285933,-0.010193396
2363,0.63062626,0.073034644,0.12609294,0.07707147,0.5045333,-0.004036829
2364,0.64137566,0.03594602,0.068483666,0.049325608,0.572892,-0.013379589
2365,0.27545738,0.038952563,0.08655543,0.05990476,0.18890196,-0.020952199
2366,0.43669558,0.015102792,0.07150813,0.048814584,0.36518744,-0.03371179
2367,0.25853118,0.038086526,0.042839322,0.02861694,0.21569186,0.0094695855
2368,0.3308055,0.01840602,0.041351147,0.031119335,0.28945437,-0.012713315
2369,0.6048509,0.05621415,0.08082311,0.054161303,0.52402776,0.0020528473
2370,0.10331778,0.011886289,0.07499053,0.04866486,0.028327249,-0.03677857
2371,0.6440835,0.09260412,0.14569837,0.10292778,0.49838513,-0.010323659
2372,0.6036822,0.038087316,0.061336935,0.037337177,0.5423453,0.00075013936
2373,0.5250447,0.077028334,0.089941226,0.0644003,0.43510345,0.012628034
2374,0.73185325,0.070898645,0.083572686,0.05901382,0.64828056,0.011884823
2375,0.2847511,0.063965015,0.06374878,0.041105513,0.22100231,0.022859503
2376,0.27617243,0.024610987,0.033642404,0.022483807,0.24253002,0.0021271799
2377,0.68707055,0.09609539,0.12973231,0.09256804,0.55733824,0.0035273507
2378,0.32947752,0.026211238,0.045328952,0.032037765,0.28414857,-0.0058265273
2379,0.43304482,0.072046384,0.09055115,0.059769534,0.34249365,0.012276851
2380,0.33833164,0.035270084,0.054985452,0.037437588,0.28334618,-0.0021675043
2381,0.7248568,0.06971835,0.116519034,0.08102207,0.60833776,-0.011303715
2382,0.38981882,0.13645941,0.060657047,0.033146963,0.32916176,0.10331245
2383,0.44879133,0.06634827,0.0923695,0.067624845,0.35642183,-0.001276575
2384,0.64648736,0.054634567,0.12446852,0.09161721,0.52201885,-0.036982644
2385,0.5767486,0.044944737,0.07501636,0.049952798,0.50173223,-0.0050080605
2386,0.16115351,0.07282698,0.05676384,0.03615278,0.10438967,0.0366742
2387,0.29500216,0.029929794,0.056142814,0.035801925,0.23885936,-0.0058721304
2388,0.6301404,0.07291034,0.07570892,0.050674696,0.5544315,0.022235643
2389,0.6353677,0.0687307,0.09192862,0.061998826,0.5434391,0.0067318715
2390,0.83082896,0.12337919,0.17769367,0.112722315,0.6531353,0.010656878
2391,0.28819865,0.05296655,0.067354575,0.05405567,0.22084408,-0.0010891184
2392,0.59316814,0.06178702,0.10928671,0.07511468,0.4838814,-0.013327662
2393,0.40851828,0.066068485,0.07897153,0.051642947,0.32954675,0.0144255385
2394,0.3239485,0.04713955,0.054213703,0.041781507,0.2697348,0.005358044
2395,0.17480172,0.029728124,0.032571264,0.021976283,0.14223045,0.007751841
2396,0.4222477,0.08391535,0.11128654,0.08012404,0.31096116,0.00379131
2397,0.6535938,0.07208878,0.08144845,0.060846925,0.57214534,0.011241853
2398,0.29544204,0.051929522,0.057783805,0.04453731,0.23765823,0.0073922127
2399,0.58911747,0.07895379,0.11869325,0.085328035,0.47042423,-0.0063742474
2400,0.64222616,0.098852694,0.095578,0.067674205,0.54664814,0.03117849
2401,0.6972855,0.051030587,0.07049505,0.05389617,0.6267904,-0.0028655827
2402,0.5124625,0.09972904,0.12806238,0.08435726,0.38440013,0.015371777
2403,0.30346036,0.10546553,0.07766236,0.042939417,0.225798,0.062526114
2404,0.16241945,0.059196714,0.044628106,0.03670477,0.11779135,0.022491943
2405,0.14494865,0.015530993,0.014114457,0.012791932,0.13083419,0.0027390616
2406,0.164486,0.036928862,0.03924115,0.030945256,0.12524486,0.005983606
2407,0.430797,0.021106148,0.07278406,0.047171395,0.35801294,-0.026065247
2408,0.70320606,0.07235448,0.10385938,0.07930444,0.5993467,-0.006949961
2409,0.41273814,0.018757671,0.03688369,0.03222091,0.37585446,-0.01346324
2410,0.620486,0.09340784,0.10471992,0.08655934,0.5157661,0.006848499
2411,0.21510723,0.017455358,0.03805479,0.021792691,0.17705244,-0.004337333
2412,0.18915923,0.018895958,0.05119931,0.032792464,0.13795993,-0.013896506
2413,0.3818559,0.050371867,0.08811294,0.050984986,0.29374295,-0.00061311945
2414,0.6747302,0.0730935,0.113741234,0.08823084,0.56098896,-0.015137337
2415,0.61676836,0.12014129,0.13974562,0.10485063,0.47702274,0.015290663
2416,0.5313191,0.057377387,0.14687075,0.10742315,0.38444835,-0.050045762
2417,0.6036419,0.07616029,0.11719821,0.08688873,0.48644373,-0.010728441
2418,0.596206,0.097545095,0.12159526,0.094391786,0.47461075,0.0031533092
2419,0.77601516,0.080034114,0.11768776,0.08399212,0.6583274,-0.003958009
2420,0.52869385,0.053300835,0.073103845,0.048593868,0.45559,0.0047069676
2421,0.14918561,0.036896214,0.026079273,0.01945367,0.12310634,0.017442543
2422,0.25633585,0.03038342,0.05320419,0.034060426,0.20313166,-0.0036770068
2423,0.4945697,0.0038641542,0.042947017,0.023864267,0.45162266,-0.020000113
2424,0.58677375,0.061177094,0.09822811,0.07328049,0.48854566,-0.012103397
2425,0.61814946,0.060054436,0.1270493,0.0931194,0.49110016,-0.03306496
2426,0.35052994,0.06344161,0.07192062,0.049128726,0.27860934,0.014312886
2427,0.6741617,0.07418176,0.17110112,0.10619509,0.5030606,-0.032013334
2428,0.62038475,0.09493659,0.123535976,0.08566041,0.49684876,0.009276174
2429,0.3486072,0.058509815,0.06256783,0.051772226,0.28603938,0.00673759
2430,0.72889024,0.0639058,0.107250676,0.07289603,0.62163955,-0.008990236
2431,0.26009247,0.039546564,0.059157275,0.034467652,0.20093518,0.005078912
2432,0.38179824,0.05699901,0.08067689,0.060399003,0.30112135,-0.0033999942
2433,0.5162556,0.035885673,0.078570165,0.049749047,0.43768546,-0.013863374
2434,0.19475785,-0.022904847,0.03286428,0.021143364,0.16189358,-0.044048212
2435,0.50346386,0.106107116,0.06604668,0.049623497,0.43741718,0.05648362
2436,0.5116788,0.0144178085,0.021555817,0.013627201,0.490123,0.0007906072
2437,0.32777226,0.031675585,0.15710798,0.09599779,0.17066428,-0.0643222
2438,0.6273828,0.08847855,0.10594676,0.069073394,0.52143604,0.019405156
2439,0.64406693,0.042330872,0.10653558,0.07155909,0.5375314,-0.029228214
2440,0.3420422,0.045514774,0.04616548,0.04055258,0.29587674,0.0049621947
2441,0.645818,0.070161015,0.12512617,0.08422645,0.5206918,-0.014065437
2442,0.74047965,0.050031673,0.10934384,0.07201511,0.6311358,-0.021983434
2443,0.55656487,0.06703747,0.082305856,0.059525482,0.47425902,0.0075119883
2444,0.5170418,0.08673766,0.10038255,0.08683705,0.41665924,-9.9390745e-05
2445,0.6087518,0.07664253,0.116981246,0.09144077,0.49177054,-0.014798239
2446,0.44943652,0.06311001,0.056597352,0.047086462,0.39283916,0.016023546
2447,0.5451,0.057813466,0.072946444,0.055072643,0.47215354,0.0027408227
2448,0.7203305,0.09030474,0.1292586,0.08669358,0.59107184,0.0036111623
2449,0.6810665,0.03882212,0.08707839,0.064648345,0.5939881,-0.025826227
2450,0.4950481,0.09269045,0.107215956,0.0797891,0.38783216,0.012901351
2451,0.47553068,0.039336026,0.065030195,0.046050064,0.4105005,-0.0067140386
2452,0.3137899,0.11998045,0.10463773,0.08155383,0.20915218,0.038426615
2453,0.5435794,0.089895405,0.11304698,0.08695899,0.43053243,0.0029364154
2454,0.51016265,0.09182667,0.11166396,0.07361214,0.39849868,0.018214531
2455,0.490417,0.042188905,0.06670048,0.04074893,0.42371652,0.0014399737
2456,0.6307889,0.08350021,0.12758538,0.09382792,0.5032035,-0.010327712
2457,0.51150095,0.039824832,0.08828646,0.048291743,0.4232145,-0.008466911
2458,0.56777996,0.050036836,0.06964515,0.052423537,0.4981348,-0.0023867004
2459,0.4627465,-0.0041645044,0.094899654,0.056856077,0.36784685,-0.061020583
2460,0.6355338,0.085471034,0.10885956,0.07915119,0.5266743,0.006319843
2461,0.67957926,0.109410666,0.1297265,0.093773544,0.5498527,0.015637122
2462,0.56970865,0.05372795,0.08074305,0.062407695,0.4889656,-0.008679744
2463,0.46275273,0.048948914,0.08352069,0.058803715,0.37923205,-0.009854801
2464,0.58408624,0.05859976,0.08516934,0.05891682,0.4989169,-0.00031705946
2465,0.2549587,0.052411422,0.026690196,0.018292557,0.22826849,0.034118865
2466,0.75713897,0.16797195,0.2199994,0.17142639,0.53713953,-0.003454432
2467,0.58258563,0.0944171,0.12861311,0.093897946,0.45397252,0.00051915646
2468,0.90246147,0.040766343,0.10445972,0.07077876,0.79800177,-0.030012414
2469,0.4515163,0.08135105,0.08495729,0.05175777,0.36655903,0.029593278
2470,0.5120222,0.07749372,0.06689524,0.045203894,0.44512695,0.032289825
2471,0.56120515,0.06987899,0.12476945,0.090487614,0.4364357,-0.020608626
2472,0.8278351,0.097104326,0.13209932,0.09814322,0.69573575,-0.001038894
2473,0.3172255,-0.0028879314,0.063006006,0.032876838,0.25421947,-0.03576477
2474,0.3497902,0.08816482,0.062408328,0.0454758,0.28738186,0.04268902
2475,0.6143568,0.066330895,0.08729613,0.060331583,0.5270607,0.005999312
2476,0.4107907,0.07328599,0.08859013,0.06316044,0.3222006,0.010125548
2477,0.37339407,0.03303454,0.06771806,0.04081422,0.305676,-0.00777968
2478,0.32088163,0.020297075,0.04024313,0.02923829,0.28063852,-0.0089412145
2479,0.5454602,0.035497684,0.05453939,0.045351196,0.49092084,-0.009853512
2480,0.7211171,0.04481057,0.077691555,0.05483396,0.6434255,-0.010023389
2481,0.56319714,0.10198872,0.12703116,0.0915828,0.436166,0.01040592
2482,0.46409857,0.07825339,0.12301264,0.07808889,0.34108594,0.00016450137
2483,0.57163227,0.03173922,0.09165487,0.06374923,0.4799774,-0.03201001
2484,0.62096137,0.07598147,0.108494624,0.08100791,0.5124667,-0.005026445
2485,0.6984474,0.053262487,0.096154846,0.06230995,0.60229254,-0.009047464
2486,0.76509064,0.050848264,0.082937345,0.056215428,0.6821533,-0.0053671636
2487,0.34197664,0.05003704,0.06259265,0.049990606,0.279384,4.6435744e-05
2488,0.6641832,0.0728891,0.11705263,0.07313533,0.5471306,-0.00024623424
2489,0.34584168,0.06482518,0.091318086,0.07187442,0.25452358,-0.00704924
2490,0.53148687,0.07429168,0.07021774,0.055054367,0.46126914,0.01923731
2491,0.5218565,0.03170634,0.07946612,0.0520916,0.44239038,-0.020385258
2492,0.48646522,0.04513855,0.10174066,0.06168095,0.38472456,-0.016542401
2493,0.6240587,0.03278908,0.06524506,0.05239727,0.5588137,-0.019608188
2494,0.63622147,0.17424746,0.23984966,0.16672704,0.3963718,0.0075204223
2495,0.43820658,0.10203767,0.1105111,0.08242701,0.3276955,0.019610658
2496,0.5077996,0.052394427,0.0734739,0.043730758,0.43432572,0.008663669
2497,0.5252676,0.093701996,0.10675426,0.07444301,0.41851336,0.019258983
2498,0.5848333,0.05240006,0.05106024,0.033140793,0.53377306,0.019259267
2499,0.68075657,0.067947574,0.08830162,0.056277025,0.59245497,0.0116705485
2500,0.4198157,0.022788037,0.053607117,0.032488666,0.36620858,-0.00970063
2501,0.5072094,0.07403024,0.103789665,0.06878488,0.40341976,0.005245365
2502,0.60112923,0.07289514,0.103008404,0.07484408,0.49812084,-0.0019489378
2503,0.66156715,0.11082697,0.13810551,0.09198712,0.52346164,0.018839851
2504,0.4887888,0.00512726,0.041946597,0.03334968,0.44684222,-0.028222421
2505,0.27048084,0.075380646,0.08805454,0.068073474,0.1824263,0.007307172
2506,0.7333168,0.03590903,0.099097095,0.073696814,0.6342197,-0.037787784
2507,0.5432893,0.08931334,0.15152274,0.12192087,0.39176655,-0.032607526
2508,0.5520108,0.08302313,0.091824144,0.06935771,0.46018663,0.013665423
2509,0.47053096,0.0763074,0.06855396,0.045375656,0.401977,0.030931745
2510,0.45781112,0.09154277,0.10255952,0.083072625,0.3552516,0.008470148
2511,0.5063805,0.07104528,0.077649675,0.05674566,0.42873082,0.01429962
2512,0.6898931,0.10341881,0.14500879,0.10508873,0.5448843,-0.001669921
2513,0.4967332,0.051068768,0.092640236,0.060657233,0.40409297,-0.009588465
2514,0.5942604,0.051237803,0.06402783,0.04911693,0.53023255,0.002120871
2515,0.7861497,0.054503445,0.08871254,0.06032456,0.69743717,-0.0058211163
2516,0.52821785,0.042641032,0.07128374,0.052280236,0.4569341,-0.009639204
2517,0.474175,0.07475502,0.06537559,0.048643846,0.4087994,0.026111174
2518,0.23497106,0.019912293,0.035000112,0.027305296,0.19997095,-0.0073930025
2519,0.6944968,0.046117,0.11367323,0.071329966,0.5808236,-0.025212966
2520,0.48265186,0.08266177,0.13473041,0.09143546,0.34792143,-0.008773692
2521,0.57837516,0.06889714,0.09371585,0.06662466,0.4846593,0.0022724867
2522,0.3622708,0.044235524,0.06165852,0.041858222,0.30061227,0.0023773015
2523,0.4626804,0.0830073,0.08637948,0.064787254,0.37630093,0.018220045
2524,0.47655714,0.10540804,0.15806648,0.08521666,0.31849065,0.020191386
2525,0.7698286,0.08844877,0.11302128,0.07819745,0.65680736,0.010251321
2526,0.34669587,0.033652037,0.05840978,0.04417023,0.2882861,-0.010518193
2527,0.4747382,0.07567843,0.07355918,0.054732613,0.40117902,0.020945817
2528,0.68841386,0.07534957,0.12085483,0.08894424,0.567559,-0.013594672
2529,0.41978228,0.16979866,0.1627616,0.115850165,0.25702068,0.05394849
2530,0.54841655,0.104192995,0.110769436,0.08477972,0.4376471,0.019413278
2531,0.19670483,0.029873656,0.041678064,0.024152089,0.15502676,0.005721567
2532,0.49391985,0.039775863,0.07044808,0.051455937,0.42347178,-0.011680074
2533,0.6113054,0.109479986,0.10037078,0.076133355,0.51093465,0.03334663
2534,0.37356377,0.08363739,0.06855453,0.04377703,0.30500925,0.039860357
2535,0.6598976,0.10276263,0.13676932,0.093168385,0.5231283,0.009594247
2536,0.4399679,0.04689022,0.0709598,0.04745365,0.3690081,-0.0005634278
2537,0.22758745,0.106882244,0.07366942,0.06034384,0.15391803,0.046538405
2538,0.63411176,0.043403648,0.087743044,0.062209845,0.5463687,-0.018806197
2539,0.4247949,0.049847152,0.07763442,0.057232343,0.3471605,-0.0073851906
2540,0.5101833,0.035094477,0.0677349,0.04853799,0.44244838,-0.013443511
2541,0.20590529,0.020444948,0.028881386,0.024335448,0.1770239,-0.0038904995
2542,0.5573143,0.039893035,0.103405215,0.065656625,0.45390907,-0.02576359
2543,0.5268824,0.07667517,0.09164606,0.06941581,0.43523633,0.0072593614
2544,0.6544771,0.0671158,0.10307445,0.07179769,0.5514027,-0.0046818927
2545,0.35968122,0.035906285,0.067116335,0.05176919,0.29256487,-0.015862904
2546,0.4783312,0.045596033,0.057292126,0.032516543,0.42103907,0.0130794905
2547,0.8507561,0.099065416,0.113375425,0.08406152,0.7373807,0.015003897
2548,0.5701239,0.052821398,0.08474192,0.05070263,0.485382,0.0021187663
2549,0.681154,0.08906577,0.14101954,0.09497323,0.5401345,-0.005907461
2550,0.54804015,0.023237938,0.06759973,0.047557727,0.48044044,-0.024319788
2551,0.3496664,0.018477987,0.031318717,0.02185916,0.31834766,-0.0033811722
2552,0.45727915,0.06209112,0.08688882,0.05502507,0.37039033,0.0070660487
2553,0.4592886,0.048206184,0.07697725,0.04317382,0.38231134,0.0050323643
2554,0.6222235,0.07835583,0.10844214,0.08602305,0.51378137,-0.007667221
2555,0.5045185,0.088226065,0.1075873,0.08426921,0.3969312,0.0039568543
2556,0.44155806,0.053116698,0.06840247,0.050447047,0.3731556,0.002669651
2557,0.5711646,0.03920606,0.078531876,0.050092638,0.49263275,-0.010886576
2558,0.57657784,0.055861425,0.07679651,0.053404905,0.49978134,0.0024565198
2559,0.6984698,0.11617585,0.16011505,0.12371937,0.53835475,-0.007543519
