feature_idx,seq_effect_obs,struct_effect_obs,seq_effect_shuffle,struct_effect_shuffle,seq_delta,struct_delta
0,0.08010507,0.17096825,0.053837217,0.035656225,0.026267849,0.13531202
1,1.5643667,0.5315007,0.75303495,0.55112696,0.81133175,-0.01962626
2,0.4049673,0.19171073,0.21546237,0.15637383,0.18950494,0.035336897
3,0.997328,0.42004344,0.6179662,0.41452742,0.3793618,0.0055160224
4,0.01999913,-0.05891662,0.018030997,0.007275934,0.0019681323,-0.06619255
5,0.11265421,0.03871244,0.05878688,0.036822952,0.05386733,0.0018894859
6,0.016582502,0.1553218,0.017180998,0.011364681,-0.0005984958,0.14395712
7,0.18449105,0.113540165,0.10787195,0.08469155,0.0766191,0.028848618
8,0.048508365,0.05013152,0.024076274,0.020679925,0.024432091,0.029451594
9,0.04446511,-0.029496834,0.02034581,0.014741741,0.024119299,-0.044238575
10,1.0341067,0.25271988,0.39342615,0.26739132,0.64068055,-0.014671445
11,0.05647308,0.01911826,0.021494502,0.015889322,0.034978576,0.0032289382
12,0.017380087,0.03791739,0.005908034,0.007177025,0.011472053,0.030740365
13,1.4309384,0.324534,0.4719488,0.37269098,0.95898956,-0.048156977
14,1.6033728,0.04419353,0.26662248,0.2367948,1.3367503,-0.19260126
15,0.0071767094,0.03830448,0.012531869,0.013512084,-0.0053551598,0.024792397
16,0.8830243,0.32939225,0.43571854,0.31980833,0.44730574,0.00958392
17,0.057852153,0.013251031,0.06261285,0.043813936,-0.0047606938,-0.030562906
18,0.89969736,0.6397275,0.6906663,0.55576736,0.20903105,0.083960116
19,1.2370747,0.46242246,0.5679544,0.40271682,0.6691203,0.059705645
20,0.033683505,-0.035342738,0.024381112,0.015186298,0.009302393,-0.050529037
21,0.023893466,0.031472884,0.010691764,0.011275148,0.013201702,0.020197736
22,0.08678581,0.04046523,0.054497074,0.031138873,0.032288734,0.0093263555
23,0.09395041,0.05390331,0.05662782,0.042212874,0.037322592,0.011690438
24,1.1332328,0.5330777,0.6586677,0.5012422,0.47456515,0.031835496
25,1.1458887,0.5359368,0.73243666,0.52545565,0.41345203,0.010481119
26,1.0165092,0.4852445,0.6039785,0.44328824,0.41253066,0.041956276
27,0.2635069,0.12535748,0.15203394,0.1068594,0.11147295,0.018498078
28,0.02726142,0.033375144,0.01500265,0.010996552,0.012258769,0.022378592
29,1.026004,0.35216942,0.46090683,0.32896072,0.5650971,0.023208708
30,0.72277343,0.3850356,0.5178082,0.35287246,0.20496523,0.032163143
31,0.9062502,0.375556,0.49234766,0.34808108,0.41390252,0.02747491
32,0.12803936,0.011564981,0.024898347,0.022742832,0.10314101,-0.011177851
33,0.036209133,0.094857275,0.036628198,0.020110743,-0.00041906536,0.074746534
34,0.29020348,0.07224904,0.20878121,0.11032514,0.08142227,-0.038076103
35,1.441809,0.48345292,0.61694896,0.4562036,0.8248601,0.027249306
36,0.07204787,-0.020487962,0.06315664,0.034116432,0.008891225,-0.054604396
37,0.6218137,0.23357306,0.2796293,0.20873502,0.34218442,0.024838045
38,0.05355654,0.15593141,0.04093638,0.028912157,0.0126201585,0.12701926
39,0.04459903,-0.039263517,0.04459896,0.021500954,7.0780516e-08,-0.06076447
40,1.057093,0.103700124,0.19693464,0.13472758,0.8601584,-0.031027459
41,0.7343806,0.304565,0.42692274,0.3152261,0.30745786,-0.010661095
42,1.1587944,0.35545695,0.44873276,0.3409436,0.71006167,0.014513344
43,1.1302359,0.43715063,0.5480462,0.41940126,0.58218974,0.01774937
44,0.09320491,0.09404506,0.04989406,0.039873336,0.043310847,0.054171722
45,1.1335886,0.13264567,0.23518792,0.1780709,0.89840066,-0.045425236
46,1.3177831,0.6946417,0.87552536,0.6480939,0.44225776,0.04654783
47,0.66873795,0.2267148,0.32560167,0.22168747,0.34313628,0.005027339
48,0.047467772,0.039588593,0.030852277,0.025449103,0.016615495,0.01413949
49,0.57575405,0.29260537,0.27866524,0.20164374,0.2970888,0.090961635
50,0.6074692,0.29596648,0.4031903,0.28235474,0.20427889,0.013611734
51,1.0338486,0.38240287,0.50568867,0.3754241,0.52816,0.00697878
52,0.7887513,0.21241942,0.26196685,0.18989821,0.5267844,0.022521213
53,1.0818983,0.32491386,0.48873502,0.34613934,0.5931633,-0.021225482
54,1.2630309,0.32883814,0.50182426,0.37120464,0.7612066,-0.042366505
55,0.046469133,0.09836324,0.0474974,0.030763403,-0.0010282658,0.06759984
56,1.3713484,0.54771525,0.726338,0.4810167,0.64501035,0.06669855
57,1.5131389,0.4203904,0.6252094,0.44037762,0.8879295,-0.019987226
58,1.4625472,0.43216148,0.6374654,0.4464752,0.82508177,-0.014313728
59,0.223657,0.07333142,0.08544402,0.052523326,0.13821298,0.020808097
60,0.05523693,0.03717598,0.027501266,0.027564138,0.027735662,0.009611841
61,0.116075605,0.12071622,0.10083945,0.05108898,0.015236154,0.06962724
62,-0.006115677,0.008053792,0.014056312,0.01026872,-0.020171989,-0.0022149282
63,0.04521392,0.057643443,0.030496702,0.024913955,0.014717218,0.032729488
64,0.025653204,0.0266425,0.03429755,0.022030564,-0.008644344,0.0046119355
65,0.1310266,0.056489367,0.061698277,0.037769843,0.06932832,0.018719524
66,0.09483876,0.08537787,0.042769376,0.03547089,0.052069385,0.04990698
67,0.018309299,0.048196573,0.03862833,0.03663867,-0.02031903,0.011557903
68,0.10255474,0.04437097,0.048463527,0.034357984,0.05409121,0.010012988
69,0.13972867,0.08021234,0.07893642,0.051268883,0.060792245,0.028943457
70,0.9260242,0.21558125,0.31388372,0.21996713,0.6121405,-0.0043858737
71,0.13765989,0.09313354,0.117612995,0.06525133,0.020046897,0.02788221
72,0.20582265,0.07535413,0.14228888,0.08555999,0.06353377,-0.010205857
73,1.0318731,0.33002546,0.40955505,0.285428,0.622318,0.044597477
74,0.07048988,0.046858367,0.039112765,0.024078093,0.031377118,0.022780273
75,1.1717463,0.27249008,0.40923825,0.2792863,0.76250803,-0.006796211
76,0.021664891,-0.020702312,0.019260846,0.01377243,0.0024040453,-0.03447474
77,0.035597537,0.036269467,0.009420429,0.00602853,0.026177108,0.030240938
78,1.2443792,0.31599274,0.53127843,0.35851997,0.71310073,-0.04252723
79,0.87691766,0.30878,0.41518408,0.28506404,0.46173358,0.023715973
80,0.14273757,0.07286309,0.06778653,0.03232372,0.07495104,0.040539365
81,0.07805362,0.0075106975,0.03895643,0.026174251,0.039097194,-0.018663554
82,0.05890412,0.029852422,0.031417787,0.019703507,0.027486332,0.0101489145
83,1.3204846,0.4896073,0.53954756,0.3919409,0.7809371,0.09766641
84,0.911142,0.17955466,0.29551718,0.18132123,0.6156248,-0.0017665774
85,0.012503746,-0.020414472,0.023303881,0.017859694,-0.010800135,-0.038274165
86,0.096769564,-0.011579242,0.0761241,0.045346886,0.020645462,-0.056926128
87,1.1175781,0.38492817,0.45801178,0.29960552,0.6595664,0.08532265
88,0.15103078,0.07545421,0.09769119,0.065559275,0.053339586,0.009894937
89,0.020231392,0.028805654,0.0135985855,0.013483082,0.0066328067,0.015322573
90,0.03689992,0.051419232,0.01936217,0.01966252,0.01753775,0.031756714
91,0.38169485,0.13904877,0.17580274,0.1298281,0.20589212,0.009220675
92,0.28455442,0.09105849,0.17461748,0.11061027,0.10993694,-0.019551776
93,0.00029086228,0.02177456,0.016455194,0.014342295,-0.016164333,0.007432265
94,0.12747084,0.078618206,0.08195581,0.07032904,0.045515023,0.008289166
95,1.001077,0.26386005,0.33413917,0.25441033,0.6669379,0.00944972
96,0.052567255,0.06527275,0.026562905,0.023888344,0.02600435,0.041384406
97,0.95747375,0.15198913,0.23160076,0.15159394,0.725873,0.0003951937
98,0.10897919,0.054843936,0.05442655,0.03751911,0.054552637,0.017324828
99,0.039843753,-0.03835274,0.027565405,0.015945101,0.012278348,-0.054297842
100,0.115282856,0.14624308,0.09684582,0.071165375,0.018437035,0.075077705
101,0.8220596,0.36614177,0.44011378,0.34428424,0.3819458,0.02185753
102,0.22292343,0.023582024,0.08715744,0.048196875,0.13576598,-0.02461485
103,0.93974984,0.30841702,0.4865737,0.31684986,0.45317614,-0.008432835
104,-0.005950301,0.06927254,0.012040997,0.009035238,-0.017991297,0.060237303
105,1.2673782,0.43381637,0.5949141,0.44374448,0.67246413,-0.009928107
106,0.94045615,0.2765126,0.32457536,0.22488661,0.6158808,0.051625982
107,1.1519645,0.4680316,0.583279,0.419916,0.56868553,0.04811558
108,-0.022786627,0.18854757,0.024605164,0.013845335,-0.04739179,0.17470223
109,1.1891507,0.21890503,0.39166933,0.25300193,0.79748136,-0.034096897
110,1.2065178,0.4801543,0.7274668,0.48520717,0.479051,-0.0050528646
111,0.02016285,0.007144176,0.014084103,0.012745619,0.006078748,-0.005601443
112,1.0646973,0.44215748,0.57791007,0.37344682,0.4867872,0.068710655
113,1.0025831,0.37335643,0.5419737,0.3897,0.46060944,-0.016343564
114,0.037403677,-0.016580194,0.033067722,0.013792155,0.004335955,-0.03037235
115,0.35941768,0.13225462,0.1669687,0.11988483,0.19244897,0.012369782
116,0.0045469725,0.056484982,0.014962489,0.010148783,-0.010415517,0.0463362
117,0.060353123,-0.025443077,0.02250211,0.017476559,0.037851013,-0.042919636
118,0.9938039,0.24667877,0.37090737,0.2638625,0.62289655,-0.017183721
119,0.08496385,0.047602255,0.079785325,0.057766635,0.005178526,-0.01016438
120,1.0021,0.34196216,0.38946965,0.2658579,0.61263037,0.07610425
121,0.12326336,0.05335134,0.073630854,0.04853687,0.049632505,0.0048144683
122,1.1524305,0.2864405,0.45639247,0.29947242,0.69603807,-0.01303193
123,0.76879144,0.3106805,0.39368805,0.2809816,0.37510338,0.029698908
124,0.22837752,0.14007112,0.20105572,0.14772888,0.0273218,-0.0076577514
125,0.23169564,0.16787297,0.1712636,0.122863725,0.06043203,0.04500924
126,0.04616566,0.08470919,0.057122283,0.043081556,-0.010956623,0.041627634
127,0.9722588,0.47207648,0.7542926,0.4714946,0.2179662,0.00058189034
128,0.90576416,0.2848312,0.43199205,0.3049131,0.4737721,-0.020081908
129,0.20549886,0.07692567,0.10201921,0.08022712,0.103479646,-0.0033014491
130,1.0311332,0.46448493,0.59305954,0.4369586,0.43807364,0.027526319
131,1.528192,0.6532557,0.96702844,0.68373525,0.5611636,-0.03047955
132,0.9496493,0.18894306,0.31061703,0.20591316,0.63903224,-0.016970098
133,0.918791,0.5210739,0.7441672,0.46031418,0.17462379,0.060759693
134,1.1459558,0.53506625,0.7742187,0.5348672,0.37173712,0.00019901991
135,0.90496707,0.3108205,0.44472903,0.3103626,0.46023804,0.00045788288
136,0.077698596,0.04910154,0.04623842,0.037438463,0.031460177,0.011663076
137,0.88435274,0.20000543,0.31334358,0.2078249,0.57100916,-0.007819474
138,0.28027913,0.16432312,0.20957752,0.120025635,0.070701614,0.044297487
139,0.064498655,0.009817419,0.02161384,0.018797576,0.042884815,-0.008980158
140,1.393593,0.44886404,0.5587221,0.4458626,0.8348709,0.0030014515
141,0.3303146,0.15498033,0.1997335,0.1283717,0.13058111,0.026608631
142,1.1790676,0.2531939,0.39491087,0.21269348,0.78415674,0.040500432
143,0.04649906,0.047608387,0.027463436,0.0192383,0.019035622,0.028370086
144,0.11660416,0.14393106,0.09179905,0.061647315,0.024805106,0.08228375
145,0.016533205,0.09905821,0.048751514,0.029653186,-0.032218307,0.06940503
146,0.060560532,0.05818345,0.039300546,0.03063573,0.021259986,0.02754772
147,1.4371827,0.3586539,0.4646871,0.31340495,0.97249556,0.045248955
148,0.84407645,0.38032746,0.46224704,0.33100867,0.3818294,0.04931879
149,0.86611223,0.24779056,0.3721557,0.25739738,0.49395654,-0.009606823
150,-0.006833384,0.11958898,0.021420216,0.014916593,-0.0282536,0.10467239
151,0.23335776,0.08662053,0.13917577,0.0890107,0.094181985,-0.0023901686
152,0.004708036,-0.031913187,0.012150204,0.010092044,-0.007442168,-0.042005233
153,1.2293208,0.46556142,0.63482416,0.45882902,0.5944966,0.006732404
154,1.0190179,0.20874907,0.2885498,0.21212533,0.73046815,-0.0033762604
155,-0.034560587,0.11678231,0.009012382,0.0024427765,-0.04357297,0.11433953
156,-0.032081194,-0.007978759,0.005484902,0.0086186,-0.037566096,-0.016597359
157,0.7514062,0.24733838,0.29069898,0.21182132,0.46070722,0.035517067
158,1.2213542,0.348104,0.60424834,0.4151939,0.6171059,-0.067089885
159,1.1996734,0.31607115,0.43088007,0.2973289,0.76879334,0.018742263
160,1.5147005,0.43932337,0.60075366,0.42986092,0.91394687,0.009462446
161,1.1443671,0.319003,0.4276587,0.3114851,0.7167084,0.0075178742
162,0.9100253,0.3314307,0.37809634,0.29091057,0.53192896,0.04052013
163,0.047670934,0.041623965,0.026194934,0.01904509,0.021476,0.022578875
164,1.0897698,0.32592604,0.5445177,0.35057625,0.54525214,-0.024650216
165,1.2201062,0.55604005,0.76424646,0.55516,0.45585978,0.0008800626
166,1.176198,0.57601136,0.8192409,0.57642305,0.35695708,-0.00041168928
167,0.15416273,0.07317093,0.0921669,0.06797952,0.061995834,0.005191408
168,0.05602753,0.0063060736,0.04297639,0.032577794,0.013051141,-0.02627172
169,0.10428344,0.021241475,0.08819422,0.055754907,0.016089216,-0.034513433
170,1.3550606,0.46720278,0.67822987,0.4606288,0.6768307,0.006573975
171,1.3563871,0.339676,0.45157605,0.33902046,0.9048111,0.0006555319
172,0.17372705,0.11889964,0.10969226,0.088167414,0.06403479,0.03073223
173,1.1620721,0.5575936,0.74185205,0.53815174,0.42022002,0.019441843
174,0.22260451,0.120222755,0.08763115,0.06439312,0.13497336,0.055829637
175,0.071841486,0.12879331,0.057382844,0.037067324,0.014458641,0.09172599
176,0.8848041,0.31164768,0.32027322,0.243754,0.5645309,0.067893684
177,0.029046122,-0.023080459,0.01578981,0.016404096,0.013256311,-0.039484553
178,1.2128636,0.2714347,0.43387812,0.32110396,0.77898544,-0.049669266
179,0.05182007,0.050084688,0.028940514,0.02131017,0.022879556,0.028774519
180,0.030373944,0.0026397328,0.0347757,0.02283512,-0.0044017565,-0.020195387
181,0.92940927,0.39771935,0.5530074,0.4136735,0.37640184,-0.015954137
182,0.021578928,0.023112552,0.008305996,0.006491936,0.013272933,0.016620617
183,1.0699689,0.41642228,0.54592097,0.38072985,0.524048,0.035692424
184,0.86401933,0.27317902,0.35942405,0.2643033,0.5045953,0.008875728
185,0.024069944,0.12800837,0.0108480975,0.009168002,0.013221847,0.11884037
186,0.08571645,0.040548153,0.0509893,0.034265045,0.03472715,0.006283108
187,0.81608915,0.22610797,0.29229015,0.22192585,0.523799,0.004182115
188,1.0743473,0.31750646,0.43571624,0.29398924,0.638631,0.023517221
189,0.9145431,0.31470004,0.45459056,0.28258258,0.45995253,0.032117456
190,0.037323076,0.08340272,0.003257899,0.005553541,0.034065176,0.07784918
191,1.0896857,0.33899453,0.55017823,0.3744264,0.53950745,-0.035431862
192,-0.026560102,0.13682753,0.015464677,0.008377914,-0.042024776,0.12844962
193,0.94679105,0.55324346,0.7303701,0.5202129,0.21642095,0.03303057
194,0.008729742,-0.002076113,0.010842485,0.0074613625,-0.0021127434,-0.009537475
195,1.2177088,0.19897462,0.30337566,0.20193915,0.91433316,-0.0029645264
196,1.241995,0.55073833,0.9151904,0.59797937,0.32680458,-0.047241032
197,0.8962065,0.32418305,0.4003399,0.30262297,0.4958666,0.021560073
198,0.032693695,-0.030655524,0.029507328,0.014972438,0.0031863675,-0.045627963
199,0.7671304,0.3109117,0.4153704,0.30267364,0.35175997,0.008238047
200,1.5186124,0.40695116,0.7711881,0.45479766,0.7474243,-0.047846496
201,1.2403327,0.2970237,0.3118246,0.22986905,0.92850816,0.06715466
202,0.065302074,0.047977064,0.04737543,0.037672073,0.017926645,0.010304991
203,0.17466384,0.09575861,0.104794644,0.07369769,0.0698692,0.022060916
204,1.4391692,0.33725652,0.49352226,0.33373365,0.9456469,0.003522873
205,1.3120509,0.42669162,0.72551763,0.47925693,0.5865333,-0.052565306
206,0.13271067,0.067637675,0.08162022,0.05405631,0.05109045,0.013581365
207,-0.024933536,-0.032400887,0.0067192414,0.0047487197,-0.03165278,-0.037149608
208,1.3290626,0.51240087,0.7688259,0.5230252,0.5602367,-0.010624349
209,1.1204118,0.49973515,0.7365964,0.48649,0.38381535,0.013245136
210,0.9409459,0.25262755,0.365256,0.28364283,0.5756899,-0.031015277
211,0.110910416,-0.015395817,0.064487495,0.030664364,0.04642292,-0.046060182
212,0.025505774,0.008898607,0.04626619,0.02940787,-0.020760417,-0.020509262
213,-0.0037825275,0.118650086,0.038788974,0.025249243,-0.0425715,0.09340084
214,1.3412688,0.607967,0.8011664,0.54359084,0.54010236,0.064376175
215,1.5180848,0.41137254,0.5396837,0.3384652,0.97840106,0.07290733
216,0.7825673,0.15090418,0.27243406,0.17573246,0.51013327,-0.024828285
217,0.15624508,0.1975642,0.10218408,0.052760594,0.054061003,0.14480361
218,1.1749974,0.35286042,0.46074468,0.33264244,0.71425277,0.020217985
219,0.029095834,0.03592086,0.020269532,0.010222487,0.008826302,0.025698371
220,0.8420176,0.30317745,0.5365107,0.32332325,0.30550689,-0.020145804
221,0.8033038,0.35340527,0.55157614,0.36370698,0.25172764,-0.010301709
222,1.3978151,0.44219267,0.60589004,0.42233196,0.7919251,0.019860715
223,0.74674785,0.22521314,0.33667794,0.2262682,0.4100699,-0.0010550618
224,0.08397985,0.0488517,0.0550188,0.037670217,0.028961051,0.011181481
225,0.056664754,0.08475509,0.034974027,0.020454505,0.021690726,0.06430059
226,0.054018483,-0.016554391,0.035931673,0.02726709,0.01808681,-0.04382148
227,0.29003498,0.15356182,0.18209633,0.13804641,0.10793865,0.015515402
228,0.05792773,0.09712904,0.04155926,0.033684723,0.016368471,0.06344432
229,0.17987898,0.08488507,0.104529895,0.07660578,0.075349085,0.008279286
230,0.05919532,0.039188344,0.033250574,0.02467272,0.025944747,0.014515623
231,0.10789396,0.04876324,0.048999332,0.03657626,0.058894627,0.012186982
232,0.091110654,0.1548615,0.051697392,0.037317943,0.039413262,0.11754355
233,0.886562,0.2711496,0.41150135,0.29114473,0.47506064,-0.019995123
234,-0.03301387,0.120925754,0.0072759017,0.00025926172,-0.04028977,0.12066649
235,1.1835814,0.48342308,0.71178544,0.46020994,0.47179592,0.023213148
236,0.94125307,0.38427287,0.5099891,0.35258406,0.43126398,0.03168881
237,0.08431544,0.031006666,0.060078938,0.040185098,0.024236504,-0.009178432
238,1.0540698,0.33153275,0.41592377,0.29456514,0.638146,0.036967605
239,0.7122503,0.26464164,0.36586374,0.2756413,0.34638655,-0.01099965
240,0.3079443,0.1424132,0.20066616,0.12819827,0.10727814,0.014214933
241,0.030075727,0.18149702,0.014620623,0.008380011,0.015455104,0.17311701
242,0.022636328,0.047490727,0.010336598,0.013106251,0.0122997295,0.034384474
243,1.002253,0.34870908,0.5078111,0.37286314,0.49444193,-0.024154067
244,0.9667599,0.34011903,0.45258123,0.3325464,0.5141787,0.007572621
245,0.018033458,0.0055469107,0.02045894,0.015290037,-0.0024254825,-0.009743126
246,0.095493235,0.005286892,0.04235823,0.024038512,0.053135004,-0.018751621
247,0.10277272,0.060597487,0.07419301,0.060401738,0.028579712,0.0001957491
248,0.8708758,0.27572176,0.3766232,0.26900595,0.49425256,0.0067158043
249,1.2729855,0.33679572,0.48584804,0.32596585,0.7871374,0.010829866
250,1.241316,0.18951944,0.30342492,0.26443595,0.937891,-0.07491651
251,0.5995046,0.24697696,0.31410015,0.22865455,0.28540444,0.018322408
252,0.44158757,0.18018351,0.22265634,0.16569811,0.21893123,0.014485404
253,0.21933372,0.17088465,0.12173228,0.08289673,0.09760144,0.08798792
254,1.3070983,0.27798125,0.48151416,0.32582545,0.8255841,-0.0478442
255,1.1619796,0.583976,0.74460614,0.4879137,0.41737342,0.09606227
256,1.0487571,0.4203293,0.52556103,0.366542,0.52319604,0.05378729
257,0.024264706,-0.060527775,0.034491442,0.022878181,-0.010226736,-0.08340596
258,1.068734,0.4057893,0.53355575,0.38060826,0.5351783,0.025181025
259,0.037311967,0.013465621,0.073146656,0.041402172,-0.03583469,-0.027936552
260,1.4541203,0.35335326,0.52335083,0.3940762,0.93076944,-0.040722936
261,1.0103978,0.4534699,0.5856059,0.4532849,0.42479187,0.00018501282
262,0.079401694,0.05933256,0.055862468,0.044487353,0.023539227,0.014845207
263,1.0419241,0.40116078,0.59797585,0.43152934,0.44394827,-0.030368567
264,0.84607106,0.38213596,0.47928232,0.34861082,0.36678874,0.03352514
265,0.55101854,0.3261289,0.32868376,0.24221425,0.22233477,0.08391465
266,0.26581195,0.059197027,0.16885063,0.10189279,0.09696132,-0.042695764
267,0.88148963,0.29153574,0.43683314,0.2817055,0.4446565,0.009830236
268,-0.0005078973,-0.017485151,0.0042697364,0.008774819,-0.0047776336,-0.02625997
269,0.29434946,0.14783755,0.19112843,0.12934676,0.10322103,0.018490791
270,0.06558109,0.046971716,0.040913153,0.032198288,0.024667937,0.014773428
271,1.1333342,0.55202496,0.78207004,0.5753151,0.35126412,-0.023290157
272,0.07927922,0.062433347,0.05857994,0.04813057,0.020699281,0.014302775
273,0.98657954,0.41071266,0.5526897,0.3958989,0.43388987,0.014813751
274,1.491895,0.48193726,0.66321266,0.4567442,0.8286823,0.025193065
275,1.1324314,0.3899846,0.5736247,0.3882745,0.5588067,0.0017101169
276,0.7747067,0.23329173,0.33095115,0.23078568,0.44375557,0.0025060475
277,1.1030694,0.27544528,0.4183299,0.25377765,0.68473953,0.02166763
278,0.81557035,0.33667487,0.47484174,0.33792722,0.3407286,-0.0012523532
279,0.08078288,0.047632813,0.044766985,0.0370497,0.036015898,0.010583114
280,1.5808556,0.88592947,1.1069748,0.83641416,0.47388077,0.049515307
281,0.114934996,0.049641393,0.06132394,0.048327018,0.053611055,0.0013143755
282,0.16642293,0.050760154,0.10538925,0.06939977,0.06103368,-0.018639613
283,0.07089966,-0.009790713,0.0645692,0.03498975,0.0063304603,-0.044780463
284,0.04545206,0.026464753,0.03344249,0.023806354,0.0120095685,0.0026583988
285,0.93837214,0.2895802,0.39118809,0.29769436,0.54718405,-0.008114159
286,0.060781974,-0.017330948,0.047659732,0.026662702,0.013122242,-0.043993652
287,0.29811692,0.14010689,0.17605007,0.12060727,0.122066855,0.019499615
288,0.10508028,0.0034042003,0.0762156,0.05283298,0.028864674,-0.04942878
289,0.042128332,0.025343733,0.027764052,0.014392979,0.01436428,0.010950753
290,-0.032335587,0.114117265,0.0026784586,-0.0006773419,-0.035014044,0.114794604
291,1.060955,0.25352472,0.28360012,0.22068973,0.77735496,0.03283499
292,0.09129793,0.04403628,0.05848674,0.040156152,0.03281119,0.0038801283
293,1.0391904,0.29951698,0.4166729,0.3118165,0.6225175,-0.012299538
294,0.027709946,0.07847272,0.032493837,0.022887891,-0.004783891,0.055584826
295,0.016496178,-0.04766754,0.023161646,0.010529141,-0.006665468,-0.058196682
296,0.07486642,0.03618708,0.03702186,0.028415907,0.03784456,0.0077711716
297,0.06199793,0.0020373368,0.060459733,0.035119288,0.0015381984,-0.033081952
298,0.16699333,0.04765788,0.106820844,0.06238414,0.06017249,-0.014726259
299,0.7827676,0.29052472,0.41526222,0.3029614,0.36750537,-0.012436688
300,0.7839433,0.23432235,0.3517674,0.2566135,0.4321759,-0.022291139
301,0.11062,0.059995547,0.07109261,0.052676506,0.039527386,0.0073190406
302,0.13264096,0.111578554,0.103362694,0.082065396,0.029278263,0.029513158
303,0.06821471,0.022654036,0.026897192,0.019425834,0.041317515,0.0032282025
304,0.40256283,0.17541435,0.25998265,0.16249423,0.14258018,0.012920126
305,0.13420853,0.071215495,0.08720066,0.056885697,0.047007874,0.0143297985
306,0.037913952,-0.012984098,0.025040442,0.01460515,0.01287351,-0.027589247
307,0.008442053,0.19459961,0.028966347,0.024287695,-0.020524293,0.17031191
308,1.0749468,0.5985711,0.62549704,0.47690496,0.44944972,0.12166616
309,1.1613432,0.18695728,0.27261126,0.19987555,0.88873196,-0.012918264
310,1.2896651,0.464577,0.70648885,0.5032004,0.58317626,-0.038623422
311,-0.00014762132,0.07780347,0.010916555,0.008048454,-0.011064176,0.06975502
312,0.66777045,0.30398926,0.43786806,0.32936543,0.22990239,-0.02537617
313,1.0103077,0.5312078,0.7925581,0.5460897,0.2177496,-0.014881909
314,0.009120612,-0.0021644311,0.018376505,0.009909477,-0.009255893,-0.012073908
315,0.35021392,0.1475241,0.15142827,0.120014586,0.19878565,0.027509518
316,0.87511307,0.32990462,0.5175554,0.3492963,0.35755765,-0.019391686
317,0.1112548,0.1374401,0.14742517,0.08882311,-0.03617038,0.04861699
318,0.011499379,-0.041129924,0.008306248,0.006412332,0.0031931307,-0.047542255
319,0.30122778,0.1253121,0.17393896,0.1193334,0.12728882,0.0059787035
320,1.0252882,0.50339353,0.6548221,0.45995507,0.3704661,0.043438464
321,1.5345045,0.29814455,0.44447884,0.31119496,1.0900257,-0.013050407
322,0.99517846,0.24746287,0.3521607,0.27331898,0.64301777,-0.025856107
323,-0.0029921927,0.023190396,0.005288801,0.007889686,-0.008280994,0.01530071
324,1.020744,0.37941125,0.53519034,0.38289472,0.48555362,-0.0034834743
325,0.7214681,0.21395999,0.30824354,0.22589764,0.41322455,-0.011937648
326,0.27587616,0.24853201,0.14165322,0.11329685,0.13422294,0.13523516
327,0.15375644,0.06112299,0.06788994,0.049427513,0.085866496,0.011695478
328,0.98978615,0.5261154,0.7469834,0.5200152,0.24280274,0.0061002374
329,0.030283302,0.020398026,0.021511342,0.013605875,0.00877196,0.0067921514
330,0.07459908,0.11685365,0.051545937,0.039316174,0.023053143,0.07753748
331,0.14723866,0.035225242,0.09038831,0.05339728,0.056850344,-0.018172037
332,0.012455871,-0.055483755,0.014327815,0.008756532,-0.0018719435,-0.064240284
333,0.78897005,0.23197192,0.35782984,0.24817793,0.4311402,-0.016206011
334,0.9493163,0.45534664,0.60997427,0.42414182,0.33934206,0.03120482
335,0.09244568,0.13020422,0.06701192,0.040132895,0.025433756,0.09007132
336,0.81109285,0.3231834,0.45315185,0.30830878,0.357941,0.014874607
337,0.91764814,0.22169882,0.3333217,0.22050643,0.58432645,0.0011923909
338,0.031424355,0.017026631,0.014320577,0.01298548,0.017103778,0.004041151
339,0.14466141,0.17335209,0.14201075,0.104590036,0.0026506633,0.06876206
340,0.021450985,0.039505154,0.015968662,0.01271598,0.0054823235,0.026789173
341,1.3307438,0.34761512,0.5364262,0.3860265,0.7943176,-0.03841138
342,1.1156665,0.41257522,0.7161687,0.45329708,0.3994978,-0.040721864
343,1.039833,0.1738754,0.32520702,0.22755603,0.71462595,-0.05368063
344,0.18531518,0.0695692,0.09592177,0.06605637,0.08939341,0.0035128295
345,1.031864,0.28015354,0.42255226,0.30657583,0.6093118,-0.026422292
346,1.1234648,0.39668447,0.6006633,0.41639534,0.5228015,-0.019710869
347,0.18123433,0.14649194,0.1723325,0.11644071,0.0089018345,0.030051231
348,1.3501594,0.25412184,0.40396684,0.27417296,0.94619256,-0.020051122
349,0.029971465,0.14714561,0.044996947,0.03883113,-0.015025482,0.108314484
350,1.1879936,0.7120021,0.8379313,0.6747428,0.35006237,0.03725928
351,1.1281853,0.42539352,0.5561754,0.39673117,0.57200986,0.028662354
352,-0.011528423,-0.03993535,0.00616878,0.0057723303,-0.017697204,-0.04570768
353,0.2197297,0.11980741,0.12897709,0.08603458,0.09075262,0.033772826
354,0.01622086,0.039756164,0.013258113,0.018198775,0.0029627476,0.021557389
355,0.15099749,0.07915956,0.07080235,0.050687086,0.08019514,0.028472472
356,0.9369598,0.3544775,0.42388278,0.28652373,0.513077,0.067953765
357,0.021057429,0.10828357,0.013229382,0.011128683,0.007828047,0.097154886
358,1.1163131,0.4127688,0.58411855,0.37523374,0.53219455,0.03753507
359,0.31172094,0.24781878,0.18564925,0.1379663,0.12607169,0.10985248
360,0.3366399,0.16943806,0.23114724,0.13324991,0.10549267,0.036188155
361,0.14056866,0.1048866,0.09339714,0.057960488,0.04717152,0.04692611
362,1.104462,0.3539608,0.4544097,0.31249776,0.6500523,0.041463047
363,0.49786118,0.22768007,0.23147337,0.16924742,0.26638782,0.058432654
364,1.251414,0.58430356,0.8330978,0.589316,0.41831613,-0.0050124526
365,0.15127641,0.0064878114,0.03697041,0.02254041,0.114306,-0.016052598
366,0.026897984,0.014020431,0.016539983,0.010650923,0.010358,0.0033695083
367,1.3532169,0.29092276,0.39005166,0.2894457,0.9631652,0.0014770627
368,1.1345726,0.31717405,0.5325859,0.31239194,0.6019867,0.0047821105
369,0.0866186,0.050177865,0.0489281,0.03622874,0.0376905,0.013949126
370,0.7900497,0.2000945,0.2894839,0.21209407,0.50056577,-0.011999562
371,0.848646,0.22153205,0.3436626,0.22368748,0.5049834,-0.002155438
372,0.02484123,0.11851642,0.042043187,0.025145805,-0.017201956,0.09337062
373,1.1627239,0.46344054,0.5596023,0.4171706,0.6031216,0.046269923
374,0.3348229,0.29581115,0.34684005,0.2418406,-0.012017161,0.053970546
375,0.8374589,0.3105073,0.42952865,0.3075007,0.40793025,0.0030066073
376,0.07370066,0.13236986,0.032803245,0.025134599,0.040897414,0.10723526
377,-0.0016581618,0.0058348244,0.015442865,0.005561903,-0.017101027,0.0002729213
378,0.63383055,0.20693378,0.3139802,0.2028285,0.31985036,0.004105285
379,0.12908009,0.08399183,0.0761795,0.064364776,0.05290059,0.019627057
380,0.14211339,0.07878842,0.055749375,0.038686816,0.086364016,0.040101606
381,1.22885,0.38358447,0.558086,0.41397953,0.670764,-0.03039506
382,0.21150321,0.10077162,0.09096068,0.070806965,0.120542526,0.029964656
383,1.0376678,0.10950649,0.23642659,0.15070732,0.80124116,-0.04120083
384,0.11257489,0.087108314,0.06630942,0.0482058,0.046265468,0.038902514
385,1.0182167,0.32709822,0.59778917,0.3904372,0.42042756,-0.063338965
386,0.08082832,0.045346726,0.054079454,0.037199885,0.026748862,0.008146841
387,0.9329267,0.42620882,0.62077177,0.41188282,0.31215495,0.014326006
388,-0.036209118,-0.06995624,0.015854817,0.0022679982,-0.052063935,-0.072224244
389,0.12917449,0.041033015,0.1069334,0.08501078,0.022241086,-0.043977767
390,0.048526887,0.15253548,0.03226875,0.024152022,0.016258135,0.12838346
391,1.1633337,0.45231938,0.7108232,0.5014227,0.45251048,-0.04910332
392,0.04778032,0.24094962,0.047744043,0.035536207,3.6276877e-05,0.2054134
393,0.95261806,0.31650925,0.463338,0.33761787,0.48928007,-0.021108627
394,0.10571372,0.08987647,0.078904286,0.06136427,0.026809432,0.028512202
395,0.068544276,0.04464789,0.037575446,0.031185603,0.03096883,0.013462288
396,0.93666315,0.3813516,0.5483368,0.36942273,0.38832635,0.011928856
397,0.41189107,0.22343418,0.20824328,0.16882274,0.20364779,0.054611444
398,0.03988552,0.05785662,0.05604411,0.03671585,-0.016158588,0.02114077
399,1.5948508,0.40053678,0.4916671,0.31266603,1.1031837,0.08787075
400,0.0897561,0.043239146,0.060625415,0.038925543,0.029130686,0.004313603
401,1.2029107,0.5448965,0.7046598,0.47835198,0.49825084,0.0665445
402,1.6066892,0.76971006,0.961985,0.71446925,0.6447042,0.05524081
403,0.21448585,0.23851562,0.14961636,0.10697814,0.06486949,0.13153747
404,0.087105975,0.068782024,0.04951512,0.034955323,0.037590854,0.0338267
405,0.1304775,0.07241444,0.08630361,0.053763293,0.044173896,0.01865115
406,0.07455703,0.046951134,0.028078774,0.021835621,0.046478257,0.025115512
407,0.007322291,0.15093671,0.011649835,0.010081139,-0.004327544,0.14085557
408,0.20077644,0.15823151,0.16787994,0.1243451,0.032896504,0.03388641
409,0.04134872,-0.03098437,0.029268485,0.018803552,0.012080237,-0.049787924
410,0.34516668,0.10413322,0.14556494,0.10177622,0.19960174,0.0023569986
411,0.05519765,0.03091888,0.03067356,0.016504183,0.024524089,0.014414696
412,0.039425213,0.08961611,0.037927322,0.01578591,0.0014978908,0.0738302
413,0.080219515,0.043381516,0.048486512,0.03422347,0.031733003,0.009158045
414,1.0156645,0.21314067,0.3453606,0.2151962,0.6703038,-0.0020555407
415,0.019935662,-0.003211995,0.035697676,0.022687275,-0.015762014,-0.02589927
416,1.5412422,0.71487045,0.96629095,0.6667769,0.5749513,0.048093557
417,0.20716314,0.16799332,0.13773933,0.09149762,0.06942381,0.0764957
418,1.0742509,0.36535048,0.53501576,0.36559826,0.5392352,-0.0002477765
419,0.07371737,0.053102605,0.055561624,0.038963415,0.018155746,0.01413919
420,0.80625194,0.2846355,0.37188536,0.2845553,0.43436658,8.022785e-05
421,0.08684116,0.17190267,0.064874485,0.05127605,0.021966673,0.12062662
422,1.1365032,0.41493633,0.60924,0.41931295,0.5272632,-0.00437662
423,0.299349,0.24306677,0.2398226,0.17613295,0.059526414,0.066933826
424,0.010559794,0.038836133,0.0017977047,0.0039116954,0.008762089,0.034924436
425,0.04617927,0.05109876,0.042141385,0.03566693,0.004037883,0.015431829
426,1.0222012,0.5119687,0.63981426,0.45689106,0.38238692,0.055077612
427,0.05567336,0.044249903,0.02981216,0.018753551,0.0258612,0.025496352
428,1.1943797,0.5661694,0.6421443,0.4754714,0.55223536,0.090697974
429,-0.0012335362,0.054118294,0.0037255115,0.0020049375,-0.004959048,0.052113358
430,1.255051,0.58611053,0.79302406,0.5748792,0.46202695,0.011231303
431,0.01096811,-0.05314645,0.016586686,0.008759496,-0.005618576,-0.061905947
432,0.053188678,0.047398433,0.02814492,0.01955207,0.025043758,0.027846362
433,0.019755745,0.003698998,0.013960758,0.011931408,0.005794987,-0.00823241
434,0.9265587,0.21326216,0.32298875,0.25428492,0.6035699,-0.041022763
435,1.4342332,0.46387422,0.61002576,0.438792,0.8242074,0.02508223
436,0.10060351,0.06608238,0.07087641,0.057388533,0.029727101,0.008693848
437,-0.01744679,0.11411942,0.007904974,0.0028658058,-0.025351763,0.11125361
438,0.10600541,0.1465092,0.08068123,0.056349568,0.02532418,0.09015963
439,1.0548185,0.44028342,0.61280876,0.43865633,0.44200975,0.0016270876
440,0.21876474,0.086405426,0.11764888,0.07377027,0.10111586,0.0126351565
441,-0.04775598,-0.0058156922,0.0042056805,8.463788e-05,-0.05196166,-0.00590033
442,0.06280304,0.020997247,0.024363654,0.02174367,0.038439386,-0.0007464234
443,0.04561795,-0.030150242,0.03544456,0.015086037,0.010173388,-0.04523628
444,0.034812313,0.035932753,0.014148627,0.00610938,0.020663686,0.029823374
445,0.06469807,0.02885682,0.025771508,0.02040728,0.038926564,0.00844954
446,1.009154,0.27508402,0.4284111,0.2941757,0.58074284,-0.019091696
447,1.0925592,0.34338963,0.44506723,0.32727498,0.647492,0.016114652
448,0.9029811,0.29949746,0.3492462,0.25802475,0.5537349,0.041472703
449,0.89512944,0.35072067,0.48950094,0.341906,0.4056285,0.008814663
450,0.94165725,0.23801541,0.43789846,0.25679073,0.5037588,-0.018775314
451,1.1188693,0.36578968,0.4641668,0.32694733,0.65470254,0.03884235
452,0.20235996,0.093722545,0.11085363,0.079454705,0.09150633,0.0142678395
453,0.95919716,0.36875528,0.57871896,0.4148442,0.3804782,-0.046088904
454,0.11235319,0.0036987157,0.047799844,0.028974483,0.06455335,-0.025275767
455,0.89328945,0.124444984,0.22104427,0.15760554,0.67224514,-0.03316056
456,1.1696755,0.3777832,0.5304413,0.38688666,0.6392342,-0.009103447
457,0.063822605,0.0712751,0.045084514,0.0372787,0.018738091,0.0339964
458,1.5102594,0.5689478,0.7048007,0.40616122,0.80545866,0.16278657
459,0.12055022,0.025235798,0.07311012,0.05036972,0.047440104,-0.025133923
460,1.1787039,0.41686022,0.6256175,0.41795915,0.5530864,-0.0010989308
461,0.8437109,0.38313386,0.66820836,0.45467782,0.17550254,-0.07154396
462,0.79509485,0.2828294,0.4029253,0.29883322,0.39216954,-0.016003817
463,0.011893025,-0.032471433,0.02938571,0.012900321,-0.017492685,-0.045371756
464,1.2292957,0.5271453,0.64837694,0.43112582,0.5809188,0.09601951
465,0.83233106,0.27910742,0.43941808,0.3067277,0.39291298,-0.027620286
466,0.15944116,0.08512616,0.08151798,0.065230206,0.07792318,0.019895956
467,-0.038025863,0.11325103,0.0035724055,-0.0014661194,-0.041598268,0.11471715
468,0.2690711,0.08126075,0.10091422,0.06204967,0.16815689,0.01921108
469,0.0948073,0.059575755,0.059196245,0.04388861,0.035611052,0.015687145
470,0.02794419,0.017008957,0.011544525,0.010404346,0.016399667,0.006604611
471,0.06552961,0.04679213,0.03971865,0.029695654,0.025810957,0.017096477
472,0.89981055,0.106422976,0.24853095,0.23618026,0.65127957,-0.12975729
473,1.1778307,0.3698965,0.48822433,0.35953432,0.68960637,0.010362178
474,0.0791271,0.029337564,0.03524939,0.02598684,0.043877713,0.0033507254
475,0.055371836,0.07754107,0.051944036,0.041833337,0.0034277998,0.03570773
476,1.1974034,0.344796,0.40676397,0.31752783,0.79063946,0.027268171
477,-0.00073402905,-0.06264886,0.0068568066,0.00041712628,-0.0075908354,-0.06306599
478,0.17543496,0.14873065,0.15756689,0.09233456,0.017868072,0.05639609
479,1.1636528,0.5179678,0.63919455,0.48307815,0.5244582,0.03488967
480,0.11328641,0.07052874,0.06884301,0.05272313,0.044443406,0.01780561
481,0.018610729,-0.018471425,0.03264907,0.017587334,-0.014038341,-0.03605876
482,0.0055049327,0.2369824,0.046102464,0.029257964,-0.040597532,0.20772444
483,0.01754234,0.12779132,0.036566455,0.028891493,-0.019024115,0.09889983
484,0.06302757,0.0027542503,0.03789869,0.019626737,0.025128879,-0.016872486
485,1.0916207,0.35864696,0.39376,0.28671762,0.6978607,0.071929336
486,0.23141077,0.052705634,0.09788849,0.05325074,0.13352227,-0.0005451068
487,0.31505147,0.19420962,0.22036,0.15756395,0.09469147,0.036645666
488,0.6456581,0.18883386,0.3253921,0.21335986,0.32026598,-0.024526
489,1.283238,0.20097998,0.3482655,0.2302578,0.9349725,-0.029277816
490,0.65791625,0.280751,0.2957503,0.21663447,0.36216596,0.06411652
491,0.93599737,0.2768629,0.37882397,0.27926892,0.5571734,-0.002406031
492,1.6729574,0.5554393,0.8511993,0.60462475,0.8217581,-0.049185455
493,0.10887094,0.060046077,0.05844115,0.038917243,0.050429787,0.021128833
494,1.0479962,0.4593259,0.71138597,0.48842216,0.3366102,-0.029096246
495,0.74819815,0.28537273,0.35547546,0.25709528,0.3927227,0.028277457
496,0.036196455,0.017252037,0.025267031,0.020525163,0.010929424,-0.0032731257
497,0.044930458,-0.022501562,0.050309964,0.02980664,-0.0053795055,-0.0523082
498,0.16117303,0.06088325,0.07197544,0.06082176,0.08919759,6.148964e-05
499,0.236036,0.153117,0.1678498,0.1094103,0.06818621,0.0437067
500,1.0575279,0.29371485,0.42711252,0.2844655,0.6304154,0.009249359
501,0.036467828,0.02276192,0.04685131,0.041672386,-0.010383483,-0.018910466
502,0.17243017,0.069387734,0.08101125,0.055132143,0.09141892,0.014255591
503,0.09489022,0.14881937,0.04126402,0.031000495,0.053626202,0.11781888
504,0.053737797,0.049237564,0.032301404,0.028040236,0.021436393,0.021197328
505,1.2948636,0.4465012,0.8171681,0.49269208,0.47769547,-0.046190888
506,1.4454529,0.5807476,0.76226366,0.58584964,0.6831893,-0.0051020384
507,0.1770904,0.1804875,0.11468078,0.08533178,0.062409624,0.095155716
508,0.12724656,0.11691152,0.061443467,0.04278509,0.065803096,0.07412644
509,1.9768301,0.8534701,1.00919,0.7613399,0.96764016,0.092130184
510,0.9167326,0.20655751,0.23743224,0.18624891,0.67930037,0.020308599
511,0.04647424,0.051360756,0.04754399,0.025631368,-0.0010697506,0.025729388
512,1.3160348,0.7448881,0.87842405,0.6378907,0.43761075,0.10699743
513,0.30900496,0.18548808,0.220739,0.15360475,0.088265955,0.03188333
514,1.1038969,0.33508736,0.47024623,0.3366734,0.63365066,-0.0015860498
515,0.12984967,0.13630821,0.052743424,0.042049233,0.07710625,0.09425898
516,0.02534202,-0.026981456,0.022321874,0.016626824,0.003020145,-0.043608278
517,-0.03441765,0.118733004,0.009147431,0.0019673437,-0.043565083,0.11676566
518,0.8810545,0.32292783,0.4092191,0.30021784,0.47183543,0.022709996
519,1.5662113,0.21237978,0.33841783,0.24840796,1.2277935,-0.036028177
520,0.8340166,0.3446329,0.4376256,0.31043243,0.39639103,0.03420046
521,0.010401308,0.021714889,0.0023933542,0.003412343,0.008007953,0.018302545
522,0.080112875,0.13121988,0.07335438,0.050100915,0.006758496,0.08111896
523,0.1232623,0.071517296,0.0667506,0.049180087,0.0565117,0.02233721
524,0.17693214,0.07985594,0.09947424,0.07262306,0.077457905,0.007232882
525,1.147604,0.4912705,0.6675056,0.482938,0.48009837,0.008332521
526,0.35901368,0.14722481,0.14875253,0.11367364,0.21026115,0.03355117
527,1.0302633,0.5679549,0.7397226,0.5366117,0.2905407,0.03134322
528,0.08382962,0.007912211,0.021824496,0.020063076,0.062005125,-0.012150865
529,0.015964212,0.033551898,0.012052449,0.01209333,0.0039117625,0.021458568
530,1.3016161,0.4600892,0.66104156,0.46024567,0.6405745,-0.00015646219
531,0.07535365,0.032383,0.051245738,0.031140858,0.024107914,0.0012421403
532,0.6685142,0.31433117,0.46517357,0.31878334,0.20334062,-0.004452169
533,1.0242037,0.40409926,0.5445932,0.39011627,0.47961044,0.013982981
534,0.29496625,0.14032812,0.19459155,0.11654882,0.1003747,0.023779303
535,0.79150116,0.18293093,0.22455263,0.17426482,0.56694853,0.008666113
536,-0.022563955,0.030640043,0.010735275,0.008823062,-0.03329923,0.02181698
537,0.0679061,0.12925851,0.061122656,0.034509964,0.0067834407,0.09474855
538,1.198493,0.38640618,0.5441567,0.353769,0.65433633,0.03263718
539,0.08960454,0.004607602,0.043454293,0.027605567,0.04615025,-0.022997964
540,0.033782735,0.0017097301,0.010041157,0.011274895,0.023741579,-0.009565164
541,0.12793466,0.061893925,0.08086898,0.051964752,0.047065683,0.009929173
542,0.04814092,0.03177897,0.018695887,0.015578801,0.029445034,0.016200168
543,0.13942437,0.06533144,0.08276148,0.058773182,0.056662887,0.0065582544
544,0.04834422,-0.05532601,0.043567754,0.024433289,0.0047764666,-0.0797593
545,0.6472729,0.28919864,0.29070073,0.18598726,0.35657215,0.10321137
546,0.2956829,0.2015117,0.21824,0.13501966,0.077442914,0.066492036
547,0.063954,0.06985833,0.038574435,0.03522296,0.025379568,0.03463537
548,0.94289184,0.25126052,0.5157734,0.31819898,0.42711842,-0.06693846
549,1.4975847,0.5667714,0.7693325,0.531376,0.7282522,0.035395384
550,1.1702198,0.36704326,0.5169302,0.34690958,0.65328956,0.020133674
551,0.060986683,0.0072565884,0.057023596,0.035495657,0.0039630868,-0.02823907
552,1.1808141,0.4176451,0.5071541,0.3731119,0.67366004,0.044533193
553,0.097847015,-0.0016130039,0.068001136,0.044377934,0.029845878,-0.045990936
554,0.022106532,0.021078106,0.008011554,0.012136707,0.014094978,0.008941399
555,1.2640047,0.44741789,0.6529538,0.4447577,0.6110509,0.002660185
556,0.01439965,-0.026745854,0.014385292,0.008165076,1.4357269e-05,-0.034910932
557,1.1418786,0.31915426,0.42450967,0.3027003,0.71736896,0.016453952
558,0.8396733,0.41551384,0.45929965,0.35151553,0.38037363,0.06399831
559,0.91098845,0.37781245,0.45409578,0.31275064,0.45689267,0.06506181
560,0.11597216,0.13426228,0.050384235,0.04202196,0.06558792,0.09224032
561,0.87340516,0.39789897,0.46142426,0.32364634,0.4119809,0.074252635
562,0.020940209,-0.056811146,0.025260871,0.013141647,-0.0043206625,-0.06995279
563,0.06358336,0.033707354,0.041018944,0.036477994,0.022564415,-0.00277064
564,0.1891395,0.06444624,0.12276045,0.07906925,0.06637905,-0.014623009
565,0.47293028,0.0871361,0.12444732,0.09049969,0.34848297,-0.0033635944
566,0.9618364,0.36630213,0.5280169,0.38809296,0.43381947,-0.021790832
567,0.13967986,0.012875302,0.062671825,0.039732397,0.07700804,-0.026857095
568,1.1673366,0.35701537,0.48655337,0.36839128,0.6807832,-0.011375904
569,0.17377302,0.11002624,0.09003222,0.0692636,0.0837408,0.04076264
570,0.8034811,0.25569665,0.38188943,0.2579983,0.42159167,-0.0023016334
571,-0.035097368,-0.015304779,0.0072225006,0.008252109,-0.042319868,-0.023556888
572,0.057946548,0.039881535,0.039690096,0.028170636,0.018256452,0.011710899
573,0.21258481,0.07352575,0.13048688,0.080448374,0.08209793,-0.006922625
574,-0.013510009,0.10831736,0.018457659,0.010281718,-0.03196767,0.09803564
575,1.1256458,0.2924166,0.4521388,0.28329134,0.673507,0.0091252625
576,0.86597526,0.17987579,0.22819257,0.15904316,0.6377827,0.020832628
577,0.18008327,0.09331899,0.0980276,0.070803046,0.08205567,0.022515945
578,0.96276045,0.39932558,0.4649523,0.33899632,0.49780816,0.06032926
579,1.3331541,0.5027934,0.77506304,0.50185895,0.55809104,0.000934422
580,-0.012490488,0.12866521,0.015307577,0.008795454,-0.027798064,0.11986975
581,0.003038735,0.12860055,0.03468778,0.016446825,-0.031649046,0.112153724
582,0.68479097,0.20462003,0.32151014,0.22113752,0.36328083,-0.01651749
583,0.77781856,0.23645534,0.32012802,0.22545633,0.45769054,0.010999009
584,0.08827826,0.018768061,0.041445725,0.033126183,0.04683253,-0.014358122
585,-0.026447868,0.11755066,0.011851998,0.0046855514,-0.038299866,0.11286511
586,1.0080072,0.45183253,0.66792804,0.42337275,0.34007913,0.028459787
587,0.2788922,0.12170106,0.16778119,0.12060344,0.111111,0.0010976195
588,0.055114318,0.030270861,0.027495325,0.02323119,0.027618993,0.0070396718
589,0.08932491,0.02768582,0.04225414,0.025093194,0.047070768,0.002592625
590,0.056974888,0.026436675,0.026253745,0.02093245,0.030721143,0.0055042244
591,0.7373636,0.20327912,0.28444862,0.20015948,0.45291495,0.0031196475
592,1.2348068,0.47739556,0.72460544,0.49573237,0.51020133,-0.018336803
593,0.53700465,0.26301566,0.31509647,0.20878467,0.22190818,0.054230988
594,0.042222846,-0.05357228,0.042473186,0.02187385,-0.0002503395,-0.07544613
595,0.013514486,0.055260208,0.03127745,0.021867052,-0.017762966,0.033393156
596,1.0756139,0.47417274,0.5598969,0.4064103,0.51571697,0.067762434
597,0.059336033,0.033409588,0.03445501,0.016020674,0.024881024,0.017388914
598,0.99283606,0.23769324,0.32545286,0.21442175,0.6673832,0.023271486
599,0.03379231,0.086305924,0.01869331,0.015191947,0.015099,0.071113974
600,0.039660964,0.10159862,0.038313933,0.017268263,0.0013470314,0.08433036
601,-0.0064143864,0.11988921,0.0023948208,0.005734507,-0.008809207,0.1141547
602,0.03165242,0.02389166,0.004539213,0.0067653074,0.027113207,0.017126352
603,0.045878913,0.008486003,0.033647973,0.017104745,0.01223094,-0.008618742
604,0.1447266,0.054223154,0.042320214,0.029545417,0.10240639,0.024677737
605,0.9846934,0.36328015,0.50798494,0.3750338,0.47670847,-0.0117536485
606,1.1583383,0.2348207,0.36480752,0.24980398,0.7935308,-0.0149832815
607,-0.018470833,0.1105047,0.0070084445,0.001029624,-0.025479278,0.109475076
608,0.029638557,-0.030912139,0.037139986,0.018650562,-0.007501429,-0.0495627
609,0.16866842,0.08233907,0.10758202,0.085985385,0.0610864,-0.0036463141
610,0.054549392,0.031299673,0.04839097,0.03411577,0.0061584227,-0.002816096
611,1.2429405,0.28593814,0.37787294,0.29092717,0.8650676,-0.004989028
612,0.05875612,0.035638254,0.032524697,0.024811162,0.026231423,0.010827092
613,1.0710407,0.37280807,0.5329115,0.3719762,0.53812927,0.0008318722
614,0.0834982,0.15337297,0.057773937,0.042580955,0.025724266,0.11079202
615,0.79322255,0.24725161,0.38966498,0.28151822,0.40355757,-0.034266606
616,1.1758838,0.46053672,0.7008216,0.49575752,0.4750622,-0.0352208
617,0.038048025,-0.021346226,0.016517555,0.014281347,0.02153047,-0.035627574
618,1.1542596,0.36653435,0.5371653,0.3307097,0.6170943,0.035824656
619,0.14762312,0.03148385,0.11988944,0.0714761,0.027733684,-0.03999225
620,1.0483083,0.1786575,0.38491815,0.23721866,0.6633901,-0.05856116
621,0.029087625,-0.031626068,0.020565627,0.015551555,0.008521998,-0.047177624
622,1.1109581,0.52281,0.75733757,0.5191029,0.35362053,0.0037071109
623,0.9943535,0.05319793,0.21293256,0.15936363,0.78142095,-0.10616569
624,0.055341255,0.027718132,0.02486365,0.015829587,0.030477606,0.011888545
625,1.336152,0.5275935,0.71978676,0.5196725,0.6163652,0.00792098
626,0.10662818,0.06871598,0.07958975,0.06356387,0.027038433,0.0051521137
627,0.020129696,0.009430439,0.022013584,0.015049936,-0.0018838886,-0.005619497
628,1.1915033,0.5566166,0.78001016,0.5430348,0.41149312,0.013581812
629,1.0638697,0.10091889,0.21024013,0.14681327,0.8536296,-0.045894384
630,0.6693846,0.18644841,0.26228014,0.19511415,0.40710446,-0.0086657405
631,0.22747679,0.0860865,0.15633793,0.08014445,0.07113886,0.0059420466
632,0.059483074,0.043113343,0.024003811,0.013134846,0.035479262,0.029978497
633,0.030536247,0.026096858,0.015665185,0.01583011,0.014871063,0.010266747
634,1.187074,0.35708186,0.5303632,0.38541937,0.65671074,-0.028337508
635,0.14642332,0.10142551,0.06243512,0.04588201,0.083988205,0.055543505
636,0.23574778,0.11357065,0.15532508,0.10835868,0.0804227,0.0052119717
637,0.086250365,0.0312117,0.09092938,0.05983324,-0.004679017,-0.02862154
638,0.6611972,0.23303208,0.4093894,0.2675878,0.25180778,-0.034555733
639,1.3714728,0.34437984,0.29304543,0.2488584,1.0784274,0.095521435
640,0.30025172,0.15929747,0.18541081,0.1112566,0.11484091,0.048040867
641,0.041068137,0.04893727,0.051035415,0.031744193,-0.009967279,0.017193075
642,-0.05428529,0.13304736,0.0060356106,0.0026171028,-0.060320903,0.13043025
643,0.02716475,-0.03214347,0.018285885,0.012842765,0.008878864,-0.044986233
644,0.97955936,0.44620407,0.47922057,0.36038873,0.5003388,0.08581534
645,0.022190567,0.002231382,0.014225511,0.010942085,0.007965056,-0.008710703
646,0.021447545,0.11082183,0.013637033,0.012423964,0.0078105116,0.098397866
647,0.1942344,0.1443771,0.11837498,0.07874654,0.07585942,0.065630555
648,0.010422399,-0.017745344,0.01134404,0.009751424,-0.00092164055,-0.027496768
649,0.10038563,0.011848431,0.081882074,0.046312325,0.018503554,-0.034463894
650,-0.00034524343,-0.05892962,0.010073608,0.0053751078,-0.010418851,-0.064304724
651,0.07698732,0.027633267,0.060465563,0.033264726,0.016521756,-0.00563146
652,1.3310355,0.72615,0.92774045,0.68622243,0.40329504,0.039927542
653,0.08145594,0.057317246,0.062466513,0.047188856,0.018989425,0.01012839
654,0.9715337,0.34269258,0.47900605,0.31103483,0.49252766,0.031657755
655,0.072112046,0.1136486,0.08310203,0.045844264,-0.010989986,0.06780434
656,1.2035561,0.38545147,0.48521787,0.35121122,0.7183382,0.034240246
657,0.12980527,0.033801407,0.057951998,0.036320616,0.071853265,-0.002519209
658,-0.0018272724,-0.023537606,0.010422345,0.010519957,-0.012249618,-0.034057565
659,0.044406846,-0.022132395,0.048409082,0.02794,-0.004002236,-0.050072394
660,1.0157293,0.34017143,0.55960846,0.39166433,0.45612085,-0.0514929
661,0.044697005,0.054335836,0.023609666,0.021030186,0.02108734,0.033305652
662,0.40568885,0.19377364,0.25446212,0.18685852,0.15122673,0.0069151223
663,0.8827304,0.44072294,0.6083778,0.4332512,0.2743526,0.0074717402
664,0.028314676,0.04732651,0.018518694,0.017625187,0.009795982,0.029701322
665,1.1852163,0.6678278,0.87228745,0.65541613,0.31292886,0.012411654
666,0.04350682,0.036223616,0.030386373,0.024290737,0.013120446,0.01193288
667,0.09635734,0.025246244,0.08746812,0.060938884,0.008889221,-0.03569264
668,0.8938149,0.3142645,0.44427133,0.31289116,0.4495436,0.0013733506
669,0.07391849,0.036291245,0.06597702,0.036271315,0.00794147,1.9930303e-05
670,0.9864807,0.3741545,0.424545,0.30898556,0.5619357,0.06516895
671,0.05329318,0.0026632252,0.01751728,0.01849755,0.0357759,-0.015834326
672,0.7268545,0.2607023,0.3415441,0.25159234,0.3853104,0.009109974
673,0.11205927,0.11476712,0.116854705,0.08671935,-0.004795432,0.02804777
674,0.9166619,0.3660814,0.44770098,0.3450648,0.46896094,0.021016598
675,0.18299516,0.096992336,0.10468309,0.08636848,0.07831207,0.010623857
676,0.05044829,0.02383898,0.01464961,0.011520135,0.03579868,0.012318845
677,0.063133396,0.15087678,0.05558135,0.040064238,0.0075520463,0.11081254
678,0.1457563,0.084853955,0.09717822,0.07009421,0.048578084,0.014759742
679,-0.0024050882,0.19407335,0.008129446,0.0063312477,-0.010534534,0.1877421
680,0.97023916,0.327456,0.4352397,0.28059983,0.5349995,0.046856165
681,0.13491052,0.19458295,0.10929948,0.07684888,0.025611043,0.117734075
682,1.1568195,0.47506914,0.68009603,0.47868007,0.47672343,-0.0036109388
683,0.9884301,0.43112868,0.60358393,0.4202364,0.38484615,0.010892272
684,1.6398889,0.59701306,0.9826354,0.64788604,0.6572535,-0.05087298
685,0.036723964,0.017813388,0.021804536,0.016678609,0.014919428,0.0011347793
686,0.8002876,0.3046238,0.34993127,0.24685857,0.45035633,0.057765245
687,-0.027679466,-0.076096766,0.0053236894,0.0031973633,-0.033003155,-0.07929413
688,0.97949064,0.34824046,0.47214064,0.36280954,0.50734997,-0.014569074
689,1.0584983,0.3705758,0.5041286,0.37726977,0.5543697,-0.006693989
690,0.05894134,0.105169676,0.08771241,0.06801368,-0.028771069,0.037155993
691,0.05924997,0.02444113,0.024676245,0.017612072,0.034573726,0.0068290588
692,0.0676648,0.16364582,0.04715679,0.021357287,0.020508014,0.14228854
693,0.94973993,0.5224683,0.6661564,0.46533522,0.28358352,0.05713311
694,0.16129413,0.05971737,0.091807194,0.06279232,0.06948694,-0.0030749552
695,0.044267066,0.044498157,0.03451971,0.027503658,0.009747356,0.016994499
696,0.17120904,0.17569166,0.10571239,0.08414546,0.065496646,0.09154621
697,0.9988969,0.3784476,0.4648447,0.35985345,0.5340522,0.018594146
698,0.0935541,0.05582396,0.06257366,0.046575505,0.030980445,0.009248454
699,-0.01909493,-0.0127699785,0.017586479,0.012184764,-0.036681406,-0.024954744
700,0.37475446,0.1390594,0.2990222,0.20250025,0.07573226,-0.06344086
701,0.295215,0.05110223,0.19951046,0.11165367,0.095704556,-0.060551442
702,0.057849683,-0.012623284,0.043885063,0.03627297,0.0139646195,-0.048896253
703,1.5958424,0.37019598,0.71569824,0.49590692,0.8801441,-0.12571093
704,0.8533056,0.3731643,0.47239694,0.26925033,0.38090864,0.10391396
705,1.1461272,0.30792132,0.42889434,0.30632433,0.7172329,0.0015969872
706,0.080154195,0.0030200768,0.033361904,0.028865878,0.04679229,-0.025845801
707,0.025619961,0.14596078,0.012343472,0.012609027,0.013276489,0.13335174
708,0.10610961,0.07337453,0.06375873,0.047899984,0.04235088,0.025474548
709,1.0365489,0.30122432,0.35061252,0.25205106,0.68593633,0.049173266
710,0.279139,0.11236476,0.12849909,0.09601621,0.15063992,0.016348548
711,1.0388211,0.35073635,0.4642362,0.34878758,0.5745849,0.0019487739
712,0.06498021,-0.030521937,0.036101565,0.019035306,0.028878644,-0.049557243
713,1.0112393,0.36141738,0.47502917,0.34844816,0.5362101,0.012969226
714,0.03294314,-0.039030865,0.03055326,0.016665863,0.00238988,-0.055696726
715,0.6099596,0.30149072,0.36532003,0.28775942,0.24463958,0.013731301
716,0.52768075,0.26081827,0.34095955,0.2502148,0.1867212,0.0106034875
717,0.097590715,0.022066722,0.074696064,0.052824646,0.02289465,-0.030757925
718,0.23380582,0.086676024,0.053309165,0.043241322,0.18049666,0.0434347
719,1.1348431,0.580176,0.7533728,0.5669262,0.38147032,0.0132498145
720,1.5442102,0.527873,0.79075944,0.5328005,0.75345075,-0.004927516
721,0.37895864,0.16412883,0.20659962,0.14684872,0.17235902,0.017280102
722,0.8655754,0.42187598,0.57249194,0.40655762,0.29308343,0.015318364
723,0.028800784,0.021366557,0.008167775,0.009582845,0.020633008,0.011783713
724,0.029300086,0.039485514,0.02558885,0.021123303,0.0037112366,0.018362211
725,0.026772082,0.03100451,0.020323444,0.019181615,0.0064486377,0.011822896
726,1.1658134,0.48755315,0.68929136,0.47540087,0.4765221,0.012152284
727,0.030304458,0.09177158,0.017894814,0.016457755,0.012409644,0.07531382
728,0.1491546,0.07253614,0.108580425,0.06412499,0.040574178,0.008411154
729,0.019880334,0.024539758,0.021237254,0.018794227,-0.0013569202,0.00574553
730,0.27515155,0.13860139,0.13646619,0.093206726,0.13868536,0.045394666
731,1.2822084,0.30705324,0.5595867,0.40294594,0.72262174,-0.0958927
732,0.40274453,0.06264904,0.1308075,0.088248044,0.271937,-0.025599003
733,1.3107225,0.6322651,0.81495607,0.609119,0.4957664,0.023146093
734,0.7338427,0.274928,0.4082636,0.26838207,0.32557908,0.006545931
735,0.0019330927,-0.09592306,0.016458372,0.0072024623,-0.014525279,-0.10312552
736,0.086460404,0.041500065,0.05050211,0.037018307,0.035958294,0.004481759
737,0.37286305,0.07455643,0.14240572,0.0937608,0.23045734,-0.01920437
738,0.05863974,0.03592342,0.06427415,0.050190818,-0.0056344084,-0.014267396
739,0.09211066,0.11025396,0.088693485,0.05216799,0.003417179,0.05808597
740,0.01761182,0.043224562,0.021692026,0.0124385,-0.004080206,0.030786062
741,1.0854951,0.48303458,0.48956737,0.37020364,0.5959277,0.11283094
742,0.07672115,0.03381559,0.036991175,0.024989482,0.03972997,0.008826107
743,0.08257543,0.11152701,0.03713814,0.032508455,0.04543729,0.079018556
744,0.30605733,0.11508004,0.15208514,0.10514587,0.1539722,0.009934172
745,1.1225517,0.45676675,0.49721035,0.3814306,0.6253413,0.07533616
746,0.44093847,0.24093407,0.31496793,0.2368805,0.12597054,0.004053578
747,0.92965686,0.34834182,0.45925283,0.34054968,0.47040403,0.007792145
748,0.03119919,0.06051569,0.038458563,0.027567115,-0.0072593726,0.032948576
749,0.837129,0.35131916,0.47806478,0.2897269,0.35906422,0.06159225
750,0.07508654,0.045602694,0.033877082,0.020903753,0.04120946,0.024698941
751,1.1606268,0.6549107,0.8552412,0.6039481,0.3053856,0.050962567
752,0.010724208,-0.01604895,0.018446673,0.01275721,-0.0077224644,-0.02880616
753,1.0109712,0.45587102,0.61949885,0.43716723,0.39147234,0.018703789
754,0.12805814,0.09258742,0.029050276,0.02399852,0.09900786,0.0685889
755,0.5919604,0.36570057,0.4073329,0.27966538,0.18462747,0.08603519
756,0.79981226,0.3169364,0.48026943,0.33824605,0.31954283,-0.021309644
757,0.80445975,0.34915277,0.5379871,0.3639813,0.26647264,-0.014828533
758,0.107402235,0.020478666,0.05474736,0.026364714,0.052654874,-0.005886048
759,0.07529045,0.07523612,0.034028877,0.03173359,0.041261572,0.04350253
760,0.17642827,0.08265166,0.12601791,0.08339324,0.05041036,-0.00074157864
761,0.06048108,0.10393013,0.048299313,0.041828685,0.012181766,0.062101446
762,0.20554078,0.008115057,0.10675679,0.06719409,0.098783985,-0.059079032
763,0.72223914,0.30013275,0.41848883,0.28983253,0.3037503,0.010300219
764,1.1533333,0.42433602,0.54913515,0.37867045,0.60419816,0.045665562
765,0.12570474,0.04112295,0.07332502,0.045484066,0.052379712,-0.0043611154
766,0.09129767,0.04673952,0.047277346,0.03342938,0.044020325,0.013310138
767,1.3280089,0.39088976,0.53435487,0.38048127,0.793654,0.010408491
768,1.2767531,0.46484414,0.5441397,0.4293104,0.7326134,0.035533726
769,0.83478385,0.2871077,0.34427866,0.26035473,0.4905052,0.026752979
770,0.25059196,0.0981086,0.09473707,0.06844588,0.1558549,0.029662713
771,0.08845196,-0.0005950768,0.046008013,0.03159184,0.042443946,-0.032186918
772,0.9141411,0.45737422,0.6288903,0.44278604,0.28525084,0.014588177
773,0.00064293307,0.062045634,0.03816818,0.03671807,-0.037525248,0.025327563
774,1.1654967,0.56974244,0.7370435,0.5430313,0.4284532,0.026711166
775,0.06892278,0.11264946,0.042784218,0.03879863,0.026138563,0.07385083
776,1.1604531,0.4284511,0.5613782,0.3789788,0.5990749,0.049472302
777,0.16072115,0.19282807,0.103897765,0.07764637,0.056823388,0.11518171
778,0.06582473,0.003193511,0.037125677,0.013904971,0.028699055,-0.01071146
779,0.89292943,0.31522605,0.5091007,0.32739264,0.38382876,-0.0121665895
780,-0.0069156596,0.13529646,0.026387518,0.015376693,-0.03330318,0.11991977
781,1.0802405,0.25320858,0.27310324,0.21337536,0.80713725,0.039833218
782,0.081568606,0.058341246,0.06250665,0.048688333,0.019061953,0.009652913
783,0.1800152,0.16872214,0.0818284,0.053613078,0.098186806,0.115109056
784,0.25636995,0.13336669,0.21276832,0.12136264,0.043601632,0.012004048
785,0.6627318,0.18969859,0.22435239,0.16520938,0.43837944,0.024489209
786,0.011163418,0.020190988,0.027706027,0.021484284,-0.01654261,-0.001293296
787,0.90508705,0.40505648,0.5413585,0.40923318,0.36372858,-0.004176706
788,0.032022823,0.059481125,0.038999338,0.024413198,-0.006976515,0.035067927
789,0.9737145,0.29606035,0.37940156,0.2677934,0.5943129,0.028266966
790,0.02379519,0.044405825,0.01171406,0.014742819,0.0120811295,0.029663008
791,1.0533986,0.14333855,0.2384398,0.17370048,0.8149588,-0.030361935
792,0.051269088,0.057041477,0.035074417,0.027001267,0.016194671,0.03004021
793,0.9464689,0.2660324,0.4658391,0.3052645,0.4806298,-0.039232105
794,9.640805e-05,0.13670896,0.030260626,0.019744892,-0.030164218,0.11696407
795,1.1869034,0.49020454,0.68902737,0.443363,0.497876,0.046841532
796,0.0995792,0.015190119,0.06915536,0.039812263,0.030423842,-0.024622144
797,1.228211,0.49155477,0.6627847,0.4708487,0.56542635,0.020706058
798,0.25025827,0.11611125,0.16227604,0.11624901,0.08798222,-0.00013776124
799,1.2459272,0.38865203,0.53492194,0.37462962,0.7110053,0.01402241
800,0.689139,0.2862226,0.38737327,0.2636204,0.30176574,0.0226022
801,1.0619532,0.35783708,0.5417244,0.39021257,0.5202288,-0.032375485
802,0.21772636,0.09740977,0.112240136,0.086898014,0.10548623,0.010511756
803,0.119904056,0.027467135,0.10254371,0.06560323,0.017360345,-0.03813609
804,-0.034157585,0.12780224,0.019234246,0.014690134,-0.05339183,0.11311211
805,-0.036189977,0.060290024,-0.0034841418,-0.0046522566,-0.032705836,0.06494228
806,0.029590487,0.1437709,0.02616921,0.018487114,0.0034212768,0.1252838
807,0.05744078,0.091597594,0.054497372,0.03848065,0.0029434077,0.053116944
808,0.05075094,0.021092962,0.05093497,0.02688112,-0.00018402934,-0.0057881568
809,0.23855057,0.056485295,0.11283282,0.08227887,0.12571776,-0.025793575
810,0.08787525,0.03530424,0.07852287,0.056680024,0.009352379,-0.021375783
811,1.127646,0.12357057,0.18505104,0.17366406,0.94259495,-0.050093494
812,0.013112373,-0.008933732,0.010759463,0.008017356,0.00235291,-0.016951088
813,0.017777117,0.013676423,0.011076798,0.007457933,0.0067003192,0.0062184897
814,0.03832169,0.014786862,0.018689796,0.009214824,0.019631892,0.005572038
815,1.0558823,0.4589829,0.5631927,0.42977238,0.4926896,0.029210538
816,1.0428202,0.32563442,0.5588399,0.33786306,0.4839803,-0.012228638
817,0.06376748,0.052658245,0.038277533,0.027317926,0.025489945,0.025340319
818,0.20422189,0.07748365,0.15836127,0.09868775,0.04586062,-0.021204107
819,1.194552,0.42168215,0.57705957,0.3834681,0.6174924,0.038214058
820,0.7047156,0.36640036,0.4678269,0.31341177,0.2368887,0.05298859
821,1.2280461,0.28316033,0.40192837,0.26683202,0.8261177,0.016328305
822,0.9078364,0.18395352,0.26332068,0.18133357,0.6445157,0.002619952
823,0.12908298,0.017591974,0.07746505,0.0572285,0.051617928,-0.039636523
824,-0.011200812,0.13245295,0.028097892,0.015815949,-0.039298706,0.116637
825,0.17175692,0.09482738,0.11426611,0.08789635,0.05749081,0.0069310293
826,0.10068183,0.01478002,0.062980436,0.038672473,0.03770139,-0.023892453
827,0.052189756,0.061781857,0.074761175,0.049562085,-0.022571418,0.012219772
828,0.9197656,0.42744893,0.43777084,0.31474546,0.48199475,0.11270347
829,-0.0112021575,-0.021746647,0.017346056,0.009113434,-0.028548215,-0.030860081
830,-0.02191467,-0.025275784,0.0070428476,0.0027029621,-0.028957518,-0.027978746
831,1.1775825,0.5459739,0.6325594,0.480655,0.5450231,0.06531888
832,1.5061885,0.5745533,0.6328979,0.4438966,0.8732906,0.13065672
833,0.008966471,0.11805305,0.015293648,0.0121834995,-0.0063271765,0.10586955
834,0.094307676,-0.001611054,0.065997995,0.044498865,0.02830968,-0.04610992
835,0.12443757,0.05372283,0.072367564,0.053867273,0.052070007,-0.0001444444
836,1.1472747,0.15288937,0.2188535,0.15343204,0.92842126,-0.0005426705
837,0.90828425,0.3271782,0.42331225,0.31280726,0.484972,0.014370948
838,0.16652964,0.03802568,0.10273679,0.068674,0.06379285,-0.030648317
839,0.97596407,0.3485221,0.48065177,0.3366074,0.4953123,0.0119147
840,0.19836709,0.07118273,0.060480513,0.039179973,0.13788658,0.032002755
841,1.1817695,0.58411217,0.73507816,0.5554087,0.44669133,0.028703451
842,0.061961155,0.067468725,0.04720118,0.035577554,0.014759976,0.03189117
843,0.041326508,-0.016840646,0.038103662,0.024235439,0.0032228455,-0.041076086
844,1.1603127,0.3674714,0.49418107,0.3486088,0.6661316,0.018862605
845,0.004597044,-0.015507031,0.01771553,0.012155728,-0.013118487,-0.02766276
846,0.038443446,0.023471609,0.03696407,0.023939902,0.0014793761,-0.0004682932
847,-0.0071960487,0.118113324,0.005641242,0.009809451,-0.012837291,0.108303875
848,0.005404619,0.13312994,0.02511907,0.013387082,-0.01971445,0.119742855
849,0.050323866,-0.016574696,0.045006257,0.035299987,0.0053176098,-0.051874682
850,0.04115612,0.15638335,0.02486719,0.02307349,0.01628893,0.13330986
851,0.022208866,-0.023015095,0.024035636,0.0210756,-0.0018267706,-0.044090696
852,1.0686893,0.44215062,0.73945177,0.4847321,0.32923758,-0.04258147
853,0.9208718,0.2739134,0.38181654,0.2634351,0.5390552,0.010478318
854,1.2866994,0.5346415,0.77470386,0.51439047,0.51199555,0.020251036
855,0.089951426,0.088694595,0.06376643,0.041065298,0.026184998,0.047629297
856,0.043798704,0.0509579,0.029399097,0.022373399,0.014399607,0.0285845
857,0.9225239,0.18361318,0.2633645,0.17407843,0.6591594,0.009534746
858,0.12553227,0.047920235,0.07511165,0.050800562,0.05042062,-0.0028803274
859,0.046951637,0.026373776,0.033721108,0.023838539,0.013230529,0.002535237
860,0.053193048,-0.012040278,0.05655582,0.03815358,-0.0033627711,-0.05019386
861,-0.0024929899,0.09481856,0.014011627,0.004369526,-0.016504617,0.090449035
862,0.09596222,0.026809001,0.059247207,0.04804895,0.036715012,-0.02123995
863,-0.0013214234,0.12661764,0.025567502,0.015087485,-0.026888926,0.111530155
864,0.06010539,0.055888038,0.029797535,0.021674216,0.030307855,0.034213822
865,-0.021732602,-0.06623284,0.015342534,0.006064108,-0.037075136,-0.07229695
866,0.08241216,-0.0065933405,0.04804485,0.026903331,0.03436731,-0.03349667
867,0.074555926,0.060408052,0.06885003,0.05094155,0.005705893,0.009466503
868,-0.010843585,0.20884871,0.04057799,0.012911163,-0.051421575,0.19593754
869,0.9889458,0.29075468,0.38468915,0.27835983,0.60425663,0.0123948455
870,0.15544613,0.06743719,0.05486679,0.041318916,0.10057934,0.026118271
871,0.09731905,0.03599852,0.050292004,0.026528249,0.047027048,0.009470271
872,0.98188233,0.27532557,0.35878715,0.2698441,0.62309515,0.0054814517
873,1.0000061,0.32424325,0.40317202,0.30188647,0.59683406,0.022356778
874,0.054773375,0.053738974,0.05228759,0.038056813,0.0024857856,0.01568216
875,0.33555728,0.18757051,0.1963828,0.1440667,0.13917448,0.043503806
876,1.3387332,0.5110004,0.69898087,0.47216195,0.6397523,0.038838446
877,0.87556833,0.2741198,0.42986625,0.29790068,0.44570208,-0.023780882
878,1.118222,0.5622642,0.78620756,0.5168954,0.33201444,0.04536879
879,0.11196095,0.09709295,0.078028105,0.062094253,0.033932842,0.034998696
880,1.0935211,0.2207494,0.34454504,0.2520095,0.7489761,-0.031260118
881,0.099050306,0.060873058,0.05927349,0.048636433,0.039776817,0.012236625
882,0.028247347,-0.0005071045,0.018298928,0.011232926,0.009948419,-0.01174003
883,0.12601277,0.16196543,0.071182646,0.054609276,0.054830126,0.10735615
884,1.1618413,0.59119445,0.74662733,0.5313163,0.41521394,0.05987817
885,0.86680216,0.27953458,0.3668283,0.26954824,0.49997386,0.009986341
886,1.2038336,0.5321207,0.5446093,0.4261302,0.6592243,0.1059905
887,1.1938846,0.32674745,0.47401085,0.34636813,0.7198738,-0.019620687
888,0.07517288,0.046361078,0.04064139,0.034728926,0.03453149,0.011632152
889,1.3728123,0.6791123,0.8980082,0.672778,0.47480404,0.006334305
890,0.039195932,0.015876377,0.025596663,0.020972922,0.013599269,-0.0050965454
891,0.9429594,0.34205475,0.4721395,0.32793367,0.47081992,0.014121085
892,0.04923301,-0.0040467386,0.031729244,0.022861,0.017503764,-0.026907738
893,0.023694731,0.00879086,0.0074513564,0.006179982,0.016243376,0.002610878
894,0.060610108,-0.02148662,0.05771602,0.034131754,0.0028940886,-0.055618376
895,-0.0019454275,0.057254322,0.014881124,0.009404881,-0.016826551,0.04784944
896,1.3326776,0.25440156,0.5135285,0.31117627,0.8191491,-0.056774706
897,0.31846988,0.12531771,0.18515389,0.123637155,0.133316,0.001680553
898,0.19135736,0.13004436,0.1149012,0.0984412,0.07645616,0.031603158
899,0.09555403,0.041360132,0.039386522,0.030747462,0.05616751,0.01061267
900,0.7931268,0.22764216,0.30030286,0.22759788,0.49282396,4.428625e-05
901,0.12074929,0.048574694,0.085010126,0.05409466,0.03573916,-0.0055199675
902,0.2333744,0.07048717,0.08755996,0.055005737,0.14581445,0.015481435
903,0.15426713,0.017649364,0.110095724,0.073039636,0.044171408,-0.055390272
904,0.3622594,0.14862034,0.2014946,0.14471692,0.16076478,0.0039034188
905,1.0622681,0.36188984,0.5011679,0.35779506,0.56110024,0.0040947795
906,0.037992988,-0.010071088,0.022597421,0.010148963,0.015395567,-0.02022005
907,0.019186886,-0.012221734,0.010238205,0.00665216,0.008948681,-0.018873895
908,0.01939415,0.011152478,0.014191875,0.01273233,0.005202275,-0.0015798518
909,0.034809712,0.03436689,0.019381182,0.020980295,0.01542853,0.013386596
910,1.2053483,0.3734363,0.5099431,0.37035033,0.6954051,0.0030859709
911,0.11248519,0.056905974,0.10138217,0.0717725,0.011103019,-0.014866527
912,-0.012958388,-0.059774846,0.0038996325,0.0018187722,-0.01685802,-0.06159362
913,0.7737482,0.22245996,0.32993013,0.21925342,0.4438181,0.0032065362
914,0.050758023,0.007985535,0.034842096,0.024315303,0.015915927,-0.016329769
915,1.0632473,0.35302007,0.5076778,0.33647454,0.5555695,0.016545534
916,1.0878735,0.24606895,0.36656758,0.23092201,0.72130585,0.015146941
917,0.05122729,-0.010609925,0.039782397,0.024889668,0.011444893,-0.035499595
918,0.05826191,0.09393307,0.029840345,0.021584006,0.028421564,0.072349064
919,0.08530713,-0.010254018,0.07438621,0.04730656,0.0109209195,-0.057560578
920,0.0154842315,0.09039232,0.06033928,0.03308206,-0.044855047,0.05731026
921,0.10828923,0.19116403,0.12347704,0.08459452,-0.015187815,0.10656951
922,-0.009929589,0.1309636,0.02959617,0.016322855,-0.03952576,0.11464074
923,0.2031042,0.034503732,0.07216831,0.059666358,0.13093588,-0.025162626
924,0.89599717,0.2552332,0.50247467,0.31927028,0.3935225,-0.064037085
925,0.08862381,-0.0060359538,0.048507247,0.033198785,0.04011656,-0.03923474
926,0.017448768,-0.00043407135,0.024774471,0.015260314,-0.0073257033,-0.015694385
927,0.052377947,-0.016835231,0.051354457,0.033482097,0.00102349,-0.05031733
928,1.7532663,0.53617144,0.7713424,0.5893297,0.98192394,-0.053158283
929,0.033088498,-0.0031119916,0.038108833,0.026277926,-0.0050203353,-0.029389918
930,0.04052112,0.055431884,0.03643168,0.020718299,0.0040894374,0.034713585
931,0.075366154,0.0071434435,0.06781817,0.048319202,0.007547982,-0.04117576
932,0.06485279,0.07108954,0.053993475,0.039616935,0.010859314,0.03147261
933,0.60130537,0.2756881,0.32168207,0.24152231,0.2796233,0.0341658
934,0.04926504,0.10324432,0.056251984,0.035613663,-0.006986946,0.067630656
935,0.19951876,0.04144994,0.072562054,0.053540487,0.1269567,-0.012090545
936,0.12278351,0.14812519,0.0586767,0.044459734,0.06410681,0.103665456
937,0.82027,0.28831676,0.39877853,0.300518,0.42149147,-0.01220125
938,1.1122729,0.514022,0.647335,0.49342245,0.46493787,0.020599544
939,0.061699998,0.100562915,0.039563082,0.031818323,0.022136915,0.06874459
940,0.26827338,0.18658777,0.19646382,0.13811198,0.07180956,0.048475787
941,0.05675308,0.053377256,0.046250366,0.040218323,0.010502715,0.013158932
942,0.89356816,0.10403194,0.21997492,0.13818717,0.6735932,-0.034155227
943,0.08235081,0.121642105,0.06484978,0.03848147,0.017501034,0.08316064
944,1.0391078,0.41409683,0.49622783,0.38478678,0.54287994,0.029310048
945,0.27218547,0.14598554,0.1820467,0.13168736,0.09013878,0.014298186
946,0.8329851,0.268545,0.41745633,0.30240464,0.41552877,-0.03385964
947,0.13050455,0.07217148,0.08063038,0.052037656,0.04987417,0.020133823
948,0.9442087,0.36725286,0.45117587,0.35101038,0.4930328,0.016242474
949,1.0907848,0.52581704,0.6921872,0.5125838,0.3985976,0.013233244
950,1.0940895,0.14445467,0.23719597,0.16441129,0.85689354,-0.019956619
951,-0.009329058,0.15277988,0.015066257,0.006350027,-0.024395315,0.14642985
952,0.4429531,0.07801395,0.11649729,0.08669181,0.32645583,-0.008677863
953,-0.03138393,0.10132496,-0.0015464316,0.0023080881,-0.0298375,0.099016875
954,0.8024204,0.3327945,0.42379323,0.3004473,0.37862715,0.032347202
955,0.48092163,0.27849522,0.2561745,0.19612326,0.22474712,0.082371965
956,0.03860628,0.049766727,0.029104853,0.019834641,0.009501426,0.029932085
957,0.7060645,0.30591604,0.41722757,0.29545277,0.28883696,0.010463268
958,1.2994422,0.49572572,0.5834368,0.4185784,0.7160054,0.077147335
959,0.2798052,0.092069164,0.10911395,0.07757131,0.17069127,0.014497854
960,-0.011259206,0.12309844,0.022757333,0.009275196,-0.03401654,0.11382324
961,0.006619597,-0.008749645,0.0095792245,0.004931747,-0.0029596277,-0.013681392
962,0.11845786,0.030147443,0.092183195,0.06816219,0.026274666,-0.038014747
963,1.4923514,0.4322631,0.6644076,0.4560821,0.8279438,-0.023819
964,0.022136249,-0.011433321,0.008738512,0.0027901102,0.0133977365,-0.014223431
965,0.19774526,0.0981993,0.055690207,0.036299996,0.14205506,0.061899304
966,0.03132178,0.02450909,0.019780602,0.012705827,0.011541177,0.011803264
967,0.047839623,-0.030555893,0.026909903,0.017250627,0.02092972,-0.04780652
968,0.47490045,0.20735545,0.2682728,0.18229157,0.20662767,0.025063887
969,0.52922666,0.2980186,0.40400618,0.29880065,0.12522048,-0.00078204274
970,1.1254195,0.32499143,0.4377924,0.30713978,0.6876271,0.01785165
971,0.970228,0.26736382,0.43437615,0.28953022,0.53585184,-0.022166401
972,0.8255786,0.30284432,0.4479239,0.31563836,0.37765467,-0.012794048
973,0.026418932,0.048837986,0.028107082,0.02599116,-0.0016881507,0.022846825
974,1.3386413,0.3845045,0.43225256,0.29814866,0.90638876,0.086355835
975,1.1205595,0.4295863,0.56794083,0.39816102,0.5526186,0.031425267
976,0.13067853,0.039387546,0.044820264,0.0341533,0.08585827,0.005234245
977,0.8637118,0.39826375,0.51539624,0.38164154,0.34831554,0.016622216
978,0.9750123,0.2475849,0.32134542,0.20680282,0.65366685,0.04078208
979,1.1386664,0.44178012,0.59526217,0.42485842,0.5434042,0.016921699
980,0.84298587,0.26133326,0.3239842,0.23418808,0.51900166,0.027145177
981,0.026597397,0.12706128,0.021436404,0.018199185,0.005160993,0.108862095
982,0.10662357,-0.020974189,0.062489353,0.04203673,0.044134215,-0.063010916
983,0.20975395,0.036246967,0.06888739,0.04126262,0.14086655,-0.0050156526
984,0.28100765,0.10320114,0.18384194,0.113425456,0.097165704,-0.010224313
985,0.09611383,0.142539,0.07498263,0.042585857,0.021131203,0.09995314
986,1.6670268,0.37809816,0.50207907,0.31848803,1.1649477,0.05961013
987,0.060370192,-0.019991286,0.036819138,0.026418846,0.023551054,-0.046410132
988,0.077197075,0.1119599,0.086630836,0.05660882,-0.009433761,0.05535108
989,0.067531615,0.06341636,0.043406844,0.037617803,0.024124771,0.02579856
990,1.3429558,0.68450606,0.8335662,0.58706844,0.50938964,0.09743762
991,0.8167191,0.3525963,0.41246048,0.3109854,0.40425864,0.041610926
992,0.85986197,0.20135312,0.27430457,0.20383978,0.5855574,-0.002486661
993,-0.018721454,0.09655104,0.014056981,0.003566593,-0.032778434,0.092984445
994,0.19303991,0.09757495,0.11221597,0.07427086,0.080823936,0.02330409
995,0.1579847,0.05418663,0.07538492,0.0542564,0.08259978,-6.976724e-05
996,1.1038598,0.2759535,0.41125935,0.26505652,0.6926004,0.010896981
997,0.91693723,0.3288921,0.5143692,0.3341013,0.40256804,-0.0052091777
998,0.8574071,0.24677919,0.28999895,0.21759124,0.56740814,0.029187948
999,0.8989285,0.21463291,0.38374788,0.24599925,0.51518065,-0.031366333
1000,0.020524064,0.022110961,0.021815773,0.017000562,-0.001291709,0.0051104
1001,0.092891514,0.03751551,0.048042614,0.032279085,0.0448489,0.0052364245
1002,0.18708923,0.07348974,0.099490836,0.074511334,0.0875984,-0.0010215938
1003,-0.009759315,0.12112185,0.020713236,0.011926009,-0.03047255,0.10919584
1004,0.31334284,0.21860388,0.17613307,0.12366389,0.13720977,0.09493999
1005,0.5990802,0.23508799,0.26870543,0.21028478,0.33037478,0.024803206
1006,0.293067,0.11581157,0.19750622,0.13271737,0.09556079,-0.0169058
1007,1.1717721,0.48373383,0.7318325,0.5187717,0.43993962,-0.035037875
1008,0.21096788,0.09985347,0.12812018,0.085083805,0.0828477,0.014769666
1009,0.82719165,0.5259057,0.67237353,0.49383083,0.15481812,0.0320749
1010,1.396658,0.4877601,0.68236506,0.45639825,0.7142929,0.031361848
1011,0.26266015,0.12575708,0.15896992,0.12179589,0.10369022,0.0039611906
1012,1.0048993,0.5675848,0.7239238,0.544926,0.28097546,0.022658825
1013,1.357948,0.5289705,0.70562494,0.4919129,0.652323,0.03705758
1014,0.12076976,0.026099745,0.061617017,0.046252046,0.059152745,-0.0201523
1015,0.91354525,0.3956563,0.5860422,0.38686904,0.32750303,0.008787245
1016,1.2473592,0.32547918,0.40879646,0.2966024,0.8385627,0.028876781
1017,1.0746052,0.7777063,0.92837286,0.67309594,0.14623237,0.10461038
1018,1.2104529,0.36918926,0.5725372,0.3947405,0.63791573,-0.02555123
1019,0.03564648,0.03308296,0.031680368,0.021439547,0.0039661117,0.011643412
1020,-0.024293482,0.1266432,0.018630695,0.009254473,-0.042924177,0.117388725
1021,-0.00059376896,-0.034430277,0.012050517,0.012281241,-0.012644286,-0.04671152
1022,0.03118655,0.10261182,0.0393353,0.024668315,-0.008148748,0.077943504
1023,1.0022191,0.4129077,0.5483392,0.39793238,0.4538799,0.014975309
1024,0.14300987,0.106283925,0.07574682,0.048185833,0.06726305,0.058098093
1025,0.76572543,0.2589834,0.31576186,0.21104833,0.44996357,0.04793507
1026,1.0759317,0.5527831,0.80057925,0.53263175,0.27535242,0.020151317
1027,-0.052690797,0.11682991,0.010700569,0.00359258,-0.063391365,0.11323733
1028,1.0263606,0.3222839,0.41330582,0.29982603,0.6130548,0.022457868
1029,0.023969686,0.06272064,0.009511235,0.011147205,0.0144584505,0.051573437
1030,-0.020189416,0.12248083,0.016152794,0.008840739,-0.03634221,0.11364009
1031,0.08152411,0.05709488,0.0504544,0.036569487,0.03106971,0.020525392
1032,0.079367295,0.0016823545,0.037352946,0.023751236,0.04201435,-0.022068882
1033,1.2021887,0.4764622,0.67208946,0.4618694,0.5300993,0.014592797
1034,1.4190646,0.5322367,0.82949173,0.567575,0.5895729,-0.035338283
1035,0.12496683,0.069194436,0.05805143,0.035463158,0.0669154,0.033731278
1036,0.3347772,0.19386257,0.15675133,0.11147863,0.17802587,0.082383946
1037,0.013827649,0.019244801,0.026593471,0.020105889,-0.012765822,-0.0008610878
1038,0.07350918,0.005619954,0.022065768,0.01681268,0.051443413,-0.011192726
1039,0.20597547,0.16102448,0.15369517,0.11286875,0.052280307,0.048155732
1040,0.015718525,0.07045115,0.015921934,0.013287261,-0.0002034083,0.057163887
1041,0.9701242,0.25397295,0.36747104,0.23646498,0.60265315,0.01750797
1042,-0.0017871503,-0.057070497,0.0054210825,0.001411807,-0.007208233,-0.058482304
1043,0.77276146,0.2789786,0.31159288,0.24051681,0.4611686,0.038461775
1044,0.14409795,0.10772733,0.10789943,0.0794435,0.036198527,0.028283827
1045,0.8330256,0.20198712,0.26502615,0.17882493,0.5679994,0.023162186
1046,0.22176985,0.13339448,0.16470137,0.11467898,0.057068482,0.0187155
1047,1.0810543,0.5285415,0.6155373,0.4495346,0.46551704,0.07900691
1048,0.994879,0.39400685,0.46098128,0.35869423,0.53389776,0.035312623
1049,1.1221558,0.42815927,0.65173244,0.42530233,0.47042334,0.00285694
1050,0.033409987,0.07599728,0.018799443,0.014873589,0.014610544,0.061123688
1051,0.010826519,-0.021332882,0.0072438605,0.0072327307,0.0035826582,-0.028565614
1052,1.3807929,0.48796362,0.7362946,0.5264435,0.6444982,-0.038479865
1053,0.08796114,0.034641273,0.03392583,0.02999576,0.054035306,0.0046455134
1054,0.25863326,0.20253772,0.2474945,0.17974964,0.011138752,0.022788078
1055,1.014408,0.40182593,0.4514591,0.34289843,0.5629489,0.058927506
1056,0.9262704,0.30759656,0.48430365,0.30227995,0.44196677,0.005316615
1057,0.025601555,0.017755602,0.05216988,0.034392763,-0.026568327,-0.016637161
1058,0.19190633,0.12254493,0.15254554,0.105468094,0.03936079,0.017076835
1059,0.1773045,0.048165463,0.10703512,0.06723298,0.07026938,-0.019067518
1060,0.067380436,0.089833416,0.058246516,0.030637199,0.00913392,0.05919622
1061,0.82826674,0.5833899,0.7036786,0.554351,0.12458813,0.029038906
1062,1.2511748,0.5858467,0.78877944,0.5781833,0.46239537,0.007663429
1063,1.5205493,0.3819078,0.47814268,0.34395486,1.0424066,0.03795293
1064,0.009631974,-0.011123711,0.015439412,0.010500957,-0.005807438,-0.02162467
1065,0.1203344,0.056708865,0.068601705,0.04528546,0.051732697,0.011423405
1066,-0.024956753,0.13437429,0.030779481,0.017673988,-0.055736236,0.11670031
1067,1.0294813,0.3805022,0.6123077,0.38183612,0.41717356,-0.0013339221
1068,0.06966966,0.23258139,0.07348874,0.04562189,-0.0038190857,0.1869595
1069,0.99432975,0.30112842,0.40590206,0.31087747,0.58842766,-0.009749055
1070,0.1662791,0.018806692,0.11278681,0.07316232,0.0534923,-0.054355625
1071,0.2491078,0.028719041,0.061021954,0.035609417,0.18808584,-0.006890375
1072,0.13241133,0.08162172,0.08618651,0.062262457,0.046224818,0.019359265
1073,0.0921864,0.07725932,0.07581875,0.05384475,0.016367652,0.023414567
1074,0.1083868,0.018211529,0.07462834,0.053609513,0.03375846,-0.035397984
1075,1.5767167,0.5552814,0.821586,0.57162994,0.75513065,-0.01634854
1076,1.0369989,0.34583393,0.53251845,0.38075766,0.5044804,-0.034923732
1077,0.03355281,0.11149754,0.05433599,0.04258423,-0.020783179,0.06891331
1078,0.026623331,0.049774624,0.023106769,0.017631065,0.0035165623,0.03214356
1079,0.03816797,-0.012160962,0.026149562,0.015054515,0.012018407,-0.027215477
1080,0.3665961,0.12805668,0.28272662,0.19329427,0.08386949,-0.0652376
1081,0.024777342,0.026134254,0.01775657,0.008389244,0.0070207715,0.01774501
1082,1.0201007,0.26933748,0.333395,0.19989488,0.6867057,0.0694426
1083,0.10313508,0.058371577,0.08039984,0.05899515,0.022735238,-0.0006235726
1084,0.20699333,0.03836067,0.09016753,0.055258878,0.1168258,-0.016898207
1085,1.0604445,0.3804626,0.43211985,0.32537493,0.6283246,0.055087656
1086,0.703886,0.22187866,0.30714232,0.23489742,0.39674366,-0.013018757
1087,0.14893349,0.04268975,0.090626135,0.061065435,0.05830735,-0.018375684
1088,0.005402586,0.088287175,0.04197778,0.023106156,-0.036575194,0.06518102
1089,0.9613952,0.4936391,0.6211309,0.47722167,0.34026432,0.016417444
1090,1.3467999,0.34902427,0.5268022,0.37144947,0.81999767,-0.022425205
1091,0.099254414,0.15406318,0.073770426,0.05013566,0.025483988,0.10392752
1092,0.89129645,0.2877231,0.3961659,0.2768506,0.49513054,0.010872483
1093,0.3005555,0.10772456,0.15830971,0.11145363,0.14224578,-0.0037290677
1094,0.5759101,0.2637161,0.42392603,0.26838082,0.15198407,-0.004664719
1095,0.9289372,0.1424976,0.17996481,0.15908727,0.7489724,-0.016589671
1096,1.2923664,0.19846492,0.3828479,0.24811296,0.9095185,-0.049648046
1097,0.059414327,0.04254017,0.049180184,0.03777838,0.010234144,0.004761789
1098,0.07401369,0.07745141,0.06369869,0.037421476,0.010315001,0.04002993
1099,0.11354373,0.08169483,0.0798696,0.060761184,0.03367413,0.020933643
1100,0.10299881,0.09504164,0.074211314,0.056013934,0.028787494,0.039027706
1101,0.1622848,0.07173354,0.079238296,0.05687507,0.08304651,0.014858473
1102,0.111234084,0.015177887,0.0939186,0.06483264,0.017315485,-0.049654756
1103,0.8437317,0.14786702,0.22823484,0.1645303,0.6154969,-0.016663283
1104,0.021500045,0.012964999,0.03184528,0.02783288,-0.010345234,-0.014867881
1105,1.26446,0.5816832,0.76448095,0.49597877,0.49997902,0.085704446
1106,0.18614593,0.0818203,0.08316876,0.057613365,0.10297717,0.024206936
1107,0.8695656,0.3175918,0.44663638,0.31018642,0.42292923,0.0074053705
1108,0.9871003,0.46337122,0.6311194,0.43149322,0.35598093,0.031877995
1109,0.025867818,0.018216083,0.0057836147,0.007579276,0.020084202,0.0106368065
1110,1.2053082,0.52979994,0.69104385,0.5056617,0.51426435,0.024138212
1111,0.04832667,-0.012804811,0.041620318,0.023961136,0.0067063533,-0.036765948
1112,0.079289876,0.06951666,0.06441058,0.04376359,0.014879294,0.02575307
1113,0.07402205,0.15791512,0.07743059,0.051820416,-0.0034085438,0.1060947
1114,1.0773394,0.501494,0.71227926,0.49583226,0.36506015,0.005661726
1115,0.9798929,0.30951765,0.4253913,0.3220568,0.55450165,-0.012539148
1116,0.83967656,0.1888531,0.27033132,0.19395575,0.56934524,-0.0051026493
1117,1.065129,0.34254235,0.51953596,0.3632713,0.5455931,-0.020728946
1118,0.9836932,0.44638723,0.6559593,0.46744546,0.32773387,-0.021058232
1119,0.11144551,-0.0071381894,0.059985954,0.03922693,0.051459555,-0.04636512
1120,0.14761223,0.049436353,0.08791976,0.052295946,0.059692472,-0.0028595924
1121,0.0926247,0.07489668,0.053668737,0.047901675,0.038955964,0.026995003
1122,1.063919,0.3974615,0.57728666,0.40863878,0.4866323,-0.011177272
1123,0.0983904,0.09601885,0.033750523,0.02877957,0.06463988,0.067239285
1124,0.08463887,0.032423448,0.039128155,0.032031454,0.045510717,0.00039199367
1125,1.2380607,0.13990265,0.25600863,0.16796109,0.9820521,-0.02805844
1126,0.06546106,0.024011925,0.066999875,0.04011674,-0.0015388131,-0.016104814
1127,0.9499807,0.44799706,0.54753083,0.42666847,0.40244985,0.021328598
1128,0.017748548,0.02510875,0.011659367,0.011134436,0.0060891807,0.013974315
1129,1.3861035,0.58202296,0.7720129,0.5553128,0.6140906,0.026710153
1130,0.5032675,0.3645802,0.45218524,0.3197215,0.051082283,0.044858724
1131,0.20104802,0.04594132,0.09915467,0.061932452,0.10189334,-0.015991133
1132,1.516742,0.8189375,1.0201712,0.793195,0.49657083,0.025742471
1133,0.26786488,0.17054011,0.21544226,0.16362408,0.052422628,0.0069160312
1134,1.2012299,0.39483118,0.5476841,0.39264947,0.65354586,0.0021817088
1135,1.1841205,0.29278344,0.49453697,0.3511142,0.68958354,-0.058330774
1136,0.07934394,0.04284223,0.056582432,0.023440981,0.022761505,0.01940125
1137,1.4806736,0.68256754,0.71317714,0.56452245,0.7674964,0.11804509
1138,1.2855054,0.6011908,0.9348319,0.6483335,0.3506735,-0.047142684
1139,0.9374964,0.18688661,0.30767518,0.20497563,0.62982124,-0.018089026
1140,0.030531496,-0.030172162,0.019536896,0.012279997,0.0109946,-0.042452157
1141,1.1130261,0.2631544,0.40324488,0.28022537,0.7097813,-0.017070979
1142,0.10478615,0.077980965,0.08480854,0.07148372,0.019977607,0.006497249
1143,0.7445205,0.32525942,0.39039767,0.28427163,0.35412282,0.04098779
1144,0.06298085,0.030514987,0.030023485,0.02399188,0.032957368,0.006523108
1145,1.2613181,0.7504474,0.95585746,0.67711455,0.30546063,0.073332846
1146,0.77566177,0.20349658,0.29049268,0.21557872,0.48516908,-0.012082145
1147,1.1364691,0.39020464,0.51254797,0.3829226,0.62392116,0.0072820485
1148,0.12537242,0.07635492,0.09799706,0.07012758,0.027375363,0.0062273443
1149,0.043498687,0.03849941,0.025211746,0.022473298,0.018286942,0.016026113
1150,0.05827547,0.038782716,0.050824594,0.03445716,0.007450875,0.0043255575
1151,0.0629654,-0.055924498,0.037650242,0.013879863,0.025315158,-0.06980436
1152,1.1632227,0.489224,0.7142836,0.48040286,0.44893909,0.00882113
1153,1.0696034,0.3870791,0.5761312,0.41435766,0.49347222,-0.027278572
1154,0.90021783,0.22731434,0.31696907,0.23152542,0.58324873,-0.004211083
1155,0.22601423,0.108036645,0.18595304,0.124583244,0.04006119,-0.0165466
1156,0.03488768,0.02876727,0.025962617,0.022028577,0.008925062,0.0067386925
1157,0.066999935,0.05749972,0.029602975,0.024215624,0.03739696,0.033284098
1158,1.0914494,0.35962203,0.5673087,0.40838107,0.52414066,-0.048759043
1159,1.1143267,0.30600908,0.60496056,0.393609,0.50936615,-0.0875999
1160,0.07475449,-0.013373202,0.0372321,0.021424629,0.03752239,-0.034797832
1161,0.6902235,0.12630346,0.15388909,0.123169385,0.5363344,0.0031340793
1162,0.1871838,0.1347478,0.13970199,0.0960592,0.047481805,0.0386886
1163,0.029277079,0.06078067,0.03621599,0.03031368,-0.006938912,0.03046699
1164,0.94596714,0.39772165,0.534122,0.40929127,0.41184515,-0.011569619
1165,0.054468047,-0.0054342384,0.02915737,0.016361665,0.025310677,-0.021795902
1166,1.3243768,0.71095604,0.88968694,0.64764905,0.43468988,0.06330699
1167,1.4269974,0.45277405,0.611379,0.45286447,0.8156184,-9.0420246e-05
1168,0.1402989,0.18922804,0.11597021,0.08537961,0.024328694,0.103848435
1169,1.1960632,0.35297582,0.51092327,0.3688221,0.6851399,-0.015846282
1170,0.1251524,0.047054026,0.05348926,0.036406178,0.071663134,0.010647848
1171,1.1035763,0.4510359,0.5744136,0.40144902,0.5291627,0.049586862
1172,1.1196276,0.30882934,0.37549567,0.25951672,0.7441319,0.04931262
1173,0.21756361,0.07522985,0.16292357,0.10755207,0.05464004,-0.032322213
1174,0.13572769,0.17572628,0.15522818,0.09542136,-0.019500494,0.08030492
1175,0.09756967,0.032697402,0.03977233,0.032833435,0.057797335,-0.0001360327
1176,1.0506066,0.44565007,0.6296146,0.47063512,0.42099202,-0.024985045
1177,0.7984249,0.3094035,0.38330314,0.25505266,0.41512176,0.054350853
1178,0.84211224,0.33086857,0.4813621,0.32210365,0.36075014,0.008764923
1179,-0.030892335,0.00014047619,0.014289871,0.013970512,-0.045182206,-0.013830036
1180,0.041688766,0.010352694,0.030392766,0.019058075,0.011296,-0.00870538
1181,1.11271,0.53709996,0.6743259,0.4947114,0.43838412,0.04238856
1182,0.023692405,0.05544028,0.008851081,0.009526293,0.014841324,0.045913987
1183,1.2830745,0.33907345,0.4632782,0.30833656,0.8197963,0.030736893
1184,0.09465899,0.028742416,0.04192657,0.028960463,0.052732423,-0.00021804683
1185,1.0751442,0.332485,0.54632074,0.3562247,0.52882344,-0.023739696
1186,0.044827625,0.049191836,0.020904,0.01851192,0.023923624,0.030679917
1187,0.9279174,0.24270459,0.3306175,0.25453812,0.59729993,-0.011833534
1188,0.85214734,0.48580563,0.59539795,0.408573,0.2567494,0.07723263
1189,0.73932016,0.3044596,0.46878487,0.34359032,0.2705353,-0.039130718
1190,0.037460964,0.031635623,0.026640112,0.027310451,0.010820853,0.004325172
1191,0.15293954,0.014732712,0.056362785,0.035227753,0.09657676,-0.020495042
1192,1.3308482,0.35095254,0.5642556,0.38389927,0.7665926,-0.032946736
1193,1.263553,0.55435944,0.78145236,0.58479786,0.48210067,-0.030438423
1194,1.051479,0.25997555,0.3659827,0.24808374,0.6854963,0.011891812
1195,0.02832576,-0.03284824,0.02888239,0.018541371,-0.00055662915,-0.051389612
1196,1.0583879,0.53204787,0.605805,0.45225558,0.4525829,0.07979229
1197,0.13787909,0.093312204,0.079468265,0.06766905,0.058410823,0.025643155
1198,0.08274406,0.08168382,0.062203996,0.053358387,0.020540066,0.028325435
1199,0.1897294,0.122578084,0.122952715,0.089543,0.06677669,0.033035085
1200,0.2563976,0.0918258,0.13328227,0.09474371,0.12311533,-0.0029179081
1201,1.3039722,0.6703991,0.90537405,0.66405904,0.3985982,0.0063400865
1202,0.023676861,0.111561514,0.009683852,0.008075115,0.013993009,0.1034864
1203,1.0224407,0.22967237,0.2947596,0.2230299,0.72768104,0.0066424757
1204,1.1760247,0.30650347,0.44896144,0.34280849,0.72706324,-0.03630501
1205,0.9418045,0.3496974,0.5085485,0.3197627,0.43325603,0.029934704
1206,-0.021322338,0.013808228,0.011109685,0.011524929,-0.032432023,0.0022832993
1207,0.9132627,0.13748997,0.2497077,0.16279294,0.663555,-0.025302961
1208,0.14428595,0.028716268,0.09870261,0.061221253,0.045583338,-0.032504983
1209,1.2342303,0.45639202,0.60710156,0.42228198,0.6271287,0.03411004
1210,0.046484593,-0.016168103,0.045739938,0.024824992,0.0007446557,-0.040993094
1211,-0.045594208,0.11259395,0.0045000473,0.001927078,-0.050094254,0.11066687
1212,0.093048714,0.017407343,0.051909525,0.040207513,0.04113919,-0.02280017
1213,0.053991213,-0.01890281,0.03932325,0.024690885,0.014667962,-0.043593697
1214,1.0871674,0.37999815,0.47299188,0.34376732,0.6141755,0.036230832
1215,0.0594981,0.11927314,0.07474926,0.053107046,-0.01525116,0.066166095
1216,0.013773513,0.00959425,0.051395275,0.029709568,-0.037621763,-0.02011532
1217,0.11106682,0.042141363,0.045336757,0.028286066,0.065730065,0.013855297
1218,0.27767962,0.06621076,0.07129217,0.05267927,0.20638746,0.013531491
1219,0.11668467,0.055415563,0.06455223,0.040859867,0.052132435,0.014555696
1220,0.13897578,0.09791263,0.10913862,0.0873689,0.029837161,0.010543734
1221,1.4585342,0.60938305,0.818555,0.55118984,0.63997924,0.058193207
1222,0.053110052,0.066046745,0.034599356,0.030115034,0.018510696,0.03593171
1223,1.136462,0.43102756,0.59283936,0.4395775,0.5436226,-0.008549929
1224,0.820274,0.24833475,0.3277373,0.23979859,0.4925367,0.00853616
1225,0.19390343,0.12336337,0.13717595,0.10051267,0.056727484,0.0228507
1226,1.0327897,0.47004858,0.61779505,0.4719823,0.41499466,-0.0019337237
1227,0.87781805,0.52450866,0.594936,0.43987417,0.28288203,0.08463448
1228,1.2735436,0.341805,0.58696216,0.37748593,0.68658143,-0.03568092
1229,1.5469568,0.25512582,0.54435146,0.30958447,1.0026053,-0.054458648
1230,0.08159328,0.0067796805,0.06388284,0.04325095,0.01771044,-0.036471266
1231,1.1375281,0.3178937,0.46200055,0.3172667,0.6755275,0.00062701106
1232,1.0344387,0.31589136,0.3828488,0.26505798,0.65158993,0.050833374
1233,0.034300376,0.06756967,0.03216962,0.01742858,0.0021307543,0.050141092
1234,-0.0424639,0.1386406,0.0056891716,9.385832e-05,-0.04815307,0.13854674
1235,0.99977356,0.5641616,0.70661676,0.53013045,0.2931568,0.034031153
1236,0.04520626,0.11328934,0.049385644,0.034604337,-0.0041793846,0.078685
1237,0.052322328,0.0075907586,0.042441837,0.030930677,0.009880491,-0.02333992
1238,-0.014036077,-0.05841882,0.006239774,0.0017262276,-0.020275852,-0.06014505
1239,0.1517547,0.07653614,0.09560534,0.073660456,0.056149364,0.0028756857
1240,0.39721742,0.19682354,0.26744038,0.18819515,0.12977704,0.008628383
1241,-0.016163073,0.11423025,0.016376838,0.0069304607,-0.03253991,0.10729979
1242,0.0565,0.033314772,0.025864175,0.020368781,0.030635824,0.012945991
1243,0.01926477,0.079490036,0.03749174,0.026886534,-0.018226968,0.0526035
1244,0.021515178,0.05513125,0.0142093375,0.011273947,0.00730584,0.043857303
1245,0.16920741,0.12671986,0.13381588,0.101492085,0.035391524,0.025227778
1246,0.9695938,0.34954143,0.47190014,0.34099966,0.4976937,0.008541763
1247,0.08207375,0.07205504,0.04514081,0.032459695,0.036932938,0.039595347
1248,0.0059728185,0.16250531,0.03883154,0.024091657,-0.032858722,0.13841365
1249,0.31149796,0.14839134,0.1633374,0.12545355,0.14816056,0.02293779
1250,0.041350562,0.048953146,0.014212881,0.01260568,0.027137682,0.036347464
1251,0.8742377,0.2646662,0.45354992,0.29706657,0.4206878,-0.03240037
1252,0.04468014,0.006174993,0.022153486,0.016132932,0.022526655,-0.009957939
1253,0.06482857,0.031203715,0.041861225,0.030827085,0.022967342,0.00037663057
1254,-0.028139677,0.015372239,0.012079159,0.011182035,-0.040218838,0.0041902037
1255,0.07309188,0.05933183,0.044187292,0.03063275,0.028904587,0.028699081
1256,1.7159189,0.5050029,0.7476152,0.5311624,0.9683037,-0.026159465
1257,0.13193592,0.091115616,0.09936873,0.08077818,0.032567196,0.010337435
1258,0.11026263,0.035845473,0.042564586,0.029502165,0.06769805,0.006343309
1259,0.06164809,0.01000829,0.05189281,0.035097353,0.00975528,-0.025089063
1260,1.1215672,0.42264915,0.6064578,0.45378298,0.5151094,-0.03113383
1261,0.0021593994,0.017788177,0.033644807,0.027270362,-0.03148541,-0.009482184
1262,1.2009047,0.5250149,0.66183054,0.47249088,0.5390742,0.052524
1263,0.06947913,-0.022179428,0.037763864,0.027105749,0.031715266,-0.049285177
1264,0.95241743,0.4312687,0.5307239,0.38378733,0.4216935,0.047481358
1265,0.044490907,0.019495033,0.01901507,0.014952165,0.025475837,0.0045428677
1266,1.2706184,0.48831695,0.71544474,0.52014697,0.5551737,-0.031830013
1267,1.5354904,0.75100654,1.0597767,0.7655452,0.47571373,-0.014538646
1268,1.5326465,0.6523209,0.96941483,0.6252007,0.5632317,0.027120233
1269,0.06289088,0.07014907,0.0414941,0.03267327,0.021396779,0.037475802
1270,0.07129724,0.019277947,0.04566298,0.02990222,0.025634263,-0.010624273
1271,0.99485874,0.30670214,0.3917232,0.29685837,0.6031356,0.009843767
1272,1.0431932,0.2672406,0.40335625,0.29317418,0.63983697,-0.025933564
1273,0.043981183,-0.0039786072,0.02096031,0.015742265,0.023020873,-0.019720871
1274,-0.042852327,0.12078857,0.012245245,0.0058799624,-0.055097573,0.114908606
1275,0.05930208,0.045661204,0.018337132,0.018175647,0.040964946,0.027485557
1276,1.2720102,0.57478386,0.7208507,0.5384325,0.5511595,0.036351383
1277,0.97447485,0.28885135,0.4843522,0.31582516,0.49012265,-0.026973814
1278,0.0916775,0.06464512,0.09943877,0.08809613,-0.00776127,-0.023451008
1279,1.0281541,0.25197124,0.3062714,0.24882817,0.7218827,0.0031430721
1280,1.0781524,0.25711048,0.36231384,0.2565061,0.71583855,0.0006043911
1281,1.0365118,0.28230405,0.44587836,0.28728643,0.5906334,-0.004982382
1282,0.12926522,0.20112827,0.11821926,0.07853071,0.011045963,0.12259757
1283,-0.024811463,0.114947766,0.010074859,0.004712279,-0.034886323,0.11023549
1284,0.9216794,0.43557608,0.6077663,0.4433303,0.3139131,-0.0077542067
1285,1.075065,0.4108317,0.5939145,0.3658675,0.4811505,0.044964194
1286,0.92436355,0.39629403,0.46375138,0.35743442,0.46061218,0.038859606
1287,1.3018882,0.4609241,0.6408432,0.44653597,0.661045,0.014388114
1288,0.11368017,0.19623595,0.13673791,0.09037814,-0.023057744,0.10585781
1289,0.1370453,0.0108051915,0.078976884,0.05531004,0.05806841,-0.04450485
1290,0.9671202,0.39299205,0.545902,0.39796147,0.42121816,-0.004969418
1291,0.072023004,0.054130454,0.03880357,0.03070941,0.033219434,0.023421044
1292,0.049790688,0.09653933,0.05086689,0.038149323,-0.0010762028,0.05839001
1293,1.0639646,0.49364322,0.6516134,0.4768652,0.4123512,0.016778022
1294,0.23067953,0.052921686,0.06999185,0.053124063,0.16068769,-0.0002023764
1295,0.023320481,0.022973444,0.010406095,0.010844913,0.012914387,0.012128531
1296,0.22901186,0.11491276,0.18748865,0.12685569,0.04152322,-0.011942923
1297,0.038684923,0.1086522,0.047821235,0.03568843,-0.009136312,0.07296377
1298,0.018345255,0.08236094,0.014602917,0.010562805,0.0037423382,0.07179813
1299,1.1967738,0.32641342,0.44415006,0.35304493,0.7526237,-0.026631504
1300,1.4899445,0.63226384,0.87256116,0.62810224,0.6173833,0.0041615963
1301,0.035115,0.06920334,0.04024921,0.021924425,-0.00513421,0.047278915
1302,0.09090458,0.04139326,0.043461777,0.03343858,0.0474428,0.007954683
1303,0.07730666,0.032837894,0.03163963,0.024780763,0.045667026,0.0080571305
1304,0.15070392,0.0798882,0.08861011,0.06366323,0.06209381,0.016224973
1305,0.7746902,0.29350567,0.39018804,0.2744624,0.38450217,0.019043267
1306,0.030487904,0.14023183,0.040630084,0.027316058,-0.010142179,0.11291578
1307,1.5088809,0.64274883,0.73297024,0.605957,0.7759106,0.03679186
1308,0.7310619,0.33836922,0.38249296,0.29193255,0.34856892,0.046436667
1309,0.15388988,0.058958925,0.11645456,0.07996617,0.037435323,-0.021007247
1310,1.1063672,0.47670045,0.6975864,0.5050417,0.4087808,-0.028341264
1311,0.021764493,-0.011145272,0.031040322,0.022301748,-0.009275829,-0.03344702
1312,0.055546805,0.16509853,0.037357043,0.029129189,0.018189762,0.13596934
1313,0.73956746,0.21824768,0.33251542,0.239542,0.40705204,-0.021294326
1314,0.14280744,0.069152676,0.11296119,0.0740765,0.029846251,-0.004923828
1315,0.17692211,0.09033296,0.11881564,0.074441895,0.058106475,0.015891068
1316,0.04091244,0.12361216,0.053926032,0.032926243,-0.013013594,0.09068592
1317,0.7541995,0.23683727,0.33370528,0.24056618,0.42049423,-0.0037289113
1318,1.1145155,0.4936029,0.7080442,0.47872424,0.40647137,0.01487866
1319,0.04437873,0.086671405,0.026999732,0.027953958,0.017378999,0.058717445
1320,0.06988236,0.003752643,0.050792675,0.03131362,0.019089688,-0.027560977
1321,0.9176623,0.24442844,0.3206268,0.22128996,0.5970355,0.023138478
1322,0.5985315,0.25164747,0.2943922,0.21635222,0.3041393,0.035295248
1323,1.0525323,0.254001,0.37864333,0.26341015,0.673889,-0.009409159
1324,0.81061167,0.2890653,0.35054332,0.26881838,0.46006835,0.020246923
1325,0.9771132,0.3203569,0.4641599,0.34784514,0.5129533,-0.027488232
1326,0.8400197,0.2419327,0.3515516,0.22303286,0.4884681,0.018899843
1327,0.024465669,0.009488307,0.02513859,0.017755836,-0.00067292154,-0.008267529
1328,1.0245289,0.33331183,0.44105935,0.31486005,0.5834695,0.01845178
1329,0.046958722,0.13263273,0.02573334,0.019405868,0.021225382,0.11322686
1330,0.9188575,0.37286535,0.4613214,0.35156813,0.4575361,0.021297216
1331,1.1304036,0.3891092,0.5440177,0.39082527,0.58638597,-0.0017160773
1332,0.15725237,0.053301435,0.07097523,0.05656137,0.08627714,-0.0032599345
1333,1.1681699,0.29823178,0.40354308,0.30214322,0.76462674,-0.0039114356
1334,0.10301994,0.02961801,0.08100955,0.050246306,0.022010386,-0.020628296
1335,1.1635425,0.61143464,0.79270494,0.5838593,0.37083757,0.027575314
1336,0.85661405,0.3201027,0.3933371,0.27584267,0.46327695,0.044260025
1337,0.934969,0.17487392,0.28397948,0.17525434,0.65098953,-0.00038042665
1338,0.47203654,0.376734,0.38680446,0.3068674,0.08523208,0.0698666
1339,0.39395314,0.24638692,0.2951478,0.21683654,0.09880534,0.029550374
1340,0.04706922,0.003950654,0.036580306,0.01682782,0.010488916,-0.012877166
1341,0.48800507,0.21403518,0.26031122,0.18921487,0.22769386,0.024820313
1342,0.08033806,0.032185413,0.06935957,0.051105976,0.01097849,-0.018920563
1343,1.0080328,0.48668,0.5867357,0.4466536,0.42129707,0.040026397
1344,0.037255835,0.022265218,0.026739135,0.019875217,0.010516699,0.002390001
1345,0.0036595294,-0.06154739,0.0078088655,0.0023861148,-0.0041493364,-0.06393351
1346,1.3932906,0.5307622,0.6709379,0.5041765,0.72235274,0.026585698
1347,0.29166755,0.1571038,0.21802914,0.15519568,0.07363841,0.0019081235
1348,0.43124738,0.15847248,0.15377918,0.10746209,0.2774682,0.051010385
1349,0.0100429645,0.017882612,0.05046662,0.03369372,-0.040423654,-0.015811108
1350,0.038622934,0.041552376,0.045200817,0.026839048,-0.006577883,0.014713328
1351,1.3899508,0.650279,0.9229078,0.620881,0.46704292,0.029397964
1352,0.046460193,0.03284578,0.021700105,0.01696633,0.024760088,0.01587945
1353,0.82443446,0.2832579,0.45306486,0.26616892,0.3713696,0.01708898
1354,0.042438164,-0.021920007,0.03693702,0.022268228,0.0055011436,-0.044188235
1355,0.93394303,0.39687818,0.5540445,0.41611624,0.37989855,-0.019238055
1356,0.03741936,-0.029031157,0.020101914,0.008723827,0.017317446,-0.037754983
1357,0.04216016,0.048089717,0.025733683,0.022261474,0.016426478,0.025828242
1358,0.048718523,0.020897325,0.027898852,0.024488822,0.020819671,-0.0035914965
1359,0.14203312,0.10881362,0.11102303,0.084310435,0.031010084,0.024503186
1360,0.13478746,0.029251734,0.08126612,0.057217896,0.053521335,-0.027966162
1361,0.055126846,-0.031810936,0.030800547,0.02227668,0.024326298,-0.054087617
1362,0.1197818,0.09557403,0.085997656,0.06721629,0.033784144,0.028357737
1363,1.1805393,0.3584263,0.50164187,0.34311733,0.6788974,0.015308976
1364,0.9505284,0.335812,0.5358864,0.31598213,0.41464198,0.01982987
1365,0.050933883,0.013669136,0.03266815,0.018151438,0.018265732,-0.004482302
1366,0.83690053,0.33608067,0.51755303,0.32539314,0.3193475,0.01068753
1367,0.30685014,0.066523634,0.11310643,0.07541328,0.1937437,-0.008889645
1368,0.06308871,0.050980233,0.036526807,0.028771061,0.026561901,0.022209171
1369,1.479594,0.7180484,0.91619223,0.70159376,0.56340176,0.016454637
1370,0.15221648,0.10309397,0.12293062,0.07983705,0.029285856,0.02325692
1371,0.07236269,0.05203569,0.031771086,0.022955671,0.040591605,0.029080018
1372,0.81660455,0.23645064,0.33766562,0.26557678,0.47893894,-0.029126137
1373,1.22797,0.52330303,0.6594299,0.48981443,0.5685401,0.0334886
1374,0.009447649,-0.026720196,0.020427948,0.011459012,-0.010980299,-0.038179208
1375,0.07178986,0.12302421,0.028725386,0.019377777,0.043064475,0.103646435
1376,0.10614619,0.14569028,0.08461568,0.053105317,0.021530509,0.09258496
1377,0.18516405,0.1566731,0.12444365,0.094980456,0.0607204,0.061692648
1378,0.9214895,0.39484873,0.4653015,0.35158834,0.45618796,0.043260396
1379,0.73922366,0.31960458,0.42490524,0.28338924,0.31431842,0.036215335
1380,0.18001346,0.109830104,0.11692087,0.08854249,0.06309259,0.021287613
1381,0.1685112,0.09584894,0.15439637,0.08831345,0.014114827,0.0075354874
1382,1.184969,0.5300513,0.7449542,0.5273628,0.44001472,0.0026884675
1383,0.082316585,0.050567728,0.057908587,0.045665752,0.024407998,0.0049019754
1384,0.8732969,0.31384388,0.42246127,0.3023536,0.45083565,0.011490285
1385,0.026527746,0.02740213,0.038583953,0.022524614,-0.012056207,0.004877517
1386,0.07054062,0.008626668,0.043899465,0.03001286,0.026641157,-0.021386193
1387,1.3218755,0.4977067,0.7989124,0.48352233,0.52296305,0.014184386
1388,0.81644243,0.072328515,0.14966743,0.12091543,0.666775,-0.048586912
1389,0.022272456,-0.024963737,0.03268791,0.020594237,-0.010415453,-0.045557976
1390,0.05583246,0.04468997,0.06371001,0.044096917,-0.007877551,0.0005930513
1391,0.0642025,0.13148732,0.06343358,0.04427398,0.00076892227,0.087213345
1392,0.003819724,0.0035561724,0.00963433,0.013931446,-0.005814606,-0.010375273
1393,1.0564083,0.37902948,0.4583388,0.3138404,0.5980695,0.06518909
1394,0.060003016,0.120439515,0.049112502,0.027858887,0.010890514,0.09258063
1395,0.7398411,0.32385346,0.34640294,0.2662813,0.39343816,0.057572156
1396,-0.00093415973,0.19748634,0.052273273,0.027067998,-0.053207435,0.17041834
1397,0.9412019,0.52814317,0.67242396,0.4811658,0.26877797,0.04697737
1398,0.14700572,0.08431117,0.08754125,0.06832963,0.05946447,0.01598154
1399,0.9683169,0.4640557,0.54764295,0.3908288,0.42067397,0.0732269
1400,0.09666862,0.07653213,0.06539025,0.053990357,0.03127837,0.022541776
1401,0.15407832,0.049574584,0.06440787,0.051071912,0.08967045,-0.0014973283
1402,-0.012528253,-0.060963333,0.028218662,0.010208132,-0.040746916,-0.07117146
1403,1.5006098,0.5089048,0.68387234,0.5338892,0.8167374,-0.02498436
1404,1.2241403,0.44937176,0.5197831,0.35859203,0.7043572,0.09077972
1405,-0.0008993296,0.017136464,0.0109298285,0.0137431715,-0.011829158,0.0033932924
1406,0.02576268,0.06836616,0.055306066,0.042970825,-0.029543385,0.025395337
1407,0.044121392,-0.035673745,0.02039674,0.012951681,0.023724653,-0.048625425
1408,0.3639422,0.11810363,0.1717116,0.11802769,0.19223061,7.594377e-05
1409,1.2311878,0.69760114,0.96102107,0.66551614,0.27016675,0.032085
1410,0.16653089,0.08066818,0.08800173,0.0634376,0.078529164,0.017230578
1411,0.21172553,0.1076797,0.15886235,0.106357,0.05286318,0.0013227016
1412,1.1337907,0.26218656,0.38838768,0.25087348,0.74540305,0.011313081
1413,1.1885897,0.29746842,0.44323626,0.30076295,0.74535346,-0.0032945275
1414,0.1402666,0.021631807,0.105664134,0.06285125,0.034602463,-0.041219443
1415,1.0232121,0.3280171,0.4159646,0.29053473,0.6072475,0.03748235
1416,0.042354513,0.036925547,0.020417575,0.019072184,0.021936938,0.017853362
1417,1.0627136,0.4882589,0.66992897,0.4650461,0.39278466,0.02321279
1418,0.21761368,0.17635739,0.10721694,0.07757609,0.11039674,0.098781295
1419,0.096347846,0.0413616,0.056543194,0.0393729,0.039804652,0.0019887015
1420,1.0200924,0.28440285,0.48341045,0.3165036,0.5366819,-0.032100767
1421,1.1546019,0.39883608,0.52944076,0.3986501,0.6251612,0.00018596649
1422,0.39253235,0.19227146,0.24960601,0.18787159,0.14292634,0.004399866
1423,0.023498122,-0.007367576,0.04117945,0.027629513,-0.017681327,-0.03499709
1424,0.037469152,0.0039480114,0.044650942,0.03438901,-0.0071817897,-0.030441001
1425,0.19433174,0.05850193,0.09419247,0.067232326,0.10013927,-0.008730397
1426,0.08462027,0.037558928,0.040386066,0.025950253,0.0442342,0.011608675
1427,0.8945709,0.2615345,0.37414604,0.27489942,0.52042484,-0.013364911
1428,0.721731,0.32777905,0.44517627,0.31841317,0.27655473,0.009365886
1429,-0.025928143,0.01274018,0.008031821,0.008949654,-0.033959962,0.0037905257
1430,1.0384196,0.33747703,0.4640537,0.31240946,0.5743659,0.025067568
1431,0.8414585,0.31422976,0.39625213,0.3025834,0.44520637,0.01164636
1432,1.0491526,0.5232557,0.6144859,0.45949206,0.4346667,0.06376365
1433,1.4149734,0.40983504,0.58637184,0.4027222,0.82860154,0.007112831
1434,0.8958691,0.29400876,0.42095485,0.2977444,0.47491422,-0.0037356317
1435,1.1889154,0.546962,0.66643673,0.4933509,0.52247864,0.05361113
1436,0.8769312,0.30482754,0.45217124,0.2925424,0.42475995,0.012285143
1437,0.2329722,0.09716568,0.12170299,0.084287986,0.11126921,0.012877695
1438,0.9769585,0.3904476,0.578922,0.41517296,0.39803654,-0.024725378
1439,0.77084374,0.3439759,0.45891985,0.32116705,0.3119239,0.02280885
1440,0.9107546,0.14477165,0.21670648,0.14583007,0.69404817,-0.0010584146
1441,0.9057218,0.28569132,0.4090116,0.27785653,0.49671018,0.007834792
1442,0.19910368,0.05877139,0.080344915,0.06009394,0.11875877,-0.0013225488
1443,1.0752182,0.17431566,0.27314472,0.20370093,0.8020735,-0.029385269
1444,0.038276423,0.010169873,0.018772524,0.00787707,0.019503899,0.0022928026
1445,1.3144143,0.31018117,0.51205,0.34331602,0.8023643,-0.033134848
1446,0.15082909,0.10903088,0.10916027,0.07712219,0.041668825,0.03190869
1447,0.026973262,-0.0008877079,0.017299369,0.012919687,0.009673893,-0.013807395
1448,0.060311865,0.03424809,0.050741024,0.030831601,0.009570841,0.0034164898
1449,0.97311646,0.23947082,0.3827067,0.26692647,0.59040976,-0.027455643
1450,0.08527024,0.084108755,0.0909904,0.0674953,-0.005720161,0.016613454
1451,0.11165425,0.041165058,0.052300155,0.03654727,0.059354097,0.004617788
1452,0.14278956,0.06635783,0.10252768,0.07328491,0.04026188,-0.0069270805
1453,0.021206995,0.062406577,0.030900424,0.014601676,-0.009693429,0.0478049
1454,1.122095,0.49268222,0.6385535,0.45961553,0.4835415,0.03306669
1455,0.06673085,0.02883841,0.043268327,0.016445419,0.023462523,0.01239299
1456,0.82742184,0.4015628,0.5014933,0.37983993,0.32592857,0.021722883
1457,0.03833519,0.16192584,0.0347566,0.030406931,0.0035785884,0.1315189
1458,1.3038697,0.42906582,0.56046176,0.38363367,0.74340796,0.04543215
1459,0.19256233,0.11430148,0.1578976,0.115960196,0.03466472,-0.0016587153
1460,0.20695926,0.095022306,0.10646389,0.078450516,0.100495376,0.01657179
1461,0.08810433,0.057258423,0.033361576,0.01608948,0.054742754,0.041168943
1462,0.8026686,0.2541405,0.3102625,0.2188242,0.49240607,0.035316303
1463,0.0026390436,0.109758236,0.024507385,0.014062867,-0.02186834,0.09569537
1464,1.0573903,0.41507208,0.5859577,0.41878128,0.47143263,-0.003709197
1465,1.1514407,0.44372067,0.61852837,0.4493579,0.5329124,-0.0056372285
1466,0.3241973,0.15817112,0.1282393,0.086922005,0.19595799,0.07124911
1467,0.46248582,0.27563548,0.30387044,0.21196511,0.15861538,0.06367037
1468,0.99071205,0.28838894,0.38971856,0.27538368,0.6009935,0.013005257
1469,1.1825248,0.3118912,0.31193122,0.23719239,0.87059355,0.074698806
1470,-0.023540111,0.1175841,0.014224023,0.007760988,-0.037764132,0.109823115
1471,0.1853393,0.017528998,0.099730745,0.059094884,0.08560856,-0.041565888
1472,1.0938545,0.38945287,0.5873185,0.37445223,0.50653607,0.015000641
1473,1.493373,0.49701846,0.7176449,0.48578033,0.77572817,0.011238128
1474,0.061324228,0.037179563,0.037171822,0.028338248,0.024152406,0.008841315
1475,0.020466933,-0.03475039,0.01706278,0.01086276,0.0034041535,-0.04561315
1476,0.09267369,0.043409936,0.062391866,0.04173527,0.030281823,0.001674667
1477,-0.046334293,0.13329571,0.0038443885,-0.00096641545,-0.05017868,0.13426213
1478,0.010002039,-0.063235044,0.019584412,0.0064074225,-0.009582372,-0.06964247
1479,-0.0031205167,0.01276746,0.0068825046,0.008164853,-0.010003021,0.0046026073
1480,0.9304295,0.2644212,0.35044006,0.24994926,0.57998943,0.014471933
1481,1.2534839,0.29551038,0.39706177,0.28294387,0.8564221,0.012566507
1482,0.25482613,0.066845775,0.14257284,0.092904896,0.11225329,-0.02605912
1483,0.24676244,0.17101935,0.13083926,0.10097071,0.11592318,0.07004864
1484,0.0027411643,0.06095428,0.014230204,0.01182792,-0.011489039,0.04912636
1485,0.039945327,0.0059683374,0.048054803,0.031521417,-0.008109476,-0.02555308
1486,0.11661217,0.050836187,0.098557234,0.06397413,0.01805494,-0.01313794
1487,1.3429509,0.5306495,0.7303026,0.51650274,0.61264837,0.014146745
1488,0.032312743,-0.0070385407,0.039828144,0.029515445,-0.0075154006,-0.036553986
1489,1.1954256,0.43015838,0.6962887,0.46741122,0.49913692,-0.037252843
1490,0.09033335,0.050213963,0.0559815,0.03888845,0.03435185,0.011325512
1491,0.040600326,0.14954308,0.02274972,0.020208208,0.017850606,0.12933487
1492,0.8957993,0.27558768,0.46102303,0.29263306,0.43477625,-0.017045379
1493,1.1528316,0.36222902,0.41603795,0.30030066,0.73679364,0.06192836
1494,0.20110047,0.14593512,0.14426777,0.09704815,0.0568327,0.04888697
1495,0.01990275,-0.011009721,0.030294802,0.018268611,-0.010392051,-0.029278332
1496,0.052978907,0.030039625,0.051688123,0.032232247,0.0012907833,-0.002192622
1497,0.5940941,0.2775626,0.41620892,0.26915738,0.17788517,0.008405209
1498,0.026612548,-0.013962662,0.019399777,0.015388782,0.007212771,-0.029351443
1499,1.1939481,0.4140499,0.57160234,0.39070296,0.6223458,0.02334693
1500,0.98146695,0.4202637,0.5635414,0.4197804,0.41792554,0.00048330426
1501,0.035194624,0.11367829,0.01959839,0.015923133,0.015596233,0.09775516
1502,0.123665005,0.0057305526,0.088859506,0.056489687,0.0348055,-0.050759137
1503,0.9334827,0.3599052,0.59614843,0.4103505,0.33733428,-0.05044529
1504,1.1114203,0.33530417,0.4325738,0.3090056,0.6788465,0.026298583
1505,1.3113734,0.4706645,0.8468318,0.50942683,0.46454155,-0.03876233
1506,1.0977597,0.5097688,0.6056662,0.4490508,0.4920935,0.06071797
1507,1.135805,0.091870725,0.19241428,0.12075206,0.9433907,-0.028881334
1508,0.21756104,0.20832221,0.20064266,0.16237517,0.016918376,0.045947045
1509,0.011698912,0.06753434,0.040841497,0.036791556,-0.029142585,0.030742787
1510,0.77731353,0.12661038,0.15745117,0.11461748,0.6198624,0.011992902
1511,1.3414189,0.5625847,0.79863274,0.5214092,0.5427861,0.041175485
1512,0.94533193,0.47167394,0.5885727,0.42062435,0.35675925,0.05104959
1513,0.213432,0.091491364,0.123365566,0.09578745,0.09006643,-0.0042960867
1514,0.7481269,0.25212932,0.42493954,0.2693867,0.32318738,-0.017257392
1515,0.23781516,0.15617763,0.16419342,0.10008128,0.073621735,0.056096345
1516,0.08404798,0.048725866,0.061771475,0.04507357,0.022276506,0.003652297
1517,0.87821037,0.37373486,0.4476889,0.3257794,0.43052146,0.047955453
1518,0.63543874,0.13898236,0.19188473,0.13505766,0.443554,0.0039246976
1519,0.25039893,0.07530756,0.1745033,0.10174982,0.07589564,-0.02644226
1520,0.25408387,0.16463718,0.21367376,0.14005402,0.040410116,0.02458316
1521,0.16735244,0.10043645,0.10353017,0.07000925,0.06382227,0.030427203
1522,0.52124524,0.17872748,0.23340735,0.15931058,0.2878379,0.019416898
1523,1.1455971,0.23449102,0.30233347,0.22308378,0.8432636,0.011407241
1524,0.048537508,0.023629881,0.028057825,0.02204534,0.020479683,0.001584541
1525,1.1694607,0.34615254,0.51444197,0.3411345,0.6550187,0.0050180554
1526,0.047372174,0.009079003,0.028101346,0.022128673,0.019270828,-0.0130496705
1527,1.460901,0.31735444,0.53077173,0.35711935,0.9301293,-0.03976491
1528,0.016761018,0.06949715,0.027661297,0.018797826,-0.0109002795,0.050699327
1529,1.0477338,0.40997833,0.56688845,0.38941395,0.48084533,0.020564377
1530,0.105996095,0.117376395,0.11922441,0.099073015,-0.013228312,0.01830338
1531,0.7114437,0.26277846,0.3441271,0.24803238,0.36731663,0.014746085
1532,0.16005848,0.069745675,0.09307174,0.06117622,0.06698675,0.008569453
1533,0.024739008,-0.022753684,0.013311748,0.008145214,0.01142726,-0.030898899
1534,1.7706645,0.2824317,0.38538325,0.31200424,1.3852812,-0.029572546
1535,0.05095915,0.03807404,0.035557874,0.0279814,0.015401278,0.010092638
1536,0.055286787,-0.025212431,0.035715632,0.019411933,0.019571155,-0.044624366
1537,0.05770409,0.061935224,0.018558497,0.016922224,0.039145596,0.045013
1538,0.08546884,0.03462825,0.042604186,0.031010156,0.042864658,0.0036180932
1539,0.016655141,0.01913526,0.003095097,0.005608355,0.013560045,0.013526903
1540,0.0327697,-0.013171098,0.03560939,0.01775995,-0.002839692,-0.030931048
1541,1.0434318,0.41261828,0.51347446,0.34568864,0.5299573,0.06692964
1542,0.1399076,0.028604737,0.080486774,0.048552528,0.059420824,-0.019947791
1543,0.15833874,0.09039153,0.09553027,0.058770515,0.06280847,0.031621017
1544,0.121710695,0.07832439,0.08265529,0.06954851,0.039055407,0.008775882
1545,0.13795727,0.06975081,0.08804283,0.06062044,0.049914442,0.00913037
1546,0.23071764,0.08629587,0.11900328,0.08779613,0.11171436,-0.0015002564
1547,0.8408267,0.34543383,0.44457188,0.32040522,0.3962548,0.025028616
1548,1.1390355,0.17843619,0.22827145,0.1911771,0.910764,-0.01274091
1549,1.0556837,0.40701118,0.5855343,0.41083995,0.47014946,-0.003828764
1550,1.2955912,0.5484769,0.714386,0.5124935,0.58120525,0.035983384
1551,1.0269157,0.48426902,0.62350863,0.4827288,0.40340704,0.0015402138
1552,0.9984018,0.3917045,0.48956424,0.37756288,0.5088376,0.014141619
1553,1.1195883,0.42347607,0.6039277,0.41581932,0.5156606,0.007656753
1554,1.1315567,0.4188325,0.5657419,0.43221492,0.56581485,-0.013382405
1555,0.17252204,0.1572839,0.09134119,0.073969804,0.08118085,0.0833141
1556,0.07228054,0.030744355,0.040815424,0.0281169,0.031465117,0.0026274547
1557,0.41480187,0.124901205,0.19048609,0.13838515,0.22431578,-0.013483942
1558,0.23364303,0.06306892,0.10916203,0.07932741,0.12448099,-0.016258493
1559,0.19980025,0.08860419,0.08263228,0.06383458,0.11716797,0.024769612
1560,1.1655017,0.14510608,0.33085692,0.227163,0.8346448,-0.082056925
1561,0.1377224,0.07562597,0.0692516,0.039224476,0.068470806,0.036401495
1562,-0.01655909,0.0030266978,0.008249575,0.010987225,-0.024808666,-0.007960527
1563,0.07130903,-0.0051440303,0.050825726,0.028028792,0.020483304,-0.033172823
1564,0.08181948,-0.014126422,0.04678883,0.03557854,0.03503065,-0.04970496
1565,0.04837359,0.042958908,0.03512141,0.027458644,0.01325218,0.015500264
1566,-0.00047089657,-0.06669893,0.018029017,0.008045582,-0.018499915,-0.074744515
1567,0.04523069,0.080474354,0.02305134,0.016155344,0.02217935,0.064319015
1568,0.016046776,-0.0079679545,0.027726268,0.022512045,-0.011679493,-0.03048
1569,0.95640105,0.47971013,0.6098949,0.4621702,0.34650618,0.017539918
1570,1.6447569,0.39173934,0.513554,0.32297555,1.1312029,0.06876379
1571,1.0065297,0.60049295,0.6970858,0.5176292,0.3094439,0.08286375
1572,0.90865207,0.38607097,0.5977171,0.38166174,0.31093496,0.004409224
1573,0.041421458,-0.0280804,0.029429069,0.013598764,0.011992389,-0.041679166
1574,0.13910426,0.06492381,0.103305206,0.0651197,0.035799056,-0.00019589067
1575,0.79627794,0.16537495,0.2733098,0.19095126,0.5229682,-0.025576308
1576,0.7705691,0.35281494,0.45753804,0.34071875,0.31303105,0.012096196
1577,0.0031238566,-0.0019248253,0.008299307,0.006886573,-0.0051754504,-0.008811398
1578,0.049872555,0.05900558,0.05690847,0.045182873,-0.007035915,0.013822708
1579,0.060427886,-0.003778331,0.052486192,0.032126218,0.007941693,-0.03590455
1580,0.8971156,0.3768053,0.5450512,0.35890523,0.35206437,0.01790008
1581,0.6861123,0.26758856,0.31086373,0.22235522,0.37524855,0.04523334
1582,1.0916133,0.4570525,0.55293584,0.40125856,0.53867745,0.05579394
1583,0.62767804,0.26137707,0.27918,0.19807927,0.34849805,0.06329779
1584,1.019525,0.2433486,0.30746874,0.21120897,0.7120563,0.03213963
1585,0.13664328,0.17976266,0.13764107,0.091928855,-0.0009977967,0.08783381
1586,0.7375857,0.2665572,0.36275735,0.25891533,0.37482837,0.007641852
1587,0.73280597,0.30292362,0.3892496,0.27587184,0.34355637,0.027051777
1588,0.80966574,0.2006825,0.28404266,0.18950091,0.5256231,0.011181593
1589,0.99820423,0.3083389,0.442842,0.30596521,0.5553622,0.0023736954
1590,0.2993498,0.14809048,0.16026783,0.112516835,0.13908198,0.035573646
1591,1.2549363,0.49509224,0.72958803,0.51223123,0.5253483,-0.017138988
1592,0.015487385,0.01366191,0.04506136,0.03326543,-0.029573977,-0.01960352
1593,0.21144396,0.14974745,0.07830416,0.056357253,0.1331398,0.0933902
1594,0.025571475,-0.04192413,0.020121673,0.01586022,0.0054498017,-0.05778435
1595,1.758053,0.7773598,0.92331237,0.7127346,0.8347406,0.0646252
1596,0.06113753,0.04257621,0.055672623,0.046087723,0.0054649077,-0.0035115145
1597,1.241531,0.43678916,0.5569431,0.39983907,0.6845879,0.03695008
1598,-0.011396064,-0.05448216,0.008613613,0.0030573881,-0.020009678,-0.057539545
1599,0.04930425,0.117185675,0.016603338,0.015274433,0.03270091,0.10191124
1600,0.9290641,0.32571766,0.4626411,0.3277896,0.466423,-0.0020719469
1601,1.0374092,0.46328032,0.5267581,0.38942888,0.5106511,0.07385144
1602,0.12798688,0.077430665,0.08536344,0.069265746,0.042623438,0.00816492
1603,0.11272013,0.053096436,0.076989815,0.053417765,0.035730317,-0.00032132864
1604,0.27151304,0.047653113,0.12047541,0.071202636,0.15103763,-0.023549523
1605,0.05626658,0.040019624,0.042675782,0.032624494,0.013590798,0.0073951297
1606,0.7531811,0.24077667,0.288898,0.20648272,0.4642831,0.03429395
1607,0.08507904,0.11498003,0.052679516,0.039064262,0.03239952,0.07591577
1608,0.6489277,0.1460957,0.2539274,0.18603984,0.39500028,-0.039944142
1609,1.3551866,0.2308841,0.40513283,0.26038513,0.95005375,-0.02950102
1610,0.10614896,0.003988122,0.05789433,0.040311974,0.048254628,-0.036323853
1611,0.70969045,0.25079,0.48895073,0.3063742,0.22073972,-0.055584192
1612,0.89412427,0.40009987,0.588524,0.40314707,0.3056003,-0.003047198
1613,0.17498538,0.050706383,0.12525174,0.07076166,0.04973364,-0.020055275
1614,0.01108715,0.053484716,0.018053865,0.012338323,-0.0069667147,0.041146394
1615,0.91843677,0.38697505,0.52099764,0.40531245,0.39743912,-0.018337399
1616,0.032333195,-0.029947978,0.024923619,0.015631583,0.0074095763,-0.04557956
1617,0.054013167,0.020858077,0.032598864,0.023200637,0.021414302,-0.0023425594
1618,0.8495204,0.34758875,0.41237718,0.31135994,0.4371432,0.036228806
1619,1.0593678,0.49770048,0.60277677,0.45614973,0.456591,0.041550756
1620,1.090303,0.5667185,0.67302394,0.47826928,0.417279,0.08844924
1621,1.1463168,0.57452786,0.8389883,0.5644413,0.30732846,0.010086536
1622,1.6656768,0.6194585,0.98014367,0.6757865,0.68553317,-0.056328
1623,1.3824425,0.42268535,0.45711142,0.24748309,0.92533106,0.17520227
1624,0.42657208,0.2331342,0.21569793,0.15597361,0.21087416,0.07716058
1625,1.055951,0.4563587,0.59629256,0.4141162,0.45965844,0.042242497
1626,1.3534976,0.34633517,0.62666726,0.3555202,0.72683036,-0.009185016
1627,0.3217245,0.1560459,0.17781825,0.11879693,0.14390625,0.03724897
1628,0.009403843,-0.06124158,0.0139771,0.0046854084,-0.0045732567,-0.065926984
1629,1.7006689,0.6581454,0.9972724,0.6372801,0.70339656,0.020865321
1630,0.22965078,0.05671323,0.11975411,0.07742039,0.10989667,-0.02070716
1631,0.18847333,0.16046286,0.12990646,0.09008967,0.05856687,0.070373185
1632,0.06542603,0.040596925,0.04590024,0.031956505,0.019525789,0.00864042
1633,0.08589905,0.015028875,0.077226795,0.051301945,0.008672252,-0.03627307
1634,0.95735025,0.36138853,0.6195029,0.36796257,0.33784735,-0.0065740347
1635,0.100633286,0.00560471,0.05674823,0.04822283,0.043885056,-0.04261812
1636,0.11425594,0.07088655,0.03857223,0.02510199,0.07568371,0.045784563
1637,1.2326295,0.2701319,0.31026813,0.23582634,0.9223614,0.034305543
1638,0.007143802,0.06834985,0.018031461,0.013590309,-0.010887659,0.054759543
1639,0.88833493,0.28666717,0.39773485,0.28689256,0.49060008,-0.00022539496
1640,0.79302675,0.3931602,0.49834204,0.35108423,0.2946847,0.04207596
1641,0.123691045,0.07332128,0.08689629,0.06817733,0.036794752,0.0051439553
1642,0.05056706,0.04337657,0.024251934,0.015756635,0.026315127,0.027619934
1643,0.032523617,0.06985083,0.02015776,0.015049666,0.012365857,0.054801166
1644,1.2703696,0.49003044,0.68653303,0.49035907,0.5838366,-0.0003286302
1645,0.8939399,0.36461994,0.46678266,0.33391356,0.42715725,0.030706376
1646,0.029013285,-0.030013273,0.027493456,0.013522903,0.001519829,-0.043536175
1647,0.2036808,0.04562283,0.09403809,0.063646965,0.10964271,-0.018024135
1648,0.05283309,0.17013894,0.06679077,0.041208405,-0.013957676,0.12893054
1649,0.058212575,-0.023015046,0.046346605,0.022028914,0.01186597,-0.04504396
1650,0.79765993,0.39617744,0.5273174,0.36274022,0.27034253,0.033437222
1651,0.053759217,0.021606166,0.024998736,0.01844557,0.028760482,0.003160596
1652,0.17871879,0.04578179,0.122268215,0.0758497,0.056450576,-0.030067906
1653,0.08962602,0.037040554,0.043679424,0.03778205,0.045946598,-0.0007414967
1654,1.0957527,0.30725965,0.50714445,0.35399488,0.58860826,-0.046735227
1655,0.027410308,-0.010507709,0.039703727,0.029581934,-0.012293419,-0.040089644
1656,0.029696671,-0.03556046,0.023657078,0.011921157,0.0060395934,-0.047481615
1657,0.104050905,0.014913448,0.054859363,0.03767533,0.049191542,-0.022761881
1658,0.044866785,-0.0249755,0.044307206,0.028663328,0.0005595796,-0.053638827
1659,0.079512514,0.008088987,0.052996702,0.026266713,0.026515812,-0.018177725
1660,0.9472733,0.28812224,0.35150772,0.26079077,0.5957656,0.027331471
1661,0.15476099,0.10992089,0.13713935,0.097146824,0.017621636,0.012774065
1662,0.17910488,0.018207276,0.049287204,0.038174726,0.12981768,-0.01996745
1663,0.893833,0.32980803,0.38159463,0.28421986,0.5122384,0.045588166
1664,1.3368355,0.24493322,0.40573364,0.30374205,0.93110186,-0.058808833
1665,0.09368504,0.055013224,0.059672646,0.043791827,0.034012392,0.011221398
1666,1.0911415,0.32865056,0.50536025,0.32975146,0.5857812,-0.0011008978
1667,1.1531602,0.39806116,0.58790547,0.41355234,0.56525475,-0.015491188
1668,0.78675014,0.41505468,0.58623374,0.41527444,0.2005164,-0.00021976233
1669,0.19540304,0.14498943,0.1365018,0.10793875,0.058901235,0.03705068
1670,0.24217336,0.073108,0.09729121,0.07223914,0.14488214,0.00086886436
1671,1.0618044,0.35500485,0.49766716,0.34693182,0.5641372,0.008073032
1672,0.104873255,0.036571722,0.035142466,0.03351543,0.06973079,0.0030562915
1673,0.77672356,0.23340696,0.269739,0.1995732,0.5069846,0.033833757
1674,0.9544789,0.28904876,0.35874552,0.26169094,0.5957334,0.027357817
1675,0.02300239,0.11342383,0.026351929,0.015909517,-0.003349539,0.09751432
1676,0.048255928,0.020129357,0.037956234,0.02449609,0.010299694,-0.004366733
1677,0.17874853,0.18238387,0.10422733,0.071592055,0.07452121,0.11079181
1678,0.25317028,0.112684,0.18053928,0.121889316,0.072631,-0.009205319
1679,0.05597838,0.0964745,0.030603778,0.01930011,0.025374603,0.07717439
1680,1.2006512,0.2531816,0.32847136,0.22526105,0.8721798,0.027920559
1681,-0.0061656223,-0.022324558,0.016232062,0.012716597,-0.022397684,-0.035041153
1682,0.071008936,0.08306659,0.03952051,0.026530176,0.031488426,0.056536414
1683,0.09045429,0.028729621,0.042076312,0.024532083,0.048377976,0.004197538
1684,1.1803279,0.3730105,0.5099002,0.36206558,0.6704277,0.010944903
1685,-0.0022089202,0.0030625733,0.04104972,0.020161524,-0.043258637,-0.017098952
1686,0.70493805,0.28984043,0.3940223,0.289457,0.31091577,0.00038343668
1687,0.045002114,0.03264915,0.026696498,0.024028301,0.018305616,0.008620847
1688,0.8837262,0.29245195,0.4137547,0.2732687,0.46997148,0.019183248
1689,0.47933218,0.25278983,0.24185102,0.18389504,0.23748116,0.06889479
1690,0.9850723,0.38908023,0.4943015,0.35941356,0.49077082,0.029666662
1691,1.1883317,0.38842586,0.5497476,0.3852594,0.63858414,0.003166467
1692,0.83274025,0.3635408,0.53796834,0.35754037,0.2947719,0.0060004294
1693,-0.039620668,0.11937338,0.0013625836,-0.002306192,-0.040983252,0.121679574
1694,0.029701093,0.06606348,0.02157359,0.020973286,0.008127503,0.04509019
1695,-0.020187387,0.14187162,0.028072342,0.012432895,-0.048259728,0.12943873
1696,0.7695299,0.26104194,0.35853416,0.25918058,0.41099572,0.0018613636
1697,1.1113422,0.5706689,0.71426785,0.53541285,0.39707434,0.03525603
1698,0.16072504,0.06740372,0.06650186,0.03748134,0.09422318,0.029922377
1699,0.10987318,0.046952028,0.06169684,0.039042708,0.048176344,0.00790932
1700,0.9230175,0.25901428,0.3275479,0.25575265,0.5954696,0.0032616258
1701,0.16368003,0.015438939,0.0966856,0.057504795,0.06699443,-0.042065855
1702,0.924364,0.12139969,0.1835591,0.13303927,0.74080485,-0.011639573
1703,0.030145511,-0.036611143,0.02691111,0.012217377,0.0032344013,-0.04882852
1704,-0.0017392868,-0.034442842,0.013880186,0.007815961,-0.015619473,-0.042258803
1705,0.06746966,0.008624751,0.06751001,0.034989145,-4.0352345e-05,-0.026364394
1706,0.12568419,0.011878686,0.05885166,0.036550798,0.06683253,-0.024672111
1707,0.18105312,0.096325405,0.12871864,0.0778762,0.052334473,0.018449202
1708,1.113431,0.2892992,0.43054637,0.30004007,0.6828846,-0.010740876
1709,0.3258047,0.17075706,0.19108596,0.15695842,0.13471875,0.013798639
1710,-0.018154442,0.09643259,0.010966135,0.0036332984,-0.029120577,0.09279929
1711,0.9233493,0.34905267,0.6413425,0.38431016,0.2820068,-0.03525749
1712,0.3117332,0.13471164,0.17712909,0.13504319,0.1346041,-0.00033155084
1713,-0.020713864,0.11578156,0.00790264,0.0013908547,-0.028616503,0.11439071
1714,0.19073498,0.081647135,0.0958163,0.079074994,0.09491868,0.0025721416
1715,0.055819284,0.044048116,0.02873632,0.023101123,0.027082965,0.020946993
1716,0.051509522,0.10367164,0.038383923,0.028205577,0.013125598,0.07546607
1717,0.94591206,0.25402266,0.4035093,0.24653354,0.54240274,0.007489115
1718,0.16376302,0.038107038,0.07865197,0.047240786,0.085111044,-0.009133749
1719,0.07644033,-0.020056687,0.050674558,0.024524847,0.02576577,-0.044581532
1720,0.836752,0.32432917,0.43020612,0.30478334,0.40654588,0.019545823
1721,0.13162938,0.051628955,0.071664594,0.054608267,0.059964783,-0.002979312
1722,0.8638077,0.18300317,0.2714179,0.20775394,0.5923898,-0.02475077
1723,0.03249177,0.07010831,0.047892235,0.032160543,-0.015400466,0.037947766
1724,-0.011759749,0.14902702,0.028331125,0.017089035,-0.040090874,0.13193798
1725,0.796514,0.3124047,0.44069928,0.30285364,0.3558147,0.009551048
1726,0.14169267,0.08844278,0.1560353,0.107743606,-0.014342636,-0.019300826
1727,0.6629917,0.22315931,0.37936962,0.23902193,0.2836221,-0.015862614
1728,0.8832496,0.19115762,0.28923056,0.22628215,0.59401906,-0.035124525
1729,1.4327513,0.4167069,0.48820454,0.34959322,0.94454676,0.06711367
1730,1.4143071,0.46262014,0.5865533,0.41783533,0.82775384,0.044784814
1731,-0.019439775,0.015712857,0.006739001,0.005863868,-0.026178777,0.00984899
1732,1.6410614,0.12869905,0.36560088,0.25266746,1.2754605,-0.12396841
1733,0.06287037,0.04687613,0.025457064,0.018797947,0.037413307,0.028078182
1734,0.62931305,0.19472982,0.28327483,0.19895126,0.34603822,-0.0042214394
1735,0.8950195,0.28099826,0.39175683,0.2650723,0.50326264,0.015925974
1736,0.90970916,0.22225446,0.32437205,0.22168204,0.5853371,0.0005724132
1737,1.5997001,0.3618612,0.595329,0.40959978,1.0043712,-0.047738582
1738,1.1123414,0.41409454,0.5167171,0.38604826,0.5956243,0.02804628
1739,0.01576654,0.021163017,0.011685833,0.004168392,0.004080707,0.016994625
1740,0.20894556,0.06392046,0.06554826,0.054695405,0.1433973,0.009225056
1741,0.030640187,0.019785665,0.029524054,0.01834236,0.0011161324,0.0014433041
1742,0.9582206,0.1876283,0.2980187,0.21633887,0.6602019,-0.028710574
1743,0.43784797,0.17538214,0.20584555,0.1650811,0.23200242,0.010301039
1744,0.67737025,0.29274446,0.3585852,0.27211305,0.31878504,0.020631403
1745,0.038116593,0.01728793,0.02265378,0.019156288,0.015462812,-0.0018683579
1746,0.9888323,0.4542241,0.6102481,0.4489346,0.3785842,0.005289495
1747,0.89880085,0.33126062,0.3782794,0.27723032,0.52052146,0.0540303
1748,-0.02978061,0.11142985,0.008149881,0.0026405044,-0.03793049,0.10878934
1749,0.74918234,0.30163136,0.39214852,0.27413264,0.35703382,0.027498722
1750,0.05300982,0.03486521,0.058789857,0.044514656,-0.0057800375,-0.009649444
1751,0.8799731,0.058422945,0.14824823,0.114826396,0.73172486,-0.05640345
1752,0.79518294,0.44272,0.56385446,0.4130376,0.23132849,0.029682398
1753,1.0849121,0.25273314,0.2874009,0.14802334,0.79751116,0.104709804
1754,0.1851253,0.077194534,0.1085219,0.06548061,0.076603405,0.011713922
1755,0.28600803,0.10627464,0.11111826,0.08349686,0.17488977,0.02277778
1756,0.14586355,0.02731877,0.0898931,0.0597891,0.055970445,-0.03247033
1757,0.7527932,0.25902885,0.4121437,0.26282343,0.3406495,-0.0037945807
1758,0.80757344,0.18452089,0.25296667,0.18340994,0.5546068,0.0011109412
1759,0.19582386,0.057951897,0.13219921,0.09041797,0.06362465,-0.032466076
1760,1.0493081,0.30566606,0.48023295,0.31806022,0.5690751,-0.01239416
1761,0.056910794,0.00055666716,0.030789355,0.022748739,0.02612144,-0.022192072
1762,0.9513231,0.45818487,0.6751763,0.4824171,0.27614677,-0.024232239
1763,-0.017851692,0.105810046,0.0024451755,0.0066660764,-0.020296868,0.09914397
1764,1.1647921,0.5862684,0.80718595,0.5846319,0.3576061,0.0016365051
1765,0.043443292,-0.005455376,0.043378033,0.031177055,6.5259635e-05,-0.03663243
1766,0.9779824,0.36488283,0.47605118,0.34309137,0.5019312,0.021791458
1767,1.0403901,0.36854896,0.50378525,0.391642,0.5366049,-0.023093045
1768,1.3000699,0.2974323,0.42582712,0.30209354,0.8742428,-0.0046612322
1769,-0.025597868,0.11936191,0.01796791,0.007827336,-0.04356578,0.11153457
1770,1.202309,0.3662628,0.44007024,0.33053654,0.76223874,0.03572625
1771,1.4781829,0.4127147,0.40291452,0.3206923,1.0752684,0.09202239
1772,-0.01864237,0.11672835,0.012646591,0.0046248464,-0.03128896,0.11210351
1773,0.25276184,0.21215312,0.22524121,0.16577041,0.027520627,0.04638271
1774,0.026187133,-0.0012524633,0.035961166,0.021197012,-0.009774033,-0.022449475
1775,1.1543154,0.37297913,0.5875555,0.41375607,0.5667598,-0.04077694
1776,0.9997802,0.38733083,0.5489301,0.38420415,0.45085007,0.0031266809
1777,1.2761829,0.28229207,0.3823001,0.2864543,0.89388275,-0.004162222
1778,0.2531587,0.16831064,0.1757758,0.13428566,0.07738289,0.034024984
1779,0.97202164,0.51328444,0.72443855,0.51468045,0.24758309,-0.0013960004
1780,0.037904255,0.014270117,0.035399653,0.020408198,0.002504602,-0.0061380817
1781,0.05110773,0.031196808,0.032866076,0.018073918,0.018241655,0.01312289
1782,0.73129874,0.1553523,0.23123758,0.173386,0.50006115,-0.018033698
1783,0.07942018,0.056208063,0.05068192,0.040135898,0.02873826,0.016072165
1784,1.1728021,0.29916605,0.5139556,0.32710934,0.6588465,-0.027943283
1785,0.037909657,0.13511603,0.020000976,0.01485995,0.017908681,0.120256074
1786,1.1633884,0.3575672,0.4961257,0.33726636,0.6672627,0.020300835
1787,0.09529718,0.060651213,0.061274223,0.045810394,0.034022957,0.014840819
1788,0.020831754,0.099867076,0.019197399,0.013916092,0.0016343556,0.085950986
1789,1.59989,0.62507665,0.87615967,0.5689103,0.7237303,0.05616635
1790,1.1667423,0.30476487,0.4450225,0.32270667,0.72171986,-0.017941803
1791,0.047396973,0.031531807,0.008544652,0.013153248,0.03885232,0.01837856
1792,0.91122496,0.27688044,0.3378269,0.2555645,0.57339805,0.021315932
1793,0.08339454,0.15156713,0.05519419,0.043592453,0.02820035,0.10797468
1794,0.2524246,0.15377001,0.13844332,0.10763085,0.11398128,0.046139166
1795,0.28940117,0.096607745,0.16310452,0.12448943,0.12629665,-0.027881682
1796,0.7952778,0.316326,0.4413362,0.29412884,0.35394156,0.022197157
1797,0.9011931,0.45802632,0.59717965,0.46538296,0.30401343,-0.0073566437
1798,0.009618085,0.12093485,0.031113375,0.022749033,-0.02149529,0.09818582
1799,0.028998468,0.03161033,0.015855338,0.014833106,0.01314313,0.016777223
1800,0.09580573,0.10986276,0.058122575,0.04329156,0.03768315,0.0665712
1801,0.15231355,0.046824887,0.10108378,0.07807569,0.051229768,-0.031250805
1802,0.893705,0.32202736,0.49572903,0.3183952,0.39797598,0.003632158
1803,0.1098589,0.05740985,0.06615065,0.050689857,0.04370825,0.0067199916
1804,0.91377807,0.32531434,0.47459903,0.329992,0.43917903,-0.0046776533
1805,0.0013138518,-0.030337656,0.023734253,0.017550983,-0.0224204,-0.047888637
1806,0.041527193,0.0223094,0.021516696,0.019210292,0.020010497,0.003099108
1807,1.2393754,0.37190872,0.4873116,0.35744733,0.75206375,0.014461398
1808,0.1658862,0.04387908,0.14344011,0.09428583,0.022446081,-0.05040675
1809,1.2932972,0.63419986,0.7537386,0.5324659,0.5395586,0.10173398
1810,0.8267873,0.109045394,0.19462888,0.11893866,0.6321584,-0.009893268
1811,0.25858083,0.11292785,0.120890334,0.08429297,0.1376905,0.028634876
1812,0.051241167,0.08327838,0.051289905,0.036805965,-4.8737973e-05,0.046472415
1813,0.8978914,0.26843295,0.29786545,0.21685927,0.60002595,0.05157368
1814,1.2936156,0.45785093,0.70490634,0.48849282,0.58870924,-0.030641884
1815,1.2965597,0.56585395,0.7462891,0.5288657,0.5502706,0.03698826
1816,1.1892263,0.34790823,0.5510707,0.37368995,0.6381556,-0.02578172
1817,0.045799892,0.03853968,0.031085288,0.023364902,0.014714604,0.01517478
1818,0.6838555,0.25086764,0.34438545,0.2518216,0.33947003,-0.00095397234
1819,0.13506879,0.03408382,0.0902252,0.067173444,0.04484359,-0.033089623
1820,0.10704455,0.048054356,0.05051766,0.034784157,0.05652689,0.013270199
1821,1.003051,0.48481208,0.64293045,0.45863098,0.3601206,0.026181102
1822,0.6131504,0.27086732,0.2623091,0.18660226,0.3508413,0.08426505
1823,0.06224157,0.06726319,0.04047124,0.02335711,0.021770328,0.043906085
1824,0.5536507,0.1511225,0.18458334,0.13237463,0.36906734,0.018747866
1825,1.2897462,0.41231707,0.56147665,0.38439354,0.7282695,0.027923524
1826,0.105831794,0.053520843,0.08491686,0.043119602,0.020914935,0.0104012415
1827,0.357014,0.13655424,0.19629917,0.11061269,0.16071483,0.02594155
1828,0.1634705,0.10906034,0.13551436,0.10734396,0.027956143,0.0017163828
1829,0.123351865,0.07692724,0.07651514,0.058538295,0.046836726,0.018388942
1830,0.035707846,-0.02439283,0.034353886,0.019259272,0.0013539605,-0.043652102
1831,0.52196336,0.31689855,0.29126224,0.21981041,0.23070112,0.09708814
1832,1.1210418,0.095999084,0.14416672,0.13189282,0.97687507,-0.03589373
1833,0.1243929,0.08027367,0.09199093,0.068950236,0.032401964,0.011323437
1834,0.079191595,0.009581796,0.053235997,0.038489446,0.025955599,-0.02890765
1835,0.036017556,0.074470565,0.02378181,0.021657003,0.012235746,0.05281356
1836,0.07389783,-0.019085249,0.056667227,0.03477689,0.017230604,-0.05386214
1837,1.2507907,0.5985819,0.77880496,0.565612,0.47198576,0.032969892
1838,1.1775388,0.3599414,0.57121116,0.40887135,0.6063276,-0.04892996
1839,0.07081122,-0.012778026,0.05956114,0.040946797,0.011250079,-0.05372482
1840,0.6914299,0.26234815,0.38212806,0.28342205,0.30930185,-0.021073908
1841,0.18827806,0.05348522,0.06492879,0.04686001,0.12334927,0.006625209
1842,1.3709713,0.6586415,0.7476257,0.5731192,0.6233456,0.085522294
1843,0.84347045,0.36862937,0.5090903,0.36024594,0.33438015,0.008383423
1844,0.13365579,0.13428757,0.074725986,0.054112155,0.0589298,0.080175415
1845,1.0155888,0.49214518,0.68212897,0.47965717,0.3334598,0.012488008
1846,0.24511905,0.073069885,0.08917911,0.06789206,0.15593994,0.0051778257
1847,0.48133972,0.13442783,0.2022403,0.13951942,0.2790994,-0.0050915927
1848,0.17243798,0.08432191,0.088756576,0.056875475,0.083681405,0.027446434
1849,-0.029317768,0.11028314,0.005849271,-0.0008644011,-0.03516704,0.11114754
1850,0.003046085,0.015091947,0.04128576,0.030371543,-0.038239677,-0.015279596
1851,1.306379,0.31026667,0.3859108,0.30352512,0.92046815,0.0067415535
1852,0.16107342,0.07270325,0.095636524,0.07453101,0.06543689,-0.0018277615
1853,0.05625757,0.077109404,0.06490435,0.049874526,-0.008646779,0.027234878
1854,0.0884525,0.14692953,0.06071822,0.042953663,0.027734283,0.10397587
1855,1.2339438,0.38928518,0.4323122,0.32642952,0.8016316,0.06285566
1856,0.055816043,-0.01905767,0.04994819,0.023326166,0.0058678538,-0.042383835
1857,0.0933105,0.08398146,0.059928395,0.04079878,0.033382103,0.043182682
1858,0.12908079,0.065860875,0.08563731,0.055516083,0.04344348,0.010344792
1859,0.87688965,0.27463397,0.39421567,0.30130383,0.48267397,-0.02666986
1860,0.2597707,0.07970099,0.097145215,0.0641224,0.16262548,0.01557859
1861,0.07672392,0.07794513,0.04964309,0.033795636,0.027080826,0.044149492
1862,0.87855905,0.18728596,0.2081553,0.16027728,0.6704037,0.027008682
1863,0.92758566,0.47232965,0.6657866,0.45302787,0.26179904,0.019301772
1864,0.17346963,0.08412341,0.116394535,0.084093,0.0570751,3.041327e-05
1865,0.061925784,0.043588996,0.051883645,0.03063094,0.010042138,0.012958055
1866,0.047048576,0.05189735,0.021387395,0.016660135,0.025661182,0.035237215
1867,0.12473372,0.05855735,0.07416548,0.043412372,0.050568245,0.015144978
1868,0.894293,0.28541774,0.37952113,0.29927316,0.5147719,-0.0138554275
1869,0.20835611,0.10551104,0.09245513,0.07560931,0.115900986,0.029901728
1870,0.021428647,-0.055687793,0.027501374,0.015887618,-0.006072728,-0.07157541
1871,0.1597097,0.04492642,0.0797198,0.044178862,0.07998991,0.00074755773
1872,0.08063075,0.035531003,0.035509482,0.030582186,0.045121267,0.004948817
1873,1.0037129,0.27797028,0.39155692,0.2818284,0.612156,-0.0038581192
1874,0.40112898,0.085219994,0.10086086,0.07429052,0.3002681,0.010929473
1875,1.0359414,0.30131742,0.3470231,0.2750026,0.68891823,0.026314825
1876,1.0030253,0.16488887,0.33107466,0.22901294,0.67195064,-0.06412406
1877,0.0087245945,0.03219815,0.007934896,0.008534829,0.0007896982,0.02366332
1878,0.2279781,0.0198821,0.07409316,0.041781265,0.15388493,-0.021899166
1879,0.3265426,0.20889981,0.25290424,0.19920766,0.07363835,0.009692147
1880,0.040223934,0.09057283,0.04891371,0.016062433,-0.008689776,0.074510396
1881,0.84819025,0.3350624,0.42900506,0.3188274,0.4191852,0.016235024
1882,0.078890055,0.019730724,0.054866213,0.03821419,0.024023842,-0.018483467
1883,0.030034654,0.05309594,0.01744865,0.013915181,0.012586003,0.03918076
1884,1.1803126,0.52236915,0.68533325,0.5034865,0.49497938,0.018882632
1885,0.07340774,-0.025871515,0.048998423,0.03156712,0.024409316,-0.057438634
1886,0.24388318,0.11683874,0.10848006,0.091571316,0.13540313,0.025267422
1887,0.18286057,0.10381866,0.110013105,0.08612595,0.07284746,0.017692715
1888,0.25568855,0.12604403,0.16975228,0.1234203,0.08593626,0.0026237369
1889,0.056409147,0.04367686,0.028036889,0.017459514,0.028372258,0.026217347
1890,0.056307618,0.019179279,0.008301659,0.008993139,0.04800596,0.01018614
1891,0.026752194,0.122390985,0.011633567,0.009381717,0.015118628,0.11300927
1892,-0.0004053048,0.12908402,0.02849478,0.015357715,-0.028900085,0.1137263
1893,1.0735745,0.41816428,0.48853803,0.36632615,0.5850365,0.05183813
1894,0.03944234,0.012683441,0.022975704,0.01952942,0.016466638,-0.00684598
1895,0.6396993,0.1354904,0.18052855,0.13251555,0.45917073,0.002974853
1896,0.6935623,0.23281708,0.29994166,0.20623522,0.39362067,0.026581869
1897,0.07823751,0.04313724,0.03245703,0.016611928,0.04578048,0.026525313
1898,1.8694956,0.63298064,1.0409709,0.68785924,0.8285247,-0.054878592
1899,0.18359196,0.07353303,0.0812188,0.059609722,0.10237316,0.013923306
1900,0.64009565,0.17675905,0.26348156,0.18589345,0.3766141,-0.009134397
1901,1.185896,0.49647117,0.6153767,0.46058598,0.5705193,0.035885185
1902,0.075893275,0.05405297,0.057742827,0.04125048,0.018150449,0.012802493
1903,1.1093432,0.43065682,0.6376334,0.4086761,0.4717098,0.021980733
1904,1.1235265,0.29058313,0.43734273,0.27107674,0.6861837,0.019506395
1905,1.099139,0.16745836,0.32711014,0.21477666,0.7720288,-0.04731831
1906,0.0396334,0.03146282,0.015330657,0.010093326,0.024302743,0.021369493
1907,0.26858574,0.05168912,0.113508426,0.080201015,0.15507731,-0.028511897
1908,0.8643966,0.2748652,0.3572846,0.24649473,0.50711197,0.028370485
1909,0.020472791,-0.030913532,0.016430724,0.010920174,0.0040420666,-0.041833706
1910,0.015686546,0.042697772,0.019775536,0.016719267,-0.0040889904,0.025978506
1911,0.87578595,0.26250738,0.29703373,0.19599351,0.5787522,0.066513866
1912,0.055170488,0.054436013,0.02795341,0.026791722,0.027217077,0.027644292
1913,0.07329415,0.04300612,0.048193388,0.022305671,0.02510076,0.020700447
1914,0.91985637,0.27843463,0.3386715,0.2512943,0.58118486,0.02714032
1915,0.028337494,-0.032581147,0.021442253,0.013714539,0.0068952404,-0.046295688
1916,0.052394584,0.13417047,0.049160536,0.036612295,0.0032340474,0.09755818
1917,1.1447204,0.32202223,0.6315691,0.37351012,0.51315135,-0.051487893
1918,0.04789188,0.023362653,0.0227522,0.018273946,0.025139682,0.0050887074
1919,0.7776312,0.2515681,0.35366538,0.24283662,0.42396584,0.008731484
1920,0.017954417,0.004408606,0.030441636,0.024685528,-0.01248722,-0.020276923
1921,1.0560628,0.25490636,0.42383927,0.26640743,0.63222355,-0.011501074
1922,0.05528163,0.04637911,0.032636814,0.029521888,0.022644818,0.016857224
1923,1.2781357,0.30567324,0.33234707,0.23414078,0.9457886,0.07153246
1924,0.10142938,0.050861392,0.055661224,0.040718257,0.045768157,0.010143135
1925,0.0023846847,0.00510162,0.035643596,0.032825608,-0.03325891,-0.027723987
1926,1.0445912,0.43770346,0.64777243,0.41841426,0.39681876,0.019289196
1927,1.0438454,0.4203702,0.5823543,0.3956244,0.4614911,0.024745792
1928,0.047308363,0.050586946,0.05837036,0.03288127,-0.011061996,0.017705675
1929,1.0643308,0.20725165,0.2880784,0.21035004,0.7762524,-0.0030983835
1930,0.66900253,0.29559043,0.4583703,0.31534025,0.21063223,-0.01974982
1931,1.137925,0.4796034,0.6286124,0.47276074,0.5093126,0.006842673
1932,0.020791017,0.1567074,0.047287665,0.029573392,-0.026496649,0.12713401
1933,0.66979736,0.35599545,0.4805008,0.356508,0.18929657,-0.00051254034
1934,0.20251642,0.08844535,0.10403273,0.07388165,0.09848369,0.014563702
1935,0.89584786,0.34581962,0.5790919,0.3715621,0.31675595,-0.025742471
1936,0.021626016,0.009939468,0.013364369,0.008151186,0.008261647,0.0017882818
1937,0.16588885,0.1343583,0.10058896,0.07703863,0.06529988,0.05731967
1938,0.13839151,0.004401638,0.08400618,0.0615614,0.054385327,-0.05715976
1939,0.24151549,0.04740845,0.13380007,0.08953213,0.10771541,-0.04212368
1940,1.0917553,0.45435148,0.5906755,0.40998688,0.5010798,0.0443646
1941,0.017021222,0.08751189,0.03007437,0.02064864,-0.013053147,0.06686325
1942,1.2685503,0.54159427,0.7119106,0.52138793,0.5566397,0.020206332
1943,0.9984175,0.40041792,0.572073,0.3861553,0.4263445,0.014262617
1944,0.78091145,0.42561716,0.44226652,0.31254858,0.33864492,0.11306858
1945,0.18370311,0.11000936,0.13330674,0.1020775,0.050396368,0.007931858
1946,0.056658544,0.0051047904,0.0127764065,0.009875209,0.04388214,-0.0047704186
1947,0.020116037,0.03738151,0.024035323,0.019608814,-0.0039192867,0.017772697
1948,0.8218293,0.32403946,0.4575222,0.32764176,0.3643071,-0.003602296
1949,0.8115191,0.28472695,0.38704407,0.28742272,0.424475,-0.002695769
1950,0.22434928,0.08818293,0.13748944,0.10755722,0.08685984,-0.019374289
1951,0.012958269,-0.055781435,0.016352396,0.007241306,-0.0033941278,-0.06302274
1952,-0.024861388,0.11850358,0.01184758,0.005608584,-0.036708966,0.112895
1953,0.16042201,0.086236596,0.11092459,0.087526426,0.049497426,-0.0012898296
1954,0.9818681,0.23483044,0.40303373,0.29268342,0.57883435,-0.057852983
1955,0.9417333,0.25551355,0.32300028,0.24013042,0.61873305,0.015383124
1956,0.87662154,0.3988524,0.5227839,0.39070386,0.35383767,0.008148551
1957,0.56446534,0.29216474,0.34169188,0.23559406,0.22277346,0.05657068
1958,0.9889306,0.34910235,0.4823627,0.3394162,0.5065679,0.009686142
1959,0.103137486,0.008953466,0.054220766,0.035045337,0.04891672,-0.02609187
1960,1.1005565,0.4752328,0.6577115,0.4576091,0.442845,0.017623723
1961,-0.023800785,0.20160681,0.012715995,0.010177003,-0.03651678,0.19142981
1962,0.104307175,0.052321393,0.05357886,0.044619936,0.050728314,0.0077014565
1963,-0.021011887,-0.0011692462,0.0070577404,0.006575854,-0.028069627,-0.0077451
1964,1.0491227,0.3623282,0.5242565,0.3922953,0.52486616,-0.0299671
1965,0.562471,0.23373045,0.25797024,0.18510823,0.30450073,0.04862222
1966,1.2022771,0.5164705,0.709061,0.52221185,0.49321604,-0.005741358
1967,0.09155936,0.018611368,0.04503885,0.039942585,0.04652051,-0.021331217
1968,0.13584171,0.10566796,0.08792481,0.067415476,0.047916904,0.038252488
1969,1.2183713,0.3496813,0.48361093,0.34280866,0.73476034,0.006872624
1970,0.9567452,0.45651296,0.6197761,0.43942517,0.33696908,0.017087787
1971,0.18013625,0.078092285,0.12555479,0.08787001,0.054581463,-0.009777725
1972,0.07421205,0.14112356,0.058108605,0.040813487,0.016103446,0.10031007
1973,1.4301963,0.5809436,0.7029749,0.49151167,0.72722137,0.08943191
1974,0.009100078,0.13538253,0.046861283,0.03105096,-0.037761204,0.104331575
1975,0.3681924,0.21312915,0.27461234,0.22560379,0.09358007,-0.012474641
1976,0.7988033,0.30755043,0.41421264,0.29103437,0.3845907,0.01651606
1977,1.4247161,0.15249115,0.25121516,0.19135031,1.173501,-0.03885916
1978,1.1606503,0.3005691,0.44331217,0.30952463,0.7173381,-0.008955538
1979,0.90875864,0.36759868,0.5650245,0.37865308,0.34373415,-0.011054397
1980,0.010971975,-0.0179269,0.008393872,0.00777734,0.002578103,-0.025704239
1981,0.23202643,0.041024346,0.11327618,0.063375935,0.118750244,-0.022351589
1982,0.9512781,0.28872433,0.37564752,0.2844525,0.57563055,0.004271835
1983,0.04376476,0.037180893,0.02529336,0.010342261,0.0184714,0.026838632
1984,1.1501073,0.41890985,0.54458725,0.40788183,0.60552,0.011028022
1985,0.9265572,0.3223849,0.3867133,0.24010737,0.5398439,0.08227752
1986,1.1624172,0.32567796,0.5082794,0.3169902,0.6541378,0.008687764
1987,1.3244653,0.51403385,0.64825624,0.42860812,0.67620903,0.085425735
1988,1.0209663,0.3097163,0.39788848,0.260753,0.6230778,0.04896331
1989,-0.039937623,0.14969705,0.018966198,0.010954213,-0.05890382,0.13874283
1990,0.9181558,0.35119206,0.5156075,0.33796233,0.4025483,0.013229728
1991,0.9973068,0.38670388,0.6281841,0.40126127,0.36912274,-0.014557391
1992,1.2437613,0.4469602,0.6487452,0.41891226,0.5950161,0.02804795
1993,0.80228466,0.37353283,0.5181793,0.37627828,0.28410536,-0.0027454495
1994,0.067611344,0.014231499,0.06868827,0.042855594,-0.0010769293,-0.028624095
1995,0.0948235,0.06326665,0.07092888,0.049411554,0.023894623,0.013855096
1996,1.2383219,0.3891146,0.52745724,0.35588935,0.71086466,0.03322524
1997,0.81985825,0.18617216,0.26765507,0.19419378,0.5522032,-0.008021623
1998,0.059216093,0.053473745,0.053757347,0.04472708,0.005458746,0.008746665
1999,0.010993716,0.15823965,0.010873621,0.008029382,0.00012009498,0.15021026
2000,0.991634,0.28195763,0.39362365,0.23273548,0.59801036,0.04922214
2001,0.22994591,0.07260774,0.08849841,0.061433863,0.1414475,0.011173878
2002,0.09992561,0.14137064,0.04004676,0.032328904,0.05987885,0.109041736
2003,0.045183454,0.036578335,0.025331786,0.025271868,0.019851668,0.011306467
2004,1.3375391,0.63406086,0.80840266,0.589867,0.5291364,0.044193864
2005,0.035224427,0.105155066,0.043655716,0.029420834,-0.008431289,0.07573423
2006,1.2030123,0.3006552,0.39758998,0.2790669,0.80542237,0.021588296
2007,0.1582478,0.051775746,0.08890198,0.054965965,0.06934582,-0.0031902194
2008,1.140437,0.47873777,0.61444676,0.43261465,0.52599025,0.046123117
2009,0.081447154,0.043495476,0.04210745,0.040681474,0.039339703,0.0028140023
2010,0.048694212,-0.0009947246,0.04761767,0.028012764,0.0010765418,-0.029007489
2011,1.0346023,0.45038775,0.65627664,0.4645771,0.37832564,-0.0141893625
2012,0.9205898,0.28713357,0.42529017,0.28474283,0.49529964,0.0023907423
2013,1.3817996,0.43850344,0.6251461,0.41939545,0.7566535,0.019107997
2014,0.025730267,0.051974144,0.028344933,0.01989131,-0.0026146658,0.032082833
2015,0.12871999,0.0057181036,0.080015026,0.049348693,0.04870496,-0.04363059
2016,0.045526087,0.024192154,0.02192555,0.019693691,0.023600537,0.004498463
2017,1.3173419,0.2984479,0.5372502,0.34661317,0.7800917,-0.04816526
2018,1.3141662,0.40370038,0.62243336,0.4117437,0.6917328,-0.008043319
2019,0.052594267,-0.01512986,0.06357558,0.03946199,-0.010981314,-0.05459185
2020,0.11891636,0.050001916,0.08131445,0.061365962,0.03760191,-0.0113640465
2021,1.0641435,0.44501725,0.6643811,0.43041468,0.39976245,0.014602572
2022,0.9460409,0.49287504,0.61326754,0.45599884,0.3327734,0.0368762
2023,0.22503608,0.100459516,0.13138616,0.08694955,0.093649924,0.013509966
2024,-0.016238134,0.005942963,0.030549577,0.022262957,-0.04678771,-0.016319994
2025,1.0272154,0.3142836,0.39390928,0.2828541,0.6333061,0.0314295
2026,0.8341112,0.51363426,0.61378515,0.4497901,0.22032607,0.063844174
2027,-0.022400174,0.0017574383,0.020659218,0.01480892,-0.043059394,-0.013051482
2028,1.0667099,0.30439627,0.39722568,0.28908435,0.6694842,0.015311927
2029,0.15227132,0.022303093,0.11422577,0.063591324,0.038045548,-0.04128823
2030,1.1939942,0.5034355,0.7414543,0.4918542,0.45253986,0.011581302
2031,0.14231761,0.05153511,0.06553209,0.046158813,0.07678552,0.005376298
2032,1.0738862,0.3597188,0.54340553,0.3713389,0.5304806,-0.011620104
2033,0.9079044,0.3614467,0.47628912,0.35883886,0.43161526,0.0026078522
2034,0.06879441,0.06596239,0.040022798,0.030125469,0.028771609,0.03583692
2035,1.2175215,0.5164734,0.65595174,0.5052179,0.5615698,0.011255503
2036,1.0286589,0.46125084,0.5825027,0.419635,0.44615614,0.041615844
2037,0.07979359,0.019412093,0.031062052,0.01609447,0.048731536,0.0033176225
2038,1.4780549,0.2954347,0.45111346,0.33123598,1.0269414,-0.03580126
2039,1.3875586,0.71535623,0.9509794,0.6692629,0.43657917,0.046093345
2040,0.9730022,0.27180192,0.3923888,0.2839653,0.5806134,-0.012163371
2041,0.2207943,0.08469575,0.040426392,0.028676346,0.18036792,0.056019403
2042,1.147236,0.2764931,0.417662,0.29367056,0.72957397,-0.017177463
2043,0.9794735,0.2854689,0.3235546,0.2521633,0.65591884,0.033305615
2044,0.039167266,-0.028795749,0.034209523,0.014272099,0.004957743,-0.04306785
2045,0.047841534,0.12244019,0.047708265,0.032330018,0.00013326854,0.09011017
2046,1.0913119,0.6799571,0.89429206,0.6078736,0.19701988,0.07208347
2047,0.12574989,0.08919547,0.090055,0.065652415,0.03569489,0.023543052
2048,0.32368204,0.17917117,0.22375509,0.15469754,0.09992695,0.024473637
2049,1.3411417,0.4056158,0.64273006,0.36883888,0.69841164,0.03677693
2050,0.057075776,0.05939699,0.03984064,0.03221023,0.017235138,0.027186759
2051,0.18876651,0.0839055,0.06399982,0.040337894,0.12476669,0.04356761
2052,0.060853172,0.04268091,0.024885923,0.023730543,0.03596725,0.01895037
2053,0.2347104,0.07488677,0.18508583,0.13388178,0.049624562,-0.05899501
2054,0.3466713,0.17924888,0.23366532,0.17521223,0.113005996,0.00403665
2055,0.2276004,0.09363694,0.09857968,0.0695432,0.12902072,0.02409374
2056,0.06284757,0.07740714,0.05030138,0.034995683,0.012546189,0.042411454
2057,0.058734313,-0.024665779,0.030090112,0.024658773,0.0286442,-0.04932455
2058,1.2663351,0.7141362,0.89986074,0.66664666,0.3664744,0.047489524
2059,0.21821997,0.22107369,0.20744212,0.1374937,0.010777846,0.08357999
2060,1.21473,0.42642096,0.63503057,0.4262631,0.57969946,0.0001578629
2061,0.062324554,-0.01682199,0.03719631,0.016100869,0.025128245,-0.032922857
2062,1.2405604,0.38611317,0.45729503,0.35260224,0.78326535,0.033510923
2063,0.091690786,0.011480839,0.045380928,0.025791105,0.04630986,-0.014310266
2064,0.11207197,0.035517257,0.036910065,0.030030742,0.075161904,0.0054865144
2065,0.043521885,0.009181889,0.041751325,0.032529302,0.0017705597,-0.023347413
2066,0.09270546,0.03759297,0.05557877,0.04114605,0.03712669,-0.0035530813
2067,0.9890974,0.21875344,0.22576897,0.16103798,0.76332843,0.05771546
2068,1.1047331,0.45682043,0.6376663,0.45887336,0.46706682,-0.002052933
2069,0.99659306,0.44520026,0.6096236,0.43913203,0.38696945,0.0060682297
2070,0.35637635,0.12043143,0.16026406,0.117721185,0.19611229,0.0027102455
2071,0.05915726,0.05780997,0.03222003,0.02453119,0.026937231,0.033278782
2072,-0.018266633,0.018405631,0.005603363,0.0036311646,-0.023869995,0.014774467
2073,0.09869383,0.079187125,0.08030479,0.054535042,0.018389046,0.024652082
2074,0.88985085,0.3105457,0.39312214,0.29069203,0.49672872,0.019853681
2075,0.44062474,0.12944949,0.19616914,0.13318455,0.2444556,-0.0037350655
2076,0.18319598,0.023663592,0.06354209,0.046796,0.11965389,-0.02313241
2077,0.7725815,0.2736494,0.32244474,0.23768954,0.45013678,0.035959855
2078,0.8346257,0.24027623,0.30821556,0.20065546,0.52641016,0.039620772
2079,1.5955765,0.5367385,0.71635514,0.5093146,0.8792214,0.027423918
2080,0.91820776,0.36611128,0.44895715,0.3396015,0.46925062,0.026509792
2081,0.14584552,0.12304071,0.10237031,0.086850725,0.04347521,0.03618999
2082,0.05962583,0.03802211,0.038479723,0.030779224,0.021146107,0.0072428845
2083,0.8460835,0.18135825,0.2596694,0.20346904,0.5864141,-0.02211079
2084,0.13686915,0.08179079,0.06484459,0.050272156,0.072024554,0.031518634
2085,0.1535539,0.034463126,0.07129847,0.038423944,0.08225543,-0.003960818
2086,1.1753993,0.5228494,0.55829483,0.4314159,0.6171045,0.091433495
2087,0.8501685,0.3399836,0.4204991,0.31072757,0.42966944,0.029256046
2088,0.5486976,0.23554006,0.29304782,0.2188755,0.25564978,0.016664565
2089,1.4824245,0.51834667,0.72514194,0.49495396,0.75728256,0.023392707
2090,0.82982635,0.33316192,0.40353107,0.27908355,0.42629528,0.05407837
2091,0.08015772,0.05260804,0.050874166,0.039754152,0.029283553,0.012853887
2092,0.06941325,0.10404252,0.048043005,0.032803584,0.021370247,0.071238935
2093,0.8350207,0.42858583,0.53297865,0.38713217,0.30204207,0.04145366
2094,1.1408097,0.25987458,0.2969491,0.22809336,0.84386057,0.031781226
2095,-0.04140409,-0.054209646,0.01452035,0.010234741,-0.05592444,-0.064444385
2096,0.10157149,0.005116983,0.07021062,0.04748563,0.031360872,-0.042368647
2097,1.1768913,0.41660318,0.622413,0.42123502,0.55447835,-0.004631847
2098,0.02031017,0.12835926,0.0118593965,0.0099000735,0.008450773,0.11845919
2099,0.1260341,0.013279385,0.054094244,0.035460528,0.071939856,-0.022181142
2100,1.1413805,0.40636325,0.5805815,0.4087184,0.56079906,-0.0023551583
2101,0.9436103,0.3631347,0.44910702,0.3473443,0.4945033,0.015790403
2102,0.054816615,0.08900576,0.03379004,0.02953195,0.021026574,0.059473813
2103,1.0632807,0.61576986,0.82998925,0.6252392,0.23329145,-0.00946933
2104,0.1184185,0.1469874,0.049145266,0.039832287,0.06927323,0.10715511
2105,0.08058181,0.030761592,0.03149169,0.022168435,0.049090117,0.008593157
2106,0.104415834,0.12967381,0.05227437,0.040780716,0.052141465,0.08889309
2107,0.94149095,0.39612666,0.5758928,0.40319848,0.36559814,-0.007071823
2108,1.728367,0.79995966,1.1119554,0.75943077,0.61641157,0.040528893
2109,0.87526506,0.22981606,0.31105104,0.23239899,0.564214,-0.0025829226
2110,0.15230027,0.060947422,0.058881342,0.04968074,0.093418926,0.011266682
2111,1.0553284,0.40564904,0.56167406,0.3887716,0.4936543,0.016877443
2112,0.04585574,-0.017139113,0.025545537,0.020046616,0.0203102,-0.03718573
2113,0.9208621,0.34642017,0.47302014,0.32158563,0.44784194,0.024834543
2114,1.0403062,0.37885174,0.4792615,0.3263009,0.5610447,0.052550852
2115,1.2103678,0.61695474,0.716887,0.55045784,0.4934808,0.06649691
2116,0.14114358,0.057419185,0.0885991,0.06526158,0.052544475,-0.007842395
2117,0.08464575,0.05304376,0.04656545,0.03776648,0.038080297,0.015277281
2118,1.2305888,0.43503174,0.5608467,0.36834288,0.6697421,0.066688865
2119,1.0844576,0.447234,0.6313612,0.44415855,0.45309645,0.0030754507
2120,1.0497429,0.3651438,0.48972645,0.3630612,0.5600165,0.002082616
2121,0.12052734,0.069730684,0.06069926,0.041598253,0.05982808,0.028132431
2122,1.1839998,0.5165805,0.7788425,0.5277786,0.40515727,-0.011198103
2123,0.011190479,0.12737176,0.022195324,0.011807894,-0.011004846,0.11556386
2124,0.9388028,0.34843996,0.4238499,0.3249681,0.5149529,0.023471862
2125,0.10033149,0.17319271,0.08530348,0.06470171,0.015028015,0.108490996
2126,1.3047234,0.3742902,0.5490536,0.3779409,0.7556698,-0.003650695
2127,1.0024011,0.28467083,0.38139227,0.29967022,0.6210089,-0.01499939
2128,1.0859352,0.30267477,0.48533234,0.3273994,0.60060287,-0.024724633
2129,0.0455087,0.022063486,0.027373794,0.022896137,0.018134907,-0.0008326508
2130,1.0877497,0.4993114,0.65487915,0.49141112,0.43287057,0.007900268
2131,1.5247514,0.28061458,0.4405436,0.31355116,1.0842078,-0.032936573
2132,0.11163087,0.07337428,0.082746975,0.06491709,0.028883897,0.008457191
2133,1.0808213,0.37031612,0.51246154,0.36813012,0.56835973,0.0021860003
2134,1.4626307,0.9113775,1.2264277,0.89953965,0.23620307,0.01183784
2135,1.3944744,0.58874553,0.7270704,0.5114067,0.667404,0.077338815
2136,1.1591929,0.59266204,0.7692291,0.5731875,0.3899638,0.019474566
2137,0.028604042,0.046284158,0.029123832,0.022754988,-0.00051978976,0.02352917
2138,0.22596866,0.10862396,0.11360872,0.09014246,0.11235994,0.0184815
2139,0.044590674,0.07390807,0.045844514,0.0304447,-0.0012538396,0.043463368
2140,0.79772234,0.227156,0.288947,0.22390833,0.50877535,0.0032476634
2141,0.1447995,0.10508459,0.079287805,0.057228815,0.065511696,0.047855776
2142,0.005419956,0.23089942,0.021647185,0.016398493,-0.016227229,0.21450093
2143,0.11455748,0.07852648,0.08259616,0.06236122,0.03196132,0.01616526
2144,0.2718592,0.144085,0.19374287,0.119313374,0.07811633,0.02477163
2145,1.1652995,0.51419437,0.61978394,0.46018204,0.5455156,0.05401233
2146,0.09163741,0.10876534,0.044204354,0.022546569,0.047433056,0.086218774
2147,-0.004608007,-0.041627355,0.011320354,0.00647316,-0.015928362,-0.048100516
2148,0.021444935,-0.029882709,0.031493608,0.01302592,-0.010048673,-0.042908628
2149,1.0878459,0.37246263,0.51212865,0.36728907,0.5757173,0.005173564
2150,0.2331543,0.048707195,0.19162697,0.10838659,0.04152733,-0.059679396
2151,1.3048992,0.6166825,0.96573895,0.6256887,0.33916026,-0.009006143
2152,0.11117496,0.13092619,0.03783249,0.032216325,0.07334247,0.09870987
2153,0.012813138,0.119251564,0.00862777,0.00997855,0.0041853683,0.10927302
2154,0.7031024,0.29541326,0.38897216,0.2846555,0.31413025,0.010757744
2155,0.06942358,0.035092816,0.04431751,0.04164317,0.025106069,-0.006550353
2156,0.98425716,0.24715763,0.39316836,0.26042968,0.5910888,-0.013272047
2157,0.1373744,0.035224926,0.07297338,0.05352066,0.06440102,-0.018295735
2158,0.053096093,-0.047589324,0.028133377,0.014869121,0.024962716,-0.062458444
2159,0.11213981,0.0659969,0.07263644,0.05333249,0.039503373,0.012664411
2160,-0.019934366,0.21356757,0.023117619,0.0114689125,-0.043051984,0.20209865
2161,0.015742144,0.031830836,0.0277147,0.019239385,-0.011972556,0.012591451
2162,0.21103132,0.17068198,0.15598337,0.09237082,0.055047944,0.07831116
2163,0.7815853,0.39121005,0.45152086,0.34230956,0.33006442,0.048900485
2164,0.030278217,0.035256725,0.020758813,0.01941872,0.009519404,0.015838005
2165,0.6624398,0.17802319,0.28757337,0.22036359,0.37486646,-0.042340398
2166,0.065541044,0.032156087,0.04246322,0.032304727,0.023077823,-0.00014863908
2167,0.01229282,0.033923578,0.018858377,0.016312886,-0.006565557,0.017610691
2168,-0.009241206,0.13516614,0.027814463,0.015585666,-0.037055667,0.11958047
2169,1.2233243,0.6169437,0.8034493,0.61251515,0.41987503,0.0044285655
2170,0.10212143,0.049248908,0.060513448,0.03989275,0.04160798,0.009356156
2171,1.2941326,0.4741362,0.62952465,0.47131905,0.66460794,0.002817154
2172,0.05961612,-0.010357441,0.039935406,0.02803531,0.019680712,-0.038392752
2173,0.041849725,-0.03088502,0.031852227,0.018930046,0.009997498,-0.049815066
2174,0.94045144,0.4203738,0.3936674,0.2558566,0.54678404,0.1645172
2175,0.90912724,0.3569186,0.51843315,0.37283498,0.39069408,-0.015916377
2176,1.4258819,0.67292476,0.77610445,0.59598273,0.6497774,0.07694203
2177,-0.026971497,0.11274141,0.010964207,0.0033385032,-0.037935704,0.10940291
2178,1.4382033,0.23592538,0.3823236,0.23384216,1.0558797,0.0020832121
2179,1.2909099,0.48592338,0.6302601,0.44912976,0.6606498,0.03679362
2180,0.0119039025,-0.04076668,0.028354555,0.016424734,-0.016450653,-0.057191413
2181,0.78681284,0.19751564,0.36104608,0.2346329,0.42576677,-0.037117258
2182,0.23219271,0.10147012,0.1382109,0.09945221,0.09398182,0.0020179078
2183,0.62911826,0.32740396,0.44074655,0.31136483,0.18837172,0.016039133
2184,0.95769936,0.29786384,0.44629526,0.33014697,0.5114041,-0.032283127
2185,0.0061446116,0.1266928,0.034588672,0.024360579,-0.028444061,0.10233222
2186,0.09212997,0.14975753,0.04734026,0.031105038,0.04478971,0.11865249
2187,1.0519224,0.35588187,0.5161113,0.34465885,0.5358111,0.011223018
2188,0.9873464,0.4714992,0.6091131,0.42229193,0.3782333,0.04920727
2189,-0.021172851,0.12440298,0.018317295,0.009742354,-0.03949015,0.11466062
2190,0.035904955,0.23330829,0.06329876,0.027784744,-0.027393807,0.20552354
2191,0.032302376,-0.062497,0.022149974,0.011374399,0.010152401,-0.073871404
2192,0.8695909,0.30086136,0.47489515,0.32106128,0.39469573,-0.020199925
2193,0.109772325,0.13735572,0.07896648,0.054252602,0.030805841,0.08310311
2194,0.9332253,0.3658943,0.5238394,0.3437584,0.40938586,0.022135884
2195,0.879454,0.2218254,0.2736195,0.1907105,0.6058345,0.031114906
2196,0.09123294,-0.010214652,0.036182217,0.01941689,0.055050723,-0.02963154
2197,0.162264,0.10397627,0.11500047,0.08615722,0.047263533,0.017819054
2198,1.0672492,0.5934861,0.7574875,0.56082064,0.3097617,0.03266543
2199,0.989559,0.31789175,0.3719296,0.27875623,0.6176294,0.039135516
2200,1.0953841,0.4599113,0.6037089,0.44918007,0.4916752,0.01073122
2201,0.15046544,0.038434204,0.08631218,0.059479736,0.06415326,-0.021045532
2202,0.72633857,0.45084673,0.49417296,0.37541112,0.2321656,0.07543561
2203,0.80302,0.27646327,0.40601236,0.2831842,0.39700764,-0.0067209303
2204,0.34784502,0.16603911,0.2106065,0.15498589,0.13723852,0.011053219
2205,0.06798187,0.03591902,0.033830356,0.027680507,0.034151513,0.008238515
2206,0.0011981562,-0.06143511,0.0046056355,0.0015774055,-0.0034074793,-0.06301252
2207,0.10769978,0.031911828,0.06693286,0.04824898,0.040766925,-0.016337153
2208,0.77910644,0.29203784,0.3980299,0.29139644,0.38107654,0.0006414056
2209,1.5279721,0.72257084,0.9746767,0.68791884,0.5532954,0.034651995
2210,0.12273184,0.10037464,0.08396919,0.064475134,0.03876265,0.035899505
2211,0.55128974,0.24492218,0.34247446,0.20923388,0.20881528,0.035688296
2212,1.736208,0.6559063,0.7478067,0.5653852,0.98840123,0.0905211
2213,1.1765279,0.41784453,0.61455387,0.45146388,0.561974,-0.033619344
2214,0.9067097,0.22576596,0.277438,0.20585807,0.6292716,0.019907892
2215,1.0370868,0.43745643,0.5277566,0.38094866,0.5093303,0.056507766
2216,1.1357487,0.1964235,0.31957436,0.17963274,0.8161744,0.016790763
2217,0.17640369,0.019686677,0.10881052,0.06349717,0.067593165,-0.043810494
2218,0.06454409,-0.015397889,0.04710176,0.036381725,0.01744233,-0.051779613
2219,0.02296581,-0.0074245175,0.037351508,0.024420273,-0.014385698,-0.03184479
2220,0.0729184,0.05525933,0.04359115,0.030903647,0.029327251,0.024355682
2221,1.0318052,0.49369255,0.65569913,0.44952193,0.37610602,0.044170618
2222,0.06963415,0.08281688,0.025300313,0.022230295,0.044333834,0.06058658
2223,0.09213719,0.033690963,0.047684766,0.027302306,0.04445242,0.006388657
2224,0.19508605,0.07972748,0.123616554,0.10157957,0.07146949,-0.021852091
2225,0.8135255,0.3781454,0.55359405,0.36778775,0.25993145,0.010357648
2226,0.0621142,-0.0046323435,0.04592974,0.01930153,0.01618446,-0.023933873
2227,0.16641137,0.07126546,0.13091254,0.09670384,0.035498828,-0.025438383
2228,0.10829406,0.062299225,0.06882247,0.047745153,0.03947159,0.014554072
2229,0.08027405,-0.02644892,0.035274506,0.023045009,0.044999547,-0.04949393
2230,0.7903144,0.22140448,0.28302866,0.19741133,0.5072857,0.02399315
2231,0.006445715,0.20943458,0.04928391,0.038530532,-0.042838193,0.17090406
2232,0.12569305,0.21981142,0.118607864,0.08506573,0.007085189,0.13474569
2233,0.11825894,0.018074432,0.086242296,0.04799179,0.032016642,-0.029917357
2234,0.005555056,0.18862878,0.029381102,0.020619545,-0.023826046,0.16800924
2235,0.20572715,0.07149701,0.1220053,0.085534826,0.08372185,-0.014037818
2236,0.753846,0.17726417,0.14127868,0.14236899,0.6125673,0.03489518
2237,0.7377162,0.3103334,0.36763936,0.25082323,0.37007684,0.05951017
2238,0.0637309,0.0068182303,0.042767297,0.029272601,0.020963605,-0.02245437
2239,0.8819166,0.27318114,0.329012,0.22252874,0.5529046,0.0506524
2240,0.030240767,0.03253391,0.024081197,0.017166872,0.00615957,0.015367039
2241,0.07527178,0.021075152,0.023503652,0.015702033,0.051768124,0.0053731184
2242,1.4460565,0.57111496,0.7652823,0.5629822,0.6807742,0.008132756
2243,0.055484015,-0.004423983,0.034831606,0.022487637,0.02065241,-0.02691162
2244,1.2725536,0.11859224,0.27018705,0.22771153,1.0023665,-0.10911929
2245,0.35149628,0.19837698,0.22125085,0.16502193,0.13024543,0.033355057
2246,0.024340434,0.23714025,0.07448513,0.052568585,-0.050144695,0.18457167
2247,0.2443923,0.07893046,0.14604692,0.09748289,0.098345384,-0.01855243
2248,1.2238113,0.26034194,0.3380041,0.23806553,0.88580716,0.022276416
2249,0.06119708,0.06929931,0.041325636,0.031764902,0.019871444,0.03753441
2250,0.89315003,0.42095342,0.54367137,0.37599903,0.34947866,0.04495439
2251,0.0760686,-0.0023549933,0.049259186,0.04287065,0.026809417,-0.045225643
2252,0.12193884,0.061724238,0.09233454,0.06916956,0.0296043,-0.0074453205
2253,0.0773129,0.043444283,0.038095422,0.027913475,0.03921748,0.015530808
2254,0.064020805,-0.014491319,0.05754317,0.036094658,0.0064776354,-0.050585978
2255,0.021235475,0.03990726,0.005051968,0.0038511835,0.016183507,0.03605608
2256,0.35307804,0.14446686,0.17667715,0.12942019,0.17640088,0.015046671
2257,0.0905052,0.008824821,0.036463633,0.030034173,0.054041564,-0.021209352
2258,0.010700991,0.039796516,0.0074609965,0.007548696,0.0032399949,0.03224782
2259,0.8665252,0.26257938,0.29767373,0.21796422,0.5688515,0.044615164
2260,0.0739374,0.283681,0.058083672,0.044320554,0.01585373,0.23936045
2261,0.9316223,0.49588487,0.67014784,0.48525232,0.2614745,0.010632545
2262,0.1243661,0.028843855,0.09839968,0.06514955,0.02596642,-0.036305696
2263,0.2018392,0.1055074,0.085825875,0.06337182,0.11601332,0.04213558
2264,0.10145786,0.035096075,0.04248572,0.025512923,0.058972135,0.009583153
2265,0.09439882,0.05069499,0.056501307,0.042589404,0.037897512,0.008105587
2266,0.07053224,0.057710823,0.057019453,0.043051384,0.0135127865,0.014659438
2267,1.0663422,0.5135921,0.63407755,0.4701373,0.4322647,0.043454826
2268,0.014175576,-0.003703691,0.030804541,0.016962057,-0.016628966,-0.020665748
2269,0.040161777,0.03051861,0.017797077,0.018266777,0.0223647,0.012251833
2270,1.0154464,0.42545852,0.54562616,0.4208238,0.46982026,0.004634708
2271,1.0282267,0.35781112,0.510244,0.37191945,0.5179827,-0.01410833
2272,0.06656301,0.024466492,0.05182309,0.03169863,0.014739919,-0.007232137
2273,1.0688373,0.24207023,0.42229652,0.28169316,0.64654076,-0.039622933
2274,0.056555785,0.10878375,0.059887074,0.047407787,-0.0033312887,0.061375964
2275,0.0645792,0.12473649,0.061815165,0.041424617,0.0027640387,0.08331187
2276,0.78071463,0.27852017,0.40641698,0.30717197,0.37429765,-0.028651804
2277,0.11691762,0.15073195,0.10222639,0.074078545,0.014691226,0.076653406
2278,0.77166045,0.27611527,0.38515526,0.2658431,0.3865052,0.010272175
2279,0.080191925,0.13768606,0.08668097,0.04389721,-0.006489046,0.09378885
2280,1.365675,0.46848494,0.5980256,0.40978995,0.76764935,0.05869499
2281,0.14729266,0.09677198,0.066898614,0.056218255,0.080394045,0.040553723
2282,1.6414428,0.69142824,1.0726649,0.78401077,0.5687779,-0.092582524
2283,0.87979716,0.3026068,0.4146572,0.26817712,0.46513996,0.03442967
2284,0.9581384,0.24359898,0.37016207,0.2618914,0.58797634,-0.018292412
2285,0.19094764,0.11501878,0.1531118,0.10478686,0.037835836,0.01023192
2286,0.016667997,0.09253803,0.020608576,0.014728715,-0.0039405786,0.07780931
2287,0.10681091,0.069752514,0.05134187,0.033077367,0.055469044,0.036675148
2288,0.7010223,0.47329164,0.5360406,0.41939583,0.16498172,0.0538958
2289,-0.004232738,0.1275652,0.022961441,0.0115236975,-0.02719418,0.11604151
2290,0.23830687,0.06811569,0.14713928,0.0918418,0.091167584,-0.023726113
2291,0.2528041,0.109908015,0.1269301,0.08751564,0.125874,0.022392377
2292,0.006842892,-0.014921716,0.008335454,0.004042416,-0.0014925622,-0.018964132
2293,0.82225966,0.33975834,0.4430503,0.3106542,0.37920937,0.029104143
2294,0.28810322,0.19033664,0.22102137,0.16870467,0.067081854,0.021631971
2295,1.0246924,0.5231818,0.66026485,0.4828298,0.36442757,0.040351987
2296,0.13275981,0.10672043,0.10096482,0.07037301,0.031794988,0.03634742
2297,1.0832396,0.64251465,0.7651926,0.5356059,0.31804693,0.10690874
2298,1.0205705,0.29493707,0.40454006,0.27380198,0.61603045,0.021135092
2299,0.15497768,0.023474382,0.122626916,0.07217758,0.032350764,-0.0487032
2300,1.2478175,0.5162611,0.7176429,0.4889794,0.5301746,0.027281702
2301,0.034529634,0.02885537,0.015345186,0.0072235717,0.019184448,0.0216318
2302,1.3559704,0.56846464,0.833244,0.5675457,0.52272636,0.0009189248
2303,1.1783686,0.35506403,0.52173746,0.36355287,0.6566311,-0.008488834
2304,0.079180725,0.063999146,0.038532965,0.03195695,0.04064776,0.032042198
2305,0.79537886,0.2164259,0.3010386,0.21407828,0.49434027,0.0023476183
2306,1.0890684,0.2332566,0.3072908,0.24472609,0.7817776,-0.011469498
2307,0.11272891,0.055438012,0.053102665,0.044467717,0.059626244,0.0109702945
2308,0.045904264,0.10145412,0.05045714,0.029813092,-0.0045528747,0.07164103
2309,1.251085,0.40437794,0.47997546,0.33652556,0.7711096,0.06785238
2310,1.0659364,0.45503163,0.7115125,0.47215018,0.35442394,-0.017118543
2311,0.07136419,0.027049955,0.05831448,0.03874037,0.013049707,-0.011690415
2312,0.95215183,0.3835473,0.5208457,0.36820582,0.43130612,0.0153414905
2313,0.033440504,0.15169777,0.0244846,0.016047593,0.008955903,0.13565017
2314,1.537718,0.79335177,1.0752771,0.75949955,0.46244097,0.03385222
2315,0.45359224,0.28346547,0.32179922,0.2530486,0.13179302,0.030416876
2316,0.98973954,0.21974629,0.2753563,0.20106187,0.71438324,0.018684417
2317,0.12027224,0.058254503,0.061128803,0.04721784,0.05914344,0.011036664
2318,1.8388625,0.36129928,0.7178175,0.44346166,1.1210451,-0.08216238
2319,0.94553477,0.3838718,0.47554064,0.36539516,0.46999413,0.018476635
2320,0.06760431,0.03912262,0.03717517,0.028603489,0.03042914,0.01051913
2321,0.07299823,0.03180509,0.041717477,0.032951258,0.031280756,-0.0011461675
2322,0.98933846,0.27405435,0.446179,0.2992885,0.5431595,-0.025234163
2323,0.03362533,0.13234518,0.028615588,0.0220146,0.0050097425,0.11033058
2324,0.13321665,0.04196645,0.06790373,0.04111343,0.06531292,0.0008530207
2325,0.032778013,-0.030207561,0.036862694,0.022282068,-0.00408468,-0.05248963
2326,1.1215973,0.45357773,0.56580454,0.4259258,0.55579275,0.027651936
2327,1.0323948,0.4639293,0.5900056,0.45490256,0.4423892,0.009026736
2328,1.0126889,0.17554067,0.24111864,0.16611741,0.7715702,0.009423256
2329,0.23451889,0.1445578,0.15096089,0.11543498,0.08355799,0.029122822
2330,0.15413195,0.053960513,0.05379181,0.044588074,0.10034014,0.009372439
2331,-0.015472576,0.20484908,0.052723657,0.030336693,-0.06819624,0.17451239
2332,0.120073415,0.024052292,0.050650753,0.025318017,0.06942266,-0.0012657251
2333,1.0641365,0.58703953,0.75400406,0.57669955,0.31013244,0.010339975
2334,0.10901362,0.023668565,0.07588903,0.05489465,0.03312459,-0.031226084
2335,0.07187843,0.025370931,0.037958134,0.029953813,0.0339203,-0.004582882
2336,0.81113243,0.28109387,0.42123803,0.29663774,0.3898944,-0.015543878
2337,1.0150613,0.37839302,0.4224394,0.30321094,0.59262186,0.07518208
2338,0.062490966,-0.010684523,0.048348285,0.030884808,0.014142681,-0.04156933
2339,1.1928616,0.1684598,0.34453997,0.22525963,0.84832156,-0.05679983
2340,0.09959861,0.025516888,0.066134214,0.04754161,0.033464395,-0.022024723
2341,1.4053003,0.596888,0.7487002,0.5895914,0.65660006,0.007296622
2342,0.8846836,0.40343243,0.552975,0.41280746,0.3317086,-0.009375036
2343,0.8428807,0.37685978,0.51590717,0.37269247,0.32697356,0.0041673183
2344,0.6743418,0.3478242,0.5062808,0.32726532,0.16806102,0.020558864
2345,-0.0020176934,0.008714094,-0.0066939304,-0.0005187813,0.004676237,0.009232875
2346,0.21320066,0.10973538,0.13943407,0.10119903,0.07376659,0.008536346
2347,0.916245,0.41837814,0.5309893,0.3786424,0.3852557,0.039735734
2348,0.054644965,0.051937237,0.04149946,0.032687616,0.013145506,0.019249622
2349,0.081929006,0.042116083,0.032167215,0.02732847,0.04976179,0.0147876125
2350,0.026551232,0.2568899,0.056377728,0.04148221,-0.029826496,0.2154077
2351,1.1472834,0.27982092,0.5188108,0.34989136,0.6284726,-0.070070446
2352,0.0131549435,-0.0055122566,0.012086469,0.009828695,0.0010684747,-0.015340952
2353,0.54871225,0.113807596,0.26889253,0.14860721,0.27981973,-0.034799613
2354,1.0364153,0.46421355,0.6213347,0.44885248,0.41508067,0.015361071
2355,0.2141864,0.057761308,0.15844111,0.09557669,0.05574529,-0.03781538
2356,1.3398747,0.35976338,0.39595076,0.29460225,0.94392395,0.06516114
2357,0.35970506,0.23131095,0.29957405,0.21033351,0.060131013,0.020977437
2358,0.1118758,0.16738476,0.061038595,0.047489144,0.050837208,0.119895615
2359,0.08421011,0.035447687,0.034631904,0.027142093,0.04957821,0.008305594
2360,0.049398076,-0.016488055,0.01503394,0.010976593,0.034364134,-0.027464647
2361,0.025401404,0.07947771,0.02535426,0.019714903,4.714355e-05,0.05976281
2362,0.061164252,0.025840227,0.024216183,0.012090405,0.03694807,0.013749821
2363,0.024349423,0.019299163,0.008858779,0.008748072,0.015490644,0.01055109
2364,0.7291555,0.10258479,0.15505268,0.0778801,0.5741028,0.024704687
2365,0.044846945,0.024642343,0.019964408,0.015221921,0.024882536,0.009420422
2366,1.3423061,0.37525555,0.69136846,0.4401146,0.6509377,-0.06485903
2367,1.1680409,0.29779887,0.41860563,0.29324955,0.74943525,0.0045493245
2368,0.94408965,0.35591164,0.43198568,0.29423505,0.512104,0.06167659
2369,-0.004113043,-0.008370868,0.011411968,0.012984504,-0.015525011,-0.021355372
2370,1.0697455,0.45862553,0.56911755,0.41578874,0.500628,0.042836785
2371,1.2391752,0.47415257,0.65281343,0.44297537,0.58636177,0.031177193
2372,1.3031107,0.38287807,0.5135922,0.37986773,0.78951854,0.0030103326
2373,0.022406546,-0.022905966,0.022387724,0.018989008,1.882203e-05,-0.041894972
2374,0.1450034,0.09555454,0.098982885,0.06723116,0.046020508,0.028323375
2375,0.023668326,-0.05466657,0.018719653,0.007758832,0.004948674,-0.062425405
2376,0.6914158,0.20422818,0.30723926,0.20317106,0.38417652,0.0010571182
2377,0.9642184,0.4369495,0.53756046,0.38831228,0.42665792,0.04863721
2378,0.47162712,0.24965778,0.2016023,0.1528066,0.27002484,0.096851185
2379,0.033632625,0.07074642,0.028482014,0.011219671,0.0051506106,0.05952675
2380,0.78360444,0.3520385,0.4118553,0.2991441,0.37174913,0.052894413
2381,0.97423476,0.3783251,0.4896853,0.37072617,0.48454946,0.0075989366
2382,0.2939382,0.16530733,0.2011207,0.14497653,0.092817485,0.020330802
2383,0.02678002,0.03462365,0.016890965,0.01906691,0.009889055,0.01555674
2384,1.2090701,0.49702802,0.68060523,0.4955786,0.52846485,0.001449436
2385,-0.033483747,0.11707706,0.011178056,0.0045592156,-0.044661805,0.11251784
2386,0.9648512,0.40054733,0.5223586,0.3918755,0.4424926,0.00867182
2387,0.09492984,0.015119574,0.07082572,0.043158285,0.024104118,-0.02803871
2388,0.115697734,0.097035795,0.088737115,0.07419187,0.026960619,0.022843927
2389,1.2407024,0.34471753,0.5626365,0.3838715,0.6780659,-0.039153963
2390,1.2490445,0.6470108,0.84902036,0.6614661,0.40002418,-0.014455318
2391,0.045743857,-0.043785963,0.029742122,0.0189972,0.016001735,-0.06278317
2392,1.2004409,0.4173099,0.7110901,0.47712165,0.4893508,-0.05981174
2393,0.15202247,0.073245235,0.070909575,0.047637638,0.08111289,0.025607597
2394,0.10232754,0.058520544,0.04807421,0.03383398,0.054253332,0.024686564
2395,0.057884336,0.042133506,0.033481393,0.031583436,0.024402943,0.010550071
2396,0.868701,0.30398726,0.3458605,0.23361702,0.5228405,0.07037024
2397,0.108105764,0.08653689,0.07480405,0.05715688,0.03330171,0.029380012
2398,0.049240015,0.041658297,0.02884699,0.0229085,0.020393025,0.018749798
2399,-0.027554506,0.11446695,0.010053546,0.0036489014,-0.037608054,0.11081805
2400,0.1471778,0.2213679,0.1134694,0.06229514,0.0337084,0.15907276
2401,0.031622138,0.027971495,0.008227093,0.010591338,0.023395045,0.017380156
2402,0.8170639,0.24455842,0.3350592,0.24391231,0.48200473,0.00064611435
2403,0.85135895,0.14715093,0.22706887,0.16502507,0.6242901,-0.017874137
2404,1.1940705,0.4908638,0.62909627,0.46048102,0.5649742,0.030382782
2405,1.0419773,0.34397534,0.40141016,0.29964864,0.6405671,0.044326693
2406,1.1002963,0.4329262,0.5820282,0.42657104,0.51826805,0.0063551664
2407,0.33005702,0.2495373,0.1551849,0.10769923,0.17487213,0.14183807
2408,0.041557,0.048048418,0.022959879,0.024748504,0.01859712,0.023299914
2409,0.13102241,0.053450204,0.066154525,0.05401384,0.064867884,-0.0005636364
2410,0.12313698,0.06010146,0.0668178,0.05372297,0.056319185,0.0063784905
2411,-0.022531195,0.114239074,0.0067219497,0.0025794678,-0.029253144,0.11165961
2412,0.77107674,0.26605392,0.37671554,0.28012103,0.3943612,-0.014067113
2413,0.29728332,0.11538188,0.17611954,0.11258028,0.121163785,0.0028016046
2414,0.08414199,0.1119775,0.07538108,0.05172209,0.008760914,0.060255412
2415,0.01640355,0.025969086,0.0120522,0.010440444,0.0043513505,0.015528643
2416,-0.02457518,0.0117217675,0.017949637,0.017098382,-0.042524815,-0.0053766146
2417,0.8490104,0.5138312,0.6669118,0.46894908,0.18209863,0.04488212
2418,0.25088528,0.033860773,0.15887804,0.08294427,0.092007235,-0.049083494
2419,1.1801453,0.13934074,0.24211535,0.18093467,0.9380299,-0.041593924
2420,0.049410466,0.012792267,0.017711312,0.011108158,0.031699155,0.0016841087
2421,0.9966611,0.36216724,0.47217005,0.35536787,0.5244911,0.00679937
2422,0.034409054,0.025230374,0.023109084,0.016589839,0.01129997,0.008640535
2423,0.8962251,0.22396941,0.30089346,0.17110755,0.59533167,0.05286187
2424,0.17321356,0.0827579,0.11628848,0.07773929,0.056925073,0.005018607
2425,0.7329282,0.3333596,0.36561897,0.2781546,0.36730924,0.055204988
2426,0.07282918,0.06881426,0.041980777,0.034770668,0.030848403,0.034043595
2427,1.0617719,0.18608564,0.27809003,0.19510701,0.78368187,-0.009021372
2428,0.47540435,0.2748759,0.3077141,0.225491,0.16769025,0.049384907
2429,0.07609378,0.026151761,0.030562025,0.024734704,0.045531753,0.0014170576
2430,0.7398529,0.31354085,0.51535416,0.3530291,0.22449875,-0.039488256
2431,0.16891588,0.052345738,0.08442329,0.05876062,0.084492594,-0.006414883
2432,0.16305934,0.01919928,0.07955773,0.043865446,0.08350161,-0.024666166
2433,0.07622726,0.04725307,0.036387153,0.022157872,0.03984011,0.025095196
2434,0.9450379,0.42193732,0.6467875,0.38131627,0.29825038,0.040621042
2435,-0.007789355,-0.0013840889,0.017132973,0.014564903,-0.024922328,-0.015948992
2436,0.03493754,0.06650538,0.03404996,0.019912329,0.0008875765,0.04659305
2437,0.29110458,0.12078763,0.11141969,0.08288681,0.17968489,0.03790082
2438,0.05911499,0.043505985,0.033229887,0.018890938,0.025885101,0.024615047
2439,0.47108853,0.26092213,0.27564293,0.2043387,0.1954456,0.056583434
2440,1.2200103,0.49563566,0.7801758,0.5143701,0.43983448,-0.018734425
2441,0.8036949,0.32623172,0.39340007,0.27938986,0.41029483,0.04684186
2442,1.550551,0.36423346,0.4399692,0.24428134,1.1105819,0.11995213
2443,1.2541296,0.29075754,0.4498166,0.31521913,0.80431306,-0.024461597
2444,0.10821356,0.04331611,0.048640065,0.0338661,0.059573494,0.009450011
2445,0.09466142,0.058765132,0.04351286,0.034597293,0.051148564,0.02416784
2446,0.092627645,0.12021203,0.06357886,0.052031927,0.029048786,0.06818011
2447,0.12636712,0.02473656,0.05937726,0.04169051,0.06698986,-0.016953949
2448,-0.031726398,0.11589773,0.0052818633,4.1155144e-07,-0.03700826,0.11589732
2449,0.03507837,0.11396142,0.035082623,0.027391154,-4.2542815e-06,0.08657026
2450,1.1061536,0.35214007,0.63090694,0.39272302,0.47524667,-0.040582955
2451,-0.023282813,0.11496953,0.009639507,0.0040886244,-0.03292232,0.110880904
2452,1.2469525,0.4461223,0.6343975,0.44730797,0.612555,-0.0011856854
2453,0.008153978,-0.05849208,0.017602572,0.009435572,-0.009448594,-0.06792765
2454,1.1551709,0.3537652,0.53517973,0.38636318,0.6199912,-0.03259799
2455,0.123614684,0.08818773,0.086488776,0.07080201,0.037125908,0.017385721
2456,0.061957978,-0.0139470035,0.054447103,0.028501248,0.0075108744,-0.042448252
2457,1.4386916,0.35217038,0.53033537,0.40860978,0.90835625,-0.0564394
2458,1.1272994,0.4357752,0.58505607,0.40580812,0.54224336,0.02996707
2459,0.34309867,0.113619275,0.100132145,0.06765171,0.24296653,0.045967564
2460,0.08032114,0.046378262,0.04129062,0.02559371,0.039030522,0.020784553
2461,0.042750977,-0.0045508505,0.02264711,0.018801112,0.020103866,-0.023351962
2462,0.044702485,0.14319232,0.025861258,0.022477519,0.018841228,0.1207148
2463,1.1218115,0.20196514,0.29434466,0.18500358,0.82746685,0.01696156
2464,0.5606996,0.39440835,0.4589345,0.33081418,0.101765096,0.06359416
2465,1.1752276,0.4983794,0.6888048,0.4848388,0.48642284,0.013540596
2466,0.0043803444,-0.06222749,0.01381257,0.006751947,-0.0094322255,-0.06897944
2467,0.03399804,0.020625994,0.044611722,0.039243277,-0.010613684,-0.018617284
2468,1.7475308,0.5914858,0.85493916,0.6309114,0.89259166,-0.03942561
2469,0.9813917,0.3400794,0.47407874,0.36225504,0.507313,-0.02217564
2470,0.052189358,0.008799273,0.038128912,0.033173498,0.014060445,-0.024374224
2471,0.10903899,0.017831251,0.07290793,0.053777326,0.03613106,-0.035946075
2472,0.0780892,0.056944378,0.040207855,0.024117978,0.037881345,0.0328264
2473,0.08143054,0.047648996,0.047846936,0.032155354,0.033583604,0.015493643
2474,0.0689535,0.048287656,0.048540633,0.037592154,0.020412866,0.010695502
2475,-0.016205952,0.010683287,0.023967534,0.016133415,-0.040173486,-0.0054501276
2476,1.103855,0.20059693,0.32982817,0.22695999,0.7740269,-0.02636306
2477,0.9889227,0.29459092,0.40188497,0.28701478,0.58703774,0.007576138
2478,1.0835936,0.14178143,0.20539217,0.10337603,0.8782014,0.038405403
2479,0.059700638,0.11937719,0.0656378,0.043744784,-0.005937159,0.07563241
2480,0.1699223,0.07510504,0.08272598,0.05838877,0.08719633,0.016716272
2481,0.75612676,0.19770636,0.28873572,0.20595452,0.46739104,-0.008248165
2482,0.026370812,0.016006852,0.037950706,0.01992448,-0.0115798935,-0.003917629
2483,0.04246362,0.044912953,0.03183158,0.015494632,0.010632038,0.029418321
2484,0.031855803,0.0038557241,0.026350236,0.019003782,0.0055055674,-0.0151480585
2485,0.14488405,0.05015709,0.10530678,0.08420421,0.039577268,-0.034047123
2486,1.9885982,0.6588429,0.8127491,0.6190961,1.1758492,0.03974682
2487,0.71944815,0.26429656,0.40661493,0.27714223,0.31283322,-0.012845665
2488,1.2107952,0.39956367,0.57905686,0.38942093,0.6317383,0.010142744
2489,0.17661472,0.085270554,0.092823766,0.06559778,0.08379095,0.019672774
2490,0.057273977,0.04601589,0.041320533,0.034045853,0.015953444,0.011970036
2491,0.10450342,0.046904184,0.029816866,0.02811498,0.07468656,0.018789204
2492,0.208633,0.07393798,0.106083736,0.08145544,0.10254927,-0.007517457
2493,0.72351086,0.27108684,0.36035,0.25468403,0.36316085,0.01640281
2494,1.0990493,0.51830775,0.75766057,0.52667475,0.34138876,-0.008367002
2495,0.91121876,0.27951398,0.4011082,0.28024873,0.51011056,-0.00073474646
2496,0.08677755,0.047370747,0.040599175,0.02909767,0.04617838,0.018273076
2497,0.4124777,0.28568187,0.3208472,0.243192,0.09163049,0.04248987
2498,1.0183535,0.2302724,0.2949446,0.21291025,0.7234088,0.017362148
2499,0.04862151,0.025566671,0.031847212,0.024764603,0.016774297,0.00080206804
2500,0.022158796,-0.032027643,0.031227335,0.015519189,-0.009068539,-0.047546834
2501,0.0072369217,-0.004976773,0.0036223494,0.007016183,0.0036145723,-0.011992956
2502,0.94684184,0.40285936,0.504578,0.3417018,0.44226384,0.061157554
2503,0.7810544,0.30303895,0.35365427,0.24648423,0.4274001,0.05655472
2504,0.79431915,0.20194282,0.2908022,0.19371043,0.5035169,0.008232385
2505,0.05036728,0.037039403,0.025274271,0.02236844,0.02509301,0.0146709625
2506,0.9183228,0.20141138,0.27372378,0.18723746,0.644599,0.014173925
2507,0.36492583,0.15127236,0.2494444,0.15328643,0.115481436,-0.0020140707
2508,0.76361525,0.36674303,0.49136958,0.35241696,0.27224568,0.014326066
2509,1.1495277,0.5227288,0.7295433,0.5102337,0.41998434,0.0124951005
2510,-0.009409319,0.10496409,0.004691545,0.007167296,-0.014100864,0.0977968
2511,0.43954492,0.18563332,0.22204778,0.17152414,0.21749714,0.014109179
2512,0.07054509,0.13846362,0.05173598,0.03558546,0.018809114,0.10287815
2513,0.035648506,-0.0023815522,0.01899858,0.013331065,0.016649926,-0.015712617
2514,1.1286896,0.20720758,0.45836288,0.29381612,0.67032677,-0.086608544
2515,1.6998891,0.6520649,0.85366285,0.6449337,0.8462262,0.007131219
2516,0.32802728,0.13546737,0.16538338,0.12131189,0.1626439,0.014155477
2517,0.84886485,0.33970407,0.4718453,0.3242688,0.37701955,0.015435278
2518,0.05378096,0.03630491,0.042505153,0.026646644,0.011275809,0.009658266
2519,0.09053955,0.051036052,0.0528434,0.034253657,0.037696153,0.016782396
2520,1.0064998,0.49691492,0.7089783,0.5084004,0.29752147,-0.011485457
2521,0.07416137,0.026053801,0.05798039,0.04048226,0.016180985,-0.014428459
2522,1.0328778,0.2173855,0.33906075,0.21797033,0.693817,-0.0005848259
2523,0.87638724,0.33212104,0.4431449,0.29458004,0.43324235,0.037541002
2524,0.09065213,0.04347487,0.06580639,0.047305983,0.024845742,-0.003831111
2525,0.9087208,0.38251418,0.56153417,0.36525574,0.34718663,0.017258435
2526,1.8017513,0.59878933,0.8791935,0.5997154,0.9225578,-0.00092607737
2527,0.058315106,0.04842583,0.042831555,0.028805982,0.015483551,0.019619849
2528,0.03541329,0.044695448,0.01715239,0.014140865,0.018260902,0.030554583
2529,1.203826,0.3754599,0.5733995,0.41060194,0.63042647,-0.035142034
2530,0.9604503,0.4376639,0.5569478,0.4145977,0.40350246,0.023066223
2531,0.018295797,0.15844093,0.029742967,0.01744295,-0.011447171,0.14099798
2532,-0.022311995,0.13238744,0.021290276,0.0110629555,-0.043602273,0.12132449
2533,0.21999182,0.20114902,0.108524024,0.07682676,0.11146779,0.12432226
2534,0.37621355,0.24504226,0.30308294,0.23232515,0.07313061,0.012717113
2535,0.12378422,0.0063287304,0.08341153,0.041731633,0.040372692,-0.0354029
2536,-0.024584725,0.020924179,0.0073379464,0.0075624906,-0.031922672,0.013361689
2537,0.6171853,0.22146273,0.32322317,0.19925883,0.29396212,0.022203892
2538,0.06559702,-0.019986046,0.046715364,0.03492632,0.018881656,-0.054912366
2539,1.0003805,0.33843175,0.4899218,0.3400211,0.5104587,-0.0015893579
2540,1.2192147,0.47955915,0.58332354,0.42548472,0.63589114,0.054074436
2541,0.029652514,0.01888634,0.014605373,0.01589325,0.01504714,0.00299309
2542,1.034006,0.35174182,0.4539868,0.30747423,0.58001924,0.044267595
2543,0.032617867,-0.0001159384,0.024169834,0.010378375,0.008448033,-0.010494313
2544,0.9868936,0.34422067,0.4688332,0.33820802,0.5180604,0.0060126483
2545,0.0775085,0.048414186,0.051935486,0.038078286,0.025573015,0.0103359
2546,0.25524512,0.079517454,0.0790716,0.060666002,0.17617351,0.018851452
2547,0.08482655,0.022108505,0.060243886,0.041212328,0.024582665,-0.019103823
2548,0.41286948,0.19814448,0.29377002,0.19358182,0.11909947,0.004562661
2549,0.807417,0.29564974,0.37291428,0.28329465,0.4345027,0.012355089
2550,0.05963886,0.10930674,0.03104592,0.019924294,0.028592942,0.08938244
2551,0.07880324,0.012632352,0.034484208,0.0314634,0.044319034,-0.018831048
2552,0.041367654,0.124865405,0.037138425,0.026690092,0.004229229,0.09817532
2553,0.0197364,0.029277764,0.011889047,0.012703282,0.007847353,0.016574483
2554,1.1088808,0.4251575,0.6706021,0.4338057,0.43827868,-0.008648217
2555,0.9011835,0.24293642,0.3315502,0.20636292,0.56963325,0.0365735
2556,0.07329076,0.046427622,0.049273506,0.03543404,0.024017252,0.010993581
2557,0.072247684,0.012317264,0.016200697,0.0082010375,0.056046985,0.004116227
2558,0.0843947,0.004260779,0.015096739,0.011588486,0.06929796,-0.007327707
2559,0.3615917,0.17280157,0.1970826,0.14474246,0.1645091,0.02805911
