feature_idx,seq_effect_obs,struct_effect_obs,seq_effect_shuffle,struct_effect_shuffle,seq_delta,struct_delta
0,0.5049849,0.1362237,0.15771529,0.11215975,0.34726962,0.024063952
1,0.45619112,0.09166811,0.10910799,0.07516154,0.34708312,0.016506568
2,0.5047797,0.11171326,0.11915003,0.09548586,0.38562965,0.016227402
3,0.42730358,0.029686138,0.06491146,0.043421753,0.36239213,-0.013735615
4,0.33555284,0.06231415,0.062713854,0.04563952,0.27283898,0.01667463
5,0.5099776,0.10893807,0.15023227,0.12114223,0.35974532,-0.012204163
6,0.49838808,0.12191057,0.15731958,0.109151125,0.3410685,0.012759447
7,0.4844964,0.07457659,0.108697906,0.08115514,0.37579852,-0.006578557
8,0.42168248,0.06833967,0.084927246,0.057907052,0.33675522,0.010432616
9,0.38292176,0.06360454,0.102711774,0.06524879,0.28021,-0.0016442463
10,0.25224745,0.05096676,0.056977183,0.044753052,0.19527027,0.006213706
11,0.43041983,0.059233744,0.073852815,0.051260985,0.35656703,0.007972758
12,0.5386833,0.104143515,0.10371224,0.081648484,0.43497106,0.022495031
13,0.54156476,0.09170227,0.13940391,0.097659305,0.40216085,-0.005957037
14,0.35055345,0.042037413,0.07613105,0.054967593,0.2744224,-0.012930181
15,0.4760167,0.096597455,0.10108991,0.07881461,0.3749268,0.017782845
16,0.5147789,0.116723515,0.12969694,0.09626802,0.38508198,0.020455495
17,0.53860503,0.1348276,0.117441334,0.08749004,0.4211637,0.04733756
18,0.51324266,0.12519069,0.1483589,0.11911702,0.36488378,0.0060736686
19,0.43982768,0.07812418,0.107535005,0.07314913,0.33229268,0.0049750507
20,0.5390442,0.050657626,0.095122434,0.0629851,0.44392177,-0.012327474
21,0.42710578,0.087401405,0.1000592,0.078245685,0.32704657,0.0091557205
22,0.69415486,0.17247525,0.19207294,0.12475411,0.50208193,0.04772114
23,0.45443997,0.021904891,0.04766994,0.034888618,0.40677002,-0.012983726
24,0.51603276,0.15013142,0.11393479,0.08496959,0.40209797,0.06516183
25,0.62978035,0.11104929,0.1397955,0.10017234,0.48998487,0.010876946
26,0.502981,0.07273374,0.10437534,0.075641334,0.39860567,-0.0029075965
27,0.3095286,0.076375864,0.08903714,0.067505054,0.22049144,0.00887081
28,0.51926285,0.106344774,0.14209011,0.10297491,0.37717274,0.0033698678
29,0.39583272,0.051625103,0.06642523,0.044586785,0.32940748,0.0070383176
30,0.44892305,0.14638558,0.15429404,0.117540255,0.294629,0.028845325
31,0.43470898,0.09656048,0.08435644,0.062822685,0.35035253,0.033737794
32,0.4506502,0.07153274,0.09809536,0.07395671,0.35255483,-0.002423972
33,0.35868725,0.047344692,0.09070013,0.05941696,0.26798713,-0.012072269
34,0.4694711,0.05968855,0.089739114,0.061424356,0.37973198,-0.0017358065
35,0.48162368,0.055754486,0.085537836,0.06341903,0.39608586,-0.0076645426
36,0.43199036,0.04619802,0.07602786,0.053368203,0.35596249,-0.0071701817
37,0.5080915,0.07780459,0.10554643,0.072554186,0.4025451,0.005250402
38,0.32895833,0.11068581,0.09849618,0.0775917,0.23046216,0.033094108
39,0.5171383,0.08875764,0.10210679,0.07423405,0.41503152,0.014523588
40,0.33851996,0.07789583,0.07206756,0.044012118,0.2664524,0.03388371
41,0.6439778,0.20541336,0.19900778,0.15172513,0.44497004,0.053688228
42,0.5027275,0.033856824,0.0600492,0.043482356,0.4426783,-0.009625532
43,0.5811547,0.12214222,0.14534327,0.11260404,0.43581143,0.009538181
44,0.41626266,0.07528334,0.092905276,0.06580147,0.32335737,0.00948187
45,0.49096534,0.08949272,0.128153,0.07886082,0.36281234,0.010631904
46,0.49553216,0.055166826,0.073595114,0.049443793,0.42193705,0.005723033
47,0.68158495,0.09657342,0.14006576,0.09937621,0.54151917,-0.0028027892
48,0.49513757,0.048836574,0.088457964,0.06883699,0.4066796,-0.020000413
49,0.47057799,0.05966268,0.08184697,0.05659441,0.388731,0.003068272
50,0.5645497,0.08566787,0.11806246,0.0800464,0.44648722,0.0056214705
51,0.55276245,0.0939206,0.13620809,0.09577042,0.41655436,-0.0018498152
52,0.32499847,0.04055482,0.062962696,0.045585863,0.2620358,-0.005031042
53,0.540951,0.065296,0.084132545,0.05896979,0.45681846,0.0063262135
54,0.45758888,0.08240653,0.12082038,0.08278622,0.3367685,-0.00037968904
55,0.5117386,0.09259338,0.10216808,0.074299835,0.40957052,0.018293545
56,0.49299687,0.07083752,0.1311875,0.09198161,0.36180937,-0.021144092
57,0.44339463,0.07887387,0.09504619,0.07018882,0.34834844,0.008685052
58,0.4103842,0.04229106,0.078530334,0.055739217,0.33185387,-0.013448156
59,0.48609385,0.105989374,0.15980019,0.11778875,0.32629365,-0.011799373
60,0.2983908,0.0245054,0.05730608,0.039511878,0.24108472,-0.015006479
61,0.27194843,0.010518378,0.059912167,0.03745483,0.21203625,-0.026936451
62,0.47440228,0.10578683,0.106917106,0.07486685,0.36748517,0.030919977
63,0.53480035,0.0824937,0.13702914,0.09684913,0.3977712,-0.0143554285
64,0.43354696,0.098025024,0.09717332,0.07761623,0.33637363,0.020408794
65,0.47601458,0.062064905,0.08996441,0.06176064,0.38605016,0.00030426309
66,0.47740132,0.108574875,0.113604225,0.07966752,0.3637971,0.028907351
67,0.45343095,0.087423764,0.0903368,0.06816956,0.36309415,0.019254208
68,0.40370697,0.08544055,0.11607762,0.0884179,0.28762937,-0.0029773489
69,0.38561335,0.08676872,0.12658367,0.09297107,0.2590297,-0.006202355
70,0.459356,0.0658413,0.13371332,0.08234894,0.3256427,-0.01650764
71,0.50846106,0.105956264,0.106885985,0.077451214,0.4015751,0.02850505
72,0.41545686,0.05982516,0.09178035,0.05873985,0.32367653,0.0010853112
73,0.6405336,0.02773638,0.05885174,0.039410092,0.5816819,-0.011673711
74,0.33359805,0.068335086,0.07481849,0.047683544,0.25877956,0.020651542
75,0.5096334,0.10523078,0.10335636,0.08368967,0.40627706,0.021541111
76,0.49521545,0.119643286,0.13473678,0.10186835,0.36047867,0.01777494
77,0.4268719,0.054639496,0.08719564,0.058730613,0.33967626,-0.0040911175
78,0.481614,0.10018683,0.09582321,0.07573561,0.38579077,0.024451219
79,0.44900474,0.063726954,0.10449095,0.06826583,0.34451377,-0.004538879
80,0.41011247,0.06228918,0.060933482,0.04669545,0.349179,0.01559373
81,0.29730633,0.061318494,0.085548595,0.060656525,0.21175773,0.0006619692
82,0.45810232,0.045579158,0.067790665,0.045703687,0.39031166,-0.000124529
83,0.3974039,0.10252443,0.09885089,0.07696222,0.298553,0.025562212
84,0.52916217,0.11748096,0.11768267,0.08477225,0.4114795,0.032708712
85,0.48860165,0.046013948,0.10652268,0.06762864,0.38207898,-0.02161469
86,0.427756,0.07859493,0.102358356,0.06322978,0.32539767,0.015365154
87,0.4894578,0.10480379,0.13233142,0.09496835,0.35712636,0.009835444
88,0.53055245,0.086386785,0.13244168,0.10005356,0.39811075,-0.013666779
89,0.4545975,0.070020705,0.09816731,0.067575864,0.3564302,0.002444841
90,0.43890914,0.065643966,0.063746266,0.047780305,0.37516287,0.017863661
91,0.5711524,0.041016832,0.05587247,0.043746483,0.5152799,-0.0027296506
92,0.48530048,0.063542806,0.075426266,0.052631654,0.4098742,0.010911152
93,0.5977878,0.09067371,0.13147499,0.10407708,0.46631283,-0.013403371
94,0.37365896,0.07216622,0.09159819,0.06290088,0.28206077,0.009265341
95,0.33418235,0.053184144,0.083787344,0.057100892,0.250395,-0.003916748
96,0.5100934,0.10284265,0.12342112,0.08453384,0.38667226,0.01830881
97,0.594279,0.054137696,0.072980374,0.055632383,0.52129865,-0.001494687
98,0.5729722,0.10858015,0.16637817,0.12826346,0.406594,-0.019683309
99,0.45074207,0.07531651,0.12551089,0.082844354,0.3252312,-0.007527843
100,0.5740149,0.09181275,0.12109544,0.08910432,0.45291945,0.002708435
101,0.5315022,0.13088654,0.1434329,0.105774775,0.38806927,0.025111765
102,0.45812294,0.095463775,0.1165115,0.08948875,0.34161144,0.005975023
103,0.45298496,0.031042147,0.06139537,0.046612486,0.39158958,-0.015570339
104,0.5147773,0.14193247,0.15068157,0.11773765,0.36409575,0.024194822
105,0.46656635,0.060450386,0.070588686,0.05274235,0.39597768,0.0077080354
106,0.2911271,0.056799013,0.063488536,0.04673191,0.22763854,0.010067102
107,0.49499542,0.07047406,0.10631164,0.07849021,0.38868377,-0.008016154
108,0.48590901,0.04928083,0.06545024,0.045300152,0.42045876,0.0039806776
109,0.3414003,0.052885227,0.08043139,0.047656022,0.26096892,0.005229205
110,0.4465336,0.045509867,0.09021847,0.06516085,0.35631514,-0.01965098
111,0.4216547,0.036402814,0.07407047,0.050488688,0.34758425,-0.014085874
112,0.37909493,0.070889905,0.10251852,0.074566096,0.2765764,-0.003676191
113,0.33033836,0.078100115,0.08317105,0.059350304,0.24716732,0.01874981
114,0.4835461,0.07421854,0.10309671,0.075507335,0.3804494,-0.001288794
115,0.5840991,0.09342633,0.115160406,0.074428044,0.4689387,0.018998288
116,0.4073015,0.060135648,0.09269143,0.061309766,0.31461006,-0.0011741184
117,0.5624493,0.12316321,0.13846049,0.09405365,0.4239888,0.02910956
118,0.41471425,0.12758303,0.15281732,0.11853109,0.2618969,0.009051934
119,0.47648615,0.06718096,0.10241394,0.07062871,0.3740722,-0.0034477487
120,0.41931996,0.049652044,0.08312176,0.058477126,0.3361982,-0.008825082
121,0.37247398,0.08907699,0.07891288,0.058356307,0.2935611,0.030720681
122,0.49760464,0.044595882,0.07561626,0.053691912,0.42198837,-0.00909603
123,0.45881736,0.15588166,0.14516199,0.10666646,0.31365538,0.049215198
124,0.6132325,0.121613264,0.15074041,0.11037116,0.46249208,0.011242107
125,0.4126446,0.08094977,0.09304944,0.075095415,0.31959516,0.0058543533
126,0.47989467,0.055794828,0.08149286,0.04968866,0.3984018,0.006106168
127,0.57989377,0.09204724,0.1403043,0.08811031,0.43958947,0.003936924
128,0.549728,0.091520436,0.13624468,0.09854408,0.4134833,-0.0070236474
129,0.48211682,0.08711064,0.11462778,0.081762776,0.36748904,0.005347863
130,0.46276653,0.050869215,0.070366465,0.04761018,0.39240006,0.0032590367
131,0.4946843,0.040134367,0.087976955,0.068008915,0.40670735,-0.027874548
132,0.3677427,0.086454734,0.10705507,0.08161081,0.26068762,0.004843928
133,0.50948954,0.15463106,0.15692554,0.11490619,0.35256398,0.03972487
134,0.4404503,0.094669476,0.10101976,0.06819515,0.33943054,0.026474327
135,0.49273157,0.082476266,0.09710659,0.06346209,0.395625,0.019014172
136,0.57407933,0.1273517,0.14372225,0.112488486,0.4303571,0.014863215
137,0.33357778,0.068375774,0.06701763,0.050230492,0.26656014,0.018145282
138,0.4469723,0.079571225,0.110906646,0.08186092,0.33606565,-0.0022896975
139,0.34362397,0.037505392,0.0698381,0.04147146,0.27378586,-0.003966067
140,0.46319774,0.11368335,0.1297287,0.09817624,0.33346903,0.015507109
141,0.40232867,0.05792989,0.08105052,0.057203334,0.32127815,0.00072655454
142,0.3699705,0.06867601,0.09827559,0.06953259,0.2716949,-0.00085657835
143,0.39922437,0.06634526,0.110035025,0.08322743,0.28918934,-0.016882174
144,0.34460804,0.088047236,0.11231878,0.079224885,0.23228925,0.008822352
145,0.4759711,0.07939527,0.096822776,0.0606919,0.37914833,0.018703371
146,0.5251969,0.039272957,0.055321135,0.035552952,0.46987578,0.003720004
147,0.30738014,0.048640594,0.08772318,0.06474659,0.21965696,-0.016105995
148,0.5309917,0.11182975,0.108518876,0.08499012,0.4224728,0.026839629
149,0.41455856,0.047981657,0.098876394,0.06867884,0.31568217,-0.020697184
150,0.4205803,0.09427146,0.11552906,0.074719414,0.30505124,0.019552045
151,0.5209683,0.066744976,0.10920864,0.08013037,0.41175967,-0.013385393
152,0.4065062,0.09282474,0.092723444,0.05985598,0.31378275,0.032968763
153,0.5128745,0.054990534,0.07589097,0.055926275,0.43698353,-0.00093574077
154,0.49104694,0.06282827,0.11708887,0.07536803,0.37395805,-0.012539759
155,0.37788215,0.10520466,0.08532799,0.064593874,0.29255417,0.040610783
156,0.3085593,0.06208623,0.08735996,0.051619016,0.22119933,0.010467213
157,0.5218858,0.09243696,0.09966889,0.069780484,0.42221692,0.022656478
158,0.47212654,0.08112305,0.10487159,0.066625714,0.36725494,0.014497332
159,0.49652275,0.14816204,0.17833646,0.13153869,0.31818628,0.016623348
160,0.38900536,0.06253556,0.08138219,0.052348673,0.30762318,0.010186888
161,0.4044577,0.08601323,0.09838641,0.06326198,0.30607128,0.02275125
162,0.3812127,0.059136502,0.07858862,0.056635924,0.3026241,0.0025005788
163,0.601706,0.13182868,0.16322266,0.11669453,0.43848336,0.015134148
164,0.37068406,0.07938921,0.0986195,0.07425131,0.27206457,0.005137898
165,0.45525554,0.055244155,0.082428835,0.058104616,0.3728267,-0.0028604604
166,0.42971665,0.104802206,0.124545336,0.09743377,0.3051713,0.007368438
167,0.4071345,0.027177565,0.08264862,0.06162415,0.3244859,-0.034446586
168,0.4831972,0.061864268,0.11413796,0.08326947,0.36905926,-0.021405201
169,0.36102042,0.07734609,0.087318614,0.062271357,0.2737018,0.01507473
170,0.32346618,0.05670364,0.083897114,0.062113844,0.23956907,-0.0054102056
171,0.37439787,0.084970206,0.12569582,0.081647865,0.24870205,0.0033223405
172,0.42831114,0.06494155,0.08641026,0.061470766,0.3419009,0.0034707822
173,0.50691164,0.08143932,0.09816881,0.066743955,0.40874282,0.014695369
174,0.48554948,0.09023135,0.11423595,0.08322643,0.3713135,0.007004924
175,0.2525857,0.037686087,0.052939992,0.035956033,0.19964571,0.0017300546
176,0.5218587,0.08285816,0.095672786,0.06550898,0.4261859,0.017349184
177,0.46513668,0.1038613,0.1441765,0.09270101,0.32096016,0.011160292
178,0.6010477,0.038304538,0.0699777,0.04621614,0.53107,-0.007911604
179,0.50296074,0.07692665,0.118043974,0.0798677,0.38491678,-0.0029410496
180,0.51590246,0.1314457,0.1327583,0.099965975,0.38314414,0.03147973
181,0.6382571,0.13388814,0.16388714,0.11565336,0.47436994,0.018234782
182,0.4842643,0.10092711,0.11887965,0.09383451,0.36538467,0.007092595
183,0.50568783,0.07435808,0.08812104,0.06031953,0.41756678,0.014038552
184,0.6020788,0.08178113,0.13035658,0.07873971,0.47172222,0.0030414164
185,0.45933393,0.07429084,0.1079824,0.074222,0.35135153,6.8843365e-05
186,0.41465876,0.06147642,0.089379996,0.054126404,0.32527876,0.0073500164
187,0.3672122,0.058830433,0.06986834,0.04957822,0.29734385,0.009252213
188,0.47615078,0.10055666,0.1253575,0.08875817,0.3507933,0.011798486
189,0.530047,0.076600306,0.108969904,0.08338355,0.4210771,-0.006783247
190,0.50117975,0.11183788,0.15802698,0.11911237,0.34315276,-0.0072744936
191,0.59333843,0.06831842,0.12964436,0.08678073,0.46369407,-0.018462308
192,0.5342064,0.076479755,0.096031845,0.06943256,0.43817455,0.0070471987
193,0.55932194,0.08795067,0.098075286,0.07416392,0.46124667,0.013786748
194,0.31844297,0.015840001,0.030512799,0.021703346,0.28793016,-0.0058633443
195,0.3300141,0.037289675,0.053301893,0.04039123,0.2767122,-0.0031015538
196,0.54544777,0.0790401,0.11897838,0.08934279,0.4264694,-0.010302685
197,0.5146942,0.08786682,0.12681177,0.09248538,0.38788244,-0.0046185628
198,0.5107791,0.075202174,0.15169623,0.11237483,0.35908285,-0.037172653
199,0.44796234,0.042852312,0.08574025,0.048900116,0.36222208,-0.006047804
200,0.49376643,0.061273854,0.08700505,0.063567206,0.40676138,-0.002293352
201,0.44295982,0.10315285,0.13511302,0.09920715,0.30784678,0.003945701
202,0.46462998,0.078476526,0.08676208,0.06386523,0.3778679,0.014611296
203,0.20004046,0.032201555,0.037430216,0.028897652,0.16261025,0.0033039022
204,0.4510683,0.08675474,0.096624866,0.07379562,0.35444343,0.012959123
205,0.4584961,0.07581849,0.08377801,0.06607737,0.37471807,0.00974112
206,0.42447385,0.08721508,0.11168118,0.07239438,0.31279266,0.014820702
207,0.57319593,0.103787,0.14572448,0.0979338,0.42747146,0.0058531985
208,0.46519387,0.099494584,0.11943861,0.08769999,0.34575525,0.011794597
209,0.46918088,0.08789495,0.13537335,0.0939099,0.33380753,-0.0060149506
210,0.4643725,0.06487601,0.084827915,0.06357642,0.37954456,0.0012995899
211,0.50555944,0.092629686,0.12625003,0.08853592,0.37930942,0.004093766
212,0.5881025,0.083741814,0.12273598,0.08170502,0.46536654,0.002036795
213,0.45012087,0.07711779,0.08985806,0.0610623,0.3602628,0.016055495
214,0.34634152,0.0733281,0.07757828,0.052620817,0.26876324,0.020707283
215,0.5588583,0.028160313,0.07284427,0.043671843,0.486014,-0.0155115295
216,0.48554847,0.07351114,0.087640956,0.065172546,0.3979075,0.008338593
217,0.40906024,0.07101661,0.097916655,0.06510313,0.31114358,0.005913481
218,0.15902193,0.024477132,0.0371745,0.02974281,0.12184743,-0.005265679
219,0.3324322,0.049405664,0.085831,0.055319987,0.24660121,-0.005914323
220,0.39674255,0.067137614,0.08683977,0.060168542,0.3099028,0.006969072
221,0.49696925,0.09857232,0.13819489,0.09809535,0.35877436,0.00047697127
222,0.3553526,0.04615895,0.07264505,0.060830604,0.28270757,-0.0146716535
223,0.6141466,0.07601014,0.08687194,0.065651186,0.52727467,0.010358952
224,0.58978915,0.09138636,0.13812177,0.09258186,0.45166737,-0.0011954978
225,0.40572265,0.07214513,0.09766029,0.07217422,0.30806237,-2.9094517e-05
226,0.42148036,0.05096223,0.10125722,0.0665612,0.32022315,-0.015598971
227,0.5663299,0.08220227,0.10069139,0.07684855,0.46563852,0.005353719
228,0.43692166,0.08298979,0.09176867,0.06598296,0.34515297,0.01700683
229,0.32312992,0.09190163,0.09626792,0.07284397,0.226862,0.019057661
230,0.45096374,0.06952794,0.09076719,0.063995995,0.36019653,0.0055319443
231,0.31914473,0.077795595,0.08896215,0.07541692,0.23018257,0.0023786724
232,0.50924957,0.04247231,0.06501904,0.04677411,0.44423053,-0.0043018013
233,0.56511784,0.110762455,0.1510586,0.11200549,0.41405922,-0.0012430325
234,0.54599404,0.12080529,0.12077938,0.08959714,0.42521465,0.03120815
235,0.54489774,0.103066385,0.14805251,0.11710246,0.39684522,-0.014036074
236,0.49992093,0.09216014,0.08559439,0.061025847,0.41432655,0.031134296
237,0.3636887,0.06687771,0.09545939,0.07481541,0.2682293,-0.0079377
238,0.5042654,0.0708892,0.11021479,0.086178996,0.39405063,-0.015289798
239,0.5140562,0.12700605,0.13918526,0.10197294,0.37487096,0.025033116
240,0.7812441,0.16015144,0.22833078,0.17060685,0.5529133,-0.010455415
241,0.43755275,0.0883634,0.11218308,0.081771776,0.32536966,0.0065916255
242,0.46360505,0.12770504,0.1373376,0.110291675,0.32626745,0.017413363
243,0.5516463,0.09043605,0.131038,0.092774585,0.42060828,-0.002338536
244,0.5871674,0.07007541,0.17596674,0.100401975,0.41120064,-0.030326568
245,0.36991268,0.06944218,0.08552122,0.062560916,0.28439146,0.006881267
246,0.54221445,0.025929147,0.05377801,0.04216379,0.48843643,-0.016234642
247,0.4293735,0.071613535,0.089257896,0.06600118,0.3401156,0.0056123585
248,0.43718442,0.06583817,0.079788424,0.0636145,0.357396,0.0022236705
249,0.48342657,0.07396302,0.11284645,0.07979834,0.37058014,-0.005835317
250,0.36774436,0.08364904,0.097589895,0.07308544,0.27015448,0.010563597
251,0.43874744,0.03152401,0.099829435,0.058007203,0.338918,-0.026483193
252,0.48146856,0.058731254,0.0792383,0.05666697,0.40223026,0.002064284
253,0.40322876,0.08926656,0.08073332,0.05763804,0.32249543,0.03162852
254,0.41099378,0.124638684,0.14300193,0.09985123,0.26799184,0.024787456
255,0.4123492,0.108918935,0.09334491,0.06683718,0.3190043,0.04208176
256,0.4025726,0.06810962,0.10113875,0.07545526,0.30143386,-0.0073456466
257,0.470839,0.07000286,0.09615156,0.06821101,0.37468743,0.0017918497
258,0.6529724,0.09078492,0.113397315,0.082774766,0.5395751,0.008010156
259,0.29650706,0.08120244,0.075299695,0.05697166,0.22120737,0.024230778
260,0.49960098,0.0846083,0.09265562,0.069705285,0.40694535,0.014903016
261,0.38969672,0.08926567,0.116373815,0.089905925,0.2733229,-0.0006402582
262,0.44747296,0.061646722,0.09746666,0.07701014,0.35000628,-0.015363418
263,0.50284106,0.14874579,0.1802617,0.14516254,0.32257935,0.0035832524
264,0.53949606,0.07666715,0.11579689,0.0734383,0.42369917,0.0032288507
265,0.5124875,0.068930045,0.085604526,0.068305686,0.42688295,0.00062435865
266,0.43690878,0.10273508,0.11679778,0.08204249,0.320111,0.020692587
267,0.54266196,0.08210655,0.10955082,0.075791694,0.43311113,0.006314859
268,0.61395645,0.055145863,0.062731996,0.038519867,0.55122447,0.016625997
269,0.37713343,0.10323889,0.11054083,0.08045961,0.2665926,0.022779278
270,0.5754133,0.16773859,0.22661904,0.17055555,0.34879425,-0.0028169602
271,0.5029454,0.13938463,0.11460606,0.08482576,0.38833937,0.054558866
272,0.3959604,0.091467954,0.08517867,0.06541544,0.31078172,0.026052512
273,0.43358365,0.06178242,0.08968764,0.061062396,0.343896,0.0007200241
274,0.28504956,0.04654603,0.04919374,0.03900063,0.23585582,0.0075454004
275,0.4423576,0.0820584,0.10791471,0.080003574,0.33444288,0.0020548254
276,0.54379696,0.09337462,0.16201846,0.10752121,0.38177848,-0.014146596
277,0.38999024,0.068246305,0.078757495,0.058016874,0.31123275,0.010229431
278,0.5407075,0.078342445,0.1041286,0.07311363,0.43657893,0.0052288175
279,0.51442635,0.15669386,0.14124711,0.10173102,0.37317926,0.054962844
280,0.43093458,0.07224247,0.07722171,0.050082784,0.35371286,0.022159684
281,0.5592839,0.07850257,0.13850558,0.09901454,0.42077833,-0.02051197
282,0.47144264,0.08913279,0.10688031,0.07835174,0.36456233,0.01078105
283,0.3808002,0.052432183,0.116313115,0.07595292,0.2644871,-0.023520734
284,0.50087374,0.06207056,0.08562807,0.06154262,0.41524568,0.0005279407
285,0.37753198,0.065522335,0.090548664,0.06618358,0.2869833,-0.0006612465
286,0.40180546,0.049489696,0.0955468,0.06466375,0.30625868,-0.015174057
287,0.4434814,0.10412146,0.11185449,0.07979219,0.3316269,0.024329275
288,0.61639535,0.12255398,0.17412814,0.12774888,0.4422672,-0.005194895
289,0.37315077,0.12668206,0.074718855,0.04796564,0.2984319,0.07871642
290,0.5584545,0.10592605,0.1375693,0.09645273,0.4208852,0.009473324
291,0.4214933,0.04514175,0.078697726,0.05349035,0.34279555,-0.008348599
292,0.55651706,0.08624344,0.11835611,0.08107857,0.43816096,0.0051648766
293,0.3955324,0.042046227,0.08375527,0.05805677,0.3117771,-0.016010545
294,0.39334702,0.08042786,0.12193759,0.08205779,0.27140945,-0.0016299263
295,0.39699593,0.08199157,0.08865817,0.06636588,0.30833775,0.015625685
296,0.33651027,0.036990043,0.06622723,0.04176266,0.27028304,-0.0047726184
297,0.4701059,0.0043784576,0.03606143,0.021251779,0.43404445,-0.016873322
298,0.47444332,0.050396197,0.079327546,0.0549554,0.39511576,-0.004559204
299,0.43052414,0.08058146,0.10718527,0.0732755,0.32333887,0.0073059574
300,0.51634157,0.120305486,0.14517012,0.11062108,0.37117144,0.009684406
301,0.40266693,0.0724661,0.10878116,0.07772881,0.29388577,-0.00526271
302,0.4128575,0.12687498,0.15665078,0.120337345,0.25620672,0.0065376386
303,0.29748484,0.07659911,0.0926375,0.06335745,0.20484734,0.013241664
304,0.48165205,0.072445504,0.08819633,0.06976168,0.3934557,0.0026838258
305,0.5347299,0.09158996,0.115922965,0.08330339,0.41880694,0.008286566
306,0.72714263,0.1908209,0.28005442,0.19632971,0.4470882,-0.0055088103
307,0.4680659,0.05692712,0.08647455,0.065019146,0.38159132,-0.008092027
308,0.56871986,0.08641545,0.11685485,0.08456026,0.45186502,0.0018551871
309,0.5399446,0.084270425,0.11917001,0.08819417,0.42077458,-0.003923744
310,0.4818571,0.060039707,0.08239239,0.05448901,0.3994647,0.0055506974
311,0.46676293,0.08590719,0.10690725,0.074286565,0.35985568,0.011620626
312,0.27222255,0.07894949,0.0912807,0.071944274,0.18094185,0.0070052147
313,0.413031,0.08167104,0.0768187,0.057292063,0.3362123,0.024378974
314,0.39391747,0.08280477,0.10831968,0.07655386,0.2855978,0.0062509105
315,0.35643145,0.1446745,0.08157726,0.061729323,0.27485418,0.08294517
316,0.55641276,0.1201693,0.16907695,0.12582415,0.3873358,-0.0056548566
317,0.39372507,0.054752745,0.06327347,0.046973918,0.3304516,0.007778827
318,0.55328065,0.1178865,0.11508423,0.08876427,0.43819642,0.029122226
319,0.45291844,0.07363188,0.102872886,0.074758306,0.35004556,-0.0011264235
320,0.547842,0.08293611,0.12890878,0.07818176,0.41893324,0.0047543496
321,0.4628317,0.07849477,0.07886054,0.05538284,0.38397115,0.023111932
322,0.46141046,0.085993536,0.11276351,0.08168784,0.34864694,0.004305698
323,0.5653218,0.05723648,0.09062653,0.064999916,0.47469527,-0.007763434
324,0.49795344,0.101615086,0.14461675,0.100176,0.3533367,0.0014390871
325,0.3568159,0.057357445,0.08561573,0.06342912,0.27120018,-0.006071672
326,0.58677834,0.080164924,0.11076932,0.070117794,0.476009,0.01004713
327,0.45013002,0.07290351,0.119703874,0.078795135,0.33042616,-0.0058916286
328,0.66736233,0.113798976,0.15741922,0.108793154,0.5099431,0.0050058216
329,0.43370423,0.09512844,0.13028006,0.096144356,0.30342418,-0.0010159165
330,0.4631918,0.05804657,0.08019091,0.054733146,0.3830009,0.0033134222
331,0.5637425,0.10089825,0.14105375,0.0861659,0.42268878,0.014732353
332,0.4880585,0.07055756,0.10643844,0.07654671,0.38162005,-0.0059891567
333,0.6280217,0.17623582,0.15267253,0.107734874,0.4753492,0.06850095
334,0.4706744,0.079150245,0.11449884,0.08972345,0.35617554,-0.010573208
335,0.48167685,0.04578414,0.071247324,0.045043837,0.41042954,0.00074030086
336,0.5007396,0.06397791,0.10362144,0.0748198,0.39711815,-0.010841891
337,0.39264816,0.018547976,0.0914268,0.057632755,0.30122137,-0.039084777
338,0.27876738,0.030394265,0.06459174,0.03808128,0.21417564,-0.0076870155
339,0.4029651,0.08604448,0.09838472,0.073612176,0.3045804,0.012432307
340,0.37022457,0.041842658,0.07761724,0.046950977,0.2926073,-0.005108319
341,0.40150183,0.07424557,0.091176115,0.062159777,0.3103257,0.012085795
342,0.29241073,0.077122726,0.10559581,0.07435254,0.18681492,0.0027701855
343,0.5317972,0.09491799,0.11063172,0.08252327,0.42116547,0.012394719
344,0.46685413,0.09746632,0.11175921,0.08014648,0.3550949,0.017319843
345,0.4302739,0.06713259,0.10552492,0.070005834,0.32474896,-0.002873242
346,0.4425666,0.054983564,0.08459615,0.059066534,0.35797045,-0.0040829703
347,0.43865147,0.081545666,0.10724564,0.059462838,0.33140582,0.022082828
348,0.4439008,0.10536392,0.1477272,0.10741198,0.29617357,-0.0020480603
349,0.68942475,0.1498709,0.18489702,0.13493212,0.50452775,0.014938787
350,0.38800246,0.10639583,0.10890015,0.080291085,0.2791023,0.026104748
351,0.39109343,0.08651059,0.08942181,0.063820034,0.30167162,0.022690557
352,0.5521746,0.030227037,0.04275304,0.02639537,0.5094216,0.0038316678
353,0.48463255,0.13040484,0.14150532,0.09856341,0.34312725,0.031841435
354,0.35429692,0.08526628,0.12068558,0.07816644,0.23361135,0.007099837
355,0.46470258,0.13946477,0.08645233,0.06368841,0.37825024,0.07577635
356,0.40056005,0.07877251,0.076293774,0.057623345,0.32426628,0.021149162
357,0.5253776,0.05634367,0.09062006,0.06306467,0.4347575,-0.006721001
358,0.3486967,0.04577126,0.09326113,0.062896654,0.2554356,-0.017125394
359,0.45294923,0.053061347,0.076177396,0.05550202,0.37677184,-0.0024406724
360,0.4494639,0.0695254,0.10006963,0.07374227,0.34939426,-0.004216872
361,0.4313871,0.060957685,0.088315174,0.056967724,0.34307194,0.003989961
362,0.5985584,0.13584246,0.14042145,0.106323436,0.45813698,0.029519022
363,0.506792,0.06960246,0.100881815,0.07106705,0.4059102,-0.0014645904
364,0.40739286,0.05699075,0.0833266,0.06233567,0.32406625,-0.00534492
365,0.41561645,0.06367242,0.09460339,0.068621375,0.32101306,-0.0049489513
366,0.5009439,0.08942898,0.11056898,0.07730324,0.39037493,0.012125745
367,0.47549745,0.13055278,0.17200306,0.120309964,0.3034944,0.01024282
368,0.36954162,0.051899407,0.077562675,0.057837307,0.29197896,-0.0059379004
369,0.37964958,0.08543483,0.10729232,0.07476057,0.27235726,0.010674261
370,0.5033128,0.059165847,0.1056567,0.06944902,0.39765614,-0.010283176
371,0.3901123,0.07692708,0.0851465,0.06034084,0.3049658,0.01658624
372,0.5381708,0.10870463,0.13727617,0.09158099,0.40089464,0.01712364
373,0.46546596,0.050434798,0.07972966,0.058975447,0.3857363,-0.008540649
374,0.6161941,0.16255118,0.19599763,0.14241692,0.4201965,0.020134255
375,0.551556,0.06993199,0.12297241,0.08895849,0.4285836,-0.019026496
376,0.32137454,0.05546894,0.08980376,0.0601381,0.23157078,-0.0046691597
377,0.28028807,0.04958337,0.08886461,0.056107365,0.19142346,-0.006523993
378,0.53785086,0.06241001,0.10514791,0.071654916,0.43270296,-0.009244908
379,0.5529659,0.093884364,0.12319176,0.092978105,0.4297741,0.0009062588
380,0.39052346,0.08796066,0.11629418,0.07861985,0.2742293,0.009340808
381,0.40827665,0.07637842,0.09093453,0.06042707,0.3173421,0.01595135
382,0.4747074,0.048947465,0.07109589,0.053105097,0.4036115,-0.0041576326
383,0.54671466,0.10332828,0.11462542,0.08141107,0.43208924,0.021917209
384,0.5229489,0.07084827,0.10807184,0.081251696,0.4148771,-0.0104034245
385,0.538489,0.09796091,0.10297241,0.07299427,0.43551657,0.024966642
386,0.36902374,0.080384076,0.09551493,0.07411764,0.27350882,0.0062664375
387,0.37470192,0.041565962,0.06667703,0.04947685,0.30802488,-0.007910889
388,0.48434237,0.10916619,0.10588543,0.069270395,0.37845695,0.039895795
389,0.56872547,0.110028155,0.1381059,0.1017483,0.43061957,0.008279853
390,0.44103065,0.105493054,0.10885458,0.08153139,0.3321761,0.023961663
391,0.5174938,0.055891972,0.10862436,0.075396225,0.40886942,-0.019504253
392,0.51876205,0.10321602,0.11095873,0.08435663,0.40780333,0.018859394
393,0.41437027,0.042889625,0.08683525,0.059130907,0.32753503,-0.016241282
394,0.56421477,0.07508682,0.10510228,0.07280173,0.4591125,0.0022850856
395,0.5053602,0.07964988,0.084886804,0.0633703,0.4204734,0.016279578
396,0.43206793,0.066686645,0.0962991,0.065258965,0.33576882,0.0014276803
397,0.42474723,0.07937774,0.092098355,0.07032815,0.33264887,0.009049587
398,0.49329802,0.098493844,0.10873866,0.07295054,0.38455936,0.025543302
399,0.41868457,0.12563063,0.11262636,0.08158342,0.30605823,0.044047214
400,0.25515023,0.037183292,0.055291265,0.038432147,0.19985896,-0.0012488551
401,0.3962177,0.08063847,0.08188978,0.05229314,0.31432793,0.028345328
402,0.53904617,0.099029064,0.118071616,0.085468285,0.42097455,0.013560779
403,0.48686695,0.06762581,0.103442095,0.07755238,0.38342485,-0.009926565
404,0.3483457,0.09478931,0.11749003,0.08760899,0.23085567,0.0071803182
405,0.4718437,0.108139604,0.13154997,0.09280616,0.3402937,0.015333444
406,0.43679783,0.083416186,0.1072551,0.07812619,0.32954273,0.005289994
407,0.3901241,0.06524717,0.089268826,0.071546376,0.30085528,-0.006299205
408,0.39157182,0.08161049,0.09255047,0.06425567,0.29902136,0.017354824
409,0.47323814,0.13342635,0.13541546,0.09787381,0.33782268,0.035552546
410,0.42414275,0.08977976,0.120243,0.08461372,0.30389977,0.005166039
411,0.59768987,0.11879773,0.16423878,0.11527097,0.4334511,0.0035267547
412,0.28405586,0.057373367,0.06737359,0.05009254,0.21668227,0.0072808266
413,0.4619,0.05033062,0.07344567,0.051911782,0.38845432,-0.0015811622
414,0.5182385,0.056606628,0.109271064,0.07443603,0.40896744,-0.017829403
415,0.6995317,0.09509792,0.17221889,0.1172655,0.52731276,-0.022167578
416,0.33535406,0.07130475,0.13160922,0.09674025,0.20374484,-0.0254355
417,0.5360353,0.08289794,0.10177287,0.068897806,0.43426242,0.014000133
418,0.53333044,0.07599815,0.09989829,0.06258221,0.43343216,0.01341594
419,0.37100956,0.05227395,0.06865488,0.05180947,0.3023547,0.00046448037
420,0.469686,0.11186117,0.13277553,0.09564123,0.3369105,0.016219936
421,0.41674745,0.08530891,0.09504083,0.07764496,0.32170662,0.0076639503
422,0.452404,0.060627837,0.118463896,0.07751781,0.3339401,-0.01688997
423,0.48722884,0.12694149,0.15386184,0.11166706,0.333367,0.015274428
424,0.45846605,0.08154318,0.08505617,0.058268555,0.37340987,0.023274623
425,0.38301894,0.06641742,0.065697506,0.04907673,0.31732142,0.01734069
426,0.4204002,0.10524979,0.14678207,0.10939745,0.27361813,-0.0041476563
427,0.41093093,0.100837,0.11998437,0.08899224,0.29094654,0.011844762
428,0.540757,0.055079155,0.08542355,0.0532744,0.45533344,0.0018047541
429,0.46883547,0.065398,0.09157349,0.05985237,0.377262,0.005545631
430,0.54754317,0.1245362,0.17378278,0.11924312,0.3737604,0.0052930787
431,0.50408757,0.07589898,0.10426982,0.07461828,0.39981776,0.0012807027
432,0.46708,0.059888892,0.10958016,0.07599438,0.35749984,-0.016105488
433,0.55309427,0.08970111,0.14243405,0.10046095,0.4106602,-0.010759838
434,0.5453972,0.11052214,0.14924178,0.10788115,0.39615545,0.0026409924
435,0.46778917,0.09989696,0.100071535,0.07042561,0.36771762,0.029471353
436,0.4285684,0.10866802,0.14218968,0.10397838,0.2863787,0.0046896413
437,0.47249183,0.06379612,0.094723485,0.06823076,0.37776834,-0.004434645
438,0.24084486,0.018181913,0.020195449,0.013984183,0.2206494,0.0041977298
439,0.50796413,0.0924594,0.11750537,0.08093586,0.39045876,0.011523545
440,0.48724097,0.06689703,0.09398918,0.060112197,0.39325178,0.0067848302
441,0.30833998,0.07647547,0.09272331,0.06762587,0.21561667,0.0088495985
442,0.32939044,0.043602765,0.06590736,0.04322625,0.26348308,0.0003765151
443,0.46820822,0.06924966,0.13079797,0.09232922,0.33741027,-0.02307956
444,0.49696282,0.11515777,0.17273504,0.10886481,0.32422778,0.0062929615
445,0.59280306,0.10223715,0.15036406,0.10498576,0.44243902,-0.0027486086
446,0.4620452,0.088841684,0.062334917,0.041319095,0.39971027,0.04752259
447,0.391185,0.06541781,0.11086029,0.076304495,0.2803247,-0.010886684
448,0.35510024,0.07031275,0.08253121,0.059525717,0.27256903,0.010787036
449,0.41645968,0.083317906,0.09261997,0.07128576,0.32383972,0.012032144
450,0.5536171,0.07613494,0.10134037,0.07183576,0.45227677,0.004299186
451,0.4929157,0.11782793,0.131385,0.093339786,0.3615307,0.024488144
452,0.47168902,0.06280136,0.10159389,0.066347815,0.37009513,-0.003546454
453,0.5142196,0.076673105,0.11918988,0.08683212,0.3950297,-0.010159016
454,0.5347382,0.08314107,0.11407024,0.07521906,0.42066795,0.007922016
455,0.36694595,0.03718595,0.06230917,0.041991703,0.30463678,-0.004805755
456,0.41248205,0.10810349,0.13654725,0.09231645,0.27593482,0.015787043
457,0.460699,0.06477852,0.09366743,0.06815967,0.36703157,-0.003381148
458,0.42983103,0.04388435,0.0772953,0.05582448,0.35253572,-0.011940129
459,0.54707646,0.10414007,0.12904659,0.08692284,0.41802987,0.017217234
460,0.47237203,0.06976344,0.11473314,0.09084265,0.3576389,-0.021079212
461,0.4832639,0.052745745,0.099955186,0.07654893,0.3833087,-0.023803182
462,0.4740041,0.04175995,0.07180729,0.04767902,0.4021968,-0.005919069
463,0.45500654,0.097813465,0.12706418,0.08422497,0.32794237,0.013588496
464,0.47087184,0.10485967,0.13624457,0.09649694,0.33462727,0.008362733
465,0.47619987,0.11473591,0.12699477,0.10595578,0.34920508,0.008780129
466,0.47565025,0.13654175,0.111733064,0.083954245,0.36391717,0.05258751
467,0.4191534,0.08149988,0.090323135,0.06135557,0.32883024,0.020144314
468,0.50236756,0.07674857,0.113258794,0.077361554,0.38910878,-0.0006129816
469,0.4509237,0.048628703,0.097925365,0.07448642,0.35299835,-0.025857717
470,0.49463266,0.04718189,0.08760067,0.06135317,0.40703198,-0.01417128
471,0.4293319,0.08098051,0.1169626,0.082893565,0.3123693,-0.0019130558
472,0.415536,0.10365684,0.09432064,0.06497829,0.32121533,0.038678557
473,0.5466606,0.045246493,0.09128215,0.06201029,0.45537844,-0.016763795
474,0.57505447,0.10007894,0.13524313,0.098829314,0.43981135,0.0012496263
475,0.5399509,0.08708813,0.13604835,0.09423148,0.40390256,-0.0071433485
476,0.47799414,0.06870392,0.080915496,0.057909478,0.39707863,0.010794442
477,0.49202374,0.07338807,0.088905804,0.06390154,0.40311792,0.009486526
478,0.60190976,0.044492062,0.07848697,0.052628078,0.5234228,-0.008136015
479,0.53273,0.16066325,0.18668726,0.14753076,0.34604272,0.013132483
480,0.42170912,0.053699005,0.06682909,0.048392303,0.35488003,0.005306702
481,0.52311265,0.096130386,0.14989221,0.09571135,0.37322044,0.00041903555
482,0.40606043,0.095676355,0.10253501,0.07070657,0.30352542,0.024969786
483,0.43993053,0.07019047,0.11596211,0.08983852,0.3239684,-0.019648053
484,0.52082145,0.114371575,0.13968644,0.10148885,0.38113502,0.012882724
485,0.39327726,0.05472421,0.086037315,0.055699743,0.30723995,-0.0009755343
486,0.3484206,0.0686424,0.08910664,0.053374816,0.25931394,0.0152675845
487,0.6347228,0.030471338,0.05549445,0.034817956,0.5792284,-0.0043466184
488,0.49825796,0.04684476,0.107703134,0.07452397,0.39055485,-0.027679209
489,0.5161691,0.071994804,0.092739984,0.060332406,0.42342907,0.0116623975
490,0.48253933,0.08610759,0.12363277,0.087223336,0.35890657,-0.0011157468
491,0.361399,0.0631477,0.0921074,0.06316849,0.26929158,-2.078712e-05
492,0.335033,0.07565955,0.089840196,0.0726057,0.2451928,0.0030538514
493,0.30879617,0.062316436,0.07263894,0.055166613,0.23615724,0.007149823
494,0.52672803,0.08083323,0.10308123,0.08165774,0.4236468,-0.00082451105
495,0.46567735,0.058260366,0.09364693,0.060745962,0.37203044,-0.0024855956
496,0.39575934,0.038127642,0.055914454,0.044125922,0.33984488,-0.00599828
497,0.56175536,0.06688982,0.1472549,0.09087104,0.41450047,-0.023981221
498,0.5403766,0.09546212,0.123575285,0.08604033,0.41680133,0.009421788
499,0.3343428,0.043589156,0.05665446,0.04036233,0.27768835,0.0032268278
500,0.3679864,0.073832266,0.07374106,0.05551654,0.29424536,0.018315725
501,0.4261548,0.06677311,0.09233296,0.065311745,0.33382183,0.0014613643
502,0.46146795,0.07790021,0.09382324,0.06900467,0.36764473,0.008895539
503,0.36584502,0.05202457,0.069671884,0.04719356,0.29617316,0.0048310086
504,0.41308174,0.11550224,0.12512149,0.09620229,0.28796023,0.019299947
505,0.3206596,0.11652019,0.116614185,0.08877565,0.20404541,0.02774454
506,0.2929591,0.06571731,0.07458044,0.057459153,0.21837866,0.0082581565
507,0.4668951,0.12875868,0.08888517,0.06070164,0.37800992,0.068057045
508,0.48376667,0.08889212,0.09353099,0.059295557,0.3902357,0.02959656
509,0.433007,0.04964332,0.098685466,0.0615493,0.33432153,-0.011905979
510,0.39221063,0.065045826,0.08781333,0.061948974,0.30439728,0.0030968525
511,0.44824842,0.07791914,0.1174732,0.075288415,0.3307752,0.0026307255
512,0.39309722,0.062006176,0.09623918,0.0732631,0.29685804,-0.011256926
513,0.3980584,0.1028781,0.12756783,0.094647974,0.2704906,0.008230127
514,0.5561577,0.16210176,0.16175064,0.12834902,0.39440706,0.03375274
515,0.5228746,0.07426125,0.09689192,0.07525428,0.42598268,-0.0009930283
516,0.42000633,0.06886392,0.09008699,0.06629308,0.32991934,0.0025708377
517,0.44450602,0.104722165,0.1411958,0.085659675,0.30331022,0.01906249
518,0.57992107,0.09220555,0.09463191,0.07160004,0.48528916,0.020605505
519,0.50141716,0.015818093,0.046300128,0.025936991,0.45511705,-0.010118898
520,0.46485895,0.08070117,0.10923048,0.0765471,0.35562846,0.004154071
521,0.461267,0.060669277,0.09012037,0.05765103,0.37114662,0.003018245
522,0.604206,0.10339639,0.1335437,0.09499304,0.47066233,0.008403353
523,0.32065558,0.06554586,0.07780558,0.06073436,0.24285,0.0048114955
524,0.41302535,0.05359396,0.09398794,0.068266,0.3190374,-0.014672037
525,0.4794807,0.06840594,0.118251935,0.07909025,0.36122876,-0.010684311
526,0.41166267,0.06660586,0.07800681,0.059078038,0.33365586,0.0075278208
527,0.4925567,0.08798861,0.12521012,0.09222188,0.36734658,-0.004233271
528,0.42628995,0.07652408,0.08951767,0.06500377,0.33677226,0.011520311
529,0.53954625,0.111754365,0.16061558,0.10686561,0.3789307,0.004888758
530,0.4970177,0.09818805,0.14286157,0.09856763,0.35415614,-0.00037957728
531,0.49439317,0.10510735,0.12523851,0.098796755,0.36915466,0.006310597
532,0.4181595,0.058838464,0.08768683,0.06483634,0.33047268,-0.005997874
533,0.5208751,0.104006656,0.14980857,0.101289414,0.3710665,0.0027172416
534,0.87749314,0.08052548,0.15178898,0.08815606,0.7257042,-0.007630579
535,0.42532852,0.081948064,0.114139795,0.08056698,0.31118873,0.0013810843
536,0.50146365,0.07580091,0.105465114,0.07993186,0.39599854,-0.004130952
537,0.4546679,0.058737718,0.09473256,0.063431345,0.35993534,-0.0046936274
538,0.4098296,0.071990214,0.1268336,0.08924849,0.282996,-0.017258279
539,0.44654,0.051877204,0.058104437,0.042336438,0.38843557,0.0095407665
540,0.48215744,0.05782302,0.07958129,0.053158663,0.40257615,0.0046643578
541,0.5844404,0.124086425,0.1848031,0.12947884,0.3996373,-0.0053924173
542,0.3981682,0.10853754,0.122548796,0.08090931,0.27561942,0.027628228
543,0.7228369,0.04298074,0.0660515,0.044588454,0.6567854,-0.0016077124
544,0.44678035,0.10166616,0.13700506,0.094236076,0.3097753,0.007430084
545,0.49318904,0.08587266,0.107262254,0.07150935,0.38592678,0.014363311
546,0.42738116,0.063382365,0.08329802,0.04981496,0.34408313,0.013567403
547,0.4427468,0.082818925,0.10186354,0.07594401,0.34088326,0.006874919
548,0.407427,0.06505413,0.09618653,0.06430317,0.3112405,0.00075096637
549,0.47373965,0.062982425,0.119697735,0.08574218,0.35404193,-0.022759758
550,0.5851564,0.009940573,0.04855836,0.023571236,0.536598,-0.013630663
551,0.45821875,0.08278195,0.100840256,0.057635732,0.35737848,0.025146216
552,0.49420288,0.06807617,0.11322788,0.07121186,0.380975,-0.0031356886
553,0.5344317,0.046729118,0.097813964,0.067409895,0.43661773,-0.020680778
554,0.587024,0.1039233,0.12342862,0.08743623,0.46359536,0.01648707
555,0.5978014,0.206889,0.2248605,0.17075293,0.3729409,0.036136076
556,0.40265542,0.10084137,0.10810193,0.08938497,0.2945535,0.0114564
557,0.2948275,0.06432443,0.06736605,0.045380004,0.22746144,0.018944427
558,0.4889572,0.11429142,0.13352653,0.097241335,0.35543066,0.017050087
559,0.41757613,0.049765147,0.07180028,0.054553747,0.34577584,-0.0047886
560,0.5007841,0.11364363,0.14555366,0.10751897,0.35523045,0.0061246604
561,0.44178647,0.081188,0.0998564,0.070218846,0.34193006,0.010969155
562,0.38158977,0.070951335,0.099495694,0.06781305,0.28209406,0.0031382889
563,0.57800967,0.08485911,0.12631878,0.102044046,0.45169088,-0.017184936
564,0.34206963,0.08207342,0.081242576,0.05462264,0.26082706,0.027450781
565,0.45557883,0.09269306,0.1210958,0.08425198,0.33448303,0.008441083
566,0.38714635,0.096903704,0.11066818,0.08181491,0.27647817,0.015088797
567,0.5430607,0.1063305,0.12563972,0.09477717,0.41742098,0.011553332
568,0.5729406,0.078922234,0.119226016,0.084550254,0.45371458,-0.0056280196
569,0.50714535,0.05175772,0.07734835,0.059396755,0.429797,-0.0076390356
570,0.43486023,0.09987392,0.06818125,0.04951691,0.36667898,0.050357014
571,0.4877599,0.09502589,0.12811117,0.0896579,0.3596487,0.005367987
572,0.43129528,0.10818326,0.09174248,0.059565805,0.3395528,0.048617452
573,0.37210348,0.05197496,0.08601985,0.06496057,0.28608364,-0.0129856095
574,0.46062827,0.09789995,0.13028441,0.093649924,0.33034384,0.0042500272
575,0.43912616,0.04610211,0.07160914,0.041535817,0.36751702,0.004566293
576,0.3537279,0.034743074,0.069925085,0.04485149,0.2838028,-0.010108415
577,0.45302987,0.0694996,0.09803928,0.0678,0.3549906,0.0016995966
578,0.35895452,0.058099497,0.07001804,0.056523584,0.2889365,0.0015759133
579,0.68694913,0.04596404,0.08498186,0.059615307,0.6019673,-0.013651267
580,0.5466395,0.056775942,0.08877915,0.06596492,0.45786035,-0.00918898
581,0.41914195,0.071986735,0.09159522,0.06857189,0.32754672,0.003414847
582,0.3734148,0.08528456,0.097032785,0.069148585,0.27638203,0.016135976
583,0.5412524,0.10625098,0.11559943,0.09072494,0.42565295,0.015526041
584,0.4226545,0.08827061,0.10073264,0.074484274,0.32192189,0.013786338
585,0.51216155,0.14652069,0.18014035,0.13544865,0.3320212,0.01107204
586,0.48088232,0.06846119,0.103855565,0.07606014,0.37702674,-0.0075989515
587,0.52021277,0.12778221,0.14911701,0.11001512,0.37109578,0.017767094
588,0.49168596,0.09638584,0.1299537,0.08929405,0.36173224,0.007091783
589,0.47348547,0.079278745,0.11040016,0.06725308,0.3630853,0.012025662
590,0.47717017,0.09376277,0.082523204,0.057728417,0.39464697,0.036034353
591,0.46070284,0.051921204,0.105304375,0.07245718,0.35539848,-0.020535976
592,0.48235947,0.07986959,0.10885682,0.083283246,0.37350264,-0.0034136549
593,0.4719496,0.03932183,0.05684017,0.03528852,0.41510943,0.0040333085
594,0.39079216,0.07427531,0.081172064,0.060833085,0.30962008,0.013442222
595,0.57494766,0.08724649,0.11969881,0.08217351,0.45524883,0.005072981
596,0.5031161,0.08184295,0.14362933,0.097841226,0.35948676,-0.015998274
597,0.62539876,0.027523128,0.04509443,0.032654084,0.5803043,-0.005130956
598,0.47016084,0.08526228,0.116875075,0.08350048,0.35328576,0.0017618015
599,0.35558018,0.044298798,0.06096192,0.044394802,0.29461825,-9.6004456e-05
600,0.5417788,0.050308205,0.12438729,0.08449582,0.4173915,-0.034187615
601,0.41339242,0.089904994,0.08959092,0.06267084,0.32380152,0.027234152
602,0.38854122,0.057061594,0.09688411,0.07250691,0.29165712,-0.015445318
603,0.5153549,0.026546076,0.061846305,0.04296682,0.45350856,-0.016420744
604,0.50558376,0.070266336,0.11085002,0.078759894,0.39473373,-0.008493558
605,0.36667114,0.078018636,0.0932706,0.073440574,0.27340055,0.0045780614
606,0.54038215,0.071439184,0.13903773,0.09324551,0.40134442,-0.021806322
607,0.30058753,0.037649017,0.05693196,0.039329648,0.24365558,-0.0016806312
608,0.45627916,0.06271744,0.09025213,0.05537005,0.36602703,0.0073473863
609,0.39845446,0.10299401,0.122464456,0.105432354,0.27599,-0.002438344
610,0.4767125,0.09838575,0.14489964,0.09837021,0.33181286,1.5541911e-05
611,0.41030356,0.057654448,0.08031043,0.05628846,0.32999313,0.0013659894
612,0.42759353,0.082845844,0.106641114,0.07564304,0.32095242,0.007202804
613,0.34882075,0.088703506,0.09236809,0.0713905,0.25645265,0.017313004
614,0.3749503,0.06740908,0.073529266,0.05301538,0.30142102,0.014393702
615,0.45877364,0.08675302,0.111281976,0.07649115,0.34749168,0.010261871
616,0.5051989,0.094656624,0.104599595,0.07643744,0.4005993,0.01821918
617,0.26992422,0.035575844,0.05272428,0.038010865,0.21719995,-0.002435021
618,0.45713198,0.06703955,0.09712143,0.06359946,0.36001056,0.0034400895
619,0.4472991,0.05190968,0.09436951,0.060089193,0.3529296,-0.008179512
620,0.45894122,0.0867333,0.10423015,0.077016845,0.35471106,0.009716451
621,0.5791203,0.0797767,0.11671945,0.08548604,0.46240082,-0.0057093427
622,0.4802915,0.07242024,0.13708961,0.086929746,0.34320188,-0.0145095065
623,0.5796841,0.10050987,0.12244904,0.09157315,0.45723504,0.008936718
624,0.4721873,0.06961868,0.09104916,0.067945786,0.38113815,0.0016728938
625,0.39004216,0.08244544,0.11307903,0.08482967,0.2769631,-0.0023842305
626,0.63475025,0.12644783,0.16083984,0.11768518,0.4739104,0.00876265
627,0.47690365,0.07036208,0.097271144,0.07245819,0.3796325,-0.002096109
628,0.33499986,0.026015429,0.056090236,0.034092814,0.27890962,-0.008077385
629,0.30068862,0.042267863,0.060865737,0.04191757,0.2398229,0.00035029277
630,0.434308,0.047661427,0.08161242,0.058539845,0.35269558,-0.010878418
631,0.6258097,0.020321386,0.03759301,0.028236214,0.5882167,-0.007914828
632,0.39776087,0.06531551,0.08605002,0.065210275,0.31171083,0.000105232
633,0.39035007,0.046882,0.06973639,0.04412354,0.32061368,0.0027584583
634,0.35366717,0.036229815,0.05132679,0.038645953,0.3023404,-0.0024161376
635,0.51893383,0.09242633,0.10672963,0.07399739,0.4122042,0.018428937
636,0.48153836,0.068938226,0.10994641,0.08221634,0.37159196,-0.013278112
637,0.45074546,0.08112638,0.111781694,0.07923513,0.33896378,0.0018912479
638,0.48404345,0.03203744,0.04067981,0.028361335,0.44336364,0.0036761053
639,0.4294939,0.08874935,0.113394536,0.08435454,0.31609938,0.004394807
640,0.5263679,0.13084006,0.14161684,0.10660223,0.38475108,0.024237834
641,0.4228418,0.07141642,0.091996595,0.062870786,0.33084518,0.008545637
642,0.44189185,0.124003455,0.1108139,0.08320024,0.33107793,0.040803216
643,0.48252624,0.07295545,0.15191117,0.09269686,0.33061507,-0.019741409
644,0.4797497,0.067429826,0.09926968,0.07674742,0.38048002,-0.009317592
645,0.27769786,0.064678594,0.069843516,0.054082274,0.20785435,0.01059632
646,0.48730206,0.06280722,0.100748464,0.06971078,0.3865536,-0.0069035664
647,0.39164507,0.07314547,0.097017206,0.066691175,0.29462788,0.0064542964
648,0.39406765,0.08741555,0.07524925,0.058648624,0.3188184,0.02876693
649,0.452559,0.08400079,0.08158107,0.0617126,0.37097794,0.022288188
650,0.39450774,0.06745297,0.06838752,0.052258313,0.3261202,0.015194654
651,0.33636153,0.063417144,0.08153529,0.052167274,0.25482625,0.01124987
652,0.39767188,0.08631201,0.105351724,0.075429104,0.29232016,0.010882907
653,0.54174703,0.110800065,0.1390529,0.10184765,0.40269414,0.0089524165
654,0.35468096,0.07377311,0.072688244,0.049839668,0.2819927,0.02393344
655,0.47835672,0.073242664,0.12286012,0.08538921,0.3554966,-0.012146547
656,0.56324905,0.0925036,0.11760149,0.08703426,0.44564757,0.005469337
657,0.29736194,0.04886638,0.06108568,0.04198969,0.23627627,0.0068766885
658,0.64624894,0.017145868,0.044774327,0.027029907,0.6014746,-0.009884039
659,0.5190116,0.0684944,0.09964838,0.068224564,0.41936323,0.00026983768
660,0.4304649,0.086262554,0.07616152,0.06388156,0.35430336,0.022380993
661,0.45012665,0.060593244,0.098127075,0.07212276,0.35199958,-0.011529516
662,0.6501504,0.16003378,0.18623933,0.14157076,0.4639111,0.018463016
663,0.43774292,0.10769667,0.12550539,0.086742975,0.31223753,0.020953692
664,0.50545627,0.06863257,0.11278117,0.079334095,0.3926751,-0.010701522
665,0.49270397,0.084653616,0.10737479,0.07960915,0.3853292,0.0050444677
666,0.42923495,0.05502988,0.09077301,0.06328415,0.33846194,-0.008254271
667,0.47999704,0.03254005,0.05516368,0.039367534,0.42483336,-0.006827485
668,0.44380778,0.051344678,0.09370427,0.06716177,0.3501035,-0.01581709
669,0.48024896,0.13125128,0.14203373,0.0855305,0.33821523,0.04572078
670,0.45141953,0.04125359,0.06567383,0.047196113,0.3857457,-0.0059425235
671,0.5606279,0.066495515,0.0900137,0.05838231,0.4706142,0.008113205
672,0.46371174,0.11709218,0.14492607,0.10658026,0.31878567,0.01051192
673,0.30808255,0.040868577,0.05890581,0.04058345,0.24917674,0.00028512627
674,0.5522372,0.109864265,0.13112862,0.09809603,0.4211086,0.011768237
675,0.36779776,0.025132854,0.059710316,0.043941937,0.30808744,-0.018809084
676,0.45711213,0.06440337,0.1039256,0.06364427,0.35318655,0.0007591024
677,0.4271038,0.07133733,0.09172,0.070849314,0.33538377,0.00048801303
678,0.60111856,0.07394463,0.09376194,0.070841804,0.50735664,0.003102824
679,0.49134985,0.09051398,0.09972574,0.06733481,0.3916241,0.023179173
680,0.5445518,0.16781351,0.18343495,0.15117535,0.36111683,0.01663816
681,0.47480673,0.0779259,0.11210851,0.074825086,0.3626982,0.0031008124
682,0.5104981,0.087570414,0.11669032,0.06551845,0.39380777,0.02205196
683,0.44216096,0.080358796,0.0757453,0.053391106,0.36641568,0.02696769
684,0.47910088,0.07653425,0.1586568,0.09987718,0.32044408,-0.02334293
685,0.54352766,0.10134565,0.12987362,0.08932683,0.41365403,0.012018822
686,0.49355614,0.07466164,0.08669783,0.071019575,0.40685833,0.0036420673
687,0.4745655,0.04961245,0.069135785,0.04928757,0.40542972,0.00032488257
688,0.47818455,0.08423984,0.09717499,0.054843627,0.38100958,0.029396214
689,0.20286632,0.019191181,0.036179252,0.028389161,0.16668707,-0.00919798
690,0.3993943,0.10077072,0.116459414,0.08492889,0.2829349,0.015841827
691,0.5679523,0.10660308,0.14373727,0.10177915,0.42421502,0.0048239306
692,0.37115574,0.073544905,0.09020652,0.071813874,0.28094923,0.0017310306
693,0.4599618,0.07482637,0.11049278,0.07313521,0.349469,0.0016911551
694,0.52089167,0.061983645,0.09678831,0.07054611,0.42410335,-0.008562468
695,0.46281153,0.06865539,0.113728926,0.07793186,0.3490826,-0.009276472
696,0.3795206,0.09932331,0.10448134,0.07781514,0.27503926,0.021508172
697,0.42176718,0.061437827,0.07595126,0.054189753,0.3458159,0.007248074
698,0.31948087,0.054928705,0.07893381,0.06430916,0.24054706,-0.009380452
699,0.5839743,0.10328036,0.11471697,0.085946836,0.46925732,0.017333522
700,0.35811383,0.042637337,0.090289794,0.06160422,0.26782402,-0.018966883
701,0.5940117,0.024892151,0.047678646,0.031570494,0.5463331,-0.006678343
702,0.31386545,0.06370984,0.07029628,0.049308084,0.24356917,0.014401756
703,0.56355965,0.059423868,0.09974437,0.06615802,0.46381527,-0.0067341514
704,0.55366,0.114872545,0.12876159,0.08963968,0.4248984,0.025232866
705,0.4688561,0.090173185,0.1524755,0.110796236,0.3163806,-0.02062305
706,0.37933433,0.05420455,0.07772025,0.05420081,0.30161408,3.7401915e-06
707,0.44227493,0.08201816,0.12158593,0.083721876,0.320689,-0.0017037168
708,0.52699405,0.100072086,0.14086181,0.09196189,0.38613224,0.008110195
709,0.80537474,0.003809784,0.050594013,0.027144631,0.7547807,-0.023334848
710,0.54559845,0.07955181,0.10300489,0.07829805,0.44259357,0.0012537614
711,0.43445885,0.109243706,0.079756185,0.0658261,0.35470265,0.043417603
712,0.48420617,0.08595551,0.12428758,0.08952291,0.3599186,-0.003567405
713,0.64488965,0.17038706,0.22350748,0.14147797,0.4213822,0.028909087
714,0.5710361,0.12398453,0.18276748,0.11074825,0.38826862,0.013236284
715,0.48877844,0.082609996,0.09614614,0.069992974,0.3926323,0.012617022
716,0.49684775,0.13907732,0.18600777,0.13696851,0.31083998,0.0021088123
717,0.6174304,0.11101667,0.08453409,0.06190159,0.5328963,0.049115077
718,0.46089962,0.06251254,0.0852353,0.059975613,0.37566432,0.0025369264
719,0.31406692,0.07621991,0.083400175,0.061882507,0.23066674,0.014337402
720,0.49029797,0.052748274,0.06611578,0.051084947,0.42418218,0.0016633272
721,0.499248,0.092724964,0.14100055,0.093436465,0.35824746,-0.00071150064
722,0.48935944,0.10065375,0.15243052,0.10584384,0.3369289,-0.0051900893
723,0.4510014,0.07877999,0.10246152,0.07300465,0.3485399,0.00577534
724,0.44339728,0.047196493,0.087775886,0.056287058,0.3556214,-0.009090565
725,0.47626787,0.079432525,0.11049169,0.077802174,0.36577618,0.001630351
726,0.44512656,0.07318243,0.09562227,0.07081376,0.3495043,0.0023686662
727,0.4231839,0.14649479,0.12884584,0.11051674,0.29433805,0.03597805
728,0.47124636,0.0601741,0.0831535,0.05472123,0.38809288,0.0054528713
729,0.42544356,0.058969524,0.09079191,0.062210284,0.33465165,-0.0032407604
730,0.27479216,0.043137625,0.07101009,0.047003016,0.20378208,-0.003865391
731,0.3269794,0.066666305,0.094074704,0.0668622,0.2329047,-0.00019589812
732,0.71668404,0.035224278,0.05826667,0.04418876,0.65841734,-0.008964483
733,0.4743275,0.06593021,0.100287534,0.07042177,0.37403998,-0.00449156
734,0.25968808,0.050246097,0.06453836,0.04261806,0.19514972,0.0076280385
735,0.5196983,0.078458734,0.13982716,0.098902285,0.37987116,-0.020443551
736,0.3636649,0.053035617,0.066987135,0.046089135,0.29667777,0.0069464818
737,0.4860856,0.0752299,0.15928064,0.09763447,0.32680494,-0.022404574
738,0.5857961,0.089425735,0.11057731,0.08623681,0.4752188,0.003188923
739,0.6315865,0.070199825,0.1175765,0.075508215,0.51401,-0.0053083897
740,0.55459696,0.11569896,0.15347439,0.11667738,0.40112257,-0.0009784177
741,0.5783613,0.14706263,0.1396194,0.110677026,0.43874186,0.036385603
742,0.3909169,0.06830034,0.09439641,0.06387369,0.2965205,0.0044266433
743,0.35007018,0.0731087,0.072804,0.056773555,0.27726617,0.016335148
744,0.3718823,0.04868594,0.06526032,0.050863177,0.30662197,-0.0021772347
745,0.35015085,0.04807311,0.07437719,0.05272954,0.27577367,-0.0046564303
746,0.4708124,0.043610167,0.08646845,0.06363757,0.38434395,-0.020027403
747,0.5253989,0.082794234,0.09876001,0.06630216,0.4266389,0.016492076
748,0.40030888,0.0981542,0.11987139,0.0926457,0.28043747,0.005508505
749,0.3004183,0.03277072,0.051186305,0.03453269,0.24923198,-0.0017619692
750,0.4392789,0.05941643,0.10080761,0.06855763,0.3384713,-0.009141199
751,0.5799589,0.11512882,0.18308525,0.13546625,0.39687365,-0.020337425
752,0.4559999,0.05928452,0.10185144,0.06476992,0.35414848,-0.0054854043
753,0.6073513,0.12541091,0.15664902,0.10740185,0.45070228,0.018009067
754,0.369263,0.083818525,0.08608676,0.06349341,0.28317624,0.020325117
755,0.52885234,0.11425124,0.13050213,0.098459914,0.3983502,0.015791327
756,0.43659696,0.083100885,0.11643205,0.08813866,0.32016492,-0.005037777
757,0.35137504,0.042913962,0.0634896,0.046326347,0.28788543,-0.0034123845
758,0.37605354,0.07626751,0.09605611,0.06731363,0.27999744,0.008953884
759,0.5294848,0.09504918,0.10534594,0.08212403,0.42413887,0.012925148
760,0.574308,0.088055536,0.11254647,0.07294656,0.4617615,0.015108973
761,0.43564272,0.059611335,0.10811403,0.08028086,0.3275287,-0.020669527
762,0.5856364,0.095952176,0.13727948,0.090806946,0.4483569,0.0051452294
763,0.27038288,0.03234874,0.046040293,0.030981418,0.22434258,0.0013673231
764,0.6125361,0.09791426,0.1215801,0.08841246,0.49095598,0.0095018
765,0.44796553,0.042732537,0.09220277,0.06293702,0.35576278,-0.020204484
766,0.41550887,0.07873629,0.08243264,0.06384399,0.33307624,0.014892302
767,0.5553497,0.111978844,0.1508014,0.09534546,0.4045483,0.016633384
768,0.4913514,0.09813323,0.10870739,0.0799555,0.382644,0.018177725
769,0.29771656,0.040809225,0.0707373,0.0460935,0.22697926,-0.005284276
770,0.3732175,0.08809948,0.114993535,0.08218467,0.25822395,0.0059148073
771,0.52525204,0.100402705,0.13402313,0.08560856,0.3912289,0.0147941485
772,0.5152854,0.09627844,0.11815822,0.07796551,0.39712715,0.018312924
773,0.46683645,0.11469361,0.119838394,0.09883355,0.34699807,0.015860058
774,0.43316567,0.12833107,0.12210263,0.09135422,0.31106305,0.036976844
775,0.43327084,0.07683013,0.060200572,0.039666213,0.37307027,0.037163913
776,0.7105616,0.028092884,0.041315056,0.032784317,0.6692465,-0.004691433
777,0.48711464,0.08376668,0.10214396,0.08092337,0.38497066,0.0028433055
778,0.502913,0.06261655,0.11693487,0.078722194,0.38597813,-0.016105644
779,0.44996408,0.07473768,0.108607486,0.06697036,0.34135658,0.0077673197
780,0.44202155,0.060776222,0.10334243,0.06581615,0.33867913,-0.0050399266
781,0.4379366,0.069627315,0.084763065,0.06171993,0.35317355,0.007907383
782,0.4417186,0.07137428,0.112389505,0.08088469,0.3293291,-0.009510405
783,0.37930644,0.09810743,0.12031491,0.08163424,0.25899154,0.016473189
784,0.44362792,0.1803964,0.19698861,0.1317378,0.24663931,0.048658594
785,0.39295942,0.07540334,0.107966065,0.072370365,0.28499335,0.003032975
786,0.40246588,0.07691383,0.0952048,0.06906141,0.30726108,0.00785242
787,0.4389274,0.0887098,0.104323946,0.076510146,0.33460346,0.012199655
788,0.533194,0.08212064,0.12757592,0.090282425,0.40561807,-0.008161783
789,0.28348237,0.04006816,0.05381195,0.039325505,0.22967042,0.00074265525
790,0.33285525,0.06461571,0.07913072,0.05599313,0.25372455,0.008622583
791,0.40918845,0.07154976,0.08393895,0.06215299,0.3252495,0.009396769
792,0.60796326,0.11387336,0.17015049,0.12524197,0.43781278,-0.0113686025
793,0.52606004,0.09802486,0.12223782,0.08847214,0.40382224,0.009552717
794,0.43400458,0.054229062,0.08528113,0.0678883,0.34872344,-0.013659235
795,0.29043648,0.07413757,0.0799876,0.05432267,0.21044888,0.019814897
796,0.4341051,0.054001503,0.084218934,0.06788855,0.34988618,-0.013887048
797,0.48103356,0.12979715,0.14185157,0.10170343,0.339182,0.028093718
798,0.44551548,0.104591906,0.13577834,0.08903092,0.30973715,0.015560985
799,0.48062813,0.103473626,0.12411904,0.08586904,0.3565091,0.01760459
800,0.52277374,0.08136062,0.107128784,0.076818466,0.41564494,0.004542157
801,0.764491,0.027336106,0.050673537,0.040247984,0.7138175,-0.0129118785
802,0.47309482,0.085214704,0.11337364,0.08592071,0.35972118,-0.0007060021
803,0.48921058,0.040831815,0.08390868,0.06046171,0.4053019,-0.019629896
804,0.5244937,0.07001254,0.11236274,0.06679187,0.41213095,0.00322067
805,0.44046214,0.08510501,0.08181275,0.060598463,0.3586494,0.024506547
806,0.41913763,0.051892277,0.08364397,0.062425233,0.33549365,-0.010532957
807,0.5417464,0.08490693,0.113917306,0.08380897,0.4278291,0.0010979548
808,0.35039443,0.06251564,0.087751165,0.05565059,0.26264328,0.006865047
809,0.41006732,0.08063287,0.12578985,0.09052829,0.28427747,-0.009895414
810,0.48724616,0.104642436,0.102220714,0.079959154,0.38502544,0.024683282
811,0.4164749,0.034196153,0.06141404,0.04496461,0.35506088,-0.010768458
812,0.5080954,0.095124416,0.13138585,0.09685741,0.37670952,-0.0017329976
813,0.50762707,0.14686126,0.13593367,0.111275986,0.3716934,0.03558527
814,0.39387056,0.05440704,0.08744401,0.063049614,0.30642655,-0.008642573
815,0.48848417,0.06044876,0.108357415,0.0812172,0.38012677,-0.020768441
816,0.38811702,0.08621176,0.09545604,0.06882471,0.29266098,0.017387055
817,0.29297566,0.06687345,0.07386424,0.053416807,0.21911143,0.013456646
818,0.44853655,0.05937864,0.10280353,0.06687572,0.34573302,-0.0074970797
819,0.5112411,0.036965486,0.044033248,0.029086778,0.46720782,0.007878708
820,0.4227971,0.09212612,0.10786376,0.07935554,0.31493336,0.012770586
821,0.578226,0.050161034,0.07472801,0.0523865,0.50349796,-0.002225466
822,0.19577506,0.039328273,0.054497015,0.0434793,0.14127804,-0.0041510276
823,0.33333078,0.045469385,0.08544959,0.056333862,0.24788119,-0.010864478
824,0.41553795,0.097279206,0.09325515,0.06490866,0.3222828,0.032370545
825,0.34218386,0.0370051,0.07464655,0.054607116,0.2675373,-0.017602015
826,0.38844424,0.10014318,0.1245754,0.09541017,0.26386884,0.004733011
827,0.37405488,0.027562836,0.07071335,0.045276046,0.30334154,-0.01771321
828,0.43154842,0.050039627,0.075137496,0.051151264,0.35641092,-0.0011116378
829,0.67210966,0.08408376,0.13848783,0.08264232,0.53362185,0.0014414415
830,0.59751016,0.052695964,0.0809184,0.050669413,0.5165918,0.0020265505
831,0.36874735,0.10346086,0.10880126,0.0870683,0.2599461,0.016392566
832,0.3785717,0.056963686,0.089148,0.06239456,0.2894237,-0.0054308735
833,0.4721136,0.09957041,0.076304324,0.054710615,0.3958093,0.044859793
834,0.49934784,-0.0034029882,0.027472872,0.01503056,0.47187495,-0.018433549
835,0.47383502,0.060576048,0.084551975,0.0664651,0.38928306,-0.0058890544
836,0.47317255,0.087900154,0.10579492,0.07099636,0.36737764,0.016903795
837,0.49441728,0.06366055,0.097190134,0.068343684,0.39722714,-0.004683137
838,0.42922902,0.09778668,0.11933093,0.08051083,0.30989808,0.017275847
839,0.36570978,0.04274758,0.06947106,0.048017703,0.29623872,-0.0052701235
840,0.4229518,0.060065024,0.08009901,0.06520711,0.34285277,-0.0051420853
841,0.54010063,0.10818583,0.13927342,0.105439976,0.40082723,0.0027458519
842,0.42145854,0.070396945,0.066976346,0.049704086,0.3544822,0.020692859
843,0.26767492,0.055570535,0.07222159,0.0496841,0.19545333,0.0058864355
844,0.6166294,0.14808665,0.18529691,0.14327875,0.43133253,0.0048079044
845,0.3813638,0.07460331,0.088677414,0.06666955,0.2926864,0.007933758
846,0.44189012,0.030917984,0.04870071,0.031943493,0.3931894,-0.0010255091
847,0.35585237,0.05320946,0.09058069,0.057189204,0.26527166,-0.0039797425
848,0.23568933,0.030712947,0.056975044,0.029936582,0.17871428,0.0007763654
849,0.4200248,0.0703195,0.09472217,0.066930845,0.32530266,0.0033886582
850,0.45196515,0.05793762,0.095647015,0.065672874,0.35631815,-0.007735256
851,0.5004162,0.103920564,0.15607785,0.10187055,0.34433836,0.0020500124
852,0.4890238,0.11358724,0.12355741,0.09621181,0.3654664,0.017375425
853,0.56307805,0.11739458,0.13769466,0.10487051,0.4253834,0.012524068
854,0.48251337,0.05423283,0.10284662,0.06442392,0.37966675,-0.01019109
855,0.49617493,0.043553304,0.10319313,0.058171533,0.3929818,-0.014618229
856,0.35058725,0.045944314,0.046711385,0.03258232,0.30387586,0.013361994
857,0.22653188,0.034854848,0.042046458,0.029631447,0.18448542,0.005223401
858,0.4791069,0.12782532,0.14783171,0.0992157,0.3312752,0.028609619
859,0.45530137,0.07530633,0.11328628,0.086282656,0.3420151,-0.010976322
860,0.37158576,0.052470226,0.08222668,0.06069825,0.2893591,-0.008228023
861,0.50176394,0.127113,0.12393252,0.08695985,0.37783143,0.040153153
862,0.53401244,0.13229963,0.13038622,0.094931,0.4036262,0.037368633
863,0.35399485,0.070884526,0.079123534,0.06037993,0.27487132,0.010504596
864,0.5651827,0.078792885,0.13823886,0.09424088,0.42694384,-0.015447997
865,0.48903978,0.0441561,0.10647259,0.077716485,0.3825672,-0.033560384
866,0.5338084,0.10512386,0.1030436,0.071417555,0.4307648,0.033706307
867,0.50166726,0.116375744,0.1389589,0.10599544,0.36270836,0.010380305
868,0.40343323,0.11412248,0.123849675,0.09039705,0.27958357,0.023725428
869,0.54636127,0.09215783,0.07895023,0.06306875,0.46741104,0.029089086
870,0.46427032,0.07740646,0.09804909,0.0659927,0.36622125,0.0114137605
871,0.358541,0.12940435,0.12183312,0.083899066,0.2367079,0.045505285
872,0.69331825,0.06632951,0.11831532,0.08529766,0.5750029,-0.01896815
873,0.46017,0.06796939,0.10037211,0.0768566,0.3597979,-0.008887209
874,0.38128856,0.11064622,0.08857348,0.06955644,0.29271507,0.04108978
875,0.57279736,0.032738853,0.0450509,0.029813414,0.52774644,0.0029254388
876,0.5367673,0.11032498,0.11280383,0.0831354,0.4239635,0.027189575
877,0.56843054,0.10954106,0.13274169,0.0924782,0.43568885,0.017062858
878,0.4179805,0.09536097,0.11129216,0.0783581,0.30668834,0.017002873
879,0.4466199,0.04152319,0.048313525,0.035686303,0.39830637,0.0058368854
880,0.4341848,0.04880276,0.08817623,0.061746985,0.34600857,-0.012944225
881,0.64976376,0.10132235,0.14970191,0.10898514,0.50006187,-0.007662788
882,0.47201318,0.06995386,0.080617346,0.05683001,0.39139584,0.013123848
883,0.5624125,0.08957451,0.12507024,0.086382434,0.43734226,0.0031920746
884,0.5123675,0.087018415,0.14475626,0.086238235,0.36761123,0.0007801801
885,0.5260094,0.058941096,0.08440096,0.052776016,0.44160843,0.00616508
886,0.42186493,0.07823356,0.0920753,0.06774758,0.32978964,0.010485984
887,0.5383098,0.05733521,0.09052505,0.060110204,0.44778475,-0.0027749948
888,0.4021288,0.09914375,0.12773412,0.09031115,0.27439466,0.008832604
889,0.42149478,0.086798,0.1033352,0.07649751,0.31815958,0.010300487
890,0.50626004,0.07562304,0.09640599,0.063855186,0.40985405,0.011767857
891,0.47105342,0.11329249,0.16906254,0.13058886,0.30199087,-0.017296366
892,0.41987395,0.060616925,0.08052738,0.05089107,0.3393466,0.009725854
893,0.35276037,0.08123036,0.100795686,0.076861106,0.2519647,0.0043692514
894,0.7250659,0.11954828,0.15470412,0.10402702,0.57036173,0.015521266
895,0.42573527,0.10423704,0.09694438,0.076685436,0.3287909,0.027551606
896,0.526979,0.099423334,0.11651909,0.088803664,0.41045994,0.01061967
897,0.5055897,0.06407504,0.073746465,0.05206593,0.43184325,0.012009107
898,0.42470667,0.036046714,0.08966103,0.060597084,0.33504564,-0.02455037
899,0.5281025,0.10055808,0.14874369,0.10762598,0.37935883,-0.007067904
900,0.4481844,0.08424977,0.103932574,0.07776494,0.3442518,0.006484829
901,0.3723109,0.089567184,0.10054018,0.06652296,0.27177072,0.023044221
902,0.4534885,0.0671749,0.118991934,0.07686926,0.33449656,-0.00969436
903,0.27789137,0.044754054,0.07008858,0.046788022,0.20780279,-0.0020339675
904,0.5493776,0.08714272,0.13381353,0.098199375,0.4155641,-0.011056654
905,0.32269022,0.068796836,0.093436375,0.06068199,0.22925384,0.008114845
906,0.50068295,0.08789568,0.15214911,0.10171805,0.34853384,-0.013822377
907,0.4094282,0.07204197,0.13012806,0.085331194,0.27930015,-0.013289221
908,0.39819026,0.050707366,0.091333635,0.067304574,0.30685663,-0.016597208
909,0.5374203,0.070368685,0.10509976,0.0742081,0.4323205,-0.0038394183
910,0.26749554,0.09045501,0.08955325,0.062755935,0.17794229,0.027699076
911,0.45404917,0.049912725,0.088264674,0.05709516,0.3657845,-0.007182434
912,0.46325797,0.070512064,0.10296714,0.06843482,0.36029083,0.0020772442
913,0.40438098,0.088622175,0.1066518,0.07597457,0.2977292,0.012647606
914,0.4306138,0.057504673,0.085120216,0.062173523,0.34549356,-0.0046688505
915,0.6127949,0.116278425,0.17659271,0.108182594,0.43620217,0.008095831
916,0.5190994,0.11837287,0.12992485,0.099502034,0.38917458,0.018870838
917,0.47812402,0.07402761,0.109287664,0.08308794,0.36883634,-0.009060331
918,0.3465999,0.068095945,0.081841946,0.05791845,0.26475796,0.010177493
919,0.49358553,0.07095783,0.10739944,0.07819747,0.3861861,-0.0072396398
920,0.4675917,0.062349666,0.10896967,0.07623772,0.358622,-0.013888057
921,0.5535387,0.09697166,0.15412363,0.10606351,0.39941505,-0.009091847
922,0.40227538,0.06889277,0.09125276,0.06842341,0.31102264,0.00046935678
923,0.50218713,0.07286994,0.09969788,0.061282672,0.40248924,0.01158727
924,0.5372474,0.09775994,0.14041422,0.097149,0.39683318,0.00061094016
925,0.5195733,0.065104194,0.099938124,0.06736487,0.41963515,-0.0022606775
926,0.4483672,0.06794591,0.10352658,0.065753385,0.34484065,0.002192527
927,0.54335093,0.09244303,0.13094059,0.096992776,0.41241035,-0.004549749
928,0.5087823,0.0935445,0.11826344,0.07941066,0.3905189,0.014133841
929,0.53031147,0.09006545,0.11828128,0.08627414,0.4120302,0.00379131
930,0.5090588,0.14884625,0.16075563,0.11182505,0.34830314,0.037021205
931,0.37176132,0.057784982,0.086467125,0.059150808,0.2852942,-0.0013658255
932,0.48060226,0.08678065,0.085482694,0.060261823,0.39511958,0.02651883
933,0.38871354,0.086010166,0.09585385,0.07349529,0.29285967,0.012514874
934,0.6302938,0.090891875,0.14090924,0.09405337,0.48938453,-0.0031614974
935,0.44540063,0.073519014,0.097357,0.070351705,0.34804362,0.0031673089
936,0.40730256,0.04419364,0.05053423,0.03851732,0.35676834,0.0056763217
937,0.5370581,0.12674911,0.15995885,0.10506506,0.37709928,0.02168405
938,0.64029753,0.0058060554,0.028354477,0.021522123,0.61194307,-0.015716068
939,0.46052718,0.068444185,0.078539394,0.059405386,0.38198778,0.0090387985
940,0.44819412,0.08753285,0.11314167,0.07681847,0.33505243,0.0107143745
941,0.4615297,0.13102348,0.15518144,0.11424339,0.30634826,0.016780093
942,0.4216025,0.05563906,0.10215588,0.068128765,0.31944662,-0.012489706
943,0.5004078,0.08809825,0.13065147,0.08113806,0.36975634,0.006960191
944,0.53899103,0.1013939,0.1408408,0.10144913,0.39815024,-5.5231154e-05
945,0.5546717,0.059515025,0.08216709,0.058777798,0.47250462,0.0007372275
946,0.5829897,0.12295147,0.15965602,0.12307644,0.42333367,-0.00012496859
947,0.36881426,0.0684077,0.09654229,0.06388835,0.27227196,0.004519351
948,0.5827036,0.12265433,0.12793215,0.08896855,0.45477146,0.03368578
949,0.3084215,0.031215895,0.07458608,0.05162739,0.23383541,-0.020411495
950,0.42654508,0.117550656,0.13949355,0.10588399,0.28705153,0.011666663
951,0.36606926,0.046106625,0.073766135,0.054525048,0.29230312,-0.008418422
952,0.4414583,0.06408992,0.07936536,0.05466876,0.36209297,0.009421155
953,0.6178665,0.014456767,0.068284795,0.036818642,0.5495817,-0.022361875
954,0.44996142,0.12280177,0.12030326,0.087782405,0.32965815,0.035019368
955,0.4536937,0.07075651,0.092299536,0.07335683,0.36139417,-0.0026003197
956,0.44100603,0.09120751,0.09947853,0.070662096,0.34152752,0.020545416
957,0.40708333,0.08067768,0.116946295,0.08304505,0.29013705,-0.0023673698
958,0.3223842,0.07347601,0.084529735,0.0575056,0.23785448,0.015970409
959,0.4641523,0.0032962512,0.026014453,0.016901921,0.43813786,-0.01360567
960,0.34464103,0.06267028,0.10505937,0.07720005,0.23958166,-0.014529765
961,0.55654305,0.13786389,0.17508613,0.13217236,0.3814569,0.0056915283
962,0.33005628,0.064232826,0.09524008,0.06599334,0.2348162,-0.0017605126
963,0.4157346,0.07024212,0.089086846,0.05952707,0.32664776,0.0107150525
964,0.3842388,0.10402002,0.10241173,0.07528949,0.2818271,0.028730534
965,0.49877706,0.09608557,0.1066574,0.08733429,0.39211965,0.008751281
966,0.3296591,0.046999205,0.06997846,0.048784822,0.25968063,-0.0017856173
967,0.42112556,0.10068922,0.12100724,0.08269011,0.30011833,0.017999105
968,0.572359,0.10997172,0.13298294,0.10471773,0.4393761,0.0052539855
969,0.39697015,0.06805242,0.08746694,0.06307211,0.3095032,0.004980311
970,0.47638747,0.1053718,0.12368655,0.08626049,0.35270092,0.019111313
971,0.36802602,0.07438784,0.0851229,0.066993356,0.28290313,0.007394485
972,0.44201833,0.046265893,0.06458505,0.043679643,0.37743327,0.0025862493
973,0.6235899,0.1730344,0.1617533,0.12421036,0.46183658,0.048824042
974,0.39072505,0.084822215,0.09738899,0.06570041,0.29333606,0.019121803
975,0.5959087,0.08900457,0.14030018,0.100109674,0.45560852,-0.011105105
976,0.40832692,0.12773873,0.15100475,0.1154623,0.2573222,0.012276426
977,0.53342086,0.110107936,0.14251639,0.10746615,0.3909045,0.0026417896
978,0.5211824,0.05337239,0.09390381,0.06126243,0.4272786,-0.007890038
979,0.41741633,0.07565069,0.07646118,0.05368488,0.34095514,0.021965813
980,0.5691426,0.059315473,0.103076436,0.0732479,0.46606615,-0.013932429
981,0.4937228,0.11620973,0.14007516,0.096071236,0.35364765,0.020138495
982,0.43650925,0.047506142,0.074918844,0.056315362,0.36159042,-0.00880922
983,0.29771224,0.028534437,0.0615017,0.038519233,0.23621054,-0.009984797
984,0.43682432,0.07012191,0.10216077,0.07179673,0.33466357,-0.0016748235
985,0.68518853,0.19536094,0.25154287,0.19086215,0.43364567,0.0044987947
986,0.46487218,0.085668534,0.13511245,0.09953481,0.32975972,-0.013866276
987,0.7472202,0.20313536,0.15958562,0.11318101,0.58763456,0.08995435
988,0.41574702,0.049522556,0.09241979,0.06425924,0.32332724,-0.014736682
989,0.5299825,0.10276238,0.09794649,0.071147256,0.432036,0.031615123
990,0.3401515,0.10640147,0.118115544,0.07930907,0.22203594,0.027092405
991,0.32601348,0.0390356,0.070861146,0.044795968,0.25515234,-0.005760368
992,0.46022725,0.07559201,0.09917677,0.07511856,0.3610505,0.0004734546
993,0.37630728,0.02760856,0.09507466,0.059337955,0.28123263,-0.031729393
994,0.25251454,0.057033688,0.06755319,0.04540416,0.18496135,0.011629529
995,0.48321748,0.059467193,0.069019884,0.047344275,0.4141976,0.012122918
996,0.29552367,0.07682635,0.079142965,0.055573534,0.21638072,0.021252815
997,0.4234455,0.0566095,0.09156921,0.065028325,0.33187628,-0.0084188245
998,0.5315565,0.081661455,0.10165795,0.077985294,0.42989853,0.0036761612
999,0.470332,0.117132686,0.12869959,0.083941594,0.34163243,0.033191092
1000,0.4807656,0.07731009,0.10292927,0.066332705,0.37783635,0.010977387
1001,0.53763276,0.06517966,0.1083488,0.07902774,0.42928398,-0.013848081
1002,0.3344495,0.057037413,0.073289946,0.056281082,0.26115954,0.0007563308
1003,0.43712246,0.08648545,0.10556257,0.08277392,0.3315599,0.0037115365
1004,0.34441143,0.07401652,0.086290576,0.0628665,0.25812086,0.011150017
1005,0.36269802,0.07791191,0.080637515,0.06207121,0.2820605,0.015840702
1006,0.5002622,0.09348411,0.10918112,0.08029152,0.3910811,0.013192594
1007,0.4230151,0.06715041,0.110468745,0.07542105,0.31254634,-0.008270644
1008,0.42550972,0.059774727,0.07545358,0.05078367,0.35005614,0.008991055
1009,0.46023905,0.06777948,0.09345936,0.07050939,0.36677969,-0.0027299076
1010,0.41091,0.05455237,0.06309431,0.0486108,0.3478157,0.00594157
1011,0.5857091,0.12614714,0.154335,0.106160045,0.43137407,0.019987091
1012,0.43804017,0.08842438,0.09905495,0.07057993,0.3389852,0.017844446
1013,0.44741562,0.069502644,0.09576183,0.07531086,0.35165378,-0.0058082193
1014,0.3823589,0.067772195,0.085886255,0.059840403,0.29647267,0.007931791
1015,0.41692623,0.067728065,0.075710356,0.04939792,0.34121588,0.018330146
1016,0.45557624,0.0426001,0.08280794,0.062256414,0.37276828,-0.019656315
1017,0.55749935,0.08529678,0.107344545,0.07790508,0.4501548,0.0073916987
1018,0.5451438,0.095299885,0.15211125,0.101475574,0.39303255,-0.0061756894
1019,0.46016034,0.10124997,0.099344686,0.07719728,0.36081564,0.024052687
1020,0.29388905,0.07524371,0.09081997,0.068144396,0.20306908,0.0070993155
1021,0.4503628,0.07775982,0.116437,0.085712865,0.33392578,-0.007953048
1022,0.43554285,0.11149185,0.11741414,0.08166577,0.3181287,0.029826082
1023,0.4578196,0.10344093,0.11977558,0.084009215,0.33804405,0.019431718
1024,0.49127477,0.084544025,0.09393185,0.07155293,0.39734292,0.012991093
1025,0.4106282,0.06533078,0.10502148,0.07142764,0.30560672,-0.0060968623
1026,0.47139767,0.06354173,0.08736907,0.06094289,0.3840286,0.0025988445
1027,0.5055862,0.10403522,0.10499976,0.07630434,0.40058646,0.027730882
1028,0.56395394,0.054850843,0.09278709,0.060839605,0.47116685,-0.005988762
1029,0.6016838,0.1476608,0.16269968,0.12576619,0.4389841,0.021894619
1030,0.418634,0.05001453,0.07048353,0.048346918,0.34815046,0.0016676113
1031,0.45987862,0.10748173,0.100478515,0.073866434,0.3594001,0.0336153
1032,0.54485375,0.17482136,0.19054909,0.15029928,0.35430467,0.024522081
1033,0.36084113,0.048962366,0.085517414,0.060301494,0.27532372,-0.011339128
1034,0.5339849,0.09957041,0.13693611,0.08591972,0.39704877,0.013650686
1035,0.52376026,0.049556095,0.08556726,0.06534107,0.438193,-0.015784975
1036,0.4693411,0.0993543,0.118777215,0.086492635,0.35056388,0.012861662
1037,0.33673093,0.03783582,0.052972507,0.039918296,0.28375843,-0.0020824745
1038,0.4523461,0.07747854,0.09409081,0.06973316,0.35825527,0.007745385
1039,0.34755367,0.0251154,0.07753162,0.054067038,0.27002203,-0.028951637
1040,0.5288387,0.10255633,0.11259276,0.091809094,0.41624594,0.010747239
1041,0.4164987,0.062338796,0.1003211,0.06817826,0.3161776,-0.0058394633
1042,0.3971094,0.063073345,0.086439766,0.062505424,0.31066963,0.0005679205
1043,0.3558576,0.07096825,0.1056293,0.07431938,0.25022832,-0.0033511296
1044,0.4310015,0.019836303,0.10709311,0.068322614,0.3239084,-0.04848631
1045,0.35987872,0.051720355,0.07446281,0.047183383,0.28541592,0.0045369714
1046,0.4607658,0.07154891,0.079970226,0.050129186,0.3807956,0.021419723
1047,0.38968122,0.07552498,0.079613164,0.067502275,0.31006807,0.008022703
1048,0.52956766,0.08429042,0.10408703,0.08010857,0.42548063,0.0041818544
1049,0.47630435,0.11976976,0.14141515,0.103276394,0.3348892,0.016493365
1050,0.5767568,0.11846427,0.14293876,0.105659865,0.433818,0.012804404
1051,0.6863179,0.09758484,0.14716415,0.102679454,0.53915375,-0.00509461
1052,0.46154755,0.056440447,0.09592371,0.06607224,0.36562383,-0.009631794
1053,0.240081,0.03926486,0.04455359,0.03604991,0.1955274,0.0032149516
1054,0.5570551,0.11749973,0.16018195,0.11975324,0.39687318,-0.00225351
1055,0.45261827,0.07361626,0.084540255,0.0629874,0.36807802,0.010628857
1056,0.47268632,0.061138526,0.100846805,0.07141681,0.37183952,-0.010278285
1057,0.45687935,0.07173333,0.10630663,0.0719109,0.3505727,-0.00017756969
1058,0.38886613,0.07110081,0.104024686,0.07483053,0.28484145,-0.0037297234
1059,0.48294243,0.04556089,0.070473224,0.050114334,0.4124692,-0.0045534447
1060,0.4794826,0.047627017,0.107923865,0.06432812,0.37155873,-0.016701102
1061,0.42439643,0.1037671,0.12489977,0.09759172,0.29949665,0.0061753765
1062,0.49108884,0.08382227,0.1034378,0.07588242,0.38765103,0.007939853
1063,0.6487186,0.16556,0.20321465,0.15868364,0.44550395,0.0068763644
1064,0.52299947,0.06826291,0.12065319,0.086930394,0.40234628,-0.018667482
1065,0.43261376,0.07571868,0.10477066,0.078809,0.3278431,-0.003090322
1066,0.45966792,0.10879518,0.11565709,0.08485627,0.34401083,0.02393891
1067,0.46774685,0.038834326,0.0691056,0.04867346,0.39864126,-0.009839132
1068,0.42468435,0.097783245,0.10478123,0.072845854,0.3199031,0.024937391
1069,0.5396942,0.073430695,0.09257002,0.07360778,0.44712418,-0.0001770854
1070,0.4825965,0.15577367,0.17046323,0.12751564,0.31213325,0.028258026
1071,0.35672444,0.03942018,0.07022621,0.043092813,0.28649825,-0.0036726333
1072,0.49904132,0.05864187,0.1006184,0.07020778,0.39842293,-0.0115659125
1073,0.51381856,0.07362988,0.11888971,0.08431341,0.39492884,-0.010683529
1074,0.5312443,0.021049839,0.051168956,0.034496564,0.48007533,-0.013446726
1075,0.52882415,0.10276241,0.1366558,0.08656902,0.39216834,0.01619339
1076,0.48970842,0.08492737,0.10041098,0.069934204,0.38929743,0.014993168
1077,0.3239768,0.110057846,0.08714527,0.06616652,0.23683155,0.043891326
1078,0.46644244,0.076894894,0.11990456,0.07410314,0.3465379,0.002791755
1079,0.47230807,0.07245441,0.10052148,0.072069086,0.3717866,0.00038532168
1080,0.35942575,0.051821273,0.08419413,0.06057288,0.27523163,-0.008751608
1081,0.29518756,0.031852726,0.0723423,0.041280776,0.22284526,-0.00942805
1082,0.58890957,0.093126036,0.118496254,0.08100779,0.47041333,0.012118243
1083,0.5240789,0.030371176,0.06814685,0.04513244,0.45593205,-0.0147612635
1084,0.4844225,0.058919292,0.11247146,0.06818196,0.37195104,-0.00926267
1085,0.7191153,0.19130062,0.21128383,0.16187449,0.50783145,0.029426128
1086,0.43192032,0.06987414,0.118618324,0.08732547,0.31330198,-0.017451331
1087,0.32796246,0.0536784,0.07645742,0.05223282,0.25150505,0.0014455803
1088,0.5901444,0.06801735,0.102010116,0.07503192,0.48813426,-0.0070145726
1089,0.6198174,0.069908425,0.108398244,0.0777876,0.5114191,-0.007879175
1090,0.39578757,0.047868803,0.0845422,0.05844316,0.31124538,-0.010574356
1091,0.49484813,0.120941915,0.14847516,0.10213526,0.34637296,0.018806651
1092,0.35599592,0.092746,0.0865993,0.061056025,0.26939663,0.03168997
1093,0.17858224,0.023789827,0.0463999,0.032164544,0.13218233,-0.008374717
1094,0.38030815,0.089473784,0.07930233,0.060081124,0.3010058,0.02939266
1095,0.47982004,0.07667007,0.10297112,0.06683517,0.37684894,0.0098349005
1096,0.38709742,0.052728307,0.09704568,0.07120934,0.29005173,-0.018481035
1097,0.5541731,0.17904794,0.21249351,0.17286551,0.3416796,0.006182432
1098,0.46018428,0.11251791,0.1593326,0.1077715,0.30085167,0.0047464073
1099,0.5243086,0.16396357,0.18657865,0.13236777,0.33773,0.031595796
1100,0.29826725,0.046191823,0.0682664,0.045268923,0.23000085,0.0009228997
1101,0.4257571,0.11664696,0.12632516,0.09635751,0.29943195,0.02028945
1102,0.43405375,0.10247877,0.12445871,0.0909011,0.30959505,0.011577673
1103,0.46099818,0.04218046,0.06967932,0.04625536,0.39131886,-0.0040749013
1104,0.54989666,0.09737936,0.11940265,0.0913239,0.430494,0.0060554594
1105,0.3686841,0.04044269,0.0761074,0.052112114,0.29257673,-0.011669423
1106,0.5147328,0.13942261,0.1384928,0.09671498,0.37624,0.04270763
1107,0.4147575,0.07172501,0.08931601,0.06793083,0.32544148,0.0037941784
1108,0.2973703,0.054353267,0.07160121,0.04778149,0.2257691,0.006571777
1109,0.4178117,0.09087911,0.111415684,0.08225178,0.306396,0.008627333
1110,0.36982435,0.062854126,0.075221,0.059164822,0.29460335,0.003689304
1111,0.4555212,0.09363351,0.1107869,0.08235544,0.3447343,0.0112780705
1112,0.7112778,0.16771702,0.21133733,0.15301496,0.49994045,0.014702067
1113,0.508142,0.09319917,0.11580968,0.09305447,0.39233232,0.00014469773
1114,0.45276615,0.051454607,0.09309379,0.05668083,0.35967237,-0.005226221
1115,0.4674409,0.11087457,0.15280756,0.11362376,0.31463334,-0.0027491897
1116,0.42525133,0.08523463,0.097511664,0.07074552,0.32773966,0.014489107
1117,0.394387,0.05612224,0.11562476,0.07829707,0.27876225,-0.022174831
1118,0.45745683,0.025003178,0.06053651,0.041576624,0.39692032,-0.016573446
1119,0.7107738,0.086611584,0.11466916,0.07663332,0.5961047,0.009978265
1120,0.43688914,0.114567965,0.1282326,0.097108945,0.30865654,0.01745902
1121,0.31445202,0.06138063,0.09097471,0.063419655,0.2234773,-0.0020390265
1122,0.62450445,0.1215507,0.14366406,0.10066174,0.48084038,0.020888962
1123,0.3850889,0.07737689,0.08025096,0.0561428,0.30483794,0.021234088
1124,0.523926,0.09131861,0.115775384,0.08850421,0.40815064,0.0028143972
1125,0.4442094,0.1098466,0.13524711,0.098290935,0.3089623,0.011555664
1126,0.5161188,0.075423054,0.13620545,0.08136122,0.3799134,-0.005938165
1127,0.3849515,0.12514208,0.10996349,0.0788416,0.274988,0.046300486
1128,0.4931641,0.09145341,0.10447975,0.06974322,0.38868433,0.021710187
1129,0.52254486,0.064458966,0.10350168,0.070832044,0.41904318,-0.0063730776
1130,0.4882554,0.12805621,0.14927694,0.112524375,0.33897847,0.015531838
1131,0.42288706,0.05298297,0.07392286,0.04943933,0.3489642,0.0035436414
1132,0.6443961,0.14659932,0.1902955,0.14588277,0.4541006,0.00071655214
1133,0.38182783,0.09362251,0.13205437,0.090774775,0.24977346,0.0028477386
1134,0.26530427,0.04476531,0.069055416,0.04529927,0.19624886,-0.00053396076
1135,0.46795487,0.049982645,0.105289176,0.07158266,0.3626657,-0.021600015
1136,0.46352285,0.08052252,0.15314552,0.10404986,0.31037733,-0.02352734
1137,0.41249716,0.08172203,0.09851495,0.07363785,0.31398222,0.008084178
1138,0.3799348,0.07545866,0.11445379,0.08234693,0.265481,-0.0068882704
1139,0.72548985,0.19758086,0.17518662,0.1370848,0.5503032,0.060496062
1140,0.392105,0.07444692,0.11996391,0.08204274,0.2721411,-0.007595822
1141,0.5295461,0.06777575,0.11245932,0.07590466,0.41708678,-0.008128911
1142,0.46273676,0.1102784,0.09716241,0.07359763,0.36557436,0.036680765
1143,0.41570875,0.10473836,0.113253616,0.085151516,0.30245513,0.019586846
1144,0.4350778,0.09729187,0.12282417,0.085366376,0.31225362,0.011925496
1145,0.38305277,0.06911687,0.0894015,0.064515576,0.29365128,0.0046012923
1146,0.43051305,0.08757078,0.13635495,0.10438925,0.2941581,-0.016818471
1147,0.51906013,0.078704886,0.11257007,0.082844034,0.40649006,-0.0041391477
1148,0.5777351,0.24172147,0.21118811,0.1690894,0.36654702,0.07263206
1149,0.5999168,0.123534374,0.1647656,0.120237336,0.43515122,0.0032970384
1150,0.44315204,0.07281281,0.08277222,0.05894529,0.36037982,0.01386752
1151,0.4639845,0.04183727,0.09127883,0.0655337,0.37270567,-0.023696426
1152,0.60175514,0.15819702,0.1817287,0.1300319,0.42002642,0.028165117
1153,0.38348988,0.08596524,0.10541656,0.07650408,0.2780733,0.009461157
1154,0.58217525,0.041191578,0.06442781,0.043769863,0.51774746,-0.0025782846
1155,0.35880417,0.05579259,0.10232004,0.06715606,0.25648412,-0.011363473
1156,0.5051665,0.10521278,0.15874109,0.12297265,0.34642538,-0.017759874
1157,0.47277698,0.1055585,0.13442308,0.10276822,0.3383539,0.0027902797
1158,0.3800996,0.064257786,0.07769358,0.059986614,0.302406,0.004271172
1159,0.53870726,0.12524295,0.12324901,0.08281319,0.41545826,0.04242976
1160,0.5898559,0.028103072,0.091928706,0.05776614,0.4979272,-0.029663067
1161,0.5236805,0.10189602,0.14827998,0.1089171,0.37540054,-0.0070210844
1162,0.36601475,0.047982726,0.07601947,0.052547526,0.28999528,-0.0045647994
1163,0.58306277,0.08795477,0.11582059,0.084614515,0.46724218,0.0033402517
1164,0.5791755,0.093349166,0.13811913,0.10108856,0.44105634,-0.007739395
1165,0.2826571,0.05192253,0.08320953,0.055931587,0.19944756,-0.004009057
1166,0.31486636,0.057925195,0.08195777,0.057837963,0.23290859,8.72314e-05
1167,0.4920619,0.08947032,0.10978091,0.07865952,0.382281,0.0108108
1168,0.49624678,0.05980754,0.06784705,0.05260869,0.42839974,0.007198848
1169,0.49536565,0.09963286,0.13156804,0.08766553,0.3637976,0.011967331
1170,0.44796252,0.083846636,0.11353934,0.08180039,0.33442318,0.0020462498
1171,0.66637146,0.09724599,0.13563734,0.1025717,0.5307341,-0.0053257123
1172,0.69343036,0.07218993,0.0772968,0.054193944,0.6161336,0.017995983
1173,0.3811001,0.079913795,0.10973537,0.0686839,0.27136472,0.011229895
1174,0.5314351,0.1047468,0.14194717,0.097363435,0.38948792,0.007383369
1175,0.49088526,0.09514312,0.14221285,0.10440439,0.3486724,-0.009261273
1176,0.34114116,0.07747073,0.08836965,0.07214189,0.2527715,0.005328834
1177,0.3786809,0.04936308,0.06590163,0.04614572,0.31277928,0.0032173619
1178,0.44233972,0.06577021,0.109347716,0.06763271,0.33299202,-0.0018625036
1179,0.5440905,0.10285303,0.113470554,0.0697567,0.43061996,0.03309633
1180,0.43078753,0.06291493,0.0975006,0.063003264,0.33328694,-8.833408e-05
1181,0.5799247,0.07413431,0.10065559,0.07660262,0.47926912,-0.0024683103
1182,0.33583015,0.05379907,0.08311184,0.058235865,0.25271833,-0.0044367947
1183,0.44640046,0.053751264,0.09323863,0.06203749,0.35316184,-0.008286227
1184,0.5310154,0.028822938,0.041790552,0.026623443,0.48922485,0.0021994952
1185,0.70131195,0.0067743096,0.05031549,0.02773738,0.65099645,-0.020963069
1186,0.29945278,0.054514263,0.072090924,0.04897165,0.22736186,0.0055426136
1187,0.5075049,0.124313444,0.14057522,0.10496739,0.36692965,0.01934605
1188,0.4313085,0.08170177,0.12148007,0.090432025,0.30982843,-0.008730255
1189,0.61348534,0.10873408,0.17006505,0.11770223,0.4434203,-0.008968152
1190,0.42910743,0.083698586,0.13816027,0.09732203,0.29094714,-0.013623446
1191,0.34686947,0.04330406,0.083323576,0.058484115,0.2635459,-0.015180055
1192,0.4504083,0.09540369,0.14285271,0.101974055,0.30755562,-0.0065703616
1193,0.5618463,0.04198383,0.068916656,0.045152996,0.49292967,-0.003169164
1194,0.4534455,0.053898755,0.08955398,0.062428385,0.3638915,-0.00852963
1195,0.5417712,0.08123435,0.14780502,0.100737855,0.39396614,-0.019503504
1196,0.4822394,0.11822865,0.09460995,0.06699418,0.38762945,0.05123447
1197,0.6249177,0.1893925,0.21995965,0.1707975,0.40495804,0.01859501
1198,0.3457193,0.06581744,0.08736752,0.069737315,0.2583518,-0.003919877
1199,0.36589974,0.11319922,0.105862916,0.06433549,0.26003683,0.04886373
1200,0.552149,0.05947421,0.10867894,0.07838332,0.44347006,-0.018909108
1201,0.35787964,0.058758445,0.06323572,0.047899686,0.2946439,0.010858759
1202,0.360944,0.04585426,0.06674107,0.046767972,0.29420292,-0.0009137131
1203,0.62725115,0.056527395,0.08183557,0.057203006,0.5454156,-0.0006756112
1204,0.49600372,0.1031406,0.12303917,0.09277865,0.37296456,0.010361947
1205,0.5149464,0.06887878,0.105759576,0.069075175,0.40918684,-0.0001963973
1206,0.3473898,0.064371035,0.08876677,0.05969284,0.258623,0.0046781935
1207,0.45819676,0.081185795,0.1251851,0.08925941,0.33301166,-0.008073613
1208,0.36170715,0.0134261595,0.022547979,0.019568939,0.33915916,-0.0061427793
1209,0.5457546,0.08680932,0.12603013,0.07526864,0.41972446,0.011540681
1210,0.38082784,0.06778724,0.08093922,0.055792592,0.2998886,0.011994645
1211,0.4577663,0.059618127,0.085364416,0.05297724,0.3724019,0.006640885
1212,0.49351045,0.07982127,0.099673785,0.07234053,0.39383668,0.0074807405
1213,0.47618207,0.07585099,0.0968505,0.066772826,0.3793316,0.009078167
1214,0.42253408,0.11623003,0.121640526,0.09170785,0.30089355,0.024522185
1215,0.6704349,0.10089334,0.15379421,0.10308622,0.51664066,-0.0021928772
1216,0.4764008,0.055486664,0.09506317,0.06785527,0.3813376,-0.012368605
1217,0.5382761,0.045771122,0.08907539,0.053565282,0.4492007,-0.0077941604
1218,0.36950302,0.08963777,0.09288965,0.0645446,0.27661335,0.025093168
1219,0.58744556,0.07623997,0.14710005,0.10190389,0.44034553,-0.02566392
1220,0.43203026,0.083065614,0.08239031,0.054613758,0.34963995,0.028451856
1221,0.39107478,0.08702716,0.09677024,0.07481593,0.29430455,0.012211233
1222,0.4610301,0.059676148,0.090179294,0.059145212,0.3708508,0.0005309358
1223,0.4672938,0.05144622,0.0824826,0.06365366,0.3848112,-0.012207441
1224,0.45840323,0.16299863,0.11968857,0.0905137,0.33871466,0.07248493
1225,0.3713831,0.095897,0.08867667,0.06651454,0.28270644,0.02938246
1226,0.4826258,0.069396146,0.089929946,0.06308754,0.39269587,0.0063086078
1227,0.5867046,0.07562663,0.10424455,0.07960117,0.48246005,-0.003974542
1228,0.43410647,0.057794992,0.09163654,0.058959443,0.34246993,-0.0011644512
1229,0.46541327,0.06309199,0.08110194,0.056415953,0.38431132,0.0066760406
1230,0.43192613,0.06285388,0.09034426,0.068221524,0.34158188,-0.005367644
1231,0.48952207,0.12956053,0.106836915,0.08637844,0.38268515,0.04318209
1232,0.51564157,0.10372486,0.13349068,0.09832736,0.3821509,0.0053974986
1233,0.5028853,0.098486386,0.14892069,0.10831624,0.3539646,-0.009829856
1234,0.5035089,0.06763009,0.07118354,0.057980407,0.4323254,0.009649683
1235,0.4422253,0.11212483,0.14283639,0.113053486,0.29938892,-0.00092865527
1236,0.70807,0.0050809206,0.023131382,0.013839233,0.6849386,-0.008758312
1237,0.43257013,0.07160327,0.095206834,0.076676644,0.3373633,-0.005073376
1238,0.5863291,0.052517783,0.10633813,0.071792364,0.47999096,-0.019274581
1239,0.6282845,0.0810776,0.123975776,0.0791613,0.50430876,0.0019162968
1240,0.40273222,0.09942789,0.1253222,0.090830036,0.27741003,0.008597851
1241,0.42670718,0.11259729,0.12782212,0.09709767,0.29888505,0.015499614
1242,0.5282068,0.09080394,0.12718233,0.08906679,0.4010245,0.001737155
1243,0.43802345,0.03403552,0.058286358,0.044529352,0.37973708,-0.010493834
1244,0.5069549,0.061969712,0.10168513,0.06792094,0.40526977,-0.0059512258
1245,0.41288665,0.08281224,0.102381885,0.07859454,0.31050476,0.004217699
1246,0.61895275,0.06891907,0.12751135,0.09144457,0.4914414,-0.022525497
1247,0.5366801,0.098368526,0.11735444,0.090748385,0.41932565,0.007620141
1248,0.46299207,0.07572228,0.12678607,0.07806969,0.33620602,-0.0023474097
1249,0.6533813,0.16513024,0.2018952,0.15370695,0.45148608,0.01142329
1250,0.469404,0.09330507,0.11567493,0.08375652,0.35372907,0.009548552
1251,0.5814301,0.02757446,0.0461972,0.030092672,0.5352329,-0.0025182124
1252,0.36718586,0.035191946,0.07877145,0.05007388,0.28841442,-0.014881935
1253,0.7381665,0.04613675,0.12127662,0.075283945,0.6168899,-0.029147193
1254,0.33132407,0.065653436,0.10844497,0.07713808,0.22287911,-0.011484645
1255,0.36136597,0.047627516,0.07097927,0.049684722,0.2903867,-0.002057206
1256,0.6578107,0.14661686,0.16885257,0.12191135,0.48895812,0.024705514
1257,0.4784984,0.08142001,0.121594414,0.09456356,0.35690397,-0.013143547
1258,0.5553617,0.049898695,0.08690522,0.058322977,0.46845648,-0.008424282
1259,0.4908497,0.033301912,0.09519851,0.06452622,0.3956512,-0.03122431
1260,0.40455928,0.08474251,0.15609774,0.11325598,0.24846154,-0.028513469
1261,0.43114665,0.07566541,0.11521089,0.08142762,0.31593576,-0.005762212
1262,0.23942254,0.028151726,0.04517819,0.031041244,0.19424435,-0.0028895177
1263,0.43173158,0.11945075,0.12101338,0.08365329,0.3107182,0.035797454
1264,0.44753253,0.073603824,0.10436032,0.0679061,0.34317222,0.005697727
1265,0.41935208,0.05856446,0.10056561,0.06767984,0.31878647,-0.009115376
1266,0.46841073,0.11522671,0.13644575,0.08961173,0.33196497,0.025614977
1267,0.3134924,0.040574428,0.06536998,0.038343355,0.24812241,0.0022310726
1268,0.51533127,0.09360794,0.13522257,0.09630767,0.3801087,-0.0026997328
1269,0.5205338,0.072502606,0.10662854,0.07301142,0.41390526,-0.00050881505
1270,0.53449637,0.07622682,0.1280371,0.093927465,0.40645927,-0.017700642
1271,0.41833633,0.068309695,0.092602134,0.066198856,0.3257342,0.002110839
1272,0.4782625,0.11923974,0.13634168,0.09783565,0.34192085,0.021404088
1273,0.43156043,0.052948847,0.08439254,0.06618772,0.34716788,-0.01323887
1274,0.32464367,0.05840871,0.07854776,0.055177845,0.24609591,0.003230866
1275,0.515056,0.080676705,0.1260684,0.090756595,0.3889876,-0.0100798905
1276,0.47190225,0.06320759,0.09742348,0.06125489,0.37447876,0.0019527003
1277,0.38782838,0.124100484,0.12752993,0.091870405,0.26029843,0.03223008
1278,0.81290907,0.16496195,0.23208626,0.16960971,0.5808228,-0.0046477616
1279,0.5811621,0.090071425,0.097501025,0.068597496,0.48366106,0.02147393
1280,0.5165713,0.121754564,0.16018151,0.11977259,0.35638976,0.0019819736
1281,0.5618165,0.10027261,0.109531626,0.07741434,0.45228487,0.02285827
1282,0.5961323,0.067021005,0.11102031,0.07617719,0.48511195,-0.009156182
1283,0.5582731,0.13907243,0.18913624,0.11882051,0.36913684,0.020251922
1284,0.43324628,0.09298624,0.12076304,0.08935539,0.31248325,0.0036308542
1285,0.47000092,0.09883117,0.12935196,0.09056042,0.34064895,0.008270748
1286,0.67723835,0.046108134,0.0638595,0.046049118,0.6133788,5.901605e-05
1287,0.42509225,0.07586632,0.11171498,0.075317256,0.31337726,0.0005490631
1288,0.29180962,0.06970736,0.06436224,0.045562614,0.22744738,0.024144743
1289,0.30530852,0.045853697,0.07861078,0.060688276,0.22669774,-0.014834579
1290,0.46028516,0.07079144,0.10720211,0.06528777,0.35308304,0.0055036694
1291,0.55016977,0.123353995,0.15240374,0.11686467,0.39776602,0.006489329
1292,0.5853596,0.15684265,0.18323493,0.14405368,0.40212464,0.012788966
1293,0.48827136,0.1018211,0.14120898,0.1000515,0.34706238,0.0017696023
1294,0.6123426,0.08200314,0.10543163,0.07459797,0.506911,0.0074051693
1295,0.34281793,0.05313836,0.06727045,0.05081246,0.27554747,0.0023259
1296,0.3774444,0.045756835,0.09624569,0.06811236,0.28119868,-0.022355523
1297,0.50863343,0.104500115,0.106095746,0.07578506,0.4025377,0.028715052
1298,0.41529596,0.04573987,0.04156228,0.026138265,0.37373367,0.019601606
1299,0.42243633,0.05213584,0.06800135,0.046528913,0.35443497,0.005606927
1300,0.4514511,0.07282124,0.1014209,0.07867905,0.35003018,-0.0058578104
1301,0.34250766,0.055167086,0.08114281,0.050005235,0.26136485,0.0051618516
1302,0.43700027,0.0507429,0.07582888,0.054243784,0.3611714,-0.0035008825
1303,0.5287588,0.101316564,0.13058868,0.10334326,0.39817014,-0.0020266995
1304,0.4013261,0.06027651,0.09738692,0.06881728,0.30393916,-0.008540772
1305,0.5191424,0.099684775,0.09555639,0.06514327,0.423586,0.034541503
1306,0.5296971,0.08830281,0.10979233,0.07712512,0.4199048,0.011177696
1307,0.45130438,0.09382861,0.10899992,0.08528853,0.34230447,0.008540079
1308,0.469597,0.07675505,0.08863217,0.06395833,0.38096485,0.012796715
1309,0.4567218,0.082085,0.11986389,0.08476188,0.33685791,-0.0026768818
1310,0.3812941,0.050863113,0.07525788,0.057494998,0.30603623,-0.0066318847
1311,0.46692353,0.06183946,0.093438774,0.06787919,0.37348476,-0.006039731
1312,0.41453582,0.056501515,0.07741327,0.049751174,0.33712256,0.0067503415
1313,0.36750445,0.072550565,0.07985904,0.054523934,0.2876454,0.018026631
1314,0.5134729,0.10283177,0.15355161,0.10540243,0.3599213,-0.002570659
1315,0.66085416,0.034004282,0.05838566,0.038933046,0.6024685,-0.004928764
1316,0.36980897,0.08770462,0.10562559,0.06981998,0.26418337,0.017884642
1317,0.54357094,0.08061381,0.13586175,0.07842016,0.40770918,0.0021936446
1318,0.5962965,0.12814146,0.14341362,0.1169854,0.4528829,0.01115606
1319,0.5307552,0.07951932,0.10929193,0.08324366,0.42146328,-0.003724344
1320,0.3725007,0.06766618,0.08140288,0.056077003,0.29109782,0.011589177
1321,0.47579965,0.06462983,0.10631297,0.07226646,0.3694867,-0.007636629
1322,0.4175028,0.0628766,0.090723395,0.062034238,0.3267794,0.0008423589
1323,0.41284364,0.07799426,0.089031816,0.06271192,0.32381183,0.01528234
1324,0.35151628,0.07349913,0.10082402,0.07767903,0.25069225,-0.0041799024
1325,0.5475579,0.13575906,0.16299967,0.13614734,0.3845582,-0.00038827956
1326,0.73971575,0.008863032,0.05214768,0.027655521,0.68756807,-0.01879249
1327,0.40479395,0.08191027,0.09307738,0.07707795,0.31171656,0.00483232
1328,0.3391495,0.06518552,0.09307407,0.06820331,0.24607544,-0.0030177906
1329,0.52095944,0.086586654,0.11829744,0.08082863,0.40266198,0.0057580248
1330,0.45951563,0.12046611,0.11519669,0.08025661,0.34431893,0.040209502
1331,0.34170085,0.07000154,0.070438296,0.0529994,0.27126256,0.017002143
1332,0.57100266,0.0428085,0.10907392,0.07206609,0.46192873,-0.029257592
1333,0.325729,0.091547884,0.09754572,0.07026158,0.2281833,0.021286301
1334,0.4826245,0.055932682,0.08725983,0.05559204,0.39536467,0.00034064054
1335,0.53629863,0.034331735,0.1176265,0.07408756,0.41867214,-0.039755825
1336,0.451351,0.054285966,0.07920069,0.056578644,0.3721503,-0.0022926778
1337,0.35849226,0.06975716,0.0887865,0.062102713,0.26970577,0.007654451
1338,0.4553879,0.15626013,0.1558284,0.11609628,0.29955947,0.040163852
1339,0.55840594,0.07266969,0.11515683,0.088676125,0.4432491,-0.016006432
1340,0.45927122,0.048639793,0.089193694,0.057413965,0.37007752,-0.0087741725
1341,0.4248757,0.11159361,0.13235848,0.09732772,0.29251724,0.014265895
1342,0.484939,0.075756,0.11705712,0.08153291,0.3678819,-0.005776912
1343,0.672178,0.16540603,0.18527365,0.14562318,0.48690432,0.019782856
1344,0.32083705,0.06286322,0.08160196,0.05998494,0.23923509,0.0028782822
1345,0.33663803,0.05797901,0.09148432,0.06403748,0.24515371,-0.0060584694
1346,0.5220041,0.07205788,0.10716963,0.07933084,0.4148345,-0.0072729588
1347,0.39373377,0.07215278,0.09640683,0.07851292,0.29732692,-0.0063601434
1348,0.52574277,0.12035836,0.11471931,0.09258994,0.41102347,0.027768426
1349,0.5121883,0.09753952,0.12304344,0.08800407,0.38914487,0.009535454
1350,0.5997892,0.11265203,0.13362035,0.0983095,0.46616885,0.014342532
1351,0.48750776,0.12979181,0.16748977,0.11208157,0.320018,0.017710239
1352,0.47473446,0.06757308,0.098302454,0.070719495,0.376432,-0.0031464174
1353,0.5185124,0.024683028,0.050261665,0.036300853,0.46825075,-0.011617824
1354,0.59829557,0.08861787,0.16415705,0.10743128,0.43413854,-0.018813409
1355,0.500195,0.110323876,0.09459593,0.07585357,0.4055991,0.034470305
1356,0.2868077,0.057042252,0.09046249,0.064374745,0.1963452,-0.0073324926
1357,0.48822656,0.074764125,0.07979511,0.055876493,0.40843147,0.018887632
1358,0.51445585,0.045241933,0.08775907,0.05970207,0.42669678,-0.014460135
1359,0.5018938,0.0453044,0.06587022,0.049563956,0.4360236,-0.0042595565
1360,0.3904344,0.08031615,0.096175894,0.065561265,0.29425853,0.014754884
1361,0.44060618,0.027684595,0.08093576,0.054738134,0.3596704,-0.027053539
1362,0.46302685,0.09588141,0.097430795,0.08145118,0.36559606,0.014430232
1363,0.6467665,0.020917201,0.06536577,0.0401385,0.5814007,-0.0192213
1364,0.3712146,0.06927877,0.075475074,0.045443922,0.29573953,0.023834847
1365,0.42422774,0.074513145,0.077107236,0.05469226,0.34712052,0.019820884
1366,0.49658367,0.09272736,0.09661327,0.06715119,0.3999704,0.025576174
1367,0.5094017,0.11165338,0.11560774,0.08293144,0.39379394,0.028721943
1368,0.36864993,0.039162785,0.086268894,0.05398033,0.28238103,-0.014817543
1369,0.40193167,0.08039329,0.086676225,0.060923763,0.31525546,0.01946953
1370,0.46704844,0.09433882,0.102418825,0.07342864,0.36462963,0.020910181
1371,0.37073603,0.082468376,0.081745274,0.058388285,0.28899077,0.02408009
1372,0.43768665,0.10054521,0.136762,0.099809065,0.30092466,0.00073614717
1373,0.40597224,0.04156913,0.08723552,0.064003564,0.31873673,-0.022434436
1374,0.42900243,0.115225464,0.13006037,0.10740842,0.29894206,0.007817045
1375,0.66559345,0.09546053,0.101200745,0.07650556,0.5643927,0.01895497
1376,0.38361102,0.09604909,0.10702358,0.07146832,0.27658743,0.02458077
1377,0.2745846,0.07115692,0.089117035,0.057500374,0.18546756,0.013656545
1378,0.53674984,0.13146737,0.11859088,0.09371644,0.41815895,0.03775093
1379,0.39273334,0.08842372,0.09621131,0.07194642,0.29652202,0.016477302
1380,0.3770692,0.07209917,0.12829539,0.08501445,0.24877381,-0.012915276
1381,0.35787272,0.03663418,0.07326418,0.05338224,0.28460854,-0.01674806
1382,0.2825131,0.06685414,0.08940987,0.06544139,0.19310324,0.0014127493
1383,0.4114553,0.06731576,0.09174959,0.058411144,0.31970572,0.008904614
1384,0.46683118,0.12706739,0.16723664,0.117718816,0.29959452,0.009348571
1385,0.37276685,0.06335817,0.11959608,0.07990666,0.2531708,-0.016548485
1386,0.512414,0.09895029,0.148391,0.09071365,0.36402297,0.008236639
1387,0.5508561,-0.0024401608,0.038578853,0.021355953,0.51227725,-0.023796113
1388,0.42404002,0.04199836,0.06799173,0.047246046,0.3560483,-0.005247686
1389,0.51319665,0.12693192,0.12762882,0.09286128,0.38556784,0.03407064
1390,0.56590444,0.10829425,0.14368917,0.0974342,0.42221528,0.010860048
1391,0.44385296,0.063344084,0.08319813,0.055067133,0.36065483,0.008276951
1392,0.5319247,0.08418567,0.08490644,0.06115656,0.4470183,0.023029108
1393,0.4263746,0.09095711,0.08700443,0.07318491,0.3393702,0.017772205
1394,0.48435682,0.056964513,0.10635401,0.068839274,0.37800282,-0.011874761
1395,0.46655726,0.116394736,0.14391407,0.11349912,0.3226432,0.002895616
1396,0.44117373,0.10886726,0.14066947,0.09825827,0.30050427,0.010608986
1397,0.3939929,0.069424585,0.09417308,0.06931298,0.29981983,0.00011160225
1398,0.48062944,0.050229877,0.08265454,0.058139127,0.3979749,-0.0079092495
1399,0.54549783,0.10846134,0.14046004,0.1034248,0.4050378,0.0050365403
1400,0.29533058,0.039409515,0.052884836,0.035004914,0.24244575,0.0044046007
1401,0.48406813,0.0693872,0.07942505,0.05574605,0.40464306,0.013641149
1402,0.5626338,0.106460474,0.11443843,0.087675124,0.4481954,0.01878535
1403,0.4484178,0.102191344,0.15143938,0.12094724,0.2969784,-0.018755898
1404,0.38932988,0.06255659,0.11288746,0.077512994,0.2764424,-0.014956407
1405,0.5432882,0.09567242,0.119051,0.09441878,0.42423716,0.0012536421
1406,0.5642951,0.124005936,0.14466742,0.103496835,0.4196277,0.020509101
1407,0.33040923,0.04395189,0.06679799,0.046684295,0.26361126,-0.0027324036
1408,0.33299005,0.07622202,0.07256417,0.050695013,0.26042587,0.025527004
1409,0.4228252,0.09412612,0.10014298,0.0634511,0.3226822,0.030675024
1410,0.47293183,0.08579251,0.107234135,0.07097457,0.36569768,0.014817938
1411,0.43976447,0.082958154,0.1204196,0.08150442,0.31934488,0.0014537349
1412,0.5225519,0.06548758,0.098149315,0.06932404,0.4244026,-0.0038364604
1413,0.5316736,0.04929114,0.10438801,0.06349887,0.4272856,-0.014207728
1414,0.39736336,0.07103956,0.0973731,0.074557066,0.29999027,-0.0035175085
1415,0.55770624,0.0760602,0.11074935,0.08246836,0.44695687,-0.0064081624
1416,0.519133,0.08672208,0.12806267,0.09170197,0.3910703,-0.004979886
1417,0.54389447,0.121387325,0.17394519,0.12385476,0.36994928,-0.0024674311
1418,0.52245456,0.08872233,0.10606708,0.08442403,0.4163875,0.004298307
1419,0.39787945,0.074028455,0.10218432,0.07341855,0.29569513,0.0006099045
1420,0.4055521,0.08543879,0.113546826,0.07415612,0.29200527,0.0112826675
1421,0.55992323,0.022041595,0.05405768,0.03285671,0.5058656,-0.010815116
1422,0.537988,0.13521889,0.18504813,0.13575111,0.35293987,-0.0005322248
1423,0.5512861,0.08413566,0.17992769,0.115900494,0.3713584,-0.031764835
1424,0.3694196,0.051919535,0.0923401,0.057074714,0.27707952,-0.0051551796
1425,0.4917608,0.07128507,0.10233834,0.065703705,0.38942245,0.005581364
1426,0.44742393,0.104845,0.17083819,0.124936536,0.27658576,-0.020091534
1427,0.42348424,0.06792565,0.11062529,0.07824046,0.31285894,-0.010314815
1428,0.401804,0.075731136,0.07501249,0.05563152,0.32679152,0.020099618
1429,0.58678555,0.10249947,0.090663716,0.07252182,0.49612182,0.02997765
1430,0.3873272,0.05316435,0.08775532,0.06010865,0.29957187,-0.0069442987
1431,0.48395526,0.07558739,0.10875156,0.07950623,0.3752037,-0.0039188415
1432,0.34168592,0.04852526,0.08409232,0.060429163,0.2575936,-0.011903904
1433,0.46553215,0.07218718,0.12010503,0.07723505,0.34542713,-0.0050478727
1434,0.53094804,0.08115285,0.11501151,0.08823511,0.41593653,-0.007082261
1435,0.56785756,0.048693854,0.07094186,0.050556142,0.4969157,-0.0018622875
1436,0.3232586,0.089149944,0.08662877,0.06234768,0.23662984,0.026802264
1437,0.44417176,0.07240451,0.10229101,0.07167703,0.34188074,0.00072748214
1438,0.50330776,0.060065124,0.096783504,0.07231557,0.40652424,-0.0122504495
1439,0.4685857,0.0824876,0.10752161,0.08315709,0.36106408,-0.0006694943
1440,0.41234788,0.096243836,0.12707607,0.083616145,0.28527182,0.012627691
1441,0.31328556,0.057260484,0.08532749,0.06027264,0.22795807,-0.003012158
1442,0.57394665,0.075935364,0.10503186,0.07533617,0.4689148,0.0005991906
1443,0.44681144,0.045120638,0.08626471,0.064728804,0.36054674,-0.019608166
1444,0.40906605,0.07672778,0.1157945,0.07864267,0.29327154,-0.0019148886
1445,0.43509617,0.045947287,0.07960445,0.05309874,0.35549173,-0.007151451
1446,0.63121545,0.10641469,0.16640161,0.117050014,0.46481383,-0.010635324
1447,0.36095467,0.034200877,0.07901319,0.051115207,0.28194147,-0.01691433
1448,0.47184452,0.08980268,0.11807094,0.07567394,0.3537736,0.014128745
1449,0.48749074,0.06344445,0.093895346,0.06313774,0.3935954,0.0003067106
1450,0.44427308,0.057439055,0.082629636,0.05606557,0.36164343,0.0013734847
1451,0.48957145,0.11287834,0.123876825,0.10453317,0.36569464,0.008345164
1452,0.56710654,0.077095605,0.109323844,0.072006926,0.4577827,0.0050886795
1453,0.53614295,0.12542039,0.13462727,0.10091285,0.40151566,0.024507545
1454,0.4733783,0.024465315,0.056821782,0.04069836,0.4165565,-0.016233046
1455,0.36173114,0.058117494,0.08765659,0.05319477,0.27407455,0.0049227253
1456,0.3828215,0.10829536,0.10800966,0.07896852,0.27481183,0.029326841
1457,0.35206625,0.07496144,0.10385247,0.06862055,0.24821377,0.006340891
1458,0.3170842,0.06557969,0.08045615,0.0617085,0.23662804,0.0038711913
1459,0.3238291,0.038519785,0.06977843,0.05118679,0.25405067,-0.012667004
1460,0.43385616,0.058052037,0.103628755,0.06601794,0.3302274,-0.007965904
1461,0.41039652,0.06267842,0.0774004,0.049354035,0.33299613,0.013324384
1462,0.5331934,0.08195898,0.122588634,0.0836236,0.41060477,-0.0016646236
1463,0.5005269,0.11269563,0.10124497,0.063988,0.39928192,0.048707627
1464,0.5396147,0.075209744,0.13381338,0.089013696,0.4058013,-0.013803951
1465,0.53949374,0.08481172,0.10895274,0.07856901,0.430541,0.0062427074
1466,0.25729346,0.0432573,0.07101344,0.05276556,0.18628001,-0.00950826
1467,0.39162806,0.072124004,0.1057114,0.08076009,0.28591666,-0.008636087
1468,0.40057805,0.04906312,0.10278519,0.06626439,0.29779285,-0.01720127
1469,0.51859194,0.13239998,0.14634514,0.10596222,0.3722468,0.02643776
1470,0.4281648,0.12540023,0.0986901,0.07502602,0.32947472,0.05037421
1471,0.4433845,0.062482726,0.095976785,0.06972636,0.3474077,-0.007243637
1472,0.42972782,0.09517185,0.09497024,0.07458173,0.33475757,0.020590119
1473,0.5664689,0.08395622,0.10792546,0.076494604,0.45854342,0.007461615
1474,0.31153467,0.042465817,0.07103495,0.052719183,0.24049972,-0.010253366
1475,0.38316068,0.046909705,0.087782465,0.06674866,0.2953782,-0.019838952
1476,0.45108336,0.036036223,0.050278854,0.03934961,0.40080452,-0.0033133887
1477,0.67610466,0.061502814,0.06997264,0.053879846,0.60613203,0.0076229684
1478,0.40396532,0.04893498,0.085202195,0.056823604,0.31876314,-0.007888623
1479,0.47036502,0.1,0.110952124,0.08761662,0.3594129,0.012383379
1480,0.45313922,0.101209216,0.101312265,0.07474417,0.35182697,0.026465043
1481,0.40887976,0.0674745,0.081145145,0.0627235,0.32773462,0.004750997
1482,0.5518975,0.070441626,0.11861481,0.08089267,0.43328273,-0.010451041
1483,0.41565412,0.069950834,0.10748242,0.07259261,0.3081717,-0.0026417747
1484,0.3939607,0.05930981,0.076888226,0.05142934,0.31707248,0.007880472
1485,0.40982273,0.07847347,0.08021502,0.0542871,0.32960773,0.024186373
1486,0.51228005,0.09271109,0.12629762,0.08000998,0.38598242,0.012701109
1487,0.4063898,0.082416505,0.10929483,0.07478763,0.29709497,0.007628873
1488,0.5206809,0.032133922,0.034057915,0.02557202,0.486623,0.0065619014
1489,0.5018894,0.061213158,0.100900315,0.065295294,0.4009891,-0.004082136
1490,0.2696241,0.072820306,0.06537305,0.04687276,0.20425107,0.025947545
1491,0.49690732,0.13334033,0.14147434,0.101407334,0.355433,0.031932995
1492,0.42064592,0.051345605,0.08875608,0.06348137,0.33188984,-0.012135763
1493,0.42270994,0.06277135,0.08681136,0.059055917,0.33589858,0.0037154332
1494,0.4752129,0.09520398,0.117221996,0.081699535,0.35799092,0.013504446
1495,0.5369827,0.07172458,0.11767776,0.081965946,0.41930497,-0.010241367
1496,0.52812666,0.097627744,0.12481563,0.09057964,0.403311,0.0070481077
1497,0.59469974,0.07403917,0.12051237,0.083531834,0.47418737,-0.0094926655
1498,0.5203219,0.09936196,0.11475166,0.07430489,0.40557024,0.02505707
1499,0.52394605,0.080712855,0.09930514,0.07523097,0.4246409,0.005481884
1500,0.4675656,0.08683721,0.112192646,0.07734434,0.35537297,0.009492867
1501,0.4269413,0.12567736,0.12404935,0.09039037,0.30289197,0.035286993
1502,0.73871654,0.03610591,0.10006137,0.064333536,0.6386552,-0.028227627
1503,0.48697013,0.042876165,0.088632025,0.056765955,0.3983381,-0.01388979
1504,0.45617732,0.09851173,0.111209296,0.07403695,0.34496802,0.024474785
1505,0.3065927,0.042703044,0.07971647,0.05386544,0.22687623,-0.0111623965
1506,0.4877003,0.0692597,0.0847825,0.06372459,0.4029178,0.005535111
1507,0.68894184,0.11166958,0.1410011,0.09891225,0.54794073,0.012757331
1508,0.42333663,0.15630153,0.15419714,0.11682285,0.26913947,0.039478675
1509,0.41702622,0.08508309,0.11357019,0.08592195,0.30345604,-0.00083886087
1510,0.5478065,0.051068667,0.08179717,0.06258878,0.46600932,-0.011520114
1511,0.5258846,0.12250847,0.12619992,0.08613744,0.39968473,0.036371037
1512,0.51998055,0.07698245,0.08435973,0.061875664,0.4356208,0.01510679
1513,0.50018746,0.042961676,0.07368152,0.058213137,0.42650592,-0.015251461
1514,0.4059707,0.08027906,0.105858825,0.07107681,0.30011186,0.009202249
1515,0.50223684,0.082836926,0.09884558,0.068047725,0.40339127,0.014789201
1516,0.53559875,0.12229595,0.13600527,0.0825821,0.39959347,0.039713852
1517,0.3414544,0.077594966,0.08277383,0.048328575,0.25868055,0.029266391
1518,0.41451597,0.09111516,0.09799748,0.075190894,0.3165185,0.015924267
1519,0.48504463,0.112514675,0.1318574,0.096469544,0.35318723,0.01604513
1520,0.4044226,0.049728513,0.059460104,0.043785322,0.3449625,0.0059431903
1521,0.49542135,0.15007338,0.14038695,0.11758628,0.3550344,0.0324871
1522,0.52420944,0.079444505,0.11931963,0.077169314,0.40488982,0.0022751912
1523,0.42215604,0.08586112,0.076366834,0.05454678,0.3457892,0.031314336
1524,0.51620734,0.009800472,0.04332737,0.02654258,0.47287998,-0.016742107
1525,0.5779858,0.061741367,0.1102273,0.075304404,0.46775854,-0.013563037
1526,0.4250089,0.06827077,0.091959395,0.06515027,0.3330495,0.0031205043
1527,0.48905367,0.10505193,0.12114443,0.091110386,0.36790925,0.013941541
1528,0.6649836,0.027024454,0.04806336,0.03338635,0.61692023,-0.006361896
1529,0.4134666,0.07518013,0.09510483,0.068476535,0.31836176,0.006703593
1530,0.46428162,0.102555685,0.1341016,0.09945779,0.33018002,0.0030978918
1531,0.6184136,0.093283966,0.15405409,0.11813682,0.46435952,-0.024852857
1532,0.45415834,0.08428604,0.10297991,0.08331869,0.3511784,0.0009673536
1533,0.5043614,0.11113497,0.16824909,0.12315538,0.33611232,-0.012020409
1534,0.35217997,0.09354334,0.10384283,0.07513164,0.24833715,0.018411703
1535,0.54774046,0.11381494,0.11225413,0.0746545,0.43548632,0.039160445
1536,0.70500344,0.15124734,0.20047852,0.13754055,0.50452495,0.013706788
1537,0.4816216,0.13174415,0.10333385,0.08049163,0.37828773,0.051252514
1538,0.42894906,0.09722269,0.10482242,0.0746661,0.32412663,0.022556596
1539,0.5059172,0.078963086,0.093952715,0.0751588,0.41196448,0.0038042888
1540,0.32900673,0.041444704,0.06281121,0.037878186,0.26619554,0.0035665184
1541,0.49033982,0.07566692,0.11686267,0.07550468,0.37347716,0.00016223639
1542,0.41052443,0.049119364,0.090870395,0.059149813,0.31965405,-0.010030448
1543,0.4984545,0.03775758,0.11692934,0.0717634,0.38152516,-0.034005824
1544,0.48281574,0.08834452,0.11029132,0.081816286,0.37252444,0.006528236
1545,0.43102828,0.10596679,0.11421116,0.08834403,0.3168171,0.017622761
1546,0.21032937,0.03780078,0.05146579,0.03622365,0.15886357,0.0015771315
1547,0.5848163,0.10869926,0.15340005,0.11351681,0.4314162,-0.0048175454
1548,0.58160883,0.07080518,0.12760781,0.08591566,0.454001,-0.015110485
1549,0.5310531,0.09984111,0.122938715,0.09213817,0.4081144,0.007702939
1550,0.6315215,0.14561875,0.14821199,0.10535029,0.48330954,0.04026846
1551,0.38673866,0.080438286,0.10184753,0.081734195,0.28489113,-0.0012959093
1552,0.47122785,0.053735483,0.082661234,0.057310008,0.3885666,-0.003574524
1553,0.55076873,0.07910362,0.09521819,0.061882567,0.45555055,0.017221052
1554,0.5942108,0.08151883,0.13713278,0.09572939,0.45707804,-0.014210559
1555,0.22053438,0.03544354,0.04884975,0.02879412,0.17168464,0.0066494215
1556,0.55974436,0.07781554,0.10125778,0.070573024,0.4584866,0.0072425157
1557,0.49040356,0.061612144,0.093388714,0.06123317,0.39701486,0.00037897378
1558,0.42879683,0.077872865,0.085301146,0.06081119,0.34349567,0.017061673
1559,0.6979921,0.08491123,0.11438036,0.08490671,0.5836117,4.515052e-06
1560,0.36445573,0.10644467,0.11594272,0.080345154,0.24851301,0.026099518
1561,0.5717154,0.15729061,0.16513285,0.12758535,0.40658256,0.029705256
1562,0.38600403,0.089452945,0.110018894,0.07645179,0.27598512,0.013001151
1563,0.42437607,0.076323435,0.12137089,0.08113132,0.3030052,-0.004807882
1564,0.34603214,0.06735216,0.08332912,0.05884807,0.26270303,0.008504089
1565,0.4707369,0.03901807,0.08330909,0.05989618,0.3874278,-0.02087811
1566,0.4714235,0.05715653,0.07978698,0.05976222,0.39163652,-0.0026056916
1567,0.5825,0.0736829,0.12441541,0.08668317,0.45808458,-0.013000272
1568,0.57195073,0.09517059,0.15106246,0.11475165,0.42088827,-0.019581065
1569,0.428553,0.06899692,0.08113754,0.062256835,0.34741545,0.006740086
1570,0.47984266,0.056849927,0.09238913,0.061530747,0.38745353,-0.00468082
1571,0.36722416,0.033304565,0.06960435,0.04845736,0.29761982,-0.015152797
1572,0.4930744,0.09116424,0.12921137,0.09152113,0.36386302,-0.00035689026
1573,0.4040062,0.032611582,0.086132586,0.054489266,0.31787363,-0.021877684
1574,0.45008335,0.055619366,0.073329285,0.047448076,0.37675405,0.00817129
1575,0.43037024,0.07909761,0.07839884,0.055484183,0.3519714,0.02361343
1576,0.5036211,0.0926659,0.11110729,0.08033742,0.3925138,0.012328483
1577,0.46103364,0.09229424,0.11367346,0.08569883,0.3473602,0.0065954104
1578,0.28286782,0.07235936,0.076347835,0.06172821,0.20651999,0.0106311515
1579,0.26592118,0.035521846,0.06801646,0.049229767,0.1979047,-0.013707921
1580,0.5766556,0.09038461,0.1278927,0.08174606,0.44876292,0.008638553
1581,0.38266435,0.09902233,0.09102225,0.06472717,0.2916421,0.034295157
1582,0.41521356,0.093337774,0.12021534,0.08808224,0.29499823,0.0052555352
1583,0.5391993,0.075908236,0.114935756,0.0788571,0.42426354,-0.0029488653
1584,0.40768644,0.06358277,0.08280356,0.06323584,0.32488286,0.00034692883
1585,0.5478432,0.1149287,0.13739768,0.10604699,0.41044554,0.0088817105
1586,0.3776269,0.05124723,0.07463913,0.056711316,0.30298775,-0.0054640844
1587,0.41476074,0.08598574,0.120184675,0.08609609,0.29457605,-0.00011035055
1588,0.4420953,0.0508023,0.09855911,0.07385367,0.3435362,-0.02305137
1589,0.36384755,0.08039009,0.102533475,0.06531342,0.2613141,0.015076667
1590,0.4472041,0.07567639,0.114683345,0.080199584,0.33252078,-0.0045231953
1591,0.5223227,0.09339967,0.112990476,0.08175772,0.40933225,0.011641957
1592,0.41108325,0.0786618,0.09436665,0.06688061,0.3167166,0.011781186
1593,0.499077,0.09424799,0.11170167,0.07816045,0.38737532,0.01608754
1594,0.45630208,0.093566224,0.12564316,0.091923356,0.3306589,0.0016428679
1595,0.40993407,0.09798816,0.09151993,0.070475504,0.31841415,0.027512655
1596,0.26626307,0.0374493,0.06315607,0.04042303,0.203107,-0.0029737279
1597,0.4799228,0.103638835,0.12597641,0.083284214,0.3539464,0.020354621
1598,0.7181225,0.18660107,0.27229023,0.1864768,0.44583225,0.00012427568
1599,0.5153008,0.06958796,0.0898658,0.06228612,0.425435,0.007301841
1600,0.43101135,0.026642406,0.08930116,0.058224935,0.34171018,-0.031582527
1601,0.4647414,0.06768292,0.08638111,0.06814029,0.3783603,-0.0004573688
1602,0.6612528,0.12684444,0.17657027,0.13032731,0.48468253,-0.0034828782
1603,0.43796623,0.07452168,0.11244434,0.079335935,0.3255219,-0.0048142523
1604,0.362346,0.019971723,0.059752353,0.03497634,0.30259365,-0.015004618
1605,0.47042796,0.093322776,0.124509774,0.087879494,0.34591818,0.0054432824
1606,0.4192404,0.071329914,0.115450814,0.07463324,0.30378956,-0.0033033267
1607,0.53683084,0.07419839,0.115188,0.08451603,0.42164284,-0.010317646
1608,0.545728,0.051278867,0.13272282,0.07452324,0.4130052,-0.023244374
1609,0.5101634,0.07086498,0.09347113,0.07027801,0.4166923,0.00058697164
1610,0.49916542,0.045412954,0.08032708,0.05848329,0.41883832,-0.0130703375
1611,0.55814856,0.058921628,0.089851305,0.060428165,0.46829724,-0.0015065372
1612,0.3804384,0.04077584,0.07227319,0.052158467,0.3081652,-0.011382628
1613,0.39935532,0.02829434,0.09369879,0.050253768,0.30565652,-0.021959428
1614,0.48496014,0.05893049,0.08662982,0.054986943,0.39833033,0.0039435476
1615,0.50106084,0.036060095,0.035117038,0.02436082,0.4659438,0.011699274
1616,0.4314132,0.085025944,0.09730272,0.07260183,0.3341105,0.012424111
1617,0.650157,0.13767341,0.16349876,0.12317337,0.48665822,0.014500037
1618,0.51717305,0.1251716,0.16267547,0.11363999,0.35449758,0.011531614
1619,0.34120792,0.07204705,0.08174212,0.060598575,0.2594658,0.011448473
1620,0.59959704,0.05138959,0.073247276,0.049393285,0.5263498,0.0019963048
1621,0.5115166,0.089464106,0.10573363,0.0840268,0.40578294,0.005437307
1622,0.40169075,0.028038016,0.076601334,0.044172592,0.32508942,-0.016134577
1623,0.47278997,0.077093795,0.09944636,0.08005577,0.37334362,-0.0029619783
1624,0.45864794,0.095104955,0.108070634,0.07661796,0.3505773,0.018486992
1625,0.6602986,0.1101712,0.10424684,0.0720216,0.55605173,0.038149595
1626,0.45871025,0.06320654,0.10318458,0.07680031,0.35552567,-0.013593771
1627,0.42294678,0.10082593,0.097736984,0.064752445,0.3252098,0.036073484
1628,0.4997344,0.07612712,0.1030182,0.07394649,0.3967162,0.0021806285
1629,0.50437444,0.065194316,0.090483,0.062152278,0.41389143,0.0030420385
1630,0.32283944,0.035773005,0.095935404,0.0664562,0.22690403,-0.030683193
1631,0.5146724,0.06948772,0.105916396,0.08248988,0.40875602,-0.013002157
1632,0.38101238,0.06505691,0.08645563,0.06328129,0.29455674,0.0017756224
1633,0.4915503,0.103888,0.12366549,0.083966434,0.3678848,0.019921564
1634,0.47744018,0.06891649,0.08974756,0.06727345,0.38769263,0.0016430393
1635,0.26737243,0.012207485,0.04807242,0.030979028,0.2193,-0.018771544
1636,0.5745614,0.064542316,0.103570715,0.076990604,0.47099072,-0.0124482885
1637,0.584593,0.008773477,0.045076333,0.026332056,0.5395167,-0.017558578
1638,0.3170958,0.055029593,0.06299995,0.046125393,0.25409585,0.0089042
1639,0.589995,0.038259137,0.0431727,0.024398187,0.5468223,0.01386095
1640,0.27454206,0.071315154,0.077028595,0.05060687,0.19751346,0.020708285
1641,0.4458166,0.08031162,0.11496524,0.07636364,0.33085138,0.0039479807
1642,0.4531177,0.10018552,0.075206876,0.05325223,0.37791082,0.04693329
1643,0.5408627,0.10919266,0.11756937,0.08956532,0.4232933,0.01962734
1644,0.42693716,0.05392678,0.077143185,0.057578973,0.34979397,-0.0036521927
1645,0.5083192,0.061809275,0.10072778,0.07740172,0.4075914,-0.015592445
1646,0.43929508,0.05415358,0.091140546,0.06926695,0.34815454,-0.015113372
1647,0.47248787,0.05503672,0.10259841,0.06830095,0.36988947,-0.013264228
1648,0.42910692,0.07774084,0.08923692,0.06417244,0.33987,0.013568401
1649,0.41147727,0.05561913,0.09096205,0.055294592,0.32051522,0.00032453984
1650,0.50386524,0.11782318,0.1282683,0.080421455,0.37559694,0.03740173
1651,0.46755642,0.054914262,0.07884905,0.05921685,0.38870737,-0.0043025874
1652,0.5128311,0.12076956,0.14266218,0.09654766,0.37016892,0.024221897
1653,0.3459713,0.08408261,0.09367919,0.064883396,0.2522921,0.019199215
1654,0.37733948,0.056078736,0.093298115,0.057582617,0.28404137,-0.0015038811
1655,0.61144185,0.111789584,0.17858776,0.12770514,0.4328541,-0.015915558
1656,0.45356348,0.07176307,0.12474284,0.07365902,0.32882065,-0.0018959492
1657,0.5933254,0.103117734,0.14851442,0.11088282,0.44481096,-0.0077650845
1658,0.4996721,0.12876438,0.15087166,0.10546978,0.34880045,0.023294598
1659,0.4658585,0.08432499,0.1166805,0.08780668,0.349178,-0.003481686
1660,0.5346095,0.05059333,0.08313842,0.055752464,0.4514711,-0.005159132
1661,0.5016382,0.073003896,0.09619095,0.07348683,0.4054472,-0.00048293173
1662,0.45901206,0.042897504,0.073141694,0.048633777,0.38587037,-0.005736273
1663,0.42647442,0.08801002,0.13784985,0.09313339,0.28862458,-0.0051233694
1664,0.4585168,0.051616352,0.07860363,0.057808626,0.37991318,-0.0061922744
1665,0.41614264,0.06451466,0.096741214,0.06047252,0.31940144,0.004042141
1666,0.2793882,0.053436365,0.07923906,0.058629908,0.20014912,-0.0051935427
1667,0.5369045,0.108359285,0.1527545,0.09952496,0.38415003,0.008834325
1668,0.54184514,0.089141734,0.12377157,0.08701123,0.41807356,0.002130501
1669,0.5231078,0.088123545,0.120644055,0.08998986,0.40246376,-0.0018663183
1670,0.4902114,0.080342166,0.07959877,0.055602122,0.41061264,0.024740044
1671,0.5033421,0.08455691,0.11955847,0.0770052,0.38378364,0.0075517073
1672,0.41005442,0.10408739,0.115898095,0.09192519,0.2941563,0.012162201
1673,0.35928023,0.038314972,0.060020793,0.04748141,0.29925942,-0.009166438
1674,0.6451916,0.07714939,0.15099567,0.09956641,0.49419594,-0.022417016
1675,0.5224581,0.14638518,0.13155882,0.0988927,0.39089924,0.047492474
1676,0.3630953,0.08310973,0.113176785,0.077999406,0.24991852,0.0051103234
1677,0.44036415,0.08088012,0.10945449,0.0751938,0.33090967,0.0056863204
1678,0.47486752,0.115779504,0.12652467,0.08360291,0.34834284,0.03217659
1679,0.39129427,0.05002031,0.078300394,0.047876794,0.31299388,0.0021435171
1680,0.5233276,0.09436623,0.13079616,0.09409685,0.39253142,0.0002693832
1681,0.5998471,0.053195897,0.055477876,0.041309092,0.5443692,0.011886805
1682,0.5029629,0.11261101,0.10810314,0.08104624,0.39485973,0.031564772
1683,0.37072384,0.047853064,0.0733095,0.05052474,0.29741433,-0.0026716776
1684,0.3655751,0.060602576,0.063521706,0.04671807,0.3020534,0.013884507
1685,0.47796902,0.046188463,0.06794659,0.042651124,0.41002244,0.0035373382
1686,0.44488654,0.06818102,0.11150805,0.07746985,0.3333785,-0.009288825
1687,0.44872564,0.08084954,0.095401905,0.07145642,0.35332373,0.009393126
1688,0.40645015,0.05907026,0.07942446,0.05414384,0.32702568,0.0049264207
1689,0.53273153,0.06617593,0.09958617,0.07516684,0.43314537,-0.008990906
1690,0.46721622,0.13674466,0.12873854,0.09443332,0.33847767,0.04231134
1691,0.45632005,0.07406721,0.083394565,0.056978542,0.3729255,0.01708867
1692,0.45854196,0.09384338,0.12322116,0.08724213,0.3353208,0.0066012517
1693,0.7182885,0.15890495,0.18285097,0.11264799,0.5354375,0.046256967
1694,0.37738335,0.05231237,0.079689704,0.05757575,0.29769364,-0.0052633807
1695,0.53821194,0.09727438,0.119826876,0.08482774,0.41838506,0.0124466345
1696,0.4029776,0.08429922,0.08932186,0.06706942,0.31365573,0.017229803
1697,0.3720585,0.03806735,0.07986605,0.060908176,0.29219246,-0.022840828
1698,0.44162178,0.04793245,0.08564907,0.061199177,0.3559727,-0.013266727
1699,0.47317544,0.0440806,0.0888826,0.056673896,0.38429284,-0.012593295
1700,0.6885278,0.035514046,0.05632644,0.039539732,0.6322014,-0.0040256865
1701,0.3062356,0.04875026,0.068160795,0.04937613,0.23807481,-0.0006258711
1702,0.42469397,0.047651254,0.07390224,0.05022527,0.35079172,-0.0025740154
1703,0.6274918,0.17031083,0.17958279,0.13858089,0.447909,0.031729937
1704,0.56476194,0.084650986,0.10270572,0.08020533,0.46205622,0.004445657
1705,0.56404835,0.08904601,0.10106073,0.06727444,0.4629876,0.021771573
1706,0.42241094,0.059140775,0.06068473,0.048102707,0.3617262,0.011038069
1707,0.3809815,0.040225707,0.07323207,0.04587978,0.30774945,-0.0056540743
1708,0.650096,0.13108903,0.15412936,0.1213014,0.49596664,0.009787634
1709,0.4976651,0.08149694,0.09396594,0.07126172,0.40369916,0.01023522
1710,0.5452688,0.104504146,0.100336194,0.0786644,0.44493258,0.025839746
1711,0.2541048,0.039531413,0.08531,0.05846852,0.1687948,-0.018937107
1712,0.35503924,0.051644605,0.059132777,0.040701587,0.29590645,0.010943018
1713,0.41897687,0.08035462,0.10687852,0.0772753,0.31209835,0.003079325
1714,0.3400807,0.049904846,0.06442334,0.05127897,0.27565736,-0.0013741255
1715,0.42343342,0.021391846,0.04659878,0.030692568,0.37683463,-0.009300722
1716,0.38528898,0.091890015,0.115857914,0.076349825,0.26943105,0.01554019
1717,0.41164756,0.083109275,0.11531271,0.08419295,0.29633486,-0.001083672
1718,0.54258275,0.033822827,0.07748434,0.047931165,0.4650984,-0.014108337
1719,0.43943667,0.041922867,0.08377663,0.060821444,0.35566005,-0.018898576
1720,0.5039142,0.07868697,0.12119754,0.07916034,0.38271666,-0.00047337264
1721,0.5758627,0.08708269,0.11542708,0.08305791,0.46043563,0.0040247813
1722,0.47727522,0.06744761,0.099459395,0.0730263,0.37781584,-0.0055786893
1723,0.4999411,0.06736141,0.11303417,0.0726714,0.38690695,-0.0053099915
1724,0.38296038,0.04698836,0.07753018,0.056429822,0.3054302,-0.009441461
1725,0.47028586,0.05353983,0.08503996,0.05961436,0.38524592,-0.006074529
1726,0.4653021,0.07476301,0.096880496,0.079793885,0.3684216,-0.005030878
1727,0.44236398,0.112883225,0.109168075,0.0705127,0.3331959,0.042370528
1728,0.32979342,0.053258173,0.083707705,0.06093346,0.24608572,-0.0076752864
1729,0.34456173,0.05474274,0.08437407,0.05931433,0.26018766,-0.0045715906
1730,0.4159489,0.08375917,0.10952989,0.07824355,0.30641901,0.0055156127
1731,0.5409593,0.12698878,0.17742606,0.13333884,0.36353326,-0.0063500553
1732,0.45857227,0.08416603,0.11049404,0.07885434,0.34807822,0.0053116903
1733,0.4319129,0.0434714,0.08713982,0.056575745,0.34477308,-0.013104346
1734,0.4877591,0.06677709,0.116872706,0.0821807,0.37088642,-0.015403613
1735,0.41706932,0.0450523,0.061801206,0.046342976,0.35526812,-0.0012906753
1736,0.48789144,0.050545894,0.1103598,0.07011922,0.37753165,-0.019573323
1737,0.5646801,0.0827293,0.10262011,0.07655404,0.46205997,0.0061752647
1738,0.5292741,0.084395856,0.10195361,0.070902094,0.42732048,0.013493761
1739,0.40730447,0.102053784,0.11649771,0.07399765,0.29080677,0.028056137
1740,0.46642596,0.061126616,0.09068297,0.06150335,0.37574297,-0.00037673488
1741,0.5224696,0.07050784,0.11106856,0.084983975,0.41140103,-0.014476135
1742,0.43927464,0.0347563,0.07855458,0.04437963,0.36072007,-0.00962333
1743,0.3192147,0.053137626,0.07264981,0.05759256,0.2465649,-0.004454933
1744,0.7173494,0.13863003,0.17100735,0.12536207,0.5463421,0.013267964
1745,0.45305732,0.089912474,0.1424246,0.098491766,0.3106327,-0.008579291
1746,0.69444525,0.11941819,0.18893763,0.12770435,0.5055076,-0.008286163
1747,0.44177952,0.091594465,0.12576792,0.088053614,0.3160116,0.0035408512
1748,0.40440294,0.054787427,0.05517148,0.04125422,0.34923145,0.0135332085
1749,0.5446489,0.06670009,0.09874861,0.056290418,0.44590026,0.010409676
1750,0.42687193,0.07724322,0.10502517,0.082274795,0.32184675,-0.0050315782
1751,0.6029074,0.12383399,0.13602939,0.102347314,0.46687803,0.021486677
1752,0.53898656,0.0753195,0.13141601,0.086321875,0.40757054,-0.011002377
1753,0.33155578,0.08108637,0.080650516,0.059214957,0.25090528,0.02187141
1754,0.44371334,0.030948302,0.056171052,0.037361495,0.38754228,-0.0064131934
1755,0.39083737,0.06190034,0.08949881,0.06773639,0.30133855,-0.005836047
1756,0.46893972,0.10052207,0.09113951,0.058171064,0.37780023,0.042351007
1757,0.47619578,0.068713956,0.1126369,0.08378085,0.3635589,-0.015066892
1758,0.69712174,0.03297547,0.04948204,0.03556488,0.6476397,-0.002589412
1759,0.5731597,0.083223544,0.13102168,0.088721104,0.44213802,-0.00549756
1760,0.67611974,0.068344615,0.13595054,0.0845062,0.54016924,-0.016161583
1761,0.5027379,0.067769125,0.08475126,0.06188134,0.41798663,0.005887784
1762,0.42720532,0.029720794,0.08346641,0.05666233,0.3437389,-0.026941534
1763,0.51822,0.069209844,0.10595975,0.06912414,0.41226026,8.570403e-05
1764,0.3844948,0.10201581,0.08958294,0.06714261,0.29491186,0.034873195
1765,0.4322033,0.0270148,0.07458664,0.049326606,0.35761666,-0.022311807
1766,0.47311026,0.05207516,0.076477066,0.057130713,0.3966332,-0.005055554
1767,0.43841606,0.090728536,0.11115907,0.083102986,0.32725698,0.00762555
1768,0.4263599,0.09921785,0.105693504,0.078739956,0.32066637,0.020477891
1769,0.6173065,0.17869757,0.17182635,0.13224879,0.4454801,0.046448782
1770,0.40340236,0.058528703,0.08733435,0.059573077,0.316068,-0.001044374
1771,0.5106373,0.07911914,0.10295464,0.066957764,0.40768266,0.012161374
1772,0.6886876,0.022174513,0.055808235,0.033379205,0.6328794,-0.011204692
1773,0.4654781,0.055763114,0.08394695,0.061823368,0.38153115,-0.006060254
1774,0.42700857,0.07359168,0.09454547,0.06540249,0.3324631,0.008189186
1775,0.58576393,0.09638426,0.16159359,0.12213329,0.42417035,-0.025749035
1776,0.37108436,0.060564924,0.09284024,0.060624707,0.27824414,-5.978346e-05
1777,0.4869174,0.105941616,0.103028275,0.06682824,0.38388914,0.039113373
1778,0.46339664,0.06800665,0.105684556,0.0790396,0.3577121,-0.011032954
1779,0.43595922,0.07990784,0.098844334,0.068962105,0.33711487,0.010945737
1780,0.53992873,0.06775999,0.09680984,0.070324264,0.4431189,-0.0025642738
1781,0.44855368,0.11120506,0.12551391,0.09401762,0.32303977,0.017187439
1782,0.54098135,0.07265953,0.101609744,0.07664208,0.43937162,-0.0039825514
1783,0.47122094,0.095893696,0.14480476,0.11409398,0.3264162,-0.018200286
1784,0.4801592,0.055926796,0.09991795,0.069276534,0.38024125,-0.013349738
1785,0.54589194,0.10633107,0.14449318,0.08605179,0.40139878,0.02027928
1786,0.39051607,0.068763666,0.08151887,0.058807928,0.3089972,0.009955738
1787,0.50525105,0.08944645,0.10951177,0.08269329,0.3957393,0.006753154
1788,0.41377777,0.081480645,0.07554091,0.054189526,0.33823687,0.02729112
1789,0.44011748,0.019798543,0.03247134,0.023169631,0.40764615,-0.0033710878
1790,0.36814576,0.060895912,0.06883894,0.053931564,0.2993068,0.0069643483
1791,0.46470577,0.09793927,0.099020526,0.07965939,0.36568522,0.01827988
1792,0.5177934,0.082042255,0.12792304,0.09289897,0.38987038,-0.010856718
1793,0.49045986,0.12248633,0.13076939,0.10318891,0.3596905,0.019297421
1794,0.5797345,0.0718764,0.10605423,0.08003756,0.47368026,-0.008161157
1795,0.4770221,0.07244052,0.11251658,0.078681536,0.36450553,-0.006241016
1796,0.40528792,0.07232396,0.115669824,0.07030541,0.2896181,0.002018556
1797,0.36964324,0.05799818,0.08509744,0.06038345,0.2845458,-0.0023852699
1798,0.5235476,0.104252666,0.13356498,0.09680896,0.3899826,0.0074437037
1799,0.52795845,0.09182996,0.12191699,0.08707569,0.40604147,0.004754275
1800,0.36382923,0.0889186,0.09899396,0.07432532,0.26483527,0.014593273
1801,0.4702494,0.108921885,0.1319608,0.09788286,0.3382886,0.011039026
1802,0.4496358,0.1116955,0.11790484,0.09037746,0.33173096,0.02131804
1803,0.5827535,0.07795132,0.104388855,0.06737406,0.47836462,0.010577261
1804,0.5040754,0.07280891,0.094315715,0.06641781,0.4097597,0.006391093
1805,0.44850695,0.070386045,0.10295105,0.075495824,0.3455559,-0.0051097795
1806,0.45434713,0.0805716,0.10614822,0.08358471,0.34819892,-0.0030131117
1807,0.43639028,0.099417545,0.08169051,0.05704971,0.35469976,0.042367835
1808,0.45826775,0.05007192,0.077497356,0.056776457,0.3807704,-0.0067045353
1809,0.3698246,0.058467977,0.08352371,0.05998662,0.28630087,-0.0015186444
1810,0.39288348,0.040177662,0.07046515,0.048890136,0.32241833,-0.008712474
1811,0.41650474,0.056023892,0.09730078,0.06997941,0.31920397,-0.013955515
1812,0.55257297,0.110603474,0.132967,0.10238631,0.41960597,0.008217163
1813,0.5003719,0.06282079,0.08234653,0.057825707,0.41802534,0.0049950853
1814,0.3995399,0.08688881,0.108166695,0.073588766,0.2913732,0.013300046
1815,0.44629678,0.06910669,0.105834164,0.06910366,0.34046263,3.0323863e-06
1816,0.4247787,0.06453712,0.085140534,0.059128713,0.33963817,0.00540841
1817,0.3966052,0.09631764,0.11909287,0.07920997,0.2775123,0.017107673
1818,0.48485264,0.13947065,0.15549156,0.12102954,0.32936108,0.01844111
1819,0.51857454,0.0777764,0.12767056,0.08289598,0.39090398,-0.005119577
1820,0.39828154,0.055535346,0.07784475,0.05041639,0.3204368,0.005118955
1821,0.39864218,0.10803416,0.11339414,0.08080248,0.28524804,0.027231686
1822,0.38072503,0.068687856,0.06960211,0.047489755,0.31112292,0.021198101
1823,0.52540624,0.08592031,0.09107411,0.062129833,0.43433213,0.023790479
1824,0.34398592,0.058412246,0.06532898,0.04608515,0.27865693,0.012327097
1825,0.3533975,0.065270685,0.08224079,0.066395,0.2711567,-0.001124315
1826,0.44025958,0.07092017,0.099733636,0.06131666,0.34052593,0.009603508
1827,0.44876277,0.05556486,0.09136145,0.061819065,0.3574013,-0.0062542036
1828,0.431814,0.14137454,0.18726826,0.14418697,0.24454573,-0.0028124303
1829,0.4640903,0.07987342,0.10642403,0.08160496,0.35766625,-0.0017315373
1830,0.4035393,0.05004519,0.081917085,0.058774732,0.32162222,-0.008729544
1831,0.50547165,0.044748344,0.074131526,0.050605875,0.43134013,-0.005857531
1832,0.53995836,0.10072977,0.1583066,0.11109692,0.38165176,-0.010367148
1833,0.6122294,0.018844342,0.050946724,0.038503505,0.5612827,-0.019659163
1834,0.5738085,0.07704145,0.111797966,0.087219626,0.46201053,-0.010178179
1835,0.5222008,0.03462614,0.10473175,0.06298907,0.41746908,-0.02836293
1836,0.2997129,0.02299531,0.06393172,0.04028969,0.23578118,-0.017294379
1837,0.49518657,0.09699178,0.11943464,0.08997879,0.3757519,0.0070129856
1838,0.39903113,0.04092611,0.087189496,0.058902692,0.31184164,-0.017976582
1839,0.6153763,0.0704027,0.12183454,0.08103715,0.49354175,-0.010634452
1840,0.42280102,0.04687424,0.07697258,0.044381343,0.34582844,0.0024928972
1841,0.46706495,0.08730712,0.10345129,0.06922186,0.36361367,0.018085256
1842,0.285775,0.05767315,0.056833435,0.038026534,0.22894157,0.019646615
1843,0.6454208,0.18635403,0.21074864,0.1449641,0.43467215,0.041389927
1844,0.33763906,0.06165458,0.09033485,0.064739004,0.24730422,-0.0030844249
1845,0.5119523,0.088106,0.111883044,0.07538396,0.40006924,0.012722038
1846,0.5253232,0.123394765,0.14457329,0.1112404,0.38074994,0.012154363
1847,0.42881194,0.060520094,0.09081838,0.05729852,0.33799356,0.0032215752
1848,0.25835815,0.05163222,0.06529863,0.049571365,0.19305952,0.0020608567
1849,0.5034515,0.07414348,0.11786215,0.08283562,0.38558936,-0.008692145
1850,0.5834654,0.07165963,0.1296774,0.093897425,0.45378798,-0.022237793
1851,0.23094678,0.04897999,0.056906622,0.044025294,0.17404015,0.0049546957
1852,0.42814216,0.06806278,0.08745968,0.06146564,0.34068248,0.0065971427
1853,0.42022574,0.05799267,0.10380633,0.073798336,0.31641942,-0.015805665
1854,0.43714577,0.064201064,0.09312834,0.07449713,0.34401745,-0.010296069
1855,0.6335967,0.104956396,0.15061831,0.10503348,0.4829784,-7.708371e-05
1856,0.46048725,0.073506266,0.13947527,0.08898704,0.32101196,-0.015480772
1857,0.45454457,0.08931586,0.118160106,0.077908896,0.33638448,0.011406966
1858,0.49079388,0.019690407,0.04041569,0.02484938,0.45037818,-0.005158972
1859,0.39232787,0.077995546,0.0753703,0.055699836,0.3169576,0.02229571
1860,0.41523862,0.09151574,0.099144235,0.07000253,0.3160944,0.021513209
1861,0.36608475,0.067891926,0.09744229,0.06920613,0.26864246,-0.0013142079
1862,0.62415445,0.14395127,0.16255489,0.11454024,0.46159956,0.029411025
1863,0.48432165,0.079157345,0.12869671,0.09486978,0.35562494,-0.015712433
1864,0.42897078,0.019304518,0.07463065,0.049618073,0.35434014,-0.030313555
1865,0.4168924,0.10916273,0.13398649,0.094165675,0.28290594,0.014997058
1866,0.5979426,0.0197574,0.035869524,0.02813382,0.56207305,-0.008376421
1867,0.56376255,0.02480362,0.046075903,0.03374373,0.51768667,-0.008940112
1868,0.47533602,0.06077658,0.08692306,0.05867713,0.38841295,0.0020994507
1869,0.46857733,0.13257343,0.13377008,0.10859454,0.33480725,0.023978889
1870,0.46528348,0.07590334,0.088600315,0.06738808,0.37668318,0.008515261
1871,0.52197415,0.0712262,0.11923357,0.07542857,0.40274057,-0.004202366
1872,0.4688338,0.090384655,0.10321806,0.08368576,0.36561573,0.0066988915
1873,0.55367994,0.08555577,0.12945858,0.09422524,0.42422137,-0.008669473
1874,0.5965902,0.03344151,0.094111994,0.06017437,0.50247824,-0.026732858
1875,0.44718537,0.06766777,0.070839226,0.049330734,0.37634614,0.018337034
1876,0.40578723,0.063768394,0.10529401,0.06368321,0.3004932,8.518249e-05
1877,0.5331493,0.08485797,0.10235355,0.07704906,0.43079576,0.007808909
1878,0.40133554,0.054420825,0.08158902,0.06842092,0.31974652,-0.014000092
1879,0.44893706,0.044458516,0.07499154,0.053152155,0.37394553,-0.008693639
1880,0.45603353,0.055419654,0.09737721,0.07240784,0.35865632,-0.016988188
1881,0.507958,0.18223242,0.18106714,0.14722225,0.32689086,0.035010174
1882,0.36485684,0.07421359,0.11080799,0.08265428,0.25404885,-0.008440696
1883,0.58599114,0.005544332,0.026971683,0.017085616,0.55901945,-0.011541284
1884,0.4676015,0.11034957,0.122359954,0.08275269,0.34524155,0.027596883
1885,0.54022276,0.08280745,0.094427526,0.07504688,0.44579524,0.0077605695
1886,0.34891987,0.062398437,0.08687426,0.067201935,0.26204562,-0.0048034973
1887,0.39656585,0.092250764,0.089634195,0.068010606,0.30693167,0.024240158
1888,0.50256157,0.07912518,0.10361338,0.063835785,0.3989482,0.015289396
1889,0.41856104,0.06759665,0.08989542,0.060910784,0.3286656,0.006685868
1890,0.4239604,0.08656543,0.12701929,0.092620894,0.2969411,-0.006055467
1891,0.4317423,0.07217353,0.103831686,0.066200376,0.32791063,0.005973153
1892,0.45576906,0.12501615,0.14114462,0.100757144,0.31462443,0.024259008
1893,0.42643943,0.08974062,0.1190622,0.085911036,0.30737722,0.0038295835
1894,0.4319569,0.11542465,0.11498149,0.084610894,0.3169754,0.030813754
1895,0.33300093,0.03641921,0.06370552,0.04027545,0.2692954,-0.0038562417
1896,0.46838602,0.07780196,0.10045558,0.074299194,0.36793044,0.0035027638
1897,0.4587901,0.06851499,0.1059569,0.07760197,0.3528332,-0.009086981
1898,0.5469171,0.0772376,0.13682914,0.089810364,0.41008794,-0.012572765
1899,0.48881167,0.09958006,0.108916566,0.07610006,0.3798951,0.023479998
1900,0.5311213,0.11986962,0.19706349,0.13792524,0.3340578,-0.018055618
1901,0.4827981,0.08275474,0.07853587,0.05072703,0.40426224,0.03202771
1902,0.58389294,0.108901486,0.14035915,0.10362792,0.44353378,0.0052735656
1903,0.4848816,0.10385556,0.11993291,0.082785405,0.3649487,0.021070153
1904,0.3689719,0.0535403,0.07371433,0.055971574,0.29525757,-0.0024312735
1905,0.4025968,0.05672719,0.09075706,0.072300814,0.31183976,-0.0155736245
1906,0.4581697,0.04687351,0.09599058,0.063747376,0.3621791,-0.016873866
1907,0.5010309,0.10782207,0.11262091,0.08552366,0.38841,0.02229841
1908,0.4015079,0.06303328,0.0662489,0.048698027,0.33525902,0.014335256
1909,0.5254162,0.05992302,0.0989043,0.070721395,0.42651188,-0.010798376
1910,0.37450406,0.11678725,0.13068739,0.09857539,0.24381667,0.018211856
1911,0.43616095,0.095957085,0.12061906,0.087272346,0.3155419,0.0086847395
1912,0.6069298,0.08411027,0.102687046,0.072379366,0.5042427,0.011730902
1913,0.47227144,0.07789878,0.1098669,0.07385413,0.36240453,0.0040446445
1914,0.42260817,0.086921126,0.102571666,0.072302885,0.3200365,0.01461824
1915,0.4635147,0.0897192,0.096934944,0.07019553,0.36657974,0.019523665
1916,0.47106087,0.0487045,0.07756312,0.054050516,0.39349777,-0.005346015
1917,0.44250083,0.06012829,0.09940894,0.06520919,0.3430919,-0.0050808974
1918,0.5709534,0.06610171,0.107946455,0.07718071,0.46300697,-0.011079006
1919,0.3852663,0.08875566,0.09367802,0.07277013,0.29158828,0.015985526
1920,0.41619253,0.08817681,0.07735443,0.059250224,0.3388381,0.028926585
1921,0.4331668,0.070112094,0.104353786,0.07335443,0.32881302,-0.0032423362
1922,0.35364068,0.09439498,0.14346212,0.10598223,0.21017855,-0.011587247
1923,0.41440904,0.08982906,0.09272528,0.06722313,0.32168376,0.022605926
1924,0.41290233,0.091603056,0.1165909,0.091331,0.29631144,0.00027205795
1925,0.25109485,0.0989056,0.0881315,0.06453456,0.16296335,0.03437104
1926,0.406445,0.084080905,0.11575723,0.078808434,0.29068777,0.0052724704
1927,0.46541134,0.07574157,0.08422881,0.069788896,0.38118252,0.005952671
1928,0.47804517,0.0866944,0.112664625,0.087101504,0.36538053,-0.00040710717
1929,0.41789758,0.072440684,0.078681566,0.052688472,0.33921602,0.019752212
1930,0.60384595,0.08288766,0.13283607,0.10141329,0.47100988,-0.01852563
1931,0.45727372,0.055352714,0.07682015,0.055206645,0.3804536,0.00014606863
1932,0.45689806,0.10022744,0.099528596,0.08091639,0.35736948,0.019311048
1933,0.20017254,0.022860508,0.039358526,0.028575685,0.16081402,-0.0057151765
1934,0.5409206,0.13054653,0.1357793,0.103515185,0.4051413,0.02703134
1935,0.47119623,0.087597504,0.11468239,0.079847604,0.35651386,0.0077499
1936,0.4886474,0.092916094,0.14189743,0.09792239,0.34674996,-0.0050062984
1937,0.44701484,0.07744492,0.09089916,0.06549245,0.35611567,0.011952467
1938,0.55517024,0.085837066,0.098760575,0.072274014,0.45640966,0.013563052
1939,0.36554477,0.018736672,0.057073444,0.03693263,0.30847132,-0.018195957
1940,0.56084096,0.08235797,0.1270589,0.0880174,0.43378207,-0.005659424
1941,0.4936405,0.09058781,0.10719947,0.07535609,0.38644105,0.015231721
1942,0.43411076,0.121215485,0.14439854,0.109264694,0.28971222,0.011950791
1943,0.47255847,0.07730539,0.10178186,0.06984385,0.3707766,0.0074615404
1944,0.5328411,0.09023106,0.122607134,0.08583125,0.41023394,0.0043998137
1945,0.21850967,0.047444277,0.06408784,0.04943478,0.15442184,-0.0019905046
1946,0.37404823,0.058546588,0.08493842,0.059140395,0.28910983,-0.00059380755
1947,0.6297573,0.120102316,0.13943249,0.10461593,0.4903248,0.015486389
1948,0.27315274,0.05661048,0.09769302,0.06840803,0.17545971,-0.011797547
1949,0.46879402,0.058638982,0.09520544,0.06336926,0.37358856,-0.0047302768
1950,0.64781505,0.14503025,0.19747475,0.14128126,0.4503403,0.0037489831
1951,0.61461216,0.050242223,0.09339756,0.0670655,0.5212146,-0.016823277
1952,0.4216835,0.06534825,0.083320834,0.05599376,0.33836266,0.0093544945
1953,0.38708657,0.07042735,0.09313829,0.06367518,0.2939483,0.0067521706
1954,0.7891298,0.119282745,0.22568588,0.14497803,0.5634439,-0.025695287
1955,0.52975094,0.07219172,0.116020285,0.07424395,0.41373065,-0.0020522252
1956,0.49832883,0.083436176,0.09764383,0.07388171,0.400685,0.009554468
1957,0.71570146,0.05098199,0.08982752,0.057459444,0.6258739,-0.006477453
1958,0.5197816,0.07108263,0.10295169,0.07231281,0.41682988,-0.0012301803
1959,0.57093376,0.08905023,0.12409198,0.09685097,0.44684178,-0.0078007355
1960,0.4832426,0.09471649,0.09371361,0.06423406,0.389529,0.030482426
1961,0.53142446,0.09405547,0.12230843,0.082368635,0.40911603,0.011686832
1962,0.7163726,0.2837114,0.33846128,0.2776987,0.37791133,0.006012708
1963,0.42085347,0.06363238,0.089474835,0.06972651,0.33137864,-0.0060941353
1964,0.47027627,0.10300701,0.107372545,0.07914849,0.3629037,0.023858517
1965,0.39595526,0.08260639,0.10686152,0.07723808,0.28909373,0.0053683072
1966,0.5013428,0.10313367,0.1140977,0.08883332,0.38724506,0.014300354
1967,0.5408851,0.15955307,0.17156607,0.12944081,0.36931902,0.030112252
1968,0.4542379,0.09434167,0.13073376,0.09999342,0.32350415,-0.0056517497
1969,0.50139105,0.10070928,0.1340595,0.09345118,0.36733156,0.0072581023
1970,0.56474376,0.11324719,0.20034821,0.13329668,0.36439556,-0.02004949
1971,0.5151836,0.123150036,0.15307894,0.11564578,0.36210468,0.0075042546
1972,0.6046413,0.1255219,0.12449894,0.09794972,0.48014238,0.027572177
1973,0.48878282,0.09586084,0.11436351,0.08828134,0.37441933,0.007579498
1974,0.5888907,0.13232328,0.14660463,0.104085885,0.44228604,0.028237395
1975,0.42869514,0.1261891,0.13216877,0.09892247,0.29652637,0.027266629
1976,0.57267696,0.11354506,0.15044698,0.11103624,0.42222998,0.002508819
1977,0.7173219,0.16133204,0.16929726,0.13086227,0.5480246,0.030469775
1978,0.5088306,0.083852686,0.11822611,0.08282857,0.3906045,0.0010241196
1979,0.39151192,0.048332382,0.08312465,0.059662007,0.30838728,-0.011329625
1980,0.4466104,0.10255197,0.11948576,0.09070791,0.32712463,0.011844054
1981,0.34267077,0.060724102,0.07239686,0.04974874,0.27027392,0.010975361
1982,0.36922178,0.04938832,0.05848066,0.03951432,0.31074113,0.009873997
1983,0.35018927,0.050487764,0.08509798,0.061219506,0.2650913,-0.010731742
1984,0.54179716,0.07457001,0.12986758,0.08285986,0.41192958,-0.008289851
1985,0.4027178,0.07612262,0.078331955,0.056321185,0.32438585,0.019801434
1986,0.47498757,0.08432805,0.114861354,0.08579846,0.3601262,-0.0014704093
1987,0.59101516,0.06776998,0.12999377,0.08305411,0.4610214,-0.0152841285
1988,0.48629346,0.087771975,0.09979477,0.07079798,0.3864987,0.016973995
1989,0.36521795,0.08568469,0.07128663,0.05375889,0.2939313,0.031925797
1990,0.22922724,0.052579444,0.08280377,0.057205904,0.14642347,-0.0046264604
1991,0.57120013,0.078971006,0.11805685,0.07685276,0.4531433,0.0021182448
1992,0.50689524,0.09536303,0.10502422,0.073146485,0.40187103,0.022216544
1993,0.4491469,0.05416767,0.08172502,0.05737391,0.36742187,-0.0032062419
1994,0.5286515,0.06999517,0.09930193,0.06895098,0.42934954,0.0010441914
1995,0.45847905,0.055450644,0.095108636,0.069168046,0.36337042,-0.013717402
1996,0.50355846,0.08077768,0.1007342,0.07374161,0.40282425,0.007036075
1997,0.4779263,0.07680265,0.13324225,0.09446769,0.34468406,-0.017665043
1998,0.48865485,0.05759825,0.1006936,0.06417466,0.38796127,-0.0065764077
1999,0.47138295,0.09707222,0.1457769,0.09696881,0.32560605,0.00010341406
2000,0.41044438,0.08650196,0.09609574,0.07037656,0.31434864,0.016125403
2001,0.40115973,0.085269615,0.119569995,0.088732734,0.28158975,-0.0034631193
2002,0.42983878,0.082395576,0.097766265,0.070397615,0.3320725,0.0119979605
2003,0.50230485,0.056162983,0.08686475,0.058680348,0.4154401,-0.002517365
2004,0.5752101,0.1090304,0.09739008,0.07451027,0.47782,0.034520134
2005,0.53039324,0.06926573,0.09198445,0.07072389,0.4384088,-0.0014581606
2006,0.52502924,0.09839342,0.1174319,0.08541609,0.40759733,0.012977324
2007,0.2964994,0.028512696,0.052662127,0.031088527,0.24383727,-0.0025758315
2008,0.29711804,0.07585644,0.09053316,0.06031818,0.20658487,0.01553826
2009,0.52106494,0.04096591,0.08849199,0.060172476,0.43257296,-0.019206565
2010,0.5279598,0.07471709,0.0953344,0.06418194,0.4326254,0.010535151
2011,0.5276509,0.08669641,0.11058532,0.08155967,0.41706556,0.0051367357
2012,0.48045498,0.048497126,0.10322596,0.06867576,0.37722903,-0.020178631
2013,0.57781595,0.026761008,0.06758561,0.048074875,0.51023036,-0.021313867
2014,0.44453558,0.067099996,0.1211824,0.07898145,0.32335317,-0.011881456
2015,0.37975243,0.0776693,0.1119447,0.07365875,0.26780772,0.0040105507
2016,0.44337404,0.05353231,0.08797683,0.06483172,0.35539722,-0.011299409
2017,0.6680953,0.16803041,0.18961468,0.12712641,0.4784806,0.040904
2018,0.47050384,0.075966805,0.100697026,0.07466929,0.36980683,0.0012975186
2019,0.5912071,0.05866964,0.12615284,0.08063738,0.46505424,-0.021967739
2020,0.4709575,0.08076924,0.10399977,0.084634885,0.36695772,-0.0038656443
2021,0.4430325,0.059401173,0.09422529,0.0615293,0.34880722,-0.002128128
2022,0.5228065,0.09163145,0.13098398,0.09581043,0.39182255,-0.0041789785
2023,0.42193645,0.06557654,0.1073946,0.0786756,0.31454185,-0.013099059
2024,0.37431136,0.028483065,0.040917672,0.027311588,0.3333937,0.0011714771
2025,0.58960843,0.13097839,0.13798381,0.094946384,0.45162463,0.036032006
2026,0.41708273,0.04941542,0.07724707,0.053108387,0.33983564,-0.003692966
2027,0.46885425,0.062413666,0.098068275,0.071391955,0.37078598,-0.008978289
2028,0.55349517,0.08275046,0.109050885,0.080185905,0.4444443,0.002564557
2029,0.38959688,0.02311872,0.1019577,0.06416555,0.28763917,-0.041046828
2030,0.4816466,0.07551622,0.11740683,0.08359572,0.36423975,-0.008079506
2031,0.3563808,0.024079904,0.03386908,0.029623142,0.3225117,-0.0055432376
2032,0.5200155,0.013268772,0.043177925,0.029325496,0.47683755,-0.016056724
2033,0.49905652,0.052608494,0.075925924,0.04696904,0.4231306,0.0056394525
2034,0.5028585,0.08352363,0.09348335,0.061821453,0.40937516,0.021702178
2035,0.4592184,0.057633888,0.07968287,0.05536736,0.37953556,0.0022665262
2036,0.48850402,0.06987034,0.1000963,0.06772418,0.3884077,0.0021461546
2037,0.46345863,0.087166645,0.10328034,0.07203047,0.3601783,0.015136175
2038,0.43472362,0.053880084,0.101366565,0.069604166,0.33335704,-0.015724082
2039,0.530957,0.120144464,0.15980169,0.121692084,0.3711553,-0.0015476197
2040,0.37745216,0.0770583,0.08848275,0.06263477,0.2889694,0.014423527
2041,0.45490688,0.04398483,0.091179445,0.06760148,0.36372745,-0.02361665
2042,0.5973056,0.07280007,0.11351007,0.08225203,0.48379552,-0.009451963
2043,0.5127265,0.095965974,0.09554335,0.0709994,0.41718313,0.024966575
2044,0.37230366,0.036768258,0.08656828,0.04705717,0.28573537,-0.010288913
2045,0.3523551,0.06927471,0.09678037,0.058114797,0.25557473,0.011159912
2046,0.24136548,0.032504812,0.04837231,0.031502128,0.19299316,0.0010026842
2047,0.5104299,0.021460265,0.046813905,0.03495068,0.463616,-0.013490416
2048,0.43699756,0.08501566,0.11521304,0.082403585,0.32178453,0.0026120767
2049,0.39139774,0.062107366,0.08235245,0.052441876,0.30904528,0.009665489
2050,0.57752216,0.1332608,0.07642616,0.054338254,0.501096,0.07892255
2051,0.4969516,0.048762847,0.093677185,0.070547976,0.40327442,-0.021785129
2052,0.46425986,0.08348878,0.11678958,0.07916662,0.34747028,0.0043221563
2053,0.4327813,0.05282177,0.09229203,0.06361689,0.34048927,-0.010795116
2054,0.382643,0.07647267,0.096052274,0.072685905,0.28659075,0.003786765
2055,0.5142205,0.105158396,0.08064253,0.05726244,0.43357795,0.047895957
2056,0.46416146,0.10886726,0.09342745,0.07031838,0.370734,0.03854888
2057,0.58933,0.11025817,0.15641034,0.11599668,0.43291968,-0.0057385117
2058,0.4432158,0.03513228,0.065559365,0.037669063,0.37765643,-0.0025367811
2059,0.4429889,0.05274795,0.10921605,0.0702,0.33377284,-0.017452054
2060,0.4509818,0.10089435,0.075916134,0.054144073,0.37506565,0.046750274
2061,0.5274318,0.0617303,0.10933258,0.06305425,0.41809922,-0.0013239495
2062,0.48118314,0.058974084,0.09380922,0.054745674,0.38737392,0.0042284094
2063,0.35994285,0.028751923,0.07330616,0.050935972,0.2866367,-0.02218405
2064,0.38938472,0.06008276,0.09304465,0.06684671,0.29634005,-0.0067639537
2065,0.4531623,0.030605672,0.062268846,0.04640529,0.39089346,-0.015799617
2066,0.45196328,0.09521471,0.12094442,0.09005232,0.33101887,0.005162388
2067,0.51997393,0.07245235,0.104609326,0.0666773,0.41536462,0.0057750493
2068,0.6068418,0.019580234,0.026752006,0.019556405,0.5800898,2.382882e-05
2069,0.5233038,0.10575857,0.15076184,0.10634868,0.37254196,-0.00059010834
2070,0.6109059,0.1648605,0.1517984,0.11580427,0.4591075,0.049056232
2071,0.342715,0.05379562,0.09504243,0.061661106,0.24767256,-0.007865485
2072,0.28138354,0.06334346,0.08850314,0.059716664,0.1928804,0.0036267936
2073,0.59514123,0.07775236,0.08721183,0.066879995,0.5079294,0.010872364
2074,0.4314108,0.083279476,0.116982915,0.089436665,0.31442788,-0.0061571896
2075,0.547984,0.07805095,0.14742109,0.09071928,0.4005629,-0.012668334
2076,0.45861745,0.06840816,0.0868928,0.06189417,0.37172467,0.0065139905
2077,0.46834385,0.063713945,0.09081093,0.06453438,0.37753293,-0.0008204356
2078,0.55191743,0.07766755,0.10951473,0.07697058,0.44240272,0.000696972
2079,0.3568403,0.06526821,0.08669388,0.065942496,0.27014643,-0.000674285
2080,0.44835913,0.062314536,0.07631914,0.05134014,0.37203997,0.010974396
2081,0.54854184,0.10723805,0.13245676,0.10747006,0.41608506,-0.00023201108
2082,0.5542143,0.09510792,0.10987584,0.08564494,0.44433844,0.009462982
2083,0.38540846,0.05447587,0.07536639,0.05493301,0.31004208,-0.00045714155
2084,0.48700953,0.076556236,0.09238531,0.06951229,0.39462423,0.007043943
2085,0.4864869,0.057488848,0.102179095,0.055123936,0.3843078,0.0023649111
2086,0.6112709,0.11299693,0.13939467,0.10090999,0.47187623,0.012086935
2087,0.7220327,0.13272777,0.16471267,0.114774905,0.55732006,0.017952867
2088,0.5087148,0.14647728,0.18016355,0.14820214,0.32855123,-0.0017248541
2089,0.41039065,0.07894371,0.07173218,0.054253727,0.33865845,0.02468998
2090,0.3996093,0.031862844,0.07059176,0.042107668,0.32901752,-0.010244824
2091,0.4996796,0.096543945,0.10385871,0.066956304,0.3958209,0.029587641
2092,0.42373258,0.046769813,0.07117444,0.04964323,0.35255814,-0.002873417
2093,0.5437429,0.09701045,0.120452955,0.08612393,0.42328995,0.01088652
2094,0.4676529,0.11297657,0.161337,0.1199582,0.3063159,-0.006981626
2095,0.49355873,0.0890837,0.11604873,0.07924136,0.37751,0.009842344
2096,0.47050774,0.06957021,0.06978638,0.04943818,0.40072137,0.020132035
2097,0.5367178,0.09028436,0.12720157,0.09031192,0.40951622,-2.7559698e-05
2098,0.24917062,0.05575583,0.06258994,0.042939782,0.18658067,0.012816049
2099,0.53764087,0.07392432,0.09142722,0.06718128,0.44621366,0.006743036
2100,0.4398937,0.061019674,0.09376029,0.06834096,0.3461334,-0.007321283
2101,0.30445534,0.04666311,0.07509116,0.052038867,0.22936419,-0.005375758
2102,0.4275877,0.084455624,0.104809046,0.07100068,0.32277864,0.013454944
2103,0.5297269,0.1274262,0.16904749,0.11873338,0.36067945,0.008692823
2104,0.7408112,0.16509195,0.17047045,0.13630928,0.57034075,0.028782666
2105,0.33887532,0.08538533,0.07477287,0.050150286,0.26410246,0.035235044
2106,0.49228552,0.09439302,0.09901972,0.07256417,0.39326578,0.021828853
2107,0.3775411,0.04787587,0.09195052,0.05514195,0.2855906,-0.007266078
2108,0.5786575,0.10635893,0.18317051,0.12192869,0.395487,-0.015569761
2109,0.5054365,0.07910132,0.09650065,0.074639626,0.40893584,0.004461691
2110,0.50964373,0.09081636,0.11028463,0.08293228,0.3993591,0.007884085
2111,0.47240958,0.083719075,0.12778775,0.09518079,0.34462184,-0.011461712
2112,0.5232876,0.09811117,0.10755634,0.081842326,0.41573125,0.016268842
2113,0.4917754,0.08069205,0.09842594,0.06937539,0.39334947,0.0113166645
2114,0.5512831,0.19657068,0.17582,0.13452014,0.37546313,0.062050536
2115,0.48385563,0.041558698,0.06497967,0.04400432,0.41887596,-0.0024456233
2116,0.32931474,0.055388886,0.08115385,0.05768525,0.2481609,-0.002296362
2117,0.47546196,0.1213806,0.11215651,0.08294507,0.36330545,0.038435526
2118,0.4247887,0.083575204,0.10317694,0.06772058,0.32161176,0.015854627
2119,0.36489,0.04215529,0.07192204,0.053592704,0.29296798,-0.011437416
2120,0.44800234,0.12717389,0.14807369,0.09468618,0.29992867,0.032487705
2121,0.5904071,0.0628619,0.058885865,0.04492071,0.5315212,0.017941188
2122,0.52491045,0.086797185,0.13682199,0.09669216,0.38808846,-0.0098949745
2123,0.49920097,0.10981836,0.13096897,0.08331515,0.368232,0.026503213
2124,0.4031387,0.09557206,0.10373843,0.07503695,0.29940027,0.020535111
2125,0.5048222,0.14823344,0.13802806,0.10730934,0.36679414,0.040924102
2126,0.5051813,0.0995793,0.0715526,0.05237005,0.4336287,0.047209248
2127,0.37950176,0.098634295,0.10367644,0.08070229,0.27582532,0.017932005
2128,0.3994883,0.0465655,0.08296512,0.058529407,0.3165232,-0.011963908
2129,0.29434642,0.08580224,0.07991129,0.059679497,0.21443513,0.026122745
2130,0.39747596,0.050328165,0.063745275,0.047792885,0.3337307,0.0025352798
2131,0.48716074,0.07271955,0.14027153,0.09867574,0.3468892,-0.025956191
2132,0.8007048,0.10716852,0.14745574,0.10372969,0.653249,0.0034388304
2133,0.48425123,0.06691573,0.09152503,0.06869209,0.39272618,-0.00177636
2134,0.44305247,0.10468586,0.1094769,0.077221826,0.33357558,0.027464032
2135,0.5824844,0.08330433,0.11555628,0.080643155,0.46692815,0.002661176
2136,0.540549,0.12235434,0.1285234,0.09857388,0.41202557,0.023780465
2137,0.4563072,0.07027803,0.085733786,0.066464454,0.3705734,0.0038135797
2138,0.57995224,0.119473904,0.11465784,0.08916673,0.4652944,0.030307174
2139,0.53892213,0.042182397,0.0682791,0.047638547,0.47064304,-0.0054561496
2140,0.54407185,0.09857536,0.1530522,0.10695566,0.39101964,-0.008380301
2141,0.6366698,0.14048484,0.17973372,0.13531125,0.4569361,0.0051735938
2142,0.6367553,0.15029907,0.15084536,0.10359826,0.48590994,0.046700813
2143,0.50409675,0.062940925,0.09311826,0.064558685,0.4109785,-0.0016177595
2144,0.41480947,0.07287006,0.09554954,0.06722683,0.31925994,0.0056432337
2145,0.50373423,0.067040965,0.08870154,0.061002303,0.41503268,0.006038662
2146,0.5305754,0.02013134,0.0881596,0.051684875,0.4424158,-0.031553537
2147,0.5116636,0.094265655,0.12099378,0.08701698,0.39066982,0.0072486773
2148,0.47896412,0.08914015,0.13067304,0.09435085,0.3482911,-0.005210705
2149,0.43175057,0.029052395,0.07553317,0.049663916,0.35621738,-0.02061152
2150,0.4291557,0.08161332,0.09630065,0.07010011,0.33285505,0.011513211
2151,0.34927633,0.027637806,0.066116154,0.044868182,0.28316018,-0.017230377
2152,0.35661596,0.052684378,0.101170264,0.071360305,0.2554457,-0.018675927
2153,0.6111211,0.1034125,0.15399647,0.09508294,0.45712465,0.008329563
2154,0.28522694,0.040091183,0.043511223,0.032505047,0.24171571,0.0075861365
2155,0.26056033,0.04004255,0.0618994,0.038503867,0.19866094,0.0015386827
2156,0.553751,0.11077676,0.16844487,0.11149931,0.38530612,-0.00072254986
2157,0.43203586,0.06546651,0.07153473,0.055345602,0.36050114,0.010120906
2158,0.40470865,0.06063872,0.07857847,0.047479913,0.32613018,0.013158806
2159,0.4988226,0.087150745,0.1353674,0.09563932,0.3634552,-0.008488573
2160,0.42052594,0.04541043,0.07875683,0.05674825,0.3417691,-0.01133782
2161,0.49274656,0.09391895,0.101488546,0.0683652,0.391258,0.025553748
2162,0.6016925,0.06165334,0.08872696,0.06429245,0.51296556,-0.0026391149
2163,0.40581638,0.08006257,0.11160129,0.0783442,0.29421508,0.0017183647
2164,0.28504178,0.017566487,0.06375339,0.043033697,0.22128838,-0.02546721
2165,0.5378235,0.10149621,0.13096741,0.10419265,0.4068561,-0.0026964396
2166,0.49486703,0.052210633,0.1057899,0.06905092,0.38907713,-0.01684029
2167,0.4050256,0.08286089,0.10770352,0.06940912,0.2973221,0.01345177
2168,0.37621412,0.06612091,0.08047532,0.05913675,0.2957388,0.0069841594
2169,0.40389094,0.064115405,0.08398905,0.057259757,0.31990188,0.006855648
2170,0.38864675,0.061299924,0.09223616,0.06914198,0.2964106,-0.007842053
2171,0.36991388,0.08128169,0.07675244,0.060354035,0.29316145,0.020927656
2172,0.4181051,0.03050356,0.070133895,0.048059512,0.3479712,-0.017555952
2173,0.39747825,0.06280187,0.09994688,0.068753086,0.29753137,-0.0059512183
2174,0.4134512,0.06052683,0.102687635,0.066840395,0.31076357,-0.006313566
2175,0.4410874,0.060861867,0.124189556,0.081598796,0.31689784,-0.020736929
2176,0.52346253,0.11595481,0.13302004,0.111531354,0.3904425,0.0044234544
2177,0.43632331,0.066107385,0.07893352,0.05635531,0.3573898,0.009752076
2178,0.59660316,0.03803358,0.054136176,0.030175129,0.542467,0.00785845
2179,0.5566996,0.038379967,0.077883735,0.054672115,0.47881585,-0.016292147
2180,0.75680363,0.16899486,0.21564683,0.1569781,0.54115677,0.012016758
2181,0.47084242,0.08430928,0.116424546,0.093361504,0.35441786,-0.009052224
2182,0.67513,0.11627363,0.16857257,0.11050218,0.50655746,0.0057714432
2183,0.47534305,0.05163565,0.09755011,0.06982394,0.37779295,-0.018188294
2184,0.44338742,0.06264962,0.09445055,0.06462384,0.34893686,-0.0019742176
2185,0.46665388,0.0872872,0.115607046,0.087227024,0.35104683,6.017834e-05
2186,0.6142678,0.14550647,0.12554714,0.09049243,0.4887207,0.055014044
2187,0.35605305,0.044189077,0.07670252,0.056006797,0.27935052,-0.01181772
2188,0.40297267,0.09119495,0.103469,0.07847437,0.29950368,0.012720577
2189,0.5990893,0.10501463,0.10244672,0.07093686,0.4966426,0.03407777
2190,0.45681545,0.07838818,0.093535356,0.06845361,0.3632801,0.009934567
2191,0.45558867,0.057585683,0.0825895,0.06363239,0.37299916,-0.0060467087
2192,0.65907913,0.081294335,0.15882663,0.0991781,0.5002525,-0.017883763
2193,0.568538,0.12388977,0.124760464,0.07237807,0.44377756,0.051511697
2194,0.49984694,0.08231713,0.09196468,0.06287862,0.40788227,0.019438505
2195,0.503233,0.07181736,0.10284112,0.07997738,0.4003919,-0.008160017
2196,0.49728906,0.09228494,0.115327336,0.08158872,0.38196173,0.010696217
2197,0.38361976,0.082757406,0.0833555,0.06439271,0.30026424,0.018364698
2198,0.31129968,0.0944801,0.08036666,0.059185587,0.23093301,0.03529451
2199,0.25259295,0.04170477,0.052372653,0.033326156,0.2002203,0.008378614
2200,0.3543215,0.06294687,0.08323808,0.064379185,0.2710834,-0.0014323145
2201,0.44786412,0.065251485,0.10986745,0.073772624,0.33799666,-0.00852114
2202,0.39914808,0.098546274,0.13494822,0.103258096,0.26419985,-0.0047118217
2203,0.41369164,0.058328062,0.09351488,0.055652164,0.32017675,0.0026758984
2204,0.4957078,0.05357569,0.078988984,0.055354435,0.41671884,-0.0017787442
2205,0.44656336,0.119846776,0.150134,0.0968322,0.29642937,0.023014575
2206,0.46993235,0.06050827,0.1029004,0.07386081,0.36703193,-0.013352539
2207,0.39731702,0.051442795,0.07361539,0.050672054,0.32370162,0.0007707402
2208,0.44585904,0.04483836,0.11791877,0.07300286,0.3279403,-0.028164499
2209,0.34156042,0.04027826,0.077128254,0.050352704,0.26443216,-0.010074444
2210,0.43717074,0.065629736,0.08430977,0.066595376,0.352861,-0.00096563995
2211,0.5000697,0.064417064,0.13583371,0.088489376,0.36423597,-0.024072312
2212,0.3476014,0.07933697,0.09476428,0.06692012,0.25283712,0.0124168545
2213,0.49401143,0.051206548,0.09495201,0.07007505,0.3990594,-0.018868502
2214,0.42395034,0.06457641,0.07446073,0.051857483,0.34948963,0.012718927
2215,0.3818338,0.058650956,0.07325806,0.049921732,0.30857575,0.008729223
2216,0.53441143,0.06573051,0.11095967,0.076507464,0.42345175,-0.010776952
2217,0.46123114,0.08493778,0.111699834,0.07750966,0.3495313,0.0074281245
2218,0.5202723,0.028927578,0.095662266,0.05733207,0.42461005,-0.028404491
2219,0.37091836,0.055835113,0.09178533,0.06806638,0.27913302,-0.012231268
2220,0.51686794,0.11239231,0.13237485,0.09107874,0.38449308,0.021313563
2221,0.45280704,0.14155549,0.109918475,0.08372226,0.34288856,0.057833225
2222,0.3078655,0.045121692,0.08935768,0.065293714,0.21850783,-0.020172022
2223,0.4832321,0.04681193,0.10903581,0.070983835,0.3741963,-0.024171904
2224,0.5642431,0.15968268,0.177315,0.13231489,0.38692808,0.027367786
2225,0.476005,0.066131346,0.10381113,0.06352944,0.37219387,0.0026019067
2226,0.4652985,0.051599994,0.07897018,0.053972393,0.38632834,-0.002372399
2227,0.4883972,0.07412262,0.10434209,0.071180224,0.38405514,0.0029423982
2228,0.34842858,0.058456097,0.051632624,0.04397911,0.29679596,0.014476988
2229,0.45349097,0.10704654,0.12701857,0.08027415,0.3264724,0.026772387
2230,0.48810375,0.0713052,0.09205999,0.0675143,0.39604375,0.0037909
2231,0.3789941,0.117588565,0.14038979,0.091901615,0.23860432,0.02568695
2232,0.34663174,0.067057356,0.067465946,0.042412013,0.2791658,0.024645343
2233,0.50901186,0.0754036,0.10087441,0.0745745,0.40813744,0.0008291006
2234,0.38717774,0.06523804,0.08076603,0.05366551,0.3064117,0.011572532
2235,0.49261612,0.08609615,0.102676466,0.0753775,0.38993967,0.010718651
2236,0.37553564,0.08813338,0.10186337,0.07844617,0.27367228,0.009687208
2237,0.43796074,0.073704004,0.075188555,0.057910968,0.3627722,0.015793037
2238,0.41445142,0.103731506,0.11967255,0.08311298,0.29477888,0.020618528
2239,0.6549511,0.09989803,0.13772169,0.10386206,0.51722944,-0.0039640293
2240,0.5804596,0.11068689,0.13754568,0.101244986,0.44291392,0.009441905
2241,0.38186207,0.10262708,0.10716623,0.08246866,0.27469584,0.020158425
2242,0.5645269,0.08068627,0.102118924,0.068212375,0.462408,0.012473896
2243,0.41681886,0.06681898,0.10221128,0.07036564,0.31460756,-0.0035466552
2244,0.46704328,0.05904389,0.056171596,0.036059394,0.41087168,0.022984497
2245,0.63699704,0.09560843,0.13271308,0.0956202,0.50428396,-1.1771917e-05
2246,0.41976103,0.07111794,0.09125874,0.062123608,0.3285023,0.00899433
2247,0.36961868,0.05468205,0.07339812,0.04658862,0.29622057,0.008093432
2248,0.53459674,0.06600724,0.10029906,0.06968576,0.43429768,-0.0036785156
2249,0.49439532,0.111785755,0.14583054,0.10032914,0.34856477,0.011456616
2250,0.27404588,0.06614447,0.09873397,0.07151516,0.17531192,-0.0053706914
2251,0.46440735,0.07971118,0.11492668,0.08579276,0.3494807,-0.006081581
2252,0.59011877,0.20361944,0.28211918,0.19203967,0.30799958,0.011579767
2253,0.6569713,0.050327778,0.07503313,0.056653917,0.58193815,-0.006326139
2254,0.5003028,0.103787415,0.09731227,0.074254856,0.40299052,0.02953256
2255,0.4257281,0.06649842,0.1039433,0.070555076,0.3217848,-0.004056655
2256,0.34823808,0.099249914,0.084030285,0.06360723,0.26420778,0.035642684
2257,0.47291273,0.10618055,0.1435663,0.1052105,0.32934642,0.0009700507
2258,0.4721607,0.07955399,0.10293841,0.07115878,0.36922228,0.00839521
2259,0.5805601,0.119466886,0.10478624,0.08030183,0.47577384,0.039165057
2260,0.44465956,0.12928675,0.12386443,0.089798406,0.32079512,0.039488345
2261,0.5229533,0.11975293,0.15872665,0.12119146,0.36422664,-0.0014385283
2262,0.3769475,0.07650535,0.09410559,0.06484272,0.28284192,0.011662625
2263,0.32004198,0.044209667,0.069974355,0.048406918,0.25006762,-0.004197251
2264,0.41201764,0.08050705,0.097178765,0.07650048,0.3148389,0.0040065646
2265,0.442354,0.0701327,0.086592175,0.06043098,0.35576183,0.009701721
2266,0.7480395,0.009055763,0.032826915,0.02409308,0.7152126,-0.015037318
2267,0.5183389,0.11755567,0.1635807,0.11979216,0.3547582,-0.002236493
2268,0.44485995,0.053832352,0.10485367,0.07185,0.3400063,-0.01801765
2269,0.4106327,0.06237263,0.112990916,0.07299594,0.29764178,-0.01062331
2270,0.45931315,0.078822225,0.089245625,0.057990063,0.37006754,0.020832162
2271,0.42731386,0.08398122,0.11693221,0.075538434,0.31038165,0.008442789
2272,0.4541515,0.09663813,0.12469592,0.09179334,0.32945558,0.0048447847
2273,0.60711706,0.09681504,0.112872265,0.087197475,0.49424478,0.009617567
2274,0.49553892,0.0848127,0.10054662,0.07099861,0.3949923,0.013814092
2275,0.58266723,0.099966794,0.1676409,0.106860675,0.41502634,-0.0068938807
2276,0.43024316,0.08754024,0.08372171,0.0578369,0.34652144,0.029703338
2277,0.6403376,0.15749222,0.11300008,0.0773678,0.5273375,0.08012442
2278,0.46887764,0.064148486,0.10762936,0.06572723,0.36124828,-0.0015787408
2279,0.3958246,0.019748686,0.029298792,0.016344633,0.36652583,0.003404053
2280,0.3628056,0.053515963,0.09317696,0.0632627,0.26962864,-0.009746738
2281,0.48216948,0.11403072,0.15092707,0.09514228,0.3312424,0.018888436
2282,0.4939969,0.06361981,0.07106872,0.05560379,0.42292815,0.008016016
2283,0.34526053,0.07536282,0.09882348,0.07346548,0.24643704,0.001897335
2284,0.32686117,0.06418862,0.09985344,0.069098905,0.22700773,-0.004910283
2285,0.48533592,0.052340932,0.07405896,0.05351614,0.41127697,-0.0011752062
2286,0.42833078,0.100057065,0.12100367,0.085119404,0.3073271,0.014937662
2287,0.4073591,0.056286313,0.08686905,0.064009264,0.32049003,-0.0077229515
2288,0.69111943,0.16464326,0.19771725,0.14963263,0.49340218,0.015010625
2289,0.79742026,0.043129485,0.0682075,0.04789621,0.72921276,-0.004766725
2290,0.26771328,0.048594147,0.08350901,0.061873138,0.18420427,-0.013278991
2291,0.36675537,0.059596676,0.08388503,0.062375255,0.28287035,-0.0027785785
2292,0.44896564,0.08469089,0.11266041,0.08936518,0.33630523,-0.0046742857
2293,0.3749746,0.07557812,0.09562856,0.07205514,0.27934605,0.0035229847
2294,0.5470541,0.13465737,0.12995069,0.10128726,0.4171034,0.033370107
2295,0.326734,0.081110835,0.09417479,0.0641039,0.23255922,0.017006934
2296,0.40250865,0.039314695,0.09010744,0.056714643,0.3124012,-0.017399948
2297,0.3690372,0.08195419,0.098691,0.0659694,0.27034622,0.015984789
2298,0.4933796,0.10495154,0.106283486,0.08397369,0.3870961,0.020977847
2299,0.37048668,0.05036694,0.099688664,0.07176024,0.27079803,-0.021393295
2300,0.38732052,0.049520455,0.0665961,0.049310517,0.32072443,0.00020993873
2301,0.6273153,0.115792744,0.15757349,0.107835926,0.4697418,0.007956818
2302,0.43900588,0.08405648,0.09769681,0.07406427,0.34130907,0.009992212
2303,0.565676,0.0959591,0.12231414,0.089659035,0.44336182,0.006300062
2304,0.63392764,0.10022015,0.14073601,0.10398789,0.49319163,-0.0037677363
2305,0.46586877,0.07748344,0.10421057,0.069695994,0.36165822,0.0077874437
2306,0.5624626,0.06510802,0.10017705,0.07517345,0.46228558,-0.010065429
2307,0.38836744,0.08464433,0.06448416,0.05195148,0.3238833,0.032692853
2308,0.35487965,0.058367573,0.08808917,0.06112342,0.26679048,-0.0027558468
2309,0.56361973,0.0007010697,0.021245917,0.012444323,0.54237384,-0.011743253
2310,0.5816796,0.112139456,0.103797935,0.074719235,0.47788164,0.03742022
2311,0.60062176,0.07959296,0.10476309,0.074265756,0.49585867,0.0053272024
2312,0.4087995,0.06938533,0.09467693,0.068515874,0.31412256,0.00086945295
2313,0.44499546,0.12646231,0.15177701,0.12233925,0.29321843,0.004123062
2314,0.49149096,0.09976473,0.13156015,0.09886977,0.3599308,0.0008949563
2315,0.5945647,0.16592371,0.19798566,0.16137561,0.39657903,0.0045481026
2316,0.25096482,0.054896053,0.07446399,0.052013267,0.17650083,0.002882786
2317,0.4944263,0.08844692,0.11729503,0.089603834,0.37713128,-0.0011569113
2318,0.6207925,0.04737448,0.08991317,0.052495986,0.5308793,-0.0051215068
2319,0.36122757,0.11070778,0.14124408,0.110710904,0.21998349,-3.1217933e-06
2320,0.44318768,0.080059,0.099726036,0.07421828,0.34346163,0.0058407187
2321,0.3407019,0.1135196,0.11661346,0.081200674,0.22408845,0.032318927
2322,0.45043987,0.11642482,0.1379582,0.099586904,0.31248167,0.016837917
2323,0.41999108,0.047459394,0.07548316,0.05222857,0.34450793,-0.0047691762
2324,0.45021465,0.051016893,0.09841041,0.07013539,0.35180426,-0.019118499
2325,0.46822417,0.04803897,0.099358544,0.06476363,0.3688656,-0.016724657
2326,0.46826997,0.08606283,0.11245294,0.0677592,0.35581702,0.018303633
2327,0.4560078,0.09011756,0.102207005,0.07318731,0.3538008,0.016930252
2328,0.5126149,0.1226658,0.15105519,0.099878326,0.36155972,0.022787474
2329,0.32314187,0.09737922,0.11146176,0.09023625,0.21168011,0.007142976
2330,0.40888277,0.059473272,0.09804438,0.06908035,0.3108384,-0.00960708
2331,0.49472824,0.110854805,0.12704152,0.086166486,0.36768672,0.024688318
2332,0.4060148,0.038233045,0.06177218,0.038178574,0.34424263,5.4471195e-05
2333,0.40104657,0.031405877,0.070500895,0.046887763,0.33054566,-0.0154818855
2334,0.3975854,0.06989231,0.088788524,0.06803353,0.30879688,0.0018587783
2335,0.3488324,0.04973202,0.0782956,0.05394014,0.27053678,-0.0042081214
2336,0.5001944,0.10131836,0.11803917,0.089619264,0.3821552,0.011699095
2337,0.4901922,0.114737675,0.12670521,0.087380804,0.363487,0.02735687
2338,0.24635027,0.040137973,0.073049076,0.04567114,0.17330119,-0.005533166
2339,0.37969252,0.06549185,0.09999503,0.06916554,0.27969748,-0.003673695
2340,0.4856956,0.080452055,0.11442044,0.07851226,0.37127516,0.0019397959
2341,0.3424819,0.07739374,0.112227395,0.08372211,0.23025452,-0.0063283667
2342,0.52032554,0.061595086,0.08424352,0.0647114,0.436082,-0.0031163134
2343,0.54432154,0.11217618,0.13239108,0.085825995,0.41193044,0.026350185
2344,0.53147525,0.07448125,0.12170897,0.08649449,0.4097663,-0.012013242
2345,0.4410168,0.09504068,0.11495663,0.0779201,0.32606018,0.017120577
2346,0.22548363,0.04449564,0.060995646,0.044797376,0.16448799,-0.00030173734
2347,0.3980683,0.07498184,0.10050335,0.07027304,0.29756495,0.0047087967
2348,0.46583933,0.08740737,0.11610202,0.07904758,0.34973732,0.00835979
2349,0.4592771,0.08081807,0.082796805,0.06311053,0.37648028,0.017707542
2350,0.29061884,0.0560005,0.06874794,0.050110627,0.2218709,0.005889874
2351,0.42865145,0.06809017,0.09484733,0.061872017,0.33380413,0.006218154
2352,0.37106112,0.060665797,0.06658613,0.04360809,0.30447498,0.017057706
2353,0.5695366,0.1002244,0.10790487,0.08095074,0.46163177,0.019273661
2354,0.38958588,0.086117625,0.100513496,0.06688362,0.2890724,0.019234002
2355,0.42212453,0.047180854,0.07445259,0.050537787,0.34767196,-0.0033569336
2356,0.3319444,0.08666666,0.10724381,0.08422484,0.2247006,0.002441816
2357,0.38212207,0.10703735,0.11072417,0.082205474,0.2713979,0.024831876
2358,0.47691935,0.10757177,0.15158054,0.0995919,0.3253388,0.00797987
2359,0.4196455,0.087975785,0.1167924,0.07872222,0.30285308,0.0092535615
2360,0.45858738,0.080251,0.104053244,0.08229901,0.35453415,-0.0020480081
2361,0.4990525,0.12042272,0.13632588,0.10196147,0.36272663,0.01846125
2362,0.31813785,0.048845317,0.07680311,0.053980857,0.24133474,-0.00513554
2363,0.50877535,0.08263896,0.14208627,0.09288533,0.3666891,-0.010246374
2364,0.40049696,0.07488055,0.10834782,0.08014129,0.29214913,-0.005260743
2365,0.42544696,0.07347964,0.09682909,0.07034896,0.32861787,0.0031306744
2366,0.53791654,0.078253925,0.10305693,0.07097503,0.4348596,0.007278897
2367,0.36465132,0.04816766,0.080235764,0.050606854,0.28441554,-0.0024391934
2368,0.44907483,0.11729421,0.07796117,0.05460488,0.37111366,0.06268933
2369,0.47345823,0.09832212,0.1255866,0.08925533,0.34787163,0.00906679
2370,0.3674229,0.06343405,0.082864255,0.062302798,0.28455865,0.0011312515
2371,0.5254172,0.11662498,0.12770148,0.09408657,0.39771575,0.022538409
2372,0.49711415,0.12662731,0.1463499,0.10995591,0.35076424,0.016671404
2373,0.60750127,0.14923376,0.17310452,0.12869243,0.43439674,0.020541325
2374,0.50126797,0.11935723,0.11385943,0.08430889,0.38740855,0.035048336
2375,0.31798047,0.068270296,0.11040994,0.08437512,0.20757052,-0.016104825
2376,0.445043,0.061115187,0.08695557,0.06430267,0.35808742,-0.0031874813
2377,0.47007453,0.06034551,0.09357859,0.0682437,0.37649596,-0.007898189
2378,0.51287186,0.06523656,0.112907685,0.08807285,0.39996418,-0.02283629
2379,0.45480147,0.07523447,0.082558334,0.05454766,0.37224314,0.020686813
2380,0.61288816,0.101534836,0.12416927,0.08441528,0.4887189,0.017119557
2381,0.5678671,0.012562084,0.04105403,0.025062084,0.5268131,-0.0125
2382,0.3406449,0.056119353,0.08634038,0.05549773,0.25430453,0.0006216243
2383,0.41164452,0.10459413,0.13178584,0.09933408,0.27985868,0.005260043
2384,0.5202202,0.10303552,0.12343222,0.092087254,0.396788,0.010948263
2385,0.5510461,0.015632752,0.039364487,0.028968101,0.51168156,-0.013335349
2386,0.53694516,0.10847602,0.12952502,0.08973893,0.40742016,0.018737093
2387,0.5586643,0.0775114,0.09600161,0.061464094,0.4626627,0.016047306
2388,0.4121368,0.110355906,0.098561764,0.08021441,0.31357503,0.030141495
2389,0.499034,0.052887075,0.11324252,0.08497856,0.38579148,-0.032091483
2390,0.3523604,0.09124943,0.089140505,0.072228454,0.2632199,0.019020975
2391,0.37488997,0.07166065,0.09613535,0.0723809,0.27875462,-0.0007202476
2392,0.38991106,0.08303825,0.108345315,0.08135809,0.28156573,0.0016801581
2393,0.36699697,0.053832017,0.065017164,0.045879513,0.3019798,0.007952504
2394,0.42501628,0.072319984,0.071920194,0.05260854,0.3530961,0.019711446
2395,0.6964315,0.04456608,0.05479635,0.04439068,0.6416352,0.00017540157
2396,0.51898,0.044381954,0.08515848,0.055493675,0.43382156,-0.011111721
2397,0.50842005,0.07967619,0.117339395,0.08239399,0.39108065,-0.0027178004
2398,0.37886325,0.11542928,0.14184514,0.10777259,0.23701811,0.0076566935
2399,0.51073545,0.09245724,0.10274039,0.075892195,0.40799505,0.016565047
2400,0.58408135,0.102314584,0.1317132,0.09307053,0.45236814,0.009244055
2401,0.41442624,0.044810466,0.078440346,0.05472233,0.3359859,-0.009911865
2402,0.38624313,0.034806862,0.06136502,0.040071543,0.32487813,-0.005264681
2403,0.4427109,0.11813329,0.13369668,0.08333502,0.30901423,0.034798272
2404,0.44192237,0.07211319,0.115895525,0.07877755,0.32602686,-0.006664358
2405,0.39896524,0.08829439,0.112301946,0.0755129,0.2866633,0.012781486
2406,0.40253925,0.07536526,0.09555271,0.06485936,0.30698654,0.0105059
2407,0.35427567,0.069549896,0.078923196,0.060991008,0.27535248,0.008558888
2408,0.559847,0.008271284,0.047003604,0.026232272,0.5128434,-0.017960988
2409,0.44982925,0.0804996,0.106910765,0.071232826,0.3429185,0.009266771
2410,0.41178283,0.11126903,0.13226275,0.10392167,0.2795201,0.0073473603
2411,0.46372995,0.079078525,0.08685736,0.058995653,0.3768726,0.020082872
2412,0.45041332,0.098852545,0.1034263,0.07980954,0.346987,0.019043006
2413,0.4008322,0.059447158,0.080868766,0.057034582,0.31996346,0.0024125762
2414,0.46814477,0.0808097,0.106982745,0.082598865,0.36116204,-0.0017891675
2415,0.44253883,0.0731363,0.087363206,0.067538686,0.3551756,0.0055976138
2416,0.4456945,0.09789613,0.13031285,0.09354081,0.31538165,0.004355319
2417,0.42282373,0.065537594,0.08896324,0.06368162,0.3338605,0.0018559769
2418,0.61594373,0.124502786,0.15983704,0.10935231,0.4561067,0.0151504725
2419,0.38486713,0.046648365,0.08307888,0.05725143,0.30178824,-0.0106030665
2420,0.45796797,0.06398262,0.08854518,0.06025071,0.3694228,0.0037319101
2421,0.43460527,0.05901141,0.09400949,0.061173696,0.34059578,-0.0021622851
2422,0.46460626,0.021448486,0.057857208,0.03193925,0.40674904,-0.010490764
2423,0.21967001,0.045723073,0.060213797,0.046003334,0.15945622,-0.00028026104
2424,0.39444754,0.055230338,0.09156118,0.06020295,0.30288637,-0.0049726106
2425,0.46132287,0.076286666,0.11504139,0.08182546,0.34628147,-0.0055387914
2426,0.5488729,0.09232457,0.11644753,0.08623259,0.43242535,0.006091982
2427,0.592977,0.08709624,0.11698389,0.07689272,0.4759931,0.010203518
2428,0.43903673,0.0568799,0.10957122,0.07940428,0.3294655,-0.02252438
2429,0.3662467,0.07623281,0.11432513,0.07526493,0.25192156,0.0009678826
2430,0.46833,0.121786065,0.12242274,0.08238765,0.34590727,0.039398417
2431,0.65758455,0.12801392,0.16906929,0.12656778,0.48851526,0.0014461428
2432,0.48986077,0.10181725,0.14856948,0.10169848,0.3412913,0.000118769705
2433,0.40170744,0.05905539,0.12513801,0.073594674,0.27656943,-0.014539283
2434,0.44036376,0.042528268,0.08034652,0.058964044,0.36001724,-0.016435776
2435,0.33393455,0.09162716,0.116088115,0.08256661,0.21784642,0.009060547
2436,0.5092205,0.06808461,0.11334024,0.083460435,0.39588022,-0.015375823
2437,0.44797602,0.056019176,0.09572162,0.071839325,0.3522544,-0.01582015
2438,0.6411418,0.11891941,0.12923768,0.08704284,0.5119041,0.03187657
2439,0.44220823,0.07733191,0.09736793,0.068645574,0.3448403,0.008686334
2440,0.58768076,0.17342664,0.22824597,0.13845766,0.35943478,0.034968987
2441,0.38347036,0.056307238,0.07427234,0.05138857,0.30919802,0.0049186684
2442,0.34314275,0.09083678,0.12964901,0.09322592,0.21349373,-0.0023891404
2443,0.47948217,0.08087632,0.13417411,0.09730104,0.34530807,-0.016424723
2444,0.4225891,0.078153305,0.1034611,0.081482545,0.31912798,-0.0033292398
2445,0.42404813,0.109662205,0.11963911,0.09265498,0.30440903,0.017007224
2446,0.5789579,0.10085705,0.11102953,0.07846607,0.46792838,0.022390977
2447,0.48372164,0.09336332,0.10464468,0.076925,0.37907696,0.01643832
2448,0.3588968,0.04158225,0.06729026,0.03940805,0.29160655,0.0021741986
2449,0.46157062,0.107150085,0.1329935,0.096645355,0.3285771,0.01050473
2450,0.35555786,0.10246641,0.09636389,0.069679186,0.25919396,0.032787226
2451,0.5664953,0.06817572,0.095306925,0.06249373,0.47118837,0.005681988
2452,0.14589529,0.03836687,0.03887858,0.023726817,0.10701671,0.014640052
2453,0.6202531,0.06993763,0.09075515,0.07016349,0.5294979,-0.0002258569
2454,0.45660082,0.042188957,0.11134763,0.07151545,0.34525317,-0.029326491
2455,0.41317683,0.073291585,0.08672653,0.061740465,0.3264503,0.011551119
2456,0.41871953,0.06103111,0.052111406,0.03386486,0.3666081,0.027166251
2457,0.5233836,0.055180755,0.12626943,0.07295524,0.3971142,-0.017774489
2458,0.43594483,0.07002725,0.071274415,0.053049177,0.3646704,0.01697807
2459,0.43364063,0.0852713,0.096334845,0.07374477,0.33730578,0.0115265325
2460,0.5696458,0.104902335,0.119750366,0.09163545,0.44989544,0.013266884
2461,0.30892217,0.073167376,0.08981767,0.06071613,0.2191045,0.012451246
2462,0.44940817,0.053039037,0.08883955,0.060374208,0.3605686,-0.007335171
2463,0.39733773,0.06105733,0.08869799,0.07034161,0.30863973,-0.00928428
2464,0.2626332,0.07306838,0.08445225,0.059248112,0.17818096,0.013820268
2465,0.48500907,0.06470789,0.10011591,0.07315594,0.38489318,-0.008448049
2466,0.43867776,0.06350612,0.08929477,0.063312806,0.349383,0.00019331276
2467,0.46121126,0.092955574,0.09776877,0.07563722,0.36344248,0.017318353
2468,0.48514974,0.042520836,0.10712814,0.068845086,0.3780216,-0.02632425
2469,0.4328516,0.074248575,0.10484133,0.072528586,0.3280103,0.0017199889
2470,0.43991464,0.039847694,0.07395146,0.04737102,0.3659632,-0.0075233243
2471,0.4836446,0.11438746,0.122976586,0.08655833,0.360668,0.027829133
2472,0.32787585,0.06498208,0.082782224,0.06345055,0.24509363,0.0015315264
2473,0.51228833,0.083638325,0.12390699,0.094013065,0.38838133,-0.01037474
2474,0.41583994,0.09255886,0.086261466,0.06917274,0.32957846,0.02338612
2475,0.2764132,0.06759151,0.08027202,0.06612047,0.19614118,0.0014710426
2476,0.44632676,0.04991002,0.07984571,0.05584077,0.36648107,-0.0059307516
2477,0.5857961,0.1276852,0.1622378,0.11940072,0.42355832,0.008284487
2478,0.4643708,0.07750607,0.107208714,0.07733964,0.35716206,0.00016643107
2479,0.4844871,0.047151465,0.07753951,0.057309262,0.40694758,-0.0101577975
2480,0.46387264,0.09057084,0.09740494,0.070060514,0.3664677,0.020510323
2481,0.3354879,0.053064577,0.05716583,0.038715735,0.27832207,0.014348842
2482,0.45015293,0.105004236,0.13425893,0.091248386,0.315894,0.0137558505
2483,0.54457104,0.04835609,0.069372855,0.050281502,0.47519818,-0.0019254126
2484,0.51711875,0.09378915,0.11616071,0.07941509,0.40095803,0.014374062
2485,0.40359446,0.13108487,0.15429406,0.12335887,0.2493004,0.007726006
2486,0.5036558,0.118499614,0.14028683,0.109313786,0.36336896,0.009185828
2487,0.500464,0.077757835,0.1320966,0.07986506,0.36836743,-0.0021072254
2488,0.61990434,0.06661353,0.10074703,0.07334336,0.5191573,-0.0067298263
2489,0.40552118,0.093109906,0.11541728,0.08618997,0.2901039,0.0069199353
2490,0.45231488,0.071921274,0.09895334,0.07306061,0.35336155,-0.0011393353
2491,0.46251225,0.04851558,0.06354961,0.049656205,0.39896265,-0.0011406243
2492,0.51345074,0.08537274,0.09639491,0.067055695,0.41705585,0.018317044
2493,0.5018963,0.080996804,0.12567095,0.08570413,0.37622535,-0.004707329
2494,0.42119107,0.058317944,0.10051844,0.0697145,0.32067263,-0.011396557
2495,0.6226827,0.089402236,0.1474741,0.09911452,0.47520858,-0.009712286
2496,0.5370376,0.09379652,0.108302236,0.072910115,0.42873538,0.020886406
2497,0.35130376,0.086206876,0.08733104,0.06790769,0.2639727,0.018299185
2498,0.61636925,0.055193946,0.06779693,0.053695697,0.5485723,0.0014982484
2499,0.4590392,0.045444597,0.08133412,0.06362764,0.3777051,-0.018183041
2500,0.39721668,0.0967626,0.13518901,0.095565714,0.26202768,0.0011968836
2501,0.370492,0.034798864,0.04545315,0.035103805,0.32503885,-0.0003049411
2502,0.37321025,0.08331393,0.08565268,0.059791364,0.28755757,0.023522563
2503,0.5007469,0.061574575,0.10934658,0.08173581,0.39140034,-0.020161238
2504,0.50207126,0.08647446,0.118738726,0.085248575,0.38333255,0.0012258887
2505,0.42446148,0.10260574,0.13976598,0.09272323,0.2846955,0.00988251
2506,0.39954636,0.10595714,0.07797127,0.051156722,0.32157508,0.05480042
2507,0.4219517,0.09554833,0.10211171,0.0692568,0.31984,0.026291534
2508,0.31012586,0.05530916,0.09346066,0.060130112,0.21666521,-0.0048209503
2509,0.6268666,0.10354134,0.15761964,0.11704154,0.46924692,-0.013500206
2510,0.62964445,0.105348736,0.16429675,0.1254088,0.4653477,-0.020060062
2511,0.41683352,0.07204791,0.101844594,0.077389196,0.3149889,-0.005341284
2512,0.43940473,0.09175125,0.09664039,0.0738353,0.34276432,0.01791595
2513,0.39090756,0.10295377,0.11245477,0.080233894,0.27845278,0.022719875
2514,0.41103175,0.055187467,0.08599483,0.05846436,0.3250369,-0.003276892
2515,0.5531689,0.012885553,0.051522754,0.029839704,0.50164616,-0.01695415
2516,0.63912916,0.034973253,0.05701711,0.040260464,0.5821121,-0.0052872114
2517,0.4014949,0.07620484,0.098006986,0.07427499,0.3034879,0.0019298494
2518,0.60142803,0.11567285,0.12990502,0.09521315,0.47152302,0.020459697
2519,0.50148016,0.05789542,0.09494489,0.07368425,0.40653527,-0.015788835
2520,0.36786413,0.08609723,0.0888986,0.06490964,0.27896553,0.021187596
2521,0.5278067,0.13389586,0.077881336,0.058253594,0.44992536,0.075642265
2522,0.3877102,0.06863995,0.10783692,0.07341968,0.2798733,-0.0047797337
2523,0.34444076,0.08308719,0.10586016,0.07225001,0.2385806,0.010837182
2524,0.5892822,0.03392392,0.043479882,0.02712067,0.54580235,0.00680325
2525,0.51332295,0.09946531,0.1295568,0.080066875,0.38376614,0.019398436
2526,0.4276515,0.040715754,0.11284877,0.067009345,0.3148027,-0.02629359
2527,0.42777845,0.11575624,0.12249993,0.09472735,0.30527854,0.021028891
2528,0.45276836,0.09641041,0.09226205,0.06961821,0.3605063,0.026792198
2529,0.539015,0.114974745,0.16782014,0.12891598,0.37119484,-0.013941236
2530,0.4620444,0.06739402,0.098587476,0.06983936,0.3634569,-0.0024453402
2531,0.5170228,0.10011418,0.14928776,0.107240394,0.36773503,-0.007126212
2532,0.3048181,0.06244878,0.0856263,0.05915584,0.21919179,0.0032929406
2533,0.47144118,0.058707654,0.091029376,0.063246705,0.3804118,-0.00453905
2534,0.59400964,0.15549986,0.1479266,0.11258389,0.44608304,0.04291597
2535,0.4257549,0.08168639,0.12826478,0.09456609,0.29749012,-0.0128796995
2536,0.57686627,0.04667004,0.075701006,0.05390634,0.5011653,-0.007236302
2537,0.33639333,0.06405412,0.07627733,0.058286794,0.26011598,0.005767323
2538,0.5665351,0.040620044,0.05573862,0.041375693,0.5107965,-0.00075564906
2539,0.44928437,0.058306664,0.07939585,0.063424475,0.3698885,-0.0051178113
2540,0.4838004,0.0680494,0.10261247,0.07269938,0.38118795,-0.004649982
2541,0.47517258,0.08266177,0.10324991,0.08131424,0.37192267,0.0013475269
2542,0.5586355,0.07967899,0.11592412,0.08987643,0.44271135,-0.010197438
2543,0.47354996,0.06234851,0.09598778,0.06578874,0.37756217,-0.0034402274
2544,0.5474318,0.06918918,0.105534,0.08186729,0.4418978,-0.012678109
2545,0.64554685,0.03403394,0.064020045,0.040277936,0.5815268,-0.0062439963
2546,0.503588,0.10240022,0.102639094,0.07759321,0.40094894,0.024807014
2547,0.6582975,0.11087918,0.15017188,0.11068573,0.5081256,0.00019345433
2548,0.5011353,0.07291102,0.108542405,0.06553117,0.39259288,0.007379845
2549,0.38353774,0.076486826,0.07662374,0.04835233,0.306914,0.028134495
2550,0.48226094,0.050455324,0.09600825,0.059926152,0.3862527,-0.009470828
2551,0.44120702,0.054767944,0.086458445,0.060463853,0.35474858,-0.0056959093
2552,0.39518598,0.052614454,0.079118,0.051269077,0.316068,0.0013453774
2553,0.50718844,0.08304933,0.12872377,0.08124113,0.37846467,0.0018081963
2554,0.61953396,0.10149829,0.12755579,0.0795124,0.49197817,0.021985888
2555,0.40891895,0.08141231,0.10388182,0.069497526,0.30503714,0.011914782
2556,0.54734737,0.07533656,0.10588846,0.07612916,0.4414589,-0.0007926002
2557,0.37341762,0.053834002,0.080679834,0.058796108,0.29273778,-0.0049621053
2558,0.60925126,0.116585016,0.18071543,0.13080141,0.42853582,-0.014216393
2559,0.4997368,0.09300133,0.14116454,0.108802184,0.35857224,-0.015800856
