feature_idx,seq_effect_obs,struct_effect_obs,seq_effect_shuffle,struct_effect_shuffle,seq_delta,struct_delta
0,0.55257183,0.14693438,0.16698924,0.114348486,0.3855826,0.03258589
1,0.4215325,0.05763574,0.10167036,0.067306094,0.31986216,-0.009670354
2,0.34054223,0.050013598,0.057527475,0.04594235,0.28301474,0.004071247
3,0.44708675,0.03905099,0.06811273,0.04142929,0.37897402,-0.0023782998
4,0.27174067,0.037111722,0.046843104,0.031566095,0.22489756,0.0055456273
5,0.40499616,0.080964744,0.11335149,0.08728558,0.29164466,-0.006320834
6,0.36991695,0.069616884,0.10459163,0.06968441,0.2653253,-6.752461e-05
7,0.53096455,0.064223394,0.08600902,0.0702597,0.44495553,-0.006036304
8,0.4348113,0.08736441,0.08028425,0.060432516,0.35452706,0.026931897
9,0.32756844,0.04232279,0.075301304,0.045304082,0.25226712,-0.002981294
10,0.20123756,0.025834128,0.039965823,0.031003332,0.16127174,-0.0051692035
11,0.43097904,0.053079996,0.061377168,0.04179557,0.36960188,0.011284426
12,0.49222925,0.07216758,0.091106035,0.063565604,0.40112323,0.008601978
13,0.47059956,0.067264184,0.11138681,0.074019626,0.35921276,-0.0067554414
14,0.37483853,0.05264544,0.09270163,0.06301484,0.28213692,-0.010369401
15,0.4664821,0.040206976,0.05488228,0.041543573,0.4115998,-0.0013365969
16,0.43621626,0.061843075,0.07226459,0.05515959,0.36395168,0.0066834837
17,0.47301704,0.1140208,0.09892018,0.07548358,0.37409687,0.03853722
18,0.5217542,0.114376046,0.120231986,0.096941106,0.40152222,0.01743494
19,0.46215132,0.066330396,0.09078154,0.06616221,0.37136978,0.00016818196
20,0.50992584,0.026399355,0.06821404,0.045862447,0.4417118,-0.019463092
21,0.4077855,0.05034791,0.06628873,0.055020444,0.34149677,-0.0046725348
22,0.5280512,0.06950313,0.12065248,0.07155783,0.4073987,-0.0020546988
23,0.41877922,0.005227366,0.027321866,0.019112445,0.39145735,-0.013885079
24,0.45577738,0.106560476,0.08934203,0.06670503,0.36643535,0.039855443
25,0.48690927,0.06115288,0.077374786,0.060144372,0.40953448,0.0010085069
26,0.5229043,0.07393027,0.0924685,0.06715162,0.43043578,0.00677865
27,0.27131018,0.051689323,0.051792078,0.038610034,0.2195181,0.013079289
28,0.60996836,0.09303744,0.1352829,0.09892346,0.47468546,-0.0058860183
29,0.39161298,0.06489062,0.06996901,0.043914117,0.32164395,0.020976506
30,0.37974903,0.13084024,0.11773262,0.091295734,0.26201642,0.039544508
31,0.37015346,0.066482715,0.06963939,0.05335865,0.30051407,0.013124064
32,0.4243086,0.05110947,0.064378284,0.054965954,0.3599303,-0.0038564838
33,0.34699404,0.026554257,0.057523638,0.03527498,0.2894704,-0.008720722
34,0.49813744,0.03818383,0.07570796,0.056293387,0.4224295,-0.018109556
35,0.45656544,0.0585103,0.07405378,0.05263688,0.38251168,0.0058734193
36,0.37910262,0.03518995,0.053838897,0.04071918,0.3252637,-0.0055292323
37,0.53792346,0.059263892,0.060472287,0.043009426,0.47745118,0.016254466
38,0.33705345,0.09700039,0.09000518,0.06538936,0.24704826,0.031611033
39,0.54190516,0.085908964,0.12337279,0.0871081,0.41853237,-0.0011991337
40,0.2941631,0.08809186,0.07822813,0.04450583,0.21593498,0.043586027
41,0.45241845,0.10187232,0.10222981,0.06438782,0.35018864,0.037484497
42,0.41751155,0.03191524,0.061729383,0.044959933,0.35578218,-0.013044693
43,0.5946306,0.12222199,0.13070479,0.1045285,0.4639258,0.01769349
44,0.44209954,0.057080507,0.09337421,0.065928295,0.34872532,-0.008847788
45,0.47909304,0.09575051,0.11933883,0.075620726,0.3597542,0.020129785
46,0.4736428,0.038936526,0.061592925,0.04303145,0.41204986,-0.004094925
47,0.66408885,0.07033011,0.11310039,0.08064656,0.55098844,-0.010316446
48,0.46525988,0.033298012,0.069128655,0.043467604,0.39613122,-0.010169592
49,0.555187,0.041627552,0.07806665,0.052093066,0.47712034,-0.010465514
50,0.4902419,0.07067732,0.09258882,0.06607167,0.39765307,0.004605651
51,0.5173928,0.046129804,0.087288134,0.052956205,0.43010467,-0.0068264008
52,0.33318886,0.050912905,0.062623605,0.047822945,0.27056527,0.0030899607
53,0.5742265,0.049176868,0.06631857,0.05129823,0.5079079,-0.0021213628
54,0.479946,0.06491409,0.10231533,0.06705893,0.37763065,-0.002144836
55,0.5424308,0.109810986,0.11189096,0.091068745,0.43053985,0.018742241
56,0.4619574,0.055437826,0.113464475,0.07831006,0.34849292,-0.022872232
57,0.46271002,0.061713733,0.09054868,0.06441113,0.37216133,-0.0026974007
58,0.41912976,0.027118314,0.06688919,0.04265606,0.35224056,-0.015537746
59,0.5068878,0.08898266,0.14060608,0.100807525,0.36628172,-0.011824869
60,0.31953618,0.025978394,0.052871596,0.033249743,0.2666646,-0.0072713494
61,0.22270048,0.0050167628,0.051293325,0.035576154,0.17140715,-0.03055939
62,0.42928964,0.077968016,0.06984438,0.048516493,0.35944527,0.029451523
63,0.47373125,0.058699206,0.1046705,0.072497964,0.36906075,-0.013798758
64,0.41857752,0.057377215,0.075024724,0.049220134,0.3435528,0.008157082
65,0.41789788,0.03650505,0.06535666,0.041817322,0.3525412,-0.0053122714
66,0.43824875,0.07718523,0.06840433,0.045595177,0.36984444,0.031590052
67,0.49740896,0.04228053,0.0637629,0.05177779,0.43364605,-0.009497263
68,0.3978727,0.06276096,0.08772353,0.06694013,0.31014916,-0.004179172
69,0.461025,0.07804878,0.11991857,0.086049765,0.3411064,-0.008000985
70,0.38783446,0.029338967,0.08495344,0.049659863,0.302881,-0.020320896
71,0.470818,0.079475805,0.09127955,0.063762546,0.37953848,0.01571326
72,0.40397257,0.047112443,0.08256177,0.047408625,0.3214108,-0.00029618293
73,0.6143544,0.0099392105,0.042510197,0.028679784,0.57184416,-0.018740574
74,0.36440495,0.04090585,0.040689506,0.024897765,0.32371545,0.016008083
75,0.5371908,0.057968628,0.07609192,0.05920721,0.46109888,-0.0012385808
76,0.4245204,0.081083864,0.11087731,0.08297329,0.3136431,-0.0018894225
77,0.43913826,0.04887964,0.07594409,0.05135082,0.36319417,-0.0024711825
78,0.407539,0.06220593,0.07167788,0.05220144,0.33586115,0.010004491
79,0.47156549,0.008360527,0.04686569,0.029060835,0.42469978,-0.020700308
80,0.41948685,0.059168655,0.050873853,0.04107653,0.368613,0.018092126
81,0.30362856,0.034054723,0.052406084,0.034406863,0.2512225,-0.00035214052
82,0.51501334,0.04546977,0.07392879,0.053170037,0.44108456,-0.007700268
83,0.3053557,0.08241618,0.074365675,0.0643243,0.23099002,0.01809188
84,0.48435837,0.079903625,0.07794516,0.05440588,0.4064132,0.025497746
85,0.3808588,0.02279749,0.07810056,0.047306664,0.30275825,-0.024509175
86,0.39071876,0.07448934,0.087223314,0.059330035,0.30349544,0.015159305
87,0.4513078,0.06730854,0.08468197,0.055524707,0.36662585,0.011783831
88,0.56931317,0.10785193,0.15460548,0.11675346,0.4147077,-0.008901529
89,0.33925876,0.045150038,0.07716406,0.050583504,0.2620947,-0.0054334663
90,0.4390406,0.051282484,0.049040288,0.03698625,0.3900003,0.014296234
91,0.5126691,0.05162427,0.055457838,0.043356292,0.45721126,0.008267976
92,0.47974244,0.03914393,0.04961542,0.030743558,0.43012702,0.008400373
93,0.6012914,0.07436216,0.11233908,0.08971603,0.48895234,-0.015353873
94,0.3952692,0.06886371,0.086474,0.059033822,0.30879518,0.00982989
95,0.294775,0.041769695,0.064901315,0.045513175,0.22987369,-0.003743481
96,0.5600885,0.09508466,0.103148,0.079925485,0.45694053,0.015159175
97,0.4990819,0.026099673,0.063823774,0.048102964,0.43525815,-0.022003291
98,0.49987453,0.074301414,0.11872097,0.08543658,0.38115355,-0.011135168
99,0.20706336,0.023897547,0.046609074,0.031897567,0.16045429,-0.00800002
100,0.5427594,0.06365958,0.08207257,0.062176038,0.46068686,0.001483541
101,0.52814806,0.08754164,0.102011524,0.06708294,0.42613652,0.020458698
102,0.45885035,0.05322352,0.08085914,0.061687868,0.3779912,-0.008464348
103,0.53050786,0.028607685,0.05910186,0.05020716,0.471406,-0.021599475
104,0.42796448,0.10876188,0.104576245,0.083670706,0.32338822,0.025091171
105,0.49072856,0.051040825,0.07307409,0.045915782,0.41765445,0.005125042
106,0.33029994,0.04539197,0.055478133,0.040275462,0.27482182,0.0051165074
107,0.57624793,0.06412511,0.09788714,0.07013571,0.47836077,-0.0060105994
108,0.4838512,0.04076362,0.05288645,0.041167956,0.43096474,-0.00040433556
109,0.2666957,0.028758528,0.046739902,0.030840551,0.2199558,-0.0020820238
110,0.48534152,0.029629765,0.075959854,0.049084593,0.40938166,-0.019454828
111,0.379164,0.02768567,0.06555007,0.047158897,0.31361395,-0.019473227
112,0.36967883,0.04158221,0.06557214,0.050841857,0.30410668,-0.009259645
113,0.29690725,0.082065836,0.07929876,0.0531529,0.21760848,0.028912935
114,0.47844765,0.039314516,0.07796244,0.05410244,0.40048522,-0.014787924
115,0.5191226,0.06484381,0.09762768,0.061039347,0.42149493,0.003804464
116,0.3493211,0.04825454,0.07982963,0.05049584,0.26949146,-0.0022413023
117,0.5598094,0.06015769,0.08901828,0.05658055,0.4707911,0.0035771392
118,0.427016,0.10247449,0.14545158,0.1105703,0.2815644,-0.008095808
119,0.49449053,0.05478961,0.099720806,0.07185406,0.39476973,-0.017064452
120,0.46225408,0.040370233,0.06922674,0.049225144,0.39302734,-0.008854911
121,0.3827383,0.07338823,0.05574907,0.043087658,0.32698923,0.030300569
122,0.45733008,0.03699852,0.06949689,0.049794458,0.38783318,-0.012795936
123,0.41238967,0.13581486,0.098615885,0.07301525,0.31377378,0.06279961
124,0.6128724,0.06972487,0.10960306,0.0767651,0.5032694,-0.007040225
125,0.4516284,0.071436584,0.103252076,0.07906565,0.3483763,-0.0076290667
126,0.47382304,0.05573901,0.079351656,0.055112142,0.39447138,0.0006268695
127,0.61138266,0.05584402,0.074042216,0.04704446,0.53734046,0.00879956
128,0.50490093,0.06645979,0.099803105,0.07552926,0.40509784,-0.009069473
129,0.41327637,0.050189726,0.07674389,0.050727762,0.33653247,-0.0005380362
130,0.5196084,0.055657428,0.06911773,0.05201877,0.45049065,0.0036386587
131,0.46362492,0.02382239,0.06294562,0.0488024,0.4006793,-0.024980009
132,0.35168195,0.046051376,0.07741531,0.060740896,0.27426663,-0.01468952
133,0.5130982,0.13071775,0.1179208,0.083954014,0.39517736,0.04676374
134,0.43279818,0.09647301,0.09483522,0.06315844,0.33796296,0.03331457
135,0.5845907,0.08975752,0.094245195,0.07227284,0.49034548,0.01748468
136,0.6178331,0.14259945,0.15288058,0.12117382,0.4649525,0.021425627
137,0.2766821,0.04287335,0.03754694,0.029982474,0.23913518,0.012890875
138,0.33054703,0.037031386,0.05486989,0.03869171,0.27567714,-0.0016603246
139,0.33654377,0.040976055,0.058376722,0.035711676,0.27816704,0.005264379
140,0.44194958,0.06130334,0.07740988,0.054090798,0.36453968,0.007212542
141,0.43000847,0.053266402,0.07176118,0.057097785,0.35824728,-0.0038313828
142,0.2692448,0.034998037,0.06348882,0.044564024,0.20575598,-0.009565987
143,0.37249905,0.0377252,0.07694371,0.05828495,0.29555535,-0.02055975
144,0.36238393,0.07506233,0.09978044,0.07254862,0.2626035,0.0025137067
145,0.4049976,0.067735,0.07271983,0.04452382,0.33227777,0.023211181
146,0.51382405,0.034979194,0.056774907,0.039462335,0.45704913,-0.004483141
147,0.28144997,0.037241768,0.06074152,0.047768813,0.22070846,-0.010527045
148,0.57755184,0.08646932,0.09943202,0.07254438,0.47811982,0.013924941
149,0.3326582,0.006518304,0.085830614,0.0471224,0.24682759,-0.040604096
150,0.42188105,0.08505484,0.101303086,0.06215746,0.32057798,0.022897378
151,0.4575913,0.026740229,0.057665206,0.036050312,0.3999261,-0.009310083
152,0.26880258,0.09055956,0.06136756,0.036092453,0.20743503,0.054467104
153,0.5258938,0.052509956,0.062724,0.04522732,0.4631698,0.007282637
154,0.4663907,0.03988428,0.08848182,0.053204037,0.3779089,-0.013319757
155,0.31672007,0.09685174,0.0690313,0.050403424,0.24768877,0.046448313
156,0.25788674,0.04218528,0.059496157,0.03819319,0.19839057,0.003992092
157,0.42753398,0.067012176,0.0646216,0.038638484,0.3629124,0.028373692
158,0.4196121,0.071166135,0.08025429,0.049058266,0.33935782,0.02210787
159,0.57765615,0.11242894,0.14055443,0.10326062,0.43710172,0.009168319
160,0.34685057,0.061224047,0.06401451,0.042931665,0.28283608,0.018292382
161,0.42828983,0.06735373,0.08183655,0.04748007,0.34645328,0.019873664
162,0.40565798,0.037727546,0.052857477,0.03802852,0.3528005,-0.00030097365
163,0.59433246,0.0988254,0.15043996,0.10123988,0.44389248,-0.0024144799
164,0.34221354,0.048824675,0.07385486,0.05687865,0.26835868,-0.008053973
165,0.4401133,0.03928814,0.07308228,0.050874524,0.36703104,-0.011586383
166,0.42508188,0.021261582,0.027755704,0.020219669,0.39732617,0.0010419134
167,0.45904168,0.0273995,0.08145541,0.061692674,0.37758628,-0.034293175
168,0.5608964,0.049007244,0.10775931,0.07231264,0.4531371,-0.023305394
169,0.37360695,0.06939718,0.084072135,0.059883498,0.2895348,0.009513684
170,0.3259764,0.04101523,0.05631716,0.043717,0.26965925,-0.0027017705
171,0.2584327,0.047884107,0.06924005,0.04536679,0.18919264,0.0025173165
172,0.43368748,0.06348972,0.07372199,0.047506932,0.3599655,0.015982788
173,0.5300816,0.079618685,0.083815336,0.05395949,0.4462663,0.025659196
174,0.39454263,0.06501551,0.06411065,0.049314193,0.330432,0.015701316
175,0.21776628,0.019984955,0.032569315,0.022321032,0.18519697,-0.0023360774
176,0.52653164,0.06686585,0.0943689,0.06701358,0.43216273,-0.00014773011
177,0.49236742,0.07313474,0.11131833,0.068909004,0.3810491,0.0042257383
178,0.558729,0.05464025,0.08332829,0.058924057,0.4754007,-0.004283808
179,0.5331702,0.07064489,0.09852099,0.06935693,0.43464923,0.0012879595
180,0.52923465,0.09632574,0.11058442,0.08514309,0.4186502,0.011182651
181,0.5214554,0.08606965,0.11097531,0.07771106,0.41048008,0.00835859
182,0.47820324,0.0778985,0.087355316,0.05944402,0.39084792,0.01845448
183,0.5528614,0.06795011,0.081009045,0.061902415,0.47185236,0.006047692
184,0.5453932,0.031360175,0.07460192,0.03972747,0.4707913,-0.008367296
185,0.4929346,0.08033242,0.09964688,0.071964696,0.39328772,0.008367725
186,0.37905833,0.04423865,0.06052666,0.03755045,0.31853166,0.0066882
187,0.33691028,0.040477794,0.056774616,0.03799717,0.28013566,0.0024806224
188,0.4440643,0.07469025,0.09319367,0.07115075,0.3508706,0.0035395026
189,0.59360045,0.07999099,0.09906374,0.06692636,0.4945367,0.01306463
190,0.42376027,0.08461286,0.119083345,0.08685465,0.30467692,-0.0022417903
191,0.5420859,0.039632674,0.08406441,0.05690102,0.45802146,-0.017268345
192,0.5651827,0.092240244,0.09706546,0.06787067,0.46811724,0.024369575
193,0.6406108,0.09300323,0.107928194,0.07936785,0.5326826,0.013635375
194,0.3439076,0.001152532,0.015223759,0.010876811,0.32868382,-0.009724279
195,0.30950835,0.026067927,0.041190937,0.030090403,0.2683174,-0.0040224753
196,0.4615716,0.048437107,0.08497356,0.06402408,0.37659806,-0.015586976
197,0.5199944,0.061510243,0.113002256,0.0876926,0.40699214,-0.026182361
198,0.49322677,0.036721095,0.10359067,0.072941676,0.3896361,-0.03622058
199,0.40780562,0.0342133,0.08012867,0.046834894,0.32767695,-0.012621593
200,0.48167804,0.04948074,0.07869558,0.058515828,0.40298247,-0.009035088
201,0.46307433,0.07048577,0.098541066,0.07176206,0.36453325,-0.0012762919
202,0.45840052,0.035185233,0.055397958,0.043485112,0.40300256,-0.00829988
203,0.15934119,0.021016221,0.021776078,0.015766952,0.1375651,0.0052492693
204,0.4274516,0.06319939,0.07352893,0.05404087,0.35392267,0.009158522
205,0.46606848,0.046646457,0.052524053,0.04349456,0.41354442,0.0031518973
206,0.37506443,0.050391015,0.0850583,0.049934287,0.29000613,0.00045672804
207,0.54813313,0.05752657,0.0873602,0.061318092,0.46077293,-0.0037915222
208,0.5010964,0.116797976,0.13857643,0.104206845,0.36251998,0.012591131
209,0.40227705,0.04569653,0.08345516,0.051742613,0.3188219,-0.006046083
210,0.4947223,0.064144045,0.090763316,0.067525804,0.40395898,-0.003381759
211,0.4076232,0.057609726,0.06826366,0.04581547,0.33935955,0.011794254
212,0.6008614,0.08362347,0.11065666,0.076137945,0.49020472,0.007485524
213,0.43742618,0.06574966,0.081054926,0.05260852,0.35637125,0.01314114
214,0.34681568,0.061921883,0.059847154,0.040192723,0.28696853,0.02172916
215,0.56208545,0.019290343,0.06176003,0.034166727,0.50032544,-0.014876384
216,0.54079777,0.08390052,0.08168378,0.060677975,0.459114,0.023222543
217,0.38583088,0.036198583,0.08129748,0.051585507,0.3045334,-0.015386924
218,0.09233406,0.005308711,0.011724037,0.01059024,0.08061002,-0.0052815294
219,0.32955363,0.043682504,0.09179778,0.059418537,0.23775586,-0.015736032
220,0.3736499,0.041210547,0.053408045,0.039232165,0.32024184,0.0019783825
221,0.57070935,0.1206127,0.1658751,0.10940971,0.40483424,0.011202991
222,0.31717113,0.035510432,0.058260076,0.053427827,0.25891104,-0.017917395
223,0.6188004,0.06413931,0.07222845,0.052706778,0.54657197,0.0114325285
224,0.53728855,0.0626877,0.10119033,0.065742865,0.43609822,-0.0030551627
225,0.36691463,0.044429958,0.061757006,0.047255285,0.30515763,-0.0028253272
226,0.4539345,0.046326157,0.093386516,0.06420624,0.36054796,-0.017880086
227,0.5404063,0.04963552,0.06884755,0.052328087,0.47155875,-0.002692569
228,0.40333852,0.047972277,0.0590731,0.04171178,0.34426543,0.0062604956
229,0.36470962,0.06917378,0.08561201,0.0638126,0.27909762,0.0053611845
230,0.52504843,0.06454006,0.09011007,0.06241421,0.43493837,0.002125848
231,0.24360736,0.039197464,0.051775903,0.04624403,0.19183145,-0.0070465654
232,0.5254464,0.055853643,0.09438282,0.06512578,0.4310636,-0.009272136
233,0.5001911,0.09666123,0.120639324,0.088998124,0.37955177,0.0076631084
234,0.34611893,0.07754019,0.07449366,0.052738935,0.27162528,0.024801254
235,0.5806281,0.08335396,0.1259314,0.09896082,0.4546967,-0.015606858
236,0.50771534,0.089245714,0.052991945,0.036943585,0.4547234,0.05230213
237,0.28811783,0.03429614,0.055616356,0.042700678,0.23250148,-0.008404538
238,0.46339443,0.07856704,0.10542138,0.0805595,0.35797304,-0.0019924566
239,0.5510041,0.10018532,0.11964361,0.08381195,0.43136048,0.016373366
240,0.6326608,0.08829436,0.13822487,0.10052856,0.49443594,-0.0122342035
241,0.43562555,0.055026345,0.071876526,0.04869826,0.36374903,0.0063280836
242,0.44575265,0.11470152,0.11963798,0.099563465,0.32611465,0.015138052
243,0.5171601,0.07150558,0.09601842,0.07226585,0.42114168,-0.00076027215
244,0.5015065,0.04563397,0.114794716,0.068776354,0.38671178,-0.023142383
245,0.4320487,0.054984853,0.06835384,0.053026784,0.36369488,0.0019580685
246,0.46889353,0.0034687764,0.031735547,0.02722156,0.437158,-0.023752784
247,0.44615826,0.061143976,0.0831952,0.058048286,0.36296305,0.0030956902
248,0.48640162,0.050401982,0.068534866,0.05000919,0.41786677,0.00039279088
249,0.38484368,0.029766291,0.06830164,0.039588716,0.31654203,-0.0098224245
250,0.36016405,0.06804633,0.0761039,0.060495444,0.28406015,0.0075508878
251,0.47341365,0.030095119,0.07422699,0.04832598,0.39918667,-0.01823086
252,0.46258384,0.028935315,0.049281154,0.039163914,0.4133027,-0.0102285985
253,0.42038062,0.0872123,0.086439446,0.062282693,0.33394116,0.02492961
254,0.4468761,0.07732412,0.10895014,0.080054596,0.33792597,-0.0027304739
255,0.33551902,0.086583056,0.05128469,0.03928511,0.28423432,0.047297947
256,0.36731103,0.024216868,0.055438034,0.0410827,0.311873,-0.01686583
257,0.47305542,0.05837365,0.083149076,0.05819726,0.38990635,0.00017638877
258,0.6667437,0.07215845,0.09254543,0.06894292,0.57419825,0.003215529
259,0.3183491,0.05961516,0.065679155,0.04888457,0.25266993,0.010730591
260,0.5855578,0.10183921,0.1144308,0.08579321,0.47112703,0.016045995
261,0.35935566,0.07205756,0.07757269,0.06394984,0.28178298,0.008107722
262,0.4045914,0.036705613,0.06661285,0.053490423,0.33797857,-0.01678481
263,0.36639825,0.04617368,0.075745754,0.05998171,0.29065248,-0.013808031
264,0.49164405,0.045449678,0.0854887,0.05469144,0.40615535,-0.0092417635
265,0.5348068,0.04513495,0.07180363,0.052049648,0.46300316,-0.0069146976
266,0.4428936,0.084468216,0.08617538,0.062967084,0.3567182,0.021501131
267,0.5253865,0.06198513,0.07016194,0.051536184,0.45522457,0.010448948
268,0.49735543,0.029382473,0.043561116,0.02671602,0.4537943,0.002666453
269,0.31206048,0.06886138,0.06689362,0.050834376,0.24516685,0.018027004
270,0.5257906,0.1014089,0.14667836,0.107392386,0.3791122,-0.005983487
271,0.4993039,0.10068043,0.074813195,0.055049162,0.42449072,0.04563127
272,0.34346744,0.059923764,0.062300004,0.048843853,0.28116745,0.011079911
273,0.48851708,0.049793717,0.073211245,0.05235635,0.41530582,-0.0025626346
274,0.21106924,0.03633146,0.03578674,0.028674457,0.17528251,0.0076570027
275,0.4147148,0.06444935,0.08238995,0.059343148,0.33232486,0.0051061995
276,0.5043554,0.074371345,0.14379023,0.08918226,0.36056513,-0.014810912
277,0.34560674,0.053556502,0.07026728,0.05284395,0.27533945,0.0007125512
278,0.49462134,0.05242908,0.07216888,0.04948131,0.42245245,0.00294777
279,0.48157418,0.130463,0.11270466,0.07624518,0.3688695,0.054217823
280,0.3276336,0.08465916,0.060765497,0.03859666,0.26686808,0.0460625
281,0.49459425,0.026631301,0.07403477,0.048389457,0.42055947,-0.021758156
282,0.4811539,0.06580839,0.08832061,0.06505102,0.3928333,0.00075737387
283,0.22454068,0.01908837,0.0977554,0.054756142,0.12678528,-0.03566777
284,0.50175107,0.040910557,0.069976136,0.04300815,0.4317749,-0.0020975918
285,0.3356269,0.05623637,0.07667968,0.057569932,0.25894722,-0.0013335608
286,0.40494695,0.04758536,0.06115518,0.038470175,0.34379178,0.009115186
287,0.4341337,0.069850035,0.0983955,0.06435795,0.3357382,0.0054920837
288,0.583038,0.06430832,0.1011168,0.07638977,0.48192117,-0.012081444
289,0.21687667,0.11055615,0.04735002,0.030135298,0.16952665,0.08042085
290,0.4435904,0.05992337,0.07420619,0.052495174,0.36938423,0.0074281953
291,0.4511302,0.030192593,0.062731415,0.047760993,0.3883988,-0.0175684
292,0.46980953,0.07729307,0.09760173,0.065490425,0.37220782,0.011802644
293,0.33566535,0.024069665,0.04810991,0.03382166,0.28755543,-0.009751996
294,0.32229516,0.03142341,0.059004873,0.032911517,0.2632903,-0.0014881082
295,0.32485336,0.04116136,0.05716623,0.045603592,0.26768714,-0.0044422336
296,0.4367924,0.047249865,0.06200847,0.045650966,0.37478393,0.0015988983
297,0.46159118,0.00021178312,0.027018135,0.013390904,0.43457305,-0.013179122
298,0.49941644,0.04293779,0.08839754,0.0558376,0.4110189,-0.012899812
299,0.41283968,0.03866863,0.08136864,0.057010837,0.33147103,-0.018342208
300,0.52062696,0.07068907,0.08969417,0.073362425,0.4309328,-0.0026733577
301,0.44350606,0.037344005,0.071104944,0.043066066,0.37240112,-0.005722061
302,0.3709632,0.10872426,0.13010104,0.102286205,0.24086215,0.006438054
303,0.15423003,0.036512285,0.039124426,0.02672569,0.1151056,0.009786595
304,0.5001296,0.06945501,0.079282515,0.06167239,0.42084706,0.007782623
305,0.4904817,0.060862664,0.08532239,0.058968503,0.40515932,0.0018941611
306,0.7201647,0.13008696,0.19237207,0.13659719,0.52779263,-0.006510228
307,0.51965475,0.043309994,0.07029327,0.050980322,0.44936147,-0.007670328
308,0.6126388,0.094253995,0.12108885,0.09005302,0.4915499,0.0042009726
309,0.5547901,0.08326951,0.13900076,0.09409259,0.4157893,-0.010823086
310,0.49828297,0.056151684,0.07073105,0.04950608,0.42755193,0.006645605
311,0.48942327,0.052787475,0.08132906,0.052671976,0.40809423,0.0001154989
312,0.20517494,0.038119588,0.05724942,0.040446945,0.14792553,-0.0023273565
313,0.32224935,0.07601744,0.06249822,0.049640864,0.25975114,0.026376575
314,0.33825475,0.07384784,0.08938601,0.06518326,0.24886873,0.008664578
315,0.32247022,0.14299394,0.051160127,0.038349893,0.2713101,0.104644045
316,0.5348978,0.10066939,0.14467704,0.10684997,0.39022076,-0.006180577
317,0.4541063,0.06105735,0.074564315,0.053631693,0.379542,0.0074256584
318,0.53919333,0.101580635,0.09719034,0.0728208,0.44200298,0.028759837
319,0.42454937,0.071405314,0.09112346,0.062182885,0.3334259,0.009222429
320,0.5776027,0.050877936,0.09992794,0.05918629,0.47767475,-0.008308355
321,0.532661,0.044355482,0.068187915,0.04962737,0.4644731,-0.0052718893
322,0.5108068,0.074865445,0.09617312,0.07053039,0.4146337,0.0043350533
323,0.51167613,0.0002983438,0.027160669,0.018055493,0.48451546,-0.01775715
324,0.5234289,0.088666014,0.12205497,0.07899244,0.40137395,0.009673573
325,0.3476752,0.043877542,0.06692449,0.040818002,0.28075072,0.00305954
326,0.57330775,0.069595724,0.09639143,0.059961487,0.4769163,0.009634238
327,0.44143048,0.039485615,0.076779686,0.048802696,0.3646508,-0.009317081
328,0.6775639,0.03340287,0.083160505,0.04860098,0.5944034,-0.015198108
329,0.3825161,0.06668833,0.09572878,0.070235,0.2867873,-0.00354667
330,0.49113563,0.045473702,0.067846,0.04895053,0.42328963,-0.0034768283
331,0.50186193,0.05678982,0.10506634,0.056752127,0.3967956,3.7692487e-05
332,0.5363763,0.071464926,0.108798444,0.07811184,0.42757785,-0.0066469163
333,0.5138136,0.0813693,0.0980559,0.074742295,0.41575772,0.0066270083
334,0.44328567,0.064191245,0.079644635,0.06659885,0.36364102,-0.002407603
335,0.4308337,0.025563756,0.053241186,0.029822802,0.3775925,-0.004259046
336,0.5038267,0.033467412,0.064345,0.04409363,0.43948168,-0.010626219
337,0.4529676,0.039777365,0.10416754,0.061799813,0.34880006,-0.022022448
338,0.21637258,0.019348767,0.03723688,0.025714135,0.1791357,-0.006365368
339,0.3498472,0.060858157,0.05973513,0.044670463,0.29011208,0.016187694
340,0.38709414,0.025891695,0.06719269,0.038605355,0.31990147,-0.01271366
341,0.4049433,0.048323486,0.064279415,0.04876364,0.34066388,-0.00044015422
342,0.24114418,0.04913483,0.07025121,0.051207583,0.17089297,-0.0020727552
343,0.46098116,0.06321822,0.0955945,0.06533165,0.36538666,-0.0021134317
344,0.48616576,0.0686158,0.087451294,0.06289303,0.39871448,0.0057227686
345,0.4685898,0.063782305,0.12551865,0.08446935,0.34307116,-0.020687044
346,0.46311513,0.046900067,0.071971394,0.048742406,0.39114374,-0.0018423386
347,0.44320282,0.09692077,0.093548074,0.05743462,0.34965473,0.039486155
348,0.46289155,0.094991855,0.1401468,0.10438107,0.32274473,-0.009389214
349,0.644052,0.106751464,0.14541823,0.10475238,0.4986338,0.0019990876
350,0.30432844,0.056909174,0.053598184,0.03516418,0.25073025,0.021744993
351,0.40300527,0.06960753,0.08233403,0.05475334,0.32067126,0.014854193
352,0.6202677,0.035366792,0.060739595,0.03493603,0.5595281,0.00043076277
353,0.39475676,0.08285841,0.09998931,0.074107945,0.29476744,0.0087504685
354,0.2712621,0.03945991,0.064559385,0.037148636,0.20670272,0.0023112744
355,0.50663143,0.09823274,0.06672189,0.040419422,0.43990955,0.057813317
356,0.36154258,0.06506584,0.061049473,0.04408159,0.30049312,0.020984247
357,0.4466525,0.03025703,0.054220993,0.037069865,0.3924315,-0.006812835
358,0.3247426,0.036965135,0.07182018,0.045123447,0.25292242,-0.008158311
359,0.47416854,0.04373719,0.06504236,0.052957583,0.40912616,-0.0092203915
360,0.3692234,0.04671317,0.07105897,0.048417803,0.29816443,-0.0017046332
361,0.43761706,0.0353687,0.06740819,0.05045869,0.37020886,-0.015089989
362,0.49837828,0.07120004,0.084587954,0.059152056,0.41379032,0.012047987
363,0.5501084,0.046074435,0.07759063,0.0478397,0.47251773,-0.0017652661
364,0.42555323,0.045458954,0.06442417,0.04907852,0.36112905,-0.0036195666
365,0.42166945,0.062175054,0.09564321,0.07440323,0.32602626,-0.012228172
366,0.44547132,0.040484343,0.060579468,0.042417143,0.38489184,-0.0019327998
367,0.5526461,0.11163249,0.1698774,0.116822645,0.3827687,-0.0051901564
368,0.4031306,0.051455416,0.06910056,0.056821086,0.33403003,-0.0053656697
369,0.33954677,0.0678336,0.08035921,0.05703677,0.25918755,0.010796834
370,0.47002575,0.040591586,0.089375414,0.057597704,0.38065034,-0.017006118
371,0.35233253,0.06976821,0.072629474,0.052137785,0.27970305,0.017630428
372,0.4589412,0.077695504,0.09582401,0.06720956,0.3631172,0.010485947
373,0.46568894,0.0432479,0.06959293,0.052346833,0.39609602,-0.009098932
374,0.64825875,0.12343958,0.15002343,0.10310835,0.49823532,0.020331234
375,0.5143678,0.068244986,0.10649495,0.07031663,0.40787286,-0.0020716414
376,0.30150625,0.04192439,0.0666713,0.043848984,0.23483495,-0.001924593
377,0.24578209,0.024687888,0.056990873,0.034753658,0.18879122,-0.01006577
378,0.5578376,0.0789582,0.13483033,0.08769958,0.42300728,-0.008741379
379,0.5557888,0.07692101,0.12054826,0.0805438,0.43524057,-0.0036227927
380,0.32092696,0.056097623,0.07433431,0.047335356,0.24659266,0.0087622665
381,0.5935612,0.076556474,0.10342769,0.07189257,0.49013346,0.004663907
382,0.51503325,0.049050037,0.07606201,0.05694468,0.43897122,-0.007894643
383,0.48036596,0.054305073,0.07374733,0.05570712,0.40661862,-0.0014020465
384,0.54196584,0.061445307,0.08965466,0.07016574,0.4523112,-0.0087204315
385,0.52067345,0.06699866,0.08769019,0.058024902,0.43298328,0.008973759
386,0.38021064,0.063601464,0.08589437,0.066615455,0.29431626,-0.0030139908
387,0.34684813,0.013518099,0.034717523,0.025856668,0.3121306,-0.012338569
388,0.48325473,0.087725334,0.10068085,0.06530542,0.38257387,0.022419915
389,0.44132116,0.05470945,0.08006586,0.05986119,0.3612553,-0.005151741
390,0.48245904,0.08052422,0.080657594,0.056277476,0.40180144,0.024246745
391,0.5008238,0.042794943,0.09071494,0.06445865,0.41010886,-0.02166371
392,0.52641153,0.06945427,0.09213349,0.06932753,0.43427804,0.00012673438
393,0.446364,0.06467484,0.1040557,0.073466256,0.34230828,-0.008791417
394,0.49822453,0.05023957,0.090131275,0.059385736,0.40809324,-0.009146165
395,0.6168811,0.056983687,0.08069697,0.060670517,0.5361841,-0.0036868304
396,0.6220841,0.04810879,0.09626041,0.063993216,0.52582365,-0.015884425
397,0.41143554,0.06885664,0.07194605,0.05390979,0.3394895,0.014946852
398,0.48084918,0.082584515,0.094518885,0.06156846,0.3863303,0.021016054
399,0.35305107,0.09229692,0.05528695,0.038421623,0.29776412,0.053875297
400,0.22887152,0.03661796,0.053785823,0.033656426,0.1750857,0.002961535
401,0.41379073,0.034858644,0.060781013,0.039170798,0.35300973,-0.004312154
402,0.47170106,0.06912198,0.083345726,0.057758868,0.3883553,0.011363111
403,0.50548923,0.041305806,0.07510267,0.048885442,0.43038654,-0.007579636
404,0.31751764,0.05126085,0.08001937,0.05778552,0.23749827,-0.006524667
405,0.4962781,0.093228005,0.11953585,0.08546019,0.37674224,0.0077678114
406,0.40296003,0.07717537,0.09170717,0.06922489,0.31125286,0.007950485
407,0.2401818,0.03488091,0.041690122,0.032127444,0.19849168,0.0027534664
408,0.38684997,0.05114478,0.058288522,0.04038663,0.32856146,0.01075815
409,0.39122277,0.106581956,0.08234242,0.059996367,0.30888036,0.04658559
410,0.47041205,0.07138353,0.09755138,0.059251547,0.37286067,0.012131982
411,0.48446247,0.057498995,0.098671764,0.06769334,0.3857907,-0.010194343
412,0.23288883,0.03732242,0.04806041,0.030341625,0.18482843,0.0069807954
413,0.4304915,0.03181235,0.04683716,0.03031966,0.38365436,0.0014926903
414,0.4822051,0.0324872,0.06445689,0.042947166,0.4177482,-0.010459967
415,0.734258,0.07235948,0.14600614,0.096527524,0.5882518,-0.024168044
416,0.22259472,0.05584529,0.100802496,0.071480095,0.12179223,-0.015634805
417,0.5296091,0.05450293,0.07844783,0.058273684,0.45116127,-0.0037707537
418,0.49455738,0.031856276,0.05118072,0.031941816,0.44337666,-8.5540116e-05
419,0.36668524,0.039842967,0.056001235,0.04261147,0.310684,-0.0027685016
420,0.4003646,0.08030006,0.08651675,0.066060245,0.31384784,0.014239818
421,0.49512553,0.095060244,0.09624223,0.07759787,0.3988833,0.017462373
422,0.4015174,0.057150397,0.09315269,0.066047855,0.3083647,-0.008897457
423,0.4578146,0.083788626,0.12877183,0.095493376,0.3290428,-0.01170475
424,0.44490734,0.09301943,0.07531225,0.049145423,0.36959508,0.04387401
425,0.38162065,0.05265419,0.04895856,0.034512617,0.33266208,0.018141575
426,0.40423843,0.07883371,0.10231088,0.07694018,0.30192757,0.0018935278
427,0.32428733,0.079262145,0.083153635,0.06501409,0.24113369,0.014248058
428,0.50175565,0.021885222,0.05184601,0.027688956,0.44990966,-0.005803734
429,0.4001571,0.055106442,0.07357523,0.054738164,0.32658187,0.00036827847
430,0.50219405,0.10275653,0.1391255,0.10205034,0.36306855,0.0007061884
431,0.49912363,0.07949421,0.10579131,0.07202208,0.39333233,0.0074721277
432,0.49924332,0.037661996,0.07926233,0.055629086,0.419981,-0.01796709
433,0.45048085,0.03446524,0.09022402,0.060930967,0.36025682,-0.026465729
434,0.51386726,0.07214656,0.09608326,0.074262396,0.417784,-0.0021158382
435,0.4734404,0.07084397,0.067710035,0.05112452,0.40573037,0.019719452
436,0.24882427,0.06090921,0.0796725,0.05532413,0.16915177,0.005585082
437,0.46258003,0.07433497,0.09309018,0.06899025,0.36948985,0.0053447187
438,0.1447841,0.018387629,0.017989237,0.01109192,0.12679486,0.007295709
439,0.5634828,0.09982048,0.122287154,0.08631204,0.44119567,0.013508439
440,0.54193056,0.05534912,0.099578835,0.05672286,0.44235173,-0.0013737418
441,0.22928879,0.038274877,0.045976114,0.03486601,0.18331267,0.0034088679
442,0.3203386,0.031841315,0.06130866,0.037184574,0.25902995,-0.0053432584
443,0.3902993,0.047521707,0.09764989,0.06881116,0.2926494,-0.021289457
444,0.45797423,0.07306543,0.11637057,0.076161675,0.34160364,-0.0030962452
445,0.60373986,0.07635674,0.12687525,0.08244987,0.4768646,-0.0060931295
446,0.44529635,0.057816472,0.037059236,0.018805617,0.4082371,0.039010853
447,0.43743595,0.07611986,0.11417021,0.07946277,0.32326573,-0.0033429042
448,0.3469277,0.063834816,0.077389,0.05435682,0.2695387,0.009477995
449,0.3903032,0.075996876,0.06926658,0.05529233,0.3210366,0.020704545
450,0.3412929,0.03211764,0.054705106,0.03631891,0.28658777,-0.0042012706
451,0.48656633,0.07368348,0.09606907,0.06733804,0.39049727,0.006345436
452,0.4396761,0.042117458,0.07187211,0.04414562,0.367804,-0.0020281635
453,0.4074628,0.06455344,0.087144986,0.06278951,0.3203178,0.0017639324
454,0.48261085,0.05316044,0.085712306,0.058375828,0.39689854,-0.005215388
455,0.3357257,0.012165212,0.021366533,0.0147281615,0.31435916,-0.0025629494
456,0.42250803,0.06208936,0.09252769,0.06629261,0.32998034,-0.004203245
457,0.45053515,0.07698548,0.10084784,0.07691042,0.3496873,7.505715e-05
458,0.37227243,0.014197221,0.038066488,0.02403802,0.33420596,-0.0098407995
459,0.48411655,0.07438316,0.09470041,0.060748767,0.38941616,0.013634395
460,0.5094199,0.028298158,0.0734777,0.052587293,0.43594223,-0.024289135
461,0.47082725,0.020200182,0.08239015,0.058979224,0.3884371,-0.038779043
462,0.5163238,0.024802368,0.056305062,0.037884723,0.46001875,-0.013082355
463,0.4547529,0.07831847,0.10148984,0.06592573,0.35326305,0.012392737
464,0.4357596,0.1040649,0.14002381,0.10076137,0.29573578,0.0033035278
465,0.4950355,0.06975491,0.08193748,0.06306176,0.41309804,0.0066931546
466,0.46034342,0.124091044,0.09711721,0.07465415,0.3632262,0.049436897
467,0.4332035,0.07170296,0.07468539,0.052217074,0.3585181,0.019485883
468,0.45697892,0.064861685,0.09208864,0.062345605,0.36489028,0.0025160797
469,0.46644416,0.059731442,0.101715446,0.07559379,0.36472872,-0.01586235
470,0.3664984,0.03507478,0.062219203,0.0433358,0.3042792,-0.0082610175
471,0.43538764,0.07644054,0.111978814,0.0801626,0.32340884,-0.0037220567
472,0.33829606,0.077521704,0.070995726,0.04562646,0.26730034,0.031895243
473,0.48591125,0.03106378,0.05446615,0.037160493,0.4314451,-0.0060967132
474,0.5591632,0.07793104,0.09870984,0.07304822,0.4604534,0.00488282
475,0.571276,0.0723816,0.1214504,0.08573504,0.4498256,-0.013353437
476,0.46218133,0.07089298,0.089602664,0.06279125,0.37257868,0.008101732
477,0.50033635,0.06149638,0.080186605,0.057848506,0.42014974,0.003647875
478,0.6118644,0.025504861,0.05516688,0.03354845,0.5566975,-0.008043587
479,0.4522843,0.13645767,0.15541008,0.11999103,0.29687423,0.01646664
480,0.43719178,0.050178397,0.0606082,0.04382956,0.37658358,0.006348837
481,0.540465,0.07509486,0.14332953,0.09093983,0.39713547,-0.015844971
482,0.33004886,0.0740454,0.070458606,0.045394145,0.25959027,0.028651252
483,0.4272158,0.052842766,0.10109182,0.07437136,0.326124,-0.021528594
484,0.4990825,0.07225463,0.11631216,0.08695282,0.38277036,-0.0146981925
485,0.37191436,0.049684428,0.06959615,0.046305038,0.30231822,0.0033793896
486,0.25584993,0.03397784,0.063690074,0.034291513,0.19215986,-0.00031367317
487,0.60676414,0.02782876,0.04171244,0.024295803,0.5650517,0.0035329573
488,0.5095059,0.025860853,0.07052989,0.047526978,0.43897605,-0.021666124
489,0.44359824,0.030343443,0.05244135,0.035050362,0.39115688,-0.004706919
490,0.4995327,0.054145332,0.08189765,0.06096502,0.41763505,-0.006819688
491,0.2876856,0.037041362,0.06274075,0.041627508,0.22494486,-0.0045861453
492,0.30657047,0.081728935,0.08226942,0.071486466,0.22430104,0.01024247
493,0.31395644,0.056592643,0.058907855,0.045503084,0.25504857,0.01108956
494,0.6028938,0.07008099,0.10799553,0.086015925,0.4948983,-0.015934937
495,0.4679902,0.03752838,0.0575028,0.04178039,0.41048738,-0.004252009
496,0.46163747,0.027158484,0.041210216,0.035012063,0.42042726,-0.007853579
497,0.45736367,0.021335032,0.08974944,0.05964459,0.3676142,-0.03830956
498,0.53387105,0.09120368,0.10495754,0.07441081,0.4289135,0.016792871
499,0.34919864,0.035032395,0.04997877,0.032661434,0.29921988,0.002370961
500,0.35109967,0.06566094,0.062060546,0.04533512,0.28903913,0.020325817
501,0.39739022,0.04849542,0.0774322,0.053357296,0.31995803,-0.0048618764
502,0.51863754,0.083305955,0.09162879,0.07311864,0.42700875,0.010187313
503,0.47928056,0.05523181,0.08360405,0.05601155,0.3956765,-0.0007797405
504,0.36621696,0.09183964,0.108264506,0.07664142,0.25795245,0.015198223
505,0.34036615,0.10167708,0.09426975,0.07596154,0.2460964,0.025715545
506,0.2659137,0.031738836,0.044788755,0.03412835,0.22112495,-0.002389513
507,0.4338538,0.113736205,0.065819114,0.039157968,0.3680347,0.07457824
508,0.4674117,0.100325026,0.07971524,0.048330147,0.38769644,0.05199488
509,0.4538124,0.03820413,0.0812569,0.053077966,0.3725555,-0.014873836
510,0.38224915,0.055260275,0.07189767,0.053674765,0.3103515,0.0015855096
511,0.4235995,0.06451995,0.1034493,0.067609295,0.3201502,-0.003089346
512,0.35588485,0.06769768,0.088004716,0.06581976,0.26788014,0.0018779188
513,0.38493726,0.08909712,0.11088786,0.0806403,0.2740494,0.008456819
514,0.45581374,0.07079491,0.09547261,0.06907186,0.36034113,0.0017230511
515,0.5054772,0.038725294,0.060923167,0.04512926,0.44455403,-0.006403964
516,0.5046593,0.05801122,0.073528394,0.0553324,0.4311309,0.002678819
517,0.46464702,0.086816445,0.12457688,0.076286376,0.34007013,0.0105300695
518,0.5966038,0.08945101,0.089102365,0.069336146,0.5075014,0.020114861
519,0.47500643,0.0001754328,0.025064701,0.012336182,0.44994172,-0.012160749
520,0.40247992,0.057926193,0.078353725,0.052687354,0.32412618,0.0052388385
521,0.5051379,0.06256677,0.10252176,0.06506179,0.40261614,-0.0024950206
522,0.6147419,0.077678524,0.11206351,0.07884007,0.5026784,-0.0011615455
523,0.3213064,0.05727785,0.059936184,0.046974458,0.2613702,0.010303393
524,0.36803275,0.04056859,0.07820016,0.058785014,0.2898326,-0.018216424
525,0.5052285,0.06922396,0.12366511,0.076883465,0.38156343,-0.0076595023
526,0.48731998,0.06434589,0.08150599,0.063416794,0.405814,0.00092909485
527,0.51907474,0.07378098,0.117924824,0.08861774,0.40114993,-0.014836758
528,0.3505111,0.06687524,0.071933046,0.04756907,0.27857804,0.019306172
529,0.5470735,0.08488622,0.1262645,0.08971161,0.42080897,-0.0048253834
530,0.45342138,0.078770906,0.10550547,0.07277849,0.34791592,0.0059924126
531,0.38909215,0.05811583,0.0857373,0.06929115,0.30335486,-0.011175323
532,0.47828662,0.031076614,0.069835946,0.04407854,0.40845066,-0.013001926
533,0.614526,0.12040849,0.18897672,0.1269609,0.42554927,-0.006552413
534,0.7626483,0.021315655,0.089033544,0.045403324,0.67361474,-0.02408767
535,0.51681536,0.063802265,0.11286475,0.07896944,0.40395063,-0.015167177
536,0.46477634,0.07288881,0.10751325,0.075859495,0.3572631,-0.002970688
537,0.36163214,0.031201199,0.05415225,0.037043914,0.3074799,-0.0058427155
538,0.33929172,0.04438187,0.08577576,0.065343946,0.25351596,-0.020962074
539,0.4803376,0.05296722,0.052393265,0.041006677,0.42794433,0.011960544
540,0.4557018,0.032114264,0.047361694,0.037403267,0.4083401,-0.0052890033
541,0.5158877,0.09537298,0.13342673,0.08747047,0.38246095,0.00790251
542,0.3632366,0.061283782,0.10174773,0.067499295,0.26148888,-0.0062155128
543,0.74344975,0.00069559785,0.038287237,0.023280254,0.7051625,-0.022584656
544,0.45970136,0.08869549,0.12308709,0.08119949,0.33661425,0.0074959993
545,0.5014427,0.07386412,0.09545826,0.06228166,0.4059844,0.0115824565
546,0.425311,0.050113037,0.061610013,0.03605844,0.363701,0.014054596
547,0.42010757,0.0676937,0.08672516,0.0637245,0.33338243,0.0039692
548,0.38436514,0.044291843,0.075964585,0.048782505,0.30840057,-0.0044906624
549,0.43481377,0.0315734,0.06821267,0.051864706,0.3666011,-0.020291306
550,0.6461074,-0.0016779333,0.038756445,0.018540058,0.60735095,-0.020217992
551,0.4379623,0.06597487,0.076252155,0.04620502,0.36171013,0.019769847
552,0.42348433,0.046825092,0.08053599,0.05001834,0.34294832,-0.003193248
553,0.5462145,0.029848687,0.07316984,0.048973102,0.4730447,-0.019124415
554,0.62376094,0.12183673,0.15139535,0.10784558,0.4723656,0.013991147
555,0.44359085,0.08431984,0.10304656,0.07724881,0.34054428,0.0070710257
556,0.42204344,0.050786182,0.083414376,0.06044255,0.33862907,-0.009656366
557,0.31284893,0.063418895,0.062484555,0.042431194,0.25036436,0.0209877
558,0.46843132,0.07738816,0.10225922,0.07122879,0.3661721,0.0061593726
559,0.4261407,0.028827839,0.03233438,0.024977101,0.3938063,0.0038507376
560,0.54100084,0.06280963,0.09515393,0.062945366,0.44584692,-0.00013573468
561,0.36261573,0.057397287,0.073648654,0.0523682,0.28896707,0.005029086
562,0.32308453,0.041954212,0.060517065,0.043104604,0.26256746,-0.001150392
563,0.4710834,0.054809667,0.08014905,0.06532793,0.39093435,-0.01051826
564,0.30742452,0.07037926,0.065502904,0.043351065,0.2419216,0.027028192
565,0.37391025,0.06717715,0.08131878,0.054391615,0.29259145,0.012785532
566,0.3162759,0.06713372,0.073167734,0.052906442,0.24310815,0.014227275
567,0.4806998,0.062426195,0.07698178,0.04999893,0.40371802,0.012427263
568,0.4996382,0.05676626,0.08257858,0.06330027,0.41705963,-0.0065340064
569,0.4961266,0.041004505,0.05870858,0.045416616,0.437418,-0.004412111
570,0.40756854,0.09214356,0.045619134,0.03385565,0.3619494,0.058287907
571,0.39720595,0.06638888,0.08897017,0.06339733,0.30823576,0.0029915497
572,0.4573558,0.10682927,0.086106636,0.057887346,0.37124917,0.048941925
573,0.38085318,0.045520626,0.06626963,0.050222106,0.31458354,-0.0047014803
574,0.31690693,0.04101407,0.07339605,0.053235818,0.24351087,-0.012221746
575,0.4352124,0.038701944,0.058962367,0.04098658,0.37625003,-0.0022846349
576,0.35764417,0.014433522,0.05115383,0.032295045,0.30649033,-0.017861523
577,0.45899722,0.06582995,0.094855286,0.06609933,0.36414194,-0.0002693832
578,0.35956988,0.03888826,0.06136728,0.045209274,0.2982026,-0.006321013
579,0.40590733,0.0562424,0.08881899,0.062510304,0.31708834,-0.0062679052
580,0.5531964,0.047979634,0.07951896,0.061801326,0.4736774,-0.013821691
581,0.3855873,0.042003825,0.059400827,0.042310297,0.32618648,-0.00030647218
582,0.40594757,0.092432104,0.10581355,0.07547594,0.300134,0.016956165
583,0.4398491,0.053063076,0.06735155,0.049161825,0.37249756,0.0039012507
584,0.50009835,0.07877558,0.101296924,0.07309824,0.39880142,0.005677335
585,0.41849822,0.10270294,0.12278102,0.090048805,0.29571718,0.012654133
586,0.46603474,0.05077254,0.0736764,0.05236301,0.39235833,-0.001590468
587,0.49527955,0.10273377,0.11825901,0.086218566,0.37702054,0.016515203
588,0.5047031,0.06379058,0.10636727,0.07196279,0.39833584,-0.008172207
589,0.45090318,0.07219819,0.09119873,0.058944363,0.35970443,0.013253827
590,0.490002,0.09260482,0.071285665,0.046109073,0.41871634,0.04649575
591,0.43443787,0.018725863,0.06626667,0.04032209,0.36817122,-0.021596229
592,0.4121849,0.05568261,0.07967988,0.062645525,0.33250502,-0.006962914
593,0.45497242,0.004783932,0.026538458,0.016425807,0.42843395,-0.011641875
594,0.39374602,0.06890095,0.080030255,0.060267854,0.31371576,0.008633096
595,0.52261424,0.05383656,0.088744655,0.058385354,0.4338696,-0.004548792
596,0.4449599,0.05385341,0.101577476,0.06490772,0.34338242,-0.011054311
597,0.5689574,-0.0033882302,0.018924458,0.009657307,0.5500329,-0.013045536
598,0.45819563,0.0750874,0.10521357,0.06853459,0.35298204,0.006552808
599,0.420264,0.033186782,0.056088887,0.04375454,0.3641751,-0.010567758
600,0.44841546,0.015314641,0.06704392,0.044509724,0.38137153,-0.029195081
601,0.45884693,0.07182373,0.07099658,0.05522262,0.38785034,0.016601112
602,0.41725573,0.06256302,0.09708299,0.06752969,0.32017273,-0.0049666762
603,0.42591447,0.00971696,0.030514425,0.019955415,0.39540005,-0.010238456
604,0.5283385,0.08422513,0.11453217,0.08435543,0.41380632,-0.00013029575
605,0.38671118,0.06618999,0.0843108,0.060696788,0.30240038,0.0054932013
606,0.45870218,0.04771186,0.108159505,0.070415884,0.35054266,-0.022704024
607,0.30386937,0.03510358,0.053770848,0.041872073,0.25009853,-0.006768491
608,0.49171054,0.04182468,0.07206899,0.043827694,0.41964155,-0.002003014
609,0.34378827,0.054638717,0.08076998,0.070575655,0.26301828,-0.015936937
610,0.47289506,0.080848865,0.13276458,0.08728741,0.34013048,-0.006438546
611,0.34093985,0.038498987,0.057555635,0.037623905,0.2833842,0.00087508187
612,0.3729952,0.062574185,0.083550096,0.061043244,0.2894451,0.0015309416
613,0.3270583,0.07013589,0.075734064,0.06442304,0.25132424,0.005712852
614,0.33710393,0.048429675,0.04559318,0.035145707,0.29151076,0.013283968
615,0.49147952,0.059623413,0.0949501,0.05948763,0.3965294,0.0001357831
616,0.5308864,0.08418233,0.10239172,0.07503719,0.4284947,0.009145141
617,0.34637147,0.03549958,0.05985216,0.04384904,0.28651932,-0.00834946
618,0.47819495,0.040247526,0.07497078,0.04940092,0.40322417,-0.009153392
619,0.447173,0.037844066,0.07546165,0.052410893,0.37171134,-0.014566828
620,0.4470495,0.083613254,0.10122766,0.0751039,0.34582183,0.008509353
621,0.596726,0.051706333,0.091036,0.06941814,0.50569,-0.017711807
622,0.39319646,0.04071136,0.10955681,0.066470444,0.28363967,-0.025759086
623,0.54462665,0.07392664,0.09566938,0.06693085,0.44895726,0.0069957897
624,0.41918734,0.046357047,0.05884698,0.044459574,0.36034036,0.0018974729
625,0.42135888,0.08119873,0.11321141,0.0837755,0.3081475,-0.0025767684
626,0.6819081,0.07474944,0.12574068,0.08551128,0.55616736,-0.010761842
627,0.41575587,0.032555703,0.055554222,0.04089508,0.36020166,-0.008339375
628,0.3028592,0.017337473,0.037241958,0.025395548,0.26561722,-0.008058075
629,0.3468025,0.030007182,0.055954613,0.041498754,0.2908479,-0.0114915725
630,0.39176816,0.03316598,0.063103326,0.0415859,0.32866484,-0.00841992
631,0.6173609,-0.0020318516,0.024186723,0.011407239,0.59317416,-0.013439091
632,0.34328207,0.027176758,0.049033217,0.03352111,0.29424885,-0.00634435
633,0.42218962,0.016603108,0.050778985,0.029685553,0.37141064,-0.013082445
634,0.38705608,0.029001817,0.048877873,0.038021486,0.33817822,-0.009019669
635,0.49333575,0.04761651,0.06755747,0.044728465,0.42577827,0.0028880462
636,0.51638436,0.056611467,0.086595185,0.06872154,0.4297892,-0.012110073
637,0.5279658,0.076323494,0.09255256,0.06889349,0.43541324,0.007430002
638,0.52517945,0.004746363,0.024245683,0.015365675,0.50093377,-0.0106193125
639,0.35922518,0.044316463,0.047485407,0.037543736,0.31173977,0.006772727
640,0.6125132,0.13843642,0.16314866,0.12074771,0.44936454,0.017688714
641,0.40777782,0.042939994,0.07260604,0.056075066,0.33517176,-0.013135072
642,0.328775,0.088862866,0.09222047,0.0747695,0.23655452,0.014093369
643,0.36607406,0.04623006,0.099269785,0.057656724,0.26680428,-0.011426665
644,0.4627254,0.06340301,0.08748176,0.06519089,0.37524363,-0.0017878786
645,0.27657348,0.038330108,0.051636428,0.03622116,0.22493705,0.0021089464
646,0.37575203,0.046116922,0.072934754,0.05400021,0.30281729,-0.007883288
647,0.37786445,0.058473058,0.08480887,0.05634103,0.2930556,0.0021320283
648,0.32458714,0.05298893,0.049669378,0.03620125,0.27491775,0.016787682
649,0.48169693,0.064209685,0.06048723,0.046330143,0.4212097,0.017879542
650,0.40801898,0.047630318,0.05242601,0.04534875,0.35559297,0.002281569
651,0.29756185,0.05451693,0.05327193,0.03951896,0.24428992,0.01499797
652,0.3180087,0.051351845,0.06573346,0.048320744,0.25227523,0.003031101
653,0.5252294,0.101879716,0.13140745,0.099249445,0.39382195,0.002630271
654,0.39549935,0.068321824,0.059126485,0.04150158,0.33637285,0.026820242
655,0.4698706,0.045960408,0.085631534,0.05646777,0.38423908,-0.010507364
656,0.5027777,0.06934482,0.067642815,0.05368353,0.4351349,0.015661288
657,0.25507513,0.024100672,0.03750334,0.02787138,0.2175718,-0.0037707072
658,0.5988277,0.023528092,0.052187126,0.02924702,0.5466406,-0.005718928
659,0.50323766,0.0857629,0.106431805,0.0772319,0.39680585,0.008531004
660,0.44042507,0.059679937,0.07223641,0.053485513,0.36818865,0.006194424
661,0.29117256,0.02244005,0.056514632,0.03950999,0.23465793,-0.01706994
662,0.5847896,0.082145214,0.11725886,0.08559516,0.46753073,-0.0034499466
663,0.3868712,0.07307918,0.06466734,0.050132,0.32220384,0.022947185
664,0.5398402,0.05666287,0.102770016,0.07430647,0.4370702,-0.017643604
665,0.5482019,0.059049185,0.09025008,0.07116154,0.45795184,-0.012112353
666,0.48548466,0.047269735,0.075064294,0.057397284,0.41042036,-0.010127548
667,0.5142503,0.0237603,0.037000105,0.025041867,0.47725016,-0.0012815669
668,0.4573533,0.03063412,0.06445226,0.045151114,0.39290103,-0.014516994
669,0.42909345,0.10878838,0.12804197,0.077516355,0.3010515,0.031272024
670,0.41572416,0.03978147,0.056031644,0.03634126,0.3596925,0.0034402087
671,0.60380536,0.06237716,0.07864334,0.054507755,0.52516204,0.007869404
672,0.407021,0.069585554,0.091147244,0.0696994,0.31587374,-0.00011384487
673,0.22197326,0.023344195,0.04724468,0.027843839,0.17472857,-0.004499644
674,0.57341635,0.093091875,0.10649256,0.07751602,0.4669238,0.015575856
675,0.35841626,0.020176716,0.046544492,0.033617847,0.31187177,-0.0134411305
676,0.5157789,0.069358744,0.06596243,0.04239247,0.44981647,0.026966274
677,0.3557721,0.059600186,0.07040618,0.05751273,0.28536594,0.0020874552
678,0.5320528,0.046679102,0.074794784,0.055852663,0.45725805,-0.009173561
679,0.4060995,0.06252563,0.06692036,0.046847753,0.33917913,0.015677877
680,0.5079046,0.14723705,0.16502836,0.13076583,0.34287623,0.016471222
681,0.4456763,0.057684205,0.07163809,0.05364249,0.37403822,0.0040417165
682,0.54214925,0.08622737,0.08595577,0.049394768,0.45619348,0.036832605
683,0.426063,0.0652211,0.0618074,0.042590532,0.3642556,0.022630569
684,0.42012092,0.06274653,0.1437456,0.08469476,0.27637532,-0.021948226
685,0.48530915,0.076892465,0.095166564,0.066854805,0.3901426,0.010037661
686,0.4586327,0.04428518,0.06983207,0.057200003,0.38880062,-0.012914825
687,0.44112206,0.026422715,0.04450501,0.030470226,0.39661705,-0.004047511
688,0.5522505,0.070086814,0.065925926,0.036192678,0.48632458,0.033894137
689,0.19036855,0.011256964,0.023527268,0.020741938,0.16684128,-0.009484974
690,0.3760282,0.04252367,0.07462712,0.05089116,0.30140108,-0.00836749
691,0.54606336,0.0741039,0.10970924,0.07610183,0.43635413,-0.0019979328
692,0.3810849,0.055407263,0.082920276,0.058486544,0.2981646,-0.0030792803
693,0.4993263,0.08356235,0.12893203,0.08427781,0.37039426,-0.0007154569
694,0.48264998,0.05289872,0.080823615,0.058151413,0.40182638,-0.005252693
695,0.4563569,0.05865802,0.08394382,0.05328656,0.3724131,0.005371459
696,0.38996544,0.07680718,0.09657093,0.060715813,0.2933945,0.016091365
697,0.4159873,0.04068679,0.0571191,0.03865724,0.3588682,0.0020295493
698,0.29860076,0.03966402,0.0660824,0.054513037,0.23251836,-0.014849018
699,0.5110257,0.086290814,0.09852032,0.07975704,0.4125054,0.0065337718
700,0.41356418,0.047277663,0.102666184,0.06638633,0.310898,-0.019108664
701,0.65728354,0.003660065,0.021897987,0.0134008285,0.6353856,-0.009740763
702,0.21648054,0.037279565,0.035141144,0.025830531,0.1813394,0.011449033
703,0.6203033,0.05118158,0.076489374,0.050745845,0.5438139,0.00043573603
704,0.47721946,0.08021528,0.089688584,0.062191896,0.38753086,0.018023387
705,0.3704725,0.038991347,0.08207393,0.05682076,0.28839856,-0.017829414
706,0.3743262,0.04496621,0.053759914,0.040527392,0.3205663,0.0044388175
707,0.33511463,0.058078647,0.069025435,0.04795474,0.2660892,0.0101239085
708,0.48988247,0.08662824,0.109370254,0.076064564,0.3805122,0.010563679
709,0.75922465,-0.00065911165,0.04169372,0.020048365,0.7175309,-0.020707477
710,0.5214072,0.055030916,0.073131524,0.0601848,0.44827566,-0.0051538832
711,0.5728912,0.12072841,0.08441716,0.06724602,0.488474,0.05348239
712,0.52183336,0.076140314,0.11272677,0.078492284,0.40910658,-0.0023519695
713,0.69931424,0.15114333,0.20201199,0.12618205,0.49730223,0.024961278
714,0.51532847,0.05850628,0.12680264,0.07025595,0.38852584,-0.01174967
715,0.47172958,0.08320277,0.08993186,0.06573419,0.38179773,0.01746858
716,0.39662585,0.066767454,0.10946939,0.08165682,0.28715646,-0.014889367
717,0.66349983,0.11891428,0.10621202,0.06992415,0.5572878,0.048990123
718,0.45267534,0.05255515,0.09449626,0.06431644,0.3581791,-0.011761285
719,0.25071314,0.04872549,0.054158844,0.040141515,0.1965543,0.008583974
720,0.4116802,0.01288391,0.027013648,0.021585774,0.38466653,-0.008701864
721,0.4311432,0.06486319,0.10541439,0.06850239,0.3257288,-0.0036391988
722,0.39956823,0.080464356,0.12541044,0.08679102,0.2741578,-0.006326668
723,0.42926812,0.061741315,0.083569996,0.05629285,0.34569812,0.0054484643
724,0.30900306,0.030235713,0.06446223,0.039331738,0.24454083,-0.009096025
725,0.4566391,0.059235215,0.09121611,0.06860964,0.365423,-0.009374425
726,0.49392924,0.07935451,0.108689986,0.08023838,0.38523924,-0.0008838698
727,0.36214194,0.09058323,0.06623509,0.06284623,0.29590684,0.027737
728,0.48721558,0.060320478,0.06932823,0.04854486,0.41788733,0.011775617
729,0.3749751,0.050502535,0.0707013,0.05098312,0.30427378,-0.0004805848
730,0.20918074,0.032439347,0.04632483,0.028493162,0.16285591,0.003946185
731,0.4247842,0.064149246,0.09241688,0.06289309,0.33236733,0.001256153
732,0.6637224,0.01704802,0.037024137,0.029222678,0.62669826,-0.0121746585
733,0.4705785,0.053185962,0.07014176,0.04999932,0.40043673,0.0031866431
734,0.20454973,0.03943747,0.04501027,0.028860366,0.15953946,0.010577103
735,0.4351257,0.0568633,0.115650676,0.080627576,0.31947502,-0.023764275
736,0.40449965,0.041063208,0.05353412,0.037047602,0.35096553,0.004015606
737,0.41314527,0.023561332,0.095236205,0.057773173,0.31790906,-0.03421184
738,0.62270796,0.06888385,0.09832044,0.072833195,0.52438754,-0.003949344
739,0.6687667,0.06344099,0.100708425,0.06670516,0.56805825,-0.0032641664
740,0.5651073,0.096838444,0.13739918,0.09953751,0.4277081,-0.0026990622
741,0.529424,0.10334745,0.09299864,0.073098384,0.4364254,0.030249067
742,0.41202793,0.07304549,0.08806164,0.058224987,0.3239663,0.014820505
743,0.405102,0.06429457,0.055475544,0.04441445,0.34962648,0.01988012
744,0.14624216,0.024580449,0.033967227,0.028387982,0.11227493,-0.0038075335
745,0.49127838,0.059688307,0.09883205,0.069056705,0.39244634,-0.009368397
746,0.5031823,0.054711595,0.07803949,0.060370494,0.4251428,-0.0056588985
747,0.60662806,0.07054989,0.09513029,0.06703771,0.5114978,0.0035121813
748,0.30393645,0.06462605,0.07362755,0.055639297,0.2303089,0.008986756
749,0.33906728,0.022164527,0.05612265,0.039026055,0.28294462,-0.016861528
750,0.38446116,0.041280225,0.07603575,0.051859677,0.30842543,-0.010579452
751,0.46380538,0.06289246,0.10120642,0.07389965,0.36259896,-0.01100719
752,0.42377245,0.041062627,0.06621853,0.040665098,0.35755393,0.00039752945
753,0.47635618,0.07159719,0.09879178,0.06220544,0.3775644,0.009391747
754,0.36393142,0.060900144,0.07964483,0.055344217,0.2842866,0.0055559278
755,0.43508106,0.061044004,0.07725309,0.053184696,0.35782796,0.007859308
756,0.3656392,0.04573009,0.08907993,0.06807647,0.2765593,-0.022346377
757,0.3626139,0.019081475,0.049238354,0.03277554,0.31337553,-0.013694065
758,0.34572753,0.0665369,0.08552935,0.065335706,0.26019818,0.0012011975
759,0.49532026,0.050915267,0.05544393,0.04056128,0.43987632,0.010353986
760,0.5650987,0.057083834,0.08084927,0.052199177,0.48424944,0.0048846565
761,0.43405807,0.054275572,0.083675295,0.06530161,0.35038278,-0.01102604
762,0.48418918,0.06412357,0.096630014,0.06079985,0.38755918,0.0033237226
763,0.37447333,0.042285018,0.069067866,0.04410515,0.30540547,-0.0018201321
764,0.6223669,0.06910984,0.09561261,0.06613671,0.5267543,0.0029731318
765,0.4249362,0.028182533,0.055300526,0.040458944,0.36963567,-0.012276411
766,0.4215549,0.10313214,0.07157413,0.053273536,0.34998077,0.049858607
767,0.5091801,0.06897915,0.101327464,0.05744464,0.40785265,0.011534512
768,0.4348093,0.07527242,0.07274257,0.05788054,0.36206675,0.01739188
769,0.27791765,0.047929827,0.06947999,0.04512409,0.20843767,0.002805736
770,0.35152066,0.05440453,0.07901575,0.058092315,0.27250493,-0.003687784
771,0.4899826,0.06598066,0.11448686,0.06540243,0.37549573,0.00057822466
772,0.4146724,0.053381618,0.05669997,0.03847789,0.35797244,0.014903728
773,0.4682576,0.084657766,0.102852106,0.07843974,0.3654055,0.0062180236
774,0.34590197,0.08732018,0.069630995,0.053968847,0.276271,0.033351332
775,0.48822966,0.07965138,0.06645017,0.04309915,0.42177948,0.036552228
776,0.7784587,0.020695832,0.025383573,0.021337973,0.7530751,-0.0006421413
777,0.44077057,0.0499483,0.06832131,0.0520721,0.37244925,-0.0021237992
778,0.55859005,0.08228504,0.14379993,0.09048875,0.41479012,-0.008203708
779,0.45237058,0.05314669,0.08345722,0.055556037,0.36891335,-0.0024093464
780,0.48278686,0.046208985,0.08852674,0.058613904,0.3942601,-0.012404919
781,0.42960015,0.08128424,0.08294691,0.06455342,0.34665322,0.016730823
782,0.3463544,0.030449389,0.049151264,0.035883054,0.29720312,-0.0054336656
783,0.36601874,0.09238521,0.10727332,0.074103184,0.25874543,0.018282026
784,0.3984598,0.15026586,0.15611203,0.09760164,0.24234776,0.05266422
785,0.16004859,0.0353908,0.04991036,0.033336308,0.11013823,0.0020544939
786,0.64904964,0.018621547,0.032275256,0.018326923,0.6167744,0.0002946239
787,0.36970973,0.0700483,0.069926254,0.05114622,0.29978347,0.018902082
788,0.51660216,0.05777909,0.09481855,0.061501823,0.42178363,-0.0037227347
789,0.22700569,0.024561137,0.034223963,0.027665611,0.19278173,-0.0031044744
790,0.29648334,0.043677047,0.062151384,0.043612186,0.23433195,6.486103e-05
791,0.3480596,0.046989635,0.06910859,0.043264885,0.278951,0.0037247501
792,0.53160477,0.06327544,0.085403666,0.061104,0.4462011,0.002171442
793,0.57560796,0.09433818,0.11858906,0.08354341,0.4570189,0.010794766
794,0.46476966,0.03887594,0.08156412,0.062183887,0.38320553,-0.023307946
795,0.26285902,0.051587448,0.058094602,0.038852394,0.20476441,0.012735054
796,0.47666028,0.08233392,0.07978547,0.058592092,0.39687482,0.02374183
797,0.37681967,0.083680294,0.07378279,0.048113964,0.30303687,0.03556633
798,0.40127218,0.05491432,0.08268395,0.054261155,0.31858823,0.0006531663
799,0.56201977,0.08393152,0.1195519,0.084609106,0.44246787,-0.0006775856
800,0.56902194,0.075797014,0.113810875,0.08368286,0.45521107,-0.0078858435
801,0.6826662,0.029193377,0.0457621,0.03622862,0.63690406,-0.0070352424
802,0.43691996,0.04428093,0.08804138,0.063071646,0.34887856,-0.018790714
803,0.43966842,0.024067134,0.06720897,0.04458657,0.37245944,-0.020519435
804,0.47122383,0.072601154,0.094273485,0.05682805,0.37695035,0.015773103
805,0.40606225,0.07044964,0.06316276,0.04408168,0.3428995,0.026367962
806,0.42559907,0.033977028,0.0681902,0.04717187,0.35740888,-0.01319484
807,0.5376692,0.040328845,0.074857704,0.051638454,0.46281147,-0.011309609
808,0.3456258,0.05502047,0.06300719,0.04016493,0.28261858,0.014855541
809,0.35456002,0.058559928,0.10031388,0.069137394,0.25424615,-0.010577466
810,0.4790001,0.069218196,0.06982815,0.05254684,0.40917194,0.016671356
811,0.3871008,0.021068,0.05219834,0.03330367,0.33490244,-0.012235671
812,0.5014478,0.08160008,0.110774636,0.07761006,0.39067316,0.003990017
813,0.48086533,0.10601627,0.113759056,0.09379254,0.36710626,0.012223728
814,0.36896014,0.041694973,0.07273789,0.049979966,0.29622227,-0.0082849935
815,0.45649076,0.041363556,0.08806525,0.061725937,0.3684255,-0.02036238
816,0.42484707,0.06576809,0.06756033,0.041774277,0.35728675,0.023993816
817,0.2688641,0.05184175,0.05328067,0.037488807,0.21558343,0.014352944
818,0.48056868,0.069523826,0.103373095,0.06947766,0.3771956,4.6163797e-05
819,0.4711646,0.022251574,0.01827452,0.011272636,0.4528901,0.010978938
820,0.36598137,0.06499698,0.07039572,0.04648568,0.29558563,0.018511299
821,0.6386095,0.03911074,0.06506014,0.04682808,0.5735494,-0.007717341
822,0.3442886,0.05455843,0.079689264,0.061531745,0.26459932,-0.006973315
823,0.32834354,0.017257812,0.07202936,0.042756494,0.2563142,-0.025498683
824,0.38600495,0.08394003,0.074338846,0.051780097,0.3116661,0.032159932
825,0.34535387,0.027786214,0.071860835,0.050428163,0.27349305,-0.02264195
826,0.37407187,0.0502774,0.081252135,0.060994595,0.29281974,-0.0107171945
827,0.35704705,0.008426246,0.05730123,0.03231344,0.29974583,-0.023887195
828,0.35896197,0.039474223,0.0638082,0.04181903,0.29515377,-0.0023448057
829,0.70271605,0.07674083,0.11868167,0.076650746,0.5840344,9.008497e-05
830,0.5412464,0.09432629,0.11661048,0.0776071,0.42463595,0.016719185
831,0.31882694,0.08378021,0.08453332,0.06716041,0.23429362,0.016619794
832,0.28756773,0.023245772,0.055786155,0.037856698,0.23178157,-0.014610926
833,0.40683568,0.108333096,0.071494095,0.047177304,0.33534157,0.061155792
834,0.5081197,-0.006180373,0.020741625,0.011877502,0.4873781,-0.018057875
835,0.5062155,0.049910918,0.056391656,0.04513104,0.44982386,0.004779879
836,0.39862946,0.05238244,0.06708743,0.04846283,0.33154202,0.003919609
837,0.5415069,0.047341682,0.08255745,0.05473277,0.45894945,-0.0073910877
838,0.31843838,0.061199557,0.08201273,0.05482894,0.23642565,0.006370615
839,0.34912208,0.028264578,0.050335538,0.030197326,0.29878655,-0.0019327477
840,0.35588956,0.04287362,0.064141534,0.05330894,0.29174802,-0.01043532
841,0.4918138,0.06894648,0.0941704,0.07271306,0.39764342,-0.0037665814
842,0.40815505,0.043728728,0.041904032,0.031525005,0.36625102,0.012203723
843,0.19682695,0.02561423,0.034845628,0.024435066,0.16198131,0.0011791643
844,0.55805135,0.07835236,0.10082116,0.0743987,0.45723018,0.0039536655
845,0.44603166,0.05695589,0.08453274,0.06049937,0.36149892,-0.0035434812
846,0.38577724,0.02745945,0.04091013,0.02381458,0.3448671,0.0036448706
847,0.38746628,0.041157585,0.08641772,0.051241912,0.30104858,-0.010084327
848,0.22101817,0.032772124,0.05759736,0.034926597,0.1634208,-0.0021544732
849,0.40091792,0.06521464,0.08458363,0.06334738,0.31633428,0.0018672645
850,0.5706496,0.06797302,0.09842722,0.06457052,0.4722224,0.0034025013
851,0.46985504,0.074293606,0.11490985,0.08133614,0.35494518,-0.0070425346
852,0.38108358,0.065577544,0.06358363,0.045902096,0.31749994,0.019675449
853,0.49181035,0.080990076,0.091631405,0.06854085,0.40017894,0.012449227
854,0.43980852,0.065151386,0.10461094,0.06487131,0.33519757,0.00028007478
855,0.4100198,0.025634196,0.071238615,0.044956844,0.33878118,-0.019322649
856,0.3452928,0.06019651,0.051847227,0.040519085,0.2934456,0.019677427
857,0.21942766,0.036023594,0.031085253,0.02425715,0.1883424,0.011766445
858,0.46114722,0.111635536,0.12754388,0.084924616,0.33360332,0.02671092
859,0.37177607,0.034904346,0.06595782,0.04989055,0.30581826,-0.014986206
860,0.34835553,0.035953272,0.06982326,0.04577524,0.27853227,-0.009821966
861,0.4195109,0.07767137,0.057951022,0.041077558,0.36155987,0.036593813
862,0.5006538,0.12629329,0.12362103,0.087884575,0.37703276,0.03840871
863,0.3311318,0.03366001,0.054297484,0.041174732,0.2768343,-0.0075147226
864,0.5546281,0.061056595,0.101201296,0.06958133,0.45342678,-0.0085247345
865,0.46618927,0.02234181,0.083439276,0.06421139,0.38274997,-0.04186958
866,0.5439041,0.1055534,0.11114617,0.076983325,0.43275797,0.028570078
867,0.40047514,0.055995267,0.08702514,0.06838645,0.31345,-0.0123911835
868,0.41211492,0.09943389,0.10339904,0.07992878,0.30871588,0.019505113
869,0.53739345,0.06838459,0.06303491,0.049123116,0.47435856,0.019261472
870,0.4460402,0.041348144,0.06845937,0.048239503,0.37758085,-0.0068913586
871,0.3645631,0.09669189,0.092106365,0.06983028,0.27245674,0.026861608
872,0.76697034,0.050021205,0.104939565,0.07197149,0.66203076,-0.021950286
873,0.4472506,0.041031823,0.07212235,0.05851968,0.37512827,-0.017487857
874,0.35552573,0.093483895,0.07505686,0.06252585,0.28046888,0.030958042
875,0.5543361,0.027532771,0.040589716,0.026419243,0.5137464,0.0011135284
876,0.54375994,0.1058266,0.11009146,0.07971657,0.4336685,0.02611003
877,0.5283121,0.08757403,0.11712246,0.08576415,0.41118962,0.0018098801
878,0.488238,0.1114245,0.11902305,0.084496334,0.36921495,0.026928164
879,0.46250495,0.03905831,0.04090869,0.029649163,0.42159626,0.009409146
880,0.42046145,0.041560855,0.07984515,0.057074726,0.3406163,-0.015513871
881,0.6309647,0.0845267,0.11856103,0.09313906,0.51240367,-0.008612357
882,0.48951882,0.06121811,0.07418393,0.04998822,0.41533488,0.011229888
883,0.52929616,0.064739354,0.10232015,0.07196261,0.42697603,-0.007223256
884,0.4897653,0.076678835,0.12084589,0.073155984,0.3689194,0.0035228506
885,0.59280604,0.061693825,0.0697051,0.047376268,0.523101,0.014317557
886,0.37114835,0.03544526,0.046440974,0.034885988,0.3247074,0.0005592741
887,0.53881603,0.052966762,0.06943401,0.052060015,0.46938202,0.00090674683
888,0.3380769,0.08432362,0.09837177,0.06680837,0.23970512,0.01751525
889,0.42045766,0.046206977,0.07132669,0.044346172,0.349131,0.0018608049
890,0.4821501,0.08357303,0.094567195,0.06443192,0.3875829,0.019141108
891,0.4325002,0.10523051,0.14829683,0.11723169,0.28420338,-0.012001179
892,0.5298167,0.058156744,0.10091647,0.0630039,0.4289002,-0.004847154
893,0.35864976,0.06817081,0.08426203,0.06686394,0.27438772,0.0013068691
894,0.7407233,0.090039186,0.15301612,0.09603598,0.58770716,-0.0059967935
895,0.42223844,0.09895816,0.08998249,0.07229426,0.33225596,0.0266639
896,0.5465218,0.0848772,0.1047799,0.07451882,0.44174188,0.010358378
897,0.5508148,0.01788594,0.03274367,0.019221384,0.5180711,-0.0013354439
898,0.40175617,0.014511276,0.059143282,0.031768378,0.3426129,-0.017257102
899,0.46747315,0.06419103,0.09990357,0.07420038,0.36756957,-0.010009348
900,0.3852834,0.06435308,0.07806238,0.057894964,0.30722103,0.006458115
901,0.3162186,0.06398053,0.07628585,0.05085082,0.23993278,0.013129707
902,0.4861497,0.039973665,0.08903016,0.061210644,0.39711952,-0.021236978
903,0.1591966,0.02435538,0.042117566,0.022799965,0.117079034,0.0015554149
904,0.59243435,0.07757986,0.10492401,0.071187735,0.48751032,0.0063921288
905,0.36217165,0.06090221,0.079632506,0.053696357,0.28253913,0.007205855
906,0.42111278,0.04666849,0.09648095,0.0600347,0.3246318,-0.013366211
907,0.41794437,0.048823867,0.1327188,0.07461084,0.28522557,-0.02578697
908,0.42774191,0.027436601,0.060914356,0.04254,0.36682755,-0.015103398
909,0.47866008,0.046033885,0.08696046,0.061303206,0.3916996,-0.01526932
910,0.14882714,0.048446048,0.036658138,0.025002325,0.112169,0.023443723
911,0.5232087,0.061715525,0.1069967,0.07698782,0.41621196,-0.015272293
912,0.46200052,0.07069895,0.0923455,0.06413616,0.369655,0.0065627843
913,0.4249605,0.081746385,0.11306965,0.077969335,0.31189084,0.0037770495
914,0.485411,0.04152966,0.060949445,0.043879144,0.42446154,-0.0023494847
915,0.6305783,0.10223679,0.16208951,0.100000046,0.46848875,0.0022367463
916,0.5126191,0.063863814,0.0882464,0.061272323,0.42437267,0.0025914907
917,0.48448515,0.0713871,0.092787996,0.07393605,0.39169717,-0.0025489554
918,0.39496043,0.058703646,0.073509,0.053773057,0.32145143,0.0049305893
919,0.48944068,0.0786164,0.10260165,0.07474297,0.38683903,0.0038734302
920,0.45449525,0.051933825,0.09877028,0.06682392,0.35572496,-0.014890097
921,0.5407436,0.09210674,0.14080536,0.09288933,0.39993823,-0.0007825941
922,0.37600037,0.050713655,0.06195377,0.046500254,0.3140466,0.0042134
923,0.39465383,0.06398178,0.090622835,0.0516148,0.30403098,0.01236698
924,0.56662077,0.071180545,0.1214699,0.08729615,0.44515085,-0.016115606
925,0.49222136,0.046509795,0.083080985,0.054790955,0.40914038,-0.00828116
926,0.43563417,0.04782729,0.09548773,0.062168043,0.34014642,-0.014340755
927,0.51973015,0.067314416,0.10368786,0.07460019,0.4160423,-0.0072857738
928,0.5417155,0.081317134,0.10510101,0.06527854,0.43661448,0.016038597
929,0.4599586,0.06645784,0.08915131,0.06969599,0.3708073,-0.003238149
930,0.52044374,0.11919963,0.11988523,0.08479755,0.4005585,0.03440208
931,0.29996648,0.02797706,0.037848733,0.024942074,0.26211774,0.0030349866
932,0.46334466,0.09446151,0.072445825,0.05522582,0.39089882,0.03923569
933,0.41611597,0.07914217,0.08000974,0.059014224,0.33610624,0.020127945
934,0.64560604,0.07287999,0.12037446,0.078171104,0.5252316,-0.005291112
935,0.3781315,0.03902563,0.06563888,0.04980989,0.31249264,-0.010784261
936,0.41529906,0.02606329,0.043672867,0.035144396,0.3716262,-0.009081107
937,0.4304061,0.07944482,0.11217676,0.07176085,0.31822932,0.00768397
938,0.66350216,-0.0065181185,0.020297233,0.015984476,0.6432049,-0.022502594
939,0.45248044,0.0498257,0.056043267,0.038827993,0.39643717,0.010997709
940,0.3722662,0.0551695,0.07439061,0.05013461,0.29787558,0.00503489
941,0.45811298,0.1241474,0.14681122,0.10953845,0.31130177,0.014608949
942,0.4200093,0.05708229,0.06366284,0.05204528,0.35634643,0.0050370134
943,0.42285308,0.070971504,0.09975536,0.059102148,0.3230977,0.011869356
944,0.48302394,0.061911423,0.08470516,0.060260028,0.39831877,0.0016513951
945,0.5726011,0.051505774,0.07072534,0.052574415,0.50187576,-0.0010686405
946,0.5357423,0.072380506,0.11477929,0.08461621,0.420963,-0.012235701
947,0.2987814,0.05327498,0.08143014,0.05641544,0.21735126,-0.003140457
948,0.5263687,0.11028098,0.09275426,0.06078244,0.43361443,0.049498543
949,0.3111714,0.028355602,0.060647227,0.044809055,0.2505242,-0.016453452
950,0.42944208,0.08135259,0.108612314,0.080104664,0.32082975,0.0012479275
951,0.3560061,0.025730168,0.05813819,0.04229484,0.2978679,-0.016564673
952,0.35992134,0.05036901,0.07380384,0.053458314,0.2861175,-0.003089305
953,0.5646987,-0.0024214531,0.037329666,0.018592555,0.527369,-0.021014009
954,0.41941392,0.09994931,0.09137165,0.06914362,0.32804227,0.030805685
955,0.4563182,0.032141108,0.069909714,0.055608936,0.38640848,-0.023467828
956,0.28867152,0.054177877,0.058155835,0.04058077,0.23051569,0.013597108
957,0.37079442,0.03552023,0.08693622,0.05672895,0.28385818,-0.021208722
958,0.32599518,0.079288416,0.09268463,0.06509785,0.23331055,0.014190562
959,0.46930254,-0.0038873542,0.022286044,0.011699383,0.44701648,-0.015586738
960,0.39846522,0.045181826,0.079207085,0.056135215,0.31925812,-0.010953389
961,0.5114706,0.10680766,0.13924846,0.10621095,0.37222216,0.00059670955
962,0.34290287,0.044399537,0.071921065,0.051127337,0.2709818,-0.0067278
963,0.40051946,0.05993261,0.06985087,0.05016275,0.3306686,0.009769857
964,0.42536408,0.10742239,0.09954179,0.06879778,0.3258223,0.038624607
965,0.44908732,0.05532618,0.075574756,0.0630429,0.37351257,-0.007716723
966,0.27929938,0.024480013,0.05149608,0.035031293,0.22780329,-0.010551279
967,0.40066236,0.08448022,0.08231402,0.054075677,0.31834835,0.030404542
968,0.51510626,0.05623417,0.08173563,0.0691553,0.43337062,-0.012921128
969,0.44960114,0.047393013,0.07779552,0.054371916,0.3718056,-0.006978903
970,0.5226793,0.0842841,0.104934976,0.08010292,0.41774434,0.0041811764
971,0.37093228,0.05981051,0.06270255,0.05302629,0.30822974,0.006784223
972,0.46119243,0.013345319,0.03938539,0.027750349,0.42180705,-0.01440503
973,0.6172417,0.11207819,0.11315024,0.08430254,0.50409144,0.027775653
974,0.33885202,0.04923751,0.052759748,0.0380273,0.28609228,0.011210207
975,0.46166602,0.05551232,0.075023025,0.05634936,0.386643,-0.0008370392
976,0.3194355,0.08840886,0.09200342,0.07372206,0.22743209,0.014686801
977,0.46771383,0.07176579,0.0919743,0.07282464,0.3757395,-0.0010588542
978,0.49526283,0.047375944,0.0733586,0.050301503,0.42190424,-0.0029255599
979,0.48881993,0.06409509,0.081669055,0.06267728,0.40715086,0.0014178082
980,0.52591866,0.03613415,0.08980383,0.062378637,0.43611485,-0.026244488
981,0.4845629,0.08991571,0.09732936,0.06092172,0.38723356,0.028993987
982,0.45363298,0.038796794,0.07942468,0.057814557,0.3742083,-0.019017763
983,0.25618285,0.015281686,0.041599967,0.028609067,0.21458289,-0.013327382
984,0.48110044,0.05406148,0.08842005,0.06226013,0.3926804,-0.008198649
985,0.6723344,0.124821246,0.16210046,0.1118389,0.5102339,0.012982346
986,0.5441877,0.08485226,0.14460672,0.10558139,0.39958102,-0.020729125
987,0.71879846,0.13379526,0.10474028,0.07694833,0.6140582,0.05684693
988,0.44205162,0.023888465,0.074678004,0.05355817,0.36737362,-0.029669706
989,0.4744985,0.08142098,0.08475195,0.06116361,0.38974655,0.020257369
990,0.35794476,0.119973846,0.12775919,0.08048301,0.23018557,0.039490834
991,0.2991963,0.033667076,0.05670048,0.036017485,0.24249582,-0.0023504086
992,0.36101305,0.031401068,0.064699806,0.04286691,0.29631326,-0.011465844
993,0.46455452,0.030890893,0.09443758,0.057926238,0.37011695,-0.027035344
994,0.1632369,0.03327899,0.03513816,0.020345183,0.12809874,0.012933807
995,0.48274878,0.042573325,0.06076183,0.047107853,0.42198694,-0.0045345277
996,0.27648664,0.058773592,0.056918025,0.037293714,0.21956861,0.021479879
997,0.4461462,0.038211312,0.0767173,0.055402905,0.36942887,-0.017191593
998,0.49420768,0.06955585,0.08479635,0.07163939,0.40941134,-0.00208354
999,0.41096774,0.055095397,0.0618199,0.04159503,0.34914783,0.013500366
1000,0.5203503,0.06823713,0.083543636,0.05405898,0.43680665,0.014178153
1001,0.56559455,0.049455885,0.1007738,0.07194353,0.46482074,-0.022487644
1002,0.29481843,0.030436056,0.045340106,0.03473438,0.24947833,-0.0042983238
1003,0.41359422,0.068512574,0.087660626,0.06820239,0.32593358,0.00031018257
1004,0.29006273,0.04340389,0.052708417,0.036894888,0.23735431,0.0065090023
1005,0.38713673,0.08702637,0.077469476,0.0634875,0.30966726,0.023538873
1006,0.5667466,0.059061162,0.098428175,0.0787187,0.4683184,-0.019657537
1007,0.3374723,0.044628225,0.0917355,0.06260609,0.2457368,-0.017977864
1008,0.36299583,0.041743767,0.042117685,0.027726267,0.32087815,0.0140175
1009,0.38077304,0.036254864,0.05961485,0.04078328,0.3211582,-0.0045284145
1010,0.34179616,0.03428747,0.050717752,0.04068999,0.29107842,-0.0064025186
1011,0.5628841,0.08769457,0.13345821,0.08672278,0.4294259,0.0009717941
1012,0.52673584,0.08396163,0.09627808,0.071455956,0.43045777,0.012505673
1013,0.50102884,0.052177828,0.109159686,0.08373763,0.39186916,-0.0315598
1014,0.4022899,0.041077323,0.06728302,0.04688281,0.3350069,-0.005805485
1015,0.34467116,0.059954118,0.0646688,0.041524522,0.28000236,0.018429596
1016,0.37249777,0.026410004,0.063674994,0.046419952,0.30882278,-0.020009948
1017,0.5507434,0.10771144,0.10487664,0.07751287,0.44586676,0.030198574
1018,0.51361305,0.0591688,0.10904972,0.074103184,0.4045633,-0.014934383
1019,0.5221477,0.09077657,0.08972003,0.06937061,0.43242767,0.021405958
1020,0.24758936,0.037450038,0.052147575,0.038218778,0.19544178,-0.00076873973
1021,0.39582294,0.060714528,0.08428343,0.060966946,0.31153953,-0.00025241822
1022,0.40719444,0.109268285,0.11367309,0.076863274,0.29352134,0.03240501
1023,0.3970083,0.090639696,0.1105049,0.071808085,0.2865034,0.01883161
1024,0.3845212,0.044783913,0.051738888,0.04431612,0.3327823,0.00046779215
1025,0.36387035,0.0480083,0.08495724,0.06195832,0.2789131,-0.01395002
1026,0.5641441,0.06398164,0.07039939,0.0515859,0.49374467,0.012395736
1027,0.40164775,0.09604539,0.09048579,0.06598282,0.31116197,0.030062571
1028,0.58688426,0.05331199,0.07414693,0.04809593,0.51273733,0.0052160583
1029,0.65947914,0.13304473,0.15416059,0.12112484,0.5053185,0.011919893
1030,0.40944389,0.07000583,0.10874792,0.076838344,0.30069596,-0.0068325177
1031,0.4639924,0.09837063,0.09268565,0.06746654,0.37130675,0.030904084
1032,0.46181655,0.086057,0.12249975,0.09798646,0.3393168,-0.01192946
1033,0.20831992,0.026419658,0.05020715,0.03736677,0.15811276,-0.010947112
1034,0.4729409,0.057974704,0.09235419,0.06185869,0.38058668,-0.0038839877
1035,0.5222036,0.042940248,0.05675273,0.04558622,0.46545088,-0.002645973
1036,0.4157458,0.07322916,0.084044024,0.05781105,0.33170176,0.015418105
1037,0.27164915,0.038678136,0.06273238,0.050270088,0.20891677,-0.011591952
1038,0.48524818,0.08071214,0.08685742,0.06546514,0.39839077,0.015247002
1039,0.3515039,0.009674859,0.050359625,0.033706516,0.30114427,-0.024031658
1040,0.5128936,0.111629575,0.12430807,0.10507737,0.38858554,0.0065522045
1041,0.43242452,0.046889216,0.08544869,0.05758254,0.34697583,-0.010693323
1042,0.3739032,0.040269285,0.071767405,0.04990505,0.30213577,-0.009635765
1043,0.33743152,0.042928305,0.06998352,0.048048966,0.267448,-0.005120661
1044,0.37855393,0.017935893,0.07564818,0.04760185,0.30290574,-0.029665956
1045,0.35585725,0.03292904,0.05400123,0.030722976,0.301856,0.0022060648
1046,0.43212035,0.030859154,0.053564608,0.03702753,0.37855574,-0.0061683767
1047,0.42575368,0.051359143,0.055549074,0.042078715,0.3702046,0.009280428
1048,0.51672804,0.08678288,0.09174903,0.07398346,0.42497903,0.012799419
1049,0.3800649,0.04367806,0.07421359,0.050679326,0.3058513,-0.007001266
1050,0.5628014,0.09796084,0.10325501,0.0789383,0.45954642,0.01902254
1051,0.53171086,0.051881574,0.09061749,0.064463794,0.4410934,-0.01258222
1052,0.43310338,0.045689132,0.06940213,0.05027632,0.36370125,-0.0045871884
1053,0.2418409,0.020828402,0.037192333,0.02778258,0.20464857,-0.006954178
1054,0.40512273,0.029963663,0.057661492,0.04171697,0.34746122,-0.011753308
1055,0.51408446,0.081803076,0.08515549,0.066605605,0.42892897,0.015197471
1056,0.4958463,0.045707606,0.083723865,0.05500876,0.41212243,-0.009301156
1057,0.5162777,0.057566214,0.08425816,0.055252694,0.4320195,0.0023135208
1058,0.3801461,0.053085886,0.0823268,0.06016519,0.2978193,-0.0070793033
1059,0.566142,0.03036491,0.057058025,0.04433439,0.509084,-0.013969479
1060,0.4669587,0.03928481,0.10351322,0.056431163,0.3634455,-0.017146353
1061,0.41127318,0.06760238,0.08447804,0.06360139,0.32679513,0.0040009916
1062,0.42100796,0.08322406,0.082036495,0.058021523,0.33897147,0.025202535
1063,0.32102078,0.06274397,0.07766856,0.06599554,0.24335222,-0.0032515675
1064,0.49079144,0.02809568,0.08450023,0.05559746,0.40629122,-0.027501782
1065,0.3599366,0.044425342,0.06148862,0.049384374,0.29844797,-0.004959032
1066,0.41373327,0.06249946,0.07357057,0.059659623,0.3401627,0.0028398372
1067,0.4136694,0.03807154,0.05423271,0.037799843,0.3594367,0.0002716966
1068,0.37636033,0.07948477,0.09523602,0.06875958,0.2811243,0.010725185
1069,0.41225073,0.04881322,0.059697032,0.049318522,0.3525537,-0.0005053021
1070,0.4317895,0.06875176,0.10113335,0.06670098,0.33065614,0.0020507798
1071,0.24162558,0.015098569,0.033194255,0.019426852,0.20843132,-0.0043282835
1072,0.516864,0.051083785,0.0828114,0.056418948,0.4340526,-0.0053351633
1073,0.42382765,0.039634295,0.07473084,0.053112883,0.3490968,-0.013478588
1074,0.53486323,-0.0003203473,0.028038446,0.018489072,0.5068248,-0.01880942
1075,0.5007408,0.088073015,0.12974443,0.08244481,0.37099642,0.005628206
1076,0.44222164,0.04677162,0.06184687,0.038898326,0.38037476,0.007873293
1077,0.22085735,0.07084889,0.043808427,0.02841056,0.17704892,0.04243833
1078,0.44627315,0.047407873,0.086817324,0.049736608,0.35945582,-0.0023287348
1079,0.41499147,0.06346962,0.07930784,0.055941116,0.33568364,0.0075285025
1080,0.36126408,0.043139845,0.07039255,0.05183186,0.29087153,-0.008692015
1081,0.26246852,0.029780654,0.049390323,0.029973602,0.2130782,-0.00019294769
1082,0.56586564,0.086371765,0.1098056,0.07941153,0.45606005,0.0069602355
1083,0.49845675,-0.005043195,0.022991983,0.012784479,0.47546476,-0.017827675
1084,0.45294008,0.05531643,0.106834814,0.058209598,0.34610528,-0.0028931685
1085,0.663136,0.13291694,0.15474498,0.11923742,0.508391,0.013679519
1086,0.39893004,0.077432565,0.10887468,0.070462,0.29005536,0.006970562
1087,0.3045366,0.045925517,0.059081823,0.04106228,0.24545479,0.004863236
1088,0.6726024,0.04604686,0.07913096,0.05991646,0.59347147,-0.0138695985
1089,0.6875594,0.06390274,0.10942124,0.07871177,0.5781382,-0.014809027
1090,0.3800438,0.02851809,0.052383196,0.03995589,0.32766062,-0.011437802
1091,0.53105545,0.0822568,0.11745107,0.08072599,0.41360438,0.0015308112
1092,0.34250033,0.052594267,0.05374826,0.04331981,0.28875208,0.009274457
1093,0.15996628,0.011882998,0.029972997,0.0214769,0.12999327,-0.009593902
1094,0.27146843,0.061108448,0.060269617,0.04809976,0.2111988,0.013008688
1095,0.45303115,0.06201993,0.103217885,0.06552155,0.34981328,-0.0035016239
1096,0.41205147,0.031508155,0.07921997,0.053765018,0.3328315,-0.022256862
1097,0.4409952,0.10726927,0.12500569,0.10104998,0.3159895,0.00621929
1098,0.42837095,0.06876946,0.0958717,0.06577394,0.33249927,0.0029955208
1099,0.48779026,0.07532742,0.10285206,0.07322238,0.38493818,0.0021050423
1100,0.23955363,0.029443908,0.051959425,0.0364569,0.1875942,-0.007012993
1101,0.36991575,0.09325065,0.09255375,0.07632338,0.277362,0.016927265
1102,0.39254484,0.05978694,0.08188849,0.054717124,0.31065634,0.0050698183
1103,0.48730463,0.044225574,0.064901486,0.045541283,0.42240316,-0.0013157092
1104,0.4653028,0.040564228,0.079481885,0.059357036,0.38582093,-0.018792808
1105,0.40883863,0.040053263,0.07739103,0.054933,0.3314476,-0.014879737
1106,0.46131405,0.08948701,0.104802646,0.072548814,0.3565114,0.016938195
1107,0.40532735,0.06300434,0.0796573,0.058053195,0.32567006,0.004951142
1108,0.22011015,0.028980577,0.044711135,0.029254247,0.175399,-0.00027366914
1109,0.33365163,0.053454876,0.07075974,0.054816525,0.2628919,-0.0013616495
1110,0.38691387,0.05107177,0.0601032,0.050593823,0.32681066,0.0004779473
1111,0.43832737,0.078788705,0.09324546,0.06720854,0.34508193,0.011580162
1112,0.59704643,0.10151385,0.13710812,0.09597105,0.45993832,0.0055428
1113,0.49542496,0.099546164,0.12634793,0.09735505,0.36907703,0.0021911114
1114,0.43401134,0.046032496,0.1041978,0.060227413,0.32981354,-0.014194917
1115,0.4267842,0.060650125,0.10298526,0.06585008,0.32379892,-0.005199954
1116,0.43383464,0.07526795,0.07641763,0.05289231,0.35741702,0.02237564
1117,0.3528369,0.037839998,0.07641465,0.05322206,0.27642226,-0.015382063
1118,0.45182982,-0.004046095,0.036698706,0.020828325,0.41513112,-0.02487442
1119,0.6482747,0.052818686,0.07145469,0.04214937,0.57682,0.010669317
1120,0.37617704,0.06977926,0.08432005,0.06452505,0.291857,0.005254209
1121,0.2662863,0.052632194,0.06570753,0.04604193,0.20057878,0.006590266
1122,0.5280225,0.07316373,0.089159295,0.06126541,0.43886322,0.011898324
1123,0.36860064,0.032230824,0.06320472,0.041930724,0.3053959,-0.0096999
1124,0.5223907,0.096803755,0.106561646,0.08559366,0.41582906,0.011210091
1125,0.4279708,0.047377564,0.07392996,0.052698206,0.35404083,-0.005320642
1126,0.53346384,0.03773839,0.09707848,0.05558644,0.43638536,-0.017848048
1127,0.39086595,0.120394155,0.085878454,0.06511621,0.3049875,0.055277944
1128,0.54761064,0.061784063,0.09033447,0.05387172,0.45727617,0.0079123415
1129,0.47113585,0.044306733,0.07215526,0.051567804,0.3989806,-0.0072610714
1130,0.43606302,0.09838216,0.11891659,0.08709264,0.31714642,0.011289522
1131,0.39979404,0.03428693,0.047960885,0.03114472,0.35183316,0.0031422116
1132,0.5964246,0.09281916,0.13013953,0.09525831,0.46628505,-0.0024391487
1133,0.4113853,0.070116684,0.10552226,0.072435096,0.30586302,-0.002318412
1134,0.2547191,0.039090004,0.050087474,0.030485362,0.20463163,0.008604642
1135,0.45619673,0.029728366,0.08776796,0.054836612,0.36842877,-0.025108246
1136,0.3407032,0.03749696,0.10115156,0.065795116,0.23955163,-0.028298154
1137,0.37456492,0.04787107,0.06441317,0.04930114,0.31015176,-0.0014300682
1138,0.32646737,0.04164288,0.0641392,0.050802268,0.26232815,-0.00915939
1139,0.5285772,0.06791629,0.07918471,0.061162125,0.4493925,0.0067541637
1140,0.36769456,0.046293177,0.07805925,0.054297555,0.2896353,-0.0080043785
1141,0.51855034,0.029136116,0.08067146,0.051951014,0.43787888,-0.022814898
1142,0.42814076,0.09719277,0.07621126,0.05432306,0.3519295,0.042869713
1143,0.4334823,0.08370415,0.10002917,0.06890617,0.33345312,0.014797978
1144,0.36488652,0.047667585,0.07402687,0.049530175,0.29085964,-0.0018625893
1145,0.37283823,0.061357256,0.084084705,0.059092127,0.2887535,0.0022651292
1146,0.36952668,0.06558596,0.09324348,0.067725554,0.2762832,-0.0021395907
1147,0.50803983,0.060264807,0.093810454,0.07598393,0.4142294,-0.01571912
1148,0.52739006,0.19719777,0.15387067,0.12250135,0.3735194,0.074696414
1149,0.5839439,0.07207847,0.102184415,0.075137116,0.4817595,-0.0030586496
1150,0.42455837,0.035368826,0.06581555,0.04357949,0.35874283,-0.008210663
1151,0.33894384,0.018172523,0.055358857,0.03740518,0.28358498,-0.019232659
1152,0.48425424,0.06417798,0.09958871,0.07399261,0.38466555,-0.0098146275
1153,0.33623677,0.07535496,0.08841275,0.06371413,0.24782403,0.011640832
1154,0.50184757,0.013196508,0.03833329,0.021657234,0.46351427,-0.008460726
1155,0.31284,0.049294814,0.0872184,0.056240868,0.22562161,-0.0069460534
1156,0.5521495,0.09147529,0.14916393,0.11410359,0.40298554,-0.0226283
1157,0.45858568,0.07854348,0.111201085,0.08400415,0.3473846,-0.005460672
1158,0.3409315,0.027510472,0.050194435,0.036565088,0.29073706,-0.009054616
1159,0.5587632,0.105904095,0.1255962,0.08052747,0.433167,0.025376625
1160,0.5811004,0.055004764,0.09273698,0.063206814,0.48836342,-0.00820205
1161,0.57832336,0.1143238,0.14353009,0.10834856,0.4347933,0.005975239
1162,0.4547711,0.05834997,0.07901231,0.05922861,0.3757588,-0.0008786395
1163,0.5205412,0.055973418,0.07784953,0.05653467,0.44269165,-0.00056125224
1164,0.3896789,0.03271133,0.064215854,0.045122895,0.32546306,-0.012411565
1165,0.20206645,0.030300265,0.0665161,0.040313162,0.13555035,-0.010012897
1166,0.27630186,0.03152646,0.051750354,0.036697,0.2245515,-0.005170539
1167,0.5289297,0.076036215,0.091144696,0.06299497,0.43778503,0.013041243
1168,0.4787212,0.065657675,0.087138906,0.065645196,0.3915823,1.24797225e-05
1169,0.5281415,0.07849013,0.11254567,0.0744255,0.41559583,0.004064627
1170,0.3560872,0.057268932,0.081794575,0.05882628,0.27429265,-0.0015573464
1171,0.64498895,0.09089461,0.12401633,0.09182173,0.5209726,-0.00092712045
1172,0.50764006,0.07981823,0.09896062,0.07143726,0.40867943,0.008380964
1173,0.35096836,0.058839492,0.106334075,0.07044698,0.24463429,-0.0116074905
1174,0.4480145,0.05737424,0.09591229,0.059706014,0.35210222,-0.0023317747
1175,0.44226927,0.06169196,0.094497666,0.07100022,0.34777158,-0.00930826
1176,0.225823,0.040165294,0.045115486,0.03534923,0.18070751,0.0048160627
1177,0.35576028,0.039940365,0.06508146,0.041216828,0.2906788,-0.0012764633
1178,0.47661692,0.071641386,0.11056391,0.06607859,0.36605301,0.005562797
1179,0.51895076,0.047356237,0.06740589,0.039897982,0.45154488,0.0074582547
1180,0.35405415,0.074078366,0.090577744,0.06076438,0.2634764,0.013313986
1181,0.62114674,0.07473786,0.0852394,0.06788083,0.5359073,0.00685703
1182,0.24892586,0.021268992,0.045841146,0.032771386,0.20308472,-0.011502394
1183,0.38553658,0.029035589,0.06336738,0.043374542,0.32216918,-0.014338953
1184,0.52612627,0.007906427,0.018611325,0.01049264,0.50751495,-0.002586213
1185,0.6745009,-0.008179122,0.033082128,0.015716221,0.64141876,-0.023895342
1186,0.27208653,0.032178596,0.050735753,0.035299554,0.22135077,-0.0031209588
1187,0.40980974,0.07995096,0.09760924,0.07178231,0.3122005,0.008168645
1188,0.466433,0.079041176,0.11729906,0.08772385,0.34913394,-0.008682676
1189,0.723196,0.12966646,0.17696366,0.11242817,0.54623234,0.01723829
1190,0.3806655,0.055261772,0.09256634,0.06334945,0.28809917,-0.008087676
1191,0.39874247,0.04346372,0.08526499,0.05731641,0.3134775,-0.013852693
1192,0.4152516,0.07011656,0.12478588,0.08655814,0.29046574,-0.016441584
1193,0.5623783,0.025062546,0.04515918,0.030577546,0.5172191,-0.005515
1194,0.4199826,0.0510205,0.07596495,0.051272042,0.34401765,-0.00025154278
1195,0.4135094,0.05967829,0.1085703,0.07830502,0.3049391,-0.01862673
1196,0.39701968,0.079489276,0.052568443,0.03922301,0.34445125,0.040266264
1197,0.46474487,0.1031364,0.13718204,0.09850931,0.3275628,0.004627086
1198,0.3681295,0.067989066,0.08589941,0.061670057,0.28223008,0.006319009
1199,0.33942887,0.08276494,0.081487946,0.049187444,0.25794092,0.033577494
1200,0.5540624,0.042556018,0.101279296,0.06774144,0.45278314,-0.025185421
1201,0.3585872,0.054035947,0.062149268,0.046893246,0.29643795,0.0071427003
1202,0.36152503,0.05006114,0.05711622,0.03765416,0.30440882,0.012406979
1203,0.7430942,0.035044592,0.078999326,0.044799384,0.66409487,-0.009754792
1204,0.40174288,0.040878203,0.06453261,0.046778683,0.33721027,-0.00590048
1205,0.56091,0.055353194,0.0864437,0.056001473,0.4744663,-0.00064827874
1206,0.32585362,0.04123393,0.069126144,0.044714354,0.25672746,-0.0034804232
1207,0.43741035,0.051816154,0.09324427,0.06832947,0.3441661,-0.016513314
1208,0.37815002,0.0051645013,0.018841084,0.017891603,0.35930893,-0.012727101
1209,0.54401404,0.07021587,0.105899215,0.06336943,0.43811482,0.006846443
1210,0.40864158,0.04831698,0.061968964,0.04449439,0.34667262,0.0038225912
1211,0.5303946,0.037956294,0.08326663,0.061650775,0.447128,-0.023694482
1212,0.5054243,0.062940516,0.080675304,0.058278095,0.42474902,0.0046624206
1213,0.50225955,0.05308235,0.068819314,0.043777544,0.43344024,0.009304807
1214,0.424392,0.092559904,0.099478826,0.072135136,0.3249132,0.020424768
1215,0.67294115,0.10098096,0.14648584,0.10233649,0.5264553,-0.0013555288
1216,0.500486,0.03438512,0.061301865,0.050815336,0.43918416,-0.016430218
1217,0.5056673,0.017837068,0.05554966,0.039957426,0.45011768,-0.022120358
1218,0.3871274,0.07255105,0.066244885,0.04693434,0.3208825,0.02561671
1219,0.6258326,0.08380243,0.12992704,0.089715734,0.49590558,-0.0059133023
1220,0.3675814,0.05680804,0.076552555,0.05008155,0.29102886,0.0067264885
1221,0.36547345,0.05761896,0.0715791,0.05352475,0.29389435,0.0040942095
1222,0.43961155,0.037289888,0.061339848,0.036233373,0.3782717,0.0010565147
1223,0.5164534,0.025220528,0.06479493,0.045725532,0.45165846,-0.020505004
1224,0.439024,0.11690365,0.08190606,0.057217874,0.35711795,0.059685774
1225,0.36108845,0.05951121,0.06313869,0.051315892,0.29794976,0.008195318
1226,0.4867876,0.067694016,0.09537176,0.057930402,0.39141583,0.009763613
1227,0.42969495,0.025155358,0.05244749,0.040614005,0.37724745,-0.015458647
1228,0.43764517,0.031558722,0.06765466,0.04648329,0.3699905,-0.014924567
1229,0.5158482,0.027767109,0.051527344,0.03586958,0.46432087,-0.008102471
1230,0.4129026,0.03462065,0.06098195,0.04636969,0.35192063,-0.01174904
1231,0.46393818,0.09059136,0.061888807,0.051640965,0.40204936,0.0389504
1232,0.4494058,0.06781629,0.09070321,0.06799884,0.35870257,-0.00018255413
1233,0.5154847,0.061818495,0.13230595,0.092956394,0.38317874,-0.031137899
1234,0.4724967,0.05568447,0.05850156,0.04692852,0.41399512,0.008755948
1235,0.37700883,0.08868392,0.11148177,0.08205934,0.26552707,0.0066245794
1236,0.69376385,-0.0014935321,0.01722375,0.010388007,0.6765401,-0.01188154
1237,0.4149733,0.0433798,0.054154444,0.039837968,0.36081883,0.003541831
1238,0.6434635,0.046063315,0.092569076,0.06192214,0.55089444,-0.015858825
1239,0.5657786,0.065292396,0.09275821,0.055972587,0.4730204,0.009319808
1240,0.34749687,0.07550394,0.08859049,0.05804304,0.25890636,0.017460898
1241,0.39508882,0.07328949,0.09031876,0.0672642,0.30477005,0.006025292
1242,0.51684004,0.061268084,0.09877731,0.06727649,0.41806275,-0.006008409
1243,0.38621062,0.026724452,0.05328641,0.03764574,0.33292422,-0.010921286
1244,0.51313716,0.031122852,0.06417059,0.037093304,0.44896656,-0.005970452
1245,0.41846544,0.058795616,0.08707542,0.06779678,0.33139002,-0.009001166
1246,0.6339987,0.062396485,0.11233125,0.081386864,0.5216674,-0.018990379
1247,0.47390443,0.0618989,0.082743526,0.061984867,0.3911609,-8.5968524e-05
1248,0.401365,0.050699614,0.07741468,0.055019826,0.32395035,-0.0043202117
1249,0.6462023,0.13574606,0.1633751,0.12694263,0.48282725,0.008803427
1250,0.3785222,0.04540549,0.07613464,0.052584928,0.30238754,-0.007179439
1251,0.52075595,0.00906138,0.023290053,0.014801341,0.4974659,-0.005739961
1252,0.4107695,0.029992413,0.082300656,0.05101067,0.32846883,-0.021018256
1253,0.70423216,0.020380743,0.07180941,0.040460754,0.63242275,-0.020080011
1254,0.3301301,0.043670077,0.07667918,0.056791335,0.25345093,-0.0131212585
1255,0.3218119,0.056417,0.053040266,0.03997302,0.26877165,0.016443979
1256,0.59904146,0.11103218,0.11721723,0.07973036,0.48182422,0.03130182
1257,0.42409587,0.056822043,0.09852525,0.07341157,0.3255706,-0.016589526
1258,0.47604054,0.033467002,0.057939123,0.040549114,0.41810143,-0.007082112
1259,0.456764,0.015756976,0.068460435,0.042789124,0.38830358,-0.027032148
1260,0.35913268,0.049971126,0.114244744,0.08148898,0.24488793,-0.031517856
1261,0.41760075,0.056945343,0.102061674,0.0698667,0.31553906,-0.012921359
1262,0.23500548,0.022761663,0.042903,0.030085107,0.19210249,-0.007323444
1263,0.4057439,0.11915554,0.09894452,0.06563574,0.30679938,0.0535198
1264,0.38156396,0.045642834,0.05592637,0.03750829,0.32563758,0.008134544
1265,0.35398817,0.050415937,0.08194937,0.05596059,0.27203882,-0.0055446513
1266,0.4925167,0.12164347,0.15587881,0.089323774,0.33663788,0.032319695
1267,0.20414758,0.032958142,0.04887683,0.024978464,0.15527076,0.007979678
1268,0.60403264,0.10686434,0.15668406,0.11490093,0.4473486,-0.008036591
1269,0.4854141,0.05223356,0.08616133,0.054224115,0.39925277,-0.0019905567
1270,0.48509443,0.045186147,0.09529625,0.073402405,0.38979816,-0.028216258
1271,0.40061906,0.04386389,0.067455545,0.046930056,0.3331635,-0.0030661672
1272,0.43914706,0.066961035,0.08248539,0.061760515,0.35666168,0.00520052
1273,0.5008704,0.05312483,0.08488115,0.06142794,0.41598925,-0.00830311
1274,0.32785612,0.03401509,0.07124214,0.046930086,0.25661397,-0.012914997
1275,0.496311,0.033106927,0.07249131,0.046266936,0.4238197,-0.013160009
1276,0.4302709,0.043907247,0.069659874,0.04752735,0.36061102,-0.003620103
1277,0.32733613,0.07484471,0.079105064,0.057285495,0.24823107,0.017559215
1278,0.693978,0.07070629,0.13366817,0.10013554,0.5603098,-0.02942925
1279,0.54788566,0.07220677,0.07470371,0.04737426,0.47318196,0.024832513
1280,0.48383585,0.08077075,0.10740079,0.07886002,0.37643504,0.0019107312
1281,0.5660914,0.09391612,0.10277375,0.077635214,0.46331766,0.016280904
1282,0.61215764,0.057292387,0.09924445,0.062890396,0.51291317,-0.0055980086
1283,0.468319,0.10416415,0.13332221,0.08910521,0.3349968,0.015058942
1284,0.385832,0.06408431,0.07354744,0.052659333,0.3122846,0.011424974
1285,0.42607287,0.08004614,0.086038336,0.05578009,0.34003454,0.02426605
1286,0.63695425,0.0148520265,0.036644883,0.026282167,0.6003094,-0.011430141
1287,0.43992662,0.036065046,0.074268274,0.048994385,0.36565834,-0.012929339
1288,0.2599439,0.044007055,0.044604946,0.03456924,0.21533896,0.009437814
1289,0.16482246,0.005471815,0.04938738,0.033238776,0.11543508,-0.027766962
1290,0.4378833,0.047074728,0.06853597,0.0429756,0.36934733,0.004099127
1291,0.5013486,0.082209766,0.103196025,0.0771753,0.3981526,0.005034469
1292,0.5404075,0.12564304,0.14855084,0.115698434,0.39185664,0.00994461
1293,0.4804477,0.061436657,0.102058984,0.073528245,0.37838873,-0.012091588
1294,0.5776058,0.0695411,0.075161226,0.055422418,0.50244457,0.014118679
1295,0.25819713,0.036407433,0.053026754,0.038828664,0.20517038,-0.00242123
1296,0.3982647,0.04442864,0.07854325,0.05483844,0.31972146,-0.010409802
1297,0.5127942,0.093758665,0.09188896,0.06157421,0.42090523,0.032184456
1298,0.39329907,0.026525835,0.022953842,0.010407594,0.37034523,0.01611824
1299,0.4314844,0.03233957,0.050367057,0.038913626,0.38111734,-0.006574057
1300,0.42404485,0.06347848,0.08531161,0.06657912,0.33873326,-0.003100641
1301,0.31087118,0.04586576,0.068003416,0.03791959,0.24286777,0.007946171
1302,0.47247803,0.051780064,0.077024505,0.053759135,0.3954535,-0.0019790716
1303,0.49003476,0.068160355,0.09917018,0.077194646,0.39086458,-0.009034291
1304,0.34456235,0.03485363,0.069231056,0.045483172,0.2753313,-0.010629542
1305,0.4933268,0.085290484,0.071777135,0.050513912,0.42154968,0.034776572
1306,0.50010806,0.062588744,0.08895937,0.06308825,0.4111487,-0.0004995093
1307,0.41255748,0.07385999,0.083344795,0.05984831,0.3292127,0.014011681
1308,0.44017783,0.050338015,0.074368134,0.051724475,0.36580968,-0.0013864599
1309,0.33891314,0.043150626,0.07288172,0.056374412,0.2660314,-0.013223786
1310,0.43568552,0.050561942,0.067981414,0.05496669,0.3677041,-0.004404746
1311,0.43507278,0.07305608,0.09373126,0.07032545,0.34134153,0.0027306303
1312,0.41825193,0.044824068,0.060483623,0.039842576,0.3577683,0.0049814917
1313,0.3810761,0.064878486,0.06577594,0.040510356,0.31530017,0.02436813
1314,0.5013439,0.061468747,0.10764178,0.07521416,0.39370212,-0.013745416
1315,0.6046802,0.005324381,0.02649107,0.016174499,0.57818913,-0.0108501185
1316,0.38156182,0.058535863,0.096303485,0.059462957,0.28525832,-0.00092709437
1317,0.55113983,0.06378186,0.116511226,0.06582029,0.4346286,-0.0020384341
1318,0.69054407,0.1340559,0.15552256,0.12326006,0.53502154,0.010795839
1319,0.43162808,0.052826803,0.07585421,0.056913644,0.35577387,-0.004086841
1320,0.34537286,0.057681132,0.07315959,0.0486707,0.27221328,0.00901043
1321,0.5565662,0.07756414,0.10537803,0.07210013,0.45118815,0.00546401
1322,0.46134087,0.044155046,0.07983114,0.05179884,0.38150972,-0.007643793
1323,0.4564989,0.07745262,0.095746905,0.06266098,0.360752,0.014791645
1324,0.29030463,0.040757068,0.07600485,0.05847791,0.21429978,-0.01772084
1325,0.45211655,0.087187804,0.10311304,0.08364574,0.3490035,0.0035420656
1326,0.72611254,0.018307686,0.062057305,0.035628945,0.6640552,-0.017321259
1327,0.45254427,0.08761862,0.10390381,0.08587852,0.34864047,0.001740098
1328,0.38126007,0.07093234,0.10235097,0.073083326,0.2789091,-0.0021509826
1329,0.5142373,0.0780374,0.10021745,0.06606602,0.41401982,0.011971384
1330,0.5190719,0.10348249,0.1017435,0.066317156,0.4173284,0.037165336
1331,0.35149068,0.055100624,0.068154894,0.05494442,0.28333578,0.00015620515
1332,0.5161667,0.009438682,0.063777424,0.040038735,0.45238927,-0.030600052
1333,0.31088877,0.082838655,0.07823467,0.059282668,0.2326541,0.023555987
1334,0.43179888,0.056376718,0.077988,0.059428252,0.35381088,-0.0030515343
1335,0.54426,0.03908615,0.08866991,0.05440511,0.45559013,-0.015318964
1336,0.42219162,0.04596143,0.068958774,0.0475678,0.35323286,-0.0016063713
1337,0.3751807,0.06478111,0.08525015,0.05714489,0.28993055,0.0076362155
1338,0.38989303,0.11087534,0.114292145,0.086505085,0.27560088,0.024370253
1339,0.57301074,0.057977106,0.09598867,0.06708698,0.47702208,-0.009109873
1340,0.5227619,0.06409948,0.098495215,0.06408391,0.42426667,1.5571713e-05
1341,0.41986045,0.09106023,0.1018876,0.07569726,0.31797284,0.0153629705
1342,0.39059204,0.042125445,0.057660706,0.039936014,0.33293134,0.0021894313
1343,0.56474656,0.103256755,0.11957568,0.09555369,0.44517088,0.007703066
1344,0.30496866,0.043883707,0.061244838,0.04372272,0.24372381,0.00016098842
1345,0.31654504,0.03445835,0.06862433,0.049412075,0.2479207,-0.014953725
1346,0.48491356,0.044991497,0.07616374,0.05591672,0.40874982,-0.010925222
1347,0.45389408,0.05414088,0.08490274,0.06252654,0.36899135,-0.008385658
1348,0.5159801,0.082177006,0.09063803,0.068344906,0.42534208,0.0138321
1349,0.54111284,0.097386345,0.11818434,0.08691206,0.4229285,0.010474287
1350,0.62787706,0.06243395,0.106921956,0.07689456,0.5209551,-0.014460608
1351,0.49462816,0.12771514,0.1676713,0.11510684,0.32695687,0.012608297
1352,0.47429127,0.068347305,0.10440884,0.0765421,0.36988243,-0.008194797
1353,0.4693602,0.018525228,0.046048444,0.03269578,0.42331177,-0.014170554
1354,0.5960375,0.047378298,0.12568265,0.074404836,0.47035486,-0.027026538
1355,0.52416515,0.09503176,0.086084254,0.06933923,0.4380809,0.02569253
1356,0.18386465,0.010242155,0.057555664,0.03600273,0.12630899,-0.025760574
1357,0.5149309,0.059168644,0.064335465,0.04657457,0.45059544,0.012594074
1358,0.43165317,0.019747064,0.054903626,0.03368012,0.37674955,-0.013933055
1359,0.5514942,0.04768236,0.05756367,0.035160303,0.49393052,0.012522057
1360,0.31799257,0.07492444,0.08284249,0.054073803,0.23515007,0.020850636
1361,0.41655627,0.025089197,0.066587895,0.045285117,0.34996837,-0.02019592
1362,0.524292,0.08287361,0.0712513,0.05884253,0.4530407,0.024031084
1363,0.55449206,0.007151053,0.041213237,0.022217717,0.51327884,-0.015066665
1364,0.38750258,0.075965755,0.098089874,0.056782566,0.2894127,0.019183189
1365,0.4639078,0.08385226,0.076222606,0.05676006,0.3876852,0.0270922
1366,0.49068046,0.0567217,0.07098347,0.0500337,0.419697,0.006687999
1367,0.51862794,0.09509313,0.111694135,0.07689133,0.4069338,0.018201798
1368,0.4067311,0.023031356,0.06797534,0.046163306,0.33875576,-0.02313195
1369,0.3528623,0.06316865,0.0665953,0.05084757,0.28626698,0.012321081
1370,0.49286282,0.083856754,0.0825456,0.06271123,0.4103172,0.021145523
1371,0.3500367,0.060150087,0.0690401,0.046819918,0.28099662,0.013330169
1372,0.35210183,0.06905951,0.10918071,0.07881628,0.24292111,-0.009756766
1373,0.3203579,0.03238396,0.07881858,0.058711953,0.2415393,-0.026327994
1374,0.29624265,0.056962896,0.06695385,0.055072166,0.2292888,0.0018907301
1375,0.6269168,0.060077094,0.07159453,0.054424446,0.5553223,0.0056526475
1376,0.28489873,0.052722562,0.064581454,0.043439697,0.22031727,0.009282865
1377,0.2261547,0.050611306,0.062795125,0.03829201,0.16335958,0.012319297
1378,0.41108364,0.051787708,0.072472505,0.055655174,0.33861113,-0.003867466
1379,0.39857045,0.06035723,0.07033297,0.054865353,0.32823747,0.005491879
1380,0.37818477,0.049734898,0.1265361,0.07780523,0.25164866,-0.02807033
1381,0.32685864,0.02319406,0.049334,0.036348384,0.27752465,-0.013154324
1382,0.21846913,0.04421995,0.059606332,0.045726113,0.1588628,-0.0015061647
1383,0.422292,0.055656403,0.07359195,0.0538014,0.34870005,0.0018550046
1384,0.38469487,0.07419449,0.10670207,0.07906931,0.2779928,-0.004874818
1385,0.2895732,0.037238237,0.08088169,0.05523054,0.20869151,-0.017992303
1386,0.4830615,0.07350092,0.11860286,0.07254007,0.36445862,0.0009608492
1387,0.5654592,-0.012765242,0.024412397,0.010149061,0.5410468,-0.022914302
1388,0.25991562,0.012598659,0.029134873,0.018466637,0.23078075,-0.0058679776
1389,0.48323083,0.099764965,0.10952272,0.07728125,0.3737081,0.022483714
1390,0.5742667,0.0591037,0.09621991,0.06280951,0.47804677,-0.0037058108
1391,0.39410907,0.036960162,0.07089175,0.044742238,0.32321733,-0.0077820756
1392,0.4343552,0.065457486,0.06726341,0.049525075,0.36709177,0.015932411
1393,0.37378424,0.085932605,0.075466305,0.05758629,0.29831794,0.028346315
1394,0.45382652,0.048042275,0.079290435,0.050741754,0.3745361,-0.0026994795
1395,0.4163483,0.0791778,0.111625314,0.08529949,0.304723,-0.006121695
1396,0.46472675,0.09476078,0.12799753,0.0920939,0.33672923,0.0026668832
1397,0.33572036,0.039387267,0.06367178,0.046180207,0.2720486,-0.00679294
1398,0.497989,0.047285017,0.06943147,0.050989937,0.42855752,-0.0037049204
1399,0.61635566,0.053113468,0.08111167,0.058374524,0.535244,-0.005261056
1400,0.32286453,0.034873936,0.045920342,0.029814968,0.2769442,0.0050589684
1401,0.47690624,0.07835953,0.09119844,0.06261404,0.3857078,0.01574549
1402,0.62256426,0.08018091,0.10239208,0.07518743,0.5201722,0.0049934834
1403,0.40068877,0.059402216,0.110176586,0.080718406,0.29051217,-0.02131619
1404,0.44479603,0.061511755,0.10158142,0.072241865,0.3432146,-0.01073011
1405,0.5705522,0.06568526,0.105939195,0.08790916,0.46461296,-0.022223905
1406,0.5313539,0.08943275,0.108853064,0.08057495,0.42250082,0.008857802
1407,0.3246766,0.0396353,0.05947376,0.04508387,0.26520285,-0.0054485686
1408,0.25760093,0.048839476,0.050641656,0.037835438,0.20695928,0.011004038
1409,0.38771927,0.07325465,0.07368873,0.05184369,0.31403053,0.02141096
1410,0.5282978,0.059693407,0.082402274,0.05711571,0.4458955,0.002577696
1411,0.41080973,0.06010337,0.093719736,0.060994405,0.31708997,-0.00089103356
1412,0.49023604,0.048475064,0.087031774,0.062132042,0.40320426,-0.013656978
1413,0.44330212,0.0357032,0.0730772,0.044247903,0.37022492,-0.008544702
1414,0.3621654,0.04845776,0.06475604,0.0503247,0.29740936,-0.0018669404
1415,0.5679604,0.07536372,0.11105587,0.08059049,0.4569045,-0.0052267686
1416,0.46678072,0.05039869,0.07765262,0.052489527,0.3891281,-0.0020908378
1417,0.565068,0.12781198,0.17174272,0.12451519,0.39332527,0.0032967925
1418,0.45500207,0.056933925,0.07133453,0.059144728,0.38366753,-0.0022108033
1419,0.50517845,0.05834284,0.112303756,0.077558205,0.3928747,-0.019215364
1420,0.42033353,0.06643457,0.08999319,0.061890908,0.33034036,0.004543662
1421,0.52258277,0.012850574,0.029966721,0.016087495,0.49261606,-0.0032369206
1422,0.5049081,0.1002038,0.13648759,0.10056901,0.36842048,-0.00036521256
1423,0.52509224,0.05205703,0.124685444,0.07582204,0.4004068,-0.023765009
1424,0.3368504,0.044710144,0.07127549,0.042181987,0.26557493,0.002528157
1425,0.4845254,0.04603086,0.08781654,0.052639,0.39670888,-0.0066081397
1426,0.36980662,0.059372786,0.12034877,0.08220586,0.24945785,-0.022833075
1427,0.50263834,0.04858701,0.09499129,0.06230731,0.40764704,-0.0137203
1428,0.42159203,0.06758173,0.07956932,0.05943654,0.34202272,0.008145187
1429,0.6344502,0.09181814,0.10478376,0.08222333,0.5296664,0.009594806
1430,0.37679586,0.017795576,0.051050372,0.0302778,0.3257455,-0.012482224
1431,0.5549013,0.052917577,0.08795708,0.06448899,0.46694422,-0.011571415
1432,0.17250952,0.0333454,0.04579686,0.03449311,0.12671266,-0.0011477098
1433,0.46256658,0.045379005,0.08198701,0.04578481,0.3805796,-0.00040580332
1434,0.48968443,0.04926922,0.08912346,0.066810995,0.40056098,-0.017541774
1435,0.58665055,0.023219347,0.043065183,0.030043766,0.54358536,-0.006824419
1436,0.22624502,0.06947637,0.04173284,0.03354094,0.18451217,0.03593543
1437,0.40922838,0.031006027,0.060448896,0.037720334,0.3487795,-0.006714307
1438,0.5067892,0.034484714,0.064344615,0.04773603,0.4424446,-0.013251316
1439,0.36336842,0.041640393,0.06236707,0.045495085,0.30100134,-0.003854692
1440,0.49063447,0.07352565,0.09273482,0.0649673,0.39789966,0.008558355
1441,0.31371155,0.050486654,0.078322195,0.053240687,0.23538935,-0.0027540326
1442,0.52609277,0.027682682,0.04759823,0.030764233,0.47849452,-0.0030815508
1443,0.44890675,0.033798885,0.07098114,0.05633437,0.3779256,-0.022535484
1444,0.4295795,0.06254792,0.109234415,0.077312216,0.32034507,-0.014764294
1445,0.5000269,0.04728327,0.080110274,0.061205387,0.4199166,-0.013922118
1446,0.5977921,0.051165797,0.106110096,0.069665894,0.491682,-0.018500097
1447,0.39563468,0.014485906,0.06561284,0.044326913,0.33002186,-0.029841006
1448,0.38155037,0.063233644,0.066078745,0.041026216,0.31547162,0.022207428
1449,0.53785855,0.0600553,0.07507137,0.051677287,0.46278718,0.008378014
1450,0.46355128,0.057128984,0.074384645,0.054553736,0.38916665,0.0025752485
1451,0.44648522,0.0871998,0.094811015,0.07792987,0.3516742,0.00926993
1452,0.57307565,0.0708349,0.09643634,0.06764215,0.47663933,0.0031927451
1453,0.45271176,0.10162764,0.10882211,0.08340998,0.34388965,0.01821766
1454,0.43712795,0.020732593,0.044884164,0.0276752,0.39224377,-0.0069426075
1455,0.41199288,0.0686605,0.09648387,0.054408304,0.31550902,0.014252193
1456,0.41336682,0.088876724,0.074618414,0.050469596,0.3387484,0.03840713
1457,0.30872858,0.056283597,0.07968121,0.04699139,0.22904736,0.009292208
1458,0.30767584,0.044080876,0.059150826,0.045568623,0.24852501,-0.0014877468
1459,0.33146632,0.038381,0.063921906,0.044632517,0.26754442,-0.0062515177
1460,0.37096882,0.036959372,0.08170261,0.04903185,0.2892662,-0.0120724775
1461,0.4147997,0.0738011,0.08964657,0.057122946,0.3251531,0.016678154
1462,0.5958684,0.06006637,0.10379996,0.06906458,0.49206844,-0.0089982115
1463,0.44818628,0.12238585,0.096124984,0.05949964,0.3520613,0.06288621
1464,0.5546499,0.05885261,0.11734762,0.07624807,0.43730226,-0.017395463
1465,0.50864154,0.07365299,0.08469945,0.0665115,0.4239421,0.0071414933
1466,0.20836821,0.028287197,0.040779404,0.025592,0.1675888,0.0026951972
1467,0.35322523,0.05429758,0.07963044,0.06234896,0.2735948,-0.0080513805
1468,0.40747824,0.029818831,0.08141418,0.05047549,0.32606405,-0.020656658
1469,0.40038237,0.07102294,0.057352293,0.045901664,0.34303007,0.025121279
1470,0.23572117,0.1015404,0.04288856,0.029172355,0.19283262,0.07236805
1471,0.37870985,0.059979584,0.0797927,0.052701514,0.29891714,0.00727807
1472,0.345912,0.057675645,0.048707288,0.038510285,0.29720473,0.01916536
1473,0.5695055,0.055125162,0.08819205,0.061749063,0.48131347,-0.0066239014
1474,0.33233717,0.0361962,0.064016104,0.050614882,0.26832107,-0.014418684
1475,0.41007122,0.05082957,0.07223945,0.055471133,0.33783177,-0.0046415627
1476,0.38841906,0.007688483,0.025958776,0.020247925,0.3624603,-0.012559442
1477,0.5417596,0.02126321,0.025964368,0.01713952,0.51579523,0.0041236896
1478,0.32876545,0.011539591,0.06237951,0.038794998,0.26638594,-0.027255408
1479,0.39103845,0.07655578,0.09167422,0.07808729,0.2993642,-0.0015315115
1480,0.45498657,0.092213534,0.08676549,0.06736979,0.36822107,0.024843745
1481,0.32119492,0.031515416,0.03961674,0.031345487,0.28157818,0.00016992912
1482,0.4906914,0.046119884,0.08663211,0.0552549,0.4040593,-0.009135015
1483,0.37118182,0.051364984,0.07889072,0.054115903,0.2922911,-0.0027509183
1484,0.3718389,0.056198146,0.07460844,0.051094543,0.29723045,0.005103603
1485,0.37701964,0.06884823,0.06707227,0.04749905,0.30994737,0.02134918
1486,0.4873693,0.07277209,0.1277653,0.07763596,0.359604,-0.0048638657
1487,0.46721268,0.06548644,0.08773538,0.05766914,0.3794773,0.007817298
1488,0.5060963,0.02080695,0.034377914,0.024304548,0.4717184,-0.0034975987
1489,0.5056306,0.058442663,0.07689542,0.05278497,0.4287352,0.0056576952
1490,0.2456931,0.06334321,0.044968314,0.029319499,0.20072478,0.034023713
1491,0.42750785,0.07559323,0.0641313,0.043044176,0.36337656,0.032549057
1492,0.38388,0.03306833,0.06455915,0.04884907,0.31932086,-0.01578074
1493,0.39175576,0.028077003,0.049866233,0.03423711,0.34188953,-0.0061601065
1494,0.5261418,0.10366313,0.13186279,0.09326275,0.39427903,0.010400385
1495,0.5942607,0.06778314,0.1040131,0.07361108,0.4902476,-0.005827941
1496,0.56019014,0.058067583,0.081317455,0.06176733,0.4788727,-0.003699746
1497,0.52709097,0.057531733,0.081383616,0.055718385,0.44570735,0.0018133484
1498,0.5222321,0.060323223,0.08164151,0.052123845,0.44059062,0.008199379
1499,0.4845802,0.053024422,0.0802637,0.06168298,0.40431648,-0.008658558
1500,0.5322136,0.08020435,0.10641601,0.06988169,0.4257976,0.01032266
1501,0.52013344,0.09870483,0.11401872,0.08505543,0.4061147,0.013649397
1502,0.6858491,0.032205924,0.08077668,0.052533872,0.6050724,-0.020327948
1503,0.5493871,0.034782637,0.08294199,0.048616905,0.46644512,-0.013834268
1504,0.3921303,0.08130929,0.086550094,0.05562071,0.3055802,0.025688577
1505,0.26630524,0.031044716,0.05669521,0.035464652,0.20961003,-0.004419936
1506,0.42776528,0.044941317,0.052747488,0.03837598,0.3750178,0.006565336
1507,0.63925093,0.07176593,0.12823448,0.082108654,0.5110165,-0.010342725
1508,0.37403202,0.11597995,0.11942692,0.08684376,0.2546051,0.029136188
1509,0.40117103,0.05282098,0.06390675,0.045153823,0.33726427,0.007667158
1510,0.5439259,0.036977604,0.06422345,0.039196324,0.4797024,-0.0022187196
1511,0.5338877,0.083975226,0.09555727,0.066125974,0.4383304,0.017849252
1512,0.53369814,0.07875495,0.08343195,0.061097395,0.45026618,0.017657552
1513,0.49272475,0.023485823,0.048284713,0.040171396,0.44444004,-0.016685573
1514,0.353126,0.056137685,0.070152365,0.05104364,0.28297362,0.005094044
1515,0.49512658,0.050401747,0.0594367,0.04138076,0.43568987,0.009020988
1516,0.5070577,0.11508298,0.12998366,0.092949584,0.37707406,0.022133395
1517,0.3344155,0.071769126,0.0872098,0.053432424,0.2472057,0.018336702
1518,0.37297484,0.07837375,0.09247447,0.07542894,0.28050038,0.0029448122
1519,0.3777411,0.063048884,0.074590296,0.051071692,0.3031508,0.011977192
1520,0.39950216,0.054525584,0.054011285,0.042206697,0.34549087,0.012318887
1521,0.45293292,0.12227624,0.105175376,0.08853216,0.34775755,0.03374408
1522,0.42193598,0.031288337,0.07181215,0.04232059,0.35012382,-0.0110322535
1523,0.40701735,0.07672516,0.07515536,0.057024896,0.33186197,0.019700266
1524,0.4865528,-0.009411783,0.023732735,0.011377278,0.46282008,-0.02078906
1525,0.67259455,0.059762202,0.12749073,0.08581051,0.5451038,-0.02604831
1526,0.44826654,0.07185488,0.10595657,0.074621476,0.34230995,-0.0027665943
1527,0.50275,0.06988074,0.09191131,0.071152076,0.41083866,-0.0012713373
1528,0.5946869,0.009611105,0.021800682,0.015212876,0.5728862,-0.005601771
1529,0.46171975,0.073946685,0.09964222,0.06810116,0.36207753,0.0058455244
1530,0.47511873,0.08215142,0.1249691,0.08605463,0.35014963,-0.0039032102
1531,0.53814167,0.07815955,0.114973925,0.088182114,0.42316774,-0.010022566
1532,0.46177575,0.06964501,0.08425411,0.06174174,0.37752163,0.00790327
1533,0.41362426,0.068637855,0.12468741,0.09227904,0.28893685,-0.023641184
1534,0.30243322,0.031309754,0.06278962,0.044232816,0.2396436,-0.012923062
1535,0.5057401,0.07422043,0.09941568,0.06350073,0.40632442,0.010719694
1536,0.60455227,0.073193826,0.10887794,0.07999345,0.4956743,-0.0067996234
1537,0.38912898,0.118393354,0.07763084,0.06278415,0.31149814,0.055609204
1538,0.41550413,0.07997893,0.0811271,0.05876997,0.33437702,0.021208957
1539,0.45271596,0.032183968,0.053206217,0.040762346,0.39950976,-0.008578379
1540,0.41038296,0.019641036,0.057943188,0.029107746,0.35243976,-0.00946671
1541,0.5025671,0.054396436,0.080092885,0.04834448,0.42247424,0.006051954
1542,0.3779756,0.033351734,0.069086716,0.04873031,0.3088889,-0.015378576
1543,0.4246619,0.024085615,0.07604799,0.046483696,0.34861392,-0.02239808
1544,0.5126641,0.08189382,0.0945678,0.07135447,0.41809627,0.010539345
1545,0.4899877,0.105481334,0.1026385,0.077121004,0.3873492,0.02836033
1546,0.17516294,0.021106187,0.042711444,0.02874342,0.1324515,-0.0076372325
1547,0.55147636,0.08647822,0.10819373,0.0788726,0.44328263,0.0076056197
1548,0.59127784,0.040772878,0.08853174,0.05053224,0.5027461,-0.009759363
1549,0.4479201,0.06720286,0.07865862,0.062408797,0.3692615,0.004794061
1550,0.5666236,0.101827845,0.0893392,0.06696741,0.47728443,0.034860432
1551,0.38091305,0.06721179,0.088769004,0.06923129,0.29214406,-0.0020194948
1552,0.50489634,0.056685153,0.06636532,0.047700845,0.43853104,0.008984309
1553,0.5539124,0.06802812,0.08951406,0.060976516,0.46439832,0.0070516057
1554,0.6873669,0.03402207,0.092285335,0.058511138,0.59508157,-0.024489067
1555,0.1527518,0.02490248,0.03607502,0.022427592,0.116676785,0.0024748873
1556,0.5232463,0.065259,0.09138158,0.06673081,0.4318647,-0.00147181
1557,0.5121935,0.051875774,0.08777197,0.053917833,0.42442155,-0.0020420589
1558,0.421064,0.046351578,0.06817604,0.052604713,0.35288796,-0.0062531345
1559,0.64022833,0.05547566,0.092286244,0.06245943,0.5479421,-0.006983772
1560,0.30133396,0.08295049,0.08070099,0.055583186,0.22063297,0.027367301
1561,0.39039207,0.0961078,0.103007,0.07851253,0.28738505,0.017595276
1562,0.36213705,0.092238575,0.083743975,0.06383016,0.2783931,0.028408416
1563,0.4390514,0.058046736,0.096580625,0.063113794,0.34247077,-0.005067058
1564,0.43041167,0.05764217,0.08401941,0.055834968,0.34639227,0.0018072017
1565,0.43762636,0.015756015,0.05727746,0.037863836,0.3803489,-0.022107821
1566,0.46172562,0.035869043,0.065091,0.046727818,0.39663464,-0.010858774
1567,0.5315537,0.051875457,0.1129541,0.07953835,0.41859958,-0.027662896
1568,0.5017147,0.038029816,0.091634795,0.06743133,0.4100799,-0.029401515
1569,0.41903505,0.015598179,0.03890404,0.027979037,0.380131,-0.012380858
1570,0.52723044,0.057074882,0.09483443,0.06649922,0.432396,-0.009424336
1571,0.35545573,0.016241005,0.047814503,0.034178544,0.3076412,-0.01793754
1572,0.48095128,0.08816089,0.11069002,0.07959973,0.37026125,0.008561157
1573,0.31354013,0.013897546,0.06682727,0.040010553,0.24671286,-0.026113007
1574,0.4121962,0.044285808,0.04971968,0.03326481,0.3624765,0.011020999
1575,0.45428205,0.084013894,0.06289731,0.043079503,0.39138472,0.04093439
1576,0.51025337,0.0728496,0.09333293,0.062914506,0.41692042,0.009935096
1577,0.42881793,0.06994352,0.08425215,0.06462677,0.34456578,0.005316749
1578,0.20614445,0.020778492,0.033563964,0.02694403,0.17258048,-0.006165538
1579,0.2828469,0.014968715,0.0447239,0.035043236,0.238123,-0.02007452
1580,0.57268083,0.07411061,0.09780739,0.05594722,0.47487342,0.01816339
1581,0.34969506,0.05056066,0.049227178,0.03474272,0.30046788,0.01581794
1582,0.33031574,0.03101873,0.060863584,0.04421961,0.26945215,-0.013200879
1583,0.49701706,0.077625014,0.110850036,0.07461541,0.38616702,0.0030096024
1584,0.41431585,0.05930127,0.07864231,0.061804585,0.33567354,-0.0025033168
1585,0.49122572,0.05493408,0.0796808,0.064325914,0.41154492,-0.009391833
1586,0.42092967,0.034323256,0.06100918,0.04461711,0.3599205,-0.010293853
1587,0.4672714,0.07772364,0.08577059,0.06123606,0.38150078,0.016487576
1588,0.42883956,0.024118643,0.08372021,0.05888223,0.34511936,-0.034763586
1589,0.3066211,0.06575725,0.090128064,0.052440602,0.21649304,0.01331665
1590,0.48798025,0.05767829,0.094861016,0.0687985,0.39311922,-0.011120208
1591,0.5927605,0.10207221,0.118282996,0.09223058,0.4744775,0.009841628
1592,0.4367698,0.0735246,0.10173275,0.06831415,0.33503705,0.005210452
1593,0.45867762,0.061836947,0.07724001,0.05419124,0.3814376,0.0076457076
1594,0.41753775,0.051212862,0.086945355,0.067306146,0.3305924,-0.016093284
1595,0.4525402,0.085609265,0.071913294,0.053941756,0.3806269,0.03166751
1596,0.18130362,0.0229446,0.03707879,0.025307138,0.14422482,-0.0023625381
1597,0.4458942,0.08443016,0.084267035,0.05344548,0.36162716,0.030984677
1598,0.6840154,0.16375734,0.23902795,0.16596425,0.44498745,-0.0022069067
1599,0.53337145,0.06794035,0.0901355,0.06665997,0.44323593,0.0012803748
1600,0.40121835,0.008934546,0.054045655,0.032321908,0.3471727,-0.023387361
1601,0.51838666,0.067754775,0.07615801,0.06480907,0.44222865,0.0029457062
1602,0.6503584,0.1220959,0.17672862,0.12885937,0.47362977,-0.006763473
1603,0.4920836,0.040084623,0.06470923,0.043873053,0.42737436,-0.0037884302
1604,0.34881315,0.012058676,0.05130043,0.03764443,0.2975127,-0.025585756
1605,0.5273785,0.0929758,0.12238643,0.09303535,0.40499207,-5.954504e-05
1606,0.4098318,0.049272574,0.10352626,0.0655831,0.30630553,-0.016310528
1607,0.4454156,0.05039148,0.08374916,0.061492972,0.36166644,-0.011101492
1608,0.63105816,0.0438984,0.1290063,0.07187856,0.50205183,-0.02798016
1609,0.5917758,0.06960628,0.08482516,0.062517576,0.5069506,0.007088706
1610,0.4660437,0.04605839,0.076390296,0.053340234,0.3896534,-0.0072818436
1611,0.5549504,0.05388405,0.080690846,0.055348646,0.47425956,-0.0014645942
1612,0.37609875,0.009343795,0.048529126,0.03344248,0.32756963,-0.024098683
1613,0.30937225,0.0141354045,0.0516604,0.031615645,0.25771186,-0.01748024
1614,0.45711216,0.045811106,0.074707195,0.048569217,0.38240498,-0.0027581118
1615,0.50851756,0.016630901,0.020841317,0.014493296,0.48767623,0.002137605
1616,0.31093314,0.05057729,0.0693995,0.046619017,0.24153364,0.0039582737
1617,0.6267669,0.1164591,0.16877744,0.12630685,0.45798948,-0.009847745
1618,0.39000756,0.047975007,0.07339885,0.044448756,0.3166087,0.0035262518
1619,0.3639214,0.08244776,0.07457471,0.05718149,0.2893467,0.025266271
1620,0.5323953,0.043213196,0.051708095,0.03477965,0.4806872,0.008433547
1621,0.49277997,0.06826769,0.0879725,0.06692618,0.40480748,0.0013415068
1622,0.33976874,0.010884265,0.05026298,0.02938722,0.28950575,-0.018502954
1623,0.4196151,0.0447244,0.067458004,0.048993297,0.3521571,-0.004268896
1624,0.4200863,0.07653276,0.07972564,0.057474595,0.34036064,0.019058164
1625,0.6171877,0.054665525,0.06951414,0.04533402,0.5476735,0.009331506
1626,0.47552577,0.039298363,0.07636304,0.058987778,0.3991627,-0.019689415
1627,0.3456053,0.075865865,0.064999625,0.042688224,0.28060567,0.03317764
1628,0.4237653,0.030545015,0.05208496,0.03696255,0.37168035,-0.0064175352
1629,0.4880598,0.053612005,0.07755417,0.049189575,0.41050562,0.00442243
1630,0.3271175,0.029543838,0.07416968,0.047390845,0.2529478,-0.017847007
1631,0.5543654,0.05076404,0.0923469,0.07500579,0.4620185,-0.024241753
1632,0.38782358,0.057340503,0.08377753,0.05980275,0.30404603,-0.0024622455
1633,0.45608205,0.08131944,0.09536605,0.066263296,0.360716,0.015056141
1634,0.53458834,0.070302926,0.09357296,0.07487147,0.44101536,-0.004568547
1635,0.18252537,-0.0021605378,0.03754896,0.027211765,0.1449764,-0.029372303
1636,0.57838506,0.048659954,0.076867715,0.05456693,0.50151736,-0.0059069768
1637,0.6331752,0.0026447324,0.041183,0.021927541,0.5919922,-0.019282809
1638,0.29860714,0.035100833,0.04552608,0.03899206,0.25308105,-0.003891226
1639,0.6030234,0.017467115,0.028961623,0.014582284,0.5740618,0.0028848313
1640,0.3135969,0.06717818,0.081296496,0.055191934,0.2323004,0.011986248
1641,0.42467874,0.06564202,0.090842895,0.06690948,0.33383584,-0.0012674555
1642,0.49915412,0.071889624,0.07050886,0.043490924,0.42864525,0.0283987
1643,0.4725952,0.06936656,0.08311416,0.060935713,0.38948107,0.008430846
1644,0.45131838,0.04971692,0.071339466,0.05262248,0.37997892,-0.0029055588
1645,0.46125078,0.029205479,0.069003895,0.04837077,0.3922469,-0.019165292
1646,0.48236838,0.056991387,0.09366596,0.05822484,0.38870242,-0.0012334511
1647,0.42082387,0.032679982,0.076781474,0.054213084,0.3440424,-0.021533102
1648,0.45203096,0.06988641,0.069435894,0.047923874,0.38259506,0.021962535
1649,0.40444258,0.04595258,0.069175035,0.043836553,0.33526754,0.0021160282
1650,0.3737835,0.08888798,0.07558195,0.042525895,0.29820156,0.046362087
1651,0.5057256,0.050657175,0.08523528,0.066234656,0.42049032,-0.01557748
1652,0.49096698,0.07244151,0.09692202,0.068536974,0.39404497,0.0039045364
1653,0.39345896,0.09050685,0.07123864,0.052160002,0.32222033,0.03834685
1654,0.36953,0.03922454,0.09689255,0.053858824,0.27263743,-0.014634285
1655,0.5199414,0.07727354,0.1354561,0.099068336,0.3844853,-0.021794796
1656,0.47539908,0.07212412,0.11668515,0.06707558,0.35871392,0.005048543
1657,0.54473865,0.07271748,0.1184379,0.082314685,0.42630076,-0.009597205
1658,0.46265438,0.0870763,0.10695362,0.07204967,0.35570076,0.015026629
1659,0.30687508,0.056292765,0.060318906,0.044219635,0.24655618,0.012073129
1660,0.47872892,0.021358574,0.038740955,0.027178789,0.43998796,-0.0058202147
1661,0.4867683,0.057269447,0.08281991,0.05592659,0.4039484,0.0013428554
1662,0.40689224,0.034202974,0.056373,0.038775202,0.35051924,-0.0045722276
1663,0.42259264,0.07278079,0.12422886,0.08385798,0.29836378,-0.011077195
1664,0.47914904,0.04460038,0.06311892,0.042717002,0.4160301,0.0018833764
1665,0.40858635,0.030944325,0.04667902,0.0337229,0.36190733,-0.0027785748
1666,0.27474865,0.032516632,0.055872522,0.040567596,0.21887612,-0.008050963
1667,0.5616391,0.05812554,0.101436496,0.07329991,0.46020257,-0.0151743665
1668,0.47630695,0.04682565,0.06366612,0.042518053,0.4126408,0.004307598
1669,0.66562074,0.076969095,0.109712824,0.08357783,0.5559079,-0.006608732
1670,0.5061418,0.051532995,0.053954512,0.034578137,0.45218727,0.016954858
1671,0.5629877,0.11209124,0.1837816,0.11661351,0.3792061,-0.004522264
1672,0.40759683,0.04532122,0.06358897,0.047828626,0.34400785,-0.0025074072
1673,0.32083753,0.042140547,0.04581993,0.037142146,0.2750176,0.004998401
1674,0.6629059,0.06729551,0.13973425,0.09212013,0.5231716,-0.024824627
1675,0.48876697,0.12606604,0.09462973,0.067242324,0.39413723,0.05882372
1676,0.31901658,0.048199207,0.076047294,0.052158415,0.24296927,-0.0039592087
1677,0.35421848,0.034841716,0.06674588,0.05001868,0.2874726,-0.015176963
1678,0.48988482,0.08768301,0.107712016,0.06588138,0.38217282,0.021801628
1679,0.407685,0.04704985,0.066781,0.0447587,0.340904,0.0022911504
1680,0.45266172,0.046656445,0.08470919,0.061249852,0.36795253,-0.0145934075
1681,0.5462703,0.014750614,0.039675336,0.026633745,0.50659496,-0.011883131
1682,0.4636962,0.081701465,0.06538812,0.05223142,0.3983081,0.029470045
1683,0.2553368,0.011128422,0.04040448,0.029770855,0.21493231,-0.018642433
1684,0.35361636,0.05409766,0.044229686,0.0380748,0.30938667,0.016022861
1685,0.45360082,0.044868216,0.07380131,0.052774,0.37979952,-0.007905785
1686,0.42572066,0.07141235,0.109346904,0.074682385,0.31637377,-0.0032700375
1687,0.4077952,0.048327323,0.056226987,0.043448046,0.3515682,0.004879277
1688,0.34931713,0.027931878,0.041797232,0.027474951,0.3075199,0.00045692734
1689,0.5206592,0.05826302,0.08224361,0.06376657,0.4384156,-0.00550355
1690,0.46537408,0.08389858,0.10825427,0.079679206,0.3571198,0.0042193756
1691,0.48688424,0.07313184,0.086897574,0.06019058,0.39998665,0.012941256
1692,0.40970424,0.05332987,0.08587476,0.052879,0.32382947,0.00045087188
1693,0.6974796,0.12887233,0.15980706,0.09361193,0.5376725,0.0352604
1694,0.41100234,0.05404832,0.0707067,0.049865138,0.34029564,0.0041831806
1695,0.6136382,0.124660045,0.14170924,0.09911752,0.47192898,0.025542527
1696,0.402179,0.0671002,0.06563445,0.05550794,0.33654454,0.011592258
1697,0.33833805,0.029427191,0.06743185,0.047254127,0.2709062,-0.017826935
1698,0.41307694,0.040924314,0.063836895,0.0459036,0.34924003,-0.0049792863
1699,0.5411074,0.05020924,0.08674614,0.054531652,0.45436126,-0.0043224134
1700,0.5700399,0.019110315,0.031816103,0.018611155,0.5382238,0.0004991591
1701,0.29956192,0.035065595,0.06255846,0.041671872,0.23700346,-0.006606277
1702,0.39437035,0.056708995,0.06041605,0.040054888,0.3339543,0.016654108
1703,0.5741869,0.12009076,0.15310098,0.11322451,0.42108595,0.006866254
1704,0.59818125,0.08929761,0.102339685,0.075104155,0.49584156,0.014193453
1705,0.51792896,0.058647532,0.07992812,0.047955327,0.43800083,0.010692205
1706,0.40417403,0.056453947,0.058148254,0.042294245,0.34602576,0.014159702
1707,0.35019225,0.024736073,0.06995018,0.04364385,0.2802421,-0.018907778
1708,0.62470585,0.062423028,0.09588236,0.0648434,0.5288235,-0.0024203733
1709,0.4829701,0.05972097,0.0836584,0.060948472,0.3993117,-0.0012275018
1710,0.45762718,0.07375687,0.066327244,0.04719265,0.39129993,0.026564222
1711,0.16212639,0.026465055,0.052195895,0.03561695,0.1099305,-0.009151895
1712,0.37508556,0.030447192,0.044764154,0.035066612,0.3303214,-0.0046194196
1713,0.40782392,0.062629014,0.078373745,0.051669948,0.3294502,0.010959066
1714,0.312683,0.030907612,0.04851256,0.039173923,0.26417044,-0.008266311
1715,0.44447878,0.028447932,0.043410115,0.031387795,0.40106866,-0.0029398631
1716,0.397371,0.07121377,0.097959116,0.060306918,0.2994119,0.010906849
1717,0.38606736,0.061876923,0.077733256,0.05704086,0.3083341,0.004836064
1718,0.6738339,0.013415234,0.06953064,0.04182544,0.60430324,-0.028410206
1719,0.40892118,0.034861792,0.07717897,0.050955217,0.33174223,-0.016093425
1720,0.4511618,0.04559607,0.08062178,0.053502955,0.37054002,-0.007906884
1721,0.5041439,0.0662274,0.09275888,0.06662373,0.411385,-0.00039633363
1722,0.4564092,0.028767759,0.0744826,0.055491798,0.3819266,-0.026724039
1723,0.43097258,0.041486334,0.0865028,0.053819478,0.3444698,-0.0123331435
1724,0.33432522,0.033169653,0.060704906,0.044080187,0.2736203,-0.010910533
1725,0.4330453,0.027289808,0.075564146,0.045139052,0.35748115,-0.017849244
1726,0.49623352,0.06706375,0.09793401,0.08234997,0.39829952,-0.015286222
1727,0.37915966,0.078852125,0.061992835,0.032964986,0.31716684,0.04588714
1728,0.46908677,0.062388048,0.092701316,0.061408423,0.37638545,0.0009796247
1729,0.323145,0.04621019,0.0776561,0.050979547,0.24548891,-0.004769359
1730,0.36367112,0.030581417,0.064438716,0.04665292,0.29923242,-0.016071504
1731,0.46917143,0.07387693,0.10903914,0.08165211,0.36013228,-0.00777518
1732,0.43939003,0.059420615,0.07662504,0.052616738,0.36276498,0.0068038777
1733,0.44213122,0.04394931,0.06979136,0.049715586,0.37233984,-0.0057662763
1734,0.43894842,0.031195676,0.0662166,0.0416357,0.3727318,-0.010440024
1735,0.4681651,0.044238675,0.071060345,0.052272923,0.39710474,-0.008034248
1736,0.50763196,0.04685873,0.09048934,0.058146864,0.41714263,-0.0112881325
1737,0.5025177,0.05446764,0.07098131,0.054092437,0.43153638,0.0003752038
1738,0.55026287,0.068994,0.092143044,0.0603365,0.4581198,0.0086575
1739,0.38670206,0.08586779,0.09226486,0.05643944,0.2944372,0.029428352
1740,0.4366446,0.04933638,0.066069484,0.046200372,0.37057513,0.003136009
1741,0.5533603,0.046760734,0.08655558,0.06816751,0.4668047,-0.021406773
1742,0.4224937,0.029649334,0.05564974,0.02793119,0.36684397,0.0017181449
1743,0.21907465,0.027971987,0.04193687,0.03256561,0.17713778,-0.004593622
1744,0.6287569,0.07726851,0.10475181,0.074126855,0.52400506,0.0031416565
1745,0.34831014,0.042677715,0.077461794,0.0552062,0.27084833,-0.012528483
1746,0.6042785,0.08481267,0.13307422,0.08690329,0.47120428,-0.002090618
1747,0.34244242,0.07058897,0.08943685,0.061846286,0.25300556,0.008742683
1748,0.38082367,0.032434102,0.040993877,0.032148823,0.3398298,0.000285279
1749,0.6470911,0.0784717,0.11044651,0.06087903,0.5366446,0.017592669
1750,0.42559284,0.055658374,0.08616946,0.062776014,0.3394234,-0.00711764
1751,0.59753215,0.09242282,0.11275464,0.08350602,0.4847775,0.008916803
1752,0.5394981,0.07001648,0.12992533,0.08952103,0.40957278,-0.019504547
1753,0.2979481,0.037678245,0.051995654,0.037001017,0.24595244,0.000677228
1754,0.42239448,0.018297,0.036974832,0.025449079,0.38541967,-0.0071520787
1755,0.349701,0.043236893,0.07562664,0.056198634,0.27407435,-0.012961742
1756,0.4122248,0.06962145,0.07846779,0.05521632,0.333757,0.014405131
1757,0.26201725,0.041979093,0.07126926,0.055473335,0.19074799,-0.013494242
1758,0.6975073,0.025315987,0.03966146,0.027354801,0.65784585,-0.0020388141
1759,0.5635706,0.046095632,0.09350602,0.055671353,0.47006458,-0.009575721
1760,0.6921087,0.027623076,0.08228732,0.049818948,0.6098214,-0.022195872
1761,0.50791514,0.035064947,0.058958877,0.042646863,0.44895625,-0.0075819157
1762,0.40047255,0.019772656,0.063340396,0.041965134,0.33713216,-0.022192478
1763,0.5695304,0.0904654,0.10051365,0.075470924,0.4690168,0.014994472
1764,0.36891136,0.120083764,0.09609008,0.07385318,0.27282128,0.046230584
1765,0.3822785,0.028642287,0.068946436,0.043557268,0.31333208,-0.01491498
1766,0.45168328,0.034381945,0.061275583,0.042693697,0.3904077,-0.008311752
1767,0.38163862,0.071548484,0.09493456,0.067532316,0.28670406,0.0040161684
1768,0.49030617,0.101890504,0.11507894,0.08587549,0.3752272,0.016015016
1769,0.57198626,0.12966505,0.13687599,0.10096141,0.43511027,0.028703637
1770,0.48779407,0.026172487,0.05824993,0.038299896,0.42954415,-0.012127409
1771,0.49839005,0.05043089,0.080206096,0.05157844,0.41818395,-0.0011475496
1772,0.5885052,-0.01242387,0.023422875,0.012340157,0.5650823,-0.024764027
1773,0.5145984,0.04082699,0.07465393,0.051301233,0.4399445,-0.010474242
1774,0.47316128,0.08108158,0.08355088,0.059787832,0.3896104,0.021293744
1775,0.5103649,0.045909945,0.09305004,0.06741629,0.41731486,-0.021506343
1776,0.36664194,0.035211954,0.059685923,0.040275704,0.30695602,-0.00506375
1777,0.54289293,0.11490292,0.09902472,0.06907134,0.44386822,0.045831583
1778,0.45287305,0.041140836,0.071727835,0.0554233,0.3811452,-0.014282465
1779,0.4290956,0.044857673,0.069761254,0.047984354,0.35933435,-0.0031266809
1780,0.5567114,0.06093772,0.090601996,0.06195143,0.4661094,-0.0010137074
1781,0.40528187,0.06044738,0.083477035,0.058799,0.32180482,0.0016483814
1782,0.51711947,0.081012994,0.087544814,0.06259229,0.42957467,0.018420704
1783,0.45347196,0.055976927,0.0904311,0.07231922,0.36304086,-0.01634229
1784,0.4646289,0.025540058,0.050148774,0.036155816,0.41448012,-0.010615759
1785,0.50522006,0.064284146,0.092135474,0.05378092,0.41308457,0.010503225
1786,0.41733813,0.066381715,0.07998121,0.054227363,0.33735693,0.012154352
1787,0.5356614,0.06230976,0.0753348,0.060742468,0.4603266,0.001567293
1788,0.44652227,0.08067168,0.07555251,0.0576248,0.37096977,0.023046885
1789,0.42212975,0.003661803,0.019088358,0.015150063,0.4030414,-0.01148826
1790,0.4580024,0.04970744,0.068858325,0.050824743,0.38914406,-0.001117304
1791,0.46353137,0.0928872,0.08477448,0.065355584,0.37875688,0.027531616
1792,0.5052362,0.08398365,0.12536803,0.09694713,0.37986818,-0.012963481
1793,0.42348275,0.073718876,0.08023665,0.0633177,0.3432461,0.010401174
1794,0.57876444,0.05706856,0.091073915,0.06712043,0.4876905,-0.010051873
1795,0.45869306,0.041717816,0.08144511,0.056141578,0.37724793,-0.0144237615
1796,0.42944506,0.055297334,0.11043961,0.06313309,0.31900543,-0.007835757
1797,0.39312515,0.03725899,0.06885543,0.04579497,0.3242697,-0.008535981
1798,0.55176467,0.091175206,0.12541135,0.08958696,0.42635334,0.0015882477
1799,0.4946393,0.07249991,0.107834674,0.07754861,0.38680464,-0.0050486997
1800,0.27877507,0.06571421,0.059892334,0.038409173,0.21888274,0.027305037
1801,0.36665463,0.05920282,0.06926902,0.04732062,0.29738563,0.011882201
1802,0.43015015,0.094650224,0.09997093,0.075174704,0.3301792,0.01947552
1803,0.5946194,0.06615177,0.093423545,0.058863312,0.50119585,0.007288456
1804,0.46076134,0.0334667,0.043101188,0.029890805,0.41766015,0.003575895
1805,0.40712932,0.049267925,0.07210956,0.050050497,0.33501977,-0.00078257173
1806,0.39825955,0.06545534,0.08456092,0.07279775,0.31369862,-0.007342413
1807,0.44606942,0.08431361,0.08334549,0.054521054,0.36272395,0.029792555
1808,0.5436739,0.036589257,0.08075839,0.05123827,0.46291548,-0.014649011
1809,0.35041365,0.04912589,0.0700161,0.046697456,0.28039753,0.0024284348
1810,0.40583077,0.032932032,0.059647262,0.045763277,0.3461835,-0.012831245
1811,0.31839675,0.03763469,0.07208762,0.054932527,0.24630913,-0.017297838
1812,0.5644431,0.109255545,0.12638631,0.09645369,0.4380568,0.012801856
1813,0.48651662,0.038291592,0.05724125,0.037003387,0.42927536,0.0012882054
1814,0.470863,0.07155706,0.10096674,0.07286241,0.3698963,-0.0013053492
1815,0.4905058,0.044411957,0.09316567,0.055454362,0.39734015,-0.011042405
1816,0.36352882,0.028473629,0.043378923,0.032215964,0.3201499,-0.0037423354
1817,0.36082524,0.049061086,0.059101887,0.037111375,0.30172336,0.011949711
1818,0.47941744,0.12429066,0.13580672,0.10714096,0.3436107,0.017149702
1819,0.45886967,0.06599466,0.1077794,0.0746956,0.35109025,-0.0087009445
1820,0.42104453,0.030249646,0.049858294,0.034531433,0.37118623,-0.004281787
1821,0.36702558,0.08139629,0.08437187,0.06196059,0.28265372,0.0194357
1822,0.4096732,0.061919127,0.056659482,0.033867277,0.35301372,0.02805185
1823,0.45528212,0.05875921,0.07648064,0.052977763,0.37880147,0.0057814457
1824,0.32826015,0.04689869,0.056177594,0.04126106,0.27208257,0.005637631
1825,0.37812218,0.0633596,0.0909433,0.06821121,0.28717887,-0.0048516095
1826,0.4339423,0.06741081,0.08192566,0.05230878,0.35201663,0.015102033
1827,0.5185499,0.055388667,0.079881094,0.053977437,0.43866882,0.0014112294
1828,0.3263819,0.10428154,0.13274994,0.10414833,0.19363195,0.00013320893
1829,0.515059,0.051291686,0.08679741,0.06649408,0.42826158,-0.015202392
1830,0.4308257,0.032912217,0.06796615,0.046879336,0.36285955,-0.013967119
1831,0.5857461,0.048641514,0.06716391,0.050799392,0.5185822,-0.0021578781
1832,0.52998334,0.08739461,0.13903067,0.10158919,0.39095268,-0.014194578
1833,0.5467828,0.0011124497,0.029157002,0.02108502,0.5176258,-0.01997257
1834,0.529448,0.062720604,0.09892926,0.077655345,0.43051872,-0.014934741
1835,0.4191763,0.02310677,0.07534051,0.04657833,0.3438358,-0.023471558
1836,0.2409523,0.0066438015,0.041839078,0.027962085,0.19911322,-0.021318283
1837,0.5186049,0.08776446,0.110306665,0.078830525,0.4082982,0.008933932
1838,0.3555795,0.037485518,0.06921386,0.046324976,0.28636563,-0.008839458
1839,0.6834158,0.060861453,0.1097011,0.069016516,0.5737147,-0.008155063
1840,0.4136667,0.016523348,0.067504734,0.038020838,0.34616196,-0.02149749
1841,0.4470851,0.084126,0.108312346,0.071657576,0.33877277,0.012468427
1842,0.23298441,0.026115034,0.037819467,0.02180902,0.19516495,0.0043060146
1843,0.6281399,0.1602259,0.1832383,0.114189506,0.44490162,0.046036392
1844,0.34082502,0.06256903,0.0885607,0.06583621,0.25226432,-0.003267184
1845,0.43564492,0.051638912,0.075570755,0.049536668,0.36007416,0.0021022446
1846,0.5381245,0.081931636,0.09682407,0.07516144,0.44130042,0.0067701936
1847,0.42701483,0.071628444,0.08963179,0.05635249,0.33738303,0.015275955
1848,0.26801008,0.03787862,0.062974736,0.047264557,0.20503534,-0.009385936
1849,0.4533321,0.049368158,0.08795587,0.062150646,0.36537623,-0.012782488
1850,0.6288387,0.05712547,0.10068432,0.07583131,0.5281544,-0.018705837
1851,0.2430022,0.046143167,0.05708965,0.042668592,0.18591255,0.0034745745
1852,0.43545222,0.057065237,0.07986576,0.049542446,0.35558647,0.0075227916
1853,0.44652954,0.058982022,0.108217046,0.07781446,0.3383125,-0.018832438
1854,0.4398368,0.06996351,0.07981925,0.06505276,0.36001754,0.0049107447
1855,0.65475225,0.06566517,0.11947908,0.078606725,0.5352732,-0.012941554
1856,0.45420972,0.040176716,0.0924473,0.0553085,0.3617624,-0.015131783
1857,0.39794192,0.06806074,0.08500264,0.052174162,0.3129393,0.015886579
1858,0.5005657,0.003461132,0.024507867,0.011866694,0.47605783,-0.0084055625
1859,0.38674498,0.07622901,0.09049469,0.06783609,0.29625028,0.008392923
1860,0.38719967,0.051495288,0.073851995,0.050716687,0.31334767,0.0007786006
1861,0.33553723,0.049299218,0.07490517,0.057121277,0.26063204,-0.007822059
1862,0.60425323,0.075605966,0.11862209,0.08513568,0.48563114,-0.009529717
1863,0.48031673,0.062465742,0.10776384,0.08046606,0.37255287,-0.01800032
1864,0.53201544,0.027978083,0.08270739,0.055996776,0.44930804,-0.028018693
1865,0.370955,0.061496034,0.07062471,0.050515484,0.30033028,0.01098055
1866,0.72652525,0.0024195279,0.015355788,0.010178701,0.7111695,-0.0077591734
1867,0.5659977,-0.00094579376,0.030985456,0.018359505,0.53501225,-0.019305298
1868,0.5059252,0.05703041,0.09379311,0.0584834,0.41213208,-0.0014529899
1869,0.42590576,0.07633978,0.09987244,0.07602604,0.32603332,0.00031374395
1870,0.52969307,0.050457235,0.07649944,0.05964129,0.45319363,-0.009184055
1871,0.4139514,0.059982706,0.086319804,0.059488572,0.3276316,0.0004941337
1872,0.4557079,0.07377027,0.10466733,0.07796404,0.35104057,-0.004193768
1873,0.5116359,0.052183617,0.09964727,0.071214035,0.41198862,-0.019030418
1874,0.59895396,0.038404826,0.08544497,0.056277893,0.513509,-0.017873067
1875,0.509998,0.06464892,0.07026335,0.04955304,0.43973467,0.015095878
1876,0.332317,0.034951366,0.04701726,0.025978765,0.28529972,0.008972602
1877,0.50435245,0.06057578,0.08398227,0.06417312,0.4203702,-0.0035973378
1878,0.40153858,0.049059965,0.068561986,0.05603727,0.33297658,-0.006977305
1879,0.47080442,0.053251386,0.07482882,0.05468384,0.3959756,-0.0014324561
1880,0.48551497,0.05831538,0.08459453,0.060848366,0.40092045,-0.002532985
1881,0.4113976,0.105911076,0.099412136,0.08258693,0.31198546,0.023324147
1882,0.26599973,0.05024376,0.06988104,0.050146483,0.1961187,9.7278506e-05
1883,0.5226535,0.005849191,0.022697937,0.013401074,0.4999556,-0.0075518833
1884,0.3865119,0.058198057,0.07914011,0.05658976,0.3073718,0.0016082972
1885,0.51640505,0.0517658,0.08095464,0.06498095,0.4354504,-0.013215147
1886,0.33369914,0.051961657,0.070693955,0.053091932,0.2630052,-0.0011302754
1887,0.31339374,0.08664229,0.07163785,0.061776616,0.2417559,0.024865672
1888,0.4886434,0.06352275,0.080107085,0.05015406,0.40853631,0.0133686885
1889,0.44210023,0.07305734,0.08956521,0.06675937,0.352535,0.0062979683
1890,0.3533654,0.047445327,0.08588309,0.05746863,0.2674823,-0.010023303
1891,0.4920946,0.0649825,0.10035376,0.06535889,0.39174086,-0.00037638843
1892,0.4045012,0.085011855,0.10036053,0.06659229,0.3041407,0.018419564
1893,0.37410468,0.051774185,0.062823035,0.046563003,0.31128165,0.005211182
1894,0.405145,0.08496848,0.08998893,0.066591844,0.31515604,0.018376634
1895,0.3394936,0.03823569,0.0651713,0.046678714,0.2743223,-0.008443024
1896,0.55518967,0.037644878,0.058178104,0.042223137,0.49701157,-0.004578259
1897,0.3433364,0.0198772,0.057936978,0.040357668,0.28539944,-0.020480469
1898,0.6257757,0.059553184,0.097588025,0.059874814,0.5281877,-0.0003216304
1899,0.47726613,0.07027366,0.08653895,0.06536984,0.3907272,0.004903823
1900,0.40371403,0.08043897,0.1401604,0.09742535,0.26355362,-0.016986378
1901,0.42309204,0.06370614,0.046818353,0.03343702,0.3762737,0.030269116
1902,0.53660995,0.08040411,0.106480435,0.07599827,0.43012953,0.004405841
1903,0.4456392,0.08014509,0.08961166,0.061760176,0.35602754,0.018384915
1904,0.36083713,0.036352128,0.06071968,0.042286832,0.30011746,-0.005934704
1905,0.35889602,0.059897497,0.08934869,0.0723242,0.26954734,-0.012426704
1906,0.43660474,0.048769753,0.09507763,0.058484852,0.3415271,-0.009715099
1907,0.4274536,0.06558257,0.078218654,0.05613357,0.34923494,0.009449005
1908,0.39415848,0.05400153,0.060278475,0.039229643,0.33388,0.014771886
1909,0.4619525,0.034143776,0.08586859,0.059094112,0.3760839,-0.024950337
1910,0.31625858,0.087941125,0.0907989,0.06732824,0.22545968,0.020612888
1911,0.4737247,0.09096825,0.11256095,0.08186461,0.36116374,0.009103641
1912,0.6353519,0.062185694,0.071983434,0.053377368,0.56336844,0.008808326
1913,0.4659879,0.060891032,0.08047231,0.05509304,0.38551557,0.0057979934
1914,0.3755547,0.059065342,0.08760964,0.06046135,0.28794506,-0.0013960078
1915,0.49294415,0.07001879,0.09052121,0.06170409,0.40242293,0.008314699
1916,0.49269983,0.020107483,0.07301502,0.050900377,0.41968483,-0.030792894
1917,0.4553348,0.02444565,0.07749072,0.046898052,0.3778441,-0.022452403
1918,0.4930628,0.040361773,0.069607235,0.051389318,0.42345557,-0.011027545
1919,0.39459345,0.0748687,0.07621805,0.06001848,0.3183754,0.014850222
1920,0.36469996,0.06624276,0.06253257,0.04585112,0.3021674,0.020391643
1921,0.44995555,0.049172238,0.09801464,0.060317855,0.35194093,-0.011145618
1922,0.23811373,0.07501191,0.11049203,0.083241165,0.12762171,-0.008229256
1923,0.36038002,0.0522548,0.05869434,0.041194122,0.3016857,0.0110606775
1924,0.39086583,0.05847286,0.08531814,0.06211366,0.30554768,-0.0036408007
1925,0.20933272,0.084264256,0.06657894,0.04607991,0.14275378,0.038184345
1926,0.39780083,0.05632364,0.091336966,0.06074511,0.30646387,-0.004421469
1927,0.33943895,0.02819231,0.05523602,0.044137094,0.28420293,-0.015944785
1928,0.51110613,0.059503455,0.1003211,0.07512987,0.41078502,-0.015626412
1929,0.43013528,0.055271175,0.06043433,0.04781209,0.36970094,0.0074590854
1930,0.6847098,0.0503139,0.09538226,0.07231476,0.5893275,-0.02200086
1931,0.41694278,0.033552982,0.058549095,0.03856837,0.35839367,-0.005015388
1932,0.48546246,0.07206755,0.07548879,0.057412814,0.40997368,0.014654737
1933,0.17585658,0.013662949,0.029741988,0.020821193,0.14611459,-0.007158244
1934,0.60428566,0.13776523,0.13557906,0.10522364,0.4687066,0.032541588
1935,0.49676606,0.04578227,0.07963928,0.053660106,0.41712677,-0.007877834
1936,0.35276857,0.04458702,0.08169869,0.05740596,0.27106988,-0.01281894
1937,0.52029794,0.04991414,0.07611491,0.056441713,0.44418305,-0.006527573
1938,0.6475379,0.070138864,0.09301131,0.064401165,0.55452657,0.0057376996
1939,0.25830546,0.00012756954,0.036499947,0.022255491,0.22180551,-0.022127923
1940,0.61317337,0.08447981,0.12259227,0.08531664,0.4905811,-0.0008368343
1941,0.53451794,0.0779851,0.10964072,0.07585381,0.42487723,0.0021312907
1942,0.373073,0.07991908,0.10875183,0.07703923,0.26432118,0.0028798506
1943,0.47772795,0.06637701,0.09304106,0.06398773,0.3846869,0.0023892745
1944,0.53885907,0.059247125,0.087014616,0.059321743,0.45184445,-7.4617565e-05
1945,0.17559339,0.030308127,0.040902264,0.028855627,0.13469112,0.0014525
1946,0.32248092,0.03524813,0.06334575,0.04123702,0.25913516,-0.0059888884
1947,0.46393448,0.054916654,0.07963908,0.057842214,0.3842954,-0.0029255599
1948,0.20186432,0.026449174,0.06472095,0.047242634,0.13714337,-0.02079346
1949,0.3732316,0.028868118,0.07567181,0.05110703,0.2975598,-0.022238912
1950,0.5041842,0.09554397,0.14530781,0.10511329,0.35887638,-0.009569317
1951,0.6134671,0.035001833,0.07373111,0.053851277,0.539736,-0.018849444
1952,0.30277213,0.05451685,0.064233385,0.043317787,0.23853874,0.011199061
1953,0.41646025,0.03647584,0.06752691,0.042706825,0.34893334,-0.006230984
1954,0.80576056,0.059388004,0.13442415,0.08380874,0.6713364,-0.024420738
1955,0.551418,0.06424314,0.11142746,0.074550495,0.43999055,-0.010307357
1956,0.5229751,0.05914563,0.08086055,0.059372194,0.44211453,-0.0002265647
1957,0.7022531,0.05882058,0.08321921,0.054206263,0.6190339,0.004614316
1958,0.4930772,0.044614997,0.06825431,0.050094385,0.42482287,-0.005479388
1959,0.54961103,0.08846787,0.10026761,0.07521041,0.4493434,0.013257466
1960,0.49185735,0.07049673,0.066470146,0.042740073,0.4253872,0.027756657
1961,0.5573643,0.07030351,0.10545089,0.06291764,0.4519134,0.007385865
1962,0.57880706,0.15818809,0.21309432,0.16444011,0.36571273,-0.0062520206
1963,0.42497522,0.042329002,0.06726279,0.049978577,0.35771242,-0.0076495744
1964,0.48662424,0.091511995,0.09240296,0.06382517,0.39422128,0.027686827
1965,0.40730837,0.071493946,0.09616249,0.06917793,0.31114587,0.002316013
1966,0.4899887,0.077000186,0.078268945,0.05903827,0.41171977,0.017961916
1967,0.50689936,0.15547387,0.15981711,0.12149517,0.34708226,0.0339787
1968,0.4452925,0.09272827,0.13293907,0.09695506,0.31235343,-0.004226789
1969,0.55029917,0.0527303,0.08449504,0.06242638,0.46580413,-0.009696081
1970,0.55877644,0.105284095,0.17837903,0.12079854,0.3803974,-0.015514448
1971,0.5236821,0.108017966,0.1318073,0.09720648,0.39187482,0.010811485
1972,0.5474263,0.11734322,0.10476567,0.08365716,0.44266063,0.033686057
1973,0.45812136,0.077809125,0.083303936,0.06378878,0.37481743,0.014020346
1974,0.54356796,0.0934664,0.099585965,0.073975,0.443982,0.019491404
1975,0.41452995,0.09046039,0.09351149,0.069763586,0.32101846,0.020696804
1976,0.6315522,0.091740616,0.12979162,0.08715254,0.5017606,0.004588075
1977,0.6418017,0.12503245,0.1254414,0.09695256,0.5163603,0.028079897
1978,0.5505745,0.107763536,0.14763062,0.10158577,0.40294385,0.006177768
1979,0.35127467,0.029971637,0.059381038,0.039987706,0.29189363,-0.010016069
1980,0.4601325,0.07199577,0.09733899,0.07416247,0.3627935,-0.002166696
1981,0.35368183,0.05052104,0.07821225,0.05032106,0.2754696,0.00019997731
1982,0.3813123,0.036783554,0.04360782,0.029210996,0.33770448,0.007572558
1983,0.38967887,0.051800318,0.07866516,0.05724884,0.3110137,-0.00544852
1984,0.47765777,0.06498707,0.09249796,0.064195216,0.3851598,0.00079185516
1985,0.40846005,0.06606112,0.05286146,0.038842883,0.3555986,0.027218234
1986,0.41759107,0.053881537,0.08371852,0.065748475,0.33387256,-0.011866938
1987,0.55674356,0.041278932,0.09208585,0.06180029,0.46465772,-0.020521358
1988,0.4023056,0.05234548,0.057703782,0.0413508,0.3446018,0.01099468
1989,0.35543132,0.04421715,0.049987614,0.03879892,0.3054437,0.00541823
1990,0.18810354,0.043068144,0.077957585,0.049288932,0.11014596,-0.0062207878
1991,0.5728113,0.07636142,0.106150255,0.071044475,0.46666104,0.005316943
1992,0.55398256,0.0722565,0.09172602,0.05696088,0.46225655,0.015295617
1993,0.4484942,0.03760462,0.056083906,0.039257366,0.39241028,-0.0016527474
1994,0.52308035,0.033970837,0.07030929,0.05160778,0.45277107,-0.017636944
1995,0.44854712,0.05112281,0.07411368,0.052281044,0.37443346,-0.0011582337
1996,0.49999738,0.084397286,0.08942573,0.069429874,0.41057163,0.014967412
1997,0.43963024,0.03422032,0.092025265,0.06181268,0.347605,-0.027592361
1998,0.53375477,0.05660147,0.08467809,0.058350153,0.44907668,-0.0017486848
1999,0.40757027,0.052602686,0.07440807,0.05346216,0.3331622,-0.0008594729
2000,0.440416,0.0732821,0.08062078,0.05978536,0.3597952,0.013496742
2001,0.42604262,0.08757638,0.12016107,0.09126852,0.30588156,-0.0036921352
2002,0.4378818,0.07305315,0.095713116,0.070054255,0.3421687,0.002998896
2003,0.5193074,0.06650715,0.1030369,0.064256474,0.41627046,0.0022506788
2004,0.51522815,0.08800533,0.07556592,0.058134425,0.43966222,0.029870901
2005,0.4243116,0.039172657,0.06290769,0.047137093,0.3614039,-0.007964436
2006,0.49518162,0.050264116,0.082634404,0.053741306,0.41254723,-0.0034771897
2007,0.27979717,0.019315138,0.046458937,0.029249614,0.23333824,-0.009934476
2008,0.30974633,0.0642455,0.08877753,0.053110935,0.2209688,0.011134565
2009,0.5018142,0.03015737,0.07438382,0.051687974,0.42743036,-0.021530604
2010,0.53029287,0.06125432,0.07921358,0.057670582,0.45107928,0.0035837367
2011,0.56331843,0.07612444,0.10224388,0.071690366,0.46107456,0.0044340715
2012,0.42332092,0.029708747,0.06515528,0.04591437,0.35816562,-0.016205624
2013,0.44357058,0.08246395,0.1363173,0.09407361,0.3072533,-0.011609659
2014,0.48091832,0.024944035,0.092627764,0.054930963,0.38829055,-0.029986927
2015,0.31244406,0.039260954,0.08113818,0.045191884,0.23130588,-0.0059309304
2016,0.41119024,0.0400954,0.068127565,0.050376058,0.34306267,-0.010280658
2017,0.58712006,0.07686927,0.11354236,0.07673388,0.47357768,0.00013539195
2018,0.4870846,0.049940087,0.08095998,0.058616538,0.40612462,-0.008676451
2019,0.6135326,0.064904265,0.12604511,0.08077425,0.4874875,-0.015869983
2020,0.424214,0.052371483,0.07180846,0.05209124,0.35240555,0.0002802424
2021,0.49870047,0.044979624,0.07293586,0.047097724,0.42576462,-0.0021180995
2022,0.45818493,0.06634156,0.09040437,0.06572416,0.36778057,0.0006173998
2023,0.3424418,0.04185574,0.07488634,0.056501366,0.26755548,-0.014645625
2024,0.35219753,0.025978247,0.030830886,0.02346219,0.32136664,0.0025160573
2025,0.6259845,0.09375106,0.11669662,0.07996042,0.5092879,0.013790637
2026,0.3653732,0.031890474,0.057685,0.039424382,0.3076882,-0.007533908
2027,0.4228749,0.041053567,0.07811807,0.056876563,0.34475684,-0.015822995
2028,0.6690196,0.06780654,0.10738741,0.08117786,0.56163216,-0.013371319
2029,0.31989446,0.011291783,0.07878043,0.046280783,0.24111404,-0.034989
2030,0.48415437,0.06873055,0.10746882,0.07469421,0.37668556,-0.005963661
2031,0.4079402,-0.003072316,0.014777636,0.012732958,0.39316258,-0.015805274
2032,0.28752065,0.038330983,0.056219183,0.042431697,0.23130146,-0.004100714
2033,0.5090849,0.039623927,0.06022681,0.04144104,0.44885808,-0.0018171109
2034,0.55122226,0.0678372,0.07788442,0.053131647,0.47333783,0.014705554
2035,0.4815431,0.051975023,0.07419739,0.049406465,0.4073457,0.0025685579
2036,0.6500431,0.06826948,0.10381162,0.07150729,0.54623145,-0.0032378137
2037,0.5093719,0.06599024,0.09845615,0.07552023,0.41091573,-0.009529993
2038,0.51604724,0.052679107,0.096264124,0.060982812,0.41978312,-0.008303706
2039,0.412872,0.06843538,0.1071051,0.078881115,0.30576688,-0.010445736
2040,0.5283866,0.098459825,0.11380549,0.07528751,0.41458112,0.023172311
2041,0.40825963,0.037150938,0.06682885,0.04616055,0.34143078,-0.009009611
2042,0.6510424,0.05569032,0.114577636,0.08184247,0.53646475,-0.026152149
2043,0.54468685,0.068476595,0.07401844,0.059498794,0.4706684,0.008977801
2044,0.5239348,0.017679816,0.08345572,0.04314754,0.44047907,-0.025467725
2045,0.3110665,0.052170683,0.073263146,0.040656954,0.23780337,0.011513729
2046,0.23985615,0.017428834,0.034638114,0.020298097,0.20521805,-0.0028692633
2047,0.5026734,0.020293608,0.03610337,0.030125028,0.46657002,-0.009831419
2048,0.32851145,0.032242138,0.052867454,0.03648371,0.275644,-0.004241571
2049,0.44243002,0.03076115,0.055164266,0.038878463,0.38726574,-0.008117313
2050,0.5341993,0.096918486,0.07608831,0.0548751,0.458111,0.042043388
2051,0.50424105,0.038121827,0.08114673,0.059478175,0.42309433,-0.021356348
2052,0.37692264,0.070716694,0.07570372,0.052107085,0.30121893,0.01860961
2053,0.4168846,0.020955412,0.05429522,0.035977233,0.3625894,-0.0150218215
2054,0.30036572,0.044879757,0.061905585,0.044838093,0.23846012,4.1663647e-05
2055,0.6083038,0.119247384,0.07511227,0.05747251,0.5331915,0.061774876
2056,0.32871926,0.070298076,0.09509336,0.067145266,0.23362589,0.00315281
2057,0.5792206,0.05906829,0.094315134,0.065831475,0.48490545,-0.0067631863
2058,0.42764416,0.011552119,0.038864166,0.015688475,0.38878,-0.0041363565
2059,0.47268325,0.040381,0.08833468,0.059461404,0.38434857,-0.019080404
2060,0.49231562,0.06812259,0.05647274,0.040427566,0.43584287,0.027695023
2061,0.5234571,0.031695846,0.079295725,0.042712826,0.4441614,-0.01101698
2062,0.64365774,0.0025988978,0.038107507,0.018737528,0.6055502,-0.01613863
2063,0.33311078,0.02655709,0.07276071,0.050511174,0.26035008,-0.023954084
2064,0.44153243,0.04750758,0.079870574,0.04854383,0.36166185,-0.0010362491
2065,0.5040729,0.042964004,0.06832446,0.050118484,0.43574846,-0.0071544796
2066,0.44012696,0.06354188,0.080345914,0.05724136,0.35978103,0.00630052
2067,0.47843733,0.03833739,0.078700185,0.047676645,0.39973715,-0.009339254
2068,0.5630263,0.017306432,0.015865624,0.013837675,0.5471607,0.0034687575
2069,0.53223103,0.0871176,0.12373923,0.09249995,0.4084918,-0.0053823516
2070,0.534669,0.1215092,0.10455624,0.0758041,0.43011275,0.045705102
2071,0.30970907,0.04733545,0.068666466,0.046576716,0.24104261,0.0007587336
2072,0.31933036,0.087744765,0.10278238,0.07482662,0.21654798,0.012918144
2073,0.6168506,0.051972207,0.0635236,0.042784274,0.553327,0.009187933
2074,0.42950037,0.07435394,0.08255708,0.06838606,0.3469433,0.005967878
2075,0.41929483,0.034546312,0.09654441,0.051365264,0.32275042,-0.016818952
2076,0.48626903,0.04649415,0.06797467,0.050268345,0.41829437,-0.003774196
2077,0.5090792,0.047500316,0.0559519,0.042983204,0.45312732,0.004517112
2078,0.6203416,0.06572438,0.11352819,0.07645853,0.5068134,-0.010734148
2079,0.30751768,0.047187008,0.05415993,0.04186008,0.25335774,0.0053269267
2080,0.45001748,0.042736426,0.05992893,0.04078663,0.39008856,0.0019497946
2081,0.54238945,0.079037905,0.10461195,0.081386074,0.43777752,-0.0023481697
2082,0.5160586,0.06548411,0.07643964,0.059170406,0.43961897,0.0063137
2083,0.4760357,0.041728895,0.07304871,0.05289793,0.402987,-0.011169035
2084,0.39347336,0.059124194,0.0667873,0.04704546,0.32668605,0.012078732
2085,0.42572725,0.049347986,0.10621723,0.05379001,0.31951,-0.004442025
2086,0.5997174,0.059030015,0.09934143,0.067843445,0.5003759,-0.00881343
2087,0.6889611,0.100783974,0.14110999,0.09374786,0.5478511,0.0070361122
2088,0.4192104,0.07444394,0.095794454,0.07932311,0.32341594,-0.0048791766
2089,0.38080883,0.07366285,0.07255368,0.055590797,0.30825514,0.01807205
2090,0.38346064,0.050621655,0.06862088,0.049670376,0.31483975,0.00095127895
2091,0.48846212,0.09627492,0.08893489,0.05427857,0.39952722,0.04199635
2092,0.4229215,0.048674814,0.07683109,0.04789289,0.34609044,0.00078192353
2093,0.57331043,0.07652643,0.10177505,0.068520114,0.47153538,0.008006319
2094,0.4967721,0.11234732,0.15344083,0.11322963,0.34333128,-0.00088231266
2095,0.4249069,0.053101424,0.0594817,0.042695172,0.3654252,0.010406252
2096,0.48833427,0.06963307,0.07649328,0.051204372,0.41184098,0.018428694
2097,0.5206953,0.05089462,0.08384389,0.054833286,0.43685144,-0.0039386638
2098,0.21156877,0.04471593,0.0467226,0.02926288,0.16484618,0.01545305
2099,0.51592535,0.054352716,0.073609166,0.052478027,0.44231617,0.001874689
2100,0.380843,0.024812454,0.056097914,0.04165902,0.3247451,-0.016846566
2101,0.24581712,0.03059574,0.041522875,0.027487013,0.20429425,0.0031087268
2102,0.45316103,0.054021843,0.06903724,0.054810774,0.3841238,-0.0007889308
2103,0.37224284,0.08543461,0.102795675,0.07098101,0.26944715,0.014453597
2104,0.60272294,0.12423989,0.12250642,0.09809526,0.48021653,0.026144631
2105,0.2663198,0.061781917,0.062168963,0.041403417,0.20415086,0.0203785
2106,0.50417143,0.08011796,0.075955644,0.05748998,0.4282158,0.022627983
2107,0.37543595,0.06071775,0.076810695,0.046940617,0.29862526,0.013777133
2108,0.5247497,0.056211084,0.13788056,0.08403279,0.38686913,-0.027821705
2109,0.5724927,0.08544257,0.11210748,0.08217148,0.46038523,0.0032710955
2110,0.42771482,0.057412993,0.092019506,0.06817262,0.33569533,-0.010759626
2111,0.52564615,0.0619081,0.08965988,0.06825272,0.43598628,-0.00634462
2112,0.48017344,0.08427629,0.09104208,0.06962455,0.38913137,0.014651738
2113,0.48418707,0.06609288,0.071331695,0.050697815,0.4128554,0.015395064
2114,0.4673141,0.12691776,0.114271425,0.09183895,0.35304266,0.035078816
2115,0.48008168,0.039541204,0.057954647,0.04274602,0.42212704,-0.003204815
2116,0.30341733,0.051406298,0.07570663,0.05251322,0.2277107,-0.0011069216
2117,0.49652287,0.09511254,0.085807785,0.062479746,0.4107151,0.032632794
2118,0.41859412,0.03908355,0.06649385,0.044861756,0.35210028,-0.0057782046
2119,0.2924944,0.027004339,0.05195871,0.03710587,0.24053568,-0.010101531
2120,0.434687,0.107295565,0.15005171,0.093163274,0.28463528,0.014132291
2121,0.5205569,0.027624825,0.03086933,0.022681568,0.4896876,0.004943257
2122,0.5168758,0.09142427,0.12508239,0.08672036,0.39179343,0.004703909
2123,0.47172067,0.08650416,0.098483786,0.06575834,0.3732369,0.020745821
2124,0.3724693,0.07111574,0.081048034,0.05742973,0.29142126,0.013686009
2125,0.42399773,0.08449415,0.10055796,0.0709406,0.32343978,0.013553552
2126,0.49310163,0.06832961,0.049426056,0.04142333,0.44367558,0.026906282
2127,0.30614334,0.07252918,0.06682028,0.057184625,0.23932306,0.015344556
2128,0.40040898,0.029519994,0.07087498,0.05216495,0.329534,-0.022644956
2129,0.22684278,0.073038906,0.061533935,0.046247333,0.16530883,0.026791573
2130,0.43265653,0.024189625,0.050357334,0.040449195,0.38229918,-0.01625957
2131,0.40572366,0.024230907,0.03948038,0.02557378,0.36624327,-0.001342874
2132,0.8159164,0.08851455,0.13212746,0.08937054,0.68378896,-0.00085598975
2133,0.47175077,0.0558522,0.083749495,0.0633115,0.38800126,-0.0074593015
2134,0.353389,0.06925945,0.08135004,0.05684676,0.27203894,0.01241269
2135,0.6090096,0.077874385,0.10864945,0.07944836,0.5003602,-0.0015739724
2136,0.539342,0.11518869,0.12194781,0.09482978,0.41739416,0.020358905
2137,0.39287257,0.023309557,0.053762488,0.03450071,0.33911008,-0.011191154
2138,0.62907386,0.06630621,0.07283978,0.056879602,0.55623406,0.009426609
2139,0.48947477,0.025936034,0.042268924,0.02658382,0.44720584,-0.000647787
2140,0.52010936,0.055974085,0.103182256,0.07098937,0.4169271,-0.015015285
2141,0.592495,0.12780136,0.15254371,0.11674144,0.4399513,0.0110599175
2142,0.57355046,0.122518145,0.1124142,0.07973697,0.46113625,0.042781174
2143,0.4494722,0.036356192,0.06809697,0.04706382,0.38137522,-0.010707628
2144,0.38729134,0.059534207,0.07497136,0.05241257,0.31232,0.0071216375
2145,0.5300833,0.043316863,0.05783506,0.040773146,0.47224823,0.0025437176
2146,0.5854523,0.013660577,0.101144,0.05608957,0.4843083,-0.042428993
2147,0.54044676,0.086044826,0.11506538,0.08162848,0.42538136,0.0044163465
2148,0.4183281,0.05285686,0.08588384,0.06334963,0.33244425,-0.010492768
2149,0.46485576,0.010937747,0.053646404,0.038139544,0.41120934,-0.027201798
2150,0.39495957,0.057589393,0.06700219,0.047951646,0.3279574,0.009637747
2151,0.3271479,0.018412633,0.047176655,0.033193476,0.27997124,-0.014780844
2152,0.21983632,0.016037354,0.07663872,0.05209886,0.1431976,-0.036061503
2153,0.6120573,0.09788494,0.14638153,0.095188215,0.4656758,0.0026967227
2154,0.2685779,0.014866927,0.017554956,0.011706095,0.25102293,0.0031608315
2155,0.256595,0.031230483,0.05215607,0.035921406,0.20443892,-0.004690923
2156,0.5237328,0.09821187,0.1509025,0.09675834,0.37283027,0.0014535263
2157,0.4602774,0.06270886,0.06961019,0.052313685,0.3906672,0.010395177
2158,0.40849108,0.059798043,0.07788114,0.050401032,0.33060992,0.009397011
2159,0.42154443,0.07003645,0.09981765,0.07214085,0.3217268,-0.0021044016
2160,0.43412125,0.048430808,0.07461266,0.050108712,0.35950857,-0.0016779043
2161,0.5391138,0.09629275,0.10801977,0.07205081,0.43109405,0.02424194
2162,0.52572155,0.08181312,0.11304496,0.085897304,0.41267657,-0.0040841848
2163,0.38218227,0.056084584,0.0913303,0.06704036,0.29085198,-0.010955777
2164,0.23723753,0.0058501717,0.034313805,0.023445262,0.20292372,-0.01759509
2165,0.5265869,0.05163363,0.08244221,0.065074265,0.44414467,-0.013440635
2166,0.4315348,0.02735477,0.078693986,0.049587093,0.3528408,-0.022232324
2167,0.3386037,0.056302223,0.079204336,0.05097265,0.25939935,0.0053295717
2168,0.3771873,0.0579264,0.06993209,0.050634164,0.3072552,0.007292237
2169,0.42481354,0.061323863,0.08464489,0.061157715,0.34016865,0.00016614795
2170,0.29585615,0.032030396,0.0609049,0.045723736,0.23495124,-0.01369334
2171,0.3105504,0.055972688,0.06005037,0.04556594,0.25050002,0.010406747
2172,0.41357952,0.0046184426,0.052098572,0.03942311,0.36148095,-0.03480467
2173,0.41798127,0.052857254,0.08299132,0.055085134,0.33498996,-0.00222788
2174,0.38705873,0.06401236,0.10019084,0.07109891,0.2868679,-0.007086545
2175,0.48221466,0.06243929,0.10506443,0.07453239,0.37715024,-0.012093101
2176,0.48699412,0.033881117,0.058951713,0.042293523,0.4280424,-0.008412406
2177,0.50786626,0.09899701,0.08939395,0.062041175,0.41847232,0.036955837
2178,0.6617075,0.02208073,0.03110351,0.016139062,0.630604,0.0059416685
2179,0.5004375,0.03281052,0.06902383,0.041028578,0.43141365,-0.008218057
2180,0.68490064,0.12852477,0.15697764,0.11229976,0.527923,0.016225003
2181,0.40675122,0.04965387,0.074728206,0.060145777,0.33202302,-0.010491908
2182,0.64262176,0.07164266,0.12190626,0.080098316,0.5207155,-0.0084556565
2183,0.42743015,0.043281864,0.08749155,0.060984798,0.3399386,-0.017702933
2184,0.481079,0.039886445,0.08476059,0.05623703,0.39631844,-0.016350586
2185,0.4940713,0.0761488,0.12043227,0.0846156,0.37363905,-0.008466803
2186,0.48137036,0.07059098,0.08510381,0.058971457,0.39626655,0.011619523
2187,0.29383108,0.020896945,0.0630839,0.038924363,0.23074718,-0.018027417
2188,0.32725844,0.050681587,0.06793758,0.049810976,0.25932086,0.0008706115
2189,0.65640676,0.08720631,0.09759463,0.06896547,0.55881214,0.01824084
2190,0.5086629,0.07193564,0.08016492,0.057154734,0.42849797,0.014780905
2191,0.49952024,0.04561626,0.069989346,0.05347275,0.4295309,-0.007856488
2192,0.5856697,0.042415924,0.118811205,0.06976954,0.4668585,-0.027353615
2193,0.573554,0.10835485,0.091530636,0.05046898,0.48202336,0.05788587
2194,0.5260256,0.07552563,0.08150673,0.05107513,0.44451886,0.024450496
2195,0.48166355,0.056098863,0.08083572,0.06552377,0.40082783,-0.00942491
2196,0.33205947,0.06434175,0.06865044,0.050712813,0.26340902,0.013628941
2197,0.3832736,0.050943278,0.049343593,0.040984772,0.33393002,0.009958506
2198,0.24967629,0.06693802,0.060127567,0.043386154,0.18954872,0.023551866
2199,0.25171626,0.03859398,0.035329394,0.02379509,0.21638685,0.014798891
2200,0.26295832,0.035790686,0.055101044,0.039912455,0.20785728,-0.004121769
2201,0.46013087,0.056218185,0.09988905,0.06046918,0.36024183,-0.004250996
2202,0.36594382,0.078555,0.10287031,0.08204188,0.2630735,-0.0034868792
2203,0.38346925,0.03734628,0.060099997,0.038206097,0.32336926,-0.0008598156
2204,0.53537047,0.057454873,0.073667124,0.04603635,0.46170336,0.011418521
2205,0.31477094,0.08031026,0.09779628,0.06849944,0.21697465,0.011810824
2206,0.46867537,0.043131452,0.09009293,0.06344123,0.37858245,-0.02030978
2207,0.36281312,0.035186794,0.05321474,0.036309183,0.3095984,-0.001122389
2208,0.47946,0.040711682,0.11059876,0.07159567,0.36886126,-0.030883987
2209,0.35343137,0.042558048,0.07130891,0.048150558,0.28212246,-0.00559251
2210,0.46684155,0.049195364,0.06536372,0.04980007,0.4014778,-0.000604704
2211,0.5148226,0.052627243,0.115584336,0.07342717,0.39923826,-0.020799927
2212,0.39048895,0.07337332,0.08282015,0.05605508,0.3076688,0.017318238
2213,0.42938602,0.0398873,0.08756052,0.05941813,0.3418255,-0.019530829
2214,0.47053838,0.044461027,0.06671228,0.046985827,0.4038261,-0.0025248006
2215,0.34573302,0.033674948,0.053029217,0.037117798,0.2927038,-0.00344285
2216,0.54708076,0.049087655,0.09303786,0.06864797,0.4540429,-0.019560318
2217,0.42010266,0.04572042,0.06973001,0.04978612,0.35037264,-0.0040657
2218,0.45043966,0.00048330045,0.071105585,0.043172166,0.3793341,-0.042688865
2219,0.32896954,0.050711803,0.08412786,0.06635161,0.24484168,-0.015639804
2220,0.42641792,0.06796708,0.07795995,0.05648166,0.34845796,0.01148542
2221,0.40247822,0.083925955,0.07947944,0.060983557,0.32299876,0.022942398
2222,0.32803163,0.044485748,0.08290185,0.06548999,0.24512978,-0.021004245
2223,0.45484585,0.032061074,0.087237135,0.055971634,0.36760873,-0.02391056
2224,0.46275586,0.0912672,0.109694265,0.08340943,0.3530616,0.00785777
2225,0.5153197,0.03764715,0.07744762,0.046325695,0.43787208,-0.008678544
2226,0.46135724,0.019400528,0.046957605,0.032993324,0.41439962,-0.013592796
2227,0.5076591,0.06192231,0.10167915,0.066495754,0.40597993,-0.004573442
2228,0.43550983,0.0900933,0.050780643,0.04231468,0.38472918,0.04777862
2229,0.3771634,0.059100613,0.06927034,0.049790524,0.30789307,0.009310089
2230,0.49786016,0.037158966,0.061543573,0.043819234,0.43631658,-0.0066602677
2231,0.3760235,0.07948338,0.09636795,0.06767461,0.27965555,0.011808775
2232,0.2922855,0.058310896,0.05967204,0.04526162,0.23261346,0.013049275
2233,0.441545,0.04763313,0.062561646,0.044465322,0.37898338,0.003167808
2234,0.36614236,0.04122587,0.05559037,0.038645692,0.310552,0.002580177
2235,0.4478124,0.06820954,0.06742315,0.046845227,0.38038927,0.021364309
2236,0.31483147,0.04560941,0.06885736,0.048406858,0.24597411,-0.0027974471
2237,0.52166176,0.06642597,0.07367559,0.051922403,0.4479862,0.014503568
2238,0.33307073,0.06881558,0.076022126,0.047771007,0.2570486,0.021044575
2239,0.6408546,0.058361687,0.09835458,0.067032665,0.5425,-0.008670978
2240,0.5548333,0.08343068,0.09994144,0.071447626,0.45489186,0.011983052
2241,0.21569586,0.018460901,0.034590214,0.027509863,0.18110564,-0.009048961
2242,0.5098535,0.045771692,0.07805504,0.055297803,0.43179846,-0.009526111
2243,0.491073,0.062904425,0.10575962,0.07034396,0.3853134,-0.0074395314
2244,0.5225566,0.031675942,0.042802803,0.02671441,0.4797538,0.0049615316
2245,0.6384714,0.036746502,0.08731426,0.056762405,0.5511572,-0.020015903
2246,0.43712655,0.06271216,0.07956837,0.053158958,0.3575582,0.009553205
2247,0.38195333,0.04905647,0.058309764,0.041384734,0.32364357,0.007671736
2248,0.5200385,0.05154883,0.081079304,0.054231577,0.43895918,-0.0026827455
2249,0.36737558,0.06048251,0.083061494,0.058362834,0.2843141,0.0021196753
2250,0.22399217,0.050808426,0.058952093,0.038270365,0.16504008,0.012538061
2251,0.45129433,0.07217659,0.10525898,0.07867454,0.34603536,-0.0064979494
2252,0.5701966,0.14352597,0.20035926,0.1327925,0.36983737,0.01073347
2253,0.673572,0.05646224,0.07961591,0.054196525,0.5939561,0.002265714
2254,0.5748664,0.122521244,0.10261436,0.07506464,0.47225207,0.047456607
2255,0.4166689,0.040436115,0.07418243,0.051876675,0.34248647,-0.01144056
2256,0.3055773,0.051978458,0.047517583,0.037482835,0.25805974,0.014495622
2257,0.32483646,0.05783987,0.07892923,0.05690367,0.24590723,0.000936199
2258,0.42334452,0.06022971,0.08140751,0.058481824,0.341937,0.0017478876
2259,0.5218748,0.1036328,0.10468836,0.07691461,0.41718644,0.026718192
2260,0.41611847,0.08601296,0.098472,0.065943316,0.31764647,0.020069644
2261,0.45784235,0.100958586,0.13376063,0.104725875,0.32408172,-0.0037672892
2262,0.36197305,0.07143025,0.089252576,0.05935385,0.27272046,0.0120764
2263,0.36046693,0.03583865,0.063887104,0.040521156,0.29657984,-0.0046825074
2264,0.38085696,0.055888455,0.06955614,0.05346225,0.3113008,0.002426207
2265,0.4608975,0.07508807,0.07999008,0.056693714,0.38090742,0.018394355
2266,0.7052328,-0.012914527,0.016438138,0.009518819,0.6887947,-0.022433346
2267,0.50673556,0.08251637,0.107156835,0.079241395,0.39957872,0.0032749772
2268,0.45343584,0.050344124,0.077282324,0.051913805,0.37615353,-0.0015696809
2269,0.40993097,0.04284223,0.076243125,0.050102044,0.33368784,-0.007259812
2270,0.50542927,0.11115687,0.12986103,0.08306581,0.37556824,0.028091066
2271,0.46137747,0.04883851,0.09240754,0.059815478,0.36896992,-0.0109769665
2272,0.37102613,0.059694014,0.08134712,0.056622468,0.289679,0.0030715466
2273,0.59620106,0.090337045,0.09700118,0.07544918,0.49919987,0.014887862
2274,0.46183765,0.06303455,0.08045007,0.049930904,0.3813876,0.013103645
2275,0.6147071,0.08540639,0.16190258,0.10067344,0.45280454,-0.015267044
2276,0.437656,0.07998724,0.07953052,0.050723534,0.35812545,0.029263709
2277,0.48201066,0.10339963,0.06899047,0.04263939,0.4130202,0.060760237
2278,0.45538738,0.052999057,0.10358243,0.05196339,0.35180497,0.001035668
2279,0.36598396,0.017440148,0.023834642,0.01555571,0.34214932,0.0018844381
2280,0.3782766,0.047707405,0.08741165,0.06242413,0.29086494,-0.014716726
2281,0.42505658,0.08036587,0.110386014,0.06746763,0.31467056,0.0128982365
2282,0.48997197,0.070302844,0.06418858,0.04903065,0.4257834,0.021272194
2283,0.24515358,0.027250653,0.042810217,0.030480832,0.20234336,-0.0032301787
2284,0.26654366,0.050352328,0.08622746,0.058278747,0.1803162,-0.007926419
2285,0.54124403,0.04197544,0.07334727,0.0501495,0.46789676,-0.008174062
2286,0.35561556,0.076790676,0.093689784,0.062487494,0.26192576,0.014303181
2287,0.33484584,0.03464574,0.05456262,0.041215762,0.2802832,-0.0065700226
2288,0.52214026,0.107038885,0.117036365,0.089912474,0.4051039,0.017126411
2289,0.6675456,0.02628294,0.043026187,0.02951165,0.6245194,-0.003228709
2290,0.2712472,0.024095554,0.058457665,0.042546168,0.21278954,-0.018450614
2291,0.33197567,0.044134565,0.06265918,0.047469594,0.2693165,-0.003335029
2292,0.3576608,0.05887347,0.082734145,0.068674386,0.27492666,-0.009800915
2293,0.40893564,0.08469855,0.097125396,0.07438676,0.31181026,0.01031179
2294,0.47137627,0.10600868,0.10197713,0.08042242,0.36939913,0.025586262
2295,0.30861136,0.06941779,0.07941711,0.056799978,0.22919425,0.012617812
2296,0.41420835,0.038058676,0.07684012,0.045543056,0.33736825,-0.00748438
2297,0.2755943,0.06372452,0.051245134,0.0359374,0.22434916,0.02778712
2298,0.45766068,0.07046706,0.08599795,0.06691323,0.37166274,0.00355383
2299,0.34680822,0.040661618,0.08926677,0.059788518,0.25754145,-0.0191269
2300,0.39361626,0.031218711,0.048136756,0.02943376,0.3454795,0.0017849505
2301,0.48820356,0.036909115,0.091961175,0.063719146,0.39624238,-0.026810031
2302,0.43899214,0.0579907,0.06934111,0.051915348,0.36965102,0.0060753524
2303,0.5096396,0.055423085,0.07410891,0.054765284,0.43553072,0.0006578006
2304,0.64118636,0.07805633,0.116122946,0.07944129,0.5250634,-0.0013849586
2305,0.45364955,0.05772054,0.07894987,0.049137637,0.37469968,0.008582901
2306,0.5975966,0.049401704,0.09969871,0.07285159,0.49789786,-0.023449887
2307,0.36062545,0.07923799,0.048065644,0.044579647,0.3125598,0.034658343
2308,0.34564283,0.04457845,0.07180553,0.05159899,0.2738373,-0.007020537
2309,0.61708665,0.0004895535,0.02160188,0.010829885,0.5954848,-0.010340331
2310,0.533984,0.08812513,0.08601387,0.064555384,0.44797015,0.023569748
2311,0.5369422,0.059811965,0.09992355,0.06780654,0.43701863,-0.007994577
2312,0.34388065,0.050444685,0.06136871,0.045305282,0.28251195,0.005139403
2313,0.30877903,0.08635474,0.0800742,0.066056475,0.22870484,0.020298265
2314,0.41644037,0.07191655,0.092430994,0.070360795,0.32400936,0.0015557557
2315,0.52344954,0.10764462,0.13060877,0.103890896,0.39284077,0.0037537217
2316,0.23987296,0.041883368,0.067391634,0.04556676,0.17248133,-0.003683392
2317,0.46573138,0.049127217,0.08057595,0.058914773,0.38515544,-0.009787556
2318,0.6183574,0.0204041,0.04779306,0.02450109,0.5705644,-0.0040969905
2319,0.25305042,0.0535738,0.07116403,0.05440526,0.18188639,-0.00083146244
2320,0.3698892,0.043287635,0.06423442,0.047309306,0.30565476,-0.0040216707
2321,0.2899403,0.087442786,0.0934343,0.061864994,0.196506,0.025577791
2322,0.46368477,0.10049064,0.10400902,0.07576051,0.35967577,0.024730124
2323,0.40968648,0.026396442,0.05539634,0.037399497,0.35429013,-0.011003055
2324,0.46569243,0.039152205,0.076568745,0.050460707,0.38912368,-0.011308502
2325,0.5011563,0.049406964,0.08060543,0.048847508,0.42055082,0.00055945665
2326,0.4327732,0.06994319,0.09388052,0.05180762,0.3388927,0.01813557
2327,0.4026752,0.07539002,0.08477293,0.05907107,0.31790227,0.016318947
2328,0.47088405,0.094680384,0.116266534,0.07933362,0.35461754,0.0153467655
2329,0.23944253,0.075222805,0.07468017,0.059157304,0.16476235,0.0160655
2330,0.36804456,0.03486448,0.078402385,0.0498369,0.28964216,-0.014972419
2331,0.55192417,0.10808786,0.13083634,0.09308588,0.42108783,0.015001982
2332,0.5260549,0.0111621525,0.03310845,0.015045929,0.49294648,-0.0038837763
2333,0.41551578,0.028900458,0.061035536,0.04057908,0.35448024,-0.011678623
2334,0.39394245,0.06388432,0.080060676,0.061742067,0.31388175,0.0021422505
2335,0.38504568,0.051046886,0.073578425,0.05114301,0.31146726,-9.6123666e-05
2336,0.539763,0.09574997,0.12695333,0.09465719,0.41280964,0.0010927767
2337,0.52535284,0.13673222,0.13542667,0.101143084,0.38992617,0.035589136
2338,0.25144026,0.031990252,0.07179191,0.04491091,0.17964834,-0.012920659
2339,0.3405026,0.059692767,0.07885276,0.05212021,0.26164985,0.007572558
2340,0.43475848,0.065611735,0.1054758,0.072986856,0.3292827,-0.007375121
2341,0.32570142,0.042875238,0.081984475,0.060910366,0.24371694,-0.018035129
2342,0.5103635,0.041016027,0.056455284,0.043452244,0.45390823,-0.002436217
2343,0.51107925,0.098643675,0.11418879,0.07338409,0.39689046,0.025259584
2344,0.5259551,0.06422629,0.09704234,0.06655195,0.42891276,-0.0023256615
2345,0.45421073,0.07518783,0.10458398,0.06786169,0.34962675,0.007326141
2346,0.19682004,0.026542211,0.035968024,0.026338179,0.16085202,0.00020403229
2347,0.36359447,0.08582165,0.090662576,0.064490676,0.2729319,0.021330975
2348,0.46627882,0.08432981,0.09902865,0.06673163,0.36725017,0.017598182
2349,0.50727296,0.08464005,0.09128773,0.061690576,0.41598523,0.022949472
2350,0.388531,0.078899845,0.06252829,0.045327492,0.32600272,0.033572353
2351,0.40641245,0.04691442,0.07851295,0.05206247,0.32789952,-0.0051480494
2352,0.34290585,0.05107987,0.05472099,0.03396656,0.28818485,0.01711331
2353,0.5290318,0.07413048,0.0851027,0.061781716,0.4439291,0.012348767
2354,0.32003736,0.05194686,0.07191655,0.042668752,0.24812081,0.009278107
2355,0.37439403,0.025855795,0.054126106,0.035094064,0.32026792,-0.009238269
2356,0.29135135,0.067480594,0.08230819,0.062298317,0.20904316,0.0051822774
2357,0.346334,0.09468644,0.10685489,0.08074589,0.23947912,0.01394055
2358,0.4667916,0.06829673,0.11589539,0.07555254,0.3508962,-0.0072558075
2359,0.42120507,0.09380257,0.118369184,0.085918464,0.30283588,0.0078841075
2360,0.44106275,0.07245134,0.08504995,0.06478149,0.3560128,0.007669851
2361,0.3829621,0.06731704,0.06815833,0.055932123,0.31480378,0.011384916
2362,0.25634158,0.024836628,0.048818752,0.038595952,0.20752282,-0.013759324
2363,0.50904316,0.08710187,0.14031586,0.09661837,0.3687273,-0.0095165
2364,0.37432966,0.04370799,0.07878824,0.05710997,0.2955414,-0.013401981
2365,0.4262095,0.054955047,0.087403625,0.06312831,0.33880588,-0.008173261
2366,0.5556427,0.060640894,0.0919195,0.059458174,0.46372324,0.0011827201
2367,0.4362908,0.04372104,0.08224345,0.05286895,0.35404736,-0.009147912
2368,0.36826503,0.099195376,0.053035695,0.042409558,0.31522933,0.05678582
2369,0.53210485,0.10448659,0.13656881,0.09743837,0.39553604,0.0070482194
2370,0.28957206,0.03592551,0.046944182,0.03767792,0.24262787,-0.0017524101
2371,0.528887,0.086737625,0.11227542,0.08290245,0.41661155,0.003835179
2372,0.49741608,0.08371871,0.10782298,0.08061518,0.3895931,0.003103532
2373,0.46504617,0.066202424,0.08638103,0.06646855,0.37866515,-0.0002661273
2374,0.43852854,0.07754606,0.067675695,0.04923639,0.37085283,0.02830967
2375,0.123401135,0.027412962,0.047449876,0.03653657,0.07595126,-0.0091236085
2376,0.42367417,0.046123527,0.07250625,0.053398352,0.35116792,-0.007274825
2377,0.47791222,0.03907797,0.08011844,0.048090395,0.39779377,-0.009012423
2378,0.58344203,0.06298744,0.106544,0.078602284,0.476898,-0.015614845
2379,0.4757494,0.0641762,0.07591847,0.048259776,0.39983094,0.015916426
2380,0.5031896,0.050529204,0.08535224,0.055238523,0.41783738,-0.0047093183
2381,0.5496413,-0.00029082567,0.02555632,0.013708355,0.524085,-0.013999181
2382,0.28177938,0.049992874,0.055689316,0.03788939,0.22609006,0.012103483
2383,0.39192188,0.07013764,0.10048536,0.07971033,0.29143652,-0.009572685
2384,0.5474596,0.048534248,0.05883365,0.039960485,0.48862594,0.008573763
2385,0.48480317,0.008045736,0.026786271,0.01552172,0.4580169,-0.0074759843
2386,0.57515526,0.09031365,0.10557463,0.072748855,0.46958062,0.017564796
2387,0.52494216,0.05436525,0.07387525,0.044527393,0.4510669,0.009837858
2388,0.41837,0.07696572,0.06879195,0.05446013,0.34957805,0.022505589
2389,0.49420965,0.047035385,0.10950358,0.07662254,0.38470608,-0.029587153
2390,0.33473247,0.07101887,0.06565297,0.05089224,0.2690795,0.020126626
2391,0.30882818,0.016143305,0.053790234,0.042195335,0.25503793,-0.02605203
2392,0.29926154,0.03821627,0.06252881,0.04695024,0.23673272,-0.008733969
2393,0.2788629,0.024592418,0.035097234,0.023835268,0.24376565,0.00075715035
2394,0.387584,0.046821762,0.052800573,0.035594404,0.33478343,0.011227358
2395,0.6305287,0.029253984,0.025158202,0.02446093,0.60537046,0.0047930535
2396,0.4910024,0.030213397,0.0638136,0.04220426,0.4271888,-0.011990864
2397,0.47705603,0.053707637,0.084924474,0.06006994,0.39213157,-0.006362304
2398,0.36569002,0.08493702,0.114532545,0.087823346,0.25115746,-0.0028863251
2399,0.5307685,0.06278726,0.0924103,0.068129376,0.43835822,-0.0053421184
2400,0.61253405,0.09328269,0.115151145,0.07800017,0.4973829,0.015282519
2401,0.39399067,0.031247796,0.065516494,0.039477013,0.32847416,-0.008229217
2402,0.36751223,0.032404218,0.048703954,0.0346059,0.31880826,-0.0022016838
2403,0.31259012,0.08249089,0.0720122,0.04391434,0.24057792,0.03857655
2404,0.38492638,0.04444672,0.0784416,0.056087423,0.3064848,-0.011640701
2405,0.40234202,0.058797847,0.08016137,0.06038477,0.32218066,-0.0015869215
2406,0.3775145,0.04740383,0.08162082,0.056354173,0.2958937,-0.0089503415
2407,0.25070772,0.049150996,0.06571682,0.047477867,0.1849909,0.0016731285
2408,0.55160975,0.0028619734,0.024474772,0.01305406,0.52713495,-0.010192087
2409,0.41938475,0.048636887,0.065931484,0.045754425,0.35345328,0.002882462
2410,0.31171104,0.048769347,0.08064994,0.057563342,0.2310611,-0.008793995
2411,0.50035566,0.075088084,0.07738773,0.05585788,0.42296794,0.019230206
2412,0.38314822,0.07621927,0.061687835,0.04479053,0.3214604,0.03142874
2413,0.34765577,0.04325991,0.06057433,0.04240319,0.28708145,0.0008567199
2414,0.43944526,0.075763784,0.090574615,0.0659665,0.34887064,0.0097972825
2415,0.41908443,0.040251713,0.053683925,0.041073766,0.3654005,-0.00082205236
2416,0.42201498,0.065418236,0.08965406,0.066854104,0.33236092,-0.0014358684
2417,0.39979148,0.039817385,0.0690834,0.055004697,0.3307081,-0.015187312
2418,0.6275142,0.0908264,0.13316785,0.09199242,0.49434632,-0.0011660233
2419,0.38656396,0.045970637,0.08028758,0.057941437,0.30627638,-0.011970799
2420,0.46923858,0.059803646,0.08288747,0.06302482,0.3863511,-0.0032211728
2421,0.352084,0.040117756,0.07534578,0.049154904,0.27673823,-0.009037148
2422,0.4918479,0.010846843,0.04006931,0.016368423,0.4517786,-0.0055215796
2423,0.24894503,0.03325282,0.058261156,0.040618647,0.19068387,-0.0073658265
2424,0.3444841,0.029775396,0.049082913,0.036257427,0.2954012,-0.006482031
2425,0.39383912,0.04236758,0.07067021,0.050393205,0.3231689,-0.008025624
2426,0.6242827,0.09910785,0.12284955,0.08821238,0.5014332,0.010895468
2427,0.5767958,0.071333066,0.100250244,0.06650984,0.47654557,0.0048232228
2428,0.46186408,0.056195285,0.09313375,0.064883426,0.36873034,-0.008688141
2429,0.38706645,0.07582545,0.10344185,0.0697347,0.2836246,0.006090753
2430,0.46400574,0.109549545,0.10039419,0.07148652,0.36361155,0.038063027
2431,0.6227443,0.10280787,0.12720779,0.097233154,0.49553654,0.005574718
2432,0.5127771,0.08423666,0.13733733,0.09458124,0.37543976,-0.01034458
2433,0.39671296,0.033655822,0.085407734,0.053631455,0.31130522,-0.019975632
2434,0.49509528,0.03669211,0.07555215,0.0535473,0.41954315,-0.016855191
2435,0.18802157,0.052422334,0.066631325,0.053209215,0.121390246,-0.0007868819
2436,0.4436353,0.040328998,0.06844047,0.050394524,0.37519485,-0.010065526
2437,0.40027696,0.045811694,0.07507144,0.05399541,0.3252055,-0.008183718
2438,0.47466052,0.05594811,0.083842136,0.05156387,0.3908184,0.0043842383
2439,0.37223318,0.045578517,0.06602562,0.05325334,0.30620757,-0.0076748244
2440,0.55901843,0.14221296,0.19630304,0.11529567,0.3627154,0.026917286
2441,0.3623165,0.0312554,0.056040592,0.037847623,0.3062759,-0.0065922216
2442,0.320592,0.06326142,0.10006751,0.07082234,0.22052447,-0.0075609237
2443,0.40169877,0.057869457,0.093070574,0.06923043,0.3086282,-0.011360973
2444,0.45361316,0.060180444,0.089061104,0.069192454,0.36455205,-0.00901201
2445,0.4184876,0.086095676,0.10358024,0.077514514,0.31490737,0.0085811615
2446,0.6773584,0.12120807,0.14254875,0.09240372,0.53480965,0.028804354
2447,0.40228602,0.04301581,0.053581823,0.045448788,0.3487042,-0.002432976
2448,0.29659754,0.01625639,0.03968777,0.021418214,0.25690976,-0.0051618237
2449,0.49156472,0.08660154,0.09915127,0.07623516,0.39241344,0.01036638
2450,0.29231206,0.09478511,0.0688776,0.04804528,0.22343445,0.046739828
2451,0.57982355,0.062717386,0.0883698,0.053373814,0.49145377,0.009343572
2452,0.1097274,0.029070918,0.029929126,0.015478876,0.079798274,0.013592041
2453,0.6808564,0.054019917,0.06493465,0.051036548,0.61592174,0.002983369
2454,0.4666531,0.029324282,0.106332205,0.05739367,0.3603209,-0.028069388
2455,0.38218817,0.03195836,0.049302015,0.036664538,0.33288616,-0.004706178
2456,0.4005957,0.037921876,0.022937095,0.01315921,0.3776586,0.024762666
2457,0.4896843,0.025403684,0.09147965,0.0447473,0.39820465,-0.019343616
2458,0.41720745,0.041357256,0.040527336,0.034745846,0.3766801,0.0066114105
2459,0.43998334,0.06592018,0.07823129,0.058494173,0.36175203,0.0074260086
2460,0.52506274,0.067331016,0.09042862,0.06766261,0.43463412,-0.00033159554
2461,0.33093178,0.06113662,0.07113887,0.051943637,0.25979292,0.009192981
2462,0.4038218,0.048899468,0.08656083,0.057589095,0.31726098,-0.008689627
2463,0.37939137,0.041084595,0.059682198,0.046825103,0.31970918,-0.0057405084
2464,0.19040231,0.07210623,0.06966365,0.05121522,0.12073866,0.020891007
2465,0.4997332,0.08293246,0.10052277,0.0747504,0.39921045,0.008182056
2466,0.3987244,0.053602453,0.0771979,0.052777898,0.3215265,0.00082455575
2467,0.45876914,0.08603808,0.09648365,0.07229082,0.3622855,0.01374726
2468,0.41292417,0.001932285,0.06458245,0.043395564,0.3483417,-0.04146328
2469,0.36773765,0.03453362,0.05099783,0.032247245,0.31673983,0.0022863746
2470,0.4487888,0.038938724,0.07366693,0.047555927,0.37512186,-0.008617204
2471,0.45263726,0.08919632,0.09477295,0.06525105,0.35786432,0.023945265
2472,0.3384681,0.05530749,0.07759396,0.06201154,0.26087415,-0.006704051
2473,0.48787403,0.06839769,0.108643934,0.08286829,0.37923008,-0.0144706
2474,0.46823314,0.08911867,0.08684446,0.06905085,0.38138866,0.020067818
2475,0.15726863,0.025985045,0.037578594,0.027730355,0.11969003,-0.0017453097
2476,0.46467656,0.0469228,0.07083976,0.053655654,0.3938368,-0.006732855
2477,0.50963163,0.064663954,0.10111891,0.075700924,0.4085127,-0.01103697
2478,0.55607957,0.08142324,0.11008489,0.08185196,0.44599468,-0.0004287213
2479,0.50787354,0.049748365,0.07333626,0.051502716,0.4345373,-0.001754351
2480,0.4744496,0.08063995,0.085128985,0.06259353,0.3893206,0.018046424
2481,0.28453022,0.043975897,0.053371437,0.03610318,0.2311588,0.007872716
2482,0.46343064,0.091514185,0.11565578,0.07296704,0.34777486,0.018547148
2483,0.50146484,0.041701555,0.061912663,0.044215538,0.4395522,-0.0025139824
2484,0.43842834,0.024335524,0.060018163,0.038239166,0.3784102,-0.013903642
2485,0.34149948,0.09316038,0.11278643,0.09422326,0.22871305,-0.0010628775
2486,0.49365282,0.090262145,0.09241931,0.07454693,0.4012335,0.015715212
2487,0.6313368,0.07820312,0.134982,0.08485927,0.49635482,-0.0066561475
2488,0.635969,0.0552984,0.097275764,0.069530986,0.5386932,-0.014232587
2489,0.40159643,0.049738377,0.08262945,0.060367316,0.31896698,-0.010628939
2490,0.5059921,0.057593517,0.09246356,0.06547297,0.41352856,-0.007879451
2491,0.45561627,0.04006922,0.06326745,0.046867214,0.39234883,-0.0067979954
2492,0.54001,0.06684475,0.07099058,0.049511224,0.4690194,0.017333522
2493,0.521634,0.067409754,0.12228385,0.08918263,0.39935014,-0.021772876
2494,0.44918492,0.044982817,0.08244172,0.05594628,0.3667432,-0.010963462
2495,0.65411955,0.063419804,0.11150603,0.0784892,0.5426135,-0.015069395
2496,0.50401366,0.07538541,0.05456841,0.03564616,0.44944525,0.039739247
2497,0.2859242,0.05915154,0.059076864,0.044592865,0.22684734,0.014558677
2498,0.4291596,0.07955203,0.08199464,0.06286003,0.347165,0.016692005
2499,0.5109034,0.048077203,0.08247642,0.062403627,0.42842698,-0.014326423
2500,0.15310378,0.030810185,0.03820524,0.028079158,0.11489855,0.002731027
2501,0.35196835,0.033029396,0.047461756,0.032405354,0.3045066,0.000624042
2502,0.37469944,0.057268485,0.05987814,0.03859297,0.3148213,0.018675514
2503,0.47336936,0.0586484,0.0928266,0.06907379,0.38054276,-0.010425389
2504,0.5029244,0.06200128,0.084061906,0.06133048,0.41886246,0.00067080185
2505,0.33902916,0.07304443,0.11521969,0.07382699,0.22380948,-0.0007825643
2506,0.36164913,0.080106825,0.07770801,0.04772908,0.28394112,0.032377746
2507,0.5415101,0.10241521,0.11734676,0.082404315,0.42416334,0.020010896
2508,0.3348229,0.04808904,0.09036891,0.058201063,0.24445398,-0.010112025
2509,0.74283284,0.122390784,0.17529693,0.13075043,0.5675359,-0.008359648
2510,0.59464395,0.060157023,0.100683495,0.074603535,0.49396044,-0.014446512
2511,0.45511118,0.06061592,0.1025732,0.075987734,0.352538,-0.015371814
2512,0.22426045,0.05867495,0.06264274,0.046619557,0.16161771,0.012055393
2513,0.38566536,0.07187814,0.08228237,0.052675836,0.303383,0.019202307
2514,0.47558883,0.04724298,0.088639654,0.0553505,0.38694918,-0.008107521
2515,0.49483386,-0.009347513,0.033934932,0.0155811785,0.46089894,-0.024928693
2516,0.61849064,0.00077950454,0.02479427,0.015576793,0.59369636,-0.014797288
2517,0.42056477,0.048750196,0.06636463,0.051121093,0.35420012,-0.0023708977
2518,0.5811613,0.10566622,0.10884275,0.07736044,0.47231856,0.028305784
2519,0.44612643,0.056258105,0.07813648,0.05758219,0.36798996,-0.0013240837
2520,0.43061227,0.059008807,0.07559192,0.0603336,0.35502034,-0.0013247915
2521,0.37117258,0.070749156,0.04523698,0.029966796,0.3259356,0.040782362
2522,0.3709804,0.03465766,0.07961635,0.05301283,0.29136407,-0.018355168
2523,0.29418674,0.06410271,0.06429215,0.042976744,0.2298946,0.021125965
2524,0.6061334,0.02030831,0.041839562,0.025234167,0.56429386,-0.0049258564
2525,0.4775272,0.07142854,0.11058073,0.06735589,0.36694646,0.004072644
2526,0.4051428,0.014436313,0.065172024,0.04105003,0.3399708,-0.02661372
2527,0.43735993,0.109728225,0.12368822,0.0950281,0.3136717,0.014700122
2528,0.4427642,0.09732104,0.08107699,0.06326862,0.3616872,0.034052424
2529,0.5204528,0.07621417,0.13369837,0.09894578,0.38675442,-0.02273161
2530,0.50708157,0.06458021,0.09504157,0.07133613,0.41204,-0.0067559183
2531,0.46307945,0.07514993,0.11533575,0.08077605,0.3477437,-0.0056261197
2532,0.3261124,0.059588645,0.0777585,0.050314985,0.2483539,0.009273659
2533,0.47867543,0.01778278,0.05832045,0.03702563,0.42035496,-0.019242851
2534,0.3488972,0.029295424,0.07039702,0.046245586,0.27850017,-0.016950162
2535,0.2921065,0.034647387,0.060265224,0.042316485,0.23184128,-0.0076690987
2536,0.53171057,0.034425426,0.06658819,0.04293694,0.46512237,-0.0085115135
2537,0.35697255,0.049318742,0.0794212,0.059576623,0.27755135,-0.010257881
2538,0.55096334,0.0133754015,0.031218652,0.022542456,0.5197447,-0.009167055
2539,0.45232615,0.042205263,0.0739357,0.05460486,0.37839043,-0.012399595
2540,0.45648393,0.04951721,0.07501949,0.05346931,0.38146442,-0.003952101
2541,0.3816581,0.06913414,0.071412444,0.055900395,0.31024566,0.013233744
2542,0.5857472,0.08717154,0.10125776,0.0740867,0.48448944,0.013084836
2543,0.44924504,0.03789758,0.06207148,0.042557202,0.38717356,-0.004659623
2544,0.52610064,0.039793614,0.073544815,0.05481146,0.45255584,-0.015017845
2545,0.6221803,0.032109406,0.058239937,0.03467238,0.56394035,-0.0025629736
2546,0.43371034,0.06529822,0.07701262,0.053184576,0.3566977,0.012113646
2547,0.57220036,0.06521514,0.08775468,0.06170965,0.4844457,0.0035054907
2548,0.50590956,0.046655107,0.07506876,0.054419942,0.4308408,-0.007764835
2549,0.35111523,0.07169396,0.06800304,0.038109504,0.28311217,0.033584453
2550,0.5554323,0.04194753,0.08790846,0.063309714,0.46752387,-0.021362185
2551,0.41944978,0.04714135,0.06725955,0.045475643,0.35219023,0.0016657077
2552,0.3555093,0.049287874,0.05722636,0.03662779,0.29828295,0.012660082
2553,0.50775236,0.069042176,0.10259654,0.06374328,0.40515584,0.0052988976
2554,0.5818678,0.08020711,0.109601736,0.07101786,0.47226608,0.009189248
2555,0.41240326,0.070339285,0.085145876,0.060439907,0.3272574,0.009899378
2556,0.5520738,0.04786759,0.07858948,0.057559766,0.4734843,-0.009692177
2557,0.36073604,0.051561326,0.053010307,0.040117968,0.30772573,0.011443358
2558,0.5341265,0.0857813,0.14190897,0.10477388,0.39221755,-0.01899258
2559,0.46711636,0.05687788,0.09102398,0.067712255,0.37609237,-0.0108343735
