feature_idx,seq_effect_obs,struct_effect_obs,seq_effect_shuffle,struct_effect_shuffle,seq_delta,struct_delta
0,0.5730954,0.108472556,0.12458249,0.09187906,0.44851288,0.016593494
1,0.57217777,0.050865266,0.08803336,0.06356627,0.4841444,-0.012701001
2,0.50311494,0.07840186,0.09634653,0.07147176,0.4067684,0.0069301054
3,0.52318555,0.12851748,0.13894866,0.107188135,0.38423687,0.021329343
4,0.34389374,0.05176696,0.11094032,0.082685255,0.23295341,-0.030918293
5,0.40698576,0.06529207,0.0778965,0.05261666,0.32908925,0.012675408
6,0.60030085,0.05487356,0.07452804,0.051070437,0.5257728,0.0038031228
7,0.42417657,0.057948597,0.08208962,0.061532434,0.34208697,-0.0035838373
8,0.5155135,0.06081297,0.104036264,0.07813623,0.4114772,-0.01732326
9,0.14801511,0.028858485,0.038435586,0.024317198,0.109579526,0.004541287
10,0.5564086,0.09363151,0.1095452,0.0761532,0.44686338,0.017478317
11,0.47619227,0.097782455,0.10739574,0.08146681,0.36879653,0.016315646
12,0.8280793,0.03165551,0.079371154,0.0534258,0.7487081,-0.021770291
13,0.47102353,0.10236107,0.12234293,0.08973619,0.34868062,0.012624875
14,0.37270474,0.057192825,0.07798447,0.06003284,0.2947203,-0.002840016
15,0.62388647,0.12726867,0.13983607,0.10107395,0.4840504,0.026194721
16,0.6284984,0.15359572,0.21500506,0.16268165,0.41349334,-0.009085938
17,0.35038045,0.04636706,0.08050274,0.058063388,0.2698777,-0.0116963275
18,0.47315127,0.0350727,0.08813229,0.056399617,0.38501897,-0.021326918
19,0.5313776,0.11004704,0.12826031,0.10369365,0.4031173,0.006353393
20,0.56378764,0.0396439,0.10130575,0.07496889,0.4624819,-0.03532499
21,0.50964284,0.098261714,0.10694948,0.081448466,0.40269336,0.016813248
22,0.4686853,0.069327675,0.10673516,0.07224506,0.36195013,-0.0029173866
23,0.5665112,0.06747682,0.099470526,0.054190043,0.4670407,0.013286773
24,0.4622937,0.04082175,0.0701951,0.050714325,0.3920986,-0.009892575
25,0.5175003,0.071156725,0.09960488,0.06949742,0.4178954,0.0016593039
26,0.39583695,0.052724488,0.112039365,0.07562273,0.2837976,-0.022898242
27,0.53228515,0.10587082,0.13900623,0.08814758,0.39327893,0.01772324
28,0.51814026,0.069843,0.05502574,0.036261808,0.4631145,0.033581194
29,0.5575806,0.13517512,0.13872519,0.09994564,0.4188554,0.03522948
30,0.39289367,0.04951797,0.08619468,0.054769717,0.30669898,-0.0052517466
31,0.25471008,0.032697994,0.06456991,0.04233882,0.19014016,-0.009640824
32,0.579776,0.08153019,0.13063586,0.095812395,0.44914013,-0.014282204
33,0.57549363,0.031078923,0.061395764,0.041480485,0.51409787,-0.010401562
34,0.41029546,0.038780976,0.063575596,0.04788658,0.34671986,-0.009105604
35,0.45450696,0.08522186,0.101699546,0.06899681,0.3528074,0.016225047
36,0.61435527,0.16277122,0.17567894,0.13167082,0.43867633,0.031100407
37,0.5646192,0.06310885,0.110114224,0.077556215,0.45450497,-0.014447369
38,0.5891506,0.043205943,0.068632305,0.045609538,0.5205183,-0.0024035946
39,0.41674095,0.06198331,0.09830423,0.067498416,0.31843674,-0.005515106
40,0.43086588,0.030015677,0.037751332,0.02557567,0.39311457,0.0044400077
41,0.5863393,0.06739898,0.10611998,0.07173389,0.4802193,-0.0043349117
42,0.20304595,0.050715923,0.07173333,0.05286031,0.13131261,-0.0021443851
43,0.519677,0.11261487,0.16388452,0.10635959,0.35579246,0.0062552765
44,0.41921183,0.05634437,0.105050415,0.06371453,0.31416142,-0.0073701553
45,0.656054,0.07056657,0.13560584,0.10368589,0.5204482,-0.03311932
46,0.6211751,0.063864164,0.08933651,0.07052281,0.5318386,-0.0066586435
47,0.5777054,0.11035233,0.11933493,0.08459434,0.45837045,0.02575799
48,0.5910623,0.10914736,0.13301806,0.09386459,0.45804423,0.0152827725
49,0.55250067,0.051067576,0.0946063,0.065412834,0.45789436,-0.0143452585
50,0.5733177,0.016696878,0.04438496,0.027925005,0.52893275,-0.011228127
51,0.41865426,0.040976547,0.07640805,0.04604328,0.3422462,-0.005066734
52,0.6623807,0.10348185,0.1358985,0.106687106,0.5264822,-0.0032052547
53,0.5846247,0.10075665,0.1108476,0.086176895,0.47377712,0.014579758
54,0.63552874,0.1170564,0.1503521,0.1015312,0.48517662,0.0155251995
55,0.5749883,0.07606902,0.10278722,0.06632482,0.47220108,0.009744197
56,0.5610246,0.0808843,0.11991633,0.09020537,0.4411083,-0.009321071
57,0.53433686,0.11496411,0.12794393,0.087758064,0.40639293,0.027206048
58,0.45148188,0.07506215,0.08923946,0.06873195,0.3622424,0.0063301995
59,0.45416522,0.053773362,0.086539775,0.060830828,0.36762545,-0.0070574656
60,0.628581,0.110232845,0.12024348,0.082219064,0.5083375,0.02801378
61,0.5341501,0.078519575,0.101461984,0.06992103,0.43268815,0.008598544
62,0.44746837,0.05708379,0.09731566,0.071078435,0.3501527,-0.013994645
63,0.51191854,0.0788676,0.1142344,0.07977531,0.39768416,-0.0009077117
64,0.38988367,0.061751768,0.084762715,0.055054065,0.30512094,0.006697703
65,0.5817978,0.09979617,0.12509882,0.0941678,0.45669895,0.0056283697
66,0.31481993,0.063695125,0.09633511,0.06184955,0.21848482,0.0018455759
67,0.4109614,0.036809385,0.054494567,0.042225525,0.35646683,-0.00541614
68,0.35730064,0.08303936,0.101384774,0.07620094,0.25591588,0.0068384185
69,0.35975033,0.063435495,0.08468899,0.06214488,0.27506134,0.0012906156
70,0.44889098,0.08732449,0.10490274,0.07433526,0.34398824,0.01298923
71,0.56414604,0.090199694,0.11146149,0.088948734,0.45268455,0.0012509599
72,0.5466566,0.07327329,0.10189104,0.06902522,0.44476557,0.004248075
73,0.653273,0.022519482,0.05365382,0.035584122,0.59961915,-0.01306464
74,0.37966993,0.05432186,0.08610278,0.06260141,0.29356715,-0.008279551
75,0.5409929,0.052266296,0.101711385,0.07104483,0.43928152,-0.018778536
76,0.47668108,0.10298888,0.10163298,0.08063395,0.3750481,0.022354923
77,0.24198286,0.06873461,0.07416723,0.04348235,0.16781563,0.02525226
78,0.45951045,0.050248463,0.10393827,0.07033386,0.35557216,-0.020085398
79,0.57208747,0.043663044,0.089288704,0.060973674,0.48279876,-0.01731063
80,0.38063362,0.0788602,0.079922706,0.057093076,0.30071092,0.021767125
81,0.56215936,0.111710735,0.1598281,0.09994232,0.40233126,0.011768416
82,0.42753723,0.07885592,0.10188402,0.076523736,0.3256532,0.0023321807
83,0.5685229,0.04524343,0.080473416,0.060467176,0.48804945,-0.015223745
84,0.5522156,0.05544496,0.12160509,0.07553372,0.43061048,-0.020088758
85,0.3731152,0.03508543,0.05351721,0.038459636,0.319598,-0.0033742078
86,0.54460436,0.13016094,0.1343603,0.0933739,0.41024405,0.03678704
87,0.45189402,0.05572395,0.085900925,0.058482744,0.36599308,-0.0027587935
88,0.751117,0.1303083,0.15953565,0.11795087,0.59158134,0.012357429
89,0.5016901,0.07318081,0.10249495,0.0758706,0.39919513,-0.0026897937
90,0.6063784,0.094643615,0.112241946,0.079240225,0.49413642,0.01540339
91,0.3993361,0.05887099,0.0821229,0.05383527,0.3172132,0.0050357208
92,0.38730434,0.07615766,0.08451268,0.059795484,0.30279166,0.016362175
93,0.64388424,0.09483464,0.14266779,0.10585077,0.5012165,-0.01101613
94,0.5895377,0.05830919,0.07424265,0.051799633,0.515295,0.0065095574
95,0.50601876,0.06756691,0.10109495,0.068246804,0.4049238,-0.0006798953
96,0.4741135,0.08880021,0.108097725,0.0808399,0.36601576,0.007960305
97,0.58250785,0.08646952,0.12858939,0.09827839,0.45391846,-0.011808865
98,0.38943487,0.062334515,0.088006996,0.061906513,0.30142787,0.00042800233
99,0.3685954,0.05246374,0.08040773,0.05344868,0.28818765,-0.0009849407
100,0.55631834,0.1308056,0.14339152,0.11509118,0.41292682,0.015714414
101,0.35518858,0.062841125,0.051149216,0.034661204,0.30403936,0.028179921
102,0.37956786,0.03885256,0.05902675,0.03841822,0.3205411,0.00043434277
103,0.26616165,0.055800408,0.062886864,0.047762297,0.20327479,0.008038111
104,0.50607806,0.08636462,0.10157325,0.07043732,0.4045048,0.0159273
105,0.37144372,0.074160345,0.088433936,0.06229513,0.28300977,0.0118652135
106,0.6012455,0.054890737,0.09975039,0.06684588,0.5014951,-0.011955142
107,0.6747536,0.0781573,0.13273773,0.08326901,0.5420159,-0.0051117092
108,0.39610195,0.036726944,0.06299539,0.04765935,0.33310658,-0.010932405
109,0.37350166,0.050057575,0.06702962,0.04710145,0.30647203,0.002956126
110,0.49215236,0.07547685,0.12366945,0.089570716,0.36848292,-0.014093868
111,0.3785628,0.08146612,0.06306293,0.0487129,0.31549987,0.03275322
112,0.4127107,0.048444573,0.092856295,0.06671646,0.3198544,-0.01827189
113,0.4037607,0.07544837,0.101474136,0.07159095,0.30228657,0.003857419
114,0.34900597,0.03461139,0.06959581,0.043612927,0.27941015,-0.009001538
115,0.35328376,0.066750474,0.08171265,0.061169915,0.2715711,0.0055805594
116,0.47970617,0.06897551,0.0928838,0.07034942,0.38682237,-0.0013739094
117,0.31967357,0.05581875,0.07984401,0.0523369,0.23982956,0.00348185
118,0.5409955,0.16920154,0.19549236,0.14889999,0.34550312,0.02030155
119,0.48514906,0.09133595,0.100506164,0.07971942,0.3846429,0.0116165355
120,0.5334348,0.095264316,0.12190792,0.0895976,0.4115269,0.005666718
121,0.47632468,0.02643032,0.04012367,0.0280249,0.436201,-0.0015945807
122,0.5382936,0.032163355,0.064765334,0.044908468,0.47352827,-0.012745112
123,0.3957481,0.041285362,0.049014825,0.0360909,0.34673327,0.005194463
124,0.5625364,0.07072281,0.07938934,0.056310598,0.48314708,0.014412213
125,0.52109116,0.042346865,0.08575056,0.061171304,0.4353406,-0.01882444
126,0.42979664,0.052568838,0.06445071,0.046649538,0.36534593,0.0059193
127,0.5079989,0.083759524,0.115052335,0.08888037,0.39294654,-0.0051208436
128,0.36829823,0.081366986,0.10472971,0.07812086,0.26356852,0.0032461286
129,0.27686137,0.084813766,0.071825616,0.049844075,0.20503575,0.03496969
130,0.56029916,0.055171166,0.083854616,0.05885955,0.47644454,-0.0036883838
131,0.5127095,0.07384164,0.09071242,0.06856527,0.42199707,0.005276367
132,0.57113737,0.07645736,0.08509285,0.06644364,0.48604453,0.010013722
133,0.5177606,0.021200214,0.07863816,0.042816676,0.4391224,-0.021616463
134,0.5134158,0.041617624,0.07313749,0.05620408,0.44027832,-0.014586456
135,0.46054512,0.08776066,0.09356904,0.06580371,0.36697608,0.02195695
136,0.6440609,0.04756946,0.07057693,0.050891582,0.573484,-0.0033221208
137,0.4009248,0.03731301,0.06836581,0.05078424,0.332559,-0.013471231
138,0.47059232,0.074203596,0.11465879,0.08303806,0.35593355,-0.008834466
139,0.43942142,0.07189939,0.10192524,0.07031233,0.33749616,0.0015870631
140,0.54928654,0.16036096,0.12336656,0.09281481,0.42591998,0.06754615
141,0.45355713,0.07283326,0.11261276,0.07735988,0.34094438,-0.004526615
142,0.43228883,0.06589121,0.085982606,0.05768483,0.3463062,0.008206382
143,0.48797062,0.07407844,0.103426956,0.06864493,0.38454366,0.0054335073
144,0.4523328,0.07353999,0.115087606,0.083446786,0.3372452,-0.009906799
145,0.5600115,0.09653323,0.15631232,0.1104333,0.4036992,-0.013900071
146,0.45070758,0.07557995,0.09199797,0.07213831,0.3587096,0.0034416392
147,0.3715483,0.05108874,0.07542024,0.052653037,0.29612806,-0.0015642978
148,0.7122818,0.14606476,0.16606803,0.12644653,0.5462138,0.019618228
149,0.43804595,0.08820093,0.0812786,0.06023904,0.35676736,0.027961887
150,0.52268535,0.102982886,0.12009538,0.08380041,0.40258998,0.019182473
151,0.5589412,0.061819587,0.13549483,0.08961302,0.42344636,-0.027793434
152,0.5329911,0.04204231,0.07094056,0.051784262,0.46205056,-0.009741951
153,0.50060356,0.07619451,0.12047349,0.0891439,0.38013005,-0.012949392
154,0.3796697,0.06329719,0.07950414,0.054826345,0.30016556,0.0084708445
155,0.5071021,0.09132456,0.13561067,0.099642694,0.3714914,-0.008318134
156,0.4580524,0.066731006,0.07735526,0.057524085,0.38069713,0.009206921
157,0.48474303,0.06774252,0.10756786,0.07834858,0.37717515,-0.010606058
158,0.5262134,0.058200795,0.0946497,0.07081201,0.4315637,-0.012611214
159,0.68206656,0.111416645,0.14184693,0.10890117,0.54021966,0.0025154725
160,0.3681488,0.10853486,0.12518948,0.088745825,0.24295932,0.019789033
161,0.49238852,0.04886476,0.07571282,0.05196668,0.4166757,-0.0031019188
162,0.6003563,0.0902704,0.14082544,0.10447908,0.45953083,-0.014208682
163,0.5409596,0.07979332,0.102055915,0.07269809,0.4389037,0.0070952326
164,0.5283654,0.049209572,0.070985414,0.051832817,0.45737997,-0.0026232451
165,0.37133205,0.0428754,0.07069256,0.04515691,0.30063948,-0.0022815093
166,0.5749012,0.089737535,0.1319018,0.096681215,0.44299942,-0.0069436803
167,0.6400374,0.085906886,0.124864645,0.07878224,0.5151728,0.0071246475
168,0.55271345,0.067841135,0.08995375,0.06134423,0.4627597,0.0064969063
169,0.5071162,0.076499015,0.09579853,0.067126065,0.41131768,0.00937295
170,0.43693134,0.093198024,0.11208506,0.08095831,0.32484627,0.012239717
171,0.48122585,0.122219406,0.11522903,0.082279965,0.3659968,0.03993944
172,0.5115337,0.049240127,0.08923318,0.05933956,0.4223005,-0.010099433
173,0.5802898,0.056686275,0.09711817,0.072217844,0.4831716,-0.01553157
174,0.59363925,0.07198197,0.10902205,0.0776669,0.4846172,-0.0056849346
175,0.4177368,0.07407878,0.06116225,0.045261513,0.35657454,0.02881727
176,0.3327022,0.06480844,0.07700974,0.049181662,0.25569245,0.01562678
177,0.55139935,0.07772496,0.11403357,0.08750729,0.43736577,-0.009782329
178,0.5360549,0.13082843,0.16315672,0.1231991,0.3728982,0.0076293275
179,0.5379528,0.033937514,0.044706378,0.031326316,0.4932464,0.0026111975
180,0.48349518,0.08065171,0.111380674,0.08214919,0.3721145,-0.0014974847
181,0.49840066,0.10870048,0.119241,0.08345179,0.37915966,0.025248684
182,0.32055548,0.041903444,0.0673458,0.043118864,0.25320968,-0.0012154207
183,0.38308874,0.07256649,0.09225564,0.07282381,0.29083312,-0.0002573207
184,0.40414372,0.06363175,0.09279656,0.06464353,0.31134716,-0.0010117814
185,0.4923188,0.053457655,0.086665675,0.060986977,0.40565312,-0.007529322
186,0.592682,0.1203866,0.1355346,0.09817114,0.45714742,0.022215463
187,0.49643216,0.07866095,0.13781385,0.092766926,0.35861832,-0.014105976
188,0.59081465,0.051259473,0.08731651,0.06385185,0.50349814,-0.012592375
189,0.4662355,0.012570863,0.04065478,0.02575017,0.4255807,-0.013179307
190,0.69523877,0.06901892,0.10457817,0.071331516,0.5906606,-0.0023125932
191,0.4531084,0.07611509,0.088606745,0.057333395,0.36450166,0.018781692
192,0.45190307,0.075217806,0.04659228,0.035309147,0.4053108,0.03990866
193,0.498923,0.11745637,0.12345849,0.08999567,0.3754645,0.027460702
194,0.71695924,0.029726123,0.063910045,0.041305598,0.6530492,-0.011579474
195,0.40588614,0.06714936,0.08252189,0.0621532,0.32336426,0.004996162
196,0.40557587,0.07685458,0.088974506,0.059649345,0.31660137,0.017205235
197,0.51641726,0.067595586,0.11468105,0.08047927,0.4017362,-0.0128836855
198,0.67378974,0.09762383,0.13117142,0.08919676,0.54261833,0.008427076
199,0.36440435,0.03719157,0.07328772,0.05245405,0.29111663,-0.015262481
200,0.6141947,0.06740844,0.120914124,0.08801856,0.49328056,-0.020610116
201,0.54148746,0.079690605,0.095847405,0.06996264,0.44564006,0.009727962
202,0.46501428,0.081506744,0.10829938,0.08030182,0.3567149,0.0012049228
203,0.63118976,0.086983584,0.12974566,0.08904972,0.5014441,-0.0020661354
204,0.5664307,0.04823989,0.072067134,0.055258904,0.49436355,-0.007019013
205,0.46725866,0.08362819,0.12169241,0.08479801,0.34556624,-0.0011698157
206,0.5141533,0.06362938,0.083974965,0.055630565,0.43017834,0.007998817
207,0.47446835,0.050050452,0.10445357,0.07056585,0.3700148,-0.020515397
208,0.38147938,0.046612643,0.08676264,0.050563578,0.29471675,-0.003950935
209,0.48309827,0.055637684,0.09460822,0.06987245,0.38849005,-0.014234763
210,0.404285,0.03504198,0.04896872,0.036639616,0.35531628,-0.0015976354
211,0.4941535,0.08582058,0.1120187,0.08568296,0.3821348,0.00013761967
212,0.39346007,0.04404481,0.062315103,0.04724051,0.33114496,-0.0031956993
213,0.65671474,0.18163751,0.2013368,0.16557297,0.45537794,0.01606454
214,0.66521484,0.08248144,0.099518195,0.06789341,0.56569666,0.014588028
215,0.452591,0.069766805,0.10915317,0.07392105,0.34343785,-0.0041542426
216,0.5310838,0.04958581,0.08607646,0.06239326,0.44500735,-0.012807447
217,0.4791476,0.073020756,0.089939326,0.0692939,0.3892083,0.003726855
218,0.42511156,0.036811586,0.08104269,0.05527157,0.34406888,-0.018459983
219,0.39383835,0.099179246,0.12626976,0.09731361,0.2675686,0.0018656328
220,0.36695227,0.06575875,0.09510956,0.06250207,0.27184272,0.0032566786
221,0.54469556,0.09285184,0.118921965,0.08562188,0.4257736,0.0072299615
222,0.36803547,0.048231024,0.06673478,0.04744538,0.30130067,0.0007856451
223,0.25981387,0.037287094,0.07763434,0.054590415,0.18217954,-0.017303322
224,0.43148485,0.090797864,0.09754248,0.07344436,0.33394235,0.017353505
225,0.46084592,0.055126004,0.0874046,0.060983133,0.3734413,-0.0058571286
226,0.3481831,0.09968788,0.092844285,0.067315996,0.25533882,0.032371886
227,0.3957158,0.034968343,0.065650456,0.03965236,0.33006534,-0.004684016
228,0.6482957,0.15174773,0.14257792,0.109041646,0.50571775,0.042706087
229,0.45161027,0.06504898,0.08296516,0.0628824,0.3686451,0.0021665767
230,0.5130419,0.07151665,0.10618663,0.06935742,0.4068553,0.0021592304
231,0.34152237,0.043031543,0.06463077,0.04320994,0.2768916,-0.0001783967
232,0.5072999,0.06668853,0.11097094,0.06466176,0.39632896,0.0020267665
233,0.43340564,0.06376253,0.07813792,0.058577463,0.3552677,0.0051850677
234,0.3806841,0.05706648,0.08339334,0.06006938,0.29729077,-0.003002897
235,0.57057035,0.07573727,0.06944149,0.051672343,0.50112885,0.024064925
236,0.4046145,0.05879656,0.08662635,0.057540607,0.31798816,0.0012559518
237,0.36989287,0.05800611,0.06968198,0.050586842,0.3002109,0.0074192695
238,0.27850246,0.037415855,0.06014824,0.047554888,0.21835423,-0.010139033
239,0.6817782,0.11710653,0.14623618,0.11036889,0.535542,0.0067376345
240,0.6335251,0.075125426,0.103431895,0.07331422,0.5300932,0.0018112063
241,0.42891628,0.06140347,0.08805298,0.06533561,0.3408633,-0.003932141
242,0.46749094,0.07154126,0.08011434,0.060704824,0.3873766,0.010836434
243,0.4824761,0.09374082,0.11648765,0.08560589,0.36598843,0.008134931
244,0.56642085,0.14423706,0.13741972,0.09615613,0.42900115,0.04808093
245,0.5250137,0.058772307,0.08274662,0.058017403,0.44226706,0.000754904
246,0.40425152,0.07534592,0.08669387,0.063165426,0.31755763,0.012180492
247,0.6496736,0.08524828,0.12581721,0.093773596,0.5238564,-0.008525319
248,0.31610838,0.028192827,0.033681337,0.026424509,0.28242704,0.0017683189
249,0.44446418,0.048734948,0.08353418,0.056839105,0.36093,-0.008104157
250,0.5192341,0.078996316,0.09854361,0.07131892,0.4206905,0.0076773986
251,0.35579622,0.041830096,0.07857418,0.059388302,0.27722204,-0.017558206
252,0.3923674,0.065262854,0.09654205,0.0636693,0.29582533,0.0015935525
253,0.5091174,0.06357318,0.08782815,0.066740915,0.42128927,-0.0031677336
254,0.47151107,0.049737524,0.096164465,0.06374776,0.3753466,-0.014010239
255,0.493398,0.06604068,0.10228311,0.07743013,0.3911149,-0.011389449
256,0.3821501,0.015578894,0.051841874,0.035547316,0.33030823,-0.019968422
257,0.51317173,0.10750028,0.12952358,0.098482944,0.38364816,0.009017333
258,0.5420156,0.06779607,0.10092609,0.07340326,0.4410895,-0.005607195
259,0.56368226,0.08169728,0.12338203,0.08745483,0.44030023,-0.0057575554
260,0.36737558,0.053913545,0.07611546,0.052266307,0.29126012,0.0016472377
261,0.44737467,0.08570381,0.124428004,0.08287692,0.32294667,0.0028268918
262,0.52521396,0.08390109,0.103607565,0.07614568,0.4216064,0.0077554137
263,0.4569595,0.052340385,0.075725324,0.053260136,0.38123417,-0.0009197518
264,0.6909383,0.059059564,0.109626256,0.07644678,0.58131206,-0.017387215
265,0.57675904,0.11517086,0.10349339,0.07272865,0.47326565,0.04244221
266,0.56258935,0.08245183,0.11133326,0.07366965,0.4512561,0.008782178
267,0.5331866,0.051075585,0.09608313,0.0659327,0.43710348,-0.014857113
268,0.48253798,0.06961862,0.08578186,0.061393756,0.3967561,0.008224864
269,0.5366781,0.10519568,0.13559876,0.1091765,0.4010793,-0.003980823
270,0.4808438,0.09021167,0.11396474,0.084994584,0.36687908,0.005217083
271,0.5243575,0.0950156,0.10450511,0.07923536,0.41985238,0.01578024
272,0.4915232,0.0885576,0.1390723,0.094386615,0.3524509,-0.005829014
273,0.3774592,0.04628432,0.08023589,0.059519902,0.2972233,-0.01323558
274,0.5957238,0.1215056,0.1476683,0.10578162,0.4480555,0.015723981
275,0.57033646,0.08687418,0.13202938,0.08859827,0.43830708,-0.0017240942
276,0.41333264,0.056328874,0.09008492,0.06331441,0.32324773,-0.006985534
277,0.33026156,0.052079715,0.068503946,0.05257134,0.2617576,-0.00049162656
278,0.43020114,0.052427784,0.05505731,0.03533438,0.37514383,0.017093405
279,0.50682354,0.053938292,0.09867802,0.059679292,0.40814552,-0.005741
280,0.45258698,0.045267716,0.06788333,0.052056428,0.38470364,-0.006788712
281,0.519238,0.08456377,0.09413108,0.06965916,0.4251069,0.014904611
282,0.4632209,0.06444059,0.08141121,0.057268556,0.38180968,0.007172037
283,0.4376937,0.053604614,0.08364263,0.055403184,0.35405105,-0.0017985702
284,0.31398734,0.058751475,0.061463885,0.04275058,0.25252345,0.016000897
285,0.49234167,0.0794211,0.112367995,0.08239224,0.37997368,-0.002971135
286,0.42659798,0.067150325,0.08624361,0.05706101,0.34035438,0.0100893155
287,0.6317401,0.12020947,0.13760473,0.0911405,0.49413538,0.02906897
288,0.641877,0.058956377,0.091720514,0.0695396,0.5501565,-0.010583222
289,0.61386704,0.05400651,0.09007665,0.063685484,0.5237904,-0.009678975
290,0.6137515,0.04724467,0.099037856,0.06552307,0.51471364,-0.018278401
291,0.6843991,0.0647825,0.12161135,0.082105845,0.5627878,-0.017323345
292,0.45674196,0.08573875,0.08730967,0.057994243,0.36943227,0.027744506
293,0.3834504,0.06193735,0.0895411,0.063180715,0.29390928,-0.0012433641
294,0.4676778,0.020604825,0.069509,0.050097227,0.3981688,-0.029492402
295,0.56077486,0.08092765,0.09657425,0.07140412,0.46420062,0.009523526
296,0.46925786,0.01945288,0.051019724,0.03178718,0.41823813,-0.0123343
297,0.3184597,0.026372366,0.09625701,0.056531247,0.22220269,-0.030158881
298,0.4749209,0.099654116,0.121276654,0.086977094,0.35364425,0.012677021
299,0.2953078,0.04855852,0.04673476,0.03193024,0.24857302,0.016628277
300,0.36965975,0.05177234,0.0890272,0.061141852,0.28063256,-0.009369511
301,0.56392694,0.09324119,0.124416836,0.0909839,0.4395101,0.002257295
302,0.5024746,0.08456621,0.09713331,0.06653715,0.4053413,0.018029064
303,0.46178725,0.07813867,0.1352327,0.090565816,0.32655454,-0.012427144
304,0.5846163,0.08563025,0.1412281,0.0964229,0.44338822,-0.01079265
305,0.51103204,0.08862972,0.10724714,0.070876926,0.4037849,0.017752796
306,0.6502602,0.09017692,0.14199007,0.10553315,0.50827014,-0.015356235
307,0.5207664,0.053969394,0.085367225,0.058640946,0.43539914,-0.0046715513
308,0.56233525,0.07662653,0.09452555,0.06475408,0.4678097,0.0118724555
309,0.39722523,0.05127441,0.086767174,0.05620996,0.31045806,-0.0049355477
310,0.38351923,0.038401358,0.06605154,0.04248683,0.3174677,-0.0040854737
311,0.5898334,0.06343002,0.09323966,0.06603965,0.4965937,-0.002609633
312,0.4255573,0.033541594,0.041490328,0.030976841,0.38406697,0.0025647525
313,0.34845826,0.076342724,0.08859337,0.06459096,0.2598649,0.0117517635
314,0.64059913,0.090242565,0.10620409,0.07930866,0.53439504,0.010933906
315,0.4473782,0.09810135,0.099068604,0.073153466,0.34830958,0.024947882
316,0.50172925,0.07402996,0.10239699,0.075726815,0.39933226,-0.0016968548
317,0.4432591,0.06771258,0.0817645,0.06420143,0.3614946,0.0035111532
318,0.41508022,0.0480331,0.081128635,0.059645776,0.3339516,-0.011612676
319,0.35909283,0.14002575,0.13054639,0.08588218,0.22854644,0.05414357
320,0.5720264,0.08478117,0.082131185,0.06408452,0.4898952,0.020696647
321,0.37558353,0.044071443,0.08868058,0.06403849,0.28690296,-0.01996705
322,0.30854586,0.06318239,0.0941266,0.07555504,0.21441926,-0.01237265
323,0.5046213,0.076982215,0.105376825,0.07358419,0.3992445,0.0033980235
324,0.5155105,0.05739499,0.09754197,0.056991696,0.4179685,0.00040329248
325,0.4170739,0.047735646,0.08910348,0.05837877,0.32797042,-0.010643125
326,0.38291815,0.04570865,0.06330997,0.04390419,0.31960818,0.0018044598
327,0.6221575,0.10437373,0.11730902,0.08773698,0.5048485,0.016636752
328,0.34835657,0.043443557,0.08042519,0.055925727,0.2679314,-0.01248217
329,0.5622909,0.078953855,0.10232568,0.07424807,0.45996523,0.0047057867
330,0.36779988,0.08080633,0.07870607,0.061120838,0.2890938,0.019685492
331,0.5389076,0.089361764,0.12483018,0.09207184,0.4140774,-0.0027100742
332,0.3920216,0.08416955,0.06759013,0.0506758,0.32443148,0.033493754
333,0.46991733,0.095468,0.12886095,0.08529967,0.34105638,0.010168329
334,0.5354744,0.07397772,0.083710335,0.058336668,0.45176408,0.015641056
335,0.5118396,0.014830489,0.037694603,0.02160044,0.47414503,-0.0067699514
336,0.50480664,0.09647619,0.10493084,0.072007716,0.3998758,0.024468474
337,0.47286022,0.046156712,0.077299,0.05034814,0.39556122,-0.0041914284
338,0.41132027,0.052792568,0.05127462,0.03857499,0.36004564,0.014217578
339,0.7221294,0.034798764,0.07590074,0.04893363,0.6462287,-0.014134865
340,0.45579463,0.08543863,0.08522221,0.05713614,0.37057242,0.02830249
341,0.5324574,0.10809187,0.11344266,0.08382711,0.41901475,0.02426476
342,0.4457242,0.081106834,0.08545364,0.06853031,0.36027056,0.01257652
343,0.36918616,0.027191065,0.0491009,0.03112001,0.32008526,-0.0039289445
344,0.3866892,0.094936386,0.11195134,0.08725176,0.27473783,0.0076846257
345,0.40424475,0.05941911,0.09761616,0.06245868,0.30662858,-0.0030395687
346,0.34290135,0.040672727,0.08057668,0.056940664,0.26232466,-0.016267937
347,0.43538257,0.030114144,0.06688301,0.049867913,0.36849958,-0.019753769
348,0.5266579,0.04360174,0.054470316,0.03516477,0.47218758,0.00843697
349,0.42242905,0.01861122,0.022606194,0.016276808,0.39982286,0.0023344122
350,0.49454525,0.044745266,0.08436987,0.065211825,0.41017538,-0.020466559
351,0.65509456,0.07661439,0.12486563,0.090327054,0.5302289,-0.013712667
352,0.61874026,0.10082069,0.13363814,0.102980785,0.48510212,-0.0021600947
353,0.488548,0.07872815,0.08632341,0.06703697,0.4022246,0.011691175
354,0.5608433,0.05984028,0.10553705,0.0736201,0.45530623,-0.013779823
355,0.53966016,0.017567754,0.06083618,0.034943253,0.47882396,-0.017375499
356,0.4644034,0.02020865,0.066507995,0.041602198,0.3978954,-0.021393549
357,0.31053635,0.053274278,0.05095375,0.036095835,0.2595826,0.017178442
358,0.4372216,0.06910239,0.08719985,0.059080526,0.35002172,0.010021865
359,0.46560976,0.050901655,0.0885006,0.06467427,0.37710917,-0.013772618
360,0.4052831,0.049441323,0.07039864,0.048133947,0.33488446,0.0013073757
361,0.4558417,0.040676955,0.13194293,0.08569731,0.32389876,-0.045020353
362,0.48950014,0.062349938,0.09946731,0.07117542,0.39003283,-0.008825481
363,0.40954083,0.06407978,0.095184185,0.0570439,0.31435665,0.0070358776
364,0.51398796,0.04803251,0.074716754,0.057193093,0.4392712,-0.009160582
365,0.57235646,0.076175265,0.107541464,0.07531212,0.464815,0.0008631423
366,0.5593678,0.0849686,0.11225707,0.08549939,0.4471107,-0.00053079426
367,0.3700284,0.042413127,0.0676492,0.04908666,0.3023792,-0.0066735335
368,0.47745454,0.023777,0.054513354,0.037542585,0.42294118,-0.013765585
369,0.515199,0.11752406,0.13088584,0.09124604,0.38431317,0.026278019
370,0.6598105,0.06817341,0.09113012,0.06404026,0.56868035,0.00413315
371,0.5674204,0.1125326,0.12511273,0.09815288,0.4423077,0.014379717
372,0.3998744,0.07269837,0.092143774,0.06860762,0.30773062,0.0040907487
373,0.5085516,0.059081983,0.114215925,0.07803058,0.3943357,-0.018948596
374,0.7032354,0.07745338,0.10780706,0.07379261,0.59542835,0.0036607757
375,0.5270082,0.06628659,0.12042876,0.08203121,0.4065794,-0.01574462
376,0.5376358,0.08994482,0.10122925,0.06874836,0.43640655,0.021196455
377,0.3865303,0.0704317,0.0999588,0.07054403,0.2865715,-0.00011232495
378,0.5332731,0.0874408,0.109531984,0.07828141,0.4237411,0.009159394
379,0.4708969,0.06766142,0.1161736,0.079090595,0.3547233,-0.011429176
380,0.59715563,0.029183442,0.07048126,0.03640149,0.5266744,-0.00721805
381,0.5709094,0.13030197,0.16459933,0.12190949,0.40631005,0.008392476
382,0.29157442,0.045606144,0.06596715,0.047687512,0.22560728,-0.0020813681
383,0.6151572,0.03532805,0.07923859,0.059451252,0.5359186,-0.024123203
384,0.4240552,0.07997618,0.12093845,0.097541876,0.30311674,-0.017565697
385,0.3673875,0.03714066,0.06741791,0.05022963,0.29996958,-0.013088971
386,0.25352043,0.027901242,0.024001626,0.015834767,0.2295188,0.012066474
387,0.48241833,0.08601082,0.14084767,0.09351132,0.34157068,-0.0075004995
388,0.47904158,0.06434235,0.07575411,0.05642627,0.40328747,0.007916078
389,0.45504016,0.07154626,0.1133602,0.08492191,0.34167996,-0.013375655
390,0.58511645,0.048097998,0.055247024,0.03171138,0.52986944,0.016386617
391,0.6253359,0.11383343,0.13445607,0.10063674,0.4908798,0.013196684
392,0.6032051,0.09272923,0.12371925,0.08739295,0.47948584,0.0053362846
393,0.47721505,0.037374146,0.07762799,0.050251275,0.39958706,-0.012877129
394,0.51734024,0.04055042,0.07136785,0.05307066,0.44597238,-0.0125202425
395,0.54883194,0.095591746,0.106117696,0.08380804,0.44271424,0.011783704
396,0.4202399,0.07639493,0.1109648,0.06899249,0.3092751,0.0074024424
397,0.4939003,0.06985391,0.09671677,0.07125589,0.39718354,-0.0014019832
398,0.36098436,0.04014731,0.08450637,0.061302554,0.276478,-0.021155246
399,0.46030957,0.047262195,0.061228644,0.048328236,0.39908093,-0.0010660402
400,0.5643759,0.06814239,0.08843331,0.06657757,0.47594255,0.0015648231
401,0.39622676,0.0411997,0.068109214,0.042231563,0.32811755,-0.0010318644
402,0.57302225,0.059643272,0.116290785,0.08536441,0.45673147,-0.025721136
403,0.47811604,0.092136666,0.09809936,0.077557266,0.38001668,0.0145794
404,0.59355146,0.10034171,0.10751557,0.06556383,0.48603588,0.03477788
405,0.7140907,0.0607902,0.12572403,0.09367363,0.5883667,-0.03288343
406,0.56349087,0.08994228,0.10903453,0.07369582,0.45445633,0.016246453
407,0.6178656,0.075569056,0.13116151,0.09717513,0.4867041,-0.021606073
408,0.49596882,0.076059066,0.09654489,0.065030105,0.39942393,0.01102896
409,0.433103,0.039664876,0.060431484,0.044872075,0.3726715,-0.0052071996
410,0.4494956,0.07682699,0.11467122,0.07800804,0.33482438,-0.0011810511
411,0.53077006,0.06860361,0.077831954,0.05545063,0.4529381,0.013152983
412,0.6561091,0.13671398,0.16409731,0.12221442,0.4920118,0.01449956
413,0.45295137,0.05508441,0.05989586,0.040862747,0.3930555,0.0142216645
414,0.5393549,0.055252716,0.10037266,0.06835169,0.43898225,-0.0130989775
415,0.4179638,0.09680954,0.11190525,0.09025355,0.30605856,0.006555997
416,0.43816823,0.08051817,0.082449414,0.06036847,0.35571882,0.0201497
417,0.49622375,0.115047924,0.117583685,0.08971136,0.37864006,0.025336564
418,0.5610772,0.07759505,0.09812111,0.06993873,0.46295607,0.007656321
419,0.48082462,0.057150103,0.07281127,0.055277344,0.40801334,0.0018727593
420,0.5595066,0.08827828,0.09556924,0.06646048,0.46393734,0.021817796
421,0.28414005,0.0870008,0.11453028,0.08034307,0.16960977,0.0066577345
422,0.3389545,0.11296949,0.081754826,0.058536276,0.25719967,0.05443321
423,0.5544571,0.080940045,0.1205933,0.0869016,0.43386382,-0.0059615523
424,0.59020936,0.08182277,0.11353502,0.088341236,0.47667435,-0.0065184683
425,0.5066141,0.08762828,0.12580729,0.09380638,0.3808068,-0.006178096
426,0.65356463,0.059362758,0.10336886,0.069869116,0.55019575,-0.010506358
427,0.5157354,0.08656336,0.10540393,0.07564304,0.41033146,0.010920323
428,0.5381529,0.06386846,0.11723126,0.0730768,0.42092162,-0.0092083365
429,0.47340658,0.0903364,0.11148661,0.079408236,0.36191997,0.010928161
430,0.3613436,0.10627978,0.105756104,0.076691486,0.2555875,0.029588297
431,0.6481968,0.04760514,0.09941561,0.06200371,0.5487812,-0.014398571
432,0.4849149,0.10347413,0.1371623,0.100568354,0.3477526,0.0029057786
433,0.41325536,0.10485154,0.129727,0.090280056,0.28352836,0.01457148
434,0.44193923,0.09245492,0.11512873,0.07932534,0.3268105,0.013129577
435,0.51393324,0.03632657,0.080564745,0.054177135,0.4333685,-0.017850567
436,0.6884659,0.103854455,0.1434905,0.10585037,0.5449754,-0.0019959137
437,0.5106686,0.05744734,0.118379965,0.08457187,0.39228863,-0.027124528
438,0.55249834,0.069014065,0.1160236,0.071237035,0.43647474,-0.0022229701
439,0.5655676,0.07545857,0.12367807,0.084102154,0.44188952,-0.008643582
440,0.296676,0.03185018,0.059403643,0.038791157,0.23727237,-0.006940976
441,0.73372495,0.06515739,0.10380465,0.07281012,0.6299203,-0.0076527297
442,0.50180316,0.09205773,0.11182006,0.08528869,0.38998312,0.0067690387
443,0.6321469,0.13587463,0.16643192,0.12674889,0.465715,0.009125739
444,0.27580196,0.0721956,0.07798201,0.05226799,0.19781995,0.019927606
445,0.51568633,0.08998193,0.09888942,0.07389847,0.41679692,0.016083457
446,0.558434,0.07789717,0.12490729,0.079445764,0.43352672,-0.0015485957
447,0.5604737,0.07493679,0.1222475,0.08128443,0.43822616,-0.0063476413
448,0.25616577,0.060808346,0.06348599,0.0432697,0.1926798,0.017538644
449,0.4625156,0.044495348,0.09705087,0.064387485,0.36546472,-0.019892137
450,0.51666147,0.049983196,0.074178286,0.04953367,0.4424832,0.00044952706
451,0.4440135,0.07446902,0.10608694,0.0781371,0.33792657,-0.0036680773
452,0.5460296,0.1037722,0.13116688,0.09992368,0.41486275,0.003848523
453,0.41344646,0.03448729,0.08698349,0.063729756,0.32646298,-0.029242467
454,0.57272404,0.05346163,0.098834455,0.06695987,0.4738896,-0.013498243
455,0.5268688,0.058617648,0.08326421,0.058876652,0.44360462,-0.00025900453
456,0.3809419,0.058461647,0.07402214,0.052417647,0.30691975,0.0060440004
457,0.6515207,0.13197157,0.17379718,0.11921457,0.47772354,0.012756996
458,0.38543782,0.06823505,0.063291356,0.0457327,0.32214648,0.022502348
459,0.26159146,0.03554873,0.0305703,0.022658622,0.23102117,0.01289011
460,0.628194,0.04471226,0.11489108,0.07345994,0.5133029,-0.028747678
461,0.50932205,0.06644119,0.10811449,0.07577417,0.40120757,-0.009332977
462,0.526215,0.043274872,0.076762445,0.05631781,0.44945258,-0.013042938
463,0.6949522,0.083138295,0.11145245,0.08257951,0.5834997,0.0005587861
464,0.61972386,0.06633835,0.09027277,0.06513493,0.5294511,0.0012034252
465,0.4071606,0.039155718,0.058866795,0.044711918,0.3482938,-0.0055561997
466,0.32925138,0.07319354,0.0618499,0.04571438,0.2674015,0.027479164
467,0.5188408,0.11121813,0.15684967,0.118026964,0.3619911,-0.0068088323
468,0.6662318,0.051600654,0.11757122,0.07064338,0.5486606,-0.019042727
469,0.53284186,0.074186936,0.09645769,0.064857714,0.43638417,0.009329222
470,0.42880738,0.07167612,0.10003653,0.06361044,0.32877085,0.008065678
471,0.58622503,0.12393128,0.15105821,0.09623261,0.43516684,0.027698673
472,0.6190894,0.0929648,0.1525057,0.104366854,0.46658373,-0.011402056
473,0.29225016,0.122792974,0.08898987,0.06042881,0.20326029,0.062364165
474,0.54150647,0.070030965,0.09013037,0.066099264,0.4513761,0.003931701
475,0.6180386,0.088244125,0.13314763,0.09374087,0.48489097,-0.005496748
476,0.48655915,0.06786848,0.09899725,0.073129565,0.38756192,-0.005261086
477,0.41079643,0.075205766,0.07597272,0.05648441,0.33482373,0.018721357
478,0.58437556,0.104870446,0.13469218,0.09710301,0.44968337,0.007767439
479,0.4431405,0.037706953,0.0707404,0.04535008,0.3724001,-0.007643126
480,0.4564151,0.055622105,0.1187189,0.06631129,0.3376962,-0.010689188
481,0.57080495,0.09397986,0.12999964,0.08790436,0.44080532,0.0060755014
482,0.45715073,0.03382231,0.06232269,0.042774834,0.39482802,-0.0089525245
483,0.48593855,0.06546708,0.09238508,0.066605225,0.39355347,-0.0011381432
484,0.47353312,0.19860573,0.17826419,0.13502167,0.29526895,0.06358406
485,0.64114064,0.09103856,0.1256352,0.08725685,0.51550543,0.0037817135
486,0.54606175,0.058575325,0.08921179,0.063261226,0.45684996,-0.004685901
487,0.5491303,0.06934363,0.1097198,0.07945128,0.4394105,-0.010107651
488,0.59440345,0.07627848,0.106290676,0.07364235,0.48811278,0.0026361272
489,0.40333495,0.1002861,0.10178657,0.071063176,0.30154836,0.02922292
490,0.4747575,0.06820689,0.087624,0.06497184,0.38713348,0.0032350495
491,0.4607667,0.08128654,0.108888194,0.07088942,0.35187852,0.010397121
492,0.54372215,0.09300938,0.119263336,0.09014831,0.4244588,0.002861075
493,0.47988203,0.060915165,0.086476214,0.06262416,0.39340582,-0.0017089918
494,0.46912685,0.051742595,0.08378003,0.06316882,0.38534683,-0.011426229
495,0.6397329,0.14189972,0.1557603,0.1170925,0.4839726,0.024807222
496,0.45079556,0.051166043,0.070653796,0.050110236,0.38014176,0.0010558069
497,0.7760945,0.08113264,0.11523828,0.079773135,0.66085625,0.0013595074
498,0.3547805,0.082955755,0.09717412,0.065306164,0.2576064,0.017649591
499,0.58656085,0.14573091,0.14990678,0.11219347,0.43665406,0.03353744
500,0.42439312,0.067736745,0.08266694,0.0614773,0.34172618,0.006259445
501,0.4393742,0.040292323,0.08075345,0.05241304,0.35862076,-0.012120716
502,0.42496824,0.060127914,0.08542596,0.06162366,0.33954227,-0.001495745
503,0.6290058,0.055812288,0.08569686,0.060482245,0.5433089,-0.004669957
504,0.59395534,0.05411564,0.07690979,0.051138736,0.51704556,0.0029769056
505,0.6489381,0.108763315,0.1319021,0.09598139,0.517036,0.0127819255
506,0.44512096,0.0876813,0.12391153,0.089137204,0.32120943,-0.001455903
507,0.53154796,0.084665656,0.08634348,0.057311308,0.4452045,0.027354348
508,0.46425933,0.059328962,0.07656272,0.050608587,0.38769662,0.008720376
509,0.5825276,0.0932054,0.12347401,0.09393899,0.45905358,-0.0007335916
510,0.49675333,0.07295878,0.090654574,0.06514702,0.40609875,0.0078117624
511,0.40346527,0.064509474,0.066868484,0.044901114,0.3365968,0.01960836
512,0.48715988,0.07122059,0.10189744,0.069646955,0.38526243,0.0015736371
513,0.5834915,0.074387215,0.12125954,0.085130274,0.46223196,-0.010743059
514,0.51185375,0.11076802,0.13938537,0.10284409,0.37246838,0.007923931
515,0.589888,0.06844304,0.10411752,0.07431255,0.48577046,-0.0058695152
516,0.47078124,0.06091254,0.09725668,0.065982796,0.37352455,-0.005070258
517,0.44875333,0.04167862,0.06549131,0.049408402,0.383262,-0.0077297837
518,0.43925488,0.049706995,0.079216644,0.054834258,0.36003822,-0.0051272623
519,0.35815594,0.024012934,0.045205247,0.03269527,0.3129507,-0.008682337
520,0.44152474,0.065181,0.061777372,0.04735349,0.37974736,0.01782751
521,0.4569994,0.06548048,0.097449645,0.066149175,0.35954976,-0.00066869706
522,0.5087182,0.07011395,0.12060766,0.08646574,0.38811052,-0.01635179
523,0.5702634,0.082683384,0.09944477,0.07174324,0.4708186,0.010940142
524,0.5597498,0.063910715,0.10067425,0.07007465,0.45907554,-0.0061639324
525,0.5007115,0.097357474,0.09905453,0.0685864,0.401657,0.028771073
526,0.5001052,0.056837365,0.09664917,0.07014825,0.40345603,-0.013310887
527,0.4851065,0.10027823,0.12063218,0.089979686,0.36447433,0.010298543
528,0.76534575,0.089941025,0.11867575,0.07830215,0.64667,0.011638872
529,0.48493716,0.043525185,0.07443754,0.055754557,0.41049963,-0.012229372
530,0.42066962,0.07006929,0.06866376,0.051835045,0.35200584,0.018234245
531,0.4456153,0.049267087,0.07861254,0.056470364,0.36700276,-0.007203277
532,0.34804034,0.03300403,0.04345171,0.028457498,0.30458862,0.0045465324
533,0.5496829,0.052734867,0.1025799,0.07162087,0.44710302,-0.018886
534,0.46524987,0.10666081,0.10860502,0.08060598,0.35664484,0.026054837
535,0.64771974,0.087115765,0.13085085,0.08667107,0.5168689,0.00044469535
536,0.56359154,0.056431986,0.08943094,0.06434327,0.4741606,-0.007911287
537,0.6153091,0.12685952,0.14165395,0.10164006,0.47365516,0.025219455
538,0.7469935,0.07251168,0.16171494,0.1030517,0.5852785,-0.03054002
539,0.5699996,0.07020453,0.12849616,0.08589756,0.4415034,-0.015693024
540,0.4381088,0.040772114,0.06994848,0.047917966,0.3681603,-0.007145852
541,0.50982815,0.123494,0.13737375,0.10591876,0.3724544,0.017575242
542,0.5194199,0.0536296,0.10667984,0.080530204,0.41274005,-0.026900604
543,0.5348727,0.07679736,0.11521885,0.068089105,0.41965386,0.0087082535
544,0.56680626,0.08778546,0.101823024,0.071204074,0.46498322,0.016581386
545,0.45294186,0.0830857,0.08637738,0.06293557,0.36656448,0.020150132
546,0.66875535,0.0917484,0.14324982,0.09841774,0.52550554,-0.006669335
547,0.5629809,0.08666306,0.10429968,0.07336461,0.45868123,0.013298452
548,0.3735997,0.096981615,0.13012114,0.08572587,0.24347857,0.011255741
549,0.6524452,0.07701344,0.1243958,0.0841136,0.5280494,-0.0071001574
550,0.5894803,0.10186055,0.12067454,0.087146044,0.46880573,0.014714509
551,0.55590796,0.07542982,0.13028459,0.091464184,0.42562336,-0.016034365
552,0.38672397,0.07971721,0.0649234,0.046767764,0.32180056,0.032949448
553,0.35886216,0.025932474,0.057795066,0.03435989,0.30106708,-0.008427417
554,0.5814137,0.07452818,0.1498149,0.10233703,0.43159878,-0.027808852
555,0.5394924,0.08517995,0.13575223,0.08997911,0.4037402,-0.004799165
556,0.55409235,0.05339561,0.11579132,0.07204752,0.43830103,-0.018651906
557,0.42792317,0.04804948,0.06410231,0.039689794,0.36382085,0.008359686
558,0.56831163,0.08636211,0.09584947,0.07431306,0.47246218,0.012049049
559,0.44876096,0.059483293,0.08057358,0.056226544,0.36818737,0.0032567494
560,0.59948736,0.1207429,0.119925134,0.08296765,0.47956222,0.037775256
561,0.5743739,0.002747632,0.03296082,0.023114724,0.54141307,-0.020367092
562,0.51641834,0.08103794,0.11188801,0.07288343,0.40453035,0.008154511
563,0.54258573,0.062206976,0.09134293,0.05880977,0.4512428,0.0033972077
564,0.69855255,0.10036932,0.14674929,0.099265985,0.55180323,0.0011033341
565,0.57425547,0.12116089,0.15548706,0.11868772,0.4187684,0.002473168
566,0.44889173,0.09190373,0.13338251,0.09407902,0.3155092,-0.0021752864
567,0.51792824,0.10151852,0.121517986,0.08349287,0.39641026,0.018025652
568,0.52751815,0.07270737,0.1080345,0.07254419,0.41948366,0.00016318262
569,0.5597387,0.06168244,0.10088541,0.074221395,0.45885327,-0.012538955
570,0.29698193,0.054022193,0.057532668,0.040354673,0.23944926,0.01366752
571,0.5049615,0.036429916,0.09357807,0.071281,0.41138342,-0.034851085
572,0.58836013,0.072729416,0.14543396,0.09015046,0.44292617,-0.017421044
573,0.64553684,0.13763633,0.1639942,0.12012551,0.48154265,0.017510824
574,0.5493658,0.09398563,0.10913045,0.080671765,0.44023538,0.013313867
575,0.54653513,0.064094655,0.13458584,0.083893225,0.41194928,-0.01979857
576,0.21009532,0.0292172,0.044380218,0.029494721,0.1657151,-0.0002775211
577,0.58598125,0.08927305,0.12103445,0.087543175,0.4649468,0.0017298758
578,0.5853144,0.080421634,0.10927543,0.07649162,0.47603896,0.0039300174
579,0.62235355,0.063292444,0.08782407,0.062422972,0.5345295,0.0008694716
580,0.661531,0.056133963,0.10193294,0.07053468,0.559598,-0.014400713
581,0.3925929,0.089925215,0.09647118,0.07193498,0.29612172,0.017990232
582,0.46941355,0.115006536,0.11362647,0.08452588,0.35578707,0.030480653
583,0.5296678,0.016002916,0.031871423,0.021441732,0.49779636,-0.005438816
584,0.38398907,0.09165115,0.09428868,0.07103303,0.2897004,0.020618118
585,0.42364988,0.101979986,0.08748841,0.06513336,0.33616146,0.036846623
586,0.5008949,0.06354098,0.085722655,0.06282722,0.41517225,0.00071375817
587,0.4976681,0.07398265,0.07431333,0.05614732,0.42335474,0.01783533
588,0.4518605,0.101567164,0.0857526,0.06688411,0.36610788,0.034683056
589,0.4425538,0.08447238,0.11173634,0.080168895,0.33081746,0.004303485
590,0.5131975,0.004297044,0.03379183,0.024076786,0.47940564,-0.019779742
591,0.58591783,0.040865123,0.084830225,0.060301725,0.5010876,-0.019436602
592,0.57384807,0.04459482,0.09720621,0.068198234,0.47664186,-0.023603413
593,0.44615808,0.060310517,0.093032084,0.06505915,0.353126,-0.0047486313
594,0.47639436,0.07578743,0.112421274,0.07909705,0.36397308,-0.003309615
595,0.5458398,0.09969796,0.15073676,0.10211594,0.39510304,-0.0024179742
596,0.54881537,0.0711127,0.0870048,0.06433117,0.46181056,0.0067815334
597,0.720676,0.13744946,0.18292184,0.1335097,0.5377542,0.0039397627
598,0.24803957,0.047098402,0.055131663,0.045654938,0.19290791,0.0014434643
599,0.3418378,0.037168894,0.043739285,0.026903309,0.2980985,0.010265585
600,0.41637385,-0.00211808,0.02942121,0.014270622,0.38695264,-0.016388703
601,0.5026182,0.15619163,0.19985823,0.14522204,0.30275995,0.010969594
602,0.25207892,0.030581715,0.043294895,0.025820706,0.20878403,0.0047610085
603,0.29069564,0.035413843,0.06413407,0.037723057,0.22656158,-0.0023092143
604,0.45039913,0.07428452,0.0927728,0.073697574,0.35762632,0.00058694184
605,0.50103563,0.09326759,0.15114868,0.094208375,0.34988695,-0.0009407848
606,0.4758176,0.10065427,0.103264086,0.071903415,0.3725535,0.028750852
607,0.4633149,0.048059978,0.09418531,0.0588812,0.3691296,-0.010821223
608,0.7071237,0.10824777,0.16081578,0.124787465,0.5463079,-0.016539693
609,0.4189818,0.07648198,0.07688442,0.058559727,0.34209737,0.017922256
610,0.50655127,0.06424208,0.08292094,0.05521422,0.42363033,0.009027861
611,0.6325331,0.103034765,0.11974976,0.08848497,0.5127833,0.014549792
612,0.70649874,0.11710115,0.1554676,0.113681205,0.5510311,0.0034199432
613,0.46576178,0.092652455,0.14252771,0.10169912,0.32323408,-0.009046666
614,0.6977545,0.06686698,0.12357483,0.08267676,0.57417965,-0.015809782
615,0.46872768,0.06848008,0.107476056,0.07920991,0.36125162,-0.010729827
616,0.50990075,0.10177996,0.12775952,0.08710161,0.38214123,0.014678352
617,0.67795587,0.12963933,0.14613743,0.11526908,0.53181845,0.014370248
618,0.65253586,0.1000786,0.14334197,0.10468609,0.5091939,-0.004607491
619,0.48284158,0.055051014,0.102013186,0.07119961,0.38082838,-0.016148597
620,0.518766,0.08043059,0.093011215,0.06844499,0.4257548,0.0119856
621,0.5643218,0.10617926,0.08019537,0.061899737,0.48412645,0.044279523
622,0.47724336,0.07149304,0.1300048,0.086518735,0.34723857,-0.015025698
623,0.6686505,0.07738075,0.11321692,0.076051675,0.5554336,0.0013290718
624,0.40674326,0.070656344,0.088185884,0.06486074,0.31855738,0.0057956055
625,0.41877928,0.08541722,0.11626948,0.087810785,0.3025098,-0.002393566
626,0.3323616,0.049005847,0.08496195,0.05305801,0.24739966,-0.004052162
627,0.4440289,0.080093145,0.09514956,0.06740858,0.34887934,0.012684569
628,0.57755536,0.08046359,0.12915242,0.09801995,0.44840294,-0.017556362
629,0.33622622,0.11477675,0.10039806,0.0768854,0.23582816,0.03789135
630,0.5323823,0.07603161,0.10994684,0.07232975,0.42243546,0.0037018582
631,0.40881076,0.043885123,0.07836989,0.04916792,0.33044088,-0.005282797
632,0.4911574,0.0727829,0.09487434,0.07172956,0.3962831,0.0010533333
633,0.55531305,0.07564683,0.09135362,0.062143877,0.46395943,0.013502955
634,0.4230555,0.053865913,0.09357244,0.06976779,0.32948306,-0.015901875
635,0.44272777,0.031396795,0.076219544,0.05856885,0.36650825,-0.027172055
636,0.5195946,0.11328921,0.1377709,0.103764,0.38182372,0.00952521
637,0.5018492,0.062029928,0.0719542,0.052717414,0.42989498,0.009312514
638,0.45349842,0.08460742,0.10434024,0.07096609,0.34915817,0.013641335
639,0.5769778,0.01236994,0.042082325,0.029702451,0.5348955,-0.017332511
640,0.46891528,0.07298065,0.080506146,0.06236552,0.38840914,0.010615129
641,0.49806714,0.05784871,0.09488518,0.069205955,0.40318197,-0.011357244
642,0.5684804,0.10818541,0.14213309,0.10820385,0.4263473,-1.8440187e-05
643,0.5420691,0.05690898,0.08744731,0.059910946,0.45462176,-0.0030019656
644,0.35733163,0.055024702,0.0968649,0.066578224,0.26046672,-0.011553522
645,0.5171299,0.0650036,0.083549336,0.058927406,0.43358058,0.006076198
646,0.59328806,0.0556621,0.09712489,0.06800316,0.4961632,-0.0123410635
647,0.35419488,0.07311614,0.10341887,0.080448836,0.250776,-0.0073326975
648,0.34366062,0.033813912,0.06078758,0.042820644,0.28287303,-0.009006731
649,0.42618752,0.08201193,0.12596995,0.09924689,0.30021757,-0.017234959
650,0.54184943,0.06856473,0.09427044,0.065289706,0.447579,0.003275022
651,0.5410754,0.06872898,0.1032028,0.071002565,0.43787262,-0.002273582
652,0.15218762,0.026995514,0.03622474,0.027260633,0.11596288,-0.0002651196
653,0.6603493,0.0827738,0.14305988,0.09371831,0.5172894,-0.0109445155
654,0.5189764,0.0797649,0.12484977,0.09827347,0.39412662,-0.018508568
655,0.5979421,0.12261914,0.1462238,0.11022268,0.45171833,0.012396455
656,0.5164743,0.06383877,0.07597937,0.048969757,0.44049495,0.014869016
657,0.59769803,0.06617515,0.099639796,0.07895424,0.49805823,-0.012779094
658,0.61182266,0.09233237,0.10241304,0.07273304,0.5094096,0.019599333
659,0.5104535,0.060029633,0.113662265,0.075550094,0.39679125,-0.015520461
660,0.45006844,0.04898338,0.0860548,0.05358207,0.36401364,-0.0045986883
661,0.5388178,0.032169957,0.09204635,0.059153847,0.44677147,-0.02698389
662,0.3193425,0.058085743,0.06381169,0.040332098,0.2555308,0.017753646
663,0.48756006,0.048740417,0.08010452,0.059671484,0.40745553,-0.010931067
664,0.31624776,0.07118371,0.059815515,0.03926028,0.25643224,0.031923432
665,0.5153838,0.07539679,0.11287715,0.07616747,0.40250662,-0.0007706806
666,0.46717232,0.15988372,0.11938245,0.092073575,0.34778988,0.06781015
667,0.54599565,0.041240096,0.06236587,0.037910294,0.4836298,0.0033298023
668,0.5897717,0.06540749,0.09075632,0.05842677,0.49901536,0.006980721
669,0.52034,0.077554286,0.09084444,0.06314044,0.42949557,0.0144138485
670,0.43297365,0.08214232,0.08657581,0.06557081,0.34639785,0.016571514
671,0.4957564,0.049761295,0.08979672,0.06877929,0.40595967,-0.019017994
672,0.4558378,0.073115274,0.117954604,0.082423285,0.33788317,-0.00930801
673,0.6280782,0.12749259,0.14540367,0.109156296,0.48267454,0.018336296
674,0.29261166,0.064745784,0.075972356,0.054123115,0.21663931,0.010622669
675,0.42616758,0.052738506,0.078496635,0.052679777,0.34767094,5.87292e-05
676,0.44294456,0.05277287,0.08247846,0.05414201,0.3604661,-0.001369141
677,0.32708853,0.054818552,0.084905244,0.06251177,0.2421833,-0.00769322
678,0.5224758,0.061937075,0.11055838,0.07089866,0.4119174,-0.008961584
679,0.5208717,0.081998296,0.10881754,0.073804416,0.41205415,0.00819388
680,0.5055093,0.064181745,0.093460836,0.069622345,0.4120485,-0.0054406
681,0.51335347,0.13174559,0.1591806,0.12119226,0.3541729,0.01055333
682,0.5206236,0.039286252,0.066003025,0.04354266,0.4546206,-0.0042564087
683,0.56452537,0.044364687,0.0903166,0.06031304,0.47420877,-0.015948351
684,0.40819716,0.061309084,0.086250104,0.06473971,0.32194707,-0.0034306273
685,0.527699,0.057604987,0.08543341,0.061665848,0.44226557,-0.0040608607
686,0.7541259,0.07616304,0.118472315,0.07555208,0.63565356,0.00061095506
687,0.42846128,0.083462864,0.10259103,0.072237976,0.32587025,0.011224888
688,0.26926577,0.03488727,0.040144343,0.031621937,0.22912143,0.0032653324
689,0.5982508,0.08459717,0.10010599,0.07370164,0.4981448,0.010895528
690,0.40858108,0.058843497,0.084809884,0.060330305,0.32377118,-0.0014868081
691,0.5651908,0.095810026,0.11906116,0.08791609,0.44612962,0.007893935
692,0.49255976,0.046486635,0.074321665,0.046182152,0.4182381,0.00030448288
693,0.5037431,0.06530265,0.09923083,0.061994515,0.4045123,0.0033081323
694,0.613094,0.10202605,0.12868273,0.100050285,0.48441124,0.0019757673
695,0.5720582,0.07525111,0.10017786,0.07123287,0.47188035,0.0040182397
696,0.39634737,0.0519265,0.08703967,0.06454005,0.3093077,-0.01261355
697,0.6159086,0.07443574,0.12031048,0.082690276,0.49559814,-0.0082545355
698,0.66975063,0.12582685,0.16372915,0.12262097,0.5060215,0.0032058805
699,0.3238644,0.06040279,0.083774574,0.05781015,0.24008983,0.0025926381
700,0.3132935,0.04352205,0.04939292,0.0382296,0.26390058,0.005292449
701,0.42237443,0.059723943,0.087442644,0.06229065,0.3349318,-0.0025667064
702,0.2471349,0.045535367,0.05044687,0.034112502,0.19668803,0.011422865
703,0.52254194,0.060765464,0.08714295,0.058320727,0.435399,0.0024447367
704,0.3868879,0.025529211,0.0736399,0.05346682,0.313248,-0.027937608
705,0.6523611,0.08368281,0.12760715,0.09491467,0.5247539,-0.011231855
706,0.56785303,0.05598986,0.077580936,0.060789414,0.4902721,-0.0047995523
707,0.46558812,0.062299754,0.070616186,0.055213533,0.39497194,0.007086221
708,0.59860194,0.02775586,0.084701926,0.05502357,0.51390004,-0.02726771
709,0.5599027,0.06738974,0.08856388,0.062882654,0.47133884,0.004507087
710,0.42777514,0.061606135,0.095948525,0.07264249,0.33182663,-0.011036355
711,0.39188915,0.03970725,0.065346755,0.041366316,0.3265424,-0.0016590655
712,0.4445403,0.118612,0.14530854,0.11048064,0.29923177,0.0081313625
713,0.63754606,0.048352163,0.09765451,0.06218333,0.53989154,-0.013831168
714,0.5049337,0.09043775,0.105033025,0.07123832,0.39990067,0.019199431
715,0.43026844,0.09830859,0.08628586,0.067157656,0.34398258,0.031150937
716,0.57659554,0.06533415,0.13314511,0.08596503,0.44345045,-0.020630881
717,0.470524,0.050706692,0.08837311,0.053520445,0.3821509,-0.0028137527
718,0.5757518,0.08221964,0.09774859,0.06685638,0.4780032,0.015363261
719,0.56655544,0.083014145,0.09639542,0.066375464,0.47016,0.016638681
720,0.5527047,0.0765575,0.1141136,0.08151374,0.4385911,-0.004956238
721,0.4249686,0.050105836,0.08577313,0.05501999,0.33919546,-0.0049141534
722,0.4350861,0.0673859,0.10493585,0.069734715,0.33015025,-0.002348818
723,0.56649053,0.085258536,0.14097326,0.09252427,0.42551726,-0.0072657317
724,0.7108134,0.12441149,0.16132587,0.11337073,0.54948753,0.011040762
725,0.38734484,0.035529975,0.062177192,0.042495422,0.32516766,-0.006965447
726,0.47913405,0.05675066,0.11806535,0.080872685,0.3610687,-0.024122026
727,0.64065975,0.11004523,0.1372139,0.09418848,0.50344586,0.01585675
728,0.49007148,0.08985288,0.10782259,0.07669714,0.38224888,0.013155736
729,0.3525932,0.062018618,0.085312165,0.066721775,0.26728106,-0.0047031567
730,0.5191734,0.05116496,0.083934754,0.060589388,0.43523863,-0.009424429
731,0.30722722,0.032418672,0.05402225,0.039142746,0.25320497,-0.0067240745
732,0.49946627,0.074950345,0.0770823,0.054907575,0.42238396,0.02004277
733,0.5351478,0.061664958,0.12427364,0.08802869,0.41087413,-0.026363734
734,0.63749737,0.14630088,0.13465872,0.10324039,0.5028386,0.04306049
735,0.6778851,0.103903905,0.1477145,0.105119936,0.5301706,-0.0012160316
736,0.29699707,0.0919621,0.08625375,0.06341593,0.21074332,0.02854617
737,0.5297053,0.098488234,0.122331955,0.09076565,0.40737334,0.0077225864
738,0.55393493,0.04890539,0.07531228,0.05653215,0.47862265,-0.007626757
739,0.4802457,0.08718405,0.09758183,0.07654762,0.38266388,0.0106364265
740,0.57906854,0.10199428,0.12884255,0.0995225,0.450226,0.0024717823
741,0.5472032,0.057525843,0.09236105,0.06745494,0.45484215,-0.009929098
742,0.49186018,0.07807734,0.11372546,0.081648454,0.37813473,-0.0035711154
743,0.615759,0.09682324,0.13625905,0.09408018,0.47949997,0.002743058
744,0.49432415,0.07588173,0.10173693,0.0737025,0.3925872,0.0021792278
745,0.49682686,0.077606544,0.07704848,0.05837611,0.41977838,0.019230433
746,0.46498498,0.05501769,0.083392814,0.06109064,0.38159215,-0.0060729496
747,0.309615,0.021699382,0.046930026,0.030291278,0.26268497,-0.008591896
748,0.60211015,0.06291177,0.09985879,0.06957562,0.5022514,-0.0066638514
749,0.38216856,0.037235804,0.06340896,0.045781802,0.3187596,-0.0085459985
750,0.42591324,0.038988188,0.08004196,0.059496943,0.34587127,-0.020508755
751,0.5592775,0.07007535,0.10666834,0.080687314,0.45260912,-0.010611966
752,0.44853038,0.052800607,0.098742224,0.0635235,0.34978816,-0.010722894
753,0.3307584,0.050755918,0.05693351,0.033414938,0.27382487,0.01734098
754,0.45069993,0.0494281,0.07486536,0.052662883,0.37583455,-0.0032347813
755,0.5705283,0.047597025,0.089563645,0.058377746,0.4809647,-0.010780722
756,0.44955924,0.048973434,0.07428424,0.047276825,0.37527502,0.001696609
757,0.45396453,0.09212269,0.08874778,0.06676846,0.36521676,0.025354229
758,0.5132934,0.074502215,0.110120125,0.082938455,0.40317327,-0.00843624
759,0.31584978,0.03950545,0.06660039,0.04223594,0.2492494,-0.0027304925
760,0.4241965,0.08989841,0.088171266,0.06492284,0.33602524,0.024975568
761,0.37015456,0.07344377,0.11169657,0.08415751,0.258458,-0.010713741
762,0.51680565,0.08078984,0.108174436,0.07931722,0.4086312,0.0014726222
763,0.6020508,0.08633281,0.11238939,0.07995036,0.4896614,0.0063824505
764,0.5846386,0.054205444,0.08816014,0.06673807,0.49647844,-0.012532625
765,0.7412452,0.119388215,0.14487338,0.10182942,0.5963718,0.017558798
766,0.4023547,0.087562,0.09201829,0.06773587,0.3103364,0.01982613
767,0.43923533,0.10371168,0.11038133,0.07653718,0.328854,0.027174503
768,0.63623244,0.11373749,0.15282364,0.11766062,0.4834088,-0.003923133
769,0.48349985,0.019188294,0.062577955,0.04419941,0.4209219,-0.025011117
770,0.59269536,0.099392645,0.1135075,0.079859704,0.47918785,0.019532941
771,0.59878755,0.12536225,0.11698288,0.08209163,0.48180467,0.043270618
772,0.5664324,0.12980375,0.12843853,0.090903796,0.43799388,0.03889995
773,0.6178087,0.07942364,0.11585684,0.08151451,0.5019519,-0.0020908639
774,0.51206976,0.083910465,0.10986397,0.07654549,0.4022058,0.0073649734
775,0.49646652,0.10004287,0.12565826,0.09557809,0.37080824,0.004464783
776,0.67474836,0.07944718,0.09304361,0.06588782,0.58170474,0.013559356
777,0.551923,0.054001536,0.0787925,0.05725178,0.47313046,-0.003250245
778,0.445002,0.06182017,0.09943186,0.06999729,0.34557015,-0.0081771165
779,0.55190206,0.061249208,0.078983724,0.058149118,0.47291833,0.0031000897
780,0.36165658,0.046326824,0.07060961,0.04688158,0.29104698,-0.00055475533
781,0.41429955,0.086921014,0.09774895,0.07243129,0.3165506,0.014489725
782,0.4660403,0.089408614,0.12861232,0.091321275,0.33742797,-0.0019126609
783,0.5405773,0.06299257,0.08192394,0.06418026,0.45865336,-0.0011876896
784,0.42852336,0.05863925,0.06374524,0.049551226,0.36477813,0.0090880245
785,0.45253104,0.09955161,0.1099878,0.08615541,0.34254324,0.0133962035
786,0.5359769,0.07056568,0.075597465,0.054356527,0.46037942,0.016209152
787,0.42100534,0.053552356,0.068491675,0.052139107,0.35251367,0.0014132485
788,0.45677635,0.07642082,0.09927468,0.06302322,0.3575017,0.013397604
789,0.4867555,0.07683796,0.06470925,0.052777216,0.42204624,0.024060741
790,0.4426399,0.073580556,0.10271328,0.079376526,0.3399266,-0.0057959706
791,0.45915723,0.109064616,0.124384366,0.08988633,0.33477286,0.019178286
792,0.49938723,0.1379464,0.087491035,0.069085024,0.4118962,0.06886137
793,0.30867302,0.102003224,0.10274788,0.07624774,0.20592514,0.025755487
794,0.5548571,0.08982455,0.14238892,0.09495626,0.41246814,-0.0051317066
795,0.48072508,0.0953833,0.09508481,0.06691724,0.38564026,0.02846606
796,0.46600726,0.0525074,0.0772629,0.053069364,0.38874435,-0.00056196377
797,0.5332555,0.033082232,0.10262075,0.074430846,0.43063477,-0.041348614
798,0.5481549,0.066490605,0.08283216,0.059315506,0.46532273,0.007175099
799,0.39911467,0.064805746,0.0852829,0.0654306,0.31383178,-0.0006248504
800,0.5687266,0.101723835,0.115889266,0.08523976,0.45283735,0.016484074
801,0.6298766,0.09678545,0.086293675,0.062082123,0.5435829,0.034703325
802,0.5010184,0.09768858,0.11594896,0.0832975,0.38506943,0.01439108
803,0.37958485,0.041188113,0.05099206,0.03576049,0.32859278,0.005427625
804,0.5624431,0.09503671,0.10391054,0.07503325,0.45853254,0.02000346
805,0.56990534,0.016526531,0.05049012,0.034375384,0.5194152,-0.017848853
806,0.30844763,0.06392677,0.07400766,0.055012528,0.23443997,0.008914243
807,0.573036,0.07608858,0.09865642,0.07095776,0.4743796,0.00513082
808,0.4451239,0.07519525,0.099562444,0.07174823,0.34556147,0.003447026
809,0.4599245,0.08297145,0.078841716,0.05935235,0.38108277,0.023619104
810,0.40124527,0.06934634,0.0872927,0.057233047,0.31395257,0.012113292
811,0.46996355,0.067374595,0.08304203,0.05185162,0.38692153,0.0155229755
812,0.46734482,0.07617732,0.110554874,0.08238194,0.35678995,-0.00620462
813,0.65644073,0.12592666,0.16552012,0.12280601,0.4909206,0.0031206459
814,0.40550366,0.09704159,0.10292713,0.06837454,0.30257654,0.028667055
815,0.27816162,0.03449991,0.07729557,0.053845048,0.20086604,-0.019345138
816,0.5657376,0.06168374,0.08737943,0.06996999,0.47835818,-0.008286249
817,0.48910525,0.06393654,0.09835031,0.07017136,0.39075494,-0.0062348247
818,0.421886,0.057917405,0.09193467,0.06376508,0.32995132,-0.005847674
819,0.44172376,0.052462768,0.05482111,0.034413364,0.38690266,0.018049404
820,0.50177544,0.045626942,0.07360052,0.046709284,0.4281749,-0.0010823421
821,0.64024436,0.09279793,0.13079405,0.09129224,0.5094503,0.0015056878
822,0.31642184,0.053800054,0.050355233,0.036534056,0.2660666,0.017265998
823,0.4474426,0.061829455,0.08908617,0.057872005,0.35835642,0.0039574504
824,0.46951383,0.08010994,0.107648686,0.07390382,0.36186516,0.0062061176
825,0.4090518,0.043512974,0.05700149,0.04096592,0.3520503,0.0025470555
826,0.47222883,0.0684871,0.09046211,0.06472138,0.3817667,0.0037657171
827,0.4479525,0.080204256,0.11749389,0.08600515,0.3304586,-0.0058008954
828,0.48927778,0.112969495,0.12516245,0.08716392,0.36411533,0.025805578
829,0.41247767,0.064753465,0.071414515,0.054491013,0.34106314,0.010262452
830,0.54297024,0.054800197,0.09202173,0.059566,0.4509485,-0.004765801
831,0.5781691,0.06036852,0.0937241,0.06567036,0.484445,-0.0053018443
832,0.5119401,0.0528061,0.11807065,0.07910523,0.39386946,-0.026299126
833,0.6111686,0.055986803,0.10353709,0.0711647,0.50763154,-0.015177894
834,0.33888724,0.05560968,0.07409202,0.05072927,0.2647952,0.0048804097
835,0.5469016,0.15119156,0.16096067,0.13128014,0.3859409,0.019911423
836,0.3891948,0.033951312,0.077817775,0.055287722,0.31137702,-0.02133641
837,0.5640008,0.097249754,0.13990982,0.101958,0.42409098,-0.0047082454
838,0.49345198,0.073536456,0.09946773,0.06941355,0.39398426,0.0041229054
839,0.5326296,0.096857294,0.13174169,0.08976091,0.4008879,0.0070963874
840,0.515418,0.07389945,0.09122246,0.07297441,0.42419553,0.0009250343
841,0.40459934,0.08291108,0.0876755,0.060484372,0.31692386,0.02242671
842,0.5251881,0.107226096,0.14416581,0.103039734,0.38102227,0.004186362
843,0.52253664,0.066547774,0.10867486,0.07111562,0.41386178,-0.0045678467
844,0.5574546,0.06901139,0.104275875,0.07392631,0.4531787,-0.004914917
845,0.46274173,0.09320295,0.10445471,0.08047941,0.35828704,0.012723535
846,0.49976236,0.04678605,0.099766865,0.07206511,0.3999955,-0.025279056
847,0.48343515,0.07535539,0.09813796,0.06884176,0.38529718,0.0065136254
848,0.39926907,0.095861055,0.08719672,0.060994674,0.31207234,0.03486638
849,0.50524974,0.17733485,0.14842658,0.11826095,0.35682315,0.059073895
850,0.57663286,0.083437294,0.08237053,0.05778188,0.49426234,0.025655415
851,0.472913,0.095021166,0.11309647,0.078021474,0.35981652,0.016999692
852,0.3307238,0.05410925,0.1027939,0.07598476,0.22792989,-0.021875512
853,0.59965,0.13407485,0.1359848,0.08971007,0.46366525,0.04436478
854,0.5250012,0.099582985,0.14098193,0.094653495,0.38401932,0.0049294904
855,0.6684497,0.0963317,0.12066527,0.0820116,0.54778445,0.014320098
856,0.54014534,0.0945776,0.12107383,0.081563756,0.4190715,0.013013847
857,0.63546354,0.12602471,0.17283547,0.12764826,0.46262807,-0.001623556
858,0.664742,0.0824903,0.15207997,0.09561945,0.51266205,-0.013129145
859,0.4983749,0.045405116,0.07718531,0.048681058,0.4211896,-0.003275942
860,0.47811818,0.1046858,0.08584681,0.06191269,0.39227137,0.04277311
861,0.5328925,0.07717982,0.098377325,0.06696384,0.4345152,0.010215983
862,0.3591419,0.0492225,0.062198415,0.045002375,0.2969435,0.0042201243
863,0.50187963,0.07767319,0.094765574,0.069643795,0.40711406,0.008029394
864,0.5334073,0.100065015,0.11911051,0.08118119,0.41429675,0.018883824
865,0.5792906,0.13346891,0.1430828,0.101028636,0.43620783,0.032440275
866,0.4755153,0.053589355,0.11884686,0.08382501,0.35666844,-0.030235652
867,0.56831235,0.07746285,0.13382977,0.09276407,0.43448257,-0.01530122
868,0.38149124,0.045873083,0.07912505,0.049872957,0.3023662,-0.003999874
869,0.6711233,0.10349286,0.13606839,0.09770441,0.5350549,0.005788453
870,0.5187125,0.03500107,0.049013015,0.034685567,0.4696995,0.0003155023
871,0.60101014,0.049791586,0.09092717,0.056908935,0.51008296,-0.0071173497
872,0.48088357,0.05824141,0.110539,0.07181428,0.37034458,-0.013572868
873,0.40767655,0.052989624,0.09277586,0.06894361,0.3149007,-0.015953988
874,0.4343989,0.102723435,0.109307855,0.07927735,0.32509103,0.023446083
875,0.40245888,0.091807164,0.10583659,0.07764902,0.29662228,0.014158145
876,0.5631564,0.10850603,0.15052815,0.10326814,0.4126283,0.0052378923
877,0.45965356,0.09072453,0.115995295,0.075403035,0.34365827,0.015321493
878,0.54816496,0.07310881,0.08189201,0.05968828,0.46627295,0.013420526
879,0.5049768,0.0796712,0.09678681,0.06849753,0.40819,0.0111736655
880,0.37849054,0.06504772,0.066858746,0.050546236,0.3116318,0.014501482
881,0.4296758,0.05800881,0.066345744,0.051446624,0.36333004,0.0065621845
882,0.5221125,0.07225942,0.096244186,0.061519008,0.4258683,0.010740411
883,0.43829623,0.06265022,0.11989621,0.07879406,0.31840003,-0.016143844
884,0.4820284,0.04824272,0.076486886,0.054847237,0.4055415,-0.006604515
885,0.5121633,0.05708502,0.07033123,0.05263242,0.44183207,0.0044525973
886,0.35100207,0.0784054,0.09219854,0.066518694,0.25880352,0.011886708
887,0.45773852,0.039638266,0.07297999,0.05171769,0.38475853,-0.012079425
888,0.36622396,0.04190058,0.08578756,0.054144863,0.2804364,-0.012244284
889,0.612765,0.08623592,0.120468386,0.08092595,0.49229664,0.005309969
890,0.6421006,0.10474186,0.12156804,0.08973238,0.52053255,0.015009478
891,0.55138636,0.019609487,0.039890468,0.029242931,0.5114959,-0.009633444
892,0.48917845,0.06067348,0.08749257,0.06181182,0.4016859,-0.0011383407
893,0.45559075,0.08948014,0.1159451,0.081406124,0.33964565,0.008074015
894,0.583296,0.06312439,0.10194375,0.07528906,0.48135224,-0.012164675
895,0.56363684,0.063484915,0.08412629,0.05891632,0.47951055,0.0045685954
896,0.7014178,0.11668945,0.12713948,0.092842855,0.57427835,0.023846596
897,0.43696955,0.048471525,0.07790196,0.053080127,0.3590676,-0.0046086013
898,0.48975405,0.09879784,0.10905651,0.082077645,0.38069755,0.016720198
899,0.43441468,0.10784376,0.09172225,0.067847356,0.34269243,0.0399964
900,0.5382644,0.10100176,0.11185999,0.08157822,0.42640442,0.019423544
901,0.36189193,0.0864147,0.08533907,0.060729515,0.27655286,0.025685187
902,0.6015301,0.11959449,0.14919801,0.09694034,0.45233208,0.022654153
903,0.47984082,0.0907592,0.121460825,0.09215151,0.35838,-0.0013923049
904,0.42025274,0.035118088,0.066736154,0.04510381,0.35351658,-0.009985723
905,0.5631393,0.08350625,0.13674141,0.09589539,0.42639792,-0.012389138
906,0.44359154,0.070303135,0.12276095,0.07986925,0.32083058,-0.009566113
907,0.48235488,0.034170568,0.06308447,0.04291967,0.4192704,-0.008749101
908,0.62170523,0.09912823,0.14503527,0.104920864,0.47666997,-0.0057926327
909,0.5061199,0.06078564,0.10669507,0.07797281,0.39942485,-0.017187167
910,0.50786424,0.071370505,0.0887742,0.066567294,0.41909003,0.0048032105
911,0.55870926,0.061043773,0.102623835,0.07500111,0.45608544,-0.01395734
912,0.4883772,0.043462355,0.08443838,0.056497864,0.40393883,-0.01303551
913,0.5037192,0.03985234,0.06502202,0.045952104,0.4386972,-0.0060997643
914,0.6536365,0.050440703,0.08370596,0.05903584,0.56993055,-0.008595139
915,0.57092834,0.10194003,0.1066358,0.07920483,0.46429253,0.0227352
916,0.51403517,0.066280864,0.11399678,0.07481225,0.4000384,-0.008531384
917,0.3870002,0.058952212,0.072496675,0.048646692,0.31450352,0.01030552
918,0.52104795,0.067505665,0.100456715,0.06734791,0.42059124,0.0001577586
919,0.44189978,0.07698985,0.08323989,0.04813434,0.3586599,0.02885551
920,0.43422768,0.042586427,0.073381394,0.05752273,0.36084628,-0.014936302
921,0.45752928,0.068975285,0.076259814,0.05122137,0.38126945,0.017753914
922,0.3908066,0.048485503,0.06922591,0.04466522,0.32158068,0.0038202815
923,0.5845131,0.10494726,0.15567829,0.11133404,0.42883486,-0.0063867792
924,0.42260474,0.04480568,0.07610445,0.055116534,0.34650028,-0.010310855
925,0.66036606,0.027814258,0.061063126,0.03813721,0.59930295,-0.010322951
926,0.5502911,0.0462488,0.08974682,0.067843154,0.4605443,-0.021594353
927,0.55252486,0.080750555,0.11899519,0.08704074,0.43352968,-0.0062901825
928,0.48953077,0.07009459,0.085020065,0.061559867,0.4045107,0.008534726
929,0.5552939,0.056863576,0.071749754,0.05344759,0.48354417,0.003415987
930,0.4650486,0.10555999,0.13211627,0.10655486,0.33293235,-0.0009948686
931,0.5236465,0.10349527,0.110759266,0.068526864,0.41288722,0.034968406
932,0.50630736,0.083292894,0.107289575,0.08436271,0.39901778,-0.001069814
933,0.41550454,0.07016617,0.0843054,0.062100645,0.33119914,0.008065525
934,0.52902925,0.08143252,0.08877161,0.05900075,0.44025764,0.022431772
935,0.5100602,0.0705044,0.10649886,0.076071404,0.40356132,-0.0055670068
936,0.40500474,0.04958111,0.06733229,0.042956993,0.33767244,0.0066241175
937,0.56158733,0.071146004,0.108660705,0.07011408,0.45292664,0.0010319203
938,0.57767344,0.0776276,0.09765246,0.07115137,0.48002097,0.006476231
939,0.6926798,0.11665315,0.14731522,0.110362895,0.5453646,0.006290257
940,0.5209145,0.08292776,0.098925345,0.07066142,0.42198914,0.012266345
941,0.39089596,0.06406049,0.09616334,0.06264054,0.29473263,0.0014199466
942,0.2762518,0.058623854,0.06568797,0.052038856,0.21056382,0.006584998
943,0.6045392,0.06820537,0.1105926,0.08099924,0.4939466,-0.012793869
944,0.4740802,0.069742955,0.09175851,0.06724929,0.3823217,0.0024936646
945,0.49335566,0.06909299,0.10250851,0.07199113,0.39084715,-0.0028981417
946,0.5040845,0.054629073,0.071301214,0.05497187,0.4327833,-0.0003427975
947,0.5454687,0.07458836,0.11045288,0.06933156,0.4350158,0.005256802
948,0.46919847,0.066234134,0.0762852,0.05337356,0.39291328,0.012860574
949,0.478713,0.09607614,0.096522644,0.06687824,0.38219035,0.029197901
950,0.44257984,0.050935555,0.0995009,0.06943957,0.34307894,-0.018504012
951,0.5006782,0.077984266,0.119041,0.07816091,0.3816372,-0.00017664582
952,0.39590093,0.046098407,0.08774256,0.061988767,0.30815837,-0.01589036
953,0.6240084,0.09783942,0.14525384,0.09762537,0.47875458,0.00021405518
954,0.57262665,0.084013015,0.11588871,0.074477986,0.45673794,0.0095350295
955,0.42470646,0.06923088,0.08450332,0.0648823,0.34020314,0.004348576
956,0.6155314,0.09737255,0.11163396,0.079295285,0.5038974,0.018077262
957,0.40233168,0.04870578,0.09249541,0.06060399,0.30983627,-0.011898212
958,0.57554495,0.113192715,0.10982409,0.07751252,0.46572086,0.035680197
959,0.60785675,0.012493556,0.039314352,0.029768862,0.5685424,-0.017275305
960,0.5817458,0.083951525,0.13110717,0.08273199,0.45063865,0.0012195334
961,0.3022906,0.04165712,0.061265532,0.043161035,0.24102506,-0.0015039146
962,0.53094983,0.075409025,0.08896487,0.061872672,0.44198495,0.013536353
963,0.56680816,0.06774156,0.08566355,0.063497,0.4811446,0.0042445585
964,0.39663294,0.053688776,0.08407985,0.062254056,0.3125531,-0.008565281
965,0.4491473,0.093003765,0.11627912,0.08487285,0.3328682,0.008130915
966,0.45829523,0.09904184,0.116795786,0.08532115,0.34149945,0.013720691
967,0.4927502,0.066273876,0.09839418,0.076991394,0.394356,-0.010717519
968,0.2922126,0.05687712,0.06775476,0.048558127,0.22445785,0.008318994
969,0.5261031,0.12859912,0.09959804,0.074172445,0.42650503,0.054426678
970,0.5275027,0.05116017,0.08123779,0.057266425,0.44626492,-0.0061062537
971,0.39803663,0.049911447,0.07569681,0.054890025,0.32233983,-0.0049785785
972,0.40667254,0.06389945,0.07749227,0.05472672,0.32918027,0.00917273
973,0.61200035,0.039168075,0.07929854,0.049101688,0.5327018,-0.009933613
974,0.57841176,0.13174343,0.11205441,0.08892209,0.46635735,0.04282134
975,0.49871767,0.045425303,0.082294665,0.058096565,0.416423,-0.012671262
976,0.491911,0.08205122,0.12557757,0.096642666,0.36633343,-0.014591448
977,0.415874,0.07431618,0.07891604,0.062035285,0.33695796,0.012280896
978,0.49479896,0.075786464,0.07654026,0.05731446,0.4182587,0.018472005
979,0.31873134,0.047133178,0.076030165,0.054762334,0.24270117,-0.007629156
980,0.424611,0.062397093,0.09923807,0.064430825,0.32537293,-0.0020337328
981,0.49256194,0.080497436,0.117465876,0.08437449,0.37509605,-0.0038770512
982,0.61462253,0.10903331,0.08924845,0.05704023,0.52537405,0.05199308
983,0.4477777,0.09181804,0.13684416,0.090417735,0.31093353,0.0014003068
984,0.5814297,0.059239663,0.09550119,0.07604481,0.48592854,-0.01680515
985,0.6419008,0.08798566,0.11401524,0.08619374,0.52788556,0.0017919168
986,0.65917593,0.12940696,0.16456193,0.13078362,0.494614,-0.0013766587
987,0.67804044,0.054632716,0.1008853,0.059251774,0.5771551,-0.004619058
988,0.52752703,0.052661803,0.08965475,0.06512338,0.4378723,-0.012461577
989,0.5270456,0.11274019,0.13835095,0.099908784,0.38869464,0.012831405
990,0.50264555,0.049910378,0.099794775,0.06691396,0.40285078,-0.017003585
991,0.5483733,0.08371571,0.103359245,0.07718378,0.44501403,0.006531924
992,0.6009937,0.11414908,0.15735804,0.11928489,0.44363564,-0.005135812
993,0.47910246,0.10693638,0.13660918,0.09255031,0.3424933,0.014386073
994,0.5291123,0.08050693,0.08350675,0.063966446,0.44560552,0.016540483
995,0.46785495,0.065016896,0.083770335,0.059143014,0.3840846,0.0058738813
996,0.40585724,0.07812989,0.090706356,0.06587588,0.3151509,0.012254007
997,0.36593464,0.057668436,0.07692677,0.055487536,0.28900787,0.0021809004
998,0.48321632,0.07986319,0.08887205,0.06162677,0.39434427,0.018236421
999,0.39323273,0.070017196,0.08010183,0.05928728,0.31313092,0.010729916
1000,0.526126,0.08473571,0.10632722,0.071099594,0.4197988,0.013636112
1001,0.54745144,0.09303282,0.12789258,0.09270586,0.41955885,0.00032696128
1002,0.46927977,0.027749754,0.0816493,0.057859346,0.38763046,-0.030109592
1003,0.51374114,0.04607113,0.082655385,0.05537264,0.43108577,-0.00930151
1004,0.5121282,0.053098775,0.069025286,0.047692627,0.4431029,0.0054061487
1005,0.5924386,0.057209842,0.1365764,0.08503076,0.45586216,-0.027820915
1006,0.5764645,0.09093354,0.11548259,0.07481092,0.46098188,0.016122617
1007,0.7584896,0.14688034,0.16906287,0.12825878,0.58942676,0.018621564
1008,0.56628644,0.04919846,0.061533727,0.04475145,0.5047527,0.0044470094
1009,0.6310462,0.13616225,0.17437191,0.13003068,0.45667428,0.0061315745
1010,0.48240647,0.052128904,0.09333809,0.06721407,0.38906837,-0.015085168
1011,0.55700195,0.05654894,0.08770993,0.061029743,0.469292,-0.0044808052
1012,0.34594098,0.0602923,0.07630674,0.05214858,0.26963425,0.008143719
1013,0.47653896,0.057519294,0.08612618,0.06232097,0.39041278,-0.0048016757
1014,0.5939241,0.15211369,0.1458881,0.11245145,0.44803602,0.039662242
1015,0.44721267,0.049317386,0.08971701,0.062160984,0.35749567,-0.012843598
1016,0.46793973,0.057733335,0.08078763,0.05609381,0.3871521,0.0016395263
1017,0.40908325,0.054613385,0.06359232,0.04388378,0.34549093,0.010729607
1018,0.3741464,0.07835818,0.0677071,0.047094017,0.3064393,0.031264164
1019,0.61147106,0.08261455,0.12337023,0.08376458,0.48810083,-0.0011500344
1020,0.54675514,0.06860178,0.13615637,0.096708365,0.41059875,-0.028106585
1021,0.4496238,0.054959018,0.09546508,0.0696783,0.3541587,-0.014719281
1022,0.36292458,0.032687694,0.047819626,0.038098898,0.31510496,-0.005411204
1023,0.56542885,0.053532925,0.09539448,0.06790829,0.47003436,-0.014375363
1024,0.55806714,0.038095087,0.10259984,0.0635058,0.4554673,-0.025410712
1025,0.57475245,0.14849366,0.15688953,0.10178654,0.41786292,0.046707124
1026,0.2924293,0.035260025,0.058739956,0.041381966,0.23368934,-0.006121941
1027,0.43752813,0.047602385,0.09476985,0.064425714,0.3427583,-0.016823329
1028,0.47678182,0.060746495,0.102846414,0.069905326,0.3739354,-0.009158831
1029,0.45332083,0.05236003,0.08096446,0.06339442,0.37235636,-0.011034388
1030,0.41011304,0.044601753,0.0759541,0.053714577,0.33415893,-0.009112824
1031,0.6444519,0.03236161,0.09117878,0.06100508,0.55327314,-0.028643467
1032,0.62385327,0.11697291,0.14271809,0.11205333,0.4811352,0.004919581
1033,0.71148604,0.079227276,0.14349689,0.09916674,0.5679892,-0.019939467
1034,0.46274292,0.06887639,0.09966217,0.067242034,0.36308074,0.0016343594
1035,0.41553572,0.06048818,0.08328553,0.059155237,0.33225018,0.0013329424
1036,0.555861,0.063502036,0.1230228,0.07518741,0.4328382,-0.011685371
1037,0.40361723,0.031626604,0.06323804,0.04468976,0.34037918,-0.013063155
1038,0.5704842,0.09701772,0.120013714,0.084587775,0.4504705,0.012429945
1039,0.42959398,0.12937152,0.08455757,0.049877796,0.34503642,0.07949373
1040,0.56824404,0.09200707,0.11173204,0.08934852,0.456512,0.0026585534
1041,0.3482087,0.056737978,0.0966879,0.07071218,0.2515208,-0.013974201
1042,0.5691307,0.10996998,0.14999524,0.10282447,0.41913548,0.007145509
1043,0.5839811,0.05998272,0.104428634,0.075493075,0.47955245,-0.015510354
1044,0.54587466,0.025201108,0.07893454,0.04972006,0.4669401,-0.024518952
1045,0.6237251,0.11334946,0.12843661,0.094752036,0.4952885,0.018597424
1046,0.40590113,0.07291391,0.08673356,0.06383569,0.31916758,0.0090782195
1047,0.5363976,0.08269057,0.12711707,0.08673095,0.4092805,-0.004040383
1048,0.4282443,0.08117626,0.109846026,0.078267716,0.31839827,0.0029085428
1049,0.4428708,0.0800334,0.10188389,0.073713444,0.3409869,0.006319955
1050,0.64290124,0.073242046,0.11419361,0.072845936,0.5287076,0.00039611012
1051,0.53093,0.08601212,0.12497859,0.08811594,0.40595138,-0.0021038204
1052,0.38187975,0.06343893,0.079124674,0.05217772,0.30275506,0.01126121
1053,0.6086047,0.09478605,0.13391757,0.097099565,0.47468716,-0.002313517
1054,0.3728112,0.047843765,0.06560514,0.046377726,0.30720606,0.0014660396
1055,0.34508437,0.06421616,0.08157642,0.05913805,0.26350796,0.005078111
1056,0.2922837,0.023260381,0.03534628,0.025057478,0.25693744,-0.0017970968
1057,0.52353305,0.06785884,0.087619476,0.065093644,0.43591356,0.0027651936
1058,0.65074116,0.10502816,0.12341133,0.09002488,0.5273298,0.015003279
1059,0.45926544,0.035481106,0.07017196,0.047505196,0.3890935,-0.01202409
1060,0.6693885,0.083040826,0.112936184,0.08038446,0.5564523,0.002656363
1061,0.54290926,0.112742305,0.15317562,0.10443211,0.38973364,0.008310191
1062,0.3445145,0.050384082,0.061839055,0.041916095,0.28267545,0.008467987
1063,0.55559564,0.057893224,0.096309274,0.06760982,0.45928636,-0.009716593
1064,0.5629795,0.06658875,0.1192969,0.08445504,0.4436826,-0.017866291
1065,0.49611166,0.07107602,0.10073186,0.06603172,0.3953798,0.005044304
1066,0.51514405,0.05266276,0.07772266,0.057213303,0.43742138,-0.0045505427
1067,0.4959097,0.057973552,0.09000123,0.060004592,0.40590847,-0.0020310394
1068,0.32308477,0.056101236,0.06918677,0.045057178,0.253898,0.011044059
1069,0.4914014,0.05412987,0.07702322,0.05524492,0.41437817,-0.0011150502
1070,0.58645463,0.06386656,0.10693674,0.07033914,0.47951788,-0.00647258
1071,0.4526811,0.037049796,0.057287253,0.04200797,0.39539385,-0.004958175
1072,0.59467417,0.07166662,0.11496119,0.08053472,0.47971296,-0.008868098
1073,0.33068797,0.124226496,0.12538995,0.0768256,0.20529802,0.0474009
1074,0.47068536,0.10248947,0.1110569,0.08005374,0.35962847,0.022435732
1075,0.59111464,0.034477346,0.06031212,0.04048376,0.53080255,-0.006006416
1076,0.65730625,0.08527511,0.11316842,0.070349604,0.54413784,0.01492551
1077,0.37289166,0.07998193,0.064751275,0.04843192,0.3081404,0.03155001
1078,0.46240345,0.07640776,0.10190235,0.07019579,0.3605011,0.0062119737
1079,0.53772795,0.11914412,0.12620865,0.09655693,0.4115193,0.022587188
1080,0.6013563,0.07751015,0.095541336,0.06895323,0.50581497,0.008556917
1081,0.44617787,0.0708224,0.08380266,0.059286542,0.3623752,0.011535861
1082,0.54963297,0.06829565,0.095621966,0.06994898,0.454011,-0.0016533285
1083,0.539676,0.07935158,0.08904938,0.0617454,0.45062664,0.01760618
1084,0.5928522,0.048744094,0.103035256,0.07036388,0.4898169,-0.021619786
1085,0.4424061,0.05123447,0.089731835,0.06237085,0.35267425,-0.011136383
1086,0.4555008,0.058020364,0.08605257,0.06509525,0.36944824,-0.007074889
1087,0.5544381,0.06289872,0.10296761,0.06756846,0.4514705,-0.004669741
1088,0.349693,0.05335154,0.080729105,0.05952207,0.2689639,-0.00617053
1089,0.41726604,0.079440825,0.07858662,0.059659906,0.33867943,0.019780919
1090,0.60800374,0.10904518,0.15378647,0.103118345,0.45421726,0.0059268326
1091,0.39875764,0.036067005,0.10161124,0.0637835,0.29714638,-0.027716491
1092,0.66942847,0.09305929,0.11953797,0.08996296,0.5498905,0.0030963272
1093,0.6051382,0.08187527,0.10337598,0.06662115,0.5017622,0.015254125
1094,0.5274322,0.020352788,0.04450562,0.026621852,0.48292658,-0.006269064
1095,0.5250626,0.12016528,0.10173063,0.06909215,0.42333198,0.051073134
1096,0.4187009,0.08970552,0.10346259,0.07289134,0.3152383,0.01681418
1097,0.5033497,0.073112614,0.110341586,0.07861831,0.39300814,-0.005505696
1098,0.50428826,0.058254562,0.0858642,0.06439337,0.41842407,-0.006138809
1099,0.38890427,0.079403765,0.096884534,0.067528196,0.29201972,0.01187557
1100,0.39352068,0.03701244,0.0793596,0.0545571,0.3141611,-0.01754466
1101,0.44761515,0.05165491,0.08983496,0.062084414,0.3577802,-0.010429505
1102,0.62084913,0.12534887,0.15582258,0.10381788,0.46502656,0.021530986
1103,0.43818298,0.07850289,0.103257306,0.07986696,0.33492568,-0.0013640672
1104,0.6122037,0.11513129,0.119319536,0.089918844,0.4928842,0.025212444
1105,0.3889543,0.052779038,0.08761076,0.05956423,0.30134356,-0.0067851916
1106,0.5604053,0.07331011,0.1436301,0.08699782,0.41677523,-0.013687715
1107,0.31244403,0.059507955,0.086318195,0.0638154,0.22612584,-0.004307445
1108,0.61650044,0.10975292,0.15186176,0.108573854,0.46463868,0.0011790693
1109,0.4788401,0.08692174,0.092166096,0.06828534,0.38667402,0.018636398
1110,0.4379328,0.0698751,0.073741496,0.05421201,0.3641913,0.015663087
1111,0.5081275,0.077918,0.11143317,0.07696412,0.39669433,0.00095388293
1112,0.5834522,0.0446402,0.09462942,0.06885611,0.48882282,-0.024215914
1113,0.26884958,0.034919366,0.064720236,0.04321696,0.20412934,-0.008297592
1114,0.3476197,0.06065583,0.088654146,0.061222315,0.25896555,-0.00056648627
1115,0.48056683,0.09828481,0.09717683,0.07145832,0.38339,0.026826493
1116,0.39096174,0.06114561,0.0907453,0.062810734,0.30021644,-0.0016651228
1117,0.55584913,0.06212641,0.08628943,0.063393995,0.4695597,-0.0012675859
1118,0.47098926,0.055408757,0.08094754,0.059135452,0.3900417,-0.0037266947
1119,0.33079737,0.050238576,0.08981202,0.06962658,0.24098536,-0.019388001
1120,0.20292152,0.03567674,0.048912216,0.033561897,0.15400931,0.0021148436
1121,0.40992665,0.06369089,0.094665185,0.0651349,0.31526148,-0.0014440045
1122,0.57840616,0.0930847,0.104825184,0.07062784,0.47358096,0.022456862
1123,0.6485157,0.065251544,0.14156829,0.10262336,0.5069474,-0.037371814
1124,0.40792772,0.08418552,0.100865535,0.0690655,0.30706218,0.015120022
1125,0.43779907,0.021213967,0.06663063,0.046784773,0.37116843,-0.025570806
1126,0.38496643,0.05562908,0.061500344,0.04615284,0.3234661,0.009476237
1127,0.5521056,0.06446451,0.106719434,0.0710941,0.44538617,-0.0066295937
1128,0.15424491,0.018212073,0.032877184,0.023926495,0.12136773,-0.005714422
1129,0.56626046,0.07177109,0.10846646,0.075713746,0.457794,-0.0039426535
1130,0.46855345,0.09835535,0.10399525,0.07078633,0.36455822,0.027569026
1131,0.597739,0.076571204,0.11588737,0.08387301,0.4818516,-0.0073018074
1132,0.56669825,0.09375479,0.13396728,0.10668722,0.43273097,-0.012932427
1133,0.5459404,0.09734727,0.1265617,0.08203797,0.4193787,0.015309297
1134,0.5738753,0.11408883,0.13889396,0.09654811,0.43498135,0.017540723
1135,0.59237844,0.08602874,0.09193502,0.06594488,0.5004434,0.02008386
1136,0.50518024,0.06747633,0.08059957,0.05567063,0.42458066,0.011805702
1137,0.3939512,0.03406283,0.08680239,0.057817783,0.3071488,-0.023754954
1138,0.4081234,0.101469785,0.1031521,0.08155389,0.3049713,0.019915894
1139,0.41122726,0.043580994,0.072003886,0.048522286,0.33922338,-0.004941292
1140,0.5450511,0.06581912,0.10207704,0.071544446,0.44297406,-0.005725324
1141,0.5669554,0.076786645,0.10476067,0.074891746,0.4621947,0.0018948987
1142,0.57083786,0.039091904,0.06803687,0.052190546,0.502801,-0.013098642
1143,0.5358138,0.109618515,0.1558785,0.11206953,0.37993532,-0.0024510175
1144,0.4386237,0.06297047,0.09049611,0.054255415,0.3481276,0.008715052
1145,0.29943025,0.06630068,0.08523478,0.0632386,0.21419546,0.0030620843
1146,0.4157023,0.082591,0.09113898,0.061356083,0.32456332,0.021234915
1147,0.3943119,0.07321756,0.061543483,0.0469874,0.3327684,0.026230164
1148,0.3662922,0.07540555,0.090240315,0.062688224,0.27605188,0.012717329
1149,0.69375485,0.011279347,0.03763406,0.02264926,0.6561208,-0.011369913
1150,0.55357236,0.08176484,0.11690316,0.09057351,0.4366692,-0.008808672
1151,0.47102815,0.069697075,0.09655394,0.06741258,0.37447423,0.002284497
1152,0.4857796,0.062512994,0.08475791,0.06266345,0.40102172,-0.00015045702
1153,0.4670392,0.07982948,0.08795391,0.06736096,0.3790853,0.012468517
1154,0.5963788,0.089620955,0.074592404,0.052792035,0.5217864,0.03682892
1155,0.5328267,0.10168276,0.11363073,0.07609675,0.419196,0.025586009
1156,0.45141938,0.088205196,0.12207454,0.089301996,0.32934484,-0.0010968
1157,0.5062625,0.0574205,0.08502262,0.061353423,0.42123985,-0.003932923
1158,0.3186935,0.037747815,0.06568876,0.04382798,0.25300473,-0.0060801655
1159,0.63556015,0.09832907,0.13212724,0.09906428,0.5034329,-0.00073521584
1160,0.48705748,0.09017309,0.10486234,0.08631114,0.38219514,0.0038619488
1161,0.57103723,0.07922609,0.116540186,0.084365614,0.45449704,-0.0051395223
1162,0.36229014,0.06010322,0.09320217,0.06251272,0.26908797,-0.0024094991
1163,0.5479445,0.065138526,0.08146844,0.056780133,0.46647605,0.008358393
1164,0.3481767,0.047313876,0.061054196,0.04492362,0.2871225,0.002390258
1165,0.30118302,0.07058206,0.0895068,0.06335268,0.21167621,0.0072293803
1166,0.5674262,0.104929775,0.13222907,0.08631232,0.43519711,0.018617459
1167,0.37301388,0.032559507,0.06363139,0.044010438,0.3093825,-0.011450931
1168,0.42104992,0.08173736,0.089834444,0.06924751,0.33121547,0.012489855
1169,0.5009578,0.08524989,0.122684374,0.08987847,0.37827343,-0.0046285763
1170,0.6792358,0.084959164,0.12822622,0.09588497,0.5510096,-0.010925807
1171,0.7222046,0.120023824,0.16506031,0.11312541,0.5571443,0.0068984106
1172,0.5356139,0.078425966,0.11129935,0.07825092,0.42431456,0.00017504394
1173,0.5536813,0.09795691,0.15180823,0.10811509,0.40187308,-0.010158181
1174,0.66885376,0.064265154,0.12307726,0.08761379,0.5457765,-0.023348637
1175,0.43668607,0.056479782,0.090836495,0.057592478,0.34584957,-0.0011126958
1176,0.5075587,0.12741666,0.15381712,0.113903396,0.3537416,0.01351326
1177,0.5116003,-0.0041495855,0.023450976,0.015967581,0.48814934,-0.020117167
1178,0.5196706,0.036949158,0.06455911,0.041367248,0.4551115,-0.00441809
1179,0.51700795,0.09988183,0.12130662,0.08721715,0.39570132,0.012664676
1180,0.517879,0.07381261,0.090669155,0.06639582,0.42720985,0.007416792
1181,0.36650726,0.030549757,0.03234897,0.02903244,0.3341583,0.0015173163
1182,0.64243877,0.13077563,0.14394404,0.107139066,0.49849474,0.023636565
1183,0.43767396,0.06659604,0.07363319,0.05257279,0.36404076,0.014023248
1184,0.5759587,0.06967936,0.10762134,0.07391428,0.4683374,-0.004234925
1185,0.49039334,0.019506115,0.038219858,0.028925613,0.45217347,-0.009419497
1186,0.40329015,0.061111916,0.084737174,0.06114284,0.31855297,-3.0923635e-05
1187,0.5442202,0.08290271,0.07253798,0.054725032,0.47168222,0.028177675
1188,0.55621666,0.08065063,0.10661912,0.08189745,0.44959754,-0.0012468249
1189,0.46446797,0.07400577,0.11044981,0.0828771,0.35401815,-0.008871332
1190,0.1978968,0.019997919,0.033233628,0.022847068,0.16466317,-0.0028491486
1191,0.4449679,0.09805098,0.11615586,0.085525036,0.32881203,0.012525946
1192,0.46963778,0.08374484,0.07637186,0.05154378,0.3932659,0.03220106
1193,0.5067289,0.045589812,0.09195767,0.06252864,0.4147712,-0.016938828
1194,0.32444435,0.036461756,0.046446454,0.03303431,0.2779979,0.003427446
1195,0.47364986,0.10887095,0.09317927,0.062013812,0.38047057,0.04685714
1196,0.45987338,0.081673704,0.110260285,0.08718739,0.3496131,-0.005513683
1197,0.50327605,0.053308185,0.085464604,0.057013497,0.41781145,-0.0037053116
1198,0.5538872,0.10814821,0.12818043,0.09177396,0.42570674,0.016374253
1199,0.5871368,0.10414568,0.14187282,0.10553599,0.44526398,-0.0013903081
1200,0.47245926,0.032865264,0.060494862,0.042609576,0.4119644,-0.009744313
1201,0.30384517,0.04857145,0.067220494,0.04772457,0.23662467,0.0008468777
1202,0.28322425,0.046876945,0.049358726,0.031011768,0.23386553,0.015865177
1203,0.53990895,0.07764401,0.12891257,0.08629137,0.41099638,-0.00864736
1204,0.50013894,0.03309744,0.07287875,0.04717393,0.4272602,-0.01407649
1205,0.52031595,0.038155522,0.08643607,0.058819648,0.43387988,-0.020664126
1206,0.6397439,0.04373308,0.07369511,0.05391399,0.5660488,-0.010180909
1207,0.5088608,0.051824376,0.09142096,0.06632277,0.41743988,-0.014498398
1208,0.428532,0.046123073,0.089614704,0.055437516,0.33891732,-0.009314444
1209,0.43264174,0.048888925,0.08199694,0.05476954,0.3506448,-0.005880613
1210,0.48167878,0.08136506,0.07728036,0.057659097,0.40439844,0.02370596
1211,0.6366664,0.06728952,0.11676225,0.08761831,0.51990414,-0.02032879
1212,0.533592,0.05917753,0.100182384,0.07051654,0.4334096,-0.0113390125
1213,0.5115241,0.11180248,0.12645222,0.09579193,0.38507187,0.016010553
1214,0.25837156,0.04454281,0.058167443,0.04094338,0.20020412,0.0035994314
1215,0.39218524,0.060440637,0.08597476,0.061936803,0.3062105,-0.001496166
1216,0.33859348,0.039692268,0.04128373,0.02852668,0.29730976,0.011165587
1217,0.6800108,0.1181152,0.15787435,0.11758362,0.52213645,0.000531584
1218,0.5793765,0.090897895,0.101086095,0.0724807,0.47829044,0.018417194
1219,0.5204212,0.046709165,0.057407103,0.03795255,0.4630141,0.008756615
1220,0.46263963,0.08513104,0.09817957,0.07316894,0.36446005,0.011962101
1221,0.4947077,0.04944502,0.09558834,0.07296278,0.39911938,-0.023517765
1222,0.4265408,0.07289057,0.11119394,0.08285268,0.31534684,-0.009962104
1223,0.47834527,0.07516497,0.09446485,0.066293046,0.38388044,0.00887192
1224,0.54023945,0.06333027,0.081713334,0.060192164,0.45852613,0.0031381063
1225,0.1956613,0.03292108,0.055815797,0.03711389,0.1398455,-0.0041928105
1226,0.3776576,0.071794175,0.10380678,0.06880219,0.2738508,0.0029919818
1227,0.53233814,0.079627,0.09859927,0.06926625,0.4337389,0.010360748
1228,0.5866787,0.084505245,0.1042767,0.07018642,0.48240197,0.014318824
1229,0.312289,0.0117823845,0.019171104,0.017472306,0.29311788,-0.005689922
1230,0.6590607,0.110625915,0.15899408,0.121340774,0.50006664,-0.010714859
1231,0.5141621,0.09117046,0.114518516,0.090591125,0.3996436,0.0005793348
1232,0.51370513,0.058596097,0.08965542,0.066421464,0.4240497,-0.007825367
1233,0.5547337,0.14394742,0.16704458,0.13246204,0.3876891,0.011485383
1234,0.31527302,0.06802016,0.07538443,0.054758083,0.23988858,0.013262074
1235,0.37076917,0.064583264,0.07721981,0.051673442,0.29354936,0.012909822
1236,0.45149246,0.08277896,0.09870568,0.06367204,0.35278678,0.019106917
1237,0.34173617,0.03828599,0.05143727,0.039926235,0.2902989,-0.0016402453
1238,0.6241086,0.087060325,0.12641282,0.094007775,0.4976958,-0.0069474503
1239,0.6040436,0.11422808,0.1645008,0.091067426,0.4395428,0.023160651
1240,0.4435518,0.06384537,0.094279364,0.065727,0.34927243,-0.0018816292
1241,0.4869895,0.11616659,0.12314482,0.084276125,0.3638447,0.031890467
1242,0.39016548,0.046947043,0.121304475,0.072211124,0.268861,-0.02526408
1243,0.66267556,0.07082579,0.10389385,0.066322416,0.5587817,0.004503377
1244,0.5455529,0.09565384,0.08989241,0.06125169,0.4556605,0.03440215
1245,0.61204386,0.06415098,0.11669014,0.07965848,0.49535373,-0.015507497
1246,0.56397027,0.12454678,0.1624093,0.115529545,0.40156096,0.0090172365
1247,0.57857496,0.06416038,0.10356134,0.06805021,0.4750136,-0.0038898364
1248,0.48276076,0.047954682,0.085327834,0.05993793,0.39743292,-0.011983249
1249,0.54899096,0.10328701,0.104186594,0.08252927,0.44480437,0.020757742
1250,0.5129087,0.14265598,0.1330718,0.101160556,0.37983692,0.041495427
1251,0.79068357,0.10300784,0.14868492,0.09929745,0.64199865,0.0037103891
1252,0.3830281,0.05611795,0.07199654,0.050002947,0.31103155,0.0061150007
1253,0.70120966,0.1660565,0.19740063,0.14928623,0.50380903,0.016770273
1254,0.5229109,0.05967015,0.072324604,0.045635406,0.4505863,0.014034744
1255,0.5472007,0.0407451,0.08753326,0.06412247,0.4596674,-0.02337737
1256,0.5466235,0.04384272,0.094481505,0.06984101,0.45214203,-0.02599829
1257,0.4374416,0.052436035,0.08777156,0.06192231,0.34967002,-0.009486277
1258,0.6273742,0.052496064,0.09872361,0.06554676,0.5286506,-0.013050694
1259,0.5781421,0.16625679,0.19346432,0.1400468,0.38467777,0.02620998
1260,0.36098915,0.090680145,0.08462824,0.057395935,0.27636093,0.03328421
1261,0.38567707,0.058418635,0.091745585,0.05442986,0.29393148,0.0039887764
1262,0.50539213,0.052229665,0.09565753,0.060697198,0.4097346,-0.008467533
1263,0.49367768,0.03625229,0.063700296,0.049362075,0.4299774,-0.013109785
1264,0.41020435,0.060818266,0.09689117,0.07265563,0.3133132,-0.011837367
1265,0.3235004,0.056562297,0.06308743,0.05217826,0.26041296,0.004384037
1266,0.5109515,0.061971955,0.07143911,0.052374996,0.4395124,0.009596959
1267,0.5222777,0.07353055,0.08591032,0.05617548,0.4363674,0.017355066
1268,0.55255264,0.08065188,0.095816724,0.06902689,0.4567359,0.011624992
1269,0.2764105,0.050002165,0.061972365,0.04273623,0.21443813,0.0072659366
1270,0.5814926,0.061146073,0.10426289,0.071723364,0.4772297,-0.010577291
1271,0.5826716,0.10267183,0.1704349,0.12392994,0.4122367,-0.021258108
1272,0.32459462,0.046849146,0.07149579,0.04945506,0.25309885,-0.002605915
1273,0.46283615,0.119765066,0.10770818,0.08384483,0.35512796,0.035920233
1274,0.61457056,0.0463892,0.06505779,0.038101684,0.54951274,0.0082875155
1275,0.41785243,0.081094,0.10629133,0.07666081,0.3115611,0.004433185
1276,0.5537697,0.09553306,0.10181147,0.074107446,0.45195824,0.021425612
1277,0.35455126,0.04157288,0.06249197,0.042056866,0.2920593,-0.000483986
1278,0.34782013,0.109508924,0.10328345,0.07437992,0.24453668,0.035129003
1279,0.5676065,0.054611698,0.07408975,0.046841465,0.49351674,0.007770233
1280,0.4610543,0.08691808,0.10929972,0.07276717,0.35175458,0.01415091
1281,0.51680285,0.062036168,0.073313504,0.052315783,0.44348934,0.009720385
1282,0.47273842,0.054340355,0.087694205,0.060817372,0.38504422,-0.006477017
1283,0.6157162,0.08570507,0.13310741,0.097701676,0.4826088,-0.0119966045
1284,0.6048967,0.09385321,0.14625686,0.09575634,0.45863986,-0.0019031242
1285,0.35518962,0.064443156,0.07242577,0.05494482,0.28276384,0.009498335
1286,0.64410686,0.068332024,0.12641074,0.08814873,0.51769614,-0.019816704
1287,0.19334358,0.038273532,0.052626587,0.03862384,0.140717,-0.00035030767
1288,0.35034782,0.054126345,0.10374734,0.061883625,0.24660048,-0.00775728
1289,0.654826,0.09387592,0.12526895,0.09035987,0.52955705,0.0035160556
1290,0.4896938,0.0722461,0.0882601,0.058233805,0.4014337,0.014012292
1291,0.35356456,0.09498691,0.08922675,0.067983635,0.2643378,0.027003273
1292,0.38735616,0.025349054,0.083969295,0.055032045,0.30338687,-0.02968299
1293,0.44074214,0.04910823,0.09394728,0.06687763,0.34679484,-0.017769404
1294,0.5355622,0.07801963,0.07657557,0.061064873,0.45898664,0.016954754
1295,0.4802775,0.10397221,0.13172013,0.09742853,0.34855738,0.006543681
1296,0.35384062,0.067423314,0.09510417,0.066968344,0.25873643,0.0004549697
1297,0.18437436,0.028373614,0.04498043,0.031824466,0.13939393,-0.003450852
1298,0.53122175,0.07863697,0.10188506,0.06863246,0.4293367,0.0100045055
1299,0.5561372,0.029137986,0.05070768,0.032648116,0.5054295,-0.0035101306
1300,0.5905114,0.078825995,0.1100662,0.08151748,0.48044518,-0.002691485
1301,0.31941253,0.026053624,0.05052982,0.036360487,0.26888272,-0.010306863
1302,0.40772265,0.06623487,0.07582049,0.055186335,0.33190215,0.011048537
1303,0.4534397,0.047339063,0.08862169,0.062391363,0.36481804,-0.0150523
1304,0.25581452,0.11090939,0.0708792,0.05107529,0.18493533,0.059834097
1305,0.27521443,0.020188272,0.077866055,0.045095734,0.19734839,-0.024907462
1306,0.43639398,0.06840306,0.093664624,0.062247153,0.34272936,0.0061559044
1307,0.43676972,0.07708585,0.11660653,0.090318106,0.3201632,-0.0132322535
1308,0.5772242,0.10909763,0.1333925,0.099434346,0.44383168,0.009663284
1309,0.63387626,0.11682383,0.16127938,0.116700515,0.47259688,0.00012331456
1310,0.45745692,0.06900772,0.10002312,0.06713235,0.3574338,0.0018753707
1311,0.45245996,0.044003394,0.053002305,0.038973577,0.39945766,0.005029816
1312,0.53455555,0.083453946,0.08543438,0.061587926,0.44912118,0.02186602
1313,0.5042198,0.081200205,0.1022529,0.070444845,0.40196687,0.01075536
1314,0.5382893,0.07203893,0.119897746,0.08373826,0.41839156,-0.011699326
1315,0.7143681,0.12077822,0.1364188,0.094034776,0.5779493,0.026743442
1316,0.5604339,0.08057982,0.105158225,0.06981614,0.4552757,0.010763675
1317,0.62249964,0.101533756,0.10849744,0.08008197,0.5140022,0.021451786
1318,0.3811168,0.068209104,0.11306068,0.07926457,0.26805612,-0.011055462
1319,0.4978399,0.054750446,0.09086204,0.066979386,0.40697786,-0.01222894
1320,0.5723477,0.09877341,0.119702674,0.085284375,0.45264503,0.013489038
1321,0.6034024,0.06746517,0.12394335,0.073768005,0.47945902,-0.0063028336
1322,0.6074992,0.14802049,0.089894705,0.05931516,0.5176045,0.08870533
1323,0.43501788,0.07207594,0.09826919,0.068111055,0.3367487,0.003964886
1324,0.42472932,0.0610087,0.06790299,0.052755166,0.35682634,0.008253533
1325,0.52769494,0.101923294,0.0986555,0.08068271,0.42903945,0.021240585
1326,0.5732644,0.090039164,0.098263815,0.0715619,0.47500062,0.018477261
1327,0.47679913,0.078582205,0.110607274,0.082712516,0.36619186,-0.0041303113
1328,0.45658606,0.06702793,0.07324656,0.05243039,0.3833395,0.014597535
1329,0.6091722,0.107773304,0.12637043,0.09228576,0.4828018,0.015487544
1330,0.55370146,0.2020068,0.24986358,0.18548511,0.3038379,0.016521692
1331,0.41681248,0.052456576,0.084891416,0.06173478,0.33192107,-0.009278204
1332,0.3820192,0.06335208,0.07823762,0.054571375,0.30378157,0.008780703
1333,0.57964665,0.0806088,0.105914004,0.07174805,0.47373265,0.008860752
1334,0.60138565,0.08760616,0.12787457,0.09666042,0.4735111,-0.0090542585
1335,0.51354516,0.092045814,0.08988356,0.062308673,0.4236616,0.029737141
1336,0.4918704,0.10298039,0.12184457,0.09531038,0.37002584,0.0076700076
1337,0.37676862,0.05683709,0.08612225,0.05681763,0.29064637,1.9460917e-05
1338,0.43886575,0.0992276,0.12756144,0.0927452,0.31130433,0.0064824
1339,0.47761568,0.09366501,0.08534512,0.06022201,0.39227057,0.033443
1340,0.5421175,0.07500429,0.09631122,0.07094016,0.44580626,0.004064128
1341,0.5260222,0.06803562,0.09810471,0.06570946,0.42791748,0.0023261607
1342,0.60076857,0.13122948,0.1110834,0.0771939,0.48968518,0.054035574
1343,0.45529094,0.07879921,0.0765789,0.05703866,0.37871206,0.02176055
1344,0.4600453,0.06347616,0.087765306,0.064809576,0.37228,-0.0013334155
1345,0.48297992,0.06282938,0.13462652,0.08967403,0.3483534,-0.02684465
1346,0.55542237,0.059262887,0.096960165,0.07079012,0.4584622,-0.011527233
1347,0.5256136,0.10861885,0.13605529,0.10561423,0.38955832,0.003004618
1348,0.56955683,0.09433897,0.13218975,0.08931218,0.43736708,0.0050267875
1349,0.18413898,0.047855604,0.04743568,0.03572423,0.13670331,0.012131374
1350,0.5961976,0.08116239,0.11409395,0.08054433,0.48210365,0.0006180629
1351,0.5790283,0.12956598,0.20279443,0.13896205,0.37623388,-0.009396061
1352,0.37151584,0.07062071,0.08473979,0.051602878,0.28677607,0.01901783
1353,0.3501135,0.027226735,0.06621273,0.0462935,0.2839008,-0.019066766
1354,0.36808974,0.03200191,0.07162892,0.04860929,0.2964608,-0.016607381
1355,0.58508134,0.07394126,0.10397003,0.080291726,0.48111132,-0.006350465
1356,0.53901374,0.060070574,0.087270044,0.059981752,0.4517437,8.88221e-05
1357,0.48250923,0.034869835,0.082586534,0.05632185,0.3999227,-0.021452013
1358,0.5707601,0.14276133,0.102564685,0.07642229,0.46819538,0.066339046
1359,0.41699442,0.079651386,0.12204445,0.08738228,0.29494998,-0.007730894
1360,0.49992353,0.060952343,0.083619505,0.057170566,0.41630402,0.0037817769
1361,0.555588,0.06347443,0.096711256,0.06599795,0.45887676,-0.002523519
1362,0.5335247,0.069386266,0.08883248,0.06496795,0.4446922,0.0044183135
1363,0.6239088,0.02896997,0.0696403,0.03615992,0.55426854,-0.007189952
1364,0.44353,0.034817338,0.07045917,0.042319134,0.37307084,-0.007501796
1365,0.42504165,0.092562094,0.11393306,0.090692006,0.3111086,0.0018700883
1366,0.48737338,0.05791071,0.09409925,0.06777894,0.39327413,-0.009868227
1367,0.43907335,0.05735605,0.07455735,0.054096192,0.36451602,0.0032598563
1368,0.5932968,0.09432799,0.11108763,0.07416858,0.4822092,0.020159416
1369,0.3994325,0.023840223,0.106352285,0.07324925,0.2930802,-0.04940903
1370,0.44724697,0.058398325,0.068484396,0.049543004,0.37876257,0.0088553205
1371,0.4469389,0.074993156,0.11094747,0.07695849,0.33599144,-0.0019653365
1372,0.5787871,0.061102632,0.09557935,0.06656647,0.48320773,-0.005463835
1373,0.29794055,0.030381892,0.040840574,0.030487,0.2571,-0.0001051072
1374,0.3995315,0.054550335,0.08164579,0.054945566,0.31788573,-0.00039523095
1375,0.5200315,0.061654195,0.12492809,0.084425785,0.39510342,-0.02277159
1376,0.43135428,0.05184264,0.08615713,0.059954263,0.34519714,-0.008111622
1377,0.6751889,0.10648979,0.10950115,0.0847567,0.5656878,0.02173309
1378,0.68892497,0.14279273,0.15874368,0.104483016,0.5301813,0.038309716
1379,0.4330549,0.05889261,0.07740665,0.0561255,0.35564825,0.002767112
1380,0.43916133,0.029599095,0.0917768,0.06803964,0.3473845,-0.038440548
1381,0.5517709,0.07102427,0.07763876,0.056254134,0.47413218,0.014770135
1382,0.5269877,0.062269192,0.06335727,0.044804946,0.4636304,0.017464247
1383,0.41578203,0.052087154,0.09625782,0.06160096,0.31952423,-0.009513807
1384,0.3740045,0.058158617,0.08633384,0.06418927,0.28767067,-0.0060306527
1385,0.44691145,0.096356496,0.08230084,0.060391642,0.3646106,0.035964854
1386,0.7034022,0.05248946,0.11267352,0.07439774,0.5907287,-0.021908283
1387,0.42472616,0.09361867,0.11870363,0.09344151,0.30602252,0.0001771599
1388,0.44561124,0.054381315,0.105142444,0.06098955,0.3404688,-0.0066082366
1389,0.5891431,0.05955558,0.10541981,0.07781321,0.48372328,-0.01825763
1390,0.56657296,0.10559368,0.14423917,0.105345756,0.42233378,0.00024792552
1391,0.23120102,0.035175376,0.048060488,0.035128873,0.18314053,4.65028e-05
1392,0.512818,0.06291284,0.083321854,0.053390678,0.4294961,0.009522159
1393,0.4818196,0.048037127,0.075144574,0.0511041,0.40667504,-0.003066972
1394,0.42950293,0.06419064,0.07564199,0.050577193,0.35386094,0.013613448
1395,0.6449845,0.060734864,0.08508989,0.05908465,0.55989456,0.0016502142
1396,0.20291357,0.032433562,0.04077162,0.026182244,0.16214195,0.0062513184
1397,0.5470787,0.0471358,0.08692094,0.06930755,0.46015778,-0.02217175
1398,0.5954714,0.066862755,0.11375591,0.08313734,0.48171547,-0.016274586
1399,0.42397454,0.0393107,0.078086995,0.056001812,0.34588754,-0.016691111
1400,0.32861745,0.053616647,0.06219826,0.042016692,0.2664192,0.011599954
1401,0.4932084,0.103060015,0.12752329,0.09662692,0.3656851,0.006433092
1402,0.43413302,0.014957089,0.04489126,0.027117658,0.38924176,-0.012160569
1403,0.50187576,0.071424834,0.095094465,0.064822786,0.4067813,0.006602049
1404,0.46617338,0.091903806,0.09507168,0.06728071,0.3711017,0.024623096
1405,0.43277657,0.058078438,0.0758167,0.05345835,0.35695988,0.0046200864
1406,0.45186314,0.06277273,0.10159299,0.06952299,0.35027015,-0.0067502633
1407,0.5182329,0.10132769,0.12503977,0.084746026,0.39319313,0.016581662
1408,0.2868766,0.016303591,0.082176104,0.04434386,0.20470048,-0.028040268
1409,0.50838196,0.07780607,0.09980061,0.06943887,0.40858135,0.008367203
1410,0.30242428,0.032943435,0.059961185,0.039022073,0.2424631,-0.006078638
1411,0.42854846,0.06194076,0.092320584,0.067440756,0.33622786,-0.0054999962
1412,0.72031873,0.014408422,0.04342362,0.024152245,0.67689514,-0.009743824
1413,0.61592364,0.08657749,0.1324098,0.08522314,0.48351383,0.0013543516
1414,0.53748,0.08626917,0.10554463,0.07908277,0.43193537,0.007186398
1415,0.40357473,0.080985375,0.09902939,0.073555,0.30454534,0.0074303746
1416,0.4289097,0.07773701,0.0837449,0.06353921,0.34516478,0.014197804
1417,0.5949039,0.06451887,0.08574269,0.05717931,0.5091612,0.0073395595
1418,0.44870204,0.056824856,0.06954498,0.051069394,0.37915707,0.0057554618
1419,0.516417,0.061082862,0.09898843,0.07259689,0.4174286,-0.01151403
1420,0.5717974,0.045799844,0.08915134,0.06076656,0.48264605,-0.014966715
1421,0.34126464,0.083932795,0.07869916,0.059180964,0.2625655,0.02475183
1422,0.40701893,0.06423939,0.08682504,0.050138116,0.3201939,0.014101274
1423,0.44967613,0.034120735,0.08170115,0.05777114,0.36797497,-0.023650404
1424,0.5016729,0.09741462,0.12930048,0.09702642,0.37237245,0.0003881976
1425,0.3934617,0.07205244,0.09470868,0.0670957,0.29875302,0.0049567446
1426,0.51450676,0.022741513,0.051635135,0.034184374,0.4628716,-0.011442861
1427,0.5800992,0.14274846,0.17031859,0.1147322,0.40978062,0.028016262
1428,0.5545931,0.063960865,0.10916749,0.07114689,0.4454256,-0.0071860254
1429,0.5122302,0.042029865,0.09908213,0.056667894,0.4131481,-0.014638029
1430,0.69415563,0.1775096,0.22127756,0.16338845,0.47287807,0.01412116
1431,0.5970928,0.07431101,0.08380342,0.059800368,0.5132894,0.014510643
1432,0.5140065,0.08472638,0.10922575,0.08040199,0.40478075,0.0043243915
1433,0.46807903,0.06895136,0.103516854,0.07854521,0.36456218,-0.009593852
1434,0.67513186,0.119092815,0.13680622,0.092357814,0.53832567,0.026735
1435,0.2711792,0.050785806,0.045594726,0.03208871,0.22558448,0.018697094
1436,0.49736837,0.045512933,0.05771446,0.046398774,0.4396539,-0.0008858405
1437,0.52675295,0.0635099,0.103567496,0.06714342,0.42318547,-0.0036335215
1438,0.47624582,0.04129973,0.069845445,0.054562174,0.40640038,-0.013262443
1439,0.5174288,0.110766694,0.11406578,0.0859369,0.40336305,0.024829797
1440,0.6286397,0.1530698,0.1922596,0.15368886,0.4363801,-0.00061906874
1441,0.5065272,0.079444245,0.09118844,0.07145844,0.41533875,0.007985808
1442,0.5478475,0.0877645,0.13247606,0.10623158,0.41537145,-0.018467076
1443,0.55632126,0.054248754,0.09322341,0.06573573,0.46309787,-0.011486974
1444,0.3843162,0.07868036,0.10801868,0.07737791,0.2762975,0.0013024509
1445,0.46523833,0.074401215,0.07586443,0.05609272,0.3893739,0.018308494
1446,0.6561292,0.05056585,0.09093509,0.063591495,0.5651941,-0.013025645
1447,0.5219089,0.10081121,0.12308691,0.07978726,0.39882198,0.021023951
1448,0.5306017,0.08292182,0.09180399,0.068617195,0.43879768,0.014304623
1449,0.594614,0.094642185,0.12579542,0.087469794,0.4688186,0.007172391
1450,0.21739987,0.02849701,0.04733901,0.03468477,0.17006086,-0.0061877593
1451,0.5588159,0.089473695,0.13445118,0.10504164,0.42436472,-0.015567943
1452,0.4892693,0.119730085,0.11259538,0.084405854,0.3766739,0.03532423
1453,0.53521925,0.039443713,0.082725756,0.06002898,0.4524935,-0.020585269
1454,0.46178016,0.08093268,0.10051324,0.067978375,0.3612669,0.012954302
1455,0.42751828,0.08680376,0.08605834,0.061603397,0.34145993,0.02520036
1456,0.4475976,0.06891424,0.09290559,0.06625868,0.354692,0.0026555657
1457,0.41107154,0.08873452,0.079720505,0.061135553,0.33135104,0.02759897
1458,0.3564821,0.049307145,0.05021649,0.036506783,0.3062656,0.012800362
1459,0.48376718,0.07520968,0.118898325,0.08296341,0.36486885,-0.00775373
1460,0.6021333,0.09873507,0.12901756,0.09240407,0.4731157,0.006331004
1461,0.65286326,0.09479678,0.11630164,0.08230467,0.5365616,0.012492105
1462,0.55931115,0.05954935,0.07292401,0.049900584,0.48638713,0.009648766
1463,0.4196838,0.046904188,0.07855248,0.05555092,0.34113133,-0.008646734
1464,0.29681084,0.009378812,0.024576144,0.01749203,0.27223468,-0.008113218
1465,0.5800916,0.08679253,0.11453009,0.09156067,0.4655615,-0.0047681406
1466,0.53531694,0.06676218,0.10803406,0.08087733,0.42728287,-0.014115147
1467,0.4598815,0.11280419,0.12068558,0.09350771,0.33919594,0.019296482
1468,0.47462222,0.08116634,0.08384521,0.05486819,0.390777,0.02629815
1469,0.4328076,0.096975625,0.08539088,0.06998709,0.3474167,0.026988536
1470,0.48572242,0.064108565,0.09043582,0.0692049,0.39528662,-0.0050963312
1471,0.56691206,0.065454155,0.12548032,0.090809576,0.44143173,-0.025355421
1472,0.5470099,0.0891267,0.12848945,0.09487853,0.41852045,-0.0057518333
1473,0.58112365,0.062214315,0.10699625,0.077739455,0.4741274,-0.01552514
1474,0.5413969,0.08021249,0.11293558,0.08309113,0.42846134,-0.0028786436
1475,0.43442926,0.04385413,0.06758892,0.04850986,0.36684033,-0.00465573
1476,0.62765193,0.08006951,0.13185436,0.09909853,0.49579757,-0.019029021
1477,0.43021962,0.07114424,0.081142336,0.055054225,0.34907728,0.016090013
1478,0.483406,0.09673241,0.10793513,0.07827468,0.37547088,0.018457726
1479,0.36825737,0.053809363,0.08720028,0.059696034,0.2810571,-0.00588667
1480,0.5105862,0.08787323,0.1065193,0.08044566,0.40406692,0.0074275658
1481,0.54645497,0.063153945,0.12569599,0.083265215,0.42075896,-0.02011127
1482,0.3604238,0.055811323,0.052459516,0.03861673,0.3079643,0.017194591
1483,0.4576959,0.13541609,0.17214544,0.10652609,0.28555048,0.028889999
1484,0.62757754,0.060603157,0.12060315,0.080053136,0.5069744,-0.019449979
1485,0.6168915,0.09638812,0.109814875,0.08026388,0.5070766,0.016124234
1486,0.28804132,0.026057102,0.050508752,0.03581998,0.23753257,-0.009762879
1487,0.46374574,0.06850894,0.09485673,0.0699162,0.368889,-0.0014072657
1488,0.5770466,0.09181628,0.08381306,0.05291264,0.4932335,0.038903635
1489,0.73354924,0.1285964,0.15823665,0.1212213,0.5753126,0.0073750988
1490,0.41754165,0.07066893,0.10516488,0.07768964,0.31237677,-0.007020712
1491,0.54186654,0.04655193,0.0850184,0.05332024,0.45684814,-0.0067683086
1492,0.4582324,0.0658807,0.08210502,0.053627416,0.3761274,0.012253284
1493,0.25931835,0.046646938,0.058368184,0.03980627,0.20095018,0.0068406686
1494,0.41372803,0.0948186,0.10806752,0.086895324,0.30566052,0.007923275
1495,0.4215121,0.11095026,0.12577917,0.09383439,0.29573292,0.017115869
1496,0.48877874,0.09948966,0.11124118,0.08583316,0.37753755,0.013656497
1497,0.37598294,0.03477225,0.059487127,0.042143755,0.3164958,-0.007371504
1498,0.42361632,0.09208131,0.099745914,0.072769344,0.32387042,0.019311965
1499,0.68630326,0.13789111,0.18008843,0.13288252,0.50621486,0.005008593
1500,0.43475196,0.06287996,0.07457333,0.054465935,0.36017862,0.008414023
1501,0.31973997,0.033596504,0.056265783,0.032431684,0.2634742,0.00116482
1502,0.56695586,0.035820976,0.07068175,0.050821878,0.4962741,-0.015000902
1503,0.5691245,0.085429855,0.13465464,0.09822894,0.43446988,-0.012799084
1504,0.66292274,0.09642717,0.1367466,0.09312227,0.52617615,0.0033048987
1505,0.6009349,0.104450695,0.1653083,0.103545114,0.43562663,0.0009055808
1506,0.42127275,0.052595947,0.07873025,0.05875291,0.3425425,-0.0061569624
1507,0.26125976,0.0300819,0.046529707,0.032454826,0.21473005,-0.002372926
1508,0.4335882,0.09794111,0.10073145,0.069759056,0.33285677,0.028182052
1509,0.60613686,0.111328885,0.14386283,0.10727879,0.46227401,0.0040500984
1510,0.52014947,0.05208616,0.06580289,0.04643941,0.4543466,0.0056467503
1511,0.46289393,0.050252978,0.08253636,0.06118524,0.38035756,-0.010932263
1512,0.53304905,0.041029565,0.07147691,0.046540197,0.46157214,-0.005510632
1513,0.4759567,0.075242646,0.08856848,0.06226312,0.38738823,0.012979526
1514,0.49027693,0.080892496,0.11514899,0.09032737,0.37512794,-0.009434871
1515,0.56541055,0.100085996,0.13723749,0.103263885,0.42817307,-0.0031778887
1516,0.4240535,0.058011066,0.09613149,0.057199195,0.327922,0.00081187114
1517,0.69112,0.10798952,0.14316598,0.101526365,0.5479541,0.006463155
1518,0.38819754,0.051370006,0.07246653,0.051033087,0.31573102,0.00033691898
1519,0.55182546,0.056952618,0.08055826,0.056923207,0.4712672,2.9411167e-05
1520,0.723492,0.14811645,0.1351713,0.09876087,0.58832073,0.04935558
1521,0.28741106,0.06302535,0.07919014,0.06018303,0.20822093,0.0028423183
1522,0.5359355,0.07431701,0.08681664,0.063162595,0.44911888,0.011154413
1523,0.2111426,0.014600908,0.04449193,0.031436365,0.16665067,-0.016835457
1524,0.59662837,0.18363552,0.19088045,0.1407454,0.40574792,0.042890117
1525,0.38468215,0.07212613,0.10845788,0.078448676,0.27622426,-0.006322548
1526,0.4871144,0.09889529,0.13021383,0.086039156,0.35690057,0.012856133
1527,0.56530994,0.070022956,0.095663525,0.0646851,0.46964642,0.0053378567
1528,0.50488704,0.09103816,0.11572546,0.086170636,0.3891616,0.004867524
1529,0.50562763,0.120799884,0.11689752,0.09032052,0.3887301,0.030479364
1530,0.65925694,0.0707188,0.11292274,0.07521984,0.5463342,-0.0045010373
1531,0.3303208,0.07380597,0.091243535,0.059172966,0.23907727,0.014633007
1532,0.63762283,0.09051429,0.116847605,0.08409377,0.5207752,0.0064205155
1533,0.49681872,0.044552207,0.0809589,0.050503224,0.41585982,-0.005951017
1534,0.5202597,0.080278784,0.11859141,0.07979201,0.40166825,0.00048677623
1535,0.36389235,0.039339058,0.09870642,0.06266138,0.26518592,-0.023322321
1536,0.42861167,0.0686167,0.07515256,0.053481232,0.35345912,0.015135471
1537,0.5824195,0.14390077,0.14547455,0.11416235,0.43694496,0.029738419
1538,0.34958646,0.024125228,0.070009686,0.050277527,0.27957678,-0.0261523
1539,0.6462144,0.11660691,0.13692476,0.095290154,0.5092897,0.02131676
1540,0.34933314,0.108894035,0.106887534,0.07687666,0.2424456,0.032017373
1541,0.46430635,0.07835106,0.088665076,0.06627695,0.3756413,0.012074105
1542,0.5486684,0.08987814,0.09895502,0.07513994,0.44971335,0.014738202
1543,0.47428504,0.054796718,0.091732666,0.06222169,0.3825524,-0.007424973
1544,0.47896087,0.15892085,0.19966051,0.14381653,0.27930036,0.015104324
1545,0.65808344,0.08388019,0.11950567,0.08837192,0.5385778,-0.004491724
1546,0.55027175,0.06344062,0.10670593,0.06546976,0.44356582,-0.0020291358
1547,0.45106328,0.04621573,0.074236475,0.04963337,0.3768268,-0.0034176372
1548,0.32551956,0.055495903,0.09368218,0.060406256,0.23183739,-0.0049103536
1549,0.47925037,0.024499798,0.07107837,0.050371967,0.408172,-0.025872169
1550,0.6070031,0.036242742,0.06295833,0.04375384,0.54404473,-0.007511098
1551,0.44121385,0.06600603,0.0880658,0.06649676,0.35314804,-0.0004907325
1552,0.5315201,0.08784591,0.09957995,0.07515956,0.43194017,0.012686349
1553,0.37997273,0.10268212,0.10795112,0.07719434,0.2720216,0.02548778
1554,0.31844097,0.049702093,0.06987589,0.054437604,0.24856508,-0.004735511
1555,0.50956637,0.06405791,0.09328385,0.068569824,0.41628253,-0.004511915
1556,0.40410188,0.047308754,0.10060029,0.06319004,0.3035016,-0.015881289
1557,0.33091763,0.04654376,0.07139048,0.055650905,0.25952715,-0.009107146
1558,0.50257427,0.063566245,0.10894097,0.07307438,0.3936333,-0.009508133
1559,0.45273784,0.045175478,0.06319716,0.0502715,0.38954067,-0.005096022
1560,0.3814425,0.03422904,0.08564269,0.060897566,0.2957998,-0.026668526
1561,0.49652213,0.06190074,0.08236326,0.0634806,0.41415888,-0.0015798621
1562,0.5052925,0.061452918,0.0861637,0.06665283,0.41912878,-0.005199909
1563,0.34472185,0.05429412,0.06536454,0.05061809,0.2793573,0.0036760308
1564,0.39827338,0.07837089,0.07639964,0.051506694,0.32187372,0.026864197
1565,0.51112175,0.088774465,0.1416152,0.09305666,0.36950654,-0.0042821914
1566,0.57551664,0.055759322,0.10148249,0.06517661,0.47403416,-0.009417292
1567,0.67874163,0.018724708,0.048391894,0.03743276,0.63034976,-0.018708052
1568,0.5471682,0.059381183,0.08784138,0.06408964,0.4593268,-0.0047084577
1569,0.3790809,0.051196422,0.08962983,0.05866403,0.28945106,-0.007467609
1570,0.39727575,0.041215517,0.06355126,0.046909526,0.3337245,-0.0056940094
1571,0.4340422,0.06908899,0.09660469,0.06860184,0.3374375,0.00048714876
1572,0.3339936,0.06477651,0.084552854,0.054536544,0.24944076,0.010239966
1573,0.49853447,0.010911559,0.041767694,0.025160763,0.45676678,-0.014249205
1574,0.5503115,0.04822388,0.07231128,0.049709603,0.47800022,-0.001485724
1575,0.53224,0.07593262,0.105453104,0.06862676,0.42678687,0.0073058605
1576,0.45342582,0.043892138,0.063325055,0.04518925,0.39010078,-0.0012971126
1577,0.34312022,0.04326039,0.07462669,0.049283944,0.26849353,-0.0060235523
1578,0.62074125,0.06776395,0.08242293,0.058544096,0.53831834,0.009219851
1579,0.48913047,0.08490828,0.067979,0.051300827,0.42115146,0.03360745
1580,0.47811574,0.10649357,0.10461428,0.079284996,0.37350145,0.027208574
1581,0.433534,0.031601552,0.050315112,0.036766578,0.38321888,-0.0051650256
1582,0.4970726,0.05726563,0.10333432,0.07142788,0.39373827,-0.01416225
1583,0.45900023,0.058788,0.10401869,0.067816794,0.35498154,-0.009028792
1584,0.40982103,0.08105499,0.077557795,0.05446327,0.33226323,0.026591722
1585,0.5242183,0.088467814,0.11673893,0.08532223,0.4074794,0.003145583
1586,0.41718847,0.043611046,0.06622029,0.04233231,0.35096818,0.0012787357
1587,0.67839855,0.17262654,0.14980578,0.1188986,0.52859277,0.05372794
1588,0.47589976,0.083064824,0.122472666,0.08335917,0.35342708,-0.00029434264
1589,0.65218717,0.08942233,0.12393079,0.08271407,0.52825636,0.006708257
1590,0.46803358,0.091035314,0.10157733,0.07342241,0.36645627,0.017612904
1591,0.5311759,0.091299035,0.094942205,0.070059076,0.4362337,0.021239959
1592,0.37725106,0.057412457,0.07725855,0.057169847,0.2999925,0.00024260953
1593,0.58409864,0.070721515,0.10606959,0.07568817,0.47802904,-0.004966654
1594,0.54861015,0.09325787,0.07106796,0.04950961,0.4775422,0.043748256
1595,0.58045936,0.09852405,0.11253943,0.08001961,0.46791992,0.01850444
1596,0.5727125,0.036868844,0.084035434,0.052913666,0.48867705,-0.016044822
1597,0.39681864,0.042361524,0.0741468,0.0460107,0.32267183,-0.0036491752
1598,0.6277908,0.07037503,0.12220336,0.09403252,0.50558746,-0.023657486
1599,0.5150182,0.05879973,0.08816829,0.06707114,0.42684993,-0.008271411
1600,0.39059198,0.11113634,0.10777253,0.07778969,0.28281945,0.033346653
1601,0.5035886,0.08536605,0.09541889,0.069423445,0.40816972,0.015942603
1602,0.58569425,0.11325044,0.14974058,0.11070123,0.43595368,0.0025492087
1603,0.68191874,0.11640197,0.13225313,0.10360575,0.54966563,0.012796223
1604,0.44757658,0.08135394,0.09046802,0.059173044,0.35710856,0.022180896
1605,0.56028455,0.11212622,0.111836195,0.08367433,0.44844836,0.02845189
1606,0.5447107,0.12523423,0.14755878,0.11226433,0.39715192,0.012969904
1607,0.55993956,0.08043323,0.12155516,0.078938045,0.4383844,0.0014951825
1608,0.4579249,0.06590502,0.101274565,0.05831738,0.35665035,0.0075876415
1609,0.5132962,0.07170945,0.12665726,0.08535845,0.38663894,-0.013649002
1610,0.5716249,0.10692141,0.08630084,0.061530698,0.48532403,0.045390714
1611,0.43569145,0.073821925,0.112804286,0.07936534,0.32288715,-0.005543418
1612,0.52700627,0.0415493,0.10423877,0.05537864,0.4227675,-0.013829339
1613,0.35242322,0.09186495,0.09474225,0.07091828,0.25768095,0.020946674
1614,0.5617592,0.05966027,0.09793531,0.06579722,0.46382385,-0.0061369464
1615,0.5776021,0.058454573,0.0929153,0.065289065,0.4846868,-0.006834492
1616,0.7029145,0.05980118,0.09578845,0.074984044,0.607126,-0.015182864
1617,0.73608685,0.068047255,0.1291594,0.09004389,0.60692745,-0.021996632
1618,0.4784448,0.05224731,0.08649285,0.059746884,0.39195198,-0.0074995756
1619,0.5302808,0.082969226,0.115218,0.083181255,0.41506284,-0.00021202862
1620,0.501061,0.08820568,0.10866656,0.07483916,0.39239445,0.01336652
1621,0.53134596,0.12988636,0.1279527,0.09574396,0.40339327,0.034142397
1622,0.50861734,0.040307943,0.10950824,0.07262086,0.3991091,-0.03231292
1623,0.47407687,0.038063746,0.07463893,0.05581878,0.39943793,-0.017755035
1624,0.48311403,0.070885435,0.103979304,0.07795271,0.3791347,-0.007067278
1625,0.5072851,0.0620774,0.13636254,0.0890333,0.37092257,-0.026955899
1626,0.50805527,0.05690946,0.08231789,0.054935712,0.42573738,0.0019737482
1627,0.6133316,0.11976805,0.14146946,0.10439811,0.47186214,0.015369944
1628,0.47798815,0.07414472,0.098253496,0.068953626,0.37973467,0.005191095
1629,0.46351093,0.07837233,0.1010745,0.07666841,0.3624364,0.001703918
1630,0.43035954,0.060945444,0.0843735,0.059899572,0.34598604,0.0010458715
1631,0.46933484,0.045423973,0.065686546,0.048678502,0.4036483,-0.003254529
1632,0.40799767,0.07893422,0.09654388,0.065219134,0.3114538,0.013715088
1633,0.43408176,0.053920943,0.07662892,0.05846681,0.35745284,-0.0045458674
1634,0.45419085,0.09676991,0.101034716,0.074581824,0.35315615,0.022188082
1635,0.6069476,0.08751805,0.11970458,0.08730483,0.48724303,0.00021322072
1636,0.596643,0.08919643,0.15029098,0.097062856,0.446352,-0.007866427
1637,0.54299647,0.06571093,0.1069046,0.07925222,0.43609187,-0.013541289
1638,0.5388929,0.09629368,0.11222441,0.07837454,0.42666852,0.017919138
1639,0.5041382,0.08066055,0.11269659,0.08334628,0.39144158,-0.0026857257
1640,0.37476,0.10562449,0.10785306,0.08044699,0.26690695,0.025177501
1641,0.5253016,0.10141267,0.1062822,0.07509394,0.41901937,0.026318729
1642,0.37521997,0.0655427,0.0850468,0.062328864,0.29017317,0.003213834
1643,0.6628264,0.08058955,0.107521035,0.07340061,0.55530536,0.0071889386
1644,0.604231,0.09563229,0.12952054,0.09503119,0.47471046,0.0006011054
1645,0.5432301,0.07329584,0.10402479,0.07252664,0.43920532,0.00076919794
1646,0.6369235,0.074733384,0.11173144,0.076471105,0.525192,-0.0017377213
1647,0.42808497,0.051125903,0.058440253,0.045023333,0.3696447,0.0061025694
1648,0.5014008,0.026263762,0.07028857,0.052641887,0.43111226,-0.026378125
1649,0.58239806,0.159836,0.16749841,0.11090317,0.41489965,0.04893282
1650,0.35931104,0.08515356,0.07305775,0.05430155,0.2862533,0.030852009
1651,0.49338534,0.07081403,0.07644463,0.052762717,0.41694072,0.018051311
1652,0.72757304,0.10569409,0.13801198,0.097568385,0.58956105,0.0081257075
1653,0.4804122,0.08759235,0.121126644,0.08447287,0.35928553,0.0031194761
1654,0.56187344,0.08146162,0.11269354,0.07446663,0.4491799,0.0069949925
1655,0.67728007,0.12647933,0.15795603,0.115280114,0.51932406,0.011199214
1656,0.46946156,0.050906606,0.07176902,0.05609814,0.39769253,-0.0051915348
1657,0.40040383,0.07171611,0.09555518,0.072316185,0.30484864,-0.0006000772
1658,0.4108314,0.043228123,0.081367254,0.051758308,0.32946414,-0.008530185
1659,0.43851537,0.056947142,0.089706324,0.062457696,0.34880903,-0.0055105537
1660,0.46585494,0.07089383,0.10282846,0.079418465,0.3630265,-0.008524634
1661,0.5645122,0.10411398,0.11865378,0.08324871,0.44585842,0.020865269
1662,0.5178422,0.060163535,0.07924802,0.05950254,0.43859416,0.0006609969
1663,0.5433828,0.10490183,0.13081957,0.081627585,0.41256326,0.023274243
1664,0.66250575,0.12936677,0.14083734,0.091959074,0.52166843,0.037407696
1665,0.60800683,0.09148033,0.1295257,0.08608975,0.4784811,0.005390577
1666,0.47995862,0.10404656,0.104082346,0.07723439,0.37587628,0.026812173
1667,0.6350184,0.061985526,0.09999592,0.06806693,0.5350225,-0.006081406
1668,0.5693866,0.03403973,0.09379589,0.06854271,0.4755907,-0.034502983
1669,0.500419,0.058785316,0.08190364,0.059457127,0.41851538,-0.0006718114
1670,0.44468945,0.06143663,0.09195487,0.06140491,0.35273457,3.1720847e-05
1671,0.54528826,0.09849076,0.13617927,0.09046693,0.409109,0.008023828
1672,0.55936635,0.086632624,0.096427634,0.06952591,0.46293873,0.017106712
1673,0.27419445,0.08150695,0.06739008,0.049058475,0.20680436,0.032448478
1674,0.5558836,0.082405254,0.0958393,0.07134503,0.4600443,0.011060223
1675,0.53502274,0.062759444,0.09960688,0.079154536,0.43541586,-0.016395092
1676,0.6619392,0.11129784,0.1296033,0.09609337,0.5323359,0.015204467
1677,0.42981526,0.066196635,0.10299383,0.07027352,0.32682145,-0.004076883
1678,0.29708955,0.061932582,0.09053221,0.06647123,0.20655733,-0.004538644
1679,0.49821052,0.06712315,0.091630936,0.0586671,0.40657958,0.008456051
1680,0.5509052,0.08446068,0.09876284,0.07191668,0.4521424,0.012544006
1681,0.3103225,0.06405044,0.0750427,0.05519997,0.2352798,0.008850474
1682,0.46745202,0.08951579,0.09677577,0.06372078,0.37067625,0.025795013
1683,0.5020322,0.06903035,0.09031807,0.06091887,0.41171414,0.008111481
1684,0.47219574,0.070148274,0.06379025,0.044736266,0.40840548,0.025412008
1685,0.3563959,0.05633673,0.10821251,0.07926972,0.2481834,-0.022932991
1686,0.36808366,0.06472956,0.058035832,0.037899364,0.31004784,0.026830193
1687,0.5263331,0.077296555,0.08161413,0.05652976,0.44471896,0.020766795
1688,0.44022742,0.064814396,0.091101006,0.06680248,0.3491264,-0.0019880831
1689,0.5003083,0.08493831,0.087816454,0.061966993,0.41249183,0.022971317
1690,0.38450968,0.050826788,0.10539791,0.071473196,0.27911177,-0.020646408
1691,0.67705244,0.16565003,0.13645467,0.10190674,0.5405978,0.063743286
1692,0.49238914,0.09611777,0.1237356,0.08346773,0.36865354,0.012650043
1693,0.57881945,0.057953138,0.09582608,0.068040244,0.48299336,-0.010087106
1694,0.44302502,0.07811085,0.072101876,0.055132266,0.37092316,0.022978585
1695,0.32302278,0.049768437,0.0744247,0.054829117,0.24859808,-0.00506068
1696,0.46122766,0.047080476,0.07216645,0.05340324,0.3890612,-0.006322764
1697,0.66665477,0.111844845,0.11158544,0.079975024,0.5550693,0.03186982
1698,0.52561957,0.08479251,0.09280878,0.06862552,0.43281078,0.016166992
1699,0.40370557,0.03549015,0.06687393,0.045000434,0.33683163,-0.009510282
1700,0.5120936,0.037566487,0.08027264,0.05614664,0.43182096,-0.018580154
1701,0.53748804,0.064238735,0.094561994,0.06636126,0.44292605,-0.0021225289
1702,0.5530007,0.049724452,0.07321258,0.05274659,0.47978812,-0.003022138
1703,0.47927424,0.061130967,0.09090253,0.06249325,0.3883717,-0.0013622828
1704,0.47430828,0.0454114,0.08106456,0.055031296,0.39324373,-0.009619895
1705,0.6116593,0.03793558,0.091317676,0.06532141,0.52034163,-0.027385827
1706,0.5926755,0.08192214,0.13258931,0.08957484,0.4600862,-0.0076527
1707,0.5966169,0.19110952,0.22398593,0.18132664,0.372631,0.009782881
1708,0.38162497,0.075212285,0.09028598,0.06656976,0.29133898,0.0086425245
1709,0.5486944,0.09595711,0.092050456,0.06685826,0.4566439,0.029098846
1710,0.43762085,0.05321821,0.08130578,0.058607634,0.35631508,-0.005389426
1711,0.46342304,0.09837116,0.105731726,0.07733405,0.35769132,0.021037117
1712,0.37230763,0.047854297,0.076240204,0.053090647,0.29606742,-0.00523635
1713,0.7043383,0.11693569,0.14929609,0.10482015,0.5550422,0.012115546
1714,0.66356885,0.10481423,0.15111747,0.10487891,0.5124514,-6.467849e-05
1715,0.38189965,0.062358852,0.0708801,0.0529122,0.31101954,0.009446651
1716,0.54369086,0.05660959,0.08627363,0.06411371,0.45741722,-0.0075041167
1717,0.59432644,0.08954804,0.12554508,0.09309332,0.46878135,-0.0035452843
1718,0.53052443,0.0640843,0.12213621,0.0861016,0.40838823,-0.0220173
1719,0.47279269,0.088793725,0.111050665,0.08099739,0.36174202,0.0077963322
1720,0.5453312,0.04629955,0.075610474,0.048751317,0.46972072,-0.0024517663
1721,0.4288915,0.040108606,0.062647015,0.04421381,0.3662445,-0.004105203
1722,0.53715056,0.058395352,0.10677514,0.0741972,0.43037543,-0.01580185
1723,0.35106692,0.04959993,0.090241164,0.057405636,0.26082575,-0.007805705
1724,0.5162293,0.08957584,0.11582333,0.08255213,0.40040594,0.0070237145
1725,0.7213078,0.113340884,0.1499666,0.102966964,0.5713412,0.01037392
1726,0.4758958,0.078970134,0.102559134,0.07500383,0.37333667,0.0039663017
1727,0.4233833,0.04268631,0.07043728,0.048347216,0.352946,-0.0056609064
1728,0.34342065,0.053127985,0.048057508,0.032120213,0.29536316,0.021007773
1729,0.51299924,0.09315387,0.11574087,0.08233928,0.39725837,0.010814592
1730,0.501408,0.056288432,0.0825395,0.060868274,0.41886848,-0.004579842
1731,0.54649025,0.069508016,0.102106504,0.07189355,0.44438374,-0.0023855343
1732,0.58243775,0.03832963,0.08847417,0.06321636,0.4939636,-0.024886727
1733,0.40009448,0.082278945,0.068461105,0.048448566,0.3316334,0.03383038
1734,0.5467027,0.07094018,0.1159656,0.07889487,0.43073708,-0.007954687
1735,0.27449617,0.043153618,0.04425982,0.032839224,0.23023635,0.010314394
1736,0.4580132,0.07182702,0.087115526,0.056388978,0.37089768,0.015438039
1737,0.49224174,0.07286158,0.114122905,0.072675474,0.37811884,0.00018610805
1738,0.4643444,0.043203067,0.053323224,0.035268728,0.41102117,0.007934339
1739,0.4875599,0.06836803,0.11715418,0.083955705,0.37040573,-0.015587673
1740,0.5365054,0.03653336,0.050292894,0.03581692,0.4862125,0.0007164404
1741,0.6504879,0.07559423,0.120809935,0.07694759,0.529678,-0.0013533607
1742,0.5327542,0.03352849,0.07786947,0.05124298,0.4548847,-0.01771449
1743,0.54916364,0.056781825,0.07209146,0.053995732,0.47707218,0.0027860925
1744,0.5592858,0.09218563,0.14161386,0.106072366,0.41767198,-0.013886735
1745,0.44997713,0.034782,0.08855499,0.0610771,0.36142212,-0.0262951
1746,0.24498023,0.02699372,0.053774897,0.040481742,0.19120534,-0.013488023
1747,0.4420393,0.06718299,0.060018495,0.044431817,0.38202083,0.022751171
1748,0.5831352,0.0872792,0.13175209,0.08850152,0.4513831,-0.0012223199
1749,0.37582788,0.044797294,0.06452241,0.046317626,0.31130546,-0.001520332
1750,0.47899973,0.11626699,0.112411186,0.0823075,0.36658853,0.033959486
1751,0.52769464,0.061175782,0.10870664,0.0852431,0.418988,-0.024067316
1752,0.49614233,0.06264968,0.10924265,0.07665235,0.38689968,-0.014002666
1753,0.5066642,0.0491842,0.07236913,0.051873155,0.4342951,-0.0026889555
1754,0.4638876,0.10282407,0.12266717,0.08720861,0.34122044,0.015615463
1755,0.5707817,0.083278686,0.12132389,0.08697891,0.44945782,-0.0037002265
1756,0.4970855,0.061056703,0.07220717,0.050640836,0.42487836,0.010415867
1757,0.6523943,0.06338941,0.10275683,0.062316302,0.54963744,0.0010731108
1758,0.4010221,0.05351751,0.08382464,0.07064654,0.31719747,-0.01712903
1759,0.32521665,0.04384973,0.07514202,0.05119216,0.25007463,-0.0073424317
1760,0.71488124,0.11505958,0.10598124,0.079719774,0.6089,0.035339803
1761,0.48861277,0.08109036,0.09742621,0.07545423,0.39118657,0.0056361333
1762,0.7458765,0.15928942,0.16267456,0.12259415,0.58320194,0.03669527
1763,0.29921606,0.02976572,0.051335827,0.03663095,0.24788024,-0.0068652313
1764,0.36367536,0.064689726,0.085546695,0.053759743,0.27812865,0.010929983
1765,0.6238305,0.07898979,0.113506295,0.07612415,0.5103242,0.0028656423
1766,0.35218492,0.04954657,0.08275692,0.04995245,0.269428,-0.00040588155
1767,0.6765594,0.039573047,0.088541366,0.06138433,0.588018,-0.021811284
1768,0.544152,0.08577358,0.13132676,0.09942253,0.41282526,-0.01364895
1769,0.48385066,0.07805424,0.09173758,0.06666329,0.3921131,0.011390954
1770,0.35073045,0.03889335,0.08053978,0.050195254,0.27019066,-0.011301905
1771,0.43842658,0.09364976,0.12813564,0.09200427,0.31029093,0.0016454905
1772,0.3768953,0.08203375,0.1015613,0.06400999,0.275334,0.018023767
1773,0.60863113,0.044994693,0.093440704,0.064936146,0.5151904,-0.019941453
1774,0.28496194,0.04097289,0.061793577,0.041863907,0.22316836,-0.00089101866
1775,0.6236907,0.094256625,0.1079477,0.08243059,0.515743,0.011826031
1776,0.35827532,0.049983155,0.046154868,0.034362752,0.31212047,0.015620403
1777,0.54796946,0.11675829,0.12126615,0.087125465,0.4267033,0.029632822
1778,0.55194694,0.071402624,0.09682816,0.06530724,0.45511878,0.006095387
1779,0.5389553,0.062049415,0.1239903,0.07528817,0.41496497,-0.013238754
1780,0.49966726,0.06511896,0.09436341,0.0668443,0.40530384,-0.0017253384
1781,0.5839509,0.09430636,0.13339487,0.093886726,0.450556,0.0004196316
1782,0.40419617,0.05504189,0.06824646,0.049865242,0.33594972,0.0051766485
1783,0.39542362,0.05640932,0.07900622,0.058857854,0.3164174,-0.0024485327
1784,0.75578547,0.17378305,0.21537875,0.1746498,0.5404067,-0.00086675584
1785,0.47110474,0.05711911,0.097360246,0.072880514,0.3737445,-0.015761405
1786,0.64224946,0.09154086,0.12493999,0.09394277,0.5173095,-0.0024019107
1787,0.38357323,0.048922766,0.079968475,0.04931009,0.30360475,-0.00038732216
1788,0.6130804,0.08762598,0.10540069,0.077732876,0.5076797,0.009893104
1789,0.51854074,0.09955,0.090386026,0.06448435,0.4281547,0.03506565
1790,0.51166266,0.071339704,0.10460639,0.07537693,0.40705627,-0.0040372238
1791,0.5156656,0.078859255,0.124731086,0.093004696,0.3909345,-0.014145441
1792,0.50625306,0.07301649,0.12831359,0.08885836,0.37793946,-0.015841872
1793,0.530464,0.05087232,0.054894317,0.04274723,0.47556967,0.008125089
1794,0.53787565,0.052483853,0.099694766,0.07481149,0.4381809,-0.022327635
1795,0.5252726,0.111976966,0.13049434,0.09700376,0.39477825,0.014973208
1796,0.3712434,0.041735817,0.057838213,0.038097825,0.3134052,0.0036379918
1797,0.62839127,0.122145146,0.09429815,0.07023698,0.53409314,0.051908165
1798,0.39977032,0.07472376,0.089520276,0.063832425,0.31025004,0.010891333
1799,0.4346964,0.041241948,0.071768165,0.049122997,0.36292824,-0.007881049
1800,0.4609789,0.051165707,0.080800146,0.06040819,0.38017875,-0.0092424825
1801,0.50319576,0.094123006,0.089321755,0.06673711,0.413874,0.027385898
1802,0.49244064,0.069986455,0.11330703,0.08358841,0.3791336,-0.013601951
1803,0.6798859,0.11542976,0.15805279,0.11818604,0.5218331,-0.0027562827
1804,0.48913854,0.09118226,0.12125755,0.09044571,0.367881,0.0007365495
1805,0.39251286,0.065330796,0.07492865,0.051169876,0.31758422,0.01416092
1806,0.4224707,0.1009778,0.09743279,0.07202217,0.3250379,0.028955631
1807,0.5427696,0.091126435,0.18953277,0.1294765,0.35323685,-0.038350068
1808,0.5560173,0.06858609,0.097441025,0.06525919,0.45857626,0.0033269003
1809,0.7087691,0.13075551,0.16088381,0.114037536,0.5478853,0.016717978
1810,0.61497474,0.058676805,0.12350089,0.081676416,0.49147385,-0.02299961
1811,0.29444897,0.058317203,0.08754537,0.06807434,0.2069036,-0.009757135
1812,0.5179874,0.04604533,0.08915993,0.05903196,0.42882743,-0.01298663
1813,0.60823905,0.10718991,0.11679067,0.0886723,0.4914484,0.018517606
1814,0.69829583,0.11483847,0.16717078,0.116809614,0.53112507,-0.0019711405
1815,0.5446599,0.080429085,0.110486716,0.07439296,0.4341732,0.006036125
1816,0.47163147,0.15349987,0.16935374,0.12427517,0.30227774,0.029224701
1817,0.4282356,0.05360945,0.0810159,0.05488912,0.3472197,-0.0012796707
1818,0.4405556,0.059704844,0.08369293,0.05753447,0.35686266,0.0021703728
1819,0.61651915,0.11391254,0.13094927,0.08996578,0.4855699,0.023946755
1820,0.7820328,0.103574246,0.18236235,0.12705314,0.5996704,-0.023478895
1821,0.48292932,0.09948363,0.101694964,0.0794575,0.38123435,0.020026132
1822,0.5211333,0.12205867,0.13986777,0.0873453,0.38126552,0.034713365
1823,0.3033227,0.01691587,0.043210555,0.025970913,0.26011214,-0.009055043
1824,0.5213765,0.09260996,0.118748814,0.08585123,0.40262768,0.006758727
1825,0.63454264,0.08475121,0.15156056,0.10782747,0.4829821,-0.023076259
1826,0.6025376,0.09568982,0.12618977,0.085746825,0.4763478,0.0099429935
1827,0.44967917,0.042624485,0.0992508,0.06945185,0.35042837,-0.026827369
1828,0.61198443,0.07934417,0.10926011,0.08135789,0.5027243,-0.0020137206
1829,0.49027058,0.10477714,0.12491079,0.08705547,0.36535978,0.017721675
1830,0.42405164,0.0032968062,0.034643922,0.021422043,0.38940772,-0.018125238
1831,0.6061877,0.05268553,0.076568194,0.05177997,0.5296195,0.00090555847
1832,0.5119494,0.055295035,0.0985007,0.062052075,0.41344872,-0.0067570396
1833,0.4873469,0.11944809,0.14178182,0.11354505,0.34556508,0.0059030354
1834,0.53762937,0.036047157,0.08351064,0.05933467,0.45411873,-0.023287512
1835,0.39077845,0.04361938,0.076924145,0.059117123,0.3138543,-0.015497744
1836,0.5887159,0.113698944,0.1359967,0.101465575,0.4527192,0.012233369
1837,0.43348354,0.043494105,0.11348969,0.08190022,0.31999385,-0.03840611
1838,0.4553535,0.05507973,0.09932174,0.0788365,0.35603178,-0.023756772
1839,0.43702835,0.06342518,0.07232899,0.051173385,0.36469936,0.012251798
1840,0.48970455,0.03351924,0.0722938,0.052095298,0.41741073,-0.01857606
1841,0.6605928,0.08533024,0.12824148,0.08953927,0.5323513,-0.0042090267
1842,0.42203417,0.052532922,0.0917373,0.06439224,0.33029687,-0.011859316
1843,0.551796,0.057841808,0.10513203,0.07627337,0.44666398,-0.01843156
1844,0.48887986,0.029377406,0.06219667,0.04196123,0.4266832,-0.012583824
1845,0.49331868,0.08686683,0.099363744,0.068303704,0.39395493,0.018563129
1846,0.61059654,0.07392823,0.096351445,0.07339177,0.5142451,0.0005364567
1847,0.5694033,0.08715517,0.13866696,0.09836009,0.43073633,-0.011204921
1848,0.5444464,0.11710093,0.13978615,0.10142054,0.40466025,0.015680395
1849,0.5212484,0.082154185,0.10517203,0.077458754,0.41607636,0.0046954304
1850,0.42636156,0.08713565,0.09123456,0.06713984,0.335127,0.019995809
1851,0.2838009,0.055776715,0.066756785,0.049239855,0.21704412,0.00653686
1852,0.6202525,0.0904207,0.15782978,0.108849585,0.46242273,-0.018428884
1853,0.55818933,0.06411794,0.079994485,0.050182767,0.47819483,0.013935171
1854,0.38813442,0.08388571,0.09817669,0.07020188,0.28995773,0.013683826
1855,0.41409653,0.033257373,0.067303166,0.04690127,0.34679335,-0.013643898
1856,0.6030255,0.052028354,0.08103084,0.058575887,0.52199465,-0.006547533
1857,0.5975123,0.09954187,0.15111281,0.10658102,0.4463995,-0.0070391446
1858,0.47904983,0.06323149,0.07432428,0.052789602,0.40472555,0.010441888
1859,0.38275465,0.061154664,0.12675805,0.08658314,0.25599658,-0.025428474
1860,0.3989616,0.049985588,0.08154269,0.05853632,0.3174189,-0.008550733
1861,0.6513655,0.06747245,0.1212231,0.083343916,0.5301424,-0.015871465
1862,0.5129587,0.08303444,0.09485891,0.06802177,0.4180998,0.015012674
1863,0.4312729,0.104804024,0.14604549,0.100486934,0.28522742,0.00431709
1864,0.33220214,0.056667417,0.0956566,0.06015301,0.23654553,-0.003485594
1865,0.3787678,0.052404467,0.07484134,0.05188817,0.30392644,0.00051629543
1866,0.5334166,0.047064826,0.10046258,0.06357744,0.43295404,-0.016512617
1867,0.57171893,0.14069176,0.14526859,0.09993412,0.42645034,0.040757634
1868,0.6121119,0.08280698,0.11506349,0.081058115,0.49704844,0.0017488673
1869,0.44892195,0.059628535,0.08825528,0.063127354,0.36066666,-0.0034988187
1870,0.42890728,0.053211935,0.07418271,0.05049856,0.35472456,0.0027133748
1871,0.59936905,0.07868143,0.12062365,0.08489346,0.4787454,-0.006212026
1872,0.5989226,0.060964916,0.084788054,0.06308403,0.5141345,-0.0021191128
1873,0.48471946,0.019294908,0.03345811,0.029091097,0.45126134,-0.009796189
1874,0.5747062,0.10976774,0.13133693,0.09423316,0.44336927,0.01553458
1875,0.366654,0.11113622,0.09163427,0.06803573,0.27501974,0.04310049
1876,0.54922295,0.08031378,0.11625242,0.07778693,0.43297052,0.0025268495
1877,0.4674677,0.11017852,0.10618638,0.0793944,0.3612813,0.030784123
1878,0.59240717,0.08168531,0.1236055,0.07581413,0.46880168,0.005871184
1879,0.6916139,0.08866083,0.13022739,0.09784502,0.5613865,-0.009184189
1880,0.74530697,0.039334126,0.089915775,0.052162617,0.6553912,-0.012828492
1881,0.47768527,0.0696456,0.094435826,0.06213296,0.38324946,0.00751264
1882,0.5704057,0.08597543,0.12809153,0.08843718,0.4423142,-0.0024617463
1883,0.52688783,0.1082562,0.12209106,0.09279678,0.40479678,0.015459418
1884,0.39335933,0.08836412,0.080379866,0.058284216,0.31297946,0.030079901
1885,0.56247914,0.11435083,0.12509578,0.08321434,0.43738335,0.03113649
1886,0.4632541,0.08372137,0.0932353,0.066272885,0.37001878,0.017448485
1887,0.5490038,0.063341044,0.11074129,0.0766848,0.4382625,-0.013343759
1888,0.3797114,0.025296535,0.06860226,0.038610935,0.31110913,-0.0133144
1889,0.4345281,0.05566672,0.09342125,0.06545793,0.34110686,-0.009791214
1890,0.53745824,0.11263017,0.109606266,0.08318529,0.42785197,0.02944488
1891,0.43963376,0.08508714,0.11952105,0.086824566,0.3201127,-0.0017374232
1892,0.50108147,0.07526028,0.11156292,0.07215725,0.38951856,0.0031030327
1893,0.4352823,0.08711003,0.08278472,0.0576155,0.35249758,0.029494528
1894,0.4114228,0.05208501,0.09011397,0.06161124,0.32130882,-0.00952623
1895,0.3938325,0.051196195,0.07588872,0.05655603,0.31794378,-0.005359836
1896,0.47047824,0.04344764,0.09244203,0.06096693,0.3780362,-0.017519291
1897,0.5110025,0.09280535,0.13870403,0.09180565,0.37229845,0.0009996966
1898,0.54766726,0.07359428,0.108898856,0.07438799,0.43876842,-0.00079371035
1899,0.445972,0.04836983,0.07542186,0.054269634,0.37055013,-0.0058998056
1900,0.44184282,0.06170301,0.11520029,0.07856038,0.32664254,-0.01685737
1901,0.4881949,0.021456664,0.040156174,0.021429947,0.44803873,2.6717782e-05
1902,0.4435648,0.10043555,0.093757525,0.07101406,0.34980726,0.029421486
1903,0.36338532,0.016704246,0.046258744,0.032544166,0.31712657,-0.01583992
1904,0.54235935,0.09800045,0.11569071,0.08652999,0.42666864,0.011470459
1905,0.5267569,0.05540276,0.090015516,0.05700956,0.43674135,-0.0016067997
1906,0.54327965,0.046977695,0.07355628,0.054761495,0.46972337,-0.0077838004
1907,0.49666977,0.047449686,0.10480574,0.066080056,0.39186403,-0.01863037
1908,0.4987159,0.08832694,0.10288449,0.08002013,0.3958314,0.008306809
1909,0.4152706,0.04373977,0.0821881,0.056981172,0.3330825,-0.013241403
1910,0.5266571,0.08779819,0.1302422,0.09516028,0.3964149,-0.00736209
1911,0.5647581,0.112915725,0.14146793,0.102849096,0.4232902,0.010066628
1912,0.5140886,0.13857453,0.076702535,0.059562072,0.43738604,0.07901245
1913,0.53506005,0.10182438,0.094421625,0.06810008,0.44063842,0.0337243
1914,0.48148513,0.050976396,0.078693,0.056042213,0.40279213,-0.0050658174
1915,0.6163287,0.10818733,0.123765774,0.09106895,0.49256295,0.01711838
1916,0.4136971,0.092039146,0.09808649,0.07139414,0.3156106,0.020645007
1917,0.44554296,0.060243573,0.098583974,0.07248139,0.346959,-0.012237813
1918,0.5299739,0.08393145,0.10194874,0.077690914,0.4280252,0.0062405393
1919,0.49581525,0.09587237,0.1256317,0.09980259,0.37018353,-0.0039302185
1920,0.47351757,0.08681821,0.12286085,0.087232426,0.35065672,-0.00041421503
1921,0.5423414,0.033062752,0.07863081,0.05491196,0.4637106,-0.021849208
1922,0.35924274,0.09997677,0.1004138,0.07567939,0.25882894,0.024297379
1923,0.479182,0.095886484,0.09586998,0.072207615,0.38331202,0.023678869
1924,0.3887868,0.053074904,0.09006043,0.06563798,0.29872638,-0.01256308
1925,0.604772,0.11566821,0.13207884,0.096962206,0.47269315,0.018706001
1926,0.5330038,0.10461316,0.1409783,0.09042693,0.3920255,0.014186233
1927,0.4459638,0.06419267,0.12824157,0.082716726,0.31772223,-0.018524058
1928,0.36431926,0.07173241,0.08545366,0.06302201,0.2788656,0.008710399
1929,0.5185021,0.07370844,0.10508612,0.07937396,0.413416,-0.005665526
1930,0.53558,0.0670233,0.069477014,0.05381764,0.46610296,0.013205659
1931,0.4723401,0.096003436,0.12215669,0.08597793,0.35018343,0.010025509
1932,0.43262193,0.05243409,0.0799663,0.055843916,0.35265562,-0.0034098253
1933,0.5421264,0.06485067,0.102720745,0.07430321,0.43940568,-0.009452537
1934,0.43180993,0.07553605,0.08188186,0.06368188,0.34992808,0.011854172
1935,0.4469373,0.08346652,0.12393631,0.09063087,0.32300097,-0.007164344
1936,0.4295961,0.0794352,0.0912195,0.06741388,0.33837658,0.012021318
1937,0.4894693,0.071633846,0.09977035,0.07249501,0.38969892,-0.0008611679
1938,0.42078444,0.06724885,0.095207736,0.071279906,0.32557672,-0.0040310547
1939,0.41562983,0.06655784,0.10104984,0.07313051,0.31458,-0.0065726712
1940,0.45407477,0.06123153,0.07457996,0.05934222,0.37949482,0.0018893108
1941,0.5027086,0.04148036,0.08049771,0.060992662,0.4222109,-0.019512303
1942,0.5331877,0.11426684,0.15326542,0.11650127,0.37992227,-0.0022344291
1943,0.4319931,0.025939837,0.067439504,0.03919034,0.3645536,-0.013250504
1944,0.62869126,0.09741423,0.12043357,0.0837031,0.5082577,0.013711132
1945,0.4987329,0.08314659,0.10622096,0.07290802,0.39251193,0.0102385655
1946,0.60194397,0.0731276,0.08269265,0.05762715,0.51925135,0.015500449
1947,0.5524334,0.08883584,0.09403593,0.057501234,0.45839745,0.03133461
1948,0.48649558,0.09863897,0.0930408,0.06845472,0.3934548,0.030184247
1949,0.56166077,0.079078466,0.08868232,0.0567831,0.47297844,0.022295367
1950,0.56569594,0.052270066,0.08727196,0.0609761,0.47842398,-0.008706033
1951,0.35921523,0.04326622,0.07482013,0.05233795,0.2843951,-0.00907173
1952,0.6121633,0.07695229,0.10230913,0.06611394,0.5098542,0.010838352
1953,0.5073515,0.027145367,0.078392476,0.0478753,0.42895904,-0.020729933
1954,0.474095,0.057684753,0.09662151,0.07146172,0.37747347,-0.013776969
1955,0.4640767,0.09616587,0.08949943,0.065727495,0.37457728,0.030438378
1956,0.57571244,0.0685094,0.08855384,0.060494553,0.4871586,0.008014847
1957,0.44084236,0.02667434,0.04003317,0.028334778,0.4008092,-0.0016604383
1958,0.42267302,0.106113724,0.11077173,0.08904877,0.31190127,0.017064951
1959,0.58026725,0.113120146,0.14355198,0.10822801,0.43671528,0.004892133
1960,0.5078825,0.05653766,0.09342651,0.06432194,0.41445595,-0.007784281
1961,0.47861084,0.06854006,0.10243882,0.06726057,0.376172,0.0012794882
1962,0.64672124,0.110093996,0.13310093,0.09409651,0.5136203,0.015997484
1963,0.6289504,0.08642059,0.10190842,0.0758324,0.527042,0.010588191
1964,0.59126,0.10317568,0.13834845,0.10144322,0.45291156,0.0017324537
1965,0.40076,0.05097417,0.07693197,0.05542901,0.32382804,-0.00445484
1966,0.39579308,0.0475985,0.07325858,0.051551633,0.3225345,-0.003953133
1967,0.5471683,0.07747882,0.1262749,0.095042944,0.42089343,-0.017564125
1968,0.62170464,0.052232347,0.12343617,0.08115248,0.49826849,-0.028920129
1969,0.41363686,0.065887265,0.07351052,0.057787757,0.34012634,0.008099508
1970,0.48616424,0.083416045,0.12812382,0.08654488,0.35804042,-0.003128834
1971,0.6091841,0.067270964,0.111674994,0.07501956,0.4975091,-0.0077485964
1972,0.56197834,0.122418925,0.13427451,0.093137324,0.42770383,0.029281601
1973,0.41918704,0.025059033,0.045081425,0.033920825,0.3741056,-0.008861791
1974,0.47656682,0.086293854,0.07663235,0.05730385,0.39993447,0.028990004
1975,0.46949124,0.13529702,0.13384445,0.10036544,0.3356468,0.034931578
1976,0.4596696,0.08715522,0.11378417,0.07731938,0.34588543,0.009835839
1977,0.5959034,0.093203805,0.11805307,0.08962298,0.47785032,0.0035808235
1978,0.5939511,0.070436865,0.12325235,0.0833803,0.47069877,-0.012943432
1979,0.5700134,0.088526085,0.12808037,0.089620724,0.44193304,-0.0010946393
1980,0.55550134,0.07006498,0.1080018,0.074392684,0.44749954,-0.004327707
1981,0.4435417,0.070542,0.08745666,0.06628252,0.35608506,0.004259482
1982,0.6346418,0.081091136,0.11564233,0.08230471,0.5189995,-0.0012135729
1983,0.5640846,0.05150988,0.11120594,0.07224489,0.45287865,-0.02073501
1984,0.20644018,0.04215831,0.05379808,0.03515448,0.1526421,0.007003829
1985,0.46001142,0.07246528,0.10563622,0.08017894,0.3543752,-0.0077136606
1986,0.56899124,0.079406284,0.10252111,0.06925754,0.46647012,0.010148741
1987,0.4696785,0.07651748,0.116651,0.07457277,0.3530275,0.0019447058
1988,0.4659105,0.057536542,0.09902666,0.069949105,0.36688384,-0.012412563
1989,0.40915382,0.04798518,0.06863946,0.052196015,0.34051436,-0.0042108335
1990,0.53670263,0.07314532,0.10678049,0.07682643,0.42992213,-0.0036811084
1991,0.44636855,0.059601896,0.074135564,0.05407825,0.37223297,0.0055236444
1992,0.61256653,0.05031733,0.13942185,0.0803866,0.47314468,-0.030069273
1993,0.6128406,0.08472221,0.118526585,0.0844463,0.49431401,0.0002759099
1994,0.3354797,0.04992489,0.07556297,0.05344401,0.25991672,-0.0035191178
1995,0.5218333,0.09643939,0.13730532,0.09506315,0.38452798,0.0013762414
1996,0.48497322,0.09619998,0.13202846,0.091377914,0.35294476,0.004822068
1997,0.37798283,0.04127974,0.058231372,0.04115507,0.31975144,0.00012467057
1998,0.6618646,0.09299733,0.12436029,0.08756269,0.5375043,0.0054346398
1999,0.6233868,0.0654454,0.094091214,0.07013991,0.52929556,-0.0046945065
2000,0.49541563,0.0974787,0.09493644,0.0693392,0.4004792,0.028139502
2001,0.33774865,0.035248164,0.04168069,0.028847978,0.29606795,0.0064001866
2002,0.5877849,0.05820885,0.12351752,0.08684993,0.46426737,-0.028641079
2003,0.59156805,0.057384487,0.13560294,0.09208712,0.4559651,-0.034702633
2004,0.5078912,0.07633124,0.1238617,0.0853057,0.38402948,-0.008974455
2005,0.4607297,0.04097289,0.087432,0.056652103,0.3732977,-0.015679214
2006,0.33799922,0.034136184,0.060830172,0.040212285,0.27716905,-0.006076101
2007,0.45452428,0.04441566,0.07088106,0.052439667,0.3836432,-0.008024007
2008,0.47262642,0.07650462,0.10675358,0.08092781,0.36587283,-0.0044231936
2009,0.507507,0.15966257,0.14354464,0.09454534,0.36396238,0.06511723
2010,0.45600984,0.04008269,0.069437444,0.04699216,0.3865724,-0.006909471
2011,0.45590457,0.09598339,0.13833734,0.099067114,0.31756723,-0.0030837208
2012,0.3932192,0.07602105,0.09067548,0.0689962,0.30254373,0.0070248544
2013,0.50500774,0.047360495,0.098091215,0.059509188,0.40691653,-0.012148693
2014,0.45208412,0.085430875,0.10791292,0.07882562,0.3441712,0.0066052526
2015,0.57308817,0.10194358,0.12958899,0.09471627,0.44349918,0.007227309
2016,0.4686949,0.084820285,0.09755779,0.07348552,0.3711371,0.011334762
2017,0.52479905,0.046296567,0.09431414,0.06857605,0.4304849,-0.022279486
2018,0.54309535,0.064488776,0.10869896,0.0774026,0.4343964,-0.012913823
2019,0.5774739,0.06696501,0.09122825,0.06589081,0.48624563,0.0010741949
2020,0.5500399,0.0744216,0.12894478,0.08039711,0.4210951,-0.005975507
2021,0.4777021,0.08423033,0.11763083,0.087988436,0.36007127,-0.0037581027
2022,0.5841674,0.117208,0.12041212,0.08681341,0.4637553,0.030394584
2023,0.37078685,0.09148107,0.07387057,0.05679119,0.29691628,0.034689877
2024,0.44493803,0.054793216,0.066995054,0.048847303,0.37794298,0.0059459135
2025,0.5528958,0.094199255,0.1270287,0.08744186,0.42586708,0.0067573935
2026,0.41940123,0.071034335,0.083380766,0.056067564,0.33602047,0.014966771
2027,0.47329786,0.07423653,0.07352708,0.053196,0.3997708,0.021040525
2028,0.3262618,0.060070816,0.08552735,0.06808641,0.24073443,-0.008015592
2029,0.54453164,0.07777981,0.115293734,0.08031218,0.4292379,-0.0025323704
2030,0.45143604,0.05620123,0.08375492,0.05826275,0.36768112,-0.0020615198
2031,0.63343143,0.19054289,0.1659671,0.117582284,0.46746433,0.07296061
2032,0.3897472,0.06826417,0.0967087,0.07697479,0.2930385,-0.008710615
2033,0.4959857,0.07533397,0.102624215,0.077924654,0.39336148,-0.002590686
2034,0.33823982,0.02086327,0.03131236,0.022678938,0.30692744,-0.0018156674
2035,0.676775,0.12606952,0.1314406,0.09250685,0.5453344,0.033562668
2036,0.56516546,0.09258662,0.10883031,0.07788993,0.45633516,0.014696695
2037,0.39753255,0.116807036,0.11009604,0.08893121,0.28743652,0.027875826
2038,0.44661924,0.068504594,0.11010972,0.07643462,0.33650953,-0.007930025
2039,0.5277803,0.08145293,0.09405038,0.07260453,0.43372992,0.008848399
2040,0.5240698,0.07004578,0.07384469,0.052698016,0.45022509,0.01734776
2041,0.5576579,0.06632487,0.1045298,0.06653129,0.4531281,-0.00020642579
2042,0.5282721,0.07236042,0.09718008,0.07131393,0.43109202,0.0010464862
2043,0.48949113,0.05693098,0.08939819,0.05760597,0.40009296,-0.0006749891
2044,0.4372269,0.10512854,0.102133125,0.07464837,0.33509377,0.030480169
2045,0.44726846,0.081999436,0.099164076,0.07576923,0.3481044,0.0062302053
2046,0.5610379,0.14263566,0.14291376,0.10678086,0.41812414,0.0358548
2047,0.40509403,0.06888056,0.09409459,0.069388255,0.31099945,-0.00050769746
2048,0.52115977,0.03928828,0.07672212,0.05450347,0.44443765,-0.015215192
2049,0.59008205,0.06569517,0.09366451,0.064954445,0.49641752,0.0007407218
2050,0.47962764,0.08659427,0.10132632,0.063229114,0.37830132,0.023365155
2051,0.5006545,0.051820263,0.100866534,0.066355795,0.399788,-0.014535531
2052,0.5389625,0.09769568,0.105496414,0.07998455,0.43346608,0.017711125
2053,0.5061099,0.087355286,0.093676016,0.06832876,0.41243386,0.019026525
2054,0.5032786,0.0709729,0.07909806,0.056951135,0.42418057,0.014021762
2055,0.37596676,0.040745933,0.08166517,0.05768671,0.29430157,-0.016940776
2056,0.60277355,0.07110863,0.15724966,0.10818659,0.4455239,-0.037077956
2057,0.48672274,0.071819834,0.11001336,0.07474035,0.37670937,-0.0029205158
2058,0.45396748,0.10803409,0.14925641,0.105014496,0.30471107,0.0030195937
2059,0.36978698,0.05335334,0.08510811,0.054078728,0.28467888,-0.0007253885
2060,0.6499601,0.09637086,0.16263875,0.105706185,0.48732135,-0.009335324
2061,0.46750364,0.07322756,0.0586182,0.04033003,0.40888545,0.032897532
2062,0.5197234,0.059629288,0.08577361,0.05744629,0.4339498,0.0021829978
2063,0.66291976,0.09983801,0.14665607,0.10600268,0.5162637,-0.00616467
2064,0.49505016,0.053183887,0.08051004,0.054864984,0.4145401,-0.0016810969
2065,0.45235333,0.060579866,0.0996027,0.073013,0.35275063,-0.012433134
2066,0.4798798,0.064816356,0.09628353,0.07145957,0.38359627,-0.0066432133
2067,0.45414793,0.07613519,0.09552009,0.06722803,0.35862786,0.008907162
2068,0.44401386,0.06039403,0.08629153,0.061310526,0.35772234,-0.0009164959
2069,0.46211264,0.09185675,0.118046455,0.08560828,0.34406617,0.0062484667
2070,0.47481206,0.06340722,0.08873419,0.06069136,0.38607788,0.0027158596
2071,0.58828616,0.087270446,0.12754095,0.0851174,0.46074522,0.0021530464
2072,0.46593922,0.046605695,0.07367546,0.052873224,0.39226377,-0.006267529
2073,0.50249106,0.10576583,0.13546264,0.09800424,0.36702842,0.00776159
2074,0.4718652,0.0808092,0.057759,0.03908728,0.4141062,0.041721918
2075,0.56459033,0.06618695,0.102518834,0.07350042,0.4620715,-0.0073134676
2076,0.43378428,0.05055053,0.08513682,0.06560829,0.34864745,-0.015057761
2077,0.46355024,0.038459465,0.07391808,0.04856859,0.38963217,-0.010109127
2078,0.56754136,0.08148322,0.103225954,0.07742622,0.4643154,0.004057005
2079,0.6319625,0.08883451,0.104148254,0.07464302,0.5278142,0.014191486
2080,0.4424144,0.048723273,0.076032236,0.051501665,0.36638218,-0.0027783923
2081,0.50438774,0.08808867,0.12128455,0.09112981,0.3831032,-0.0030411407
2082,0.42145613,0.03665534,0.06362984,0.040573634,0.3578263,-0.003918294
2083,0.437917,0.04356699,0.06454774,0.04630519,0.37336925,-0.0027382001
2084,0.44255915,0.044462163,0.06713757,0.043087777,0.37542158,0.0013743863
2085,0.53387874,0.06988092,0.12135639,0.088302374,0.41252235,-0.018421456
2086,0.5285786,0.0901525,0.10523949,0.07276601,0.4233391,0.017386489
2087,0.4574643,0.038907137,0.097379304,0.05403943,0.360085,-0.015132293
2088,0.5109961,0.07096442,0.08321247,0.063231215,0.42778364,0.0077332035
2089,0.5559347,0.07564353,0.118600465,0.089129105,0.43733427,-0.013485573
2090,0.6362946,0.071286336,0.096761204,0.065368235,0.5395334,0.0059181005
2091,0.504027,0.11398232,0.11210146,0.07851891,0.39192554,0.035463408
2092,0.61123234,0.11507702,0.16803434,0.11594298,0.443198,-0.00086595863
2093,0.54229146,0.05135065,0.105116166,0.06703279,0.4371753,-0.015682142
2094,0.6305952,0.12517919,0.13808541,0.09491699,0.49250978,0.030262195
2095,0.4534426,0.05030906,0.073058985,0.054579355,0.3803836,-0.0042702965
2096,0.4365736,0.058698554,0.08869273,0.059822932,0.34788087,-0.0011243783
2097,0.5558913,0.08092264,0.11243776,0.07845152,0.44345352,0.0024711192
2098,0.62584037,0.08158706,0.12791008,0.089384325,0.4979303,-0.0077972636
2099,0.34917468,0.0774308,0.09798697,0.07909417,0.2511877,-0.0016633719
2100,0.49618414,0.11468764,0.1314282,0.098766476,0.36475593,0.01592116
2101,0.6207525,0.10362889,0.12866844,0.094362594,0.4920841,0.009266295
2102,0.43460783,0.08190724,0.109580286,0.07485214,0.32502756,0.007055104
2103,0.36727533,0.049512766,0.06680033,0.050164614,0.300475,-0.0006518476
2104,0.4614944,0.07129365,0.11574599,0.083827406,0.3457484,-0.012533754
2105,0.48796484,0.053621627,0.07384892,0.047044054,0.4141159,0.0065775737
2106,0.34718427,0.039609585,0.06659434,0.046399456,0.28058994,-0.0067898706
2107,0.44473794,0.058991566,0.06821843,0.046356034,0.3765195,0.012635533
2108,0.59001315,0.051139828,0.08795486,0.06256978,0.50205827,-0.011429954
2109,0.40921572,0.08019368,0.08869775,0.060413793,0.32051796,0.01977989
2110,0.56569785,0.068198234,0.10813298,0.082579106,0.45756486,-0.014380872
2111,0.5894756,0.09603235,0.11668177,0.084728345,0.47279382,0.011304006
2112,0.44093975,0.06189058,0.071538866,0.057347804,0.3694009,0.0045427755
2113,0.4722447,0.074909724,0.09856102,0.07385948,0.3736837,0.0010502413
2114,0.4425243,0.059782043,0.0854745,0.06318603,0.35704982,-0.003403984
2115,0.32591227,0.084251404,0.09278008,0.06815747,0.23313218,0.016093932
2116,0.5701819,0.107565396,0.13160606,0.0998884,0.43857586,0.0076769963
2117,0.5886596,0.077928305,0.13017762,0.08674851,0.45848197,-0.008820206
2118,0.6007972,0.09752172,0.13864203,0.09229414,0.46215516,0.0052275807
2119,0.5050797,0.09354918,0.09230521,0.070968844,0.41277447,0.022580333
2120,0.47759223,0.088219255,0.089584924,0.063613676,0.3880073,0.02460558
2121,0.34612378,0.033372987,0.059735976,0.04413269,0.2863878,-0.010759704
2122,0.50475025,0.08724689,0.11104227,0.07525104,0.393708,0.011995845
2123,0.5354477,0.086212076,0.09242493,0.06629794,0.4430228,0.019914135
2124,0.5700958,0.052613944,0.07273115,0.050278343,0.49736464,0.0023356006
2125,0.44516525,0.091876745,0.09768587,0.06454936,0.34747937,0.027327389
2126,0.5232944,0.066578075,0.085527554,0.05804269,0.43776685,0.008535385
2127,0.533282,0.10012183,0.11724162,0.0885615,0.41604036,0.011560336
2128,0.575552,0.09990966,0.10954557,0.07815071,0.4660064,0.021758951
2129,0.44706994,0.08198288,0.0768846,0.06260448,0.37018535,0.019378401
2130,0.45156848,0.035852462,0.07746512,0.050829235,0.37410337,-0.014976773
2131,0.57627594,0.07428267,0.09015931,0.0627637,0.48611665,0.01151897
2132,0.4609378,0.04260988,0.08761665,0.056964684,0.37332115,-0.014354803
2133,0.51862544,0.07722821,0.122996375,0.08385126,0.39562905,-0.006623052
2134,0.5451355,0.0691328,0.085811436,0.060326453,0.45932406,0.008806344
2135,0.37902194,0.03026658,0.06249149,0.041382845,0.31653047,-0.011116266
2136,0.58137417,0.10672622,0.1213667,0.08628058,0.46000746,0.020445645
2137,0.46420208,0.08028963,0.09838832,0.07170294,0.36581376,0.00858669
2138,0.4583661,0.12844297,0.15084606,0.11541049,0.30752003,0.013032481
2139,0.6081301,0.10966741,0.12812887,0.09996002,0.4800012,0.009707391
2140,0.5771258,0.049265794,0.082012415,0.055635594,0.49511337,-0.0063697994
2141,0.4745015,0.10901592,0.11988082,0.092084415,0.35462067,0.016931504
2142,0.33231908,0.07219692,0.11075149,0.07743619,0.2215676,-0.005239263
2143,0.6218128,0.1025736,0.124302104,0.08086452,0.49751073,0.021709085
2144,0.60426694,0.09945195,0.12194035,0.088614404,0.4823266,0.0108375475
2145,0.45269397,0.0701047,0.09799485,0.070316434,0.35469913,-0.0002117306
2146,0.37828764,0.0757454,0.08404323,0.058624715,0.2942444,0.017120682
2147,0.5975076,0.1427091,0.17846933,0.11931314,0.41903827,0.023395963
2148,0.56486994,0.08893282,0.12131687,0.08448931,0.44355306,0.0044435114
2149,0.5746583,0.069169395,0.124077864,0.0824133,0.45058042,-0.013243906
2150,0.43758836,0.07054461,0.094407186,0.07456459,0.3431812,-0.004019983
2151,0.42043105,0.06113636,0.08059562,0.05959838,0.33983544,0.0015379824
2152,0.514611,0.06735895,0.07252023,0.050853323,0.44209078,0.016505625
2153,0.46361935,0.08679707,0.11585827,0.08262004,0.3477611,0.004177034
2154,0.68960285,0.10337374,0.14338797,0.10158311,0.5462149,0.0017906353
2155,0.49047455,0.05688309,0.08890333,0.062799156,0.4015712,-0.0059160665
2156,0.5246788,0.036041234,0.062336456,0.045780253,0.46234238,-0.009739019
2157,0.296768,0.058487747,0.08110863,0.057891864,0.21565938,0.00059588253
2158,0.4942517,0.08316724,0.1175412,0.08885764,0.3767105,-0.0056904033
2159,0.32739094,0.059957735,0.08881983,0.05739612,0.2385711,0.002561614
2160,0.49073976,0.13786948,0.120732605,0.09300909,0.37000716,0.044860385
2161,0.60680485,0.075529695,0.0979103,0.069995865,0.50889456,0.0055338293
2162,0.7177737,0.14329377,0.18083799,0.1445313,0.5369357,-0.0012375265
2163,0.5123138,0.067467876,0.11077568,0.07853282,0.4015381,-0.011064947
2164,0.42341805,0.09888286,0.07203994,0.050884712,0.3513781,0.04799815
2165,0.47936454,0.06433211,0.10750613,0.0775714,0.37185842,-0.013239287
2166,0.3566481,0.11276731,0.105446465,0.07679722,0.25120163,0.03597009
2167,0.5646067,0.052604683,0.10553293,0.07520406,0.45907378,-0.022599377
2168,0.41011366,0.048626672,0.06217842,0.049500972,0.34793523,-0.00087429956
2169,0.57442635,0.06626833,0.110545814,0.07588066,0.46388054,-0.009612329
2170,0.42409065,0.054979153,0.06927728,0.05111872,0.35481337,0.0038604327
2171,0.4445791,0.047033753,0.090766326,0.06193153,0.35381275,-0.014897775
2172,0.33069766,0.0764301,0.06294503,0.04290329,0.26775262,0.033526808
2173,0.5423436,0.09301464,0.0822972,0.06681719,0.4600464,0.026197456
2174,0.43031195,0.094756536,0.09475269,0.060619,0.33555925,0.034137536
2175,0.5940191,0.07450633,0.09264892,0.06953571,0.5013702,0.0049706176
2176,0.57235295,0.0719896,0.09821562,0.07646415,0.47413734,-0.004474543
2177,0.41759434,0.08798899,0.10070168,0.07027969,0.31689265,0.0177093
2178,0.45411366,0.10047437,0.13239944,0.09172492,0.32171422,0.008749455
2179,0.6146131,0.08005252,0.16447054,0.10602246,0.45014256,-0.025969945
2180,0.5586883,0.088967,0.098801166,0.064178914,0.45988712,0.02478809
2181,0.37933865,0.06297951,0.11492954,0.07125643,0.26440912,-0.008276917
2182,0.42910582,0.056805093,0.09518876,0.072125666,0.33391705,-0.015320573
2183,0.5661242,0.08237427,0.11931987,0.08483768,0.44680434,-0.0024634153
2184,0.33388293,0.046191577,0.07349743,0.05475038,0.2603855,-0.008558802
2185,0.56961733,0.11894283,0.14382797,0.10427938,0.42578936,0.01466345
2186,0.35402328,0.055965558,0.06954193,0.049179748,0.28448135,0.00678581
2187,0.45595342,0.024588563,0.050865293,0.03273776,0.40508813,-0.008149199
2188,0.57007307,0.05563006,0.09646019,0.06737771,0.47361287,-0.011747647
2189,0.43778926,0.06598148,0.08465617,0.05760987,0.35313308,0.0083716065
2190,0.49061042,0.06260276,0.08918132,0.061204985,0.40142912,0.0013977736
2191,0.5227207,0.11342307,0.15213591,0.0995716,0.3705848,0.013851471
2192,0.45960996,0.08289573,0.08854235,0.059992746,0.3710676,0.022902988
2193,0.5263353,0.077828236,0.12632848,0.08532372,0.40000683,-0.0074954852
2194,0.4823605,0.09042077,0.12515649,0.08217142,0.35720402,0.00824935
2195,0.56390345,0.08833793,0.12218621,0.08694501,0.44171724,0.0013929158
2196,0.48360035,0.034313668,0.054501038,0.04171573,0.42909932,-0.0074020624
2197,0.51838195,0.018665725,0.039156083,0.027941952,0.47922587,-0.009276226
2198,0.2996716,0.04399502,0.08403561,0.058342937,0.21563599,-0.014347918
2199,0.66300577,0.094883054,0.10792256,0.08007551,0.5550832,0.014807545
2200,0.51092255,0.08499496,0.09022153,0.06298719,0.42070103,0.022007763
2201,0.6750085,0.097049825,0.15467565,0.10730218,0.5203328,-0.0102523565
2202,0.4001585,0.056472365,0.09714853,0.067975834,0.30300996,-0.011503469
2203,0.50512296,0.109142214,0.1381444,0.08579094,0.36697856,0.023351274
2204,0.44206566,0.12406945,0.1271576,0.087542795,0.31490806,0.036526658
2205,0.5385012,0.040180776,0.101828806,0.07041785,0.4366724,-0.030237075
2206,0.5088798,0.066293776,0.10163099,0.0773355,0.4072488,-0.011041723
2207,0.26706958,0.052980214,0.061701797,0.041372452,0.20536777,0.011607762
2208,0.44015518,0.084727354,0.089534275,0.062332783,0.3506209,0.022394571
2209,0.5997898,0.09931541,0.08276724,0.05593748,0.51702255,0.043377932
2210,0.5240083,0.053536266,0.09491743,0.064596154,0.42909086,-0.011059888
2211,0.507416,0.011730503,0.04228721,0.024737956,0.4651288,-0.013007453
2212,0.4940977,0.07459292,0.11056553,0.07254,0.38353217,0.002052918
2213,0.4729061,0.08965423,0.096899204,0.06754131,0.3760069,0.02211292
2214,0.3496361,0.06973921,0.099405095,0.0744015,0.25023103,-0.00466229
2215,0.5340298,0.11022392,0.1553646,0.11427761,0.37866518,-0.0040536895
2216,0.51514506,0.074070275,0.12887889,0.08862005,0.38626617,-0.014549777
2217,0.3958938,0.066308916,0.08147276,0.062374048,0.31442106,0.0039348677
2218,0.43339467,0.02826454,0.06855077,0.04659276,0.3648439,-0.018328222
2219,0.6334214,0.08057894,0.12873541,0.10021431,0.504686,-0.019635372
2220,0.22761932,0.0042898813,0.027075391,0.015452005,0.20054393,-0.011162124
2221,0.4978426,0.07013407,0.092585415,0.063783534,0.4052572,0.0063505396
2222,0.48998672,0.037853688,0.06804821,0.040657174,0.4219385,-0.0028034858
2223,0.4379271,0.11348443,0.13196626,0.08311138,0.30596083,0.030373044
2224,0.39453202,0.062835164,0.07464023,0.048032533,0.3198918,0.014802631
2225,0.50319415,0.062296744,0.084108956,0.061824393,0.4190852,0.0004723519
2226,0.68120325,0.09875385,0.11844428,0.08148586,0.562759,0.017267987
2227,0.46252012,0.03247627,0.07641221,0.04898931,0.38610792,-0.016513042
2228,0.5625272,0.10701929,0.11407539,0.0742783,0.4484518,0.032740988
2229,0.3945552,0.067646794,0.08394225,0.06003785,0.31061298,0.0076089427
2230,0.49120852,0.12869039,0.13450396,0.09870261,0.35670456,0.029987782
2231,0.5704672,0.0904824,0.104203604,0.07712557,0.46626356,0.013356827
2232,0.20082723,0.072638385,0.073816635,0.05710053,0.12701058,0.015537854
2233,0.44098994,0.05652554,0.09803967,0.06863086,0.34295028,-0.01210532
2234,0.47041684,0.07134322,0.07714206,0.05889945,0.39327478,0.01244377
2235,0.52451056,0.06835567,0.10976215,0.07258725,0.41474843,-0.0042315796
2236,0.5692495,0.106223844,0.1489545,0.10777229,0.420295,-0.0015484467
2237,0.3569539,0.012580499,0.07688676,0.046743006,0.28006715,-0.034162506
2238,0.49024165,0.033789687,0.060354356,0.04398569,0.4298873,-0.010196004
2239,0.38693827,0.0805257,0.080899976,0.059215676,0.3060383,0.02131002
2240,0.45722404,0.11118164,0.097712964,0.07596967,0.35951108,0.035211965
2241,0.48439085,0.116059385,0.14827096,0.11047895,0.3361199,0.0055804327
2242,0.4059998,0.046507612,0.08090037,0.05518394,0.32509944,-0.008676328
2243,0.74792725,0.08802018,0.107025355,0.07487833,0.6409019,0.013141856
2244,0.55208004,0.07446776,0.11298223,0.074948534,0.43909782,-0.00048077106
2245,0.5285561,0.084479846,0.11605808,0.07874271,0.41249803,0.0057371333
2246,0.5287864,0.1454552,0.12781374,0.097608626,0.40097266,0.04784657
2247,0.55180115,0.07315732,0.106260225,0.07240162,0.4455409,0.0007556975
2248,0.24588002,0.019840777,0.03208399,0.021822488,0.21379603,-0.001981711
2249,0.55681056,0.07739843,0.09976633,0.07397792,0.45704424,0.0034205094
2250,0.5128877,0.060383104,0.09404215,0.06795746,0.41884556,-0.007574357
2251,0.60016894,0.09398408,0.13493992,0.10146069,0.46522903,-0.0074766055
2252,0.3865806,0.025454791,0.06956881,0.042478185,0.31701177,-0.017023394
2253,0.3517645,0.07316767,0.1103658,0.07629378,0.24139869,-0.0031261146
2254,0.51375794,0.056142047,0.07791395,0.04988127,0.435844,0.0062607788
2255,0.40922973,0.08394094,0.08903047,0.05597599,0.32019925,0.02796495
2256,0.46728727,0.09136706,0.11459545,0.07093002,0.35269183,0.02043704
2257,0.45065498,0.060939007,0.0808158,0.055376157,0.3698392,0.0055628493
2258,0.46847034,0.04868556,0.0474368,0.033410612,0.42103353,0.015274946
2259,0.47759295,0.078600414,0.10506207,0.07565334,0.37253088,0.0029470772
2260,0.29668865,0.06842313,0.07072833,0.05510558,0.22596031,0.013317551
2261,0.4527521,0.10388941,0.14422728,0.11068769,0.30852485,-0.006798275
2262,0.50840527,0.063421875,0.0940484,0.06110252,0.41435686,0.0023193546
2263,0.31904963,0.06206628,0.06585796,0.041664425,0.25319165,0.020401854
2264,0.3868894,0.071570344,0.08169465,0.06616679,0.30519474,0.005403556
2265,0.42040446,0.045758046,0.09129595,0.060553193,0.3291085,-0.014795147
2266,0.4574065,0.09601345,0.11903978,0.090059735,0.33836672,0.0059537143
2267,0.4971528,0.07891845,0.10312924,0.07091103,0.39402357,0.008007422
2268,0.40885156,0.07620852,0.08949185,0.06256472,0.31935972,0.013643794
2269,0.41033742,0.0671616,0.078841545,0.050264176,0.33149588,0.016897421
2270,0.48971242,0.04411911,0.06883324,0.047953304,0.4208792,-0.0038341954
2271,0.31722727,0.083504185,0.07091293,0.048233446,0.24631435,0.03527074
2272,0.5278898,0.05833966,0.099922866,0.064545244,0.42796692,-0.006205585
2273,0.4418969,0.06306228,0.0898153,0.06622223,0.3520816,-0.0031599477
2274,0.6868116,0.08498736,0.10977081,0.08414832,0.5770408,0.0008390397
2275,0.67658305,0.110883735,0.12457258,0.094110586,0.5520105,0.01677315
2276,0.54527843,0.049507674,0.068924606,0.049181506,0.47635382,0.0003261678
2277,0.26788828,0.059946008,0.073441036,0.057822317,0.19444725,0.0021236911
2278,0.38492966,0.05519643,0.07762897,0.05362453,0.3073007,0.0015719011
2279,0.5154269,0.0552183,0.09279394,0.06430763,0.42263293,-0.009089328
2280,0.5327119,0.05163897,0.090020746,0.06825813,0.44269118,-0.01661916
2281,0.4648447,0.11359559,0.1151683,0.09472895,0.3496764,0.018866643
2282,0.47554636,0.041574974,0.08166439,0.04876508,0.39388198,-0.0071901046
2283,0.3775555,0.08762169,0.07764483,0.059874963,0.29991066,0.027746726
2284,0.54731154,0.13590421,0.14067982,0.10776134,0.4066317,0.02814287
2285,0.41490096,0.10085631,0.09068773,0.06762655,0.32421324,0.03322976
2286,0.39465237,0.061718736,0.072828084,0.055595096,0.32182428,0.0061236396
2287,0.3634911,0.03976341,0.053918652,0.040736176,0.30957243,-0.00097276643
2288,0.4406583,0.061295908,0.09434036,0.06521577,0.34631795,-0.0039198585
2289,0.37019983,0.041097954,0.08559367,0.052433815,0.28460616,-0.011335861
2290,0.48894104,0.049031872,0.0975199,0.059411135,0.39142114,-0.010379262
2291,0.5758278,0.06525621,0.10157701,0.075296104,0.47425076,-0.010039896
2292,0.5369929,0.0773796,0.080080874,0.06136017,0.45691204,0.01601943
2293,0.7018065,0.09043157,0.19102415,0.11883827,0.51078236,-0.028406702
2294,0.5592617,0.06049395,0.08176937,0.055521265,0.4774923,0.004972685
2295,0.3856029,0.06304721,0.08994946,0.06165603,0.29565343,0.0013911761
2296,0.5150456,0.11200209,0.11508438,0.08443628,0.3999612,0.027565807
2297,0.66685486,0.07662405,0.109132014,0.059349213,0.55772287,0.017274838
2298,0.49123663,0.05554631,0.08365794,0.05509841,0.40757868,0.0004478991
2299,0.5038926,0.059646115,0.073635906,0.051711034,0.4302567,0.007935081
2300,0.4464458,0.073418684,0.08656577,0.05866171,0.35988003,0.014756974
2301,0.47734064,0.10576589,0.11259903,0.07838361,0.36474162,0.027382277
2302,0.49064177,0.10111421,0.11742851,0.08759656,0.37321326,0.013517655
2303,0.33104146,0.06349857,0.085562736,0.057972528,0.24547872,0.0055260435
2304,0.47668257,0.06066268,0.10023948,0.068355076,0.3764431,-0.0076923966
2305,0.56863326,0.10157024,0.11823359,0.09016929,0.45039967,0.011400953
2306,0.47030476,0.07711867,0.11402737,0.07761553,0.35627738,-0.00049685687
2307,0.49140528,0.09060762,0.12997697,0.09369666,0.36142832,-0.0030890405
2308,0.719821,0.044318505,0.075616114,0.055537548,0.64420485,-0.011219043
2309,0.48193574,0.094457135,0.097279996,0.07152619,0.38465574,0.022930942
2310,0.59029865,0.09431674,0.13653974,0.1049774,0.4537589,-0.010660656
2311,0.38607022,0.03375196,0.04772906,0.035507787,0.33834118,-0.0017558262
2312,0.6122356,0.10088674,0.14127365,0.10001247,0.47096196,0.0008742735
2313,0.5313476,0.071339376,0.085563004,0.0651381,0.44578457,0.0062012747
2314,0.16544902,0.019346338,0.036864847,0.026197912,0.12858418,-0.0068515744
2315,0.31334817,0.0742462,0.05931755,0.042920068,0.25403062,0.03132613
2316,0.5400386,0.0519401,0.09857938,0.06491281,0.4414592,-0.0129727125
2317,0.51328486,0.058604844,0.08430615,0.05398841,0.4289787,0.0046164356
2318,0.6281164,0.083288446,0.12668227,0.092538014,0.50143415,-0.009249568
2319,0.51258415,0.061781414,0.085687615,0.06452483,0.42689654,-0.0027434155
2320,0.36721173,0.04878874,0.06481982,0.048931666,0.30239192,-0.00014292449
2321,0.44407204,0.051694494,0.076845534,0.05230825,0.3672265,-0.0006137565
2322,0.6458242,0.08086218,0.11027748,0.07396708,0.5355467,0.0068951026
2323,0.40899962,0.08728135,0.10205808,0.06892875,0.30694154,0.018352598
2324,0.48872808,0.0895917,0.12127653,0.09040682,0.36745155,-0.0008151233
2325,0.5304013,0.12611422,0.14966074,0.10973681,0.38074055,0.016377412
2326,0.5536706,0.085782185,0.07766187,0.05164555,0.4760087,0.034136634
2327,0.4625018,0.0749387,0.091253065,0.061791725,0.37124872,0.013146974
2328,0.4386848,0.089122444,0.10985439,0.08225118,0.3288304,0.0068712607
2329,0.46416917,0.044176653,0.07689972,0.051649395,0.38726944,-0.0074727423
2330,0.664476,0.12491051,0.16913562,0.117816545,0.49534035,0.007093966
2331,0.21101223,0.040358335,0.058965407,0.036939457,0.15204683,0.0034188777
2332,0.32769176,0.038970772,0.049979996,0.035215184,0.27771178,0.003755588
2333,0.42726114,0.056283344,0.08060725,0.057506967,0.34665388,-0.0012236238
2334,0.6630207,0.09299344,0.14896972,0.099675864,0.51405096,-0.0066824257
2335,0.3044048,0.06366222,0.08914792,0.06499256,0.21525687,-0.0013303384
2336,0.6138193,0.12120392,0.17696398,0.14087239,0.43685532,-0.019668467
2337,0.54707247,0.060991317,0.10073471,0.06984856,0.44633776,-0.008857243
2338,0.5888478,0.032430816,0.09485338,0.06317983,0.49399444,-0.030749012
2339,0.46867904,0.10403651,0.11612326,0.0858043,0.35255578,0.018232211
2340,0.5073367,0.07879723,0.10357419,0.07488424,0.4037625,0.0039129853
2341,0.715094,0.09464007,0.12424555,0.09189448,0.59084845,0.002745591
2342,0.3695012,0.06508836,0.06930798,0.053644963,0.30019322,0.011443399
2343,0.4943885,0.08025901,0.11621131,0.07552066,0.37817717,0.004738353
2344,0.47140822,0.046748634,0.062045816,0.044262763,0.4093624,0.0024858713
2345,0.4425587,0.0652987,0.06717325,0.052687388,0.37538546,0.012611311
2346,0.63753283,0.08936234,0.13053924,0.095845565,0.5069936,-0.006483227
2347,0.4436342,0.1093738,0.12750456,0.09104297,0.31612965,0.018330827
2348,0.4131512,0.06335525,0.08388328,0.058769535,0.32926792,0.004585717
2349,0.6001735,0.06699861,0.0867894,0.06507692,0.5133841,0.001921691
2350,0.46787983,0.09503238,0.1111194,0.07220083,0.35676044,0.022831552
2351,0.44754732,0.074539475,0.086836345,0.06697705,0.36071098,0.0075624287
2352,0.31801444,0.069422185,0.09356312,0.07178895,0.22445133,-0.0023667663
2353,0.32102948,0.058202725,0.08190071,0.061573654,0.23912877,-0.0033709295
2354,0.55317503,0.13066322,0.18061608,0.12533908,0.37255895,0.00532414
2355,0.50687206,0.03587398,0.062201027,0.04142888,0.44467103,-0.0055548996
2356,0.5641558,0.099177,0.13711992,0.10281553,0.4270359,-0.0036385283
2357,0.5662546,0.09815878,0.13856417,0.09616299,0.42769045,0.001995787
2358,0.3652247,0.07019355,0.072124675,0.05516837,0.2931,0.01502518
2359,0.59479034,0.098931246,0.12402513,0.09553101,0.4707652,0.0034002364
2360,0.45005834,0.081667595,0.11148252,0.080768816,0.3385758,0.00089877844
2361,0.38378948,0.02593699,0.07829497,0.054712348,0.30549452,-0.028775359
2362,0.40990764,0.043613747,0.08166561,0.058627997,0.32824203,-0.01501425
2363,0.4010532,0.04013337,0.072155945,0.04605465,0.32889724,-0.005921282
2364,0.54812926,0.060315844,0.08429949,0.062910564,0.46382976,-0.0025947206
2365,0.29090664,0.03687137,0.066520214,0.0462514,0.22438642,-0.009380031
2366,0.38821414,0.0479176,0.091427356,0.06566357,0.2967868,-0.017745968
2367,0.3422598,0.05847202,0.06509574,0.04754462,0.27716404,0.010927398
2368,0.42775,0.04647628,0.062068865,0.048117284,0.3656811,-0.0016410053
2369,0.72895384,0.10928878,0.13139692,0.0994995,0.59755695,0.009789281
2370,0.43854558,0.059314337,0.12835507,0.09059723,0.3101905,-0.03128289
2371,0.5177661,0.08774876,0.11592978,0.08283843,0.40183634,0.0049103275
2372,0.5569247,0.050685197,0.069675125,0.04516891,0.48724958,0.005516287
2373,0.42425284,0.09810331,0.121925175,0.08755167,0.30232766,0.010551639
2374,0.5627459,0.091438554,0.11227921,0.08061781,0.45046672,0.010820746
2375,0.30915114,0.07207086,0.08263922,0.055554274,0.22651193,0.016516585
2376,0.52465767,0.043027107,0.06660505,0.04876392,0.45805264,-0.005736813
2377,0.6085051,0.11679004,0.10850687,0.08002762,0.4999982,0.036762424
2378,0.5394095,0.018399369,0.040166654,0.028675286,0.49924287,-0.010275917
2379,0.54143095,0.07963217,0.10774371,0.07274373,0.43368724,0.0068884417
2380,0.40719613,0.05172707,0.0633896,0.044397153,0.34380654,0.0073299184
2381,0.4153966,0.03349505,0.06287926,0.042780217,0.35251734,-0.009285167
2382,0.49660367,0.13950253,0.11146894,0.07327606,0.38513473,0.06622647
2383,0.57402945,0.08745322,0.1133273,0.0823523,0.46070215,0.0051009133
2384,0.51129586,0.058174223,0.10031284,0.07245463,0.41098303,-0.014280409
2385,0.39835593,0.08150717,0.106819764,0.07829909,0.29153615,0.0032080784
2386,0.37670648,0.08774237,0.09731307,0.067115776,0.2793934,0.020626597
2387,0.30957332,0.028144484,0.049179185,0.034580685,0.26039413,-0.006436201
2388,0.63033956,0.10767063,0.12160222,0.08774205,0.5087373,0.019928575
2389,0.49508572,0.07386848,0.0985241,0.070266984,0.39656162,0.003601499
2390,0.7150113,0.11045769,0.15329033,0.11300386,0.56172097,-0.0025461689
2391,0.27975953,0.069749646,0.07600721,0.05468461,0.20375231,0.015065037
2392,0.40474248,0.07176645,0.106921665,0.07462131,0.2978208,-0.0028548613
2393,0.3857291,0.06624875,0.07851098,0.056247637,0.30721813,0.0100011155
2394,0.44943625,0.09181909,0.11165745,0.078152545,0.3377788,0.013666548
2395,0.24364881,0.035820797,0.04576876,0.03378997,0.19788006,0.002030827
2396,0.48087704,0.052090228,0.1037735,0.06559183,0.37710354,-0.013501599
2397,0.46143544,0.06921319,0.085047014,0.061953153,0.37638843,0.0072600357
2398,0.44801885,0.07385129,0.11530771,0.08401352,0.33271113,-0.010162234
2399,0.46539858,0.05051598,0.07922458,0.053603463,0.386174,-0.0030874833
2400,0.57400304,0.075478375,0.10470168,0.07127767,0.46930134,0.0042007044
2401,0.60757875,0.09826369,0.121962525,0.09070908,0.48561624,0.0075546056
2402,0.5701815,0.09270249,0.11972861,0.07955147,0.45045286,0.01315102
2403,0.53734344,0.12599799,0.13067497,0.07810733,0.40666848,0.047890663
2404,0.45167843,0.08499563,0.09827902,0.07378995,0.3533994,0.011205681
2405,0.33772397,0.037190337,0.06066821,0.042351242,0.27705577,-0.0051609054
2406,0.27713868,0.058214787,0.07125017,0.04982909,0.20588851,0.008385699
2407,0.39946562,0.05889443,0.07904718,0.058895182,0.32041845,-7.5250864e-07
2408,0.63473827,0.119573615,0.14806725,0.10993843,0.48667103,0.009635188
2409,0.36615324,0.06431827,0.06819866,0.052276593,0.2979546,0.012041677
2410,0.6758284,0.12178493,0.1552379,0.12100926,0.5205905,0.0007756725
2411,0.21481825,0.032385617,0.045138627,0.031626962,0.16967963,0.00075865537
2412,0.36439463,0.04062949,0.070657,0.048334047,0.29373765,-0.007704556
2413,0.43931693,0.08115155,0.13428944,0.07940465,0.30502748,0.0017469004
2414,0.67873496,0.077651985,0.12498215,0.09507576,0.5537528,-0.017423771
2415,0.4810259,0.13221753,0.13161181,0.097928375,0.3494141,0.03428915
2416,0.5375796,0.075172596,0.13014509,0.09570529,0.40743452,-0.020532697
2417,0.4111588,0.097705685,0.09396571,0.07164285,0.3171931,0.026062831
2418,0.5519095,0.087682486,0.124517396,0.10054926,0.42739213,-0.012866773
2419,0.6473811,0.05376993,0.086034305,0.0642472,0.5613468,-0.010477267
2420,0.4846096,0.086249895,0.10889527,0.07323544,0.37571433,0.013014458
2421,0.30606085,0.0665301,0.08010203,0.05687332,0.22595882,0.0096567795
2422,0.31667286,0.029350584,0.04354303,0.028201241,0.27312982,0.0011493433
2423,0.5431008,0.02707846,0.06052358,0.038811687,0.4825772,-0.0117332265
2424,0.55965996,0.0818385,0.11530062,0.08473312,0.44435933,-0.0028946176
2425,0.44193193,0.06618095,0.09341474,0.06590522,0.34851718,0.0002757311
2426,0.3270905,0.073044956,0.08202535,0.05368843,0.24506515,0.019356526
2427,0.6194695,0.10284428,0.15652758,0.09926885,0.46294194,0.0035754293
2428,0.6006261,0.084494784,0.14193232,0.09951339,0.4586938,-0.015018605
2429,0.3582656,0.057879206,0.07272287,0.053538512,0.28554273,0.0043406934
2430,0.5786827,0.0732567,0.10914482,0.073839925,0.4695379,-0.000583224
2431,0.34208658,0.059179146,0.07672624,0.053833038,0.26536036,0.005346108
2432,0.41786873,0.03446859,0.057987634,0.038383055,0.3598811,-0.0039144643
2433,0.5551074,0.060955424,0.106053494,0.07078205,0.4490539,-0.009826627
2434,0.53722763,0.051466133,0.09434635,0.059864596,0.4428813,-0.008398462
2435,0.46057776,0.113495365,0.117092945,0.087520845,0.34348482,0.02597452
2436,0.5028279,0.018840019,0.03470531,0.024558466,0.46812257,-0.0057184473
2437,0.5242835,0.067445666,0.13959652,0.09369223,0.384687,-0.026246563
2438,0.493294,0.07093111,0.090370186,0.06343027,0.40292382,0.0075008348
2439,0.6428935,0.064258434,0.12500836,0.08969876,0.51788515,-0.025440328
2440,0.3319705,0.07453009,0.088580415,0.06982315,0.2433901,0.004706934
2441,0.5876498,0.07667778,0.124800846,0.087352715,0.46284896,-0.010674939
2442,0.63976306,0.0466059,0.10387232,0.0659379,0.53589076,-0.019332
2443,0.43590647,0.052087385,0.0726228,0.049638357,0.36328366,0.0024490282
2444,0.53335255,0.08157767,0.10990697,0.08980313,0.42344558,-0.008225456
2445,0.6201914,0.084437706,0.10663921,0.07917377,0.5135522,0.005263932
2446,0.5725624,0.051406033,0.079321474,0.057058115,0.49324092,-0.005652081
2447,0.4342311,0.05595892,0.09290934,0.063669115,0.34132177,-0.007710196
2448,0.52834463,0.07149275,0.09704872,0.061768327,0.4312959,0.00972442
2449,0.60297793,0.09108766,0.11928927,0.08648252,0.48368865,0.0046051443
2450,0.5171928,0.082775384,0.11813069,0.085184954,0.3990621,-0.00240957
2451,0.5231315,0.054428343,0.08861572,0.05824418,0.43451577,-0.0038158372
2452,0.47147945,0.11051805,0.12982526,0.094830185,0.34165418,0.015687868
2453,0.5367046,0.08712183,0.12377808,0.094269365,0.41292652,-0.0071475357
2454,0.4521635,0.05201019,0.08896054,0.05808273,0.36320293,-0.00607254
2455,0.36623237,0.032878127,0.05686059,0.03334814,0.30937177,-0.00047001243
2456,0.6257769,0.05799678,0.115132,0.08316572,0.5106449,-0.02516894
2457,0.629749,0.09739484,0.13848473,0.0848494,0.49126428,0.012545437
2458,0.48585612,0.083735615,0.09636114,0.07118943,0.389495,0.012546182
2459,0.4815988,0.03701211,0.087294415,0.054100767,0.3943044,-0.017088655
2460,0.46315953,0.06822402,0.09188798,0.060013153,0.37127155,0.008210868
2461,0.45749548,0.093427636,0.093218125,0.06898108,0.36427736,0.024446554
2462,0.50874376,0.07158368,0.07491201,0.056671243,0.43383175,0.014912438
2463,0.4153552,0.032240763,0.07335425,0.04768058,0.34200096,-0.015439816
2464,0.46526402,0.05462982,0.08659181,0.06671931,0.3786722,-0.012089487
2465,0.54140264,0.09697155,0.121541746,0.07526886,0.4198609,0.021702692
2466,0.67173696,0.1715502,0.2018248,0.15204258,0.46991217,0.019507617
2467,0.6553144,0.12851138,0.1681285,0.1254631,0.4871859,0.0030482858
2468,0.61919934,0.02964501,0.093983814,0.068757504,0.5252155,-0.039112493
2469,0.51047665,0.08997041,0.12628824,0.078384,0.3841884,0.011586413
2470,0.62952644,0.124905534,0.12066576,0.08088818,0.5088607,0.044017352
2471,0.47901213,0.06243119,0.11201589,0.08015481,0.36699623,-0.017723616
2472,0.6332977,0.10243302,0.11210427,0.081275225,0.5211934,0.021157794
2473,0.41211164,0.038729683,0.07080234,0.050148066,0.3413093,-0.011418384
2474,0.49385482,0.07839955,0.109865926,0.07793457,0.3839889,0.00046497583
2475,0.47729394,0.07191,0.087104514,0.05825026,0.3901894,0.013659742
2476,0.39606696,0.0770316,0.08373632,0.06250382,0.31233063,0.014527775
2477,0.33393857,0.031995002,0.06787577,0.041413583,0.2660628,-0.009418581
2478,0.30832466,0.04657502,0.044432793,0.034421448,0.26389188,0.012153573
2479,0.48868805,0.038751557,0.06157449,0.04525888,0.42711356,-0.006507322
2480,0.46395853,0.033020694,0.066099584,0.049927015,0.39785895,-0.016906321
2481,0.53970224,0.11109589,0.1546157,0.11009502,0.38508654,0.0010008737
2482,0.59853464,0.09299857,0.118639305,0.080092385,0.47989535,0.012906186
2483,0.55115134,0.06269215,0.0982006,0.06686365,0.45295075,-0.004171498
2484,0.4426716,0.07804986,0.10158038,0.07738194,0.34109122,0.0006679222
2485,0.50521946,0.04743126,0.086175464,0.052662205,0.419044,-0.0052309446
2486,0.6836214,0.07286184,0.10378862,0.072717234,0.5798328,0.00014460832
2487,0.41505882,0.070832856,0.08465948,0.06344234,0.33039933,0.007390514
2488,0.5622463,0.09246397,0.14205353,0.08947247,0.42019278,0.0029914975
2489,0.34310648,0.051794987,0.08253087,0.05891336,0.2605756,-0.007118374
2490,0.42036116,0.07812955,0.06970657,0.048143335,0.3506546,0.029986218
2491,0.4676564,0.06227793,0.07758736,0.05261796,0.39006904,0.009659972
2492,0.4173716,0.06976394,0.115099795,0.06883235,0.3022718,0.0009315908
2493,0.39311025,0.022606133,0.054147437,0.03767066,0.3389628,-0.015064528
2494,0.54397714,0.13156635,0.18734345,0.12786226,0.3566337,0.003704086
2495,0.500868,0.10806469,0.11541023,0.0844883,0.38545778,0.023576386
2496,0.5445608,0.07345168,0.095140085,0.0597796,0.4494207,0.013672084
2497,0.4784789,0.07940538,0.10860797,0.07520451,0.36987093,0.0042008758
2498,0.5736082,0.11773631,0.090218484,0.06882357,0.48338974,0.04891274
2499,0.6770473,0.09156533,0.12752362,0.08652571,0.5495237,0.005039625
2500,0.3359257,0.041759264,0.064592145,0.04264368,0.27133355,-0.00088441744
2501,0.42477247,0.06948687,0.08660594,0.060905136,0.33816653,0.008581735
2502,0.61050737,0.13248469,0.15725249,0.11800066,0.45325488,0.014484033
2503,0.50795597,0.08385697,0.09981724,0.06369547,0.40813872,0.020161502
2504,0.36953485,0.038112108,0.060226087,0.044063546,0.30930877,-0.005951438
2505,0.38328588,0.06633343,0.09004158,0.064925306,0.2932443,0.0014081225
2506,0.4643966,0.06551554,0.10844031,0.0822744,0.3559563,-0.01675886
2507,0.67879725,0.14799315,0.18897916,0.15260872,0.4898181,-0.004615575
2508,0.46650723,0.08592241,0.09639741,0.07010947,0.37010983,0.01581294
2509,0.6301413,0.07146832,0.101312965,0.0656138,0.5288284,0.0058545247
2510,0.41096207,0.0936817,0.105874844,0.082849115,0.30508724,0.010832585
2511,0.5573185,0.078108296,0.109526284,0.081005536,0.44779223,-0.0028972402
2512,0.60995543,0.08858312,0.12449587,0.09415435,0.48545957,-0.0055712312
2513,0.49028078,0.082119755,0.11817458,0.078037284,0.3721062,0.004082471
2514,0.54656696,0.09944291,0.09482195,0.07295791,0.451745,0.026484996
2515,0.5519196,0.0768747,0.083144076,0.056920152,0.4687755,0.019954551
2516,0.4454505,0.0800094,0.0880704,0.06679953,0.35738012,0.013209872
2517,0.550533,0.06437932,0.07874031,0.056044232,0.4717927,0.008335087
2518,0.42460564,0.051393874,0.07717288,0.053923268,0.34743276,-0.0025293939
2519,0.5746243,0.06932947,0.107290775,0.06658167,0.46733353,0.002747804
2520,0.4850483,0.07225354,0.12268336,0.08006069,0.36236495,-0.0078071505
2521,0.5210222,0.06067151,0.09186145,0.06727028,0.42916074,-0.0065987706
2522,0.5098007,0.043025427,0.08449986,0.059948772,0.4253008,-0.016923346
2523,0.47292507,0.07478998,0.086244434,0.060614977,0.38668063,0.0141750015
2524,0.5963964,0.1249096,0.13854446,0.08089499,0.45785195,0.04401461
2525,0.6787766,0.10282305,0.11699594,0.08666491,0.5617807,0.016158141
2526,0.54698503,0.06594149,0.10412574,0.080463484,0.4428593,-0.014521994
2527,0.36610755,0.09998626,0.08322638,0.06543017,0.28288117,0.03455609
2528,0.4797379,0.063252114,0.10518652,0.069823034,0.3745514,-0.0065709203
2529,0.4283201,0.12113377,0.12588823,0.09289698,0.30243188,0.028236784
2530,0.44700316,0.061623935,0.06898274,0.049432974,0.3780204,0.01219096
2531,0.27724636,0.05281889,0.067445144,0.042824302,0.20980121,0.009994589
2532,0.4558635,0.067585655,0.09956793,0.06794297,0.3562956,-0.00035731494
2533,0.5815603,0.11530774,0.10791893,0.08111813,0.4736414,0.03418961
2534,0.4339127,0.08238748,0.105078526,0.072472036,0.32883418,0.009915441
2535,0.5107978,0.09134727,0.13480371,0.08710681,0.3759941,0.0042404607
2536,0.46967798,0.0562901,0.093601726,0.06468896,0.37607625,-0.008398857
2537,0.36459857,0.11494588,0.1069717,0.087604016,0.25762686,0.027341865
2538,0.54530364,0.07165601,0.1021132,0.072488576,0.44319046,-0.0008325651
2539,0.6015011,0.07008575,0.09952209,0.06968296,0.501979,0.00040278584
2540,0.5303266,0.045035165,0.08137888,0.058017198,0.44894773,-0.012982033
2541,0.25617504,0.031326048,0.04699198,0.036561895,0.20918307,-0.005235847
2542,0.5254494,0.048690353,0.08924337,0.059991546,0.43620604,-0.011301193
2543,0.608799,0.09628607,0.10213223,0.08340574,0.5066668,0.012880333
2544,0.6635093,0.07511846,0.120949976,0.089313105,0.5425593,-0.014194645
2545,0.3595355,0.06690704,0.07621925,0.05233758,0.28331622,0.014569461
2546,0.47448307,0.07623111,0.086356394,0.05839104,0.38812667,0.017840069
2547,0.5452481,0.103239805,0.11934342,0.09451806,0.42590466,0.0087217465
2548,0.5298703,0.09356357,0.08967051,0.057861056,0.44019976,0.035702515
2549,0.55384034,0.091398425,0.10369515,0.07594631,0.45014518,0.015452117
2550,0.5043227,0.048714727,0.07302833,0.051260456,0.43129438,-0.0025457293
2551,0.47026455,0.080119945,0.11672497,0.084391356,0.3535396,-0.0042714104
2552,0.5253853,0.053927995,0.09306205,0.058609992,0.43232328,-0.004681997
2553,0.41499674,0.061695646,0.07651017,0.057040352,0.33848658,0.004655294
2554,0.6035579,0.05899473,0.08933285,0.06547848,0.514225,-0.0064837523
2555,0.37915447,0.071846776,0.09015663,0.06772483,0.28899783,0.0041219443
2556,0.37575823,0.07288007,0.08517251,0.06719202,0.29058573,0.005688049
2557,0.48418266,0.038752943,0.07587271,0.04804821,0.40830994,-0.009295266
2558,0.53382045,0.081937306,0.1111723,0.08719492,0.42264813,-0.005257614
2559,0.60894597,0.11139383,0.14355674,0.1087718,0.46538922,0.0026220307
