feature_idx,seq_effect_obs,struct_effect_obs,seq_effect_shuffle,struct_effect_shuffle,seq_delta,struct_delta
0,0.09934901,-0.003949736,0.060546227,0.032838985,0.03880278,-0.03678872
1,0.012151908,0.028686369,0.021932472,0.015706314,-0.009780563,0.012980055
2,0.33178917,0.12572142,0.22527492,0.14983739,0.106514245,-0.024115965
3,0.6772086,0.1481638,0.23805675,0.1809522,0.43915185,-0.03278841
4,0.6807335,0.16435705,0.2548605,0.16223769,0.425873,0.0021193624
5,0.08547709,0.030578082,0.057896107,0.03486896,0.027580984,-0.004290877
6,0.6587456,0.19722125,0.21474493,0.15996008,0.44400066,0.037261173
7,0.747076,0.21559425,0.3171687,0.24153627,0.42990726,-0.025942028
8,0.69011605,0.25563893,0.37504035,0.26374185,0.3150757,-0.008102924
9,0.029167295,-0.011071809,0.051836543,0.03464929,-0.022669248,-0.0457211
10,0.18351004,0.0491433,0.10064697,0.058603197,0.08286306,-0.009459898
11,0.16989844,-0.008428165,0.08745021,0.04805221,0.08244823,-0.056480374
12,0.7886883,0.24577986,0.32006824,0.23739283,0.46862006,0.008387029
13,0.782748,0.10227507,0.18112607,0.12560384,0.6016219,-0.023328766
14,0.14035346,-0.012343116,0.034445066,0.026504908,0.105908394,-0.038848024
15,0.12942605,0.17531241,0.062494446,0.048480544,0.066931605,0.12683187
16,0.85717696,0.1547432,0.2877196,0.18833369,0.56945735,-0.033590496
17,0.7756254,0.24380311,0.3062601,0.22003819,0.4693653,0.023764923
18,0.94288784,0.29264545,0.30789682,0.23332268,0.63499105,0.059322774
19,0.1681173,0.058441214,0.04904643,0.03272769,0.11907087,0.025713526
20,0.1578733,0.058675386,0.10629977,0.071366765,0.05157353,-0.012691379
21,0.068750285,-0.01834924,0.061755486,0.03668277,0.006994799,-0.055032007
22,0.84105104,0.3156303,0.46585461,0.30644363,0.37519643,0.009186655
23,0.73471797,0.1640514,0.1644589,0.11519211,0.5702591,0.04885929
24,0.43863812,0.12944935,0.214125,0.14009699,0.22451311,-0.01064764
25,0.71406686,0.28610262,0.3584179,0.27482155,0.35564896,0.011281073
26,0.0038063743,0.011603598,0.035976134,0.02264338,-0.03216976,-0.011039782
27,0.18429999,0.07789388,0.08487701,0.06061462,0.099422984,0.017279264
28,0.3403794,0.148982,0.17578855,0.1423385,0.16459084,0.006643504
29,0.8864825,0.22910511,0.35504556,0.24155994,0.5314369,-0.012454823
30,0.16014187,0.05480342,0.064347446,0.037707135,0.095794424,0.017096285
31,0.19041203,0.0957344,0.05606171,0.038725972,0.13435031,0.05700843
32,0.525966,0.15889797,0.17897047,0.13395976,0.34699553,0.02493821
33,0.686476,0.27582175,0.37437204,0.25594968,0.31210396,0.01987207
34,0.9780929,0.26743355,0.4443605,0.28847945,0.5337324,-0.021045893
35,0.5859851,0.14667614,0.15898992,0.116456315,0.42699522,0.030219823
36,0.8419541,0.21730255,0.25305122,0.1854847,0.5889029,0.03181784
37,0.87396055,0.1993764,0.29758152,0.19850068,0.57637906,0.00087572634
38,0.44109803,0.16002624,0.19050013,0.14697045,0.2505979,0.0130557865
39,0.740325,0.17300609,0.2130035,0.1539286,0.52732146,0.019077495
40,0.09412262,0.031246928,0.07134397,0.048773065,0.022778645,-0.017526137
41,0.7120819,0.3230713,0.41995403,0.31445214,0.29212788,0.008619159
42,0.13128686,0.101415314,0.095818475,0.06803884,0.035468385,0.03337647
43,1.0620953,0.30566466,0.44942206,0.3176132,0.6126732,-0.011948556
44,0.77982575,0.3950299,0.49300742,0.35451713,0.28681833,0.04051277
45,0.06615252,0.032555066,0.023729775,0.017773328,0.042422745,0.014781738
46,0.7676929,0.310497,0.4863303,0.3269294,0.28136262,-0.016432405
47,0.66289145,0.13433,0.1976873,0.14643924,0.46520415,-0.012109235
48,0.8506268,0.2680123,0.3367025,0.25294778,0.51392436,0.015064508
49,0.6203038,0.1660213,0.19793077,0.12954575,0.42237306,0.036475554
50,0.08573951,0.078387804,0.0625214,0.051859226,0.02321811,0.026528578
51,0.842035,0.30242237,0.36697644,0.2602827,0.47505856,0.04213968
52,0.779104,0.16106944,0.25144166,0.1564882,0.52766234,0.004581243
53,0.93635166,0.20933144,0.27428925,0.18186094,0.6620624,0.0274705
54,0.37640548,0.1252199,0.20177032,0.13405257,0.17463516,-0.008832678
55,0.38143942,0.114289984,0.1468929,0.095916346,0.23454651,0.018373638
56,0.097192556,-0.003520069,0.054085813,0.032137945,0.043106742,-0.035658013
57,0.10057235,0.03001046,0.02288722,0.016750993,0.077685125,0.013259467
58,0.15838179,0.042053785,0.05706281,0.037500106,0.101318985,0.0045536794
59,0.4591915,0.15114464,0.23572752,0.15270516,0.22346398,-0.0015605241
60,0.70781046,0.2846287,0.31301776,0.23415074,0.3947927,0.05047795
61,0.0647507,0.07788184,0.027364848,0.025814705,0.03738585,0.05206714
62,0.715116,0.10687521,0.1854828,0.13523161,0.5296332,-0.028356403
63,0.0007853676,0.031188592,0.03530475,0.023346784,-0.03451938,0.007841809
64,0.75591886,0.22353101,0.3463916,0.22808887,0.40952727,-0.004557863
65,0.14082116,0.04382843,0.036443256,0.028009625,0.1043779,0.015818806
66,0.6998866,0.23740505,0.3088158,0.23069042,0.3910708,0.006714627
67,0.028969904,0.026673354,0.028874923,0.016288823,9.4981864e-05,0.010384532
68,0.7713321,0.21867532,0.28696752,0.20108561,0.48436457,0.017589703
69,0.3617861,0.08583368,0.11272419,0.08463087,0.24906191,0.0012028143
70,-0.016043643,0.11342983,0.013609187,0.0054413783,-0.02965283,0.107988454
71,0.96391475,0.24547696,0.3799095,0.25192338,0.58400524,-0.006446421
72,1.018472,0.33112317,0.39500505,0.27526265,0.6234669,0.05586052
73,-0.0046471125,0.042752367,0.0060160677,0.0052205045,-0.01066318,0.03753186
74,0.12029453,0.047372848,0.08464802,0.061150007,0.035646513,-0.013777159
75,0.09817609,0.047854174,0.07526855,0.05596926,0.02290754,-0.008115087
76,0.64940625,0.2335475,0.26910296,0.19420084,0.3803033,0.03934665
77,0.6781098,0.13791828,0.17026722,0.11573306,0.5078426,0.022185221
78,0.35312703,0.11991441,0.1395449,0.09344439,0.21358213,0.02647002
79,0.54549444,0.17070605,0.27781898,0.19032717,0.26767546,-0.019621119
80,1.03703,0.34421086,0.56026495,0.37414628,0.47676504,-0.02993542
81,0.01150829,0.068497375,0.054173306,0.036144115,-0.042665016,0.03235326
82,0.4249612,0.20634653,0.18376005,0.11691365,0.24120116,0.08943288
83,0.77946645,0.2486281,0.32357764,0.21824273,0.4558888,0.03038536
84,0.19662738,0.110952064,0.058033343,0.042896956,0.13859403,0.06805511
85,0.08840291,0.1698704,0.112201065,0.078053296,-0.023798153,0.09181711
86,0.64224154,0.21666919,0.3120665,0.21110561,0.33017504,0.005563572
87,0.7845446,0.29736456,0.4648436,0.31585994,0.319701,-0.01849538
88,0.30964822,0.21602032,0.11788014,0.08223464,0.19176808,0.13378567
89,0.29277313,0.0645063,0.09865509,0.06820198,0.19411804,-0.0036956817
90,0.01934756,0.04162623,0.030857027,0.018420987,-0.011509467,0.023205243
91,0.058450516,0.039005302,0.02968983,0.02596484,0.028760687,0.0130404625
92,0.039684016,0.15202811,0.05681368,0.044075534,-0.017129663,0.10795258
93,0.44228286,0.12313219,0.16554926,0.1229274,0.27673358,0.00020479411
94,0.30696326,0.16159463,0.18280268,0.14676484,0.12416059,0.014829785
95,0.43749234,0.19525725,0.18128859,0.1221574,0.25620377,0.073099844
96,0.1267706,0.002554099,0.049843825,0.032388225,0.076926775,-0.029834125
97,0.38835537,0.12605616,0.20800889,0.13250923,0.18034649,-0.006453067
98,0.96335584,0.19042976,0.312107,0.22231545,0.6512488,-0.031885684
99,0.46778563,0.16063955,0.27791682,0.17685413,0.18986881,-0.01621458
100,0.6836942,0.1917694,0.22578749,0.16636214,0.4579067,0.02540727
101,0.25878915,0.10718243,0.16405685,0.12613463,0.0947323,-0.018952206
102,0.5104584,0.25971532,0.3187849,0.2417287,0.19167352,0.017986625
103,0.16154382,0.11610011,0.09278045,0.052601285,0.06876337,0.063498825
104,0.049450632,0.032162435,0.027201854,0.015067494,0.022248778,0.017094942
105,0.716955,0.2307309,0.20231335,0.13577934,0.51464164,0.09495157
106,0.23992176,0.05542804,0.12133073,0.07296369,0.11859103,-0.017535653
107,0.5324207,0.09455724,0.16267866,0.10254609,0.36974204,-0.007988848
108,0.30665445,0.086173885,0.18054815,0.09981409,0.1261063,-0.013640203
109,0.018014705,-0.025727216,0.035749696,0.01809219,-0.017734991,-0.043819405
110,0.58812374,0.24288821,0.3193837,0.24102503,0.26874003,0.0018631816
111,0.8577532,0.38598397,0.5333749,0.3771362,0.3243783,0.008847773
112,0.055070944,0.03458864,0.051962644,0.03407225,0.0031083003,0.00051638857
113,0.75006276,0.2758439,0.35889,0.24047792,0.39117277,0.03536597
114,0.13187443,0.02585027,0.06758467,0.04420196,0.064289756,-0.018351689
115,0.9318299,0.44576198,0.6054247,0.4631937,0.32640523,-0.017431736
116,-0.013984924,0.009320256,0.025111534,0.015534908,-0.03909646,-0.0062146513
117,0.43221548,0.082845725,0.13678733,0.09362851,0.29542816,-0.010782786
118,0.4660174,0.19281301,0.25392085,0.18602005,0.21209654,0.0067929626
119,-0.042768568,0.111367665,0.0041672383,0.00014017044,-0.046935804,0.1112275
120,0.89465845,0.20059168,0.31610888,0.20233245,0.57854956,-0.0017407686
121,0.407152,0.19128564,0.24852489,0.16127057,0.15862711,0.030015066
122,0.008916817,0.039546702,0.032875426,0.02515787,-0.023958609,0.014388831
123,0.6158949,0.14796437,0.2279548,0.15481666,0.3879401,-0.006852284
124,0.95077735,0.30332872,0.46259522,0.33375117,0.48818213,-0.03042245
125,0.087890014,0.02548608,0.068400785,0.034265924,0.019489229,-0.008779844
126,0.06872775,0.016288564,0.03831424,0.027537635,0.030413508,-0.011249071
127,0.49861434,0.10319268,0.1372109,0.10182095,0.36140344,0.0013717264
128,0.848572,0.25134024,0.36005527,0.28064185,0.48851675,-0.029301614
129,0.14100137,0.039136555,0.0784565,0.05788165,0.062544875,-0.018745095
130,0.87523854,0.19693585,0.31929347,0.20962974,0.55594504,-0.012693897
131,0.8222738,0.3786595,0.5005961,0.37040257,0.32167768,0.008256912
132,0.06427078,0.05598548,0.057464883,0.039199527,0.0068058968,0.016785953
133,0.18525898,0.111145325,0.112176396,0.07794821,0.07308259,0.033197112
134,0.7100933,0.22457568,0.32112458,0.2373852,0.38896874,-0.012809515
135,0.890454,0.24878524,0.282065,0.20633845,0.608389,0.042446792
136,0.62022513,0.25612393,0.35012063,0.23912437,0.2701045,0.016999558
137,0.62645066,0.219762,0.31610125,0.22081953,0.3103494,-0.0010575354
138,0.9245379,0.23978129,0.3277354,0.23585448,0.5968025,0.0039268136
139,0.13169345,0.047438778,0.04184066,0.029034896,0.089852795,0.018403882
140,0.38316795,0.112108536,0.13504887,0.097605154,0.24811909,0.014503382
141,0.3650067,0.16121145,0.20667705,0.14231844,0.15832964,0.018893003
142,1.0977635,0.3216157,0.38371232,0.26451886,0.71405125,0.05709684
143,0.49583384,0.21659581,0.3050173,0.23072833,0.19081655,-0.014132515
144,0.05641241,0.06244562,0.042479783,0.032593034,0.013932627,0.029852584
145,0.19090205,0.04683995,0.09061565,0.057885982,0.1002864,-0.011046033
146,0.021433206,-0.054945067,0.012953832,0.0033823147,0.008479374,-0.05832738
147,0.727824,0.16283108,0.3460142,0.213304,0.38180977,-0.050472915
148,0.4909059,0.09376502,0.12462879,0.08973594,0.36627713,0.0040290803
149,0.2684135,0.129876,0.11771336,0.084387265,0.15070015,0.045488738
150,0.87105036,0.2655965,0.39085448,0.27253705,0.48019588,-0.0069405437
151,0.12985548,0.10335223,0.07414077,0.05089591,0.05571471,0.052456316
152,0.07189924,0.053705133,0.044965304,0.030117938,0.026933938,0.023587195
153,1.164392,0.42295444,0.58458024,0.42386013,0.57981175,-0.0009056926
154,0.12303183,0.057504818,0.054277282,0.03657251,0.068754554,0.02093231
155,0.69533175,0.2597398,0.31066838,0.23029509,0.38466337,0.029444695
156,0.57945436,0.28034568,0.35322753,0.27718708,0.22622684,0.0031585991
157,0.38985598,0.13215205,0.19630297,0.13234358,0.19355302,-0.00019152462
158,-0.04381809,0.10423539,0.0023099626,-0.0016082281,-0.046128053,0.10584362
159,0.16489275,0.05461685,0.048698597,0.037855398,0.11619415,0.016761452
160,0.13348524,0.0135666495,0.06203035,0.03315745,0.0714549,-0.019590799
161,0.766023,0.21804065,0.2707409,0.20222065,0.49528208,0.015819997
162,0.04129265,0.23545909,0.02080133,0.0143640665,0.020491319,0.22109503
163,0.1204975,0.03902153,0.11124876,0.07446715,0.009248741,-0.035445623
164,0.81832105,0.34002534,0.46330735,0.34077573,0.3550137,-0.0007503927
165,0.8701728,0.21770589,0.29318625,0.2024509,0.57698655,0.015254989
166,0.17212239,0.060240444,0.06663677,0.04792128,0.10548562,0.0123191625
167,0.3994252,0.22444919,0.30813447,0.18544209,0.09129074,0.039007097
168,0.041697465,0.015286787,0.03144431,0.023320155,0.010253154,-0.008033368
169,0.7709015,0.251079,0.3715987,0.2509211,0.3993028,0.0001578927
170,0.7702603,0.22450507,0.37090415,0.2449255,0.39935613,-0.020420432
171,0.10451519,0.032958876,0.062261764,0.039235834,0.042253423,-0.0062769577
172,1.052661,0.381383,0.62374824,0.37254775,0.4289127,0.008835256
173,0.0007602387,0.015183052,0.012429411,0.0125847105,-0.011669172,0.0025983416
174,0.98664254,0.3848064,0.53330034,0.38724193,0.4533422,-0.0024355352
175,0.60815877,0.07993356,0.1841469,0.12758249,0.4240119,-0.04764893
176,0.2762227,0.091939345,0.11271614,0.08723773,0.16350657,0.0047016144
177,0.855988,0.24065866,0.36568496,0.24502774,0.49030307,-0.00436908
178,0.7904656,0.31755188,0.35426876,0.24496315,0.43619683,0.07258873
179,0.83073443,0.2076004,0.25005776,0.19051939,0.5806767,0.017081007
180,0.969465,0.32868278,0.4238874,0.3018079,0.54557765,0.02687487
181,0.7302943,0.2430074,0.32373223,0.2210585,0.40656206,0.021948904
182,0.27544072,0.1508478,0.120085806,0.09293973,0.15535492,0.057908066
183,0.53767014,0.14904657,0.1977734,0.14599815,0.33989674,0.00304842
184,0.5343655,0.116513796,0.21948107,0.14556187,0.31488442,-0.029048078
185,0.25499752,0.11203799,0.11691013,0.074206926,0.13808739,0.03783106
186,0.32072052,0.12491846,0.1961412,0.14718391,0.124579325,-0.02226545
187,0.643382,0.23600695,0.29965794,0.22357343,0.34372407,0.012433514
188,0.88149214,0.2831685,0.39874217,0.29198596,0.48274997,-0.008817464
189,0.8768509,0.26115027,0.34101743,0.22142749,0.5358335,0.039722785
190,0.10565422,0.010931247,0.08273672,0.055539016,0.022917494,-0.04460777
191,0.03778952,0.040237397,0.033381216,0.022979746,0.0044083036,0.017257651
192,0.39794764,0.18338817,0.291145,0.22237426,0.10680264,-0.038986087
193,0.13041137,0.005765959,0.03244297,0.024237562,0.0979684,-0.018471602
194,0.9128221,0.16599584,0.25719622,0.17596148,0.65562594,-0.009965643
195,0.124093466,0.062321737,0.07736489,0.05133709,0.046728574,0.010984648
196,0.7581365,0.21045773,0.26433524,0.20194529,0.49380127,0.008512437
197,0.780238,0.25350347,0.3297649,0.21893074,0.45047307,0.034572735
198,0.87192047,0.2711928,0.38867748,0.28614667,0.483243,-0.0149538815
199,0.107247256,0.1399919,0.10776165,0.0722661,-0.00051439553,0.06772579
200,0.52164245,0.15047956,0.19399397,0.13539536,0.32764846,0.015084192
201,0.5771617,0.16304353,0.1980763,0.12621833,0.37908542,0.036825195
202,0.3180246,0.08860828,0.27398017,0.16717148,0.044044435,-0.0785632
203,0.8109033,0.33326393,0.49492168,0.33495355,0.31598163,-0.0016896129
204,0.8936122,0.35393733,0.5571278,0.35314977,0.33648443,0.0007875562
205,0.21227533,0.13102141,0.13527362,0.08201108,0.077001706,0.04901033
206,0.9818733,0.1950776,0.36707404,0.26131788,0.61479926,-0.06624028
207,0.8242062,0.31463915,0.4517998,0.3324152,0.37240636,-0.017776042
208,0.9101836,0.3575794,0.46626592,0.33459032,0.4439177,0.022989094
209,0.17783885,0.15414454,0.12490078,0.09525271,0.052938066,0.058891833
210,0.99087113,0.15750444,0.29691038,0.19691652,0.6939608,-0.03941208
211,0.43428954,0.08756337,0.15224826,0.098169796,0.28204128,-0.010606423
212,0.7966484,0.35942096,0.43379048,0.31373537,0.3628579,0.04568559
213,0.07807402,0.0569388,0.052012254,0.030533645,0.02606177,0.026405156
214,0.9368225,0.24943969,0.41858315,0.27752116,0.5182393,-0.028081477
215,0.67821807,0.1619697,0.2993905,0.1909457,0.37882757,-0.028975993
216,0.11319373,0.060276497,0.06665136,0.04246533,0.04654237,0.017811168
217,1.0183867,0.29293886,0.4078147,0.30076814,0.610572,-0.007829279
218,0.5755346,0.1972422,0.25774887,0.18639576,0.3177857,0.010846436
219,0.36240453,0.15763916,0.21395662,0.14102606,0.1484479,0.016613096
220,0.98893434,0.35665897,0.48654044,0.32995608,0.5023939,0.02670288
221,0.79537493,0.3047343,0.39503625,0.2859644,0.40033868,0.01876989
222,1.1004324,0.2782577,0.32373178,0.22704084,0.7767006,0.051216856
223,-0.03809494,0.058743346,0.031893045,0.024559377,-0.06998798,0.03418397
224,0.94258326,0.30989543,0.40312016,0.29977265,0.5394631,0.010122776
225,0.098933734,0.03473191,0.03858701,0.026530808,0.060346723,0.008201102
226,0.48626432,0.13764334,0.16918209,0.11121375,0.31708223,0.026429586
227,0.29741192,0.20005307,0.16058308,0.110918656,0.13682884,0.08913441
228,0.46517906,0.21479088,0.25653085,0.18344444,0.2086482,0.03134644
229,0.41382077,0.12383791,0.16361505,0.12035748,0.25020573,0.003480427
230,0.08945378,0.010534995,0.050193377,0.02819675,0.039260402,-0.017661754
231,0.83566797,0.15546243,0.18381336,0.13309477,0.65185463,0.022367656
232,0.7742469,0.22381596,0.316971,0.22946696,0.45727587,-0.005650997
233,0.9356916,0.2775297,0.3610981,0.24412182,0.5745935,0.033407867
234,0.2155435,0.075889,0.086563356,0.06955808,0.12898013,0.0063309222
235,0.18230678,0.06922512,0.078668185,0.058878615,0.1036386,0.010346502
236,0.040271416,0.011801398,0.016664753,0.013416669,0.023606664,-0.001615271
237,1.1024804,0.36884016,0.48603424,0.34680042,0.61644614,0.022039741
238,0.6714141,0.20258237,0.29521182,0.20975113,0.37620226,-0.007168755
239,0.034018543,0.014083743,0.038279638,0.01809163,-0.004261095,-0.004007887
240,0.2938797,0.13572963,0.15979631,0.11498322,0.13408338,0.020746402
241,0.32425278,0.12821491,0.15745361,0.11594966,0.16679917,0.01226525
242,0.98571056,0.27497122,0.34462684,0.22640829,0.6410837,0.04856293
243,0.15903181,0.13771899,0.08438961,0.06338148,0.0746422,0.07433751
244,0.16955444,0.04421659,0.082312256,0.063839436,0.087242186,-0.019622847
245,0.044879835,0.0012066885,0.047870845,0.029937679,-0.0029910095,-0.02873099
246,0.1192561,0.06187872,0.09054739,0.07147265,0.028708711,-0.009593934
247,0.51598316,0.23329635,0.18262978,0.13502374,0.3333534,0.09827261
248,0.08459699,0.031400297,0.10389595,0.054513194,-0.019298956,-0.023112897
249,0.20119898,0.16932324,0.051231895,0.040576626,0.14996709,0.12874661
250,0.59830093,0.19194677,0.23201448,0.16743931,0.36628646,0.024507463
251,0.75674963,0.16934203,0.3127316,0.2036301,0.44401804,-0.03428808
252,0.13716736,0.076864734,0.06467922,0.042443212,0.072488144,0.034421522
253,0.70435023,0.22441572,0.29330876,0.21561418,0.41104147,0.008801535
254,0.39746466,0.19300763,0.22895542,0.14840828,0.16850924,0.044599354
255,0.19739269,0.12984571,0.19866224,0.1394805,-0.0012695491,-0.009634793
256,0.0022018163,0.023049802,0.081171714,0.05148091,-0.078969896,-0.02843111
257,0.7203254,0.16377148,0.28030235,0.21053037,0.44002306,-0.04675889
258,-0.001940435,0.03393828,0.020524222,0.0168012,-0.022464657,0.01713708
259,0.8370088,0.27350843,0.36772975,0.26927456,0.46927902,0.004233867
260,0.79057205,0.25378773,0.30033255,0.21882465,0.4902395,0.03496307
261,1.2807432,0.3263457,0.43050262,0.29129598,0.8502406,0.035049736
262,0.08175015,0.02432147,0.025113512,0.017454145,0.056636635,0.006867325
263,0.7319809,0.22723423,0.29179502,0.20306891,0.4401859,0.024165317
264,0.8885815,0.22753155,0.41596806,0.2780775,0.47261345,-0.05054596
265,0.021258464,-0.039322406,0.017872935,0.011016564,0.003385529,-0.05033897
266,0.31067693,0.106453516,0.13564204,0.101929806,0.1750349,0.0045237094
267,0.35411823,0.21052635,0.24621159,0.15049626,0.10790664,0.060030088
268,0.7986715,0.46834064,0.5266152,0.36531436,0.27205628,0.10302627
269,0.8733296,0.17620368,0.28959268,0.20201425,0.5837369,-0.02581057
270,0.12754603,0.0063877464,0.104614906,0.069413655,0.022931121,-0.06302591
271,0.6367563,0.19236417,0.28736928,0.18684053,0.34938702,0.005523637
272,0.31739223,0.1793706,0.21949464,0.1499364,0.09789759,0.029434204
273,0.10479334,0.06464321,0.07615874,0.05466097,0.0286346,0.009982243
274,0.09520643,-0.0024555542,0.029739149,0.023811247,0.06546728,-0.026266802
275,0.5567484,0.22929697,0.32703513,0.23491669,0.22971326,-0.0056197196
276,0.6201638,0.17857046,0.24978535,0.16668463,0.37037843,0.011885837
277,0.22607255,0.12764902,0.1660603,0.11456738,0.06001225,0.013081647
278,0.025957532,0.11534098,0.05102195,0.036304586,-0.025064416,0.07903639
279,0.66333765,0.25268504,0.3730236,0.25274935,0.29031405,-6.431341e-05
280,0.9085655,0.23206064,0.31264412,0.21928383,0.5959214,0.012776807
281,0.6929976,0.22313571,0.32325584,0.22392105,0.36974174,-0.0007853359
282,0.4397543,0.17586899,0.272631,0.19176279,0.16712332,-0.015893802
283,0.84758836,0.1950234,0.3248415,0.22203478,0.52274686,-0.02701138
284,0.42974728,0.20249598,0.262159,0.19237307,0.1675883,0.01012291
285,0.84903985,0.36078686,0.48048493,0.39162052,0.36855492,-0.030833662
286,0.33477488,0.029506246,0.09647443,0.05263392,0.23830044,-0.023127673
287,0.7147675,0.309081,0.37527466,0.25849888,0.33949286,0.05058211
288,0.5019056,0.096448936,0.14405662,0.09860446,0.357849,-0.0021555275
289,0.68271893,0.31506017,0.3717081,0.26956066,0.31101084,0.045499504
290,0.715144,0.3055107,0.40417114,0.29107693,0.31097284,0.014433771
291,0.8210479,0.26355204,0.34244677,0.25867984,0.47860113,0.004872203
292,-0.043224767,0.11898445,0.013686565,0.00896169,-0.05691133,0.11002276
293,0.81243086,0.20197557,0.29960015,0.19471228,0.51283073,0.007263288
294,0.18053468,0.091399744,0.07405386,0.040049583,0.106480815,0.05135016
295,0.24792805,0.12827843,0.10505006,0.05245968,0.142878,0.075818755
296,0.2001546,0.105221026,0.13587643,0.093326785,0.06427817,0.011894241
297,0.60759723,0.22872294,0.34393,0.22703257,0.26366723,0.0016903728
298,1.1376412,0.30700433,0.58696973,0.35871276,0.55067146,-0.05170843
299,0.6376706,0.16817097,0.20010677,0.14115247,0.4375638,0.027018502
300,0.9477849,0.2659523,0.39908966,0.27023298,0.5486952,-0.0042806864
301,0.104743026,-0.0077884705,0.043652903,0.031075275,0.061090123,-0.038863745
302,0.62946457,0.21769188,0.28965813,0.19822416,0.33980644,0.019467726
303,0.107721,-0.006530998,0.05982508,0.035138655,0.04789592,-0.041669652
304,0.22102453,0.050097223,0.06564933,0.04415356,0.1553752,0.0059436634
305,0.08407445,0.13310727,0.05589654,0.039926853,0.028177913,0.09318042
306,0.2032614,0.14329058,0.062929414,0.034034774,0.14033198,0.109255806
307,0.030585116,-0.004133984,0.021212183,0.01878556,0.009372933,-0.022919545
308,0.77702606,0.15722124,0.2050056,0.14815712,0.5720205,0.009064123
309,0.057835646,-0.021417083,0.05906212,0.03537543,-0.0012264736,-0.056792513
310,0.94270575,0.39528528,0.48371896,0.34771487,0.4589868,0.047570407
311,0.027020983,-0.0127861425,0.020577092,0.015045979,0.0064438917,-0.02783212
312,0.02686689,0.13016838,0.011450735,0.0071859225,0.015416156,0.12298246
313,0.0482978,0.13223067,0.05276767,0.031433314,-0.0044698715,0.100797355
314,0.8395037,0.30215102,0.44335696,0.29201415,0.39614674,0.0101368725
315,0.07155663,0.041108076,0.048710197,0.038397986,0.02284643,0.002710089
316,0.82518035,0.20201576,0.2975473,0.20407084,0.5276331,-0.0020550787
317,0.61113566,0.1899324,0.23495162,0.1698155,0.37618405,0.02011691
318,0.830162,0.23367709,0.3526239,0.2586861,0.47753808,-0.025009006
319,0.78874254,0.2039517,0.26613095,0.1851264,0.5226116,0.018825307
320,0.93120253,0.49736822,0.5594393,0.4131929,0.37176323,0.08417532
321,0.0944266,0.0688335,0.035006646,0.020844964,0.059419956,0.047988534
322,0.7231011,0.18513936,0.2918871,0.1898061,0.43121397,-0.0046667457
323,1.0118128,0.43477896,0.5409939,0.38605386,0.47081888,0.0487251
324,0.14208215,0.08161327,0.055281535,0.044484194,0.08680062,0.037129078
325,0.21465053,0.066240594,0.087772205,0.05965861,0.12687832,0.0065819845
326,0.191834,-0.030522844,0.042389467,0.026475377,0.14944454,-0.056998223
327,0.14127839,-0.001964869,0.070688695,0.05233655,0.07058969,-0.05430142
328,0.4083114,0.1499132,0.21469942,0.13952209,0.19361198,0.010391116
329,-0.0055905445,-0.00332241,0.017678067,0.0126691125,-0.023268612,-0.015991522
330,0.024310822,-0.024673492,0.027893268,0.015961962,-0.003582446,-0.04063545
331,0.452077,0.16776301,0.2575278,0.17583494,0.1945492,-0.008071929
332,0.08038577,0.042812362,0.06609175,0.044793405,0.014294013,-0.0019810423
333,0.02087143,0.11926286,0.034266338,0.024637483,-0.013394907,0.094625376
334,0.24280362,0.071086586,0.0846651,0.062267963,0.15813851,0.008818623
335,0.0038840438,0.031549107,0.025899062,0.01976087,-0.022015018,0.011788238
336,-0.03468477,0.0047790227,0.018154107,0.011230545,-0.052838877,-0.0064515225
337,0.9322056,0.25713432,0.35571274,0.24576408,0.5764929,0.011370242
338,0.048166905,0.035574384,0.026100159,0.019222826,0.022066746,0.016351558
339,0.20453498,0.10296837,0.09285905,0.07830481,0.111675926,0.02466356
340,0.12817514,0.049915325,0.10525019,0.06899376,0.022924952,-0.019078437
341,0.63998055,0.3106956,0.3707219,0.2800725,0.26925865,0.030623078
342,0.17573303,0.046722166,0.04623177,0.033879798,0.12950125,0.012842368
343,0.6224049,0.14813827,0.24809577,0.17876427,0.37430912,-0.030625999
344,0.12581997,-0.024856606,0.038595553,0.024254391,0.08722441,-0.049110997
345,0.60813,0.14938998,0.2719282,0.17085652,0.3362018,-0.021466538
346,0.5375977,0.14692332,0.27857774,0.1759233,0.25901997,-0.028999984
347,1.2673697,0.46220174,0.64672303,0.41968587,0.6206467,0.042515874
348,0.04620305,0.15117265,0.043768864,0.030352969,0.0024341866,0.12081969
349,0.963613,0.20619848,0.35048538,0.23785478,0.6131276,-0.031656295
350,0.6208495,0.17506078,0.24206236,0.16005848,0.37878713,0.015002295
351,0.6687092,0.21236002,0.36859977,0.22768551,0.30010945,-0.015325487
352,0.48517233,0.16444503,0.26793444,0.16199042,0.21723789,0.0024546087
353,0.30532506,0.16405189,0.20355724,0.15016393,0.10176782,0.013887957
354,0.9955049,0.43308794,0.54546434,0.4166159,0.45004058,0.016472042
355,0.9557043,0.2831196,0.38479692,0.26448634,0.57090735,0.018633246
356,0.84880817,0.28855854,0.3539821,0.24218267,0.49482608,0.04637587
357,0.6819413,0.1499682,0.16620703,0.12124135,0.51573426,0.028726853
358,0.48951697,0.22552663,0.29106984,0.1997453,0.19844714,0.025781333
359,-0.0034416479,0.06321906,0.07742904,0.04765255,-0.08087069,0.015566513
360,0.7352208,0.29506698,0.41709414,0.30385926,0.31812665,-0.008792281
361,0.4381621,0.16863608,0.16723256,0.12575255,0.27092952,0.04288353
362,0.20279457,-0.014971763,0.062322278,0.03791398,0.1404723,-0.052885745
363,0.88092226,0.23999281,0.43268493,0.30088645,0.44823733,-0.06089364
364,0.42456883,0.14745371,0.20015953,0.1477623,0.2244093,-0.00030858815
365,-0.007443576,-0.033368345,0.0117848925,0.009542679,-0.01922847,-0.042911023
366,0.17283213,0.10644685,0.11403305,0.07274453,0.05879908,0.033702314
367,0.80285,0.19730131,0.20644659,0.15371852,0.5964034,0.043582797
368,0.5959567,0.12757051,0.12640028,0.09946786,0.4695564,0.028102651
369,0.02596183,0.11573521,0.014998312,0.011320648,0.010963517,0.10441456
370,0.565736,0.26409546,0.29885232,0.21934338,0.26688367,0.044752076
371,0.50534743,0.2157067,0.30160597,0.2089262,0.20374146,0.006780505
372,0.29976058,0.17269821,0.16423994,0.10990229,0.13552064,0.06279592
373,0.25681955,0.19561507,0.17733692,0.13429043,0.07948263,0.06132464
374,0.75335115,0.13224088,0.16727895,0.123250626,0.5860722,0.0089902505
375,0.7114981,0.23504871,0.28025368,0.20107704,0.4312444,0.033971667
376,0.7592918,0.19988781,0.30812258,0.21652949,0.45116925,-0.016641676
377,0.2665937,-0.0015640908,0.052044634,0.034092806,0.21454906,-0.035656895
378,0.94167763,0.2726802,0.45339638,0.33022654,0.48828125,-0.057546347
379,0.07422372,0.10327234,0.12975484,0.08769169,-0.05553112,0.015580654
380,0.80006295,0.27536982,0.34069765,0.23353618,0.4593653,0.04183364
381,0.089145996,0.03398282,0.026724884,0.019864626,0.062421113,0.014118195
382,0.19453174,0.10055543,0.11134595,0.085271835,0.08318579,0.015283592
383,0.16099128,0.118021615,0.10476433,0.06619403,0.056226954,0.051827587
384,1.0664461,0.30524382,0.3833194,0.28698373,0.6831267,0.018260092
385,0.22326101,-0.026187671,0.07275502,0.04164094,0.15050599,-0.06782861
386,1.0542192,0.23774187,0.3757307,0.2533428,0.67848855,-0.015600935
387,0.085058026,0.04267305,0.012406373,0.010133518,0.072651654,0.03253953
388,0.21678492,0.0437527,0.04266642,0.03155651,0.1741185,0.012196191
389,0.6689827,0.21286291,0.2759841,0.20355293,0.39299858,0.009309977
390,0.0890402,0.13127512,0.061404336,0.043329805,0.027635861,0.08794531
391,0.19026983,0.07976832,0.08653488,0.056243494,0.10373495,0.023524828
392,0.530751,0.15274812,0.21281594,0.14994043,0.31793505,0.0028076917
393,0.8972529,0.34142947,0.39575616,0.26712242,0.5014968,0.074307054
394,0.17564647,0.07151721,0.10045335,0.06481728,0.07519312,0.006699927
395,0.7252571,0.2944808,0.36720246,0.25396058,0.35805464,0.04052022
396,0.20216732,0.11849924,0.08766702,0.05920343,0.1145003,0.05929581
397,0.11674049,0.049785055,0.08910938,0.073442526,0.027631104,-0.023657471
398,0.19701706,-0.004792952,0.030314911,0.023942247,0.16670215,-0.028735198
399,0.8021452,0.3716494,0.5297999,0.3535204,0.2723453,0.01812902
400,0.047456358,0.06528374,0.06861712,0.05106979,-0.021160763,0.014213949
401,0.0669182,0.063357286,0.03133567,0.02514387,0.03558253,0.038213417
402,0.5256495,0.13990483,0.2078407,0.13303494,0.3178088,0.0068698823
403,0.23850241,0.019248536,0.06413057,0.050703358,0.17437184,-0.031454824
404,0.9740194,0.31034294,0.49018407,0.31922838,0.48383534,-0.008885443
405,0.7969302,0.35272887,0.4011829,0.298185,0.3957473,0.054543883
406,0.6187917,0.24943338,0.34675872,0.2604354,0.27203298,-0.011002019
407,0.06129326,0.038739093,0.034576897,0.028650848,0.026716363,0.010088244
408,0.1730745,0.06792818,0.061654348,0.0485673,0.111420155,0.019360881
409,0.84035325,0.20165296,0.2750871,0.2089797,0.56526613,-0.007326737
410,0.042812116,0.04879145,0.023969147,0.021653812,0.01884297,0.027137637
411,0.66896594,0.24236012,0.29999757,0.20102003,0.36896837,0.041340083
412,0.19534956,0.06751296,0.09880239,0.060209583,0.09654717,0.0073033758
413,0.24036117,0.10948947,0.16278024,0.1045041,0.07758093,0.0049853697
414,0.9973179,0.30671823,0.3992117,0.29820567,0.5981062,0.008512557
415,0.18296847,0.067696504,0.054177962,0.041623116,0.1287905,0.026073389
416,0.097345725,0.057424754,0.05340987,0.042644624,0.043935854,0.01478013
417,0.033249088,-0.020795882,0.01533493,0.0046437015,0.017914157,-0.025439583
418,0.98945683,0.39632866,0.5417575,0.36441842,0.4476993,0.03191024
419,0.21213512,0.028992785,0.09844408,0.061471492,0.11369104,-0.032478705
420,0.35651484,0.2149874,0.19137171,0.11824791,0.16514313,0.096739486
421,0.51411235,0.28874224,0.32006064,0.22179598,0.19405171,0.06694627
422,0.09362543,0.04859254,0.05433364,0.03530257,0.039291788,0.013289973
423,0.2484023,0.12649335,0.14025387,0.10931878,0.108148426,0.017174572
424,0.7265278,0.18895131,0.34153777,0.22193901,0.38499004,-0.0329877
425,0.38753802,0.17546861,0.22486626,0.16840403,0.16267176,0.007064581
426,0.20994373,0.06955159,0.11445858,0.07751733,0.09548514,-0.007965744
427,0.75560063,0.31159517,0.3843081,0.2553273,0.37129253,0.056267858
428,0.05836311,0.057347603,0.059819873,0.047158804,-0.0014567636,0.010188799
429,0.65033036,0.13809739,0.16861036,0.11288854,0.48172,0.025208853
430,0.3672571,0.21809083,0.15603912,0.114873886,0.21121797,0.103216946
431,0.093155906,0.109291315,0.06887307,0.043807443,0.024282835,0.06548387
432,0.08854662,0.14401694,0.078158334,0.0602026,0.010388285,0.08381434
433,0.52658933,0.19276552,0.2444951,0.1743375,0.28209424,0.018428013
434,0.48187208,0.13904975,0.18001768,0.14026637,0.3018544,-0.0012166202
435,-0.03479525,0.19339482,0.010033543,0.0051428997,-0.044828795,0.18825193
436,0.76510966,0.22098032,0.23692997,0.1768376,0.5281797,0.044142723
437,0.08279499,0.010928618,0.02973039,0.020712562,0.053064596,-0.009783944
438,0.8160305,0.33275023,0.4502187,0.3484877,0.3658118,-0.015737474
439,0.15123396,0.09567819,0.084398374,0.072562195,0.06683558,0.023115993
440,0.48070195,0.15646891,0.18067972,0.12848364,0.30002224,0.027985275
441,0.79010254,0.19418013,0.25550854,0.17997706,0.534594,0.014203072
442,0.6880627,0.3017075,0.41867316,0.28618404,0.26938957,0.0155234635
443,0.091211505,0.023269497,0.019179273,0.014171,0.07203223,0.009098497
444,1.0801405,0.38693646,0.5821715,0.3778025,0.49796897,0.009133965
445,1.0143999,0.31544778,0.41638154,0.2921992,0.59801835,0.023248583
446,0.6278106,0.26889974,0.3523359,0.2656713,0.2754747,0.003228426
447,0.11454228,0.042825677,0.05994933,0.041663595,0.054592952,0.001162082
448,0.1262888,0.023774544,0.064642236,0.04189818,0.061646566,-0.018123636
449,0.6041522,0.23662522,0.28845668,0.20922212,0.31569552,0.027403101
450,0.22760466,0.14780746,0.11980789,0.094370335,0.107796766,0.05343713
451,0.9390383,0.28210074,0.36147797,0.28617,0.5775603,-0.0040692687
452,0.4578299,0.14799905,0.18171358,0.12903705,0.2761163,0.018961996
453,0.78739345,0.30968505,0.42927855,0.30994314,0.3581149,-0.0002580881
454,0.77226424,0.18718956,0.28478125,0.19632845,0.487483,-0.009138882
455,0.8022233,0.33320555,0.39799666,0.29477745,0.40422666,0.038428098
456,0.15624306,0.07245478,0.11183632,0.076545835,0.044406734,-0.004091054
457,0.48029777,0.20509529,0.23589848,0.1649223,0.2443993,0.040172994
458,-0.054415047,0.05917852,0.0146622015,0.01515403,-0.069077246,0.04402449
459,0.5030854,0.21997437,0.26883572,0.17341636,0.23424965,0.046558008
460,0.5068057,0.21045625,0.24582024,0.17259353,0.2609855,0.037862718
461,0.4337354,0.17163399,0.2125635,0.15577601,0.2211719,0.01585798
462,0.8119349,0.20609437,0.27042705,0.19457774,0.54150784,0.011516631
463,0.089515135,0.032614887,0.04319271,0.0332279,0.046322424,-0.0006130114
464,0.7936047,0.33391568,0.39874128,0.29657865,0.3948634,0.037337035
465,0.48405704,0.16165912,0.258515,0.17346892,0.22554204,-0.011809796
466,0.37452453,0.09727372,0.12956499,0.080773875,0.24495955,0.016499847
467,0.048838817,0.14873925,0.03700408,0.025975944,0.011834737,0.122763306
468,0.7054036,0.15981287,0.2630777,0.1751882,0.44232592,-0.015375331
469,1.0752311,0.35378954,0.50362337,0.34848514,0.5716077,0.005304396
470,0.9139409,0.2871117,0.39561105,0.29050887,0.51832986,-0.0033971667
471,0.0790595,0.20211966,0.027232954,0.014759774,0.051826544,0.18735988
472,0.9368966,0.32978794,0.4468291,0.31139144,0.4900675,0.018396497
473,0.16295293,0.06869061,0.07850707,0.05826938,0.08444586,0.010421231
474,0.084354125,0.045694094,0.07799225,0.049915504,0.006361872,-0.0042214096
475,0.23679645,0.076639585,0.097001985,0.07615958,0.13979447,0.00048000365
476,0.39527938,0.121841766,0.15049519,0.11233475,0.24478419,0.009507015
477,0.60246736,0.18531205,0.26890954,0.1636672,0.3335578,0.021644846
478,0.076896064,0.06084234,0.04980085,0.040561713,0.027095214,0.020280626
479,0.5144973,0.11992249,0.1912751,0.122411855,0.32322216,-0.0024893656
480,0.7471759,0.19647253,0.318879,0.2189262,0.42829686,-0.02245368
481,0.82320195,0.27153584,0.3503335,0.24519546,0.47286844,0.02634038
482,0.29471865,0.0805532,0.1580214,0.08579526,0.13669725,-0.0052420646
483,0.6942384,0.27692002,0.27095962,0.19670859,0.4232788,0.08021143
484,0.9072425,0.3127704,0.41473526,0.3040458,0.49250722,0.0087246
485,1.0138162,0.22163324,0.3375037,0.24519832,0.67631257,-0.023565084
486,0.13009094,0.046630982,0.043708593,0.031802937,0.086382344,0.014828045
487,0.4264103,0.2010382,0.20429257,0.15113333,0.22211772,0.049904868
488,0.73632383,0.24598405,0.3324456,0.21220654,0.40387824,0.033777505
489,0.20555079,0.09583411,0.12952022,0.085469134,0.07603057,0.0103649795
490,0.025014332,-0.01857822,0.052978836,0.02614532,-0.027964504,-0.04472354
491,0.851852,0.18329854,0.29436874,0.19043882,0.55748326,-0.007140279
492,0.8897353,0.30481982,0.41578472,0.2955426,0.47395056,0.009277225
493,0.16268279,0.06803082,0.07592187,0.052417073,0.086760916,0.015613746
494,0.739514,0.29224724,0.4404065,0.29914638,0.2991075,-0.006899148
495,0.85563403,0.252498,0.2871381,0.20982479,0.5684959,0.042673215
496,-0.016182378,0.1166297,0.013756541,0.005206768,-0.029938918,0.111422926
497,0.14773816,0.079293735,0.0838249,0.05961196,0.063913256,0.019681774
498,0.10295891,0.055513103,0.06000898,0.042183194,0.04294993,0.013329908
499,0.048375353,0.1601906,0.07204756,0.043328844,-0.023672208,0.11686175
500,0.09907551,-0.011644042,0.045710918,0.029508267,0.053364594,-0.04115231
501,0.9847507,0.3071301,0.38401332,0.27683792,0.60073733,0.030292183
502,0.90191585,0.4021494,0.57371736,0.37011564,0.3281985,0.03203377
503,0.087493494,0.062354602,0.056697644,0.045984484,0.03079585,0.016370118
504,0.60299444,0.27754685,0.35742763,0.24639545,0.24556682,0.031151399
505,0.21615176,0.019177474,0.07744599,0.046194717,0.13870576,-0.027017243
506,0.2461828,0.0902725,0.098124735,0.06616623,0.14805806,0.024106272
507,0.40008518,0.1298738,0.2126903,0.16360843,0.18739489,-0.033734635
508,0.24626404,0.09090778,0.10574706,0.07838878,0.14051698,0.012519002
509,0.17877541,0.0790848,0.12157853,0.08781279,0.057196885,-0.00872799
510,1.0924294,0.21115714,0.24625997,0.17948142,0.8461694,0.031675726
511,0.4272126,0.3027688,0.36217308,0.2727023,0.065039515,0.03006649
512,0.057368275,0.031933516,0.030435378,0.020171234,0.026932897,0.011762282
513,0.026402988,0.04036519,0.028048303,0.022785181,-0.0016453154,0.017580008
514,0.06274797,0.2580273,0.023948118,0.021391857,0.038799852,0.23663543
515,0.44281694,0.09243111,0.19161907,0.1273096,0.25119787,-0.034878492
516,0.79138577,0.21838231,0.2549378,0.18271965,0.536448,0.035662666
517,0.03243964,-0.016759196,0.02264012,0.01310446,0.009799521,-0.029863656
518,0.13688509,0.03428562,0.069415405,0.04916819,0.067469686,-0.014882572
519,1.0615208,0.522524,0.6708673,0.50803643,0.3906535,0.014487565
520,0.10157385,0.057873983,0.074200846,0.045845512,0.027373001,0.012028471
521,0.6593874,0.2232742,0.2950709,0.19441073,0.36431652,0.028863475
522,0.8236997,0.27852574,0.4703674,0.30363774,0.3533323,-0.025112003
523,0.73395854,0.20702556,0.3151226,0.20987986,0.41883594,-0.0028543025
524,0.9832855,0.3525735,0.47162116,0.3207621,0.51166433,0.031811416
525,0.050048724,0.0031602948,0.024096364,0.015367614,0.02595236,-0.012207319
526,0.16888644,0.05046871,0.08690568,0.05901396,0.08198076,-0.00854525
527,0.66487896,0.2669847,0.327787,0.23253174,0.33709195,0.03445296
528,0.84780484,0.329741,0.45349205,0.31950465,0.3943128,0.010236353
529,0.49453056,0.19435517,0.25337824,0.18331929,0.24115232,0.011035889
530,0.6542408,0.18866764,0.2665571,0.19243369,0.3876837,-0.003766045
531,0.8117063,0.27354148,0.4438903,0.29450884,0.367816,-0.020967364
532,0.76330036,0.22474834,0.3255866,0.23686416,0.43771377,-0.012115821
533,0.76515734,0.19389287,0.28967366,0.1863969,0.4754837,0.0074959695
534,0.46338892,0.2788438,0.29291236,0.22696523,0.17047656,0.051878557
535,0.71050024,0.11832734,0.17722404,0.11875871,0.5332762,-0.00043136626
536,0.93443,0.19870058,0.29182556,0.20554146,0.6426045,-0.0068408847
537,0.7790474,0.24107939,0.3414016,0.21462591,0.43764582,0.02645348
538,0.023378743,0.12620412,0.038910065,0.02911073,-0.015531322,0.09709339
539,0.19542839,0.07116793,0.15572864,0.09262907,0.03969975,-0.021461137
540,0.025087582,-0.006745507,0.023568597,0.012223909,0.0015189853,-0.018969417
541,0.9375111,0.42395514,0.4052809,0.28346208,0.5322302,0.14049307
542,0.17894125,0.03829064,0.04841422,0.033823237,0.13052703,0.0044674017
543,0.6200504,0.21363957,0.26173756,0.18272167,0.35831282,0.030917898
544,0.7547881,0.15311375,0.2255698,0.16575743,0.5292183,-0.01264368
545,0.8591976,0.3501242,0.4539883,0.312461,0.4052093,0.03766322
546,0.8332482,0.27958086,0.42077202,0.26830137,0.41247618,0.011279494
547,0.6094537,0.17917375,0.2655086,0.18959898,0.3439451,-0.010425225
548,-0.0019841637,0.042353068,0.029454768,0.024638176,-0.03143893,0.017714892
549,0.016290698,0.06082331,0.029799351,0.018255595,-0.013508653,0.042567715
550,0.40573525,0.1987986,0.2643054,0.19828893,0.14142984,0.0005096644
551,0.09337443,0.06941394,0.075504154,0.05347723,0.017870277,0.015936706
552,0.0928186,0.0011402924,0.07122658,0.044367433,0.021592021,-0.04322714
553,0.7181641,0.23164822,0.32730445,0.22216414,0.39085963,0.009484082
554,0.7479183,0.2678149,0.4396883,0.29139283,0.30823,-0.023577929
555,0.28061873,0.032799058,0.064700015,0.043955043,0.21591872,-0.011155985
556,0.23508382,0.015330818,0.046875745,0.03850163,0.18820807,-0.023170814
557,0.097376704,0.0052057113,0.042282432,0.028663978,0.055094272,-0.023458267
558,0.7525048,0.19112416,0.26975584,0.18122694,0.482749,0.009897217
559,0.8031226,0.26116744,0.40453315,0.28994602,0.39858943,-0.028778583
560,1.0825783,0.43852746,0.60196185,0.43680573,0.48061645,0.0017217398
561,1.0423572,0.34609947,0.53963906,0.34363422,0.50271815,0.002465248
562,0.029180046,0.10329565,0.048158363,0.030293556,-0.018978316,0.07300209
563,-0.014883351,0.101720355,0.035326496,0.023732021,-0.050209846,0.077988334
564,0.31342262,0.11423194,0.121578105,0.08434817,0.19184452,0.029883765
565,0.8261444,0.32603565,0.440161,0.28301412,0.3859834,0.04302153
566,0.83059675,0.27530676,0.36283505,0.26077324,0.4677617,0.01453352
567,0.66518384,0.1915283,0.24128334,0.17001863,0.42390049,0.021509677
568,0.5067765,0.20588952,0.25816867,0.1866432,0.24860784,0.019246325
569,0.6736547,0.18553859,0.21917802,0.1515272,0.45447665,0.034011394
570,0.052277897,0.069958866,0.019102521,0.014165637,0.033175375,0.05579323
571,0.009285841,0.023393039,0.022691293,0.020501878,-0.013405452,0.0028911605
572,0.4074205,0.11702181,0.1655793,0.10832827,0.24184118,0.008693539
573,0.7244933,0.194959,0.23710443,0.18476683,0.4873889,0.010192171
574,0.6517902,0.21547036,0.25528938,0.1936264,0.39650083,0.021843955
575,0.040811133,0.032197516,0.030042715,0.019662004,0.010768417,0.012535512
576,0.7137556,0.24378897,0.3351985,0.22818503,0.37855712,0.015603945
577,0.38038853,0.17376238,0.15742874,0.11469856,0.22295979,0.059063822
578,0.66592246,0.15879302,0.2214625,0.14465816,0.44445997,0.014134854
579,0.14509657,0.053067647,0.055393446,0.042701766,0.08970313,0.010365881
580,0.1317637,0.02014859,0.10428162,0.0710994,0.027482077,-0.05095081
581,0.11304458,0.05711766,0.04814778,0.03764154,0.06489681,0.01947612
582,0.44407877,0.10875729,0.15645258,0.1123476,0.2876262,-0.0035903156
583,0.37856692,0.10766658,0.12471244,0.091368735,0.25385448,0.016297847
584,0.54622805,0.18318987,0.22206292,0.1607975,0.32416514,0.022392362
585,0.79169315,0.03345106,0.095665224,0.06504475,0.69602793,-0.03159369
586,0.5006805,0.20520222,0.25409272,0.16404621,0.24658778,0.04115601
587,0.9176674,0.3324239,0.4074875,0.2978396,0.5101799,0.034584284
588,0.13872136,0.10856487,0.04470314,0.026157448,0.09401822,0.08240742
589,0.094938464,0.10299412,0.0879578,0.0622763,0.006980665,0.04071782
590,0.085651025,0.05416295,0.043794002,0.03254775,0.041857023,0.0216152
591,1.0752047,0.27875575,0.39980477,0.25541797,0.67539996,0.023337781
592,0.6839755,0.2714757,0.32528168,0.23144202,0.35869384,0.040033683
593,0.2709667,0.06714959,0.10030233,0.07360554,0.17066437,-0.0064559504
594,0.12754677,0.101057954,0.062275458,0.04363964,0.06527132,0.057418313
595,0.60362816,0.319151,0.39174542,0.29661956,0.21188274,0.02253145
596,0.7805474,0.22254679,0.24873003,0.18701923,0.5318173,0.035527557
597,0.17405446,0.1400314,0.12054879,0.07400286,0.053505667,0.066028535
598,0.89362,0.35401273,0.484474,0.33797336,0.409146,0.016039371
599,0.9556518,0.40827814,0.5528886,0.3921189,0.40276325,0.016159236
600,0.6114027,0.16029032,0.22354977,0.14367862,0.3878529,0.016611695
601,0.2736006,0.1560967,0.14297159,0.07974779,0.13062902,0.07634891
602,0.55244476,0.2303638,0.30881748,0.20607308,0.24362728,0.024290726
603,0.6202917,0.19089575,0.27665326,0.20945363,0.34363845,-0.018557876
604,0.3721108,0.15338671,0.2153315,0.15231314,0.15677932,0.0010735691
605,0.018183444,0.111500226,0.023216398,0.017126454,-0.0050329547,0.09437377
606,0.9382999,0.3155286,0.41357213,0.28920427,0.52472776,0.026324332
607,0.46007946,0.1937648,0.274329,0.20194055,0.18575045,-0.008175746
608,0.12197542,0.03382517,0.06931519,0.051351424,0.052660234,-0.017526254
609,0.1112181,0.13752678,0.07348787,0.05836158,0.037730232,0.079165205
610,0.7474148,0.2803046,0.3685897,0.26053593,0.37882513,0.019768685
611,0.92144287,0.3632522,0.42279273,0.31819293,0.49865013,0.045059264
612,0.054084916,0.15330309,0.035356,0.027775818,0.018728916,0.12552726
613,0.7778556,0.20746276,0.3169744,0.18688598,0.46088117,0.020576775
614,0.15831222,0.019529046,0.07412801,0.042602655,0.08418421,-0.023073608
615,0.5701093,0.20151451,0.28539538,0.19334884,0.28471392,0.008165672
616,0.2502248,0.11509699,0.13905372,0.105039835,0.11117108,0.010057151
617,0.0762788,0.08080216,0.040615026,0.027967947,0.035663772,0.052834213
618,0.18402079,0.083610706,0.11571011,0.08602329,0.06831068,-0.0024125874
619,0.13359976,0.07229726,0.078639895,0.060468603,0.054959863,0.011828657
620,0.6847871,0.22843519,0.32946762,0.2268264,0.35531947,0.001608789
621,0.12341167,0.021605607,0.023688318,0.015276093,0.099723354,0.006329514
622,0.83938617,0.19984876,0.24577168,0.18439251,0.59361446,0.015456244
623,0.5668959,0.2463274,0.34484628,0.232482,0.22204962,0.013845399
624,0.046746694,0.03054761,0.057914127,0.033271663,-0.011167433,-0.0027240533
625,0.5623603,0.1572426,0.203869,0.15688978,0.3584913,0.0003528148
626,0.17345476,0.052806452,0.052397456,0.0415244,0.1210573,0.011282053
627,0.6997821,0.24350083,0.35843742,0.23795402,0.34134465,0.0055468082
628,0.055063613,0.060160607,0.11713001,0.093001306,-0.0620664,-0.0328407
629,0.1569577,0.09356638,0.076985024,0.051446415,0.07997268,0.042119965
630,0.1978318,0.07595318,0.12255543,0.08243466,0.07527637,-0.0064814836
631,0.93835276,0.49465495,0.57686734,0.42896235,0.36148542,0.0656926
632,0.19298922,0.07797259,0.08613676,0.06487442,0.10685246,0.013098173
633,-0.019246709,0.12192731,0.039345182,0.025160456,-0.05859189,0.09676686
634,0.2601207,0.13283674,0.16793163,0.115328304,0.09218906,0.01750844
635,0.72992283,0.20164737,0.33199814,0.20799953,0.3979247,-0.0063521564
636,0.29650292,0.12703826,0.12182148,0.09243508,0.17468144,0.03460318
637,0.53649,0.15735772,0.20417154,0.15329647,0.33231848,0.004061252
638,0.13325039,0.07084994,0.038210254,0.029000172,0.09504013,0.04184977
639,0.63873386,0.17732169,0.19416858,0.13870694,0.4445653,0.03861475
640,0.07161037,0.015756702,0.04772581,0.030983305,0.023884557,-0.015226603
641,0.009039029,0.0312208,0.025180597,0.017276168,-0.016141567,0.013944631
642,0.70125824,0.35640687,0.46600223,0.35477924,0.23525602,0.001627624
643,0.13173741,0.07446386,0.09336937,0.05951651,0.03836804,0.014947347
644,0.065249726,0.022063373,0.06009048,0.043460183,0.0051592477,-0.02139681
645,0.6258949,0.2065188,0.28329116,0.20587608,0.34260374,0.0006427169
646,0.13934195,0.06016895,0.088669516,0.068262294,0.050672434,-0.008093342
647,0.4415761,0.08359402,0.1607894,0.11246273,0.2807867,-0.028868712
648,-0.06342332,0.040092275,0.014344706,0.015233278,-0.07776803,0.024858996
649,0.5315483,0.14525104,0.2765653,0.1813099,0.254983,-0.036058858
650,0.6629648,0.2359046,0.3337131,0.22887878,0.3292517,0.007025823
651,0.34306413,0.088093705,0.14395642,0.08422626,0.1991077,0.0038674474
652,0.9111565,0.2759707,0.3816869,0.25342926,0.5294696,0.022541434
653,0.81260234,0.40199253,0.53084856,0.3386742,0.28175378,0.06331834
654,0.16645335,0.14382714,0.088589996,0.056888457,0.07786335,0.08693868
655,0.0025852204,0.033647448,0.02757521,0.021917265,-0.024989989,0.011730183
656,0.6564305,0.31166008,0.41915593,0.29879513,0.23727456,0.012864947
657,0.8455452,0.26131603,0.3431136,0.2542689,0.5024316,0.0070471168
658,0.64109886,0.34283295,0.3741384,0.30709416,0.26696044,0.035738796
659,0.45273325,0.09981059,0.14579067,0.104626834,0.30694258,-0.0048162416
660,0.20218365,0.05554346,0.098302335,0.06214189,0.103881314,-0.0065984316
661,0.02229185,-0.011077285,0.009368051,0.0069332463,0.012923799,-0.01801053
662,0.17654297,0.0948175,0.11026519,0.08569806,0.06627778,0.009119436
663,0.047452796,-0.021485742,0.035858404,0.019079663,0.011594392,-0.040565405
664,0.55688876,0.27969345,0.28104162,0.21472712,0.27584714,0.064966336
665,0.21246335,0.14227147,0.13995418,0.0939935,0.07250917,0.048277974
666,-0.015755422,-0.0076310067,0.04537129,0.030023785,-0.061126713,-0.03765479
667,0.028765261,-0.009750818,0.043167118,0.02614483,-0.014401857,-0.03589565
668,0.18231724,0.03872665,0.043979537,0.028890405,0.1383377,0.009836245
669,0.10199367,0.03251579,0.085028306,0.052868158,0.016965367,-0.020352367
670,0.57577217,0.12156409,0.14455244,0.1030786,0.43121973,0.018485494
671,0.6229618,0.20185699,0.30601022,0.20540066,0.3169516,-0.003543675
672,0.20425881,0.064733565,0.07763283,0.061359525,0.12662598,0.0033740401
673,0.79574895,0.11975885,0.24549843,0.14823332,0.55025053,-0.028474472
674,0.5506343,0.21307075,0.30428275,0.19582427,0.24635157,0.017246485
675,0.10158318,0.056984864,0.070604995,0.047495075,0.030978188,0.00948979
676,0.43557477,0.3184692,0.33052415,0.24167642,0.10505062,0.07679278
677,0.37166494,0.102319196,0.12685242,0.09053256,0.24481252,0.011786632
678,0.08680944,0.037944246,0.046479754,0.026157016,0.040329687,0.01178723
679,0.06878884,0.05693587,0.057325233,0.042815227,0.011463609,0.014120642
680,0.104222186,0.1716766,0.11954293,0.083015725,-0.015320741,0.08866088
681,0.05038186,0.110937975,0.014921381,0.010504722,0.03546048,0.10043325
682,0.021734655,0.10866622,0.04402775,0.034535524,-0.022293095,0.0741307
683,0.17622171,0.10689691,0.12874521,0.08258189,0.0474765,0.024315014
684,0.6870514,0.19593224,0.27140817,0.19840603,0.41564324,-0.0024737865
685,0.16381578,0.04234888,0.08309997,0.060811423,0.08071581,-0.018462542
686,0.8763148,0.3692165,0.5101621,0.38219884,0.3661527,-0.012982339
687,0.39065892,0.22649746,0.270799,0.2149599,0.119859904,0.011537552
688,0.8647919,0.526205,0.68243635,0.4950397,0.18235558,0.031165302
689,0.3978964,0.17093922,0.19429645,0.1489836,0.20359996,0.021955624
690,0.5957752,0.2149554,0.21669406,0.15993077,0.37908113,0.05502464
691,0.75640076,0.46386972,0.638924,0.45685065,0.11747676,0.007019073
692,0.49708316,0.12654792,0.15797476,0.10652991,0.3391084,0.020018011
693,0.29259646,0.14083293,0.056291405,0.040378854,0.23630506,0.10045408
694,0.36181453,0.123450816,0.14844643,0.10836653,0.2133681,0.015084289
695,0.19697353,0.09943772,0.124964915,0.08016119,0.07200862,0.01927653
696,0.9726072,0.26493782,0.40138748,0.2704175,0.5712197,-0.0054796934
697,0.52710694,0.22800164,0.35096943,0.26202857,0.1761375,-0.034026936
698,0.017117295,0.08347954,0.041310396,0.027860409,-0.0241931,0.055619128
699,0.35252818,0.19724195,0.25341198,0.18253434,0.099116206,0.01470761
700,0.18541886,0.061935857,0.10877443,0.072957546,0.07664443,-0.011021689
701,0.7990715,0.3075949,0.5716369,0.36437863,0.22743458,-0.056783736
702,0.9265808,0.3529185,0.38865373,0.30110446,0.53792703,0.05181405
703,0.08270991,0.09799706,0.07703394,0.051429305,0.0056759715,0.046567757
704,0.25810984,0.08932796,0.15291315,0.095360205,0.105196685,-0.0060322434
705,0.80231434,0.23498373,0.28494588,0.22888535,0.51736844,0.0060983747
706,0.64602447,0.21237762,0.30370456,0.19611876,0.3423199,0.016258866
707,0.8040453,0.34739682,0.5117961,0.30794212,0.2922492,0.0394547
708,0.9262051,0.33225518,0.41322762,0.2498995,0.5129775,0.08235568
709,0.7989409,0.23176312,0.27260277,0.19490081,0.5263381,0.036862314
710,0.21761824,0.083176866,0.08211029,0.065108135,0.13550794,0.01806873
711,0.42252427,0.12351239,0.13912036,0.09651316,0.28340393,0.026999228
712,0.9403969,0.32691348,0.42804378,0.30704558,0.5123531,0.019867897
713,1.035136,0.25504887,0.3383774,0.24537326,0.6967586,0.009675607
714,0.70010525,0.23032516,0.38232788,0.26845628,0.31777737,-0.038131118
715,1.0551162,0.29426354,0.35571128,0.25952792,0.6994049,0.03473562
716,0.080539875,0.051441025,0.047391385,0.034568153,0.03314849,0.016872872
717,0.08571312,-0.062613435,0.015482396,0.0044139307,0.07023072,-0.06702737
718,0.7666121,0.3233877,0.34510845,0.26784402,0.42150366,0.05554369
719,0.49081644,0.11730693,0.13533995,0.10369917,0.3554765,0.013607763
720,0.74686825,0.25112903,0.27406657,0.19841312,0.4728017,0.052715912
721,0.9751682,0.3611642,0.443643,0.34212443,0.53152525,0.01903978
722,0.12643743,0.101528704,0.06526829,0.04366897,0.061169133,0.057859734
723,0.14261651,0.10390367,0.076707385,0.057334553,0.065909125,0.04656912
724,0.5658599,0.23848109,0.28462705,0.20074382,0.28123286,0.037737265
725,0.8806722,0.14384447,0.2525523,0.1888592,0.62811995,-0.045014724
726,-0.017818676,0.1103091,0.008901546,0.0031687072,-0.026720222,0.10714039
727,0.5192608,0.20126686,0.19531307,0.13526438,0.32394776,0.06600247
728,0.4451788,0.14325526,0.113626406,0.07031296,0.3315524,0.0729423
729,0.8739794,0.31878674,0.33921745,0.26449862,0.5347619,0.05428812
730,0.79962635,0.25668555,0.32958847,0.25868464,0.47003788,-0.0019990802
731,0.058097076,-0.028635968,0.0315161,0.016311627,0.026580974,-0.044947594
732,0.65078294,0.2745917,0.35936436,0.2586424,0.29141858,0.015949309
733,0.098992206,0.026193459,0.06042138,0.04460584,0.038570825,-0.018412381
734,0.19568,0.12389652,0.13775015,0.104862355,0.05792986,0.019034162
735,1.0613813,0.4412319,0.547141,0.40359187,0.5142403,0.037640035
736,0.008814382,0.01387581,0.018114436,0.012918549,-0.009300054,0.0009572618
737,0.6114154,0.19924076,0.25427693,0.18733364,0.35713845,0.011907116
738,-0.020610934,-0.027211852,0.006006948,0.0045065368,-0.026617883,-0.03171839
739,0.2935469,0.036828857,0.098888494,0.062090114,0.1946584,-0.025261257
740,0.13484237,0.050399985,0.08707645,0.0648484,0.047765918,-0.0144484155
741,-0.031752523,-0.006416567,0.004855527,0.0022659397,-0.03660805,-0.008682507
742,0.060500953,0.047117114,0.05506054,0.04097375,0.005440414,0.006143365
743,0.6335783,0.18321952,0.2508915,0.19130804,0.3826868,-0.008088514
744,0.77069896,0.29457805,0.34640858,0.2533537,0.4242904,0.04122436
745,0.3078304,0.07136961,0.0701787,0.058546174,0.23765169,0.012823436
746,0.8195321,0.3507581,0.42945534,0.3130463,0.39007676,0.0377118
747,0.12786381,0.049960442,0.110414475,0.07134722,0.017449334,-0.02138678
748,0.10697109,0.1606829,0.047588482,0.03690478,0.05938261,0.12377812
749,0.16254494,0.054192625,0.082028694,0.04733522,0.08051624,0.0068574063
750,0.09273567,-0.033040944,0.025601551,0.014031505,0.06713412,-0.047072448
751,0.9565813,0.4478215,0.56674975,0.4003451,0.38983154,0.04747641
752,0.08134021,0.04830907,0.06442712,0.043715224,0.016913086,0.0045938455
753,0.067540556,0.035571147,0.09983823,0.07100212,-0.03229767,-0.03543097
754,0.53396964,0.22170852,0.28066817,0.2156324,0.25330147,0.0060761273
755,0.03771469,-0.017547537,0.042146627,0.021561168,-0.004431937,-0.039108705
756,0.8441995,0.30909455,0.4061522,0.29362068,0.4380473,0.015473872
757,1.0491785,0.4523835,0.49624154,0.3412262,0.5529369,0.1111573
758,0.16097337,0.041583534,0.06746104,0.041823503,0.09351233,-0.0002399683
759,0.664937,0.24223149,0.33604434,0.22614838,0.32889268,0.016083106
760,1.0117602,0.14517601,0.322002,0.19572037,0.68975824,-0.050544366
761,0.88223064,0.23311107,0.35923314,0.23228246,0.5229975,0.00082860887
762,0.8985304,0.28118998,0.35965046,0.28380948,0.53888,-0.002619505
763,0.8160804,0.19591415,0.24158591,0.16953081,0.5744945,0.02638334
764,0.029694803,0.039179984,0.033143383,0.026785912,-0.0034485795,0.0123940725
765,0.11156954,0.14682363,0.07549818,0.05465308,0.03607136,0.09217055
766,0.36337972,0.2699669,0.18724272,0.15088259,0.176137,0.11908431
767,0.6151724,0.2934141,0.38669577,0.29653442,0.22847661,-0.003120333
768,0.85849196,0.3266544,0.44957805,0.3178745,0.4089139,0.008779913
769,0.61576366,0.15513341,0.22803618,0.14584537,0.3877275,0.009288043
770,0.908079,0.2970781,0.3735888,0.28900972,0.5344902,0.008068383
771,0.07654123,-0.016812984,0.04421793,0.027722515,0.0323233,-0.0445355
772,1.2011566,0.43591133,0.61322653,0.42599133,0.5879301,0.009920001
773,0.62839144,0.12459405,0.21492672,0.14265548,0.41346473,-0.01806143
774,0.07252856,0.056796808,0.05391002,0.040397085,0.018618543,0.016399723
775,0.35605145,0.13352056,0.15864412,0.116091244,0.19740732,0.017429315
776,0.31883383,0.10119982,0.08606559,0.0705787,0.23276824,0.030621119
777,0.7832916,0.33759907,0.39367944,0.26947087,0.38961214,0.0681282
778,0.20947367,0.095806375,0.103345595,0.07888304,0.106128074,0.016923338
779,0.21868674,0.09087801,0.12158601,0.08653139,0.097100735,0.0043466166
780,0.38101232,0.1376237,0.15991963,0.10993812,0.22109269,0.027685575
781,0.49770266,0.22320877,0.24190418,0.16657768,0.25579846,0.05663109
782,0.0633745,-0.021077855,0.03369002,0.01959918,0.029684477,-0.040677033
783,0.034604914,0.022469133,0.03194772,0.019251332,0.0026571937,0.0032178015
784,0.9511641,0.25203332,0.2843447,0.20903227,0.66681945,0.043001056
785,0.0053239786,-0.02394084,0.027419675,0.014890799,-0.022095697,-0.03883164
786,0.59067065,0.19086605,0.2739364,0.19334316,0.31673425,-0.0024771094
787,0.8717563,0.28062737,0.41854295,0.27083623,0.45321336,0.009791136
788,0.4975744,0.2903137,0.34282777,0.20273435,0.15474662,0.08757934
789,0.045632884,0.029776005,0.016245319,0.013021239,0.029387565,0.016754765
790,0.5900147,0.14100009,0.20514293,0.1426788,0.38487178,-0.0016787052
791,0.12716462,0.064268395,0.07843792,0.048772812,0.0487267,0.015495583
792,0.0034721154,-0.0268169,0.026750965,0.019264493,-0.02327885,-0.046081394
793,0.96025676,0.2629997,0.39111632,0.24733561,0.56914043,0.0156641
794,1.0137343,0.49454844,0.61262584,0.47334293,0.4011085,0.021205515
795,0.2934956,0.04090856,0.0945066,0.06288299,0.198989,-0.02197443
796,-0.034786645,0.042876035,0.015128583,0.013091039,-0.049915228,0.029784996
797,-0.0043752915,0.0110397125,0.010098772,0.008578231,-0.014474064,0.0024614818
798,0.72376055,0.3257914,0.5564013,0.34189728,0.16735923,-0.01610589
799,0.8335474,0.21597439,0.2697732,0.17979185,0.5637742,0.036182538
800,0.41035676,0.12417724,0.16800396,0.119511224,0.2423528,0.0046660155
801,0.76177496,0.20742881,0.28360128,0.19774458,0.47817367,0.009684235
802,1.115143,0.4409554,0.59837884,0.46095026,0.5167641,-0.019994855
803,-0.08568338,-0.038384143,0.034608822,0.021752525,-0.1202922,-0.06013667
804,0.19760257,0.07283341,0.055595092,0.042559218,0.14200747,0.030274194
805,0.86866367,0.26378635,0.50247306,0.31422776,0.3661906,-0.050441414
806,0.61973417,0.17964362,0.22450298,0.15520549,0.3952312,0.024438128
807,0.6120312,0.30076307,0.39463535,0.26941136,0.21739587,0.031351715
808,0.66830444,0.32141703,0.4795809,0.32742503,0.18872353,-0.006007999
809,0.554483,0.15687686,0.19827455,0.15002784,0.35620844,0.0068490207
810,0.953529,0.36918998,0.51928747,0.3588833,0.43424153,0.010306686
811,0.3594294,0.12555876,0.16103072,0.12629704,0.19839866,-0.00073827803
812,0.6806485,0.18706766,0.2247471,0.16201842,0.45590138,0.02504924
813,0.84226435,0.40975994,0.62965167,0.41462994,0.21261269,-0.0048699975
814,0.7643844,0.1996648,0.27576807,0.18699482,0.48861632,0.0126699805
815,-0.0592569,0.1127323,0.012693595,0.005281813,-0.071950495,0.107450485
816,0.16714425,0.07820518,0.101620324,0.062492013,0.06552393,0.01571317
817,1.0398642,0.35911727,0.560401,0.36830616,0.47946316,-0.00918889
818,0.567508,0.11976326,0.22244012,0.14092703,0.34506786,-0.021163769
819,0.12525679,0.106157646,0.08626777,0.053849377,0.038989022,0.05230827
820,0.032977294,0.041488845,0.03631693,0.026435819,-0.003339637,0.015053026
821,0.050055202,-0.054132342,0.016783983,0.008888299,0.03327122,-0.06302064
822,0.94021934,0.26938918,0.37386358,0.2545746,0.56635576,0.014814585
823,0.8182063,0.24749048,0.33738482,0.24453871,0.4808215,0.002951771
824,0.83977205,0.30184677,0.45341876,0.30822146,0.38635328,-0.006374687
825,0.6360355,0.29067105,0.39704654,0.29319745,0.23898897,-0.0025264025
826,0.85899353,0.22638744,0.2741013,0.19642931,0.5848923,0.029958129
827,1.0439258,0.22413588,0.36459595,0.23610431,0.6793298,-0.011968434
828,0.5099999,0.21463794,0.25207564,0.18993863,0.25792423,0.0246993
829,0.86280745,0.18297738,0.19626619,0.15491962,0.6665413,0.028057754
830,0.001890598,0.00971152,0.06289959,0.044126205,-0.06100899,-0.034414686
831,0.52481043,0.1917568,0.24650496,0.17826661,0.27830547,0.013490185
832,0.6433418,0.29724962,0.31669173,0.25882542,0.32665005,0.038424194
833,-0.03385635,0.114864595,0.00924001,0.0035531854,-0.04309636,0.11131141
834,0.81770164,0.47741532,0.61756957,0.46225557,0.20013207,0.015159756
835,0.8301112,0.22134097,0.33029476,0.22950512,0.49981645,-0.0081641525
836,0.5977824,0.2188984,0.29459897,0.20970616,0.3031834,0.009192243
837,0.63390064,0.15648165,0.25879306,0.17074633,0.3751076,-0.014264673
838,0.093582764,0.0053875525,0.040080015,0.028789766,0.05350275,-0.023402214
839,0.067580245,-0.0069450834,0.04264496,0.027164295,0.024935286,-0.03410938
840,0.16287918,0.014058725,0.06893769,0.0486335,0.093941495,-0.034574777
841,0.60634375,0.29723182,0.4067158,0.29344893,0.19962794,0.0037828982
842,0.2268725,0.041148186,0.064248025,0.050947305,0.16262448,-0.009799119
843,0.7482471,0.20279217,0.24296093,0.18342482,0.50528616,0.019367352
844,0.59694564,0.21243471,0.29908288,0.22288424,0.29786277,-0.010449529
845,-0.008906362,0.104445815,0.018950889,0.006439839,-0.027857251,0.09800597
846,0.8286351,0.15447734,0.27958184,0.18831934,0.54905325,-0.033841997
847,0.76334757,0.23503776,0.39507306,0.27474642,0.3682745,-0.03970866
848,0.81409717,0.4350794,0.53255165,0.3984487,0.28154552,0.03663069
849,0.10483959,0.14832887,0.02003358,0.017709184,0.08480601,0.13061969
850,-0.029064234,0.112771966,0.0055549503,-0.00026030163,-0.034619186,0.11303227
851,0.419606,0.18880026,0.17398705,0.119908206,0.24561895,0.068892054
852,0.038592868,0.04653676,0.008832035,0.009597283,0.029760834,0.036939476
853,-0.032340407,0.110564634,0.003812548,9.4604775e-06,-0.036152955,0.11055517
854,0.39357877,0.17173663,0.18252477,0.12507308,0.211054,0.046663553
855,0.1677006,0.0538031,0.064905375,0.042662863,0.10279523,0.0111402385
856,0.44157618,0.12406508,0.15457083,0.10930367,0.28700536,0.014761411
857,0.9744489,0.41544744,0.518845,0.39347896,0.4556039,0.021968484
858,0.2009874,0.05050725,0.03739234,0.027267816,0.16359505,0.023239436
859,0.14464022,0.05975372,0.07552219,0.060733166,0.06911803,-0.0009794459
860,0.5242893,0.19199878,0.27121794,0.20252338,0.25307137,-0.010524601
861,0.07032065,0.06115431,0.03696877,0.028969511,0.03335188,0.0321848
862,0.11809631,0.06870541,0.06891649,0.05266819,0.049179815,0.016037218
863,0.08837418,0.043485466,0.047571518,0.032086212,0.040802665,0.011399254
864,0.04234445,0.15622829,0.0610521,0.041107394,-0.018707648,0.115120895
865,0.26582658,0.051993273,0.095979765,0.06792253,0.16984682,-0.01592926
866,0.9071186,0.3660534,0.47232792,0.32514518,0.4347907,0.040908217
867,0.8383833,0.20226331,0.28385046,0.18856119,0.5545329,0.013702124
868,1.0189037,0.39335218,0.4687677,0.34913695,0.550136,0.044215232
869,0.8349264,0.21715993,0.28594407,0.20493503,0.5489824,0.012224898
870,0.044583693,0.048107654,0.034128178,0.027069746,0.010455515,0.021037908
871,0.055910446,0.108738616,0.08450549,0.07427359,-0.028595045,0.034465022
872,0.09168957,0.1283943,0.117687255,0.09047514,-0.025997683,0.037919164
873,0.0090627065,0.04492436,0.020844556,0.014565399,-0.01178185,0.03035896
874,0.031135047,0.12567931,0.027167013,0.021699699,0.003968034,0.10397962
875,0.9759869,0.26454934,0.35854852,0.27379987,0.6174384,-0.009250522
876,0.07615277,0.04520448,0.042049333,0.031702135,0.03410344,0.0135023445
877,0.62344956,0.2667235,0.33332935,0.22861975,0.2901202,0.03810376
878,0.8463761,0.21799795,0.29310158,0.21502616,0.5532745,0.0029717982
879,0.84452564,0.2439243,0.34880298,0.23999968,0.49572265,0.003924623
880,0.89962983,0.32715878,0.32191074,0.23572718,0.5777191,0.0914316
881,0.6643825,0.21293327,0.2388237,0.17857416,0.4255588,0.034359112
882,0.4706507,0.13989408,0.17442037,0.12443911,0.29623032,0.01545497
883,0.81756705,0.12144928,0.16719101,0.1259082,0.650376,-0.004458919
884,0.63087404,0.26653448,0.39733645,0.26165876,0.23353758,0.0048757195
885,0.7336902,0.18145508,0.22916937,0.16527718,0.50452083,0.016177893
886,0.50783557,0.09174573,0.09017864,0.05917006,0.41765693,0.032575667
887,0.17001896,0.16819943,0.17507458,0.14844285,-0.0050556213,0.019756585
888,0.75804347,0.20801291,0.28351593,0.20106821,0.47452754,0.006944701
889,0.074166015,0.040363517,0.070044555,0.047195174,0.00412146,-0.006831657
890,0.16283834,0.16369171,0.0679948,0.052999843,0.09484354,0.110691875
891,0.10018814,0.109083995,0.029615013,0.021395834,0.07057313,0.08768816
892,1.1115134,0.33113354,0.45900875,0.32722473,0.6525046,0.003908813
893,0.0371327,0.12937872,0.051693212,0.033560056,-0.014560513,0.09581867
894,0.9672029,0.28523383,0.2455792,0.16116416,0.7216237,0.12406966
895,-0.055643644,0.114565514,0.005245023,0.0006883323,-0.060888667,0.113877185
896,0.28336072,0.14803793,0.13198605,0.10529358,0.15137467,0.042744346
897,0.3893241,0.2859509,0.22711387,0.16030523,0.16221023,0.12564567
898,0.8329701,0.23115608,0.2809287,0.21070814,0.5520414,0.02044794
899,0.1390209,0.028454911,0.053929113,0.042686787,0.08509179,-0.014231876
900,0.7446561,0.23990893,0.27712962,0.20137739,0.46752647,0.03853154
901,0.74661034,0.2619351,0.30737364,0.21639253,0.4392367,0.045542583
902,0.45302132,0.22939126,0.2662238,0.19110245,0.18679753,0.038288817
903,0.8863505,0.33844146,0.4041154,0.30635244,0.4822351,0.032089025
904,0.38510823,0.13764238,0.0803768,0.068593115,0.30473143,0.06904927
905,1.1556617,0.48755932,0.66921663,0.4904345,0.48644507,-0.002875179
906,0.7648591,0.21207601,0.34755838,0.23502636,0.4173007,-0.022950351
907,0.10031993,0.021291334,0.050870486,0.03544003,0.049449444,-0.014148697
908,0.7126588,0.23332024,0.3379356,0.2186666,0.37472323,0.014653638
909,0.07458477,0.03531869,0.011991033,0.0111406455,0.062593736,0.024178047
910,0.10308181,0.11883913,0.08492927,0.059094615,0.018152535,0.059744515
911,0.004495647,0.025631046,0.04166511,0.027582336,-0.037169464,-0.0019512903
912,0.147732,0.11714715,0.08610299,0.06855357,0.061629012,0.04859358
913,0.28231665,0.12385634,0.12071896,0.08741499,0.1615977,0.036441356
914,0.24573325,0.107106574,0.15175237,0.117858656,0.09398088,-0.010752082
915,0.10134633,0.028172988,0.041447416,0.030421335,0.059898913,-0.0022483468
916,0.9378622,0.39465097,0.5357252,0.37907374,0.40213704,0.015577227
917,0.13658679,0.010119826,0.05253575,0.0369149,0.084051035,-0.026795074
918,0.22159873,0.054771334,0.09209963,0.06389824,0.12949911,-0.009126909
919,0.29550758,0.12769584,0.12918998,0.0988524,0.1663176,0.02884344
920,0.51819247,0.19993618,0.25439304,0.16201933,0.26379943,0.037916854
921,0.70918024,0.28249943,0.27599743,0.20790745,0.4331828,0.07459198
922,-0.064457715,0.12211706,0.01397877,0.006392451,-0.07843649,0.11572461
923,0.33403838,0.11507865,0.17083311,0.12569234,0.16320527,-0.010613687
924,0.8227304,0.25206825,0.35637796,0.26009142,0.46635246,-0.008023173
925,0.71312916,0.22269487,0.36649168,0.24805915,0.3466375,-0.02536428
926,0.050049156,0.031174451,0.028595662,0.018169783,0.021453494,0.013004668
927,0.08168427,0.048867133,0.05758722,0.045234118,0.024097048,0.0036330149
928,0.17366602,0.098600306,0.094574235,0.057788923,0.07909178,0.040811382
929,0.014568326,0.008039535,0.03369717,0.022344906,-0.019128844,-0.014305371
930,1.1058908,0.15901524,0.24453865,0.16226585,0.8613521,-0.0032506138
931,0.711766,0.13917153,0.16484007,0.12067782,0.5469259,0.018493704
932,0.17550036,0.2117847,0.12502284,0.10168413,0.05047752,0.110100575
933,0.66328657,0.35699248,0.4630852,0.34055328,0.20020136,0.0164392
934,0.102394216,0.069242775,0.08166903,0.061596893,0.020725183,0.0076458827
935,0.104954004,0.02910807,0.037687503,0.021278132,0.0672665,0.007829938
936,0.06356683,0.1352638,0.021664431,0.017585866,0.041902393,0.117677934
937,0.86030525,0.23811954,0.3236066,0.21876302,0.53669864,0.019356519
938,0.3593719,0.15274605,0.20298412,0.12834316,0.15638778,0.024402887
939,1.037878,0.34697533,0.43679965,0.31109023,0.6010784,0.035885096
940,0.15541914,0.008904457,0.043889213,0.036700148,0.11152993,-0.027795691
941,0.5874052,0.23011114,0.3356995,0.21406275,0.2517057,0.016048387
942,0.35383853,0.0723698,0.12428737,0.08071985,0.22955117,-0.008350052
943,0.47562584,0.28773484,0.31129798,0.23104298,0.16432786,0.056691855
944,0.9210795,0.32651365,0.5158064,0.34178177,0.40527314,-0.015268117
945,0.15405145,0.08301659,0.044246964,0.034470495,0.10980449,0.048546094
946,0.77692276,0.2506121,0.37737286,0.2550739,0.3995499,-0.004461795
947,0.45788452,0.1794066,0.23954806,0.1767471,0.21833646,0.0026594996
948,0.061665755,0.17121644,0.101564005,0.08092938,-0.03989825,0.09028706
949,0.45558837,0.19386034,0.27779847,0.20807214,0.1777899,-0.014211804
950,0.7435252,0.24581453,0.22840321,0.1580746,0.515122,0.08773993
951,0.49137637,0.111384004,0.16140535,0.10773585,0.32997102,0.0036481544
952,0.81007063,0.2130554,0.29924375,0.19652718,0.5108269,0.016528219
953,0.03928851,-0.024010915,0.03397446,0.018962441,0.0053140484,-0.042973354
954,0.60515046,0.18155052,0.2579443,0.19301562,0.34720618,-0.011465102
955,0.056434236,0.13790616,0.057380646,0.03435614,-0.00094641,0.103550024
956,0.47250256,0.1092997,0.13341336,0.09221706,0.3390892,0.017082639
957,0.14013448,0.062446553,0.074946865,0.057655595,0.06518762,0.004790958
958,0.11993756,0.023125626,0.054815475,0.038576856,0.06512208,-0.01545123
959,0.5232031,0.1786725,0.23936932,0.17122215,0.28383374,0.007450357
960,0.68611634,0.21035706,0.30302706,0.21329232,0.38308927,-0.0029352605
961,0.29443657,0.13565578,0.19989404,0.09844204,0.09454253,0.037213735
962,0.27688852,0.0708216,0.07889685,0.059696976,0.19799167,0.011124622
963,0.13197803,0.15206185,0.025493465,0.019911097,0.10648457,0.13215075
964,0.8499954,0.1350438,0.24137096,0.15289795,0.6086244,-0.017854154
965,0.2989155,0.07375946,0.14178425,0.10084318,0.15713125,-0.027083725
966,0.27930245,0.09168623,0.11800445,0.08402093,0.161298,0.007665299
967,1.065941,0.3363718,0.44587517,0.32543904,0.6200658,0.010932773
968,0.017229397,0.12521896,0.03441994,0.022968344,-0.017190542,0.10225061
969,0.6950404,0.3105958,0.4185378,0.2981734,0.2765026,0.012422413
970,0.09382887,-0.022921437,0.05867748,0.037914637,0.035151392,-0.060836077
971,0.8995243,0.35625193,0.4516498,0.30562022,0.44787446,0.050631702
972,0.9483223,0.43137977,0.51548797,0.3784846,0.43283433,0.05289516
973,0.3152376,0.1080217,0.12003991,0.08301663,0.1951977,0.025005072
974,0.79605377,0.26594067,0.318019,0.22743942,0.47803476,0.038501248
975,0.5181135,0.20851481,0.25648677,0.18063928,0.26162672,0.027875528
976,0.9619226,0.1849797,0.262729,0.17959242,0.6991936,0.0053872913
977,0.032844484,-0.048604876,0.030249054,0.014690391,0.0025954302,-0.06329527
978,0.01815298,0.04703362,0.020261697,0.018798452,-0.0021087173,0.028235167
979,0.70985883,0.26945794,0.34321693,0.24337523,0.3666419,0.02608271
980,0.15718508,0.012947546,0.10624149,0.06848252,0.05094359,-0.055534974
981,0.05669607,0.044671204,0.033639263,0.025244625,0.023056805,0.019426579
982,0.70675755,0.23935497,0.31057757,0.22758228,0.39617997,0.011772692
983,0.11567504,0.04688973,0.05120132,0.033205293,0.06447372,0.013684437
984,0.8042941,0.345173,0.4476389,0.33563596,0.3566552,0.009537041
985,0.9344622,0.293623,0.39744046,0.28421557,0.53702176,0.009407431
986,0.65336365,0.21753798,0.27876732,0.20548223,0.37459633,0.012055755
987,0.36577272,0.088554576,0.147788,0.07938214,0.21798472,0.00917244
988,0.68637407,0.1776676,0.21849613,0.15307549,0.46787792,0.024592116
989,0.28495854,0.087949805,0.103682965,0.07846564,0.18127558,0.009484164
990,0.22375233,0.07381334,0.051977612,0.03723557,0.17177472,0.036577772
991,0.37319437,0.16968188,0.22984245,0.159869,0.14335191,0.009812877
992,0.94942033,0.29051086,0.30060655,0.22536789,0.6488138,0.065142974
993,0.040581625,0.07897559,0.050111838,0.036182348,-0.009530213,0.04279324
994,0.4624378,0.14126323,0.13248332,0.099659614,0.3299545,0.041603617
995,1.046869,0.27964833,0.40239686,0.28603536,0.6444722,-0.006387025
996,0.7717718,0.22872184,0.312528,0.2111494,0.45924377,0.017572448
997,0.26535046,0.17670058,0.09375575,0.070825964,0.17159471,0.10587461
998,0.21516247,0.05054585,0.05322564,0.029865991,0.16193683,0.020679858
999,0.2908054,0.19432893,0.117531605,0.08505276,0.1732738,0.109276175
1000,0.25973335,0.15877454,0.13836758,0.09851928,0.12136577,0.06025526
1001,0.039270665,0.020623052,0.03750145,0.026916778,0.0017692149,-0.006293725
1002,1.1364746,0.20912296,0.39131576,0.25197384,0.74515885,-0.04285088
1003,0.9058388,0.31171706,0.42728606,0.30419013,0.47855273,0.007526934
1004,0.9615576,0.29157338,0.37857148,0.28163263,0.5829861,0.009940743
1005,0.83595526,0.31329325,0.45344445,0.3270461,0.3825108,-0.013752848
1006,1.0461868,0.41711423,0.52741873,0.3635837,0.5187681,0.053530514
1007,1.1950608,0.45211044,0.6605051,0.4633231,0.53455573,-0.011212647
1008,0.5858379,0.10976721,0.17564788,0.12973543,0.41019002,-0.019968212
1009,0.59927255,0.18111427,0.27146488,0.19278769,0.32780766,-0.011673421
1010,0.13841142,0.04843232,0.04410573,0.031556536,0.09430569,0.016875785
1011,0.731631,0.21446629,0.2756487,0.20309015,0.45598227,0.0113761425
1012,0.59933436,0.21556863,0.34104338,0.22951931,0.25829098,-0.013950676
1013,0.3664553,0.16088797,0.16984689,0.1242642,0.1966084,0.03662377
1014,0.85115993,0.24522986,0.33860236,0.23713447,0.51255757,0.008095384
1015,0.10537602,0.10265292,0.09414343,0.058597904,0.011232592,0.04405502
1016,0.3489227,0.12733667,0.21457373,0.14058386,0.13434897,-0.013247192
1017,0.5879628,0.1405658,0.22583036,0.15500809,0.36213243,-0.014442295
1018,0.7068645,0.14486061,0.17890567,0.13036042,0.5279588,0.014500186
1019,0.82372326,0.22199504,0.32449257,0.23086037,0.49923068,-0.008865327
1020,0.7280112,0.20825088,0.21755579,0.17100002,0.51045537,0.03725086
1021,-0.010028093,0.014130879,0.01710097,0.013559964,-0.027129062,0.00057091564
1022,0.8526105,0.30768135,0.40088665,0.2725148,0.45172387,0.03516656
1023,0.6638807,0.19192567,0.23355313,0.17122103,0.4303276,0.020704642
1024,0.21019569,0.051436644,0.08434762,0.052847587,0.12584807,-0.0014109425
1025,0.9285149,0.17986095,0.34120694,0.23471443,0.58730793,-0.054853484
1026,0.5421096,0.1824811,0.2165366,0.15966268,0.32557303,0.022818416
1027,0.6450901,0.22451489,0.2835368,0.20990849,0.3615533,0.014606401
1028,0.70670414,0.25352678,0.38401988,0.27197513,0.32268426,-0.018448353
1029,0.17458673,0.056656208,0.056195367,0.03876833,0.118391365,0.01788788
1030,0.26030615,0.07203168,0.07571286,0.063221484,0.18459329,0.008810192
1031,0.019868463,0.06430045,0.07396273,0.04898493,-0.05409427,0.015315518
1032,0.76201946,0.36833915,0.44699693,0.3364304,0.31502253,0.03190875
1033,0.23186076,0.012656388,0.07830738,0.050279085,0.15355337,-0.037622698
1034,0.7732664,0.3336395,0.44246322,0.32298225,0.33080316,0.010657251
1035,0.06442587,-0.043425743,0.057181507,0.030510265,0.0072443634,-0.07393601
1036,0.89106756,0.40036154,0.51532066,0.35780865,0.3757469,0.04255289
1037,0.033664502,-0.028771454,0.037376452,0.02386273,-0.00371195,-0.052634187
1038,0.6164291,0.18140414,0.2823674,0.19954014,0.33406168,-0.018135995
1039,0.743273,0.24577394,0.29326674,0.22275028,0.45000628,0.023023665
1040,0.26408073,0.12530603,0.15336986,0.11175316,0.110710874,0.013552867
1041,0.088327274,0.09369341,0.15054934,0.090397574,-0.062222064,0.0032958388
1042,0.014919662,0.057887107,0.020647848,0.016309178,-0.005728186,0.041577928
1043,0.94629854,0.25110087,0.39515555,0.25973624,0.551143,-0.008635372
1044,0.39619803,0.14434364,0.19156976,0.13923791,0.20462827,0.005105734
1045,0.058061868,0.027759617,0.009833056,0.0082211215,0.04822881,0.019538496
1046,0.098639145,0.15734987,0.1050635,0.07990407,-0.0064243525,0.0774458
1047,0.13162535,0.07034236,0.11534363,0.08220016,0.016281724,-0.0118578
1048,0.83859473,0.24053656,0.34311935,0.23920585,0.49547538,0.0013307035
1049,0.06071784,0.01535593,0.06684107,0.040026784,-0.0061232336,-0.024670854
1050,0.5471533,0.10732983,0.14970271,0.1052102,0.39745057,0.0021196306
1051,0.22582534,0.06274423,0.07211554,0.051906325,0.1537098,0.010837905
1052,0.13509573,0.03916321,0.04476196,0.0350201,0.090333775,0.0041431077
1053,0.024052758,-0.041777104,0.03167632,0.01691109,-0.0076235607,-0.058688194
1054,0.2265795,0.031055603,0.06380309,0.04255256,0.16277641,-0.011496957
1055,0.8429331,0.25263494,0.36692664,0.25456566,0.47600648,-0.0019307137
1056,-0.05372734,-0.05013155,0.012205151,0.0032481083,-0.06593249,-0.053379655
1057,0.15098815,0.1313416,0.12404029,0.087557666,0.026947856,0.04378394
1058,1.2242055,0.4695895,0.5846752,0.40100223,0.6395303,0.06858727
1059,0.13353297,0.037064083,0.03959723,0.031950172,0.09393574,0.005113911
1060,0.5165579,0.19901155,0.30095813,0.1745243,0.21559975,0.024487242
1061,1.0897056,0.4115261,0.64372444,0.41123945,0.44598114,0.00028666854
1062,0.72979057,0.23065318,0.29882598,0.20858102,0.4309646,0.022072166
1063,-0.04169066,0.11316577,0.018221304,0.010179102,-0.059911963,0.10298667
1064,0.8262246,0.22010034,0.33330455,0.22305235,0.49292007,-0.0029520094
1065,0.26449195,0.12636602,0.15668128,0.10574243,0.10781066,0.020623587
1066,0.7821372,0.27581763,0.32618278,0.24058281,0.45595443,0.035234824
1067,0.009218383,0.036195196,0.029541932,0.021871958,-0.020323548,0.014323238
1068,0.35158277,0.13964194,0.11578669,0.08451495,0.23579608,0.055126987
1069,0.5758238,0.26971912,0.30107078,0.2047501,0.274753,0.06496902
1070,0.72837317,0.2523198,0.35563603,0.24226381,0.37273714,0.010056004
1071,0.75979924,0.16615121,0.23582502,0.16438922,0.52397424,0.0017619878
1072,0.64475745,0.21921664,0.2814384,0.19796067,0.36331904,0.02125597
1073,0.64699274,0.17656995,0.31756425,0.19411154,0.3294285,-0.017541587
1074,1.0563321,0.3134105,0.3933995,0.29307225,0.66293263,0.020338237
1075,0.62944955,0.13117257,0.17370869,0.12891465,0.45574087,0.0022579134
1076,0.069568805,-0.017497951,0.07025347,0.045869634,-0.00068466365,-0.06336758
1077,0.27342784,0.050277896,0.16362587,0.08608882,0.10980198,-0.035810925
1078,0.29130718,0.21030644,0.21139565,0.15232511,0.07991153,0.057981327
1079,0.580625,0.15077563,0.20010285,0.13670832,0.38052213,0.014067307
1080,0.74404794,0.29915333,0.37248325,0.28014308,0.3715647,0.019010246
1081,0.17232524,0.04552086,0.098776646,0.070881955,0.07354859,-0.025361095
1082,0.32009146,0.073323354,0.10049586,0.068753876,0.2195956,0.0045694783
1083,0.66728586,0.16305374,0.23195252,0.15354995,0.43533334,0.009503782
1084,0.05414813,0.052457307,0.04066442,0.032857135,0.013483711,0.019600172
1085,0.047987554,0.0100260535,0.014547297,0.00819208,0.03344026,0.0018339735
1086,0.72151595,0.23982686,0.32069656,0.23813008,0.4008194,0.0016967803
1087,0.98328185,0.22052965,0.21065767,0.14071053,0.7726242,0.07981911
1088,0.7562091,0.3230196,0.41372,0.26214707,0.34248906,0.060872525
1089,0.62342316,0.24247979,0.33208108,0.23706307,0.29134208,0.005416721
1090,0.8293495,0.22336982,0.3070306,0.20506002,0.52231896,0.018309802
1091,0.7804485,0.31066382,0.578618,0.32151362,0.2018305,-0.010849804
1092,-0.0024212317,0.09389768,0.041878734,0.025601601,-0.044299964,0.068296075
1093,0.6544243,0.15484826,0.26842153,0.17135619,0.38600278,-0.016507924
1094,0.1681733,0.066503346,0.099108756,0.0675315,0.06906454,-0.0010281503
1095,0.19063832,0.070014216,0.08249012,0.057607315,0.1081482,0.0124069005
1096,0.6725004,0.15167369,0.2272112,0.16386597,0.44528916,-0.012192279
1097,0.055382237,-0.01685082,0.035317156,0.016158238,0.02006508,-0.03300906
1098,0.32606524,0.21575801,0.2298084,0.15423961,0.09625684,0.0615184
1099,0.6003793,0.17342433,0.22937027,0.15667608,0.37100902,0.01674825
1100,-0.0082013775,0.110103115,0.043794803,0.03137295,-0.05199618,0.078730166
1101,1.2304895,0.3314755,0.42844433,0.3116994,0.80204517,0.019776106
1102,0.8648319,0.1303934,0.22391015,0.16875389,0.6409218,-0.03836049
1103,0.11422775,0.020301456,0.0337849,0.027887259,0.080442846,-0.007585803
1104,0.1751033,0.071166314,0.06673657,0.049987346,0.108366735,0.021178968
1105,1.5760274,0.34009683,0.49699283,0.3323123,1.0790346,0.0077845454
1106,0.11072707,0.044597417,0.020298328,0.018216114,0.09042874,0.026381303
1107,0.1777502,0.06504724,0.071287684,0.048113726,0.106462516,0.016933516
1108,0.11422448,0.015114818,0.03561135,0.024202771,0.07861313,-0.009087954
1109,0.6293676,0.14852619,0.21038654,0.13654867,0.41898105,0.011977524
1110,0.19285928,0.060887944,0.111136675,0.081154816,0.0817226,-0.020266872
1111,0.58255154,0.1706976,0.2186158,0.16235359,0.36393574,0.0083440095
1112,0.0014529389,-0.018246567,0.018677654,0.012681967,-0.017224714,-0.030928534
1113,0.72021085,0.14625342,0.23210391,0.14920127,0.48810694,-0.002947852
1114,0.081206575,0.062946506,0.034140423,0.023064673,0.047066152,0.039881833
1115,0.9858007,0.21788383,0.272554,0.18552549,0.7132467,0.032358333
1116,0.25517452,0.061509274,0.14173597,0.09446293,0.11343855,-0.032953657
1117,0.021778213,0.03835488,0.01820396,0.012545655,0.0035742521,0.025809227
1118,0.23650616,0.12275576,0.13576573,0.10383658,0.10074043,0.018919177
1119,-0.07486315,0.1392895,0.0019330567,-0.0016685496,-0.076796204,0.14095804
1120,0.15691143,0.08727381,0.095705405,0.053604335,0.061206028,0.03366947
1121,0.81095225,0.28269488,0.4091421,0.30194157,0.40181014,-0.019246697
1122,0.1786904,0.11498989,0.09851283,0.06665724,0.080177575,0.048332654
1123,0.6903335,0.21762635,0.30935493,0.20871733,0.38097855,0.008909017
1124,1.0029728,0.27205473,0.3993217,0.27317813,0.60365117,-0.0011233985
1125,0.98216295,0.40529278,0.62980115,0.41643274,0.3523618,-0.011139959
1126,0.3174932,0.09006748,0.12297973,0.08853118,0.19451347,0.0015363023
1127,0.6563206,0.091012254,0.13709986,0.093079604,0.5192207,-0.0020673499
1128,0.894604,0.22546352,0.36344594,0.2440812,0.5311581,-0.018617675
1129,0.2931676,0.033715528,0.081567764,0.058061752,0.21159983,-0.024346225
1130,0.08240888,0.10078183,0.039439443,0.032559264,0.04296944,0.06822257
1131,0.8263582,0.23643067,0.33012182,0.23588584,0.49623638,0.00054483116
1132,0.208007,0.05498247,0.055077247,0.03820533,0.15292975,0.01677714
1133,0.810549,0.18908045,0.23858486,0.17985505,0.57196414,0.009225398
1134,0.28072572,0.086276986,0.13181806,0.103083365,0.14890766,-0.016806379
1135,0.78134674,0.2695152,0.31367305,0.23514551,0.4676737,0.034369677
1136,0.8109837,0.30862454,0.34038594,0.24270512,0.47059777,0.065919414
1137,0.9722261,0.27229288,0.39932194,0.2877301,0.5729041,-0.015437216
1138,0.71475536,0.17504938,0.2530317,0.18110687,0.46172366,-0.006057486
1139,0.6450902,0.3062217,0.38198283,0.27117038,0.2631074,0.035051316
1140,0.4361097,0.08557345,0.13556331,0.09302414,0.30054638,-0.0074506924
1141,0.6539813,0.20263356,0.31361282,0.21104774,0.3403685,-0.008414179
1142,0.7537185,0.362087,0.3869576,0.2777425,0.3667609,0.084344506
1143,0.61722684,0.23184901,0.3409521,0.24100038,0.27627474,-0.009151369
1144,0.23218521,0.07177803,0.078056544,0.05566123,0.15412867,0.016116798
1145,0.5586546,0.1502872,0.20636216,0.13706313,0.35229245,0.013224065
1146,0.84483606,0.22684143,0.3375534,0.23346913,0.5072826,-0.006627694
1147,0.9698152,0.31558806,0.44370034,0.30511963,0.5261148,0.010468423
1148,0.9573739,0.25380415,0.35436368,0.23951605,0.60301024,0.014288098
1149,0.5420883,0.16202185,0.25823876,0.18019779,0.28384957,-0.018175945
1150,0.12376313,0.05994548,0.06570156,0.037693728,0.05806157,0.022251751
1151,0.74929553,0.27735278,0.43814313,0.25244534,0.3111524,0.02490744
1152,-0.069768324,0.09417852,0.02826252,0.019203732,-0.09803084,0.07497479
1153,0.036782794,0.057544164,0.025254862,0.023093922,0.011527931,0.03445024
1154,0.055638637,0.030381877,0.037245683,0.027634125,0.018392954,0.0027477518
1155,0.20262308,0.07531525,0.077698305,0.05742267,0.12492478,0.01789258
1156,0.0358401,-0.029157568,0.056298498,0.028621603,-0.020458397,-0.05777917
1157,0.061915338,0.209458,0.048159014,0.032934234,0.013756324,0.17652376
1158,0.7763702,0.18884738,0.27020967,0.17421591,0.50616056,0.014631465
1159,-0.0012111237,0.13364509,0.025880743,0.015052238,-0.027091866,0.11859285
1160,0.70199597,0.33055502,0.40184602,0.31242374,0.30014995,0.018131286
1161,0.59793705,0.18885255,0.24954699,0.16530077,0.34839004,0.023551777
1162,0.1348849,0.0071909283,0.027690174,0.021255461,0.10719472,-0.014064534
1163,0.8162026,0.19545707,0.3592762,0.22486378,0.45692638,-0.029406711
1164,1.23809,0.49906626,0.6058033,0.4259639,0.6322867,0.073102355
1165,0.7933085,0.22035056,0.32619926,0.22942452,0.46710923,-0.009073958
1166,-0.024381204,-0.02941898,0.01637397,0.010063683,-0.040755175,-0.039482664
1167,1.476292,0.42466828,0.6538225,0.4720993,0.82246953,-0.047431022
1168,0.50932515,0.13983162,0.15819776,0.10881281,0.3511274,0.031018808
1169,0.23215686,0.15301575,0.12601185,0.09129379,0.10614501,0.06172196
1170,0.08439453,0.04859114,0.0721806,0.056509066,0.0122139305,-0.007917926
1171,0.015880201,0.14349426,0.023078835,0.012589411,-0.0071986336,0.13090485
1172,0.8071486,0.2896712,0.34561262,0.25019792,0.46153596,0.039473295
1173,0.82743126,0.3134679,0.41527027,0.30138612,0.412161,0.012081772
1174,0.098361015,-0.0053381007,0.0884829,0.051820375,0.009878114,-0.057158478
1175,0.07937705,-0.03825577,0.05283764,0.027808132,0.026539408,-0.0660639
1176,0.05119201,0.050428744,0.063221,0.052384116,-0.012028988,-0.0019553714
1177,0.8398033,0.34636852,0.45409244,0.32269695,0.38571084,0.023671567
1178,0.5413242,0.22010389,0.27524614,0.20563032,0.26607805,0.014473572
1179,1.1669523,0.35140708,0.48655567,0.30572686,0.68039656,0.045680225
1180,0.83908576,0.3561643,0.43304348,0.32258725,0.40604228,0.033577055
1181,1.1786739,0.4639585,0.6404602,0.4260676,0.5382137,0.03789091
1182,0.9940253,0.3173368,0.35561034,0.27125156,0.638415,0.04608524
1183,0.15498683,0.13051784,0.10564617,0.056542102,0.049340658,0.07397574
1184,0.21423706,0.08239379,0.113848746,0.08730906,0.10038832,-0.0049152747
1185,0.75815636,0.38149074,0.54182583,0.404016,0.21633053,-0.02252525
1186,0.0307051,0.021503499,0.050000105,0.038321346,-0.019295005,-0.016817847
1187,0.7294381,0.16045736,0.20340006,0.14470705,0.52603805,0.015750304
1188,0.19325246,0.0786279,0.06428386,0.054124188,0.1289686,0.024503712
1189,0.07626757,0.03621985,0.07201293,0.04204214,0.004254639,-0.0058222897
1190,0.7242752,0.21556693,0.28910375,0.2065372,0.43517143,0.009029731
1191,0.34331322,0.1439187,0.15037051,0.1099969,0.19294271,0.033921793
1192,0.51025605,0.18216331,0.1974557,0.15046512,0.31280035,0.031698197
1193,0.08314003,0.07467158,0.059117436,0.048091635,0.024022594,0.026579946
1194,0.027243802,0.019986749,0.01561766,0.010868169,0.011626142,0.009118579
1195,0.9768709,0.16622688,0.21905985,0.15716955,0.75781107,0.009057328
1196,0.18455306,0.050857242,0.11192226,0.07252136,0.0726308,-0.021664117
1197,0.9415703,0.29732856,0.44185543,0.28414723,0.49971485,0.013181329
1198,0.72992915,0.32818708,0.39206424,0.2681304,0.3378649,0.060056686
1199,0.5204228,0.28075063,0.34152946,0.26107076,0.17889336,0.019679874
1200,0.43681625,0.22214933,0.27104,0.18226188,0.16577625,0.039887443
1201,0.121924736,0.07062825,0.08201865,0.05682668,0.039906085,0.013801567
1202,0.63435614,0.23571302,0.40664333,0.23059075,0.22771281,0.005122274
1203,0.018062089,-0.061350215,0.011987505,0.0019778283,0.006074584,-0.06332804
1204,0.10386324,0.009131835,0.064580455,0.035820637,0.039282784,-0.026688803
1205,0.0065797726,-0.06553702,0.023423636,0.010661358,-0.016843863,-0.07619838
1206,0.046484955,-0.037593976,0.019617748,0.01063854,0.026867207,-0.048232514
1207,0.10779988,0.027728423,0.0154733965,0.01198753,0.092326485,0.015740894
1208,0.28077433,0.06885182,0.10568605,0.07455909,0.17508827,-0.0057072714
1209,0.96125233,0.35261133,0.51214635,0.34538814,0.44910598,0.007223189
1210,0.9836449,0.28662753,0.37801346,0.28630638,0.6056315,0.00032114983
1211,0.18379223,0.07700864,0.06170197,0.04499781,0.122090265,0.03201083
1212,0.06095839,-0.0642548,0.0059658973,2.8073397e-05,0.054992493,-0.06428287
1213,0.8498364,0.30716154,0.41908604,0.2831095,0.43075037,0.024052054
1214,0.1606172,0.06077899,0.04163812,0.029127838,0.11897908,0.031651154
1215,0.66181517,0.18578017,0.2668444,0.1952753,0.39497077,-0.009495139
1216,0.584345,0.246065,0.35734272,0.24368417,0.22700226,0.002380833
1217,1.0178477,0.4269811,0.5851247,0.41393563,0.432723,0.01304546
1218,0.05300149,0.15708624,0.070205376,0.046974927,-0.017203886,0.11011131
1219,0.72687167,0.18926144,0.23325047,0.14940372,0.4936212,0.039857715
1220,0.7603638,0.3595613,0.42890653,0.3327044,0.3314573,0.0268569
1221,0.025277419,0.021732435,0.03673702,0.02325794,-0.011459602,-0.0015255045
1222,0.07677484,0.021465894,0.06268671,0.041959267,0.0140881315,-0.020493373
1223,0.4180631,0.15492424,0.19912623,0.14717853,0.21893688,0.007745713
1224,0.26337677,0.13365489,0.11470378,0.0854394,0.148673,0.048215494
1225,0.8651929,0.16249631,0.28301057,0.19121036,0.5821823,-0.028714046
1226,0.61781174,0.26572907,0.26473552,0.20662312,0.35307622,0.059105948
1227,0.17513835,0.012557002,0.059257727,0.042221908,0.11588062,-0.029664906
1228,0.51480305,0.17173758,0.23503207,0.18623796,0.27977097,-0.01450038
1229,0.88073957,0.28947544,0.45348114,0.29907843,0.42725843,-0.009602994
1230,0.055926107,0.03829463,0.029363392,0.022339644,0.026562715,0.015954984
1231,1.0909444,0.33636716,0.42866057,0.31439865,0.66228384,0.021968514
1232,0.027880868,-0.0077419556,0.0015509805,0.004104076,0.026329888,-0.011846032
1233,0.21540727,0.09527582,0.09687971,0.061429795,0.118527554,0.033846024
1234,0.97665006,0.25067723,0.3846133,0.26873446,0.5920367,-0.018057227
1235,0.018987155,0.017691053,0.023073949,0.014589805,-0.0040867943,0.0031012483
1236,0.6189947,0.19599538,0.22761373,0.17026804,0.39138097,0.025727332
1237,0.22706777,0.13743751,0.055122882,0.03691692,0.17194489,0.10052059
1238,0.7681073,0.1981642,0.27637848,0.1905743,0.4917288,0.0075898916
1239,0.6902233,0.116690174,0.26267558,0.17020023,0.4275477,-0.053510055
1240,0.554904,0.2324416,0.34494245,0.23234928,0.20996153,9.2327595e-05
1241,0.13233332,0.060370907,0.090511225,0.048953995,0.0418221,0.011416912
1242,0.9162622,0.19134077,0.23274498,0.16724226,0.6835172,0.024098516
1243,0.9541059,0.30315426,0.34379864,0.26034337,0.6103073,0.042810887
1244,0.91090876,0.26116922,0.37724942,0.23607044,0.53365934,0.025098786
1245,0.79588395,0.3162884,0.3234421,0.23035848,0.47244185,0.08592993
1246,0.6549784,0.20286031,0.27397507,0.2010899,0.38100332,0.001770407
1247,0.14281689,0.037346575,0.038141217,0.025478924,0.104675665,0.011867652
1248,0.072637685,0.042521097,0.04018973,0.029420353,0.032447957,0.013100743
1249,0.19314198,0.08596132,0.07741517,0.059304275,0.11572681,0.026657045
1250,0.7049823,0.20777062,0.27893656,0.21492223,0.42604572,-0.0071516186
1251,0.73059636,0.21661174,0.26924056,0.19580486,0.4613558,0.020806879
1252,0.20296147,0.0052368357,0.073041655,0.046681356,0.12991983,-0.04144452
1253,0.038849734,0.13631672,0.032391757,0.02071342,0.006457977,0.1156033
1254,0.18799496,0.1623216,0.17324531,0.118488826,0.014749646,0.04383277
1255,0.7557955,0.18034717,0.19741267,0.14433312,0.5583828,0.03601405
1256,0.11229421,0.024698025,0.058631163,0.036494937,0.05366305,-0.011796912
1257,0.85979915,0.2517928,0.31899127,0.23395516,0.54080784,0.017837629
1258,0.025610408,0.020052522,0.018789323,0.015806094,0.006821085,0.0042464286
1259,0.7514286,0.29254162,0.39892998,0.26715642,0.35249862,0.025385201
1260,0.5962425,0.17105776,0.22051048,0.16190004,0.375732,0.009157717
1261,0.41736245,0.16901296,0.20192938,0.15480514,0.21543308,0.014207825
1262,0.78568304,0.28097928,0.42958543,0.286307,0.3560976,-0.0053277314
1263,0.4863408,0.10175931,0.12837346,0.094599895,0.35796732,0.007159412
1264,0.82968473,0.29867333,0.42635295,0.29071307,0.4033318,0.00796026
1265,0.94177276,0.36690846,0.45163044,0.3186491,0.49014232,0.048259348
1266,0.5631364,0.16375244,0.24153227,0.1626206,0.32160413,0.0011318326
1267,0.061903317,0.054345727,0.055707302,0.045885973,0.0061960146,0.008459754
1268,0.099901095,0.023386545,0.048650075,0.028425295,0.05125102,-0.0050387494
1269,0.64486593,0.24466725,0.31960538,0.23618683,0.32526055,0.008480415
1270,0.6239127,0.17042027,0.287092,0.17671706,0.3368207,-0.0062967837
1271,0.23069988,0.064886935,0.018827783,0.012940202,0.2118721,0.051946733
1272,0.8246134,0.26180208,0.33484417,0.25403348,0.48976922,0.007768601
1273,0.41697136,0.14805277,0.19724977,0.14197049,0.21972159,0.0060822815
1274,0.7636576,0.3178913,0.43370393,0.29120687,0.3299537,0.026684433
1275,0.86610967,0.3823315,0.55032754,0.39630756,0.31578213,-0.013976067
1276,0.8157395,0.24866292,0.3412095,0.23153283,0.47453,0.017130092
1277,0.16075249,-0.009749772,0.062212076,0.032983672,0.09854041,-0.042733446
1278,0.58474445,0.13841584,0.18585798,0.13231939,0.39888647,0.0060964525
1279,0.6347743,0.22350283,0.24662037,0.14344367,0.38815397,0.080059156
1280,0.3725342,0.14244041,0.16921979,0.12088854,0.2033144,0.02155187
1281,0.29103133,0.11933663,0.18560858,0.11047453,0.10542275,0.008862101
1282,0.7218008,0.29182068,0.35635087,0.27447525,0.36544994,0.017345428
1283,0.087191656,0.01249403,0.0416077,0.027375108,0.045583956,-0.014881077
1284,0.5156762,0.12089591,0.18561922,0.12621427,0.33005697,-0.0053183585
1285,0.0986831,0.10164053,0.061231658,0.05151425,0.03745144,0.05012628
1286,0.029721115,-0.063022114,0.014257089,0.004682355,0.015464026,-0.06770447
1287,0.623422,0.10614129,0.13033934,0.09660034,0.4930827,0.009540953
1288,0.32264644,0.20042026,0.25330022,0.16573139,0.06934622,0.034688875
1289,0.9235637,0.36282766,0.47520342,0.35409912,0.4483603,0.008728534
1290,0.8284091,0.34221983,0.45260385,0.33302766,0.37580523,0.009192169
1291,0.86787975,0.30600414,0.36466888,0.26004758,0.5032109,0.045956552
1292,0.64918804,0.20081699,0.32867947,0.19973573,0.32050857,0.0010812581
1293,0.77852273,0.30283776,0.3881655,0.2988919,0.39035723,0.0039458573
1294,0.5621002,0.22248429,0.26553845,0.20047924,0.29656172,0.022005051
1295,0.77252346,0.27286288,0.339948,0.24322978,0.43257546,0.029633105
1296,0.48787332,0.22284926,0.31544256,0.22021633,0.17243075,0.0026329309
1297,0.83742905,0.3388675,0.48575306,0.3132486,0.351676,0.025618881
1298,0.80977654,0.24583645,0.38813916,0.24963656,0.4216374,-0.003800109
1299,-0.004465038,-0.06665051,0.029127873,0.01707548,-0.03359291,-0.08372599
1300,0.7317905,0.16724838,0.18009071,0.13876273,0.55169976,0.028485656
1301,0.9594991,0.33477792,0.5254247,0.31168726,0.4340744,0.02309066
1302,0.98529446,0.25485152,0.33897164,0.2386928,0.64632285,0.016158715
1303,0.4101993,0.16617054,0.22074263,0.1594258,0.18945669,0.0067447424
1304,0.73584855,0.25101063,0.4241344,0.26269844,0.31171414,-0.011687815
1305,0.40066347,0.18880065,0.064565174,0.04083761,0.33609828,0.14796305
1306,0.16256788,-0.0009734395,0.09267867,0.0496529,0.06988921,-0.05062634
1307,0.5074601,0.33163685,0.30892092,0.25016108,0.1985392,0.081475765
1308,0.570188,0.26514518,0.33198544,0.22852623,0.23820254,0.036618948
1309,0.16110529,0.05474144,0.06623062,0.050940048,0.09487467,0.0038013905
1310,1.200282,0.26485914,0.39764386,0.28719243,0.8026381,-0.022333294
1311,0.49836874,0.12772949,0.16065761,0.11239859,0.33771113,0.015330903
1312,0.21752082,0.18640234,0.18194962,0.1325103,0.035571203,0.05389203
1313,1.0551434,0.36111394,0.5327078,0.3563752,0.52243555,0.004738748
1314,0.9902692,0.29340535,0.3455736,0.25856596,0.6446956,0.03483939
1315,0.7954603,0.23171672,0.41039577,0.30695385,0.3850645,-0.075237125
1316,0.4815663,0.19401222,0.2591056,0.19527367,0.22246072,-0.0012614429
1317,0.12632822,0.011595329,0.08894113,0.060087923,0.037387088,-0.048492596
1318,0.21131992,0.13779612,0.1413043,0.087206945,0.070015624,0.050589174
1319,0.76122934,0.19439328,0.2667298,0.18929262,0.49449953,0.0051006526
1320,0.65195435,0.3560235,0.44430286,0.3272908,0.2076515,0.028732687
1321,0.80608845,0.29220572,0.44063735,0.30791652,0.3654511,-0.0157108
1322,0.76375926,0.20116031,0.23890136,0.16971351,0.5248579,0.0314468
1323,1.0925034,0.3564962,0.5247643,0.35411096,0.5677391,0.0023852587
1324,0.78116435,0.24263512,0.38081098,0.26783916,0.40035337,-0.025204048
1325,0.5877351,0.16553554,0.20865574,0.14230168,0.37907937,0.02323386
1326,0.12134139,0.041668076,0.057348303,0.047275454,0.06399309,-0.0056073777
1327,0.35420373,0.13020125,0.17711851,0.10590131,0.17708522,0.024299942
1328,0.5476568,0.20007023,0.25071013,0.18097413,0.29694664,0.019096106
1329,0.124129824,0.07671444,0.03944263,0.025526583,0.084687196,0.051187858
1330,-0.061679237,-0.017932413,0.02950206,0.021265231,-0.09118129,-0.039197646
1331,0.7672406,0.32546622,0.388107,0.28982154,0.37913358,0.03564468
1332,0.13213713,0.04425212,0.058217287,0.03875343,0.07391985,0.0054986887
1333,0.051943563,0.07138352,0.06182335,0.046557974,-0.0098797865,0.024825547
1334,0.8321427,0.22862001,0.35232198,0.23637804,0.47982073,-0.0077580363
1335,0.0066363937,0.04604354,0.025323842,0.017714836,-0.018687448,0.028328706
1336,0.5437038,0.2163175,0.2965689,0.20199236,0.2471349,0.014325142
1337,0.44743243,0.14386106,0.18281317,0.11853994,0.26461926,0.025321119
1338,0.23384623,0.12275762,0.13044375,0.101716146,0.10340248,0.021041475
1339,0.24190933,0.12440797,0.11069502,0.08521656,0.1312143,0.03919141
1340,0.08596884,0.045697782,0.035644755,0.028861843,0.050324082,0.01683594
1341,0.92472064,0.22314207,0.31579778,0.23404156,0.60892284,-0.010899484
1342,0.10889909,-0.019417763,0.036500797,0.02238021,0.07239829,-0.041797973
1343,0.5103568,0.1402826,0.21070819,0.13713509,0.29964858,0.0031475127
1344,0.8522981,0.20474121,0.3089714,0.22302334,0.5433267,-0.01828213
1345,0.7082114,0.1900912,0.267846,0.19744067,0.44036543,-0.007349476
1346,0.8876354,0.21674153,0.30698493,0.21282831,0.58065045,0.0039132237
1347,0.82632107,0.20883997,0.23094143,0.16374628,0.59537965,0.045093685
1348,0.16590281,0.06610161,0.0827182,0.057755485,0.08318461,0.0083461255
1349,0.8362516,0.1736834,0.23524988,0.17326614,0.60100174,0.00041726232
1350,0.058686186,-0.010123881,0.039978713,0.02639853,0.018707473,-0.03652241
1351,0.02313649,0.1158222,0.018620808,0.010026073,0.0045156814,0.10579613
1352,0.15901545,0.08102557,0.04077846,0.034510117,0.11823699,0.046515454
1353,0.07369181,0.051847983,0.04818389,0.03286704,0.02550792,0.018980943
1354,0.79464173,0.27348655,0.2867915,0.20399648,0.5078502,0.069490075
1355,0.71679664,0.26770768,0.40569097,0.27515134,0.31110567,-0.0074436665
1356,0.5343456,0.26409146,0.31248376,0.22490351,0.22186187,0.039187953
1357,0.11557845,0.054670803,0.0527638,0.040026393,0.06281465,0.01464441
1358,0.83056265,0.25461572,0.35711402,0.25393742,0.47344863,0.00067830086
1359,1.141608,0.39718455,0.6385267,0.4089034,0.5030813,-0.011718839
1360,0.060461488,0.055777654,0.04397149,0.035156243,0.016489998,0.020621412
1361,0.9907028,0.45466638,0.53056467,0.42040217,0.46013814,0.034264207
1362,0.42749113,0.07321609,0.11530388,0.07314127,0.31218725,7.481873e-05
1363,0.11064362,-0.002928757,0.057839397,0.031208003,0.05280422,-0.03413676
1364,0.7096174,0.29276434,0.37633118,0.27356184,0.3332862,0.0192025
1365,0.9699884,0.1501155,0.2848379,0.18809661,0.6851505,-0.037981108
1366,0.18593326,0.15176137,0.11508423,0.078188755,0.07084903,0.07357261
1367,1.1795757,0.30486763,0.50587726,0.3019123,0.6736984,0.0029553175
1368,0.9327761,0.38534304,0.4179574,0.3187673,0.51481867,0.066575736
1369,0.2647494,0.08731325,0.1063616,0.06651358,0.15838781,0.020799667
1370,0.20263425,0.044394568,0.07847047,0.05900705,0.12416378,-0.014612481
1371,0.8633223,0.24130979,0.384379,0.2659569,0.47894332,-0.024647117
1372,0.9947521,0.336738,0.48611617,0.345749,0.50863594,-0.009011
1373,1.0008061,0.25360346,0.32901236,0.23677608,0.6717937,0.016827375
1374,0.16800486,0.13993938,0.14235179,0.0952375,0.025653064,0.04470188
1375,1.0932878,0.29316345,0.47244194,0.31402498,0.6208459,-0.020861536
1376,0.82688147,0.25270337,0.3348028,0.24746767,0.49207866,0.005235702
1377,0.2588158,0.031937778,0.05304151,0.039297365,0.20577428,-0.0073595867
1378,1.266104,0.21885517,0.38941407,0.23675185,0.8766899,-0.017896682
1379,1.2361397,0.43920866,0.50288576,0.37126073,0.7332539,0.067947924
1380,0.6378117,0.21832553,0.29096445,0.21051681,0.34684727,0.007808715
1381,0.56618094,0.23073365,0.30624658,0.23423691,0.25993437,-0.003503263
1382,0.043081615,-0.02203821,0.02628587,0.009709294,0.016795745,-0.031747505
1383,0.08971215,0.05326947,0.0484,0.03018289,0.04131215,0.023086578
1384,0.7952506,0.32620218,0.3976774,0.31362355,0.3975732,0.012578636
1385,0.07821072,0.09269708,0.12751457,0.08480488,-0.049303852,0.007892199
1386,0.73770916,0.20592766,0.275173,0.19093771,0.46253616,0.014989942
1387,0.9234172,0.35617688,0.48458987,0.333254,0.43882734,0.022922873
1388,0.15826544,0.09403448,0.12299855,0.05976878,0.03526689,0.034265697
1389,-0.013732634,0.065779544,0.02038829,0.0166667,-0.034120925,0.049112845
1390,0.825413,0.2864263,0.37958944,0.27297965,0.44582355,0.013446659
1391,0.750151,0.17438138,0.24921095,0.17000397,0.50094,0.00437741
1392,0.989455,0.20454827,0.32256812,0.22622047,0.66688687,-0.021672204
1393,0.025016245,0.032550987,0.02736268,0.023486543,-0.0023464356,0.009064443
1394,0.076527216,0.11756553,0.078565694,0.06304822,-0.0020384789,0.054517306
1395,0.18760687,0.052796517,0.10328082,0.067959286,0.08432605,-0.01516277
1396,0.657163,0.27530795,0.47589034,0.27882192,0.18127269,-0.003513962
1397,0.7586881,0.26283327,0.3764137,0.25810367,0.3822744,0.0047295988
1398,0.027575178,-0.023325134,0.041283783,0.028589161,-0.0137086045,-0.051914297
1399,0.94734496,0.3361911,0.38403857,0.28853968,0.5633064,0.04765141
1400,0.6570391,0.13335595,0.17102747,0.11563884,0.48601162,0.017717108
1401,0.78448975,0.29390016,0.46591744,0.3185453,0.3185723,-0.02464515
1402,0.094738,0.032956567,0.034394253,0.028306475,0.060343746,0.0046500918
1403,-0.033672974,0.019165104,0.014794877,0.013411644,-0.048467852,0.0057534603
1404,0.9112866,0.48410884,0.58098066,0.43114862,0.33030593,0.052960217
1405,0.9870776,0.16361181,0.2770438,0.19210966,0.7100338,-0.028497845
1406,0.16396128,0.05903496,0.07735907,0.048745766,0.0866022,0.010289192
1407,0.5560677,0.16360556,0.18608736,0.12828983,0.36998034,0.035315722
1408,0.7444921,0.31755632,0.43942714,0.26830328,0.30506498,0.049253047
1409,0.65315706,0.21872343,0.29929203,0.20834352,0.35386503,0.0103799105
1410,-0.013041555,-0.0330831,0.014103273,0.006998955,-0.027144827,-0.040082056
1411,0.058489773,0.09400142,0.032453407,0.027132869,0.026036367,0.06686855
1412,0.18928976,0.005419898,0.06725764,0.04913601,0.12203212,-0.04371611
1413,0.74121463,0.13545215,0.20985489,0.13868259,0.53135973,-0.0032304376
1414,0.22485591,0.06729739,0.059314914,0.039340157,0.165541,0.027957235
1415,0.36223912,0.021135522,0.110600755,0.07408418,0.25163835,-0.052948654
1416,0.6320484,0.1928262,0.22162476,0.14390902,0.41042367,0.048917174
1417,0.16174713,0.088527836,0.088872544,0.059981685,0.07287458,0.02854615
1418,0.6661906,0.2587228,0.33689293,0.2526865,0.3292977,0.0060363114
1419,0.54860985,0.16720392,0.20050015,0.13288283,0.34810972,0.034321085
1420,0.5881693,0.11903677,0.15140516,0.1090364,0.43676412,0.01000037
1421,0.13023372,0.012418057,0.0898394,0.057868384,0.04039432,-0.045450326
1422,0.16817547,0.024400644,0.09354958,0.049507428,0.074625894,-0.025106784
1423,0.23841475,0.22294313,0.10876315,0.08546537,0.1296516,0.13747776
1424,0.71912897,0.18215543,0.18690675,0.13621856,0.5322222,0.045936868
1425,0.005868832,0.007676706,0.015917674,0.014665124,-0.010048842,-0.006988418
1426,0.07186453,0.06476511,0.040683012,0.032481458,0.031181518,0.032283653
1427,0.043192197,0.05294377,0.04093932,0.029754445,0.0022528768,0.023189325
1428,1.0401075,0.31910697,0.56523645,0.3610193,0.47487104,-0.041912347
1429,-0.032795373,0.11049699,0.009460371,0.0031732307,-0.042255744,0.10732376
1430,0.20119388,-0.0036611846,0.07536388,0.050953183,0.12583,-0.05461437
1431,0.78166264,0.24263717,0.34592143,0.25085604,0.43574122,-0.00821887
1432,0.12874484,0.026801573,0.054786757,0.038483337,0.073958084,-0.011681763
1433,0.021216515,0.14927216,0.031935062,0.028817043,-0.010718547,0.120455116
1434,0.80144864,0.24986558,0.356975,0.2551689,0.44447365,-0.005303338
1435,0.6905611,0.18204357,0.24823834,0.18081398,0.4423228,0.0012295842
1436,0.74707776,0.2473167,0.36670533,0.2526728,0.38037243,-0.0053560883
1437,0.4936908,0.27644116,0.28878844,0.21538319,0.20490235,0.06105797
1438,0.055968877,0.10537324,0.05852993,0.03920761,-0.0025610514,0.066165626
1439,0.74435544,0.14785317,0.31381455,0.20114686,0.4305409,-0.05329369
1440,0.7014733,0.22651005,0.2744339,0.18494491,0.42703938,0.041565135
1441,0.9797795,0.42770422,0.40390924,0.292521,0.5758703,0.13518322
1442,0.58678967,0.1873875,0.2668597,0.18795574,0.31992996,-0.0005682409
1443,0.23600179,0.100702286,0.13675319,0.08582905,0.0992486,0.014873236
1444,0.011492965,0.1226964,0.020615825,0.01135812,-0.009122861,0.11133828
1445,0.03732088,0.02552393,0.012287326,0.009495423,0.025033552,0.016028509
1446,0.099381186,0.011384342,0.07340291,0.05105318,0.025978275,-0.03966884
1447,-0.016660053,-0.03927592,0.017194675,0.011670103,-0.03385473,-0.05094602
1448,1.0179331,0.37028947,0.61564916,0.43476772,0.40228397,-0.06447825
1449,0.52043384,0.123294204,0.18555744,0.13759717,0.33487642,-0.014302969
1450,0.9409439,0.26763043,0.35261574,0.24212775,0.5883281,0.025502682
1451,0.78983444,0.24571232,0.3671093,0.2639339,0.42272514,-0.018221572
1452,0.05496768,0.008483906,0.07451303,0.047431406,-0.019545354,-0.0389475
1453,0.5839743,0.20337042,0.30076987,0.1928217,0.28320444,0.010548726
1454,0.50563353,0.24712367,0.29264426,0.22081657,0.21298927,0.026307106
1455,0.50949323,0.17354886,0.2503478,0.18574251,0.25914544,-0.01219365
1456,0.6168394,0.21638608,0.34410352,0.22718483,0.2727359,-0.010798752
1457,0.544296,0.27356142,0.3435399,0.24831644,0.20075613,0.025244981
1458,0.106028624,0.061429385,0.06357398,0.043815665,0.042454645,0.01761372
1459,0.8026827,0.36320168,0.48813465,0.36316073,0.31454805,4.094839e-05
1460,0.70645446,0.11535617,0.14256972,0.10008771,0.56388474,0.01526846
1461,0.5385835,0.2534394,0.33267793,0.20469429,0.20590559,0.04874511
1462,0.81358516,0.3277739,0.445755,0.34463245,0.36783016,-0.016858548
1463,0.7220069,0.24007489,0.29175794,0.19807619,0.43024898,0.0419987
1464,0.7021723,0.19427735,0.2384241,0.16232455,0.46374816,0.0319528
1465,0.8095065,0.25351417,0.3948018,0.26446563,0.41470468,-0.010951459
1466,0.049913123,0.05697616,0.03763869,0.03107467,0.012274433,0.025901489
1467,0.16887018,0.09162828,0.18858975,0.12729396,-0.01971957,-0.035665676
1468,0.75442165,0.2934825,0.37399969,0.2755846,0.38042197,0.017897904
1469,0.66619784,0.2024669,0.2733962,0.19337088,0.39280164,0.009096026
1470,0.5184179,0.1914664,0.27651206,0.17875408,0.24190584,0.01271233
1471,0.9305889,0.34533316,0.4435496,0.29707882,0.4870393,0.04825434
1472,0.55354226,0.1927895,0.29049644,0.2194578,0.26304582,-0.02666831
1473,0.49465063,0.14965403,0.21822226,0.14954339,0.27642837,0.00011064112
1474,0.8180752,0.30913642,0.45464957,0.3018434,0.3634256,0.0072930157
1475,0.069637604,0.17747508,0.05005003,0.042482518,0.019587573,0.13499257
1476,0.18690963,0.0066348435,0.09487608,0.056900483,0.09203355,-0.05026564
1477,0.3152987,0.10676284,0.13379829,0.098379545,0.18150042,0.008383296
1478,0.80525553,0.29474133,0.41915148,0.2947057,0.38610405,3.5643578e-05
1479,1.0063146,0.35527304,0.44454476,0.3116189,0.56176984,0.043654144
1480,0.42192954,0.20426804,0.25205827,0.18293266,0.16987127,0.021335378
1481,0.5703018,0.18391393,0.24447489,0.15565182,0.32582688,0.028262109
1482,0.13108231,0.06342669,0.05918374,0.04535437,0.07189857,0.018072318
1483,-0.0037212125,0.038000446,0.01141191,0.007418485,-0.015133122,0.03058196
1484,1.2796111,0.49019578,0.65576273,0.4270544,0.6238484,0.063141376
1485,0.7994262,0.22728932,0.33500594,0.22782673,0.46442026,-0.0005374104
1486,0.8641457,0.23830165,0.33692238,0.24128534,0.52722335,-0.0029836893
1487,0.63919854,0.18529923,0.22129077,0.15963435,0.41790777,0.02566488
1488,0.0989997,0.039236464,0.090225555,0.065648936,0.008774146,-0.026412472
1489,0.6098385,0.19670926,0.24228314,0.1690857,0.36755535,0.027623564
1490,0.3076616,0.07697788,0.12852296,0.08757136,0.17913863,-0.010593481
1491,0.44773912,0.04169396,0.09439234,0.05490848,0.3533468,-0.013214521
1492,0.04074759,0.16216485,0.062628515,0.054282557,-0.021880925,0.10788229
1493,-0.1544453,0.2005012,0.05141262,0.029240971,-0.20585793,0.17126024
1494,0.87513816,0.27024776,0.36230028,0.24431005,0.5128379,0.025937706
1495,0.7889863,0.2516864,0.43307668,0.2668202,0.35590965,-0.015133798
1496,0.21948378,0.07349948,0.07051591,0.05234183,0.14896786,0.021157648
1497,0.09013664,0.02155808,0.030966919,0.01838722,0.05916972,0.003170859
1498,0.91075957,0.3327092,0.35631195,0.25773883,0.55444765,0.074970365
1499,0.6670493,0.21046586,0.28395262,0.20554377,0.38309667,0.004922092
1500,0.1458358,0.06870408,0.09322947,0.072891936,0.05260633,-0.004187852
1501,0.061446156,-0.031423613,0.03611298,0.02214157,0.025333177,-0.05356518
1502,0.4020967,0.10213785,0.12655056,0.07622824,0.27554613,0.02590961
1503,0.94047135,0.28959098,0.35028455,0.26304075,0.59018683,0.026550233
1504,0.31558222,0.053654145,0.125878,0.07641015,0.18970421,-0.022756007
1505,0.86162084,0.34459177,0.48374313,0.34870327,0.3778777,-0.0041114986
1506,0.66109157,0.37022343,0.4058511,0.30143082,0.25524047,0.06879261
1507,0.01015979,0.04091558,0.014731468,0.011349699,-0.004571678,0.029565878
1508,0.61578363,0.16208886,0.20240435,0.14439099,0.41337928,0.01769787
1509,0.746472,0.23165415,0.32705933,0.21970382,0.41941267,0.011950329
1510,0.022245334,0.1136449,0.044051066,0.035992704,-0.021805732,0.07765219
1511,0.56990963,0.13225798,0.1903602,0.13482401,0.37954944,-0.0025660247
1512,0.59016633,0.20021081,0.26588166,0.20197392,0.32428467,-0.0017631054
1513,0.5086952,0.16802701,0.28064385,0.1699789,0.22805133,-0.0019518882
1514,0.79660046,0.18976073,0.279451,0.1847164,0.51714945,0.005044326
1515,0.5256287,0.25310054,0.2624226,0.19552703,0.2632061,0.057573512
1516,1.0392243,0.23870933,0.3542886,0.23009436,0.6849357,0.008614972
1517,0.4922721,0.14670114,0.20159863,0.1489535,0.2906735,-0.0022523552
1518,0.8312107,0.28342932,0.4119794,0.29730415,0.41923127,-0.013874829
1519,0.894278,0.24484897,0.31837204,0.227835,0.5759059,0.017013967
1520,0.74030095,0.1949663,0.3270631,0.2211309,0.41323784,-0.026164591
1521,0.78421307,0.28724068,0.3224709,0.23974584,0.46174216,0.047494844
1522,0.5236149,0.22356294,0.28979462,0.20723672,0.23382026,0.016326219
1523,-0.020278385,0.059223447,0.033903092,0.028715469,-0.05418148,0.030507978
1524,0.5810864,0.23794997,0.27005398,0.17318383,0.3110324,0.06476614
1525,0.91502464,0.15226857,0.18751925,0.13789378,0.7275054,0.014374793
1526,0.051804043,0.12978905,0.050557565,0.03905754,0.0012464784,0.09073152
1527,1.1168513,0.33064097,0.43628192,0.28806975,0.6805694,0.042571217
1528,0.14332795,0.1706565,0.052620906,0.040147275,0.09070705,0.13050923
1529,0.44915026,0.22198421,0.3026157,0.19719118,0.14653456,0.024793029
1530,0.05122778,0.026094032,0.032655515,0.021351302,0.018572263,0.0047427304
1531,0.80038404,0.27064103,0.3495144,0.2476665,0.45086965,0.022974536
1532,0.015885629,0.1362081,0.01621843,0.014951247,-0.00033280067,0.12125686
1533,0.54396564,0.2048766,0.3110694,0.22921461,0.23289624,-0.024338007
1534,0.101933055,0.029565884,0.03905576,0.028473163,0.0628773,0.0010927208
1535,0.115912005,-0.022552013,0.044755597,0.026724242,0.07115641,-0.049276255
1536,0.65501624,0.2582361,0.337818,0.23107666,0.31719825,0.027159452
1537,0.5867962,0.16344725,0.2605714,0.15688592,0.32622483,0.006561324
1538,0.3694642,0.2104449,0.2770734,0.2018699,0.092390776,0.008574992
1539,0.7827682,0.2760495,0.3865543,0.2793704,0.3962139,-0.0033209026
1540,0.42430255,0.08262928,0.15042567,0.092584096,0.27387688,-0.009954818
1541,0.9532982,0.3674515,0.4612962,0.3424195,0.492002,0.025031984
1542,1.1438165,0.39832067,0.5871896,0.39242977,0.55662686,0.005890906
1543,0.7523253,0.22922067,0.30561507,0.19806574,0.44671023,0.03115493
1544,0.18036622,0.015886648,0.038547993,0.024999475,0.14181823,-0.0091128275
1545,0.90747595,0.2647992,0.36785567,0.26695415,0.5396203,-0.0021549463
1546,1.162563,0.39683196,0.5504194,0.4039117,0.6121436,-0.0070797503
1547,0.3017633,0.06248783,0.09662038,0.072216034,0.20514292,-0.009728204
1548,0.21381795,0.00046848226,0.06546464,0.041435055,0.14835331,-0.040966574
1549,0.72183037,0.2483999,0.346446,0.23160027,0.37538436,0.016799629
1550,0.12680022,0.17517255,0.13243344,0.089439176,-0.00563322,0.08573338
1551,0.030063596,0.11785014,0.02286142,0.01614887,0.0072021764,0.10170127
1552,0.4976206,0.20483318,0.24980469,0.18903533,0.24781592,0.015797853
1553,0.28327978,0.1449813,0.13883512,0.10901351,0.14444466,0.035967782
1554,1.0470665,0.4901755,0.6842276,0.45710766,0.36283886,0.033067822
1555,0.062478554,-0.056655984,0.033459343,0.01812646,0.02901921,-0.074782446
1556,0.9803548,0.29337433,0.36050826,0.24029098,0.6198465,0.053083345
1557,0.76636845,0.24427728,0.38273412,0.26476395,0.38363433,-0.020486668
1558,0.7016935,0.22882411,0.3270084,0.22133619,0.37468508,0.007487923
1559,0.75632787,0.23720849,0.3210565,0.22601014,0.43527138,0.011198342
1560,0.8798619,0.35565677,0.5587608,0.3712331,0.32110107,-0.015576333
1561,0.47098407,0.15944436,0.17938453,0.12811875,0.29159954,0.03132561
1562,0.88364965,0.31310436,0.33275023,0.2530001,0.5508994,0.06010425
1563,0.47190925,0.057112038,0.07078859,0.052523363,0.40112066,0.0045886748
1564,0.91480577,0.24212646,0.3542412,0.26805228,0.5605646,-0.025925815
1565,0.3421764,0.25724402,0.27907652,0.21075962,0.06309989,0.046484396
1566,0.32967594,0.09758757,0.16827473,0.11092993,0.16140121,-0.013342358
1567,0.5289919,0.21216916,0.27126428,0.18343216,0.2577276,0.028736994
1568,0.794052,0.27057472,0.3683118,0.25127313,0.4257402,0.019301593
1569,-0.009509433,-4.2344378e-05,0.024060987,0.012939563,-0.03357042,-0.012981907
1570,0.6768698,0.23417485,0.2588608,0.20202015,0.418009,0.032154694
1571,0.9292803,0.4446035,0.63452315,0.4431081,0.29475713,0.0014953911
1572,0.49399653,0.23375818,0.3087228,0.212459,0.18527374,0.021299183
1573,0.26638454,0.08695716,0.070690215,0.04997182,0.19569433,0.036985338
1574,0.5817388,0.27924064,0.35335115,0.23124225,0.22838768,0.047998384
1575,0.08421652,0.10663828,0.024214065,0.020917976,0.060002454,0.08572031
1576,0.6753956,0.27625534,0.32021767,0.24367543,0.35517794,0.032579914
1577,0.74120337,0.14837736,0.19634649,0.14481089,0.5448569,0.0035664737
1578,0.18897508,0.06922486,0.100251,0.07201634,0.088724084,-0.0027914867
1579,0.28281185,0.08295783,0.14039375,0.093633406,0.1424181,-0.010675579
1580,0.049036533,0.030268122,0.03976315,0.026903715,0.009273384,0.0033644065
1581,0.5887677,0.27304,0.31988645,0.24999419,0.26888126,0.023045808
1582,0.8358244,0.3055917,0.37414855,0.25819388,0.46167582,0.047397822
1583,0.7935849,0.2295049,0.33083245,0.23108478,0.46275243,-0.0015798807
1584,0.6349547,0.17559113,0.25273612,0.16390063,0.38221857,0.011690497
1585,0.7834498,0.13944489,0.30217782,0.17740574,0.481272,-0.037960857
1586,0.51737833,0.16680412,0.20021877,0.150147,0.31715956,0.016657114
1587,0.04663601,0.13108051,0.076743454,0.057785586,-0.030107442,0.07329492
1588,0.6104246,0.17916028,0.2662101,0.17381349,0.34421447,0.00534679
1589,0.058312472,0.15344019,0.061573748,0.04696486,-0.0032612756,0.10647533
1590,0.080181815,0.087210685,0.11025108,0.08055305,-0.030069262,0.0066576377
1591,0.56783986,0.16773549,0.20413603,0.13707997,0.36370385,0.030655518
1592,0.6100642,0.17604046,0.2487344,0.16440915,0.3613298,0.01163131
1593,0.89820707,0.3059881,0.49092007,0.3134331,0.407287,-0.0074450076
1594,0.7250266,0.2234549,0.34513542,0.23250125,0.3798912,-0.009046361
1595,0.9384388,0.39591125,0.39472538,0.31144032,0.5437134,0.08447093
1596,0.8764339,0.2743576,0.43639174,0.2829278,0.44004217,-0.008570224
1597,0.3376603,0.13926043,0.19808327,0.13249291,0.13957705,0.0067675114
1598,0.7467713,0.30286208,0.35299668,0.2585951,0.3937746,0.04426697
1599,0.058994666,-0.0018499055,0.03314038,0.01982784,0.025854286,-0.021677746
1600,0.03720542,0.07537958,0.009130884,0.009848696,0.028074536,0.06553088
1601,0.6599676,0.25471976,0.31570268,0.24071583,0.34426492,0.0140039325
1602,0.9692626,0.23230663,0.34136283,0.23976971,0.62789977,-0.0074630827
1603,0.13408569,0.025903933,0.04697588,0.028194714,0.087109804,-0.0022907816
1604,0.7893347,0.2855759,0.40495282,0.2868964,0.3843819,-0.0013205111
1605,0.52472293,0.21046048,0.256305,0.1735458,0.26841792,0.03691469
1606,0.546707,0.16287717,0.24289921,0.16077983,0.30380777,0.0020973384
1607,0.47319058,0.16417721,0.22602892,0.16058174,0.24716166,0.0035954714
1608,1.081685,0.20895222,0.35911447,0.24970205,0.7225705,-0.040749833
1609,0.78340286,0.28229055,0.40017247,0.27644584,0.3832304,0.0058447123
1610,0.82968855,0.21421556,0.22897905,0.1666659,0.6007095,0.047549665
1611,0.23817812,0.10531258,0.13398933,0.08927574,0.104188785,0.016036838
1612,0.4978466,0.22165035,0.30555177,0.22063683,0.19229484,0.0010135174
1613,0.49622223,0.15317228,0.18640745,0.14806867,0.30981478,0.005103618
1614,0.5165741,0.1374893,0.2246373,0.15814716,0.29193678,-0.020657852
1615,0.089382306,0.03544957,0.055898227,0.041947003,0.03348408,-0.0064974353
1616,0.105364345,0.053493507,0.042634916,0.031752605,0.06272943,0.021740902
1617,0.8843123,0.15934698,0.22474891,0.16593677,0.65956336,-0.006589785
1618,0.63755596,0.17051381,0.32439956,0.2055394,0.3131564,-0.035025597
1619,0.9110315,0.33284673,0.46258762,0.29995543,0.44844386,0.032891303
1620,0.95336443,0.32231867,0.39737564,0.30908003,0.5559888,0.013238639
1621,0.24420649,0.15963964,0.1608959,0.12770627,0.08331059,0.031933367
1622,0.10317886,-0.002570325,0.05612464,0.032668713,0.04705422,-0.035239037
1623,0.98302805,0.30410868,0.3825824,0.28415814,0.6004456,0.019950539
1624,0.07656958,0.07312143,0.07669083,0.057416745,-0.00012125075,0.015704684
1625,0.7728444,0.24909635,0.3295763,0.22558671,0.44326806,0.023509637
1626,0.36098456,0.13251857,0.19867353,0.1272026,0.16231103,0.0053159744
1627,0.09381579,0.114083804,0.09202953,0.067599505,0.0017862618,0.0464843
1628,1.0999591,0.2667711,0.39203683,0.26457468,0.70792234,0.0021964312
1629,0.5100456,0.13176662,0.28940278,0.17514606,0.2206428,-0.04337944
1630,0.792151,0.18604402,0.31335452,0.18746696,0.47879645,-0.0014229417
1631,1.1478459,0.3523647,0.45799226,0.33073607,0.6898536,0.021628618
1632,0.56551236,0.14830163,0.23402172,0.16384664,0.33149064,-0.015545011
1633,0.8755176,0.28537595,0.39571643,0.28732893,0.47980118,-0.001952976
1634,0.95693755,0.316091,0.4932203,0.329239,0.46371725,-0.01314801
1635,0.9486542,0.4227919,0.57513,0.40938163,0.3735242,0.01341027
1636,0.111476414,0.028770262,0.03732119,0.032239765,0.07415523,-0.0034695026
1637,0.82128537,0.15087996,0.23350257,0.16152772,0.5877828,-0.010647759
1638,0.7087934,0.37782675,0.48145908,0.35324728,0.22733432,0.024579465
1639,0.6335325,0.25639188,0.30667907,0.22662987,0.32685345,0.029762015
1640,0.7054775,0.13524158,0.22032669,0.14818758,0.48515078,-0.012945995
1641,0.662777,0.2651724,0.34903252,0.22923884,0.3137445,0.035933554
1642,0.19462733,-0.00085662596,0.08825603,0.052639075,0.1063713,-0.0534957
1643,0.2981048,0.17524414,0.17519966,0.12536591,0.122905135,0.049878225
1644,0.5983484,0.1512445,0.22751972,0.15845862,0.37082866,-0.007214114
1645,0.6253373,0.22452104,0.27672437,0.20912343,0.34861293,0.015397608
1646,0.99785095,0.34154487,0.46062794,0.31573075,0.537223,0.025814116
1647,0.77241147,0.16229557,0.2799118,0.20217165,0.49249968,-0.03987609
1648,0.14739887,0.06087791,0.05437311,0.04480896,0.09302576,0.01606895
1649,0.8129394,0.2579819,0.33850166,0.23701191,0.47443774,0.020969987
1650,0.7199879,0.3409826,0.46192646,0.30841306,0.25806147,0.032569528
1651,0.78875273,0.27434963,0.35654396,0.25859106,0.43220878,0.015758574
1652,0.6388942,0.2063905,0.28830868,0.22074881,0.35058552,-0.014358312
1653,0.87506634,0.1813731,0.24973957,0.17541556,0.62532675,0.005957544
1654,1.0075587,0.33597046,0.47348878,0.32606804,0.5340699,0.009902418
1655,0.06850353,0.06649021,0.054633282,0.043002147,0.013870247,0.023488063
1656,0.24784392,0.19916292,0.1923696,0.13168694,0.055474326,0.067475975
1657,0.61357063,0.19583856,0.2857355,0.20825706,0.32783514,-0.0124185085
1658,0.24826398,0.044407584,0.042124238,0.026949603,0.20613974,0.01745798
1659,1.0601317,0.34032494,0.42271996,0.2778905,0.6374117,0.062434435
1660,0.65691894,0.16112164,0.21640998,0.14670081,0.44050896,0.014420822
1661,0.005781855,0.09284871,0.03076413,0.02221755,-0.024982275,0.07063116
1662,0.057497922,0.0699707,0.06798787,0.058965236,-0.010489944,0.011005461
1663,0.7352812,0.18795958,0.31657386,0.2181114,0.41870737,-0.030151814
1664,0.40797326,0.14457186,0.17898312,0.123114996,0.22899014,0.02145686
1665,0.20141506,0.00044972036,0.060343742,0.045036383,0.14107132,-0.044586662
1666,1.0231396,0.22257231,0.3284473,0.22099128,0.69469225,0.0015810281
1667,0.6706287,0.10903074,0.1882021,0.11863838,0.48242664,-0.009607643
1668,0.023742901,0.029846271,0.017242894,0.013826471,0.0065000076,0.0160198
1669,0.14074387,0.027476251,0.11380551,0.07698222,0.026938356,-0.04950597
1670,0.6816091,0.3313758,0.45288032,0.3151003,0.22872877,0.016275495
1671,0.2175807,0.04408329,0.05533252,0.042576943,0.1622482,0.0015063472
1672,0.668593,0.2159444,0.27263606,0.20455903,0.39595693,0.011385366
1673,0.15411097,0.0841257,0.10738987,0.0645618,0.0467211,0.019563898
1674,1.1665138,0.34726697,0.4045774,0.28972626,0.7619364,0.057540715
1675,0.16831967,0.10104037,0.12645239,0.09330602,0.041867286,0.007734351
1676,0.98274785,0.2889249,0.42533344,0.2898501,0.5574144,-0.0009251833
1677,0.7210213,0.27335578,0.36814395,0.27258515,0.35287735,0.00077062845
1678,-0.0037565315,-0.0003798793,0.03646079,0.021238113,-0.04021732,-0.021617992
1679,0.8356196,0.2969073,0.394787,0.2939038,0.4408326,0.0030035079
1680,0.8481735,0.3427276,0.35716876,0.28109083,0.49100474,0.061636776
1681,0.7287897,0.1518233,0.23593372,0.15737766,0.49285597,-0.005554363
1682,0.77695394,0.28010315,0.403521,0.28953302,0.37343293,-0.009429872
1683,1.4180826,0.41213953,0.6729097,0.4285203,0.7451729,-0.016380757
1684,0.81001717,0.26251718,0.3879467,0.2828827,0.42207047,-0.020365506
1685,0.9904375,0.14579658,0.24720776,0.17392474,0.74322975,-0.028128162
1686,0.051499773,0.05224191,0.06307185,0.046864662,-0.011572074,0.005377248
1687,0.11114509,0.088295266,0.055650756,0.04678659,0.05549433,0.041508675
1688,0.5656953,0.14179035,0.23937988,0.15179095,0.3263154,-0.010000601
1689,0.47834152,0.14496209,0.16469233,0.123278044,0.31364918,0.021684043
1690,0.8214492,0.3292062,0.46349058,0.33297297,0.35795864,-0.0037667751
1691,0.27038407,0.06315217,0.08426357,0.054869123,0.18612051,0.008283049
1692,0.43408316,0.15630202,0.18773264,0.12980795,0.24635053,0.02649407
1693,0.4699311,0.09829648,0.14743952,0.10365844,0.3224916,-0.0053619593
1694,0.10088563,0.03527885,0.04047297,0.02920166,0.06041266,0.006077189
1695,1.5802836,0.59813374,0.74570745,0.5339886,0.8345762,0.06414515
1696,0.80655223,0.24237636,0.36225307,0.26552302,0.44429916,-0.02314666
1697,0.14838918,0.08925631,0.099337645,0.080510266,0.04905153,0.008746043
1698,0.6047497,0.16217962,0.24733436,0.16308601,0.35741532,-0.00090639293
1699,0.72711515,0.29599178,0.33961496,0.23483399,0.3875002,0.061157793
1700,0.20006937,0.07908521,0.112331554,0.08239887,0.08773781,-0.0033136606
1701,0.25107628,0.06887899,0.051372666,0.03442736,0.19970362,0.034451634
1702,0.6686928,0.199309,0.22162674,0.16408275,0.44706607,0.035226256
1703,0.091441244,0.023976756,0.021910258,0.013425202,0.069530986,0.010551554
1704,0.09413777,0.1289009,0.056356084,0.03526511,0.03778169,0.09363579
1705,0.097363606,0.12659925,0.09460339,0.06736019,0.0027602166,0.05923906
1706,0.37815836,0.08695637,0.11754206,0.07229481,0.2606163,0.014661558
1707,0.35905325,0.13889454,0.13671522,0.095755905,0.22233804,0.04313864
1708,0.07763199,-0.010088073,0.073170565,0.037236635,0.0044614226,-0.04732471
1709,1.0174944,0.16524702,0.27224475,0.18988201,0.7452497,-0.024634987
1710,0.29087684,0.13588086,0.17322502,0.11956365,0.11765182,0.016317211
1711,0.15546508,0.10114982,0.06803765,0.04772765,0.08742743,0.05342217
1712,0.8956994,0.1971704,0.25244355,0.17165413,0.64325583,0.025516272
1713,0.76822424,0.29487744,0.41905773,0.27275997,0.3491665,0.022117466
1714,0.7833029,0.18652073,0.26208732,0.18501261,0.52121556,0.0015081167
1715,0.1910936,0.14468578,0.10799935,0.08012423,0.08309425,0.064561546
1716,0.81431454,0.091721535,0.16997522,0.11468013,0.6443393,-0.022958592
1717,0.81319,0.14285237,0.22068745,0.15488242,0.59250253,-0.01203005
1718,0.013065498,-0.016556345,0.025994431,0.01873368,-0.012928933,-0.035290025
1719,0.7642118,0.3099392,0.39602837,0.28534505,0.3681834,0.024594158
1720,-0.041078046,0.09946361,-0.00062672474,-0.0042864885,-0.04045132,0.1037501
1721,-0.032224033,0.1716429,0.015405813,0.01572224,-0.047629848,0.15592065
1722,0.8103809,0.27931952,0.4180167,0.2737945,0.39236417,0.0055250227
1723,0.90844333,0.2584481,0.4371957,0.26735225,0.47124764,-0.008904159
1724,-0.051128704,0.11808932,0.01480293,0.005757397,-0.06593163,0.11233192
1725,0.40622562,0.18097852,0.25288698,0.17996393,0.15333864,0.0010145903
1726,0.80936384,0.24064253,0.34015846,0.22652985,0.46920538,0.014112681
1727,0.036146186,-0.026439937,0.058798194,0.030879354,-0.022652008,-0.05731929
1728,0.04281323,0.051232163,0.021011803,0.020394078,0.021801427,0.030838085
1729,0.6034181,0.23423187,0.3444538,0.22773482,0.2589643,0.0064970553
1730,0.78555256,0.37919363,0.47843587,0.32162514,0.3071167,0.05756849
1731,0.047912944,0.04134059,0.036225583,0.028878707,0.011687361,0.012461882
1732,0.8310926,0.30169097,0.4122887,0.29339775,0.4188039,0.008293211
1733,0.06559998,-0.025166381,0.037298277,0.024691889,0.028301701,-0.049858272
1734,0.66583246,0.3662399,0.43232605,0.3361019,0.23350641,0.030138016
1735,0.7522215,0.19947548,0.30192977,0.22342819,0.45029175,-0.023952708
1736,0.9247887,0.336768,0.4069123,0.31519902,0.5178764,0.021568984
1737,0.15002735,0.19563033,0.14862576,0.10636593,0.0014015883,0.0892644
1738,0.44659582,0.090057515,0.13736306,0.09479648,0.30923277,-0.004738964
1739,0.052556977,-0.033172652,0.016958253,0.008730532,0.035598725,-0.041903183
1740,0.7391943,0.2181802,0.2665051,0.19038059,0.47268918,0.027799606
1741,0.40752968,0.18165964,0.23118564,0.16587183,0.17634404,0.01578781
1742,0.12193705,-0.0018681767,0.082884714,0.04915489,0.039052337,-0.051023066
1743,0.13552621,0.0891037,0.045533046,0.03182523,0.089993164,0.05727847
1744,0.014678681,-0.035406686,0.028270397,0.016134491,-0.013591716,-0.05154118
1745,0.40922943,0.12331117,0.15436181,0.114344284,0.2548676,0.0089668855
1746,0.6930765,0.23679933,0.33588505,0.22650276,0.35719144,0.010296568
1747,0.122334965,0.18222512,0.024352891,0.010814142,0.09798207,0.17141098
1748,0.11721524,0.09690707,0.094138056,0.075055026,0.023077182,0.021852046
1749,0.82875735,0.27512708,0.4089643,0.3149912,0.41979304,-0.039864123
1750,1.1964004,0.40553597,0.54206926,0.4085182,0.65433115,-0.002982229
1751,0.70894825,0.27841485,0.40987018,0.27764863,0.29907808,0.0007662177
1752,0.58600444,0.22100928,0.32023758,0.21602717,0.26576686,0.004982114
1753,0.86618036,0.3023261,0.40613964,0.30247936,0.46004072,-0.00015324354
1754,0.091779575,0.042707544,0.03703472,0.028425109,0.054744855,0.014282435
1755,0.62264323,0.2938557,0.35882238,0.26935482,0.26382086,0.024500877
1756,0.35620752,0.120348796,0.19427454,0.117926456,0.16193298,0.0024223402
1757,0.68076193,0.16326503,0.2389017,0.15927042,0.44186023,0.003994614
1758,0.14847898,0.05097417,0.09341338,0.06466575,0.055065602,-0.013691578
1759,0.00013765148,0.0051969895,0.026683057,0.01724234,-0.026545405,-0.012045351
1760,0.035004184,0.052632347,0.026817303,0.015659077,0.0081868805,0.036973268
1761,0.7494475,0.16894104,0.21108483,0.14254946,0.5383627,0.02639158
1762,0.51893896,0.16303258,0.22264858,0.1695084,0.2962904,-0.006475821
1763,0.4875274,0.22192341,0.3486902,0.23932715,0.13883719,-0.017403737
1764,0.76335347,0.25392374,0.31323445,0.22513008,0.45011902,0.028793663
1765,0.030719357,0.0048174835,0.07075916,0.048152037,-0.040039808,-0.043334555
1766,0.09468859,-0.01691626,0.063072845,0.033359293,0.03161574,-0.050275553
1767,0.84563315,0.32476047,0.3681551,0.25750363,0.47747806,0.06725684
1768,0.06189052,0.15352076,0.044439506,0.029777119,0.017451014,0.123743646
1769,0.8525478,0.17696314,0.2119941,0.1427015,0.6405537,0.03426163
1770,0.39427894,0.20242342,0.20999175,0.15491876,0.18428719,0.047504663
1771,0.10595711,0.091625705,0.109551325,0.08687812,-0.0035942122,0.0047475845
1772,0.25163496,0.047413986,0.14643544,0.06881624,0.105199516,-0.021402251
1773,0.13689984,0.029101545,0.034414824,0.023181206,0.102485016,0.0059203394
1774,0.885836,0.27387962,0.39133468,0.2735392,0.49450132,0.00034043193
1775,0.8844608,0.25389934,0.40820476,0.2840977,0.47625604,-0.030198365
1776,-0.008378977,0.020036658,0.037190277,0.025266863,-0.045569256,-0.005230205
1777,0.0313846,-0.021274015,0.036484834,0.021107458,-0.0051002353,-0.042381473
1778,0.37077403,0.10790094,0.15715653,0.120480135,0.2136175,-0.012579195
1779,0.07416225,0.07407996,0.04684693,0.028546521,0.027315322,0.04553344
1780,0.53023905,0.15591906,0.2033372,0.1547651,0.32690185,0.0011539608
1781,0.92902565,0.1685698,0.30530876,0.18565927,0.6237169,-0.017089471
1782,0.9061334,0.39775127,0.493292,0.35591397,0.4128414,0.041837305
1783,0.58357704,0.2533647,0.36159232,0.27621347,0.22198471,-0.022848755
1784,1.0913863,0.3131626,0.54488015,0.32972753,0.54650617,-0.016564935
1785,0.14345211,-0.022995194,0.05195473,0.030603563,0.09149738,-0.053598758
1786,0.093814075,0.13752882,0.050143275,0.031358525,0.0436708,0.1061703
1787,0.6072379,0.3074476,0.33014098,0.24879892,0.2770969,0.05864869
1788,0.48413825,0.14417487,0.19179356,0.13858126,0.2923447,0.005593613
1789,0.2284272,0.1278813,0.12356752,0.08841979,0.10485968,0.039461516
1790,0.13070557,0.09158413,0.07635166,0.059697576,0.054353908,0.031886555
1791,-0.039186366,0.046116646,0.013545448,0.010213906,-0.052731812,0.03590274
1792,0.13332775,0.13156493,0.13572383,0.09542121,-0.002396077,0.03614372
1793,0.038763624,0.032861806,0.018240266,0.015124023,0.020523358,0.017737783
1794,0.80336785,0.21958327,0.38341266,0.24936746,0.4199552,-0.029784188
1795,0.23191781,0.0871674,0.10232221,0.080084674,0.12959561,0.007082723
1796,-0.0034395733,-0.010319297,0.0065158815,0.0036123306,-0.009955455,-0.013931628
1797,0.10228645,0.026315078,0.04675047,0.036414444,0.05553598,-0.010099366
1798,0.52787143,0.27173832,0.3548739,0.23158808,0.17299753,0.04015024
1799,0.104980975,0.019280031,0.07820866,0.050358485,0.026772313,-0.031078454
1800,0.092085,-0.016704328,0.03296689,0.015892947,0.059118107,-0.032597274
1801,-0.0290814,0.10792507,0.04614839,0.030576158,-0.075229794,0.07734892
1802,0.71593326,0.21944544,0.2890318,0.21010761,0.42690146,0.009337828
1803,1.0058776,0.33300465,0.43651947,0.30208525,0.5693581,0.030919403
1804,1.2543083,0.32210147,0.5319922,0.32874662,0.72231615,-0.006645143
1805,0.7255431,0.18479715,0.2530782,0.17418212,0.4724649,0.010615036
1806,0.2052311,0.14145584,0.10161185,0.06921966,0.10361925,0.07223619
1807,1.0676805,0.37074375,0.42022884,0.29333115,0.64745164,0.077412605
1808,0.036714327,0.021608159,0.009324969,0.008374235,0.027389359,0.013233924
1809,0.81533074,0.34922886,0.45892596,0.33023727,0.35640478,0.01899159
1810,-0.025747001,-0.047939148,0.010538983,0.005194273,-0.036285985,-0.05313342
1811,0.7498327,0.10148773,0.13842483,0.10010839,0.6114079,0.0013793409
1812,0.01312992,0.1507518,0.03858105,0.027227538,-0.025451131,0.12352426
1813,0.8325304,0.31318825,0.37148708,0.26435158,0.4610433,0.04883668
1814,0.27300757,0.046860114,0.058924347,0.04082702,0.21408322,0.0060330927
1815,0.3599512,0.18224302,0.23984616,0.17817648,0.12010504,0.004066542
1816,0.5769419,0.2002634,0.32602647,0.22901173,0.25091544,-0.028748333
1817,0.08591241,0.026396617,0.060007542,0.036105372,0.025904864,-0.009708755
1818,0.27460602,0.1892885,0.20479918,0.1205741,0.069806844,0.068714395
1819,0.31753084,0.11565236,0.1573842,0.112263754,0.16014664,0.003388606
1820,0.14595506,0.07419943,0.09370663,0.06460434,0.052248426,0.009595089
1821,0.90808886,0.21208757,0.32281741,0.22811256,0.5852715,-0.016024992
1822,0.30697647,0.11660496,0.14629754,0.08796522,0.16067892,0.028639741
1823,0.80709237,0.29517475,0.44081315,0.27148038,0.3662792,0.023694366
1824,0.436646,0.11785048,0.15506953,0.12256793,0.28157648,-0.004717447
1825,-0.00538251,0.12825914,0.020432303,0.013326797,-0.025814813,0.11493234
1826,0.12757276,0.02673197,0.04901508,0.02608465,0.078557685,0.0006473195
1827,0.06442969,-0.028096618,0.040452123,0.026932461,0.02397757,-0.05502908
1828,0.18557288,0.099740215,0.07990087,0.05838892,0.10567201,0.041351296
1829,0.08687163,-0.003888675,0.039611463,0.023913734,0.04726017,-0.027802408
1830,0.22245038,0.071292095,0.11435434,0.07683008,0.10809603,-0.0055379868
1831,0.74358714,0.28352016,0.38342607,0.27513987,0.36016107,0.008380294
1832,0.70624375,0.30625552,0.40672195,0.28473052,0.2995218,0.021524996
1833,0.9919584,0.4194005,0.56116694,0.4017651,0.43079144,0.017635405
1834,0.10951506,0.08128075,0.086460106,0.062256746,0.023054957,0.019024007
1835,0.8090558,0.22253838,0.28321257,0.21572758,0.52584326,0.0068107992
1836,0.5118191,0.16608666,0.20493488,0.15602393,0.30688423,0.010062724
1837,1.1009285,0.25049606,0.32001892,0.21948414,0.78090966,0.031011924
1838,0.1960082,0.095458455,0.10692252,0.06933852,0.08908568,0.026119933
1839,0.7288516,0.2688337,0.33485246,0.2526757,0.39399916,0.016157985
1840,0.77928007,0.29182887,0.35968345,0.27422464,0.4195966,0.017604232
1841,0.10848511,0.044762764,0.09710874,0.06091014,0.0113763735,-0.016147375
1842,-0.017885307,0.018049965,0.013667475,0.01117198,-0.031552784,0.006877985
1843,0.6407323,0.20138744,0.21285911,0.15069632,0.4278732,0.050691113
1844,0.16343254,0.081573136,0.062809564,0.048694514,0.100622974,0.032878622
1845,0.076249994,-0.036090612,0.01617474,0.008280468,0.060075253,-0.04437108
1846,0.570793,0.21348847,0.30023402,0.20877768,0.27055895,0.0047107935
1847,0.9035132,0.3872705,0.47394562,0.34677315,0.42956758,0.040497363
1848,0.044287685,-0.0017912367,0.043215718,0.030127116,0.0010719672,-0.03191835
1849,0.06260018,-0.020146668,0.05004292,0.03008861,0.012557261,-0.05023528
1850,0.6229135,0.20679602,0.2590273,0.19552918,0.36388618,0.0112668425
1851,0.8193297,0.35109374,0.49810898,0.33270562,0.3212207,0.018388122
1852,0.037552428,-0.023209298,0.049742125,0.027605724,-0.0121896975,-0.050815023
1853,0.19617082,-0.005754412,0.0752475,0.05042371,0.120923325,-0.056178123
1854,0.40920168,0.19007729,0.23764554,0.17041744,0.17155614,0.019659847
1855,0.98865795,0.11628373,0.2199296,0.1496188,0.7687284,-0.033335075
1856,0.33703488,0.13635293,0.15601514,0.12427021,0.18101974,0.012082718
1857,1.023869,0.23836863,0.40291223,0.2472707,0.6209568,-0.008902073
1858,0.053321153,0.012219857,0.05405382,0.034257095,-0.00073266774,-0.022037238
1859,0.7052007,0.13342597,0.22907346,0.14968124,0.4761272,-0.016255274
1860,-0.022591194,0.11682113,0.013359615,0.0055545294,-0.03595081,0.111266606
1861,0.7274751,0.15756951,0.31134737,0.20132312,0.41612774,-0.04375361
1862,0.5395416,0.23567325,0.33576527,0.24674048,0.20377633,-0.0110672265
1863,0.29200596,0.06296126,0.067917384,0.05228233,0.22408858,0.010678928
1864,0.21839195,0.070682034,0.0604106,0.040089175,0.15798135,0.030592859
1865,0.7599717,0.22372538,0.29623035,0.21192306,0.46374133,0.011802316
1866,0.14580907,0.032173857,0.067544684,0.041477066,0.078264385,-0.009303208
1867,0.86254704,0.29093954,0.4041085,0.28084382,0.45843855,0.0100957155
1868,0.90204716,0.21492279,0.37681973,0.23374729,0.5252274,-0.018824503
1869,1.0158631,0.25483817,0.2794825,0.20666185,0.7363806,0.04817632
1870,0.42893913,0.21378367,0.23727335,0.16496077,0.19166578,0.048822895
1871,1.3857915,0.5736968,0.71019614,0.5444224,0.6755954,0.029274404
1872,0.9501406,0.32203507,0.42543748,0.3091183,0.52470315,0.012916774
1873,0.8661447,0.21448827,0.25647393,0.19104488,0.60967076,0.023443386
1874,0.021777578,0.0028638828,0.020579506,0.01406827,0.001198072,-0.011204387
1875,0.13539559,0.046722624,0.046819516,0.03704778,0.08857607,0.009674843
1876,0.22745566,0.038620498,0.091557495,0.06554354,0.13589817,-0.026923042
1877,0.40168256,0.2232948,0.26735714,0.19704355,0.13432541,0.026251242
1878,0.01543059,0.118719235,0.015867384,0.009105958,-0.000436794,0.10961328
1879,0.81450933,0.29353943,0.36112672,0.25060806,0.4533826,0.042931378
1880,0.17216961,0.064645156,0.106427334,0.06516684,0.06574228,-0.0005216822
1881,0.854735,0.17222539,0.23419255,0.16145568,0.62054247,0.01076971
1882,0.41796833,0.19152704,0.21988383,0.15638508,0.1980845,0.03514196
1883,0.79800117,0.23398706,0.34649903,0.25434577,0.45150214,-0.020358711
1884,0.41267616,0.14649051,0.13971077,0.094259605,0.27296537,0.05223091
1885,0.02501657,0.03949252,0.017678915,0.015835268,0.007337656,0.023657253
1886,0.5727751,0.20136526,0.27252704,0.20729111,0.3002481,-0.005925849
1887,1.1178344,0.1775757,0.3970134,0.24121852,0.720821,-0.063642815
1888,0.9079974,0.23826599,0.33320487,0.23753826,0.57479256,0.000727728
1889,0.70789367,0.18708603,0.27131724,0.18934754,0.43657643,-0.0022615045
1890,0.5286189,0.22714032,0.26127967,0.18646893,0.2673392,0.040671393
1891,0.47342664,0.11172611,0.15887672,0.11048648,0.31454992,0.001239635
1892,0.081005834,-0.028860241,0.03958516,0.024501229,0.041420676,-0.053361468
1893,0.13794054,0.055219833,0.066198654,0.043934226,0.07174189,0.011285607
1894,0.028709788,-0.017576728,0.032888625,0.02098801,-0.004178837,-0.038564738
1895,0.33320028,0.1156179,0.17498168,0.12868656,0.15821859,-0.013068661
1896,0.007987022,0.120454825,0.05100504,0.030153736,-0.043018017,0.09030109
1897,0.6169783,0.1332754,0.25281936,0.18098083,0.36415893,-0.047705427
1898,0.18554862,0.005646164,0.10157358,0.059166197,0.08397504,-0.05352003
1899,0.8695222,0.19477798,0.33383438,0.22729006,0.5356878,-0.032512084
1900,0.927706,0.27522802,0.47186658,0.30007944,0.45583943,-0.024851412
1901,0.4927613,0.25739664,0.28451276,0.21175125,0.20824856,0.045645386
1902,1.0603523,0.34744376,0.38274762,0.2752396,0.6776047,0.07220417
1903,0.4363522,0.1474342,0.17231654,0.12415879,0.26403564,0.023275413
1904,0.53916216,0.12598906,0.18201005,0.13993393,0.3571521,-0.013944864
1905,0.896352,0.36661035,0.44561183,0.32839936,0.45074016,0.038210988
1906,0.3273297,0.09235263,0.11468686,0.076009504,0.21264283,0.016343124
1907,0.018593159,0.009493804,0.049888752,0.026324663,-0.031295594,-0.01683086
1908,0.23211117,0.049286474,0.13499102,0.098568276,0.09712015,-0.049281802
1909,0.37141988,0.15264371,0.20461757,0.1258592,0.1668023,0.02678451
1910,0.5246374,0.16778575,0.21946712,0.16318387,0.3051703,0.004601881
1911,0.17442106,0.07783845,0.08393116,0.06369367,0.090489894,0.014144778
1912,0.90790075,0.28498578,0.46679425,0.30021384,0.4411065,-0.015228063
1913,0.13033795,0.09372947,0.019522678,0.011157913,0.11081527,0.08257156
1914,0.8932491,0.2074046,0.3441954,0.21418093,0.54905367,-0.006776333
1915,0.72981185,0.2318513,0.34407327,0.2037051,0.38573858,0.028146192
1916,0.10346904,0.054944005,0.095795415,0.06690749,0.007673621,-0.011963483
1917,1.017496,0.2967573,0.44642118,0.28845817,0.57107484,0.008299142
1918,0.103969336,0.11640902,0.059927832,0.037050553,0.044041503,0.079358466
1919,0.4708544,0.23433074,0.27147225,0.18437004,0.19938216,0.049960703
1920,0.3045483,0.065503985,0.11889802,0.06913678,0.18565027,-0.0036327988
1921,0.46258277,0.19253254,0.29806873,0.20319407,0.16451403,-0.0106615275
1922,0.36706957,0.090052396,0.122980654,0.09198488,0.24408892,-0.0019324869
1923,0.0475305,-0.005334135,0.029110871,0.018239073,0.018419627,-0.023573209
1924,0.35959238,0.27583,0.18663827,0.115865275,0.17295411,0.15996473
1925,0.119341955,0.051113177,0.08579799,0.063148916,0.033543967,-0.012035739
1926,0.4488327,0.053182863,0.095536225,0.060304303,0.35329646,-0.00712144
1927,0.13488986,0.10114995,0.058411952,0.04141253,0.0764779,0.059737418
1928,0.5210252,0.26511773,0.31851158,0.22475286,0.2025136,0.040364876
1929,0.9811391,0.28954232,0.47509563,0.29900238,0.5060435,-0.009460062
1930,1.0913401,0.33543843,0.4847251,0.323151,0.60661495,0.012287438
1931,0.0008242991,0.04482184,0.021449404,0.02027773,-0.020625105,0.02454411
1932,0.15129055,0.10936065,0.08023776,0.05916529,0.07105279,0.05019536
1933,0.08297569,0.0842444,0.09007185,0.066827446,-0.0070961565,0.017416954
1934,0.824052,0.1894278,0.26045558,0.1658559,0.56359637,0.023571894
1935,0.6722406,0.2738074,0.39085364,0.27083278,0.28138697,0.0029746294
1936,1.0685933,0.33973977,0.41905347,0.31113967,0.6495398,0.028600097
1937,0.7941971,0.2513795,0.37817946,0.2509109,0.41601762,0.00046858191
1938,0.7730476,0.32869378,0.41968682,0.27893716,0.3533608,0.049756616
1939,0.13670902,0.07106343,0.076432325,0.055809844,0.060276695,0.015253585
1940,0.7359837,0.18998419,0.2596454,0.18761882,0.47633833,0.0023653656
1941,0.4900001,0.23575798,0.32471317,0.21299787,0.16528693,0.022760108
1942,1.4582832,0.43668142,0.59905547,0.39889908,0.8592277,0.03778234
1943,0.21582326,0.049163148,0.095110245,0.066703685,0.12071302,-0.017540537
1944,0.7085548,0.1330219,0.19985542,0.14523727,0.5086994,-0.012215361
1945,0.9598179,0.26904008,0.33199513,0.24131829,0.62782276,0.027721792
1946,0.8582158,0.24532154,0.3202848,0.21941696,0.53793097,0.025904581
1947,1.0115926,0.38815278,0.52477723,0.37899435,0.4868154,0.0091584325
1948,0.27141568,0.12745209,0.085002534,0.06290176,0.18641314,0.06455033
1949,0.11162273,-0.009730763,0.06707632,0.044732608,0.04454641,-0.05446337
1950,0.026566988,0.028931998,0.0183866,0.015015669,0.008180387,0.013916329
1951,0.4721596,0.13709083,0.21834052,0.1371386,0.25381908,-4.7773123e-05
1952,0.87219876,0.17653604,0.22413474,0.15464784,0.648064,0.021888196
1953,0.8302414,0.14923605,0.21989092,0.14079243,0.6103505,0.008443624
1954,0.7271345,0.24572563,0.35791442,0.25217932,0.3692201,-0.006453693
1955,0.6290628,0.33352464,0.32689068,0.26547915,0.3021721,0.0680455
1956,0.04743786,0.12761714,0.031172063,0.025114033,0.016265798,0.102503106
1957,0.15689147,0.037074104,0.07036547,0.035463538,0.08652599,0.0016105659
1958,-0.038193814,0.19035125,0.011968665,0.011666093,-0.05016248,0.17868516
1959,0.18954465,0.15768042,0.09324172,0.07042737,0.09630293,0.08725305
1960,0.91758394,0.20601588,0.29337302,0.20934145,0.62421095,-0.0033255666
1961,0.8053415,0.23215625,0.28694177,0.2000141,0.5183997,0.032142147
1962,0.70728916,0.24502146,0.26205108,0.1853111,0.44523808,0.05971037
1963,0.7196118,0.17244335,0.27086192,0.1859184,0.4487499,-0.01347506
1964,0.19134058,0.06603899,0.03597028,0.026973955,0.1553703,0.039065033
1965,0.8167374,0.26385957,0.35047448,0.23960155,0.46626294,0.024258018
1966,0.93202615,0.19057159,0.33018345,0.18996312,0.6018427,0.000608474
1967,0.7440942,0.17587623,0.264181,0.18883404,0.4799132,-0.012957811
1968,0.74233806,0.15145771,0.24868652,0.1863092,0.49365154,-0.03485149
1969,0.05314823,0.051734317,0.03487504,0.022902248,0.01827319,0.028832069
1970,0.7621472,0.39401922,0.49863148,0.3651678,0.2635157,0.02885142
1971,0.081821114,0.050222073,0.061873965,0.046789713,0.019947149,0.0034323595
1972,0.61459863,0.204575,0.24802105,0.18846633,0.36657757,0.016108677
1973,0.7433643,0.1744532,0.29172724,0.1756604,0.45163703,-0.0012072027
1974,0.73563695,0.18879583,0.18935326,0.13721591,0.5462837,0.051579922
1975,0.6303562,0.20555599,0.25424814,0.19909407,0.37610805,0.0064619184
1976,0.20563987,0.08949661,0.096934274,0.072922,0.108705595,0.016574614
1977,0.07143126,0.00408117,0.04662345,0.029063053,0.024807807,-0.024981882
1978,0.06562763,0.015723828,0.03381804,0.024169536,0.031809587,-0.008445708
1979,1.1597492,0.28100237,0.34960064,0.25456622,0.8101485,0.02643615
1980,0.5677726,0.21867311,0.27254468,0.19636863,0.29522794,0.022304475
1981,1.2444444,0.42143476,0.5867446,0.40922052,0.65769976,0.012214243
1982,0.61205244,0.2410412,0.34830502,0.23497011,0.26374742,0.0060710907
1983,0.45021373,0.19885792,0.28434804,0.1802634,0.16586569,0.018594518
1984,0.12437638,0.015544808,0.07171729,0.040161747,0.052659087,-0.02461694
1985,0.85251504,0.27183756,0.36748013,0.25402617,0.4850349,0.017811388
1986,0.35176677,0.2069986,0.23424028,0.16643924,0.11752649,0.040559366
1987,1.0289795,0.2905972,0.31865987,0.24159724,0.71031964,0.048999965
1988,0.2465693,0.048315108,0.12846357,0.09455917,0.11810574,-0.046244062
1989,-0.019415863,0.015736835,0.012245318,0.011106528,-0.031661183,0.0046303067
1990,0.54502034,0.17072041,0.24142376,0.1643101,0.3035966,0.0064103156
1991,0.08962147,-0.0050567095,0.06103177,0.037968326,0.0285897,-0.043025035
1992,0.11160849,0.075358525,0.04367817,0.03317096,0.067930326,0.042187564
1993,0.47812766,0.16929854,0.15435554,0.09451614,0.32377213,0.0747824
1994,0.3622681,0.1299974,0.1849155,0.13768017,0.17735259,-0.0076827705
1995,0.71774256,0.28102422,0.3381784,0.24167891,0.37956417,0.03934531
1996,0.70896715,0.17228611,0.24383406,0.16567592,0.46513307,0.006610185
1997,0.21368505,0.17319056,0.058114782,0.037219986,0.15557027,0.13597058
1998,0.77516425,0.31650305,0.3813474,0.3034393,0.39381686,0.013063759
1999,0.051243618,0.021858225,0.061240025,0.04147839,-0.009996407,-0.019620167
2000,0.95546573,0.30103686,0.5130577,0.3247523,0.44240803,-0.023715436
2001,0.62790245,0.17775461,0.16781062,0.114156,0.46009183,0.06359861
2002,0.09701983,0.037476376,0.057996597,0.036553167,0.03902323,0.0009232089
2003,0.13111082,0.069202684,0.121979386,0.08919156,0.009131432,-0.01998888
2004,0.5002409,0.16832596,0.22071812,0.15428166,0.2795228,0.0140443
2005,0.93842673,0.40408882,0.5576648,0.40968552,0.38076192,-0.0055966973
2006,0.88770276,0.29831535,0.38322848,0.27238414,0.5044743,0.02593121
2007,0.58894813,0.18721254,0.29025885,0.1806559,0.29868928,0.006556645
2008,0.87192905,0.17235346,0.2464114,0.172087,0.62551767,0.00026646256
2009,0.7487643,0.27657583,0.26821572,0.18537037,0.48054856,0.09120546
2010,0.8850244,0.15595143,0.2727724,0.16472483,0.612252,-0.008773401
2011,0.031702954,-0.022915356,0.07729783,0.04276215,-0.045594875,-0.06567751
2012,0.91401047,0.38161212,0.5914645,0.382094,0.32254595,-0.00048187375
2013,0.044511236,0.040213373,0.02966331,0.022750335,0.014847927,0.017463038
2014,0.50894654,0.15045847,0.20941587,0.15452309,0.29953068,-0.0040646195
2015,0.7477105,0.22025408,0.3032924,0.19293642,0.44441813,0.027317658
2016,-0.008257931,-0.0060724183,0.03349919,0.021504136,-0.04175712,-0.027576555
2017,0.032606415,0.037732873,0.034003124,0.026353242,-0.0013967082,0.011379631
2018,0.071431555,0.03593189,0.05317022,0.030763023,0.018261336,0.0051688664
2019,0.58848995,0.20385996,0.28030747,0.20199692,0.30818248,0.0018630326
2020,0.013279382,0.0063101863,0.04824281,0.032854907,-0.03496343,-0.02654472
2021,0.28357103,0.036235373,0.047849823,0.035531487,0.23572122,0.00070388615
2022,0.27958277,0.193643,0.14473262,0.10558664,0.13485014,0.08805636
2023,0.6653243,0.10360181,0.12366475,0.09419632,0.54165953,0.009405494
2024,0.047672365,0.15312605,0.098546885,0.06699559,-0.05087452,0.086130455
2025,0.69694614,0.44112393,0.5889851,0.3827283,0.10796106,0.058395624
2026,0.19074415,0.07068601,0.08626191,0.056050338,0.10448223,0.014635675
2027,0.22176586,0.09554366,0.11914858,0.08440502,0.10261728,0.01113864
2028,0.44143602,0.07115998,0.17260039,0.123701,0.26883563,-0.052541018
2029,0.83534384,0.20407753,0.28302428,0.19684853,0.5523195,0.0072290003
2030,0.13427554,0.062438186,0.055699516,0.041478146,0.07857603,0.02096004
2031,1.1842453,0.38808975,0.47492635,0.32648695,0.709319,0.0616028
2032,0.86895406,0.37307847,0.4443713,0.3375006,0.42458275,0.035577863
2033,0.7220936,0.2759441,0.39337358,0.29637673,0.32872,-0.020432621
2034,0.67114735,0.18611409,0.35740325,0.2503076,0.3137441,-0.0641935
2035,0.19005331,0.066753834,0.061873622,0.04614234,0.1281797,0.020611495
2036,0.8271577,0.2553283,0.31036866,0.22859953,0.516789,0.026728764
2037,0.0023021968,-0.02078073,0.028335733,0.020028282,-0.026033536,-0.040809013
2038,0.47575033,0.13895078,0.23790768,0.16207722,0.23784265,-0.023126438
2039,0.732018,0.18797971,0.22404775,0.16240166,0.5079702,0.025578052
2040,0.09477742,-0.00036758813,0.061375376,0.036157742,0.033402044,-0.03652533
2041,0.15243264,0.095360994,0.10840957,0.083708435,0.044023067,0.011652559
2042,0.8187322,0.3273769,0.44672528,0.29630017,0.37200692,0.03107673
2043,0.07922507,0.028538574,0.052631237,0.03875072,0.026593834,-0.010212146
2044,0.79667604,0.17986326,0.26353234,0.20227213,0.5331437,-0.022408873
2045,0.6609186,0.1739817,0.21475476,0.15497747,0.44616383,0.019004226
2046,0.6171711,0.13215366,0.17834045,0.11331421,0.43883067,0.018839449
2047,1.2136248,0.5787516,0.70210314,0.5539378,0.5115217,0.02481383
2048,0.840045,0.29888144,0.4635378,0.322194,0.37650716,-0.023312569
2049,0.60081196,0.12825164,0.17514646,0.12981291,0.4256655,-0.0015612692
2050,0.7613283,0.22138198,0.29626787,0.22575434,0.4650604,-0.0043723583
2051,0.26644206,0.11561878,0.13212182,0.10030652,0.13432024,0.015312262
2052,0.06461214,0.035021666,0.04684889,0.037404187,0.017763253,-0.0023825206
2053,0.098611556,0.113995954,0.0900054,0.050793976,0.008606158,0.06320198
2054,0.072108194,0.059657477,0.057001926,0.045449205,0.015106268,0.014208272
2055,0.7576927,0.115173906,0.18620498,0.1251006,0.5714877,-0.009926692
2056,0.7492857,0.24485248,0.3428139,0.25141463,0.4064718,-0.0065621436
2057,1.1545576,0.40179732,0.5417481,0.38200665,0.6128095,0.01979068
2058,0.7316378,0.29399362,0.4111956,0.29025623,0.32044217,0.00373739
2059,0.6269547,0.13083017,0.2229987,0.14197889,0.403956,-0.011148721
2060,0.20140684,0.05610477,0.07391387,0.042225298,0.12749296,0.013879474
2061,0.8294076,0.11078609,0.18059658,0.12680966,0.648811,-0.016023569
2062,1.1406655,0.41447762,0.56450576,0.40119943,0.5761598,0.013278186
2063,0.30364534,0.26655516,0.15253305,0.12942088,0.15111229,0.13713428
2064,0.7211945,0.25347382,0.39431083,0.27664775,0.32688367,-0.023173928
2065,0.3616227,0.12986197,0.16069564,0.12143214,0.20092705,0.008429825
2066,0.29775295,0.1997822,0.2408102,0.17897011,0.056942746,0.02081208
2067,0.75758725,0.264149,0.34511527,0.23856945,0.41247198,0.025579557
2068,1.0129397,0.34695652,0.44938928,0.3164119,0.5635504,0.030544609
2069,0.7630284,0.12988847,0.21228959,0.13845067,0.5507388,-0.008562192
2070,1.1888409,0.518709,0.754654,0.5213302,0.43418688,-0.0026211739
2071,0.9763095,0.39967033,0.467414,0.32996464,0.5088955,0.069705695
2072,0.49897867,0.04940817,0.0500325,0.031550184,0.44894618,0.017857987
2073,0.6563145,0.15345046,0.2247341,0.14997023,0.4315804,0.0034802258
2074,0.77541447,0.27633044,0.46030506,0.30712804,0.3151094,-0.0307976
2075,0.057710487,0.019138085,0.067622416,0.043120157,-0.009911928,-0.023982072
2076,0.066151716,0.06401462,0.050666355,0.036926657,0.015485361,0.027087964
2077,0.41282946,0.16013554,0.23106124,0.16358526,0.18176822,-0.0034497231
2078,0.21885394,0.20446664,0.10295844,0.08275311,0.115895495,0.121713534
2079,0.67212504,0.2805181,0.29613668,0.22345561,0.37598836,0.057062507
2080,0.62855166,0.18514663,0.26905233,0.19094147,0.35949934,-0.005794838
2081,0.84048325,0.25017142,0.29268464,0.22472097,0.54779863,0.025450453
2082,0.10940671,0.055290055,0.039569877,0.028621333,0.06983683,0.026668722
2083,0.9783522,0.3008133,0.443381,0.3047032,0.5349712,-0.0038899183
2084,0.06647648,0.01167487,0.057946987,0.037160385,0.008529492,-0.025485516
2085,0.7448617,0.4316543,0.55378234,0.3808677,0.19107938,0.050786614
2086,0.12050396,0.067910455,0.09314622,0.06254432,0.027357742,0.0053661317
2087,0.7741717,0.3273456,0.36447883,0.2808943,0.40969288,0.0464513
2088,0.91143495,0.3035672,0.37735108,0.28412333,0.53408384,0.01944387
2089,0.49358255,0.18671307,0.24482527,0.1682413,0.24875727,0.018471763
2090,0.123487726,0.07030118,0.0827827,0.06296528,0.040705025,0.0073359013
2091,0.042867597,0.048498344,0.021494284,0.020154895,0.021373313,0.028343448
2092,0.77587605,0.3734616,0.42814037,0.34071815,0.34773567,0.032743454
2093,0.72722673,0.20558307,0.27426475,0.1763795,0.45296198,0.029203564
2094,0.9107483,0.44023177,0.47480062,0.37689385,0.4359477,0.06333792
2095,0.64105576,0.22732107,0.27902508,0.19672912,0.36203068,0.03059195
2096,0.8098561,0.24400221,0.27809507,0.19342193,0.53176105,0.050580278
2097,-0.03916296,0.114068955,0.011450227,0.0048527047,-0.050613187,0.10921625
2098,-0.018314857,-0.034144733,0.018733816,0.01061595,-0.037048675,-0.04476068
2099,0.14793617,0.06349321,0.06408285,0.050041653,0.08385331,0.013451554
2100,0.4484796,0.24135306,0.19896671,0.13414991,0.24951288,0.107203156
2101,0.649273,0.27619728,0.32024804,0.2401151,0.32902494,0.03608218
2102,0.113171905,0.06623945,0.07425691,0.059890475,0.038914993,0.0063489713
2103,0.18110578,0.20252511,0.16713268,0.111255124,0.013973102,0.091269985
2104,0.05648161,0.04501847,0.028032117,0.021226114,0.028449494,0.023792358
2105,0.169508,0.07141573,0.08507636,0.05080972,0.08443163,0.020606011
2106,0.11692383,0.23483285,0.056304783,0.031304237,0.06061905,0.20352861
2107,0.06334439,0.15958183,0.11190075,0.08497069,-0.048556358,0.074611135
2108,0.07256582,0.0736691,0.04803668,0.043640353,0.024529137,0.030028746
2109,0.76249486,0.21745346,0.36158484,0.2237051,0.40091002,-0.006251633
2110,-0.003934404,0.12566288,0.018091958,0.010125572,-0.022026362,0.11553731
2111,0.63045,0.2242462,0.29504314,0.21526527,0.33540687,0.00898093
2112,0.14049949,0.06269639,0.06360572,0.04794033,0.07689377,0.014756061
2113,0.6683231,0.2127605,0.29921713,0.21012342,0.36910596,0.0026370734
2114,0.5881778,0.29501674,0.3766237,0.26790982,0.21155411,0.027106911
2115,0.9418688,0.31287926,0.46477333,0.31944454,0.47709545,-0.006565273
2116,0.5063916,0.1710226,0.18877617,0.13728295,0.31761542,0.03373964
2117,0.20744155,0.08586712,0.105152875,0.0769345,0.10228868,0.00893262
2118,0.19899696,0.11115829,0.085650064,0.056606293,0.1133469,0.054551996
2119,0.95960647,0.29390377,0.4164155,0.28587067,0.54319096,0.008033097
2120,0.88377005,0.24865729,0.34938076,0.23167732,0.53438926,0.016979963
2121,0.6019876,0.16193068,0.20403524,0.14119706,0.39795238,0.020733625
2122,0.9028137,0.2299571,0.32747322,0.2463342,0.57534045,-0.016377091
2123,0.7452426,0.16554281,0.24888247,0.17102543,0.49636012,-0.005482614
2124,0.13541435,-0.017005801,0.04792923,0.027121527,0.08748512,-0.04412733
2125,0.91137815,0.32721156,0.5078538,0.3267859,0.40352434,0.00042566657
2126,0.63033104,0.2365459,0.254103,0.18598177,0.37622803,0.05056414
2127,0.000837461,-0.04882132,0.018852402,0.0059735584,-0.018014941,-0.054794878
2128,0.06007364,0.058057707,0.04774104,0.032972332,0.0123326,0.025085375
2129,0.1723822,0.01750337,0.067450136,0.04207048,0.10493207,-0.024567109
2130,0.8628857,0.38481504,0.484263,0.35367984,0.3786227,0.031135201
2131,0.24667853,-0.0006786308,0.065194964,0.043245066,0.18148357,-0.0439237
2132,0.65040183,0.15575705,0.21268053,0.1455045,0.4377213,0.01025255
2133,0.73052734,0.29913956,0.33063483,0.24624717,0.3998925,0.052892387
2134,0.26719937,0.128118,0.13219488,0.09397836,0.13500449,0.034139633
2135,-0.053212766,-0.011832514,0.047551926,0.030160196,-0.10076469,-0.04199271
2136,0.91299504,0.29133424,0.46691287,0.33597296,0.44608217,-0.044638723
2137,0.33096096,0.13476713,0.17158195,0.117526576,0.159379,0.017240554
2138,0.2342375,0.08941426,0.1170677,0.06894902,0.117169805,0.02046524
2139,0.6977744,0.30352575,0.3086731,0.2326877,0.3891013,0.07083805
2140,0.08886354,-0.0059172194,0.060943022,0.043428678,0.027920514,-0.049345896
2141,0.7428786,0.23927343,0.2653522,0.19496135,0.47752643,0.044312075
2142,0.4405132,0.21370628,0.2561304,0.18351972,0.1843828,0.030186564
2143,0.58266157,0.20766762,0.31197765,0.21420258,0.2706839,-0.006534964
2144,0.12854204,0.086012185,0.11058248,0.07490245,0.017959557,0.011109732
2145,0.7936204,0.26686695,0.4378774,0.28702578,0.35574302,-0.020158827
2146,0.053647056,0.025879255,0.06629624,0.049562078,-0.012649186,-0.023682823
2147,0.46703804,0.09398698,0.15541345,0.11038886,0.3116246,-0.01640188
2148,0.5127648,0.23093568,0.35476944,0.23429823,0.15799537,-0.0033625513
2149,-0.028327676,-0.02986889,0.0062499736,0.0033361292,-0.03457765,-0.033205017
2150,0.9298147,0.51029354,0.62833315,0.44649875,0.30148154,0.06379479
2151,0.32352203,0.109080695,0.16403326,0.10392297,0.15948877,0.005157724
2152,0.17722078,0.08179519,0.14014089,0.07378418,0.037079886,0.008011013
2153,0.15080687,0.084129095,0.069265895,0.042282976,0.08154098,0.04184612
2154,0.8054024,0.28653792,0.41888016,0.29268444,0.38652223,-0.0061465204
2155,0.3824951,0.15471813,0.22527203,0.16511284,0.15722308,-0.010394707
2156,0.56873745,0.26609507,0.35413215,0.25600034,0.2146053,0.010094732
2157,0.6064223,0.18047313,0.28438348,0.19061407,0.32203883,-0.010140941
2158,0.9315505,0.3040642,0.43323302,0.3191355,0.49831748,-0.015071273
2159,0.16769621,0.051860858,0.14376548,0.09056056,0.023930728,-0.038699705
2160,0.5963361,0.18293129,0.23657784,0.15534005,0.3597583,0.027591243
2161,0.12459077,0.05497381,0.050822493,0.03700521,0.07376827,0.017968602
2162,0.116006665,0.06733045,0.106092215,0.072098635,0.00991445,-0.0047681853
2163,0.777269,0.18514022,0.24793531,0.17233336,0.5293337,0.012806863
2164,0.63851774,0.21834415,0.3127016,0.20498697,0.32581612,0.013357177
2165,0.7553254,0.22635013,0.3347965,0.23558326,0.4205289,-0.009233132
2166,1.0164088,0.20822118,0.3190985,0.22645485,0.6973103,-0.018233672
2167,0.74170405,0.18288045,0.33168918,0.20200476,0.41001487,-0.019124314
2168,0.51018614,0.25519696,0.26674527,0.18690895,0.24344087,0.06828801
2169,0.85168666,0.16886236,0.33037385,0.22004208,0.52131283,-0.051179722
2170,0.93708754,0.39470762,0.5759609,0.36086097,0.36112666,0.033846647
2171,0.77299,0.2270948,0.24529506,0.18060437,0.52769494,0.04649043
2172,0.74526405,0.26368415,0.31667522,0.22509983,0.42858884,0.03858432
2173,0.37264156,0.15956727,0.18544075,0.14709188,0.18720081,0.012475386
2174,-0.01721068,0.016542077,0.0125420485,0.012504843,-0.029752728,0.004037234
2175,0.39889798,0.17878592,0.23807871,0.1718424,0.16081926,0.006943524
2176,0.79841816,0.33242083,0.41388884,0.30645055,0.38452932,0.02597028
2177,-0.037205987,0.0058146124,0.020769615,0.012079402,-0.0579756,-0.0062647895
2178,-0.01855173,0.11576162,0.012220869,0.0049359477,-0.030772598,0.11082567
2179,0.85011154,0.3018919,0.4119237,0.27943426,0.43818784,0.02245763
2180,0.08892863,0.049933583,0.04407292,0.033533186,0.044855714,0.016400397
2181,0.43585336,0.24598202,0.30795205,0.21300961,0.12790132,0.03297241
2182,0.35988453,0.21858896,0.25826323,0.18633883,0.1016213,0.032250136
2183,0.78404135,0.25284287,0.3487639,0.24353321,0.43527743,0.009309664
2184,0.16717006,0.042752944,0.10328031,0.06912027,0.06388975,-0.026367329
2185,0.29125324,0.10388196,0.10982574,0.07612632,0.18142751,0.02775564
2186,0.07169088,0.049970683,0.03647648,0.027020657,0.035214398,0.022950025
2187,0.27225944,0.11921114,0.10866905,0.06766233,0.1635904,0.05154881
2188,0.670223,0.20838726,0.29949802,0.22173758,0.37072498,-0.013350323
2189,0.36206922,0.14931539,0.1861063,0.14744495,0.17596292,0.0018704385
2190,0.11046255,0.030662125,0.041049886,0.025607944,0.06941266,0.0050541814
2191,0.26869786,0.103510186,0.11967605,0.086288124,0.1490218,0.017222062
2192,0.6532829,0.1434804,0.14195842,0.105546,0.51132447,0.037934408
2193,0.14652056,0.045431666,0.0142321745,0.013184217,0.13228838,0.03224745
2194,-0.03534558,0.041612662,0.02841718,0.020387476,-0.06376276,0.021225186
2195,0.93821394,0.30297583,0.39550617,0.29344177,0.5427078,0.009534061
2196,-0.0073766615,0.10959812,0.004859194,-0.00043127284,-0.012235856,0.11002939
2197,1.0049115,0.22579338,0.28295752,0.212006,0.721954,0.013787374
2198,0.78383636,0.22777845,0.36483353,0.25758865,0.41900283,-0.029810205
2199,0.9384671,0.17491038,0.23040561,0.16399582,0.70806146,0.010914564
2200,0.6403724,0.3007865,0.39406842,0.27509105,0.24630398,0.025695443
2201,0.5963243,0.287179,0.37274295,0.25618112,0.22358137,0.030997872
2202,0.6575766,0.11570754,0.17755708,0.11325535,0.48001954,0.0024521872
2203,0.8593853,0.23363727,0.38967168,0.26567772,0.46971363,-0.032040447
2204,-0.01680914,-0.061311115,0.008438352,0.0014227009,-0.025247492,-0.062733814
2205,0.04470701,-0.009377597,0.035434905,0.02132477,0.009272106,-0.030702367
2206,0.0919261,0.061404135,0.059469327,0.044468187,0.03245677,0.016935948
2207,0.1643566,0.09713694,0.08234984,0.057744764,0.08200677,0.039392173
2208,-0.01801866,-0.03322071,0.018742776,0.0074778674,-0.036761433,-0.040698577
2209,0.98660856,0.33938193,0.53449035,0.34660152,0.45211822,-0.007219583
2210,0.06676836,0.117595375,0.03989353,0.027006729,0.026874833,0.090588644
2211,0.5986739,0.13836306,0.21013476,0.14645022,0.38853914,-0.008087158
2212,0.22923458,0.10968704,0.14041775,0.10126724,0.08881682,0.008419797
2213,1.1346853,0.4575457,0.48077947,0.33343685,0.6539058,0.12410885
2214,0.5086696,0.2184611,0.34110114,0.23048584,0.16756848,-0.012024745
2215,0.78754425,0.24439657,0.41296852,0.25945845,0.37457573,-0.015061885
2216,0.61505145,0.23728748,0.3009787,0.21220447,0.31407276,0.025083005
2217,0.7369027,0.17238796,0.23290785,0.160828,0.5039949,0.011559963
2218,0.043610852,0.02906042,0.016186433,0.011321584,0.02742442,0.017738836
2219,0.059579615,0.13217066,0.010841207,0.002834754,0.04873841,0.12933591
2220,0.4880916,0.037161734,0.08593781,0.053071186,0.4021538,-0.015909452
2221,1.0121907,0.44677177,0.6129618,0.44542205,0.39922887,0.0013497174
2222,0.1423633,0.06892516,0.09585642,0.07510985,0.046506874,-0.0061846897
2223,0.6379259,0.23797287,0.2916811,0.20205039,0.3462448,0.035922483
2224,1.0048947,0.32383415,0.30150968,0.22909279,0.70338506,0.09474136
2225,1.0625689,0.42390424,0.5765633,0.4042884,0.4860056,0.019615829
2226,0.6803238,0.2986139,0.4102456,0.2927639,0.27007818,0.005850017
2227,0.6644815,0.11496453,0.227599,0.13466646,0.43688253,-0.019701928
2228,0.025069633,0.034410134,0.04003283,0.035045374,-0.014963197,-0.0006352402
2229,0.28956398,0.0776717,0.051611014,0.038015272,0.23795298,0.039656427
2230,0.8003462,0.24693893,0.39938822,0.26509053,0.40095797,-0.018151596
2231,0.13623497,0.18697302,0.18994375,0.15680781,-0.053708777,0.03016521
2232,0.23940954,0.077538356,0.1147641,0.08671412,0.124645434,-0.0091757625
2233,1.0044004,0.317907,0.47698343,0.33756027,0.52741694,-0.01965326
2234,0.7908935,0.19724718,0.25238192,0.19003573,0.5385116,0.0072114468
2235,1.2222983,0.27037513,0.39669102,0.27328685,0.82560724,-0.0029117167
2236,1.0764909,0.27066845,0.5153792,0.33159056,0.5611117,-0.060922116
2237,0.51463914,0.28794754,0.28001902,0.2022443,0.23462012,0.08570324
2238,0.11208021,0.05902821,0.076079026,0.05377706,0.036001183,0.005251147
2239,0.3397035,0.14086358,0.14177181,0.110355414,0.19793169,0.030508168
2240,0.06877432,0.052514967,0.05984599,0.04286314,0.008928329,0.009651825
2241,0.55600363,0.20083733,0.2860111,0.18673393,0.26999253,0.014103398
2242,0.13530591,0.05153309,0.054398566,0.040644974,0.080907345,0.010888118
2243,0.005337966,0.0057007116,0.012998858,0.0092191715,-0.0076608914,-0.0035184599
2244,0.7311083,0.23524247,0.3287073,0.22591831,0.402401,0.009324163
2245,0.103993684,0.067270435,0.06425263,0.044609994,0.039741054,0.022660442
2246,0.025724234,0.045534983,0.036312573,0.028746838,-0.010588339,0.016788146
2247,0.057017267,0.11871592,0.035419658,0.019442318,0.021597609,0.0992736
2248,0.9074372,0.34918198,0.41913944,0.32699317,0.48829776,0.022188812
2249,0.26444748,0.057240307,0.10304722,0.07030685,0.16140026,-0.013066545
2250,0.06627458,0.044236355,0.059985176,0.035452712,0.0062894076,0.008783642
2251,0.7320114,0.23017164,0.2903037,0.1928217,0.44170767,0.03734994
2252,0.5206015,0.13451567,0.17111827,0.12289111,0.34948325,0.01162456
2253,0.27470326,0.18054134,0.09729372,0.06948778,0.17740954,0.111053556
2254,0.46377486,0.18907662,0.2563264,0.1834528,0.20744845,0.0056238174
2255,0.6583585,0.22471362,0.3472543,0.24466203,0.3111042,-0.019948408
2256,0.012484871,0.14466316,0.072347276,0.05899302,-0.059862405,0.085670136
2257,0.4371575,0.14974718,0.18581426,0.13113712,0.25134325,0.01861006
2258,0.3207319,0.19537506,0.21317276,0.13630247,0.107559144,0.059072584
2259,0.013300516,0.021675661,0.013828043,0.011608461,-0.0005275272,0.0100672
2260,1.1883051,0.42740873,0.56261957,0.41034448,0.6256856,0.017064244
2261,0.956321,0.258421,0.3474949,0.23630878,0.6088261,0.02211222
2262,0.047666878,-0.020711599,0.050464846,0.029771091,-0.0027979687,-0.05048269
2263,0.72188187,0.31521302,0.3781684,0.28116715,0.34371346,0.034045875
2264,0.025751993,0.12966287,0.057166524,0.03470641,-0.03141453,0.09495646
2265,0.202927,0.08863143,0.11747737,0.082780324,0.08544962,0.005851105
2266,0.7586839,0.28495768,0.3482524,0.24934447,0.41043153,0.03561321
2267,0.71660304,0.24348004,0.30209538,0.19877344,0.41450766,0.044706598
2268,0.8791851,0.2393426,0.3326789,0.21573862,0.54650617,0.023603976
2269,0.96097136,0.29829937,0.35826084,0.24741559,0.6027105,0.050883785
2270,1.0448676,0.32634434,0.4263353,0.33428895,0.6185323,-0.007944614
2271,0.9900772,0.22903593,0.37901756,0.2756152,0.61105967,-0.046579257
2272,1.1172625,0.40103287,0.56763935,0.3725803,0.54962313,0.028452575
2273,0.11590418,0.04313379,0.057463385,0.03841072,0.058440797,0.004723072
2274,0.948583,0.3309931,0.5194689,0.33657876,0.4291141,-0.0055856705
2275,0.25474793,0.051973816,0.08559427,0.06239889,0.16915366,-0.010425072
2276,0.25272995,0.11104845,0.11044198,0.09217951,0.14228797,0.018868946
2277,0.11321176,0.024747875,0.049099788,0.03174602,0.06411197,-0.006998144
2278,0.2639451,0.12989238,0.12490704,0.07763026,0.13903806,0.05226212
2279,0.694303,0.16722666,0.2899869,0.2026487,0.40431607,-0.035422042
2280,0.045269858,0.044918,0.040213656,0.026701767,0.0050562024,0.018216234
2281,0.048601903,-0.01969743,0.042577077,0.022075532,0.0060248263,-0.04177296
2282,0.69449383,0.30784842,0.37007418,0.2502601,0.32441965,0.05758831
2283,0.82098395,0.18537582,0.26208407,0.1891574,0.5588999,-0.003781572
2284,1.0095404,0.32868776,0.39705768,0.291461,0.6124828,0.037226766
2285,0.4341239,0.18836376,0.24338225,0.17972845,0.19074166,0.008635312
2286,0.77678764,0.24629591,0.36379912,0.25607413,0.4129885,-0.0097782165
2287,0.6123872,0.12434554,0.1712946,0.119227536,0.44109258,0.005118005
2288,0.37466004,0.018198796,0.050557848,0.037877027,0.3241022,-0.019678231
2289,0.6539062,0.15578233,0.22120734,0.16501257,0.4326989,-0.009230241
2290,0.694565,0.19352326,0.2775495,0.19784361,0.4170155,-0.0043203533
2291,0.76872456,0.08446806,0.17201976,0.109519094,0.5967048,-0.025051035
2292,0.7361289,0.24932994,0.37964934,0.2498683,0.3564796,-0.00053836405
2293,0.17045087,0.069643036,0.07424771,0.055360284,0.096203156,0.014282752
2294,0.72083855,0.23939314,0.35459763,0.21012922,0.36624092,0.029263929
2295,0.2509319,0.056074012,0.08721716,0.063553154,0.16371474,-0.0074791424
2296,1.0901375,0.31872967,0.41653624,0.28883392,0.67360127,0.029895753
2297,0.05312501,0.03761811,0.026530012,0.023661956,0.026594996,0.013956156
2298,0.76867694,0.16082442,0.22064348,0.15839441,0.5480335,0.0024300069
2299,0.13069826,0.042350795,0.03553042,0.026673192,0.095167845,0.015677603
2300,0.3164914,0.15225714,0.22146103,0.15129419,0.09503037,0.00096295774
2301,0.8424797,0.21532743,0.30027547,0.20508379,0.54220426,0.010243639
2302,0.1088813,0.17586038,0.117137454,0.087233074,-0.008256152,0.0886273
2303,0.7102351,0.20583528,0.29774547,0.21422252,0.41248965,-0.008387238
2304,0.5800694,0.24344082,0.3312537,0.24866554,0.24881572,-0.0052247196
2305,0.673585,0.20010342,0.24228153,0.17187779,0.43130347,0.02822563
2306,0.6725185,0.22518435,0.29969096,0.20832966,0.37282753,0.016854689
2307,0.23589343,0.08333105,0.116660856,0.08141878,0.11923257,0.001912266
2308,0.5958307,0.18999189,0.21539557,0.16491123,0.3804351,0.025080666
2309,0.8340861,0.24892853,0.36177215,0.2634132,0.47231397,-0.014484659
2310,0.07895763,-0.025465317,0.04357576,0.030001879,0.035381872,-0.055467196
2311,0.028557654,-0.0074100643,0.051191088,0.030739408,-0.022633433,-0.038149472
2312,0.106458016,-0.009814898,0.04983383,0.029172191,0.056624185,-0.03898709
2313,0.024919052,0.1403001,0.018207602,0.009890873,0.0067114495,0.13040923
2314,1.0089691,0.36950785,0.49453542,0.34690177,0.5144336,0.022606075
2315,0.037227355,0.06005429,0.03587888,0.031423192,0.0013484731,0.028631099
2316,0.19544762,0.04867891,0.040248446,0.027595988,0.15519917,0.021082921
2317,0.6831553,0.16638936,0.19356638,0.14535446,0.48958892,0.021034896
2318,0.050082367,0.036745574,0.010740247,0.011413583,0.03934212,0.025331993
2319,0.82606494,0.3076804,0.36726815,0.26265657,0.4587968,0.04502383
2320,0.5675016,0.18033998,0.23055975,0.16159377,0.33694184,0.018746212
2321,0.7692759,0.18017231,0.2826658,0.19637896,0.4866101,-0.016206652
2322,0.02505465,0.089941315,0.035196275,0.02972641,-0.010141624,0.060214907
2323,0.8028035,0.20414491,0.3042153,0.20958811,0.4985882,-0.0054432005
2324,0.35916832,0.16374363,0.23975474,0.16862278,0.119413584,-0.004879147
2325,0.5780744,0.13574296,0.17670323,0.12526897,0.40137118,0.010473996
2326,0.75022095,0.16501206,0.25349358,0.18217224,0.49672738,-0.017160177
2327,0.07999282,0.022395391,0.022974228,0.014538148,0.057018593,0.007857243
2328,0.9233836,0.41553625,0.53642976,0.39210957,0.38695383,0.023426682
2329,0.4496726,0.13622469,0.11792383,0.08975332,0.33174878,0.046471365
2330,0.001198022,0.028076774,0.007956559,0.008681292,-0.0067585367,0.019395482
2331,0.5071755,0.2659133,0.3734424,0.25400218,0.1337331,0.011911124
2332,0.5691144,0.1631342,0.2207205,0.15986036,0.3483939,0.0032738447
2333,0.05691523,0.09756967,0.029484585,0.023587499,0.027430646,0.073982164
2334,0.06465055,0.08999752,0.05646667,0.040265113,0.008183882,0.04973241
2335,0.18247747,-0.043404877,0.036122598,0.018280601,0.14635488,-0.06168548
2336,0.07120654,0.05784413,0.039331004,0.029095933,0.031875536,0.028748196
2337,0.11132457,0.19076838,0.04166184,0.03489092,0.069662735,0.15587746
2338,0.66188854,0.112237774,0.15290241,0.10256498,0.5089861,0.009672791
2339,0.012861885,0.10661878,0.015735492,0.014195286,-0.002873607,0.09242349
2340,0.19187841,0.09762857,0.109513685,0.060522456,0.08236472,0.037106115
2341,0.06720764,0.1466181,0.041652784,0.03423158,0.025554858,0.11238652
2342,0.14643238,0.14585,0.061135467,0.04885919,0.085296914,0.09699081
2343,0.14594105,0.027887955,0.030989235,0.022333732,0.11495181,0.0055542234
2344,1.0159405,0.20159599,0.35029116,0.22321539,0.6656494,-0.021619394
2345,0.34148785,0.09670239,0.14745213,0.09791359,0.19403572,-0.0012112036
2346,0.054163218,0.068917505,0.06589652,0.052913114,-0.011733301,0.016004391
2347,1.0078012,0.3278513,0.4054375,0.30905044,0.6023637,0.018800855
2348,0.743157,0.2174723,0.1789185,0.1388241,0.56423855,0.078648195
2349,1.0179472,0.28334332,0.4207238,0.27785215,0.5972234,0.0054911673
2350,0.11715382,0.030989822,0.048123874,0.033335283,0.06902995,-0.0023454614
2351,0.12688494,0.0076038125,0.021094881,0.016336797,0.10579006,-0.008732984
2352,0.06687398,0.036360864,0.041000497,0.031519476,0.025873486,0.0048413873
2353,0.8080338,0.31047913,0.4199535,0.30744448,0.38808033,0.0030346513
2354,0.63732904,0.13799447,0.18656689,0.14329967,0.45076215,-0.005305201
2355,0.05725478,0.060012605,0.06921897,0.05443397,-0.011964191,0.0055786334
2356,0.19404149,0.061122596,0.09731023,0.062922634,0.09673126,-0.0018000379
2357,0.8685152,0.3298724,0.4237912,0.31968513,0.444724,0.010187268
2358,0.4129783,0.14120507,0.14789683,0.107758895,0.26508147,0.033446178
2359,0.720127,0.1742748,0.23398888,0.15444136,0.4861381,0.019833446
2360,0.015282605,-0.060598362,0.010646664,0.0029561175,0.0046359412,-0.06355448
2361,0.99875736,0.2131058,0.30539602,0.20034614,0.69336134,0.012759656
2362,0.9105948,0.47799352,0.6024323,0.42086315,0.3081625,0.057130367
2363,0.4842069,0.13063079,0.24283668,0.16916427,0.2413702,-0.03853348
2364,0.796418,0.30621174,0.40656713,0.29723963,0.38985088,0.008972108
2365,1.2237073,0.21335869,0.39006692,0.26537707,0.8336404,-0.05201839
2366,0.70893705,0.26722407,0.3522084,0.24741638,0.35672864,0.019807696
2367,1.3139355,0.37032324,0.5340232,0.365753,0.7799123,0.0045702457
2368,0.719219,0.25349346,0.33710545,0.2618303,0.38211358,-0.008336842
2369,0.07088179,0.019938547,0.0348924,0.025692414,0.035989393,-0.0057538673
2370,0.8957352,0.23292361,0.28697613,0.21538368,0.60875905,0.017539933
2371,0.09065959,0.060400583,0.060235616,0.044960376,0.030423973,0.015440207
2372,0.58566135,0.15997404,0.25520223,0.18350041,0.33045912,-0.02352637
2373,0.77464336,0.19667442,0.25157636,0.18641119,0.523067,0.010263234
2374,0.27541035,0.0751738,0.115827836,0.08427616,0.15958253,-0.009102359
2375,0.6392495,0.26075694,0.4201894,0.2507647,0.2190601,0.009992242
2376,0.46225908,0.16196316,0.26759633,0.16461988,0.19466275,-0.0026567131
2377,0.7720471,0.37655222,0.41717622,0.30786258,0.3548709,0.068689644
2378,0.45228896,0.19054605,0.30843842,0.20521237,0.14385054,-0.014666319
2379,0.6368789,0.17695451,0.24188991,0.16730252,0.394989,0.009651989
2380,0.23822533,0.06796552,0.061383635,0.04704331,0.17684169,0.020922214
2381,0.93711,0.3402864,0.34721676,0.25606838,0.5898932,0.084218025
2382,0.3454082,0.18121792,0.1752544,0.120901935,0.1701538,0.06031599
2383,0.1343693,0.015810112,0.04207369,0.032110777,0.09229561,-0.016300665
2384,0.37007123,0.11887596,0.12980753,0.0907184,0.2402637,0.028157555
2385,0.6082653,0.23347099,0.2879133,0.20479341,0.320352,0.028677583
2386,0.9226442,0.3679319,0.45179445,0.32047185,0.47084975,0.04746005
2387,0.6221765,0.21246895,0.29893053,0.19786876,0.323246,0.014600188
2388,0.060119525,0.02300026,0.039597526,0.019610003,0.020521998,0.0033902582
2389,0.09763723,0.019558122,0.050969,0.03552231,0.046668228,-0.015964186
2390,0.15912676,0.054293264,0.0455225,0.037797768,0.11360426,0.016495496
2391,-0.042603977,-0.019319754,0.03869797,0.019302614,-0.08130194,-0.038622368
2392,0.84835887,0.29938394,0.40006524,0.28750995,0.44829363,0.01187399
2393,0.7576143,0.3349764,0.44432867,0.29022357,0.31328565,0.044752836
2394,0.6426341,0.1163979,0.19045681,0.116663106,0.4521773,-0.00026520342
2395,0.7410436,0.20852108,0.2424931,0.18946913,0.49855053,0.019051954
2396,-0.042321093,-0.03565611,0.015045016,0.0085835615,-0.05736611,-0.04423967
2397,0.07103946,0.06613378,0.06006237,0.04737194,0.010977089,0.018761843
2398,0.43777832,0.19121489,0.18738705,0.123786956,0.25039127,0.06742793
2399,0.6133372,0.29618394,0.34123367,0.23907906,0.27210355,0.057104886
2400,0.09857679,-0.0004955326,0.033893123,0.023462484,0.06468367,-0.023958016
2401,0.23018202,0.061250616,0.13102004,0.08368853,0.09916198,-0.022437911
2402,0.08947056,0.066713,0.0716288,0.050431427,0.017841756,0.016281571
2403,0.39634228,0.09697544,0.14026783,0.09612423,0.25607443,0.0008512065
2404,0.012560908,-0.044945206,0.0409994,0.02186506,-0.028438494,-0.066810265
2405,0.09893379,0.0669623,0.060574327,0.047386125,0.038359467,0.019576177
2406,-0.018538903,0.17727311,0.02791906,0.025586145,-0.04645796,0.15168697
2407,0.78679913,0.207403,0.32828087,0.22245793,0.45851827,-0.015054926
2408,1.125901,0.27976698,0.46011657,0.30991495,0.6657844,-0.03014797
2409,0.92700565,0.29403397,0.37903446,0.2743919,0.5479712,0.019642085
2410,0.076427326,0.07043099,0.045362797,0.03444135,0.031064529,0.03598964
2411,0.20936033,0.072202705,0.14564472,0.08896756,0.06371561,-0.016764857
2412,0.60577077,0.21562874,0.18602835,0.12504365,0.4197424,0.0905851
2413,0.53381664,0.20754987,0.28625324,0.19407797,0.24756339,0.013471901
2414,0.17813154,0.13843633,0.11087166,0.07494534,0.06725988,0.063490994
2415,0.08300676,-0.0126681775,0.012992268,0.008986602,0.07001449,-0.02165478
2416,1.0783765,0.32639682,0.6079237,0.3836838,0.47045285,-0.057286978
2417,0.89180154,0.32677293,0.4905968,0.33702895,0.40120474,-0.010256022
2418,0.9158617,0.3453397,0.4391172,0.30819085,0.47674453,0.037148833
2419,1.1663065,0.4275323,0.59354216,0.40689275,0.57276434,0.020639539
2420,0.81960404,0.20230404,0.31871974,0.23494118,0.5008843,-0.03263715
2421,0.57243806,0.19301389,0.2308941,0.17870145,0.34154397,0.014312446
2422,0.1365517,0.020169742,0.044074684,0.02782846,0.09247701,-0.007658718
2423,0.1315937,0.06723328,0.061163086,0.043436743,0.07043062,0.023796536
2424,0.75332075,0.23728068,0.33174068,0.24134073,0.42158008,-0.004060045
2425,0.04305803,-0.04509983,0.013046372,0.006856625,0.030011658,-0.051956452
2426,0.9096186,0.2248979,0.26820838,0.19775206,0.64141023,0.027145848
2427,1.0326478,0.23203218,0.38568234,0.25428677,0.6469655,-0.022254586
2428,0.15177728,0.09010066,0.118899785,0.08000193,0.032877497,0.010098733
2429,0.09083863,0.055332117,0.021475375,0.020401277,0.06936326,0.03493084
2430,0.62055206,0.17398639,0.1946537,0.13948786,0.42589837,0.034498528
2431,0.7935534,0.2479903,0.36834344,0.24038051,0.42520997,0.0076097846
2432,0.04661872,0.112778604,0.030149508,0.02499635,0.01646921,0.08778226
2433,0.24691136,0.07864587,0.11448286,0.07779406,0.1324285,0.00085181
2434,1.1227354,0.32874176,0.55919576,0.39284888,0.5635396,-0.06410712
2435,0.108788036,0.06025986,0.047656897,0.035035577,0.06113114,0.025224283
2436,0.3828833,0.0838525,0.13553138,0.08893659,0.24735193,-0.00508409
2437,-0.055419445,0.11620988,0.012797224,0.008815448,-0.06821667,0.107394435
2438,0.9354112,0.3507365,0.51340044,0.34099144,0.42201078,0.009745061
2439,0.25363886,0.08803968,0.08248807,0.05869974,0.1711508,0.029339943
2440,0.6345067,0.13138828,0.1787657,0.12355453,0.455741,0.007833749
2441,0.64189684,0.15062381,0.19406869,0.13591616,0.44782817,0.014707655
2442,0.59547365,0.24883851,0.33107293,0.21132578,0.26440072,0.037512735
2443,0.5677161,0.29163802,0.29682565,0.21222948,0.27089047,0.07940854
2444,0.40739205,0.1364314,0.16814612,0.123751596,0.23924594,0.0126798
2445,0.74688256,0.13169825,0.19265985,0.14325137,0.5542227,-0.011553124
2446,0.600711,0.16222991,0.25447157,0.17245972,0.34623942,-0.010229811
2447,0.7859804,0.19579004,0.36885175,0.2308516,0.41712865,-0.035061568
2448,0.81793755,0.19517449,0.33170268,0.22215746,0.48623487,-0.026982978
2449,0.1976044,0.08405249,0.11479345,0.08367565,0.08281095,0.00037683547
2450,1.0454282,0.4415026,0.62113243,0.4114925,0.42429572,0.030010104
2451,0.23516165,0.06345108,0.08147676,0.06437342,0.15368488,-0.0009223372
2452,0.5863712,0.34321976,0.3847034,0.2845571,0.20166779,0.058662653
2453,0.6890261,0.09165072,0.13318169,0.08685452,0.5558444,0.0047961995
2454,0.69646573,0.25526857,0.32504508,0.21929008,0.37142065,0.035978496
2455,-0.022629911,0.1865003,0.03320144,0.022918236,-0.05583135,0.16358206
2456,0.24948649,0.08802534,0.12149258,0.08570966,0.12799391,0.0023156777
2457,0.20992734,0.19845013,0.14966197,0.1088338,0.060265362,0.089616336
2458,0.1245283,0.11565063,0.09428049,0.055670314,0.030247808,0.059980318
2459,0.61235434,0.21803668,0.29310638,0.20828001,0.31924796,0.009756669
2460,0.36136964,0.17639531,0.16856186,0.11285609,0.19280778,0.06353922
2461,0.6745645,0.23179047,0.28268024,0.20363864,0.39188424,0.028151825
2462,0.667157,0.19245851,0.32526833,0.22532684,0.34188867,-0.032868326
2463,0.17299084,0.21774547,0.17297997,0.10093213,1.0877848e-05,0.11681334
2464,0.6964043,0.23477691,0.40237832,0.24398538,0.29402596,-0.009208471
2465,0.3464235,0.19754152,0.23284188,0.16575849,0.11358163,0.03178303
2466,0.5387141,0.13945465,0.24999014,0.15723988,0.28872398,-0.017785236
2467,0.1367634,0.13967042,0.023351079,0.018033879,0.11341231,0.12163654
2468,0.67053723,0.2603194,0.36942405,0.26656482,0.3011132,-0.0062454045
2469,0.13205875,0.05192707,0.038904145,0.030376518,0.09315461,0.021550553
2470,-0.007345099,0.030813767,0.022499466,0.019688586,-0.029844565,0.011125181
2471,0.67974085,0.30429858,0.34123752,0.23191847,0.33850333,0.07238011
2472,0.12661426,0.029192984,0.031205134,0.020932812,0.095409125,0.008260172
2473,0.13907476,0.0632378,0.036829583,0.030522067,0.102245174,0.032715734
2474,0.3601284,0.12578559,0.14609195,0.09905963,0.21403645,0.026725963
2475,0.1694285,0.035598826,0.060159106,0.044107705,0.109269395,-0.00850888
2476,0.802937,0.27558932,0.41509593,0.27757615,0.38784105,-0.0019868314
2477,0.022023283,0.020778075,0.016197888,0.011035455,0.0058253948,0.0097426195
2478,0.72905844,0.13563535,0.19001995,0.13480715,0.5390385,0.00082819164
2479,0.10377941,0.096991345,0.042740867,0.031743854,0.061038546,0.06524749
2480,0.5678042,0.20356259,0.2639742,0.17969711,0.30383003,0.023865476
2481,0.6179492,0.23659079,0.29007843,0.2215904,0.32787076,0.015000388
2482,0.69616854,0.17510626,0.25410277,0.17062941,0.44206578,0.0044768453
2483,0.91978276,0.23742971,0.3698812,0.23933199,0.54990155,-0.0019022822
2484,1.2066333,0.5147422,0.6364436,0.46537673,0.5701897,0.04936546
2485,0.12533084,0.019205693,0.052714605,0.03246279,0.072616234,-0.013257097
2486,0.0033896079,0.104012944,0.0076761264,0.0019182131,-0.0042865183,0.10209473
2487,0.29230222,0.14382905,0.112366706,0.08008338,0.17993551,0.06374567
2488,0.07169584,0.051714536,0.04553052,0.032749884,0.026165321,0.018964652
2489,0.23286194,0.06394953,0.08421133,0.05416131,0.14865062,0.009788223
2490,0.28247634,0.067008406,0.05063866,0.035865363,0.23183767,0.031143043
2491,0.78811425,0.33049193,0.42843387,0.29489467,0.35968038,0.035597265
2492,0.6639443,0.21375805,0.27674118,0.21822952,0.38720313,-0.004471466
2493,0.5666857,0.25898486,0.33391866,0.23342785,0.23276702,0.025557011
2494,0.7293863,0.14077193,0.20067894,0.13758473,0.5287074,0.0031871945
2495,0.906116,0.15240225,0.24681008,0.16365398,0.65930593,-0.011251733
2496,0.065654695,0.024479989,0.013013946,0.011946485,0.05264075,0.012533504
2497,0.08704002,0.0690729,0.12028988,0.07825625,-0.033249855,-0.009183347
2498,0.20019278,0.08408329,0.1165182,0.08223768,0.08367458,0.0018456057
2499,0.46692207,0.12888272,0.21754724,0.14894526,0.24937484,-0.020062536
2500,1.205414,0.2318592,0.32941017,0.23675804,0.87600386,-0.0048988312
2501,0.8154058,0.25382733,0.35241735,0.2421927,0.46298844,0.011634633
2502,1.0172404,0.36901245,0.54638124,0.39145738,0.47085917,-0.022444934
2503,0.78543484,0.19047849,0.25819424,0.18619081,0.52724063,0.004287675
2504,0.64862496,0.31165868,0.3847425,0.27524436,0.26388246,0.036414325
2505,1.0866007,0.36415452,0.4443301,0.31696385,0.64227057,0.047190666
2506,1.0735139,0.31464863,0.3813075,0.27607736,0.6922064,0.03857127
2507,0.4261997,0.1404696,0.22658998,0.15429151,0.19960973,-0.013821915
2508,0.055459764,0.049844164,0.0685412,0.043357447,-0.013081435,0.0064867176
2509,0.547589,0.3065385,0.37233788,0.2595578,0.17525113,0.04698068
2510,0.22716469,0.08896644,0.15347578,0.10425347,0.07368891,-0.015287034
2511,0.55096835,0.20946327,0.24297865,0.17500794,0.30798972,0.03445533
2512,0.24030858,0.10982717,0.13840573,0.081498854,0.10190286,0.028328314
2513,0.7664214,0.29226995,0.41067773,0.27889445,0.35574365,0.013375491
2514,-0.008703217,-0.024102692,0.030785637,0.017989056,-0.039488852,-0.04209175
2515,0.049432762,-0.039459076,0.020802794,0.010901039,0.028629968,-0.050360113
2516,0.69250005,0.3211963,0.4436537,0.3126602,0.24884635,0.0085361
2517,0.7897182,0.24574806,0.26078168,0.1959998,0.5289365,0.049748257
2518,0.20840943,0.08381832,0.085766934,0.058264066,0.122642495,0.02555425
2519,0.29367298,0.18787609,0.17644194,0.11687322,0.11723104,0.07100287
2520,0.38305238,0.24228904,0.2226427,0.15545772,0.16040967,0.08683132
2521,0.85286504,0.32681993,0.385907,0.26276812,0.46695805,0.06405181
2522,1.0643512,0.4380937,0.60010266,0.4286796,0.46424854,0.009414107
2523,0.07049995,0.042769596,0.03254379,0.026970303,0.03795616,0.015799293
2524,0.09647265,0.07512286,0.108717054,0.07542452,-0.012244403,-0.0003016591
2525,0.5818692,0.1990004,0.2813393,0.1957042,0.3005299,0.0032961965
2526,1.0084765,0.2516124,0.3728349,0.26007622,0.6356416,-0.00846383
2527,0.3363108,0.14343306,0.18113509,0.13581339,0.15517572,0.007619679
2528,0.33860248,0.0657452,0.12004413,0.070375964,0.21855836,-0.004630767
2529,0.95567745,0.23966758,0.32422307,0.22979939,0.63145435,0.00986819
2530,-0.008841506,0.17806889,0.123297684,0.08123701,-0.13213919,0.09683188
2531,0.80267626,0.38742363,0.5002333,0.34671485,0.30244297,0.04070878
2532,0.6585435,0.21309376,0.29275972,0.21536835,0.3657838,-0.0022745878
2533,0.49889165,0.19776833,0.27788746,0.18286002,0.22100419,0.014908314
2534,0.22068812,0.14161979,0.08434586,0.053798363,0.13634226,0.087821424
2535,0.06597811,0.12411884,0.03941755,0.017588757,0.02656056,0.106530085
2536,0.8472163,0.32685366,0.50055987,0.33152843,0.34665644,-0.0046747625
2537,0.73174095,0.20700027,0.3304284,0.21770863,0.40131256,-0.010708362
2538,1.0369773,0.2901338,0.41561627,0.2885726,0.621361,0.0015611947
2539,0.4905925,0.14961891,0.1790536,0.12264166,0.3115389,0.026977248
2540,0.11730446,0.05345921,0.060683876,0.045486905,0.056620583,0.007972304
2541,0.0028460391,-0.035463244,0.021773739,0.009930243,-0.018927699,-0.045393486
2542,0.5295109,0.12441604,0.19830473,0.13045454,0.3312062,-0.006038502
2543,0.2741465,0.094753996,0.16510725,0.10101405,0.10903925,-0.0062600523
2544,0.040107235,-0.006669834,0.040755805,0.029732974,-0.0006485693,-0.036402807
2545,0.060648035,0.013770603,0.07393986,0.05354656,-0.013291825,-0.039775956
2546,0.2911248,0.21680138,0.20037265,0.12886862,0.09075214,0.08793275
2547,0.77323484,0.19757183,0.34482354,0.20836338,0.4284113,-0.010791555
2548,0.41989052,0.0737917,0.11202879,0.083351776,0.30786175,-0.009560078
2549,0.18630835,0.13034867,0.12442629,0.09434657,0.061882064,0.0360021
2550,0.29398552,0.07328163,0.07046068,0.05190108,0.22352484,0.021380551
2551,1.1473528,0.35550153,0.46627036,0.30711287,0.6810825,0.04838866
2552,0.48783752,0.12270413,0.14549394,0.11647364,0.34234357,0.006230496
2553,0.7687152,0.19735558,0.22467954,0.16333027,0.5440357,0.03402531
2554,0.13514708,0.007482911,0.04777663,0.032208253,0.087370455,-0.024725342
2555,0.6830294,0.21971479,0.28096616,0.2058597,0.40206325,0.013855085
2556,0.15751724,0.06239305,0.0796047,0.057122793,0.07791254,0.0052702576
2557,0.7693725,0.27021176,0.37560403,0.26195523,0.3937685,0.008256525
2558,0.788528,0.20834814,0.23149668,0.1739553,0.55703133,0.034392834
2559,0.3494878,0.13649014,0.15867276,0.118107826,0.19081505,0.01838231
