feature_idx,seq_effect_obs,struct_effect_obs,seq_effect_shuffle,struct_effect_shuffle,seq_delta,struct_delta
0,0.035788402,0.04273593,0.046693426,0.036132447,-0.010905024,0.006603483
1,0.5632651,0.2613075,0.450064,0.28651363,0.11320108,-0.025206119
2,0.031646933,0.022233848,0.027683938,0.02037048,0.0039629955,0.0018633679
3,0.25756544,0.14586648,0.17876951,0.13318981,0.078795925,0.012676671
4,0.054759175,0.042299844,0.032229967,0.022115927,0.022529207,0.020183917
5,0.049584806,0.0017118949,0.04346756,0.031982195,0.006117247,-0.030270299
6,0.028222285,0.07992762,0.033867136,0.023242954,-0.0056448504,0.05668467
7,0.6093367,0.3827369,0.5072143,0.37303013,0.10212237,0.009706765
8,0.78253853,0.54059213,0.6313181,0.49413443,0.15122044,0.046457708
9,0.039924506,0.044719927,0.035375528,0.026800398,0.004548978,0.01791953
10,-0.03210023,0.11070729,0.010996512,0.0049906718,-0.043096744,0.105716616
11,-0.026192222,0.11907789,0.0145309465,0.007995082,-0.040723167,0.11108281
12,0.4973985,0.28801683,0.33438453,0.25719866,0.16301396,0.030818164
13,0.058275867,0.053104777,0.04570164,0.040272664,0.012574226,0.012832113
14,0.33500165,0.19095437,0.23001239,0.16437945,0.10498926,0.026574925
15,0.10163724,0.10699604,0.091612175,0.064143926,0.010025062,0.04285211
16,0.5965122,0.4177373,0.47075883,0.3626407,0.12575337,0.055096596
17,0.025388243,0.04003355,0.027508432,0.023200456,-0.0021201894,0.016833093
18,0.051743124,0.04019786,0.044120032,0.032224573,0.0076230913,0.007973287
19,0.70127,0.50190926,0.606369,0.4450148,0.094900966,0.05689445
20,0.058687106,0.023822494,0.042372473,0.026659701,0.016314633,-0.0028372072
21,0.58013237,0.34775293,0.46088806,0.32611308,0.11924431,0.021639854
22,0.9357487,0.5979539,0.8344389,0.5916346,0.10130978,0.006319344
23,0.042450704,0.028916202,0.03891957,0.022987518,0.003531132,0.005928684
24,0.8594142,0.389615,0.548558,0.36706826,0.31085622,0.022546738
25,0.70982444,0.48821133,0.6129068,0.45212603,0.09691763,0.036085308
26,0.6878181,0.33335605,0.45424327,0.29980236,0.23357484,0.03355369
27,0.78035146,0.47496685,0.6377795,0.4442727,0.14257199,0.030694157
28,0.050724473,0.032529082,0.042185776,0.0148135405,0.008538697,0.017715542
29,0.15445796,0.09716113,0.12770969,0.07989183,0.02674827,0.017269298
30,0.5300055,0.29479375,0.36943993,0.27544305,0.16056558,0.019350708
31,0.05090209,-0.004101084,0.055174608,0.038519066,-0.004272517,-0.04262015
32,0.09055717,0.09132871,0.09290614,0.05933199,-0.002348967,0.03199672
33,0.03039762,0.07212491,0.023871193,0.022153001,0.0065264273,0.049971912
34,0.032378357,0.05417125,0.03164482,0.022888387,0.00073353574,0.031282865
35,0.16848662,0.120043024,0.1478431,0.116168834,0.020643532,0.0038741902
36,1.2575067,0.8358724,1.1179218,0.8373307,0.1395849,-0.0014582872
37,0.010008986,-0.014051082,0.036055658,0.020582456,-0.026046671,-0.03463354
38,0.6264496,0.30924875,0.4430562,0.3301162,0.18339339,-0.020867467
39,0.046365112,0.05308741,0.041054524,0.026880339,0.0053105876,0.02620707
40,0.5234219,0.30925918,0.4355789,0.32580864,0.08784297,-0.016549468
41,0.108626954,0.05429348,0.11024521,0.081244186,-0.0016182587,-0.026950706
42,0.021772837,0.11314592,0.04453367,0.02676019,-0.022760833,0.08638573
43,0.0782821,0.030962214,0.061451726,0.03462907,0.016830377,-0.0036668554
44,0.27377605,0.26042864,0.24378535,0.17930794,0.029990703,0.0811207
45,0.023129504,0.05069914,0.017675785,0.018963378,0.005453719,0.031735763
46,0.50333714,0.2583996,0.30717582,0.2295363,0.19616133,0.02886331
47,0.113921575,0.08402474,0.10743938,0.06975736,0.006482199,0.014267385
48,0.07487575,0.105424196,0.06692393,0.04017476,0.007951818,0.065249436
49,0.8829954,0.57681227,0.8028885,0.5361959,0.080106914,0.040616393
50,-0.047923956,0.17474093,0.020052362,0.0063444525,-0.06797632,0.16839647
51,0.013330479,0.025961004,0.023095597,0.024792917,-0.009765117,0.0011680871
52,0.07075819,0.07138943,0.072215416,0.05208859,-0.0014572293,0.01930084
53,0.56634116,0.25298288,0.37892264,0.26970047,0.18741852,-0.016717583
54,0.83064604,0.48235753,0.7469812,0.47326913,0.083664834,0.009088397
55,0.07552807,0.087009735,0.07907983,0.051486336,-0.0035517588,0.0355234
56,0.042339556,0.13977529,0.04127454,0.035145357,0.0010650158,0.104629934
57,0.08998383,0.010824216,0.050639976,0.021636058,0.039343853,-0.010811842
58,0.05243239,0.028406914,0.034154203,0.027009025,0.018278189,0.0013978891
59,0.7821064,0.32847846,0.40398216,0.2952206,0.37812424,0.033257842
60,0.065047994,0.16141273,0.05927802,0.04984768,0.0057699755,0.11156505
61,0.0368795,-0.012191966,0.027864689,0.014228361,0.0090148095,-0.026420327
62,0.7950363,0.38492233,0.5125344,0.37386194,0.28250194,0.011060387
63,-0.0047241068,0.11060243,0.027037036,0.01950049,-0.031761143,0.091101944
64,0.67089987,0.34480408,0.43706483,0.2927054,0.23383504,0.05209869
65,0.09041653,0.060286038,0.07499783,0.055804867,0.015418701,0.0044811703
66,0.017098013,0.008203686,0.014934324,0.010359801,0.0021636896,-0.0021561151
67,0.8685348,0.5747095,0.7352147,0.564112,0.1333201,0.010597467
68,0.02517327,0.014767375,0.02057809,0.012330898,0.004595179,0.0024364768
69,-0.028976457,0.11882223,0.009865692,0.004058351,-0.03884215,0.11476388
70,1.2983086,0.75630677,0.9883007,0.70576745,0.31000793,0.050539315
71,0.0404965,0.055856258,0.0332353,0.023907151,0.007261198,0.031949107
72,0.32747617,0.20333807,0.28354448,0.20573314,0.043931693,-0.0023950636
73,0.46338797,0.12691468,0.20589674,0.13172622,0.25749123,-0.0048115402
74,0.04505683,0.03939309,0.035200436,0.03270796,0.009856395,0.0066851303
75,0.5612848,0.2815307,0.44729978,0.30498636,0.113985,-0.02345565
76,0.718098,0.4617033,0.59227335,0.4331355,0.12582463,0.028567791
77,0.017105373,0.06751005,0.026331326,0.0140776355,-0.009225953,0.05343242
78,0.72500944,0.40894556,0.5121404,0.40401816,0.21286905,0.004927397
79,1.1027601,0.34811983,0.4556946,0.2881996,0.6470655,0.05992022
80,0.7544086,0.3488073,0.4693368,0.3320516,0.2850718,0.0167557
81,0.020546332,0.12867548,0.04384151,0.023432147,-0.023295179,0.105243325
82,-0.021463439,0.12550965,0.018210204,0.008907493,-0.03967364,0.11660215
83,0.83063835,0.64914584,0.7756696,0.57718366,0.054968774,0.07196218
84,0.8787876,0.5156754,0.7774706,0.5013012,0.10131699,0.0143741965
85,0.5085529,0.3497881,0.44232935,0.3241269,0.06622356,0.0256612
86,0.13086446,0.10821256,0.1065982,0.0791006,0.024266258,0.029111959
87,0.19909765,0.1116686,0.16060892,0.10560439,0.03848873,0.006064214
88,0.210641,0.14488673,0.17266634,0.1321458,0.037974656,0.012740925
89,0.025043555,0.01885839,0.022623776,0.017950086,0.002419779,0.000908304
90,0.069664024,0.14406756,0.08723822,0.069264546,-0.017574199,0.07480301
91,0.986978,0.6513924,0.8623601,0.62602186,0.124617875,0.025370538
92,0.017795254,0.04398196,0.014281327,0.011163039,0.0035139266,0.03281892
93,0.28638396,0.19769274,0.26588154,0.19032033,0.020502418,0.007372409
94,0.69405544,0.33431396,0.6049774,0.36863035,0.08907801,-0.03431639
95,0.026362399,0.090967,0.04310044,0.022003325,-0.01673804,0.06896368
96,0.02887027,0.05425465,0.02443887,0.020556638,0.0044314004,0.033698015
97,0.91186285,0.28253,0.5558646,0.36540446,0.35599828,-0.08287445
98,0.9698537,0.62997234,0.8412677,0.59273493,0.128586,0.037237406
99,0.10924975,0.15585425,0.11922796,0.0811633,-0.009978212,0.07469095
100,0.052308828,-0.015008014,0.028164035,0.019383976,0.024144793,-0.03439199
101,0.015762687,0.102846764,0.016824247,0.013533363,-0.0010615606,0.0893134
102,0.03277768,-0.022428444,0.019481763,0.009639157,0.013295915,-0.0320676
103,0.00011233272,0.23215833,0.029619083,0.020008408,-0.02950675,0.21214992
104,-0.03717607,0.118752204,0.006688657,0.0005098871,-0.043864727,0.118242316
105,0.7495029,0.37561658,0.44497818,0.30366075,0.30452472,0.07195583
106,0.044751517,-0.014360544,0.05065332,0.029693296,-0.0059018023,-0.04405384
107,0.051486675,0.07881642,0.055556558,0.04199023,-0.0040698834,0.03682619
108,0.023910606,0.044115983,0.015588758,0.011506968,0.008321849,0.032609016
109,1.0309731,0.65970075,0.92787445,0.62091833,0.10309863,0.038782418
110,0.045274265,0.108218126,0.054080527,0.037814837,-0.008806262,0.07040329
111,0.8326533,0.49497113,0.63074446,0.4474867,0.20190883,0.047484428
112,0.0071255737,-0.054369625,0.016418988,0.008174836,-0.009293415,-0.06254446
113,0.6985399,0.4383662,0.48827553,0.37836486,0.21026438,0.060001343
114,-0.022867078,0.124206364,0.0122670615,0.0058590374,-0.03513414,0.118347324
115,0.062531084,0.04368643,0.039633196,0.030320805,0.022897888,0.013365626
116,0.06623863,0.06978391,0.067941606,0.062183715,-0.0017029792,0.0076001957
117,0.03294633,0.10561059,0.048813924,0.03398156,-0.015867595,0.071629025
118,1.0896702,0.7238296,0.9414118,0.71027267,0.14825839,0.013556957
119,0.66750324,0.43011904,0.5117485,0.3705279,0.15575475,0.059591144
120,-5.9671005e-05,0.11566009,0.020485405,0.009409054,-0.020545077,0.10625104
121,0.030590832,0.043707363,0.02298606,0.010935954,0.007604772,0.03277141
122,0.031579245,0.10854683,0.05778166,0.04034024,-0.026202414,0.06820659
123,0.9576755,0.6351959,0.8630493,0.6446242,0.09462619,-0.009428263
124,0.094981804,0.1547759,0.096074924,0.05985255,-0.0010931194,0.09492335
125,0.034232087,0.10006156,0.024907555,0.01123454,0.009324532,0.08882702
126,1.2158101,0.20982812,0.43656844,0.24612007,0.7792416,-0.036291942
127,0.16065842,0.098761626,0.13422184,0.10516401,0.026436582,-0.0064023808
128,0.0010287286,-0.037119236,0.011730204,0.0073038354,-0.010701476,-0.04442307
129,0.845628,0.5242018,0.70990276,0.49229002,0.13572526,0.03191179
130,0.018262139,-0.03591465,0.013108748,0.010077039,0.0051533906,-0.04599169
131,0.4879498,0.30405065,0.42814922,0.30405343,0.059800565,-2.771616e-06
132,-0.02894036,0.11839057,0.009624973,0.00486013,-0.03856533,0.113530435
133,0.033508427,-0.022181617,0.030310795,0.024323855,0.0031976327,-0.046505474
134,0.62747836,0.37671012,0.5051045,0.36088693,0.12237388,0.015823185
135,0.09662788,0.056145567,0.0874012,0.05458213,0.009226687,0.0015634373
136,0.03706698,0.031084767,0.02142189,0.018552117,0.01564509,0.01253265
137,0.65647686,0.25748017,0.37266386,0.23199725,0.283813,0.025482923
138,0.8955319,0.44733968,0.60675603,0.4276525,0.28877586,0.019687176
139,0.92201763,0.40193972,0.6580284,0.48575348,0.2639892,-0.08381376
140,0.04177032,0.21143234,0.058936555,0.04364277,-0.017166235,0.16778956
141,0.101052664,0.086686656,0.09509466,0.059527993,0.005958006,0.027158663
142,0.03190225,-0.026833855,0.02733532,0.02042815,0.0045669302,-0.047262006
143,0.84696037,0.25150952,0.3342549,0.22564128,0.51270545,0.025868237
144,0.07867314,0.030364618,0.07442869,0.05659204,0.0042444468,-0.026227422
145,0.039358113,0.048639506,0.052417107,0.044952977,-0.013058994,0.0036865287
146,0.13916162,0.102896616,0.11497538,0.090876296,0.024186239,0.01202032
147,0.053715836,0.02638874,0.029722178,0.027657678,0.023993658,-0.0012689382
148,0.049397334,0.06629773,0.04451287,0.034343876,0.004884463,0.031953856
149,-0.022304561,-0.020543246,0.00018835216,0.0034972993,-0.022492914,-0.024040544
150,0.99455667,0.5461559,0.86776525,0.51635873,0.12679142,0.029797196
151,0.07147533,0.047705356,0.052351248,0.049286254,0.01912408,-0.0015808977
152,0.54659325,0.19812912,0.24609289,0.17516868,0.30050036,0.02296044
153,0.02273959,0.045130074,0.0242098,0.01976638,-0.00147021,0.025363695
154,1.2987833,0.85301,1.1555609,0.8751252,0.14322245,-0.02211523
155,0.06190946,0.049414124,0.04324899,0.025389815,0.01866047,0.02402431
156,0.024061177,-0.031416237,0.019745633,0.012533879,0.004315544,-0.043950118
157,0.095941916,0.06440979,0.0723143,0.049772665,0.023627616,0.0146371275
158,0.05932772,0.07504522,0.049581546,0.042585403,0.009746175,0.032459818
159,0.16326147,0.14196618,0.16531003,0.13545202,-0.002048552,0.006514162
160,1.4795836,1.0303415,1.3992487,1.0588675,0.0803349,-0.028525949
161,0.051695768,0.027211946,0.030891728,0.022818487,0.02080404,0.0043934584
162,0.17232375,0.16233487,0.16324314,0.09438248,0.009080604,0.067952394
163,0.6108806,0.38052166,0.49353608,0.37332422,0.11734453,0.0071974397
164,0.052571606,0.15107453,0.053202175,0.034940884,-0.0006305687,0.116133645
165,0.96849996,0.48378366,0.6569874,0.4808545,0.31151253,0.002929151
166,0.06757255,0.047972694,0.076744065,0.06381406,-0.009171516,-0.015841365
167,0.05341284,0.02512161,0.030304473,0.022719774,0.023108367,0.0024018362
168,0.64890534,0.4080892,0.5286912,0.3728923,0.120214164,0.0351969
169,0.12325648,0.2388634,0.10355487,0.07398926,0.019701615,0.16487414
170,0.88246155,0.66581726,0.707236,0.57862973,0.17522556,0.08718753
171,0.03864212,-0.0069772494,0.043639455,0.02553894,-0.0049973354,-0.03251619
172,0.60486025,0.40031287,0.56280696,0.37583667,0.042053282,0.0244762
173,0.0065736417,-0.02576688,0.019242316,0.018007142,-0.012668675,-0.043774024
174,0.9491126,0.6407912,0.83859813,0.6128746,0.11051446,0.02791655
175,0.2180818,0.14140591,0.18055822,0.123110905,0.037523583,0.018295005
176,0.13703145,0.1218597,0.11944492,0.08322666,0.01758653,0.03863304
177,0.041313168,0.031888414,0.0532374,0.03028526,-0.011924233,0.0016031545
178,0.038962644,0.00097219925,0.027383339,0.021372166,0.011579305,-0.020399965
179,0.84665567,0.3703365,0.51141787,0.40591016,0.3352378,-0.03557366
180,0.0832705,0.07073919,0.07697774,0.059304647,0.0062927604,0.01143454
181,0.81591,0.3679309,0.5355429,0.39374453,0.28036708,-0.02581364
182,0.7154475,0.42095518,0.5911617,0.42831913,0.12428576,-0.0073639452
183,0.046906088,-0.026766267,0.05818107,0.039846733,-0.011274982,-0.066613
184,0.013439274,0.041550543,0.0044304878,0.006766072,0.009008787,0.03478447
185,0.049314365,0.0014199173,0.054405402,0.039171718,-0.0050910376,-0.0377518
186,0.7032377,0.28571928,0.3794674,0.2744301,0.3237703,0.011289179
187,0.8578159,0.44391912,0.64053386,0.4030252,0.21728206,0.040893912
188,1.0768093,0.7123417,0.9462285,0.70376885,0.13058078,0.008572876
189,1.1367868,0.5801952,0.8517003,0.5459138,0.2850865,0.034281373
190,-0.027271094,0.117467865,0.011045711,0.004728156,-0.038316805,0.11273971
191,0.0418636,0.038889304,0.021406392,0.015751403,0.02045721,0.023137901
192,0.87866956,0.6077252,0.7635816,0.5782677,0.115087986,0.02945751
193,0.25244445,0.14490734,0.20881729,0.14410825,0.043627158,0.00079908967
194,0.5208929,0.31723696,0.34606177,0.25509134,0.17483115,0.06214562
195,0.073250346,-0.011567498,0.05108721,0.024927882,0.022163134,-0.03649538
196,0.57956356,0.33005655,0.43144923,0.3096611,0.14811432,0.020395458
197,0.2210051,0.17784148,0.20937951,0.14635989,0.011625588,0.031481594
198,0.8522384,0.45325282,0.66362816,0.43935448,0.18861026,0.013898343
199,0.10999306,0.06826537,0.08942608,0.06715809,0.020566985,0.0011072829
200,0.070653774,-0.004405729,0.07154049,0.042700715,-0.00088671595,-0.047106445
201,0.046404827,0.040838163,0.0152975945,0.017579246,0.031107232,0.023258917
202,0.06169307,0.049754657,0.05754786,0.043557696,0.0041452087,0.006196961
203,0.098390914,0.06604146,0.067593224,0.053845204,0.03079769,0.012196258
204,0.9001305,0.52496505,0.80328256,0.566326,0.09684795,-0.041360974
205,0.059656814,0.058535542,0.04964346,0.036502235,0.010013353,0.022033308
206,0.63232803,0.27548936,0.3480668,0.2584835,0.28426123,0.01700586
207,0.012262836,-0.03807133,0.017884409,0.010122329,-0.005621573,-0.04819366
208,0.061798733,0.014758217,0.039289184,0.022301206,0.022509549,-0.007542989
209,1.2084744,0.42432967,0.77002424,0.46890146,0.43845016,-0.044571787
210,0.0057630227,0.04282943,0.0048478865,0.005566308,0.0009151362,0.037263125
211,0.72048926,0.4425386,0.5786659,0.38513905,0.14182335,0.05739954
212,-0.026964094,0.1457562,0.0050016036,-0.0019517539,-0.0319657,0.14770795
213,0.601857,0.29649973,0.3470946,0.25450855,0.2547624,0.041991174
214,0.050138406,0.017698515,0.036167637,0.02636106,0.01397077,-0.008662544
215,0.035900835,0.016601434,0.019279452,0.012151618,0.016621383,0.0044498164
216,0.02378439,0.010239742,0.029010233,0.026433611,-0.005225843,-0.01619387
217,0.060686175,0.04343499,0.050994404,0.034453113,0.009691771,0.008981876
218,-0.0055931127,0.09600659,0.021106312,0.016373975,-0.026699424,0.07963261
219,0.05420059,-0.0022162679,0.043358576,0.033578165,0.010842014,-0.035794433
220,0.100867264,0.05519037,0.08782047,0.07308306,0.013046794,-0.017892689
221,0.47871453,0.25831428,0.36898085,0.27793974,0.10973367,-0.019625455
222,0.19164878,0.07272815,0.18729183,0.12723595,0.0043569505,-0.0545078
223,0.048134282,-0.004722906,0.049521096,0.029617205,-0.0013868138,-0.03434011
224,0.08926386,0.08259657,0.080188535,0.06991877,0.009075321,0.012677804
225,0.068157405,0.0750885,0.057544887,0.04845358,0.010612518,0.02663492
226,0.013593601,-0.0030282983,0.0048445594,0.0068857423,0.008749042,-0.009914041
227,0.06822937,0.102960564,0.0743898,0.041234557,-0.0061604306,0.061726008
228,0.88139504,0.64223796,0.8331815,0.62594384,0.04821354,0.016294122
229,0.06878843,0.02981582,0.04630553,0.02651903,0.022482902,0.0032967888
230,0.012268369,-0.014347713,0.025411194,0.016732316,-0.013142825,-0.03108003
231,0.061440088,-0.001007946,0.05568468,0.03194242,0.0057554096,-0.032950364
232,-0.0057150237,-0.011389013,0.0095334705,0.006174502,-0.015248494,-0.017563514
233,0.08319515,0.06396717,0.06740787,0.03447378,0.015787281,0.029493388
234,0.80366105,0.48149434,0.6776184,0.46975794,0.12604266,0.011736393
235,0.070715696,0.06510089,0.062070362,0.047628023,0.008645333,0.01747287
236,0.036110923,0.020511234,0.018627554,0.014239373,0.017483369,0.0062718615
237,0.10954504,0.08058595,0.10245713,0.064943366,0.0070879087,0.015642583
238,1.6154404,0.3524821,0.6607151,0.29341286,0.95472527,0.059069246
239,0.54078114,0.36333546,0.4539911,0.32844076,0.086790055,0.034894705
240,0.27017954,0.15802495,0.24930139,0.16226225,0.020878151,-0.004237294
241,0.6316719,0.3445106,0.37868005,0.23267564,0.25299186,0.11183497
242,0.031632386,0.039464418,0.03368538,0.027333176,-0.0020529926,0.012131242
243,1.1391613,0.2374056,0.37994465,0.207704,0.75921667,0.029701605
244,0.013723326,0.09039662,0.021745842,0.017066654,-0.008022516,0.07332997
245,0.7018938,0.4559334,0.63162804,0.47868252,0.07026577,-0.022749126
246,0.056519795,0.03910133,0.0359455,0.027875423,0.020574294,0.011225905
247,0.06491825,0.14870085,0.054641806,0.04241093,0.010276444,0.10628992
248,0.06283895,-0.0024090814,0.06034285,0.04948365,0.002496101,-0.05189273
249,0.6721871,0.44977906,0.6221196,0.44336158,0.050067484,0.006417483
250,0.06412387,0.04661851,0.040200178,0.028839022,0.023923691,0.017779488
251,0.077942505,0.015187736,0.08631442,0.059191633,-0.008371912,-0.044003896
252,0.036140013,-0.022350388,0.037091464,0.022661477,-0.0009514503,-0.045011863
253,1.0337945,0.6873008,0.54499984,0.31441697,0.48879468,0.37288383
254,0.039777696,0.025895318,0.021328231,0.017945923,0.018449465,0.007949395
255,0.073020995,0.051590066,0.053978115,0.045000773,0.01904288,0.0065892935
256,0.046389516,0.017938506,0.05129058,0.03540473,-0.0049010627,-0.017466225
257,0.701178,0.50902593,0.61317766,0.46990913,0.08800036,0.0391168
258,0.030673288,-0.050954957,0.0296525,0.013417308,0.0010207873,-0.064372264
259,-0.028533129,0.1166011,0.010658711,0.0045430223,-0.039191842,0.11205808
260,0.109706186,0.02855519,0.09400053,0.05574278,0.015705653,-0.027187591
261,0.023455378,0.011274718,0.034129165,0.020589815,-0.010673787,-0.009315098
262,0.002188531,0.010853516,0.005582261,0.0032305033,-0.00339373,0.0076230126
263,0.5422292,0.3570409,0.41470084,0.33187988,0.12752834,0.025161028
264,0.67335784,0.44371977,0.6092359,0.43410978,0.06412196,0.009609997
265,1.01573,0.47276655,0.67515844,0.41750687,0.34057158,0.055259675
266,0.5659182,0.28187013,0.46362633,0.29428154,0.10229188,-0.012411416
267,0.9204083,0.5146252,0.85561514,0.5400455,0.06479317,-0.025420308
268,0.113848254,0.029625596,0.11101147,0.0811829,0.0028367862,-0.051557302
269,0.501689,0.33119872,0.4302507,0.32714933,0.07143831,0.0040493906
270,0.08232642,0.089031614,0.069765404,0.057817258,0.012561016,0.031214356
271,0.06467558,0.08571016,0.040170293,0.02934813,0.024505284,0.056362033
272,0.67901456,0.27646795,0.38241902,0.27310944,0.29659554,0.0033585131
273,0.7452271,0.46091264,0.6003128,0.41509742,0.14491427,0.04581523
274,0.97768694,0.6264748,0.79157716,0.5742313,0.18610978,0.05224347
275,0.071510084,0.004012191,0.07265707,0.052390397,-0.0011469871,-0.048378207
276,-0.008853757,0.0025243128,0.005423328,0.007748802,-0.014277085,-0.0052244896
277,0.8560732,0.15445545,0.18846759,0.3382881,0.66760564,-0.18383265
278,-0.043406352,0.12942536,0.0063179447,0.0014926543,-0.049724296,0.12793271
279,0.17729546,0.21431816,0.17416827,0.14049773,0.0031271875,0.07382043
280,0.64036983,0.36605254,0.55953497,0.34562317,0.080834866,0.020429373
281,0.055760894,0.004297535,0.04871417,0.033563532,0.0070467256,-0.029265996
282,-0.004520568,0.10471923,0.017395478,0.012422418,-0.021916047,0.09229681
283,0.033358533,-0.0226087,0.045434333,0.030692488,-0.0120758,-0.053301185
284,0.90209746,0.5501768,0.81135446,0.51740104,0.090743005,0.03277576
285,0.19149917,0.15048684,0.17135638,0.13850614,0.020142794,0.0119806975
286,-0.001748276,0.12163494,0.012331384,0.010342534,-0.01407966,0.11129241
287,0.617404,0.3354709,0.40132076,0.27621096,0.21608323,0.05925995
288,0.5799358,0.35514393,0.4560125,0.28738582,0.1239233,0.06775811
289,-0.010696827,0.019506944,0.011984301,0.011795079,-0.022681128,0.007711865
290,0.7047385,0.4301584,0.5850524,0.43821326,0.11968613,-0.0080548525
291,0.11766192,0.07798019,0.09448977,0.06692292,0.023172155,0.011057273
292,0.07310041,0.058443666,0.050942026,0.03745413,0.022158384,0.020989537
293,0.7259046,0.24272045,0.52333766,0.32181606,0.20256692,-0.0790956
294,0.10048188,0.056079622,0.0892379,0.047146987,0.011243984,0.008932635
295,0.64437765,0.37425256,0.5181663,0.38751975,0.12621135,-0.013267189
296,0.06421498,-0.011046761,0.05643159,0.0307609,0.0077833906,-0.04180766
297,0.582309,0.39429134,0.4743651,0.33107835,0.10794392,0.06321299
298,0.06373024,0.07028463,0.054787435,0.04201799,0.008942805,0.028266639
299,0.010606406,-0.028866904,0.035413753,0.018253382,-0.024807347,-0.047120288
300,0.6501472,0.34020814,0.38033244,0.28118303,0.26981476,0.05902511
301,0.8151095,0.4132375,0.5826844,0.45341936,0.2324251,-0.040181845
302,0.7224772,0.45122206,0.60283184,0.43660563,0.11964536,0.01461643
303,0.0695738,0.04510211,0.06499802,0.049078222,0.004575774,-0.003976114
304,0.041790828,0.120895445,0.02558596,0.019583967,0.016204868,0.101311475
305,0.91451555,0.51199293,0.7933974,0.5688945,0.12111813,-0.056901574
306,0.9588342,0.6290441,0.8657694,0.58681446,0.093064785,0.042229652
307,0.8470254,0.5231053,0.64955926,0.45681754,0.19746614,0.066287786
308,0.8197655,0.34938967,0.4941926,0.39476442,0.3255729,-0.04537475
309,0.110487,0.16295834,0.10675518,0.068037435,0.003731817,0.0949209
310,0.03928132,0.037689287,0.027273368,0.026984489,0.012007952,0.010704799
311,0.34476343,0.1308949,0.18443708,0.12670723,0.16032635,0.0041876733
312,0.014594738,0.0104891425,0.015421393,0.011007113,-0.00082665496,-0.0005179709
313,0.7108514,0.38101396,0.5211487,0.38116312,0.18970269,-0.00014916062
314,0.019493017,0.03590702,0.0234437,0.012725187,-0.0039506834,0.023181831
315,0.054772373,0.021983149,0.021700129,0.017962564,0.033072244,0.0040205847
316,0.014553689,0.02149708,0.012276495,0.007831259,0.0022771945,0.013665821
317,0.04097003,0.14635384,0.04657535,0.036476705,-0.0056053177,0.10987714
318,0.03594832,0.026133433,0.04520702,0.04195281,-0.009258699,-0.015819378
319,0.0033491133,0.12319157,0.032389205,0.022304054,-0.02904009,0.10088752
320,0.7358845,0.45875034,0.5550918,0.426323,0.18079269,0.03242734
321,0.5017362,0.32532448,0.41714177,0.31101742,0.08459446,0.014307052
322,0.045487553,0.0639485,0.041564345,0.024654372,0.0039232075,0.039294124
323,0.12107269,0.15627514,0.09517839,0.071175896,0.0258943,0.08509924
324,-0.009215964,0.007238965,0.013721591,0.006367213,-0.022937555,0.0008717519
325,0.010851095,-0.05067573,0.01026098,0.005024596,0.0005901158,-0.05570033
326,0.14167735,0.12139055,0.132004,0.0938718,0.009673357,0.02751875
327,0.040920924,0.13523448,0.032788213,0.026334658,0.008132711,0.10889982
328,0.027786149,0.04531569,0.01194484,0.01039654,0.015841309,0.03491915
329,0.020857884,0.15625733,0.020453954,0.017445084,0.0004039295,0.13881224
330,-0.037765335,0.15340364,0.007995983,0.0021872572,-0.045761317,0.15121639
331,-0.0074599595,0.21385953,0.024606638,0.017647428,-0.0320666,0.1962121
332,0.060887795,0.09200396,0.057625137,0.044291846,0.0032626577,0.04771211
333,0.1289886,0.14758025,0.10771644,0.08097911,0.021272153,0.06660114
334,-0.0137088075,0.10237877,0.0120782675,0.0032913783,-0.025787074,0.099087395
335,1.2078933,0.7946192,0.94368684,0.71310055,0.2642064,0.08151865
336,0.15105607,0.09374644,0.12091279,0.07503306,0.030143276,0.018713377
337,0.6026302,0.36752507,0.46300307,0.33423418,0.13962713,0.033290893
338,0.020786583,0.03676096,0.020561088,0.02335585,0.00022549555,0.013405111
339,0.00090193725,0.0020749315,0.011932389,0.007816796,-0.011030451,-0.0057418644
340,0.0097487075,0.05603501,0.018021964,0.009549037,-0.008273256,0.04648597
341,0.01808956,0.0006283487,0.01550395,0.0135287745,0.0025856104,-0.012900426
342,0.051117633,0.06660681,0.051989257,0.03958143,-0.0008716248,0.027025383
343,0.092942394,0.07268336,0.06750533,0.05180303,0.025437064,0.020880327
344,-0.022284904,0.12145874,0.015395087,0.008194447,-0.037679993,0.11326429
345,0.6337169,0.2005251,0.29476416,0.19580828,0.33895272,0.0047168285
346,0.031579208,-0.0108069405,0.03313838,0.023508847,-0.0015591718,-0.034315787
347,0.07458055,0.12620352,0.09298175,0.06616111,-0.018401198,0.06004241
348,0.051456787,-0.007437156,0.039081275,0.026561385,0.012375511,-0.03399854
349,0.068528704,0.09498035,0.07042918,0.044600107,-0.0019004792,0.050380245
350,0.06827654,0.01585029,0.06371413,0.045184292,0.0045624077,-0.029334001
351,1.0571523,0.5698599,0.8714833,0.5873655,0.18566895,-0.017505586
352,-0.035712644,0.10892222,0.0045250845,-0.0013781975,-0.04023773,0.11030042
353,0.5529076,0.3808996,0.4928369,0.33804712,0.060070693,0.04285249
354,0.22396663,0.1651159,0.20991282,0.15915331,0.014053807,0.0059625804
355,0.074566975,0.13260202,0.085356355,0.058461178,-0.0107893795,0.07414085
356,0.7782506,0.47651696,0.648713,0.43950802,0.12953758,0.03700894
357,0.68412787,0.47689968,0.5982045,0.45824853,0.08592337,0.018651158
358,0.71560174,0.44985828,0.64100236,0.4485392,0.074599385,0.0013190806
359,0.043565363,-0.011482119,0.041735154,0.021846749,0.001830209,-0.03332887
360,0.81552756,0.49863788,0.6887266,0.47364888,0.12680095,0.024989009
361,0.02884439,-0.013393521,0.049574345,0.027784929,-0.020729955,-0.04117845
362,0.5682859,0.32750672,0.41557717,0.32833734,0.15270871,-0.0008306205
363,0.51688355,0.19193728,0.29517928,0.19790015,0.22170427,-0.0059628636
364,0.072091214,0.059299868,0.053070832,0.034356065,0.019020382,0.024943803
365,0.01639575,-0.023979235,0.021562584,0.018188277,-0.005166834,-0.042167515
366,0.5644757,0.3198791,0.4008209,0.28234237,0.1636548,0.03753674
367,0.9199911,0.41825765,0.54605436,0.37791166,0.3739367,0.040345997
368,-0.011812833,0.12722306,0.02759701,0.012426563,-0.039409842,0.1147965
369,0.03669219,0.05291869,0.02248462,0.018155966,0.014207572,0.034762725
370,0.18467909,0.15602988,0.1756001,0.12442155,0.009078994,0.03160833
371,0.7185437,0.46754888,0.5735856,0.40776283,0.14495808,0.05978605
372,0.07798664,0.03498397,0.080894195,0.061658233,-0.0029075518,-0.026674263
373,0.45492566,0.16777398,0.20970896,0.1469161,0.2452167,0.02085787
374,0.025076598,0.2558417,0.037483722,0.027165001,-0.012407124,0.2286767
375,0.020470997,0.05301339,0.01530808,0.014146069,0.005162917,0.038867325
376,0.7925055,0.5594585,0.68447465,0.5259329,0.108030856,0.033525586
377,0.7784745,0.47930858,0.62663746,0.4640003,0.15183705,0.015308261
378,0.05924101,0.03784832,0.042423956,0.028939059,0.016817056,0.008909261
379,0.7859338,0.48566505,0.6528002,0.48283395,0.13313359,0.0028311014
380,0.042641032,0.17041324,0.041344877,0.020522958,0.0012961552,0.14989029
381,0.074643895,0.06917691,0.0726857,0.038169302,0.0019581914,0.03100761
382,0.060515855,0.039111197,0.037106168,0.026464066,0.023409687,0.012647131
383,0.747723,0.40730026,0.6642297,0.4276983,0.08349329,-0.02039805
384,0.6744116,0.47409585,0.5673369,0.45604458,0.10707468,0.018051267
385,0.10265255,0.11372585,0.1049466,0.08030849,-0.0022940487,0.03341736
386,0.19989264,0.093215466,0.1729385,0.104271926,0.026954144,-0.01105646
387,0.057299554,0.053204924,0.0344779,0.02428234,0.022821654,0.028922584
388,0.5483922,0.28144744,0.40172443,0.275963,0.14666775,0.005484432
389,0.0078146085,-0.003643719,0.027649676,0.016635742,-0.019835068,-0.020279462
390,0.80130863,0.49545243,0.6794372,0.5101382,0.12187141,-0.01468578
391,-0.030913316,0.11981985,0.012535499,0.0068895505,-0.043448813,0.1129303
392,0.62442577,0.41394988,0.5061153,0.37313843,0.11831045,0.04081145
393,-0.0030598291,0.017789816,0.0032436165,0.004327303,-0.0063034454,0.013462514
394,0.0062810276,0.024458285,0.00992496,0.008802241,-0.0036439328,0.015656045
395,-0.00386641,0.081379674,0.0077961385,0.009757827,-0.011662548,0.07162185
396,0.11316427,0.048982307,0.10146703,0.077751264,0.01169724,-0.028768957
397,0.48950097,0.31220415,0.38960984,0.2709681,0.099891126,0.041236043
398,0.036482424,-0.019368676,0.03856311,0.024229473,-0.0020806864,-0.04359815
399,0.09927369,0.078069575,0.095788375,0.07392813,0.0034853145,0.0041414425
400,0.87945706,0.627028,0.7393605,0.5427715,0.14009655,0.08425647
401,0.7359345,0.36190152,0.39809853,0.2447358,0.33783597,0.117165715
402,0.78174186,0.45111015,0.66194993,0.4401095,0.119791925,0.011000663
403,0.044501066,0.043645043,0.032814104,0.026825523,0.011686962,0.01681952
404,0.046049874,0.087884486,0.053268977,0.022450758,-0.0072191022,0.065433726
405,0.67171115,0.4103141,0.6153406,0.4537084,0.056370556,-0.043394297
406,0.046197068,0.079489484,0.044582345,0.029571261,0.0016147234,0.049918223
407,0.06963635,0.04423962,0.050945975,0.039519005,0.018690377,0.004720617
408,0.10356522,0.08909973,0.096693136,0.077805206,0.0068720877,0.011294521
409,0.12886679,0.11885299,0.09569177,0.06363316,0.03317502,0.05521983
410,0.6814531,0.5248807,0.5866488,0.45957008,0.09480429,0.06531063
411,0.08891825,0.06634829,0.0667841,0.047959767,0.022134148,0.018388525
412,0.014199302,0.051206954,0.012534989,0.010610414,0.0016643126,0.04059654
413,0.06611075,0.05078615,0.04834806,0.04284239,0.01776269,0.007943761
414,0.03238653,0.13758297,0.029777292,0.02875561,0.002609238,0.10882736
415,0.11475454,0.1172048,0.110522255,0.082890466,0.0042322874,0.034314334
416,0.040142234,0.035626538,0.026372444,0.016707905,0.0137697905,0.018918633
417,0.030613335,0.013101851,0.015066117,0.0099866595,0.015547218,0.0031151911
418,0.7752637,0.38909754,0.5436989,0.35912585,0.23156482,0.029971689
419,-0.001715091,-0.062355347,0.018375212,0.007247328,-0.020090304,-0.069602676
420,0.040850602,0.019474315,0.036796976,0.022784676,0.004053626,-0.0033103619
421,0.004827443,-0.026118517,0.014528936,0.009220843,-0.009701492,-0.03533936
422,0.5896284,0.3352585,0.4987499,0.33325338,0.09087849,0.00200513
423,0.0028234958,-0.0581216,0.015641924,0.006022076,-0.012818428,-0.06414367
424,0.027836476,0.008052316,0.01793614,0.018787658,0.009900335,-0.010735342
425,0.17776425,0.22012028,0.15637162,0.11107023,0.021392629,0.10905005
426,0.038834527,0.006753773,0.022166105,0.0106437635,0.016668422,-0.0038899905
427,0.07848705,0.10153286,0.0580558,0.0381386,0.020431254,0.06339426
428,0.11106788,0.086527675,0.10694442,0.079090506,0.004123464,0.0074371696
429,0.022261107,0.08787071,0.033999644,0.022373717,-0.011738537,0.065496996
430,0.03464874,0.02240507,0.026397035,0.020051558,0.008251704,0.0023535118
431,0.05250426,-0.012641751,0.060899634,0.03741635,-0.008395374,-0.0500581
432,0.087112725,0.037513565,0.06489266,0.046272967,0.022220068,-0.008759402
433,0.034858577,0.016502995,0.025745366,0.0137907965,0.009113211,0.0027121985
434,0.4979368,0.2708415,0.3995482,0.26754546,0.09838858,0.0032960474
435,-0.0046453243,-0.051561702,0.0070351586,-0.00286844,-0.011680483,-0.048693262
436,0.09628976,0.07830008,0.07084449,0.052608322,0.025445275,0.025691759
437,0.009352281,0.031336453,0.015280208,0.012133344,-0.005927927,0.019203108
438,-0.029324051,0.11866387,0.011633528,0.0040593627,-0.040957578,0.11460451
439,0.7339085,0.17793548,0.20648427,0.20580256,0.5274242,-0.027867079
440,0.69044375,0.375597,0.4677302,0.32748884,0.22271356,0.04810816
441,0.026523864,0.04696346,0.025518853,0.018208833,0.0010050107,0.028754627
442,0.06122655,0.06590266,0.051705938,0.040961687,0.009520613,0.024940971
443,0.6930953,0.43286115,0.57623625,0.40475264,0.11685908,0.028108507
444,0.67096484,0.27510202,0.3417831,0.27532727,0.32918173,-0.00022524595
445,1.1908193,0.60732776,0.9767574,0.69900167,0.21406186,-0.09167391
446,0.02286306,0.034450267,0.023087988,0.01768751,-0.00022492744,0.016762756
447,0.50914323,0.25607046,0.344083,0.24673578,0.16506022,0.009334683
448,0.058831546,0.042699464,0.035118155,0.025778666,0.023713391,0.016920798
449,0.007689148,0.0011016838,0.01651882,0.014992071,-0.008829672,-0.0138903875
450,0.04376555,0.041950747,0.033147145,0.025693407,0.010618404,0.01625734
451,0.775081,0.5198751,0.68984973,0.50035876,0.085231245,0.019516349
452,0.29415134,0.2093533,0.26868352,0.18367974,0.025467813,0.025673553
453,0.7502333,0.4729106,0.6261283,0.45937222,0.12410498,0.01353839
454,0.74098575,0.44933823,0.5841705,0.45030499,0.15681523,-0.00096675754
455,0.09432583,0.07675269,0.07816936,0.06741361,0.016156472,0.009339079
456,0.02683876,0.029990356,0.01604933,0.014053714,0.010789432,0.015936643
457,0.22612017,0.16134399,0.19928586,0.14474544,0.02683431,0.016598552
458,0.94174176,0.6041992,0.8425636,0.6094352,0.099178135,-0.0052360296
459,0.04221285,0.041924845,0.03506397,0.024277892,0.0071488805,0.017646953
460,0.002329419,-0.014707618,0.008786904,0.010020918,-0.006457485,-0.024728537
461,1.0318015,0.51127034,0.7750941,0.52858245,0.25670737,-0.01731211
462,0.030524805,0.00012904867,0.014985788,0.012905148,0.0155390175,-0.012776099
463,1.2533103,0.8171232,1.0590042,0.75753653,0.19430614,0.059586644
464,0.19497055,0.15344356,0.17607851,0.13605723,0.018892035,0.017386332
465,-0.0075955763,0.114240065,0.025214091,0.017292047,-0.032809667,0.09694802
466,0.07839323,0.04450892,0.055008948,0.042901292,0.02338428,0.0016076267
467,-0.034663085,0.11202426,0.0046849665,0.00058112206,-0.03934805,0.11144314
468,0.6227245,0.2790736,0.44858184,0.30511755,0.17414263,-0.026043952
469,0.7360052,0.25506356,0.42237672,0.28696746,0.31362846,-0.031903893
470,0.0577949,0.040386487,0.036500096,0.021000948,0.021294802,0.019385539
471,0.025039181,0.03486117,0.023369372,0.017743599,0.0016698092,0.017117571
472,0.08632642,0.026592806,0.071355425,0.0446303,0.0149709955,-0.018037494
473,0.8956382,0.51294017,0.78130955,0.49805218,0.11432868,0.014887989
474,0.5754438,0.39201573,0.4569067,0.31638712,0.1185371,0.07562861
475,0.06658403,0.03542572,0.06040091,0.043394543,0.0061831176,-0.007968824
476,0.030186946,0.021554485,0.019081507,0.018982599,0.011105439,0.0025718864
477,0.024015894,-0.024676869,0.033889454,0.0237437,-0.00987356,-0.04842057
478,0.8348532,0.57545435,0.7296771,0.5600928,0.10517609,0.0153615475
479,0.017082592,-0.053876333,0.011258906,0.002557897,0.0058236867,-0.05643423
480,0.06450003,0.031044392,0.039597645,0.03131203,0.024902381,-0.0002676379
481,0.56647265,0.246396,0.35519198,0.25597042,0.21128067,-0.009574413
482,0.06394668,0.025048114,0.05249087,0.033892617,0.011455808,-0.008844502
483,0.022212405,0.010778493,0.030549183,0.027257934,-0.008336779,-0.01647944
484,0.5689779,0.42713937,0.44865674,0.33639726,0.120321155,0.09074211
485,0.99446476,0.32743493,0.35811058,0.1888135,0.6363542,0.13862143
486,0.019586528,-0.023578092,0.01750992,0.010298505,0.0020766072,-0.033876598
487,0.6192748,0.15884821,0.12380723,0.08671449,0.49546757,0.07213372
488,0.04225917,0.048719566,0.023330566,0.016774027,0.018928606,0.03194554
489,0.54924875,0.32053092,0.37616736,0.27107674,0.1730814,0.049454182
490,-0.041817464,0.16956031,0.019767314,0.0042295726,-0.061584778,0.16533074
491,-0.003127038,-0.03300133,0.011821674,0.0071536517,-0.014948713,-0.040154982
492,0.08780863,0.03138733,0.059492677,0.03837458,0.028315954,-0.0069872513
493,0.00090148166,-0.010882625,0.010438851,0.007212828,-0.009537369,-0.018095452
494,0.052993607,0.06342189,0.049780518,0.0331264,0.003213089,0.030295491
495,0.086175635,0.08419297,0.07963121,0.05910752,0.006544426,0.02508545
496,0.027245304,0.030341208,0.015746048,0.013749495,0.011499256,0.016591713
497,0.810005,0.46288842,0.6526827,0.43855947,0.15732229,0.024328947
498,-0.04638951,0.16728084,0.01796094,0.012074398,-0.06435045,0.15520644
499,0.43358922,0.26669234,0.34092525,0.25241846,0.09266397,0.014273882
500,0.02005901,-0.013033339,0.01512963,0.00875134,0.0049293796,-0.021784678
501,0.5564341,0.26994616,0.47597438,0.2859029,0.080459714,-0.01595673
502,0.00746354,0.1265623,0.01683117,0.010658247,-0.009367631,0.11590405
503,0.052419778,-0.017997965,0.04039434,0.02936762,0.012025438,-0.047365583
504,0.097315714,0.013802102,0.08838645,0.041908376,0.00892926,-0.028106274
505,0.15651187,0.095852226,0.13520852,0.103258505,0.021303356,-0.0074062794
506,0.01900768,0.058345273,0.012017528,0.008949226,0.0069901515,0.049396046
507,0.008166281,0.12127042,0.009173144,0.011643449,-0.0010068631,0.10962697
508,0.014955148,0.0070937066,0.014252394,0.0068642325,0.00070275366,0.00022947416
509,-0.014287126,0.11285782,0.020537237,0.016384423,-0.034824364,0.096473396
510,-0.019114738,-0.020162076,7.0069684e-05,0.0037554284,-0.019184807,-0.023917504
511,0.07358955,0.048538577,0.045572974,0.031761188,0.028016575,0.016777389
512,0.047776576,0.15570384,0.05263408,0.018875102,-0.004857503,0.13682874
513,0.021701107,0.01818373,0.016773278,0.016185028,0.004927829,0.001998702
514,0.05218102,0.06584737,0.04392185,0.037386294,0.00825917,0.028461073
515,0.8704215,0.63899076,0.80301934,0.6024898,0.067402184,0.03650093
516,0.028438503,0.05297882,0.01791544,0.015343828,0.010523062,0.03763499
517,0.041601263,0.05485994,0.034654304,0.029258454,0.0069469586,0.025601486
518,0.061842207,-0.008086982,0.049541093,0.036063537,0.012301113,-0.04415052
519,0.07378207,0.06879183,0.056180306,0.04213175,0.017601766,0.026660077
520,0.9903539,0.6001776,0.9000902,0.57197905,0.090263665,0.02819854
521,0.07309798,0.0047684,0.078863375,0.0525428,-0.0057653934,-0.047774397
522,0.7306598,0.38565996,0.6457931,0.3884,0.0848667,-0.0027400255
523,0.85708797,0.6185124,0.8205986,0.57280266,0.036489367,0.04570973
524,0.0021559948,-0.030040145,0.016250124,0.009939043,-0.014094129,-0.03997919
525,0.89719164,0.65824413,0.8260967,0.6481096,0.07109493,0.010134518
526,0.70596296,0.38407248,0.47556657,0.32732874,0.23039639,0.05674374
527,0.0069833156,0.23199956,0.035797365,0.024937999,-0.02881405,0.20706156
528,0.059800185,0.05540059,0.05030937,0.039544243,0.009490814,0.015856348
529,0.07193556,0.0003118463,0.06963911,0.045967985,0.0022964478,-0.045656137
530,-0.029792443,0.11745578,0.00915324,0.004014359,-0.038945682,0.11344142
531,0.11258826,0.019517947,0.07457065,0.05330608,0.03801761,-0.033788133
532,0.7195733,0.33268467,0.51914394,0.3139898,0.20042938,0.018694878
533,1.1622611,0.7125532,1.0977293,0.7304901,0.0645318,-0.017936885
534,0.70664334,0.436871,0.6016864,0.44923773,0.104956925,-0.012366742
535,0.09708483,0.15450895,0.097950704,0.058436275,-0.0008658767,0.096072674
536,0.068249,0.04702558,0.059079062,0.033168174,0.00916994,0.013857406
537,0.052987974,0.040975336,0.03372008,0.02874509,0.019267894,0.012230245
538,0.1322415,0.07654388,0.11129655,0.08050961,0.020944953,-0.003965728
539,0.58621347,0.34693876,0.4608983,0.3178048,0.12531516,0.029133946
540,0.63455695,0.32993117,0.39014044,0.28063872,0.2444165,0.049292445
541,0.078052245,0.05774733,0.05703774,0.04407399,0.021014504,0.013673339
542,0.6906712,0.31054047,0.40106615,0.29608732,0.28960505,0.014453143
543,0.08541741,0.07264668,0.07636146,0.057380237,0.00905595,0.015266441
544,0.7139477,0.51048964,0.62325585,0.4560151,0.090691864,0.054474533
545,0.8785954,0.47440442,0.5928825,0.42532778,0.2857129,0.049076647
546,0.030655438,0.006567949,0.03249883,0.024092842,-0.001843391,-0.017524892
547,0.68642384,0.14052258,0.28103352,0.13604915,0.40539032,0.004473433
548,0.05364664,0.008334297,0.03960418,0.022975078,0.014042459,-0.014640781
549,0.0021919943,-0.03062103,0.00837745,0.0072185383,-0.0061854552,-0.03783957
550,0.5056455,0.35467976,0.45274702,0.33191007,0.052898496,0.02276969
551,0.7901868,0.34306756,0.24392848,0.25664103,0.54625833,0.08642653
552,0.040621266,0.11806672,0.056436915,0.033935193,-0.01581565,0.084131524
553,0.016462125,0.13021915,0.011660862,0.009460708,0.004801263,0.12075844
554,0.013429437,-0.04554277,0.006538523,0.006050341,0.006890914,-0.05159311
555,-0.009062542,0.120654695,0.030184764,0.016897151,-0.039247304,0.103757545
556,0.96682954,0.62650746,0.8780853,0.5775374,0.08874422,0.048970044
557,0.084062144,0.055275843,0.060889184,0.04055526,0.02317296,0.0147205815
558,0.04640532,0.06284338,0.04377853,0.03052834,0.0026267879,0.032315042
559,0.61048204,0.2847651,0.45898384,0.31251755,0.1514982,-0.027752459
560,0.76523185,0.36699858,0.6147879,0.36825973,0.15044397,-0.0012611449
561,0.48573506,0.28088123,0.37367767,0.27604192,0.11205739,0.004839301
562,0.094104394,0.011284765,0.09121074,0.04337944,0.0028936565,-0.032094676
563,0.027815364,0.0101371715,0.027677959,0.010066671,0.00013740547,7.050019e-05
564,1.0414509,0.5340312,0.9593957,0.50208014,0.08205515,0.03195107
565,0.8233942,0.49523067,0.7147738,0.4824674,0.108620405,0.012763262
566,0.81302553,0.45163977,0.5403468,0.4175474,0.27267873,0.034092367
567,0.048059758,0.02465754,0.028299537,0.024890998,0.019760221,-0.00023345836
568,0.7146618,0.3884898,0.58678615,0.39151916,0.12787563,-0.0030293465
569,0.48668408,0.28556362,0.39621612,0.2807114,0.09046796,0.0048522055
570,0.46446326,0.26441726,0.27508906,0.18341546,0.18937421,0.0810018
571,0.17737047,0.15117915,0.16950083,0.106281504,0.007869646,0.044897646
572,0.04024415,0.2578177,0.057504855,0.03991931,-0.017260704,0.21789837
573,0.6560353,0.42774892,0.5374752,0.40606046,0.118560076,0.021688461
574,0.10291037,0.0745066,0.08848317,0.06136132,0.0144272,0.013145283
575,-0.026416693,0.11015398,0.01160095,0.0045534135,-0.03801764,0.105600566
576,0.8989837,0.5679305,0.761539,0.5750903,0.13744473,-0.0071597695
577,0.07010809,0.072341084,0.061602272,0.05162663,0.008505821,0.020714454
578,0.044733424,-0.008628257,0.038519207,0.03206339,0.0062142164,-0.040691648
579,0.61044526,0.42722085,0.5331937,0.38780072,0.07725155,0.039420128
580,0.05134117,0.035996232,0.04110776,0.026627745,0.01023341,0.009368487
581,0.9040828,0.48141345,0.76937675,0.50981224,0.13470602,-0.028398782
582,0.6444918,0.37511894,0.5210209,0.38000342,0.1234709,-0.0048844814
583,0.02813825,0.05113805,0.017414993,0.015388993,0.010723257,0.03574906
584,0.024895526,0.12695538,0.023056673,0.020875731,0.0018388536,0.106079645
585,0.04406584,-0.031806406,0.025476899,0.015438114,0.018588942,-0.04724452
586,0.04944781,0.04341732,0.030009877,0.024051066,0.019437931,0.019366253
587,-0.025182987,0.16129391,0.0107767945,0.0030864226,-0.03595978,0.15820749
588,0.91549903,0.41247538,0.66255575,0.43268389,0.25294328,-0.020208508
589,0.24463688,0.18758386,0.18925402,0.13323393,0.055382863,0.05434993
590,0.8038071,0.52900976,0.7097405,0.51731306,0.09406656,0.011696696
591,0.33768263,0.28410232,0.2960733,0.2137498,0.041609347,0.070352525
592,0.16479512,0.09955278,0.14411323,0.08672721,0.020681888,0.012825571
593,0.8368641,0.46437413,0.66742736,0.47272807,0.16943675,-0.008353949
594,0.875065,0.42802858,0.595813,0.39209136,0.27925205,0.03593722
595,0.61490506,0.2649049,0.36296862,0.26542315,0.25193644,-0.0005182624
596,0.74062896,0.47425747,0.56234455,0.41091743,0.1782844,0.06334004
597,0.054957926,0.04437828,0.03317062,0.02467293,0.021787304,0.019705351
598,0.020408124,0.00531466,0.019872246,0.015787018,0.0005358774,-0.010472359
599,0.009347189,0.03977225,0.012742357,0.007425311,-0.003395168,0.032346938
600,0.7573583,0.4923836,0.6601958,0.47816676,0.097162485,0.01421684
601,0.009600596,0.018815655,0.004783547,0.00394697,0.0048170486,0.014868685
602,0.41257882,0.24407794,0.2822357,0.22175482,0.13034311,0.022323117
603,0.048688147,-0.005107421,0.036872428,0.020977024,0.011815719,-0.026084445
604,0.61418474,0.41015345,0.5478934,0.39415008,0.06629133,0.01600337
605,0.08851151,0.0805155,0.08436271,0.051840115,0.0041488037,0.028675381
606,0.85316074,0.5963524,0.7615565,0.56183034,0.09160423,0.034522057
607,-0.0033892097,0.01669555,0.024471438,0.018062226,-0.027860647,-0.0013666768
608,0.0111402385,0.015273231,0.009705959,0.008768165,0.0014342796,0.0065050665
609,0.020823792,0.024101531,0.016643355,0.01707821,0.004180437,0.0070233215
610,0.28560302,0.19518131,0.25588316,0.18628247,0.02971986,0.008898839
611,0.07110803,0.05467815,0.04235171,0.03243344,0.028756317,0.02224471
612,0.0726794,0.007788246,0.058365904,0.035728745,0.014313497,-0.027940499
613,0.01522723,-0.059245657,0.016101679,0.0072951205,-0.00087444857,-0.06654078
614,0.6722043,0.37240583,0.5279642,0.34154713,0.14424014,0.030858696
615,0.9089718,0.44686693,0.6710347,0.4244635,0.2379371,0.022403419
616,0.024048394,0.037577465,0.0044770944,0.003964289,0.019571299,0.033613175
617,0.68592376,0.3723426,0.5194527,0.37946662,0.16647106,-0.0071240366
618,0.35615435,0.21949305,0.34307545,0.23850274,0.013078898,-0.019009694
619,0.04426624,0.022863392,0.03383905,0.023812195,0.010427188,-0.0009488035
620,-0.0024214853,-0.0075529073,0.01827081,0.011333302,-0.020692294,-0.018886209
621,0.028299421,0.1548391,0.023825277,0.023815712,0.0044741444,0.13102339
622,0.109358326,0.013274935,0.09571568,0.06266108,0.013642646,-0.049386147
623,1.2528659,0.5640444,0.7121992,0.5359108,0.5406667,0.02813363
624,-0.0056532957,-0.023722855,0.009540802,0.008398833,-0.0151940975,-0.032121688
625,0.6419269,0.41594544,0.5231019,0.38853726,0.11882496,0.027408183
626,0.06491199,0.04524522,0.052530926,0.034819104,0.012381066,0.010426115
627,0.6692243,0.30165476,0.44912606,0.31236714,0.22009826,-0.010712385
628,0.50924885,0.3091769,0.38548368,0.2691548,0.12376517,0.040022105
629,0.012180424,0.051345386,0.021265132,0.009631137,-0.009084708,0.041714247
630,0.6577141,0.43628025,0.60760516,0.43664065,0.05010897,-0.00036039948
631,0.13619803,0.08536172,0.09952543,0.05898683,0.0366726,0.026374888
632,0.027291337,0.12798782,0.028607195,0.021848697,-0.0013158582,0.10613912
633,0.65832746,0.3909354,0.60200447,0.36549056,0.05632299,0.025444835
634,0.04684391,0.05023937,0.026514202,0.026011473,0.020329706,0.024227897
635,0.6680318,0.25342533,0.33226308,0.21349192,0.33576873,0.039933413
636,0.69205964,0.44430554,0.48177725,0.4141981,0.21028239,0.030107439
637,0.034145832,0.04424351,0.01660542,0.015212719,0.017540412,0.029030792
638,0.02803771,0.025080044,0.023992555,0.0154567165,0.004045155,0.009623327
639,0.00758656,0.009334047,0.022536319,0.01275188,-0.014949759,-0.0034178328
640,1.1208916,0.785696,1.0035486,0.7795748,0.11734295,0.006121218
641,0.54121494,0.2766498,0.33892986,0.25365072,0.20228508,0.022999078
642,0.6249348,0.33306798,0.4530475,0.32359952,0.17188728,0.009468466
643,0.015714984,0.09858862,0.01567809,0.013081713,3.6895275e-05,0.08550691
644,0.8546718,0.54124,0.7178185,0.47660008,0.13685328,0.064639896
645,0.06327737,0.058241457,0.0619313,0.04977451,0.0013460703,0.008466948
646,0.09044367,0.023598643,0.089642756,0.06766173,0.00080091506,-0.04406309
647,0.9067677,0.49860942,0.80803186,0.49814725,0.09873587,0.00046217442
648,0.20481235,0.15638521,0.17995438,0.13459507,0.024857968,0.021790147
649,0.09016285,0.07419289,0.08304953,0.05959285,0.0071133226,0.0146000385
650,0.53569585,0.32990798,0.46834165,0.32911754,0.0673542,0.000790447
651,0.078498684,0.13953622,0.093590006,0.06139223,-0.015091322,0.078143984
652,0.8752417,0.58346975,0.7540926,0.52451885,0.12114912,0.0589509
653,0.9607361,0.5436735,0.8905636,0.54163307,0.07017249,0.0020404458
654,0.005708022,0.006009982,0.0110889925,0.013598077,-0.0053809704,-0.007588095
655,1.0120474,0.57619715,0.72987765,0.5491723,0.28216976,0.027024865
656,0.77072734,0.31023943,0.48689574,0.341088,0.2838316,-0.030848563
657,0.7112623,0.4381598,0.66195095,0.4556964,0.04931134,-0.01753661
658,0.11916792,0.07718659,0.09664863,0.07066514,0.022519283,0.0065214485
659,0.024675189,0.05019695,0.023251709,0.017007783,0.00142348,0.033189166
660,0.015511145,0.024038766,0.008620625,0.0065735406,0.0068905195,0.017465224
661,0.06972184,0.050438967,0.050984003,0.039133467,0.018737838,0.0113055
662,0.050700188,0.022257335,0.026517311,0.021283906,0.024182877,0.00097342953
663,0.62389237,0.4104651,0.552895,0.37558866,0.07099736,0.034876436
664,-0.031857025,0.11353508,0.007806115,0.0017030258,-0.03966314,0.11183205
665,0.15606253,0.07481761,0.13527039,0.075144805,0.020792142,-0.00032719225
666,0.66318417,0.39526004,0.42955676,0.34004554,0.23362741,0.055214494
667,0.06508598,0.041360352,0.04963454,0.038327567,0.015451439,0.003032785
668,0.6026958,0.43778515,0.55238134,0.41001424,0.050314486,0.027770907
669,0.060008682,0.06019894,0.055424284,0.047657937,0.004584398,0.0125410035
670,0.009937792,0.075356536,0.02011348,0.010349824,-0.010175687,0.06500671
671,0.51766175,0.34572524,0.45063815,0.32566053,0.067023605,0.020064712
672,0.8402738,0.52829206,0.82063484,0.58263046,0.019638956,-0.054338396
673,0.6610782,0.47257417,0.5935231,0.4503886,0.06755513,0.022185564
674,0.08695522,0.041594345,0.04353041,0.029769087,0.04342481,0.011825258
675,0.074839644,0.014059406,0.08388977,0.057879418,-0.009050123,-0.043820012
676,0.44533324,0.2121601,0.30736387,0.21555164,0.13796937,-0.003391549
677,-0.027718468,0.113887504,0.011762224,0.005327225,-0.039480694,0.10856028
678,0.07182936,0.09942298,0.0722223,0.046137914,-0.00039293617,0.053285062
679,0.039097097,0.030876294,0.031932376,0.02431056,0.0071647204,0.006565733
680,0.7097256,0.32411516,0.46471176,0.31910256,0.24501386,0.0050126016
681,0.5374829,0.3579615,0.44884247,0.32913178,0.08864045,0.028829724
682,0.05222354,0.046514925,0.039460473,0.031131033,0.012763068,0.015383892
683,0.027120782,-0.01322306,0.02639385,0.014531851,0.00072693266,-0.02775491
684,0.10247266,0.0471619,0.08249561,0.06292911,0.019977055,-0.01576721
685,0.5447797,0.22900969,0.32848042,0.24171357,0.2162993,-0.012703881
686,0.06148182,0.021067435,0.055407614,0.042469878,0.006074205,-0.021402443
687,0.078196295,0.025874997,0.0628684,0.05029721,0.015327893,-0.024422215
688,0.024902008,0.0055898097,0.035659995,0.020654773,-0.010757986,-0.015064964
689,0.0018468818,0.19053762,0.030549577,0.011371312,-0.028702695,0.1791663
690,0.13442157,0.100365765,0.10976567,0.07333408,0.0246559,0.027031682
691,0.06370861,0.05436482,0.02664343,0.026255485,0.03706518,0.028109334
692,0.94819826,0.64850986,0.8136867,0.5974928,0.13451153,0.051017046
693,0.010588471,-0.011437608,0.012032746,0.008033699,-0.0014442755,-0.019471306
694,0.9622059,0.58052444,0.8771366,0.5865463,0.0850693,-0.0060218573
695,0.59487844,0.33422238,0.44306177,0.29830927,0.15181667,0.03591311
696,0.39339992,0.25457427,0.32226047,0.2299428,0.071139455,0.02463147
697,0.7438714,0.31568632,0.499333,0.31673896,0.2445384,-0.0010526478
698,0.7831923,0.51684195,0.68966943,0.5279412,0.09352285,-0.011099279
699,0.036926277,0.032165054,0.02219361,0.02142913,0.014732666,0.010735923
700,0.11615249,0.0823388,0.09490734,0.073342144,0.021245144,0.008996658
701,0.9513959,0.21033235,0.3243764,0.19892618,0.6270195,0.011406168
702,0.036394924,0.07032976,0.017590504,0.016307179,0.01880442,0.054022584
703,0.06810102,0.069798276,0.06536545,0.05513816,0.00273557,0.014660116
704,0.6357242,0.33861023,0.35080442,0.26184398,0.28491977,0.07676625
705,0.7875317,0.5210079,0.7078529,0.5111072,0.079678774,0.009900689
706,0.6478651,0.3464938,0.5399429,0.3345978,0.1079222,0.011896014
707,0.60765886,0.37316614,0.50732005,0.3568308,0.10033882,0.016335338
708,0.038385026,-0.0061975643,0.052527905,0.035881147,-0.014142878,-0.04207871
709,0.076803744,0.012341843,0.07403357,0.051683296,0.0027701706,-0.039341453
710,0.018046767,0.030687686,0.030042198,0.025372854,-0.011995431,0.0053148326
711,0.12181067,0.038386896,0.108692005,0.061037153,0.013118662,-0.022650257
712,0.6853619,0.34052032,0.4795448,0.35088223,0.20581713,-0.01036191
713,-0.0065361173,0.12244584,0.02571031,0.012410345,-0.03224643,0.110035494
714,0.070260346,0.0577478,0.05237062,0.042713508,0.017889727,0.015034292
715,0.5204759,0.23143563,0.30965632,0.21561241,0.2108196,0.015823215
716,0.11031969,0.054337963,0.09087164,0.066388726,0.01944805,-0.012050763
717,0.06560993,-0.00507422,0.06266673,0.03641043,0.0029432029,-0.041484646
718,0.1747277,0.16884969,0.09016288,0.062430065,0.08456481,0.10641962
719,0.7071164,0.36727238,0.5173937,0.34133673,0.18972272,0.02593565
720,-0.011946786,-0.07936774,0.013725132,0.0055488935,-0.025671918,-0.08491664
721,0.070775956,0.096479274,0.049820855,0.03987935,0.0209551,0.056599922
722,0.20027684,0.15324569,0.17002685,0.1254381,0.030249983,0.027807593
723,0.004146138,-0.007280898,0.01073421,0.007380396,-0.0065880716,-0.0146612935
724,0.51694274,0.32437694,0.42281422,0.30281374,0.09412852,0.021563202
725,0.52714247,0.2689483,0.3626877,0.25147933,0.16445476,0.01746896
726,0.03586704,0.14353512,0.056304105,0.040597763,-0.020437066,0.102937356
727,0.8226098,0.5210223,0.74003285,0.548275,0.08257693,-0.027252674
728,0.6521088,0.46497908,0.58542377,0.4585547,0.06668502,0.006424397
729,0.5901341,0.20462672,0.30817243,0.21021052,0.28196165,-0.005583793
730,0.64434963,0.45204768,0.59884524,0.44180226,0.04550439,0.010245413
731,0.7271346,0.44049624,0.66870576,0.440696,0.058428824,-0.00019976497
732,0.036202364,0.11235774,0.055628113,0.026996499,-0.01942575,0.08536124
733,0.757481,0.39742556,0.56363153,0.40009362,0.19384944,-0.002668053
734,0.08364039,0.10127474,0.08170947,0.06292541,0.0019309223,0.03834933
735,0.6221189,0.38347957,0.54156727,0.38972947,0.080551624,-0.0062499046
736,-0.05149204,0.14724337,0.0072442912,0.002550728,-0.05873633,0.14469264
737,0.97535694,0.5196971,0.78376764,0.5414866,0.1915893,-0.021789491
738,0.00813962,0.10545321,0.030723497,0.01906,-0.022583878,0.08639321
739,0.030484697,0.23564045,0.048235297,0.038910273,-0.0177506,0.19673018
740,0.034519285,0.033537615,0.029146025,0.027070936,0.00537326,0.0064666793
741,0.05868543,0.0011542316,0.06800224,0.049308762,-0.0093168095,-0.04815453
742,0.0373391,0.02488719,0.023363886,0.020405784,0.013975212,0.004481405
743,0.06763301,0.046303973,0.078887284,0.066582695,-0.011254273,-0.020278722
744,1.1196046,0.8390374,1.0589042,0.83462274,0.060700417,0.0044146776
745,0.1698668,0.13342112,0.15701202,0.10884033,0.012854785,0.024580792
746,0.025501821,0.09259056,0.036000606,0.027773961,-0.0104987845,0.0648166
747,0.04363472,-0.024465358,0.04430919,0.027148003,-0.00067447126,-0.05161336
748,-0.006281394,-0.008065254,0.020750562,0.011755638,-0.027031956,-0.019820891
749,0.82280374,0.3889117,0.5699626,0.3941453,0.25284111,-0.0052336156
750,0.61656934,0.36242008,0.4829834,0.3595863,0.13358593,0.0028337836
751,0.5233787,0.3112321,0.43732658,0.31221184,0.08605209,-0.0009797513
752,0.16228597,0.11961622,0.14527161,0.09173902,0.017014354,0.027877197
753,0.07249526,0.06656431,0.050525337,0.04198516,0.021969922,0.024579145
754,0.12208823,0.09785845,0.0956218,0.06523261,0.02646643,0.03262584
755,0.042150572,-0.018524226,0.04352542,0.031724922,-0.0013748482,-0.05024915
756,0.023215609,0.057805,0.008384145,0.011075366,0.014831464,0.046729635
757,0.058696568,0.046979837,0.034049004,0.02638278,0.024647564,0.020597057
758,0.24277158,0.17624924,0.20556565,0.1564692,0.037205935,0.01978004
759,0.07259497,0.0030280238,0.08257923,0.049211908,-0.009984262,-0.046183884
760,0.021083387,0.050463136,0.01744121,0.015677776,0.0036421772,0.03478536
761,0.8780413,0.42989197,0.6380011,0.45212442,0.24004024,-0.022232443
762,0.08050903,0.07722739,0.07110668,0.055897154,0.00940235,0.021330237
763,0.082467146,0.06094608,0.07227255,0.055663634,0.0101946,0.0052824467
764,0.034409676,0.017363789,0.027363122,0.014920473,0.0070465542,0.0024433155
765,-0.0047352635,-0.011608878,0.007553716,0.007040785,-0.01228898,-0.018649664
766,0.06526641,0.004004814,0.05452438,0.029787082,0.010742027,-0.025782268
767,0.05678801,0.055756122,0.04112514,0.03087743,0.015662868,0.024878692
768,-0.021691568,0.12132221,0.016437024,0.008219731,-0.038128592,0.11310247
769,0.20770551,0.10832538,0.19485146,0.11819899,0.012854055,-0.009873614
770,0.2463296,0.1290147,0.20539704,0.11797078,0.040932566,0.011043921
771,0.8618856,0.52984196,0.7648265,0.43590027,0.09705913,0.09394169
772,-0.04270847,0.13549404,0.010907202,0.003910261,-0.053615674,0.13158378
773,1.0239741,0.33229384,0.4048646,0.2092048,0.61910945,0.123089045
774,-0.029390985,0.14577524,0.024072733,0.015819384,-0.05346372,0.12995586
775,0.050797123,0.032420527,0.05517157,0.045095805,-0.004374448,-0.012675278
776,0.6876571,0.4723639,0.5932311,0.4481639,0.094426036,0.024199992
777,0.11482838,0.030512419,0.11610637,0.07991817,-0.0012779906,-0.04940575
778,0.5367802,0.28684166,0.4161582,0.29530528,0.12062198,-0.008463621
779,0.5853879,0.33034092,0.44004184,0.30997586,0.14534605,0.02036506
780,0.10029363,0.2098043,0.07216661,0.06001582,0.028127022,0.14978847
781,0.8972521,0.68829644,0.845253,0.63955563,0.051999092,0.048740804
782,0.016826952,0.105967775,0.012015401,0.011053206,0.0048115505,0.09491457
783,0.7645498,0.4985192,0.655112,0.5046592,0.10943776,-0.006139964
784,0.68340594,0.35421327,0.43134135,0.3217333,0.2520646,0.03247997
785,0.01489667,0.020943532,0.023137953,0.022873916,-0.008241283,-0.001930384
786,0.70694894,0.35379565,0.5752211,0.3805962,0.13172781,-0.026800543
787,0.048672974,0.06822345,0.04470933,0.026301354,0.0039636455,0.041922092
788,0.023264412,0.059510864,0.028315878,0.020395523,-0.0050514657,0.03911534
789,0.10388589,0.06083466,0.07492055,0.053167395,0.028965339,0.007667266
790,0.07701603,0.030943494,0.072881475,0.053481184,0.004134558,-0.02253769
791,0.026450278,0.0039329324,0.018267337,0.013024107,0.008182941,-0.009091174
792,0.28212336,0.19415835,0.2446531,0.17031518,0.03747025,0.02384317
793,0.09158281,0.061558116,0.064080015,0.045517564,0.027502798,0.016040552
794,0.6162452,0.36192617,0.46394378,0.3352885,0.15230143,0.026637673
795,-0.0036726906,0.18880849,0.039825473,0.024373861,-0.043498162,0.16443463
796,0.6831671,0.28010267,0.4974618,0.3300272,0.1857053,-0.049924523
797,-0.020901721,0.119675666,0.015428235,0.011189816,-0.036329955,0.10848585
798,0.06951763,0.14312065,0.082959294,0.04378608,-0.013441667,0.09933457
799,0.06181751,0.03982858,0.0546168,0.034801096,0.0072007068,0.005027484
800,-0.020176493,0.011398986,0.00879827,0.0084983315,-0.028974762,0.0029006545
801,-0.015675528,0.13112754,0.025819292,0.016657451,-0.04149482,0.11447009
802,1.0539558,0.64308053,0.8003729,0.68252677,0.2535829,-0.039446235
803,0.028548647,0.0359374,0.025117015,0.012997572,0.0034316313,0.022939827
804,1.0629845,0.7414442,0.7039259,0.5378535,0.35905856,0.20359069
805,0.5575319,0.3651147,0.48483554,0.33881623,0.07269636,0.026298463
806,0.6296489,0.4264297,0.56058264,0.39951763,0.069066286,0.026912063
807,-0.019913701,0.18466434,0.043360762,0.032769356,-0.063274466,0.15189499
808,0.11024276,0.1265384,0.09359379,0.069690965,0.01664897,0.05684743
809,-0.016248772,0.18099646,0.02345025,0.0055160895,-0.03969902,0.17548037
810,0.68980575,0.40946335,0.59864426,0.42057306,0.09116149,-0.01110971
811,0.07213837,0.06148492,0.07125412,0.052071393,0.0008842498,0.009413529
812,0.76483923,0.46795014,0.64467156,0.48563704,0.12016767,-0.017686903
813,0.7204476,0.50233054,0.6432942,0.46376508,0.077153385,0.038565457
814,1.1726125,0.7352471,1.0131338,0.7370232,0.15947878,-0.0017760992
815,0.12356831,0.045907866,0.10703914,0.05952988,0.016529173,-0.013622012
816,0.90538263,0.5557595,0.7763086,0.5899268,0.12907404,-0.03416729
817,0.7896637,0.4455121,0.6687909,0.46871194,0.120872796,-0.023199856
818,0.037284497,0.09727509,0.021216858,0.0071441247,0.016067639,0.09013097
819,0.04087652,0.026826369,0.021238938,0.015090795,0.019637581,0.011735573
820,0.06862638,0.05242912,0.05020506,0.038283676,0.018421322,0.014145445
821,0.01784337,-0.009245532,0.015982695,0.009551689,0.0018606745,-0.01879722
822,0.8105249,0.43132824,0.5883199,0.41006303,0.22220498,0.021265209
823,1.0264232,0.66505426,0.94768745,0.6266111,0.07873577,0.038443148
824,0.028111508,-0.020512434,0.019140495,0.004284841,0.008971013,-0.024797276
825,0.039711066,0.038680624,0.039881684,0.029008701,-0.0001706183,0.009671923
826,0.025592877,0.06537121,0.034015905,0.024287276,-0.0084230285,0.041083932
827,0.0054580555,0.05847948,0.019084696,0.012511605,-0.013626641,0.045967877
828,0.38597712,0.22891398,0.26167303,0.19501632,0.124304086,0.033897653
829,0.019826697,-0.039445482,0.016232973,0.013005296,0.0035937242,-0.052450776
830,0.05751586,0.029700909,0.03513798,0.027417114,0.022377878,0.0022837948
831,0.649227,0.35944661,0.50048655,0.34098715,0.14874047,0.01845947
832,0.5568894,0.37017584,0.40248665,0.30487558,0.15440276,0.065300256
833,0.5044293,0.25066033,0.379816,0.26044345,0.124613285,-0.009783119
834,0.03210187,-0.0014610427,0.034496512,0.029681688,-0.0023946427,-0.03114273
835,0.71346134,0.51852065,0.6119977,0.43831286,0.101463616,0.080207795
836,0.16882001,0.098313116,0.13175784,0.09298334,0.037062168,0.005329773
837,0.08642015,0.07241071,0.07393745,0.056245886,0.012482695,0.016164824
838,0.040656865,-0.025774155,0.034625493,0.019238213,0.0060313717,-0.04501237
839,0.031450152,0.03293558,0.024372054,0.013667254,0.007078098,0.019268325
840,0.04137109,0.05686731,0.036376704,0.028459653,0.004994385,0.028407656
841,-0.03617809,0.13356066,0.013866102,0.001138649,-0.050044194,0.13242202
842,0.8271043,0.5314248,0.6986195,0.52767074,0.12848479,0.0037540793
843,0.2030895,0.11034909,0.13624853,0.09238267,0.06684098,0.01796642
844,0.71337736,0.4446811,0.57425404,0.4416954,0.13912332,0.0029857159
845,0.018354233,0.061804738,0.022695698,0.019010352,-0.0043414645,0.042794384
846,0.76475525,0.22576247,0.3091948,0.2209445,0.45556045,0.0048179775
847,0.022802876,0.04644858,0.017516868,0.014313144,0.005286008,0.03213544
848,0.017294245,0.04806107,0.024864003,0.020716611,-0.007569758,0.027344458
849,0.07000473,0.05524551,0.046546552,0.038167402,0.02345818,0.01707811
850,0.054194953,-0.015217251,0.038952693,0.019050805,0.01524226,-0.034268055
851,0.010786151,0.05126791,0.010407163,0.010077342,0.00037898775,0.04119057
852,0.94778717,0.5120691,0.7304357,0.50852585,0.21735144,0.0035432577
853,0.010631956,-0.0019071758,0.02535807,0.017279621,-0.0147261135,-0.019186797
854,0.013591971,0.026001923,0.01165182,0.009766529,0.0019401517,0.016235393
855,0.038809054,0.027102156,0.018253108,0.017715534,0.020555945,0.009386621
856,0.92498916,0.4526482,0.86038226,0.5337923,0.064606905,-0.081144124
857,1.0357505,0.30900326,0.25004303,0.17822997,0.7857075,0.13077329
858,0.08108697,0.044905767,0.064877644,0.04394178,0.016209327,0.0009639859
859,0.41902354,0.21035929,0.3024616,0.21739848,0.11656195,-0.0070391893
860,0.14591448,0.13306889,0.118729316,0.0833362,0.027185164,0.049732693
861,0.46482325,0.24924046,0.3822212,0.2594643,0.082602054,-0.010223836
862,0.04096661,0.045556925,0.029808205,0.021345442,0.011158407,0.024211483
863,0.6607907,0.37623462,0.57312524,0.37096816,0.08766544,0.005266458
864,0.047012057,0.04361173,0.038555942,0.025601665,0.008456115,0.018010067
865,0.72265494,0.43894622,0.610198,0.41138712,0.11245692,0.027559102
866,0.017314598,0.037470963,0.010619965,0.007985795,0.0066946326,0.029485168
867,0.010917849,0.09849123,0.024185596,0.01741857,-0.013267747,0.08107266
868,0.78487515,0.541881,0.71270514,0.49798736,0.07217002,0.043893665
869,0.9476372,0.40658805,0.26406974,0.23458055,0.68356746,0.1720075
870,0.029375143,0.053026386,0.016759109,0.01432112,0.012616035,0.038705267
871,0.09411635,-0.006797192,0.07920523,0.042744614,0.014911123,-0.049541805
872,0.07902847,0.019066485,0.074105725,0.043662064,0.0049227476,-0.02459558
873,0.042350836,-0.00043406506,0.038972355,0.025891554,0.0033784807,-0.026325619
874,0.023765061,0.118737824,0.020013284,0.013239399,0.003751777,0.105498426
875,0.020982286,0.011252387,0.027840015,0.027656013,-0.0068577286,-0.016403627
876,0.01361072,-0.0015968168,0.02568103,0.018022578,-0.01207031,-0.019619394
877,0.24058652,0.14330898,0.21092026,0.11731948,0.02966626,0.025989503
878,0.25247496,0.19812302,0.24150233,0.16530862,0.010972634,0.0328144
879,0.9226683,0.6221453,0.81950045,0.5675755,0.10316783,0.05456978
880,0.13316377,0.13641171,0.11536237,0.07877588,0.017801397,0.05763583
881,0.34331387,0.25599954,0.2502839,0.17299142,0.093029976,0.08300811
882,0.6108406,0.3310449,0.47685108,0.32298097,0.13398954,0.008063942
883,1.0103875,0.6977541,0.9538069,0.6631434,0.056580663,0.03461069
884,0.043036267,-0.031800937,0.030963039,0.02266169,0.012073228,-0.054462627
885,0.023916397,0.121174395,0.02210037,0.016194176,0.0018160269,0.104980215
886,0.04803553,6.055973e-05,0.05205483,0.041147817,-0.0040193014,-0.04108726
887,0.023529336,0.067716986,0.00794537,0.003812962,0.015583966,0.063904025
888,0.07759532,0.055045135,0.062030494,0.030899337,0.015564829,0.024145799
889,0.7203699,0.23423263,0.35127708,0.2395976,0.3690928,-0.0053649694
890,0.1304064,0.10703792,0.12665656,0.09245912,0.0037498325,0.014578797
891,0.80335486,0.49246532,0.63097966,0.4819568,0.1723752,0.0105085075
892,0.054770384,0.12482656,0.06454087,0.046954017,-0.0097704865,0.077872545
893,0.085200876,0.03401709,0.069367684,0.044240605,0.015833192,-0.010223515
894,-0.00016718703,0.018980341,0.017458824,0.012884865,-0.017626012,0.0060954764
895,0.88835305,0.5865219,0.7814188,0.57209146,0.10693425,0.014430463
896,0.25538722,0.23591177,0.21598765,0.16415843,0.039399564,0.07175334
897,0.49920055,0.36735106,0.44192234,0.30862612,0.057278216,0.05872494
898,-0.020550998,-0.00013329282,0.0070164115,0.003732028,-0.027567409,-0.0038653207
899,0.0808538,0.055117417,0.059364535,0.04364393,0.021489263,0.011473488
900,0.8844689,0.55600893,0.8181499,0.5991197,0.06631899,-0.043110788
901,0.07992121,0.071543045,0.069755785,0.049004678,0.010165423,0.022538368
902,0.67005104,0.45965686,0.53371656,0.38617375,0.13633448,0.07348311
903,0.057060864,0.066918746,0.05016904,0.037166186,0.0068918243,0.02975256
904,0.056933206,0.014670956,0.029059922,0.022418428,0.027873283,-0.0077474723
905,0.5618269,0.27631685,0.37089658,0.2750918,0.1909303,0.0012250543
906,0.9424688,0.53372,0.8037797,0.5489337,0.1386891,-0.015213668
907,0.11411065,0.061796498,0.11484456,0.08431298,-0.000733912,-0.022516485
908,0.054513436,0.036484007,0.032607913,0.024688262,0.021905523,0.011795744
909,0.87974864,0.53973687,0.794164,0.5537045,0.08558464,-0.013967633
910,0.08719436,0.06502493,0.07246147,0.04898691,0.01473289,0.016038015
911,0.60763574,0.35526705,0.4803421,0.3426565,0.12729365,0.012610555
912,0.02856451,0.028393924,0.025095278,0.0072738165,0.0034692325,0.021120109
913,0.0818606,0.037819114,0.06807651,0.03508895,0.013784088,0.0027301647
914,0.6295032,0.42694205,0.5563009,0.44441587,0.07320231,-0.017473817
915,0.15154211,0.16030851,0.15871698,0.1181103,-0.0071748644,0.04219821
916,0.08143962,0.013979921,0.051635146,0.029484957,0.029804476,-0.015505036
917,0.7890786,0.4573862,0.60470474,0.451691,0.18437386,0.005695194
918,0.01774829,0.0125741465,0.015135124,0.0074447794,0.0026131663,0.005129367
919,0.6973964,0.27484912,0.3918452,0.32049933,0.3055512,-0.045650214
920,0.5647232,0.28246853,0.38132817,0.24093023,0.18339503,0.041538298
921,0.074292526,0.042892527,0.050241895,0.041036956,0.02405063,0.0018555708
922,0.064524665,0.059496403,0.05993093,0.044011388,0.0045937337,0.015485015
923,0.1995583,0.15339628,0.17376442,0.12608245,0.02579388,0.027313828
924,0.7687858,0.5015646,0.6773685,0.50359213,0.09141725,-0.0020275116
925,0.95773536,0.23402275,0.42391577,0.24131775,0.53381956,-0.0072949976
926,0.88653874,0.53802073,0.7069868,0.49314633,0.17955196,0.0448744
927,0.022424318,0.049064614,0.023481999,0.018336903,-0.0010576807,0.03072771
928,-0.028403452,0.12120508,0.012122288,0.0060492293,-0.040525742,0.115155846
929,0.67318475,0.46767914,0.5978297,0.4300756,0.07535505,0.037603557
930,0.22614627,0.17669977,0.21093135,0.15836394,0.01521492,0.018335834
931,0.23610346,0.10147913,0.21888974,0.115642466,0.017213717,-0.014163338
932,0.072217554,0.08252869,0.065655254,0.0497523,0.0065623,0.03277639
933,0.1378385,0.139767,0.14231351,0.10051819,-0.0044750124,0.039248817
934,0.008842522,-0.0021935832,0.0098235505,0.003084031,-0.0009810282,-0.005277614
935,0.81253576,0.31148425,0.3664795,0.2805705,0.44605628,0.03091374
936,-0.028338432,0.15434225,0.026231974,0.010859393,-0.054570407,0.14348286
937,0.07710317,0.029439142,0.06850634,0.048618786,0.00859683,-0.019179644
938,0.046656054,0.059620727,0.043441623,0.031226408,0.00321443,0.02839432
939,0.06100733,0.032440964,0.04295901,0.03250227,0.01804832,-6.13071e-05
940,0.63357544,0.4323575,0.5749289,0.41740108,0.05864656,0.014956415
941,0.065256335,0.06022649,0.057946593,0.043342985,0.0073097423,0.016883504
942,0.7396855,0.284083,0.417759,0.30607304,0.32192647,-0.021990031
943,0.0828911,0.11980234,0.056047402,0.044256724,0.026843697,0.07554562
944,1.1140544,0.48479974,0.71894133,0.38895684,0.3951131,0.0958429
945,0.033248782,0.08293351,0.032099854,0.02110609,0.001148928,0.061827417
946,-0.025620267,0.11756109,0.010698913,0.0042193225,-0.03631918,0.11334176
947,0.54633576,0.37241906,0.5089445,0.37189934,0.037391245,0.0005197227
948,0.04395095,0.049667597,0.044308934,0.035277165,-0.0003579855,0.014390431
949,0.043853227,0.015286127,0.045485877,0.028385097,-0.0016326495,-0.01309897
950,0.105480574,0.020970773,0.06442742,0.04780876,0.041053154,-0.026837986
951,1.0100111,0.60882133,0.8977505,0.583856,0.11226058,0.024965346
952,0.81293875,0.282453,0.44792658,0.27956063,0.36501217,0.002892375
953,0.60280865,0.34467942,0.378282,0.3096564,0.22452664,0.035023004
954,0.7502094,0.44035342,0.6463681,0.4344894,0.103841305,0.005864024
955,0.033878993,0.1314009,0.0569713,0.03646812,-0.023092307,0.09493278
956,0.3968336,0.24489263,0.31117076,0.21899971,0.08566284,0.025892913
957,0.74715126,0.4011864,0.68098736,0.40740815,0.0661639,-0.0062217414
958,0.42796484,0.26103246,0.34758347,0.23899667,0.08038136,0.022035792
959,0.056002323,-0.021374987,0.044325843,0.03201506,0.011676479,-0.05339005
960,0.060534857,0.075930156,0.06533413,0.050488435,-0.004799269,0.025441721
961,0.0073505854,0.0910421,0.022305291,0.014503779,-0.014954706,0.076538324
962,0.892698,0.4813483,0.6920282,0.47591513,0.20066977,0.005433172
963,0.111489765,0.024502782,0.09945022,0.054600723,0.012039542,-0.030097941
964,0.07589194,0.09952344,0.05461385,0.03446233,0.02127809,0.06506111
965,0.011470012,0.03207523,0.009078485,0.004303295,0.0023915274,0.027771935
966,0.031596843,0.03758302,0.027367229,0.019207329,0.0042296145,0.018375691
967,0.053022884,-0.012944752,0.054566633,0.03788681,-0.0015437491,-0.050831564
968,0.856126,0.5270646,0.63661134,0.48678333,0.21951467,0.040281296
969,0.77371794,0.31203026,0.45712203,0.32022217,0.3165959,-0.008191913
970,0.009009044,0.21244973,0.039214164,0.021078618,-0.03020512,0.19137111
971,0.52264833,0.30987287,0.40742883,0.28525692,0.1152195,0.024615943
972,0.6617239,0.42601508,0.5324462,0.3816784,0.1292777,0.044336677
973,0.0058641853,-0.04489391,0.009839841,0.0018069841,-0.003975656,-0.046700895
974,0.05101049,0.029578619,0.05532918,0.037045192,-0.004318692,-0.0074665733
975,0.045035455,0.037757497,0.040729277,0.031094914,0.0043061785,0.006662583
976,0.017524792,0.044320613,0.013141764,0.013416444,0.0043830276,0.03090417
977,0.041771613,0.0638806,0.038350433,0.03205643,0.00342118,0.03182417
978,0.6137124,0.4216732,0.5356324,0.38576496,0.07808,0.035908252
979,0.0655384,0.006458762,0.06972754,0.044465266,-0.004189141,-0.038006503
980,0.73702097,0.5380389,0.7047056,0.5486619,0.032315373,-0.010622978
981,0.042708363,-0.018226959,0.04083268,0.031238973,0.0018756837,-0.049465932
982,0.7161615,0.5077639,0.6417034,0.48496825,0.07445806,0.022795677
983,0.044836856,0.0715942,0.048140917,0.03604693,-0.0033040605,0.03554727
984,0.102026366,0.1884085,0.074777365,0.060703687,0.027249001,0.1277048
985,0.58697814,0.3951194,0.46613637,0.33036798,0.12084177,0.06475142
986,0.7333872,0.53958064,0.63993675,0.4821198,0.09345043,0.057460845
987,0.028304731,0.023986885,0.02119656,0.017359355,0.0071081724,0.00662753
988,0.5731789,0.337389,0.43511352,0.32888705,0.13806537,0.008501947
989,0.2911756,0.18427485,0.24667878,0.15446542,0.04449682,0.02980943
990,0.03613316,0.010276034,0.03527581,0.024806533,0.0008573495,-0.0145304995
991,0.01472517,0.07258434,0.008537944,0.007926171,0.0061872257,0.064658165
992,0.022817193,0.040168364,0.017221991,0.015789373,0.0055952016,0.02437899
993,0.09456235,0.034448754,0.08875038,0.05151401,0.0058119744,-0.017065257
994,0.63515294,0.38058862,0.46960625,0.35474914,0.16554669,0.025839478
995,0.55790466,0.3678065,0.4501656,0.32734457,0.10773906,0.040461928
996,0.57440937,0.21514353,0.31722403,0.23509839,0.25718534,-0.01995486
997,0.65029466,0.2070448,0.29451862,0.18698594,0.35577604,0.020058855
998,0.6639741,0.41363025,0.5123123,0.3668852,0.15166181,0.046745062
999,0.54727346,0.40389156,0.5066558,0.39231285,0.040617645,0.011578709
1000,0.6927228,0.4123719,0.54967606,0.38548863,0.14304674,0.026883274
1001,0.07024988,0.021320777,0.06774108,0.05209448,0.0025087968,-0.030773701
1002,0.10586766,0.075813256,0.09135322,0.07233448,0.014514439,0.003478773
1003,0.6797905,0.39254478,0.5913123,0.3958009,0.08847821,-0.0032561123
1004,0.9817027,0.5883925,0.82404864,0.5710518,0.15765405,0.01734072
1005,0.012060069,0.028235272,0.010740821,0.009290344,0.0013192473,0.018944927
1006,0.03170971,0.04073284,0.029852575,0.017116297,0.0018571336,0.023616541
1007,0.050309982,0.036855694,0.043812282,0.033234637,0.0064977,0.0036210567
1008,0.026414378,0.09369634,0.020171901,0.021186274,0.0062424764,0.07251006
1009,0.86095273,0.6741335,0.8228942,0.6081598,0.03805852,0.0659737
1010,-0.009326031,-0.042352617,0.002488574,0.0041212607,-0.011814605,-0.046473876
1011,0.55278295,0.3565521,0.4353664,0.3321037,0.11741656,0.024448395
1012,0.022113593,-0.040706046,0.012367041,0.006861231,0.009746552,-0.04756728
1013,0.11229416,0.084100105,0.09372759,0.06879543,0.018566571,0.015304677
1014,0.12531705,0.12901074,0.117510214,0.09774111,0.0078068376,0.031269625
1015,-0.003949872,-0.017130464,0.0035306073,0.006654241,-0.00748048,-0.023784705
1016,0.10109672,0.08315462,0.07625701,0.05973612,0.024839707,0.023418497
1017,0.9268904,0.38679495,0.51943946,0.37076777,0.4074509,0.016027182
1018,0.8589182,0.44007924,0.61886346,0.445865,0.24005473,-0.0057857633
1019,0.06433573,0.15980391,0.06052641,0.05042406,0.0038093254,0.10937985
1020,0.10603474,0.08924214,0.09614593,0.076359704,0.009888813,0.012882434
1021,0.035112847,-0.002710074,0.046542786,0.033661615,-0.011429939,-0.03637169
1022,1.390836,0.63346326,0.9347766,0.7665937,0.4560594,-0.13313043
1023,0.30639634,0.20147574,0.2652305,0.20415434,0.04116583,-0.002678603
1024,0.011137877,-0.039180927,0.024610529,0.014366907,-0.013472652,-0.053547833
1025,0.5770673,0.25704715,0.2895841,0.22770552,0.28748322,0.029341623
1026,0.024562754,0.044785723,0.014030017,0.017534161,0.010532737,0.027251562
1027,0.016190052,0.024916776,0.015112743,0.011500809,0.0010773093,0.013415966
1028,0.14826657,0.07464837,0.12974212,0.0845992,0.018524453,-0.009950824
1029,0.023195961,0.031355508,0.020149617,0.021869678,0.003046345,0.00948583
1030,0.007190107,-0.023437329,0.016499558,0.015402558,-0.009309452,-0.038839888
1031,0.77610797,0.38118276,0.4676338,0.30685782,0.30847415,0.074324936
1032,0.09358728,0.085718945,0.08610795,0.07254084,0.0074793324,0.013178103
1033,0.9885738,0.5827714,0.78249234,0.60274756,0.20608145,-0.019976139
1034,1.1468457,0.6022312,0.8448079,0.55058795,0.30203778,0.051643252
1035,0.718657,0.45704284,0.5931483,0.42376286,0.12550873,0.033279985
1036,1.1866411,0.7364564,1.0773009,0.73603517,0.10934019,0.00042122602
1037,0.07623512,0.0824937,0.06546585,0.055638224,0.01076927,0.026855476
1038,1.3832289,0.3523998,0.404154,0.37607116,0.9790749,-0.023671359
1039,0.046077617,0.1191691,0.06343354,0.040354792,-0.017355926,0.07881431
1040,1.2385882,0.75912195,1.0340774,0.75299346,0.20451081,0.00612849
1041,0.19171691,0.10163179,0.15570866,0.10852097,0.036008254,-0.0068891793
1042,0.88366175,0.4100583,0.7220925,0.40661663,0.16156924,0.0034416616
1043,0.028844597,0.03998814,0.021200288,0.013227703,0.0076443087,0.026760438
1044,0.010760503,-0.018364515,0.022176104,0.0064539746,-0.011415601,-0.02481849
1045,0.018918104,0.053018264,0.01377216,0.011670101,0.0051459447,0.041348163
1046,0.9398046,0.2494645,0.35166842,0.22479582,0.5881362,0.024668679
1047,0.15757336,0.22685799,0.16817105,0.12566134,-0.010597691,0.10119665
1048,-0.030243075,0.124974966,0.012465986,0.0046552746,-0.04270906,0.120319694
1049,-0.006512817,-0.03119866,0.012558456,0.009703247,-0.019071274,-0.040901907
1050,0.48506215,0.24140358,0.33040735,0.2407172,0.1546548,0.0006863773
1051,0.06418489,0.045945484,0.03868579,0.031162083,0.025499098,0.014783401
1052,0.025198521,0.059096966,0.022600979,0.01946975,0.0025975425,0.039627217
1053,0.03507093,0.12944832,0.031047404,0.02144659,0.004023526,0.10800174
1054,-0.0039709643,0.0086900415,0.0078027793,0.004021309,-0.011773744,0.0046687326
1055,-0.0065742666,0.112841,0.0026845683,0.007052655,-0.009258835,0.10578835
1056,0.6793595,0.41129377,0.57026625,0.4123118,0.10909325,-0.0010180175
1057,0.6068451,0.39284706,0.4967857,0.35273618,0.11005938,0.040110886
1058,0.8455027,0.40114474,0.5507372,0.37865514,0.29476547,0.022489607
1059,0.66805655,0.38194776,0.5090693,0.33731562,0.15898722,0.044632137
1060,-0.05125892,0.13061792,0.0048390278,0.0024826094,-0.05609795,0.12813531
1061,0.12016586,0.04994991,0.10228851,0.060485404,0.017877355,-0.0105354935
1062,0.6142761,0.3497978,0.51736456,0.33361375,0.09691155,0.016184032
1063,0.16127832,0.09427184,0.14827825,0.102050975,0.013000071,-0.0077791363
1064,0.67002976,0.1627458,0.29429382,0.19551054,0.37573594,-0.032764733
1065,0.16249792,0.13761409,0.14752199,0.108686075,0.014975935,0.028928012
1066,-0.033374533,0.115630805,0.008132981,0.0028124724,-0.041507512,0.11281833
1067,0.94846624,0.44492316,0.7318225,0.463363,0.21664375,-0.01843983
1068,0.61647,0.3838879,0.53455925,0.35552314,0.08191073,0.028364748
1069,0.4018366,0.19055445,0.28528616,0.18557827,0.116550446,0.004976183
1070,0.8450939,0.590705,0.79168683,0.5341643,0.053407073,0.056540668
1071,0.71112937,0.37862238,0.47821203,0.3755824,0.23291734,0.003039986
1072,0.8813827,0.50593245,0.7132551,0.48781434,0.1681276,0.018118113
1073,0.94789165,0.5771462,0.7777311,0.55309415,0.17016053,0.024052024
1074,-0.035886355,0.110716574,0.003263037,-0.0005892182,-0.039149392,0.111305796
1075,0.716138,0.46562797,0.6514242,0.4646473,0.064713776,0.0009806752
1076,0.5318454,0.31742412,0.41359454,0.30587682,0.11825085,0.011547297
1077,0.041749123,0.107547894,0.03518802,0.028957035,0.006561104,0.078590855
1078,0.86374736,0.040027637,0.24582824,0.2393929,0.6179191,-0.19936527
1079,0.65365225,0.46690232,0.575198,0.45139456,0.078454256,0.015507758
1080,0.736801,0.50528055,0.60306585,0.45645633,0.13373518,0.04882422
1081,0.014256695,-0.04604474,0.0153306145,0.009808096,-0.0010739192,-0.055852838
1082,0.055166777,0.027025681,0.035142362,0.029773656,0.020024415,-0.0027479753
1083,0.079774946,0.04988619,0.061415993,0.04733925,0.018358953,0.00254694
1084,0.53594816,0.2942619,0.42203426,0.28758726,0.11391389,0.0066746473
1085,0.6815477,0.4612519,0.5446817,0.38801333,0.13686597,0.07323858
1086,0.79450047,0.55919176,0.67564344,0.48469585,0.118857026,0.07449591
1087,0.04956704,-0.0015694387,0.04148023,0.02509794,0.008086812,-0.026667379
1088,0.055833068,-0.016063979,0.0576692,0.033930045,-0.0018361323,-0.04999402
1089,1.3074977,0.452495,0.3691764,0.3180668,0.93832135,0.1344282
1090,0.009803387,0.010576364,0.0076830285,0.0039695585,0.0021203589,0.006606805
1091,0.17156406,0.08616151,0.15773377,0.0914111,0.013830289,-0.0052495897
1092,0.015472023,0.019878486,0.020423714,0.023330009,-0.0049516913,-0.0034515224
1093,0.9118365,0.3972841,0.5712144,0.36755902,0.34062213,0.029725075
1094,0.02253746,0.025123706,0.0127839055,0.012731053,0.009753555,0.012392653
1095,-0.023371158,0.122291125,0.017125819,0.008288191,-0.040496975,0.114002936
1096,0.053653833,0.07323618,0.027833346,0.020731311,0.025820486,0.05250487
1097,0.016724614,0.01940522,0.018411387,0.013591046,-0.0016867723,0.0058141733
1098,0.08975013,0.069671534,0.072659254,0.048421863,0.01709088,0.02124967
1099,0.118375994,0.029571012,0.12118878,0.07483615,-0.002812788,-0.04526514
1100,-0.023397662,-0.061318446,0.0052411347,0.0040437775,-0.028638797,-0.06536222
1101,0.016121015,-0.034178004,0.021917243,0.008728086,-0.0057962276,-0.04290609
1102,0.0858174,0.070489064,0.07181476,0.05806595,0.014002636,0.012423113
1103,0.007331577,0.116422884,0.01837329,0.017342582,-0.011041713,0.0990803
1104,0.12530407,0.101642884,0.10409671,0.07592721,0.021207362,0.025715671
1105,0.6153001,0.45169267,0.53956306,0.40981922,0.07573706,0.041873455
1106,0.021247577,0.0037751477,0.023416724,0.01851372,-0.0021691471,-0.014738573
1107,-0.017496284,0.010713008,0.009066041,0.009816599,-0.026562326,0.00089640915
1108,0.9708018,0.49281943,0.7797202,0.51252687,0.19108158,-0.019707441
1109,0.8873662,0.52515125,0.7803904,0.5126163,0.106975794,0.012534976
1110,0.12854154,0.08902612,0.11356746,0.082004465,0.0149740875,0.007021658
1111,0.026505152,0.020099988,0.006215307,0.0074639833,0.020289846,0.012636005
1112,0.5820219,0.40710416,0.5174236,0.3925452,0.06459826,0.014558971
1113,0.032134585,0.02490137,0.022253837,0.021823253,0.009880748,0.003078116
1114,0.021659166,-0.03668195,0.016140204,0.010146479,0.0055189617,-0.04682843
1115,0.04968633,0.034550667,0.0455729,0.028145935,0.004113432,0.0064047314
1116,0.27068034,0.18567564,0.24770503,0.16595937,0.02297531,0.019716263
1117,0.053246427,0.038391124,0.027719375,0.025754968,0.025527053,0.012636157
1118,0.6236044,0.3564999,0.465154,0.34743708,0.15845042,0.009062827
1119,-0.0040044035,-0.034246985,0.010985436,0.008674396,-0.01498984,-0.04292138
1120,0.025107857,-0.018596675,0.030774986,0.019661846,-0.0056671295,-0.038258523
1121,1.6213739,0.96494824,1.1722796,0.85426223,0.4490943,0.110686004
1122,0.11502387,0.054100692,0.08979352,0.06039654,0.025230348,-0.0062958486
1123,0.8117373,0.48224092,0.5858356,0.4339242,0.22590172,0.048316717
1124,0.7509999,0.46061522,0.60470474,0.43009424,0.14629519,0.030520976
1125,0.013882103,0.019876834,0.022969166,0.016853299,-0.009087062,0.003023535
1126,0.076027445,0.07367277,0.07016212,0.061324835,0.005865328,0.012347937
1127,0.07240684,0.078605786,0.06334287,0.034339808,0.009063974,0.044265978
1128,0.24130355,0.20603701,0.23586814,0.16555992,0.005435407,0.040477097
1129,0.009181607,-0.050709113,0.019773547,0.004964238,-0.01059194,-0.055673353
1130,0.032929204,-0.017016225,0.034545027,0.027966266,-0.0016158223,-0.044982493
1131,0.95618117,0.20110153,0.37754512,0.2647226,0.57863605,-0.06362106
1132,0.80436647,0.56936115,0.7246798,0.5433961,0.07968664,0.025965035
1133,0.04284734,0.031900298,0.033067685,0.021722361,0.009779654,0.010177936
1134,0.7795168,0.4926321,0.61704075,0.4779976,0.16247606,0.01463449
1135,0.6960383,0.4668209,0.594339,0.43947673,0.10169929,0.027344167
1136,0.08037142,0.029479912,0.073625125,0.0506692,0.006746292,-0.02118929
1137,1.081761,0.2760966,0.49743432,0.29264024,0.5843267,-0.016543627
1138,0.10480733,0.09547005,0.091431394,0.066501185,0.013375938,0.028968863
1139,0.16852817,0.13210694,0.15922515,0.12046616,0.009303018,0.011640787
1140,0.02985854,0.028216528,0.022669096,0.012549932,0.007189445,0.015666597
1141,0.0340405,0.054781027,0.024328513,0.0187718,0.009711986,0.03600923
1142,0.57420343,0.31175828,0.4474101,0.3134492,0.12679332,-0.0016909242
1143,0.86390036,0.5377107,0.7221681,0.5608374,0.14173228,-0.023126662
1144,1.077083,0.7494243,0.84708816,0.6708967,0.22999483,0.07852757
1145,0.8233048,0.22390021,0.38253912,0.25436646,0.44076565,-0.030466244
1146,1.1666833,0.44465473,0.4820169,0.32910028,0.6846664,0.11555445
1147,0.7435894,0.4626473,0.6385194,0.45008945,0.105069995,0.012557834
1148,0.017156232,0.06776711,0.025121782,0.01817498,-0.00796555,0.049592134
1149,0.058459517,0.03504182,0.033649813,0.024099907,0.024809703,0.010941913
1150,-0.014645678,-0.028853482,0.009352652,0.007901977,-0.023998331,-0.036755458
1151,0.03805739,-0.01084967,0.026960928,0.013894297,0.011096463,-0.024743967
1152,0.06532199,0.11437661,0.06822862,0.03754113,-0.002906628,0.07683548
1153,0.14936979,0.11393051,0.13197379,0.09323752,0.017396003,0.02069299
1154,0.031584207,0.04722732,0.019243145,0.014629135,0.012341062,0.032598183
1155,0.064447045,0.057300836,0.058343917,0.037117586,0.006103128,0.02018325
1156,0.09283722,0.024312448,0.068337634,0.04557872,0.024499588,-0.02126627
1157,0.040868144,0.027576568,0.028974604,0.02301454,0.011893541,0.0045620278
1158,-0.007688512,-0.0051735626,0.0027876762,0.006210738,-0.010476189,-0.011384301
1159,0.82607627,0.5412893,0.6727223,0.5219819,0.15335399,0.019307435
1160,0.028018385,0.05292958,0.020510515,0.019937333,0.00750787,0.032992247
1161,0.051167417,0.044113617,0.04236704,0.029555526,0.008800376,0.014558092
1162,0.94250643,0.58696413,0.8617533,0.58771133,0.08075315,-0.0007472038
1163,0.02491739,0.019464074,0.013196481,0.008878792,0.011720909,0.010585282
1164,0.02107434,0.015081583,0.004191336,0.009183602,0.016883004,0.00589798
1165,0.71261466,0.37515438,0.507582,0.38102,0.20503265,-0.0058656335
1166,0.0317977,0.12030722,0.045647353,0.03149579,-0.013849653,0.08881143
1167,0.14410634,0.119979575,0.1300368,0.09900992,0.014069542,0.020969652
1168,0.051091716,0.090869494,0.041427623,0.035052057,0.009664092,0.055817436
1169,0.63349575,0.42794052,0.5365077,0.39385408,0.09698802,0.034086436
1170,0.040698014,0.040837158,0.031642087,0.025117552,0.009055927,0.015719606
1171,0.033860873,-0.02843497,0.02198373,0.015785435,0.011877144,-0.044220403
1172,0.7061786,0.42148733,0.62283593,0.45255584,0.08334267,-0.031068504
1173,0.049409263,0.05465236,0.042467795,0.031446483,0.0069414675,0.023205876
1174,0.9197355,0.54590565,0.7638651,0.5204391,0.15587038,0.025466561
1175,-0.029690927,0.11502399,0.010185907,0.0036396137,-0.039876834,0.11138438
1176,-0.006624119,-0.06526553,0.009747192,0.004953912,-0.016371312,-0.07021944
1177,0.16864613,0.11836691,0.14745304,0.09564979,0.021193087,0.022717126
1178,0.14033076,0.10465425,0.11776848,0.088541165,0.02256228,0.016113088
1179,0.752959,0.3667274,0.53499275,0.4065464,0.21796626,-0.039819002
1180,0.08221306,0.045860603,0.06322016,0.039034247,0.0189929,0.006826356
1181,0.6415799,0.3359128,0.4153232,0.29455003,0.22625673,0.041362762
1182,0.08236285,0.06452904,0.06344046,0.042640943,0.018922396,0.021888096
1183,0.25532204,0.21812797,0.23704033,0.16541323,0.018281713,0.052714735
1184,0.03748887,0.018231098,0.020290017,0.014177343,0.017198853,0.0040537547
1185,0.063069366,0.03990649,0.040312216,0.034858827,0.02275715,0.005047664
1186,0.058418766,0.039963827,0.045633305,0.026092846,0.012785461,0.013870981
1187,0.968718,0.70081586,0.86692363,0.65552264,0.10179436,0.045293212
1188,0.94304305,0.60417694,0.7556833,0.51257026,0.18735975,0.09160668
1189,0.81854445,0.5709921,0.73823786,0.52065367,0.08030659,0.050338447
1190,0.7051689,0.38313287,0.5441903,0.3839485,0.16097862,-0.00081562996
1191,0.07286605,0.03310436,0.068008184,0.049608067,0.004857868,-0.016503707
1192,0.05563769,0.109811276,0.06018271,0.045529295,-0.004545018,0.064281985
1193,0.85957617,0.25312623,0.31126696,0.22690663,0.5483092,0.026219606
1194,0.27558494,0.21150042,0.2513656,0.17302378,0.024219334,0.038476646
1195,0.6823337,0.46269354,0.6583928,0.4756176,0.02394092,-0.012924045
1196,0.040227916,0.05366048,0.036369197,0.028431166,0.003858719,0.025229312
1197,0.15620942,0.04766986,0.10751063,0.062346466,0.048698798,-0.014676604
1198,0.020314064,-0.026279015,0.012973654,0.010163317,0.00734041,-0.036442332
1199,0.038107045,0.030968746,0.028334942,0.020052282,0.009772103,0.010916464
1200,-0.011857907,-0.06827389,0.014521884,0.004676882,-0.02637979,-0.072950765
1201,0.59167224,0.42209676,0.50088525,0.38501793,0.09078699,0.037078828
1202,0.023786511,-0.0194629,0.031936713,0.017555978,-0.008150201,-0.03701888
1203,0.7040996,0.4084571,0.5544368,0.37449872,0.1496628,0.033958375
1204,0.5829685,0.34464988,0.44459447,0.32510114,0.138374,0.019548744
1205,0.86326635,0.67723054,0.81051254,0.6374501,0.052753806,0.039780438
1206,1.0297647,0.5563797,0.8996067,0.5841054,0.13015795,-0.027725697
1207,0.6339997,0.17901218,0.0768739,0.07992536,0.5571258,0.09908682
1208,0.052497495,0.13805528,0.039476458,0.029013578,0.013021037,0.109041706
1209,0.82939255,0.4873363,0.6984828,0.4779815,0.13090974,0.0093548
1210,0.10194535,0.05759366,0.08483441,0.05482658,0.017110936,0.0027670786
1211,0.7505858,0.38947138,0.6223763,0.4193519,0.12820947,-0.029880524
1212,0.009814758,-0.003358217,0.0062441705,0.0076795043,0.0035705874,-0.011037721
1213,0.57050675,0.26780042,0.33309397,0.24415064,0.23741278,0.023649782
1214,0.5552995,0.28904432,0.3979958,0.28866655,0.15730372,0.00037777424
1215,0.79430985,0.33180156,0.47168183,0.39334917,0.32262802,-0.061547607
1216,0.18400384,0.10817807,0.15681145,0.08724874,0.027192399,0.02092933
1217,0.5427521,0.33417276,0.48641628,0.35484302,0.056335807,-0.020670265
1218,0.032284193,0.14179175,0.031000232,0.024510648,0.0012839604,0.117281094
1219,0.5150782,0.24748556,0.33980766,0.22445552,0.17527053,0.023030043
1220,0.022790762,0.033326294,0.020204138,0.016973034,0.0025866237,0.01635326
1221,0.7107172,0.44744587,0.6068846,0.444583,0.1038326,0.0028628707
1222,0.05433479,0.060682695,0.054350514,0.043868788,-1.572445e-05,0.016813908
1223,0.020826127,0.086967364,0.020054623,0.014724252,0.0007715039,0.07224311
1224,0.0581325,0.041047174,0.0335761,0.026796153,0.024556398,0.014251022
1225,0.830958,0.45220515,0.71725416,0.46692857,0.11370385,-0.01472342
1226,1.001527,0.68108153,0.93539363,0.6584655,0.06613332,0.022616029
1227,0.71278757,0.42824906,0.63903487,0.43562883,0.0737527,-0.0073797703
1228,0.022807728,0.045078408,0.022427153,0.019456403,0.00038057566,0.025622005
1229,0.0110116815,-0.044212908,0.016135788,0.010290055,-0.005124106,-0.054502964
1230,0.04024113,0.0993752,0.03701821,0.027572867,0.00322292,0.07180233
1231,0.707313,0.5954416,0.63982195,0.46824846,0.067491055,0.12719312
1232,0.9132788,0.28483126,0.39846998,0.32566822,0.51480883,-0.04083696
1233,0.09061655,0.15665936,0.059296716,0.045793038,0.03131983,0.11086632
1234,0.08379374,0.021816416,0.04730594,0.029863557,0.036487795,-0.008047141
1235,0.00016957115,0.1308681,0.030413847,0.022522386,-0.030244276,0.10834572
1236,0.837443,0.4967878,0.6495964,0.46606246,0.1878466,0.03072533
1237,0.04048321,0.03723197,0.0171696,0.013501734,0.02331361,0.023730237
1238,0.58528465,0.41003445,0.49738264,0.37698853,0.08790201,0.033045918
1239,0.048415978,0.008931162,0.052085757,0.031573616,-0.0036697797,-0.022642454
1240,1.1094903,0.64292854,0.9758072,0.6311749,0.13368309,0.011753619
1241,0.8361164,0.3852966,0.6505782,0.38442343,0.18553817,0.00087317824
1242,0.055048008,0.14382657,0.07237872,0.042499892,-0.01733071,0.10132668
1243,0.09239224,0.15441902,0.11397423,0.08540251,-0.021581985,0.06901651
1244,0.69829446,0.39059314,0.524326,0.3707799,0.17396843,0.01981324
1245,0.14028738,0.07992732,0.12503341,0.06869684,0.015253976,0.011230476
1246,0.796268,0.51574,0.65876853,0.49640578,0.13749945,0.019334197
1247,0.7684973,0.5557516,0.68350464,0.509832,0.08499265,0.045919597
1248,0.03169815,0.059870496,0.02480303,0.015053479,0.0068951193,0.044817016
1249,0.700023,0.44611567,0.5401855,0.39596206,0.15983748,0.050153613
1250,0.8285956,0.39680603,0.6146914,0.4326136,0.2139042,-0.03580758
1251,0.11027533,0.06547468,0.08627774,0.06435786,0.02399759,0.0011168197
1252,0.6044012,0.36634085,0.49746734,0.32343355,0.10693383,0.042907298
1253,0.31145313,0.26043737,0.29572898,0.22375187,0.015724152,0.036685497
1254,-0.023553783,0.11738262,0.01375263,0.006635496,-0.037306413,0.11074713
1255,0.3885522,0.18916339,0.26760772,0.18343839,0.12094447,0.0057249963
1256,0.96987337,0.5655105,0.77076703,0.5543786,0.19910634,0.011131883
1257,0.47639194,0.32844207,0.39064384,0.29662803,0.085748106,0.03181404
1258,0.73386276,0.44898686,0.6420269,0.42431647,0.09183586,0.024670392
1259,-0.016678656,-0.01285042,0.0037083991,0.007514878,-0.020387055,-0.020365298
1260,0.49606237,0.19470954,0.29788417,0.18590416,0.1981782,0.008805379
1261,-0.0036096503,0.15049015,0.018339511,0.0061743795,-0.02194916,0.14431576
1262,0.5834998,0.24547955,0.33606085,0.23556761,0.24743894,0.0099119395
1263,0.07962638,0.056975164,0.082654625,0.062188935,-0.0030282438,-0.005213771
1264,0.64233196,0.44744313,0.55124104,0.43440205,0.09109092,0.013041079
1265,0.8705603,0.6229745,0.8028962,0.5728634,0.06766409,0.050111115
1266,-0.02792842,0.117924124,0.012788636,0.003936573,-0.040717054,0.11398755
1267,-0.025700176,0.11668096,0.010931184,0.004262392,-0.03663136,0.11241856
1268,0.2966067,0.20651321,0.24922574,0.1927566,0.047380954,0.013756618
1269,1.0003703,0.1608718,0.27150452,0.23479898,0.72886574,-0.07392718
1270,-0.005053052,0.122236595,0.027397728,0.013097016,-0.03245078,0.10913958
1271,0.5624719,0.2974206,0.4520844,0.2937178,0.110387534,0.0037027895
1272,0.86250097,0.574911,0.7842554,0.5361926,0.07824558,0.038718402
1273,0.024045529,0.027878087,0.023363313,0.019834684,0.00068221614,0.008043403
1274,0.8710701,0.6600933,0.8260485,0.6188289,0.045021594,0.041264415
1275,0.5136753,0.26512533,0.34814554,0.2521581,0.16552973,0.012967229
1276,0.017316539,0.10519345,0.00633635,0.008501246,0.010980189,0.096692204
1277,0.71426785,0.4715422,0.55913097,0.41085854,0.15513688,0.060683668
1278,0.12386334,0.11073703,0.11060308,0.077442996,0.01326026,0.033294037
1279,0.6257043,0.4229632,0.44430017,0.3210548,0.18140411,0.101908416
1280,0.7660017,0.5681653,0.7205249,0.49120885,0.045476794,0.07695645
1281,0.46405163,0.25109935,0.36659235,0.26009643,0.09745929,-0.008997083
1282,0.010540574,-0.050442703,0.01392742,0.0063746395,-0.0033868458,-0.05681734
1283,0.0787323,0.18052512,0.07139898,0.051926058,0.007333316,0.12859906
1284,1.5123118,0.78181106,1.1828622,0.801195,0.32944965,-0.019383967
1285,0.6907863,0.44434348,0.60225713,0.427635,0.08852917,0.016708463
1286,0.65236616,0.38924888,0.52010643,0.35505545,0.13225973,0.034193426
1287,0.3780337,0.22289039,0.28863978,0.2094682,0.089393914,0.013422191
1288,0.035752025,0.13420834,0.03188678,0.025502095,0.0038652457,0.10870624
1289,0.0618868,0.0136481635,0.05568981,0.04114873,0.006196987,-0.027500566
1290,0.7528469,0.38218114,0.5395385,0.37561017,0.2133084,0.006570965
1291,0.7530553,0.33212835,0.54080474,0.34822306,0.21225053,-0.016094714
1292,0.21659571,0.08757711,0.19882092,0.1046267,0.01777479,-0.017049588
1293,0.15883219,0.103954025,0.1378473,0.08554183,0.020984888,0.018412195
1294,0.040015537,0.050264254,0.0329135,0.021857304,0.0071020387,0.02840695
1295,0.96907866,0.54546535,0.8526217,0.55610025,0.116456985,-0.010634899
1296,0.67337406,0.35931844,0.52461624,0.3364996,0.14875782,0.022818834
1297,0.6944255,0.32267508,0.46377355,0.32367635,0.23065197,-0.0010012686
1298,0.054309566,0.026333675,0.052102547,0.031952657,0.0022070184,-0.005618982
1299,0.5492189,0.36590382,0.44417477,0.32863387,0.10504413,0.03726995
1300,0.09650887,0.0825631,0.079649724,0.0648257,0.016859144,0.017737404
1301,0.64592063,0.2028867,0.28747123,0.20375577,0.3584494,-0.0008690655
1302,0.051770527,0.0640148,0.046627007,0.035390653,0.0051435195,0.028624147
1303,0.0109585095,0.20649005,0.035728037,0.028914357,-0.024769528,0.17757569
1304,0.17651488,0.17287001,0.16773759,0.1408609,0.008777291,0.03200911
1305,-0.007470045,-0.024698056,0.005977166,-0.0009745333,-0.01344721,-0.023723522
1306,0.42217708,0.2567061,0.36451727,0.27597308,0.057659805,-0.019266993
1307,0.5945057,0.44216248,0.54574335,0.41512233,0.04876238,0.027040154
1308,0.32964554,0.20410638,0.28931516,0.19143364,0.04033038,0.012672737
1309,0.07156286,-0.018101577,0.044628363,0.02281494,0.026934493,-0.040916517
1310,0.03875897,0.05793405,0.025249016,0.019963767,0.013509955,0.037970282
1311,0.4530153,0.32036385,0.40311193,0.2893628,0.049903363,0.031001061
1312,0.058170047,0.03924765,0.07056095,0.058145534,-0.0123909,-0.018897884
1313,0.39766973,0.21722504,0.281535,0.19295414,0.11613473,0.024270907
1314,0.038860407,0.034682713,0.025601715,0.023394536,0.013258692,0.011288177
1315,0.035118308,0.029542979,0.016663853,0.0132537335,0.018454455,0.016289245
1316,0.5509669,0.36129957,0.48853213,0.36581057,0.062434793,-0.0045109987
1317,0.017559178,0.05401575,0.022574548,0.012845369,-0.0050153695,0.04117038
1318,0.43814427,0.26414403,0.2873239,0.22508617,0.15082037,0.039057866
1319,0.116189845,0.13561773,0.08678603,0.06383763,0.029403813,0.0717801
1320,0.04724416,0.05202916,0.037207592,0.02657291,0.010036569,0.02545625
1321,0.09924282,0.122707866,0.0707109,0.054344315,0.028531924,0.06836355
1322,0.12659137,0.09523436,0.09954954,0.07496272,0.02704183,0.020271637
1323,0.312501,0.1564073,0.21707341,0.14629132,0.0954276,0.010115981
1324,0.75421,0.44578764,0.5589782,0.4147752,0.1952318,0.031012446
1325,0.12002166,0.10628882,0.09494777,0.07007888,0.025073893,0.03620994
1326,0.69872946,0.50853175,0.6226494,0.48909894,0.076080084,0.019432813
1327,0.09156552,0.07191628,0.06755059,0.05335766,0.024014927,0.018558621
1328,0.71960473,0.552739,0.65110075,0.48316398,0.068503976,0.06957504
1329,0.5281145,0.27780798,0.3255852,0.22955056,0.20252931,0.048257425
1330,0.020339308,-0.004036766,0.0360529,0.022826592,-0.015713593,-0.026863357
1331,0.17015302,0.12946175,0.1665965,0.1223091,0.0035565197,0.007152647
1332,0.0049198475,0.04702935,0.013700497,0.009661227,-0.00878065,0.037368122
1333,0.044254567,0.01775744,0.025654793,0.02127763,0.018599775,-0.0035201907
1334,0.00454474,-0.00361938,0.020784423,0.011365374,-0.016239682,-0.014984754
1335,0.35071975,0.25611052,0.31599078,0.19745162,0.034728974,0.058658898
1336,0.8825342,0.60205805,0.75859684,0.55307883,0.12393737,0.048979223
1337,0.92125195,0.4752371,0.76513636,0.5127131,0.15611559,-0.037475973
1338,0.025910981,-0.028079394,0.031637426,0.01734107,-0.0057264455,-0.045420464
1339,0.4592884,0.25120574,0.36448628,0.23880658,0.09480211,0.012399167
1340,0.90688485,0.48977187,0.70174634,0.49514276,0.2051385,-0.005370885
1341,0.77594364,0.4319009,0.6240981,0.3982845,0.15184551,0.033616394
1342,0.6887822,0.36333975,0.42908826,0.3147322,0.25969395,0.048607558
1343,0.03728693,0.03709416,0.032679603,0.027274434,0.0046073273,0.009819727
1344,0.0063604866,0.025493838,0.008107049,0.010182447,-0.0017465628,0.015311391
1345,0.08489785,0.06616068,0.07747682,0.0590351,0.0074210316,0.007125579
1346,0.024703244,-0.05025969,0.018847639,0.0065180324,0.005855605,-0.056777723
1347,0.076683335,0.04995748,0.06214876,0.048536163,0.014534574,0.0014213175
1348,0.075276315,0.024868393,0.055478327,0.034013994,0.019797988,-0.009145601
1349,0.21142538,0.123502925,0.17470156,0.11606777,0.036723822,0.007435158
1350,0.54074776,0.29179853,0.416426,0.2944302,0.12432176,-0.0026316643
1351,0.111017466,0.08961059,0.10446463,0.07713455,0.006552838,0.012476042
1352,0.0564549,0.052668843,0.057236355,0.04326666,-0.00078145415,0.009402182
1353,0.07025956,0.013284584,0.078868166,0.0533232,-0.008608602,-0.04003862
1354,0.815414,0.54449975,0.70495415,0.4924895,0.110459864,0.052010268
1355,1.0767614,0.75525177,0.9781367,0.706576,0.09862465,0.048675776
1356,0.05873396,0.034141283,0.045901865,0.032221556,0.012832094,0.0019197278
1357,0.05119403,0.048781548,0.041467123,0.024482388,0.009726908,0.02429916
1358,0.54943293,0.33580837,0.40846974,0.28179568,0.1409632,0.054012686
1359,0.024656212,0.013209123,0.025694598,0.016463386,-0.0010383856,-0.0032542627
1360,0.18664108,0.11126394,0.16767743,0.13001986,0.01896365,-0.01875592
1361,0.84417856,0.2738985,0.42392597,0.3413332,0.4202526,-0.0674347
1362,0.63265634,0.33570454,0.51214945,0.33842638,0.12050688,-0.002721846
1363,0.7237054,0.41883346,0.5407431,0.3889666,0.1829623,0.029866874
1364,1.0266441,0.6634953,0.84616816,0.6496808,0.18047595,0.013814509
1365,0.7425391,0.45792586,0.6443219,0.44424382,0.09821719,0.013682038
1366,0.049217768,0.031590033,0.060587186,0.05033652,-0.011369418,-0.018746488
1367,-0.02269684,0.123004995,0.01616881,0.008185724,-0.03886565,0.11481927
1368,0.52831,0.30589724,0.4245062,0.31924352,0.10380381,-0.013346285
1369,0.68035114,0.30322728,0.42618313,0.28189024,0.254168,0.021337032
1370,0.6705309,0.4041226,0.49760976,0.35043284,0.17292115,0.053689748
1371,0.7025119,0.3797399,0.5237737,0.39214706,0.17873818,-0.012407154
1372,0.042943474,0.016740829,0.04344179,0.033021487,-0.0004983172,-0.016280659
1373,0.02292549,0.004944281,0.013505109,0.005715106,0.009420382,-0.00077082496
1374,0.046184443,0.025735715,0.06209584,0.03925191,-0.015911397,-0.013516193
1375,0.014422596,-0.054612577,0.020907085,0.009898843,-0.006484489,-0.06451142
1376,0.059849523,-0.03942502,0.04650689,0.021595398,0.013342634,-0.06102042
1377,0.8804792,0.6110453,0.7666341,0.57988584,0.11384511,0.03115946
1378,0.03465862,0.027501533,0.0169731,0.017608892,0.017685518,0.009892641
1379,0.083964765,0.040639073,0.06557849,0.03942327,0.018386275,0.0012158044
1380,0.727594,0.4553884,0.5795962,0.41383496,0.1479978,0.041553438
1381,0.045586273,0.040058516,0.031193454,0.02727997,0.014392819,0.012778547
1382,0.041104108,0.10059393,0.04473698,0.027262634,-0.0036328733,0.0733313
1383,-0.0030796535,-0.031900767,0.021556592,0.016152667,-0.024636244,-0.048053436
1384,0.018379167,0.14384921,0.049419023,0.032570094,-0.031039856,0.111279115
1385,0.0215121,0.12819986,0.018343015,0.013523701,0.0031690858,0.11467616
1386,0.9417205,0.58711535,0.83028203,0.6095701,0.11143845,-0.022454739
1387,0.029627679,0.028433748,0.03183309,0.02317791,-0.002205411,0.005255837
1388,0.03471143,0.12951764,0.05859703,0.04040583,-0.023885597,0.08911182
1389,0.669134,0.41868457,0.51353264,0.4024399,0.15560138,0.01624468
1390,0.067758776,0.050371196,0.06349018,0.04371033,0.004268594,0.0066608675
1391,0.9951234,0.7044748,0.89219886,0.6523752,0.102924526,0.052099586
1392,0.1612562,0.11150592,0.13619998,0.08719573,0.025056213,0.024310187
1393,0.09054398,0.032411646,0.075296596,0.042552684,0.015247382,-0.010141037
1394,0.04905253,0.036480412,0.03365672,0.02852576,0.015395809,0.0079546515
1395,0.106594674,0.037476387,0.094116084,0.056763053,0.01247859,-0.019286666
1396,0.11420607,0.047376774,0.10898671,0.070990816,0.005219355,-0.023614042
1397,0.025713405,0.12741329,0.025060695,0.020013165,0.00065271,0.10740012
1398,0.9355964,0.7359852,0.8024948,0.6115991,0.13310158,0.12438613
1399,0.74337375,0.43262678,0.6004555,0.43085438,0.14291823,0.0017724037
1400,1.4960028,0.67537904,0.7514341,0.5642682,0.7445687,0.111110866
1401,0.86378604,0.61197996,0.7301184,0.50251675,0.13366765,0.109463215
1402,1.0583072,0.5824508,0.90109396,0.54700077,0.15721321,0.03545004
1403,0.054441176,0.04822342,0.049379043,0.03982959,0.005062133,0.008393832
1404,0.035937984,0.06694944,0.042536326,0.026008418,-0.006598342,0.040941022
1405,0.6086481,0.38674617,0.4813881,0.32629776,0.12726003,0.060448408
1406,0.04295689,0.07665858,0.038855646,0.022711499,0.004101243,0.053947076
1407,0.037219767,0.13209735,0.035174236,0.02459338,0.0020455308,0.107503965
1408,0.924444,0.445384,0.6171305,0.44311732,0.3073135,0.0022666752
1409,0.6309535,0.3257367,0.5114262,0.35107532,0.11952728,-0.02533862
1410,0.6742602,0.4178267,0.6204979,0.39578447,0.053762317,0.022042245
1411,0.22718655,0.14574833,0.17754,0.11929109,0.04964654,0.026457243
1412,0.022172011,0.018783145,0.030794814,0.021274231,-0.008622803,-0.0024910867
1413,0.11313237,0.072670005,0.08611528,0.0622,0.027017094,0.010470007
1414,0.0881357,0.05498644,0.07845098,0.049638197,0.009684719,0.005348243
1415,0.6514534,0.41133076,0.56718314,0.384895,0.08427024,0.026435763
1416,0.77715474,0.4445331,0.47675753,0.37959364,0.30039722,0.06493947
1417,0.07141402,0.06309505,0.053416807,0.03487221,0.017997216,0.028222837
1418,0.017417757,0.00866264,0.016088834,0.010473455,0.0013289228,-0.0018108152
1419,0.26315844,0.15928796,0.1978142,0.14302537,0.065344244,0.01626259
1420,0.7879759,0.41631046,0.5933894,0.38620132,0.19458652,0.030109137
1421,0.509085,0.2886515,0.41577944,0.27526718,0.09330556,0.013384312
1422,0.51062846,0.33253717,0.44266638,0.32274705,0.06796208,0.0097901225
1423,-0.01608333,0.103781864,0.009452875,0.010498753,-0.025536206,0.09328311
1424,0.06538999,0.06964537,0.057099205,0.04550276,0.008290786,0.024142608
1425,1.082191,0.46418703,0.63379633,0.422563,0.44839466,0.04162404
1426,-0.03456214,0.13505222,0.012820406,0.005164282,-0.04738255,0.12988794
1427,0.11468399,0.11379156,0.11319876,0.082543895,0.001485236,0.031247668
1428,0.067473605,0.060230486,0.06159419,0.04839482,0.005879417,0.0118356645
1429,0.03904086,0.019962067,0.018433094,0.012391595,0.020607766,0.0075704716
1430,0.102153644,0.11919048,0.092567794,0.08212082,0.00958585,0.037069656
1431,0.060656387,0.16510427,0.061652184,0.04442402,-0.0009957962,0.12068025
1432,0.6269428,0.25070313,0.36959544,0.23705883,0.25734738,0.013644293
1433,0.7821812,0.5062427,0.72587883,0.5310039,0.05630237,-0.0247612
1434,0.8632999,0.52784115,0.74127793,0.5276586,0.12202197,0.00018256903
1435,-0.0040100706,-0.003280904,0.0117923645,0.0075528226,-0.015802436,-0.010833726
1436,0.5139079,0.37040144,0.45006377,0.33444113,0.063844144,0.035960317
1437,0.02456059,0.068964995,0.009404397,0.008698786,0.015156193,0.06026621
1438,0.7600465,0.48449835,0.66813135,0.4202628,0.09191513,0.06423554
1439,0.09224868,0.18686071,0.09844402,0.07443331,-0.006195344,0.1124274
1440,0.036751866,0.050766688,0.027687335,0.022813216,0.009064531,0.027953472
1441,0.033098724,0.031886224,0.010928683,0.013757248,0.02217004,0.018128976
1442,0.46674985,0.31970596,0.3791578,0.27596754,0.087592036,0.043738425
1443,0.21429801,0.17703344,0.20858733,0.1558156,0.0057106763,0.021217838
1444,0.06358894,0.056953434,0.05679043,0.03816483,0.0067985095,0.018788602
1445,0.7978632,0.5810418,0.70359993,0.51752716,0.094263256,0.06351465
1446,0.09064351,0.051287588,0.07295459,0.05203054,0.017688923,-0.00074295327
1447,0.09174031,0.07855849,0.088707745,0.05217157,0.0030325651,0.02638692
1448,0.694013,0.33551076,0.48202005,0.33065546,0.21199295,0.004855305
1449,0.75186425,0.31758904,0.43282637,0.29043245,0.31903788,0.027156591
1450,0.0642812,0.04727675,0.05648436,0.04275573,0.0077968426,0.0045210198
1451,0.06504709,0.03066063,0.040728427,0.028707381,0.024318665,0.001953248
1452,0.020133987,0.097493134,0.02464872,0.015354541,-0.0045147333,0.08213859
1453,0.01841059,-0.07611816,0.027819803,0.014109532,-0.009409213,-0.090227686
1454,0.12449426,0.10892565,0.117876254,0.08683085,0.006618008,0.022094801
1455,0.06602294,0.03411528,0.045803357,0.034803785,0.020219583,-0.0006885044
1456,0.56790775,0.3441579,0.48080224,0.35596043,0.08710551,-0.011802524
1457,0.046356067,0.0010113216,0.04835602,0.031774677,-0.001999952,-0.030763356
1458,0.8087335,0.63271266,0.7292787,0.586897,0.07945484,0.045815647
1459,0.99295616,0.6526659,0.9122664,0.6492444,0.08068979,0.0034214854
1460,-0.0054959655,-0.029417412,0.010068176,0.010227928,-0.015564142,-0.03964534
1461,0.7972483,0.29515874,0.37513328,0.24528632,0.42211503,0.04987243
1462,0.010042115,-0.050298255,0.020109063,0.008220075,-0.010066948,-0.058518328
1463,0.37446463,0.18399271,0.23788476,0.1666615,0.13657987,0.017331213
1464,0.82993495,0.45946383,0.6525506,0.43658644,0.17738438,0.022877395
1465,0.54014665,0.36598343,0.40723163,0.30915433,0.13291502,0.056829095
1466,0.056392167,0.04222823,0.05200181,0.027982563,0.004390355,0.014245667
1467,0.09779969,0.092993,0.09231116,0.076035134,0.00548853,0.016957864
1468,0.07528971,0.037773006,0.05551843,0.037339978,0.019771282,0.00043302774
1469,0.14334282,0.123753086,0.13213569,0.10363813,0.0112071335,0.020114958
1470,0.1144428,0.09839929,0.11059557,0.091233715,0.003847234,0.0071655735
1471,0.7939022,0.48480982,0.6729994,0.49964324,0.12090284,-0.0148334205
1472,0.05553295,0.055953283,0.051573038,0.027267288,0.003959913,0.028685994
1473,1.0269617,0.6131026,0.82510453,0.59408486,0.20185715,0.019017756
1474,0.027268302,0.043375652,0.022000413,0.013060537,0.0052678883,0.030315116
1475,0.40505427,0.28327522,0.40673447,0.26703066,-0.0016801953,0.01624456
1476,0.028521726,0.028137526,0.017396415,0.01671498,0.011125311,0.011422545
1477,0.9001518,0.5642943,0.7055866,0.5063325,0.19456518,0.057961762
1478,0.042121038,0.04450957,0.03521188,0.025505668,0.006909158,0.019003903
1479,0.79471004,0.5027101,0.65165204,0.4829076,0.143058,0.01980251
1480,0.6995097,0.43210155,0.45990172,0.363707,0.23960796,0.06839454
1481,0.5149954,0.28895468,0.4142124,0.286359,0.10078299,0.002595663
1482,-0.003585947,-0.026393121,0.025523534,0.015410046,-0.029109482,-0.041803166
1483,0.08996835,0.04454629,0.08282225,0.052945614,0.007146105,-0.008399323
1484,0.9524389,0.58006704,0.8160194,0.548781,0.13641948,0.03128606
1485,0.7151879,0.5445402,0.6227971,0.46515042,0.092390835,0.07938981
1486,0.14587583,0.09598411,0.12744436,0.089398906,0.01843147,0.006585203
1487,0.008716742,-0.006675306,0.03325913,0.024729533,-0.02454239,-0.031404838
1488,0.6242879,0.36344314,0.43622708,0.3050384,0.18806082,0.058404744
1489,0.018225968,0.01875628,0.0024632222,0.00488086,0.015762746,0.013875419
1490,0.7557003,0.4643526,0.5815167,0.43022656,0.1741836,0.034126043
1491,0.01750701,0.043827888,0.01655044,0.010961804,0.00095656887,0.032866083
1492,0.85927945,0.22210051,0.4855865,0.2276799,0.37369296,-0.005579382
1493,0.009634171,-0.03413523,0.018211206,0.008148443,-0.008577036,-0.042283673
1494,0.16994628,0.21867606,0.18390027,0.1494666,-0.013953984,0.06920946
1495,0.04719275,-0.006942929,0.044747364,0.02563743,0.0024453849,-0.032580357
1496,0.028519468,0.058961198,0.022497566,0.021965945,0.006021902,0.036995254
1497,-0.02990166,0.11654538,0.01025906,0.004681056,-0.04016072,0.11186432
1498,0.0056413445,-0.007608671,0.024019223,0.014049726,-0.018377878,-0.021658396
1499,0.029246788,0.0117176585,0.04043921,0.036626197,-0.011192422,-0.024908539
1500,0.21055894,0.10868564,0.15311357,0.10368396,0.057445362,0.005001679
1501,0.31342906,0.22109684,0.28061157,0.19327374,0.032817483,0.027823105
1502,0.013360902,-0.040947203,0.015550825,0.008979397,-0.002189923,-0.0499266
1503,0.039087124,0.041935135,0.037746157,0.030656645,0.0013409667,0.01127849
1504,0.10077161,0.0554762,0.073896825,0.0470712,0.026874788,0.008405
1505,0.045277316,0.059623778,0.041400377,0.02639727,0.0038769394,0.03322651
1506,0.7982187,0.5044839,0.7171414,0.48294434,0.08107734,0.02153954
1507,0.9263782,0.60858804,0.8216483,0.56142753,0.10472989,0.047160506
1508,0.037153814,-0.024484884,0.0398479,0.025356788,-0.0026940852,-0.049841672
1509,-0.0035873614,-0.0017300628,0.016219337,0.0138089955,-0.019806698,-0.0155390585
1510,0.15607338,0.0996865,0.13255952,0.09457485,0.023513854,0.005111657
1511,0.05160333,0.046508312,0.03869762,0.025857955,0.012905709,0.020650357
1512,0.025631912,0.03579482,0.024219163,0.015977716,0.0014127493,0.019817105
1513,0.08671175,0.07514327,0.07674828,0.06694152,0.009963468,0.008201748
1514,0.4629193,0.29419383,0.34281436,0.25544435,0.12010494,0.038749486
1515,0.15169209,0.09022523,0.13617058,0.08849409,0.015521511,0.001731135
1516,0.9295163,0.42976382,0.640524,0.42471033,0.2889923,0.0050534904
1517,0.00838206,0.08041482,0.020472804,0.016458094,-0.012090744,0.06395672
1518,0.15973367,0.12679301,0.13463521,0.0981401,0.025098458,0.028652914
1519,0.0905408,0.08115186,0.08155398,0.06152705,0.008986816,0.019624807
1520,0.69495684,0.32051063,0.43031088,0.290407,0.26464596,0.030103624
1521,0.019484518,0.13842647,0.018430542,0.020384839,0.0010539759,0.11804163
1522,0.04947495,0.12833236,0.06635093,0.043303285,-0.016875979,0.08502908
1523,0.019343618,-0.0288261,0.028746685,0.01989573,-0.009403067,-0.04872183
1524,0.041129787,0.0050086523,0.030316934,0.023447163,0.0108128525,-0.01843851
1525,0.022624347,-0.0180191,0.021458756,0.008480674,0.0011655912,-0.026499774
1526,0.033931863,0.0116702225,0.043483686,0.036278628,-0.009551823,-0.024608405
1527,0.8928337,0.47891435,0.6482471,0.4578566,0.24458659,0.021057755
1528,0.7908891,0.41823375,0.579507,0.4274827,0.21138209,-0.009248942
1529,0.0666905,0.04387786,0.053973924,0.040966857,0.012716573,0.0029110014
1530,0.052133508,0.017003201,0.046451956,0.022431973,0.005681552,-0.0054287724
1531,0.03851618,0.037461016,0.03343987,0.026382636,0.005076308,0.01107838
1532,-0.020808687,0.12810683,0.014041352,0.007844163,-0.03485004,0.12026267
1533,1.0041326,0.7288777,0.93914807,0.69073796,0.06498456,0.03813976
1534,0.049495257,0.014177629,0.043785155,0.02586503,0.0057101026,-0.011687401
1535,0.02403502,0.061778408,0.028663669,0.021229103,-0.004628649,0.040549304
1536,0.7108656,0.32053342,0.43731013,0.29615498,0.2735555,0.024378449
1537,0.46096897,0.25634825,0.33969927,0.24716894,0.1212697,0.009179309
1538,1.0450339,0.68230146,0.9619257,0.7069377,0.08310825,-0.024636209
1539,0.02864116,0.069460444,0.020030696,0.010740226,0.008610465,0.058720216
1540,0.039024975,0.1073008,0.07586384,0.049050685,-0.036838863,0.058250118
1541,0.777691,0.4129957,0.6057521,0.40561685,0.1719389,0.0073788464
1542,0.65250885,0.3701475,0.4596408,0.3305199,0.19286805,0.03962758
1543,0.063382365,0.11833119,0.07244215,0.04629763,-0.009059787,0.072033554
1544,0.76864535,0.29663613,0.39195013,0.3027983,0.37669522,-0.0061621666
1545,0.0018717411,-0.012406226,0.00300476,0.0051286984,-0.0011330189,-0.017534925
1546,0.67649615,0.38340133,0.5500638,0.37071174,0.12643236,0.01268959
1547,0.8253691,0.50413805,0.692943,0.46137747,0.13242614,0.04276058
1548,0.57475126,0.32695085,0.50461304,0.31479138,0.070138216,0.012159467
1549,0.4574755,0.22111379,0.3089297,0.2019749,0.1485458,0.019138888
1550,0.103122324,0.047825664,0.084818974,0.05733276,0.01830335,-0.009507097
1551,0.86761063,0.48782715,0.7004949,0.453693,0.16711575,0.03413415
1552,0.057883184,0.14540727,0.04600885,0.036217745,0.011874333,0.109189525
1553,0.058637995,0.00256501,0.05393352,0.037266973,0.0047044754,-0.034701962
1554,0.040459517,0.07405515,0.031145507,0.028634548,0.00931401,0.045420602
1555,0.064564906,0.05132725,0.0589796,0.03789267,0.0055853054,0.013434581
1556,0.043927237,0.019644007,0.02720522,0.018221162,0.016722018,0.0014228448
1557,0.013165816,-0.07074392,0.013127582,0.006506963,3.8233586e-05,-0.07725088
1558,0.68177295,0.40438965,0.62954515,0.4015954,0.052227795,0.002794236
1559,0.07847273,0.047501076,0.059135307,0.047544733,0.019337427,-4.3656677e-05
1560,0.02523102,-0.0335027,0.029985731,0.011817021,-0.004754711,-0.04531972
1561,0.8384456,0.3817066,0.52895254,0.38246426,0.30949306,-0.00075766444
1562,0.029318515,0.021776328,0.024104737,0.011749668,0.0052137785,0.01002666
1563,0.3011583,0.12894085,0.16737688,0.10990219,0.13378143,0.019038662
1564,-0.015048903,0.051236026,0.0066307485,0.0028016246,-0.021679651,0.048434403
1565,0.03008561,-0.013731073,0.038937874,0.022424515,-0.008852264,-0.03615559
1566,0.05911871,0.0479862,0.03872084,0.029507224,0.020397872,0.018478975
1567,0.015625244,0.06330858,0.014019476,0.014505411,0.0016057678,0.048803173
1568,0.6776453,0.47807965,0.6123137,0.47306734,0.06533164,0.0050123036
1569,0.060495555,0.029412296,0.032770846,0.02817907,0.02772471,0.0012332257
1570,0.5120309,0.29699165,0.43572956,0.31242654,0.07630134,-0.015434891
1571,0.057141762,0.07349913,0.03309421,0.023819767,0.024047554,0.04967936
1572,0.021277836,0.04795849,0.029906232,0.019154022,-0.008628396,0.028804468
1573,0.14074393,0.18271442,0.13473628,0.112505175,0.0060076416,0.07020924
1574,0.26857162,0.19138905,0.23716775,0.16922417,0.03140387,0.022164881
1575,0.019568874,-0.008318242,0.033747368,0.025382796,-0.014178494,-0.03370104
1576,0.037240718,0.029400416,0.025838226,0.02285796,0.0114024915,0.0065424554
1577,0.07949586,-0.0037082583,0.07793986,0.049364097,0.0015560016,-0.053072356
1578,0.4745391,0.32170928,0.38403836,0.29397836,0.09050074,0.027730912
1579,0.023202594,0.047861688,0.016690288,0.014837864,0.0065123066,0.033023823
1580,0.5591877,0.24678847,0.3688467,0.29297897,0.190341,-0.0461905
1581,0.035396036,-0.02798822,0.02739596,0.01961038,0.008000076,-0.0475986
1582,0.48382992,0.3247744,0.44279295,0.32397264,0.041036963,0.0008017719
1583,0.07794309,0.061723646,0.064961664,0.041094907,0.012981422,0.02062874
1584,0.046305805,-0.0012977369,0.05890905,0.034962445,-0.012603246,-0.036260184
1585,0.6238051,0.42818588,0.5144594,0.38708028,0.109345734,0.0411056
1586,0.15741393,0.0894737,0.11219927,0.07885413,0.04521466,0.010619573
1587,0.071438566,0.03820162,0.03382195,0.022040848,0.037616614,0.016160771
1588,0.07965317,0.026310923,0.07294835,0.052365042,0.006704822,-0.02605412
1589,0.012107154,0.0324733,0.013242322,0.0078104064,-0.0011351677,0.024662893
1590,0.7463421,0.34847447,0.49597302,0.3478719,0.2503691,0.00060257316
1591,0.7948154,0.26729813,0.4878312,0.32178086,0.30698422,-0.05448273
1592,0.6705522,0.48099917,0.6216655,0.4593649,0.048886716,0.02163428
1593,0.15217313,0.11399513,0.11994155,0.09088138,0.032231584,0.02311375
1594,-0.03316621,0.11205457,0.007148431,0.0015362605,-0.04031464,0.110518314
1595,0.043671124,0.067079574,0.021133604,0.015866145,0.02253752,0.05121343
1596,0.042100564,0.0015907232,0.018419681,0.008662646,0.023680883,-0.0070719225
1597,1.1942929,0.78842396,0.96710074,0.7477666,0.22719216,0.04065734
1598,1.1853712,0.6428418,1.1146023,0.65872186,0.07076883,-0.015880048
1599,0.06592161,0.13652702,0.08489694,0.05138017,-0.018975325,0.085146844
1600,-0.01551407,-0.013882473,0.003991481,0.0050846646,-0.019505551,-0.018967137
1601,0.58923584,0.34921837,0.48059565,0.34065285,0.108640194,0.008565515
1602,0.041675966,0.025726952,0.016565371,0.020422047,0.025110595,0.0053049047
1603,0.05635986,0.045325447,0.054799378,0.037927944,0.0015604831,0.0073975027
1604,0.6343303,0.47571674,0.5661336,0.42605954,0.068196654,0.049657196
1605,-0.009314014,0.11750553,0.021298548,0.01621919,-0.030612562,0.10128634
1606,0.4034998,0.315988,0.35316262,0.26447454,0.050337195,0.051513463
1607,0.60226333,0.30252934,0.3735239,0.25263116,0.22873944,0.049898177
1608,0.61265427,0.32778317,0.5193697,0.35010338,0.09328455,-0.022320211
1609,0.65508294,0.32147533,0.44703835,0.3150468,0.20804459,0.0064285398
1610,0.020298272,0.021531103,0.016484339,0.012019571,0.0038139336,0.009511532
1611,0.9457989,0.4774005,0.6668862,0.43015423,0.27891266,0.047246277
1612,0.04294478,-0.03887512,0.024025416,0.0072476366,0.018919365,-0.04612276
1613,0.7867742,0.54472107,0.6078981,0.4734931,0.1788761,0.07122797
1614,1.0112796,0.66613215,0.9349574,0.6835135,0.0763222,-0.01738137
1615,0.05389371,0.12027848,0.063540444,0.038821585,-0.009646732,0.08145689
1616,0.66792554,0.4312279,0.5114057,0.39520103,0.15651983,0.036026865
1617,0.089577876,0.08640023,0.08011732,0.061156303,0.0094605535,0.02524393
1618,1.0089916,0.5628279,0.82553977,0.5544197,0.18345183,0.008408189
1619,0.5805428,0.27996063,0.40446955,0.28861886,0.17607325,-0.00865823
1620,0.08270053,0.09186913,0.07250947,0.05798425,0.010191061,0.03388488
1621,0.84484226,0.48793107,0.6495505,0.4557187,0.19529176,0.032212377
1622,0.603361,0.24276818,0.39099237,0.26412594,0.21236864,-0.02135776
1623,0.7914661,0.5386891,0.71040004,0.48628807,0.08106607,0.052401006
1624,1.0646936,0.66059506,0.8609246,0.58725697,0.20376897,0.07333809
1625,0.0287048,0.009205972,0.034607865,0.027608547,-0.005903065,-0.018402576
1626,0.9975226,0.46057948,0.64120775,0.44353357,0.35631484,0.017045915
1627,0.03397685,-0.021602012,0.039172314,0.021385321,-0.005195465,-0.04298733
1628,0.9503509,0.5819569,0.7936636,0.5651814,0.15668726,0.016775548
1629,0.12535587,0.079786174,0.113438666,0.071379915,0.011917204,0.008406259
1630,1.2199202,0.39942548,0.6628785,0.43539685,0.55704165,-0.035971373
1631,0.07046584,0.13668235,0.08068233,0.05235843,-0.010216489,0.08432391
1632,-0.030144887,0.11697924,0.008806052,0.0042166174,-0.03895094,0.11276262
1633,0.045786854,0.019646486,0.05014504,0.03923724,-0.0043581873,-0.019590752
1634,0.067746334,0.04660965,0.04589379,0.03451831,0.021852545,0.012091342
1635,0.5771036,0.386432,0.47335228,0.34874555,0.10375133,0.037686437
1636,0.607559,0.36636242,0.5086736,0.31338975,0.09888542,0.052972674
1637,0.04479025,0.040718246,0.06205561,0.05003611,-0.01726536,-0.009317864
1638,0.7635432,0.436671,0.5499583,0.37511468,0.2135849,0.06155631
1639,0.0690883,0.032030426,0.039147727,0.03188786,0.029940575,0.00014256686
1640,0.0711399,0.08365873,0.06750026,0.052033722,0.0036396384,0.03162501
1641,-0.006523781,-0.032363612,0.019587394,0.015179088,-0.026111174,-0.0475427
1642,0.14186005,0.03343494,0.06695847,0.04722734,0.07490158,-0.013792403
1643,0.8260346,0.5412317,0.7297992,0.5480334,0.096235394,-0.0068017244
1644,0.052381724,0.035663404,0.025927236,0.016385742,0.026454488,0.019277662
1645,0.021748211,-0.010178855,0.01932176,0.013567425,0.002426451,-0.02374628
1646,0.9434296,0.4942533,0.78804845,0.5010542,0.15538114,-0.00680092
1647,0.035343427,0.07699993,0.029583702,0.020630598,0.0057597253,0.056369334
1648,0.24358207,0.13691875,0.20684329,0.13122304,0.036738783,0.0056957155
1649,0.074565046,0.006652625,0.048137788,0.030279526,0.026427258,-0.023626901
1650,0.043862455,0.09640437,0.058326434,0.04663381,-0.01446398,0.049770564
1651,0.96028614,0.78218365,0.9095334,0.66592705,0.05075276,0.116256595
1652,1.363365,0.9018281,0.9851321,0.8077801,0.37823296,0.09404802
1653,0.5377652,0.35186186,0.44933277,0.31079304,0.08843243,0.041068822
1654,0.033830326,-0.030422816,0.04400025,0.027735,-0.010169923,-0.058157817
1655,0.024996188,0.046383984,0.007975946,0.009969143,0.01702024,0.03641484
1656,0.0022112075,-0.07592203,0.02380665,0.0124876695,-0.021595443,-0.0884097
1657,-0.0054928893,0.120451175,0.006859572,0.009872302,-0.012352461,0.11057887
1658,0.8553062,0.5564438,0.7128509,0.5510968,0.14245528,0.0053470135
1659,0.017591795,0.024960186,0.016128013,0.010987568,0.001463782,0.013972619
1660,0.55773157,0.39338174,0.49565944,0.37149286,0.062072128,0.021888882
1661,0.019486003,-0.0037868514,0.019366346,0.014926086,0.000119656324,-0.018712938
1662,0.55844796,0.3831042,0.5047424,0.3547062,0.053705573,0.028398007
1663,0.7834081,0.49716148,0.6677521,0.47209638,0.11565602,0.025065094
1664,0.018213613,0.032623038,0.0154178785,0.0115295425,0.0027957344,0.021093495
1665,0.51006746,0.2812422,0.39602476,0.2977112,0.1140427,-0.016469002
1666,0.06764409,0.067488916,0.04604205,0.03970741,0.021602038,0.027781505
1667,0.022804419,-0.027350122,0.02367333,0.014795622,-0.0008689109,-0.042145744
1668,0.90415424,0.5956929,0.7087485,0.48985466,0.19540572,0.10583821
1669,0.018278407,0.012089837,0.015680794,0.009568687,0.0025976133,0.0025211507
1670,0.044813816,-0.040073775,0.021627422,0.013148094,0.023186393,-0.053221866
1671,0.04787048,0.03730212,0.032058958,0.016878586,0.015811522,0.020423535
1672,0.05270274,0.011016884,0.03871432,0.02910025,0.01398842,-0.018083367
1673,0.052699167,0.029358095,0.03010887,0.026285505,0.022590298,0.0030725896
1674,0.5302248,0.26729634,0.35917997,0.27709478,0.17104483,-0.009798437
1675,0.7624501,0.39936307,0.62252825,0.4125337,0.13992184,-0.01317063
1676,0.83209366,0.4696032,0.7266433,0.4381934,0.10545033,0.0314098
1677,-0.038243808,0.11615065,0.0106488215,-0.00058260246,-0.04889263,0.11673325
1678,0.9367968,0.6639147,0.89956874,0.67932284,0.037228048,-0.015408158
1679,-0.0087028975,-0.032942727,0.014789142,0.011236776,-0.023492038,-0.044179503
1680,0.062468234,0.027196769,0.04949909,0.045755453,0.012969144,-0.018558685
1681,0.504773,0.3085268,0.31431526,0.22515383,0.19045776,0.08337298
1682,0.021844154,0.018247051,0.0038571407,0.0053949547,0.017987013,0.012852097
1683,0.34168395,0.2591274,0.31161234,0.24207298,0.030071616,0.017054424
1684,0.16177842,0.1155181,0.14053354,0.10763331,0.021244884,0.007884793
1685,0.10997311,0.0025503621,0.09465512,0.055653393,0.015317991,-0.05310303
1686,0.087280236,0.1263602,0.088209674,0.06212623,-0.0009294376,0.06423396
1687,0.19956714,0.15289508,0.15948373,0.10911496,0.04008341,0.04378012
1688,0.004364338,0.014107957,0.0212981,0.01055364,-0.016933762,0.0035543162
1689,0.09992268,0.06856356,0.070205495,0.05345059,0.029717185,0.015112966
1690,0.4711507,0.27039272,0.35687137,0.2610139,0.11427933,0.009378821
1691,0.15727682,0.088575855,0.13749015,0.100765646,0.01978667,-0.012189791
1692,0.50296533,0.3591945,0.41039714,0.3270155,0.09256819,0.032178998
1693,0.11916131,0.10124242,0.12046418,0.0817633,-0.0013028756,0.019479126
1694,-0.03425673,0.11193216,0.0067948946,0.0017251258,-0.041051626,0.110207036
1695,0.65188766,0.43664476,0.5991909,0.43365064,0.052696764,0.0029941201
1696,0.5142666,0.17570835,0.23591769,0.16862735,0.27834892,0.007081002
1697,0.023302026,0.04353025,0.02241223,0.022662584,0.00088979676,0.020867668
1698,0.021361178,0.0327665,0.016461754,0.013803594,0.0048994236,0.018962905
1699,0.054771014,0.059874464,0.03757049,0.027442524,0.017200522,0.032431938
1700,0.92174566,0.5198035,0.83856106,0.50386965,0.0831846,0.015933871
1701,0.08119425,0.061648373,0.07360165,0.054017413,0.0075926036,0.007630959
1702,0.22793047,0.1487349,0.19433555,0.134841,0.03359492,0.013893902
1703,0.70234066,0.2585243,0.38832307,0.3094561,0.3140176,-0.05093181
1704,-0.013122244,0.013711957,0.013720987,0.013357173,-0.026843231,0.00035478454
1705,0.048229,0.05841833,0.04543657,0.035512883,0.002792433,0.022905447
1706,0.009714662,0.017028006,0.00578532,0.0064252764,0.003929342,0.010602729
1707,0.037056338,0.053084277,0.02886892,0.023517236,0.008187419,0.02956704
1708,0.7812006,0.43780416,0.6214975,0.45608392,0.15970308,-0.018279761
1709,0.069722936,0.04218035,0.04869477,0.030693356,0.021028165,0.011486992
1710,0.0068269325,-0.003109434,0.023720914,0.017301058,-0.016893983,-0.020410493
1711,-0.0030519604,-0.01541942,-0.00030821393,-0.0012575015,-0.0027437464,-0.014161918
1712,0.6401952,0.34200054,0.42797703,0.3165181,0.21221817,0.025482446
1713,0.058547862,0.028590843,0.052664004,0.030617911,0.0058838576,-0.0020270683
1714,0.11582483,0.097862005,0.10245688,0.0669681,0.013367951,0.030893907
1715,0.06469848,0.07136923,0.059106387,0.044291884,0.005592093,0.027077347
1716,0.6860681,0.3891687,0.5059799,0.35423416,0.18008822,0.03493455
1717,0.011749349,-0.010079119,0.010446699,0.008446673,0.0013026493,-0.018525792
1718,0.02517592,0.043899514,0.020726426,0.020809487,0.004449494,0.023090027
1719,0.06334582,0.04649342,0.04229824,0.032743756,0.021047581,0.013749663
1720,0.055493053,0.14659613,0.05105285,0.032791056,0.0044402033,0.11380508
1721,0.02911542,0.012232227,0.039783426,0.027210003,-0.010668006,-0.0149777755
1722,0.04168569,0.025606757,0.027276639,0.021623697,0.01440905,0.00398306
1723,0.046275318,0.00915248,0.043353893,0.03204701,0.0029214248,-0.022894531
1724,0.56153405,0.32514668,0.41927004,0.30092388,0.14226401,0.024222791
1725,0.6427142,0.391153,0.5583601,0.38987225,0.0843541,0.0012807548
1726,0.12072869,0.07969053,0.09049976,0.07278351,0.030228928,0.0069070235
1727,0.05713179,0.13771619,0.06760764,0.04568828,-0.010475852,0.09202791
1728,0.8647692,0.722635,0.7685211,0.59356636,0.09624815,0.12906861
1729,0.13395642,0.15033926,0.11205294,0.08107408,0.021903478,0.06926518
1730,0.9327314,0.34342888,0.39586204,0.25217667,0.53686935,0.09125221
1731,0.031471644,-0.030416664,0.018507706,0.015075566,0.012963938,-0.04549223
1732,0.06315896,0.04751655,0.05424068,0.04040215,0.008918278,0.007114399
1733,0.7204648,0.4211283,0.5970598,0.41999897,0.12340504,0.0011293292
1734,0.186734,0.1085979,0.16166233,0.10626306,0.02507168,0.0023348406
1735,-0.0034996236,0.00058255217,0.030455723,0.018483717,-0.033955347,-0.017901165
1736,0.07087558,0.05110579,0.046065535,0.03355916,0.024810042,0.017546631
1737,0.06596482,0.09212662,0.044390596,0.030743133,0.021574222,0.06138349
1738,0.028906673,0.019174377,0.026813006,0.01343167,0.0020936672,0.0057427064
1739,0.96336156,0.5996542,0.9103035,0.6176299,0.053058088,-0.017975688
1740,0.062836304,0.03780206,0.070170246,0.056673266,-0.0073339418,-0.018871207
1741,0.0010902706,-0.02106931,0.013001402,0.013880776,-0.011911131,-0.034950085
1742,0.019058004,0.03438966,0.014752775,0.0027911004,0.0043052286,0.03159856
1743,0.07384811,0.064222075,0.070206426,0.052429628,0.0036416873,0.011792447
1744,0.07131254,0.058942214,0.059671305,0.04414954,0.011641234,0.014792673
1745,0.045550212,0.11504483,0.07434088,0.04155503,-0.028790668,0.0734898
1746,0.011683811,-0.023473084,0.027138194,0.017874686,-0.015454383,-0.041347772
1747,0.6849399,0.33162752,0.32195672,0.2257123,0.3629832,0.10591522
1748,0.8678721,0.52051014,0.7544519,0.51709217,0.11342025,0.0034179688
1749,0.0663347,0.056271326,0.043153547,0.0323723,0.023181155,0.023899026
1750,0.4284657,0.22320688,0.26358375,0.19952124,0.16488194,0.023685634
1751,0.6543012,0.29197848,0.37325662,0.25021708,0.2810446,0.0417614
1752,0.044368863,0.022061331,0.011852892,0.008589929,0.032515973,0.013471402
1753,0.59269685,0.3857114,0.48397106,0.35813373,0.108725786,0.027577668
1754,0.82134366,0.35834652,0.2683869,0.22263162,0.55295676,0.1357149
1755,0.07960443,0.13133511,0.09547036,0.0559013,-0.01586593,0.075433806
1756,0.008890004,0.1077653,0.028962785,0.021105556,-0.02007278,0.086659744
1757,0.042991575,-0.019942345,0.0400272,0.023422781,0.0029643737,-0.04336513
1758,0.055082615,0.04485606,0.046801336,0.04007839,0.008281279,0.00477767
1759,0.55904484,0.32853585,0.40193957,0.2838262,0.15710527,0.044709653
1760,0.74025136,0.49249503,0.6747764,0.4712378,0.06547499,0.021257222
1761,0.01231644,0.03840081,0.013085161,0.010820558,-0.0007687211,0.027580252
1762,0.5203827,0.24519593,0.32142386,0.23575082,0.19895884,0.009445101
1763,0.21549493,0.18069966,0.17936847,0.12832995,0.036126465,0.052369714
1764,-0.017056845,0.13239951,0.022530595,0.012516958,-0.039587438,0.119882554
1765,0.84932786,0.44609836,0.6673647,0.3996927,0.18196315,0.046405643
1766,0.019408766,0.059465494,0.0259482,0.021199008,-0.006539434,0.038266487
1767,0.23374642,0.20040181,0.2035886,0.14462684,0.03015782,0.05577497
1768,0.023671763,0.027092608,0.019764487,0.020675015,0.0039072763,0.006417593
1769,0.788009,0.42481047,0.5646078,0.42768162,0.22340119,-0.0028711557
1770,0.30930212,0.17274636,0.21345639,0.17334808,0.09584573,-0.0006017238
1771,0.020724284,0.122254014,0.016998988,0.0132488515,0.003725296,0.10900516
1772,0.6326673,0.40203774,0.5144381,0.3721391,0.11822921,0.029898643
1773,0.03292996,-0.018342158,0.044791736,0.027828153,-0.011861775,-0.04617031
1774,0.055877265,0.019676322,0.04119254,0.029273843,0.014684726,-0.009597521
1775,0.14118081,0.13938752,0.13406149,0.10251834,0.007119328,0.036869176
1776,0.698798,0.30795044,0.3800388,0.29464707,0.3187592,0.013303369
1777,0.68621343,0.46894884,0.5971012,0.46404067,0.08911222,0.0049081743
1778,-0.03294141,0.150788,0.01783639,0.0055639693,-0.0507778,0.14522402
1779,0.1392387,0.08413107,0.10878803,0.07998906,0.030450672,0.0041420087
1780,0.5970833,0.4127449,0.497262,0.35130873,0.09982127,0.061436176
1781,1.1142067,0.523827,0.7173396,0.5261899,0.3968671,-0.002362907
1782,0.018341111,0.022234432,0.020939086,0.0143909585,-0.0025979746,0.007843474
1783,-0.00015302724,-0.060177628,0.01745946,0.0074538975,-0.017612487,-0.06763153
1784,0.03402836,0.07957915,0.022927532,0.020849224,0.011100827,0.058729928
1785,0.7158019,0.5174677,0.6471242,0.49726662,0.06867772,0.020201057
1786,0.19831929,0.14082985,0.1964539,0.15329075,0.001865387,-0.012460902
1787,0.0079363715,0.11665169,0.035225764,0.025139794,-0.027289392,0.0915119
1788,0.61855626,0.23899192,0.32208824,0.24180214,0.29646802,-0.002810225
1789,0.5303564,0.34909382,0.37200254,0.2943207,0.15835387,0.054773122
1790,-0.0023557954,-0.032584414,0.010158556,0.007668297,-0.012514351,-0.04025271
1791,0.14179093,0.114033185,0.13007079,0.09978684,0.011720136,0.014246345
1792,0.6981479,0.38935927,0.55612016,0.38755697,0.14202774,0.0018022954
1793,0.045087114,0.024156354,0.034764573,0.024425572,0.010322541,-0.00026921742
1794,0.037940092,-0.07209818,0.011796037,0.005186095,0.026144056,-0.07728428
1795,0.20505655,0.13747287,0.17362754,0.10979384,0.031429008,0.027679026
1796,0.10787395,0.11927162,0.08531366,0.055773687,0.022560284,0.06349793
1797,0.04235322,0.018656576,0.024952535,0.017119836,0.017400686,0.00153674
1798,0.9939039,0.59510404,0.73700583,0.5946296,0.25689805,0.00047445297
1799,0.7814809,0.5668033,0.70305246,0.5147235,0.07842845,0.052079797
1800,0.52174675,0.3126547,0.40299478,0.28696075,0.11875197,0.025693953
1801,0.61514914,0.31401798,0.40863228,0.2860552,0.20651686,0.027962774
1802,0.6709916,0.47368068,0.5652977,0.4010889,0.10569388,0.07259178
1803,1.3755095,0.78083444,1.1341947,0.808198,0.24131477,-0.027363539
1804,0.13517842,0.13308956,0.1294908,0.091218136,0.005687624,0.04187142
1805,0.7698342,0.41001162,0.5025045,0.36587188,0.2673297,0.044139743
1806,0.54145616,0.4293919,0.48849973,0.3642959,0.052956432,0.06509599
1807,0.039554853,-0.041281626,0.03771059,0.019753996,0.0018442646,-0.061035622
1808,0.045756176,0.019133803,0.015322933,0.013007322,0.030433243,0.00612648
1809,0.77730626,0.50376046,0.68753797,0.46042427,0.08976829,0.043336183
1810,0.74207455,0.39566708,0.61479914,0.41306496,0.1272754,-0.01739788
1811,0.75631756,0.5080563,0.6877524,0.47230792,0.06856513,0.035748363
1812,0.011058653,-0.02825813,0.016930556,0.009359443,-0.005871903,-0.03761757
1813,0.535969,0.3309549,0.406917,0.3052778,0.12905201,0.025677115
1814,0.026000587,0.0724223,0.016379908,0.01691187,0.00962068,0.05551043
1815,0.8465582,0.5969437,0.7719973,0.55284584,0.07456094,0.04409784
1816,0.022852246,0.05936749,0.02132476,0.017600112,0.0015274864,0.041767377
1817,0.06841654,0.032661572,0.06395783,0.031799138,0.0044587106,0.0008624345
1818,0.022166949,0.0482072,0.03651452,0.028299805,-0.014347572,0.019907396
1819,1.1017683,0.7326317,0.9368283,0.69560254,0.16493994,0.037029147
1820,0.90628195,0.5041347,0.83719003,0.5258314,0.069091916,-0.021696687
1821,0.5030563,0.36292598,0.41761512,0.2749202,0.08544117,0.08800578
1822,0.024985984,0.020204939,0.009540802,0.009826148,0.015445182,0.010378791
1823,0.08198452,0.08215424,0.0686792,0.035158195,0.013305321,0.046996042
1824,0.9217435,0.57927734,0.70948213,0.5391988,0.21226138,0.04007852
1825,0.0664086,0.035564434,0.078242764,0.059662003,-0.011834167,-0.02409757
1826,0.7768457,0.5200295,0.6236835,0.4494699,0.15316218,0.07055959
1827,0.6430829,0.3880449,0.5443458,0.41636187,0.09873712,-0.028316975
1828,0.040864084,0.061543826,0.03401608,0.026475584,0.0068480037,0.035068244
1829,0.0480869,-0.043988764,0.03527462,0.02080141,0.012812279,-0.064790174
1830,0.0212266,0.04304304,0.0301169,0.02756593,-0.008890301,0.01547711
1831,-0.032435205,0.120911896,0.012559357,0.0010728335,-0.044994563,0.119839065
1832,0.14387187,0.14404468,0.10201858,0.07782364,0.041853294,0.06622104
1833,0.021425758,-0.008565547,0.016735451,0.009829218,0.0046903063,-0.018394765
1834,0.015654067,0.04596791,0.017509207,0.014469507,-0.0018551406,0.031498402
1835,0.034983836,0.012956394,0.028990522,0.016238142,0.005993314,-0.003281748
1836,0.05606319,0.061301507,0.056017697,0.0482725,4.5493245e-05,0.013029005
1837,0.72352225,0.47869647,0.5606885,0.4394959,0.16283375,0.039200574
1838,0.0037738786,0.0032203281,0.021552056,0.016301613,-0.017778177,-0.013081285
1839,0.14955392,0.06822799,0.12774923,0.07490015,0.02180469,-0.006672159
1840,-0.007627172,0.18701753,0.020726293,0.01596917,-0.028353466,0.17104836
1841,0.116098605,0.07886943,0.09658374,0.07151076,0.019514866,0.0073586702
1842,0.04251522,0.059905905,0.034023263,0.027338136,0.008491956,0.03256777
1843,0.121551886,0.086453855,0.10860314,0.082518935,0.012948744,0.00393492
1844,-0.0027462998,0.02692906,0.003703098,0.003488224,-0.0064493977,0.023440836
1845,0.42342615,0.27478164,0.31486467,0.21715589,0.108561486,0.057625756
1846,0.06562477,0.14699617,0.056300275,0.040360134,0.0093244985,0.10663603
1847,0.7482427,0.52992046,0.6951723,0.50580835,0.053070366,0.024112105
1848,-0.01541839,0.122238085,0.021662455,0.013057828,-0.037080847,0.10918026
1849,0.04290273,0.026915077,0.022942498,0.022941303,0.019960232,0.0039737746
1850,1.0570431,0.57783103,0.8349967,0.55789155,0.22204638,0.019939482
1851,0.68146807,0.42117608,0.5444276,0.39033875,0.1370405,0.030837327
1852,0.65619797,0.11251179,0.31311738,0.23145843,0.34308058,-0.118946634
1853,0.76172113,0.35997507,0.64001286,0.34829774,0.121708274,0.011677325
1854,0.80850166,0.5281664,0.74456984,0.52531797,0.06393182,0.0028484464
1855,1.0277077,0.5822265,0.9225794,0.6274313,0.10512829,-0.04520476
1856,0.007040104,0.1290899,0.017437255,0.015548201,-0.010397151,0.11354171
1857,0.05498054,0.024419008,0.05358266,0.03549115,0.0013978779,-0.011072142
1858,0.031421985,0.029703984,0.015014221,0.016803756,0.016407765,0.012900228
1859,0.49397564,0.2895016,0.41598853,0.29107022,0.077987105,-0.0015686154
1860,0.54252213,0.38855615,0.49239483,0.36519697,0.050127298,0.02335918
1861,0.019138956,0.11804694,0.019715542,0.011639701,-0.00057658553,0.10640724
1862,0.012212796,0.14729033,0.023746053,0.014755525,-0.011533257,0.1325348
1863,0.07161663,0.09853988,0.047006436,0.034518242,0.024610192,0.06402164
1864,0.02705419,0.071593344,0.027964592,0.010464029,-0.00091040134,0.061129317
1865,0.550211,0.027721684,0.2870049,0.14082018,0.26320612,-0.11309849
1866,0.80907136,0.37483558,0.72363585,0.40800872,0.08543551,-0.033173144
1867,0.21900724,0.23195893,0.19982496,0.15479092,0.01918228,0.077168
1868,0.9980818,0.59536856,0.95607185,0.6148094,0.04200995,-0.01944083
1869,0.97214514,0.5829631,0.8611868,0.5695195,0.11095834,0.013443589
1870,0.65575314,0.38483083,0.54627407,0.38466042,0.10947907,0.00017040968
1871,0.04350751,0.10117093,0.049585473,0.027348751,-0.006077964,0.07382218
1872,0.733151,0.43818668,0.56410015,0.40439057,0.16905087,0.0337961
1873,0.024981251,0.03096601,0.016227093,0.013227513,0.008754158,0.017738497
1874,0.91185266,0.47362265,0.659131,0.4729956,0.25272167,0.00062704086
1875,0.026011309,0.012246724,0.023372907,0.020152504,0.0026384015,-0.007905779
1876,0.051715057,0.035283223,0.030897668,0.020584112,0.02081739,0.014699111
1877,0.07263885,0.1909751,0.069485545,0.055816226,0.0031533018,0.13515887
1878,0.021307198,0.06005898,0.03537011,0.018646577,-0.014062913,0.041412406
1879,0.017357571,-0.0007572316,0.008161327,0.009385264,0.009196244,-0.010142495
1880,0.096123174,0.049106933,0.080743134,0.045339454,0.01538004,0.0037674792
1881,0.59560955,0.32239285,0.48598665,0.30665705,0.109622896,0.015735805
1882,0.81836176,0.48630643,0.61911553,0.4852341,0.19924623,0.0010723174
1883,0.8598488,0.50471115,0.7452025,0.52931595,0.114646316,-0.024604797
1884,0.7659007,0.29286265,0.52908385,0.31392825,0.23681682,-0.021065593
1885,0.19280502,0.12824412,0.1787343,0.11270292,0.0140707195,0.015541196
1886,0.9174887,0.5871316,0.7490502,0.54164207,0.1684385,0.04548955
1887,0.03985271,0.02542293,0.016544277,0.012434587,0.023308432,0.012988344
1888,0.186632,0.0625952,0.1875734,0.11398878,-0.00094139576,-0.051393576
1889,0.020003492,-0.0014464739,0.03573183,0.018513028,-0.015728338,-0.019959502
1890,0.76171607,0.49205473,0.63953054,0.44875813,0.12218553,0.043296605
1891,0.3417016,0.23543061,0.30336666,0.22603655,0.038334936,0.009394065
1892,-6.5868124e-05,0.038733356,0.0033771999,0.004653251,-0.003443068,0.034080103
1893,0.9732193,0.707433,0.6609419,0.34945995,0.31227738,0.35797304
1894,0.79235685,0.33048692,0.54383636,0.37809932,0.2485205,-0.0476124
1895,0.13397391,0.10417964,0.12315629,0.09496842,0.010817625,0.00921122
1896,0.7480912,0.47315493,0.6350756,0.4504107,0.11301559,0.022744238
1897,0.045385033,0.088596486,0.05864657,0.03516047,-0.013261538,0.053436015
1898,0.96200836,0.3087815,0.3724484,0.2634357,0.5895599,0.045345813
1899,0.58167183,0.34245688,0.46215144,0.32617852,0.119520396,0.016278356
1900,0.008279055,0.02217841,0.0062102834,0.005975482,0.002068772,0.016202927
1901,0.100585476,0.091904335,0.077299014,0.061074942,0.023286462,0.030829392
1902,0.66922516,0.35575694,0.49625462,0.32879227,0.17297053,0.026964664
1903,0.12739223,0.087459095,0.12203728,0.09579967,0.005354956,-0.008340575
1904,0.71786267,0.46165612,0.5967881,0.44417176,0.12107456,0.017484367
1905,0.019305343,0.04354659,0.024448331,0.021676952,-0.0051429886,0.021869639
1906,-0.023299804,0.0033920056,0.00825217,0.0064463913,-0.031551972,-0.0030543858
1907,0.0013600017,0.101121895,0.030595172,0.015538444,-0.029235171,0.08558345
1908,0.049580526,0.06069219,0.04581318,0.03364848,0.003767345,0.027043711
1909,-0.0061548552,0.10102551,0.018511835,0.007872115,-0.024666691,0.093153395
1910,0.689885,0.15259402,0.31960312,0.2506452,0.3702819,-0.098051175
1911,0.12663484,0.07532595,0.117942646,0.077444464,0.00869219,-0.002118513
1912,0.5804509,0.21205062,0.33498952,0.24651375,0.24546137,-0.034463137
1913,0.8788573,0.5147592,0.668718,0.5178738,0.21013933,-0.0031146407
1914,0.0087711355,0.020157134,0.0046363347,0.0055666505,0.0041348008,0.014590483
1915,0.08947543,0.0587036,0.06621801,0.04638667,0.02325742,0.012316931
1916,0.07290632,0.07496679,0.061130773,0.05079794,0.0117755495,0.024168849
1917,-0.036015086,0.116047636,0.006776939,0.0021896854,-0.042792026,0.11385795
1918,0.02927287,0.15691335,0.023376236,0.01815921,0.0058966335,0.13875414
1919,1.0123239,0.8050995,0.9554375,0.7544796,0.056886375,0.0506199
1920,0.062214505,0.025259156,0.06525709,0.042225115,-0.0030425824,-0.01696596
1921,0.03945865,0.04098227,0.03367449,0.01861473,0.0057841614,0.022367539
1922,-0.013691903,0.14557268,0.019706717,0.014894804,-0.03339862,0.13067788
1923,0.17675808,0.10392131,0.13916957,0.10041727,0.037588507,0.0035040379
1924,0.037356675,0.024665471,0.02423843,0.021779234,0.013118245,0.0028862376
1925,0.03515691,0.07280795,0.024538308,0.017551446,0.010618601,0.05525651
1926,0.06613444,0.05179323,0.067864954,0.042442244,-0.0017305166,0.009350985
1927,0.6560405,0.3831497,0.52694064,0.39558572,0.12909985,-0.0124360025
1928,0.52271277,0.18914051,0.2849218,0.2007967,0.23779097,-0.01165618
1929,0.65110266,0.28137082,0.36358178,0.30925906,0.2875209,-0.027888238
1930,0.75122094,0.45924357,0.61728495,0.4285964,0.13393599,0.030647159
1931,0.5948021,0.4027651,0.45046455,0.34593785,0.14433753,0.056827247
1932,0.9385562,0.53302574,0.79375595,0.53199416,0.14480025,0.0010315776
1933,0.834513,0.46480402,0.6007205,0.4075504,0.23379248,0.05725363
1934,0.11579415,0.17894053,0.1305266,0.09011851,-0.01473245,0.08882202
1935,0.024569059,-0.0053567486,0.04053253,0.025880631,-0.01596347,-0.031237379
1936,0.013158887,0.06848347,0.025627797,0.011819921,-0.012468911,0.05666355
1937,0.017678965,-0.015680319,0.026023498,0.01252605,-0.008344533,-0.028206369
1938,0.002921259,-0.0077605066,0.014845088,0.013586353,-0.011923829,-0.02134686
1939,-0.025297333,0.11164146,0.012909425,0.011168765,-0.038206756,0.100472696
1940,0.027682284,-0.022199702,0.033071436,0.014269519,-0.005389152,-0.03646922
1941,0.057660047,0.045395553,0.04691284,0.0361467,0.0107472055,0.009248853
1942,0.6442483,0.4278066,0.5667659,0.4218188,0.0774824,0.005987793
1943,0.83442676,0.48887977,0.7700159,0.5165451,0.064410865,-0.027665347
1944,0.14610155,0.11139845,0.113243654,0.06854515,0.032857895,0.042853303
1945,0.060539365,0.052095275,0.056309216,0.034026578,0.004230149,0.018068697
1946,0.6650338,0.2713482,0.37092617,0.24935988,0.29410765,0.021988332
1947,0.07929583,0.0447274,0.053965777,0.038313113,0.025330052,0.006414287
1948,0.0312949,0.033862803,0.031247174,0.022393417,4.7726557e-05,0.0114693865
1949,0.037180632,0.16140118,0.04681348,0.038218945,-0.009632848,0.12318224
1950,0.053482305,0.05640636,0.0426398,0.034129508,0.010842506,0.022276852
1951,0.061433233,0.06130887,0.057558358,0.036605597,0.0038748756,0.024703272
1952,0.82910633,0.42785996,0.5960933,0.42808443,0.23301303,-0.00022447109
1953,0.5558889,0.33906814,0.45575595,0.3274242,0.10013294,0.011643946
1954,-0.0074736676,-0.011983615,0.0147585245,0.011174282,-0.022232192,-0.023157898
1955,0.06850759,0.02055976,0.059242785,0.040565483,0.009264804,-0.020005723
1956,0.045471434,0.021329513,0.03170807,0.01608352,0.013763364,0.005245993
1957,0.0056056287,-0.022000328,0.002641532,0.0037608116,0.0029640966,-0.025761139
1958,0.034584366,0.14304614,0.02982829,0.021166379,0.0047560763,0.121879764
1959,0.0732631,0.047317125,0.047799576,0.036158055,0.025463525,0.01115907
1960,0.6583355,0.36756873,0.44583052,0.31837833,0.21250498,0.049190402
1961,0.13071643,0.10320201,0.12852457,0.09739838,0.0021918565,0.0058036298
1962,0.024246864,0.03296503,0.026394948,0.022400562,-0.0021480843,0.010564469
1963,0.029641159,0.02056081,0.028721854,0.016902797,0.0009193048,0.0036580134
1964,0.9749448,0.60540634,0.8516946,0.60035,0.12325019,0.0050563216
1965,0.6116817,0.3045564,0.4117908,0.28535557,0.19989091,0.019200832
1966,0.9836213,0.62446123,0.8372488,0.60201204,0.1463725,0.022449195
1967,0.39109418,0.20597929,0.28351063,0.18888095,0.10758355,0.017098337
1968,-0.007380323,0.10827652,0.01394126,0.005940461,-0.021321584,0.102336064
1969,0.15810028,0.10918787,0.12123648,0.094077535,0.036863796,0.015110336
1970,-0.002514294,0.00684559,0.017742842,0.009406541,-0.020257136,-0.0025609504
1971,0.628011,0.3761615,0.5617909,0.39771646,0.066220105,-0.021554977
1972,0.5800472,0.40040377,0.4798153,0.35106483,0.100231886,0.049338937
1973,0.09323673,0.063204154,0.08021021,0.061301906,0.013026521,0.0019022487
1974,0.086308196,0.043921825,0.06471497,0.050937794,0.021593228,-0.0070159696
1975,0.3187528,0.25979075,0.30820125,0.2301642,0.010551542,0.029626548
1976,0.7225242,0.31709528,0.467135,0.32131118,0.2553892,-0.004215896
1977,0.17378959,0.073766164,0.15874863,0.09685254,0.015040964,-0.023086376
1978,0.5213802,0.3412059,0.43183962,0.31330603,0.08954057,0.027899861
1979,0.0074907746,0.015934734,0.008129931,0.0072791735,-0.00063915644,0.00865556
1980,0.5688064,0.27745196,0.44852513,0.27058768,0.12028128,0.0068642795
1981,0.653539,0.37392917,0.5510818,0.37387568,0.102457225,5.349517e-05
1982,0.7073522,0.20646602,0.35287765,0.22041655,0.35447457,-0.013950527
1983,0.50023025,0.36337984,0.47549564,0.34620366,0.024734616,0.017176181
1984,0.0024971268,-0.05429146,0.007370451,0.0041189985,-0.004873324,-0.05841046
1985,-0.015293888,0.012690138,0.009856647,0.00965212,-0.025150534,0.003038018
1986,0.1684469,0.16572618,0.16548356,0.110535994,0.0029633343,0.05519019
1987,0.15663669,0.100304395,0.14521006,0.10249952,0.011426628,-0.0021951273
1988,0.16634846,0.0881732,0.15244052,0.1058621,0.013907939,-0.0176889
1989,0.029919583,0.025134359,0.02571691,0.021919841,0.004202673,0.0032145176
1990,0.044131443,0.035313834,0.023311207,0.016517684,0.020820236,0.01879615
1991,0.058117118,0.04839565,0.046982132,0.03019232,0.011134986,0.01820333
1992,0.06267126,-0.008853962,0.059027392,0.04554767,0.0036438666,-0.054401632
1993,0.04888559,0.08154084,0.04094892,0.029618222,0.007936671,0.051922616
1994,0.6299448,0.36318275,0.5388881,0.36043715,0.091056705,0.0027455986
1995,0.014771976,0.04956019,0.008779855,0.009355269,0.00599212,0.04020492
1996,0.066160366,-0.02271925,0.06518903,0.040286973,0.00097133964,-0.06300622
1997,0.46115905,0.3083445,0.33885133,0.25355917,0.12230772,0.05478534
1998,-0.0054000122,0.10285191,0.006882854,0.006031117,-0.012282866,0.096820794
1999,-0.016005164,-0.030428493,0.009966822,0.008590058,-0.025971986,-0.039018553
2000,0.09754544,0.0705945,0.07758677,0.06233593,0.019958667,0.008258566
2001,0.45749116,0.24624233,0.3416519,0.23380227,0.11583927,0.012440056
2002,0.15649539,0.037812278,0.13498078,0.06702316,0.02151461,-0.02921088
2003,0.016007004,-0.016098337,0.015397596,0.011747864,0.00060940813,-0.027846202
2004,0.8848485,0.61170036,0.74721956,0.5207447,0.13762891,0.090955675
2005,0.5321048,0.22199346,0.29278573,0.22195789,0.23931906,3.556907e-05
2006,-0.0023704385,-0.019483602,0.008564652,0.0071600536,-0.0109350905,-0.026643656
2007,0.86187345,0.49111772,0.6409541,0.4412245,0.22091937,0.04989323
2008,0.018134099,0.07591894,0.03757708,0.018975679,-0.019442983,0.056943264
2009,0.9230757,0.29638413,0.44334444,0.26206392,0.47973123,0.034320205
2010,0.596225,0.33387426,0.39054814,0.27233613,0.20567688,0.06153813
2011,0.42579097,0.25440535,0.29082417,0.19035333,0.13496679,0.064052016
2012,0.100989714,0.18807162,0.09672827,0.071842074,0.0042614415,0.11622955
2013,0.65544677,0.41209143,0.508998,0.36448392,0.14644879,0.04760751
2014,0.85404587,0.35564053,0.50547546,0.33339936,0.3485704,0.022241175
2015,-0.007625386,0.008165999,0.02123792,0.020978084,-0.028863305,-0.0128120845
2016,0.030051086,-0.021922193,0.03158877,0.013593887,-0.0015376844,-0.03551608
2017,0.04990877,0.057976507,0.048789166,0.039236367,0.0011196025,0.01874014
2018,0.5231181,0.2940497,0.4183324,0.30296555,0.10478568,-0.008915842
2019,0.7803498,0.46356624,0.67139226,0.46682844,0.10895753,-0.003262192
2020,0.021091314,-0.012880924,0.026238307,0.013130089,-0.0051469933,-0.026011012
2021,0.7119167,0.45879564,0.6603317,0.43982238,0.05158496,0.018973261
2022,-0.013825939,0.0645948,0.005228682,0.006696012,-0.019054621,0.057898786
2023,0.037689347,0.056555487,0.031363882,0.028054422,0.0063254647,0.028501065
2024,0.07552915,0.053292986,0.06875769,0.049057495,0.00677146,0.004235491
2025,0.6564841,0.44810152,0.5919851,0.44908333,0.06449902,-0.0009818077
2026,0.06149495,-0.0031661624,0.061791938,0.041916944,-0.0002969876,-0.045083106
2027,0.056468695,0.059007842,0.04991123,0.038217682,0.0065574646,0.02079016
2028,0.027325027,0.030135576,0.03171457,0.023921859,-0.004389543,0.006213717
2029,0.08436995,0.056381684,0.06178801,0.047385536,0.022581939,0.008996148
2030,0.023252347,0.11526504,0.023838095,0.017948827,-0.0005857479,0.09731621
2031,0.059355423,0.104245216,0.06758694,0.04666343,-0.008231521,0.057581786
2032,0.01120191,0.063947424,0.012129126,0.0110710915,-0.0009272164,0.05287633
2033,0.78212714,0.46525308,0.65233546,0.45509776,0.12979168,0.01015532
2034,0.019005323,0.02492056,0.012645165,0.012040125,0.0063601574,0.012880435
2035,0.031580545,0.015389812,0.026687711,0.016429316,0.0048928335,-0.0010395041
2036,0.7461012,0.40556872,0.505964,0.35931152,0.24013722,0.046257198
2037,-0.010681313,0.13133036,0.029442841,0.014216189,-0.040124156,0.117114164
2038,0.055489607,0.03956673,0.041032903,0.031828493,0.014456704,0.0077382363
2039,0.5230498,0.22020045,0.27302852,0.17428845,0.25002125,0.045911998
2040,0.07563596,0.058844686,0.049060695,0.03820357,0.026575267,0.020641115
2041,0.040397666,0.13598414,0.033313893,0.024958089,0.0070837736,0.11102605
2042,0.028494323,0.08449854,0.031771008,0.024179205,-0.0032766853,0.060319334
2043,0.20618661,0.117137924,0.1964097,0.11950867,0.009776905,-0.002370745
2044,0.7171735,0.4756022,0.5503889,0.43807048,0.16678464,0.037531734
2045,0.09228359,0.007917837,0.08921145,0.06332365,0.0030721426,-0.05540581
2046,0.3696444,0.18830846,0.2743864,0.19260487,0.095258,-0.004296407
2047,0.7696963,0.4881826,0.6819231,0.49415803,0.087773204,-0.0059754252
2048,0.041951843,0.010562731,0.026170349,0.017565822,0.015781494,-0.0070030913
2049,0.037969433,-0.013156106,0.045125004,0.03523214,-0.007155571,-0.048388246
2050,-0.036741026,0.12210391,0.006798825,0.0027789702,-0.043539852,0.11932494
2051,0.7670918,0.36394045,0.55104244,0.36004686,0.21604937,0.003893584
2052,0.04574819,0.012515788,0.044300072,0.036104396,0.0014481172,-0.023588609
2053,0.058381323,-0.019917075,0.037694223,0.022660062,0.0206871,-0.042577136
2054,0.061036136,0.04870885,0.033741202,0.026486749,0.027294934,0.0222221
2055,0.74938625,0.5291812,0.6844372,0.5240372,0.064949036,0.005144
2056,0.19804215,0.14173295,0.17633803,0.12037202,0.021704122,0.021360926
2057,0.5657025,0.37674242,0.45955786,0.3020123,0.10614464,0.07473013
2058,0.7742763,0.4438235,0.66117275,0.43652567,0.11310357,0.007297814
2059,0.03271421,0.05299509,0.020367164,0.016953642,0.012347046,0.036041446
2060,0.16704942,0.13802134,0.16180822,0.11370057,0.0052412003,0.024320766
2061,0.018516963,0.016908115,0.014141971,0.013695749,0.004374992,0.0032123653
2062,0.70836526,0.5174879,0.5974679,0.45362622,0.11089736,0.06386167
2063,0.09490126,0.0494938,0.079449415,0.050652497,0.0154518485,-0.0011586957
2064,-0.012874859,0.13594024,0.026970947,0.017370326,-0.039845806,0.11856991
2065,0.7561348,0.20585488,0.26913762,0.18890123,0.4869972,0.016953647
2066,0.22437367,0.16340552,0.18632637,0.14397117,0.0380473,0.019434348
2067,0.08167161,0.039096706,0.06317312,0.04322367,0.018498488,-0.004126966
2068,0.8269299,0.58178073,0.7388374,0.5369682,0.088092506,0.04481256
2069,0.05806984,0.038212933,0.0499594,0.042733647,0.008110441,-0.0045207143
2070,0.010916115,0.03238829,0.011991542,0.008836036,-0.001075427,0.023552254
2071,0.08005334,0.016526299,0.08400148,0.05149137,-0.0039481446,-0.034965068
2072,0.48415583,0.3005812,0.37082905,0.28689393,0.11332679,0.013687253
2073,0.85304266,0.29999384,0.46524072,0.32004705,0.38780195,-0.020053208
2074,0.25151744,0.18613644,0.22483127,0.13383177,0.026686177,0.05230467
2075,0.3445072,0.19437313,0.30467105,0.18756643,0.03983614,0.0068067014
2076,0.6732682,0.4012178,0.5172687,0.3688093,0.15599948,0.032408476
2077,-0.03403652,0.1115464,0.0056486493,0.0008926142,-0.03968517,0.11065378
2078,0.09387196,0.06338955,0.06476449,0.049442492,0.029107466,0.013947055
2079,0.7165653,0.4634906,0.5804353,0.4254941,0.13613003,0.0379965
2080,0.1300973,0.08500611,0.10755439,0.07860343,0.022542909,0.006402679
2081,0.2145293,0.12643352,0.18787733,0.109546766,0.026651978,0.016886756
2082,0.0007952611,-0.051299416,0.0024097923,0.00040563056,-0.0016145312,-0.051705047
2083,0.6848664,0.39057893,0.57026196,0.38597208,0.11460447,0.004606843
2084,0.16758625,0.2141355,0.15017731,0.10256489,0.017408937,0.111570604
2085,0.6853769,0.43083322,0.60714346,0.43557733,0.07823342,-0.0047441125
2086,0.8556843,0.56328714,0.73806703,0.51020086,0.11761725,0.05308628
2087,-0.01349419,-0.04937127,0.014609685,0.0073781186,-0.028103875,-0.05674939
2088,0.044585165,-0.0077589736,0.03851996,0.024445705,0.0060652047,-0.03220468
2089,0.059436455,0.016619802,0.04362179,0.03229827,0.015814666,-0.01567847
2090,0.442156,0.25207382,0.32659337,0.2217439,0.11556262,0.030329928
2091,0.041841287,0.04368247,0.058680616,0.0454552,-0.01683933,-0.0017727278
2092,0.06928726,0.045673657,0.044060964,0.029588401,0.025226299,0.016085256
2093,0.5358822,0.26005968,0.28569484,0.19524853,0.25018734,0.064811155
2094,0.060794782,0.06616192,0.063724235,0.051936675,-0.0029294528,0.014225248
2095,1.3329073,0.7735918,1.0219152,0.6893051,0.31099212,0.08428669
2096,0.6788655,0.3794864,0.5301585,0.38984516,0.14870697,-0.010358751
2097,0.047522083,-0.009475578,0.043429594,0.027265828,0.0040924884,-0.036741406
2098,0.084907055,0.02212032,0.06534821,0.037153564,0.019558847,-0.015033245
2099,0.13860446,0.09452661,0.123622395,0.094497204,0.014982067,2.9407442e-05
2100,0.46893805,0.2384449,0.36288875,0.23827085,0.1060493,0.00017404556
2101,0.88895637,0.537782,0.608811,0.4458711,0.28014535,0.0919109
2102,1.0688539,0.5703877,0.7852346,0.49748492,0.28361928,0.0729028
2103,0.28113908,0.17622037,0.23819442,0.15679803,0.042944655,0.019422337
2104,0.23019974,0.1382946,0.19914946,0.13201033,0.03105028,0.0062842816
2105,0.6658515,0.43616992,0.56332266,0.41693354,0.10252881,0.019236386
2106,0.023452299,-0.008647175,0.028992897,0.016386665,-0.005540598,-0.025033839
2107,0.093820006,0.0025577778,0.084219135,0.04797759,0.00960087,-0.045419812
2108,0.06502426,0.049816404,0.041012377,0.028352896,0.02401188,0.021463508
2109,-0.035171073,0.112723984,0.0051754466,-0.00037517058,-0.04034652,0.11309916
2110,0.43475735,0.28938192,0.32049713,0.24422953,0.11426023,0.045152396
2111,0.001493411,0.027524142,0.016940683,0.016445193,-0.015447272,0.011078948
2112,0.019790854,0.13026527,0.02366731,0.021608725,-0.0038764551,0.10865654
2113,0.07008114,0.055030033,0.061105914,0.042074136,0.008975223,0.012955897
2114,0.0076028653,-0.015700681,0.009082614,0.008360303,-0.0014797491,-0.024060983
2115,0.5553196,0.29805678,0.45093298,0.29031706,0.10438663,0.0077397227
2116,0.57677907,0.3481344,0.46861482,0.32181844,0.10816425,0.026315957
2117,0.0875547,0.009754111,0.062429704,0.033604193,0.025124997,-0.023850083
2118,0.11698019,0.09380769,0.09573786,0.06561698,0.021242328,0.02819071
2119,0.042020205,0.049699556,0.037727267,0.031478178,0.004292939,0.018221378
2120,0.085755415,0.038173128,0.06975143,0.04448815,0.016003989,-0.0063150227
2121,0.0227738,0.03387026,0.04068325,0.03235085,-0.01790945,0.0015194118
2122,1.1596648,0.6658146,0.95919,0.6828793,0.20047474,-0.01706475
2123,-0.021178316,0.13355334,0.02405375,0.01391086,-0.045232065,0.11964248
2124,0.8307655,0.23727821,0.48835057,0.37511763,0.34241492,-0.13783942
2125,0.3885937,0.21077715,0.29200658,0.19355682,0.09658712,0.017220333
2126,0.02762129,0.087859854,0.034366325,0.027971959,-0.006745035,0.059887893
2127,0.623741,0.4672254,0.57220966,0.4376827,0.051531315,0.029542714
2128,0.7685846,0.4547173,0.6129853,0.43475014,0.1555993,0.019967169
2129,0.054107312,0.05363728,0.04480912,0.040394917,0.0092981905,0.013242364
2130,0.011497335,-0.022728354,0.015750274,0.011419423,-0.0042529395,-0.034147777
2131,0.518515,0.30921915,0.41404396,0.31224996,0.10447103,-0.0030308068
2132,0.08269579,0.027932065,0.054572202,0.020801675,0.028123587,0.00713039
2133,0.046159096,-0.013230379,0.046620566,0.03746142,-0.00046147034,-0.0506918
2134,0.030534498,-0.012651055,0.041437045,0.024106486,-0.010902546,-0.03675754
2135,0.8197644,0.37799993,0.6752734,0.42361578,0.14449096,-0.045615852
2136,0.5728519,0.3597294,0.4959926,0.33820295,0.076859295,0.021526456
2137,0.048370935,0.04344041,0.039162766,0.029330784,0.009208169,0.014109625
2138,0.028242854,0.014799081,0.045666754,0.030355204,-0.0174239,-0.015556123
2139,0.0324592,0.05380704,0.025847826,0.023316009,0.0066113733,0.03049103
2140,0.68364954,0.33042032,0.4977983,0.33437577,0.18585125,-0.0039554536
2141,0.008558963,0.016520282,0.019958755,0.015545736,-0.011399792,0.0009745462
2142,0.73449177,0.49031088,0.6342444,0.4487732,0.10024738,0.041537672
2143,0.08288398,0.07131853,0.07617448,0.042385012,0.0067094937,0.028933518
2144,0.7104923,0.49763983,0.62129337,0.48810095,0.08919895,0.009538889
2145,0.059977565,0.056492873,0.0315566,0.030548895,0.028420966,0.025943978
2146,0.020245742,0.048022617,0.021402584,0.013045475,-0.0011568423,0.03497714
2147,0.12651189,0.076449946,0.103882395,0.06710919,0.022629492,0.009340756
2148,0.6692885,0.30710432,0.49278253,0.31694525,0.17650598,-0.0098409355
2149,0.14706203,0.066778906,0.12647465,0.08341457,0.020587385,-0.016635664
2150,0.53614753,0.33163333,0.40288734,0.29757628,0.13326019,0.03405705
2151,0.13109757,0.09998531,0.10633598,0.083180904,0.024761587,0.016804405
2152,0.062011626,0.010737182,0.034833837,0.020161703,0.027177788,-0.009424522
2153,0.45286766,0.20131002,0.2513314,0.18291739,0.20153627,0.018392637
2154,0.12368365,0.11326952,0.12668318,0.069463395,-0.0029995292,0.04380613
2155,0.020958794,0.021105833,0.012280623,0.008418384,0.008678171,0.012687449
2156,1.0110432,0.7466663,0.915404,0.71034026,0.09563917,0.03632605
2157,0.6025076,0.3454135,0.37480414,0.27538317,0.22770345,0.07003033
2158,0.017401097,0.11843493,0.016675314,0.01628621,0.0007257834,0.10214872
2159,0.07851419,0.15098514,0.09029963,0.055999815,-0.01178544,0.09498532
2160,0.703663,0.47818115,0.6258527,0.4683467,0.07781029,0.009834468
2161,0.85710543,0.49382153,0.7011026,0.48880035,0.15600282,0.0050211847
2162,0.020060215,0.01511665,0.024435317,0.018971896,-0.004375102,-0.0038552461
2163,0.03796041,0.039818585,0.03487004,0.032787673,0.0030903704,0.0070309117
2164,0.05143258,0.11527416,0.044584133,0.03766216,0.006848447,0.077612
2165,0.04545159,0.047350176,0.03938443,0.032470394,0.0060671605,0.014879782
2166,0.03591173,0.048312236,0.022446057,0.010661911,0.013465675,0.037650324
2167,0.07311016,0.024327908,0.06627188,0.027235249,0.0068382844,-0.0029073413
2168,-0.03007219,0.11279357,0.008447137,0.0027312138,-0.038519327,0.11006236
2169,0.09851399,0.04429317,0.09825737,0.07815672,0.00025662035,-0.03386355
2170,0.7026796,0.34078234,0.46572828,0.34990415,0.23695129,-0.009121805
2171,0.05070644,-0.0058516515,0.058977865,0.030102167,-0.008271426,-0.03595382
2172,0.24112886,0.16929325,0.21640816,0.16279857,0.024720699,0.006494686
2173,0.57322663,0.35569522,0.46965036,0.36679107,0.10357627,-0.011095852
2174,0.7811656,0.5276994,0.6430889,0.46957797,0.13807672,0.058121443
2175,0.052113276,0.026412506,0.027745197,0.022474397,0.02436808,0.0039381087
2176,0.028549151,0.03083243,0.033633552,0.024767648,-0.005084401,0.006064782
2177,0.060474087,0.046884105,0.05013473,0.03502175,0.010339357,0.011862356
2178,0.06845598,0.067504965,0.06409137,0.03400279,0.0043646097,0.033502176
2179,0.019653408,-0.025623087,0.027660757,0.015885849,-0.008007349,-0.041508935
2180,0.821491,0.34123138,0.51369303,0.38194978,0.30779797,-0.040718406
2181,1.1459346,0.54344577,0.9429477,0.60651726,0.2029869,-0.06307149
2182,0.1635603,0.041614275,0.151232,0.08836036,0.012328297,-0.046746086
2183,0.85474086,0.46139818,0.6047544,0.42156234,0.24998647,0.03983584
2184,0.0051249107,-0.0023741643,0.025584023,0.017010208,-0.020459112,-0.019384373
2185,-0.047157623,0.14715356,0.011470551,0.0043086046,-0.05862817,0.14284495
2186,0.1346964,0.10922705,0.12388601,0.092735626,0.010810383,0.01649142
2187,0.08442138,0.09518694,0.08915223,0.04784981,-0.0047308505,0.04733713
2188,0.79712087,0.48096907,0.6884778,0.48225236,0.108643055,-0.001283288
2189,0.0854533,0.054955307,0.06320478,0.04611253,0.022248521,0.008842777
2190,0.198382,0.110881284,0.17065598,0.117579594,0.027726024,-0.0066983104
2191,0.66344136,0.43364048,0.5918659,0.4472413,0.07157546,-0.013600826
2192,0.7182908,0.48676568,0.64970344,0.4621839,0.06858736,0.02458179
2193,0.0470635,0.027073774,0.028858978,0.023983415,0.018204521,0.0030903593
2194,0.030898513,0.0038285935,0.04021672,0.025499428,-0.009318208,-0.021670833
2195,0.6543176,0.36908254,0.5943073,0.38956565,0.060010314,-0.020483106
2196,-0.022654967,-0.06375444,0.006988722,0.003189354,-0.029643688,-0.066943794
2197,0.13332082,0.034359716,0.12630828,0.08583518,0.007012546,-0.051475465
2198,0.67467195,0.24638553,0.36262667,0.2049634,0.31204528,0.04142213
2199,0.11133205,0.120916225,0.093839385,0.0693471,0.017492667,0.051569127
2200,0.014294706,0.062784255,0.005157132,0.00841952,0.009137575,0.054364733
2201,0.0015027404,-0.031855866,0.015465146,0.012701707,-0.013962406,-0.04455757
2202,0.023452165,-0.027606517,0.026279757,0.013051992,-0.0028275922,-0.04065851
2203,0.8494165,0.56448334,0.68289083,0.5004842,0.16652566,0.06399912
2204,0.06417387,0.039711867,0.04377258,0.038103998,0.020401292,0.0016078688
2205,-0.0028043485,-0.01641504,0.012721142,0.009641327,-0.01552549,-0.026056366
2206,0.59355,0.28904927,0.3819893,0.2698493,0.21156073,0.019199967
2207,-0.02462978,0.12250134,0.015635008,0.008496778,-0.040264785,0.11400457
2208,0.071459725,0.030512696,0.07440951,0.051433064,-0.0029497817,-0.020920368
2209,0.12123014,0.10710189,0.10424314,0.07560865,0.016987003,0.03149324
2210,0.0969715,0.015449764,0.0957215,0.058330208,0.0012499988,-0.042880446
2211,0.75620866,0.45584896,0.6026605,0.44482183,0.15354818,0.0110271275
2212,-2.2653328e-05,0.12800393,0.009402616,0.011385168,-0.009425269,0.11661876
2213,0.6419173,0.48710114,0.5669297,0.37715763,0.07498759,0.10994351
2214,0.5804324,0.3506073,0.48410377,0.33773327,0.096328646,0.012874037
2215,0.9668621,0.36312672,0.47693625,0.3984394,0.48992583,-0.035312682
2216,0.0023007514,0.17532201,0.055981994,0.033369966,-0.053681243,0.14195204
2217,0.7085193,0.41455522,0.53452337,0.3792493,0.17399591,0.035305917
2218,0.066264145,0.048072614,0.055738606,0.04156507,0.0105255395,0.006507542
2219,0.028574282,0.017335664,0.035132345,0.033898998,-0.0065580625,-0.016563334
2220,0.5099636,0.3024872,0.36642662,0.2582489,0.14353696,0.0442383
2221,0.052432165,0.024774471,0.036118485,0.019769888,0.01631368,0.005004583
2222,0.022393622,0.11021123,0.017867904,0.014451414,0.0045257173,0.09575982
2223,0.11222364,0.05622241,0.08385481,0.042168975,0.02836883,0.014053434
2224,0.9512943,0.5198278,0.75746244,0.46823058,0.19383186,0.051597208
2225,0.008346637,0.033098727,0.009371224,0.010915969,-0.0010245871,0.022182759
2226,0.025155952,0.17212963,0.031980198,0.022892524,-0.0068242457,0.14923711
2227,0.058988914,0.04550526,0.058722533,0.03919121,0.0002663806,0.0063140504
2228,0.69682485,0.42979488,0.58939475,0.4147482,0.1074301,0.015046686
2229,0.048721444,-0.023130627,0.046967633,0.030228063,0.0017538108,-0.05335869
2230,0.6313137,0.48189956,0.5720673,0.43240556,0.05924636,0.049494
2231,-0.00244385,-0.0028110838,0.0013556154,0.0038797916,-0.0037994655,-0.0066908756
2232,0.008030474,0.030055288,0.010911264,0.009897515,-0.0028807903,0.020157773
2233,0.5635119,0.29216534,0.3789466,0.24850662,0.1845653,0.04365872
2234,0.053011473,0.0059569045,0.0551045,0.03557778,-0.0020930283,-0.029620877
2235,0.016677232,0.064444326,0.02262384,0.00490338,-0.0059466083,0.059540946
2236,0.085025065,0.05991144,0.05994624,0.041765396,0.025078826,0.018146046
2237,0.69630694,0.5266518,0.57399166,0.44424742,0.12231529,0.082404375
2238,0.13852327,0.09257269,0.117949925,0.07780913,0.02057334,0.014763556
2239,0.035390995,-0.02319727,0.036962766,0.021483853,-0.0015717708,-0.044681124
2240,0.084248245,0.01632085,0.07152692,0.04321555,0.0127213225,-0.0268947
2241,0.04283159,0.035411593,0.04503164,0.035504974,-0.0022000521,-9.338185e-05
2242,0.028847495,-0.020078236,0.034911133,0.023255626,-0.0060636383,-0.043333862
2243,0.7730208,0.50948024,0.6099471,0.4655025,0.16307372,0.043977737
2244,0.061314832,0.094430625,0.06435371,0.03992312,-0.0030388795,0.054507505
2245,0.9568936,0.63043207,0.864474,0.6371322,0.092419624,-0.006700158
2246,1.1687694,0.8868442,1.0448325,0.8208782,0.12393689,0.06596601
2247,0.15196688,0.11691503,0.13743338,0.09086061,0.014533505,0.02605442
2248,0.1881317,0.13256685,0.1622545,0.11451049,0.025877208,0.018056363
2249,0.5657634,0.3768218,0.4663301,0.32448348,0.0994333,0.052338302
2250,0.55066925,0.26173553,0.32411057,0.26446977,0.22655869,-0.0027342439
2251,0.81387746,0.47942704,0.6977164,0.49030423,0.11616105,-0.010877192
2252,0.9618783,0.5416757,0.72125065,0.4645967,0.24062765,0.077079
2253,0.5914656,0.31637847,0.3610004,0.2607116,0.2304652,0.055666864
2254,0.7858047,0.35987297,0.6099353,0.3947909,0.1758694,-0.03491792
2255,0.009145295,0.2184219,0.028775815,0.022167634,-0.01963052,0.19625427
2256,0.03587347,0.009081763,0.03019755,0.019996863,0.0056759194,-0.0109151
2257,0.02904993,0.015217223,0.010347094,0.007957876,0.018702835,0.0072593475
2258,-0.030125221,0.121700704,0.01055481,0.004358778,-0.040680032,0.11734193
2259,0.85686266,0.37774187,0.3681542,0.25329208,0.48870847,0.12444979
2260,0.7477752,0.45532677,0.6052546,0.4271306,0.1425206,0.028196156
2261,0.068178706,0.1507741,0.06315954,0.046902467,0.0050191656,0.10387164
2262,0.043241706,0.025604527,0.018623378,0.015478579,0.024618328,0.010125948
2263,0.036715776,-0.001674598,0.02514584,0.01775426,0.011569936,-0.019428859
2264,0.030162467,0.04145914,0.02485236,0.023406822,0.005310107,0.018052317
2265,0.587539,0.3118003,0.47867212,0.30614907,0.1088669,0.0056512356
2266,0.5743118,0.3713102,0.52263105,0.38332516,0.051680744,-0.012014955
2267,0.06074993,0.041733764,0.057763956,0.037019815,0.002985973,0.004713949
2268,0.00724741,-0.00883078,0.021383036,0.012839809,-0.014135626,-0.02167059
2269,0.079090916,0.14601578,0.080922164,0.05855952,-0.0018312484,0.087456256
2270,0.009707976,-0.032048706,0.015126909,0.007107268,-0.005418933,-0.039155975
2271,0.6763202,0.461934,0.5225461,0.38951173,0.15377408,0.072422266
2272,0.024030415,-0.0038240687,0.03694741,0.02642032,-0.012916995,-0.030244388
2273,0.027922157,0.042937625,0.023572829,0.022732861,0.0043493286,0.020204764
2274,0.6328914,0.38069552,0.44507974,0.3276147,0.18781167,0.053080827
2275,0.8298629,0.4944751,0.6258825,0.4660136,0.20398039,0.028461486
2276,0.009808711,0.010227651,0.022124588,0.017854167,-0.012315878,-0.007626516
2277,0.073997274,0.057453483,0.06916258,0.047143795,0.0048346967,0.010309689
2278,0.994468,0.5165709,0.34174585,0.34499502,0.6527221,0.1715759
2279,0.55042917,0.21191856,0.23427474,0.15350255,0.31615442,0.05841601
2280,0.2430701,0.18220569,0.21480206,0.1148536,0.02826804,0.067352094
2281,0.09907632,0.048359178,0.09051724,0.06489667,0.008559085,-0.016537495
2282,0.75819826,0.335908,0.5822721,0.38869017,0.17592615,-0.052782178
2283,0.05273987,0.034085907,0.030773079,0.020369053,0.02196679,0.013716854
2284,1.9311329,0.38562334,1.677137,0.7703587,0.2539959,-0.38473535
2285,0.89972585,0.49554995,0.6062003,0.42075744,0.29352558,0.074792504
2286,0.039894775,0.1362639,0.06191548,0.046091564,-0.022020705,0.09017234
2287,-0.0319681,0.11546804,0.0047548464,0.00423154,-0.036722947,0.1112365
2288,0.73213476,0.36990684,0.6147673,0.42048043,0.11736745,-0.050573587
2289,0.109084904,0.051815566,0.085866906,0.052198388,0.023217998,-0.000382822
2290,0.84205747,0.5310196,0.7192964,0.5543343,0.12276107,-0.023314655
2291,0.7120324,0.54371965,0.6473962,0.43840194,0.06463617,0.10531771
2292,0.12074036,0.19242659,0.13696185,0.10417944,-0.016221486,0.08824715
2293,0.018699812,0.124742866,0.045909867,0.030370474,-0.027210055,0.09437239
2294,0.06694233,0.021400277,0.03664001,0.023546916,0.030302316,-0.002146639
2295,0.4884301,0.22663242,0.34557018,0.2297,0.14285994,-0.0030675828
2296,0.032393213,-0.01975028,0.029933926,0.016366059,0.0024592876,-0.03611634
2297,0.9376531,0.5075214,0.83756685,0.54451096,0.10008627,-0.03698957
2298,0.42633563,0.26218534,0.39589962,0.25649923,0.03043601,0.0056861043
2299,0.013617373,-0.040616103,0.010865202,0.00829971,0.002752171,-0.04891581
2300,0.020575624,-0.035597343,0.027482372,0.021296035,-0.006906748,-0.05689338
2301,0.066145,0.06953457,0.06061662,0.04977859,0.005528383,0.019755978
2302,0.4262066,0.25806627,0.3452835,0.24979976,0.08092308,0.008266509
2303,0.60382366,0.20669861,0.35702732,0.20538148,0.24679634,0.0013171285
2304,0.6316105,0.29458523,0.38813514,0.29912505,0.24347538,-0.0045398176
2305,0.53248096,0.24776916,0.32742843,0.22418542,0.20505252,0.02358374
2306,0.011052148,-0.06401646,0.017352631,0.0073566013,-0.006300483,-0.07137306
2307,0.09935905,0.09602634,0.09484599,0.06562509,0.0045130625,0.030401252
2308,0.015821781,-0.021310912,0.033174284,0.01661562,-0.017352503,-0.037926532
2309,0.7917198,0.32494113,0.39030236,0.2847544,0.40141743,0.040186733
2310,0.23552813,0.13452126,0.1490708,0.100572385,0.08645733,0.033948876
2311,0.20366573,0.10109797,0.16001298,0.090986125,0.043652758,0.010111846
2312,0.021140926,-0.04366005,0.018242735,0.007917667,0.0028981902,-0.051577717
2313,0.12030561,0.050123874,0.10128776,0.07005463,0.019017853,-0.019930754
2314,0.005632408,-0.040237576,0.0074040764,0.0030361386,-0.0017716684,-0.043273713
2315,0.027479272,-0.04552674,0.04280532,0.023572978,-0.015326049,-0.06909972
2316,0.07925417,0.06271752,0.06661756,0.04763136,0.012636609,0.015086159
2317,1.0184333,0.4108088,0.6009278,0.36569375,0.4175055,0.045115054
2318,0.13395603,0.10370178,0.1299177,0.09778893,0.004038334,0.005912848
2319,0.011806308,-0.0383192,0.027441513,0.018340679,-0.015635204,-0.056659877
2320,0.0051438133,0.025152232,0.011199239,0.011126554,-0.0060554254,0.014025679
2321,-0.003027826,-0.030487167,0.011562255,0.010421445,-0.014590081,-0.040908612
2322,0.039957162,0.07573373,0.03421437,0.028222397,0.005742792,0.04751133
2323,-0.016657602,-0.0010283749,0.0014235327,0.003969139,-0.018081134,-0.0049975137
2324,0.041625857,0.085400455,0.04555817,0.03835947,-0.003932312,0.047040984
2325,-0.03588201,0.1188465,0.010323593,0.0063946834,-0.046205603,0.112451814
2326,0.011666873,-0.0057146624,0.046011187,0.02611868,-0.034344316,-0.031833343
2327,0.18114406,0.17454337,0.16392413,0.12715657,0.01721993,0.047386795
2328,0.030474942,0.008266331,0.028675724,0.022731472,0.0017992184,-0.014465141
2329,0.13157226,0.08848492,0.1083699,0.07999912,0.02320236,0.0084858015
2330,0.07041122,0.04181726,0.04784511,0.027439272,0.02256611,0.014377987
2331,0.030690083,-0.021688065,0.02625145,0.024283804,0.004438633,-0.04597187
2332,0.7002195,0.49940452,0.60991704,0.45034012,0.09030247,0.049064398
2333,0.45735502,0.2501402,0.3090322,0.2258254,0.14832282,0.024314791
2334,0.049935043,0.04510177,0.04139654,0.035464294,0.008538503,0.009637475
2335,0.54457974,0.34751114,0.43892092,0.3181748,0.10565883,0.029336333
2336,0.039798222,-0.015287564,0.03937425,0.028654456,0.00042397156,-0.04394202
2337,0.094228774,0.16460109,0.0911891,0.050236035,0.003039673,0.114365056
2338,0.7131159,0.48173806,0.62957513,0.4431127,0.08354074,0.03862536
2339,-0.02337007,0.09135238,0.005403562,0.0069416263,-0.028773632,0.08441076
2340,0.03383452,-0.06966023,0.028668443,0.009835948,0.005166078,-0.07949618
2341,0.023983242,0.013936141,0.011652807,0.0040724976,0.012330435,0.009863643
2342,0.8701698,0.52687854,0.7400066,0.5135639,0.1301632,0.013314664
2343,1.0908751,0.6493599,0.9709675,0.64908147,0.11990768,0.0002784133
2344,0.63074356,0.4308781,0.55546963,0.41451102,0.07527393,0.016367078
2345,0.12757546,0.04853186,0.10430668,0.06360607,0.023268774,-0.015074208
2346,-0.03285403,0.11642447,0.00668402,0.0013537908,-0.039538052,0.11507068
2347,0.15427446,0.09524629,0.13217917,0.07630327,0.022095293,0.01894302
2348,0.8767397,0.31372246,0.43875057,0.32791966,0.43798912,-0.014197201
2349,0.027676454,0.038498856,0.012189709,0.013822568,0.015486745,0.02467629
2350,0.0703791,0.03735512,0.04501299,0.02930989,0.025366113,0.008045232
2351,-0.014331326,0.015914818,0.010170729,0.010101419,-0.024502054,0.0058133993
2352,0.045579717,0.06097946,0.027936274,0.017427946,0.017643442,0.043551512
2353,0.021378389,0.05873573,0.016149621,0.017097538,0.005228767,0.041638188
2354,0.032485217,0.0142021645,0.01804777,0.015614825,0.014437446,-0.0014126608
2355,0.39872268,0.1636372,0.20935726,0.14914224,0.18936542,0.01449497
2356,0.71754056,0.43253022,0.5901349,0.44185534,0.12740564,-0.009325117
2357,0.6325,0.41024205,0.5297961,0.38313577,0.10270387,0.027106285
2358,-0.029808206,0.117702544,0.008782519,0.0030253045,-0.038590726,0.114677235
2359,0.046183243,0.00776582,0.047981918,0.03197865,-0.0017986745,-0.024212828
2360,0.055554926,0.04044825,0.039782606,0.03199598,0.01577232,0.00845227
2361,0.0051420936,0.13989237,0.038067423,0.022011742,-0.03292533,0.11788063
2362,0.9788376,0.6606133,0.89701366,0.6636076,0.081823945,-0.002994299
2363,0.769462,0.36908633,0.55223525,0.3698407,0.21722674,-0.0007543862
2364,0.20875087,0.16371343,0.15017185,0.12252362,0.058579028,0.041189805
2365,0.7349056,0.14834048,0.27295357,0.17311674,0.46195203,-0.024776265
2366,0.6234182,0.30153883,0.34029514,0.24038008,0.28312308,0.061158746
2367,0.026207427,0.022757791,0.008127708,0.009882281,0.018079719,0.01287551
2368,0.40683177,0.25778285,0.3326653,0.2593329,0.07416648,-0.0015500486
2369,0.6220413,0.36691555,0.54338557,0.39741203,0.07865572,-0.030496478
2370,0.035201985,0.05819961,0.030053046,0.022216475,0.00514894,0.035983138
2371,0.029947594,-0.02009928,0.02287304,0.008291752,0.0070745535,-0.028391033
2372,0.50880045,0.26111913,0.4024176,0.27876562,0.10638285,-0.017646492
2373,0.010166037,-0.0014205178,0.028599406,0.019500632,-0.01843337,-0.02092115
2374,0.027514396,0.1381378,0.029117327,0.02620348,-0.001602931,0.11193432
2375,0.043235466,0.028141258,0.01751467,0.014262408,0.025720796,0.01387885
2376,0.051091194,0.083837494,0.035894126,0.03351159,0.015197068,0.050325904
2377,0.3280759,0.26900578,0.29287058,0.18305252,0.035205305,0.08595325
2378,1.0978522,0.598186,0.9084711,0.61104405,0.18938112,-0.012858033
2379,0.05928344,-0.01036286,0.06456372,0.039739423,-0.0052802823,-0.050102282
2380,0.13262722,0.08879806,0.10106655,0.0749907,0.031560667,0.013807364
2381,0.6185889,0.4233299,0.5152933,0.36886805,0.103295624,0.054461837
2382,0.043601114,0.08698115,0.04456313,0.030700918,-0.00096201524,0.05628023
2383,0.036526777,0.11466197,0.029896522,0.020716136,0.006630255,0.09394583
2384,0.95896685,0.5565889,0.8668667,0.5657035,0.09210014,-0.009114623
2385,0.56631964,0.4028318,0.48702875,0.36554113,0.0792909,0.037290663
2386,0.6747373,0.36981702,0.49944925,0.3199546,0.17528802,0.049862415
2387,0.6663693,0.4435935,0.59644955,0.3860504,0.069919765,0.0575431
2388,0.02724235,0.056035887,0.026456589,0.019852143,0.0007857606,0.036183745
2389,0.038697056,0.115165584,0.049117718,0.025824761,-0.010420661,0.08934082
2390,0.017003873,0.072787546,0.012615867,0.009077698,0.0043880064,0.06370985
2391,0.725747,0.44341126,0.63607895,0.4449417,0.089668036,-0.0015304387
2392,0.15577617,0.09194984,0.12741235,0.09889431,0.028363824,-0.00694447
2393,0.022814367,0.11006783,0.033309326,0.026475495,-0.010494959,0.08359233
2394,0.6592394,0.36722702,0.5049002,0.34808367,0.1543392,0.019143343
2395,0.6165961,0.39979792,0.5308763,0.38139597,0.085719824,0.01840195
2396,-0.030968169,0.117712796,0.008907331,0.0028649245,-0.0398755,0.11484787
2397,0.53110236,0.18476123,0.2425479,0.15744804,0.28855446,0.027313188
2398,0.007383536,-0.035428263,0.012468225,0.00090304494,-0.0050846892,-0.036331307
2399,0.7632831,0.51252085,0.6598234,0.50913113,0.103459656,0.0033897161
2400,-0.0348671,0.11244472,0.004007624,-0.0004948147,-0.038874723,0.11293954
2401,0.017572261,0.13241574,0.012606162,0.011866487,0.0049660997,0.120549254
2402,0.045675285,0.041691978,0.03060531,0.030424196,0.015069975,0.011267781
2403,-0.014383548,0.1647502,0.026643712,0.016803667,-0.04102726,0.14794654
2404,0.048446346,0.053391583,0.03281846,0.024625301,0.015627887,0.028766282
2405,0.036939926,-0.0032135248,0.034943797,0.018685684,0.0019961298,-0.021899208
2406,0.06273612,0.04213831,0.042713728,0.0357445,0.020022389,0.006393809
2407,0.08488459,0.060034823,0.08486092,0.06697498,2.3670495e-05,-0.00694016
2408,-0.0016139013,-0.031923153,0.012244712,0.008840897,-0.013858613,-0.04076405
2409,0.0075162086,-0.011437543,0.003645998,0.006112235,0.0038702106,-0.017549777
2410,0.026617756,-0.020736873,0.017942494,0.007150188,0.008675262,-0.027887061
2411,0.031344034,-0.03567523,0.020537455,0.009478488,0.010806579,-0.04515372
2412,0.618362,0.29456657,0.39207497,0.28535464,0.22628704,0.009211928
2413,0.5358828,0.27889156,0.45429605,0.28864565,0.08158672,-0.0097540915
2414,0.71024334,0.46562576,0.6408602,0.48374313,0.069383144,-0.018117368
2415,0.056137785,0.05278697,0.04600332,0.035739385,0.010134466,0.017047584
2416,0.20116237,0.09951339,0.19701253,0.11211352,0.0041498393,-0.012600131
2417,0.0822932,0.07203602,0.06941186,0.05518601,0.012881339,0.01685001
2418,0.6230627,0.32917234,0.44176444,0.31734878,0.18129823,0.011823565
2419,0.60559994,0.33660966,0.457681,0.30292034,0.14791894,0.03368932
2420,0.011106182,-0.038456395,0.012568434,0.0033178278,-0.0014622519,-0.041774224
2421,0.042153295,0.044191726,0.039373554,0.02992099,0.0027797408,0.014270736
2422,0.6447655,0.34995615,0.5168222,0.369631,0.12794328,-0.019674838
2423,0.73780054,0.45209587,0.5817167,0.40994185,0.15608382,0.042154014
2424,0.108378544,0.080041535,0.09013952,0.054872382,0.018239021,0.025169153
2425,0.18870905,0.09352813,0.1735209,0.108281456,0.015188158,-0.014753327
2426,0.21800712,0.17304876,0.2112532,0.14810508,0.0067539215,0.02494368
2427,0.04153507,0.0519687,0.045055505,0.035694085,-0.0035204366,0.016274616
2428,0.6554948,0.4678602,0.5916708,0.43742037,0.063824,0.030439824
2429,0.6036432,0.40642825,0.49522796,0.36725768,0.108415216,0.039170563
2430,-0.014437158,-0.007208958,0.008235075,0.008977199,-0.022672232,-0.016186157
2431,0.20127848,0.1643176,0.17729142,0.13920602,0.023987055,0.025111571
2432,0.07877726,0.047914866,0.05987032,0.04497683,0.01890694,0.0029380359
2433,0.025141029,0.13999283,0.05456544,0.041981883,-0.029424412,0.09801095
2434,0.06926624,-0.0033780166,0.064011164,0.043841545,0.0052550733,-0.04721956
2435,-0.0027030942,-0.028519442,0.016191054,0.012852919,-0.018894149,-0.041372363
2436,0.042190623,0.012690106,0.03664593,0.028384188,0.0055446923,-0.015694082
2437,0.40237018,0.21729659,0.268538,0.19549783,0.13383219,0.02179876
2438,0.8960507,0.5450812,0.7609874,0.51424277,0.13506329,0.03083843
2439,0.6648433,0.42222345,0.54396826,0.40874833,0.12087506,0.01347512
2440,0.019420067,0.11809306,0.048611168,0.032079566,-0.029191101,0.086013496
2441,0.7737906,0.44490126,0.55756277,0.4162287,0.21622783,0.028672546
2442,1.4454104,0.5081017,0.49047604,0.33025897,0.95493436,0.17784274
2443,0.7322489,0.26914585,0.30464172,0.23836291,0.42760718,0.030782938
2444,0.9788065,0.7310985,0.9414545,0.71245027,0.037351966,0.018648207
2445,0.047732547,-0.0102631785,0.04789004,0.034755018,-0.0001574941,-0.045018196
2446,0.12581417,0.06790074,0.10273786,0.06527533,0.02307631,0.0026254132
2447,0.022963453,0.022261944,0.014193518,0.009678267,0.008769935,0.012583677
2448,0.01890748,0.09892432,0.028446842,0.013736859,-0.009539362,0.08518746
2449,0.06377968,0.117235966,0.07012746,0.045103777,-0.0063477755,0.072132185
2450,0.6595771,0.39631253,0.5202726,0.3867331,0.13930446,0.00957942
2451,0.9952819,0.6270665,0.81526536,0.59941375,0.18001652,0.02765274
2452,0.026095059,0.05031839,0.019180479,0.018111968,0.0069145802,0.032206424
2453,0.87986815,0.43098494,0.45086473,0.34255686,0.42900342,0.08842808
2454,-0.02443196,0.12030069,0.014668028,0.0057923496,-0.039099988,0.11450834
2455,0.09153118,0.13983755,0.09585263,0.06291398,-0.0043214485,0.07692357
2456,-0.018646829,-0.019084608,0.0011378115,0.0050644507,-0.01978464,-0.024149058
2457,0.008720402,-0.039359692,0.02289119,0.013662244,-0.014170788,-0.053021938
2458,0.059342522,0.0677243,0.053062845,0.039780166,0.006279677,0.027944136
2459,0.06428054,0.07167343,0.061378617,0.046910517,0.002901923,0.024762914
2460,0.53462386,0.33952454,0.44379553,0.3069702,0.09082833,0.03255433
2461,0.013530882,0.03560362,0.010965536,0.010419659,0.0025653457,0.02518396
2462,0.5378307,0.33368933,0.41987243,0.30694225,0.11795828,0.026747078
2463,-0.029492589,0.16826332,0.031444795,0.02236636,-0.060937382,0.14589696
2464,0.4836469,0.27538633,0.3433277,0.23915789,0.1403192,0.03622845
2465,0.04544287,0.049738828,0.017019842,0.018427659,0.02842303,0.03131117
2466,0.53129625,0.32396582,0.48206598,0.34809965,0.049230278,-0.024133831
2467,0.08714099,0.07669459,0.0796361,0.06792966,0.0075048953,0.00876493
2468,-0.008557042,0.12147537,0.00039488278,0.0046668723,-0.008951925,0.1168085
2469,0.025843855,-0.023264118,0.028728321,0.023319166,-0.0028844662,-0.046583284
2470,0.21306598,0.15270457,0.16815373,0.1263144,0.04491225,0.026390165
2471,0.0075032557,-0.05415134,0.013613599,0.0064535113,-0.0061103436,-0.06060485
2472,0.071343794,0.05319032,0.052609384,0.041552197,0.01873441,0.011638124
2473,0.037171084,-0.0011535187,0.037008286,0.036919672,0.00016279891,-0.03807319
2474,0.6105684,0.4177233,0.530513,0.37509826,0.080055416,0.04262504
2475,0.047396176,0.027842313,0.02260625,0.016552132,0.024789926,0.011290181
2476,0.06522968,0.03546388,0.07162593,0.049096715,-0.0063962564,-0.013632834
2477,1.0134752,0.58321834,0.812518,0.55265087,0.20095718,0.030567467
2478,0.9184002,0.6358544,0.8226433,0.6471812,0.09575695,-0.01132679
2479,0.032455336,0.047987424,0.024407107,0.016852994,0.008048229,0.03113443
2480,0.6608111,0.3695369,0.47063226,0.36070198,0.19017887,0.008834928
2481,0.71109504,0.45742485,0.56811666,0.43535605,0.14297837,0.022068799
2482,0.047584243,0.044622187,0.035710078,0.028228775,0.011874165,0.016393412
2483,0.6324146,0.20232175,0.25745967,0.16915421,0.3749549,0.03316754
2484,0.058697227,0.053702638,0.050531566,0.03638726,0.008165661,0.017315377
2485,1.1293385,0.28030103,0.6537801,0.46745095,0.4755584,-0.18714991
2486,0.07474025,-0.0036683613,0.07200631,0.05002097,0.0027339458,-0.05368933
2487,0.5637658,0.3986195,0.52954376,0.39551765,0.034222066,0.0031018555
2488,0.015279602,-0.03384223,0.0079529,0.005202681,0.0073267026,-0.03904491
2489,0.21517622,0.11406953,0.17600723,0.11283617,0.039169,0.0012333617
2490,0.21116593,0.13384415,0.1852987,0.1330876,0.025867239,0.00075654685
2491,0.089672,0.11914992,0.09065601,0.067765504,-0.0009840131,0.05138442
2492,1.4858054,0.8343734,1.3713028,0.83704436,0.11450255,-0.0026709437
2493,0.7002113,0.24493936,0.35710505,0.2679546,0.34310624,-0.02301523
2494,0.38443387,0.20661218,0.29590493,0.18846072,0.08852893,0.018151462
2495,0.0015165933,0.14285703,0.015688948,0.015604903,-0.014172355,0.12725213
2496,0.05181572,0.03824052,0.052133918,0.025347274,-0.0003181994,0.012893245
2497,0.06790845,0.009971119,0.061074473,0.038048718,0.006833978,-0.028077599
2498,0.68668205,0.42205754,0.57391894,0.37913036,0.11276311,0.042927176
2499,-0.005311543,0.008048805,0.005851846,0.0075257,-0.011163389,0.00052310526
2500,0.06289567,0.047958307,0.04099168,0.030630887,0.021903992,0.01732742
2501,0.023026641,0.089246996,0.01501069,0.016195882,0.008015951,0.07305111
2502,0.069416955,0.051277187,0.065435365,0.041359223,0.0039815903,0.009917963
2503,0.74660724,0.42362547,0.48083657,0.37869987,0.26577067,0.0449256
2504,0.03262899,0.002525241,0.03414704,0.025537154,-0.0015180483,-0.023011912
2505,0.07796132,0.08686897,0.0675441,0.047117572,0.0104172155,0.0397514
2506,1.2633213,0.16169244,0.20790353,0.060815584,1.0554178,0.10087685
2507,0.17202806,0.124094784,0.14929406,0.11384396,0.022734001,0.010250822
2508,0.860229,0.5339177,0.7057815,0.4896039,0.1544475,0.04431382
2509,0.101368934,0.18752617,0.09893875,0.07508427,0.0024301857,0.1124419
2510,0.5401236,0.2777703,0.30079135,0.23969662,0.23933223,0.03807369
2511,0.09667857,0.105410844,0.088538036,0.060791176,0.008140534,0.04461967
2512,1.1315703,0.60696507,0.98100567,0.6495301,0.15056467,-0.042565048
2513,0.07956484,0.071687736,0.078305915,0.06099803,0.0012589246,0.010689706
2514,0.09607222,0.15615061,0.10075442,0.07921679,-0.004682198,0.076933816
2515,0.026129182,-0.0301792,0.032760143,0.020787612,-0.006630961,-0.050966814
2516,0.029595438,0.020226065,0.024477795,0.018889803,0.0051176436,0.0013362616
2517,0.007971459,0.12315394,0.030958423,0.020885687,-0.022986963,0.10226825
2518,0.07039665,0.034705438,0.06014646,0.045795582,0.010250188,-0.0110901445
2519,0.70432955,0.36286184,0.5046375,0.3472799,0.19969207,0.015581936
2520,0.6782829,0.5204037,0.5956718,0.4551249,0.08261114,0.06527877
2521,-0.022223612,-0.024018567,0.006476608,0.0020741893,-0.028700221,-0.026092757
2522,0.60187846,0.40412554,0.5604539,0.41400513,0.041424572,-0.009879589
2523,0.010765254,-0.01739792,0.004871077,0.004650331,0.0058941767,-0.02204825
2524,0.026914358,-0.033450916,0.032345083,0.01638456,-0.0054307245,-0.049835477
2525,0.006521308,-0.022147806,0.02988042,0.013947634,-0.023359112,-0.03609544
2526,1.383598,0.035500214,0.39968467,0.23565626,0.9839133,-0.20015605
2527,0.051357597,0.03368007,0.029134195,0.020633955,0.022223402,0.013046116
2528,0.08313615,-0.0032177817,0.080652975,0.05147598,0.0024831742,-0.054693762
2529,0.76802784,0.42318732,0.5241668,0.38908392,0.24386102,0.034103394
2530,0.1006869,0.08081344,0.08867152,0.06899463,0.01201538,0.011818811
2531,0.42071068,0.3187787,0.4013699,0.26381597,0.019340783,0.054962724
2532,0.03082499,-0.0040197307,0.03270092,0.018213492,-0.0018759295,-0.022233222
2533,0.100694515,0.10231744,0.09085432,0.060969878,0.009840198,0.04134756
2534,0.92025185,0.5503551,0.75963366,0.55948836,0.16061819,-0.009133279
2535,0.07731619,0.0132849645,0.066377856,0.038424283,0.0109383315,-0.025139319
2536,0.021471113,0.004840321,0.0117195565,0.0069567286,0.009751556,-0.0021164077
2537,0.003888288,0.09469513,0.026697785,0.02147584,-0.022809496,0.073219284
2538,0.06260015,-0.0011493483,0.06424663,0.038179375,-0.0016464815,-0.039328724
2539,0.03644241,0.053961527,0.01790715,0.016862104,0.01853526,0.03709942
2540,0.24455237,0.13360935,0.22520547,0.13611448,0.019346908,-0.0025051236
2541,0.034113605,0.037495647,0.032316193,0.025307477,0.0017974116,0.01218817
2542,0.024547845,0.06207455,0.03005682,0.018142613,-0.005508974,0.04393194
2543,0.055461418,0.07712306,0.04633116,0.03815317,0.009130258,0.03896989
2544,0.013644907,0.019764405,0.011378089,0.01279178,0.0022668177,0.006972625
2545,0.6653892,0.37841666,0.5135983,0.35057706,0.15179086,0.027839601
2546,0.63358843,0.39428905,0.4985915,0.373838,0.13499692,0.02045104
2547,0.80001646,0.50424206,0.6540004,0.45935988,0.14601606,0.04488218
2548,0.62463003,0.23426408,0.37660837,0.26880175,0.24802166,-0.034537673
2549,0.5173546,0.23327376,0.20181116,0.12587924,0.31554344,0.10739452
2550,0.07423524,0.01083099,0.04800023,0.033803258,0.026235007,-0.022972267
2551,0.67481595,0.34769785,0.37341768,0.23857541,0.30139828,0.10912244
2552,0.77393544,0.51376045,0.66194546,0.47886163,0.111989975,0.034898818
2553,0.36429825,0.23066027,0.27077323,0.19556439,0.09352502,0.035095885
2554,1.1515031,0.5384726,0.7680144,0.51943284,0.3834887,0.01903975
2555,0.53050935,0.289833,0.3612247,0.25932083,0.16928464,0.030512184
2556,0.03740141,0.031925265,0.03569923,0.027815256,0.001702182,0.0041100085
2557,0.076091096,0.048170198,0.07087783,0.041754074,0.005213268,0.0064161234
2558,0.19855618,0.14916126,0.1726707,0.12746628,0.025885478,0.021694988
2559,0.10201758,0.051922034,0.06429831,0.04500778,0.037719272,0.0069142543
