feature_idx,seq_effect_obs,struct_effect_obs,seq_effect_shuffle,struct_effect_shuffle,seq_delta,struct_delta
0,0.075679444,0.049949005,0.08556799,0.06389958,-0.009888545,-0.013950571
1,0.9592095,0.30951452,0.49999657,0.28651178,0.45921293,0.023002744
2,-0.018161196,0.037337545,0.006518144,0.004809252,-0.02467934,0.032528292
3,0.388118,0.18209846,0.22544666,0.17630316,0.16267134,0.0057953
4,0.06940978,0.045359038,0.03813462,0.023869526,0.03127516,0.021489512
5,0.025203785,-0.0032281447,0.03373406,0.024317026,-0.008530276,-0.02754517
6,0.07223241,0.07133351,0.032936793,0.023609372,0.039295617,0.047724143
7,0.023610475,0.10220124,0.04431615,0.03073284,-0.020705676,0.0714684
8,0.8702868,0.47181326,0.5619324,0.436634,0.30835444,0.035179257
9,0.18132888,0.088131666,0.11105411,0.079166874,0.07027477,0.008964792
10,0.07459328,0.05966857,0.03738657,0.020251576,0.037206713,0.039416995
11,-0.029645028,0.11736141,0.012937,0.0056661605,-0.042582028,0.11169525
12,0.6915355,0.27327812,0.34692115,0.24454947,0.34461433,0.028728649
13,0.11973403,0.07527736,0.06912451,0.05429725,0.050609514,0.020980109
14,0.19552249,0.105663225,0.09757065,0.06928076,0.09795184,0.036382467
15,0.12976564,0.08823946,0.07885374,0.055933792,0.050911903,0.03230567
16,0.6000219,0.26169983,0.2987335,0.21327813,0.3012884,0.048421696
17,0.04994147,0.044850264,0.032973297,0.028715556,0.016968172,0.016134707
18,0.103805624,0.04748835,0.055009704,0.035350688,0.04879592,0.012137663
19,0.10671955,0.04147566,0.08795147,0.05989533,0.018768087,-0.018419668
20,0.06487638,0.020090953,0.029895997,0.017069839,0.03498038,0.0030211136
21,0.7533922,0.32187665,0.36543575,0.26313704,0.38795647,0.058739603
22,0.8386331,0.39213762,0.47633666,0.3455659,0.36229646,0.04657173
23,0.040215608,0.028501429,0.038457848,0.022417221,0.0017577596,0.0060842074
24,0.97713566,0.35152835,0.49508724,0.32832178,0.48204842,0.023206562
25,0.88644797,0.363676,0.4686984,0.33013922,0.41774955,0.03353679
26,1.0160643,0.3109954,0.4604122,0.3374314,0.5556521,-0.026436001
27,0.97467226,0.48024505,0.66953117,0.44163376,0.3051411,0.038611293
28,0.07564036,0.059936818,0.0598766,0.026882067,0.01576376,0.03305475
29,0.43971756,0.23005652,0.32810855,0.21081786,0.11160901,0.019238666
30,0.6131236,0.29815772,0.3355928,0.26564524,0.2775308,0.032512486
31,0.0448031,-0.019814054,0.03695172,0.024513979,0.007851381,-0.044328034
32,0.15111893,0.100960225,0.10590275,0.06928488,0.045216188,0.031675346
33,0.049742825,0.032454606,0.03854348,0.027428854,0.011199344,0.005025752
34,0.059413176,0.05690331,0.03552358,0.02768426,0.023889598,0.02921905
35,0.2306655,0.09401929,0.11114228,0.08691026,0.11952323,0.0071090236
36,1.3910853,0.7402012,1.0162787,0.7499305,0.37480652,-0.009729326
37,0.009414951,0.0020841346,0.043638445,0.029570738,-0.034223493,-0.027486604
38,0.8319296,0.3172107,0.41986552,0.31359443,0.4120641,0.0036162734
39,0.06600615,0.0554029,0.049320154,0.03365656,0.016685992,0.021746341
40,0.6166498,0.24438167,0.33645752,0.24448171,0.2801923,-0.000100046396
41,0.33946744,0.23126718,0.29187408,0.20773251,0.047593355,0.02353467
42,0.117202,0.040484846,0.06827818,0.043493427,0.04892382,-0.0030085817
43,0.12437147,0.047445487,0.08179529,0.04970801,0.04257618,-0.0022625215
44,0.20796004,0.18589672,0.13618326,0.096968845,0.07177678,0.08892788
45,0.03938013,0.010302442,0.029891735,0.016390583,0.0094883945,-0.0060881404
46,0.6782365,0.20215955,0.2643629,0.21272579,0.41387358,-0.010566235
47,0.1443502,0.07133798,0.09981125,0.06798439,0.044538952,0.0033535957
48,0.10241729,0.09956926,0.06876282,0.04098312,0.033654474,0.05858614
49,0.501137,0.25185868,0.35515648,0.22362752,0.14598054,0.028231159
50,-0.041425258,0.18053536,0.0261822,0.010078675,-0.06760746,0.1704567
51,0.13908623,0.08798717,0.084386244,0.0642295,0.054699987,0.023757666
52,0.06481503,0.058075324,0.053078026,0.036971457,0.011737004,0.021103866
53,0.64026695,0.24009083,0.379057,0.26499468,0.26120996,-0.024903849
54,1.0249621,0.30945128,0.5558083,0.33777508,0.46915376,-0.0283238
55,0.06854019,0.064985044,0.045176286,0.030000847,0.023363907,0.034984197
56,0.15092668,0.2129862,0.11376866,0.09744303,0.03715802,0.11554317
57,0.12604758,0.02477825,0.052798282,0.02475012,0.073249295,2.813153e-05
58,0.05112926,0.021064332,0.029088616,0.022409193,0.022040643,-0.0013448615
59,0.76275015,0.29838338,0.3342298,0.23967704,0.42852035,0.058706343
60,0.8340219,0.4013486,0.4907666,0.37579918,0.3432553,0.025549412
61,0.03925921,-0.012752866,0.028700823,0.014920024,0.010558387,-0.02767289
62,1.0511415,0.3261997,0.49967137,0.35370308,0.55147016,-0.027503371
63,0.07799274,0.120451316,0.06890446,0.047876585,0.009088278,0.072574735
64,0.7962216,0.3425505,0.43381086,0.30184087,0.36241075,0.040709615
65,0.1954606,0.073569015,0.090610355,0.07123641,0.10485025,0.0023326054
66,0.022134665,0.011058319,0.014113,0.00962891,0.008021666,0.0014294097
67,1.0714022,0.50528795,0.5759492,0.42878056,0.495453,0.07650739
68,0.08999387,0.051310074,0.06300034,0.04368001,0.026993535,0.007630065
69,-0.031462174,0.11696695,0.0074518323,0.0025249466,-0.038914006,0.114442
70,1.2468351,0.5954965,0.80715865,0.5935606,0.43967646,0.0019358993
71,0.06487109,0.056849748,0.029471237,0.023181403,0.03539985,0.033668347
72,0.47300678,0.19237873,0.26978198,0.19504765,0.20322481,-0.0026689172
73,0.60783917,0.27019328,0.3586556,0.23972245,0.24918357,0.030470833
74,0.038448133,-0.012584429,0.016474515,0.01304508,0.021973617,-0.02562951
75,0.51736295,0.18099621,0.2723415,0.1991821,0.24502146,-0.018185884
76,0.8423616,0.3985192,0.54388607,0.3693784,0.29847556,0.0291408
77,0.028890261,0.043635465,0.013180772,0.008868424,0.01570949,0.03476704
78,0.99640495,0.42723832,0.57547075,0.44031924,0.4209342,-0.013080925
79,0.80560404,0.24041705,0.34587416,0.22483094,0.45972988,0.015586108
80,0.8554738,0.29045132,0.47143883,0.3102185,0.384035,-0.019767195
81,0.010117392,0.13489614,0.027792353,0.013625545,-0.01767496,0.1212706
82,-0.031381458,0.12039419,0.012461926,0.0055383327,-0.043843385,0.11485586
83,0.8557563,0.49738836,0.5704896,0.4262228,0.2852667,0.07116556
84,1.0674695,0.49365136,0.7368747,0.4787922,0.33059478,0.01485917
85,0.687829,0.34392163,0.43204126,0.3129693,0.25578776,0.030952334
86,0.03760243,0.062222496,0.045270514,0.030813675,-0.0076680854,0.03140882
87,0.2844612,0.09360178,0.14061734,0.09148954,0.14384386,0.0021122396
88,0.48285943,0.25052857,0.29430225,0.22741587,0.18855718,0.0231127
89,0.02972875,0.013580752,0.02451303,0.019948576,0.0052157193,-0.006367824
90,0.069948606,0.21590212,0.04794839,0.038681712,0.022000216,0.1772204
91,0.895992,0.5004637,0.629865,0.46057034,0.266127,0.03989339
92,0.055910036,0.04802629,0.020124633,0.0158658,0.035785403,0.03216049
93,0.503427,0.20828654,0.31445885,0.21883969,0.18896818,-0.010553151
94,0.8536223,0.33912387,0.60018134,0.3521176,0.25344098,-0.012993723
95,0.047023717,0.103292525,0.041478377,0.023548782,0.0055453405,0.07974374
96,0.025214469,0.053398896,0.019737147,0.016740188,0.0054773223,0.036658708
97,1.2030292,0.368981,0.46841836,0.3352591,0.7346108,0.033721894
98,1.0464851,0.57603705,0.7742287,0.53212345,0.27225637,0.043913603
99,0.14580373,0.15724891,0.11568668,0.074707866,0.030117057,0.08254105
100,0.07594696,0.024186686,0.03904416,0.028794969,0.036902796,-0.004608283
101,0.1518105,0.06750352,0.08938966,0.059039593,0.062420838,0.008463927
102,0.050433137,0.011911656,0.043613397,0.028407926,0.00681974,-0.01649627
103,0.078131475,0.1425447,0.06641976,0.045986272,0.011711717,0.09655843
104,-0.04014862,0.11506826,0.002331587,-0.0022120918,-0.042480208,0.11728035
105,0.92664516,0.45345768,0.5315238,0.3944791,0.39512134,0.058978587
106,0.11195943,0.02033218,0.10004604,0.058293056,0.011913389,-0.037960876
107,0.09805015,0.08263171,0.057799082,0.046136137,0.040251065,0.03649557
108,0.051567476,0.038812444,0.009305475,0.008300656,0.042262003,0.030511787
109,0.8246036,0.29473543,0.5037364,0.35437733,0.32086724,-0.059641898
110,0.0686661,0.11115538,0.04726205,0.03575973,0.02140405,0.07539566
111,0.9829788,0.33407173,0.4547805,0.30282065,0.52819836,0.031251073
112,0.007515073,-0.05414933,0.019859783,0.010198155,-0.0123447105,-0.06434748
113,0.93585736,0.48646086,0.5156168,0.4097774,0.42024058,0.07668346
114,0.07105351,0.14444023,0.059390992,0.039726853,0.0116625205,0.10471338
115,0.78366095,0.42194787,0.5143384,0.36204293,0.26932257,0.059904933
116,0.2193554,0.08967979,0.09884455,0.086825565,0.120510854,0.002854228
117,0.6142924,0.22909297,0.2834472,0.1967419,0.33084518,0.032351077
118,1.0580438,0.527266,0.7032827,0.53815556,0.35476112,-0.01088953
119,1.0418326,0.4494583,0.5859729,0.43894643,0.45585966,0.010511875
120,-0.027489694,0.12969665,0.019896638,0.009802458,-0.047386333,0.11989419
121,0.101208456,0.08647287,0.06640379,0.03668273,0.034804665,0.04979014
122,0.07915627,0.11849165,0.06619139,0.04700818,0.012964882,0.07148347
123,0.9834959,0.48009083,0.61066425,0.45768085,0.37283164,0.022409976
124,0.1915312,0.15319993,0.09909395,0.064640805,0.092437245,0.08855912
125,0.06428282,-0.019416137,0.04149803,0.021978762,0.022784788,-0.041394897
126,1.3291212,0.28362626,0.27752233,0.22556455,1.0515989,0.058061704
127,0.344576,0.20093979,0.26028982,0.19462577,0.08428618,0.0063140243
128,0.023761638,-0.013107753,0.0137429815,0.01017759,0.010018656,-0.023285344
129,0.8849074,0.37949312,0.5437336,0.37844148,0.34117383,0.0010516346
130,0.020420372,-0.03390028,0.013478896,0.011093256,0.006941477,-0.044993535
131,0.7528538,0.3062528,0.41384616,0.28634056,0.33900765,0.019912243
132,-0.02722764,0.11965161,0.0066949674,0.0025238055,-0.03392261,0.117127806
133,0.6904569,0.25701338,0.37390056,0.27595752,0.31655636,-0.018944144
134,0.8434896,0.3536083,0.4084526,0.28662425,0.435037,0.06698406
135,0.24800138,0.0846092,0.13654248,0.07780447,0.1114589,0.0068047345
136,0.09696939,0.06573313,0.072084,0.04472671,0.024885386,0.021006417
137,0.9149527,0.26497298,0.3051468,0.21517114,0.6098059,0.04980184
138,0.945112,0.4870775,0.57472,0.39897752,0.37039196,0.08809999
139,1.0460188,0.5305326,0.6564891,0.5052399,0.38952976,0.025292695
140,0.02792158,0.18184717,0.029600328,0.02046402,-0.001678748,0.16138315
141,0.24008605,0.120649084,0.16630134,0.09991649,0.07378471,0.020732597
142,0.027895425,-0.02704945,0.030196007,0.020407315,-0.0023005828,-0.047456764
143,0.6822018,0.2289298,0.26769367,0.181248,0.41450813,0.04768181
144,0.4329141,0.15475698,0.18911764,0.1530282,0.24379647,0.0017287731
145,0.047123756,0.042239696,0.04523365,0.03838419,0.001890108,0.003855504
146,0.12869261,0.076412715,0.09171291,0.07281977,0.036979705,0.0035929456
147,0.053247653,0.033041365,0.026270408,0.02455839,0.026977245,0.008482976
148,0.049525432,0.054301325,0.0290297,0.021553647,0.020495731,0.03274768
149,0.784899,0.2899075,0.42716923,0.27680627,0.35772976,0.01310122
150,0.89825886,0.33058298,0.5341676,0.3144836,0.36409128,0.016099364
151,0.24196331,0.15761805,0.16699544,0.13294977,0.074967876,0.024668276
152,0.6909727,0.19412327,0.23032193,0.17881396,0.46065074,0.015309304
153,0.0780507,0.066028774,0.05105555,0.043078892,0.026995152,0.022949882
154,0.99171257,0.5563387,0.7297764,0.56345236,0.2619362,-0.0071136355
155,0.05609303,0.0676649,0.048495926,0.03764578,0.0075971037,0.03001912
156,0.051342793,0.041611914,0.04152359,0.025201913,0.009819202,0.01641
157,0.8152906,0.43738404,0.5467483,0.40361047,0.2685423,0.03377357
158,0.055370014,0.0669893,0.06737439,0.05714841,-0.012004379,0.0098408945
159,0.2439959,0.17327072,0.20720935,0.17021216,0.036786556,0.0030585527
160,1.5511744,0.9161645,1.174833,0.8702122,0.37634134,0.04595232
161,0.1016814,0.05150074,0.05485835,0.044483595,0.046823047,0.007017147
162,1.04048,0.42458922,0.74769217,0.45842752,0.29278785,-0.033838302
163,0.7005186,0.31723225,0.42805004,0.31460935,0.27246857,0.0026229024
164,0.0747378,0.1560898,0.058444906,0.038889553,0.016292896,0.11720024
165,1.0281261,0.17263927,0.3098853,0.2305787,0.71824086,-0.05793944
166,0.9778447,0.5169376,0.6571504,0.48753443,0.32069433,0.02940318
167,0.04954203,0.12149853,0.046103906,0.028674338,0.0034381226,0.09282419
168,0.9738794,0.5256925,0.7082569,0.51180494,0.2656225,0.013887584
169,0.15517281,0.1831647,0.1000068,0.06241113,0.055166014,0.12075357
170,1.0818237,0.35414252,0.35870364,0.2982594,0.7231201,0.05588311
171,0.04275035,0.022783522,0.050332703,0.031175379,-0.0075823516,-0.008391857
172,0.5763626,0.2744879,0.3637218,0.25546575,0.21264082,0.019022167
173,0.02027181,-0.026695097,0.01964105,0.017722663,0.00063076057,-0.04441776
174,1.0666199,0.45327285,0.6981549,0.48046327,0.36846495,-0.027190417
175,0.27549157,0.12624212,0.15949619,0.112434685,0.11599538,0.013807431
176,0.082468696,0.103642955,0.052607395,0.037251163,0.029861301,0.066391796
177,0.04889172,0.009523547,0.049247418,0.03076725,-0.00035569817,-0.021243703
178,0.05599914,0.00086029945,0.03167533,0.025662577,0.02432381,-0.024802277
179,1.1971465,0.45605797,0.61247313,0.43749532,0.5846734,0.018562645
180,0.90877664,0.4466266,0.5616486,0.42296463,0.34712803,0.023661971
181,0.7462454,0.20269802,0.26399404,0.19477864,0.48225135,0.007919386
182,0.88281435,0.29630518,0.4491797,0.3123621,0.43363464,-0.016056925
183,0.07542155,-0.021827785,0.065649405,0.04412668,0.009772144,-0.06595446
184,0.009302813,0.040031124,0.0070635723,0.007801093,0.0022392403,0.03223003
185,0.12707601,0.003396632,0.06308105,0.043645,0.06399497,-0.040248368
186,1.2307395,0.41910133,0.4790495,0.34698883,0.75169,0.0721125
187,1.1016244,0.36551043,0.5794635,0.3779004,0.5221609,-0.012389958
188,0.9061139,0.5655022,0.7493452,0.54976565,0.15676874,0.01573658
189,1.3558269,0.5411903,0.80080813,0.5130862,0.5550187,0.028104126
190,0.8250821,0.42616743,0.5793406,0.40654787,0.24574155,0.019619554
191,0.33125237,0.10175859,0.12999935,0.08301722,0.20125301,0.01874137
192,1.0198206,0.4757633,0.55987775,0.41048115,0.45994282,0.065282136
193,0.08946243,0.09423857,0.05947441,0.03612149,0.02998802,0.05811708
194,0.51192695,0.19914909,0.2588315,0.16988556,0.25309545,0.029263526
195,0.055897035,-0.031325143,0.042143106,0.019763036,0.013753928,-0.051088177
196,0.60014415,0.18195313,0.27112612,0.17494969,0.32901803,0.0070034415
197,0.34851268,0.15466735,0.19446173,0.124219894,0.15405095,0.030447453
198,0.8507468,0.33287534,0.5195693,0.33897012,0.33117753,-0.0060947835
199,0.13123225,0.08135086,0.08824208,0.06955242,0.04299017,0.011798441
200,0.09805174,0.0034700027,0.08730976,0.051524818,0.010741979,-0.048054814
201,0.07374367,0.039626278,0.034671772,0.01581283,0.0390719,0.023813449
202,0.16133486,0.06311429,0.07851173,0.058427323,0.08282313,0.0046869703
203,0.18602814,0.11352619,0.1307945,0.10018821,0.055233642,0.013337977
204,0.20932676,0.12690374,0.16300079,0.11698349,0.046325967,0.009920254
205,1.0054084,0.38971692,0.52570254,0.39172006,0.47970587,-0.0020031333
206,0.5224398,0.2419837,0.2793904,0.19586064,0.24304938,0.046123058
207,0.010119767,-0.042306304,0.016054437,0.008555393,-0.0059346696,-0.050861698
208,0.3017733,0.055368025,0.1179,0.074735805,0.18387331,-0.01936778
209,0.87166893,0.16320843,0.3214899,0.21202639,0.550179,-0.048817962
210,0.5828689,0.16789523,0.26686192,0.16755928,0.31600696,0.00033594668
211,0.8926356,0.25144908,0.31572583,0.24263509,0.5769098,0.008813992
212,-0.04738289,0.12502031,-0.00036977613,-0.003327208,-0.047013115,0.12834752
213,0.7000816,0.21658865,0.24770412,0.18231139,0.45237747,0.03427726
214,0.86395645,0.37602934,0.45310956,0.33470616,0.4108469,0.041323185
215,0.0763925,0.01677636,0.06336422,0.041843444,0.013028279,-0.025067084
216,0.20871277,0.048708912,0.08732066,0.06414926,0.12139211,-0.015440349
217,0.6929111,0.26369047,0.37266785,0.24692568,0.32024324,0.01676479
218,0.08860031,0.066555366,0.066320874,0.04501433,0.022279434,0.021541037
219,0.7280807,0.21878788,0.31093955,0.23951177,0.41714114,-0.020723894
220,0.11880459,0.06517057,0.10069491,0.08351214,0.01810968,-0.018341571
221,0.6558858,0.23764777,0.32056946,0.23842397,0.33531636,-0.0007762015
222,0.5149884,0.19453162,0.26543242,0.1904084,0.249556,0.004123226
223,0.12863266,0.008186618,0.06421956,0.043064054,0.06441311,-0.034877434
224,1.1217363,0.60638237,0.78509295,0.6207019,0.33664334,-0.014319539
225,0.16164573,0.10097296,0.06930688,0.053242743,0.092338845,0.047730215
226,0.023544393,0.0027725692,0.0142759215,0.010582579,0.009268472,-0.00781001
227,1.025256,0.33689362,0.4753446,0.30421752,0.54991144,0.0326761
228,0.93414336,0.5690088,0.74394906,0.54459316,0.19019431,0.024415672
229,0.050601594,-0.020452928,0.02895863,0.018863816,0.021642964,-0.039316744
230,0.14457689,0.047614228,0.13897881,0.08534793,0.005598083,-0.0377337
231,0.081785984,0.0021551386,0.05668248,0.031952433,0.025103506,-0.029797295
232,-0.004851611,-0.010877108,0.008025025,0.0062932326,-0.012876635,-0.01717034
233,0.18619867,0.06181347,0.124352135,0.07379569,0.061846532,-0.011982221
234,0.827285,0.31422725,0.49433008,0.32857352,0.3329549,-0.014346272
235,0.04127001,0.060281914,0.034660816,0.02325683,0.006609194,0.037025083
236,0.06607787,0.03559917,0.035835546,0.026032677,0.030242328,0.0095664915
237,0.17404427,0.07982211,0.1001657,0.06380512,0.073878564,0.01601699
238,0.8941543,0.19504297,0.20157607,0.16999727,0.69257826,0.025045693
239,0.9545201,0.09896289,0.16735086,0.122122765,0.7871692,-0.023159876
240,1.0702014,0.6111243,0.8727174,0.5776454,0.19748402,0.033478856
241,0.8806213,0.20534672,0.3313716,0.21978095,0.5492497,-0.014434233
242,0.061175548,0.039501965,0.045132868,0.035746485,0.01604268,0.00375548
243,0.6418534,0.13464125,0.21823934,0.09406245,0.42361405,0.040578797
244,0.031701617,0.09204565,0.022951445,0.018790955,0.008750172,0.0732547
245,0.8257855,0.4109642,0.6056505,0.45664996,0.22013503,-0.045685768
246,0.059731945,0.03710208,0.032638617,0.024481967,0.027093329,0.012620114
247,0.94863445,0.56130475,0.75069463,0.5410712,0.19793981,0.020233572
248,0.81402564,0.395774,0.46682024,0.35665745,0.3472054,0.03911656
249,0.7008032,0.3225404,0.4656566,0.32755893,0.23514661,-0.0050185323
250,0.05773205,0.03661556,0.034508113,0.024126738,0.023223937,0.012488823
251,0.038306106,0.003185855,0.061680764,0.041864138,-0.023374658,-0.038678285
252,0.06840466,-0.024895996,0.038534738,0.021491535,0.029869922,-0.04638753
253,1.0069858,0.32509542,0.38240394,0.2501109,0.6245818,0.07498452
254,0.035897616,0.039831895,0.026063025,0.023609716,0.009834591,0.016222179
255,0.59908926,0.23893867,0.31088954,0.22761187,0.28819972,0.011326805
256,0.0708076,0.0082448665,0.050735474,0.03419042,0.020072125,-0.025945554
257,-0.021745363,0.1200334,0.013716486,0.006527342,-0.03546185,0.11350606
258,0.05482636,-0.043276798,0.044478197,0.023305383,0.010348164,-0.06658218
259,0.7421544,0.34862065,0.45974374,0.32388967,0.28241068,0.02473098
260,0.13681109,0.02843427,0.09057668,0.050826717,0.046234414,-0.022392448
261,0.030363806,0.0100357095,0.025808055,0.014681813,0.0045557506,-0.004646104
262,-0.008732664,0.003756697,0.0052348874,0.0035630516,-0.013967551,0.00019364548
263,0.62286764,0.26711243,0.2957546,0.22642756,0.32711303,0.04068488
264,0.833282,0.46530467,0.5770652,0.40517655,0.25621676,0.060128123
265,1.020718,0.25834987,0.33934152,0.24892437,0.68137646,0.009425491
266,0.5453183,0.20320271,0.31422588,0.21152365,0.23109242,-0.0083209425
267,1.0159326,0.5122279,0.77739465,0.52815723,0.23853791,-0.015929341
268,0.98351336,0.52571565,0.7015398,0.520984,0.28197354,0.004731655
269,0.6173388,0.25499785,0.34198415,0.24906239,0.27535462,0.0059354603
270,0.1431712,0.09899182,0.07884588,0.061822556,0.064325325,0.037169263
271,0.10675617,0.086677,0.050776154,0.035815112,0.05598002,0.050861888
272,0.6917001,0.24112044,0.29534054,0.20649603,0.39635956,0.034624413
273,0.7787942,0.2275316,0.32733005,0.21391726,0.45146418,0.013614342
274,0.7646483,0.34780893,0.44931394,0.32675475,0.31533438,0.021054178
275,0.09463582,-0.0030729866,0.07057844,0.047988106,0.02405738,-0.051061094
276,0.01595205,0.0022803242,0.007946138,0.008980411,0.008005912,-0.006700087
277,0.94121706,0.15598963,0.28055793,0.20106587,0.66065913,-0.045076236
278,-0.046745013,0.12910004,0.0059824595,0.0021470673,-0.052727472,0.12695298
279,0.23700216,0.21622746,0.1903311,0.15016718,0.046671063,0.066060275
280,0.6014262,0.2792468,0.4153615,0.26353106,0.18606469,0.015715748
281,0.26961526,0.06041941,0.11729187,0.07583594,0.1523234,-0.015416533
282,-0.0017527848,0.114425026,0.02245575,0.01581437,-0.024208535,0.098610654
283,0.03909235,-0.021144487,0.04466916,0.03038547,-0.005576808,-0.05152996
284,0.87373734,0.39016777,0.55146766,0.34997928,0.32226968,0.04018849
285,0.22112572,0.12245627,0.13347852,0.11188678,0.0876472,0.0105694905
286,0.013888548,0.13780507,0.013434651,0.0121147875,0.00045389682,0.12569028
287,0.7522574,0.29892436,0.35489172,0.26366472,0.3973657,0.035259634
288,0.6966134,0.3294492,0.45315775,0.30064723,0.24345562,0.028801978
289,-0.007840024,0.01989033,0.01177244,0.01187706,-0.019612465,0.008013271
290,1.0697685,0.34840477,0.4737646,0.3461149,0.59600395,0.0022898614
291,0.5759045,0.26631427,0.36126482,0.25733232,0.21463966,0.008981943
292,0.068755575,0.12092595,0.042282935,0.02774756,0.02647264,0.09317839
293,0.8424815,0.24418864,0.5011806,0.2854217,0.3413009,-0.041233063
294,0.23069492,0.06829732,0.10309514,0.06330754,0.12759978,0.0049897805
295,0.6945321,0.35690632,0.4801216,0.34816512,0.21441048,0.0087412
296,0.6724216,0.24987096,0.32581145,0.21578522,0.34661013,0.034085736
297,0.7386486,0.32829577,0.43453208,0.29923767,0.30411652,0.029058099
298,0.10686781,0.06650039,0.051751174,0.03987769,0.05511664,0.026622698
299,0.051831774,-0.017590506,0.04342579,0.025252301,0.008405983,-0.042842805
300,0.5804394,0.24739341,0.3098681,0.18921599,0.2705713,0.058177426
301,1.0193024,0.35659313,0.5083695,0.35526448,0.51093286,0.0013286471
302,0.77692354,0.40171114,0.5313857,0.38450855,0.24553782,0.017202586
303,0.174273,0.06540736,0.093071476,0.06777926,0.08120152,-0.0023718998
304,0.05458534,0.13193077,0.03294513,0.028487781,0.021640211,0.10344299
305,0.9017088,0.4040926,0.6275257,0.43569273,0.2741831,-0.031600118
306,1.0256159,0.56003296,0.77379817,0.5176858,0.25181776,0.042347193
307,0.8852633,0.30039394,0.3676745,0.27503783,0.51758885,0.025356114
308,0.9489168,0.3191896,0.42059335,0.34042478,0.5283234,-0.021235168
309,0.17907627,0.18578917,0.11808916,0.07726662,0.060987107,0.10852255
310,0.0549133,0.042190507,0.030079294,0.028275464,0.024834007,0.013915043
311,0.46545148,0.14244384,0.1644558,0.1112933,0.30099568,0.031150535
312,0.08077705,0.0054487176,0.024650559,0.014054634,0.05612649,-0.008605916
313,0.6247119,0.22931597,0.35556474,0.262756,0.26914713,-0.033440024
314,0.12710036,0.035861455,0.08488179,0.06283054,0.042218573,-0.026969083
315,0.08835614,0.037106883,0.037260927,0.025273528,0.05109521,0.011833355
316,0.022747438,0.022808788,0.013041536,0.009321876,0.009705902,0.0134869125
317,0.08727832,0.16177806,0.0638493,0.049732853,0.023429021,0.11204521
318,0.08594496,0.03148577,0.053753305,0.046079893,0.032191653,-0.014594123
319,0.024967154,0.13584176,0.030961584,0.022031467,-0.00599443,0.113810286
320,1.0262362,0.302475,0.36965418,0.28877163,0.656582,0.013703376
321,0.6115573,0.24718526,0.33337706,0.25762802,0.27818024,-0.010442764
322,0.37213978,0.063958265,0.07181254,0.043069456,0.30032724,0.02088881
323,0.14837433,0.15687713,0.0880547,0.06413861,0.060319632,0.09273852
324,0.002261356,0.010415245,0.015802141,0.011476354,-0.013540786,-0.0010611089
325,0.0057384185,-0.04937441,0.011631327,0.004284311,-0.005892908,-0.05365872
326,0.29072052,0.1391103,0.16170631,0.10675243,0.12901421,0.032357864
327,0.06470076,0.13755696,0.04368668,0.032611683,0.02101408,0.10494527
328,0.052308664,0.04395514,0.016985022,0.012652652,0.035323642,0.03130249
329,0.0411882,0.15070713,0.030775141,0.022563476,0.010413058,0.12814365
330,-0.041765083,0.15371527,0.007701005,0.0015295341,-0.04946609,0.15218574
331,-0.012788704,0.21926765,0.020773243,0.017111823,-0.033561945,0.20215583
332,0.09597868,0.08962446,0.06045834,0.044291537,0.035520338,0.04533292
333,0.24005315,0.14036478,0.11376977,0.086857766,0.12628338,0.053507015
334,-0.04435987,0.11183351,0.004741391,-0.0003688909,-0.049101263,0.112202406
335,1.4974756,0.55312043,0.7714507,0.5961312,0.7260249,-0.04301077
336,0.76956344,0.413746,0.51103264,0.34073704,0.2585308,0.073008955
337,0.70744544,0.1524246,0.19099356,0.13914306,0.5164519,0.013281539
338,0.016305339,0.046109494,0.03509593,0.03309234,-0.018790592,0.013017155
339,-0.002667659,0.0037989463,0.011978271,0.008243309,-0.01464593,-0.004444363
340,0.040383257,0.048043765,0.020486264,0.011796123,0.019896993,0.03624764
341,0.0304789,0.0015194811,0.016493995,0.0126807345,0.013984906,-0.011161254
342,0.1238996,0.08217947,0.06944247,0.053697884,0.054457128,0.028481588
343,0.22325669,0.10468993,0.120266125,0.07970799,0.10299057,0.024981946
344,-0.01783422,0.121418044,0.0133750085,0.0072335065,-0.031209229,0.114184536
345,0.6037264,0.13109583,0.19208097,0.16924442,0.4116454,-0.038148597
346,0.08002268,-0.004411625,0.042275406,0.031494208,0.03774727,-0.035905834
347,0.05964865,0.048945494,0.046450682,0.033815213,0.01319797,0.015130281
348,0.31731057,0.16237833,0.18129782,0.1405063,0.13601275,0.021872029
349,0.10753212,0.10834431,0.0748673,0.04654671,0.03266482,0.0617976
350,0.11082409,0.028048556,0.078828655,0.055658806,0.031995438,-0.02761025
351,1.3565406,0.61198366,0.79996955,0.53185445,0.556571,0.080129206
352,0.0069303797,0.112366684,0.019174108,0.010501209,-0.012243729,0.10186548
353,0.8665407,0.31452492,0.5048026,0.34659946,0.3617381,-0.03207454
354,0.19242167,0.1326515,0.16748938,0.12570092,0.024932295,0.006950572
355,0.114545606,0.1467273,0.077642485,0.058651857,0.03690312,0.08807544
356,0.79275346,0.37954977,0.5410547,0.37733662,0.25169873,0.0022131503
357,0.82853097,0.34149045,0.42100206,0.3226724,0.4075289,0.01881805
358,0.6711888,0.23041302,0.3049347,0.21469772,0.36625406,0.015715301
359,0.05010635,-0.015944285,0.0360078,0.01859745,0.014098551,-0.034541734
360,0.92169666,0.4047749,0.49835443,0.34808514,0.42334223,0.05668977
361,0.02483542,-0.00855364,0.045563266,0.028359612,-0.020727845,-0.036913253
362,0.69057226,0.2688625,0.34281722,0.27466884,0.34775504,-0.0058063567
363,0.6237995,0.23028105,0.32280365,0.23123951,0.30099586,-0.0009584576
364,0.3598501,0.13550986,0.1572757,0.10729726,0.2025744,0.028212607
365,0.031849205,-0.021354733,0.02653495,0.02165896,0.005314255,-0.043013692
366,0.6230796,0.20914432,0.28317028,0.18787372,0.33990932,0.021270603
367,0.847606,0.2804893,0.34457222,0.25369334,0.50303376,0.026795954
368,0.7596061,0.33513814,0.57177365,0.34146258,0.18783247,-0.0063244402
369,0.08488437,0.06025722,0.052841414,0.036490608,0.032042954,0.02376661
370,0.2944921,0.20600487,0.23273948,0.16798122,0.061752617,0.03802365
371,0.80781835,0.39013574,0.5014464,0.35569933,0.30637193,0.034436405
372,0.18283749,0.08786068,0.1405426,0.107978,0.04229489,-0.02011732
373,0.81121814,0.24666268,0.35165113,0.24243943,0.459567,0.0042232424
374,-0.011398085,0.25110137,0.024644129,0.017812718,-0.036042213,0.23328866
375,0.03387161,0.053288985,0.023194049,0.018328506,0.010677561,0.03496048
376,0.75469154,0.33891493,0.39625233,0.3000866,0.3584392,0.038828343
377,0.5513475,0.25579095,0.30347946,0.22049919,0.24786803,0.03529176
378,0.15565282,0.04635958,0.09539709,0.051934324,0.06025573,-0.005574744
379,0.7028292,0.34480482,0.45922485,0.3402583,0.24360433,0.004546523
380,0.1167271,0.14054646,0.107895896,0.05972808,0.008831203,0.08081838
381,0.12530933,0.050699893,0.101145886,0.05745857,0.024163447,-0.006758675
382,0.06941527,0.04311649,0.039374135,0.029577345,0.030041136,0.013539147
383,0.8036884,0.29175916,0.49480647,0.33031717,0.30888194,-0.038558006
384,0.54977274,0.29811567,0.34937543,0.2609929,0.20039731,0.037122756
385,0.6265393,0.20300673,0.20312801,0.14566655,0.42341128,0.057340175
386,0.3067103,0.09832199,0.18849751,0.120452,0.11821279,-0.022130013
387,0.050139025,0.059042647,0.03804668,0.026129767,0.012092344,0.03291288
388,0.55954665,0.1799393,0.26924795,0.16989358,0.2902987,0.010045722
389,-0.0064553027,-0.009675892,0.022466097,0.013263236,-0.0289214,-0.022939127
390,1.030803,0.40994605,0.5543772,0.4225813,0.47642577,-0.012635231
391,-0.037688565,0.116764575,0.011267664,0.005561424,-0.04895623,0.11120315
392,0.753358,0.4069137,0.46750385,0.34834522,0.28585416,0.058568478
393,0.008336496,0.018343855,0.01270414,0.012690286,-0.004367644,0.0056535685
394,-0.0061719106,0.024529507,0.0071411356,0.007878745,-0.013313046,0.016650762
395,0.060678013,0.06758409,0.041009024,0.033437837,0.019668989,0.034146253
396,0.15679455,0.049222346,0.10483482,0.07921312,0.05195973,-0.029990774
397,0.58959687,0.21721667,0.28958195,0.20491576,0.3000149,0.012300909
398,0.07370287,-0.013231442,0.051552992,0.03423482,0.02214988,-0.047466263
399,0.11488882,0.093581825,0.11206864,0.0879257,0.0028201789,0.005656123
400,0.92817324,0.39985582,0.48209628,0.353,0.44607696,0.046855837
401,0.59876835,0.14431746,0.18705854,0.137265,0.41170982,0.0070524663
402,0.87007415,0.35476467,0.49983978,0.3313659,0.37023437,0.023398757
403,0.04098343,0.04269404,0.0314253,0.025130432,0.00955813,0.017563608
404,0.71093094,0.27239874,0.48405474,0.30842376,0.2268762,-0.036025017
405,0.9289671,0.40562496,0.55503356,0.40322685,0.37393355,0.0023981035
406,0.13962379,0.09112743,0.07665521,0.05199837,0.06296858,0.039129063
407,0.10358804,0.040362924,0.04845623,0.03985723,0.055131808,0.00050569326
408,0.10351723,0.0914211,0.090828344,0.07331732,0.012688883,0.018103778
409,0.15033695,0.13360907,0.11551224,0.070250615,0.034824714,0.063358456
410,0.6305834,0.35026187,0.38502932,0.29930773,0.24555409,0.050954133
411,0.13507429,0.075485125,0.08277676,0.059014,0.052297525,0.016471125
412,0.0020898276,0.04828764,0.0065702973,0.0069737127,-0.00448047,0.041313928
413,0.11086811,0.06690655,0.06867339,0.05754168,0.042194724,0.009364869
414,0.04460531,0.15369995,0.04028033,0.03399294,0.00432498,0.11970701
415,0.13579336,0.09801445,0.10109164,0.0758392,0.03470172,0.022175252
416,0.04627332,0.018083053,0.024339963,0.016430903,0.021933358,0.0016521495
417,0.0364488,0.028366948,0.018231828,0.012718472,0.018216971,0.015648477
418,0.80061305,0.25085175,0.35195673,0.23724225,0.44865632,0.013609499
419,0.0017569832,-0.06494226,0.022926386,0.01029159,-0.021169404,-0.075233854
420,0.056507852,0.026535261,0.0470492,0.030093264,0.009458654,-0.0035580024
421,0.0005671223,-0.01936906,0.017280031,0.01330093,-0.01671291,-0.03266999
422,0.06475732,0.026796559,0.03621621,0.026508525,0.028541107,0.00028803386
423,-0.0016740157,-0.051756755,0.026765723,0.012423677,-0.028439738,-0.064180434
424,0.049369585,0.01106498,0.027721649,0.026730549,0.021647936,-0.015665568
425,0.18176699,0.18254066,0.14467418,0.093716905,0.037092805,0.08882375
426,0.041276827,-0.031399757,0.031519044,0.014501557,0.009757783,-0.045901313
427,0.13924997,0.13502365,0.088095665,0.055603337,0.0511543,0.07942031
428,0.10794689,0.08245467,0.10021057,0.07475412,0.007736318,0.0077005476
429,0.9498454,0.43063226,0.5192738,0.39638528,0.43057156,0.03424698
430,0.031978168,0.033238526,0.03605771,0.02874822,-0.004079543,0.0044903066
431,0.040783063,-0.014960769,0.060394026,0.03717982,-0.019610964,-0.05214059
432,0.41455865,0.21460749,0.29428548,0.20087537,0.12027317,0.01373212
433,0.034394562,0.02090933,0.024887692,0.013082449,0.00950687,0.007826881
434,0.5767249,0.19897321,0.29493204,0.20239499,0.28179285,-0.0034217834
435,-0.010133487,-0.047237467,0.006453292,-0.0023886098,-0.016586779,-0.044848856
436,0.10528857,0.07697877,0.06905721,0.05301522,0.03623136,0.023963552
437,0.013097643,0.03365319,0.019211931,0.015855594,-0.0061142882,0.017797595
438,-0.021191694,0.12364313,0.016005937,0.0063113645,-0.03719763,0.117331766
439,0.67073536,0.1658425,0.18215021,0.15547994,0.48858514,0.0103625655
440,0.7006694,0.27352476,0.29751116,0.22667675,0.40315825,0.046848014
441,0.039392084,0.049015574,0.027930707,0.022227747,0.011461377,0.026787827
442,0.12716247,0.1461477,0.108095765,0.0820802,0.019066706,0.0640675
443,0.75880843,0.3116015,0.4231721,0.29383695,0.33563635,0.017764539
444,0.8888307,0.18895373,0.29832676,0.22540994,0.59050393,-0.036456212
445,1.108518,0.38296768,0.6370026,0.44690576,0.47151542,-0.06393808
446,0.1721509,0.041489333,0.042036165,0.03392872,0.13011473,0.0075606145
447,0.787828,0.14079654,0.22163686,0.15362433,0.5661912,-0.012827784
448,0.069255464,0.048704993,0.04285033,0.032108378,0.026405133,0.016596615
449,0.051026672,0.024253722,0.049574025,0.043035455,0.0014526471,-0.018781733
450,0.05429035,0.037554752,0.03154165,0.022658031,0.022748701,0.014896721
451,0.68364495,0.2648613,0.34914738,0.2518622,0.33449757,0.012999088
452,0.3841999,0.204495,0.2747733,0.1864146,0.10942659,0.018080398
453,0.79263616,0.35742936,0.4357562,0.3107344,0.35687995,0.046694964
454,0.7380769,0.25646204,0.36945653,0.27835813,0.3686204,-0.021896094
455,0.7219516,0.3555809,0.44976148,0.34321585,0.27219012,0.012365043
456,0.038460553,0.02742028,0.015750766,0.013469663,0.022709787,0.013950617
457,0.9461946,0.46341255,0.6262897,0.44774842,0.31990486,0.01566413
458,0.9459108,0.50833863,0.66156137,0.475279,0.28434944,0.033059627
459,0.30039835,0.14411023,0.15051982,0.102491155,0.14987853,0.041619077
460,0.056336585,0.022536753,0.012463981,0.010007357,0.043872602,0.0125293955
461,0.72334737,0.35191312,0.49291283,0.34167498,0.23043454,0.010238141
462,0.036649168,0.023205698,0.015414951,0.014621447,0.021234216,0.008584251
463,1.2758874,0.621899,0.80412596,0.5796306,0.4717614,0.042268395
464,0.24608718,0.16963744,0.1741462,0.13772857,0.07194097,0.03190887
465,0.041250356,0.09303977,0.043415964,0.026818544,-0.002165608,0.06622123
466,1.0096477,0.5542945,0.76693815,0.56670237,0.24270958,-0.012407839
467,-0.038671024,0.111192085,0.0036566257,-0.000982947,-0.04232765,0.11217503
468,0.86411154,0.25379744,0.42283526,0.25741765,0.44127628,-0.0036202073
469,0.7147296,0.25609264,0.3493211,0.2519817,0.3654085,0.0041109324
470,0.08254833,0.042021498,0.042670272,0.025841122,0.039878055,0.016180376
471,0.054723963,0.04415498,0.046779066,0.029663566,0.007944897,0.014491413
472,0.5285399,0.21980785,0.31236377,0.21566308,0.21617612,0.004144773
473,0.9821394,0.41339478,0.6203567,0.39727035,0.36178273,0.016124427
474,0.6892314,0.26910204,0.29536447,0.2026132,0.39386693,0.06648883
475,0.056886446,0.03632096,0.038848884,0.029837037,0.018037561,0.006483922
476,0.033406615,0.026223868,0.02175971,0.02137598,0.011646906,0.004847888
477,0.037517637,-0.018541785,0.040281184,0.027682424,-0.002763547,-0.046224207
478,0.6746184,0.31696916,0.37962335,0.29582456,0.29499507,0.021144599
479,0.028491186,-0.04475575,0.011553384,0.0049933023,0.016937802,-0.04974905
480,0.049602535,0.028255478,0.0275434,0.02132615,0.022059135,0.006929327
481,0.5975621,0.21420164,0.28350043,0.20670903,0.31406164,0.007492617
482,0.68990034,0.41625944,0.55531704,0.39973366,0.1345833,0.016525775
483,0.037958223,0.01243928,0.024092603,0.022049755,0.01386562,-0.009610475
484,0.82329774,0.4293045,0.47823206,0.35677722,0.34506568,0.07252729
485,0.90147585,0.23168987,0.27169484,0.18693864,0.629781,0.044751227
486,0.017393023,-0.02127811,0.018087395,0.01076151,-0.00069437176,-0.03203962
487,0.7038325,0.0505041,0.12547131,0.07414478,0.5783612,-0.023640681
488,0.047619704,0.05084401,0.022826636,0.016782392,0.024793068,0.03406162
489,0.77504134,0.3087402,0.32425398,0.23677449,0.45078737,0.07196571
490,-0.039446246,0.16322142,0.022346588,0.0077472464,-0.061792836,0.15547417
491,0.0063290833,-0.033122566,0.014370143,0.008867897,-0.00804106,-0.041990463
492,0.11912508,0.042743202,0.08470129,0.050622266,0.03442379,-0.0078790635
493,0.051837917,0.0040297583,0.030557668,0.025293758,0.02128025,-0.021264
494,0.05071623,0.042221222,0.03342386,0.01750599,0.01729237,0.024715232
495,0.09733464,0.07645676,0.0673038,0.0495862,0.03003084,0.026870564
496,0.10182629,0.06476997,0.05860003,0.042498626,0.043226257,0.022271343
497,0.8567125,0.46764192,0.6319622,0.40923327,0.22475034,0.058408648
498,-0.0042135045,0.18480195,0.037686575,0.023828521,-0.04190008,0.16097343
499,0.7105196,0.32858175,0.42285934,0.30566293,0.28766027,0.02291882
500,0.052366152,-0.011895656,0.035021916,0.018418673,0.017344236,-0.03031433
501,0.6848034,0.23182309,0.3868379,0.23782328,0.29796553,-0.006000191
502,0.02878734,0.12685812,0.015198047,0.01043546,0.013589292,0.11642265
503,0.056431524,-0.021326557,0.03677001,0.024819143,0.019661516,-0.0461457
504,0.119061984,0.0071939104,0.079790056,0.037703805,0.03927193,-0.030509895
505,0.5332424,0.29948196,0.4066485,0.3199837,0.12659392,-0.020501733
506,0.03192089,0.064320944,0.0185276,0.014473599,0.01339329,0.049847346
507,0.07428214,0.13797702,0.051768083,0.045112554,0.022514056,0.09286447
508,0.0202265,0.009365262,0.014413113,0.008345276,0.005813388,0.0010199863
509,-0.009398626,0.1032234,0.018110838,0.016267845,-0.027509464,0.086955555
510,-0.026684398,-0.019165019,-0.004577992,0.00038043613,-0.022106405,-0.019545455
511,0.70792973,0.306147,0.40590897,0.27374062,0.30202076,0.03240639
512,0.0655486,0.19447419,0.06534959,0.026006442,0.00019901246,0.16846775
513,0.02724282,0.019114513,0.017272903,0.016508434,0.009969918,0.002606079
514,0.95828027,0.61448014,0.76041275,0.5858169,0.19786751,0.028663218
515,0.9378577,0.2379051,0.33032054,0.24598987,0.60753715,-0.008084774
516,0.78228414,0.3566252,0.44126576,0.31359157,0.34101838,0.04303363
517,0.05915209,0.059000496,0.048679657,0.03986885,0.010472432,0.019131646
518,0.56270605,0.25292647,0.356677,0.24961337,0.20602906,0.0033130944
519,0.319004,0.093242906,0.10978018,0.07844342,0.20922382,0.014799483
520,1.0565274,0.5684274,0.7527951,0.5093686,0.30373228,0.059058785
521,0.05486743,-0.0031558315,0.06323905,0.04081601,-0.008371621,-0.04397184
522,0.6908516,0.24743867,0.38176638,0.23664734,0.30908525,0.0107913315
523,0.9944129,0.48236823,0.64000744,0.44050336,0.35440546,0.041864872
524,-0.0068492074,-0.026844284,0.019596878,0.012796541,-0.026446085,-0.039640825
525,0.9315345,0.534232,0.7074243,0.55137575,0.22411025,-0.017143726
526,0.88016593,0.35101908,0.48932257,0.36017275,0.39084336,-0.009153664
527,0.014044818,0.11557167,0.043230634,0.029666603,-0.029185817,0.08590507
528,0.07116498,0.05144068,0.046949416,0.035465356,0.024215564,0.015975323
529,0.06215671,0.0012442524,0.067424685,0.04538294,-0.005267974,-0.04413869
530,0.701703,0.37241164,0.51088995,0.38773987,0.19081306,-0.0153282285
531,0.10131105,0.011273916,0.07007274,0.050530523,0.03123831,-0.039256606
532,1.0575278,0.163923,0.39810532,0.27105272,0.65942246,-0.10712972
533,1.3140204,0.72093797,1.0903962,0.733077,0.22362423,-0.012139022
534,0.9514758,0.49454296,0.61617815,0.4588293,0.33529764,0.035713643
535,0.6404418,0.35284632,0.47333702,0.30334362,0.16710475,0.0495027
536,0.0547251,0.03723484,0.04228457,0.023512943,0.012440529,0.013721896
537,-0.005145538,0.07413006,0.008539792,0.004543881,-0.013685331,0.06958618
538,0.79427195,0.3776661,0.5397867,0.39285418,0.25448525,-0.015188098
539,0.07326391,0.119752884,0.06621866,0.039473943,0.007045254,0.08027894
540,0.91332203,0.33964506,0.39059108,0.2926723,0.52273095,0.04697275
541,1.1524802,0.47933298,0.60558236,0.45975208,0.5468979,0.0195809
542,0.6706886,0.28282684,0.30925065,0.20958583,0.36143798,0.07324101
543,0.06929301,0.050960228,0.05271884,0.03877417,0.016574167,0.012186058
544,0.7867261,0.35268694,0.38948575,0.2822109,0.39724037,0.070476055
545,1.0237745,0.42633024,0.5475323,0.39385015,0.47624218,0.03248009
546,0.05146854,0.00462685,0.033738744,0.02306672,0.017729796,-0.01843987
547,0.93039757,0.29012942,0.3853794,0.24664769,0.5450182,0.043481737
548,0.09586573,0.022233803,0.05459998,0.03457453,0.041265745,-0.012340728
549,0.020317117,-0.026176138,0.013376733,0.011979476,0.0069403835,-0.038155615
550,0.8224341,0.40110007,0.50238746,0.38180494,0.32004666,0.019295126
551,0.5212636,0.17905547,0.1888654,0.11646138,0.3323982,0.062594086
552,0.04632467,0.105038784,0.05426673,0.027579993,-0.007942058,0.07745879
553,0.019256577,0.12772734,0.009843213,0.0077128247,0.009413364,0.12001452
554,0.023638377,-0.03895983,0.010748683,0.0071989074,0.012889694,-0.04615874
555,0.005797361,0.12292459,0.031692993,0.018812561,-0.025895633,0.10411203
556,0.8302646,0.3497937,0.537373,0.35992163,0.29289162,-0.010127932
557,0.08974302,0.05776444,0.0567617,0.03972461,0.032981317,0.01803983
558,0.06030431,0.058517575,0.041047562,0.029775169,0.019256748,0.028742407
559,0.59822446,0.21749057,0.36736536,0.23754504,0.2308591,-0.020054474
560,0.76156616,0.29305816,0.47852784,0.3003018,0.28303832,-0.0072436333
561,0.7105298,0.29754528,0.3611313,0.2704255,0.3493985,0.027119786
562,0.111690275,0.009896837,0.08507896,0.04660075,0.026611313,-0.036703914
563,0.028736722,0.021975266,0.0268244,0.011431336,0.0019123219,0.010543929
564,1.0727926,0.4036767,0.83091164,0.4302969,0.24188101,-0.02662021
565,0.7966531,0.32952055,0.49858642,0.3446117,0.29806668,-0.015091151
566,0.91458356,0.34360343,0.4065711,0.32641822,0.5080125,0.017185211
567,0.073006615,0.029793119,0.043746807,0.02941646,0.029259808,0.0003766585
568,0.638386,0.30420926,0.4176407,0.2875573,0.22074533,0.016651958
569,0.6443405,0.27888528,0.3765108,0.26377136,0.26782972,0.01511392
570,0.6175469,0.24552728,0.2433383,0.16638018,0.37420863,0.0791471
571,0.21350898,0.12652785,0.13395558,0.087995015,0.079553396,0.03853283
572,0.035897702,0.25340444,0.052556783,0.03680446,-0.016659081,0.21659997
573,1.0567441,0.62001425,0.7597598,0.57857144,0.29698431,0.04144281
574,1.001878,0.44143155,0.57950306,0.41855603,0.42237496,0.022875518
575,-0.02928781,0.101240024,0.0064274995,0.0013336648,-0.035715308,0.09990636
576,0.95476246,0.41248178,0.5478214,0.3869172,0.40694106,0.025564581
577,0.09824629,0.060741905,0.05695014,0.050063394,0.04129615,0.010678511
578,0.8979803,0.48458785,0.6059421,0.47949195,0.2920382,0.005095899
579,0.9985707,0.44919643,0.5841595,0.4193243,0.4144112,0.02987212
580,0.2020846,0.070990324,0.09344337,0.06437005,0.10864123,0.006620273
581,0.7601415,0.34531277,0.502929,0.34873047,0.25721252,-0.0034177005
582,0.66338617,0.31390563,0.40740904,0.28375545,0.25597712,0.030150175
583,0.031399477,0.048371322,0.0148563655,0.013132932,0.016543113,0.035238393
584,0.030915882,0.12175267,0.01797303,0.015945474,0.012942852,0.1058072
585,0.03295094,-0.026831374,0.02850919,0.020843778,0.004441751,-0.04767515
586,0.04711169,0.043375276,0.02842934,0.023340631,0.01868235,0.020034645
587,-0.01898073,0.15284863,0.007539754,0.0028391513,-0.026520483,0.15000948
588,1.1574717,0.5518933,0.7468082,0.48144454,0.4106635,0.070448756
589,0.30272457,0.17796212,0.17069083,0.115712166,0.13203374,0.06224996
590,0.71200156,0.3328321,0.47529626,0.34073168,0.2367053,-0.007899582
591,0.7027966,0.34002265,0.43762073,0.31636065,0.26517585,0.023662
592,0.24830304,0.06720192,0.10585419,0.06753512,0.14244884,-0.00033319741
593,0.8283631,0.3458364,0.47670475,0.35075897,0.35165837,-0.004922569
594,0.8147843,0.3396515,0.48026618,0.32721782,0.3345181,0.012433678
595,0.73993254,0.2214617,0.32131618,0.21468787,0.41861635,0.0067738295
596,0.6476792,0.2044652,0.27097887,0.1942779,0.37670034,0.010187298
597,0.26541275,0.17450239,0.20166603,0.14209569,0.06374672,0.032406703
598,0.023910386,3.0264358e-05,0.015660558,0.013888979,0.008249829,-0.013858715
599,0.22105423,0.11093291,0.12902142,0.07571429,0.092032805,0.03521862
600,0.7229267,0.34439096,0.4440062,0.316925,0.27892047,0.02746597
601,0.077899545,0.04658631,0.04420135,0.022451535,0.033698194,0.024134774
602,0.6506266,0.1888321,0.27213147,0.20976229,0.37849513,-0.020930186
603,0.04759717,-0.005384562,0.039768875,0.021507176,0.007828295,-0.026891738
604,0.76619935,0.43153945,0.6039807,0.44011354,0.16221863,-0.008574098
605,0.27176052,0.15165986,0.17858745,0.11237212,0.09317307,0.03928774
606,0.8939403,0.48168817,0.6336641,0.4620971,0.26027626,0.019591063
607,0.053153157,0.023603166,0.037429594,0.02465855,0.015723564,-0.001055384
608,0.75725424,0.34208384,0.49228358,0.3644449,0.26497066,-0.02236107
609,0.6856472,0.34262556,0.45805758,0.3305969,0.2275896,0.012028664
610,0.29171813,0.15030953,0.16341922,0.11345967,0.12829891,0.036849864
611,0.07369509,0.04661972,0.037260603,0.024937024,0.03643449,0.021682696
612,0.14569233,0.026137047,0.0905864,0.05991838,0.055105932,-0.033781335
613,0.012312751,-0.055431888,0.015622248,0.008735156,-0.0033094967,-0.064167045
614,0.88868815,0.45916495,0.62682056,0.410394,0.26186758,0.048770934
615,0.96024233,0.31289834,0.41644478,0.29254746,0.54379755,0.020350873
616,0.012537075,0.039775454,0.0064965175,0.00724318,0.0060405578,0.032532275
617,0.7942412,0.27702308,0.3687162,0.27482933,0.42552498,0.002193749
618,0.3206296,0.1521541,0.24390802,0.1703713,0.07672158,-0.018217191
619,0.06245212,0.03843878,0.032161627,0.02391262,0.030290492,0.014526159
620,-0.0015237813,-0.004265248,0.018826665,0.01286673,-0.020350447,-0.017131977
621,0.88555396,0.4693179,0.54186285,0.40045142,0.3436911,0.06886649
622,1.2469898,0.20729575,0.38735574,0.25763983,0.8596341,-0.05034408
623,0.9751219,0.3055006,0.3566664,0.28012687,0.6184555,0.025373727
624,-0.005702573,-0.029980635,0.008359561,0.007253927,-0.014062134,-0.037234563
625,0.8989443,0.38585234,0.50152135,0.36766642,0.39742297,0.018185914
626,0.08429738,0.04609329,0.055353165,0.03699371,0.028944217,0.00909958
627,0.80146116,0.34495437,0.45054126,0.31672913,0.3509199,0.028225243
628,0.81235135,0.21707723,0.28806874,0.20806882,0.5242826,0.009008408
629,0.19426137,0.16225137,0.13816574,0.084927,0.05609563,0.07732437
630,0.095859826,0.0068599363,0.0587991,0.036528207,0.037060726,-0.029668272
631,0.21636094,0.14819157,0.20222184,0.11729238,0.014139101,0.03089919
632,1.1305616,0.35180935,0.4785874,0.35662985,0.6519742,-0.004820496
633,0.9623867,0.3802818,0.67931336,0.38621935,0.28307337,-0.0059375465
634,0.035324633,0.052942384,0.023657335,0.021365037,0.011667298,0.03157735
635,0.8393811,0.24593228,0.3896024,0.28783602,0.4497787,-0.041903734
636,0.9836785,0.48914397,0.52437246,0.44348654,0.45930606,0.045657426
637,0.032125328,0.05257478,0.023247015,0.016398743,0.008878313,0.036176037
638,0.038397405,0.022191042,0.025808504,0.01630741,0.012588901,0.005883632
639,0.010906969,0.005120065,0.022540364,0.012660734,-0.011633395,-0.0075406693
640,1.0630614,0.5521391,0.69259226,0.53382486,0.3704691,0.018314242
641,0.6949439,0.3235023,0.3867759,0.29175434,0.308168,0.031747967
642,0.5101285,0.2544494,0.3015318,0.2245938,0.2085967,0.029855594
643,0.01835073,0.09997693,0.016183015,0.013940886,0.0021677148,0.08603604
644,0.7705079,0.35481685,0.4502737,0.31197897,0.32023418,0.042837888
645,0.092738785,0.048295207,0.054303836,0.04267357,0.03843495,0.005621638
646,0.17642602,0.13063285,0.13844849,0.11278299,0.03797753,0.017849855
647,1.0669807,0.3335644,0.56873,0.32915035,0.49825072,0.004414052
648,0.72188216,0.3531304,0.4616104,0.33659437,0.26027176,0.016536027
649,0.18706587,0.10540738,0.12549579,0.0906,0.061570078,0.014807381
650,0.06592069,0.058662467,0.057190526,0.040613707,0.008730162,0.01804876
651,0.08468682,0.14676699,0.10400687,0.06674305,-0.019320048,0.08002394
652,0.98330873,0.42802176,0.60187054,0.39569062,0.3814382,0.03233114
653,0.8581948,0.4427183,0.7047218,0.4348751,0.15347302,0.007843196
654,0.038916394,0.019701352,0.017309498,0.018674126,0.021606896,0.0010272264
655,1.0522752,0.4801403,0.51890564,0.3981694,0.53336954,0.0819709
656,0.9521979,0.36456338,0.47865447,0.32009318,0.47354344,0.04447019
657,0.8132138,0.43713686,0.6455386,0.44904238,0.1676752,-0.011905521
658,0.59358317,0.24339476,0.34034905,0.23991136,0.25323412,0.0034833997
659,0.01299365,0.058330905,0.027941808,0.021793572,-0.0149481585,0.036537334
660,0.009551906,0.017790182,0.008874914,0.0020617624,0.00067699235,0.01572842
661,0.13292453,0.06631044,0.07359176,0.055434264,0.059332766,0.010876179
662,0.07778514,0.027161354,0.034487836,0.028659683,0.043297306,-0.0014983285
663,0.67835295,0.34405264,0.5017016,0.3271498,0.17665136,0.016902834
664,0.06779822,0.03193647,0.03631204,0.030473616,0.03148618,0.0014628544
665,0.18017924,0.053307224,0.10991619,0.059742708,0.07026305,-0.0064354837
666,0.6920897,0.23249236,0.26931092,0.20649683,0.42277876,0.025995523
667,0.08760015,0.043281402,0.047560655,0.03529521,0.040039495,0.007986192
668,0.7343556,0.3786695,0.48414785,0.36608657,0.25020778,0.012582928
669,0.08464794,0.14507678,0.06481072,0.05030456,0.019837216,0.09477222
670,0.11058585,0.08618817,0.07717396,0.053556133,0.03341189,0.032632034
671,0.60398,0.32818824,0.4092072,0.28756014,0.19477281,0.040628105
672,0.6786757,0.4129706,0.61226064,0.45083863,0.06641507,-0.037868023
673,0.67052495,0.35736382,0.43926483,0.34552607,0.23126012,0.011837751
674,0.5430557,0.19688067,0.27041823,0.19798517,0.2726375,-0.0011045039
675,0.088128895,0.012221829,0.08758022,0.057937425,0.00054867566,-0.045715597
676,0.6167195,0.14500935,0.18764533,0.12340107,0.42907417,0.021608286
677,0.6203462,0.33420435,0.4421246,0.32229695,0.17822158,0.011907399
678,0.11484752,0.0886983,0.07597236,0.048874788,0.038875155,0.03982351
679,0.6458837,0.28367236,0.35995775,0.24119887,0.28592592,0.042473495
680,0.7930364,0.26350227,0.34802112,0.25255966,0.44501528,0.010942608
681,0.6530583,0.3231746,0.43507028,0.308762,0.21798801,0.014412582
682,0.6812283,0.41370183,0.50564605,0.39743593,0.17558223,0.016265899
683,0.022431683,-0.007931343,0.01326071,0.0074064545,0.009170973,-0.015337798
684,0.13530053,0.045681797,0.08281354,0.060599275,0.052486993,-0.014917478
685,0.65347236,0.30365407,0.40214443,0.2935335,0.25132793,0.010120571
686,0.15239018,0.023648722,0.06238526,0.04439629,0.09000492,-0.020747567
687,0.75089335,0.2210418,0.32990256,0.23304996,0.4209908,-0.01200816
688,0.55206877,0.20503388,0.3470572,0.2271823,0.20501158,-0.022148415
689,0.5851446,0.26401982,0.28362757,0.20028071,0.301517,0.063739106
690,0.12027271,0.09259231,0.09796445,0.059978295,0.02230826,0.03261401
691,0.06563671,0.05788789,0.028871125,0.026694048,0.036765583,0.031193841
692,0.7750133,0.394202,0.462071,0.33949655,0.31294233,0.05470544
693,0.03605051,0.0023993782,0.018491123,0.014115485,0.017559387,-0.011716107
694,0.9577915,0.3882607,0.6050198,0.39302817,0.3527717,-0.0047674775
695,0.57844174,0.25932136,0.31210294,0.21698971,0.2663388,0.04233165
696,0.65122634,0.2178047,0.3100371,0.22076683,0.34118924,-0.0029621273
697,0.96472615,0.41440666,0.5531026,0.36656412,0.41162354,0.047842532
698,0.8055592,0.37454337,0.49128914,0.37744802,0.31427008,-0.0029046535
699,0.16237545,0.061033662,0.06960566,0.050110735,0.09276979,0.010922927
700,0.100119315,0.072275504,0.07792638,0.058722954,0.022192933,0.01355255
701,0.8623637,0.1840745,0.26738185,0.18707533,0.59498185,-0.0030008256
702,0.038527116,0.06878568,0.020193005,0.01808805,0.018334111,0.050697632
703,0.040935546,0.048526138,0.041483913,0.03622388,-0.00054836646,0.012302257
704,0.84798646,0.20481433,0.28770754,0.2248365,0.5602789,-0.020022169
705,0.95751166,0.35220093,0.541957,0.3754031,0.41555464,-0.02320218
706,0.76946396,0.33414423,0.53665555,0.32488796,0.23280841,0.0092562735
707,0.898656,0.29501885,0.3754747,0.2850291,0.5231813,0.009989738
708,0.12470963,0.037962593,0.11386292,0.0862627,0.010846712,-0.04830011
709,0.11327562,0.03387932,0.109765336,0.07463051,0.0035102814,-0.040751185
710,0.04524628,0.056888208,0.03150399,0.027713334,0.01374229,0.029174874
711,0.16473067,0.037495516,0.1198792,0.06830696,0.044851467,-0.030811444
712,1.0032446,0.4307729,0.556267,0.40975556,0.44697762,0.021017343
713,0.7892481,0.3097552,0.5430614,0.35544872,0.24618673,-0.045693517
714,0.7759554,0.35149497,0.44210824,0.3177862,0.33384714,0.03370878
715,0.86041224,0.21148197,0.30051488,0.21293697,0.55989736,-0.0014549941
716,0.17522368,0.07319951,0.11194322,0.087780066,0.063280456,-0.014580555
717,0.15978655,-0.008228815,0.067887075,0.043779545,0.09189948,-0.05200836
718,0.2566329,0.15175357,0.11090736,0.07137008,0.14572553,0.080383494
719,0.68363774,0.21640876,0.29899007,0.201865,0.38464767,0.014543757
720,-0.002661697,-0.057698064,0.017316157,0.010441993,-0.019977855,-0.06814006
721,0.06658414,0.103749484,0.059893798,0.048391342,0.006690342,0.05535814
722,0.3920095,0.25213355,0.2820641,0.20707981,0.10994539,0.045053735
723,0.18993373,0.088679686,0.13043003,0.090336636,0.059503704,-0.0016569495
724,0.71488935,0.3291834,0.4190866,0.29001862,0.29580274,0.03916478
725,0.69465667,0.22854857,0.29288477,0.20417729,0.4017719,0.024371281
726,0.06808118,0.14830524,0.04999763,0.036318384,0.018083546,0.11198685
727,0.94988704,0.47468373,0.62495154,0.4750754,0.3249355,-0.00039166212
728,0.8030449,0.4030442,0.49204907,0.36941066,0.31099585,0.03363353
729,0.58381444,0.20269328,0.3182463,0.21183145,0.26556814,-0.009138167
730,0.87709516,0.5110875,0.7033271,0.51067525,0.17376804,0.00041222572
731,0.83388424,0.3970035,0.55637467,0.36700875,0.27750957,0.029994756
732,0.9538682,0.42981872,0.7346112,0.4479176,0.219257,-0.01809889
733,1.0862645,0.43334883,0.64850783,0.4606604,0.43775666,-0.027311563
734,0.12823977,0.09745035,0.07761778,0.05927824,0.050621986,0.038172115
735,0.8177176,0.31413573,0.47340384,0.33035094,0.34431377,-0.016215205
736,-0.042170875,0.175607,0.020848494,0.01929226,-0.063019365,0.15631473
737,1.1749697,0.45811546,0.64889944,0.47347522,0.52607024,-0.015359759
738,-0.0029348365,0.11022088,0.022281457,0.010058363,-0.025216293,0.10016251
739,0.06877984,0.17428803,0.06228869,0.05103613,0.0064911507,0.1232519
740,0.052670658,0.03953517,0.037665226,0.031264402,0.015005432,0.008270767
741,0.06873033,0.024141284,0.085639946,0.061142243,-0.016909614,-0.03700096
742,0.11841541,0.047055945,0.08352712,0.052258663,0.03488829,-0.005202718
743,0.10823323,0.07057981,0.110069886,0.08898212,-0.0018366575,-0.018402308
744,1.197371,0.77655375,0.9770931,0.7707039,0.2202779,0.0058498383
745,0.52450407,0.29991823,0.42489308,0.27275127,0.099610984,0.027166963
746,0.01310709,0.09533898,0.034182776,0.026407516,-0.021075685,0.06893146
747,0.05307903,-0.029030591,0.041777585,0.023263212,0.011301447,-0.052293804
748,-0.008353542,-0.0044565485,0.021281864,0.013709697,-0.029635407,-0.018166246
749,0.9273508,0.34780076,0.49350005,0.31531042,0.43385077,0.032490343
750,0.7565142,0.37589514,0.45780382,0.32929868,0.29871038,0.046596467
751,0.5897322,0.29902744,0.3786266,0.2689945,0.21110561,0.030032933
752,0.16667676,0.109319285,0.13352337,0.08288479,0.033153385,0.026434496
753,0.17365615,0.07265967,0.071671166,0.05614076,0.101984985,0.01651891
754,0.16117512,0.11725697,0.10882859,0.07198484,0.052346528,0.045272127
755,0.051649887,-0.017406004,0.03768658,0.028823089,0.013963308,-0.046229094
756,-0.025458094,-0.06499528,0.0042141327,0.00017594546,-0.029672226,-0.06517123
757,0.06045071,0.04590309,0.03309325,0.024831047,0.027357459,0.021072043
758,0.293961,0.16767265,0.20192859,0.15015134,0.0920324,0.017521307
759,0.22803804,0.04867962,0.17153518,0.106321275,0.056502864,-0.057641655
760,0.030289918,0.0626877,0.027427465,0.023742687,0.0028624535,0.038945016
761,1.0356244,0.43556082,0.6380803,0.4517828,0.3975441,-0.01622197
762,0.022374537,0.043456502,0.01737957,0.0151401665,0.004994966,0.028316336
763,0.08461881,0.05902143,0.058125354,0.046357855,0.026493452,0.012663573
764,0.10778388,0.052672513,0.08726078,0.05936014,0.020523094,-0.0066876262
765,0.037308432,0.005287239,0.02735955,0.022266474,0.009948881,-0.016979234
766,0.12724827,0.012583512,0.052950192,0.029896874,0.074298084,-0.017313361
767,0.16718115,0.062340938,0.061338864,0.04240371,0.105842285,0.019937228
768,-0.020928621,0.1265681,0.018650876,0.010037756,-0.039579496,0.11653034
769,0.2991529,0.11401837,0.19275853,0.12687877,0.10639438,-0.012860395
770,0.39152148,0.1757524,0.26481202,0.15890981,0.12670946,0.016842589
771,0.86154175,0.3132945,0.4627336,0.28875867,0.39880815,0.024535835
772,-0.035274584,0.14231786,0.014585359,0.0041659675,-0.04985994,0.1381519
773,0.99690175,0.09105047,0.1728531,0.113385715,0.82404864,-0.022335246
774,-0.034624197,0.13636972,0.019671911,0.013303915,-0.054296106,0.12306581
775,1.0160153,0.6070252,0.81446046,0.60204804,0.20155483,0.0049771667
776,0.74553496,0.31904998,0.40652427,0.28360048,0.3390107,0.035449505
777,0.08724518,0.032180917,0.10383552,0.07071946,-0.016590342,-0.03853854
778,0.73757756,0.30941695,0.4604895,0.32714868,0.27708805,-0.017731726
779,0.8737398,0.34734488,0.41560155,0.29767975,0.45813823,0.049665123
780,0.13761435,0.21142916,0.09717045,0.07627557,0.040443905,0.13515359
781,0.2908515,0.18255664,0.2412415,0.18784836,0.049610004,-0.0052917153
782,0.019889269,0.09589583,0.012952107,0.011457692,0.006937162,0.08443814
783,0.71988463,0.33326572,0.40575665,0.30906394,0.31412798,0.02420178
784,0.7996562,0.25142637,0.33856547,0.24745338,0.46109074,0.0039729923
785,0.03298868,0.036783732,0.023016771,0.022623803,0.009971907,0.014159929
786,0.07261547,-0.007399371,0.04739188,0.026157865,0.025223587,-0.033557236
787,0.109941676,0.060709603,0.042094223,0.023846645,0.06784745,0.03686296
788,0.023958998,0.11082022,0.039718974,0.02548847,-0.015759977,0.08533175
789,0.15916009,0.062427882,0.07573428,0.056686062,0.08342581,0.0057418197
790,0.0988041,0.029016212,0.06259669,0.04768014,0.036207408,-0.018663928
791,0.078829095,0.025231736,0.038133655,0.027290022,0.04069544,-0.0020582862
792,0.393714,0.23500063,0.2874307,0.19770113,0.10628331,0.0372995
793,0.1612097,0.08049791,0.07427808,0.05516941,0.08693162,0.025328502
794,0.9545949,0.3827727,0.54385346,0.39580423,0.41074145,-0.0130315125
795,-0.0032602383,0.17406964,0.028653324,0.01286976,-0.031913564,0.16119988
796,0.66598433,0.18113023,0.2677133,0.19165207,0.39827102,-0.010521844
797,-0.023607105,0.13020882,0.013893997,0.007856076,-0.037501104,0.12235274
798,0.61014724,0.18747732,0.32068425,0.2002197,0.28946298,-0.012742385
799,0.051800232,0.054479863,0.033469,0.026609218,0.018331233,0.027870646
800,-0.006811969,0.010844584,0.017367724,0.012054798,-0.024179693,-0.0012102146
801,0.29293862,0.2594418,0.23826814,0.17066269,0.054670483,0.08877911
802,1.1380607,0.4513087,0.5170065,0.39946318,0.6210542,0.05184552
803,0.78910357,0.25421107,0.43847483,0.28626427,0.35062873,-0.032053202
804,1.0896517,0.4381061,0.5597021,0.41902715,0.5299496,0.01907894
805,0.7736535,0.2898704,0.38331696,0.2653641,0.39033654,0.0245063
806,0.7222047,0.3954079,0.51372606,0.35974088,0.20847863,0.035667002
807,0.1334934,0.16701367,0.12387588,0.08616609,0.009617515,0.08084758
808,0.36371666,0.14119816,0.16709863,0.12163671,0.19661804,0.019561447
809,-0.043696716,0.1545104,0.0115840845,0.0015549926,-0.0552808,0.1529554
810,0.7941345,0.3843444,0.55966824,0.37491566,0.23446625,0.00942874
811,0.12565352,0.07571425,0.098380916,0.06994514,0.027272604,0.005769111
812,0.7998004,0.32524538,0.4559042,0.33789462,0.3438962,-0.012649238
813,0.7108567,0.38475707,0.47099438,0.34778884,0.2398623,0.03696823
814,1.1660817,0.39735755,0.6045195,0.42741442,0.5615622,-0.030056864
815,0.09455287,0.022949558,0.06873027,0.039476406,0.025822595,-0.016526848
816,0.8724501,0.3660452,0.5351775,0.38079754,0.33727258,-0.014752328
817,0.8238608,0.3184712,0.41521636,0.29420984,0.40864447,0.024261355
818,0.032297384,0.030031286,0.023314372,0.01644894,0.008983012,0.013582347
819,0.042767044,0.028058542,0.020081704,0.015750654,0.02268534,0.012307888
820,0.076448515,0.05416921,0.058166396,0.0428644,0.01828212,0.011304811
821,0.01771036,0.001947471,0.016444303,0.010703513,0.0012660567,-0.008756042
822,0.7549933,0.31969988,0.4138446,0.28483373,0.34114873,0.034866154
823,1.0789514,0.47860414,0.71015275,0.46758938,0.3687986,0.01101476
824,0.035831865,-0.023122098,0.022505993,0.005383202,0.013325872,-0.0285053
825,1.0186888,0.65289134,0.87010366,0.62924516,0.14858514,0.023646176
826,0.089178085,0.06495613,0.042570245,0.030408343,0.04660784,0.034547783
827,0.13749401,0.18216677,0.12640503,0.09273966,0.011088982,0.08942711
828,0.88279635,0.27901328,0.3440644,0.26441747,0.53873193,0.014595807
829,0.028487382,-0.03369166,0.016143838,0.012948376,0.0123435445,-0.046640035
830,0.08204353,0.05712445,0.05089993,0.0410522,0.031143598,0.01607225
831,0.8108527,0.3084706,0.4115739,0.29538825,0.39927882,0.013082355
832,0.746947,0.38709682,0.42663378,0.325718,0.32031322,0.061378837
833,0.8627418,0.3048075,0.47005844,0.30735666,0.3926834,-0.0025491416
834,0.097633705,-0.011995547,0.03168187,0.023501236,0.06595184,-0.035496783
835,0.76092017,0.44664097,0.54428864,0.3873686,0.21663153,0.05927238
836,0.15502205,0.08338476,0.101496376,0.072858796,0.05352568,0.010525964
837,0.07546196,0.06556155,0.06152665,0.0458458,0.013935313,0.019715749
838,0.074083604,-0.020702329,0.039621007,0.02361629,0.034462597,-0.044318616
839,0.07523185,0.02718027,0.032451328,0.018316101,0.042780522,0.008864168
840,0.09082381,0.06549739,0.044165503,0.035916626,0.046658304,0.029580764
841,-0.0385433,0.13054003,0.012427135,0.004551031,-0.050970435,0.12598899
842,1.0760608,0.4996203,0.6695899,0.49976897,0.4064709,-0.00014868379
843,0.43131918,0.15489158,0.20358841,0.13718343,0.22773077,0.017708153
844,0.8635835,0.3593516,0.42012826,0.3167475,0.44345525,0.04260412
845,0.19207664,0.08279944,0.07828519,0.06441984,0.11379145,0.018379599
846,0.62831545,0.13879243,0.23548813,0.14742613,0.39282733,-0.008633703
847,0.07364222,0.047914207,0.024136461,0.016968176,0.049505755,0.030946031
848,0.045638807,0.041412678,0.03135584,0.021398747,0.014282968,0.02001393
849,0.08294335,0.05767713,0.049687393,0.0413468,0.033255957,0.016330332
850,0.07893768,-0.016788717,0.030686293,0.016655136,0.048251387,-0.033443853
851,0.019393127,0.050960794,0.01124899,0.0101990495,0.008144137,0.040761746
852,0.7263178,0.2949206,0.40855408,0.27465427,0.31776375,0.020266324
853,0.019022498,-0.023543185,0.027844012,0.02023982,-0.0088215135,-0.043783005
854,0.06837635,0.04052491,0.037285354,0.025600454,0.031090993,0.014924457
855,0.16985495,0.05337918,0.08808565,0.05011971,0.0817693,0.0032594725
856,0.87149954,0.3307963,0.55101955,0.34855005,0.32048,-0.01775375
857,1.0488397,0.26627606,0.39887363,0.26007873,0.64996606,0.0061973333
858,0.07648269,0.037238467,0.04410127,0.031338796,0.03238142,0.0058996715
859,0.44282106,0.1574819,0.22499967,0.15072578,0.21782139,0.006756112
860,0.51032925,0.26439553,0.329406,0.23078616,0.18092325,0.033609375
861,0.4927837,0.19729677,0.32380262,0.21451227,0.16898108,-0.017215505
862,0.06993254,0.050698273,0.029165518,0.020341378,0.040767025,0.030356895
863,0.55030644,0.25193354,0.38124123,0.25451472,0.1690652,-0.0025811791
864,0.072658725,0.04459137,0.035372674,0.023179796,0.03728605,0.021411575
865,0.7952177,0.47204,0.62988216,0.40732503,0.16533554,0.06471497
866,0.58231616,0.23638293,0.36740166,0.25102443,0.2149145,-0.014641494
867,0.03150162,0.093659624,0.02482343,0.016908046,0.00667819,0.076751575
868,0.9002573,0.38516527,0.47915787,0.3518248,0.42109942,0.033340484
869,1.0827632,0.22770105,0.28951162,0.2120353,0.7932516,0.015665755
870,0.12695096,0.08461314,0.09296082,0.07171108,0.033990145,0.012902059
871,0.13330857,0.004005988,0.10038998,0.05569316,0.032918595,-0.051687174
872,0.9170674,0.35058147,0.53038085,0.38562623,0.38668656,-0.03504476
873,0.87957364,0.22553903,0.32865337,0.24468517,0.55092025,-0.019146144
874,0.7147868,0.28101587,0.4513573,0.2652052,0.26342952,0.015810668
875,0.041032795,-6.638706e-05,0.022142876,0.020955216,0.018889919,-0.021021603
876,0.11423234,-0.0062883347,0.06012859,0.04678452,0.05410375,-0.053072855
877,0.28858617,0.12861075,0.23293415,0.12960568,0.055652022,-0.0009949356
878,0.27089497,0.19501205,0.2368221,0.15574613,0.034072876,0.039265916
879,1.0854232,0.5023773,0.74681944,0.52324283,0.3386038,-0.02086556
880,0.12480359,0.12236416,0.08040853,0.056130283,0.04439506,0.06623388
881,0.48093817,0.19462568,0.2366434,0.1589137,0.24429476,0.035711974
882,0.8142488,0.320553,0.44493213,0.3152563,0.36931667,0.005296707
883,1.035187,0.5502908,0.7318168,0.51453245,0.30337018,0.035758376
884,0.15540878,0.09102819,0.11822426,0.079512596,0.03718452,0.011515595
885,0.0281443,0.117327236,0.02517258,0.01696238,0.00297172,0.10036486
886,0.13560277,-0.005090133,0.055424385,0.042579602,0.08017839,-0.047669735
887,0.021315638,0.06837224,0.0094765965,0.0058070878,0.0118390415,0.062565155
888,0.05238123,-0.015842935,0.051745344,0.03387211,0.0006358847,-0.049715042
889,0.8748842,0.2383505,0.3392812,0.20710477,0.535603,0.031245723
890,0.2094723,0.077327006,0.0975302,0.07193528,0.1119421,0.0053917244
891,1.1712872,0.45890397,0.56434315,0.43241706,0.606944,0.026486903
892,0.642579,0.37472787,0.42788014,0.3116353,0.21469888,0.06309259
893,0.1092837,0.04291709,0.07751972,0.04656573,0.03176398,-0.0036486387
894,0.0048849205,0.022322472,0.013626997,0.013113106,-0.008742077,0.0092093665
895,0.8745252,0.42466468,0.55723864,0.40523237,0.31728655,0.019432306
896,0.36886883,0.22705966,0.22504191,0.1690459,0.14382692,0.058013767
897,0.7037075,0.25457558,0.35422292,0.23642135,0.3494846,0.018154234
898,0.046603817,0.004846205,0.028960407,0.019682754,0.01764341,-0.014836549
899,0.08043769,0.053444643,0.053839125,0.03939822,0.026598565,0.014046423
900,1.0542735,0.55544496,0.7776543,0.5816108,0.2766192,-0.026165843
901,0.1476612,0.09032219,0.0944186,0.065860435,0.053242594,0.024461754
902,0.7316696,0.25292763,0.29340047,0.20342216,0.43826914,0.049505472
903,0.5848315,0.30832407,0.3812531,0.26994067,0.20357838,0.038383394
904,0.072284155,0.024215488,0.036156602,0.027181853,0.036127552,-0.0029663648
905,0.7178599,0.24145018,0.32115182,0.244962,0.3967081,-0.0035118312
906,1.0771239,0.47211495,0.73157704,0.48845497,0.34554684,-0.016340017
907,0.07513195,-3.582022e-05,0.044999648,0.02968637,0.030132305,-0.029722191
908,0.059030607,0.040891044,0.03378942,0.026220914,0.025241189,0.01467013
909,0.90910816,0.5003318,0.7350415,0.5044845,0.17406666,-0.0041526556
910,0.73859066,0.32674396,0.44416904,0.31122777,0.2944216,0.015516192
911,0.7986483,0.33608347,0.45495003,0.31993592,0.34369826,0.016147554
912,0.038931727,0.04106275,0.037906863,0.016437534,0.0010248646,0.024625216
913,0.45620817,0.13768317,0.21773651,0.14436278,0.23847166,-0.0066796094
914,0.88348293,0.4773053,0.616336,0.48845744,0.26714694,-0.011152148
915,0.07571267,0.054928284,0.071209684,0.0479007,0.0045029894,0.007027585
916,0.66465646,0.2596197,0.37746814,0.2492655,0.28718832,0.010354206
917,0.9538464,0.36348888,0.45735136,0.33323044,0.49649504,0.030258447
918,0.022409376,0.008275299,0.015821096,0.008481711,0.00658828,-0.00020641182
919,0.66303444,0.31895453,0.37835798,0.28704005,0.28467646,0.031914473
920,0.6463218,0.2365765,0.29617572,0.19783154,0.35014606,0.038744956
921,0.13420072,0.046632864,0.06896392,0.05225269,0.0652368,-0.0056198277
922,0.49661922,0.10773524,0.22569808,0.14538054,0.27092114,-0.037645303
923,0.35864422,0.1521279,0.16577783,0.11623871,0.19286638,0.035889193
924,0.8736409,0.42251286,0.53264105,0.3838109,0.34099984,0.03870195
925,0.88780606,0.23983903,0.29861978,0.19315019,0.5891863,0.04668884
926,0.86687356,0.36427483,0.45270795,0.33104682,0.41416562,0.03322801
927,0.027740946,0.04809283,0.021454457,0.015886432,0.006286489,0.0322064
928,-0.029037498,0.12026189,0.0097992625,0.004592532,-0.038836762,0.11566936
929,0.8041774,0.32458797,0.39284053,0.27473202,0.41133687,0.049855947
930,0.5615331,0.21036832,0.24900818,0.19109622,0.3125249,0.019272104
931,0.1844311,0.04883749,0.13075611,0.066460714,0.053674996,-0.017623223
932,0.07502059,0.08405421,0.071078084,0.053485192,0.0039425045,0.030569017
933,0.20214315,0.11843665,0.12092999,0.08543523,0.081213154,0.033001423
934,0.0075663063,0.043815862,0.0034149657,0.0045610545,0.0041513406,0.039254807
935,0.9104676,0.25752762,0.21103513,0.19083382,0.6994325,0.0666938
936,0.01592057,0.15211087,0.050492965,0.027270144,-0.034572393,0.12484073
937,0.13957618,0.035490863,0.0839319,0.05980878,0.05564428,-0.024317916
938,0.07904896,0.05895684,0.04820742,0.03304033,0.03084154,0.02591651
939,0.275429,0.1288142,0.1701518,0.1297048,0.10527721,-0.0008905977
940,0.7943847,0.37782267,0.5395918,0.3627301,0.25479293,0.0150925815
941,0.085733555,0.06465395,0.07783839,0.055989724,0.007895164,0.008664224
942,0.7564299,0.19734807,0.31081447,0.19291243,0.44561544,0.0044356436
943,0.06569295,0.1041547,0.039825078,0.031829644,0.025867868,0.07232505
944,0.90062004,0.3020031,0.4380827,0.29812828,0.46253735,0.0038748085
945,0.05988297,0.09392586,0.04197974,0.025189918,0.017903227,0.06873594
946,-0.025271714,0.11883444,0.013536183,0.0063389526,-0.0388079,0.11249549
947,0.56062067,0.27505353,0.39855295,0.27337858,0.16206771,0.0016749501
948,0.025522212,0.042726316,0.033302628,0.027953748,-0.007780416,0.014772568
949,0.03924033,0.01062386,0.041658796,0.02459151,-0.002418466,-0.013967649
950,0.09742747,-0.013389915,0.03073411,0.018917792,0.066693366,-0.032307707
951,1.0988814,0.5350328,0.82008255,0.5389521,0.27879882,-0.0039193034
952,1.0660595,0.24891952,0.4300848,0.26789048,0.63597465,-0.018970966
953,0.6667994,0.23253167,0.3236373,0.23782845,0.34316212,-0.0052967817
954,0.7722688,0.32262692,0.4896036,0.3131402,0.28266516,0.009486705
955,0.039849095,-0.027721826,0.031080127,0.019081812,0.008768968,-0.04680364
956,0.6619676,0.15529993,0.21663824,0.14861532,0.44532934,0.006684616
957,0.18223684,0.053120434,0.12620819,0.07550544,0.05602865,-0.022385009
958,1.0075,0.21731776,0.25343233,0.17567112,0.7540677,0.041646644
959,0.6431277,0.25400034,0.35354012,0.2501881,0.28958756,0.0038122237
960,0.066122755,0.07269881,0.06207801,0.046604864,0.004044745,0.026093945
961,-0.026210044,0.11782684,0.012358462,0.0050459793,-0.038568504,0.11278086
962,0.78802073,0.26059186,0.40745315,0.28141078,0.38056758,-0.020818919
963,0.11596596,0.010665022,0.08710927,0.048586093,0.028856695,-0.03792107
964,0.07674044,0.09978695,0.05353714,0.035605364,0.023203302,0.06418159
965,0.27905318,0.13759857,0.17901134,0.12607983,0.10004184,0.011518747
966,0.08245881,0.037196875,0.030909326,0.02069533,0.051549483,0.016501544
967,0.060752317,-0.026083577,0.04264559,0.029646065,0.018106729,-0.055729643
968,1.4202482,0.5780853,0.6324581,0.49060497,0.78779006,0.08748034
969,1.0793601,0.36027667,0.5700973,0.42027897,0.5092628,-0.060002297
970,0.013017154,0.16283697,0.02226004,0.014398916,-0.009242886,0.14843805
971,0.58348846,0.29961994,0.3935771,0.2778008,0.18991137,0.021819144
972,0.6113034,0.15444478,0.20295854,0.14854167,0.40834486,0.00590311
973,0.031382803,-0.04334996,0.014189959,0.008849247,0.017192844,-0.052199207
974,0.0418218,0.053604864,0.046271577,0.03239097,-0.0044497773,0.021213893
975,0.1354193,0.030178577,0.048257906,0.032647785,0.08716139,-0.002469208
976,0.620502,0.23691209,0.32021314,0.23738834,0.30028886,-0.000476256
977,0.03508326,0.05680583,0.033004902,0.028331066,0.002078358,0.028474765
978,0.16242227,0.10738466,0.088022426,0.06850642,0.074399844,0.03887824
979,0.105858,0.034193028,0.09845771,0.06484895,0.007400289,-0.030655924
980,0.9705167,0.54321206,0.718662,0.5548334,0.25185466,-0.011621356
981,0.09364068,-0.00852586,0.061382122,0.04482081,0.032258555,-0.05334667
982,0.69530576,0.29595473,0.3729525,0.28492132,0.32235327,0.011033416
983,0.04150788,0.06979711,0.044411104,0.03357805,-0.002903223,0.036219064
984,0.08315128,0.1425652,0.049584564,0.044124197,0.033566717,0.098441005
985,0.90638906,0.40028432,0.5367128,0.3631769,0.36967623,0.037107408
986,0.82609516,0.38204005,0.490151,0.37342614,0.33594418,0.008613914
987,0.020719584,0.011999212,0.01694687,0.012315561,0.0037727132,-0.00031634886
988,0.6895088,0.3176364,0.39045277,0.2951482,0.29905602,0.022488207
989,0.21591254,0.21335796,0.1696848,0.102868535,0.04622774,0.11048942
990,0.22046442,0.082743905,0.14657557,0.104562506,0.07388885,-0.0218186
991,0.014325844,0.048706096,0.0052330964,0.0040397844,0.009092748,0.044666313
992,0.011154212,0.04213594,0.016379407,0.014857473,-0.0052251946,0.027278466
993,0.055453457,0.051804185,0.04193479,0.022003558,0.013518669,0.029800627
994,0.8900758,0.40549803,0.49808198,0.37795362,0.39199382,0.027544409
995,0.7998188,0.43588036,0.5545016,0.3994764,0.24531722,0.036403954
996,0.7133176,0.2766767,0.32795456,0.2371958,0.385363,0.03948091
997,0.6515776,0.10732239,0.18236427,0.13198516,0.4692133,-0.02466277
998,0.92300975,0.3086768,0.4192388,0.30402932,0.50377095,0.0046474934
999,0.63540596,0.40365666,0.4518435,0.368029,0.18356246,0.035627663
1000,0.8433933,0.34628293,0.43378672,0.31003517,0.4096066,0.03624776
1001,0.08132332,0.017775511,0.06510259,0.047182757,0.016220726,-0.029407246
1002,0.14404185,0.079072066,0.090803474,0.07148529,0.053238377,0.007586777
1003,0.82403743,0.37531918,0.50965655,0.3545984,0.31438088,0.02072078
1004,1.0843595,0.44300333,0.68032855,0.4747066,0.40403098,-0.031703264
1005,0.024643814,0.039119154,0.047715057,0.017504042,-0.023071242,0.021615112
1006,0.04237055,0.05062105,0.040889468,0.027540242,0.0014810823,0.023080809
1007,0.053358447,0.03406658,0.03981558,0.028242093,0.013542868,0.0058244877
1008,0.02429488,0.058267638,0.01613384,0.016388189,0.00816104,0.04187945
1009,0.9463245,0.5867203,0.7547909,0.5569793,0.19153363,0.02974099
1010,0.06217844,-0.02099285,0.04619848,0.028333008,0.01597996,-0.04932586
1011,0.5433911,0.25239596,0.29351455,0.22747104,0.24987656,0.024924919
1012,0.019088335,-0.04373942,0.0089839995,0.0049145943,0.010104336,-0.048654012
1013,0.16054548,0.062767774,0.061633904,0.04755851,0.09891158,0.015209265
1014,0.38543636,0.22061898,0.22560558,0.18910751,0.15983078,0.03151147
1015,-0.020305427,-0.013436676,0.00502757,0.007821217,-0.025332997,-0.021257892
1016,0.13213003,0.08634951,0.08065362,0.06190882,0.051476404,0.02444069
1017,0.85741293,0.24828777,0.38596994,0.27316213,0.471443,-0.02487436
1018,1.3230826,0.39609626,0.577049,0.4235425,0.74603355,-0.02744624
1019,0.08679865,0.1646749,0.06941098,0.05407264,0.017387673,0.11060225
1020,0.68060297,0.3118996,0.42309222,0.31822968,0.25751075,-0.006330073
1021,0.6588609,0.20489377,0.2426006,0.17243934,0.4162603,0.03245443
1022,1.1070043,0.27145812,0.36229604,0.28122848,0.74470824,-0.009770364
1023,0.8271477,0.38240752,0.5069111,0.38244948,0.32023662,-4.196167e-05
1024,0.069689386,-0.019871557,0.05900093,0.03213846,0.010688454,-0.052010015
1025,0.8660318,0.2701409,0.32228386,0.23932509,0.54374796,0.030815795
1026,0.14091407,0.10188115,0.091012225,0.07273327,0.049901843,0.029147878
1027,0.023645777,0.05461694,0.019235838,0.018296046,0.004409939,0.036320895
1028,0.24686904,0.095420994,0.17582195,0.110327326,0.0710471,-0.014906332
1029,0.03433737,0.040771503,0.03329625,0.02139936,0.0010411218,0.019372143
1030,0.030198954,0.00068398134,0.03177256,0.027793864,-0.0015736073,-0.027109882
1031,0.837986,0.31425685,0.3055039,0.20260808,0.5324821,0.11164877
1032,1.1877598,0.753304,0.9628361,0.75301933,0.22492367,0.00028467178
1033,1.0382364,0.5093755,0.65299404,0.47644272,0.38524234,0.032932788
1034,1.0326557,0.37517652,0.55687946,0.37625942,0.47577626,-0.0010828972
1035,0.85918015,0.3588792,0.44823113,0.32008252,0.41094902,0.038796693
1036,1.2879286,0.65375006,0.90540946,0.6076958,0.38251913,0.046054244
1037,0.06443743,0.06812736,0.051585823,0.042674936,0.012851603,0.02545242
1038,0.79172456,0.14980516,0.20293188,0.13170923,0.5887927,0.018095925
1039,0.0686359,0.12501347,0.061710306,0.039366864,0.006925598,0.08564661
1040,1.3214226,0.5748527,0.7673648,0.5506208,0.5540578,0.02423191
1041,0.7319385,0.3428152,0.47814852,0.35852614,0.25378996,-0.01571095
1042,0.91208214,0.31192768,0.534485,0.32461035,0.37759715,-0.012682676
1043,0.09290409,0.04499714,0.024938455,0.02162122,0.067965634,0.023375921
1044,-0.00091971236,-0.005047779,0.0066468427,0.004546595,-0.007566555,-0.009594373
1045,0.052052002,0.05523809,0.018508852,0.014834048,0.03354315,0.040404044
1046,1.1742569,0.3136993,0.41022676,0.31405935,0.76403016,-0.00036004186
1047,0.62866896,0.35903475,0.35975802,0.26335117,0.26891094,0.095683575
1048,-0.018939074,0.12565424,0.016822755,0.00796012,-0.03576183,0.11769412
1049,-0.0030841304,-0.035258684,0.015460874,0.011072613,-0.018545004,-0.046331298
1050,0.6266826,0.23028184,0.30556306,0.2202181,0.32111952,0.010063738
1051,0.0675274,0.04659542,0.038481485,0.030157764,0.029045913,0.016437657
1052,0.031073367,0.058448005,0.024040857,0.021053966,0.00703251,0.03739404
1053,0.05681721,0.13224356,0.035299763,0.023611214,0.021517448,0.10863234
1054,-0.004541235,0.0008612162,0.006520993,0.0036416135,-0.011062228,-0.0027803974
1055,-0.004086648,0.10659196,0.003875994,0.008316661,-0.007962642,0.098275304
1056,0.74694306,0.31400648,0.4930778,0.34629935,0.25386524,-0.032292873
1057,0.848271,0.2829095,0.45405203,0.30845016,0.39421898,-0.02554065
1058,0.7918246,0.28770357,0.45344082,0.29282802,0.33838376,-0.0051244497
1059,1.0351977,0.42961115,0.62920564,0.43688202,0.4059921,-0.0072708726
1060,-0.056457,0.12557064,-0.0016214637,-0.0030750025,-0.05483554,0.12864564
1061,0.12729274,0.04882201,0.09056707,0.05961903,0.03672567,-0.01079702
1062,0.7572066,0.2690192,0.38629904,0.26216248,0.37090757,0.0068567097
1063,0.068657205,-0.01595454,0.051973213,0.03187485,0.016683992,-0.04782939
1064,0.707842,0.25129503,0.37709856,0.2651393,0.33074343,-0.013844281
1065,0.5342428,0.22904584,0.29683772,0.21472855,0.23740509,0.014317289
1066,-0.03197259,0.1186612,0.0072167567,0.0025079485,-0.039189346,0.116153255
1067,1.0131909,0.4992686,0.6642151,0.44918293,0.34897578,0.050085664
1068,0.50425965,0.23041397,0.3654916,0.24584284,0.13876805,-0.015428871
1069,0.4964432,0.1742514,0.23207673,0.17015634,0.26436648,0.0040950626
1070,0.79940975,0.4105589,0.5307046,0.36012155,0.26870513,0.05043736
1071,0.8075298,0.22479221,0.3147757,0.24503246,0.4927541,-0.020240247
1072,1.0320047,0.24954258,0.39874196,0.27318668,0.63326275,-0.023644105
1073,0.93959975,0.52459794,0.69096863,0.48865533,0.24863112,0.035942614
1074,-0.03444213,0.109784745,0.0035295463,-0.0009377622,-0.037971675,0.110722505
1075,0.7765962,0.35842377,0.49721655,0.34451902,0.27937964,0.01390475
1076,0.59951675,0.17101845,0.2260021,0.17369516,0.37351465,-0.0026767105
1077,0.02429688,0.09044465,0.026550557,0.023699896,-0.0022536777,0.06674475
1078,0.8195563,0.2330008,0.26055032,0.21353471,0.559006,0.019466087
1079,0.80998325,0.46035475,0.5659646,0.43054265,0.24401867,0.029812098
1080,0.80519956,0.39330626,0.44015798,0.34138048,0.36504158,0.05192578
1081,0.039964635,-0.03150191,0.02306795,0.015434263,0.016896686,-0.046936177
1082,0.10843286,0.04442821,0.077777594,0.06128342,0.030655265,-0.01685521
1083,0.16963698,0.05478875,0.07592315,0.0567149,0.09371383,-0.0019261502
1084,0.6357614,0.25156763,0.34278738,0.2381194,0.292974,0.013448238
1085,0.8272684,0.2619606,0.33238277,0.24390693,0.49488565,0.018053666
1086,0.9735364,0.43560448,0.5611125,0.3980162,0.41242385,0.03758827
1087,0.05013889,-0.010260967,0.0277116,0.017669756,0.02242729,-0.027930722
1088,0.53116703,0.1904266,0.25550634,0.16663346,0.2756607,0.023793146
1089,1.0058049,0.09262504,0.2998738,0.20538728,0.70593107,-0.11276224
1090,0.05085,0.020452414,0.025711145,0.016096843,0.025138855,0.0043555703
1091,0.16974854,0.08119944,0.1546072,0.091233045,0.015141338,-0.0100336075
1092,0.0025690985,-0.00426791,0.019341115,0.017328732,-0.016772017,-0.021596642
1093,1.0915744,0.297013,0.4385903,0.30150563,0.65298414,-0.0044926107
1094,0.00921558,0.021642532,0.0070444765,0.0077493116,0.0021711038,0.013893221
1095,-0.017886706,0.11912435,0.015971115,0.0077078445,-0.033857822,0.11141651
1096,0.09093586,0.048025567,0.05772839,0.040795736,0.033207472,0.007229831
1097,0.0607656,0.019777955,0.020110875,0.014032138,0.040654726,0.005745818
1098,0.18255557,0.101215504,0.119528934,0.08110512,0.06302664,0.020110384
1099,0.054490313,0.028362297,0.0920287,0.06414446,-0.037538387,-0.035782166
1100,-0.019323662,-0.06363403,0.010618808,0.008060643,-0.02994247,-0.07169467
1101,0.01924006,-0.03445517,0.021656036,0.008614381,-0.0024159756,-0.04306955
1102,0.659876,0.22297747,0.30883855,0.22198653,0.35103744,0.0009909421
1103,-0.007891216,0.21099965,0.015396315,0.012568345,-0.023287531,0.19843131
1104,0.15511714,0.075195305,0.07743794,0.053195845,0.0776792,0.02199946
1105,0.5805606,0.29372424,0.35483965,0.2685704,0.22572097,0.025153846
1106,0.11441843,0.06429156,0.08132485,0.05904312,0.03309358,0.0052484386
1107,-0.017070528,0.008891792,0.010148201,0.010644114,-0.02721873,-0.0017523216
1108,0.9118398,0.37721658,0.517624,0.3731689,0.39421576,0.004047692
1109,1.1398858,0.5602764,0.92580765,0.585245,0.21407813,-0.024968624
1110,0.18053883,0.07280094,0.09376885,0.06715203,0.08676998,0.005648911
1111,0.01546858,0.018123496,0.0042814147,0.00628727,0.011187165,0.011836226
1112,0.69131964,0.33284038,0.42288852,0.3136565,0.26843113,0.019183874
1113,0.02989604,0.026037816,0.021760933,0.020168677,0.008135106,0.005869139
1114,0.057128746,-0.014441408,0.038637947,0.02868073,0.018490799,-0.04312214
1115,0.12734848,0.057388533,0.07463063,0.04737786,0.05271785,0.010010675
1116,0.41585082,0.25274286,0.3395347,0.2269872,0.07631612,0.025755659
1117,0.14481987,0.074358806,0.10046575,0.06438659,0.04435412,0.009972215
1118,0.6852954,0.269379,0.4023816,0.30372232,0.2829138,-0.034343332
1119,0.0003026052,-0.03230717,0.01239953,0.009791305,-0.012096925,-0.042098477
1120,0.122416034,-0.0137919085,0.056322508,0.030307641,0.06609353,-0.04409955
1121,1.3861403,0.8124643,0.86309433,0.5977878,0.523046,0.2146765
1122,0.6080305,0.30747035,0.4339013,0.30792627,0.17412919,-0.00045591593
1123,0.8123139,0.34660923,0.44389048,0.33556816,0.36842343,0.011041075
1124,0.9713262,0.47797322,0.60581183,0.44741812,0.36551434,0.0305551
1125,0.012348656,0.0021882292,0.022696057,0.014088459,-0.010347402,-0.01190023
1126,0.10882278,0.08200521,0.076812804,0.06390856,0.032009974,0.018096648
1127,0.07059254,0.06563078,0.044667978,0.02648744,0.02592456,0.03914334
1128,0.78800124,0.3523303,0.5602389,0.38244563,0.22776234,-0.030115336
1129,0.025318358,-0.042579547,0.023209682,0.007871997,0.0021086764,-0.050451543
1130,0.08381785,-0.009952406,0.03870042,0.033023756,0.045117427,-0.042976163
1131,0.65899515,0.21824923,0.33701953,0.22389166,0.32197562,-0.005642429
1132,0.84710467,0.48384854,0.6027586,0.45350632,0.24434608,0.030342221
1133,0.15531395,0.076753594,0.13051751,0.07903899,0.024796441,-0.0022853985
1134,0.7383895,0.35177416,0.49349993,0.36934116,0.24488956,-0.017567009
1135,0.8253741,0.4539323,0.56381017,0.40914708,0.26156396,0.0447852
1136,0.11743186,0.038614005,0.07220385,0.05200083,0.045228004,-0.013386827
1137,0.96908724,0.2646817,0.3573789,0.28848612,0.61170834,-0.023804426
1138,0.326794,0.18199968,0.20655164,0.1477805,0.12024236,0.03421919
1139,0.9536457,0.50067157,0.68832767,0.49841827,0.26531804,0.002253294
1140,0.019346582,0.03283205,0.02040333,0.0131197255,-0.0010567475,0.019712323
1141,0.58167464,0.28744403,0.3493922,0.25251952,0.23228243,0.034924507
1142,0.88346535,0.28292003,0.4273745,0.30466792,0.45609084,-0.021747887
1143,0.67901427,0.3710553,0.51749355,0.4066496,0.16152072,-0.035594285
1144,1.1712477,0.60937303,0.6929747,0.5432675,0.47827303,0.066105545
1145,0.74573135,0.24215636,0.34652853,0.27194065,0.39920282,-0.029784292
1146,1.3764355,0.47762498,0.8121807,0.43357342,0.5642548,0.044051558
1147,1.0383636,0.39297378,0.6293186,0.44388938,0.40904498,-0.0509156
1148,0.042831022,0.068702534,0.025161019,0.019610258,0.017670004,0.049092278
1149,0.061559096,0.029421177,0.030388232,0.02100349,0.031170864,0.008417686
1150,0.1538015,0.08812853,0.14496724,0.09331485,0.008834258,-0.0051863194
1151,0.04219134,-0.015025542,0.02964813,0.014296172,0.012543211,-0.029321715
1152,0.2980186,0.21189322,0.19860637,0.1296858,0.09941223,0.08220741
1153,0.26383737,0.10960501,0.116401955,0.08551284,0.14743541,0.024092168
1154,0.014513597,0.04527289,0.017137285,0.01374733,-0.0026236884,0.03152556
1155,0.17640291,0.086644694,0.1229983,0.07676362,0.053404614,0.009881072
1156,0.0859144,0.030802086,0.06568502,0.0435345,0.020229384,-0.012732413
1157,0.2324349,0.09687433,0.14950788,0.10275175,0.08292702,-0.0058774203
1158,0.013337965,0.004539263,0.030917326,0.019857498,-0.017579362,-0.015318235
1159,0.86919785,0.38829923,0.48468366,0.36490345,0.38451418,0.023395777
1160,0.047327228,0.05379267,0.023686508,0.021414587,0.02364072,0.032378085
1161,0.08885876,0.054332286,0.05905304,0.041789066,0.02980572,0.01254322
1162,1.1159048,0.46208945,0.64410114,0.43086123,0.47180367,0.031228215
1163,0.07934154,0.020177227,0.021387931,0.015279675,0.057953607,0.0048975516
1164,0.67125654,0.28806767,0.35963428,0.2588647,0.31162226,0.029202968
1165,0.83472985,0.37026206,0.51521647,0.36074138,0.31951338,0.00952068
1166,0.6080545,0.24776486,0.30206114,0.22391193,0.30599338,0.02385293
1167,0.8609057,0.42172533,0.5120929,0.37341645,0.34881282,0.04830888
1168,0.17691518,0.09830433,0.10693109,0.07485763,0.06998409,0.023446701
1169,0.61372775,0.29444194,0.41192952,0.29250264,0.20179823,0.0019392967
1170,0.36938572,0.18676288,0.20294563,0.15041439,0.16644008,0.036348492
1171,0.07751157,-0.019123152,0.02837265,0.021117637,0.049138922,-0.040240787
1172,0.6797522,0.17993067,0.29476896,0.21012063,0.3849832,-0.030189961
1173,0.04759682,0.011936089,0.055207085,0.037828587,-0.007610265,-0.025892498
1174,1.0482327,0.47362515,0.6192979,0.43188563,0.42893475,0.041739523
1175,-0.017305832,0.11775889,0.0151940705,0.0075806538,-0.032499902,0.11017824
1176,0.038110632,-0.024701802,0.023609009,0.018204872,0.014501624,-0.04290667
1177,0.35754853,0.14928521,0.17366867,0.11537993,0.18387987,0.033905283
1178,0.3017663,0.098054335,0.113214895,0.08186526,0.18855141,0.016189076
1179,0.94000393,0.3139268,0.461425,0.31629992,0.47857893,-0.0023731291
1180,0.12641563,0.06827045,0.086632885,0.06029337,0.03978274,0.007977083
1181,0.9503885,0.24857807,0.3754422,0.27299947,0.5749463,-0.024421394
1182,0.5480674,0.25534895,0.3730423,0.2388734,0.1750251,0.016475543
1183,0.56973153,0.26331556,0.33249196,0.22954087,0.23723957,0.03377469
1184,0.037648033,0.014289043,0.018283691,0.013291612,0.019364342,0.0009974306
1185,0.1283981,0.061078526,0.06892457,0.05324628,0.059473537,0.007832248
1186,0.044681747,0.083404824,0.043017276,0.024964254,0.0016644709,0.05844057
1187,1.0738186,0.648655,0.84045285,0.62270945,0.23336571,0.025945544
1188,1.0181903,0.49179557,0.61238194,0.44871473,0.40580833,0.043080837
1189,1.0016699,0.44364133,0.5657265,0.4035781,0.43594337,0.040063232
1190,0.9841234,0.47004074,0.62722826,0.4174921,0.35689515,0.052548647
1191,0.19111753,0.05585141,0.11983049,0.08077028,0.071287036,-0.024918865
1192,0.7343957,0.42829496,0.51096696,0.37406886,0.22342873,0.0542261
1193,0.8070957,0.22450721,0.3023243,0.21491008,0.5047714,0.009597138
1194,0.3686037,0.18579376,0.21768835,0.14718413,0.15091535,0.038609624
1195,0.6947644,0.44057575,0.569951,0.42138833,0.12481338,0.01918742
1196,0.23065503,0.11854452,0.14134283,0.10685138,0.089312196,0.011693142
1197,0.040543508,-0.039955247,0.018965695,0.006171946,0.021577813,-0.046127193
1198,0.025867533,-0.006036705,0.008326018,0.006583826,0.017541515,-0.012620531
1199,0.040063668,0.03937012,0.026347723,0.023214195,0.013715945,0.016155925
1200,-0.005972582,-0.065046564,0.017661626,0.008705411,-0.023634207,-0.07375197
1201,0.71193093,0.42184758,0.5217675,0.39266902,0.19016343,0.02917856
1202,0.020868847,-0.020486573,0.030306041,0.016055485,-0.009437194,-0.036542058
1203,0.81133616,0.38877034,0.547812,0.3814457,0.26352417,0.007324636
1204,0.7296323,0.27438602,0.357997,0.26800504,0.37163532,0.0063809752
1205,0.8135529,0.53630793,0.6491111,0.5014536,0.16444182,0.034854352
1206,0.8725146,0.38606855,0.5929122,0.40797096,0.2796024,-0.021902412
1207,0.51383376,0.116958156,0.14668664,0.10958964,0.36714712,0.00736852
1208,0.07200453,0.14958397,0.042465046,0.032171458,0.02953948,0.11741251
1209,0.701893,0.2999547,0.43021184,0.29445034,0.27168113,0.0055043697
1210,0.49796146,0.22818352,0.3086614,0.21584055,0.18930006,0.012342975
1211,0.70474964,0.36706012,0.5140696,0.3524734,0.19068003,0.014586717
1212,0.076445885,0.0459377,0.05255421,0.041021876,0.023891676,0.0049158223
1213,0.7670431,0.2820961,0.35940382,0.25788453,0.4076393,0.024211556
1214,0.7572865,0.28156358,0.38750374,0.27371752,0.36978275,0.007846057
1215,0.84111667,0.32754916,0.45695847,0.3693017,0.3841582,-0.041752547
1216,0.2815489,0.13805184,0.21481495,0.1252522,0.06673394,0.0127996355
1217,0.7262905,0.2652672,0.4110969,0.3013638,0.31519362,-0.036096603
1218,0.039027072,0.1310517,0.033046056,0.023503771,0.005981017,0.10754793
1219,0.5916675,0.20616361,0.2692701,0.17587055,0.32239738,0.030293062
1220,0.05799152,0.033773966,0.025714975,0.023886863,0.032276545,0.009887103
1221,0.16776536,0.07835508,0.09876658,0.07470308,0.068998784,0.003651999
1222,0.04459997,0.053710498,0.036682107,0.029913694,0.007917862,0.023796804
1223,0.07054827,0.11987286,0.04072242,0.032432936,0.029825855,0.087439924
1224,0.056786664,0.042432807,0.03242554,0.026232675,0.024361122,0.016200133
1225,0.9723645,0.42143562,0.7066054,0.442805,0.2657591,-0.021369368
1226,0.39169523,0.19244243,0.26812452,0.18553886,0.12357071,0.006903574
1227,0.60688025,0.19803365,0.30009264,0.20879737,0.3067876,-0.01076372
1228,0.01695655,0.0364658,0.013794413,0.015455526,0.0031621363,0.021010276
1229,0.018619439,-0.042880844,0.014858982,0.009907441,0.003760457,-0.052788287
1230,0.004323945,0.11175863,0.010734111,0.007867714,-0.006410166,0.10389091
1231,0.68198305,0.34341577,0.4209795,0.31466073,0.26100355,0.028755039
1232,0.59545547,0.19572285,0.16131935,0.11696248,0.43413612,0.07876037
1233,0.07637998,0.119023986,0.05028937,0.03922326,0.026090607,0.079800725
1234,0.11756875,0.031223638,0.0691521,0.041880984,0.04841665,-0.010657346
1235,0.006060282,0.12749909,0.024340684,0.018325023,-0.018280402,0.109174065
1236,0.89084053,0.41341478,0.50513864,0.35182917,0.3857019,0.061585605
1237,0.023931578,0.033340897,0.01039231,0.009644099,0.013539268,0.023696799
1238,0.9314886,0.35188916,0.4068752,0.31699932,0.5246134,0.034889847
1239,0.03400106,0.00831583,0.047742166,0.027957508,-0.013741106,-0.019641679
1240,1.0693972,0.49723947,0.7496137,0.49678397,0.3197835,0.0004554987
1241,1.1736779,0.42544505,0.7402274,0.39420056,0.43345052,0.031244487
1242,0.66830415,0.25259525,0.43051037,0.27990052,0.23779377,-0.027305275
1243,0.71904516,0.4228715,0.5801808,0.4284061,0.13886434,-0.0055345893
1244,0.7731394,0.32047886,0.47525463,0.32867584,0.2978848,-0.00819698
1245,0.16568144,0.061793372,0.116259776,0.07165428,0.04942166,-0.0098609105
1246,0.9548915,0.4113859,0.54514074,0.40977016,0.40975076,0.0016157329
1247,0.14093389,0.065716624,0.062656306,0.046943143,0.07827758,0.018773481
1248,0.07148004,0.058986608,0.02220245,0.015173197,0.049277592,0.04381341
1249,0.7381214,0.27094567,0.33143917,0.24915509,0.40668222,0.021790579
1250,0.8802084,0.4050159,0.5652916,0.40687832,0.3149168,-0.0018624365
1251,0.10916529,0.05214152,0.07588376,0.0502676,0.033281527,0.0018739216
1252,0.69214976,0.3546133,0.50219303,0.31331187,0.18995672,0.04130143
1253,0.41591182,0.27315295,0.33366883,0.2555527,0.082242996,0.017600238
1254,-0.019019889,0.11826498,0.019752229,0.010013153,-0.038772117,0.108251825
1255,0.47863114,0.20721889,0.27914563,0.19453786,0.19948551,0.012681022
1256,1.0291121,0.4550093,0.6378808,0.44640502,0.3912313,0.008604288
1257,0.9331972,0.42878354,0.57806456,0.4119238,0.35513264,0.01685974
1258,0.887669,0.42489824,0.6352916,0.40878886,0.25237745,0.016109377
1259,0.017405445,-0.008668991,0.012620176,0.012032101,0.0047852686,-0.020701092
1260,0.6244717,0.11769559,0.18601298,0.12291145,0.43845874,-0.005215861
1261,-0.015843699,0.12330769,0.017159645,0.006748011,-0.033003345,0.11655968
1262,0.6299399,0.17002091,0.2688372,0.17505416,0.3611027,-0.0050332546
1263,0.1571,0.08822003,0.120055296,0.0905446,0.03704471,-0.0023245662
1264,0.9584734,0.29960588,0.3810585,0.30774325,0.5774149,-0.008137375
1265,0.75447303,0.39467517,0.5495885,0.386777,0.20488453,0.007898152
1266,-0.029579539,0.11594218,0.011624075,0.002477218,-0.041203614,0.11346496
1267,-0.027060056,0.11716272,0.010784791,0.004313291,-0.037844848,0.11284943
1268,0.6500724,0.3660708,0.4518474,0.33507696,0.19822499,0.030993849
1269,0.8000968,0.27857503,0.425767,0.33307794,0.3743298,-0.054502904
1270,0.023881616,0.13943307,0.043747254,0.023753058,-0.019865638,0.11568001
1271,0.7931232,0.27461323,0.4725252,0.30671197,0.32059798,-0.03209874
1272,1.0256131,0.4856697,0.70139027,0.46716398,0.3242228,0.018505722
1273,0.19345142,0.050718587,0.057567727,0.043833278,0.13588369,0.006885309
1274,0.95129853,0.5358588,0.73492205,0.5447961,0.21637648,-0.008937299
1275,0.7779113,0.4044484,0.5456438,0.39310005,0.2322675,0.011348337
1276,0.04822186,0.13296925,0.036597334,0.028738003,0.011624526,0.10423124
1277,0.70518696,0.35422382,0.42579812,0.31845358,0.27938884,0.035770237
1278,0.17592922,0.1401704,0.14690128,0.10483722,0.029027939,0.03533318
1279,0.76776433,0.34050182,0.38477027,0.28666437,0.38299406,0.05383745
1280,1.0677714,0.4792273,0.6498777,0.44218388,0.4178937,0.037043422
1281,0.69301224,0.3102965,0.4444085,0.3120514,0.24860373,-0.00175488
1282,0.0057855947,-0.05246667,0.013546608,0.0061570066,-0.0077610137,-0.058623675
1283,0.5130617,0.22777328,0.28049904,0.19676659,0.23256266,0.031006694
1284,1.3698874,0.61480516,0.85272187,0.5948654,0.5171655,0.01993978
1285,0.71298355,0.33256915,0.42595822,0.31282988,0.28702533,0.01973927
1286,0.7865016,0.33004555,0.45203644,0.3026036,0.33446515,0.027441949
1287,0.59721774,0.15085392,0.19447906,0.1444242,0.4027387,0.006429717
1288,0.07705978,0.14711908,0.043727364,0.03141188,0.03333242,0.1157072
1289,0.08244802,0.02483665,0.06251446,0.04329291,0.019933559,-0.01845626
1290,0.87574196,0.30289835,0.39486983,0.26458427,0.48087212,0.038314074
1291,0.8092288,0.27421144,0.48405904,0.30977243,0.32516974,-0.035560995
1292,0.28477114,0.09252071,0.20520508,0.11386116,0.07956606,-0.021340452
1293,0.5396201,0.24364628,0.32912704,0.21247391,0.21049306,0.031172365
1294,0.063148744,0.060573902,0.051074915,0.03608053,0.01207383,0.02449337
1295,0.922594,0.30843428,0.51056,0.32892713,0.41203403,-0.020492852
1296,0.8530835,0.28364855,0.4673155,0.305345,0.385768,-0.021696448
1297,0.7286452,0.20092893,0.31137872,0.22510442,0.4172665,-0.024175495
1298,0.065070495,0.03677185,0.07345256,0.04474991,-0.008382067,-0.007978059
1299,0.7704103,0.34861824,0.4179892,0.31458372,0.3524211,0.03403452
1300,0.18500851,0.10348398,0.10668669,0.07688643,0.07832182,0.026597552
1301,0.70993,0.2368165,0.3804172,0.2440536,0.3295128,-0.0072371066
1302,0.088052735,0.08205779,0.073121235,0.0528962,0.0149315,0.029161587
1303,0.04142437,0.20314309,0.046624437,0.035038233,-0.0052000657,0.16810486
1304,0.21371941,0.18192926,0.19068655,0.15483713,0.023032859,0.027092129
1305,0.005089695,-0.021087073,0.027966216,0.017028067,-0.022876522,-0.03811514
1306,0.4202273,0.19622655,0.24716492,0.18398528,0.17306237,0.012241274
1307,0.80350614,0.40312132,0.49104723,0.37299523,0.3124589,0.030126095
1308,0.59282917,0.27669,0.40987548,0.28642997,0.18295369,-0.009739965
1309,0.772497,0.25324658,0.37792525,0.24562192,0.39457175,0.007624656
1310,0.0666056,0.05046762,0.02924383,0.022191381,0.037361767,0.02827624
1311,0.07743696,0.14792089,0.05069595,0.037851002,0.026741013,0.110069886
1312,0.10693413,0.0530126,0.09337581,0.07258698,0.013558321,-0.019574385
1313,0.5024629,0.16691627,0.21814151,0.16141036,0.28432143,0.0055059046
1314,0.6821867,0.32053176,0.46714297,0.3283499,0.21504375,-0.007818133
1315,0.02720005,0.025589164,0.008792618,0.0066849613,0.018407432,0.018904204
1316,0.69990444,0.18918101,0.2644057,0.19472189,0.43549874,-0.0055408776
1317,0.0073450888,0.06628587,0.02246278,0.01209711,-0.015117691,0.05418876
1318,0.59118587,0.25292873,0.29671568,0.24069881,0.2944702,0.012229919
1319,0.09348846,0.09543874,0.066339254,0.049357437,0.027149208,0.046081305
1320,0.08624884,0.17144221,0.11980571,0.09318753,-0.03355687,0.07825468
1321,0.09479766,0.12155583,0.06074225,0.04687746,0.03405541,0.07467837
1322,0.2695065,0.122960545,0.14588937,0.11026101,0.12361714,0.012699537
1323,0.52291566,0.17825796,0.23803625,0.1536581,0.28487942,0.02459985
1324,1.1664708,0.4365852,0.54459125,0.40191022,0.6218795,0.034674972
1325,0.8922806,0.3148338,0.45642933,0.3378697,0.43585125,-0.023035914
1326,0.1182751,0.08501893,0.09179948,0.07024382,0.026475616,0.014775112
1327,0.08987358,0.07080418,0.0595995,0.045794837,0.030274082,0.025009342
1328,0.8955197,0.5041492,0.6008717,0.44160295,0.294648,0.06254625
1329,0.5790767,0.18952705,0.23780651,0.17607209,0.3412702,0.013454959
1330,0.07372652,-0.058228012,0.026429955,0.012680027,0.047296565,-0.07090804
1331,0.99385357,0.4391142,0.6294103,0.4567955,0.36444324,-0.0176813
1332,0.05584625,0.033964,0.03507771,0.02452703,0.020768542,0.009436971
1333,0.05324712,0.028278103,0.022241138,0.019431228,0.031005982,0.008846875
1334,-0.00067198504,0.006103346,0.020253295,0.013362435,-0.02092528,-0.0072590886
1335,0.5638809,0.32078707,0.357191,0.21337065,0.20668992,0.10741642
1336,0.73732644,0.31299078,0.41573977,0.29309613,0.32158667,0.01989466
1337,0.93836933,0.3419459,0.47571722,0.33507556,0.46265212,0.0068703294
1338,0.114667825,0.00959445,0.07748409,0.04941813,0.03718373,-0.03982368
1339,0.5650038,0.176304,0.26387656,0.16263075,0.30112725,0.013673246
1340,1.0531555,0.46493983,0.66506726,0.47252464,0.3880883,-0.0075848103
1341,0.9042891,0.28578544,0.4412725,0.2893745,0.46301663,-0.0035890639
1342,0.6518157,0.16981761,0.21487418,0.15551308,0.43694153,0.014304534
1343,0.0880113,0.04796428,0.04651543,0.03963655,0.04149587,0.00832773
1344,-0.0021705192,0.020370334,0.007594739,0.009111114,-0.009765258,0.011259221
1345,0.17423575,0.0763557,0.10039443,0.07212237,0.07384132,0.0042333305
1346,0.025377017,-0.050919313,0.014022453,0.003558316,0.011354564,-0.05447763
1347,0.124008425,0.076550946,0.08503033,0.0674781,0.038978092,0.009072848
1348,0.088448934,0.054827746,0.037043612,0.029876191,0.05140532,0.024951555
1349,0.33028287,0.12693097,0.19488052,0.12353011,0.13540235,0.0034008548
1350,0.66688675,0.23084697,0.26959926,0.20818219,0.3972875,0.022664785
1351,0.8391663,0.51923144,0.63236094,0.46636063,0.20680535,0.05287081
1352,0.8286176,0.49991587,0.60565805,0.44324264,0.22295952,0.05667323
1353,0.114083365,0.011115856,0.07344862,0.050171543,0.040634744,-0.039055686
1354,1.0626415,0.43022043,0.63606703,0.428046,0.42657447,0.002174437
1355,1.2115023,0.6392268,0.88718015,0.6292592,0.32432216,0.009967566
1356,0.120666035,0.046788797,0.05982069,0.042691506,0.060845345,0.0040972903
1357,0.2090522,0.12237377,0.12094102,0.08328947,0.088111185,0.0390843
1358,0.7330638,0.22466096,0.2619186,0.19229272,0.4711452,0.032368243
1359,0.03822232,0.011518086,0.02704959,0.01785765,0.0111727305,-0.006339564
1360,0.21222538,0.10835659,0.16883036,0.120948076,0.043395013,-0.012591489
1361,0.9634496,0.47854495,0.5893823,0.43426085,0.3740673,0.044284105
1362,0.7435528,0.24901514,0.36151195,0.2397368,0.38204086,0.009278342
1363,0.9443457,0.40245458,0.49763972,0.3168568,0.446706,0.08559778
1364,1.0263671,0.44001964,0.59363925,0.4600175,0.4327278,-0.019997865
1365,0.82720965,0.40476584,0.55393595,0.3899246,0.2732737,0.0148412585
1366,0.020570213,0.03291704,0.01537623,0.0078081647,0.005193983,0.025108878
1367,-0.019751243,0.12538788,0.016677711,0.008112138,-0.036428954,0.11727574
1368,0.81826365,0.26313797,0.37526837,0.28143543,0.44299528,-0.018297464
1369,0.968943,0.35774022,0.4750654,0.33844635,0.4938776,0.019293875
1370,0.83188546,0.37460408,0.4857564,0.35192305,0.34612906,0.022681028
1371,0.8098899,0.30814487,0.39309254,0.28566253,0.41679737,0.022482336
1372,0.15845162,0.035722543,0.09821844,0.06797136,0.060233176,-0.03224882
1373,0.05432956,0.008307842,0.018668126,0.007308533,0.035661433,0.0009993087
1374,0.022874711,0.035592996,0.045722406,0.030352771,-0.022847695,0.0052402243
1375,0.08338207,-0.005107026,0.07007794,0.03621298,0.013304129,-0.041320007
1376,0.057647575,0.020589046,0.034371894,0.023096247,0.02327568,-0.0025072005
1377,1.1732725,0.5843591,0.68883806,0.51522464,0.48443443,0.069134474
1378,0.03819912,0.02865375,0.017123882,0.017107163,0.021075238,0.011546588
1379,0.10446902,0.04624402,0.06828322,0.045383655,0.0361858,0.00086036697
1380,0.7543215,0.35161522,0.46815014,0.3371993,0.28617138,0.01441592
1381,0.035384808,0.033892788,0.02385079,0.023689026,0.011534018,0.010203762
1382,0.05213357,0.099520996,0.04977404,0.029362973,0.0023595318,0.07015802
1383,-0.0014631395,-0.02892167,0.025654357,0.018818904,-0.027117496,-0.04774057
1384,1.0014678,0.27696,0.4199136,0.28989217,0.58155423,-0.012932181
1385,0.014087434,0.23223934,0.03182266,0.020651743,-0.017735224,0.2115876
1386,0.85580945,0.43458351,0.62537324,0.4554546,0.2304362,-0.020871073
1387,0.12795347,0.05437421,0.09187548,0.06642361,0.03607799,-0.012049399
1388,0.045134656,0.12447064,0.054518946,0.036701374,-0.009384289,0.08776927
1389,0.9017804,0.37647063,0.36830002,0.26296702,0.5334804,0.113503605
1390,0.025852628,0.03631632,0.02428231,0.022349358,0.0015703179,0.013966963
1391,0.95781827,0.41600457,0.5345105,0.38586912,0.42330778,0.030135453
1392,0.7773007,0.3622572,0.5477595,0.35475734,0.22954124,0.0074998736
1393,0.16758275,0.052859966,0.102833904,0.06731689,0.064748846,-0.014456924
1394,0.028806271,0.023437459,0.0061061126,0.009561997,0.022700159,0.013875462
1395,0.12953089,0.031101843,0.08918419,0.0549298,0.040346704,-0.023827957
1396,1.0555494,0.5057528,0.68189156,0.4719445,0.37365782,0.03380829
1397,0.08174553,0.16338089,0.0643269,0.050224107,0.01741863,0.11315678
1398,1.2446845,0.6793574,0.73411906,0.5502146,0.5105654,0.12914282
1399,0.62736464,0.21885216,0.29603887,0.21388093,0.33132577,0.004971236
1400,1.2299283,0.48446462,0.61894006,0.40684208,0.6109882,0.07762253
1401,0.95254636,0.53196955,0.69248533,0.46914023,0.26006103,0.062829316
1402,1.4461056,0.5164211,0.85451394,0.518977,0.59159166,-0.0025559068
1403,0.118074045,0.0706076,0.07703079,0.056229323,0.04104325,0.014378279
1404,0.1165304,0.09184782,0.0870616,0.052425813,0.029468805,0.03942201
1405,0.6042497,0.29099804,0.38381287,0.24823412,0.22043684,0.04276392
1406,0.095336266,0.07380704,0.048817776,0.032399263,0.04651849,0.041407775
1407,0.038884737,0.12719382,0.029926023,0.025249505,0.008958714,0.10194432
1408,0.9716427,0.27745426,0.3949328,0.31592083,0.57670987,-0.038466573
1409,0.7689633,0.2844241,0.40552807,0.2878753,0.3634352,-0.0034511983
1410,0.7559705,0.32324135,0.48805958,0.3372264,0.2679109,-0.013985038
1411,0.70249623,0.3323609,0.44781,0.30714217,0.25468624,0.025218725
1412,0.01651691,0.031942893,0.025360515,0.018279197,-0.0088436045,0.013663696
1413,0.29495087,0.12263963,0.17175183,0.12291594,0.123199046,-0.00027630478
1414,0.023672348,0.016099844,0.012058583,0.009364269,0.011613765,0.0067355754
1415,0.79715395,0.41370422,0.5703889,0.39381042,0.22676504,0.019893795
1416,1.0103196,0.2702819,0.3049361,0.24337253,0.7053835,0.026909381
1417,0.06815228,0.046727784,0.03886101,0.026810223,0.029291268,0.01991756
1418,0.023852935,0.0032429113,0.015451668,0.009815605,0.008401267,-0.006572694
1419,0.023918299,0.09526525,0.04335118,0.029847255,-0.019432882,0.06541799
1420,0.8766015,0.434901,0.51730466,0.37086242,0.35929686,0.064038575
1421,0.73240656,0.29670987,0.42350656,0.29355434,0.3089,0.0031555295
1422,0.5099859,0.21624316,0.2841519,0.20407438,0.22583401,0.01216878
1423,0.1646572,0.057531424,0.045982644,0.03442309,0.11867456,0.023108333
1424,0.114734866,0.07532188,0.059683435,0.048423674,0.05505143,0.026898209
1425,1.3112519,0.5121685,0.64948094,0.4682662,0.66177094,0.043902338
1426,-0.030421425,0.13901542,0.018435368,0.0094639985,-0.048856795,0.12955143
1427,0.11501878,0.10324982,0.089295544,0.06744123,0.025723234,0.035808586
1428,0.12723197,0.048873156,0.050987523,0.03869442,0.07624444,0.010178737
1429,0.078863785,0.037273645,0.03258587,0.02255241,0.046277914,0.014721235
1430,0.91420764,0.5460832,0.6742678,0.5543022,0.23993981,-0.008219004
1431,0.043613084,0.1559786,0.04242263,0.030636122,0.0011904538,0.12534249
1432,0.7226038,0.16803837,0.29504514,0.18388787,0.42755866,-0.0158495
1433,0.19569413,0.11048015,0.1342608,0.09589352,0.06143333,0.014586635
1434,0.91264474,0.3855128,0.5214142,0.36452267,0.39123052,0.020990133
1435,0.012925817,0.0020718072,0.029510144,0.015715873,-0.016584327,-0.013644066
1436,0.55266225,0.25154087,0.29207677,0.20843856,0.2605855,0.04310231
1437,0.046461605,0.14159681,0.039162174,0.026942354,0.0072994307,0.11465445
1438,0.9227487,0.47158298,0.68481785,0.4452383,0.23793083,0.026344687
1439,0.11594322,0.20363231,0.11446204,0.081219964,0.0014811829,0.12241235
1440,0.09299748,0.0707476,0.05363667,0.04410284,0.039360806,0.026644759
1441,0.048973724,0.050167043,0.040672246,0.026666706,0.008301478,0.023500336
1442,0.638988,0.27533033,0.35256308,0.26121563,0.28642493,0.014114708
1443,0.62771225,0.39869913,0.4549071,0.3270325,0.17280516,0.07166663
1444,0.122328624,0.0704985,0.063089654,0.044327933,0.05923897,0.026170563
1445,0.72352684,0.35768315,0.40163103,0.3030499,0.3218958,0.05463326
1446,0.124904245,0.048695195,0.07801336,0.049478292,0.046890885,-0.000783097
1447,0.8269715,0.37871587,0.51234263,0.3358512,0.31462884,0.04286468
1448,0.8622762,0.26185063,0.3758851,0.28697348,0.4863911,-0.025122851
1449,0.96618617,0.30042827,0.4621938,0.3157125,0.5039924,-0.01528424
1450,0.67770433,0.3404025,0.43227586,0.3178123,0.24542847,0.02259022
1451,0.11971707,0.027665045,0.036850985,0.028309029,0.08286609,-0.0006439835
1452,0.05330545,0.08716671,0.046279304,0.030972127,0.007026147,0.056194585
1453,0.0201733,-0.078713715,0.032778513,0.01817824,-0.012605213,-0.096891955
1454,0.70282346,0.24088493,0.36390585,0.2682325,0.3389176,-0.027347565
1455,0.05782176,0.02646908,0.035604417,0.029847765,0.022217344,-0.0033786856
1456,0.7699379,0.13182318,0.18404572,0.13796517,0.58589214,-0.0061419904
1457,0.08608634,-0.0035178005,0.05238195,0.033856038,0.03370439,-0.037373837
1458,0.1766728,0.241427,0.11657504,0.092940494,0.06009776,0.14848651
1459,1.0746075,0.5003281,0.6441233,0.46209186,0.43048418,0.03823626
1460,0.70913136,0.23529817,0.37590015,0.27936608,0.3332312,-0.044067904
1461,0.7033794,0.1992749,0.20651233,0.16042587,0.49686706,0.038849026
1462,0.075278424,0.039702605,0.07773097,0.05520458,-0.0024525449,-0.015501976
1463,0.5135488,0.11856294,0.15724893,0.11614756,0.35629988,0.002415374
1464,0.8724367,0.33328158,0.4294327,0.29365078,0.443004,0.0396308
1465,0.6156111,0.28693533,0.34094208,0.23745191,0.274669,0.04948342
1466,0.1009643,0.04215522,0.042720847,0.028288756,0.058243454,0.013866466
1467,0.30324525,0.1159991,0.13948674,0.108163044,0.1637585,0.007836059
1468,0.098975845,0.040319357,0.062723115,0.042195283,0.03625273,-0.0018759258
1469,0.17986973,0.13354838,0.12633525,0.09852173,0.053534478,0.035026647
1470,0.091029055,0.07508086,0.07135871,0.057795186,0.019670345,0.017285671
1471,0.94810975,0.43990624,0.5876917,0.42747554,0.36041802,0.012430698
1472,0.08301451,0.1120148,0.0487189,0.025523778,0.03429561,0.08649102
1473,0.91136134,0.3215976,0.4784184,0.36501467,0.43294293,-0.043417066
1474,1.0121834,0.27873033,0.45096555,0.30743986,0.5612179,-0.02870953
1475,0.5982084,0.31816804,0.45001513,0.30646357,0.1481933,0.011704475
1476,0.042243965,0.017719852,0.021655833,0.02246419,0.020588132,-0.004744338
1477,0.88026446,0.46635035,0.58218926,0.42544454,0.2980752,0.040905803
1478,0.022684185,0.022498986,0.022253726,0.019987207,0.00043045916,0.0025117788
1479,0.80530244,0.30415964,0.42357913,0.31699213,0.3817233,-0.012832493
1480,0.7279223,0.2740291,0.35389715,0.27232403,0.37402517,0.0017050803
1481,0.78807455,0.2772611,0.43013972,0.28780514,0.35793483,-0.010544032
1482,-0.00082078273,-0.00076701236,0.025531735,0.01550894,-0.026352517,-0.016275954
1483,0.3001401,0.11723611,0.16663183,0.1118419,0.13350828,0.0053942055
1484,0.9060107,0.3861124,0.5025288,0.35799095,0.4034819,0.028121442
1485,0.90755993,0.51320034,0.61168176,0.46343794,0.29587817,0.049762398
1486,0.32176387,0.11440332,0.16515724,0.11019782,0.15660663,0.0042055026
1487,0.6403421,0.2771202,0.40066952,0.30926698,0.2396726,-0.03214678
1488,0.7440418,0.2129073,0.26563576,0.20817617,0.47840604,0.0047311336
1489,0.036632076,0.030936128,0.019888084,0.019117927,0.016743992,0.0118182
1490,0.6975835,0.30567127,0.412885,0.29964072,0.2846985,0.0060305595
1491,0.050831974,0.052635726,0.035414673,0.023961604,0.0154173,0.028674122
1492,1.325889,0.21922512,0.3563539,0.20203269,0.9695351,0.017192438
1493,0.011473772,0.114367254,0.037566163,0.021254294,-0.026092391,0.09311296
1494,0.81447613,0.448168,0.5440917,0.44001618,0.27038443,0.008151829
1495,0.06807602,-0.003977314,0.049251944,0.030118417,0.018824078,-0.03409573
1496,0.39499116,0.07064419,0.09637304,0.07142721,0.29861814,-0.00078301877
1497,-0.032901257,0.120286085,0.00975796,0.0028782357,-0.042659216,0.11740785
1498,0.0201891,-0.0056163864,0.023313684,0.015557118,-0.0031245835,-0.021173503
1499,0.57131046,0.31603086,0.41180897,0.32265434,0.1595015,-0.0066234767
1500,0.28116673,0.1336903,0.18148294,0.122543715,0.09968379,0.011146583
1501,0.1651595,0.102571554,0.107025065,0.078570224,0.05813443,0.02400133
1502,0.99280375,0.27085766,0.38934898,0.2463527,0.60345477,0.02450496
1503,0.11178287,0.04004186,0.039413225,0.031025534,0.07236965,0.009016326
1504,0.1636113,0.051613256,0.080987915,0.047692746,0.08262338,0.0039205104
1505,0.04375265,0.053380873,0.032723706,0.024988975,0.011028945,0.028391898
1506,0.78071195,0.39295757,0.57932156,0.39208746,0.20139039,0.0008701086
1507,1.0840108,0.38601443,0.5812705,0.40645304,0.5027403,-0.020438612
1508,0.103875495,-0.006633299,0.06974204,0.04369526,0.034133457,-0.05032856
1509,0.019551516,0.0008796278,0.019283773,0.014489913,0.0002677422,-0.013610286
1510,0.25484177,0.16315748,0.21285681,0.1544969,0.04198496,0.008660585
1511,0.09736131,0.054743018,0.04831151,0.03088544,0.049049802,0.023857579
1512,0.016620988,0.03044162,0.016032508,0.012054156,0.0005884804,0.018387463
1513,0.10583951,0.06841669,0.05768612,0.04985296,0.048153393,0.018563733
1514,0.5347463,0.16586226,0.22542234,0.16322789,0.30932397,0.0026343763
1515,0.23105615,0.09904218,0.15594332,0.10681021,0.075112835,-0.007768035
1516,0.95992464,0.28333575,0.4085912,0.27618742,0.5513334,0.0071483254
1517,0.09297998,0.0642864,0.06767157,0.047960795,0.025308415,0.016325608
1518,0.17762913,0.1357837,0.13729121,0.10281269,0.04033792,0.03297101
1519,0.8887302,0.33960235,0.41378346,0.29763854,0.47494677,0.041963816
1520,0.8499608,0.22305915,0.38194713,0.25273874,0.46801367,-0.029679596
1521,0.006616781,0.13388717,0.011847694,0.015236491,-0.0052309134,0.11865068
1522,0.07715635,0.1234631,0.068705454,0.043236088,0.008450896,0.08022702
1523,0.010139732,-0.0138529455,0.03941009,0.02451538,-0.029270357,-0.038368326
1524,0.15194774,0.07730091,0.09931921,0.07999224,0.052628525,-0.0026913285
1525,0.06636348,-0.00053015334,0.038743775,0.026138004,0.027619708,-0.026668157
1526,0.079434276,0.025502633,0.06800909,0.0514744,0.011425182,-0.025971767
1527,0.88782173,0.31314513,0.4975261,0.33517617,0.39029562,-0.022031039
1528,1.2338958,0.4456195,0.52045333,0.40597543,0.71344244,0.039644063
1529,0.03758629,0.027089415,0.04409207,0.032803252,-0.00650578,-0.005713837
1530,0.064317055,0.030846598,0.05757755,0.028470416,0.0067395046,0.002376182
1531,0.06380434,0.045100875,0.04246344,0.03130711,0.021340903,0.0137937665
1532,0.3099734,0.17753275,0.21639685,0.1621668,0.093576536,0.015365943
1533,0.78434205,0.403295,0.5499085,0.40608096,0.23443353,-0.002785951
1534,0.1779903,0.03196923,0.073352024,0.047183096,0.10463828,-0.015213866
1535,0.060874633,0.14375775,0.0790486,0.0508324,-0.018173963,0.09292535
1536,0.94036055,0.3833693,0.5124525,0.34721565,0.42790806,0.036153644
1537,0.62391007,0.21471448,0.29571968,0.21731439,0.3281904,-0.00259991
1538,1.0109874,0.483637,0.6504189,0.48280445,0.36056852,0.0008325577
1539,0.04740942,0.01825811,0.030736387,0.015181673,0.016673032,0.003076437
1540,0.042164113,0.1473435,0.051576506,0.032710396,-0.009412393,0.114633106
1541,1.0387219,0.29117984,0.37385958,0.25540644,0.66486233,0.035773396
1542,0.054224182,0.1361799,0.029627819,0.023584008,0.024596363,0.112595886
1543,0.71141165,0.28892455,0.4017272,0.29506937,0.30968446,-0.0061448216
1544,0.68626755,0.19386175,0.24521437,0.16234118,0.44105318,0.031520575
1545,-0.014774902,-0.048610173,0.003830354,0.003005109,-0.018605256,-0.051615283
1546,0.6748735,0.29732454,0.40868026,0.2918939,0.2661932,0.005430639
1547,0.838457,0.37343934,0.49648008,0.3309483,0.3419769,0.04249105
1548,0.8280459,0.372802,0.5967304,0.3693384,0.2313155,0.003463596
1549,0.4853154,0.15743113,0.19994363,0.13429502,0.28537178,0.02313611
1550,0.124420516,0.054148156,0.09427358,0.06728707,0.030146934,-0.013138916
1551,1.0474923,0.4692917,0.67560637,0.42223945,0.3718859,0.047052234
1552,0.08329989,0.14432599,0.049618647,0.035934288,0.033681244,0.1083917
1553,0.057674117,-0.006011254,0.05198741,0.03250176,0.005686708,-0.038513016
1554,0.14772454,0.10973963,0.08663019,0.07067959,0.06109435,0.03906004
1555,0.08960332,0.04406405,0.041560624,0.028396854,0.048042696,0.015667195
1556,0.20056188,0.123852864,0.17474508,0.108506836,0.025816798,0.015346028
1557,0.0040806015,-0.05887463,0.011432109,0.0058052153,-0.007351508,-0.064679846
1558,0.32112354,0.09616786,0.20907345,0.1321992,0.112050086,-0.036031336
1559,0.06360273,0.043606553,0.050426167,0.040328473,0.013176564,0.0032780804
1560,0.022452373,-0.032254513,0.021849018,0.0091705825,0.00060335547,-0.041425094
1561,0.80839723,0.3469713,0.42402896,0.32097992,0.38436827,0.02599138
1562,0.044354267,0.03464029,0.043166954,0.024046462,0.0011873133,0.010593828
1563,0.18024974,0.16614622,0.086616084,0.052807815,0.09363365,0.1133384
1564,-0.029095663,0.03555274,0.007949064,0.005629492,-0.037044726,0.029923249
1565,0.15092939,0.022570573,0.10826291,0.07688737,0.04266648,-0.054316796
1566,0.124203935,0.055936832,0.0721043,0.052626602,0.052099638,0.0033102296
1567,0.008541627,0.055415194,0.012046874,0.011436317,-0.0035052467,0.043978877
1568,0.9648503,0.5752707,0.65817404,0.51328427,0.30667627,0.061986446
1569,0.06861755,0.028190508,0.031111103,0.025480077,0.03750645,0.0027104318
1570,0.07748821,0.041741967,0.04634459,0.031150714,0.031143617,0.010591254
1571,0.03818759,0.06982042,0.0262912,0.013892204,0.011896389,0.055928215
1572,0.098412365,0.053630274,0.0473346,0.033659123,0.051077764,0.01997115
1573,0.27173543,0.15396531,0.12054591,0.09504087,0.15118952,0.058924437
1574,0.20137447,0.12892464,0.15636882,0.10987917,0.04500565,0.019045465
1575,0.04476142,-0.014479128,0.02204039,0.01595724,0.02272103,-0.030436367
1576,0.06285526,0.038921896,0.036179617,0.030830914,0.026675642,0.008090982
1577,0.09233706,-0.0043368298,0.077033415,0.048550617,0.015303642,-0.052887447
1578,0.2060307,0.12596488,0.12929541,0.09979756,0.07673529,0.026167318
1579,0.02259858,0.045886625,0.014506613,0.013185808,0.008091967,0.032700814
1580,0.6837933,0.24491623,0.31311527,0.20262468,0.37067804,0.04229155
1581,0.9718159,0.25497428,0.3181908,0.2327739,0.6536251,0.022200376
1582,0.770187,0.31816596,0.43746147,0.30253473,0.33272555,0.015631229
1583,0.15388727,0.06195219,0.06151911,0.04376533,0.09236816,0.01818686
1584,0.07832099,-0.01653744,0.053100187,0.033685792,0.0252208,-0.05022323
1585,0.76907694,0.26309007,0.34543553,0.25590068,0.4236414,0.007189393
1586,0.27174053,0.12475763,0.15268232,0.100112855,0.11905821,0.024644777
1587,0.065280564,0.009460281,0.028239395,0.019603193,0.03704117,-0.010142912
1588,0.51437813,0.28159767,0.33526415,0.24964266,0.17911398,0.03195502
1589,0.032763608,0.034450594,0.017145643,0.010208311,0.015617965,0.024242284
1590,0.65374935,0.2799108,0.38954365,0.27376986,0.2642057,0.0061409473
1591,0.88598996,0.24418782,0.35900968,0.23943643,0.5269803,0.0047513843
1592,0.59941715,0.32206586,0.43704548,0.3277694,0.16237167,-0.0057035387
1593,0.19389272,0.15744182,0.15193729,0.11886658,0.041955426,0.038575247
1594,0.9123124,0.4313303,0.59585017,0.41267022,0.31646222,0.018660069
1595,0.07039379,0.10441298,0.03773271,0.027755544,0.032661084,0.07665744
1596,0.055078816,-0.006547967,0.016546458,0.0076779947,0.038532358,-0.014225962
1597,0.86852646,0.46661273,0.5900279,0.4451317,0.27849853,0.021481037
1598,0.8550194,0.37075597,0.55188304,0.34305933,0.30313635,0.02769664
1599,0.88066995,0.48596475,0.6206149,0.441454,0.26005507,0.044510752
1600,-0.024702296,-0.014953037,-0.00023129769,0.002503993,-0.024470998,-0.01745703
1601,0.63548654,0.3075102,0.3782608,0.27111188,0.25722575,0.03639832
1602,0.073515914,0.029009301,0.04517864,0.028875893,0.028337274,0.00013340823
1603,0.076686315,0.04322571,0.050821595,0.035716318,0.02586472,0.0075093918
1604,0.7652084,0.312255,0.39522254,0.28809077,0.36998588,0.02416423
1605,0.01581469,0.13666728,0.027577603,0.023670051,-0.011762913,0.112997234
1606,0.5688825,0.33361974,0.35034186,0.25997242,0.21854067,0.07364732
1607,0.6670501,0.19935158,0.33464685,0.20576572,0.33240327,-0.006414145
1608,0.6137069,0.19198416,0.2861825,0.20751329,0.3275244,-0.015529126
1609,0.6992255,0.3181557,0.45661837,0.30622452,0.24260712,0.011931181
1610,0.035364937,0.030930024,0.027487168,0.018959707,0.007877769,0.011970317
1611,1.1213202,0.49380633,0.6606545,0.43703777,0.46066576,0.056768566
1612,0.047970276,-0.03799181,0.03201926,0.012961564,0.015951015,-0.050953373
1613,0.69677913,0.3366668,0.38889676,0.2909938,0.30788237,0.045672983
1614,1.0752782,0.61849767,0.8686845,0.62177044,0.20659369,-0.0032727718
1615,0.08702517,0.06947228,0.0624833,0.037955597,0.024541873,0.031516686
1616,0.908242,0.3532182,0.44844303,0.3477401,0.45979896,0.005478084
1617,0.16229512,0.09855988,0.09419845,0.06763727,0.06809667,0.030922607
1618,0.69648623,0.24241976,0.3663579,0.2438198,0.33012834,-0.0014000386
1619,0.7840532,0.25116444,0.3332731,0.23415434,0.4507801,0.017010093
1620,0.060759407,0.07626232,0.056169055,0.044628687,0.004590351,0.03163363
1621,0.9910708,0.44313866,0.5958916,0.4231159,0.3951792,0.02002275
1622,0.53714675,0.23997782,0.28991947,0.21680398,0.24722728,0.023173839
1623,0.92867595,0.40134332,0.61051923,0.39737514,0.31815672,0.003968179
1624,1.3765043,0.39566013,0.59856886,0.4142244,0.77793545,-0.018564254
1625,0.06516861,0.015971314,0.043059517,0.034923855,0.022109095,-0.018952541
1626,1.1651938,0.38344306,0.53553236,0.38396785,0.62966144,-0.0005247891
1627,0.15513438,0.0776257,0.11005179,0.08147054,0.04508259,-0.0038448423
1628,0.97477645,0.3973109,0.5837299,0.4248882,0.39104652,-0.027577281
1629,0.12575501,0.07390922,0.10562785,0.06692606,0.020127162,0.006983161
1630,0.90835744,0.4167468,0.5349294,0.3837923,0.37342805,0.032954484
1631,0.17537302,0.13792285,0.07871208,0.05125726,0.096660934,0.08666559
1632,-0.024741087,0.11833366,0.0123358965,0.0053684013,-0.037076984,0.112965256
1633,0.069108784,0.029531436,0.060176414,0.043957643,0.008932371,-0.014426207
1634,0.082831204,0.05218456,0.052784335,0.039297033,0.03004687,0.012887526
1635,0.7224288,0.26000553,0.32919112,0.23449548,0.39323768,0.025510058
1636,0.5372922,0.30892694,0.4072186,0.25363502,0.13007358,0.05529192
1637,0.031296175,0.040776707,0.036266048,0.032422714,-0.0049698725,0.008353993
1638,0.90965414,0.41103792,0.5403988,0.3762361,0.36925536,0.03480181
1639,0.6788332,0.270399,0.36093748,0.25947896,0.3178957,0.010920048
1640,0.050387703,0.07807428,0.06450289,0.04953063,-0.014115185,0.028543647
1641,-0.016527379,-0.028680569,0.017914724,0.014186719,-0.034442104,-0.042867288
1642,0.13553186,0.025510851,0.062744126,0.04164823,0.07278773,-0.01613738
1643,1.0238214,0.48856783,0.611193,0.47674242,0.41262835,0.0118254125
1644,0.89680177,0.30179292,0.36162758,0.25559947,0.5351742,0.04619345
1645,0.79486066,0.3154479,0.47520527,0.34864873,0.3196554,-0.03320083
1646,0.7613284,0.33837706,0.4728424,0.31411117,0.288486,0.024265885
1647,0.19383694,0.11675462,0.13149902,0.081184864,0.06233792,0.035569757
1648,0.19610992,0.10207576,0.13722378,0.09263407,0.05888614,0.009441696
1649,0.10297228,-0.007428324,0.059148513,0.03698892,0.043823764,-0.044417247
1650,0.08505182,0.09969703,0.042424258,0.03263871,0.04262756,0.067058325
1651,1.0395101,0.6844985,0.78858155,0.5819963,0.25092858,0.10250217
1652,1.4123899,0.57253647,0.66527843,0.46776256,0.74711144,0.10477391
1653,0.6462674,0.24933347,0.34971875,0.24226108,0.29654866,0.007072389
1654,0.00902697,-0.02778835,0.039390247,0.023780698,-0.030363277,-0.05156905
1655,0.08487676,0.06019612,0.029798437,0.02521247,0.055078324,0.03498365
1656,0.008425427,-0.06445968,0.022721332,0.01483761,-0.014295905,-0.07929729
1657,-0.011927306,0.12921083,0.0097064935,0.011606986,-0.0216338,0.117603846
1658,1.0438871,0.51632935,0.62661207,0.47279596,0.41727507,0.043533385
1659,0.018661078,0.026121387,0.032328375,0.015554102,-0.013667297,0.010567285
1660,0.6283432,0.24579208,0.31889924,0.23797902,0.30944398,0.007813051
1661,0.09249288,0.06622702,0.091808856,0.07223819,0.0006840229,-0.006011173
1662,0.8567251,0.23066121,0.33611742,0.23188582,0.5206077,-0.0012246072
1663,0.64573395,0.3034015,0.42623195,0.31366038,0.219502,-0.010258883
1664,0.13818033,0.045564845,0.05584275,0.03976321,0.08233758,0.0058016367
1665,0.66443235,0.20982109,0.27168092,0.19889915,0.39275143,0.01092194
1666,0.040299777,0.04106004,0.028045133,0.022458943,0.012254644,0.018601099
1667,0.5465986,0.1433276,0.23171699,0.15792854,0.31488162,-0.0146009475
1668,1.2380233,0.5942221,0.8788104,0.63194996,0.35921288,-0.037727833
1669,0.07078513,0.048631255,0.059484463,0.03814979,0.011300664,0.010481466
1670,0.0316382,-0.029154541,0.026178885,0.018031621,0.005459316,-0.047186162
1671,0.039535403,0.032516636,0.02528044,0.016672386,0.014254963,0.01584425
1672,0.0427198,0.07721832,0.022394652,0.020986063,0.020325148,0.05623225
1673,0.6091397,0.22182347,0.31650585,0.23349082,0.29263383,-0.011667356
1674,0.6481743,0.19115815,0.2653765,0.19503447,0.38279778,-0.0038763285
1675,1.0612646,0.4438219,0.61370534,0.4026061,0.4475593,0.041215807
1676,0.89006084,0.31101823,0.5325201,0.32996005,0.35754073,-0.01894182
1677,-0.024633745,0.12567249,0.016232934,0.0034541525,-0.04086668,0.12221834
1678,1.173482,0.628191,0.8359173,0.63526785,0.33756465,-0.0070768595
1679,0.027209582,-0.031425823,0.029111728,0.018844474,-0.0019021463,-0.050270297
1680,0.13614808,0.04531275,0.07860674,0.06586284,0.05754134,-0.02055009
1681,0.7489658,0.23598908,0.32684255,0.23917082,0.42212325,-0.0031817406
1682,0.018848674,0.017347282,0.002629404,0.0048335427,0.01621927,0.012513739
1683,0.33519667,0.21667583,0.2533229,0.2013528,0.081873775,0.015323028
1684,0.21923016,0.09472902,0.10701728,0.0792952,0.11221288,0.015433818
1685,0.11146432,-0.0018412697,0.07121672,0.045111764,0.040247604,-0.046953034
1686,0.10373959,0.1071934,0.07146758,0.047130495,0.03227201,0.060062908
1687,0.58077145,0.19784155,0.26851735,0.16603328,0.3122541,0.031808272
1688,0.022192515,0.019023484,0.038460612,0.019288283,-0.016268097,-0.00026479922
1689,0.10056445,0.061525766,0.059158843,0.04460368,0.041405607,0.016922086
1690,0.53964186,0.23146835,0.2902769,0.20255962,0.24936494,0.02890873
1691,0.67416894,0.32192144,0.43564987,0.32668754,0.23851907,-0.0047661066
1692,0.54058653,0.22903304,0.25500703,0.19467539,0.2855795,0.034357652
1693,0.16449654,0.08152042,0.10409176,0.070423566,0.060404778,0.0110968575
1694,0.7480566,0.30147275,0.3971865,0.2962795,0.3508701,0.0051932633
1695,0.68971187,0.30330744,0.41218513,0.30016485,0.27752674,0.0031425953
1696,0.77903306,0.22336249,0.26489016,0.18951204,0.5141429,0.033850446
1697,0.03588963,0.047213636,0.037739895,0.034252293,-0.001850266,0.012961343
1698,0.65523833,0.26647654,0.32873112,0.23266372,0.3265072,0.03381282
1699,0.08676816,0.077181295,0.05129256,0.037158217,0.035475597,0.040023077
1700,0.8627001,0.44125783,0.5838058,0.37603316,0.2788943,0.06522468
1701,0.03354455,0.063449495,0.030559177,0.022055116,0.002985375,0.04139438
1702,0.5139369,0.20231424,0.2781766,0.19648938,0.23576027,0.005824864
1703,0.81468475,0.13488723,0.30882776,0.22059378,0.505857,-0.08570655
1704,-0.008348958,0.009724463,0.015480496,0.01338909,-0.023829453,-0.0036646267
1705,0.041636746,0.05202349,0.0340936,0.023854366,0.0075431466,0.028169123
1706,0.01486508,0.01090811,0.011487531,0.01135621,0.0033775494,-0.00044810027
1707,0.06730944,0.051891875,0.03322006,0.024529204,0.03408938,0.02736267
1708,0.970487,0.47735953,0.6562775,0.49795026,0.31420952,-0.020590723
1709,0.117173284,0.060526837,0.07861541,0.053014107,0.038557872,0.0075127296
1710,0.0014187195,-0.0044102124,0.024654482,0.016580015,-0.023235762,-0.020990228
1711,-0.002860106,-0.015762346,0.0006714756,-0.0006005158,-0.0035315817,-0.01516183
1712,1.119183,0.38282332,0.43547648,0.31210765,0.68370646,0.070715666
1713,0.03362287,0.022535903,0.045382373,0.027809199,-0.011759505,-0.0052732956
1714,0.099496335,0.08011429,0.06803493,0.046826635,0.031461403,0.033287656
1715,0.057125065,0.05789324,0.026802678,0.02286778,0.030322388,0.03502546
1716,0.6674561,0.35244498,0.42606464,0.29872593,0.24139145,0.053719044
1717,0.1912399,0.10106248,0.1420408,0.10575543,0.04919909,-0.004692957
1718,0.034776118,0.046438895,0.024895763,0.02414774,0.009880355,0.022291156
1719,0.06438638,0.04283925,0.038196344,0.02859513,0.026190039,0.014244121
1720,0.049834058,0.07018003,0.032071877,0.022038138,0.01776218,0.04814189
1721,0.121689215,0.060971707,0.07473405,0.05201315,0.04695517,0.008958556
1722,0.025761865,0.020142911,0.023394559,0.017661957,0.0023673065,0.002480954
1723,0.2182348,0.08507546,0.15939647,0.12646092,0.058838338,-0.041385464
1724,0.6293196,0.22903839,0.28344828,0.21071413,0.34587133,0.018324256
1725,0.36313158,0.24800539,0.26170927,0.1733932,0.10142231,0.074612185
1726,0.33323434,0.09885295,0.107391015,0.07507679,0.22584333,0.023776159
1727,0.028274762,0.11234665,0.046506595,0.030519422,-0.018231833,0.08182722
1728,0.99862635,0.5839915,0.7377068,0.536335,0.26091957,0.047656536
1729,0.20596291,0.13904133,0.09748162,0.06791487,0.10848129,0.07112646
1730,1.1242726,0.3003953,0.3783857,0.26472434,0.7458869,0.035670966
1731,0.07082078,-0.01994317,0.054139875,0.029793054,0.016680904,-0.049736224
1732,0.10836566,0.06446853,0.07102893,0.05374814,0.03733673,0.010720395
1733,0.9204378,0.27054563,0.37891388,0.26184985,0.54152393,0.008695781
1734,0.36286598,0.18367206,0.2775651,0.19116911,0.08530089,-0.0074970573
1735,0.0031486799,0.0010763855,0.03830958,0.024182346,-0.035160903,-0.02310596
1736,0.8361362,0.4856061,0.59617925,0.4253536,0.23995697,0.060252517
1737,0.05376179,0.056439452,0.036176868,0.026852539,0.017584924,0.029586913
1738,0.037815273,0.025103826,0.03858652,0.022126798,-0.00077124685,0.0029770285
1739,1.0641824,0.583789,0.863181,0.579967,0.2010014,0.003821969
1740,0.048415035,0.025144784,0.051258765,0.042728085,-0.0028437302,-0.017583301
1741,0.1312681,0.07098171,0.07748914,0.061887007,0.05377896,0.009094704
1742,0.033224657,0.045774706,0.024936216,0.015644448,0.008288441,0.030130258
1743,0.1490955,0.09093906,0.098074995,0.07198823,0.05102051,0.018950827
1744,0.14513837,0.08183286,0.07799161,0.054542564,0.067146756,0.0272903
1745,0.033726163,0.10411513,0.05067126,0.030782253,-0.016945098,0.073332876
1746,0.36724687,0.12679304,0.1981691,0.14409679,0.16907777,-0.01730375
1747,0.93063533,0.31215006,0.3923482,0.31106493,0.53828716,0.0010851324
1748,0.87741244,0.42267555,0.59686595,0.40788212,0.2805465,0.014793426
1749,0.07668959,0.05304152,0.038698416,0.02818108,0.037991177,0.024860442
1750,0.52035445,0.19258872,0.22556229,0.15236104,0.29479218,0.04022768
1751,0.8755366,0.38975662,0.46403918,0.310988,0.41149744,0.07876861
1752,0.08578705,0.041462917,0.05942238,0.034662344,0.02636467,0.0068005733
1753,0.8577859,0.25589615,0.33595484,0.2431676,0.52183104,0.012728557
1754,0.85898757,0.28608263,0.36441123,0.29689926,0.49457633,-0.010816634
1755,0.114628665,0.13659596,0.101122156,0.05318921,0.013506509,0.083406754
1756,-0.002076343,0.10946931,0.026005846,0.017590368,-0.028082188,0.09187894
1757,0.0396073,-0.02144172,0.032508366,0.02053371,0.0070989355,-0.04197543
1758,0.58013994,0.23620471,0.2864477,0.21178529,0.29369223,0.024419427
1759,0.5569329,0.25721082,0.3278578,0.23302491,0.22907513,0.02418591
1760,0.86612153,0.4838614,0.70505494,0.47811264,0.16106659,0.005748749
1761,0.015295855,0.08216982,0.03149397,0.025651421,-0.016198114,0.056518402
1762,0.9862357,0.27384838,0.3683043,0.25272757,0.61793137,0.021120816
1763,0.22209047,0.1533263,0.12502035,0.08296796,0.09707011,0.07035834
1764,0.30753556,0.11298304,0.15105066,0.10292182,0.1564849,0.010061219
1765,0.9572372,0.37333453,0.574882,0.32517305,0.3823552,0.048161477
1766,0.036944516,0.122419424,0.027325204,0.0134829,0.009619312,0.108936526
1767,0.5354447,0.20435894,0.26861832,0.19380923,0.26682636,0.010549709
1768,0.03654042,0.025395434,0.01888695,0.019024303,0.017653469,0.006371131
1769,0.9521221,0.37466627,0.5080067,0.37985986,0.4441154,-0.005193591
1770,0.5883907,0.17579702,0.25873953,0.19688816,0.32965118,-0.021091148
1771,0.84721917,0.3498754,0.5090784,0.3402639,0.3381408,0.009611487
1772,0.80966187,0.30961376,0.4015631,0.26156917,0.40809876,0.048044592
1773,0.04395301,-0.015027834,0.052445076,0.032579686,-0.008492067,-0.04760752
1774,0.07325554,0.043078523,0.0466898,0.030584663,0.026565738,0.01249386
1775,0.16805923,0.13345787,0.11936748,0.09016245,0.04869175,0.04329542
1776,0.9854076,0.30876306,0.37627697,0.26950696,0.6091306,0.039256096
1777,0.60214853,0.31241396,0.38330156,0.29778257,0.21884698,0.014631391
1778,-0.03135912,0.14216955,0.017941285,0.0059033353,-0.049300406,0.13626622
1779,0.17420138,0.063733965,0.09302385,0.068125606,0.08117753,-0.0043916404
1780,0.59488446,0.3209749,0.42348742,0.29793167,0.17139703,0.023043215
1781,1.5209792,0.7043916,0.84190404,0.673518,0.6790751,0.030873597
1782,0.8946106,0.37419927,0.5118718,0.32265422,0.38273877,0.051545054
1783,0.07715512,0.02140202,0.08661065,0.052925915,-0.009455532,-0.031523895
1784,0.072002746,0.15146282,0.049288243,0.04253695,0.022714503,0.10892587
1785,0.88303834,0.49768162,0.60949975,0.46524042,0.2735386,0.0324412
1786,1.155211,0.67008245,0.95753086,0.7206214,0.19768012,-0.050538957
1787,0.16836905,0.083011866,0.10350621,0.072537124,0.06486285,0.010474741
1788,0.7282266,0.21015066,0.27190405,0.20470825,0.45632255,0.0054424107
1789,0.81632423,0.34959653,0.44278947,0.3225216,0.37353477,0.027074933
1790,0.04629578,-0.023719002,0.026462859,0.020659503,0.019832922,-0.044378504
1791,0.15857878,0.088755876,0.10625634,0.07911639,0.05232244,0.009639487
1792,0.62116736,0.21740788,0.3311671,0.2317661,0.29000026,-0.0143582225
1793,0.31387568,0.15465708,0.18685839,0.13448755,0.12701729,0.020169526
1794,0.040236615,-0.08099158,0.00919659,0.0014709563,0.031040024,-0.082462534
1795,0.8373993,0.24021357,0.34728742,0.23681745,0.4901119,0.0033961236
1796,0.20370416,0.15114129,0.0810083,0.051715605,0.12269586,0.09942568
1797,0.04060156,0.01153997,0.01932003,0.013306765,0.02128153,-0.0017667953
1798,1.152878,0.44873628,0.5392886,0.40005332,0.61358947,0.048682958
1799,0.9442688,0.40864015,0.5222432,0.36980772,0.42202562,0.038832426
1800,0.5248506,0.206462,0.29988155,0.202643,0.22496906,0.0038189888
1801,0.59078634,0.25276652,0.31366166,0.2236804,0.27712467,0.029086113
1802,0.09348805,0.058728747,0.060290545,0.04423386,0.033197507,0.0144948885
1803,1.5680058,0.8735495,1.0846444,0.8134376,0.48336136,0.06011194
1804,0.22581935,0.11753244,0.120491624,0.08040023,0.105327725,0.03713221
1805,0.9499825,0.24704403,0.4339725,0.32201546,0.51601005,-0.07497144
1806,0.6083517,0.3122697,0.38241807,0.27529112,0.22593364,0.036978573
1807,0.015642792,-0.052814327,0.020519737,0.009441396,-0.004876945,-0.062255725
1808,0.06457813,0.034767184,0.029597139,0.019086218,0.03498099,0.015680967
1809,0.81030667,0.38948378,0.58179396,0.39223585,0.2285127,-0.0027520657
1810,0.89444715,0.451643,0.6610794,0.45875883,0.23336774,-0.007115841
1811,0.8899871,0.45555127,0.68227184,0.44624272,0.20771527,0.009308547
1812,0.06819353,-0.029454287,0.03150804,0.01937231,0.036685493,-0.048826598
1813,0.0389904,0.04828194,0.050100036,0.040184703,-0.011109635,0.008097239
1814,0.044468556,0.069770016,0.019708807,0.016030613,0.024759749,0.053739402
1815,0.80834365,0.3937188,0.52921826,0.37192753,0.2791254,0.02179128
1816,0.02741778,0.055294476,0.02188786,0.018160215,0.0055299215,0.03713426
1817,0.046480563,0.030047018,0.04387676,0.02963676,0.0026038028,0.00041025877
1818,0.016910246,0.03963716,0.032145683,0.025349718,-0.015235437,0.014287442
1819,0.8495757,0.47935042,0.58288336,0.4244545,0.26669234,0.054895908
1820,0.7078823,0.33718124,0.57231295,0.3668089,0.13556933,-0.029627651
1821,0.6367539,0.2663325,0.33444816,0.20421226,0.30230576,0.062120244
1822,0.03251904,0.020223236,0.0027435583,0.0067565045,0.02977548,0.013466731
1823,0.12233642,0.0884338,0.07157746,0.042319186,0.050758958,0.046114616
1824,0.9162581,0.4526397,0.56311584,0.42119902,0.35314226,0.031440675
1825,0.10634376,0.031180639,0.072873324,0.054319143,0.033470437,-0.023138504
1826,0.86609554,0.4277295,0.49620637,0.3828315,0.36988917,0.044897974
1827,0.60259134,0.26276264,0.31179422,0.24706669,0.2907971,0.015695944
1828,0.10732187,0.10908014,0.0759111,0.054588396,0.031410776,0.054491747
1829,0.04155961,-0.02015586,0.024775814,0.016884277,0.016783796,-0.037040137
1830,0.024360105,0.052296564,0.027694276,0.027752351,-0.0033341702,0.024544213
1831,0.000107610984,0.09635342,0.025242295,0.012580876,-0.025134685,0.08377254
1832,0.22590445,0.11929781,0.08581384,0.061380446,0.14009061,0.057917364
1833,0.3877882,0.14292365,0.21926734,0.14755134,0.16852087,-0.0046276897
1834,0.01695093,0.041797422,0.018173013,0.017415771,-0.0012220833,0.02438165
1835,0.04176761,0.018959487,0.030084763,0.015038741,0.011682846,0.003920746
1836,0.12580757,0.09381905,0.09765194,0.08196993,0.028155625,0.01184912
1837,0.03934729,0.13502608,0.05141452,0.039962687,-0.012067229,0.095063396
1838,0.051693343,0.01032471,0.033472132,0.025405476,0.01822121,-0.015080766
1839,0.6359271,0.22744079,0.31264994,0.20210023,0.32327715,0.025340557
1840,0.06906319,0.12316232,0.020735107,0.018099071,0.04832808,0.10506325
1841,0.29353896,0.114109896,0.15103003,0.10714002,0.14250892,0.0069698766
1842,0.07144061,0.06948521,0.047356617,0.04030955,0.02408399,0.029175662
1843,0.1842229,0.10250321,0.117288195,0.09000602,0.06693471,0.012497187
1844,-0.007047892,0.024357855,0.00056209,0.002256345,-0.007609982,0.02210151
1845,0.6559258,0.273607,0.32895854,0.2287583,0.32696727,0.04484868
1846,0.057984516,0.13292843,0.036912415,0.026515964,0.0210721,0.10641247
1847,0.8896204,0.5113025,0.6194672,0.4641691,0.27015322,0.047133356
1848,-0.012595655,0.12839417,0.02013395,0.011505404,-0.032729603,0.11688877
1849,0.6897265,0.41007382,0.49627295,0.36588177,0.19345352,0.044192046
1850,1.1988099,0.41480583,0.64395165,0.42179936,0.5548582,-0.006993532
1851,0.66732746,0.27562013,0.3290738,0.24792969,0.33825368,0.02769044
1852,1.1669286,0.40206724,0.5969233,0.32542598,0.57000536,0.07664126
1853,0.7558389,0.33429676,0.5092393,0.30874726,0.24659956,0.025549501
1854,0.75673205,0.376758,0.5161809,0.37523395,0.24055117,0.001524061
1855,1.1691103,0.43751806,0.6417081,0.4354844,0.5274022,0.0020336509
1856,0.25591964,0.1883038,0.22807547,0.17855854,0.02784416,0.009745255
1857,0.3754366,0.17747226,0.24420421,0.15431708,0.1312324,0.023155183
1858,0.16919893,0.06505492,0.095091686,0.06864093,0.074107245,-0.0035860091
1859,0.60155046,0.24228607,0.34631234,0.23287539,0.25523812,0.009410679
1860,0.60609037,0.29350525,0.4000013,0.2945607,0.20608908,-0.0010554492
1861,0.08518272,0.13858427,0.055695195,0.032585822,0.029487524,0.10599845
1862,0.16439082,0.10955989,0.10502951,0.07050806,0.05936131,0.03905183
1863,0.07824464,0.05194594,0.060600895,0.046394512,0.017643746,0.0055514276
1864,0.0249974,0.059146486,0.022350866,0.008312182,0.0026465338,0.050834306
1865,0.8683527,0.2132336,0.2964284,0.22340402,0.5719243,-0.010170415
1866,0.74015933,0.2648366,0.47965765,0.2919286,0.26050168,-0.02709198
1867,0.20901294,0.15768552,0.10974928,0.08250526,0.09926366,0.075180255
1868,1.0601043,0.53838116,0.91026294,0.5872193,0.14984131,-0.04883814
1869,0.8627825,0.4877477,0.66196555,0.44166628,0.20081693,0.046081424
1870,0.93514293,0.3166088,0.4605379,0.30774125,0.47460502,0.008867532
1871,0.023731947,0.11090337,0.03523323,0.019175593,-0.011501282,0.09172778
1872,0.6435444,0.2581505,0.3840465,0.26200658,0.25949788,-0.0038560927
1873,0.08257396,0.036660407,0.030789483,0.023389205,0.051784474,0.013271201
1874,0.97259396,0.44155222,0.57421213,0.43026,0.39838183,0.011292219
1875,0.099616565,0.100347824,0.056419767,0.043634422,0.043196797,0.056713402
1876,0.059190147,0.033273727,0.03686499,0.020119391,0.022325158,0.013154335
1877,0.09036314,0.18158916,0.07558408,0.061270624,0.014779061,0.12031853
1878,0.04096771,0.04558106,0.03731249,0.019059848,0.0036552213,0.026521213
1879,0.019074053,0.019130934,0.02029187,0.017114304,-0.0012178179,0.00201663
1880,0.11329895,0.055640228,0.090357736,0.050885998,0.022941217,0.0047542304
1881,0.78401715,0.40860197,0.53282994,0.3426748,0.2511872,0.06592718
1882,0.749214,0.2844517,0.33338133,0.2540726,0.41583267,0.030379087
1883,0.94814306,0.36461374,0.572757,0.38750657,0.37538606,-0.022892833
1884,0.15630911,0.15477134,0.08008216,0.05139637,0.07622695,0.10337497
1885,0.23687741,0.12191463,0.15513109,0.10409061,0.081746325,0.017824024
1886,1.0469314,0.56484103,0.7491215,0.53758943,0.2978099,0.027251601
1887,0.09156267,0.033613324,0.047376927,0.03180333,0.044185746,0.0018099956
1888,1.1312941,0.5142311,0.78042156,0.5277966,0.35087258,-0.01356554
1889,0.0937074,0.027682353,0.0819674,0.045344688,0.011739999,-0.017662335
1890,0.7691698,0.3842835,0.5419258,0.36655033,0.22724402,0.017733186
1891,0.74278724,0.38363448,0.49124956,0.36160314,0.25153768,0.022031337
1892,0.009848089,0.05702558,0.00684069,0.008809117,0.003007399,0.048216466
1893,1.1570089,0.49766305,0.5589254,0.40055862,0.5980835,0.09710443
1894,0.67848766,0.2322754,0.33840618,0.23347636,0.34008148,-0.0012009591
1895,0.3156505,0.12030762,0.14610456,0.1159624,0.16954593,0.004345216
1896,0.888866,0.41714606,0.524863,0.36528295,0.364003,0.051863104
1897,0.0700341,0.09531858,0.058654875,0.035011344,0.011379227,0.060307235
1898,0.83651334,0.27164263,0.34702924,0.24738836,0.4894841,0.024254262
1899,0.66118973,0.31570408,0.40367875,0.27697843,0.257511,0.038725644
1900,0.028580252,0.025083676,0.009320428,0.006717389,0.019259825,0.018366287
1901,0.25423074,0.16541573,0.15027085,0.115409695,0.10395989,0.05000604
1902,0.68425316,0.20570733,0.30199927,0.20568971,0.3822539,1.7613173e-05
1903,0.23386255,0.11041552,0.15375745,0.12457609,0.080105096,-0.0141605735
1904,0.74151623,0.3650856,0.44241342,0.31914705,0.2991028,0.04593855
1905,0.052983545,0.05140089,0.0326331,0.026744926,0.020350445,0.024655962
1906,-0.008485589,0.006740836,0.019250628,0.019894587,-0.027736217,-0.01315375
1907,0.034997445,0.1161902,0.055425923,0.03352066,-0.020428479,0.08266954
1908,0.097702,0.06950941,0.058354594,0.042253327,0.039347403,0.027256083
1909,-0.01635633,0.12228223,0.012939634,0.004474615,-0.029295964,0.11780761
1910,0.9017153,0.323238,0.43437296,0.34533897,0.46734232,-0.022100985
1911,0.2235019,0.09486075,0.15357967,0.09904465,0.06992224,-0.0041839033
1912,0.9280792,0.32803574,0.41073075,0.29668432,0.5173484,0.031351417
1913,1.0910949,0.4878279,0.7013215,0.51818305,0.38977337,-0.030355155
1914,0.021313068,0.01813651,0.003509881,0.004953226,0.017803187,0.013183285
1915,0.115971945,0.063295975,0.066135705,0.048339654,0.04983624,0.014956322
1916,0.93150204,0.29013738,0.395137,0.29198533,0.53636503,-0.0018479526
1917,-0.029670274,0.11312564,0.008319657,0.00306785,-0.03798993,0.110057786
1918,0.03989089,0.15532024,0.02723993,0.022528475,0.012650959,0.13279177
1919,1.0378717,0.7453844,0.8536812,0.6914406,0.18419051,0.053943813
1920,0.06566552,0.02244154,0.05973211,0.039290696,0.0059334114,-0.016849156
1921,0.030092658,0.05109101,0.020576445,0.020279404,0.009516213,0.030811608
1922,-0.0007664204,0.16255853,0.015807798,0.012915331,-0.016574219,0.1496432
1923,0.261108,0.109541945,0.1491306,0.09907289,0.11197741,0.010469057
1924,0.059354916,0.027446814,0.03152401,0.029416319,0.027830906,-0.001969505
1925,0.21645586,0.16511594,0.15961674,0.10306199,0.056839123,0.06205395
1926,0.06447127,0.05581162,0.07068073,0.044395342,-0.006209463,0.011416279
1927,0.9696072,0.38314557,0.5082022,0.342997,0.46140498,0.040148556
1928,0.58439165,0.15732735,0.20076469,0.15847397,0.38362697,-0.0011466146
1929,1.076758,0.44424203,0.56089544,0.45272106,0.5158626,-0.008479029
1930,0.851695,0.31733292,0.472363,0.30396965,0.379332,0.013363272
1931,0.7106203,0.34107304,0.39064038,0.29574418,0.3199799,0.045328856
1932,0.8468275,0.3181675,0.58369434,0.35439533,0.26313317,-0.036227822
1933,0.8057654,0.38556033,0.52211875,0.3773959,0.28364664,0.008164436
1934,0.14569145,0.15658629,0.12110629,0.08261234,0.024585165,0.073973946
1935,0.014644265,0.01877041,0.045024715,0.03405409,-0.03038045,-0.01528368
1936,0.012035614,0.05333706,0.01848554,0.0071128397,-0.0064499266,0.04622422
1937,0.026633324,-0.0143655455,0.028076995,0.013403477,-0.0014436711,-0.027769022
1938,0.042005885,0.0012751352,0.032862958,0.027310591,0.009142928,-0.026035456
1939,-0.031834126,0.112308815,0.006113202,0.0022440744,-0.037947327,0.11006474
1940,0.045334082,-0.028991764,0.02875548,0.013169603,0.016578602,-0.042161368
1941,0.09987732,0.0538902,0.053993594,0.04284356,0.045883726,0.011046637
1942,0.8596465,0.40695864,0.52155864,0.39231706,0.33808786,0.014641583
1943,1.0731456,0.4409501,0.7266992,0.47008783,0.34644645,-0.02913773
1944,0.16442665,0.1299597,0.12948874,0.08645913,0.03493792,0.043500572
1945,0.031104537,0.100654855,0.045687966,0.028699541,-0.014583429,0.071955316
1946,0.8078117,0.32584092,0.3142657,0.20909116,0.49354598,0.11674976
1947,0.09366006,0.04963061,0.059067138,0.041528117,0.03459292,0.0081024915
1948,0.07820832,0.050107095,0.052441746,0.039017487,0.025766574,0.011089608
1949,0.49936298,0.3370242,0.43374753,0.30759498,0.065615445,0.029429227
1950,0.060745247,0.09707494,0.048722945,0.036599122,0.012022302,0.06047582
1951,0.6031651,0.2120736,0.28156242,0.17414096,0.32160267,0.037932634
1952,0.8105174,0.32177055,0.41844684,0.2766232,0.39207053,0.04514736
1953,0.7856338,0.26893294,0.3592442,0.25442868,0.4263896,0.014504254
1954,0.038305633,-0.001309699,0.02961821,0.01925937,0.008687424,-0.02056907
1955,0.083832584,0.021929787,0.050228108,0.041803513,0.033604477,-0.019873725
1956,0.07274416,0.02567194,0.036158565,0.020660948,0.036585595,0.0050109923
1957,0.03612006,-0.01729027,0.011201589,0.01110735,0.02491847,-0.02839762
1958,0.08819765,0.14200516,0.052529626,0.037150484,0.035668023,0.10485467
1959,0.6491153,0.18680991,0.24185836,0.16974093,0.40725696,0.017068982
1960,0.6048334,0.21473172,0.29213792,0.20723435,0.3126955,0.0074973702
1961,0.133755,0.098385535,0.11649728,0.087894425,0.01725772,0.01049111
1962,0.06452299,0.057785634,0.036010046,0.027798697,0.028512944,0.029986937
1963,0.03990179,0.021218535,0.024246246,0.017669886,0.015655544,0.0035486482
1964,0.9910968,0.49639112,0.70068705,0.50035465,0.29040974,-0.00396353
1965,0.7394803,0.14140682,0.23464057,0.16512242,0.5048398,-0.0237156
1966,1.0400896,0.43120462,0.63163364,0.44816732,0.40845597,-0.016962707
1967,0.7192768,0.24658465,0.35208124,0.25438458,0.36719555,-0.0077999234
1968,-0.01308235,0.1103389,0.010826899,0.0040602004,-0.023909248,0.106278695
1969,0.2411407,0.10699399,0.13471517,0.104324974,0.106425524,0.002669014
1970,0.11069917,0.0099876,0.061098207,0.03619137,0.049600963,-0.02620377
1971,-0.007913518,0.12073538,0.016197434,0.0075493744,-0.02411095,0.113186
1972,0.69956666,0.29926342,0.39888948,0.28074947,0.30067718,0.018513948
1973,0.22632581,0.14079982,0.19263111,0.14227678,0.0336947,-0.0014769584
1974,0.103418425,0.075232774,0.10831746,0.07601822,-0.0048990324,-0.00078544766
1975,0.31339052,0.24047801,0.28147322,0.21031713,0.031917304,0.030160874
1976,0.7307963,0.28229347,0.39217335,0.26493132,0.33862293,0.017362148
1977,0.20427124,0.043112133,0.098688535,0.063125625,0.10558271,-0.020013493
1978,0.64604837,0.27464688,0.37812418,0.2777287,0.2679242,-0.0030818284
1979,0.01667314,0.01615124,0.01048555,0.008639167,0.00618759,0.007512073
1980,0.6708171,0.25371295,0.40741056,0.2428492,0.26340652,0.010863751
1981,0.839352,0.3277687,0.4938673,0.32641768,0.3454847,0.0013510287
1982,0.66282797,0.1848299,0.2569027,0.14916804,0.40592527,0.03566186
1983,0.4443539,0.20761618,0.2606722,0.19217765,0.1836817,0.015438527
1984,-0.010977697,-0.034720216,0.0046253544,8.966555e-05,-0.015603051,-0.03480988
1985,-0.017914474,0.014072812,0.008577888,0.008478458,-0.026492361,0.005594354
1986,0.45218804,0.179619,0.20241082,0.13761532,0.24977723,0.042003676
1987,0.61353534,0.2774593,0.3994527,0.27940583,0.21408266,-0.0019465387
1988,0.26058182,0.093433395,0.1624429,0.1171962,0.09813893,-0.023762807
1989,0.045821838,0.034586266,0.032923765,0.027193764,0.012898073,0.0073925015
1990,0.046292525,0.038387652,0.022150414,0.01610996,0.02414211,0.022277692
1991,0.08746903,0.052284326,0.05221008,0.036995254,0.035258945,0.015289072
1992,0.08120686,0.0014614555,0.07209536,0.055017732,0.009111501,-0.05355628
1993,0.1943227,0.14429215,0.07447533,0.05766658,0.11984737,0.08662556
1994,0.66735816,0.26241636,0.36176473,0.23332734,0.30559343,0.029089019
1995,0.018267183,0.044123936,0.010010202,0.0105021335,0.00825698,0.033621803
1996,0.07736873,-0.014327979,0.06355339,0.04568059,0.013815336,-0.06000857
1997,0.610058,0.21016106,0.25540814,0.18422332,0.35464987,0.025937736
1998,-0.008801875,0.08705453,0.010554375,0.00922291,-0.01935625,0.07783162
1999,-0.0088133495,-0.035646934,0.012116692,0.011275638,-0.02093004,-0.046922572
2000,0.09713892,0.072745994,0.073565975,0.056079138,0.023572944,0.016666856
2001,0.32428607,0.052503414,0.12070576,0.07807044,0.20358032,-0.025567025
2002,0.16224581,0.01303957,0.09730492,0.047092956,0.06494089,-0.034053385
2003,0.020763809,-0.02986367,0.015277138,0.011186624,0.005486671,-0.041050293
2004,1.0730611,0.3775436,0.5666543,0.36396953,0.5064068,0.013574064
2005,0.63808215,0.19852717,0.27227074,0.19566809,0.3658114,0.0028590858
2006,-0.019111568,-0.03388682,0.009951116,0.007045983,-0.029062685,-0.040932804
2007,0.7056634,0.2676121,0.41470942,0.2940235,0.29095396,-0.026411414
2008,0.004648313,0.12692979,0.028210446,0.015234928,-0.023562133,0.111694865
2009,1.0816401,0.3612959,0.44255003,0.2836041,0.63909006,0.07769182
2010,0.67089576,0.3441738,0.43916646,0.30448502,0.2317293,0.039688766
2011,0.7844721,0.20543605,0.25515768,0.15903737,0.5293144,0.046398684
2012,0.5453947,0.29471266,0.3865714,0.2792797,0.15882331,0.015432954
2013,1.0177782,0.5187576,0.60505885,0.43628734,0.4127193,0.08247024
2014,0.7856599,0.3675057,0.47761583,0.30332702,0.30804408,0.064178675
2015,0.028189996,0.011514461,0.026531849,0.02519458,0.0016581472,-0.013680119
2016,0.18349089,0.05365701,0.11480944,0.070578374,0.06868145,-0.016921364
2017,0.021024035,0.03165648,0.0176249,0.015343453,0.0033991355,0.016313028
2018,0.81248975,0.28560758,0.37640134,0.2911438,0.4360884,-0.0055362284
2019,0.16138482,0.05867071,0.13504818,0.08805809,0.02633664,-0.02938738
2020,0.046319563,-0.013877521,0.023444524,0.010952289,0.022875039,-0.02482981
2021,0.9779369,0.33508334,0.53137064,0.35865325,0.44656628,-0.023569912
2022,0.12796193,0.07784996,0.07979275,0.068618976,0.04816918,0.009230986
2023,0.1837665,0.10615703,0.11553985,0.0936222,0.06822665,0.012534827
2024,0.11511357,0.07043402,0.09644143,0.06780063,0.018672138,0.0026333854
2025,0.7587573,0.41374877,0.5399658,0.41296306,0.21879148,0.0007857084
2026,0.072809756,0.001393143,0.060792428,0.039438877,0.012017328,-0.038045734
2027,0.068177484,0.058644023,0.057376355,0.043817233,0.010801129,0.0148267895
2028,0.7869374,0.39377168,0.5630969,0.39084473,0.22384053,0.0029269457
2029,0.10051847,0.06458642,0.06509465,0.051377177,0.035423823,0.013209246
2030,0.028070113,0.117854096,0.023095405,0.01522613,0.004974708,0.10262796
2031,0.09456196,0.10801956,0.08669415,0.05736371,0.007867806,0.05065585
2032,0.018431254,0.062591456,0.011254588,0.010148979,0.0071766656,0.052442476
2033,0.99213564,0.3904274,0.56760776,0.39569706,0.42452788,-0.0052696466
2034,0.020858176,0.026036292,0.01270773,0.012024356,0.008150446,0.014011936
2035,0.07656883,0.08594527,0.031383496,0.021221291,0.04518533,0.06472398
2036,0.8232569,0.25116804,0.35526308,0.23914787,0.46799383,0.012020171
2037,-0.0068753683,0.13296951,0.024889031,0.012396955,-0.0317644,0.12057256
2038,0.5119968,0.2498673,0.26475963,0.20382345,0.24723718,0.046043858
2039,0.6310417,0.16921784,0.24665205,0.18060227,0.38438964,-0.011384428
2040,0.065244064,0.055963047,0.048951197,0.037132513,0.016292866,0.018830534
2041,0.055384558,0.12640357,0.032766927,0.028112534,0.02261763,0.09829104
2042,0.7172109,0.36362338,0.4890197,0.32267582,0.2281912,0.040947556
2043,0.2486364,0.13900167,0.23591721,0.14717126,0.012719184,-0.008169591
2044,0.8589571,0.5006598,0.5863017,0.47974482,0.27265543,0.020915002
2045,0.25935078,0.118433185,0.17568813,0.1260073,0.083662644,-0.0075741187
2046,0.55100757,0.12780821,0.236075,0.1594813,0.31493258,-0.03167309
2047,0.6579555,0.29647318,0.38861218,0.28305605,0.26934335,0.013417125
2048,0.061978944,0.01759792,0.03408775,0.0238701,0.027891193,-0.00627218
2049,0.042786177,-0.015810309,0.03769951,0.032089025,0.005086668,-0.047899336
2050,-0.02404814,0.12015333,0.014085996,0.008390002,-0.038134135,0.11176333
2051,0.7732974,0.34980157,0.49066955,0.32894212,0.28262788,0.02085945
2052,0.07005421,0.016576223,0.047784913,0.03712964,0.022269297,-0.020553418
2053,0.12647414,0.07117323,0.06342082,0.047366887,0.063053325,0.023806341
2054,0.045249157,0.04898891,0.029604996,0.022315,0.015644161,0.02667391
2055,0.8821775,0.39364883,0.49695954,0.38235492,0.38521793,0.011293918
2056,0.15282474,0.065927684,0.0786162,0.056097098,0.07420854,0.009830587
2057,0.79255706,0.14080255,0.20353739,0.13560899,0.58901966,0.0051935613
2058,0.733847,0.31335765,0.42925072,0.29090762,0.3045963,0.02245003
2059,0.053502966,0.07113246,0.04076929,0.030197158,0.012733676,0.0409353
2060,0.15593329,0.13060355,0.14959867,0.10242649,0.0063346177,0.02817706
2061,0.050532307,0.035550702,0.025612116,0.022272334,0.024920192,0.013278369
2062,0.8072584,0.42247316,0.51372135,0.3893507,0.29353708,0.03312245
2063,0.08412625,0.042978693,0.03967151,0.031054735,0.04445474,0.011923958
2064,-0.014283088,0.12773068,0.02265071,0.01562542,-0.0369338,0.112105265
2065,0.6746321,0.2126323,0.22778022,0.15443467,0.44685185,0.058197632
2066,0.40381655,0.19560534,0.24650626,0.1799536,0.15731029,0.015651733
2067,0.65416694,0.24474478,0.3702557,0.25443894,0.28391123,-0.009694159
2068,0.9580263,0.1415624,0.18033864,0.13307019,0.77768767,0.0084922165
2069,0.12772726,0.06736109,0.07445015,0.060258605,0.053277105,0.007102482
2070,0.012162075,0.034303203,0.014052084,0.010020711,-0.0018900083,0.024282493
2071,0.08741611,0.026401585,0.091632016,0.055767827,-0.0042159036,-0.029366242
2072,0.60526764,0.2093321,0.30681628,0.21441117,0.29845136,-0.0050790757
2073,0.8168971,0.15649171,0.29384482,0.20834057,0.5230523,-0.05184886
2074,0.31950527,0.1479162,0.17036195,0.10972045,0.14914332,0.038195744
2075,0.56051666,0.16914643,0.27547714,0.17776127,0.2850395,-0.008614838
2076,0.82824254,0.347409,0.5254412,0.32588106,0.3028013,0.021527946
2077,-0.034512337,0.1135372,0.0055925,0.0011369003,-0.040104836,0.1124003
2078,0.95023555,0.45605168,0.6040052,0.45971838,0.34623033,-0.003666699
2079,0.6688141,0.23894407,0.32196262,0.23681982,0.3468515,0.00212425
2080,0.16386163,0.07989754,0.09583682,0.06669195,0.068024814,0.013205588
2081,0.2584379,0.12400911,0.18094644,0.11604365,0.07749146,0.00796546
2082,-0.00288061,-0.050575107,0.0018495247,-0.00036391662,-0.0047301347,-0.05021119
2083,0.79939693,0.3697276,0.463656,0.2926589,0.33574092,0.07706872
2084,0.99237144,0.5373947,0.7519422,0.5264095,0.24042922,0.010985196
2085,1.004685,0.4040836,0.5508032,0.37979594,0.45388186,0.02428767
2086,0.8516557,0.4709002,0.61295205,0.41678724,0.23870367,0.05411297
2087,-0.02786723,-0.045229744,0.0123643065,0.008559759,-0.040231537,-0.053789504
2088,1.1518567,0.48907146,0.6947196,0.5014516,0.45713705,-0.012380153
2089,0.10391977,0.03286777,0.071298465,0.049419366,0.0326213,-0.016551595
2090,0.7094658,0.29287088,0.33768916,0.24249752,0.37177664,0.05037336
2091,0.14525966,0.08050086,0.089965925,0.063451484,0.05529374,0.01704938
2092,0.08197492,0.04672484,0.04510082,0.030363042,0.036874104,0.0163618
2093,0.80934083,0.26669347,0.35887876,0.23090343,0.45046207,0.03579004
2094,0.13346404,0.108306326,0.11899464,0.09218484,0.0144694,0.016121484
2095,1.0230514,0.44759429,0.5970521,0.42690277,0.42599928,0.020691514
2096,0.7784112,0.34907642,0.4865458,0.34922543,0.2918654,-0.00014901161
2097,0.13135503,0.0009437047,0.08051144,0.050937437,0.05084359,-0.04999373
2098,0.059543487,0.0106623,0.038206406,0.023284175,0.02133708,-0.012621875
2099,0.16645129,0.078569904,0.09753525,0.07599064,0.06891604,0.0025792643
2100,0.16255377,-0.0020911633,0.066620186,0.041623764,0.09593359,-0.043714926
2101,1.0093013,0.38524318,0.44531646,0.31907701,0.5639849,0.06616616
2102,0.9265018,0.28472012,0.46197563,0.28674853,0.46452618,-0.0020284057
2103,0.44368166,0.22501121,0.30166668,0.20617881,0.14201498,0.0188324
2104,0.31253672,0.15133902,0.21522668,0.1466713,0.09731004,0.004667729
2105,0.92321295,0.44385523,0.59102726,0.4325462,0.3321857,0.011309028
2106,0.027035564,-0.0072913263,0.03156583,0.02023371,-0.004530266,-0.027525036
2107,0.1478877,0.019736907,0.10463641,0.062422395,0.0432513,-0.042685486
2108,0.06811406,0.050114118,0.04507021,0.031945996,0.023043849,0.018168122
2109,-0.018236347,0.10192092,0.004500892,-0.0021290565,-0.022737239,0.10404997
2110,0.48283336,0.2674288,0.27954683,0.2127442,0.20328653,0.05468458
2111,0.03621327,0.039224792,0.026328567,0.02286642,0.009884704,0.016358372
2112,0.037888847,0.13302934,0.029259706,0.026373005,0.008629141,0.106656335
2113,0.5716405,0.1890966,0.28069624,0.1921107,0.29094425,-0.0030141026
2114,0.03865086,-0.0021259866,0.037768673,0.029667497,0.000882186,-0.031793483
2115,0.54937965,0.20695332,0.31912142,0.20131978,0.23025823,0.005633533
2116,0.39514065,0.15959316,0.20055047,0.13459694,0.19459018,0.024996221
2117,0.15124334,0.010895285,0.073949024,0.03934095,0.07729432,-0.028445665
2118,0.14102724,0.11287047,0.13085608,0.08424167,0.01017116,0.028628796
2119,0.10107752,0.040671535,0.066357255,0.039734546,0.034720264,0.00093698874
2120,0.6756762,0.355822,0.49658623,0.35883504,0.17909,-0.0030130446
2121,0.031601034,0.031715635,0.040399067,0.03218084,-0.008798033,-0.00046520308
2122,1.2101519,0.643714,0.85837156,0.6033138,0.35178035,0.040400207
2123,-0.0179716,0.1331006,0.021841994,0.012735118,-0.039813593,0.12036548
2124,0.86818206,0.41326943,0.5265188,0.37113228,0.34166324,0.042137146
2125,0.5991838,0.22904521,0.32819447,0.23077658,0.27098933,-0.0017313659
2126,0.03818783,0.092290945,0.038506716,0.029184183,-0.00031888485,0.06310676
2127,0.65715605,0.4505604,0.5188915,0.40942964,0.13826454,0.04113075
2128,0.81430197,0.4393394,0.57043505,0.40398806,0.24386692,0.035351336
2129,0.10060792,0.069159426,0.06903414,0.057653785,0.03157378,0.011505641
2130,0.010934065,-0.027703883,0.0040581524,0.0052444744,0.0068759127,-0.032948356
2131,0.64618766,0.26019198,0.34970358,0.25029024,0.29648408,0.009901732
2132,0.17002508,0.043440927,0.08209303,0.04353145,0.08793205,-9.0524554e-05
2133,0.098674916,0.009059696,0.058339793,0.049741335,0.040335122,-0.040681638
2134,0.044317275,-0.016199192,0.039626405,0.02258731,0.0046908706,-0.0387865
2135,1.0464299,0.39201865,0.6808645,0.43258,0.36556536,-0.04056135
2136,0.722183,0.35592684,0.5863129,0.36904055,0.1358701,-0.013113707
2137,0.11350697,0.03720346,0.03296821,0.027276259,0.080538765,0.009927202
2138,0.88343227,0.40327576,0.55189645,0.39772955,0.33153582,0.005546212
2139,0.011687421,0.0647294,0.03538814,0.031155158,-0.023700718,0.033574242
2140,0.6972066,0.28508136,0.41033372,0.2821564,0.2868729,0.002924949
2141,0.043348305,0.012768106,0.029896205,0.022932855,0.0134521,-0.01016475
2142,0.7345168,0.34895104,0.50436854,0.35586277,0.23014826,-0.006911725
2143,0.08255355,0.07019762,0.069143526,0.042674836,0.013410024,0.027522784
2144,0.88691705,0.44502026,0.55254763,0.43515468,0.33436942,0.009865582
2145,0.10557059,0.06586911,0.036739938,0.033161767,0.068830654,0.03270734
2146,0.074352145,0.108489886,0.062364407,0.04010143,0.011987738,0.068388455
2147,0.08509841,0.011214647,0.05325954,0.027031422,0.031838868,-0.015816774
2148,0.8260147,0.23591498,0.32713968,0.23505723,0.49887502,0.00085774064
2149,0.19216938,0.0737629,0.12709917,0.09109594,0.06507021,-0.017333038
2150,0.70480275,0.29899177,0.3776895,0.26919246,0.32711324,0.029799312
2151,0.20825933,0.08979663,0.09232031,0.068905525,0.11593902,0.020891108
2152,0.21354854,0.0619674,0.13593796,0.08174641,0.07761058,-0.019779008
2153,0.7647635,0.21854997,0.34484282,0.24725613,0.41992065,-0.028706163
2154,0.34724087,0.20569356,0.2619331,0.15361512,0.08530778,0.05207844
2155,-0.030025862,0.11417478,0.008426191,0.0014761249,-0.03845205,0.11269866
2156,0.9274906,0.4283651,0.5383762,0.3991455,0.38911438,0.029219598
2157,0.7281998,0.36056828,0.38839567,0.2966208,0.3398041,0.0639475
2158,0.036033448,0.1244201,0.025181329,0.023934854,0.010852119,0.10048524
2159,0.1567031,0.1613628,0.11111601,0.06885507,0.045587093,0.09250773
2160,1.2890862,0.2777528,0.41824275,0.30787075,0.87084347,-0.030117959
2161,0.94921786,0.50450766,0.67500985,0.4639174,0.274208,0.040590256
2162,0.03227701,0.02544728,0.030220618,0.02655084,0.002056392,-0.0011035614
2163,0.027786782,0.038977325,0.031976573,0.026812654,-0.004189791,0.012164671
2164,0.00749429,0.22734888,0.028979784,0.021185681,-0.021485494,0.2061632
2165,0.36312026,0.16347621,0.22612107,0.16140717,0.13699919,0.0020690411
2166,0.029161168,0.039691497,0.021081423,0.008997841,0.008079745,0.030693656
2167,0.061447304,0.03088476,0.06520233,0.028073937,-0.0037550293,0.0028108228
2168,0.6464958,0.23043539,0.2556286,0.18442145,0.39086723,0.046013936
2169,0.17314702,0.06738389,0.12300874,0.10377866,0.05013828,-0.036394767
2170,0.75723654,0.24640837,0.38107723,0.2785401,0.3761593,-0.03213173
2171,0.091600195,0.0062655346,0.07391368,0.041592546,0.017686516,-0.03532701
2172,0.584184,0.27680936,0.38879666,0.28260463,0.19538733,-0.00579527
2173,0.6225444,0.25913164,0.3609403,0.26656204,0.2616041,-0.0074304044
2174,0.8122202,0.4193275,0.5277403,0.3872283,0.28447992,0.032099187
2175,0.073263034,0.037847925,0.038065854,0.031108472,0.03519718,0.0067394525
2176,0.037765834,0.026793992,0.02803799,0.020288058,0.009727845,0.0065059345
2177,0.0464935,0.046364166,0.052695543,0.03583465,-0.006202042,0.010529514
2178,0.1595022,0.067281485,0.06754013,0.04279157,0.09196206,0.024489913
2179,0.07051179,-0.028039865,0.027832445,0.01840173,0.042679343,-0.046441596
2180,1.2888783,0.5411112,0.65399337,0.45332113,0.63488495,0.08779004
2181,1.0946634,0.31937528,0.5359906,0.39644694,0.5586728,-0.07707167
2182,0.2893312,0.06885457,0.21156958,0.12998667,0.07776162,-0.061132103
2183,1.2046078,0.48589095,0.62409925,0.45034307,0.5805086,0.035547882
2184,-0.006095775,0.004928801,0.023110103,0.016399603,-0.029205877,-0.011470802
2185,0.88979656,0.457134,0.610706,0.44901142,0.27909058,0.008122593
2186,0.113257594,0.08292382,0.06479434,0.047985762,0.048463255,0.03493806
2187,0.09856058,0.1019284,0.09125458,0.047834847,0.007306002,0.05409355
2188,0.74898225,0.28789133,0.40063643,0.29363757,0.34834582,-0.0057462454
2189,0.07753036,0.049150642,0.05445656,0.039089523,0.0230738,0.010061119
2190,0.2450682,0.13093397,0.20625341,0.13965246,0.038814798,-0.008718491
2191,0.84936416,0.46931216,0.61894614,0.47202936,0.23041803,-0.002717197
2192,0.90054494,0.42694885,0.57864714,0.40557164,0.3218978,0.021377206
2193,0.052516423,0.022635851,0.025627006,0.019639153,0.026889417,0.002996698
2194,0.036865953,0.00027135943,0.05284456,0.037202008,-0.015978608,-0.03693065
2195,0.7893391,0.2517275,0.43180808,0.27876884,0.35753104,-0.027041346
2196,0.04622426,-0.030080229,0.023017723,0.01501434,0.023206536,-0.04509457
2197,0.73700994,0.42973793,0.6297358,0.44478408,0.107274115,-0.0150461495
2198,0.93752474,0.21982202,0.34768486,0.22092886,0.5898399,-0.0011068434
2199,0.22520941,0.171684,0.1629842,0.122965895,0.062225208,0.048718102
2200,0.012536099,0.05562537,0.0009651948,0.0051388005,0.011570904,0.050486572
2201,0.013545232,-0.031720296,0.017400583,0.013401558,-0.0038553514,-0.045121852
2202,0.060898338,-0.0011387033,0.039634492,0.022097772,0.021263845,-0.023236476
2203,0.9843132,0.39892086,0.501822,0.37233245,0.4824912,0.02658841
2204,0.12685186,0.050665777,0.06744007,0.053757988,0.059411786,-0.0030922107
2205,0.013543746,-0.008769146,0.014510682,0.008960062,-0.0009669354,-0.017729208
2206,0.66013026,0.27433753,0.32785416,0.2517733,0.3322761,0.022564232
2207,-0.022268988,0.12103091,0.015505423,0.008875998,-0.03777441,0.112154916
2208,0.08033831,0.05207382,0.07780577,0.05788551,0.0025325343,-0.0058116876
2209,0.31106684,0.2303892,0.23267932,0.17028148,0.078387514,0.060107708
2210,0.14631234,0.03892622,0.12866406,0.08303881,0.01764828,-0.044112585
2211,0.8659428,0.3208895,0.37372917,0.26787946,0.4922136,0.053010046
2212,0.08662238,0.15087897,0.063795194,0.042968743,0.022827186,0.10791022
2213,0.82158643,0.4142528,0.5353347,0.34377152,0.28625172,0.07048127
2214,0.7444293,0.36522716,0.48957676,0.3615935,0.25485253,0.0036336482
2215,1.3106205,0.3691788,0.6022376,0.49990875,0.70838296,-0.13072994
2216,0.029821832,0.18611337,0.07102153,0.04513238,-0.041199695,0.14098099
2217,0.9623179,0.3135334,0.45476085,0.2963657,0.50755703,0.017167687
2218,0.08679847,0.05269537,0.056112934,0.03952626,0.030685533,0.01316911
2219,0.012429606,0.0013201549,0.02009415,0.018973531,-0.0076645445,-0.017653376
2220,0.83573306,0.3498841,0.46837217,0.32280248,0.3673609,0.027081609
2221,0.060387842,0.024549369,0.049953252,0.03226636,0.01043459,-0.007716991
2222,0.034580033,0.12240651,0.022416838,0.018019686,0.012163196,0.10438683
2223,0.22166933,0.06017711,0.11930446,0.062776856,0.10236487,-0.002599746
2224,1.1174718,0.46652472,0.5761461,0.37199062,0.5413257,0.0945341
2225,0.06152971,0.062518336,0.06288095,0.03851246,-0.0013512373,0.024005875
2226,0.028122276,0.16820824,0.032428443,0.023981946,-0.0043061674,0.1442263
2227,0.1096789,0.050031576,0.056129735,0.038368743,0.053549167,0.011662833
2228,0.9767257,0.31851083,0.50005615,0.3440431,0.47666955,-0.025532275
2229,0.10475963,0.0050916774,0.07989338,0.05235513,0.024866253,-0.04726345
2230,0.7777638,0.47952467,0.536493,0.40748978,0.24127078,0.072034895
2231,0.0032319087,-0.0028532078,0.0059017055,0.0043217586,-0.0026697968,-0.0071749664
2232,0.012250737,0.024208723,0.008494119,0.007831335,0.0037566181,0.016377388
2233,1.0455741,0.3802522,0.48411903,0.3476879,0.561455,0.032564312
2234,0.05315292,0.006243939,0.057701103,0.038416736,-0.0045481846,-0.032172795
2235,0.037665248,0.06752254,0.035382442,0.017682862,0.0022828057,0.04983968
2236,0.08457498,0.051042296,0.049087707,0.03360458,0.035487276,0.017437715
2237,0.77490896,0.40242186,0.49610358,0.3683342,0.27880538,0.034087658
2238,0.1513801,0.102466784,0.12533936,0.08793846,0.026040748,0.014528327
2239,1.0030636,0.44980997,0.6055703,0.41272807,0.39749324,0.037081897
2240,0.14538081,0.031907894,0.09740983,0.061683334,0.04797098,-0.02977544
2241,0.04700237,0.025530383,0.03647367,0.02899437,0.010528702,-0.0034639873
2242,0.04486546,-0.010490464,0.043209545,0.029905325,0.0016559139,-0.04039579
2243,0.82466614,0.32361832,0.35651305,0.25563422,0.4681531,0.067984104
2244,0.7484602,0.331267,0.4531053,0.30082732,0.29535487,0.030439675
2245,1.249257,0.53719103,0.7104652,0.5167631,0.5387918,0.020427942
2246,1.5964776,0.7155706,0.87333024,0.6887431,0.7231474,0.026827514
2247,0.33495215,0.16591862,0.18542247,0.12694195,0.14952968,0.03897667
2248,0.17605257,0.09903492,0.11924621,0.08159699,0.056806363,0.017437927
2249,0.6417876,0.27228084,0.32703468,0.21367283,0.3147529,0.05860801
2250,0.620765,0.24948914,0.29500946,0.21003203,0.3257555,0.039457113
2251,1.0227379,0.40061206,0.5889054,0.40287924,0.43383247,-0.0022671819
2252,1.0284964,0.5313567,0.7093434,0.46912107,0.319153,0.062235624
2253,0.9326419,0.3411842,0.4018806,0.29914913,0.53076136,0.042035073
2254,0.44119355,0.15896297,0.2569019,0.18447314,0.18429166,-0.025510177
2255,0.08803361,0.16107301,0.05588721,0.037767373,0.032146398,0.12330564
2256,0.11216069,0.031398494,0.04743828,0.034220453,0.06472241,-0.0028219596
2257,0.022271495,0.01749147,0.008628098,0.008500216,0.013643397,0.008991254
2258,-0.018728146,0.12156602,0.013972822,0.0066072405,-0.032700967,0.11495878
2259,0.855963,0.25415745,0.37024546,0.29267853,0.48571754,-0.03852108
2260,0.8641426,0.40599212,0.53493494,0.38480276,0.32920766,0.021189362
2261,0.051830642,0.13189259,0.045603324,0.03530951,0.006227318,0.09658308
2262,0.6050783,0.33900425,0.4113264,0.29887497,0.19375187,0.040129274
2263,0.0533396,0.048214547,0.038121995,0.024448527,0.015217606,0.02376602
2264,0.022099951,0.046530977,0.015043828,0.014047474,0.0070561236,0.032483503
2265,0.742614,0.24588317,0.3879938,0.25931352,0.35462016,-0.013430357
2266,0.6394241,0.2804396,0.43654728,0.31152534,0.2028768,-0.03108576
2267,0.10415693,0.11703108,0.13662758,0.101569876,-0.03247065,0.015461206
2268,0.020944579,0.006754504,0.022696609,0.011593038,-0.0017520301,-0.004838534
2269,0.61688346,0.3414733,0.37219733,0.28113395,0.24468613,0.06033936
2270,0.021870103,0.043249875,0.038413618,0.028497081,-0.016543515,0.014752794
2271,0.96226144,0.1854025,0.29895827,0.19467944,0.66330314,-0.009276941
2272,0.18440501,0.048108142,0.109010674,0.07180091,0.07539434,-0.023692768
2273,0.06385582,0.04250391,0.040958814,0.035760507,0.022897005,0.0067434013
2274,0.74876046,0.27609995,0.3588668,0.2711367,0.38989365,0.004963249
2275,1.0673207,0.4064001,0.46415836,0.36645126,0.60316235,0.03994885
2276,0.019913528,0.007901602,0.023842413,0.02349383,-0.003928885,-0.015592228
2277,0.09079196,0.045830633,0.060008265,0.04507894,0.030783698,0.0007516928
2278,0.8618262,0.20292003,0.19496264,0.128871,0.66686356,0.07404904
2279,0.5195494,0.15686022,0.19993915,0.13992715,0.3196103,0.016933069
2280,0.6839555,0.17748865,0.24753305,0.15290098,0.43642244,0.024587676
2281,0.6501355,0.34070608,0.40678135,0.31619117,0.24335417,0.024514914
2282,0.8127626,0.23953037,0.35486117,0.23705697,0.45790145,0.002473399
2283,0.061651755,0.037053864,0.036446728,0.025691262,0.025205027,0.011362603
2284,1.7027935,0.6031828,0.6322247,0.43250695,1.0705688,0.17067584
2285,1.5492564,0.56743836,0.84063625,0.58593416,0.7086202,-0.018495798
2286,0.1294506,0.13742691,0.071799435,0.050542034,0.05765117,0.08688488
2287,-0.013826224,0.1037103,0.0037487478,0.003842943,-0.017574972,0.09986736
2288,0.8402995,0.36806563,0.5717305,0.40044004,0.268569,-0.03237441
2289,0.7996227,0.3305559,0.50674236,0.31518334,0.29288036,0.0153725445
2290,0.9785947,0.40750158,0.4910201,0.37153286,0.4875746,0.03596872
2291,0.7725657,0.3634629,0.46560144,0.3179838,0.30696428,0.04547909
2292,0.078014985,0.08907285,0.051251583,0.037205197,0.026763402,0.051867656
2293,0.027043909,0.12793273,0.05049341,0.030080592,-0.023449503,0.09785213
2294,0.0513913,0.024911845,0.03306548,0.022894694,0.01832582,0.0020171516
2295,0.7740385,0.2659253,0.45752096,0.30879268,0.31651753,-0.042867392
2296,0.04184604,-0.02023663,0.028098235,0.0157789,0.013747806,-0.03601553
2297,1.0142347,0.4478583,0.7042798,0.4709426,0.30995488,-0.023084283
2298,0.35509038,0.19126156,0.24431951,0.16400282,0.11077087,0.027258739
2299,0.04827558,-0.025608134,0.040272772,0.029777562,0.008002806,-0.055385694
2300,0.6454417,0.2928265,0.39834133,0.2895297,0.24710038,0.0032967925
2301,0.10360342,0.059360884,0.061867498,0.050697125,0.041735925,0.008663759
2302,0.13583371,0.079518296,0.09162586,0.06539382,0.04420785,0.014124475
2303,0.8559114,0.26183307,0.36077762,0.27659112,0.49513376,-0.01475805
2304,0.6666125,0.202721,0.2865022,0.20974693,0.3801103,-0.0070259273
2305,0.0037498835,0.01922425,0.0069665993,0.007177964,-0.0032167158,0.012046287
2306,0.0019623146,-0.06377194,0.011264792,0.0039417506,-0.009302477,-0.06771369
2307,0.19545075,0.13065125,0.14089918,0.097019255,0.05455157,0.033631995
2308,0.014618614,-0.024301916,0.02846528,0.013581462,-0.013846667,-0.03788338
2309,0.76964754,0.2028966,0.32870722,0.23412728,0.44094032,-0.031230688
2310,0.6535382,0.22446635,0.27659434,0.19068798,0.3769439,0.03377837
2311,0.32683054,0.073303014,0.16449548,0.099718906,0.16233505,-0.026415892
2312,0.04830859,0.011023185,0.031336173,0.021954251,0.016972415,-0.010931066
2313,0.18942371,0.058176182,0.11072767,0.07598542,0.07869604,-0.017809235
2314,0.029856889,-0.03300256,0.014305842,0.009761501,0.0155510465,-0.04276406
2315,0.05092325,-0.0064064483,0.05050814,0.026164945,0.0004151091,-0.032571394
2316,0.23797935,0.058107965,0.06352155,0.047483634,0.1744578,0.0106243305
2317,0.87263393,0.32050875,0.36746657,0.2759966,0.50516737,0.044512153
2318,0.20648916,0.10662774,0.13355222,0.100321814,0.07293694,0.0063059255
2319,0.0684082,-0.024465326,0.05970008,0.03796617,0.008708119,-0.062431496
2320,-0.0048011323,0.015877504,0.007806255,0.009979127,-0.012607387,0.005898377
2321,0.11120035,0.06801395,0.07638577,0.055542,0.034814574,0.012471952
2322,0.18676452,0.14406854,0.13107605,0.09534256,0.05568847,0.048725978
2323,-0.012214316,-0.004370389,-0.0012929508,0.0024128826,-0.010921366,-0.0067832717
2324,0.03796861,0.08195646,0.034819357,0.028461765,0.0031492524,0.053494696
2325,-0.045333073,0.117830984,0.007704736,0.003590867,-0.053037807,0.11424012
2326,0.053019214,-0.002661921,0.06356682,0.03766816,-0.010547604,-0.040330082
2327,0.25361642,0.18103711,0.1743343,0.13396963,0.07928212,0.04706748
2328,0.09606605,0.043760974,0.072606884,0.05520595,0.023459166,-0.011444975
2329,0.72271746,0.28843918,0.38148564,0.27988,0.34123182,0.008559197
2330,0.06955366,0.0419332,0.043898407,0.027119946,0.025655251,0.0148132555
2331,0.045031298,-0.02367995,0.02858834,0.023485448,0.016442958,-0.047165398
2332,0.66058326,0.3586869,0.44200563,0.33429128,0.21857762,0.024395615
2333,0.712215,0.2557436,0.3155591,0.22823778,0.39665592,0.027505815
2334,0.074666806,0.03731382,0.0366785,0.034420304,0.037988305,0.002893515
2335,0.705462,0.23395462,0.31283665,0.21740091,0.39262533,0.016553715
2336,0.057204187,-0.015450025,0.040315486,0.02873611,0.0168887,-0.044186138
2337,0.5355703,0.23255967,0.35528564,0.2326046,0.18028468,-4.4927e-05
2338,0.8414429,0.3815988,0.45164108,0.32845563,0.3898018,0.053143173
2339,0.16326116,0.13459338,0.1361953,0.10131415,0.027065858,0.033279233
2340,0.046185583,-0.029046865,0.04907887,0.024326611,-0.0028932877,-0.05337348
2341,0.09111619,0.019173358,0.023034979,0.011936399,0.068081215,0.0072369585
2342,0.8560375,0.4374864,0.60173565,0.40062475,0.25430185,0.036861658
2343,0.9264218,0.44654962,0.6736035,0.45497727,0.25281835,-0.00842765
2344,0.76329154,0.3990321,0.48195753,0.346047,0.281334,0.052985072
2345,0.13942531,0.05241085,0.0899293,0.061415397,0.04949601,-0.009004548
2346,-0.03338907,0.11236542,0.0059963902,0.0005226559,-0.03938546,0.11184276
2347,0.82069814,0.35297078,0.48892298,0.30757633,0.33177516,0.04539445
2348,1.0116524,0.30605567,0.4198401,0.3095798,0.59181225,-0.0035241246
2349,0.056812912,0.050340783,0.019409057,0.020251203,0.037403855,0.03008958
2350,0.059808098,0.024653861,0.034504145,0.023553751,0.025303952,0.0011001099
2351,-0.0156080425,0.016740005,0.012478689,0.01090582,-0.028086731,0.0058341855
2352,0.051884383,0.05635219,0.03334398,0.019826602,0.018540405,0.03652559
2353,0.0754825,0.04377693,0.043121893,0.0350972,0.03236061,0.008679729
2354,0.9826833,0.392059,0.6073873,0.40460166,0.375296,-0.012542665
2355,0.52237594,0.20447534,0.24168596,0.17174062,0.28068998,0.032734722
2356,0.7991119,0.33242255,0.46202153,0.3419252,0.33709037,-0.009502649
2357,0.7836814,0.28789425,0.4680001,0.33856443,0.31568128,-0.050670177
2358,0.5320926,0.16056767,0.19816138,0.15919325,0.3339312,0.0013744235
2359,0.037888248,0.003229331,0.051171046,0.032702543,-0.013282798,-0.029473212
2360,0.05689637,0.033007294,0.030528959,0.022672873,0.026367411,0.010334421
2361,0.6388152,0.16236904,0.228965,0.14743584,0.40985024,0.014933199
2362,0.922797,0.47316492,0.5826656,0.43664154,0.3401314,0.036523372
2363,0.8773934,0.22173055,0.38061532,0.24770772,0.4967781,-0.02597718
2364,0.7602932,0.31639978,0.34498614,0.2616649,0.41530704,0.054734886
2365,1.1106777,0.37791654,0.59491557,0.42158398,0.51576215,-0.043667436
2366,0.7453968,0.2522251,0.30638686,0.22378068,0.43900993,0.028444424
2367,0.019410057,0.022223542,0.0038837842,0.0066128112,0.015526272,0.01561073
2368,0.4423132,0.20877756,0.27608696,0.21273413,0.16622624,-0.003956571
2369,0.21543999,0.08687654,0.110961184,0.083625644,0.104478806,0.003250897
2370,0.07616864,0.0445911,0.034502845,0.024215853,0.041665796,0.020375246
2371,0.089623004,0.027949663,0.046652053,0.032753833,0.04297095,-0.0048041698
2372,0.80933774,0.2862426,0.43584594,0.31857732,0.3734918,-0.032334715
2373,0.008754806,0.0013002972,0.02792498,0.019159501,-0.019170173,-0.017859204
2374,0.042987425,0.13684428,0.029931093,0.024534749,0.013056332,0.11230953
2375,0.0458052,0.02837376,0.01734458,0.014104074,0.028460622,0.014269685
2376,0.011521516,0.045670066,0.01712366,0.017747143,-0.0056021437,0.027922923
2377,0.30684975,0.17712182,0.18491936,0.11912739,0.12193039,0.057994425
2378,1.1666232,0.48444018,0.7239253,0.44852287,0.44269794,0.035917312
2379,0.12197011,0.00047982787,0.07630731,0.044813536,0.045662798,-0.044333708
2380,0.28326836,0.13689114,0.15612821,0.119677365,0.12714015,0.017213777
2381,0.7413973,0.3887601,0.45423213,0.32514793,0.2871652,0.06361216
2382,0.12167296,0.09334086,0.06487914,0.04540135,0.056793816,0.04793951
2383,0.25460213,0.082971685,0.10529624,0.07112399,0.1493059,0.011847697
2384,1.1625915,0.4629886,0.78331906,0.50048745,0.3792724,-0.03749886
2385,0.89390224,0.38796958,0.4969492,0.35787863,0.39695305,0.030090958
2386,0.6968627,0.29366726,0.40725628,0.27218986,0.28960642,0.021477401
2387,0.6757542,0.31680572,0.43499008,0.2884186,0.24076411,0.02838713
2388,0.20986767,0.09768493,0.11886783,0.07978606,0.09099984,0.017898865
2389,0.22713779,0.11031734,0.07690631,0.038848847,0.15023148,0.071468495
2390,0.0972576,0.037848238,0.06606923,0.049228743,0.031188369,-0.011380505
2391,0.7511533,0.316245,0.46969026,0.31402522,0.28146303,0.0022197664
2392,0.55310917,0.31248516,0.41306692,0.31632164,0.14004225,-0.0038364828
2393,0.0056463885,0.097397536,0.018746028,0.014201376,-0.013099639,0.08319616
2394,0.85525095,0.38818085,0.5059785,0.34414274,0.34927243,0.044038117
2395,0.6813193,0.3078932,0.410935,0.29844707,0.27038428,0.009446114
2396,-0.03384012,0.114115514,0.0059010014,0.0017105382,-0.03974112,0.11240497
2397,0.61152923,0.22632039,0.2938065,0.19534029,0.31772274,0.030980095
2398,0.11678796,0.043294895,0.07674192,0.049351852,0.040046044,-0.006056957
2399,0.7710507,0.3525644,0.4259933,0.32948476,0.3450574,0.023079634
2400,0.060879353,0.11138313,0.014832944,0.008074038,0.04604641,0.103309095
2401,0.027084248,0.134732,0.0129161645,0.012179548,0.014168084,0.12255245
2402,0.04487624,0.032383986,0.026044715,0.025785485,0.018831525,0.0065985005
2403,-0.043170255,0.16435559,0.0154090915,0.009997536,-0.058579348,0.15435806
2404,0.05305422,0.054791074,0.0373357,0.028582517,0.01571852,0.026208557
2405,0.06882729,-0.00035745796,0.03955037,0.024638196,0.029276915,-0.024995655
2406,0.06283304,0.0378355,0.038307346,0.030849274,0.024525695,0.006986227
2407,0.16016155,0.104795486,0.11383636,0.0869239,0.04632519,0.017871588
2408,0.058525722,-0.015053349,0.044033337,0.02581135,0.014492385,-0.0408647
2409,0.021193223,-0.008805944,0.007864827,0.008118568,0.013328396,-0.016924512
2410,0.039710745,-0.011414464,0.029741967,0.018441673,0.009968778,-0.029856138
2411,0.123419926,-0.021304969,0.061903156,0.035216525,0.06151677,-0.056521494
2412,0.9358107,0.30357644,0.39635468,0.27898267,0.539456,0.02459377
2413,0.5921294,0.2216395,0.32952148,0.22331119,0.26260793,-0.0016716868
2414,0.8451928,0.4440124,0.5985327,0.44251642,0.24666011,0.0014959872
2415,0.050784957,0.056231778,0.051179122,0.04108084,-0.00039416552,0.015150938
2416,0.19876304,0.08770868,0.1959987,0.1032752,0.0027643442,-0.01556652
2417,0.6559094,0.26136518,0.3464046,0.25331616,0.3095048,0.008049011
2418,1.0880166,0.34548596,0.42054296,0.3157602,0.6674737,0.02972576
2419,0.6038991,0.18669368,0.2518908,0.1726667,0.3520083,0.014026985
2420,0.76584685,0.32408705,0.4789826,0.32428667,0.28686425,-0.00019961596
2421,0.12717082,0.059710898,0.0649959,0.052757222,0.062174916,0.0069536753
2422,0.8201862,0.35090727,0.4884824,0.36137035,0.3317038,-0.010463089
2423,0.6135419,0.3037042,0.3954629,0.27598464,0.218079,0.027719557
2424,0.7184051,0.11424395,0.2079037,0.12841989,0.51050144,-0.014175944
2425,0.22291681,0.094555065,0.17859575,0.11434462,0.04432106,-0.019789554
2426,0.12633382,0.08665807,0.0989,0.070372686,0.02743382,0.016285382
2427,0.07507864,0.040455274,0.037237506,0.030318042,0.03784113,0.010137232
2428,0.5601884,0.3451591,0.3855366,0.2886601,0.1746518,0.056499004
2429,0.5219124,0.25015977,0.29783416,0.22094592,0.22407824,0.029213846
2430,0.04350087,0.011610735,0.03655679,0.028237212,0.006944079,-0.016626477
2431,0.7158084,0.29761258,0.37489387,0.2655871,0.34091452,0.032025486
2432,0.0765605,0.03858326,0.049959835,0.034875464,0.026600663,0.0037077963
2433,0.0007004554,0.15047628,0.041222654,0.03273837,-0.0405222,0.117737904
2434,0.07668422,-0.010420415,0.04916231,0.0336114,0.027521912,-0.044031814
2435,-0.0059436737,-0.0295605,0.014387628,0.011733942,-0.0203313,-0.04129444
2436,0.37909535,0.1817719,0.20460694,0.14459886,0.17448841,0.037173048
2437,0.5213097,0.15663525,0.21401617,0.1479793,0.3072935,0.00865595
2438,1.2416776,0.4689234,0.5881871,0.4502747,0.65349054,0.018648684
2439,0.6560023,0.28670755,0.36006498,0.2642762,0.2959373,0.022431344
2440,0.004046296,0.116747096,0.044525668,0.028242111,-0.040479373,0.088504985
2441,1.0522689,0.3720439,0.50051284,0.3653368,0.551756,0.006707102
2442,1.394555,0.45675594,0.5497491,0.3739075,0.8448059,0.08284843
2443,0.8163795,0.24253488,0.29288885,0.199464,0.52349067,0.043070883
2444,0.84737116,0.34941387,0.4921522,0.3554357,0.35521895,-0.0060218275
2445,0.04557645,-0.017657839,0.041267466,0.028344154,0.0043089837,-0.046001993
2446,0.061997265,0.051771283,0.065290675,0.045694023,-0.00329341,0.00607726
2447,0.046317358,0.021646995,0.022292545,0.015615627,0.024024813,0.006031368
2448,0.014175207,0.10429215,0.023820467,0.0102757495,-0.00964526,0.094016396
2449,0.085202195,0.12759155,0.07237511,0.04654161,0.0128270835,0.08104994
2450,0.70106643,0.32566184,0.42404968,0.31633434,0.27701676,0.009327501
2451,0.8452097,0.28335178,0.43618345,0.29411066,0.40902627,-0.010758877
2452,0.023885423,0.043080535,0.018651176,0.019092899,0.005234247,0.023987636
2453,1.1067864,0.33254462,0.4542288,0.35328516,0.6525576,-0.020740539
2454,-0.031126203,0.11820004,0.011585489,0.0040359017,-0.04271169,0.11416414
2455,0.101596035,0.12989733,0.089041665,0.056995947,0.01255437,0.07290138
2456,-0.024979169,-0.01825723,0.0009531012,0.0053904755,-0.02593227,-0.023647707
2457,0.116302915,-0.009872518,0.084957406,0.049061228,0.03134551,-0.058933746
2458,0.7026729,0.29481736,0.38681954,0.29374772,0.31585336,0.0010696352
2459,0.5503366,0.21069385,0.3195755,0.2369816,0.23076111,-0.02628775
2460,0.5899405,0.28557906,0.4400843,0.29245302,0.14985618,-0.0068739653
2461,0.031067034,0.052426282,0.020276818,0.017567482,0.010790216,0.0348588
2462,0.49786896,0.20003489,0.27258855,0.19595346,0.2252804,0.004081428
2463,0.13153951,0.13137434,0.077754006,0.051784478,0.053785503,0.079589866
2464,0.7099491,0.2687554,0.33544946,0.22550353,0.37449962,0.043251872
2465,0.05122878,0.061899357,0.043218754,0.03467094,0.008010026,0.027228415
2466,0.764822,0.35302407,0.50176966,0.37259296,0.26305234,-0.01956889
2467,0.120736755,0.06856175,0.06441327,0.053956807,0.056323484,0.014604941
2468,0.069138885,0.13656856,0.040501237,0.0214368,0.028637648,0.115131766
2469,0.14031947,-0.006750791,0.07426633,0.0522469,0.06605314,-0.05899769
2470,0.28465086,0.15066004,0.16469708,0.12301276,0.11995378,0.02764728
2471,0.016741138,-0.051692117,0.018679108,0.0081365425,-0.0019379705,-0.05982866
2472,0.0787067,0.05553468,0.050006874,0.039300203,0.028699823,0.016234476
2473,0.0862496,0.012673115,0.05673676,0.04360629,0.029512838,-0.030933173
2474,0.6168842,0.2688069,0.34964505,0.2400864,0.26723912,0.028720498
2475,0.047085457,0.024614053,0.015720773,0.011539573,0.031364683,0.01307448
2476,0.14739801,0.061945535,0.11282092,0.075944446,0.034577087,-0.013998911
2477,0.917882,0.41852665,0.57743794,0.38390842,0.3404441,0.03461823
2478,1.0076228,0.43201047,0.57257193,0.4520328,0.4350509,-0.020022333
2479,0.04618709,0.05361365,0.035859726,0.025923658,0.010327365,0.027689993
2480,0.91267306,0.39635563,0.4526394,0.32549885,0.46003366,0.07085678
2481,0.59580404,0.25242108,0.34816283,0.25853732,0.2476412,-0.006116241
2482,0.0791801,0.052850462,0.05199799,0.039747596,0.02718211,0.013102867
2483,0.90984803,0.25842714,0.3723753,0.25612026,0.5374727,0.0023068786
2484,0.054637343,0.03822915,0.04817563,0.03350357,0.0064617135,0.004725579
2485,1.2688472,0.4996273,0.7738768,0.47747946,0.49497044,0.022147834
2486,0.76625717,0.362498,0.5684337,0.40211743,0.19782346,-0.039619446
2487,0.46041897,0.29739678,0.37613106,0.27594742,0.08428791,0.021449357
2488,0.008207964,-0.03147933,0.006351199,0.0046568317,0.0018567648,-0.03613616
2489,0.24653544,0.06423129,0.10313562,0.07201447,0.1433998,-0.007783182
2490,0.32473308,0.13341446,0.19374076,0.13770694,0.13099232,-0.004292473
2491,0.13608412,0.11463168,0.10250975,0.07621758,0.033574373,0.038414106
2492,1.5074801,0.62871027,0.948682,0.6100858,0.55879813,0.018624485
2493,0.6900762,0.18559739,0.27526805,0.20155506,0.41480812,-0.015957668
2494,0.6331541,0.18853511,0.33755332,0.19727409,0.29560077,-0.00873898
2495,0.021914613,0.16080835,0.03423489,0.030867854,-0.012320276,0.1299405
2496,0.03795169,0.03601628,0.052333184,0.027829975,-0.014381494,0.008186307
2497,0.07871761,0.00094015,0.0589445,0.035041608,0.01977311,-0.034101456
2498,0.89310926,0.3582735,0.5253822,0.32226562,0.36772704,0.03600788
2499,0.0011688119,0.025144212,0.0056464565,0.007797528,-0.0044776443,0.017346684
2500,0.059206277,0.039636023,0.028854439,0.022105195,0.030351838,0.017530829
2501,0.033544935,0.07426933,0.02357978,0.021330465,0.009965155,0.052938867
2502,0.10155934,0.05956866,0.08899768,0.054081302,0.012561664,0.0054873563
2503,0.9010076,0.3392997,0.45979667,0.30525595,0.44121093,0.03404376
2504,0.23449954,0.10491449,0.1266534,0.09524169,0.10784614,0.009672798
2505,0.17937744,0.12666506,0.12214458,0.08239314,0.057232857,0.044271916
2506,1.0162127,0.22931413,0.21080706,0.11760931,0.8054056,0.11170483
2507,0.21709232,0.1299667,0.15467899,0.11213736,0.062413335,0.017829344
2508,1.2281737,0.5118961,0.6998837,0.47964913,0.52829003,0.032246947
2509,0.15104371,0.21023571,0.12829873,0.100619055,0.022744983,0.10961666
2510,0.40892926,0.14358263,0.18131854,0.14198148,0.22761072,0.0016011447
2511,0.2126518,0.10088539,0.092793845,0.062188603,0.11985796,0.03869679
2512,1.0991457,0.48358288,0.7644444,0.49780107,0.33470124,-0.014218181
2513,0.08280672,0.053799007,0.059866965,0.043387808,0.022939757,0.010411199
2514,0.115853585,0.14464249,0.08254875,0.062257774,0.033304833,0.08238471
2515,0.037860014,-0.027021322,0.033955283,0.022136964,0.00390473,-0.049158286
2516,0.06024304,0.022988414,0.01866067,0.015212262,0.04158237,0.0077761523
2517,-0.027699906,0.115687504,0.012006348,0.0064410754,-0.039706253,0.10924643
2518,0.0943372,0.03476115,0.06002914,0.04704358,0.03430806,-0.012282431
2519,0.78524107,0.24516083,0.3220777,0.23174934,0.46316338,0.013411492
2520,1.0032369,0.5073556,0.63282555,0.47726268,0.37041134,0.030092895
2521,-0.017674971,-0.020847153,0.008659704,0.0041008606,-0.026334675,-0.024948014
2522,0.68405074,0.3080905,0.41295332,0.30193093,0.27109742,0.006159574
2523,0.07718212,0.053926036,0.058573406,0.039783876,0.018608715,0.014142159
2524,0.040722694,-0.014717032,0.038724907,0.02168122,0.0019977875,-0.03639825
2525,-0.016428245,-0.037741534,0.029832557,0.013675178,-0.046260804,-0.051416714
2526,0.89821863,0.053713717,0.33843333,0.25725913,0.5597853,-0.20354542
2527,0.0743622,0.042070344,0.040184826,0.027279306,0.034177378,0.014791038
2528,0.83416027,0.41172257,0.5993562,0.41802114,0.2348041,-0.006298572
2529,0.9952211,0.3922317,0.5324136,0.36664122,0.46280748,0.02559048
2530,0.079241715,0.09637819,0.10217824,0.07623654,-0.022936523,0.020141654
2531,0.01317589,0.043302376,0.009739207,0.0042864773,0.0034366827,0.039015897
2532,0.05357976,0.00819743,0.040933024,0.028559934,0.012646735,-0.020362504
2533,0.131142,0.1043682,0.08885656,0.063334875,0.042285442,0.041033328
2534,1.2695612,0.5277926,0.7108437,0.5156037,0.5587175,0.012188852
2535,0.16558369,0.03929088,0.11791973,0.06186787,0.047663957,-0.022576991
2536,0.020183008,0.0031875842,0.010362536,0.0065221926,0.009820472,-0.0033346084
2537,0.3148026,0.17541711,0.21554966,0.15295902,0.099252924,0.022458091
2538,0.044409923,-0.028518904,0.03372237,0.018520206,0.010687552,-0.04703911
2539,0.049251534,0.049950626,0.025464524,0.01822329,0.02378701,0.031727336
2540,0.37621412,0.13842972,0.2565393,0.1487402,0.11967483,-0.010310486
2541,0.059180602,0.060248494,0.059447043,0.044222377,-0.0002664402,0.016026117
2542,0.028666543,0.06228399,0.02656765,0.015960341,0.0020988937,0.04632365
2543,0.054247186,0.07573007,0.048269205,0.03872391,0.005977981,0.037006162
2544,0.07885428,0.023884807,0.030168135,0.02139149,0.048686143,0.0024933163
2545,0.5689396,0.23701231,0.32836556,0.2242581,0.24057406,0.012754217
2546,0.95899814,0.39256153,0.45157772,0.34730926,0.5074204,0.045252264
2547,1.066538,0.6430904,0.7916592,0.5774387,0.2748788,0.065651715
2548,1.0733747,0.29265967,0.40026245,0.27958775,0.6731123,0.013071924
2549,0.7486254,0.22446677,0.34126234,0.23461466,0.40736306,-0.0101478845
2550,0.27727607,0.07289919,0.08969523,0.063526645,0.18758084,0.009372547
2551,0.97365195,0.28069365,0.32563636,0.24622746,0.6480156,0.034466192
2552,0.7467437,0.34045503,0.44977626,0.33494538,0.29696742,0.0055096447
2553,0.5398423,0.2113226,0.24479505,0.18180582,0.29504725,0.029516786
2554,0.92817664,0.32592294,0.48963007,0.35425368,0.43854657,-0.028330743
2555,0.72097206,0.2771324,0.38015175,0.27430588,0.3408203,0.0028265119
2556,0.045915943,0.035042975,0.03843276,0.02907006,0.0074831843,0.0059729144
2557,0.09521588,0.051814467,0.082045555,0.048136212,0.013170324,0.0036782548
2558,0.26285052,0.123497225,0.14839557,0.110390976,0.114454955,0.013106249
2559,0.15925816,0.06838453,0.07927774,0.05825626,0.07998042,0.010128267
