feature_idx,seq_effect_obs,struct_effect_obs,seq_effect_shuffle,struct_effect_shuffle,seq_delta,struct_delta
0,0.5161895,0.14178807,0.16059032,0.11536726,0.3555992,0.026420802
1,0.48771074,0.09491245,0.10995373,0.07730364,0.377757,0.017608806
2,0.506722,0.11365018,0.121837966,0.094610654,0.384884,0.019039527
3,0.42560595,0.030405512,0.06779026,0.043888807,0.35781568,-0.013483295
4,0.3553214,0.059711922,0.065547355,0.04773741,0.28977406,0.0119745135
5,0.48823997,0.100824334,0.13866162,0.10828396,0.34957835,-0.0074596256
6,0.4977109,0.12072832,0.1540269,0.11028158,0.34368402,0.010446742
7,0.48652416,0.07546905,0.102297686,0.08057434,0.38422647,-0.0051052943
8,0.38922527,0.05571752,0.07448727,0.050240397,0.314738,0.005477123
9,0.379617,0.06294763,0.09967212,0.065016955,0.2799449,-0.0020693243
10,0.2542462,0.049999703,0.058423795,0.044311695,0.19582242,0.005688008
11,0.42332816,0.058164865,0.06969686,0.049733877,0.35363132,0.008430988
12,0.5325714,0.099636145,0.10121598,0.07746658,0.4313554,0.022169568
13,0.53626007,0.090893775,0.13983697,0.09557452,0.3964231,-0.0046807453
14,0.36344042,0.042841557,0.077454835,0.055922657,0.2859856,-0.0130811
15,0.47273836,0.09387792,0.09892076,0.07754613,0.3738176,0.016331792
16,0.47996715,0.09751313,0.111998126,0.082519665,0.36796904,0.014993466
17,0.5341397,0.13318233,0.11644568,0.09034548,0.417694,0.042836852
18,0.523368,0.12903596,0.15100488,0.12083292,0.37236312,0.0082030445
19,0.4396997,0.082223706,0.105823115,0.0758948,0.3338766,0.006328903
20,0.5414925,0.051432285,0.091444924,0.062553436,0.4500476,-0.01112115
21,0.4317129,0.086393766,0.09948319,0.07742327,0.3322297,0.008970499
22,0.6791669,0.16635437,0.18661663,0.11916552,0.49255028,0.047188856
23,0.45620078,0.024750652,0.048710603,0.03492051,0.40749016,-0.010169858
24,0.51431024,0.14832492,0.11394207,0.08700718,0.40036815,0.061317742
25,0.6254077,0.11122607,0.13770045,0.10178412,0.48770726,0.009441949
26,0.50818807,0.07285864,0.10382596,0.073392145,0.4043621,-0.0005335063
27,0.31461576,0.07741753,0.090299815,0.06854037,0.22431594,0.008877158
28,0.52745575,0.11028717,0.14614539,0.10754893,0.38131034,0.0027382374
29,0.40011862,0.04960493,0.062441844,0.04487683,0.33767676,0.004728101
30,0.4568495,0.15066738,0.16291913,0.121554755,0.29393035,0.02911263
31,0.4379024,0.09689475,0.08335969,0.06542321,0.3545427,0.031471536
32,0.45207345,0.07114745,0.09570412,0.07324854,0.35636932,-0.0021010935
33,0.3593441,0.04894358,0.08984402,0.062274262,0.26950008,-0.013330683
34,0.47010705,0.060293544,0.090754844,0.0657958,0.3793522,-0.0055022575
35,0.47507554,0.053499367,0.085814305,0.06403696,0.38926125,-0.010537591
36,0.4333755,0.045405887,0.07672563,0.053650364,0.35664988,-0.008244477
37,0.5139829,0.07830566,0.10712966,0.07432416,0.40685323,0.003981501
38,0.32592192,0.1109025,0.10054097,0.07426322,0.22538096,0.03663928
39,0.52049977,0.09237453,0.105633676,0.077410385,0.4148661,0.014964148
40,0.33829942,0.07660365,0.070770934,0.041954383,0.26752847,0.034649268
41,0.634806,0.21038885,0.2023399,0.15060543,0.4324661,0.05978343
42,0.50390166,0.031693134,0.05892214,0.042448107,0.44497952,-0.010754973
43,0.58051956,0.12240391,0.14246725,0.114206836,0.4380523,0.008197077
44,0.4211199,0.076216914,0.095362686,0.066073194,0.3257572,0.01014372
45,0.4943222,0.09416506,0.12815604,0.08020424,0.36616617,0.013960816
46,0.49414366,0.058082994,0.07740883,0.054291878,0.41673484,0.0037911162
47,0.68339103,0.09749729,0.14180617,0.097819425,0.54158485,-0.0003221333
48,0.49759582,0.0462395,0.09303818,0.06597241,0.40455765,-0.019732911
49,0.47194788,0.062278435,0.08400654,0.061260972,0.38794133,0.0010174625
50,0.5531406,0.08518173,0.11252392,0.07803206,0.44061667,0.0071496665
51,0.54827636,0.09368648,0.13628553,0.0933941,0.41199082,0.00029237568
52,0.3291619,0.042176306,0.06418907,0.04577343,0.26497284,-0.0035971254
53,0.53849506,0.06822035,0.086740084,0.060218073,0.451755,0.008002274
54,0.46377602,0.084794775,0.12279704,0.08556922,0.34097898,-0.00077444315
55,0.5173326,0.08904525,0.102982,0.07563196,0.41435063,0.013413288
56,0.50584036,0.07433882,0.1346785,0.09022254,0.37116188,-0.015883714
57,0.44366542,0.0758541,0.094748564,0.067240156,0.34891686,0.008613944
58,0.41582942,0.043071423,0.07829846,0.05518404,0.33753097,-0.0121126175
59,0.48654768,0.10818348,0.16208923,0.11744574,0.32445845,-0.009262256
60,0.2976649,0.024208345,0.057621654,0.037890002,0.24004325,-0.013681658
61,0.27376992,0.011171345,0.061449155,0.038331877,0.21232076,-0.027160533
62,0.47221726,0.10404791,0.107031405,0.07735763,0.36518586,0.026690282
63,0.5296921,0.08223469,0.13282055,0.09601776,0.39687157,-0.013783075
64,0.43124983,0.09484148,0.099234305,0.0724585,0.3320155,0.022382982
65,0.47206417,0.06074207,0.09062628,0.061039954,0.3814379,-0.0002978854
66,0.48209354,0.11066104,0.11661894,0.083808795,0.3654746,0.026852243
67,0.4546896,0.08738985,0.090476885,0.0703533,0.3642127,0.01703655
68,0.40431237,0.0880133,0.11785624,0.087578736,0.28645614,0.00043456256
69,0.3687116,0.079222105,0.12079029,0.08645767,0.2479213,-0.0072355643
70,0.45686072,0.06287299,0.13136229,0.084775046,0.32549843,-0.021902055
71,0.50071055,0.106956184,0.105235405,0.07522779,0.39547515,0.031728394
72,0.41401112,0.06351114,0.09237521,0.05683679,0.3216359,0.0066743493
73,0.64842016,0.029619003,0.059076287,0.039997533,0.58934385,-0.01037853
74,0.33941895,0.069750816,0.07575654,0.05051158,0.2636624,0.019239236
75,0.5121969,0.098041914,0.094839975,0.07409414,0.4173569,0.023947775
76,0.50158185,0.12224587,0.13925993,0.103776045,0.3623219,0.018469825
77,0.47622,0.06298434,0.09692151,0.06810627,0.3792985,-0.0051219314
78,0.4796492,0.0974483,0.09560049,0.07354151,0.3840487,0.02390679
79,0.44667947,0.06316873,0.10130718,0.06672743,0.3453723,-0.0035587028
80,0.41378498,0.06168351,0.060810704,0.045821905,0.35297427,0.015861604
81,0.29763594,0.058720738,0.08542997,0.06394807,0.21220598,-0.005227335
82,0.45745152,0.045368798,0.07190804,0.046045743,0.38554347,-0.00067694485
83,0.3981106,0.10443429,0.10122484,0.0786295,0.29688576,0.025804788
84,0.5251817,0.11867105,0.11644765,0.079781026,0.40873405,0.038890027
85,0.49130005,0.045570396,0.10693353,0.064793244,0.3843665,-0.019222848
86,0.42239466,0.07834884,0.102784134,0.064897716,0.31961054,0.013451122
87,0.48995164,0.10351472,0.13066112,0.0926872,0.35929054,0.010827526
88,0.5327172,0.08853492,0.13445209,0.09847999,0.39826512,-0.009945072
89,0.4436104,0.071021,0.09392585,0.06862822,0.34968454,0.0023927763
90,0.43716013,0.06445145,0.06000402,0.046311986,0.3771561,0.018139463
91,0.5764555,0.0429106,0.058168054,0.044561658,0.5182874,-0.0016510598
92,0.48111844,0.06154337,0.073103994,0.05278998,0.40801445,0.008753393
93,0.59467435,0.09003741,0.12892455,0.10259611,0.4657498,-0.012558699
94,0.37334958,0.072657794,0.09243021,0.064947106,0.28091937,0.007710688
95,0.3360911,0.052060857,0.08103886,0.055821896,0.25505224,-0.0037610382
96,0.50904596,0.10252126,0.12053261,0.085578755,0.38851336,0.016942509
97,0.5841458,0.058173303,0.079320885,0.059563007,0.5048249,-0.0013897046
98,0.58083487,0.11034277,0.17582616,0.12980197,0.4050087,-0.019459203
99,0.45474458,0.07732388,0.124425314,0.08553434,0.33031926,-0.008210465
100,0.5794111,0.09169927,0.12267192,0.09135268,0.4567392,0.00034659356
101,0.52539974,0.13051552,0.1428588,0.1059159,0.38254094,0.02459962
102,0.44087505,0.08659615,0.10494985,0.08030486,0.33592522,0.0062912926
103,0.44994292,0.03166623,0.05966309,0.045985755,0.39027983,-0.014319524
104,0.51755905,0.14236933,0.14969414,0.11667874,0.3678649,0.025690593
105,0.4700412,0.058102746,0.073525,0.053109337,0.3965162,0.004993409
106,0.29231635,0.058272187,0.06369738,0.04745126,0.22861896,0.010820925
107,0.49314877,0.06852649,0.103696376,0.07373235,0.3894524,-0.005205855
108,0.47843543,0.04567864,0.0660356,0.044311155,0.41239983,0.001367487
109,0.3391216,0.05258399,0.07883862,0.046505906,0.260283,0.006078083
110,0.45282978,0.046794895,0.089314595,0.06231379,0.3635152,-0.015518896
111,0.43331107,0.037026607,0.072884105,0.05298233,0.36042696,-0.015955724
112,0.3629903,0.061486766,0.089738466,0.06842162,0.27325183,-0.0069348514
113,0.3294864,0.07458504,0.08131907,0.05708775,0.24816734,0.017497294
114,0.4886049,0.075976186,0.10353297,0.073960245,0.38507193,0.0020159408
115,0.5766882,0.09179284,0.1117694,0.07476613,0.46491876,0.017026708
116,0.41451043,0.061909392,0.095051326,0.063023195,0.3194591,-0.0011138022
117,0.5687532,0.12716126,0.14307903,0.09659049,0.42567414,0.030570775
118,0.41764545,0.12843384,0.15699679,0.12063441,0.26064867,0.0077994317
119,0.47058353,0.06816398,0.09836275,0.06635264,0.37222078,0.0018113405
120,0.41343692,0.052007716,0.07958602,0.054431934,0.3338509,-0.0024242178
121,0.37299326,0.09000257,0.07802315,0.05875759,0.2949701,0.031244978
122,0.49958715,0.044032715,0.077084035,0.053963523,0.4225031,-0.009930808
123,0.47296047,0.15887915,0.14858854,0.107440345,0.32437193,0.0514388
124,0.62030536,0.124407224,0.15030244,0.11204441,0.47000292,0.012362815
125,0.40895757,0.08262516,0.09534246,0.07241069,0.3136151,0.01021447
126,0.48141462,0.05581706,0.08082619,0.051145703,0.40058842,0.0046713576
127,0.5741686,0.089822754,0.13687812,0.08414033,0.4372905,0.0056824237
128,0.5597789,0.09351848,0.14166215,0.10339719,0.41811678,-0.00987871
129,0.45600778,0.073745064,0.105463766,0.07224461,0.350544,0.0015004575
130,0.4533738,0.0528763,0.07146375,0.047879804,0.38191003,0.004996497
131,0.50901335,0.046812266,0.096981995,0.07252999,0.41203135,-0.02571772
132,0.36341253,0.08469982,0.10640922,0.078818716,0.2570033,0.005881101
133,0.5066584,0.15546937,0.15513241,0.11379259,0.35152596,0.041676782
134,0.44253287,0.09641014,0.101505384,0.073100045,0.3410275,0.023310095
135,0.49266103,0.08259546,0.100256145,0.06955471,0.39240488,0.013040751
136,0.5684807,0.12652646,0.14261967,0.10725566,0.425861,0.0192708
137,0.33275756,0.06963922,0.06979845,0.05225582,0.26295912,0.0173834
138,0.44421664,0.079061255,0.11287972,0.08019467,0.33133692,-0.0011334121
139,0.34865013,0.038013585,0.06513416,0.042430013,0.28351596,-0.0044164285
140,0.46446633,0.11649821,0.1341249,0.10482658,0.33034143,0.0116716325
141,0.40434447,0.059462287,0.08265004,0.056768194,0.32169443,0.0026940927
142,0.3695693,0.069200136,0.0998811,0.06832853,0.2696882,0.0008716062
143,0.3975267,0.0651718,0.11020622,0.08090203,0.2873205,-0.015730232
144,0.34503815,0.08722634,0.113276646,0.081137255,0.2317615,0.006089084
145,0.46442828,0.076071255,0.09372668,0.06190652,0.3707016,0.014164735
146,0.52468616,0.03931883,0.05315875,0.037262287,0.4715274,0.0020565428
147,0.30703318,0.049925853,0.08818418,0.06660841,0.218849,-0.016682554
148,0.53151,0.11131672,0.11010166,0.0835494,0.42140833,0.027767316
149,0.4208759,0.04746535,0.09814535,0.06752594,0.32273054,-0.020060588
150,0.42374313,0.09363372,0.11562599,0.07147534,0.30811715,0.022158377
151,0.53696066,0.070774294,0.11323749,0.07928532,0.42372316,-0.008511029
152,0.40498057,0.09566386,0.097337104,0.063877694,0.30764347,0.031786166
153,0.51041937,0.053456333,0.07808239,0.058783323,0.432337,-0.00532699
154,0.48573473,0.061954077,0.115774184,0.07694725,0.36996055,-0.014993172
155,0.37826067,0.105789825,0.08895564,0.06632937,0.28930503,0.039460458
156,0.30926093,0.0642915,0.08664647,0.05512883,0.22261447,0.009162668
157,0.51439804,0.08688404,0.09710774,0.06780703,0.4172903,0.019077003
158,0.46833104,0.0802074,0.10318079,0.06768851,0.36515024,0.01251889
159,0.50796664,0.14897233,0.1777725,0.13015178,0.33019412,0.018820554
160,0.3810018,0.06421189,0.083441906,0.05025418,0.2975599,0.013957709
161,0.3978964,0.08567527,0.09653953,0.06311122,0.30135688,0.022564046
162,0.38456076,0.060237166,0.081251,0.058241658,0.30330977,0.0019955076
163,0.5900268,0.12796232,0.1567452,0.116959535,0.4332816,0.011002786
164,0.3676565,0.07929115,0.09859989,0.07528767,0.26905662,0.00400348
165,0.47128004,0.057352588,0.082508415,0.05945251,0.38877162,-0.0020999238
166,0.43820968,0.10830418,0.1291197,0.09842709,0.30909,0.009877093
167,0.4273892,0.027879631,0.087084845,0.06163088,0.34030437,-0.03375125
168,0.4712888,0.05432653,0.1058428,0.07365971,0.365446,-0.01933318
169,0.35789645,0.07568686,0.084169805,0.062970065,0.27372664,0.0127167925
170,0.35930282,0.062857404,0.08975625,0.06874446,0.26954657,-0.005887054
171,0.36847994,0.08223665,0.12257611,0.08013461,0.24590382,0.0021020398
172,0.42407495,0.064021885,0.08424534,0.060594574,0.33982962,0.0034273118
173,0.50226045,0.08100285,0.09196557,0.064637855,0.4102949,0.016364992
174,0.48825046,0.09292513,0.12127637,0.08558334,0.3669741,0.0073417947
175,0.25208053,0.03915851,0.052399755,0.037693765,0.19968078,0.0014647432
176,0.5252632,0.08165583,0.09553253,0.06510663,0.42973065,0.0165492
177,0.47269857,0.10539015,0.14374551,0.09620462,0.32895306,0.009185523
178,0.59579647,0.031205483,0.06280208,0.04219447,0.5329944,-0.010988988
179,0.5302595,0.083697475,0.123478346,0.080677345,0.40678114,0.00302013
180,0.51174873,0.12938339,0.13085549,0.09666421,0.38089323,0.032719173
181,0.6414499,0.13316308,0.16381101,0.11844041,0.4776389,0.014722668
182,0.48249027,0.10175529,0.11709636,0.09116294,0.3653939,0.010592349
183,0.50542456,0.07822799,0.0888309,0.06350506,0.41659367,0.014722928
184,0.5953412,0.08137521,0.12991403,0.078027785,0.46542716,0.0033474267
185,0.4693896,0.07238629,0.10593831,0.0761576,0.36345127,-0.0037713125
186,0.42632425,0.060100555,0.09445026,0.057660352,0.33187398,0.002440203
187,0.36342126,0.058795433,0.06985938,0.053584114,0.29356188,0.00521132
188,0.4806087,0.100792296,0.12710112,0.08977476,0.35350758,0.011017539
189,0.53038275,0.079241455,0.10978838,0.08123824,0.42059436,-0.0019967854
190,0.48684323,0.112726554,0.15227784,0.11385188,0.3345654,-0.0011253282
191,0.5684196,0.06272977,0.11512043,0.080355786,0.45329913,-0.017626017
192,0.53030676,0.07920128,0.09769354,0.06915113,0.43261322,0.010050148
193,0.56597567,0.09043681,0.09956053,0.0739651,0.46641514,0.016471706
194,0.31350267,0.020622069,0.03431434,0.023456004,0.27918833,-0.0028339345
195,0.33063585,0.033357006,0.054599687,0.038423188,0.27603614,-0.0050661825
196,0.5480612,0.07739299,0.11837825,0.091544904,0.42968294,-0.014151916
197,0.51616323,0.08651898,0.12615551,0.09408825,0.39000773,-0.0075692683
198,0.50525975,0.074382395,0.14692625,0.10655652,0.3583335,-0.032174125
199,0.4572206,0.044063423,0.08535378,0.050064713,0.37186682,-0.00600129
200,0.4949225,0.060828976,0.08779574,0.06431906,0.40712675,-0.003490083
201,0.43765193,0.10073516,0.13238469,0.096070975,0.30526724,0.0046641827
202,0.4677917,0.07979481,0.08766586,0.066015,0.38012585,0.013779812
203,0.19331153,0.032174192,0.03907514,0.029820733,0.15423639,0.0023534596
204,0.45115146,0.08777846,0.09663063,0.07315047,0.35452083,0.014627986
205,0.45677975,0.074640535,0.08725299,0.065956555,0.36952674,0.0086839795
206,0.42810372,0.08680269,0.11310642,0.07423162,0.3149973,0.012571074
207,0.5703371,0.107872665,0.14495972,0.103509575,0.4253774,0.00436309
208,0.43341646,0.087851256,0.107907124,0.076477416,0.32550934,0.01137384
209,0.4679286,0.08558142,0.13343568,0.09292548,0.33449292,-0.0073440596
210,0.4649947,0.06450343,0.08701815,0.06275071,0.37797654,0.0017527193
211,0.5087618,0.09504419,0.12501101,0.08586216,0.3837508,0.0091820285
212,0.60012096,0.0817761,0.12592445,0.086304925,0.4741965,-0.004528828
213,0.4403156,0.07528147,0.08552733,0.058172416,0.35478827,0.017109055
214,0.3470927,0.07265757,0.07589844,0.052178945,0.27119425,0.020478625
215,0.54781514,0.025925906,0.06765553,0.042747412,0.4801596,-0.016821506
216,0.4842918,0.076299824,0.08830265,0.061557364,0.39598915,0.01474246
217,0.3954118,0.07071236,0.09429185,0.061659478,0.30111992,0.00905288
218,0.15503363,0.024969872,0.035379924,0.027127396,0.11965371,-0.0021575242
219,0.3330076,0.04904463,0.08768184,0.059373036,0.24532577,-0.010328405
220,0.37754712,0.062346943,0.07602931,0.05702834,0.3015178,0.0053186044
221,0.50302863,0.101531714,0.14045924,0.09989221,0.3625694,0.0016395077
222,0.35819998,0.04413646,0.07301025,0.058260083,0.28518975,-0.014123622
223,0.6165871,0.072526485,0.08599601,0.06250112,0.5305911,0.010025367
224,0.5894054,0.09253843,0.13905871,0.09644535,0.4503467,-0.0039069206
225,0.40654838,0.06822696,0.09820067,0.07005137,0.3083477,-0.0018244088
226,0.4239373,0.05273221,0.10308787,0.07180478,0.32084942,-0.019072566
227,0.56895757,0.08226728,0.099499226,0.07534267,0.46945834,0.006924607
228,0.43473923,0.07899407,0.08960734,0.06356777,0.34513187,0.0154263005
229,0.33556467,0.09840879,0.101899795,0.0792517,0.23366487,0.01915709
230,0.44956508,0.06705892,0.09271934,0.06415111,0.35684574,0.0029078126
231,0.29564863,0.06645502,0.08133565,0.06536984,0.21431299,0.0010851845
232,0.50740045,0.03738796,0.06448427,0.045738645,0.44291618,-0.008350685
233,0.5600573,0.112888716,0.15172014,0.11042728,0.40833715,0.0024614334
234,0.54844177,0.120677926,0.12365815,0.09000466,0.42478362,0.030673265
235,0.5512847,0.10758376,0.15126659,0.11673948,0.4000181,-0.0091557205
236,0.49675503,0.09012603,0.08643859,0.058372363,0.41031644,0.031753667
237,0.36225045,0.06444325,0.09357971,0.076416634,0.26867074,-0.011973381
238,0.49568364,0.068710156,0.112561114,0.08494136,0.38312253,-0.016231202
239,0.56013197,0.13432643,0.15022275,0.105997704,0.40990922,0.028328724
240,0.76390535,0.15366158,0.22199905,0.16359784,0.5419063,-0.009936258
241,0.44665736,0.09234849,0.11497074,0.08381125,0.33168662,0.00853724
242,0.4531947,0.124202445,0.13586956,0.10626221,0.31732515,0.017940238
243,0.55676335,0.09022603,0.13548808,0.096990414,0.42127526,-0.006764382
244,0.58607286,0.070891246,0.17580529,0.101565965,0.4102676,-0.030674718
245,0.3770318,0.06941643,0.08771992,0.066023745,0.2893119,0.003392689
246,0.5518757,0.02493512,0.05290266,0.040095802,0.49897304,-0.015160682
247,0.42300895,0.07116253,0.08701448,0.06405035,0.33599448,0.0071121827
248,0.43489787,0.06466104,0.081510484,0.0593184,0.3533874,0.00534264
249,0.47079366,0.062037203,0.10064189,0.06885843,0.37015176,-0.0068212263
250,0.3704889,0.083255336,0.0978944,0.0752654,0.2725945,0.007989936
251,0.43992144,0.03221632,0.09959295,0.062221207,0.34032848,-0.030004885
252,0.4777592,0.060761213,0.08003956,0.05983116,0.39771965,0.00093005225
253,0.40684187,0.091551736,0.08301356,0.05780879,0.3238283,0.033742946
254,0.39779523,0.12356124,0.14422977,0.099027045,0.25356546,0.024534196
255,0.4101782,0.10859745,0.09197749,0.067705326,0.3182007,0.040892124
256,0.40276465,0.06512467,0.09993391,0.077479854,0.30283076,-0.012355186
257,0.47564816,0.071864784,0.09988894,0.06786054,0.3757592,0.0040042475
258,0.64726007,0.08809852,0.11025973,0.0804562,0.53700036,0.0076423213
259,0.29777113,0.08356117,0.075802915,0.058908332,0.2219682,0.024652835
260,0.50345796,0.08177905,0.09392639,0.06641065,0.40953156,0.015368395
261,0.37131983,0.085225075,0.1108376,0.08382086,0.26048222,0.0014042184
262,0.4534442,0.066282555,0.10183586,0.07810631,0.35160834,-0.011823751
263,0.49625182,0.14167088,0.17215295,0.14098273,0.32409889,0.0006881505
264,0.54105467,0.075158514,0.115378246,0.07036877,0.4256764,0.0047897473
265,0.51291776,0.070656024,0.0881255,0.06556573,0.42479226,0.0050902963
266,0.43647102,0.101793036,0.1160326,0.082297236,0.3204384,0.0194958
267,0.5466174,0.08296398,0.10754736,0.07743306,0.43907005,0.0055309236
268,0.5583632,0.053266183,0.062074743,0.03842296,0.49628845,0.014843222
269,0.35840234,0.097453006,0.105472386,0.07754487,0.25292996,0.019908138
270,0.58635646,0.16668825,0.2283426,0.1733775,0.35801387,-0.0066892505
271,0.40607494,0.10455584,0.089634456,0.06639648,0.3164405,0.038159356
272,0.39808026,0.09107308,0.085299276,0.06604052,0.31278098,0.025032558
273,0.43495622,0.063029654,0.08625206,0.062336292,0.34870416,0.0006933622
274,0.28015205,0.045217473,0.050581034,0.03722777,0.22957101,0.007989705
275,0.44113076,0.082498856,0.10850453,0.07803506,0.33262622,0.0044637993
276,0.53159404,0.09122789,0.16024846,0.105674766,0.37134558,-0.014446877
277,0.38877773,0.06957956,0.08140716,0.057503168,0.30737057,0.012076389
278,0.5404275,0.07887526,0.10569057,0.07606736,0.43473694,0.0028079003
279,0.50688803,0.15260099,0.14113669,0.099216096,0.36575133,0.053384893
280,0.43150452,0.066548176,0.07310283,0.047269586,0.3584017,0.01927859
281,0.5633281,0.07966102,0.13766943,0.09394451,0.42565864,-0.014283493
282,0.47654432,0.0916861,0.106265955,0.07780122,0.37027836,0.01388488
283,0.3817859,0.0554285,0.11813623,0.07730586,0.26364967,-0.02187736
284,0.49987257,0.059496418,0.082603484,0.059143882,0.41726908,0.0003525354
285,0.38257417,0.06473222,0.08987672,0.06461199,0.29269746,0.00012023002
286,0.4014228,0.049692135,0.094213046,0.06501144,0.30720976,-0.015319306
287,0.44416198,0.1030182,0.1077529,0.07625512,0.3364091,0.026763082
288,0.6189062,0.12410343,0.17523298,0.12891941,0.44367322,-0.004815981
289,0.37534094,0.1242395,0.074842714,0.05108038,0.30049822,0.07315911
290,0.5644261,0.11122011,0.14468536,0.10386938,0.41974077,0.007350728
291,0.42509928,0.04622027,0.07866871,0.05319163,0.34643057,-0.0069713593
292,0.54376525,0.08442944,0.11777215,0.08049666,0.42599308,0.0039327815
293,0.39753628,0.04047098,0.083949596,0.056725807,0.31358668,-0.016254827
294,0.3973307,0.08108694,0.12314905,0.084034115,0.27418166,-0.002947174
295,0.38792387,0.07967139,0.085722424,0.06385422,0.30220145,0.015817173
296,0.3431647,0.03296053,0.065281674,0.041910343,0.27788305,-0.0089498125
297,0.46804658,0.00443414,0.03590076,0.021905798,0.4321458,-0.017471658
298,0.4888526,0.050869033,0.080754235,0.054484487,0.40809834,-0.0036154538
299,0.42598224,0.08196621,0.10310106,0.07223592,0.32288116,0.009730287
300,0.5080069,0.11672068,0.13945724,0.10850526,0.36854964,0.00821542
301,0.40665093,0.07164215,0.10849582,0.07839033,0.29815513,-0.006748177
302,0.40846315,0.124719046,0.15567075,0.12244324,0.25279242,0.0022758096
303,0.30114233,0.07191606,0.09031452,0.06178052,0.21082781,0.010135539
304,0.45412022,0.068712726,0.091146596,0.068368815,0.36297363,0.00034391135
305,0.53352445,0.06842745,0.104651555,0.07470289,0.42887288,-0.006275438
306,0.72826284,0.18388037,0.26969174,0.19040237,0.4585711,-0.006522
307,0.4779445,0.05714878,0.088579044,0.06523137,0.38936543,-0.008082587
308,0.5685747,0.0879204,0.12182921,0.08962224,0.4467455,-0.0017018393
309,0.5413561,0.08105868,0.12210148,0.088963956,0.4192546,-0.007905275
310,0.48352563,0.061592005,0.08201164,0.059166893,0.401514,0.0024251118
311,0.46503794,0.08606286,0.11315361,0.07192732,0.35188434,0.014135547
312,0.3389217,0.09019459,0.11211999,0.086076215,0.22680171,0.0041183755
313,0.41793463,0.082240105,0.07708672,0.059577193,0.3408479,0.022662912
314,0.39666966,0.08369538,0.1074165,0.07660104,0.28925315,0.0070943385
315,0.36382517,0.14359117,0.08238363,0.062354185,0.28144154,0.08123698
316,0.5603088,0.12034619,0.16960423,0.122623965,0.39070457,-0.0022777766
317,0.39292207,0.055500645,0.06754526,0.048042227,0.3253768,0.0074584186
318,0.5522073,0.12060425,0.1193189,0.08891652,0.4328884,0.03168773
319,0.45121905,0.06931359,0.101264305,0.07101143,0.34995475,-0.0016978383
320,0.54771537,0.08352218,0.12895064,0.07872498,0.4187647,0.004797198
321,0.46478546,0.07587578,0.0761564,0.051263083,0.38862905,0.024612699
322,0.4562624,0.08243101,0.111527555,0.08026591,0.34473485,0.0021651015
323,0.55134034,0.047104962,0.08080144,0.06090288,0.4705389,-0.0137979165
324,0.4861212,0.09493618,0.13538745,0.09285975,0.35073376,0.0020764247
325,0.35707662,0.0558815,0.08582179,0.06156651,0.27125484,-0.005685009
326,0.58926314,0.080069914,0.1099407,0.070804484,0.47932243,0.00926543
327,0.44301492,0.0678247,0.114825875,0.07472672,0.32818905,-0.006902024
328,0.66396594,0.113084294,0.15326394,0.10714746,0.510702,0.0059368312
329,0.4406099,0.0966637,0.12989122,0.099963084,0.3107187,-0.0032993853
330,0.4653296,0.05710947,0.0802322,0.053775102,0.38509738,0.0033343695
331,0.5535923,0.09735621,0.13873456,0.086532466,0.41485775,0.010823742
332,0.49068332,0.068612725,0.103205964,0.076233245,0.38747734,-0.007620521
333,0.609938,0.16759183,0.14665265,0.10589108,0.4632854,0.061700746
334,0.47198647,0.0800206,0.11313848,0.08696439,0.35884798,-0.006943792
335,0.48318022,0.048477463,0.07349792,0.048698407,0.4096823,-0.00022094324
336,0.4967474,0.06299748,0.100756146,0.07190183,0.39599127,-0.008904345
337,0.39917856,0.02107705,0.0906261,0.057884816,0.30855247,-0.036807768
338,0.30227074,0.033303622,0.068732336,0.04146744,0.2335384,-0.008163817
339,0.4028852,0.08547947,0.096313804,0.06728819,0.3065714,0.018191278
340,0.3515377,0.040290527,0.07637309,0.044567596,0.2751646,-0.004277069
341,0.40354997,0.07644059,0.09273811,0.061036024,0.31081188,0.015404563
342,0.30419254,0.08138312,0.11018324,0.080388,0.1940093,0.0009951144
343,0.538008,0.09406226,0.111567155,0.07879401,0.42644083,0.015268251
344,0.46288535,0.09671316,0.10986765,0.08104656,0.3530177,0.015666604
345,0.43765303,0.06513227,0.1079964,0.07057789,0.32965663,-0.005445622
346,0.44627407,0.055901702,0.08273218,0.05882331,0.3635419,-0.0029216073
347,0.43165377,0.08015462,0.10404392,0.062921464,0.32760984,0.017233156
348,0.442928,0.10541498,0.1476192,0.105337344,0.29530877,7.763505e-05
349,0.6682763,0.13901839,0.17545885,0.12942736,0.49281746,0.009591028
350,0.38488424,0.103642814,0.10700865,0.0805495,0.2778756,0.023093313
351,0.3820523,0.08690116,0.09301543,0.06427616,0.28903687,0.022625
352,0.55628103,0.028347373,0.04209193,0.025306463,0.5141891,0.0030409098
353,0.4863835,0.13017012,0.1434466,0.09837638,0.3429369,0.031793743
354,0.34797063,0.08448785,0.11535861,0.07640184,0.23261201,0.008086011
355,0.4636198,0.14023587,0.08819478,0.061690293,0.375425,0.07854558
356,0.40020272,0.07906118,0.074005425,0.055767942,0.3261973,0.023293238
357,0.52171665,0.058242884,0.08747754,0.06138929,0.43423912,-0.0031464063
358,0.34698647,0.044852935,0.08987918,0.05871799,0.2571073,-0.013865054
359,0.4630071,0.05980752,0.0768523,0.057203546,0.3861548,0.0026039742
360,0.44720837,0.068679415,0.09824452,0.07077735,0.34896386,-0.0020979345
361,0.4327494,0.059879553,0.08609238,0.060356017,0.346657,-0.00047646463
362,0.59841526,0.13013725,0.14113098,0.100536756,0.45728427,0.029600494
363,0.4973201,0.06549093,0.10240741,0.071183145,0.39491266,-0.005692214
364,0.41378933,0.05671198,0.08432745,0.060510226,0.32946187,-0.0037982464
365,0.41199598,0.0644438,0.091495655,0.065379746,0.3205003,-0.0009359494
366,0.50075185,0.088509806,0.11059949,0.075629406,0.39015236,0.0128804
367,0.47465107,0.1313176,0.16994996,0.122463465,0.3047011,0.008854136
368,0.36581331,0.0526804,0.0772186,0.054375757,0.28859472,-0.0016953573
369,0.38425988,0.08882268,0.11065364,0.07884174,0.27360624,0.009980939
370,0.5080544,0.05917319,0.105385154,0.07476785,0.40266922,-0.015594661
371,0.39113924,0.07572004,0.08518825,0.060960434,0.305951,0.014759608
372,0.5406333,0.109530754,0.13595283,0.095544726,0.4046805,0.013986029
373,0.46366468,0.050419327,0.078719184,0.05734422,0.3849455,-0.0069248937
374,0.6062777,0.16128553,0.19066422,0.14063962,0.41561347,0.020645916
375,0.55391544,0.06434516,0.113993,0.07777387,0.43992245,-0.01342871
376,0.32881922,0.055552483,0.08707967,0.056821834,0.24173954,-0.0012693517
377,0.28327957,0.05249676,0.090240374,0.056514267,0.1930392,-0.004017506
378,0.5428503,0.066559516,0.107135035,0.07559197,0.4357153,-0.009032451
379,0.55302966,0.09593971,0.12830801,0.09055978,0.42472166,0.00537993
380,0.39210954,0.08834531,0.114254005,0.07564484,0.27785555,0.012700468
381,0.4136649,0.0757595,0.092207216,0.062327195,0.32145768,0.013432305
382,0.4709609,0.045769002,0.07156114,0.051744293,0.39939976,-0.005975291
383,0.55040896,0.1065351,0.117798045,0.084004134,0.43261093,0.022530966
384,0.4944964,0.06477952,0.09772007,0.071432084,0.39677632,-0.006652564
385,0.5306615,0.09937459,0.10811732,0.07562408,0.4225442,0.023750514
386,0.36576822,0.0773475,0.09200206,0.072874054,0.27376616,0.004473448
387,0.36932477,0.039727043,0.06638507,0.049205545,0.3029397,-0.009478502
388,0.480396,0.10615212,0.108881675,0.07077296,0.37151432,0.035379156
389,0.56437,0.1113713,0.13578488,0.10348027,0.4285851,0.007891029
390,0.43345812,0.102687605,0.100691386,0.07802771,0.33276674,0.024659894
391,0.51272005,0.05439791,0.11005187,0.073732994,0.40266818,-0.019335084
392,0.5325337,0.10589771,0.11594463,0.08916757,0.41658908,0.016730137
393,0.41513115,0.043709185,0.08739404,0.06112782,0.32773712,-0.017418634
394,0.57398474,0.07962173,0.104937926,0.07327899,0.46904683,0.006342739
395,0.505935,0.080954336,0.08302481,0.064298466,0.4229102,0.01665587
396,0.6500593,0.09433365,0.13933095,0.09951168,0.51072836,-0.0051780343
397,0.4286818,0.07936557,0.09234192,0.07093504,0.33633986,0.008430526
398,0.48862746,0.09807294,0.10849264,0.072728544,0.38013482,0.025344394
399,0.41660616,0.12636872,0.114894725,0.08145653,0.30171144,0.04491219
400,0.25458091,0.034029122,0.058721047,0.03987959,0.19585986,-0.005850468
401,0.3952663,0.07908696,0.08069958,0.054805283,0.31456673,0.024281677
402,0.52682596,0.09766457,0.11239971,0.08440468,0.41442627,0.013259895
403,0.4782869,0.054597076,0.0898433,0.06405827,0.3884436,-0.009461191
404,0.345776,0.09447729,0.11590231,0.08505368,0.22987369,0.009423606
405,0.47724515,0.11031169,0.13511615,0.09649689,0.342129,0.0138147995
406,0.43870834,0.08370505,0.109508544,0.08135848,0.3291998,0.0023465753
407,0.35983548,0.06321028,0.08587432,0.064682856,0.27396116,-0.0014725775
408,0.3999905,0.08007783,0.09333447,0.066508114,0.30665603,0.013569713
409,0.47295165,0.13663581,0.13814035,0.100257196,0.3348113,0.036378615
410,0.42842752,0.089992754,0.12213523,0.08388063,0.3062923,0.006112121
411,0.5708513,0.10769098,0.15089394,0.10688901,0.4199574,0.00080197304
412,0.28139767,0.059474047,0.0694505,0.048883554,0.21194717,0.010590494
413,0.44957796,0.048864167,0.068783276,0.0486455,0.38079467,0.00021866709
414,0.52063775,0.057479296,0.11002929,0.07546131,0.41060847,-0.017982017
415,0.7010684,0.09696833,0.17576574,0.11800172,0.52530265,-0.021033391
416,0.34552327,0.073113985,0.13615422,0.09837753,0.20936905,-0.025263548
417,0.53602844,0.07920341,0.09862388,0.070062935,0.43740457,0.009140477
418,0.53532404,0.076298244,0.09691773,0.064679265,0.4384063,0.011618979
419,0.3672601,0.053616066,0.069392115,0.051958848,0.29786798,0.0016572177
420,0.4802335,0.116313875,0.13393925,0.10036345,0.34629422,0.015950426
421,0.42369562,0.088586174,0.09871077,0.07758172,0.32498485,0.011004455
422,0.44781795,0.06199814,0.12087074,0.078463726,0.3269472,-0.016465586
423,0.47915888,0.1319201,0.1517514,0.10977428,0.32740748,0.022145823
424,0.46482626,0.08291149,0.08518603,0.05896168,0.37964022,0.023949813
425,0.38471296,0.06867461,0.06663947,0.05298906,0.3180735,0.01568555
426,0.418263,0.10382332,0.14523375,0.106775135,0.27302924,-0.0029518157
427,0.4087284,0.101339765,0.11742904,0.09087961,0.29129934,0.010460153
428,0.54187155,0.05215013,0.08064092,0.049236506,0.46123064,0.002913624
429,0.47616997,0.06848998,0.091863655,0.0628575,0.3843063,0.0056324825
430,0.55195445,0.12445208,0.17341714,0.117684774,0.3785373,0.0067673028
431,0.5122153,0.07838534,0.10836319,0.074936226,0.40385213,0.0034491122
432,0.45516467,0.062107667,0.10917221,0.07794561,0.34599245,-0.015837945
433,0.549993,0.090327054,0.1412156,0.100796126,0.4087774,-0.010469072
434,0.5519929,0.11314373,0.14822692,0.109484196,0.40376598,0.0036595315
435,0.46534824,0.10086391,0.10063531,0.071194135,0.36471292,0.029669777
436,0.4254415,0.109027304,0.14142346,0.10363457,0.28401804,0.0053927302
437,0.4777228,0.062204927,0.0963993,0.07014099,0.3813235,-0.00793606
438,0.24107838,0.020434849,0.02410457,0.016462779,0.21697381,0.0039720703
439,0.5103705,0.09441713,0.11613699,0.08281074,0.3942335,0.011606395
440,0.4892947,0.07121677,0.09574135,0.060813032,0.39355338,0.010403737
441,0.31676587,0.08171269,0.09576311,0.071694255,0.22100276,0.010018438
442,0.33018896,0.04430565,0.066170305,0.04304774,0.26401865,0.0012579076
443,0.469512,0.068631805,0.12964292,0.09069655,0.33986908,-0.022064745
444,0.5064708,0.11701135,0.17557912,0.113622144,0.33089167,0.0033892095
445,0.5924652,0.09930054,0.15050904,0.100084245,0.44195616,-0.0007837042
446,0.45029405,0.08343086,0.05676894,0.041157886,0.39352512,0.04227297
447,0.39129204,0.0663342,0.109608434,0.07634853,0.2816836,-0.010014325
448,0.35783845,0.06879997,0.08411999,0.061697308,0.27371848,0.0071026646
449,0.40858892,0.07997666,0.087906934,0.07012411,0.320682,0.009852551
450,0.3460286,0.05026021,0.06792304,0.047638856,0.27810556,0.0026213527
451,0.50384676,0.119745485,0.13221055,0.095871925,0.3716362,0.02387356
452,0.4653797,0.0668167,0.101567894,0.0671286,0.3638118,-0.0003118962
453,0.5240207,0.07653905,0.12335842,0.08708994,0.40066224,-0.010550894
454,0.5290193,0.084675126,0.111708686,0.07706721,0.4173106,0.0076079145
455,0.36975586,0.037359007,0.06332105,0.043156244,0.3064348,-0.005797237
456,0.40755075,0.10550778,0.13378221,0.095031366,0.27376854,0.010476418
457,0.4624222,0.06584226,0.09450591,0.06852282,0.3679163,-0.002680555
458,0.43061247,0.04422267,0.07988479,0.05637159,0.35072768,-0.012148917
459,0.5559361,0.10358219,0.13542117,0.0923619,0.42051494,0.011220291
460,0.43655455,0.049867384,0.08942223,0.06431893,0.34713233,-0.014451548
461,0.4819667,0.050299678,0.09911814,0.07387162,0.38284856,-0.023571942
462,0.46869582,0.041381873,0.070891626,0.048611093,0.3978042,-0.00722922
463,0.4537984,0.09505362,0.123911664,0.08400511,0.32988673,0.011048511
464,0.47145027,0.10615089,0.13686894,0.09982059,0.33458132,0.0063302964
465,0.4751427,0.11246452,0.12631772,0.10325647,0.34882498,0.009208046
466,0.47225818,0.13795412,0.11270413,0.08571612,0.35955405,0.052237995
467,0.42700177,0.08240127,0.09512102,0.06410244,0.33188075,0.018298827
468,0.5001089,0.07857919,0.112932436,0.07905203,0.38717645,-0.00047284365
469,0.4558358,0.04909398,0.09961652,0.07417957,0.35621926,-0.025085587
470,0.50797683,0.046075717,0.09001323,0.060634702,0.4179636,-0.014558986
471,0.43155286,0.074938424,0.115184516,0.08562211,0.31636834,-0.010683686
472,0.42070407,0.101889074,0.09501488,0.06363296,0.3256892,0.038256116
473,0.5490346,0.044951428,0.090793364,0.06370042,0.45824122,-0.018748995
474,0.57800585,0.10047825,0.13363093,0.09606954,0.44437492,0.0044087097
475,0.55268544,0.08491009,0.13215914,0.09398575,0.4205263,-0.009075664
476,0.48351797,0.07304063,0.08207388,0.056770906,0.40144408,0.016269721
477,0.49211112,0.07345205,0.089578606,0.06418048,0.40253252,0.00927157
478,0.64115,0.03756751,0.071077414,0.04600476,0.5700726,-0.00843725
479,0.52717847,0.15688348,0.18344837,0.14347959,0.3437301,0.0134038925
480,0.4171385,0.052287534,0.06389094,0.04841781,0.35324755,0.0038697235
481,0.5232979,0.09373816,0.14446868,0.09382374,0.37882924,-8.557737e-05
482,0.40119082,0.09164002,0.09584302,0.069006555,0.3053478,0.022633463
483,0.43891487,0.06946433,0.117735185,0.0875336,0.3211797,-0.018069267
484,0.512887,0.112102374,0.13758574,0.09837962,0.37530124,0.013722755
485,0.39047277,0.055140946,0.08486258,0.055373598,0.30561018,-0.00023265183
486,0.34241045,0.06791285,0.08843449,0.056410242,0.25397596,0.011502605
487,0.63536054,0.031735033,0.05636488,0.037261885,0.57899565,-0.005526852
488,0.4848537,0.044496167,0.10202343,0.07166141,0.3828303,-0.027165245
489,0.52047354,0.07349793,0.09454876,0.060971126,0.42592478,0.012526803
490,0.48593158,0.08738925,0.12254954,0.08868363,0.36338204,-0.0012943745
491,0.3574468,0.06355753,0.09063888,0.061335135,0.2668079,0.0022223927
492,0.34669545,0.079709694,0.094416246,0.07621963,0.25227922,0.0034900606
493,0.30562186,0.061150905,0.0723267,0.052651282,0.23329517,0.008499622
494,0.5305784,0.08266805,0.10933897,0.08150693,0.4212394,0.0011611208
495,0.4624905,0.052397314,0.09084835,0.059907936,0.37164214,-0.007510621
496,0.39891776,0.038079306,0.05729062,0.03950596,0.34162715,-0.0014266521
497,0.57215047,0.06787965,0.14708596,0.095427714,0.4250645,-0.027548067
498,0.54659903,0.09395498,0.12462544,0.085950114,0.4219736,0.008004867
499,0.34163484,0.041601673,0.057096723,0.040314894,0.28453812,0.0012867786
500,0.36788297,0.07254325,0.07638337,0.054689545,0.2914996,0.017853703
501,0.42329234,0.065069616,0.08584952,0.06355466,0.33744282,0.0015149564
502,0.46404573,0.07958144,0.09649615,0.072426975,0.3675496,0.0071544647
503,0.38973668,0.054222632,0.07259317,0.048983943,0.3171435,0.0052386895
504,0.41760018,0.117911674,0.12976895,0.093804054,0.28783125,0.02410762
505,0.32047835,0.11819327,0.11874895,0.08724785,0.2017294,0.03094542
506,0.296399,0.069235176,0.078626595,0.056823276,0.2177724,0.0124119
507,0.47243586,0.12707038,0.093638174,0.060123984,0.37879768,0.0669464
508,0.48493224,0.08729688,0.08887658,0.058109373,0.39605567,0.029187508
509,0.43443877,0.0470298,0.10292965,0.06339556,0.3315091,-0.01636576
510,0.3928834,0.061025433,0.08262433,0.058428306,0.31025904,0.002597127
511,0.4424093,0.079731114,0.11234084,0.07252579,0.33006847,0.0072053224
512,0.3982279,0.063284256,0.09581112,0.07447434,0.30241677,-0.011190087
513,0.4075943,0.104765624,0.13095261,0.09661844,0.27664167,0.0081471875
514,0.5579674,0.16189764,0.16093422,0.12749636,0.3970332,0.034401283
515,0.52139735,0.07460172,0.09771018,0.07607955,0.42368716,-0.0014778301
516,0.43069112,0.07163871,0.09267753,0.06600875,0.3380136,0.005629964
517,0.4417316,0.10244954,0.13680065,0.08284025,0.30493096,0.019609287
518,0.570298,0.085519284,0.090923995,0.06731556,0.47937402,0.01820372
519,0.5017097,0.016093396,0.04393245,0.027688526,0.45777726,-0.01159513
520,0.4551217,0.065453574,0.09514164,0.067394175,0.35998005,-0.0019406006
521,0.4628525,0.06266884,0.092142195,0.060074035,0.3707103,0.0025948025
522,0.60734457,0.105598465,0.13616979,0.09660663,0.47117478,0.0089918375
523,0.318579,0.06518897,0.07715501,0.057909504,0.24142398,0.007279463
524,0.4131122,0.05337538,0.096874006,0.07121233,0.3162382,-0.01783695
525,0.46837568,0.06554815,0.1140818,0.07540604,0.35429388,-0.009857886
526,0.41114178,0.06721653,0.07897242,0.05666384,0.33216935,0.010552689
527,0.5064541,0.09333368,0.13092443,0.09763613,0.37552968,-0.004302457
528,0.4291375,0.07674163,0.090207666,0.063931495,0.33892983,0.012810133
529,0.52807015,0.10939908,0.15174569,0.105364725,0.37632447,0.0040343553
530,0.49983075,0.09618628,0.1402036,0.09726725,0.35962716,-0.0010809675
531,0.49287742,0.102305815,0.12504213,0.098321296,0.36783528,0.0039845183
532,0.41601408,0.058808275,0.09156078,0.06727618,0.3244533,-0.008467905
533,0.5220691,0.10469849,0.15236914,0.10422529,0.36969995,0.00047319382
534,0.8823486,0.07995365,0.14986734,0.08996705,0.73248124,-0.0100134015
535,0.4200168,0.08117741,0.11112761,0.07948905,0.30888918,0.0016883612
536,0.5012143,0.07329374,0.10683732,0.07735705,0.394377,-0.0040633082
537,0.45216078,0.05910015,0.092876986,0.06496206,0.3592838,-0.005861908
538,0.40499303,0.07346792,0.12717134,0.09271672,0.2778217,-0.019248806
539,0.44753176,0.051385734,0.059133086,0.043867525,0.38839868,0.0075182095
540,0.46966726,0.05256518,0.07430224,0.04936784,0.395365,0.0031973384
541,0.5721511,0.12025395,0.1767829,0.12404884,0.39536822,-0.0037948862
542,0.39986908,0.11080252,0.123716615,0.08272648,0.27615246,0.028076038
543,0.7304918,0.04586114,0.07054847,0.0498231,0.65994334,-0.0039619617
544,0.4454218,0.10481024,0.13983132,0.09512352,0.30559045,0.009686716
545,0.49207127,0.082915105,0.10652824,0.068149745,0.38554305,0.014765359
546,0.42474735,0.062414292,0.08016358,0.051638618,0.34458375,0.010775674
547,0.44658342,0.08304658,0.10502119,0.07847443,0.3415622,0.0045721456
548,0.41246247,0.06790851,0.099735364,0.06612206,0.3127271,0.0017864481
549,0.47754213,0.0633825,0.11838393,0.0853044,0.35915822,-0.021921903
550,0.58613926,0.010373692,0.047187373,0.02419911,0.5389519,-0.0138254175
551,0.4497881,0.080828704,0.09961108,0.05929297,0.35017702,0.021535736
552,0.48093802,0.068813466,0.110485986,0.07125898,0.37045205,-0.0024455115
553,0.5332593,0.0495877,0.09768202,0.068856634,0.43557724,-0.019268934
554,0.575239,0.10226259,0.12080551,0.09041566,0.4544335,0.01184693
555,0.5957531,0.20120743,0.22281557,0.16765301,0.3729375,0.03355442
556,0.40569228,0.09888523,0.10985825,0.085838884,0.29583403,0.013046347
557,0.2973642,0.06580381,0.0656114,0.045419592,0.23175281,0.020384219
558,0.49170774,0.11154901,0.13296027,0.09865847,0.35874748,0.01289054
559,0.41973114,0.049331408,0.07129645,0.052793756,0.3484347,-0.0034623481
560,0.5060141,0.11459497,0.1477772,0.10810718,0.3582369,0.006487794
561,0.43257466,0.079672545,0.09950693,0.069296084,0.33306772,0.010376461
562,0.37924072,0.07051692,0.10237528,0.06974151,0.27686545,0.0007754117
563,0.58002836,0.08519104,0.12715152,0.10273021,0.45287684,-0.017539166
564,0.35443825,0.083276905,0.08062554,0.0543015,0.2738127,0.028975405
565,0.4472461,0.08650344,0.11685164,0.07618782,0.33039445,0.010315619
566,0.38696474,0.09725293,0.110879034,0.08211586,0.2760857,0.015137069
567,0.50996214,0.10201921,0.12211554,0.090910204,0.3878466,0.011109009
568,0.5708831,0.078993976,0.12147351,0.08346891,0.44940957,-0.0044749305
569,0.51665294,0.052526727,0.07655161,0.05897214,0.44010133,-0.0064454116
570,0.43351743,0.099274315,0.066332676,0.04759874,0.36718476,0.051675577
571,0.49524787,0.09892386,0.13260071,0.09100556,0.36264718,0.007918306
572,0.42941046,0.10922284,0.0890941,0.062120263,0.34031636,0.047102574
573,0.36675254,0.05431474,0.083483055,0.06160164,0.28326946,-0.007286899
574,0.45880547,0.099144645,0.12970556,0.09545578,0.3290999,0.0036888644
575,0.43193957,0.046625923,0.06798086,0.04599823,0.36395872,0.0006276928
576,0.35546613,0.036490336,0.07197417,0.046803746,0.28349197,-0.01031341
577,0.44837737,0.07030629,0.09768858,0.0683906,0.3506888,0.0019156933
578,0.3563337,0.059882216,0.07073522,0.055913027,0.2855985,0.003969189
579,0.67484,0.046311185,0.087933876,0.059845585,0.5869061,-0.013534401
580,0.54630744,0.057868563,0.088324316,0.058931384,0.45798314,-0.0010628216
581,0.41423723,0.07205961,0.09189497,0.06742378,0.32234228,0.0046358258
582,0.3767153,0.08608598,0.099813804,0.07256816,0.27690148,0.013517819
583,0.5445601,0.10584229,0.11521073,0.09213552,0.42934936,0.0137067735
584,0.42578432,0.08852955,0.10142192,0.075764045,0.3243624,0.012765504
585,0.5140169,0.14555651,0.1804148,0.13552694,0.33360213,0.010029569
586,0.4736792,0.06617615,0.101411104,0.074438,0.3722681,-0.0082618445
587,0.5186341,0.12826082,0.14907438,0.10351866,0.3695597,0.024742164
588,0.4944747,0.09797985,0.1312527,0.090779565,0.363222,0.007200286
589,0.473831,0.07990304,0.11013498,0.07076889,0.363696,0.009134144
590,0.4754731,0.09399801,0.082154006,0.057846088,0.3933191,0.03615192
591,0.46611694,0.05288944,0.104906976,0.07374194,0.36120996,-0.020852502
592,0.48753268,0.07776453,0.11388659,0.0849575,0.37364608,-0.0071929693
593,0.47539243,0.037568625,0.05650984,0.03572531,0.41888258,0.0018433146
594,0.394689,0.08024269,0.08409504,0.061771616,0.31059396,0.018471077
595,0.57589614,0.08985842,0.11949601,0.08255765,0.45640013,0.007300772
596,0.49895096,0.08274917,0.13966142,0.09769103,0.35928953,-0.014941856
597,0.6269492,0.027508594,0.044406023,0.02912112,0.5825432,-0.0016125254
598,0.47729295,0.08843408,0.11874246,0.08432313,0.3585505,0.0041109473
599,0.35442588,0.045403507,0.05965953,0.04580152,0.29476634,-0.00039801374
600,0.5446421,0.048632707,0.12508914,0.07965782,0.41955295,-0.031025115
601,0.41668114,0.088867806,0.09215981,0.06658783,0.32452133,0.022279978
602,0.39099294,0.057610516,0.09889142,0.07306826,0.2921015,-0.015457746
603,0.51426244,0.02705242,0.06493547,0.041354112,0.44932696,-0.014301693
604,0.5131209,0.07069701,0.11370553,0.0818369,0.39941537,-0.011139892
605,0.36829552,0.0785689,0.0933753,0.07280184,0.27492023,0.005767055
606,0.5527734,0.08677143,0.15518689,0.109338686,0.39758652,-0.022567257
607,0.30086726,0.038922716,0.05734254,0.042040706,0.24352472,-0.0031179897
608,0.45776466,0.06298514,0.08778377,0.058518235,0.36998087,0.0044669025
609,0.4032392,0.105574064,0.12603778,0.10618244,0.2772014,-0.00060837716
610,0.48424056,0.09952638,0.15099473,0.101124585,0.3332458,-0.0015982017
611,0.4000528,0.05707154,0.07831939,0.05625161,0.3217334,0.00081992894
612,0.43439603,0.083663374,0.10623444,0.0768374,0.3281616,0.006825976
613,0.33833534,0.0871167,0.09121585,0.068188936,0.24711949,0.018927768
614,0.37394726,0.06711785,0.07436524,0.052107975,0.299582,0.015009873
615,0.45418525,0.08347402,0.11082095,0.07552972,0.3433643,0.007944301
616,0.49443394,0.09333252,0.10007191,0.075636186,0.39436203,0.017696336
617,0.2877944,0.035646982,0.05019338,0.039003577,0.23760103,-0.0033565946
618,0.4622501,0.06347043,0.094980136,0.06625398,0.36727,-0.0027835518
619,0.4505642,0.057276025,0.093749836,0.06162047,0.35681438,-0.0043444447
620,0.46368214,0.08688097,0.10504838,0.076118805,0.35863376,0.0107621625
621,0.5751741,0.08045658,0.1165202,0.08717779,0.4586539,-0.0067212135
622,0.47843015,0.070601925,0.13651682,0.09016473,0.34191334,-0.019562803
623,0.57885915,0.09883875,0.12142458,0.08692703,0.45743456,0.01191172
624,0.45999798,0.06531659,0.08424527,0.060791,0.37575272,0.004525587
625,0.39185557,0.08263633,0.11732315,0.08936051,0.2745324,-0.0067241862
626,0.6356149,0.12846622,0.16027097,0.121405475,0.47534388,0.007060744
627,0.49102837,0.06990466,0.10088897,0.07706247,0.3901394,-0.00715781
628,0.3351971,0.026045896,0.0544867,0.03587862,0.2807104,-0.009832725
629,0.3146388,0.0443244,0.062151466,0.044404153,0.25248733,-7.9751015e-05
630,0.43144307,0.047195505,0.08233408,0.057121385,0.349109,-0.00992588
631,0.62176275,0.021770926,0.03678218,0.026564572,0.58498055,-0.004793646
632,0.39788234,0.06594781,0.087593734,0.06659892,0.3102886,-0.0006511137
633,0.39075738,0.046090472,0.071039215,0.047090687,0.31971818,-0.0010002144
634,0.35592675,0.03605964,0.053430285,0.03991426,0.30249646,-0.0038546212
635,0.5138751,0.09297371,0.10848178,0.0762852,0.40539336,0.01668851
636,0.48474807,0.069645576,0.11003525,0.081596464,0.37471282,-0.011950888
637,0.45110276,0.08011666,0.11250482,0.07895007,0.33859795,0.0011665896
638,0.49447924,0.03230113,0.03980671,0.029033884,0.45467252,0.0032672472
639,0.42311907,0.08635298,0.111271165,0.080823824,0.3118479,0.005529158
640,0.5213214,0.12664281,0.13823491,0.10466362,0.3830865,0.02197919
641,0.42646146,0.071583256,0.093974285,0.06599718,0.33248717,0.005586073
642,0.43771183,0.11960019,0.10636509,0.08284493,0.33134675,0.036755264
643,0.48079234,0.07339871,0.15058948,0.09250786,0.33020288,-0.019109152
644,0.48102164,0.06936786,0.10237009,0.07710381,0.37865156,-0.0077359453
645,0.27746725,0.06498305,0.07086811,0.053210918,0.20659915,0.01177213
646,0.48766196,0.06423834,0.09922325,0.070343085,0.3884387,-0.006104745
647,0.39922827,0.073184125,0.096994355,0.06560795,0.30223393,0.007576175
648,0.38858655,0.0839355,0.07572863,0.0584185,0.31285793,0.025516998
649,0.4582056,0.08521938,0.083921626,0.063777156,0.37428397,0.021442227
650,0.38618603,0.066966355,0.06955563,0.051661648,0.3166304,0.015304707
651,0.3355638,0.0623597,0.08322833,0.054124665,0.2523355,0.008235037
652,0.4014776,0.08572057,0.10572911,0.07506228,0.2957485,0.0106582865
653,0.535332,0.11139258,0.13766849,0.102572344,0.39766353,0.008820236
654,0.35574645,0.07452622,0.068929784,0.051749755,0.28681666,0.022776466
655,0.48355478,0.07386508,0.12232368,0.08423343,0.3612311,-0.010368355
656,0.52174896,0.07446753,0.08532065,0.060842246,0.4364283,0.0136252865
657,0.29844618,0.04811732,0.0599748,0.04326142,0.23847137,0.004855901
658,0.6553042,0.017716901,0.047844466,0.028788261,0.6074597,-0.01107136
659,0.51004905,0.06758276,0.09971475,0.06820861,0.4103343,-0.0006258562
660,0.43096003,0.08502763,0.077374734,0.058991455,0.3535853,0.026036173
661,0.44680777,0.06161736,0.09737007,0.07009919,0.3494377,-0.00848183
662,0.666293,0.16142769,0.18419768,0.1381951,0.48209536,0.023232594
663,0.44706953,0.10972531,0.12865344,0.08815567,0.3184161,0.02156964
664,0.50783455,0.072384015,0.116113596,0.0819428,0.39172095,-0.009558782
665,0.49263412,0.08618425,0.1068057,0.08254246,0.38582844,0.0036417916
666,0.43673503,0.05764275,0.089536466,0.06494521,0.34719858,-0.007302463
667,0.48979208,0.030223101,0.05478685,0.034040138,0.43500522,-0.0038170367
668,0.4450453,0.052073464,0.090410255,0.06473997,0.35463503,-0.012666509
669,0.47159976,0.13057485,0.14317232,0.08681092,0.32842743,0.043763936
670,0.45440787,0.046348467,0.0649019,0.047624115,0.38950598,-0.0012756474
671,0.5593884,0.06833245,0.08697689,0.05941613,0.4724115,0.008916318
672,0.46468258,0.11695018,0.14762801,0.11338913,0.31705457,0.0035610497
673,0.28218523,0.036327068,0.05925691,0.039223164,0.22292832,-0.0028960966
674,0.552458,0.110511474,0.13494919,0.09823275,0.41750878,0.012278721
675,0.37339965,0.026232705,0.06215693,0.041766904,0.3112427,-0.0155342
676,0.454709,0.0632257,0.09996422,0.06220527,0.3547448,0.0010204315
677,0.42607507,0.071565896,0.09467785,0.06942106,0.33139724,0.002144836
678,0.6138526,0.07189422,0.09671846,0.07021999,0.5171342,0.0016742274
679,0.49390358,0.09117562,0.0991202,0.070785515,0.39478338,0.020390108
680,0.53637636,0.16682278,0.18313652,0.15056372,0.35323983,0.01625906
681,0.49028867,0.08121076,0.11176749,0.07863088,0.37852117,0.0025798827
682,0.5145619,0.08621455,0.11756365,0.06822282,0.39699823,0.01799173
683,0.44472083,0.08096824,0.0791972,0.056289326,0.36552364,0.024678912
684,0.48178697,0.07873501,0.162816,0.10568759,0.31897098,-0.02695258
685,0.5331567,0.10069341,0.12781224,0.08873888,0.40534446,0.011954531
686,0.49214086,0.07585491,0.08618933,0.06751473,0.40595153,0.00834018
687,0.4787278,0.050387926,0.068731785,0.049235616,0.409996,0.0011523105
688,0.46969447,0.08956712,0.096429214,0.060042243,0.37326527,0.029524874
689,0.263772,0.029279578,0.047170196,0.03402209,0.21660182,-0.0047425106
690,0.40499234,0.10407462,0.11429695,0.085415505,0.2906954,0.018659115
691,0.5442461,0.09587455,0.12581028,0.089114025,0.4184358,0.0067605227
692,0.36769584,0.07411092,0.093595035,0.071001396,0.2741008,0.0031095222
693,0.46199515,0.074963905,0.110492595,0.07230992,0.35150257,0.0026539862
694,0.52336234,0.06357889,0.09726569,0.06987426,0.42609665,-0.006295368
695,0.45380807,0.06731644,0.10356185,0.07258817,0.35024622,-0.0052717254
696,0.37766936,0.097161114,0.108193226,0.0767374,0.26947615,0.020423718
697,0.42915073,0.060938463,0.07563538,0.051223993,0.35351536,0.009714469
698,0.3293315,0.05641823,0.08071154,0.06621736,0.24861994,-0.009799134
699,0.58430064,0.10460742,0.11547635,0.0892971,0.4688243,0.015310317
700,0.3987547,0.039196137,0.10073201,0.07047091,0.2980227,-0.03127477
701,0.58576673,0.020967647,0.04232873,0.026627248,0.543438,-0.0056596007
702,0.31428862,0.06414541,0.06842532,0.05009931,0.24586329,0.014046099
703,0.54767483,0.053401217,0.09063859,0.062388707,0.45703626,-0.00898749
704,0.56495565,0.116134204,0.13077071,0.08721654,0.43418494,0.028917663
705,0.4740536,0.0919547,0.15100555,0.10981164,0.32304806,-0.01785694
706,0.38090667,0.054654207,0.074948214,0.051195405,0.30595845,0.0034588017
707,0.43836766,0.08198454,0.1208871,0.08499671,0.31748056,-0.0030121654
708,0.5297182,0.10050725,0.14008015,0.09280441,0.38963807,0.0077028424
709,0.8019738,0.0052214935,0.04914812,0.028860085,0.7528257,-0.023638591
710,0.55269676,0.08303801,0.10788182,0.082306206,0.44481495,0.0007318035
711,0.4358363,0.10523838,0.083356954,0.06551532,0.35247934,0.03972306
712,0.4886258,0.0845563,0.12393659,0.08801739,0.3646892,-0.0034610927
713,0.65170944,0.17037041,0.2240506,0.13769679,0.42765886,0.032673627
714,0.5334773,0.11011617,0.16650887,0.09936213,0.36696845,0.010754041
715,0.5012818,0.08301879,0.09509273,0.06923002,0.40618908,0.013788767
716,0.46804625,0.120467335,0.16539583,0.119475916,0.30265042,0.000991419
717,0.62991714,0.11366615,0.09106634,0.06416232,0.5388508,0.049503826
718,0.46604198,0.062916726,0.083104245,0.06054996,0.38293773,0.0023667663
719,0.53990424,0.118964225,0.13613084,0.09957984,0.4037734,0.019384384
720,0.4883514,0.054971665,0.06762219,0.052436303,0.42072922,0.0025353618
721,0.503399,0.09476359,0.1402857,0.09484182,0.3631133,-7.8231096e-05
722,0.47978324,0.09848116,0.15093629,0.10418449,0.32884693,-0.00570333
723,0.44999093,0.077535965,0.10233619,0.070271194,0.34765473,0.0072647706
724,0.44014287,0.048290383,0.08440533,0.05593063,0.35573754,-0.0076402463
725,0.47891104,0.08331226,0.11620803,0.08084058,0.36270303,0.002471678
726,0.4540549,0.07393946,0.09269043,0.06948799,0.36136445,0.0044514686
727,0.42717344,0.14631076,0.13355723,0.11079198,0.2936162,0.03551878
728,0.48366052,0.060941827,0.0844267,0.057452846,0.39923382,0.0034889802
729,0.42510045,0.05871737,0.089052975,0.06377223,0.33604747,-0.0050548613
730,0.28368294,0.04433018,0.071265824,0.047543,0.21241713,-0.0032128207
731,0.34642014,0.071168266,0.10123463,0.07184326,0.24518551,-0.0006749928
732,0.7048367,0.034625504,0.056589752,0.040963825,0.648247,-0.0063383207
733,0.48572472,0.06464725,0.101613134,0.07257919,0.38411158,-0.00793194
734,0.26274413,0.05166843,0.06641548,0.045545936,0.19632864,0.006122496
735,0.51338637,0.075665236,0.14152256,0.10076168,0.3718638,-0.025096446
736,0.35878333,0.054241933,0.06823567,0.047580663,0.29054767,0.00666127
737,0.4871504,0.07584262,0.15813765,0.10135968,0.32901275,-0.025517061
738,0.5916903,0.07889517,0.1075962,0.08106251,0.48409408,-0.002167344
739,0.6340291,0.07090295,0.1157338,0.07467533,0.5182953,-0.003772378
740,0.558607,0.11617669,0.15259568,0.1163134,0.40601128,-0.0001367107
741,0.57851195,0.1456832,0.13955694,0.106588356,0.438955,0.039094843
742,0.3897611,0.067316726,0.09285293,0.06471183,0.29690817,0.0026048943
743,0.35011443,0.07231429,0.0743575,0.054309007,0.27575693,0.018005285
744,0.3713137,0.050871156,0.06579225,0.051255036,0.30552143,-0.00038388
745,0.3656527,0.047799427,0.07422249,0.050794054,0.29143023,-0.0029946268
746,0.47328115,0.04662534,0.08873702,0.06167623,0.38454413,-0.015050892
747,0.5290099,0.08169138,0.09981221,0.07099924,0.42919767,0.0106921345
748,0.37342972,0.0895174,0.105812036,0.083050855,0.26761767,0.006466545
749,0.31117126,0.029825227,0.05398815,0.03709661,0.2571831,-0.007271381
750,0.4458183,0.06068332,0.10272011,0.067508526,0.3430982,-0.006825205
751,0.5450901,0.09760484,0.15913615,0.118095815,0.38595393,-0.020490974
752,0.46154818,0.062484108,0.103387415,0.0705835,0.35816076,-0.008099392
753,0.6179914,0.12476757,0.15560037,0.10839729,0.46239102,0.016370282
754,0.36629006,0.08424853,0.08664312,0.062482458,0.27964693,0.02176607
755,0.52864844,0.113692224,0.13270208,0.09571251,0.39594635,0.017979711
756,0.42692056,0.08350029,0.11391056,0.09004606,0.31301,-0.0065457746
757,0.35796875,0.043008704,0.064312875,0.048159365,0.29365587,-0.005150661
758,0.38413557,0.07598147,0.095522955,0.06727875,0.2886126,0.008702718
759,0.5299655,0.098168716,0.103320196,0.08297554,0.42664534,0.015193179
760,0.582595,0.09379977,0.1142626,0.08055115,0.46833238,0.013248622
761,0.43905392,0.058318775,0.106921285,0.07880646,0.33213264,-0.020487685
762,0.57296365,0.09768932,0.13447797,0.09011375,0.43848568,0.0075755715
763,0.26892057,0.032357294,0.050995894,0.034517057,0.21792468,-0.0021597631
764,0.6112963,0.09727276,0.12303465,0.08820036,0.48826164,0.009072401
765,0.45481887,0.045494597,0.09241472,0.06129743,0.36240417,-0.015802834
766,0.4175813,0.07853992,0.08452481,0.06203243,0.33305648,0.016507491
767,0.5595374,0.11498382,0.14922689,0.09872422,0.4103105,0.016259596
768,0.4953837,0.09575401,0.107043535,0.07912879,0.38834018,0.016625226
769,0.29762223,0.041204266,0.07132122,0.04693697,0.22630101,-0.005732704
770,0.3766426,0.08736251,0.11558637,0.0828787,0.26105624,0.0044838116
771,0.5296607,0.10335114,0.13795054,0.0885678,0.39171016,0.014783338
772,0.5111979,0.094947726,0.11260963,0.07784642,0.3985883,0.017101303
773,0.46872216,0.116111964,0.120929584,0.099590294,0.34779257,0.01652167
774,0.43412834,0.12727784,0.12130056,0.09101043,0.31282777,0.036267407
775,0.43145663,0.07324616,0.058823265,0.0405832,0.37263337,0.032662958
776,0.7153996,0.02848626,0.043635298,0.032716326,0.6717643,-0.004230067
777,0.49150866,0.086921185,0.10376201,0.08175873,0.38774666,0.005162455
778,0.5049894,0.063006155,0.11773208,0.07966266,0.3872573,-0.016656503
779,0.45389083,0.07613336,0.1088824,0.06826427,0.34500843,0.007869095
780,0.4496855,0.060203284,0.101961955,0.06968775,0.34772354,-0.009484462
781,0.43172437,0.06719804,0.08136882,0.060471278,0.35035557,0.0067267604
782,0.44131246,0.06935375,0.11179869,0.07601086,0.3295138,-0.0066571087
783,0.3769706,0.099269435,0.11968596,0.08455102,0.25728464,0.014718413
784,0.44379255,0.18049364,0.19785815,0.13442077,0.2459344,0.04607287
785,0.38957867,0.07515222,0.1055768,0.0727204,0.2840019,0.0024318174
786,0.39631882,0.07778542,0.10008271,0.07034681,0.2962361,0.0074386075
787,0.43870187,0.09113644,0.103376664,0.073588155,0.3353252,0.017548285
788,0.53630084,0.08527749,0.12794143,0.08838197,0.4083594,-0.0031044781
789,0.27722597,0.03945873,0.051680733,0.03878577,0.22554524,0.0006729588
790,0.33440027,0.06657724,0.076400965,0.058515683,0.2579993,0.008061558
791,0.41660294,0.073212266,0.08817522,0.064285934,0.32842773,0.008926332
792,0.5808929,0.10673121,0.15919036,0.11664285,0.42170256,-0.009911634
793,0.5251558,0.09669878,0.12091726,0.08864492,0.40423852,0.008053862
794,0.42956764,0.052399892,0.08529179,0.06299718,0.34427583,-0.010597285
795,0.28684914,0.0740442,0.07990102,0.056460176,0.20694813,0.017584022
796,0.43478858,0.051055003,0.08308823,0.06258041,0.35170037,-0.011525404
797,0.47484753,0.12719072,0.14000748,0.10037188,0.33484006,0.026818842
798,0.44293916,0.1079503,0.1332311,0.0906419,0.30970806,0.0173084
799,0.4824405,0.10618286,0.12579702,0.09182021,0.3566435,0.014362648
800,0.54778683,0.08505675,0.11466973,0.08294347,0.4331171,0.0021132827
801,0.7705345,0.027413202,0.0499484,0.03866615,0.7205861,-0.011252949
802,0.4754927,0.085383765,0.112879075,0.0839102,0.36261362,0.0014735684
803,0.49644625,0.040260475,0.0826857,0.058733445,0.41376054,-0.01847297
804,0.5262741,0.071244694,0.11109447,0.06956886,0.4151796,0.0016758367
805,0.43860155,0.084979706,0.08306094,0.06190642,0.3555406,0.023073286
806,0.41142994,0.051272094,0.08295359,0.05923036,0.32847637,-0.007958267
807,0.54031664,0.085637905,0.115705654,0.08491718,0.42461097,0.00072072446
808,0.35236093,0.06364495,0.09111955,0.058888435,0.26124138,0.0047565177
809,0.41127416,0.08213357,0.124905065,0.089921,0.2863691,-0.007787429
810,0.4734315,0.09928866,0.097212896,0.07591334,0.37621862,0.023375317
811,0.42135084,0.038181126,0.061289858,0.045347843,0.360061,-0.007166717
812,0.50817615,0.09434263,0.13345699,0.09596201,0.37471914,-0.0016193837
813,0.50791293,0.14333856,0.1365872,0.10972938,0.37132573,0.03360918
814,0.40160027,0.054395735,0.08952396,0.06342441,0.3120763,-0.009028673
815,0.4938189,0.060550556,0.11039244,0.07917815,0.3834265,-0.018627591
816,0.39170232,0.08923554,0.096356094,0.06886387,0.29534623,0.020371668
817,0.28574324,0.06655811,0.07266404,0.051698416,0.2130792,0.014859691
818,0.44904238,0.058047783,0.09746493,0.06556559,0.35157746,-0.007517811
819,0.51106,0.03815219,0.04454347,0.027324202,0.46651652,0.01082799
820,0.42666787,0.09250206,0.11260748,0.0796221,0.3140604,0.01287996
821,0.58189845,0.052092187,0.07445583,0.05130509,0.5074426,0.00078709796
822,0.21820356,0.04235409,0.05961294,0.04505706,0.15859061,-0.00270297
823,0.33071616,0.045912955,0.08514589,0.056144156,0.24557027,-0.010231201
824,0.42395824,0.10020393,0.096409276,0.0683734,0.32754898,0.031830534
825,0.3402223,0.036555145,0.07232946,0.052021276,0.26789284,-0.015466131
826,0.38821656,0.09946134,0.124285266,0.097144976,0.26393127,0.0023163632
827,0.37286007,0.027152909,0.071350746,0.045521785,0.30150932,-0.018368876
828,0.43374354,0.045312133,0.07402696,0.052228976,0.3597166,-0.0069168434
829,0.67560434,0.08535221,0.13714156,0.08399235,0.53846276,0.0013598651
830,0.5967378,0.051963564,0.081322215,0.0501099,0.5154156,0.0018536635
831,0.36615288,0.10256658,0.10898117,0.08616533,0.25717172,0.016401246
832,0.3782741,0.057154957,0.087210186,0.06341903,0.29106393,-0.006264072
833,0.4704605,0.09974972,0.078629486,0.051649507,0.391831,0.048100214
834,0.50449467,-0.0022302922,0.028260523,0.016650759,0.47623414,-0.01888105
835,0.4700034,0.059835996,0.086230606,0.06458405,0.3837728,-0.00474805
836,0.47967136,0.08993621,0.10410503,0.07253858,0.37556633,0.017397635
837,0.48192376,0.05715327,0.09024815,0.06302158,0.3916756,-0.0058683082
838,0.42586127,0.09630239,0.116567165,0.08180059,0.3092941,0.014501803
839,0.366377,0.043267705,0.06860108,0.048113912,0.29777592,-0.004846208
840,0.42062524,0.061548993,0.08563177,0.065855,0.33499348,-0.0043060035
841,0.51493424,0.08915716,0.11490698,0.08670539,0.40002728,0.00245177
842,0.41819987,0.070041716,0.065677345,0.048953127,0.35252252,0.021088589
843,0.2524656,0.051743533,0.06956554,0.051981207,0.18290007,-0.00023767352
844,0.60724884,0.14058897,0.17681451,0.13547644,0.43043435,0.005112529
845,0.38173684,0.07266216,0.088207796,0.06802187,0.29352903,0.0046402887
846,0.438769,0.031151874,0.052227076,0.035287227,0.38654193,-0.0041353535
847,0.35476038,0.053288035,0.089881465,0.056367535,0.26487893,-0.0030795
848,0.24723278,0.029705215,0.058809057,0.036032885,0.18842372,-0.00632767
849,0.42093146,0.068470545,0.09245007,0.06809161,0.32848138,0.00037893653
850,0.40470833,0.050965276,0.08639999,0.057032164,0.31830835,-0.0060668886
851,0.5058887,0.10574798,0.15451568,0.10390902,0.35137302,0.0018389598
852,0.46504438,0.0952929,0.09953829,0.07787671,0.36550608,0.017416194
853,0.5506697,0.11313387,0.13223532,0.10452091,0.4184344,0.008612961
854,0.48478362,0.050918084,0.10062377,0.064220846,0.38415986,-0.013302762
855,0.49682203,0.043135867,0.10144084,0.058181062,0.39538118,-0.015045196
856,0.34440354,0.044653222,0.04428509,0.034159936,0.30011845,0.010493286
857,0.20834665,0.033258487,0.03891698,0.029021615,0.16942967,0.0042368714
858,0.38258258,0.10467806,0.11943183,0.07990135,0.26315075,0.024776705
859,0.44783926,0.0679493,0.10794244,0.081224605,0.33989683,-0.013275303
860,0.37717873,0.054844122,0.0843861,0.0624845,0.29279262,-0.0076403767
861,0.5010018,0.12661539,0.12404427,0.08785668,0.3769575,0.03875871
862,0.54012096,0.13527794,0.13505304,0.097227156,0.40506792,0.038050786
863,0.35725,0.06840901,0.08169291,0.063252985,0.2755571,0.0051560253
864,0.5651573,0.080710664,0.1403098,0.09461279,0.42484748,-0.013902128
865,0.4944841,0.045807257,0.106159426,0.07603253,0.38832468,-0.03022527
866,0.52622396,0.10270071,0.105589464,0.0703942,0.4206345,0.032306507
867,0.50556123,0.12395614,0.1519008,0.113097124,0.35366043,0.010859013
868,0.3943819,0.10768716,0.115090124,0.08072014,0.27929178,0.026967019
869,0.5343169,0.09086575,0.08393598,0.062164634,0.45038092,0.02870112
870,0.46132416,0.07514467,0.0949968,0.06331792,0.36632735,0.011826754
871,0.3536203,0.12760945,0.12030895,0.08669042,0.23331134,0.04091903
872,0.7516635,0.06954472,0.12047996,0.08562706,0.63118356,-0.016082339
873,0.4445344,0.06580028,0.094160594,0.07657214,0.3503738,-0.010771863
874,0.38194084,0.11191967,0.089249276,0.069075376,0.29269156,0.042844296
875,0.56752115,0.032291155,0.04509745,0.03018816,0.5224237,0.0021029953
876,0.5364781,0.106808856,0.112691976,0.08362065,0.42378613,0.023188204
877,0.5675182,0.10701501,0.1303764,0.090644225,0.43714178,0.016370788
878,0.40938032,0.08871292,0.11104867,0.07523352,0.29833165,0.013479404
879,0.4553053,0.04338442,0.050757118,0.037394725,0.4045482,0.005989697
880,0.43383524,0.048727438,0.08974764,0.061101437,0.3440876,-0.012373999
881,0.65140545,0.10179515,0.15104821,0.112590015,0.5003573,-0.010794863
882,0.46835098,0.071111724,0.08134422,0.053969633,0.38700676,0.017142091
883,0.5739934,0.091483235,0.12670523,0.08671143,0.44728816,0.0047718063
884,0.51592493,0.08658856,0.14641944,0.08569464,0.3695055,0.00089392066
885,0.53043526,0.06319908,0.08213755,0.056340054,0.4482977,0.006859027
886,0.42889044,0.07878829,0.09794333,0.07286461,0.3309471,0.005923681
887,0.5347257,0.057347566,0.09030645,0.06191996,0.44441926,-0.0045723952
888,0.40265924,0.09563682,0.12644689,0.092088364,0.27621233,0.0035484582
889,0.41608036,0.08347517,0.10167988,0.07452767,0.3144005,0.008947499
890,0.5095276,0.07778274,0.09761902,0.068766885,0.4119086,0.009015858
891,0.48251665,0.117566384,0.17325215,0.1338629,0.30926448,-0.016296513
892,0.4210016,0.06282521,0.08206212,0.052154116,0.3389395,0.010671094
893,0.34683993,0.07913239,0.0994986,0.07571552,0.24734133,0.0034168735
894,0.7226833,0.11722717,0.15901972,0.1034196,0.5636636,0.013807565
895,0.42733857,0.104784496,0.099193536,0.07764875,0.32814503,0.027135745
896,0.5233157,0.100350834,0.11840245,0.088593245,0.40491328,0.01175759
897,0.49704182,0.062051058,0.07017811,0.050939284,0.42686373,0.011111774
898,0.41986653,0.032513227,0.085520245,0.056994423,0.3343463,-0.024481196
899,0.5318704,0.10103907,0.15223262,0.108264625,0.3796378,-0.007225558
900,0.44251952,0.08793683,0.106500484,0.07707581,0.33601904,0.010861024
901,0.37927943,0.085913196,0.09870583,0.07026777,0.2805736,0.01564543
902,0.4516633,0.06836361,0.11997203,0.07849996,0.33169127,-0.010136351
903,0.28197554,0.047655467,0.07030849,0.047331624,0.21166705,0.0003238432
904,0.5540393,0.09020746,0.13532032,0.101484105,0.418719,-0.011276647
905,0.32195976,0.07132621,0.091628164,0.062240247,0.2303316,0.009085964
906,0.5045918,0.0875031,0.15292591,0.105083056,0.3516659,-0.017579958
907,0.4100052,0.069767535,0.12689908,0.08216272,0.28310615,-0.012395188
908,0.40415797,0.05312194,0.0960422,0.06787408,0.30811578,-0.014752142
909,0.5476856,0.073239885,0.10657373,0.074443996,0.4411119,-0.0012041107
910,0.25051373,0.08750892,0.08455071,0.06102499,0.16596302,0.026483927
911,0.45923695,0.052519634,0.08614134,0.06286186,0.3730956,-0.010342225
912,0.45957124,0.07047249,0.102843665,0.069765165,0.35672757,0.00070732087
913,0.39941266,0.08930632,0.10309486,0.076668985,0.29631782,0.012637332
914,0.4312187,0.057997115,0.08720521,0.060892895,0.3440135,-0.00289578
915,0.6222343,0.1149171,0.17792082,0.10981057,0.44431347,0.005106531
916,0.5410746,0.11598117,0.13245983,0.10175126,0.40861475,0.014229909
917,0.4802758,0.07568325,0.11167552,0.086019255,0.36860028,-0.010336004
918,0.34696358,0.070281245,0.08362146,0.056474667,0.26334214,0.013806578
919,0.50291026,0.0723295,0.1067466,0.077798925,0.39616364,-0.0054694265
920,0.4765226,0.06567204,0.115207,0.08162259,0.3613156,-0.015950553
921,0.53978056,0.088069804,0.14413448,0.098514535,0.3956461,-0.0104447305
922,0.39428407,0.06435691,0.09013006,0.06445381,0.304154,-9.690225e-05
923,0.5024514,0.07408051,0.098441385,0.061813403,0.40401003,0.012267109
924,0.52339196,0.09588717,0.13403434,0.092784025,0.38935763,0.0031031445
925,0.51114684,0.06565962,0.10030631,0.06726016,0.41084054,-0.0016005412
926,0.43326166,0.064243786,0.099561974,0.063892454,0.3336997,0.00035133213
927,0.5453981,0.0917837,0.13370724,0.101445414,0.4116909,-0.009661712
928,0.51785773,0.09050049,0.1202489,0.07907757,0.39760882,0.011422917
929,0.5125355,0.08601387,0.114157535,0.077503674,0.39837798,0.008510195
930,0.51140565,0.15239578,0.1654527,0.11806605,0.34595293,0.034329735
931,0.37611592,0.058826476,0.08506526,0.058893837,0.29105067,-6.73607e-05
932,0.47742194,0.08584458,0.081543036,0.05963375,0.3958789,0.026210826
933,0.38318714,0.08228777,0.092770554,0.070822164,0.2904166,0.011465609
934,0.6329529,0.08846615,0.1374585,0.09360766,0.49549443,-0.005141504
935,0.444779,0.07256591,0.09486465,0.07257562,0.34991437,-9.7081065e-06
936,0.40451097,0.04107034,0.052070104,0.037620142,0.35244086,0.0034501962
937,0.5398195,0.1272985,0.16038685,0.10965917,0.37943262,0.017639332
938,0.63081336,0.006534219,0.028860064,0.021287484,0.60195327,-0.014753265
939,0.4639797,0.06866443,0.08247553,0.06060861,0.38150418,0.008055821
940,0.43701527,0.08567613,0.11080357,0.07687096,0.3262117,0.008805171
941,0.45819423,0.12977026,0.15214054,0.11512944,0.3060537,0.014640823
942,0.42278257,0.055177677,0.099454425,0.06875225,0.32332814,-0.013574574
943,0.49556008,0.089128815,0.13137642,0.079715654,0.36418366,0.00941316
944,0.5475443,0.1082057,0.146596,0.106966056,0.4009483,0.0012396425
945,0.5522436,0.061008964,0.08230018,0.062307186,0.4699434,-0.0012982227
946,0.5794986,0.12542851,0.15893808,0.119469136,0.4205605,0.0059593767
947,0.36579993,0.06703864,0.095121555,0.065273814,0.27067837,0.0017648265
948,0.57938087,0.12129172,0.12609607,0.088183925,0.4532848,0.033107795
949,0.30966818,0.03255008,0.073438056,0.05236707,0.23623013,-0.019816987
950,0.43220738,0.11281284,0.1355503,0.10255144,0.2966571,0.0102614015
951,0.3664463,0.046200212,0.07191468,0.05228219,0.2945316,-0.0060819797
952,0.44498065,0.06529668,0.078416,0.05384873,0.36656466,0.011447951
953,0.62082314,0.014894689,0.068580225,0.036920168,0.55224293,-0.022025477
954,0.43949398,0.12127913,0.11806529,0.08413738,0.3214287,0.037141748
955,0.4480418,0.07153132,0.09593779,0.07078714,0.352104,0.0007441789
956,0.43472648,0.08709188,0.095183134,0.068419196,0.33954334,0.018672682
957,0.40976897,0.07942541,0.120654576,0.08550551,0.2891144,-0.0060800985
958,0.32118827,0.074105024,0.0865402,0.061432414,0.23464808,0.012672611
959,0.46995497,0.0044831145,0.027993362,0.018680625,0.44196162,-0.01419751
960,0.3611384,0.06788509,0.11024239,0.083658546,0.250896,-0.015773453
961,0.5487969,0.13382939,0.171891,0.12832253,0.3769059,0.005506858
962,0.33040106,0.06656971,0.096470416,0.06591903,0.23393065,0.00065068156
963,0.41511217,0.070028335,0.08687745,0.061995592,0.32823473,0.008032743
964,0.38282934,0.10429384,0.10470456,0.07768749,0.27812478,0.026606351
965,0.50082153,0.09502738,0.105353445,0.08373178,0.3954681,0.011295602
966,0.32773125,0.04520983,0.06997368,0.046951145,0.25775757,-0.0017413162
967,0.40369663,0.09958493,0.11697395,0.077120945,0.28672266,0.022463985
968,0.5745243,0.10900839,0.13389006,0.103466876,0.44063422,0.005541511
969,0.3972596,0.067785166,0.08415035,0.061501652,0.31310925,0.006283514
970,0.4742387,0.09968396,0.1167625,0.08097451,0.3574762,0.018709451
971,0.36352158,0.072578505,0.08440604,0.06824285,0.27911553,0.0043356568
972,0.44436595,0.042964432,0.06171451,0.042634986,0.38265145,0.00032944605
973,0.6213837,0.17180291,0.16008967,0.11831114,0.46129405,0.05349177
974,0.3899893,0.08608811,0.09784418,0.06746562,0.2921451,0.018622495
975,0.5929411,0.09000115,0.13940732,0.10012641,0.45353377,-0.010125257
976,0.4054549,0.12113974,0.14467973,0.11423299,0.26077518,0.0069067553
977,0.5306074,0.1094393,0.14115499,0.10785759,0.3894524,0.0015817061
978,0.5155224,0.05464336,0.09054191,0.06297888,0.42498052,-0.00833552
979,0.41787395,0.074069686,0.073138535,0.05306269,0.3447354,0.021006998
980,0.5827218,0.06113513,0.10898095,0.07522998,0.47374088,-0.014094852
981,0.49328727,0.11520475,0.13657852,0.093422785,0.35670877,0.021781966
982,0.43792114,0.04613495,0.07661543,0.056292787,0.3613057,-0.010157838
983,0.31261286,0.030017355,0.06266165,0.039737534,0.24995121,-0.009720178
984,0.42518556,0.0676149,0.09876264,0.06884964,0.32642293,-0.00123474
985,0.6907382,0.20104606,0.2546855,0.1928055,0.4360527,0.008240566
986,0.4693711,0.086545326,0.13895908,0.099583104,0.33041203,-0.013037778
987,0.75033146,0.20450194,0.15952353,0.11632605,0.5908079,0.08817589
988,0.42016482,0.04998524,0.09303483,0.06333456,0.32713,-0.013349321
989,0.52054524,0.09919822,0.09855989,0.073296666,0.42198536,0.025901556
990,0.3415087,0.1066807,0.1180672,0.0786801,0.22344148,0.0280006
991,0.32215184,0.039358243,0.0695932,0.048261315,0.25255865,-0.008903071
992,0.46146062,0.07387537,0.09785144,0.07568321,0.3636092,-0.0018078387
993,0.37312827,0.02991916,0.095256865,0.060112193,0.2778714,-0.030193033
994,0.254732,0.058778763,0.07206491,0.048398186,0.1826671,0.010380577
995,0.47706324,0.060566157,0.06726302,0.04755547,0.40980023,0.013010688
996,0.29064548,0.07705358,0.07720251,0.054578308,0.21344298,0.022475269
997,0.42537928,0.057425506,0.091488495,0.068626925,0.3338908,-0.011201419
998,0.53117496,0.08570287,0.105179034,0.08237407,0.42599592,0.0033287928
999,0.46381888,0.118550695,0.13108335,0.08422767,0.33273554,0.03432302
1000,0.4829241,0.07984192,0.10508455,0.069729045,0.37783957,0.010112874
1001,0.5403822,0.06442347,0.10861123,0.07950616,0.43177098,-0.015082687
1002,0.34306338,0.057816688,0.07436617,0.055588257,0.2686972,0.0022284314
1003,0.44419292,0.087883495,0.10805957,0.084193915,0.33613336,0.0036895797
1004,0.35198817,0.07630176,0.08642092,0.066411845,0.26556724,0.009889916
1005,0.36369902,0.07898205,0.08267158,0.06273428,0.28102744,0.016247764
1006,0.50222516,0.093827516,0.10951675,0.080963805,0.39270842,0.0128637105
1007,0.42455876,0.06693649,0.111253135,0.07647838,0.31330562,-0.009541884
1008,0.42207536,0.058394544,0.072809555,0.050348118,0.3492658,0.008046426
1009,0.46633652,0.06856995,0.094921134,0.071519144,0.37141538,-0.0029491931
1010,0.4116682,0.054233,0.0672811,0.05445482,0.3443871,-0.00022181869
1011,0.59137416,0.1247032,0.15696076,0.10953862,0.4344134,0.0151645765
1012,0.443941,0.08863614,0.100209564,0.07284899,0.34373143,0.015787147
1013,0.4494993,0.07223612,0.098969385,0.07770506,0.3505299,-0.005468942
1014,0.38902497,0.06774434,0.08614993,0.06153396,0.30287504,0.0062103756
1015,0.41252762,0.06744251,0.075690776,0.053451624,0.33683684,0.013990883
1016,0.4676293,0.04622658,0.0894834,0.06681537,0.3781459,-0.02058879
1017,0.5504223,0.0858464,0.105760545,0.076319784,0.44466177,0.009526618
1018,0.5457722,0.09891601,0.15122452,0.09925765,0.39454767,-0.00034163892
1019,0.45910904,0.09952987,0.1021533,0.07728144,0.35695574,0.022248432
1020,0.28282946,0.07257864,0.08671021,0.06566325,0.19611925,0.0069153905
1021,0.4427414,0.08092224,0.11481729,0.088139795,0.3279241,-0.0072175562
1022,0.4444531,0.110846736,0.12187341,0.08335489,0.32257968,0.027491845
1023,0.45705384,0.10036247,0.12033889,0.07943011,0.33671495,0.020932361
1024,0.49485654,0.0821978,0.09565074,0.07275393,0.3992058,0.009443872
1025,0.4052707,0.06504101,0.10543335,0.069760025,0.29983735,-0.0047190115
1026,0.46682954,0.06788769,0.08563432,0.05971733,0.38119522,0.008170363
1027,0.5113387,0.1040926,0.10532096,0.07825236,0.40601775,0.025840238
1028,0.56771463,0.05044755,0.0924001,0.06615391,0.47531453,-0.015706357
1029,0.60549206,0.14789866,0.16291215,0.13212152,0.44257993,0.01577714
1030,0.4391081,0.04711385,0.06830881,0.0485888,0.3707993,-0.0014749505
1031,0.4536409,0.10550374,0.09504471,0.07352337,0.3585962,0.031980366
1032,0.5411982,0.17194805,0.18400703,0.14810756,0.35719115,0.023840487
1033,0.3558551,0.047100354,0.08693769,0.061219197,0.2689174,-0.014118843
1034,0.5210793,0.093566015,0.12628265,0.08149752,0.39479667,0.012068495
1035,0.52254325,0.04715612,0.08430732,0.057370562,0.43823594,-0.0102144405
1036,0.4765853,0.09625393,0.117231995,0.08153094,0.3593533,0.014722988
1037,0.33377764,0.04015212,0.05528988,0.042608086,0.27848774,-0.0024559647
1038,0.45749664,0.081520244,0.09637028,0.07007275,0.36112636,0.011447497
1039,0.35186934,0.026389921,0.07945738,0.056168705,0.27241197,-0.029778784
1040,0.5293858,0.10211419,0.11064726,0.08895876,0.41873854,0.013155431
1041,0.4159628,0.06273224,0.0960505,0.06559625,0.31991228,-0.0028640106
1042,0.399729,0.061759006,0.08658703,0.060652837,0.313142,0.0011061691
1043,0.35575065,0.071480475,0.104918584,0.0770148,0.25083208,-0.005534321
1044,0.43490732,0.021280658,0.10565838,0.07045453,0.32924893,-0.049173873
1045,0.35994014,0.050375007,0.07421387,0.048811365,0.28572628,0.0015636422
1046,0.46528107,0.076485075,0.08048607,0.055595227,0.384795,0.020889848
1047,0.37338898,0.06834993,0.069067195,0.053777877,0.30432177,0.01457205
1048,0.5325179,0.084023096,0.10484059,0.079339474,0.42767733,0.004683621
1049,0.47871983,0.118059754,0.13889295,0.103668176,0.33982688,0.014391579
1050,0.57431394,0.11781205,0.14290857,0.10353123,0.43140537,0.014280826
1051,0.6891133,0.10030074,0.15002146,0.104363024,0.5390918,-0.0040622875
1052,0.4692549,0.058431376,0.09794803,0.06742163,0.3713069,-0.008990254
1053,0.23664093,0.03781947,0.04692435,0.036892742,0.18971658,0.0009267293
1054,0.5689938,0.120026074,0.16265018,0.11957693,0.40634364,0.00044914335
1055,0.447435,0.07319576,0.083762705,0.064309314,0.3636723,0.008886449
1056,0.48960868,0.06093948,0.10512999,0.0703671,0.3844787,-0.009427618
1057,0.44290668,0.067187205,0.09920593,0.06774016,0.34370074,-0.0005529523
1058,0.38562116,0.07170575,0.099499494,0.07519009,0.28612167,-0.0034843385
1059,0.48221147,0.045122314,0.06802347,0.04779449,0.414188,-0.0026721768
1060,0.4775223,0.047782924,0.10676107,0.06314415,0.37076125,-0.015361223
1061,0.42243007,0.09936473,0.12087951,0.09686733,0.30155057,0.0024973974
1062,0.4873521,0.083196975,0.10176752,0.0732121,0.3855846,0.009984873
1063,0.64116615,0.16201156,0.19485712,0.15313956,0.44630903,0.008872002
1064,0.5179684,0.06663613,0.11844163,0.0857968,0.39952677,-0.019160673
1065,0.4363258,0.07667549,0.101980895,0.07824274,0.3343449,-0.001567252
1066,0.47031572,0.11232105,0.114753924,0.08494058,0.3555618,0.027380466
1067,0.47068137,0.037937235,0.068918034,0.04540758,0.40176332,-0.0074703433
1068,0.4229211,0.094604515,0.09905419,0.071152814,0.3238669,0.0234517
1069,0.54253954,0.06799425,0.08491496,0.06533021,0.45762458,0.0026640445
1070,0.48463386,0.15549104,0.1703206,0.12644081,0.31431326,0.029050231
1071,0.349644,0.040622365,0.0695841,0.043096606,0.2800599,-0.002474241
1072,0.49841383,0.06079173,0.1005091,0.07177992,0.39790472,-0.010988191
1073,0.5127131,0.07223118,0.118419774,0.08588182,0.3942933,-0.013650641
1074,0.5305309,0.020697994,0.05107142,0.03458825,0.47945952,-0.013890257
1075,0.5238414,0.10388496,0.13610214,0.0896492,0.38773924,0.014235757
1076,0.48774135,0.083669744,0.09822887,0.06880409,0.38951248,0.014865652
1077,0.3213674,0.109046966,0.08743672,0.06559112,0.23393069,0.043455847
1078,0.47961202,0.07479557,0.120911896,0.069570564,0.35870013,0.0052250028
1079,0.47188693,0.07083951,0.09975887,0.07241419,0.37212807,-0.0015746802
1080,0.35612363,0.050679784,0.08393186,0.061714526,0.27219176,-0.011034742
1081,0.29192924,0.03146213,0.06910739,0.040897176,0.22282186,-0.009435046
1082,0.5921432,0.09492586,0.12049409,0.08323641,0.47164908,0.011689447
1083,0.5255496,0.029156215,0.06714738,0.047077198,0.45840222,-0.017920982
1084,0.4862789,0.058279097,0.11404984,0.07137722,0.37222904,-0.013098121
1085,0.7223572,0.19132961,0.2161496,0.16738246,0.5062076,0.02394715
1086,0.43905684,0.072756484,0.11937091,0.08854129,0.31968594,-0.015784808
1087,0.33304313,0.053127065,0.0738865,0.051782917,0.25915664,0.0013441481
1088,0.6022641,0.06814046,0.1031521,0.07226146,0.499112,-0.004120998
1089,0.6276715,0.07012006,0.10998069,0.07955167,0.5176908,-0.009431608
1090,0.40049243,0.049377847,0.086749345,0.059154242,0.31374308,-0.009776395
1091,0.50179774,0.12401511,0.14849164,0.10212255,0.3533061,0.021892555
1092,0.36060563,0.08949049,0.08721171,0.061581198,0.27339393,0.02790929
1093,0.1878611,0.024553932,0.048542034,0.033984985,0.13931906,-0.009431053
1094,0.38121507,0.088613644,0.08216537,0.063525155,0.2990497,0.025088489
1095,0.48312226,0.07824828,0.105660774,0.07127,0.3774615,0.006978281
1096,0.37181547,0.049252365,0.09395297,0.066966295,0.2778625,-0.01771393
1097,0.5501785,0.17880692,0.21153033,0.16915374,0.3386482,0.009653181
1098,0.4558489,0.11040343,0.15838298,0.11102987,0.29746592,-0.00062643737
1099,0.5166234,0.16227436,0.18373278,0.13046199,0.3328906,0.03181237
1100,0.30159917,0.045128968,0.069681786,0.046629872,0.23191738,-0.0015009046
1101,0.42299804,0.11401469,0.123746864,0.095304735,0.29925117,0.018709958
1102,0.44112125,0.10294401,0.126168,0.091348864,0.31495327,0.011595145
1103,0.46999976,0.04263883,0.06907252,0.04610681,0.40092725,-0.0034679808
1104,0.54295266,0.09251285,0.11528184,0.08977905,0.4276708,0.0027338043
1105,0.37472793,0.040072896,0.0782716,0.05441412,0.29645634,-0.014341224
1106,0.5085121,0.13660707,0.13627285,0.096562624,0.37223923,0.04004444
1107,0.4150258,0.07264312,0.0930604,0.068463035,0.3219654,0.0041800886
1108,0.29870778,0.05509788,0.07055109,0.045334753,0.22815669,0.009763129
1109,0.4054461,0.08476928,0.10458155,0.07518219,0.30086458,0.009587087
1110,0.37664124,0.062945016,0.0783508,0.061627973,0.29829043,0.0013170429
1111,0.44830492,0.09299499,0.11008815,0.07631314,0.33821678,0.01668185
1112,0.71036714,0.16322806,0.20951964,0.15093297,0.5008475,0.012295097
1113,0.5038247,0.09653428,0.11877447,0.09411444,0.38505024,0.0024198443
1114,0.45268536,0.05346319,0.09152307,0.058594413,0.36116228,-0.0051312223
1115,0.46907687,0.110962704,0.15739827,0.111463316,0.3116786,-0.00050061196
1116,0.43788606,0.086857915,0.10079493,0.073610924,0.33709115,0.013246991
1117,0.40299565,0.057220537,0.1174192,0.075631745,0.28557646,-0.018411208
1118,0.46134353,0.029503994,0.06414421,0.041996468,0.39719933,-0.012492474
1119,0.7089154,0.085164435,0.111932375,0.073892295,0.596983,0.01127214
1120,0.43736053,0.11313933,0.12878853,0.096042804,0.308572,0.017096527
1121,0.31507638,0.0611829,0.09231199,0.06497195,0.22276439,-0.0037890524
1122,0.6138369,0.11710077,0.13973351,0.09975482,0.4741034,0.01734595
1123,0.39186606,0.07691942,0.08157159,0.056803476,0.31029448,0.020115945
1124,0.5184149,0.091300726,0.116953336,0.085998185,0.40146157,0.005302541
1125,0.43042576,0.107653975,0.13411486,0.09686518,0.2963109,0.010788798
1126,0.46931615,0.0643953,0.122087516,0.07758271,0.34722865,-0.013187408
1127,0.38022566,0.1244807,0.10721708,0.07745859,0.27300858,0.04702211
1128,0.49192184,0.090923905,0.1029132,0.06811683,0.38900864,0.022807077
1129,0.52760124,0.069334954,0.10341025,0.07261446,0.424191,-0.0032795072
1130,0.491057,0.128018,0.15251237,0.11277753,0.33854464,0.015240476
1131,0.42428657,0.056231815,0.07475182,0.0515437,0.34953475,0.004688114
1132,0.6263337,0.14090951,0.17773698,0.13682935,0.44859672,0.0040801615
1133,0.39676163,0.0950787,0.13744928,0.0951258,0.25931233,-4.710257e-05
1134,0.27427217,0.045697786,0.07122481,0.047103535,0.20304736,-0.0014057495
1135,0.47282687,0.051176365,0.10440937,0.0717635,0.3684175,-0.020587135
1136,0.4683556,0.08300232,0.15727426,0.10195971,0.31108135,-0.018957391
1137,0.41142285,0.082850374,0.100194395,0.07464822,0.31122845,0.008202158
1138,0.36971444,0.07455619,0.11649191,0.08010897,0.25322253,-0.0055527836
1139,0.7323149,0.19892567,0.17851911,0.13634333,0.55379575,0.062582344
1140,0.38708195,0.071535595,0.116349384,0.079630226,0.27073258,-0.008094631
1141,0.54192305,0.062306788,0.111289605,0.07425158,0.43063343,-0.011944789
1142,0.460315,0.10697164,0.10120027,0.07189452,0.3591147,0.035077117
1143,0.41733924,0.10805386,0.11039917,0.0815588,0.30694008,0.026495062
1144,0.4355564,0.09880223,0.11982651,0.084431976,0.31572992,0.014370255
1145,0.38703138,0.06950958,0.094772026,0.06649464,0.29225934,0.003014937
1146,0.43551186,0.09107613,0.1371287,0.106832944,0.29838318,-0.015756816
1147,0.51986325,0.07694373,0.10856079,0.08385353,0.41130245,-0.006909795
1148,0.5788358,0.24180683,0.2147244,0.17109674,0.36411136,0.07071009
1149,0.5842791,0.11543967,0.1509866,0.11191982,0.4332925,0.003519848
1150,0.43291354,0.07189347,0.073605135,0.0515915,0.35930842,0.020301968
1151,0.47225988,0.046288405,0.09514475,0.07068627,0.37711513,-0.024397869
1152,0.60749465,0.16063172,0.18075046,0.13187197,0.4267442,0.028759748
1153,0.37292677,0.08451864,0.10275256,0.07489639,0.2701742,0.0096222535
1154,0.57842416,0.040097736,0.06158973,0.043899473,0.51683444,-0.003801737
1155,0.35926592,0.056137856,0.10273534,0.06555941,0.25653058,-0.009421553
1156,0.5070301,0.10578456,0.16225044,0.12381202,0.34477967,-0.018027462
1157,0.46648732,0.1032475,0.12852757,0.0997735,0.33795977,0.0034740046
1158,0.38640237,0.06393598,0.07986768,0.057426933,0.30653468,0.006509047
1159,0.53748065,0.12416385,0.12412541,0.08795162,0.41335523,0.03621223
1160,0.58729357,0.029237725,0.09321915,0.055874057,0.4940744,-0.026636332
1161,0.5243267,0.10364388,0.15073499,0.11109048,0.3735917,-0.007446602
1162,0.36657673,0.048410412,0.07615132,0.054829206,0.29042542,-0.0064187944
1163,0.58576363,0.08933906,0.11730222,0.08631361,0.46846142,0.0030254498
1164,0.5783617,0.09413336,0.13818339,0.10068751,0.4401783,-0.006554149
1165,0.2812881,0.05148493,0.08146557,0.057953052,0.19982252,-0.006468121
1166,0.32235992,0.061891906,0.082473986,0.060568474,0.23988593,0.0013234317
1167,0.49166927,0.08701721,0.111017555,0.0792779,0.3806517,0.0077393055
1168,0.49208316,0.059165917,0.06956337,0.051753655,0.4225198,0.0074122623
1169,0.4831151,0.09804159,0.13250908,0.08595855,0.35060602,0.012083039
1170,0.45655248,0.08801015,0.11656018,0.0866865,0.33999228,0.0013236478
1171,0.6675126,0.09771364,0.14054862,0.1029537,0.52696395,-0.0052400604
1172,0.6902031,0.07323133,0.07685465,0.054505948,0.6133484,0.018725384
1173,0.39098006,0.079825416,0.10779658,0.07128367,0.2831835,0.008541748
1174,0.5329714,0.099421605,0.13602135,0.094494745,0.39695004,0.0049268603
1175,0.49447507,0.09565536,0.14174548,0.10256805,0.3527296,-0.0069126934
1176,0.3352957,0.077104636,0.08677763,0.06958893,0.24851808,0.007515706
1177,0.36494264,0.04475088,0.061982118,0.043139473,0.30296052,0.0016114078
1178,0.46291283,0.071925804,0.11452592,0.07093794,0.3483869,0.000987865
1179,0.53660166,0.10262416,0.11245414,0.07080505,0.42414752,0.031819113
1180,0.4368329,0.06378099,0.09458122,0.05878932,0.3422517,0.004991673
1181,0.57039994,0.06761162,0.09651616,0.07244823,0.47388378,-0.0048366114
1182,0.35631594,0.052970197,0.08306055,0.059900135,0.2732554,-0.0069299378
1183,0.4472333,0.051434524,0.09230048,0.06360237,0.3549328,-0.012167849
1184,0.5302076,0.02945115,0.042002268,0.026821053,0.4882053,0.0026300978
1185,0.6991963,0.007730374,0.046873163,0.027547043,0.6523231,-0.019816669
1186,0.300096,0.05236498,0.0699126,0.051561065,0.23018341,0.0008039139
1187,0.51045275,0.12752195,0.14511287,0.10721449,0.36533988,0.020307459
1188,0.43325293,0.08465076,0.12382319,0.09230211,0.30942973,-0.007651344
1189,0.62655085,0.113489,0.17820781,0.11992171,0.44834304,-0.0064327046
1190,0.40866837,0.07998318,0.12660891,0.09172994,0.28205946,-0.011746757
1191,0.35494277,0.04357421,0.0870895,0.058056306,0.26785326,-0.014482096
1192,0.4410006,0.091588534,0.14066213,0.10075248,0.30033848,-0.009163946
1193,0.5589122,0.044142917,0.06701511,0.04217912,0.4918971,0.001963798
1194,0.43741047,0.050045036,0.08837897,0.059810814,0.3490315,-0.009765778
1195,0.54297423,0.08324544,0.14793496,0.10232694,0.39503926,-0.019081496
1196,0.48659107,0.11769421,0.097551346,0.06886739,0.38903973,0.048826814
1197,0.6088137,0.18450266,0.21721949,0.1641334,0.39159423,0.020369262
1198,0.3410793,0.06486606,0.08625578,0.063170955,0.2548235,0.001695104
1199,0.36716494,0.11227576,0.10765284,0.06859672,0.2595121,0.043679036
1200,0.55027163,0.058709294,0.10947749,0.07751741,0.44079414,-0.018808119
1201,0.36028367,0.058615167,0.06219597,0.04596637,0.29808772,0.0126487985
1202,0.3563528,0.0444208,0.06881496,0.0477979,0.28753784,-0.0033770986
1203,0.6303792,0.05294324,0.08096467,0.055012476,0.5494145,-0.0020692348
1204,0.4877697,0.09990233,0.12397848,0.09089906,0.36379123,0.009003274
1205,0.5118054,0.0701959,0.105829306,0.069094606,0.40597612,0.0011012927
1206,0.35451612,0.065841615,0.09178117,0.06378229,0.26273495,0.0020593256
1207,0.47078678,0.08197951,0.12678042,0.08584138,0.34400636,-0.003861867
1208,0.38871843,0.01509371,0.022992454,0.017661838,0.36572596,-0.0025681276
1209,0.540046,0.086452276,0.12445586,0.08244787,0.4155901,0.004004404
1210,0.38405222,0.067742474,0.08225196,0.05949853,0.30180025,0.0082439445
1211,0.4579949,0.063278146,0.0841084,0.056479793,0.37388653,0.006798353
1212,0.48419356,0.07686594,0.100746065,0.07259901,0.3834475,0.0042669326
1213,0.47918332,0.07691452,0.098622225,0.06491805,0.38056108,0.01199647
1214,0.41474822,0.11218742,0.12121368,0.09194996,0.29353455,0.02023746
1215,0.6682506,0.102200925,0.1522795,0.10304053,0.5159711,-0.0008396059
1216,0.47116283,0.055137902,0.09550926,0.07024438,0.37565356,-0.015106477
1217,0.5350133,0.045812067,0.08578522,0.052138392,0.4492281,-0.0063263252
1218,0.37524617,0.08939399,0.09404873,0.066448964,0.28119743,0.022945024
1219,0.57384586,0.065451816,0.13275819,0.091094434,0.44108766,-0.025642619
1220,0.42957658,0.08172696,0.08334433,0.058562912,0.34623224,0.023164049
1221,0.3918543,0.08741442,0.09669124,0.07574728,0.29516304,0.01166714
1222,0.4692751,0.06282376,0.09411873,0.06586352,0.37515634,-0.0030397624
1223,0.46992433,0.053798907,0.08727069,0.06369439,0.38265365,-0.009895481
1224,0.45977807,0.1593222,0.11694325,0.08806693,0.34283483,0.071255274
1225,0.3680174,0.094070755,0.08912569,0.06683107,0.2788917,0.027239688
1226,0.4907086,0.06931679,0.09381452,0.064918496,0.39689407,0.004398294
1227,0.5659914,0.06280789,0.089392155,0.06566196,0.47659925,-0.0028540716
1228,0.43316895,0.05985933,0.0896502,0.05881188,0.34351873,0.001047451
1229,0.47565627,0.064999364,0.085165955,0.057057284,0.39049032,0.0079420805
1230,0.4370114,0.064241044,0.091091946,0.06741099,0.34591943,-0.0031699464
1231,0.4874595,0.12915176,0.1058539,0.084478065,0.38160563,0.044673696
1232,0.52348244,0.10459321,0.13725613,0.101694554,0.3862263,0.0028986558
1233,0.5029523,0.099324755,0.15296453,0.10562851,0.34998775,-0.0063037574
1234,0.50842106,0.06955775,0.07784401,0.0564745,0.43057704,0.013083249
1235,0.44621992,0.111688696,0.1444104,0.10970895,0.30180952,0.001979746
1236,0.70918447,0.005754679,0.022907086,0.014621548,0.6862774,-0.008866869
1237,0.43012267,0.066908315,0.09436288,0.07509016,0.3357598,-0.008181848
1238,0.5862966,0.055808686,0.11175349,0.07384518,0.47454312,-0.018036492
1239,0.62735635,0.07477645,0.1162484,0.072664954,0.5111079,0.0021114945
1240,0.39621797,0.10071056,0.12773342,0.08954397,0.26848453,0.011166595
1241,0.46104205,0.11761871,0.13725017,0.10746187,0.32379186,0.01015684
1242,0.5247782,0.09015348,0.12468041,0.08992496,0.4000978,0.00022851676
1243,0.4392935,0.03566102,0.06095426,0.044138912,0.37833923,-0.008477893
1244,0.5128066,0.06059738,0.102022864,0.06658475,0.41078374,-0.0059873722
1245,0.4186312,0.08392094,0.10589207,0.08222136,0.31273913,0.0016995817
1246,0.6261302,0.07114422,0.12602907,0.09011044,0.50010115,-0.01896622
1247,0.52061087,0.08064956,0.10552166,0.07952526,0.41508922,0.0011243001
1248,0.47188258,0.07831076,0.13050726,0.08398022,0.34137532,-0.0056694597
1249,0.6509691,0.16791844,0.20228495,0.15575269,0.44868416,0.012165755
1250,0.47465336,0.095190935,0.119258106,0.085605495,0.35539526,0.00958544
1251,0.5845793,0.028688302,0.04741683,0.02912608,0.5371625,-0.0004377775
1252,0.37293217,0.037119593,0.08093634,0.053720612,0.29199582,-0.016601019
1253,0.70534587,0.048661284,0.11799309,0.07342967,0.58735275,-0.024768382
1254,0.38988823,0.076634765,0.12775937,0.09404908,0.26212886,-0.017414317
1255,0.3629689,0.0467227,0.06644923,0.048343267,0.29651967,-0.0016205683
1256,0.6518012,0.14057094,0.16398524,0.11751935,0.48781598,0.02305159
1257,0.47459102,0.08444064,0.12263686,0.09089901,0.35195416,-0.006458372
1258,0.56296796,0.052072763,0.09009292,0.059790853,0.47287503,-0.00771809
1259,0.48605314,0.035050802,0.09426867,0.0636239,0.39178446,-0.028573096
1260,0.39640096,0.08328841,0.1574001,0.10980143,0.23900086,-0.026513018
1261,0.4371502,0.078655235,0.11414633,0.081154756,0.3230039,-0.0024995208
1262,0.24739744,0.02893585,0.046394706,0.030758617,0.20100273,-0.0018227678
1263,0.43208247,0.11898128,0.123926714,0.08598536,0.30815578,0.032995917
1264,0.44592962,0.07191756,0.10412103,0.06762108,0.3418086,0.0042964816
1265,0.41486755,0.05795008,0.099534616,0.06894357,0.31533295,-0.010993488
1266,0.47269943,0.11487431,0.13745104,0.08857506,0.3352484,0.026299253
1267,0.31631634,0.03977952,0.06370871,0.039014786,0.25260764,0.00076473504
1268,0.51469624,0.09321363,0.13405465,0.09824267,0.38064158,-0.0050290376
1269,0.5103082,0.06986278,0.10690104,0.07447997,0.40340716,-0.0046171844
1270,0.53103274,0.07564063,0.12668332,0.08928499,0.40434942,-0.01364436
1271,0.4200979,0.06901172,0.09325931,0.069082506,0.32683858,-7.0787966e-05
1272,0.4747734,0.12169941,0.13898821,0.10017908,0.3357852,0.021520324
1273,0.41796884,0.050580636,0.0774151,0.05763391,0.34055373,-0.0070532747
1274,0.33183658,0.06207983,0.08332987,0.057421006,0.24850671,0.004658822
1275,0.49078375,0.069651134,0.10672509,0.07672766,0.38405865,-0.007076524
1276,0.4823667,0.06401511,0.095282115,0.064388655,0.3870846,-0.0003735423
1277,0.39661232,0.12376797,0.124211796,0.09165038,0.27240053,0.03211759
1278,0.8080387,0.15872067,0.22547154,0.16311088,0.58256716,-0.00439021
1279,0.5784516,0.08737627,0.09818673,0.06920704,0.48026484,0.018169224
1280,0.48766005,0.110843115,0.1460611,0.10806422,0.34159896,0.0027788952
1281,0.5581651,0.0972684,0.10937268,0.07568768,0.4487924,0.021580726
1282,0.6070745,0.070541576,0.11672525,0.08168871,0.49034923,-0.011147134
1283,0.5564657,0.13780656,0.18788707,0.11989019,0.3685786,0.017916374
1284,0.43252432,0.09352464,0.12047482,0.08726387,0.3120495,0.006260775
1285,0.47003934,0.099713236,0.13314432,0.092537515,0.33689502,0.007175721
1286,0.6481457,0.03875022,0.052131914,0.039936293,0.5960138,-0.0011860728
1287,0.4327775,0.075637124,0.11133723,0.08120698,0.32144028,-0.005569853
1288,0.29807135,0.06890367,0.06623933,0.047941014,0.23183203,0.020962656
1289,0.31580672,0.04705385,0.0818441,0.059692707,0.23396263,-0.012638856
1290,0.4626637,0.07496209,0.10726333,0.070046246,0.35540038,0.004915841
1291,0.5475683,0.12253936,0.15061472,0.11699408,0.39695358,0.0055452734
1292,0.58075017,0.15338576,0.18191576,0.14025429,0.3988344,0.0131314695
1293,0.47461686,0.09588812,0.13717836,0.09776135,0.3374385,-0.001873225
1294,0.6170821,0.084354535,0.107414894,0.07591364,0.5096672,0.008440897
1295,0.34377256,0.053299014,0.069000505,0.050469447,0.27477205,0.0028295666
1296,0.37403882,0.047204256,0.09537073,0.06652363,0.27866808,-0.01931937
1297,0.5066716,0.103785604,0.10593847,0.07519881,0.40073314,0.028586797
1298,0.41241565,0.04307419,0.040043578,0.02661951,0.3723721,0.01645468
1299,0.42202583,0.053273868,0.06886976,0.043825723,0.35315606,0.009448145
1300,0.44910568,0.07802524,0.10518705,0.075187474,0.34391862,0.0028377622
1301,0.3425765,0.05191706,0.076919034,0.04818598,0.26565748,0.0037310794
1302,0.44008866,0.05191793,0.07971266,0.05949482,0.360376,-0.0075768903
1303,0.52702147,0.102431305,0.13293596,0.102299444,0.39408553,0.00013186038
1304,0.40799612,0.061544046,0.10094383,0.06878379,0.30705228,-0.007239744
1305,0.5197616,0.101472706,0.091734126,0.063942626,0.4280275,0.03753008
1306,0.5421873,0.08927103,0.11139906,0.082321644,0.43078822,0.0069493875
1307,0.44891146,0.09476625,0.108471625,0.08457002,0.34043983,0.010196231
1308,0.46162698,0.07617331,0.08352372,0.06302666,0.37810326,0.013146654
1309,0.45451272,0.08196979,0.1172005,0.08135519,0.33731222,0.0006145984
1310,0.38431215,0.055347055,0.07891912,0.05651707,0.30539304,-0.0011700131
1311,0.46926758,0.06180174,0.096419334,0.06877018,0.37284824,-0.0069684386
1312,0.41447696,0.060044248,0.0774343,0.055752266,0.33704266,0.0042919815
1313,0.36524975,0.06992911,0.077942505,0.055401023,0.28730726,0.014528085
1314,0.51377416,0.10250893,0.1500918,0.10445587,0.36368236,-0.001946941
1315,0.6566993,0.030795518,0.054886345,0.03539407,0.60181296,-0.0045985505
1316,0.37249658,0.08843453,0.10892299,0.07142102,0.2635736,0.017013513
1317,0.5432704,0.07989279,0.13271466,0.07874638,0.41055575,0.0011464134
1318,0.6033833,0.13143814,0.15064909,0.11783494,0.45273423,0.013603196
1319,0.5120049,0.07343222,0.10327176,0.07790868,0.40873316,-0.004476458
1320,0.3733034,0.068977624,0.08516817,0.056091342,0.28813523,0.012886282
1321,0.47752762,0.06432141,0.10744031,0.07517199,0.37008733,-0.010850579
1322,0.4265122,0.05983465,0.09005617,0.060112834,0.33645603,-0.00027818233
1323,0.47427845,0.093097694,0.10007185,0.06687735,0.3742066,0.026220344
1324,0.34865087,0.071213365,0.0988528,0.07880362,0.24979807,-0.0075902566
1325,0.5323829,0.12660621,0.15699224,0.12532084,0.37539065,0.0012853742
1326,0.736671,0.008948984,0.051372,0.02743424,0.685299,-0.018485256
1327,0.3983587,0.075787455,0.088399276,0.07376171,0.3099594,0.0020257458
1328,0.2514709,0.041524354,0.06743172,0.04767132,0.18403918,-0.0061469674
1329,0.52015966,0.08506648,0.11649042,0.07997733,0.40366924,0.005089149
1330,0.4626957,0.1213996,0.11855795,0.08412056,0.34413773,0.03727904
1331,0.33901104,0.070891276,0.06836183,0.050719924,0.2706492,0.020171352
1332,0.5669197,0.04054308,0.101907514,0.065842785,0.46501216,-0.025299706
1333,0.337785,0.095467456,0.10051366,0.075089484,0.23727134,0.020377971
1334,0.48817432,0.05564504,0.0870694,0.0599435,0.40110493,-0.0042984597
1335,0.5276311,0.03498671,0.115063064,0.06811921,0.41256803,-0.033132505
1336,0.44625953,0.053619966,0.07909351,0.05586594,0.367166,-0.0022459738
1337,0.35925955,0.06984136,0.08790451,0.062154315,0.27135503,0.007687047
1338,0.45458382,0.15531498,0.15580802,0.11713758,0.2987758,0.0381774
1339,0.5503278,0.07187297,0.113776356,0.08490522,0.43655142,-0.01303225
1340,0.46799618,0.047706783,0.093162,0.060311228,0.37483418,-0.012604445
1341,0.42681563,0.11043661,0.13413878,0.09661658,0.29267687,0.01382003
1342,0.485892,0.074639834,0.116736025,0.08316591,0.36915597,-0.008526072
1343,0.68227756,0.16421977,0.18119724,0.14676963,0.50108033,0.017450139
1344,0.3234339,0.063252635,0.08220729,0.061580386,0.24122661,0.0016722493
1345,0.33061358,0.055319328,0.0852221,0.05932145,0.24539149,-0.0040021203
1346,0.52067536,0.071401566,0.10210697,0.07738529,0.41856837,-0.005983725
1347,0.38348556,0.072192915,0.08819835,0.069198236,0.2952872,0.002994679
1348,0.5308028,0.121824026,0.118143424,0.09353167,0.41265935,0.028292358
1349,0.49740025,0.095114164,0.113092035,0.08119765,0.38430822,0.013916515
1350,0.6020036,0.113928065,0.13514945,0.097232334,0.46685413,0.01669573
1351,0.48533624,0.1312076,0.16654988,0.114757426,0.31878638,0.016450174
1352,0.47229448,0.067133285,0.101960994,0.07035747,0.3703335,-0.0032241866
1353,0.5157666,0.025393546,0.050581984,0.035850834,0.46518463,-0.0104572885
1354,0.5936823,0.086425625,0.16213293,0.10740346,0.43154937,-0.020977832
1355,0.500436,0.11008098,0.09521334,0.078970365,0.40522265,0.031110615
1356,0.28896987,0.058580123,0.089879654,0.0659444,0.19909021,-0.0073642805
1357,0.42584476,0.07168902,0.074848756,0.058038708,0.35099602,0.013650309
1358,0.5137423,0.043030642,0.08494915,0.05857944,0.4287932,-0.015548799
1359,0.50998807,0.042163957,0.068096556,0.05055874,0.44189152,-0.0083947815
1360,0.3837634,0.08182212,0.09693279,0.06560223,0.2868306,0.016219892
1361,0.43030432,0.029711938,0.07961876,0.05097904,0.35068557,-0.021267103
1362,0.46090844,0.09430976,0.10084884,0.08116569,0.36005962,0.013144068
1363,0.648505,0.018979503,0.065692686,0.041866083,0.5828123,-0.02288658
1364,0.36938608,0.06995391,0.07565055,0.046820622,0.29373553,0.02313329
1365,0.40864745,0.07116772,0.077307925,0.05530941,0.33133954,0.015858311
1366,0.4954357,0.09210256,0.0965361,0.06880901,0.3988996,0.023293547
1367,0.5116003,0.11069856,0.11472112,0.08369606,0.3968792,0.027002499
1368,0.3679352,0.039947055,0.08505066,0.054337945,0.28288454,-0.01439089
1369,0.4058272,0.08215537,0.088989794,0.060852814,0.3168374,0.021302555
1370,0.4770732,0.09642468,0.10535724,0.07639431,0.37171596,0.020030364
1371,0.37793726,0.08701249,0.081979714,0.06016867,0.29595754,0.026843823
1372,0.4369303,0.09911741,0.1383483,0.09838352,0.29858202,0.00073388964
1373,0.40743595,0.04324171,0.088972166,0.06453135,0.3184638,-0.02128964
1374,0.42842445,0.11481576,0.13219574,0.105108194,0.2962287,0.009707563
1375,0.6615943,0.08891903,0.09781799,0.07326079,0.56377625,0.015658237
1376,0.38839486,0.096791096,0.107669204,0.072637424,0.28072566,0.024153672
1377,0.28379962,0.07451712,0.08812618,0.06029654,0.19567344,0.014220584
1378,0.5441512,0.12734593,0.11512338,0.0903078,0.4290278,0.037038133
1379,0.38705686,0.081476726,0.08839934,0.06773482,0.2986575,0.013741903
1380,0.3756115,0.07172527,0.1321984,0.08577752,0.24341312,-0.0140522495
1381,0.34219998,0.034269232,0.06952778,0.05052216,0.2726722,-0.016252927
1382,0.27777037,0.06455448,0.08875539,0.0623006,0.18901497,0.0022538826
1383,0.40812254,0.066952564,0.089623034,0.057798095,0.3184995,0.009154469
1384,0.45375624,0.11982403,0.15836981,0.11167707,0.29538643,0.008146957
1385,0.3818997,0.06451422,0.1218501,0.082818165,0.2600496,-0.018303946
1386,0.5194995,0.0997742,0.14898275,0.09442816,0.37051672,0.0053460374
1387,0.551703,-0.0023418097,0.036949318,0.022853604,0.51475364,-0.025195412
1388,0.30652356,0.023364015,0.046601027,0.030383363,0.25992253,-0.0070193484
1389,0.5153861,0.1252687,0.12646952,0.09114044,0.38891658,0.034128256
1390,0.57888657,0.11021374,0.14394242,0.10009852,0.43494415,0.010115221
1391,0.44402304,0.062558174,0.08450399,0.056653637,0.35951906,0.0059045367
1392,0.5339757,0.081464,0.08482112,0.060633358,0.44915462,0.020830642
1393,0.4154856,0.085949525,0.08728558,0.06876925,0.3282,0.017180279
1394,0.49271774,0.056776475,0.10860199,0.07078989,0.38411576,-0.014013413
1395,0.47285163,0.112296514,0.1484496,0.11400648,0.32440203,-0.0017099679
1396,0.44495425,0.11210321,0.14121827,0.102699324,0.30373597,0.009403884
1397,0.38749704,0.06830004,0.0918432,0.0664379,0.29565382,0.0018621385
1398,0.47439155,0.04905782,0.080514975,0.059594348,0.39387658,-0.010536529
1399,0.54954845,0.10764547,0.13964707,0.10531688,0.40990138,0.0023285896
1400,0.29583955,0.038656235,0.05306423,0.0360537,0.24277532,0.0026025362
1401,0.4870524,0.06944242,0.08105053,0.058640376,0.40600187,0.010802045
1402,0.5698705,0.105705075,0.11395879,0.08772135,0.4559117,0.017983727
1403,0.4438498,0.10080689,0.15086094,0.11767325,0.29298887,-0.016866356
1404,0.39321527,0.06173933,0.11424511,0.07698669,0.27897015,-0.015247364
1405,0.5290332,0.09657685,0.115813896,0.087416105,0.41321927,0.009160742
1406,0.565263,0.121760555,0.14335011,0.101994105,0.42191285,0.01976645
1407,0.33026412,0.04413533,0.065088734,0.04947025,0.2651754,-0.005334921
1408,0.34255332,0.07822206,0.07552945,0.053090483,0.26702386,0.025131576
1409,0.4184335,0.09148993,0.09671396,0.06412281,0.32171953,0.027367122
1410,0.46665165,0.08469939,0.10535339,0.07166837,0.36129826,0.013031021
1411,0.43972918,0.08254564,0.12211514,0.08373404,0.31761405,-0.0011884049
1412,0.5294719,0.06552552,0.09754444,0.07073656,0.43192744,-0.0052110404
1413,0.5360281,0.051609058,0.10606724,0.06621319,0.42996085,-0.014604133
1414,0.39820182,0.06747552,0.09302724,0.069682166,0.3051746,-0.002206646
1415,0.56429356,0.07832651,0.11391186,0.08138487,0.4503817,-0.003058359
1416,0.5186326,0.08643103,0.12818304,0.09266428,0.39044955,-0.0062332526
1417,0.54784244,0.12065725,0.17321967,0.121788695,0.37462276,-0.0011314452
1418,0.52366185,0.09054447,0.1073246,0.082888976,0.41633725,0.007655494
1419,0.39835778,0.07463145,0.10021836,0.07196603,0.29813942,0.0026654229
1420,0.41482913,0.0872402,0.10999202,0.07838296,0.3048371,0.008857235
1421,0.5698365,0.024085151,0.05486808,0.033862147,0.5149684,-0.009776996
1422,0.53451866,0.13495888,0.18648037,0.13513036,0.3480383,-0.00017148256
1423,0.55110353,0.08347425,0.17883341,0.11575079,0.3722701,-0.03227654
1424,0.36990413,0.053571388,0.09530204,0.05896069,0.2746021,-0.005389303
1425,0.48831043,0.07187058,0.1030594,0.0670275,0.38525102,0.0048430786
1426,0.37523758,0.0929084,0.14979103,0.106345326,0.22544655,-0.013436928
1427,0.43770102,0.06661776,0.11215839,0.07537786,0.32554263,-0.008760102
1428,0.39951548,0.07614624,0.07705034,0.058782116,0.32246512,0.017364122
1429,0.56047237,0.09414027,0.0877942,0.07017171,0.47267818,0.023968562
1430,0.38819733,0.054382175,0.08404896,0.056462258,0.30414838,-0.002080083
1431,0.46372628,0.07343357,0.10302012,0.077126995,0.36070615,-0.0036934242
1432,0.19882548,0.04194653,0.05478498,0.03844584,0.1440405,0.0035006888
1433,0.46858025,0.074763216,0.121924445,0.07510248,0.3466558,-0.0003392622
1434,0.5281178,0.07949801,0.11278305,0.08382006,0.41533473,-0.004322052
1435,0.565792,0.047215123,0.0729174,0.04894773,0.49287462,-0.0017326064
1436,0.32731918,0.08944785,0.089240216,0.06411656,0.23807895,0.025331289
1437,0.43896696,0.069122344,0.09338048,0.0671359,0.34558648,0.001986444
1438,0.49641812,0.06063047,0.09403656,0.07080555,0.40238157,-0.010175079
1439,0.45656693,0.07987818,0.105166376,0.07917786,0.35140055,0.0007003248
1440,0.41262707,0.09483369,0.122504026,0.08165458,0.29012305,0.0131791085
1441,0.31274545,0.05774123,0.08812503,0.062526494,0.22462043,-0.004785266
1442,0.5713229,0.07786721,0.10423142,0.07523558,0.4670915,0.002631627
1443,0.4519573,0.04827736,0.085111655,0.06275306,0.36684564,-0.0144756995
1444,0.4078617,0.07902641,0.11274058,0.08079031,0.29512113,-0.0017639026
1445,0.44144174,0.04621093,0.07878475,0.0558337,0.362657,-0.009622771
1446,0.6195884,0.09895339,0.15520889,0.10711854,0.4643795,-0.008165151
1447,0.35838205,0.03516363,0.07863109,0.052808568,0.27975094,-0.017644938
1448,0.47899127,0.08820275,0.11839563,0.07755374,0.36059564,0.010649011
1449,0.48723036,0.061133005,0.09324914,0.064835764,0.39398122,-0.0037027597
1450,0.4379097,0.06011432,0.08194418,0.05986908,0.3559655,0.0002452396
1451,0.48634607,0.11157575,0.12514266,0.099971905,0.3612034,0.011603847
1452,0.5700861,0.076836616,0.10679924,0.07748905,0.46328688,-0.00065243244
1453,0.53685,0.12487887,0.13566858,0.102950476,0.4011814,0.021928392
1454,0.47622287,0.024143817,0.05700946,0.042371377,0.4192134,-0.01822756
1455,0.36205372,0.059652496,0.08849044,0.053142443,0.27356327,0.006510053
1456,0.37654883,0.107434876,0.10191048,0.07642627,0.27463835,0.031008609
1457,0.34861,0.075758204,0.10655882,0.06855116,0.24205118,0.0072070435
1458,0.30719665,0.063326254,0.07733528,0.055761185,0.22986136,0.00756507
1459,0.3247242,0.038187,0.070309356,0.054546334,0.25441486,-0.016359333
1460,0.43653348,0.053648658,0.104303926,0.06634052,0.33222955,-0.012691863
1461,0.40500775,0.063731216,0.07847109,0.04762929,0.32653666,0.016101927
1462,0.5385513,0.086445235,0.13132536,0.0859552,0.4072259,0.00049003214
1463,0.4945783,0.11302871,0.09963839,0.06606911,0.3949399,0.0469596
1464,0.5396015,0.07572773,0.1349906,0.090668,0.4046109,-0.014940269
1465,0.5404429,0.08397428,0.10827726,0.08017735,0.43216562,0.0037969276
1466,0.25395054,0.043169662,0.069951154,0.051542576,0.18399939,-0.008372914
1467,0.39088848,0.07227548,0.10643801,0.08092117,0.28445047,-0.008645691
1468,0.3979467,0.05036499,0.10145711,0.06755685,0.29648957,-0.01719186
1469,0.5217252,0.13397354,0.14314735,0.106054716,0.37857783,0.027918823
1470,0.43012825,0.12847923,0.102735035,0.07761045,0.3273932,0.05086878
1471,0.4466072,0.06421095,0.09506897,0.07050404,0.35153824,-0.006293088
1472,0.41833156,0.09305409,0.09394243,0.07363017,0.32438913,0.019423924
1473,0.55858797,0.08502128,0.112083435,0.078746706,0.44650453,0.0062745735
1474,0.31554046,0.04444817,0.07121541,0.052556705,0.24432504,-0.008108534
1475,0.37470514,0.044407222,0.0802901,0.063101456,0.29441503,-0.018694233
1476,0.45954323,0.03656702,0.0538879,0.042346355,0.40565532,-0.0057793334
1477,0.66856277,0.060542975,0.068925664,0.05416587,0.5996371,0.0063771047
1478,0.41365153,0.05053067,0.088568404,0.05584778,0.32508314,-0.0053171106
1479,0.46823105,0.10212244,0.112514265,0.08786233,0.3557168,0.014260113
1480,0.45035824,0.0964563,0.09818858,0.06973916,0.35216966,0.026717134
1481,0.41002074,0.071474224,0.084110595,0.06449127,0.32591015,0.0069829524
1482,0.5591538,0.06898704,0.12075738,0.08290387,0.43839642,-0.013916828
1483,0.41485438,0.07104003,0.10827197,0.07452358,0.3065824,-0.0034835562
1484,0.39500844,0.059152737,0.076274514,0.05309996,0.31873393,0.006052777
1485,0.4110017,0.080359936,0.0826429,0.056444317,0.32835883,0.023915619
1486,0.5082136,0.08809247,0.12764469,0.08025239,0.3805689,0.007840082
1487,0.40150288,0.0831881,0.112509936,0.075930536,0.28899294,0.007257566
1488,0.5075588,0.030172106,0.03419972,0.023378229,0.4733591,0.006793877
1489,0.50281453,0.057787552,0.09427395,0.062368263,0.40854058,-0.00458071
1490,0.28084975,0.07557755,0.068667635,0.048490606,0.21218212,0.027086943
1491,0.49155796,0.13001835,0.13853154,0.10225705,0.35302642,0.027761303
1492,0.37283882,0.05353918,0.08651485,0.06146657,0.28632396,-0.007927392
1493,0.42664698,0.06269369,0.08546981,0.059516374,0.34117717,0.0031773187
1494,0.47598088,0.09263168,0.11592579,0.08393115,0.3600551,0.008700535
1495,0.5367681,0.07021675,0.1180269,0.082874276,0.41874117,-0.012657523
1496,0.5313871,0.09646313,0.122984484,0.093503445,0.40840262,0.0029596835
1497,0.58941257,0.075418875,0.12245886,0.08573841,0.4669537,-0.010319538
1498,0.5264846,0.10379091,0.11434367,0.07645247,0.41214094,0.027338438
1499,0.51580906,0.082237266,0.09983082,0.07279659,0.41597825,0.009440675
1500,0.5020507,0.091790274,0.11912384,0.08222886,0.38292685,0.009561412
1501,0.425659,0.12621404,0.124658935,0.089743204,0.30100006,0.036470838
1502,0.73369265,0.036157954,0.09828618,0.06608073,0.6354065,-0.029922772
1503,0.48762587,0.044812813,0.087101266,0.05681203,0.40052462,-0.011999216
1504,0.45532823,0.09631439,0.109667815,0.07317133,0.34566042,0.02314306
1505,0.3067401,0.04237753,0.07558527,0.05311574,0.23115483,-0.010738209
1506,0.49687836,0.06778284,0.08462954,0.06365954,0.41224882,0.0041233003
1507,0.6878271,0.11195248,0.14216422,0.10197847,0.5456629,0.00997401
1508,0.432056,0.15909705,0.16015549,0.1194911,0.27190053,0.039605945
1509,0.41730154,0.083996736,0.11027599,0.08320138,0.30702555,0.00079535693
1510,0.54338545,0.049033277,0.07732111,0.05622687,0.46606433,-0.0071935914
1511,0.53084755,0.12268617,0.12615651,0.08917462,0.40469104,0.03351155
1512,0.51366127,0.08037429,0.08831165,0.06196945,0.42534962,0.018404841
1513,0.4875442,0.04032169,0.07107982,0.05451313,0.4164644,-0.014191441
1514,0.4086252,0.08257075,0.10700254,0.07229651,0.30162263,0.010274239
1515,0.48327494,0.06775049,0.081477,0.05614798,0.40179795,0.01160251
1516,0.53539205,0.120734066,0.1363606,0.08247297,0.39903146,0.038261093
1517,0.34546074,0.07781613,0.08520022,0.05017015,0.26026052,0.02764598
1518,0.41662788,0.09032849,0.096877076,0.07600997,0.31975082,0.014318526
1519,0.47442597,0.111531906,0.13376996,0.09828142,0.340656,0.013250485
1520,0.40149972,0.04963918,0.059991866,0.043268137,0.34150785,0.0063710436
1521,0.49910715,0.15182054,0.14211582,0.11746704,0.35699135,0.034353502
1522,0.5352977,0.08521715,0.12338129,0.08099881,0.4119164,0.00421834
1523,0.42446673,0.08466937,0.0759995,0.056127086,0.34846723,0.02854228
1524,0.51632535,0.007480394,0.040788595,0.026854897,0.47553676,-0.019374503
1525,0.5749003,0.06261017,0.10904269,0.07498519,0.46585763,-0.0123750195
1526,0.4248981,0.06355144,0.0926704,0.06786267,0.33222768,-0.0043112263
1527,0.5060571,0.113551155,0.12781647,0.09542079,0.37824062,0.018130362
1528,0.6671141,0.027045947,0.047336508,0.03331328,0.61977756,-0.0062673353
1529,0.46285924,0.07994745,0.096719846,0.069924735,0.3661394,0.010022715
1530,0.47136772,0.10217888,0.13428795,0.09892093,0.33707976,0.0032579526
1531,0.6134737,0.09153564,0.15242337,0.117298156,0.46105033,-0.025762513
1532,0.45365334,0.08633417,0.10670267,0.08073232,0.34695065,0.0056018457
1533,0.5115284,0.11187415,0.1709393,0.1245366,0.34058908,-0.012662455
1534,0.34017527,0.08794718,0.09518825,0.07152798,0.24498701,0.016419202
1535,0.554295,0.11049612,0.1104234,0.0763925,0.44387162,0.034103617
1536,0.69939256,0.14946029,0.19526851,0.1366858,0.50412405,0.012774482
1537,0.48467848,0.1309482,0.10167537,0.07749181,0.38300312,0.05345639
1538,0.43235764,0.09633553,0.10446143,0.07376923,0.3278962,0.022566304
1539,0.50654626,0.07837632,0.0930832,0.07253327,0.41346306,0.005843051
1540,0.46819326,0.04745502,0.080421,0.05217471,0.38777226,-0.0047196895
1541,0.49557194,0.07625823,0.121419884,0.07729021,0.37415206,-0.0010319799
1542,0.40717897,0.044480473,0.084313214,0.057578694,0.32286575,-0.013098221
1543,0.49371347,0.038239963,0.11910329,0.07189114,0.3746102,-0.033651173
1544,0.46940693,0.08421087,0.1044261,0.07523454,0.36498082,0.008976333
1545,0.43257955,0.10774508,0.118092194,0.09148045,0.31448734,0.016264632
1546,0.22216812,0.038593914,0.054451514,0.03820035,0.16771661,0.00039356574
1547,0.59168637,0.11009552,0.15722218,0.11325002,0.4344642,-0.0031544939
1548,0.58341646,0.070829034,0.12516351,0.082301185,0.45825297,-0.011472151
1549,0.52550584,0.10104094,0.121421665,0.09070542,0.40408418,0.01033552
1550,0.62510943,0.14116697,0.14531179,0.103675276,0.47979766,0.037491694
1551,0.37830508,0.07777634,0.09832695,0.07602952,0.27997813,0.0017468259
1552,0.46951154,0.05412373,0.08206731,0.056055717,0.38744423,-0.0019319877
1553,0.5462997,0.078615144,0.09579927,0.06366941,0.45050043,0.014945731
1554,0.6096963,0.084467106,0.14174241,0.09751671,0.46795392,-0.0130496025
1555,0.22067808,0.035895415,0.048593804,0.029649561,0.17208427,0.0062458534
1556,0.5594651,0.07780067,0.10272703,0.07239735,0.45673808,0.0054033175
1557,0.49848515,0.06568825,0.09150748,0.06518302,0.40697765,0.0005052313
1558,0.43316537,0.077802055,0.08553202,0.060091246,0.34763336,0.017710809
1559,0.69373155,0.08106094,0.1147966,0.08269602,0.57893497,-0.0016350821
1560,0.36340156,0.1051631,0.1157944,0.08098824,0.24760717,0.024174854
1561,0.5755239,0.15995944,0.16565962,0.12747857,0.4098643,0.032480866
1562,0.38729233,0.08695479,0.10866188,0.07238933,0.27863044,0.01456546
1563,0.42347437,0.07642164,0.11878523,0.08029877,0.30468914,-0.0038771257
1564,0.3239922,0.062030494,0.079000704,0.05643748,0.24499148,0.005593013
1565,0.47345805,0.041255515,0.087863944,0.05927406,0.3855941,-0.018018544
1566,0.47167352,0.057468038,0.081698835,0.061157282,0.38997468,-0.0036892444
1567,0.5832171,0.07176482,0.120196626,0.08324486,0.46302044,-0.011480041
1568,0.57040334,0.093782485,0.14916326,0.11316377,0.4212401,-0.019381285
1569,0.4216374,0.06691007,0.07881978,0.06098766,0.3428176,0.0059224144
1570,0.48855898,0.057614803,0.09362187,0.06452874,0.3949371,-0.0069139376
1571,0.36167902,0.033260223,0.06932907,0.047563557,0.29234993,-0.014303334
1572,0.4957572,0.09779534,0.13420546,0.09867499,0.36155173,-0.0008796528
1573,0.37972504,0.030234352,0.07911481,0.048340403,0.30061024,-0.01810605
1574,0.44532195,0.0555703,0.07351343,0.049439356,0.37180853,0.006130945
1575,0.44186184,0.0844646,0.08150466,0.058508024,0.36035717,0.025956579
1576,0.4970106,0.09105022,0.10906109,0.07865931,0.3879495,0.012390912
1577,0.4689729,0.09340825,0.11727123,0.08312822,0.35170168,0.010280028
1578,0.28729257,0.07138198,0.07779237,0.059234414,0.2095002,0.012147564
1579,0.2712914,0.036126867,0.07018466,0.04799937,0.20110674,-0.011872504
1580,0.5766298,0.08697873,0.12897117,0.08382294,0.44765866,0.0031557903
1581,0.38072035,0.099132776,0.089971736,0.06382453,0.2907486,0.03530825
1582,0.3978125,0.07655602,0.10285186,0.074790776,0.29496062,0.0017652437
1583,0.53270245,0.07541236,0.11596128,0.075882405,0.41674116,-0.00047004223
1584,0.41014293,0.064133056,0.085207015,0.06279661,0.3249359,0.0013364479
1585,0.54278755,0.10917549,0.13426647,0.103865884,0.4085211,0.005309604
1586,0.3833231,0.057198767,0.07409016,0.05901763,0.30923295,-0.0018188618
1587,0.4058556,0.08391574,0.11624531,0.08158119,0.2896103,0.00233455
1588,0.44226673,0.05192007,0.101014525,0.07174443,0.3412522,-0.019824356
1589,0.35947257,0.08098629,0.10042548,0.064562984,0.2590471,0.016423307
1590,0.295208,0.061402872,0.08287154,0.057836894,0.21233647,0.0035659783
1591,0.5214409,0.093437746,0.112179935,0.083650514,0.409261,0.009787232
1592,0.41291645,0.076493844,0.091353655,0.06874673,0.3215628,0.0077471137
1593,0.4945637,0.08956062,0.1099184,0.07786402,0.38464528,0.011696599
1594,0.46138355,0.097520865,0.13004702,0.096915096,0.33133653,0.00060576946
1595,0.41878137,0.10066379,0.09167839,0.07150721,0.327103,0.02915658
1596,0.2653616,0.037316166,0.05999104,0.04147736,0.20537058,-0.004161194
1597,0.48480275,0.10439021,0.12706214,0.0861107,0.3577406,0.018279508
1598,0.7265336,0.19013721,0.27456954,0.1949446,0.45196405,-0.0048073977
1599,0.5149517,0.07058108,0.09107453,0.06696682,0.42387718,0.0036142617
1600,0.42022055,0.028786464,0.08876902,0.058914747,0.33145154,-0.030128283
1601,0.46291202,0.068951234,0.08849058,0.06813004,0.37442145,0.00082119554
1602,0.6612441,0.12895668,0.1749988,0.1265609,0.48624527,0.002395779
1603,0.42947456,0.071199425,0.113633186,0.076139644,0.31584138,-0.004940219
1604,0.36644566,0.020647615,0.058759842,0.036677804,0.30768582,-0.016030189
1605,0.47462815,0.09806331,0.13059077,0.09115835,0.34403738,0.0069049597
1606,0.4162256,0.07268543,0.11872523,0.076642744,0.29750037,-0.0039573163
1607,0.5343254,0.07604178,0.11628855,0.08449016,0.41803688,-0.008448377
1608,0.54335785,0.051174957,0.12858424,0.07132207,0.4147736,-0.020147111
1609,0.51237065,0.07046316,0.09323811,0.06810467,0.41913253,0.0023584887
1610,0.49914435,0.04610533,0.07881293,0.05901017,0.42033142,-0.012904841
1611,0.56131595,0.057430062,0.09022399,0.05883598,0.47109196,-0.0014059171
1612,0.380503,0.04027317,0.07391503,0.051323615,0.30658796,-0.011050444
1613,0.43777445,0.034943666,0.10621473,0.057721365,0.33155972,-0.022777699
1614,0.48472932,0.058755234,0.0876629,0.05487119,0.3970664,0.0038840435
1615,0.5009912,0.033682622,0.035675906,0.02347443,0.4653153,0.010208191
1616,0.41890356,0.07999442,0.093985796,0.068742536,0.32491776,0.011251882
1617,0.6552354,0.13854332,0.16773966,0.1226498,0.48749575,0.015893526
1618,0.51662195,0.1258578,0.1631986,0.115237884,0.35342336,0.010619916
1619,0.33734152,0.0705601,0.07826476,0.057423867,0.25907677,0.01313623
1620,0.57403964,0.045955572,0.06433864,0.042325545,0.509701,0.0036300272
1621,0.50484973,0.09025545,0.1084862,0.082345255,0.39636353,0.007910192
1622,0.40314704,0.029114565,0.07557291,0.04546905,0.32757413,-0.016354484
1623,0.472902,0.075311884,0.10270329,0.08094372,0.37019873,-0.0056318343
1624,0.46083215,0.09598208,0.10643056,0.07771328,0.3544016,0.018268801
1625,0.66849315,0.11054254,0.10318671,0.07257391,0.5653064,0.037968636
1626,0.44968033,0.06315518,0.10023349,0.07671532,0.34944683,-0.013560139
1627,0.42548525,0.103009515,0.09885668,0.06598938,0.32662857,0.037020132
1628,0.4897003,0.07408433,0.10015249,0.07307641,0.3895478,0.0010079145
1629,0.5027785,0.0652744,0.08968479,0.06357475,0.4130937,0.0016996488
1630,0.32421437,0.038272783,0.09941302,0.061951682,0.22480135,-0.023678899
1631,0.5102919,0.060985524,0.09892919,0.07611416,0.41136268,-0.015128639
1632,0.38418302,0.06547473,0.08398216,0.062033392,0.30020085,0.0034413412
1633,0.50018495,0.105198234,0.12944011,0.08689074,0.37074482,0.018307492
1634,0.46899062,0.06579718,0.090597056,0.06648976,0.37839356,-0.0006925836
1635,0.26520666,0.009975698,0.046464972,0.031116487,0.21874169,-0.02114079
1636,0.564734,0.06421989,0.09991214,0.0757112,0.46482185,-0.011491306
1637,0.5834647,0.010804903,0.04895339,0.028454488,0.53451127,-0.017649585
1638,0.31372073,0.054461315,0.058772057,0.04458567,0.25494868,0.009875644
1639,0.58594745,0.038883027,0.043332674,0.0248855,0.54261476,0.013997527
1640,0.2793116,0.07362816,0.075811066,0.05274763,0.20350054,0.020880528
1641,0.44492686,0.080898695,0.10877,0.07658971,0.33615685,0.0043089837
1642,0.4551006,0.09804758,0.07619904,0.054272518,0.37890154,0.04377506
1643,0.5529294,0.112796284,0.12634245,0.08801347,0.42658696,0.024782814
1644,0.43479937,0.055455994,0.080700904,0.058342285,0.35409847,-0.0028862916
1645,0.5227771,0.06560263,0.10517293,0.075616255,0.41760415,-0.010013625
1646,0.4335651,0.049854863,0.09031613,0.06368042,0.34324896,-0.013825554
1647,0.4666644,0.051915254,0.10016038,0.06713844,0.366504,-0.015223186
1648,0.42632422,0.080116116,0.09223025,0.06430834,0.33409396,0.015807778
1649,0.41437528,0.055185206,0.085769415,0.057057545,0.32860586,-0.0018723384
1650,0.50131756,0.11325263,0.12433959,0.0792761,0.37697798,0.033976533
1651,0.47832945,0.055770125,0.082474105,0.062275272,0.39585534,-0.0065051466
1652,0.5378324,0.123836,0.1492921,0.10128379,0.38854027,0.022552215
1653,0.34510288,0.083230324,0.088974945,0.06445121,0.25612792,0.018779114
1654,0.37886697,0.05816581,0.08980602,0.056078445,0.28906095,0.0020873658
1655,0.61915207,0.11318408,0.17915301,0.13030618,0.43999904,-0.017122105
1656,0.44748145,0.070470855,0.12107104,0.073293135,0.3264104,-0.00282228
1657,0.5931559,0.1049521,0.14715084,0.110954076,0.44600508,-0.006001979
1658,0.4822856,0.1156165,0.1394293,0.092650585,0.3428563,0.022965916
1659,0.4637497,0.083547026,0.114527114,0.08337589,0.3492226,0.00017113239
1660,0.52953905,0.050096504,0.076441236,0.053385273,0.45309782,-0.0032887682
1661,0.50475574,0.07785152,0.09481686,0.07198312,0.40993887,0.0058683977
1662,0.46501517,0.04558708,0.069890425,0.04917802,0.39512473,-0.0035909377
1663,0.4432584,0.09421273,0.14214772,0.09644474,0.30111068,-0.0022320077
1664,0.45754743,0.053380173,0.07782051,0.054934505,0.37972692,-0.0015543327
1665,0.4160209,0.06348257,0.09928525,0.064117014,0.31673566,-0.00063444674
1666,0.28145802,0.053718522,0.07795364,0.056323677,0.20350438,-0.002605155
1667,0.55076116,0.11359649,0.15139483,0.10438793,0.39936632,0.00920856
1668,0.5347708,0.08642829,0.11852799,0.08506098,0.41624278,0.0013673156
1669,0.52057207,0.08653693,0.11538944,0.090849124,0.40518263,-0.004312195
1670,0.48625264,0.078215614,0.078023665,0.057189733,0.40822896,0.021025881
1671,0.5078165,0.08545083,0.12089416,0.07661993,0.38692233,0.0088308975
1672,0.40666938,0.099068224,0.12197749,0.09011316,0.28469187,0.008955061
1673,0.33986795,0.03766099,0.057148267,0.043491725,0.28271967,-0.005830735
1674,0.6452438,0.07739518,0.14860447,0.1006077,0.49663937,-0.023212522
1675,0.5116621,0.14317286,0.13043569,0.098542176,0.38122642,0.044630684
1676,0.37127414,0.08575165,0.11347199,0.07758877,0.25780216,0.008162886
1677,0.43701288,0.0789309,0.10687631,0.07612081,0.33013657,0.0028100908
1678,0.486389,0.11758322,0.12264125,0.08316892,0.36374778,0.034414306
1679,0.39425585,0.051311083,0.07769432,0.053638157,0.31656152,-0.0023270734
1680,0.5132432,0.08827767,0.12314768,0.08879706,0.39009553,-0.0005193949
1681,0.58961636,0.05213914,0.055256262,0.041595872,0.5343601,0.010543268
1682,0.5081469,0.114026286,0.110111386,0.08162329,0.3980355,0.032402992
1683,0.35382554,0.044598885,0.074223116,0.04983485,0.2796024,-0.0052359663
1684,0.3860666,0.06418524,0.06719602,0.050028272,0.31887057,0.014156967
1685,0.47540274,0.046994057,0.06447208,0.042409647,0.41093066,0.0045844093
1686,0.43515354,0.06727738,0.10694038,0.07239382,0.32821316,-0.0051164404
1687,0.44517732,0.08179308,0.09695439,0.071598575,0.3482229,0.010194503
1688,0.39963374,0.058243744,0.07682931,0.056840662,0.32280442,0.0014030822
1689,0.53296345,0.06533629,0.10106917,0.0745271,0.4318943,-0.009190813
1690,0.47293025,0.13857482,0.12972984,0.09493076,0.34320042,0.043644063
1691,0.4661829,0.07572041,0.087284215,0.06153464,0.37889868,0.014185768
1692,0.459716,0.09110857,0.12559372,0.0880554,0.33412227,0.003053166
1693,0.72103596,0.16080484,0.1822056,0.11268612,0.53883034,0.048118718
1694,0.38023698,0.050146475,0.077953875,0.056272216,0.3022831,-0.0061257407
1695,0.54517466,0.0969513,0.12258968,0.08371212,0.42258498,0.013239175
1696,0.40502575,0.08273246,0.09273087,0.06821252,0.31229487,0.014519945
1697,0.36981305,0.037961066,0.07747646,0.057821754,0.29233658,-0.019860689
1698,0.4333327,0.047219526,0.08441134,0.06126191,0.34892136,-0.014042385
1699,0.47062957,0.043456808,0.088973135,0.056452416,0.38165644,-0.012995608
1700,0.6752267,0.036410928,0.05582375,0.040268373,0.61940295,-0.003857445
1701,0.3292674,0.05291601,0.07391282,0.05343473,0.25535458,-0.0005187206
1702,0.42951226,0.04818208,0.07404398,0.051577043,0.35546827,-0.0033949614
1703,0.62673575,0.17269589,0.18067305,0.13867277,0.44606268,0.03402312
1704,0.5651295,0.08473748,0.105199926,0.08234464,0.4599296,0.0023928434
1705,0.5673992,0.09099879,0.10437162,0.06998768,0.4630276,0.021011114
1706,0.4241185,0.059113022,0.06362601,0.047766723,0.36049247,0.011346299
1707,0.37827927,0.044280067,0.0753071,0.043529492,0.30297217,0.0007505752
1708,0.63823515,0.12238421,0.14599116,0.11044396,0.492244,0.011940256
1709,0.50112313,0.0804392,0.09280007,0.07046876,0.40832305,0.009970441
1710,0.5541899,0.108563624,0.10298442,0.078065984,0.4512055,0.03049764
1711,0.2597637,0.04027615,0.08742081,0.059044022,0.17234288,-0.018767871
1712,0.35619906,0.052045945,0.0594619,0.04182526,0.29673716,0.010220684
1713,0.40619975,0.08093545,0.10592562,0.072945364,0.30027413,0.007990085
1714,0.33632502,0.049157154,0.06688681,0.053536773,0.2694382,-0.004379619
1715,0.41057736,0.022733929,0.047306012,0.029774742,0.36327136,-0.0070408136
1716,0.38235974,0.09279658,0.11654398,0.07190802,0.26581576,0.02088856
1717,0.4006549,0.08624232,0.111532785,0.0797411,0.28912213,0.00650122
1718,0.5475079,0.034083694,0.07900545,0.04919788,0.46850243,-0.0151141845
1719,0.445996,0.04080015,0.08891654,0.061227098,0.35707945,-0.020426948
1720,0.51194274,0.08054721,0.12215795,0.08016354,0.38978478,0.0003836751
1721,0.56437725,0.084026754,0.10689476,0.07964882,0.4574825,0.0043779314
1722,0.4793854,0.06619404,0.09678026,0.06810475,0.38260514,-0.0019107088
1723,0.4970433,0.06771429,0.108338386,0.074387334,0.38870493,-0.0066730455
1724,0.38455266,0.048323404,0.07846627,0.05508901,0.3060864,-0.0067656077
1725,0.46624422,0.05513617,0.08680356,0.063335374,0.37944067,-0.008199204
1726,0.46996155,0.07640153,0.099028826,0.0791124,0.37093273,-0.0027108714
1727,0.45557326,0.11388648,0.10948452,0.0697045,0.34608874,0.04418198
1728,0.31694165,0.053482898,0.08268514,0.055838875,0.2342565,-0.002355978
1729,0.3388083,0.05025534,0.079838045,0.05648095,0.25897026,-0.006225612
1730,0.4131459,0.08520279,0.11092044,0.077825524,0.30222547,0.007377267
1731,0.54086494,0.13073073,0.17923953,0.12989567,0.36162543,0.0008350611
1732,0.45550564,0.07801824,0.10476411,0.07385002,0.35074154,0.00416822
1733,0.43312505,0.044342402,0.08935577,0.05892147,0.34376928,-0.014579069
1734,0.4856023,0.066360086,0.11344985,0.07674121,0.37215245,-0.010381125
1735,0.418068,0.044628106,0.06275779,0.044529844,0.3553102,9.826198e-05
1736,0.4904646,0.052671034,0.11261586,0.07319308,0.37784874,-0.020522047
1737,0.55924594,0.07934842,0.098491356,0.072104625,0.46075457,0.007243797
1738,0.5295198,0.0852588,0.10070255,0.0719764,0.42881724,0.013282396
1739,0.41088068,0.104288,0.11584643,0.07647619,0.29503426,0.02781181
1740,0.46819746,0.061830092,0.08956009,0.06444782,0.37863737,-0.002617728
1741,0.5222363,0.07068368,0.11086311,0.08398274,0.41137317,-0.013299063
1742,0.44189262,0.031385414,0.07633169,0.046081845,0.36556095,-0.01469643
1743,0.40761438,0.06301463,0.09569271,0.07462955,0.31192166,-0.011614926
1744,0.7187157,0.13984556,0.1734756,0.12814942,0.54524016,0.011696145
1745,0.45208618,0.09118237,0.14483865,0.0985402,0.30724752,-0.0073578283
1746,0.6976634,0.11870597,0.18739931,0.12807922,0.5102641,-0.009373248
1747,0.43770114,0.09202691,0.12422965,0.08514162,0.3134715,0.00688529
1748,0.39679173,0.056018446,0.057159066,0.03901434,0.33963266,0.017004106
1749,0.5446556,0.06599223,0.09770871,0.05825903,0.44694692,0.0077331997
1750,0.42640996,0.080523394,0.10776873,0.08081391,0.31864125,-0.00029051304
1751,0.6013529,0.13080873,0.14092237,0.103494376,0.4604305,0.02731435
1752,0.537916,0.07762126,0.13101235,0.086092025,0.40690365,-0.008470766
1753,0.32351428,0.07870868,0.08044856,0.05736709,0.24306571,0.021341588
1754,0.44247752,0.029263131,0.055957403,0.03734742,0.38652012,-0.00808429
1755,0.3949123,0.062071033,0.08934365,0.06864427,0.30556864,-0.0065732375
1756,0.468533,0.09702768,0.08841714,0.06319475,0.38011587,0.03383293
1757,0.4721852,0.06662463,0.10861865,0.079535075,0.36356655,-0.012910448
1758,0.6968576,0.0330339,0.04841723,0.035148848,0.64844036,-0.002114948
1759,0.57938516,0.08485156,0.13083482,0.0860251,0.44855034,-0.0011735335
1760,0.674738,0.068934865,0.1371077,0.083574556,0.5376303,-0.0146396905
1761,0.5071271,0.06791969,0.08641597,0.059793066,0.42071113,0.00812662
1762,0.4267594,0.028004838,0.0820803,0.05348875,0.3446791,-0.025483912
1763,0.5179404,0.067884445,0.10514901,0.06796478,0.4127914,-8.033216e-05
1764,0.38611814,0.102103785,0.09075215,0.0687474,0.295366,0.033356383
1765,0.43531698,0.027599424,0.07564324,0.050098475,0.35967374,-0.022499051
1766,0.4684413,0.04915806,0.07570715,0.052573748,0.39273417,-0.0034156889
1767,0.43850228,0.092411235,0.11268618,0.083879754,0.3258161,0.008531481
1768,0.44425896,0.09766085,0.10645792,0.08072673,0.33780104,0.01693412
1769,0.6082698,0.1763717,0.17165281,0.12959404,0.43661702,0.04677765
1770,0.4118499,0.059702076,0.08625627,0.061286483,0.32559362,-0.001584407
1771,0.5105081,0.078134716,0.101443455,0.066783465,0.40906465,0.01135125
1772,0.67891824,0.019322472,0.050613094,0.031631842,0.62830514,-0.012309371
1773,0.4747676,0.056441158,0.08829348,0.06299219,0.38647413,-0.0065510347
1774,0.42616376,0.0780862,0.09915032,0.07148578,0.32701343,0.006600417
1775,0.5822968,0.09571147,0.15935928,0.12295055,0.4229375,-0.027239077
1776,0.37408203,0.060817882,0.09030539,0.061379444,0.28377664,-0.00056156144
1777,0.48672977,0.10502834,0.103747405,0.067218095,0.38298237,0.037810244
1778,0.4705389,0.0706133,0.1084138,0.08489167,0.3621251,-0.014278367
1779,0.43915498,0.078718245,0.09658989,0.06686956,0.3425651,0.011848688
1780,0.53858745,0.06852859,0.09586004,0.067482635,0.44272742,0.0010459572
1781,0.44484803,0.11250656,0.12570782,0.09622198,0.3191402,0.016284578
1782,0.5279965,0.06780465,0.09624763,0.07183597,0.43174887,-0.004031323
1783,0.47232503,0.09779354,0.14496593,0.11609371,0.32735908,-0.018300168
1784,0.48082834,0.05656385,0.10000699,0.07183442,0.38082135,-0.015270572
1785,0.539426,0.10763894,0.14095758,0.08630474,0.39846843,0.021334201
1786,0.3847282,0.06784446,0.08123809,0.057032652,0.3034901,0.010811806
1787,0.50677204,0.09024657,0.10945395,0.08357686,0.3973181,0.006669715
1788,0.41617936,0.082734495,0.076368935,0.053965993,0.33981043,0.028768502
1789,0.45021847,0.021347957,0.034028705,0.024919733,0.41618976,-0.0035717767
1790,0.35630253,0.059712935,0.06460709,0.05119549,0.29169545,0.008517444
1791,0.46271107,0.09730744,0.099447876,0.07924411,0.3632632,0.018063337
1792,0.5209225,0.08528285,0.12825516,0.096308194,0.39266732,-0.011025347
1793,0.48331112,0.11852371,0.12724504,0.09824391,0.35606608,0.020279802
1794,0.5759139,0.072607815,0.105800055,0.07646119,0.47011384,-0.0038533732
1795,0.47496262,0.07249908,0.11363139,0.07950121,0.36133122,-0.00700213
1796,0.39824,0.07220234,0.11692984,0.07077337,0.28131017,0.0014289692
1797,0.36631387,0.058369566,0.083000116,0.06261132,0.28331375,-0.0042417534
1798,0.51559025,0.09556495,0.12435007,0.08770685,0.39124018,0.007858098
1799,0.5275258,0.093931265,0.12535723,0.08743529,0.40216857,0.006495975
1800,0.35636413,0.08182939,0.09359795,0.07042313,0.26276618,0.011406258
1801,0.46601045,0.10615196,0.1312396,0.09500789,0.33477086,0.011144072
1802,0.45021853,0.112316586,0.117391214,0.08753419,0.33282733,0.024782397
1803,0.57878685,0.07889458,0.102798015,0.06914381,0.47598884,0.009750769
1804,0.5036517,0.07239029,0.090681724,0.06564509,0.41296995,0.006745197
1805,0.45119303,0.06961483,0.10119073,0.073334634,0.3500023,-0.0037198067
1806,0.46298963,0.07813485,0.1087185,0.08190539,0.3542711,-0.0037705377
1807,0.43550795,0.098807156,0.08338592,0.059651088,0.35212204,0.039156068
1808,0.4565226,0.049855348,0.07871153,0.057150587,0.37781107,-0.0072952397
1809,0.3648561,0.057500616,0.08373556,0.058085646,0.28112054,-0.00058503076
1810,0.39444825,0.04076379,0.07218289,0.05315669,0.32226536,-0.012392897
1811,0.41857645,0.058791813,0.099140555,0.07199388,0.3194359,-0.013202067
1812,0.5556047,0.110264875,0.1341371,0.10093153,0.4214676,0.009333342
1813,0.5010147,0.058919292,0.07788831,0.052391354,0.4231264,0.006527938
1814,0.404533,0.09021219,0.11198142,0.07900596,0.29255158,0.011206232
1815,0.44393778,0.06764716,0.1054153,0.06929007,0.3385225,-0.0016429126
1816,0.40336233,0.059703466,0.083681725,0.058427237,0.3196806,0.0012762286
1817,0.3956215,0.09573738,0.11647299,0.078206465,0.27914852,0.017530918
1818,0.4658314,0.12881616,0.14587073,0.11474525,0.31996065,0.014070906
1819,0.51809704,0.08064737,0.128276,0.088523224,0.38982105,-0.007875852
1820,0.3998827,0.05409156,0.07808863,0.05192072,0.32179406,0.0021708421
1821,0.39716023,0.10585806,0.110872656,0.07913068,0.28628758,0.026727378
1822,0.3803855,0.06741898,0.06769462,0.046130095,0.31269085,0.021288883
1823,0.52178466,0.08573946,0.08914518,0.06131928,0.43263948,0.024420183
1824,0.34919387,0.05772078,0.0661536,0.048720583,0.2830403,0.009000197
1825,0.3524518,0.06255371,0.08780861,0.069189675,0.2646432,-0.006635964
1826,0.4342904,0.07278998,0.093896836,0.06104893,0.34039357,0.011741053
1827,0.45736554,0.057543095,0.09219765,0.062183835,0.3651679,-0.0046407394
1828,0.4310976,0.14426738,0.18998317,0.14403029,0.24111442,0.00023709238
1829,0.47290263,0.08303035,0.1072712,0.0829559,0.36563143,7.445365e-05
1830,0.44691056,0.0638072,0.101172954,0.06957773,0.3457376,-0.0057705343
1831,0.49772674,0.047541812,0.074215606,0.05204197,0.42351115,-0.004500158
1832,0.55006194,0.10456287,0.15883139,0.11411057,0.39123055,-0.0095476955
1833,0.5790833,0.024881786,0.05309106,0.04075472,0.5259923,-0.015872935
1834,0.5670598,0.077399746,0.115243606,0.08660231,0.4518162,-0.009202562
1835,0.52731496,0.034971625,0.10631769,0.065804474,0.42099726,-0.03083285
1836,0.3232341,0.026212225,0.067054495,0.043457776,0.25617963,-0.017245552
1837,0.50475883,0.09801135,0.12367413,0.090971135,0.3810847,0.0070402175
1838,0.40192404,0.040927157,0.08984277,0.060868915,0.31208128,-0.019941758
1839,0.6184093,0.07258007,0.11655603,0.07836867,0.5018532,-0.005788602
1840,0.4185715,0.04715747,0.075415805,0.047294628,0.34315568,-0.00013715774
1841,0.46807206,0.089233145,0.10036172,0.07093429,0.36771035,0.018298857
1842,0.29604834,0.058051504,0.0567973,0.039535258,0.23925105,0.018516246
1843,0.6413129,0.18462051,0.20551807,0.14314947,0.43579483,0.04147105
1844,0.34300813,0.06435856,0.08971075,0.061638393,0.2532974,0.0027201697
1845,0.5028585,0.07971434,0.103833616,0.07163802,0.3990249,0.008076325
1846,0.52794933,0.1255262,0.14725319,0.11486988,0.38069615,0.010656327
1847,0.43019164,0.05916548,0.08897518,0.056711644,0.34121644,0.0024538375
1848,0.23701042,0.047309548,0.059455827,0.0431283,0.17755459,0.004181247
1849,0.50251144,0.07179506,0.116873935,0.08117655,0.38563752,-0.009381488
1850,0.57600677,0.06666645,0.12781882,0.09302013,0.44818795,-0.026353687
1851,0.24515547,0.051964372,0.062379155,0.04623779,0.18277632,0.0057265833
1852,0.4334967,0.068220556,0.08839638,0.057258293,0.34510034,0.010962263
1853,0.42001426,0.05484641,0.10353095,0.0766321,0.31648332,-0.021785688
1854,0.44410568,0.064448275,0.09622665,0.07175855,0.34787905,-0.0073102787
1855,0.6480687,0.10585565,0.15381417,0.10650197,0.49425456,-0.0006463155
1856,0.4592995,0.07480097,0.13733803,0.08955621,0.32196146,-0.014755242
1857,0.44941032,0.085415386,0.11339371,0.0726455,0.3360166,0.012769885
1858,0.48641935,0.017258385,0.03902955,0.025859205,0.4473898,-0.00860082
1859,0.39253736,0.08058882,0.07812122,0.05787742,0.31441614,0.022711396
1860,0.42069596,0.09067298,0.10250126,0.06861172,0.3181947,0.022061259
1861,0.3662465,0.06826265,0.096376,0.070024766,0.2698705,-0.0017621145
1862,0.63380045,0.147278,0.16454796,0.12120533,0.46925247,0.026072666
1863,0.48337424,0.07719564,0.12683316,0.08962185,0.3565411,-0.012426212
1864,0.43047157,0.02031696,0.072713874,0.05256255,0.3577577,-0.03224559
1865,0.40299067,0.10205968,0.124307774,0.09244305,0.2786829,0.009616628
1866,0.59938467,0.019269548,0.035962448,0.028052313,0.5634222,-0.008782765
1867,0.57789135,0.026096582,0.046822604,0.03619881,0.53106874,-0.010102227
1868,0.47538033,0.059563275,0.08647133,0.059383567,0.388909,0.000179708
1869,0.39524335,0.087019034,0.099382326,0.07475752,0.295861,0.012261517
1870,0.46156242,0.07410881,0.08257093,0.06531928,0.37899148,0.008789532
1871,0.5260085,0.071043774,0.12160258,0.07640134,0.4044059,-0.0053575635
1872,0.46458176,0.09252884,0.10917937,0.08585968,0.35540238,0.0066691637
1873,0.55521494,0.081967145,0.12594369,0.09200056,0.42927125,-0.010033414
1874,0.5937474,0.032501776,0.093638144,0.06103667,0.50010926,-0.028534893
1875,0.4485382,0.068222634,0.07164515,0.05097853,0.37689307,0.017244104
1876,0.40800637,0.06299942,0.10399363,0.063195065,0.30401275,-0.0001956448
1877,0.54301345,0.08827046,0.09986064,0.07290931,0.44315282,0.015361153
1878,0.40485814,0.05504923,0.08649081,0.06570078,0.31836733,-0.010651547
1879,0.44990477,0.04621623,0.076586396,0.053704925,0.37331837,-0.007488694
1880,0.45749134,0.05449312,0.09534039,0.07025736,0.36215094,-0.015764236
1881,0.50914395,0.18384269,0.18288063,0.14889617,0.3262633,0.034946516
1882,0.36353403,0.07361838,0.10921635,0.08213884,0.2543177,-0.008520454
1883,0.60055894,0.00953036,0.031205978,0.018419638,0.569353,-0.008889278
1884,0.47100496,0.11300745,0.12557298,0.086825736,0.34543198,0.026181713
1885,0.5391227,0.08005827,0.09306052,0.07061828,0.44606218,0.00943999
1886,0.3485935,0.06277528,0.090078,0.06750741,0.2585155,-0.004732132
1887,0.395358,0.0938813,0.09063595,0.06909005,0.30472204,0.024791248
1888,0.4921236,0.07508076,0.09865486,0.06369631,0.39346874,0.01138445
1889,0.4218174,0.06930945,0.09188634,0.0641633,0.32993105,0.0051461533
1890,0.39884484,0.074404,0.113265894,0.08478084,0.28557894,-0.010376841
1891,0.4350598,0.07290221,0.10408623,0.06953952,0.33097357,0.003362693
1892,0.45949432,0.12767251,0.14251211,0.10537973,0.3169822,0.022292778
1893,0.42873517,0.09066979,0.11933902,0.08626733,0.30939615,0.0044024587
1894,0.42455754,0.111306086,0.11533812,0.07906761,0.30921942,0.032238476
1895,0.3313167,0.0368322,0.061829828,0.03957296,0.26948687,-0.0027407631
1896,0.47003356,0.079862736,0.10374368,0.07545879,0.36628988,0.004403949
1897,0.46596333,0.06929284,0.10543432,0.078248054,0.360529,-0.00895521
1898,0.54271054,0.078298196,0.136978,0.09073197,0.40573254,-0.012433775
1899,0.4832114,0.09954532,0.104962826,0.076266974,0.37824857,0.023278348
1900,0.530352,0.12054388,0.19612236,0.13681668,0.33422965,-0.016272798
1901,0.48362944,0.08011484,0.076905265,0.05180851,0.40672415,0.028306331
1902,0.5864528,0.10963251,0.13865234,0.10027406,0.44780046,0.009358443
1903,0.48490837,0.10351931,0.12119262,0.08364462,0.36371577,0.019874692
1904,0.3634623,0.052769903,0.07345568,0.05337833,0.29000664,-0.0006084256
1905,0.40505674,0.055979945,0.089733556,0.06788251,0.31532317,-0.011902563
1906,0.46100217,0.0493276,0.0950079,0.06617561,0.36599427,-0.01684801
1907,0.48684275,0.1033061,0.11049869,0.082608156,0.37634405,0.020697944
1908,0.40249515,0.060628977,0.06789406,0.048772067,0.3346011,0.01185691
1909,0.51774555,0.054995924,0.09364191,0.06692675,0.42410365,-0.011930823
1910,0.36547634,0.11296338,0.12977748,0.09778833,0.23569886,0.015175052
1911,0.44010773,0.09813861,0.12199435,0.088670425,0.3181134,0.009468183
1912,0.6100592,0.085358985,0.10464054,0.076950945,0.50541866,0.00840804
1913,0.467478,0.07156537,0.097157024,0.07261085,0.37032098,-0.0010454804
1914,0.41623032,0.08448894,0.104430884,0.07312071,0.31179944,0.01136823
1915,0.45465454,0.09247725,0.09739886,0.069618516,0.3572557,0.022858731
1916,0.47495437,0.051287625,0.0801939,0.05240275,0.39476046,-0.0011151247
1917,0.4275137,0.04577745,0.09095893,0.059963986,0.33655477,-0.014186535
1918,0.57639724,0.06500851,0.10664411,0.075394005,0.46975315,-0.010385491
1919,0.37724978,0.08699086,0.09111492,0.06765429,0.28613484,0.019336574
1920,0.41801736,0.08660437,0.0763234,0.059685975,0.34169397,0.026918396
1921,0.4317454,0.06649037,0.10213414,0.068272404,0.32961127,-0.0017820373
1922,0.35533795,0.09633765,0.14224851,0.10612572,0.21308944,-0.009788066
1923,0.41064823,0.08587082,0.092977464,0.066881955,0.31767076,0.018988863
1924,0.41612834,0.09451603,0.11906056,0.09031596,0.29706776,0.004200071
1925,0.26222014,0.10391035,0.0932105,0.07011539,0.16900964,0.033794962
1926,0.40816116,0.08282977,0.11587065,0.07840561,0.2922905,0.004424162
1927,0.46291894,0.07526788,0.08541366,0.06989611,0.37750527,0.0053717718
1928,0.45219776,0.075853445,0.098213606,0.07614996,0.35398415,-0.0002965182
1929,0.41923803,0.07304772,0.07861656,0.05468879,0.34062147,0.018358931
1930,0.6008432,0.08212022,0.13462073,0.09800913,0.46622247,-0.015888914
1931,0.4552008,0.05319707,0.07498302,0.054687314,0.38021776,-0.0014902428
1932,0.4618991,0.09745163,0.09980386,0.0761386,0.36209524,0.021313027
1933,0.22352754,0.023772882,0.04433206,0.030232284,0.17919548,-0.006459402
1934,0.5504359,0.13097791,0.14225055,0.10381613,0.40818536,0.027161784
1935,0.46765012,0.09000248,0.11663672,0.07957943,0.3510134,0.010423049
1936,0.49339026,0.093397304,0.14616498,0.09723117,0.34722528,-0.0038338676
1937,0.44892445,0.078829065,0.092061795,0.06655312,0.35686266,0.012275942
1938,0.55331695,0.08646356,0.09671485,0.06920135,0.4566021,0.017262213
1939,0.36623845,0.018498817,0.055705115,0.037182342,0.31053334,-0.018683525
1940,0.5653607,0.082095124,0.12532514,0.08891248,0.44003558,-0.0068173558
1941,0.4966732,0.088815905,0.10879078,0.07451733,0.3878824,0.014298573
1942,0.43087095,0.12004678,0.14501038,0.10880606,0.28586057,0.011240721
1943,0.47293177,0.077598825,0.095621966,0.065109044,0.3773098,0.012489781
1944,0.5305752,0.086605966,0.12065521,0.079511024,0.40992,0.007094942
1945,0.20955522,0.044705845,0.06226328,0.047595296,0.14729194,-0.0028894506
1946,0.37243447,0.058943283,0.08067891,0.05526716,0.29175556,0.003676124
1947,0.632046,0.1188268,0.14052239,0.10388052,0.4915236,0.014946282
1948,0.27371538,0.057133254,0.09749055,0.07476576,0.17622483,-0.017632503
1949,0.4686641,0.059002306,0.09331667,0.06623889,0.37534744,-0.0072365813
1950,0.6411241,0.14450708,0.19332123,0.14313269,0.4478029,0.0013743937
1951,0.6162878,0.050184228,0.094322026,0.06587939,0.5219658,-0.015695162
1952,0.42691165,0.06610244,0.08568849,0.05591928,0.34122318,0.010183159
1953,0.3969561,0.07414921,0.097946174,0.06984171,0.29900992,0.0043074936
1954,0.79191947,0.1151911,0.21838501,0.13938461,0.5735345,-0.02419351
1955,0.52748585,0.07441351,0.11541241,0.07481954,0.41207343,-0.0004060343
1956,0.50470144,0.0821505,0.09864088,0.074445,0.40606055,0.0077054948
1957,0.7067091,0.05606888,0.09540601,0.059973136,0.6113031,-0.003904257
1958,0.51970035,0.0681604,0.10250248,0.07066629,0.41719788,-0.002505891
1959,0.5716548,0.08967229,0.12657127,0.09269912,0.44508353,-0.0030268282
1960,0.4917153,0.09701068,0.09786021,0.06690876,0.3938551,0.030101918
1961,0.53159803,0.09433015,0.12486894,0.080716096,0.4067291,0.013614051
1962,0.71571505,0.28018147,0.33308637,0.27545872,0.38262868,0.004722744
1963,0.41792345,0.06052121,0.0859748,0.06734293,0.33194864,-0.006821718
1964,0.47940847,0.10764747,0.11295832,0.08442259,0.36645016,0.023224883
1965,0.41556656,0.088425525,0.11167262,0.08112132,0.30389395,0.0073042065
1966,0.49549702,0.100584656,0.1160525,0.08930563,0.3794445,0.011279024
1967,0.5456248,0.16400263,0.17343885,0.13438283,0.37218595,0.029619798
1968,0.45030573,0.09390513,0.130525,0.098789595,0.31978074,-0.0048844665
1969,0.50266874,0.102678716,0.13468078,0.09912938,0.36798796,0.0035493374
1970,0.5593352,0.115067236,0.20116548,0.13363074,0.35816967,-0.018563502
1971,0.53647244,0.1319458,0.16590832,0.122682884,0.3705641,0.009262919
1972,0.6158909,0.12669498,0.12931341,0.09899013,0.4865775,0.02770485
1973,0.49712244,0.0974738,0.118899345,0.089987114,0.3782231,0.007486686
1974,0.596052,0.13537441,0.15184389,0.10912105,0.4442081,0.026253365
1975,0.43101916,0.12522495,0.13182704,0.0982402,0.29919213,0.026984751
1976,0.55609065,0.10301579,0.14395292,0.105441615,0.41213775,-0.002425827
1977,0.7284157,0.16788375,0.17772557,0.13738833,0.5506902,0.03049542
1978,0.5115882,0.08882407,0.12061835,0.08702704,0.39096987,0.0017970279
1979,0.39197773,0.047020845,0.078777865,0.055833265,0.31319988,-0.00881242
1980,0.44522455,0.1015812,0.12182567,0.09245019,0.3233989,0.009131014
1981,0.3399569,0.06269364,0.07236049,0.0466446,0.26759642,0.016049042
1982,0.37404808,0.048795402,0.059443202,0.042246565,0.31460488,0.006548837
1983,0.35075387,0.050066967,0.082974,0.06033298,0.2677799,-0.010266013
1984,0.54429257,0.07603084,0.12961152,0.08460798,0.41468105,-0.008577138
1985,0.40730247,0.07332451,0.07721288,0.05423794,0.3300896,0.01908657
1986,0.47524074,0.08647952,0.1178911,0.083263494,0.35734963,0.0032160282
1987,0.5883328,0.068106614,0.13015544,0.08381328,0.45817733,-0.015706666
1988,0.48966098,0.08776344,0.09883891,0.07311144,0.39082205,0.014652006
1989,0.36576834,0.086762026,0.074984714,0.054593835,0.29078364,0.03216819
1990,0.22404341,0.05163784,0.08300787,0.052967798,0.14103554,-0.0013299584
1991,0.57922757,0.0783957,0.115566246,0.07640266,0.4636613,0.0019930452
1992,0.5036085,0.09713278,0.10571598,0.07435401,0.39789253,0.022778772
1993,0.45621625,0.05643666,0.08337926,0.058544964,0.37283698,-0.002108302
1994,0.52160966,0.06926114,0.09832641,0.06989223,0.42328325,-0.0006310865
1995,0.46496347,0.056739602,0.1025596,0.073862106,0.36240387,-0.017122503
1996,0.5061154,0.08155992,0.10145224,0.07535026,0.40466315,0.0062096566
1997,0.47059697,0.074410796,0.13112077,0.089591235,0.3394762,-0.015180439
1998,0.49040887,0.05864086,0.104518756,0.0632299,0.38589013,-0.0045890436
1999,0.41702646,0.09446771,0.13570005,0.09276421,0.2813264,0.0017034933
2000,0.41223085,0.08483422,0.09674614,0.07101768,0.3154847,0.0138165355
2001,0.40934587,0.08674675,0.122506104,0.09059,0.28683975,-0.003843248
2002,0.42243364,0.085975446,0.09539404,0.06931221,0.3270396,0.016663238
2003,0.49515867,0.057053767,0.08635568,0.0582724,0.408803,-0.0012186319
2004,0.5776718,0.10977811,0.10080311,0.07304458,0.47686872,0.03673353
2005,0.53031,0.070284374,0.095521234,0.07031605,0.43478873,-3.1672418e-05
2006,0.50605434,0.088521644,0.109506,0.076001436,0.39654833,0.012520209
2007,0.29949027,0.03202522,0.053458788,0.035427272,0.2460315,-0.0034020506
2008,0.2953846,0.07768442,0.09167245,0.061528217,0.20371214,0.0161562
2009,0.52900285,0.04071927,0.087695226,0.061699785,0.4413076,-0.020980515
2010,0.5272823,0.07676835,0.09199967,0.06327161,0.43528262,0.013496742
2011,0.52888364,0.089489944,0.10880786,0.077515155,0.42007577,0.011974789
2012,0.48742282,0.04887093,0.10695568,0.07069507,0.38046715,-0.021824144
2013,0.56965256,0.029792355,0.07076133,0.048068065,0.49889123,-0.01827571
2014,0.44994372,0.065832704,0.120098375,0.08024622,0.32984534,-0.014413513
2015,0.38280293,0.07912335,0.11426259,0.07570267,0.26854035,0.0034206808
2016,0.43822625,0.05267893,0.08788954,0.065244675,0.35033673,-0.012565743
2017,0.68082154,0.17033005,0.19672401,0.1300801,0.48409754,0.040249944
2018,0.46292445,0.077395715,0.10394805,0.07558417,0.3589764,0.0018115416
2019,0.5857258,0.06010466,0.12859303,0.081856325,0.45713276,-0.021751665
2020,0.47420153,0.08501457,0.10546486,0.08513934,0.36873668,-0.00012477487
2021,0.44685465,0.060320016,0.09221353,0.060888037,0.35464114,-0.0005680211
2022,0.5117645,0.086465895,0.12070626,0.08640793,0.39105827,5.7965517e-05
2023,0.42164472,0.06697525,0.11209511,0.08264912,0.3095496,-0.015673868
2024,0.3739277,0.02820731,0.042171642,0.024714697,0.33175606,0.0034926124
2025,0.5979223,0.13723975,0.14011395,0.09987708,0.45780838,0.037362672
2026,0.42691556,0.049158867,0.077947065,0.05294863,0.3489685,-0.003789764
2027,0.47447678,0.058961745,0.09883588,0.06956847,0.3756409,-0.010606725
2028,0.55221784,0.08125488,0.10746521,0.08025707,0.44475263,0.0009978041
2029,0.38396505,0.022129621,0.09934024,0.06272845,0.28462481,-0.04059883
2030,0.48167118,0.07387063,0.118053,0.08485515,0.3636182,-0.010984518
2031,0.37467557,0.021504764,0.033573177,0.027307715,0.3411024,-0.0058029518
2032,0.5089159,0.014570979,0.045120884,0.02875213,0.463795,-0.01418115
2033,0.49589968,0.052783083,0.075912654,0.047451474,0.41998702,0.0053316094
2034,0.5079898,0.086729616,0.0930797,0.06489419,0.41491014,0.021835424
2035,0.45489565,0.058137,0.08113303,0.056289162,0.3737626,0.0018478371
2036,0.490358,0.06708026,0.09859521,0.06588683,0.3917628,0.0011934265
2037,0.47171366,0.09100178,0.1071515,0.07687587,0.36456215,0.014125906
2038,0.4445207,0.052849915,0.10608229,0.067460716,0.33843842,-0.014610801
2039,0.53785926,0.11944092,0.16063538,0.12023408,0.37722388,-0.000793159
2040,0.3729422,0.075196005,0.08508664,0.060282607,0.28785557,0.014913399
2041,0.4475087,0.04282646,0.08285864,0.06169329,0.36465007,-0.01886683
2042,0.59039205,0.07002489,0.11652249,0.08142729,0.47386956,-0.011402398
2043,0.5155301,0.093298376,0.0917388,0.06832468,0.42379132,0.024973698
2044,0.37544727,0.039979905,0.085261434,0.047655758,0.29018584,-0.0076758526
2045,0.34882656,0.07104302,0.09505881,0.059113387,0.25376773,0.011929635
2046,0.26015735,0.034559697,0.051202618,0.036320675,0.20895472,-0.0017609783
2047,0.5055451,0.021553762,0.044286527,0.0341185,0.46125856,-0.012564737
2048,0.44122985,0.08478826,0.1173778,0.08215287,0.32385206,0.0026353896
2049,0.39114964,0.06317646,0.08184798,0.055162825,0.30930167,0.008013636
2050,0.5842185,0.13183886,0.076968245,0.05251903,0.50725025,0.07931983
2051,0.4988719,0.045709364,0.093954824,0.06658229,0.40491706,-0.020872928
2052,0.4643648,0.084093176,0.11584206,0.08147426,0.34852272,0.0026189163
2053,0.42498997,0.05108527,0.092900984,0.06173481,0.33208898,-0.0106495395
2054,0.37432906,0.07114619,0.0884429,0.06658092,0.28588617,0.0045652688
2055,0.5212251,0.10678093,0.08388071,0.062236346,0.43734437,0.044544585
2056,0.46093798,0.10875434,0.0954003,0.06962047,0.36553767,0.03913387
2057,0.58387345,0.10775141,0.15134941,0.11268712,0.43252403,-0.0049357116
2058,0.43946183,0.035794728,0.067530945,0.03862663,0.3719309,-0.0028319024
2059,0.44386306,0.053083822,0.10403471,0.0709979,0.33982837,-0.01791408
2060,0.4472584,0.098910786,0.07366813,0.052819826,0.3735903,0.04609096
2061,0.53055316,0.06255279,0.11323744,0.06688606,0.41731572,-0.0043332726
2062,0.47981212,0.060799725,0.0922701,0.05518273,0.387542,0.0056169964
2063,0.35594085,0.027656762,0.07251875,0.049810573,0.2834221,-0.022153812
2064,0.38180238,0.05742751,0.09348883,0.06537026,0.28831357,-0.007942751
2065,0.46015236,0.03127533,0.063342355,0.044336706,0.39681,-0.013061378
2066,0.4568626,0.09789807,0.12616025,0.08917467,0.33070236,0.0087234005
2067,0.521933,0.06948395,0.1010707,0.06826609,0.42086232,0.0012178645
2068,0.59183633,0.02355771,0.028339522,0.020328553,0.5634968,0.0032291561
2069,0.5271541,0.10320517,0.1459627,0.10445755,0.38119137,-0.001252383
2070,0.6082413,0.16254543,0.14976308,0.111015014,0.45847824,0.051530413
2071,0.19393964,0.033209495,0.059860144,0.037804212,0.1340795,-0.004594717
2072,0.30891988,0.07943703,0.09701004,0.06961236,0.21190983,0.009824671
2073,0.59517324,0.076639906,0.08805391,0.06275097,0.5071193,0.013888933
2074,0.4357772,0.087693855,0.11744549,0.08785782,0.3183317,-0.00016396493
2075,0.5532533,0.08201416,0.14802215,0.08946369,0.40523115,-0.00744953
2076,0.4687938,0.074683376,0.09356008,0.06379965,0.37523374,0.010883726
2077,0.47115934,0.06045144,0.09271401,0.06332415,0.37844533,-0.002872713
2078,0.55664206,0.078481406,0.10945855,0.07987522,0.4471835,-0.0013938174
2079,0.3568482,0.0695412,0.088172644,0.06690579,0.26867557,0.002635412
2080,0.4505325,0.061446257,0.07425903,0.05148743,0.37627345,0.009958826
2081,0.53293514,0.10355577,0.13147178,0.10370007,0.40146336,-0.00014430285
2082,0.5545429,0.09262193,0.10773736,0.08213404,0.44680554,0.010487892
2083,0.38365683,0.054742802,0.073851794,0.05340456,0.30980504,0.0013382435
2084,0.48495308,0.07780638,0.090907246,0.065064654,0.39404583,0.01274173
2085,0.4824248,0.058188334,0.10087883,0.05340418,0.38154596,0.0047841556
2086,0.6146737,0.109066024,0.13761073,0.09827654,0.47706294,0.010789484
2087,0.7168245,0.12798806,0.16403192,0.114523485,0.55279255,0.01346457
2088,0.49291885,0.13090923,0.165189,0.13276283,0.32772985,-0.0018536001
2089,0.41198742,0.081182994,0.073053725,0.05509581,0.3389337,0.026087184
2090,0.3962599,0.03156011,0.069884814,0.043133277,0.3263751,-0.011573166
2091,0.4921823,0.09209369,0.10034385,0.06333158,0.39183846,0.02876211
2092,0.41735217,0.046350427,0.071629345,0.049851738,0.34572282,-0.003501311
2093,0.54279524,0.09682668,0.11818509,0.08639727,0.42461014,0.010429412
2094,0.40957552,0.096110836,0.13793777,0.099951275,0.27163774,-0.003840439
2095,0.49395362,0.08892695,0.11827782,0.07724685,0.3756758,0.011680096
2096,0.47174504,0.070172265,0.07392212,0.05321094,0.39782292,0.016961325
2097,0.5159385,0.07306853,0.10807055,0.0753167,0.40786797,-0.002248168
2098,0.2482373,0.054435156,0.060220785,0.042976532,0.1880165,0.011458624
2099,0.5414579,0.073472455,0.092278175,0.06911444,0.4491797,0.004358016
2100,0.43746477,0.060748372,0.09303213,0.07073321,0.34443265,-0.00998484
2101,0.29014915,0.046339724,0.07187411,0.049945954,0.21827504,-0.00360623
2102,0.43887654,0.087728396,0.10782699,0.07268988,0.33104956,0.015038513
2103,0.524333,0.123950556,0.16431808,0.11596096,0.36001492,0.007989593
2104,0.75119865,0.1669308,0.17354998,0.13480516,0.57764864,0.032125637
2105,0.33480123,0.08484418,0.077021256,0.050378624,0.25777996,0.034465555
2106,0.49252394,0.094315946,0.09909824,0.070979044,0.3934257,0.023336902
2107,0.38009202,0.04727002,0.0914997,0.057296943,0.28859234,-0.010026924
2108,0.5871687,0.10785625,0.18692082,0.12532578,0.40024787,-0.017469533
2109,0.51223296,0.0805842,0.10030582,0.077159785,0.41192713,0.0034244135
2110,0.49807587,0.09069946,0.109476306,0.082673505,0.38859957,0.008025952
2111,0.46766654,0.081547976,0.1303848,0.09405901,0.33728173,-0.012511037
2112,0.51471406,0.09638011,0.108409025,0.07827457,0.40630504,0.018105537
2113,0.50127,0.08481355,0.1023666,0.073172264,0.3989034,0.011641286
2114,0.55607224,0.19790268,0.17308615,0.13370533,0.38298607,0.06419735
2115,0.4852612,0.04136997,0.064314574,0.044827003,0.42094663,-0.0034570321
2116,0.35661018,0.056476302,0.08094063,0.057355773,0.27566954,-0.00087947026
2117,0.47705474,0.11897725,0.112093374,0.0838137,0.3649614,0.03516355
2118,0.40397093,0.08054611,0.09805754,0.06181571,0.3059134,0.018730402
2119,0.3694299,0.04217422,0.06911754,0.054649998,0.30031234,-0.012475777
2120,0.45091692,0.12818849,0.15059674,0.09532067,0.30032018,0.03286782
2121,0.5897584,0.06259853,0.059135135,0.04745071,0.53062326,0.015147816
2122,0.5296574,0.0872404,0.13873939,0.09984565,0.39091802,-0.01260525
2123,0.49270183,0.10837664,0.12716478,0.08266776,0.36553705,0.025708877
2124,0.40701744,0.09641702,0.10310578,0.076186515,0.30391166,0.020230502
2125,0.5015481,0.1449913,0.13815032,0.104275696,0.36339778,0.040715598
2126,0.5027521,0.09760508,0.0689604,0.053288832,0.43379173,0.044316247
2127,0.38003966,0.10062671,0.10606545,0.07876964,0.2739742,0.021857068
2128,0.3998941,0.048297066,0.082486756,0.060424767,0.31740734,-0.012127701
2129,0.29587555,0.08845262,0.078394644,0.0587295,0.2174809,0.029723123
2130,0.40571505,0.053949222,0.06632334,0.048455458,0.3393917,0.005493764
2131,0.49257895,0.07726988,0.13977244,0.100392275,0.3528065,-0.023122393
2132,0.7940147,0.109763995,0.14762877,0.10156903,0.6463859,0.008194968
2133,0.48082283,0.0661771,0.089805864,0.068284586,0.39101696,-0.0021074861
2134,0.45614034,0.10646754,0.11566704,0.08007513,0.3404733,0.026392408
2135,0.58594304,0.08465569,0.11173817,0.080364354,0.47420487,0.0042913333
2136,0.53689337,0.1248351,0.13512903,0.104562886,0.40176433,0.02027221
2137,0.45600587,0.07213612,0.086242825,0.06573217,0.36976305,0.0064039454
2138,0.5840576,0.11626237,0.115447626,0.091389105,0.46861,0.024873264
2139,0.5386369,0.04400939,0.06739182,0.047133077,0.4712451,-0.0031236857
2140,0.54422075,0.097984776,0.14968121,0.104511425,0.39453954,-0.006526649
2141,0.63334733,0.1420464,0.1820708,0.1345477,0.45127654,0.0074987113
2142,0.64456445,0.1505217,0.14935942,0.10223429,0.49520504,0.048287407
2143,0.49480146,0.061090562,0.0903513,0.061674323,0.40445018,-0.00058376044
2144,0.41674185,0.075923935,0.09768201,0.06521967,0.31905985,0.010704264
2145,0.503989,0.06787274,0.08576595,0.060631923,0.41822302,0.007240817
2146,0.5221023,0.020568103,0.086060934,0.0522245,0.43604136,-0.031656396
2147,0.51686,0.09744193,0.12262566,0.088502675,0.39423436,0.008939251
2148,0.48138505,0.090259135,0.13516422,0.09833499,0.34622085,-0.008075856
2149,0.42484546,0.027549315,0.07286653,0.049800586,0.35197893,-0.02225127
2150,0.42469037,0.07793288,0.095149525,0.06843317,0.32954085,0.009499706
2151,0.36242792,0.031459633,0.06756296,0.047766928,0.29486495,-0.016307294
2152,0.36319605,0.054548655,0.10198047,0.073158994,0.26121557,-0.01861034
2153,0.6082483,0.10329828,0.15474425,0.09740202,0.45350403,0.0058962554
2154,0.27550137,0.038028654,0.043311577,0.032446038,0.23218979,0.0055826157
2155,0.26407704,0.038755786,0.06089749,0.042961463,0.20317955,-0.0042056777
2156,0.5506059,0.106167264,0.16419601,0.10943355,0.38640988,-0.0032662824
2157,0.4299428,0.06725557,0.07239104,0.055947457,0.35755175,0.011308115
2158,0.40589976,0.061958764,0.07735964,0.051657245,0.32854012,0.010301519
2159,0.49312112,0.09164374,0.13365054,0.095361605,0.35947058,-0.003717862
2160,0.4163835,0.04414447,0.07983082,0.051124603,0.33655268,-0.0069801323
2161,0.496991,0.09194147,0.101858355,0.07290604,0.39513266,0.019035429
2162,0.6038736,0.060388297,0.087599896,0.064479455,0.51627374,-0.0040911585
2163,0.40908757,0.08327472,0.112373725,0.08199658,0.29671383,0.0012781397
2164,0.29099214,0.020006884,0.06509123,0.044465963,0.22590092,-0.024459079
2165,0.52972144,0.099227324,0.13072573,0.100044355,0.3989957,-0.00081703067
2166,0.485951,0.050479162,0.1025576,0.06727317,0.3833934,-0.016794007
2167,0.4036204,0.08122874,0.10707392,0.072653405,0.29654646,0.008575335
2168,0.39891243,0.07077989,0.08434174,0.06218125,0.3145707,0.008598641
2169,0.4045348,0.068515256,0.08450978,0.06103044,0.320025,0.007484816
2170,0.3739525,0.057722162,0.085063785,0.06392175,0.28888872,-0.006199587
2171,0.36329567,0.080448076,0.07682919,0.05775523,0.28646648,0.022692844
2172,0.4179826,0.028959632,0.07084728,0.046345573,0.34713534,-0.017385941
2173,0.3883471,0.0604451,0.09871249,0.06564582,0.2896346,-0.0052007213
2174,0.4063563,0.05986785,0.100545,0.06744352,0.30581132,-0.0075756684
2175,0.44923252,0.061329804,0.12557834,0.083016634,0.32365417,-0.02168683
2176,0.5173392,0.10879501,0.13377157,0.10081189,0.38356766,0.007983118
2177,0.45180896,0.066892825,0.07924907,0.0580865,0.3725599,0.0088063255
2178,0.59808844,0.038299765,0.053691965,0.03234701,0.54439646,0.005952757
2179,0.55772144,0.04254638,0.08106416,0.05327214,0.47665727,-0.010725759
2180,0.7554255,0.16635391,0.21660861,0.15467946,0.5388169,0.011674449
2181,0.46930447,0.083266005,0.119053625,0.092475414,0.35025084,-0.009209409
2182,0.67667913,0.11310766,0.16927387,0.10567621,0.5074053,0.0074314475
2183,0.47429812,0.050254628,0.0978011,0.07107506,0.37649703,-0.020820431
2184,0.4377956,0.060638756,0.09411665,0.064401574,0.34367895,-0.0037628189
2185,0.4680196,0.08957992,0.119466335,0.08618467,0.34855327,0.0033952445
2186,0.602144,0.14268881,0.12206381,0.09092357,0.4800802,0.05176524
2187,0.358089,0.04391789,0.0772233,0.056458324,0.2808657,-0.012540434
2188,0.3984061,0.088382326,0.10308485,0.07947054,0.29532123,0.008911788
2189,0.60087633,0.1036257,0.0998903,0.069981605,0.50098604,0.033644095
2190,0.4643067,0.078894876,0.090839565,0.06883128,0.37346715,0.010063596
2191,0.45274737,0.056360073,0.08509567,0.06302687,0.3676517,-0.0066667944
2192,0.65479517,0.080695674,0.1567836,0.097790375,0.4980116,-0.017094702
2193,0.5659148,0.124070264,0.12408802,0.07338969,0.4418268,0.050680578
2194,0.49793175,0.08288306,0.09385793,0.06369043,0.40407383,0.019192629
2195,0.5073915,0.070594095,0.10452506,0.08193316,0.40286645,-0.011339068
2196,0.488186,0.089472964,0.11617602,0.08272784,0.37201,0.0067451224
2197,0.38199624,0.08166753,0.08235261,0.064428665,0.29964364,0.017238863
2198,0.31368113,0.094130546,0.078230046,0.06151196,0.23545107,0.032618586
2199,0.2528594,0.04244153,0.05151229,0.03527161,0.20134713,0.007169917
2200,0.35929838,0.059923727,0.08208521,0.06025249,0.27721316,-0.00032876432
2201,0.44742867,0.065353274,0.10999426,0.07421108,0.3374344,-0.008857809
2202,0.39260393,0.092762105,0.12437967,0.095701955,0.26822427,-0.00293985
2203,0.4201338,0.06007638,0.09168317,0.05805853,0.32845062,0.0020178482
2204,0.5069275,0.053771555,0.08149303,0.055721913,0.42543447,-0.0019503571
2205,0.4488294,0.12180275,0.1495877,0.098445766,0.29924172,0.023356982
2206,0.4758583,0.06115439,0.102268726,0.0734031,0.37358958,-0.012248706
2207,0.39666918,0.05058205,0.072828695,0.04952925,0.3238405,0.0010528006
2208,0.44827852,0.04566429,0.12108517,0.07296777,0.32719335,-0.027303476
2209,0.34333146,0.041153137,0.07723869,0.051538687,0.26609278,-0.010385551
2210,0.44368297,0.06359679,0.08436679,0.064480826,0.35931617,-0.00088403374
2211,0.509646,0.0657878,0.13616171,0.08897468,0.37348428,-0.023186877
2212,0.35340005,0.080874905,0.102177925,0.070355065,0.25122213,0.01051984
2213,0.4884774,0.051880687,0.09753517,0.069861315,0.39094225,-0.017980628
2214,0.4274241,0.06516287,0.073862344,0.052951183,0.35356176,0.012211684
2215,0.3815123,0.055495784,0.068617046,0.04595262,0.31289527,0.009543162
2216,0.5273345,0.06636831,0.10950773,0.078078516,0.41782677,-0.011710204
2217,0.45358258,0.077065066,0.10896332,0.0714913,0.34461927,0.0055737644
2218,0.53851527,0.031271037,0.09630022,0.05988678,0.44221506,-0.028615743
2219,0.36714032,0.05414715,0.0911934,0.066873305,0.27594692,-0.012726154
2220,0.5232244,0.11371141,0.13310981,0.09393189,0.3901146,0.019779518
2221,0.46052647,0.14209887,0.1085509,0.08402242,0.35197556,0.058076456
2222,0.31087458,0.045609605,0.088225104,0.06399982,0.22264948,-0.018390212
2223,0.48194095,0.048395313,0.111720465,0.072577044,0.37022048,-0.024181731
2224,0.5704041,0.16448872,0.18271098,0.13535453,0.38769314,0.029134184
2225,0.47710976,0.06449084,0.10218291,0.06225039,0.37492687,0.0022404492
2226,0.46054178,0.04472339,0.0723042,0.04949245,0.3882376,-0.004769057
2227,0.48618907,0.0743505,0.103165455,0.07081853,0.38302362,0.00353197
2228,0.35411584,0.060193367,0.055861674,0.04114877,0.29825416,0.019044597
2229,0.4527581,0.10713753,0.12100141,0.078421585,0.3317567,0.028715946
2230,0.49630937,0.07114089,0.0919022,0.06734222,0.40440717,0.003798671
2231,0.38273713,0.118647456,0.14087631,0.09351704,0.24186082,0.025130413
2232,0.34120885,0.065583155,0.06401558,0.04290824,0.27719325,0.022674914
2233,0.5096675,0.06936366,0.095325604,0.06930802,0.41434193,5.5640936e-05
2234,0.37898695,0.063879915,0.07455829,0.052716866,0.30442867,0.011163048
2235,0.5008719,0.09025475,0.10519144,0.07659963,0.39568046,0.013655119
2236,0.36797622,0.083096474,0.10196396,0.076505505,0.26601225,0.00659097
2237,0.4384672,0.075214095,0.077790864,0.05451419,0.36067635,0.020699907
2238,0.40639025,0.102922976,0.120769195,0.08262128,0.28562105,0.0203017
2239,0.6325007,0.07075499,0.10592049,0.07278703,0.5265802,-0.0020320415
2240,0.55877507,0.107829176,0.13211349,0.095878124,0.42666158,0.011951052
2241,0.36622074,0.094704114,0.101413794,0.08093336,0.26480696,0.013770752
2242,0.56791943,0.07962097,0.100449495,0.0672331,0.46746993,0.012387872
2243,0.41441655,0.060121678,0.09673926,0.0696886,0.3176773,-0.0095669255
2244,0.46902856,0.059194688,0.057808246,0.037523802,0.4112203,0.021670885
2245,0.63624024,0.09821922,0.13420969,0.09862447,0.50203055,-0.00040524453
2246,0.41756395,0.07295103,0.09316784,0.062993005,0.3243961,0.009958029
2247,0.36938247,0.054018866,0.070933945,0.048299402,0.29844853,0.0057194643
2248,0.5431799,0.06857579,0.10195787,0.07189169,0.44122207,-0.0033158958
2249,0.50171727,0.10882976,0.1473838,0.09929629,0.35433346,0.009533472
2250,0.27444613,0.06678559,0.099132344,0.07294632,0.17531379,-0.0061607286
2251,0.4679624,0.081241846,0.121065624,0.08676195,0.3468968,-0.0055201054
2252,0.5880906,0.20299135,0.28236592,0.19337864,0.30572468,0.009612709
2253,0.6568127,0.050858464,0.07519426,0.056955084,0.5816185,-0.00609662
2254,0.5164156,0.11262294,0.10477348,0.075610936,0.41164213,0.037012003
2255,0.42597044,0.066557996,0.104577266,0.07166112,0.32139316,-0.005103126
2256,0.34633362,0.10017891,0.0835885,0.063465774,0.2627451,0.03671314
2257,0.4762824,0.10853833,0.14522745,0.10588023,0.33105493,0.002658099
2258,0.46568608,0.07876077,0.099165164,0.07142293,0.3665209,0.007337846
2259,0.5997732,0.1249061,0.107269876,0.08139309,0.49250335,0.043513007
2260,0.43120846,0.12630059,0.1210777,0.088204235,0.31013077,0.038096353
2261,0.5347482,0.12500317,0.1654157,0.12178732,0.3693325,0.0032158569
2262,0.38002193,0.074359156,0.09380769,0.0652305,0.28621423,0.0091286525
2263,0.32226425,0.045529004,0.06971039,0.0493526,0.25255388,-0.003823597
2264,0.40929422,0.08110383,0.094794385,0.07634763,0.31449983,0.004756205
2265,0.43779445,0.069599785,0.08629946,0.06159697,0.351495,0.008002814
2266,0.7150595,0.019824518,0.039879803,0.029705081,0.6751797,-0.009880563
2267,0.5284164,0.12035602,0.16508575,0.121082366,0.36333066,-0.0007263422
2268,0.4448768,0.04923831,0.10143878,0.07401755,0.343438,-0.024779238
2269,0.41905192,0.06535137,0.11539834,0.07778534,0.30365357,-0.012433976
2270,0.45389587,0.07686265,0.08885562,0.059846953,0.36504024,0.017015696
2271,0.42710587,0.083878286,0.11686477,0.07871749,0.3102411,0.0051607937
2272,0.39862698,0.08066249,0.10740456,0.07831096,0.29122242,0.00235153
2273,0.61046505,0.100612,0.11342436,0.08858559,0.4970407,0.012026407
2274,0.49762377,0.08701704,0.099994734,0.0715978,0.39762902,0.015419237
2275,0.57427806,0.10004025,0.16140145,0.104445696,0.4128766,-0.0044054464
2276,0.4328091,0.09071307,0.08389575,0.058505278,0.34891337,0.03220779
2277,0.637527,0.15712827,0.11198825,0.078294404,0.52553874,0.07883387
2278,0.46606064,0.0663846,0.10781468,0.06701824,0.35824597,-0.0006336421
2279,0.38479578,0.019332355,0.0286359,0.018189214,0.3561599,0.0011431407
2280,0.36563534,0.0547186,0.092763826,0.062226623,0.2728715,-0.0075080246
2281,0.48259065,0.11363853,0.14929357,0.095482565,0.33329707,0.018155962
2282,0.50022763,0.065769166,0.073610194,0.05368015,0.42661744,0.012089014
2283,0.35413465,0.0776389,0.104148425,0.07767213,0.24998623,-3.322959e-05
2284,0.3411866,0.06405808,0.09970917,0.07288845,0.24147744,-0.0088303685
2285,0.4836534,0.045081384,0.07028005,0.049678307,0.41337335,-0.0045969225
2286,0.4251559,0.09825694,0.12142443,0.08612794,0.30373147,0.012129001
2287,0.4144676,0.058683995,0.091392644,0.06487338,0.32307497,-0.0061893873
2288,0.68268853,0.15915848,0.1904666,0.14725737,0.49222195,0.01190111
2289,0.80072534,0.04531912,0.0676927,0.04894676,0.73303264,-0.0036276393
2290,0.29131648,0.05135431,0.086830765,0.06577788,0.20448571,-0.0144235715
2291,0.36767846,0.059847943,0.0841921,0.06351116,0.28348637,-0.0036632195
2292,0.44809008,0.08605443,0.11416283,0.0875658,0.33392724,-0.0015113726
2293,0.36414796,0.0690657,0.090233944,0.06128287,0.273914,0.007782828
2294,0.54779834,0.1369172,0.12944959,0.10142935,0.41834873,0.035487853
2295,0.3244526,0.08239411,0.0944164,0.065693334,0.2300362,0.016700774
2296,0.39038986,0.036029704,0.090945676,0.059465483,0.2994442,-0.023435779
2297,0.364278,0.07889818,0.09460085,0.06470568,0.26967713,0.014192499
2298,0.48981526,0.10494164,0.1085393,0.08438815,0.38127595,0.020553485
2299,0.37133253,0.04937674,0.09919023,0.07321691,0.2721423,-0.023840167
2300,0.38580588,0.04932506,0.06764235,0.048123628,0.3181635,0.0012014322
2301,0.5897197,0.111773215,0.15528479,0.106672525,0.43443492,0.00510069
2302,0.43971682,0.08054334,0.09890728,0.07504621,0.34080952,0.005497128
2303,0.5632454,0.09690244,0.12184495,0.08965618,0.44140047,0.007246256
2304,0.63680214,0.10696438,0.14569663,0.10908008,0.4911055,-0.0021157041
2305,0.46916124,0.07771038,0.1039835,0.06969165,0.36517775,0.008018732
2306,0.5625953,0.06627413,0.10245431,0.07538357,0.460141,-0.0091094375
2307,0.38522634,0.08129286,0.06623669,0.050640106,0.31898963,0.030652754
2308,0.3556229,0.061427824,0.08877404,0.06494793,0.26684886,-0.0035201088
2309,0.57116127,0.0020361498,0.020067785,0.011364099,0.55109346,-0.009327949
2310,0.5782397,0.11144013,0.10278263,0.07474187,0.47545704,0.03669826
2311,0.59937525,0.08148739,0.105087385,0.07454923,0.49428785,0.0069381595
2312,0.4079692,0.07249625,0.09777041,0.07063058,0.31019878,0.0018656701
2313,0.44686806,0.12529697,0.15399751,0.12135859,0.29287055,0.003938377
2314,0.4858735,0.09638595,0.13105471,0.094363645,0.35481876,0.0020223036
2315,0.5998857,0.16553646,0.19855672,0.1649733,0.40132898,0.0005631596
2316,0.24589412,0.052574374,0.07219863,0.05195081,0.17369549,0.00062356517
2317,0.49344602,0.08729199,0.115947045,0.08858944,0.37749898,-0.0012974441
2318,0.6115054,0.04363553,0.08594693,0.052772023,0.5255585,-0.009136494
2319,0.3389444,0.10504851,0.13417171,0.101550445,0.2047727,0.0034980625
2320,0.44731137,0.07986983,0.10258629,0.07677735,0.34472507,0.0030924827
2321,0.34614217,0.11163761,0.12007747,0.08194784,0.22606471,0.029689766
2322,0.45609543,0.12027786,0.13733995,0.10370394,0.31875548,0.01657392
2323,0.41858077,0.047598258,0.07381269,0.053317796,0.34476808,-0.005719539
2324,0.46293607,0.055445466,0.09812429,0.07317102,0.36481178,-0.017725553
2325,0.45925358,0.04420562,0.09309153,0.06345079,0.36616206,-0.01924517
2326,0.46253386,0.08272512,0.11170478,0.06777683,0.35082906,0.014948294
2327,0.46074668,0.090179175,0.10166169,0.07312757,0.359085,0.017051607
2328,0.5144147,0.12097741,0.14912954,0.10093771,0.3652852,0.0200397
2329,0.31494024,0.09438464,0.10906392,0.08480185,0.20587632,0.009582788
2330,0.4084441,0.061282307,0.09971486,0.0707195,0.30872923,-0.009437196
2331,0.49639156,0.11111472,0.12506348,0.086803705,0.3713281,0.024311014
2332,0.41712087,0.040128607,0.06576422,0.040948566,0.35135666,-0.00081995875
2333,0.40690875,0.033540104,0.07170896,0.05135752,0.33519977,-0.017817415
2334,0.39894912,0.07083937,0.08785871,0.06764141,0.3110904,0.0031979606
2335,0.34878597,0.049585667,0.07795307,0.054597,0.2708329,-0.005011335
2336,0.4907348,0.10257382,0.11620129,0.08713283,0.3745335,0.015440993
2337,0.47978714,0.11357709,0.12389453,0.0891491,0.3558926,0.024427988
2338,0.21857902,0.03587414,0.066624254,0.040297795,0.15195477,-0.0044236556
2339,0.3855597,0.06591568,0.09945395,0.06965957,0.28610575,-0.003743887
2340,0.49138877,0.07983739,0.11433163,0.07927082,0.37705714,0.00056657195
2341,0.33917767,0.07768915,0.11022386,0.08192741,0.22895381,-0.004238263
2342,0.5166711,0.057177536,0.080059096,0.060219627,0.436612,-0.0030420907
2343,0.5365968,0.11265053,0.1294484,0.08616536,0.40714836,0.026485167
2344,0.5326311,0.07827894,0.12718743,0.08938776,0.40544367,-0.011108823
2345,0.44355944,0.09414121,0.11448674,0.07876423,0.3290727,0.015376978
2346,0.23774485,0.04819724,0.06429051,0.046638843,0.17345434,0.001558397
2347,0.4047571,0.0731393,0.10030475,0.07117901,0.30445236,0.0019602925
2348,0.46376905,0.0880781,0.11797691,0.08060046,0.34579214,0.0074776337
2349,0.45850122,0.08019894,0.08455102,0.061101004,0.37395018,0.01909794
2350,0.28989425,0.054729838,0.06723931,0.04697003,0.22265494,0.0077598095
2351,0.42445076,0.06826985,0.09656944,0.060877457,0.3278813,0.0073923916
2352,0.36957318,0.061656304,0.06660692,0.046134695,0.30296627,0.015521608
2353,0.5662509,0.0978741,0.109085634,0.0772818,0.4571653,0.020592295
2354,0.38742048,0.08647356,0.100657806,0.064895675,0.28676265,0.021577887
2355,0.4226341,0.046898846,0.075312436,0.0496355,0.34732166,-0.0027366541
2356,0.32498732,0.08767143,0.11018829,0.08456946,0.21479903,0.0031019673
2357,0.3890515,0.10821926,0.112643436,0.08269692,0.27640808,0.025522336
2358,0.47256356,0.10752801,0.14787163,0.09969203,0.32469195,0.007835977
2359,0.41214848,0.084590636,0.117410146,0.08026083,0.29473832,0.004329808
2360,0.45003757,0.08325538,0.10625755,0.08192145,0.34378,0.0013339296
2361,0.50076437,0.12567042,0.13706012,0.10311265,0.36370426,0.022557765
2362,0.3129231,0.04794352,0.077038914,0.053718794,0.23588419,-0.005775273
2363,0.5092179,0.083938606,0.14257532,0.093676165,0.3666426,-0.009737559
2364,0.4004504,0.077738866,0.10962763,0.075257905,0.29082277,0.0024809614
2365,0.4248354,0.07225867,0.098647214,0.06919968,0.3261882,0.0030589923
2366,0.53575987,0.0756898,0.102077186,0.0704976,0.43368268,0.005192198
2367,0.36648062,0.049843032,0.079976656,0.051825657,0.28650397,-0.0019826256
2368,0.44817784,0.1155365,0.07942029,0.05670466,0.36875755,0.058831844
2369,0.46715772,0.0949515,0.12012701,0.08691488,0.3470307,0.008036621
2370,0.36647582,0.06330842,0.08274269,0.06035733,0.28373313,0.0029510893
2371,0.5264443,0.11881078,0.12541683,0.095653646,0.4010275,0.023157135
2372,0.49262968,0.12409529,0.14849602,0.10689122,0.34413368,0.017204069
2373,0.5938695,0.13719109,0.16091742,0.11892138,0.4329521,0.01826971
2374,0.50016254,0.11742593,0.11736539,0.084300175,0.38279715,0.03312576
2375,0.30869776,0.06364418,0.10412475,0.078737475,0.204573,-0.015093297
2376,0.4412983,0.062098615,0.08753716,0.06391799,0.35376114,-0.0018193722
2377,0.47859803,0.061145335,0.09758327,0.06850095,0.38101476,-0.0073556155
2378,0.4914782,0.053659055,0.105688564,0.07837909,0.38578963,-0.024720032
2379,0.4563799,0.07197565,0.08479283,0.054884218,0.37158707,0.01709143
2380,0.6041447,0.098183446,0.1198636,0.08046135,0.4842811,0.017722093
2381,0.55845636,0.014657756,0.042115264,0.028158795,0.5163411,-0.013501039
2382,0.34352985,0.056433193,0.09158544,0.0603693,0.25194442,-0.003936108
2383,0.40384892,0.09926832,0.12241262,0.094515175,0.2814363,0.0047531426
2384,0.50485826,0.09915433,0.11679267,0.086975195,0.38806558,0.012179136
2385,0.5431631,0.013903124,0.03582163,0.027066497,0.5073415,-0.013163373
2386,0.53122836,0.10850967,0.12762052,0.08833229,0.40360785,0.02017738
2387,0.5443293,0.0732974,0.0935371,0.06034693,0.4507922,0.012950465
2388,0.41118693,0.10977753,0.09694585,0.07996488,0.31424108,0.029812649
2389,0.4906478,0.055701725,0.116172336,0.0822599,0.37447545,-0.026558176
2390,0.35082853,0.092209324,0.08935246,0.06770572,0.26147607,0.024503604
2391,0.3606,0.06432843,0.0902427,0.06611817,0.2703573,-0.0017897412
2392,0.38669026,0.082912296,0.10893788,0.08170353,0.27775237,0.0012087673
2393,0.36754763,0.053361043,0.06645265,0.04787966,0.30109498,0.0054813847
2394,0.42294538,0.071199454,0.07232529,0.052759342,0.3506201,0.018440112
2395,0.68755156,0.045886073,0.056374103,0.045199815,0.6311774,0.0006862581
2396,0.5129047,0.043752376,0.08616774,0.05814297,0.42673695,-0.014390595
2397,0.5116241,0.0791121,0.114808634,0.08306038,0.39681548,-0.0039482787
2398,0.38101044,0.11933326,0.14626193,0.110484056,0.23474851,0.008849204
2399,0.49530417,0.08668002,0.0995086,0.072752245,0.39579558,0.013927773
2400,0.5981198,0.10424974,0.13705862,0.0956743,0.46106118,0.008575439
2401,0.414122,0.04631167,0.0770195,0.05703734,0.33710247,-0.01072567
2402,0.38350078,0.035888035,0.059795376,0.040834107,0.3237054,-0.0049460717
2403,0.440969,0.1178527,0.13147986,0.085336,0.30948913,0.032516703
2404,0.44272658,0.072442725,0.11554065,0.079304,0.32718593,-0.006861277
2405,0.3979352,0.09028717,0.11353687,0.07758278,0.28439835,0.012704395
2406,0.40581274,0.07771498,0.096988395,0.06589114,0.30882436,0.01182384
2407,0.35909244,0.070820786,0.079632595,0.061747313,0.27945983,0.0090734735
2408,0.5583966,0.008474944,0.04656329,0.02653604,0.5118333,-0.018061096
2409,0.4509063,0.080336615,0.10824,0.0717712,0.3426663,0.008565418
2410,0.41510352,0.108417146,0.13262768,0.10173275,0.28247583,0.0066843927
2411,0.4608731,0.07765833,0.082213365,0.06111693,0.37865973,0.016541403
2412,0.45119205,0.10056208,0.106234625,0.07848047,0.3449574,0.022081614
2413,0.39268225,0.056803517,0.08128249,0.057133783,0.31139976,-0.0003302656
2414,0.4559777,0.07817137,0.102932476,0.0761032,0.35304523,0.0020681694
2415,0.5106188,0.07283289,0.10310779,0.07926347,0.40751103,-0.006430581
2416,0.4470951,0.09574485,0.12984842,0.09392497,0.31724668,0.0018198788
2417,0.41297662,0.064893894,0.08816352,0.061815463,0.3248131,0.003078431
2418,0.620918,0.1233112,0.16074541,0.11030462,0.46017256,0.013006583
2419,0.3905198,0.04741703,0.08245956,0.05808544,0.30806023,-0.010668412
2420,0.45383784,0.062757716,0.08578756,0.06139725,0.36805028,0.0013604648
2421,0.42966178,0.05858345,0.09115778,0.062967435,0.33850402,-0.004383985
2422,0.46416917,0.020132829,0.055243377,0.0316644,0.4089258,-0.011531573
2423,0.24366724,0.04788017,0.0660148,0.04761744,0.17765245,0.00026272982
2424,0.40087226,0.057411753,0.09129742,0.06346928,0.30957484,-0.0060575306
2425,0.4154232,0.07364672,0.11008699,0.07740731,0.30533624,-0.0037605911
2426,0.56600666,0.09809783,0.118055984,0.08881155,0.44795066,0.009286284
2427,0.5865644,0.084790334,0.113985,0.07458023,0.47257942,0.010210104
2428,0.44195682,0.05822919,0.11072904,0.078707345,0.33122778,-0.020478155
2429,0.3687992,0.07771241,0.114603974,0.07831186,0.25419524,-0.00059945136
2430,0.46628,0.1212191,0.121401004,0.08264158,0.344879,0.03857752
2431,0.6558635,0.13189021,0.1723414,0.13051713,0.48352212,0.0013730824
2432,0.49657065,0.10305752,0.15113229,0.103875205,0.34543836,-0.0008176863
2433,0.39941418,0.05791937,0.12198571,0.07430639,0.27742848,-0.016387023
2434,0.44186035,0.041732106,0.08251037,0.05830771,0.35934997,-0.016575605
2435,0.33795995,0.09515007,0.1178357,0.086486556,0.22012424,0.008663513
2436,0.5171896,0.0686986,0.11675589,0.082464516,0.40043372,-0.013765916
2437,0.46001893,0.060533583,0.096611716,0.07223592,0.36340722,-0.011702336
2438,0.6218901,0.111819044,0.12727442,0.087100245,0.4946157,0.024718799
2439,0.43922928,0.07462425,0.09461262,0.06862669,0.34461665,0.005997561
2440,0.5930653,0.17289633,0.22909231,0.13828737,0.36397302,0.03460896
2441,0.38230348,0.05494176,0.07530447,0.051855955,0.306999,0.0030858032
2442,0.32993627,0.08585903,0.11986948,0.08633055,0.2100668,-0.00047151744
2443,0.4840332,0.08246631,0.13489234,0.09554544,0.34914085,-0.013079129
2444,0.42265624,0.080790594,0.10660939,0.0825224,0.31604683,-0.0017318055
2445,0.41733575,0.11017289,0.11947047,0.091153234,0.29786527,0.019019656
2446,0.5757771,0.10291794,0.11116657,0.08156828,0.46461055,0.021349661
2447,0.48430526,0.092688285,0.10379201,0.076561406,0.38051325,0.016126879
2448,0.3482903,0.039932895,0.06537658,0.041084103,0.2829137,-0.0011512078
2449,0.467746,0.1058705,0.13458554,0.09760067,0.33316046,0.008269832
2450,0.3529842,0.099767424,0.09370256,0.069031075,0.25928164,0.03073635
2451,0.563158,0.06593615,0.09440238,0.05994101,0.4687556,0.0059951395
2452,0.14462122,0.038506515,0.039631516,0.024248933,0.10498971,0.014257582
2453,0.6155346,0.06714935,0.09238229,0.06726172,0.5231523,-0.00011236966
2454,0.43895176,0.0410146,0.10880657,0.06898522,0.33014518,-0.027970616
2455,0.41137692,0.074525304,0.08843912,0.06438463,0.3229378,0.010140672
2456,0.41487905,0.061456025,0.048953522,0.03169151,0.36592552,0.029764514
2457,0.5201228,0.054651335,0.12432036,0.072125524,0.39580247,-0.01747419
2458,0.43507084,0.07056104,0.07195824,0.051332727,0.3631126,0.01922831
2459,0.43417424,0.085199974,0.09881215,0.07142116,0.33536208,0.013778813
2460,0.5716612,0.10350686,0.120456584,0.09144561,0.4512046,0.012061253
2461,0.31065035,0.075254045,0.092695996,0.06362747,0.21795435,0.011626579
2462,0.4560009,0.052349225,0.08977944,0.058399938,0.36622146,-0.0060507134
2463,0.39605072,0.061235964,0.09146723,0.06726089,0.3045835,-0.006024927
2464,0.26115406,0.07385456,0.08785912,0.060422435,0.17329493,0.013432123
2465,0.48209918,0.06355638,0.10037655,0.07408083,0.38172263,-0.010524452
2466,0.42881575,0.06315131,0.08590623,0.062422007,0.34290951,0.0007293001
2467,0.45690617,0.09359397,0.09775565,0.07722816,0.35915053,0.016365811
2468,0.48115528,0.039364964,0.09862535,0.065781325,0.3825299,-0.026416361
2469,0.4378656,0.07182734,0.09969023,0.06780469,0.3381754,0.0040226504
2470,0.44378698,0.041382816,0.07243911,0.049767785,0.37134787,-0.008384969
2471,0.47225046,0.10718435,0.11626898,0.07936812,0.35598147,0.027816229
2472,0.32247227,0.061141554,0.083982535,0.06295343,0.23848975,-0.0018118732
2473,0.5153961,0.0828701,0.123224676,0.09493245,0.39217144,-0.012062348
2474,0.4174387,0.08883244,0.08923074,0.065580525,0.32820794,0.023251913
2475,0.27807352,0.06707823,0.084078595,0.0644345,0.19399492,0.0026437342
2476,0.44608125,0.048429087,0.08225432,0.056552712,0.36382693,-0.008123625
2477,0.5780129,0.12493019,0.16124266,0.118568756,0.41677022,0.0063614324
2478,0.46616942,0.07761493,0.10467387,0.0804191,0.36149555,-0.0028041676
2479,0.48757333,0.045543224,0.0779438,0.055700716,0.40962952,-0.010157492
2480,0.46782497,0.090061404,0.09673266,0.06693418,0.37109232,0.02312722
2481,0.3384795,0.0539132,0.057984766,0.03780217,0.28049472,0.016111027
2482,0.45041522,0.104960985,0.1366833,0.091630414,0.3137319,0.013330571
2483,0.55262846,0.046182707,0.06859829,0.050343312,0.48403016,-0.0041606054
2484,0.5166314,0.09390247,0.118602425,0.08530563,0.398029,0.0085968375
2485,0.40111673,0.13142243,0.15488774,0.12415307,0.246229,0.00726936
2486,0.5149915,0.121871024,0.14465979,0.10995268,0.37033173,0.011918344
2487,0.4989017,0.07735823,0.12931913,0.08341897,0.36958256,-0.006060742
2488,0.61706483,0.066137835,0.09980189,0.07392966,0.51726294,-0.0077918246
2489,0.40799552,0.091146685,0.115566224,0.087809436,0.2924293,0.0033372492
2490,0.4583103,0.07104147,0.10139063,0.07108703,0.35691968,-4.55603e-05
2491,0.46308947,0.043912575,0.06526756,0.048319083,0.3978219,-0.004406508
2492,0.5177398,0.085622124,0.09723904,0.06752958,0.42050073,0.018092543
2493,0.49512893,0.08107621,0.12364071,0.08752452,0.3714882,-0.006448306
2494,0.4408422,0.06264251,0.10892037,0.07463289,0.33192185,-0.011990383
2495,0.6184539,0.07926663,0.13552685,0.09435552,0.48292708,-0.0150888935
2496,0.5301713,0.0923114,0.10515598,0.07052722,0.4250153,0.021784179
2497,0.35276398,0.084676005,0.09074443,0.06899582,0.26201954,0.015680186
2498,0.5686827,0.055530816,0.06967047,0.05255522,0.4990122,0.002975598
2499,0.39208868,0.03438035,0.06802491,0.04973923,0.32406378,-0.01535888
2500,0.22064483,0.05335922,0.07467371,0.05165808,0.14597112,0.0017011426
2501,0.36581337,0.035470504,0.045935225,0.03525829,0.31987816,0.00021221489
2502,0.37858543,0.08251953,0.08450906,0.057749435,0.29407638,0.024770096
2503,0.5161598,0.068349466,0.11310094,0.08507208,0.40305883,-0.016722612
2504,0.5039112,0.08560797,0.120108634,0.08287982,0.38380256,0.0027281493
2505,0.42056096,0.099351704,0.13781816,0.08857955,0.2827428,0.010772154
2506,0.40688768,0.106021754,0.07854185,0.053488575,0.32834584,0.05253318
2507,0.42836723,0.094481796,0.10112494,0.075139925,0.32724229,0.019341871
2508,0.30502388,0.0534372,0.091814734,0.05982341,0.21320915,-0.0063862093
2509,0.63216597,0.10008346,0.15343417,0.11315203,0.4787318,-0.013068564
2510,0.6322243,0.10578538,0.1637461,0.12598734,0.4684782,-0.020201959
2511,0.41566876,0.07111492,0.10300147,0.07740252,0.31266728,-0.006287597
2512,0.4364565,0.09373705,0.09868756,0.07250722,0.33776894,0.021229833
2513,0.4015229,0.10646344,0.11752554,0.07799861,0.28399736,0.028464831
2514,0.41023383,0.056376155,0.08506038,0.05923341,0.32517344,-0.002857253
2515,0.5497677,0.012852564,0.05276257,0.0310669,0.4970051,-0.018214336
2516,0.6388023,0.03220897,0.056556344,0.041139886,0.58224595,-0.008930914
2517,0.406615,0.07768275,0.09697046,0.07457948,0.30964452,0.0031032711
2518,0.6025012,0.11518058,0.13070258,0.096817315,0.47179863,0.018363267
2519,0.5054943,0.055987053,0.09548825,0.07012986,0.41000605,-0.014142804
2520,0.36532703,0.08464272,0.08807662,0.068415,0.2772504,0.016227722
2521,0.52351105,0.13178639,0.08142346,0.061436936,0.4420876,0.070349455
2522,0.39680427,0.06770958,0.112600334,0.07277992,0.28420395,-0.0050703436
2523,0.33900622,0.08407718,0.10166605,0.07070132,0.23734017,0.013375856
2524,0.53599596,0.03767156,0.04468118,0.02811822,0.49131477,0.009553339
2525,0.50686485,0.09947436,0.12744425,0.0782562,0.37942058,0.021218166
2526,0.4254423,0.039166484,0.11227869,0.06540424,0.3131636,-0.026237752
2527,0.42694446,0.11711659,0.121255815,0.09446403,0.30568865,0.022652566
2528,0.45458376,0.09871821,0.095570676,0.07359654,0.35901308,0.025121674
2529,0.42125013,0.095183395,0.13502446,0.103448056,0.28622568,-0.008264661
2530,0.46040177,0.069940664,0.09990675,0.074838646,0.36049503,-0.004897982
2531,0.5213379,0.10494565,0.15547457,0.11048475,0.36586335,-0.005539097
2532,0.3296802,0.070352904,0.09095754,0.06478403,0.23872267,0.005568877
2533,0.41764325,0.04712369,0.07630245,0.051867943,0.3413408,-0.004744254
2534,0.58668345,0.14623629,0.14402512,0.11003576,0.44265833,0.036200523
2535,0.4252967,0.08468737,0.13138013,0.09531876,0.29391658,-0.01063139
2536,0.5789549,0.04631886,0.07548692,0.054857045,0.503468,-0.008538187
2537,0.33650777,0.06567685,0.07446999,0.056423225,0.26203778,0.009253629
2538,0.56095743,0.039765533,0.055257138,0.040855054,0.5057003,-0.0010895208
2539,0.454059,0.061884176,0.083969735,0.062297262,0.37008926,-0.00041308627
2540,0.47972822,0.06696714,0.09955119,0.07039989,0.38017702,-0.0034327507
2541,0.47542864,0.081940144,0.104795426,0.079059854,0.3706332,0.0028802902
2542,0.5559289,0.08180426,0.11580005,0.08544026,0.44012883,-0.0036360025
2543,0.4606058,0.058728065,0.08312163,0.063638955,0.37748417,-0.00491089
2544,0.55107605,0.06985145,0.10895389,0.08320948,0.44212216,-0.013358027
2545,0.63693595,0.036387887,0.065216415,0.042150296,0.5717195,-0.0057624094
2546,0.49616313,0.10304428,0.101696536,0.077282235,0.39446658,0.025762044
2547,0.6605882,0.11240616,0.15052515,0.107070945,0.51006305,0.0053352118
2548,0.49067646,0.0715505,0.10639892,0.068771884,0.38427755,0.0027786195
2549,0.38559905,0.07780955,0.07654686,0.051169667,0.30905217,0.026639882
2550,0.47688898,0.051553927,0.09862222,0.065349825,0.37826675,-0.013795897
2551,0.4336696,0.0535091,0.08566159,0.05971161,0.348008,-0.0062025078
2552,0.38017964,0.051747702,0.07792825,0.047440127,0.3022514,0.0043075755
2553,0.51896536,0.08378322,0.13315506,0.08513079,0.38581032,-0.0013475716
2554,0.61319387,0.101349734,0.12518652,0.08171444,0.48800737,0.019635297
2555,0.40974075,0.08525354,0.106122345,0.07137281,0.3036184,0.01388073
2556,0.5505421,0.076144435,0.11071287,0.07621363,0.43982923,-6.919354e-05
2557,0.4104122,0.06446512,0.09098949,0.06555098,0.3194227,-0.0010858625
2558,0.5592241,0.106259435,0.1679079,0.119578436,0.39131624,-0.013319001
2559,0.49848908,0.092501484,0.13914344,0.10847373,0.35934564,-0.01597225
