feature_idx,seq_effect_obs,struct_effect_obs,seq_effect_shuffle,struct_effect_shuffle,seq_delta,struct_delta
0,0.43086952,0.09750178,0.25723848,0.17705078,0.17363104,-0.07954901
1,0.9840196,0.21410735,0.30081177,0.19651334,0.6832078,0.01759401
2,0.13117456,0.08036062,0.11250423,0.07335328,0.018670335,0.007007338
3,0.5639555,0.06765164,0.13054526,0.0974332,0.43341023,-0.029781565
4,0.07030808,0.04321372,0.027418658,0.01748889,0.042889424,0.025724832
5,0.11333918,0.00015896182,0.05618761,0.04220664,0.057151567,-0.04204768
6,0.27642712,0.08677141,0.057571083,0.041006185,0.21885604,0.04576523
7,0.115418814,0.11640941,0.053865343,0.036774408,0.06155347,0.07963501
8,0.9496277,0.23708901,0.32292265,0.25323752,0.62670505,-0.016148508
9,0.32828668,0.084922664,0.11128314,0.081805855,0.21700354,0.0031168088
10,0.37773785,0.12999393,0.16220601,0.103883125,0.21553184,0.026110806
11,-0.013069724,0.12431275,0.011917574,0.006110081,-0.024987299,0.11820267
12,0.7977518,0.16407451,0.2415045,0.17178866,0.5562473,-0.0077141523
13,1.0844027,0.22732021,0.31482917,0.22536227,0.7695735,0.001957938
14,0.35755354,0.1050015,0.101678416,0.07316711,0.2558751,0.031834394
15,0.43134478,0.1743216,0.23547475,0.16323099,0.19587003,0.011090621
16,0.84291863,0.2241381,0.2515738,0.18687765,0.59134483,0.037260443
17,0.17604454,0.042098492,0.053590912,0.037034415,0.12245363,0.0050640777
18,0.7593467,0.28882858,0.41609877,0.27402693,0.34324795,0.014801651
19,0.82335854,0.3340258,0.39178938,0.28441113,0.43156916,0.049614668
20,0.12071989,0.025722222,0.03284333,0.018688759,0.08787656,0.0070334636
21,0.59605557,0.27870312,0.23087767,0.17416742,0.3651779,0.1045357
22,1.141618,0.2984768,0.40535435,0.28409743,0.73626363,0.014379352
23,0.30022955,0.08185384,0.14713265,0.090875916,0.1530969,-0.009022079
24,1.0123138,0.22660631,0.37981948,0.23282611,0.63249433,-0.0062198043
25,0.96446025,0.27624565,0.3160512,0.22263515,0.64840907,0.053610504
26,1.0070069,0.15501572,0.26243398,0.18291584,0.7445729,-0.027900115
27,0.9298848,0.25000778,0.31395206,0.2070134,0.6159327,0.04299438
28,0.23581642,0.08599445,0.14287467,0.06848905,0.092941746,0.0175054
29,0.9586283,0.46102196,0.52891004,0.34024692,0.42971826,0.120775044
30,0.78300786,0.2109369,0.28522864,0.18096688,0.49777922,0.02997002
31,0.094889745,-0.008505923,0.046512462,0.035637215,0.048377283,-0.044143137
32,0.09983335,0.08163794,0.08017462,0.054386564,0.01965873,0.027251378
33,0.14435504,0.03221167,0.03775481,0.033084713,0.10660023,-0.00087304413
34,0.51733,0.13852635,0.19245002,0.13913283,0.32487997,-0.00060647726
35,0.34414908,0.0553424,0.07624078,0.05870983,0.2679083,-0.0033674315
36,1.2932651,0.49177355,0.6845837,0.49624085,0.6086814,-0.0044673085
37,0.04928025,0.0021167325,0.05395916,0.034717057,-0.0046789125,-0.032600325
38,1.0033308,0.18521468,0.27243024,0.20240748,0.7309006,-0.017192796
39,0.06737864,0.054503627,0.047100205,0.029605737,0.020278435,0.02489789
40,0.86680853,0.17656569,0.2357723,0.17307615,0.6310362,0.003489539
41,0.50846696,0.1486716,0.21198454,0.14416201,0.2964824,0.004509583
42,0.13474847,0.13052562,0.081031576,0.050833642,0.053716898,0.07969198
43,0.7718537,0.28075334,0.33384848,0.22276843,0.4380052,0.05798492
44,0.42813495,0.17794573,0.1448498,0.105303645,0.28328514,0.07264209
45,0.07598568,0.0286115,0.035599113,0.024622766,0.040386565,0.0039887335
46,0.60374236,0.18833345,0.21592934,0.16397539,0.38781303,0.024358064
47,0.34831175,0.1120269,0.1626169,0.11171891,0.18569486,0.0003079921
48,0.9197616,0.27694952,0.33096874,0.21525434,0.58879286,0.06169519
49,0.4830754,0.17116047,0.20521572,0.13783808,0.2778597,0.033322394
50,0.036298808,0.18445207,0.040402293,0.024668008,-0.0041034855,0.15978406
51,0.69469976,0.19587502,0.326287,0.2281615,0.36841276,-0.03228648
52,0.031590663,0.040993717,0.034855276,0.027203053,-0.0032646134,0.013790663
53,0.9324719,0.18414493,0.26789457,0.18570197,0.6645773,-0.0015570372
54,1.0161456,0.1529301,0.30419087,0.18612018,0.7119547,-0.033190086
55,0.1182325,0.078559384,0.04726807,0.03174358,0.07096443,0.046815805
56,0.9508643,0.48242077,0.51667774,0.40756863,0.43418658,0.07485214
57,0.320085,0.00292198,0.0834925,0.047792647,0.23659249,-0.044870667
58,0.07800292,0.025720797,0.03720527,0.028662685,0.04079765,-0.0029418878
59,1.037417,0.29572597,0.28921908,0.22990474,0.748198,0.06582123
60,1.1430514,0.3344414,0.36571974,0.28996584,0.77733165,0.044475555
61,0.10424164,-0.011436751,0.02831303,0.01558126,0.07592861,-0.02701801
62,1.407862,0.40929863,0.549098,0.40374184,0.85876393,0.005556792
63,0.10014676,0.13010094,0.0600904,0.038966782,0.040056363,0.09113415
64,1.1062049,0.4948613,0.6033697,0.42208567,0.50283515,0.07277563
65,0.30441114,0.10039134,0.13581257,0.09814678,0.16859858,0.002244562
66,0.04838969,0.009342489,0.014322467,0.0121808965,0.034067225,-0.0028384076
67,1.3122026,0.42291862,0.49805903,0.38196597,0.81414354,0.040952653
68,0.14755325,0.051275842,0.050098307,0.036004473,0.09745494,0.015271369
69,-0.0230911,0.10596567,0.01817168,0.01310394,-0.04126278,0.09286173
70,1.5237168,0.40811062,0.5096826,0.37933856,1.0140343,0.028772056
71,0.23710436,0.124597184,0.111829445,0.08606665,0.12527491,0.038530536
72,0.6970094,0.1990941,0.25369373,0.18963644,0.44331565,0.009457663
73,0.7157482,0.21441598,0.3058496,0.19567017,0.40989858,0.01874581
74,0.22700804,0.050496243,0.05524637,0.047923774,0.17176168,0.0025724694
75,0.7349963,0.18713762,0.25661755,0.1902987,0.47837877,-0.0031610876
76,0.9755331,0.329694,0.4220933,0.30773014,0.55343986,0.021963865
77,0.013085128,0.047842406,0.01579398,0.010696625,-0.0027088514,0.03714578
78,1.0553442,0.21186663,0.30492193,0.22587757,0.7504223,-0.014010936
79,0.9305448,0.19941133,0.27355447,0.18973097,0.6569903,0.009680361
80,1.2007738,0.32348472,0.5252237,0.33347988,0.67555016,-0.0099951625
81,0.007968214,0.13301288,0.023216108,0.0116219865,-0.0152478935,0.12139089
82,0.82735693,0.15327482,0.20007372,0.1417248,0.6272832,0.011550024
83,0.7943328,0.30157283,0.31630442,0.23145933,0.4780284,0.070113495
84,0.9316992,0.3083471,0.3962788,0.2528099,0.5354204,0.055537194
85,1.0459753,0.21669745,0.3466694,0.23910284,0.6993059,-0.022405386
86,0.1612133,0.08323034,0.09307052,0.06296301,0.06814277,0.02026733
87,0.41314644,0.12059313,0.15047762,0.10060307,0.26266882,0.019990064
88,0.8690888,0.21275513,0.2645983,0.20974033,0.6044905,0.003014803
89,0.028610371,0.024141062,0.03782938,0.025594657,-0.009219009,-0.0014535952
90,0.96836567,0.33358547,0.34700102,0.28364986,0.62136465,0.04993561
91,1.0019547,0.2644742,0.33708695,0.2355264,0.66486776,0.028947815
92,0.13578753,0.050686684,0.038594436,0.028465023,0.09719309,0.02222166
93,0.7700195,0.21742128,0.28556466,0.20463996,0.4844548,0.012781322
94,0.90946454,0.20044275,0.40053678,0.23013683,0.50892776,-0.02969408
95,0.20494474,0.13186723,0.04529352,0.028196603,0.15965122,0.10367063
96,1.1878984,0.23418285,0.35879582,0.23871712,0.8291026,-0.0045342743
97,1.569052,0.38509378,0.50368345,0.37210178,1.0653685,0.012991995
98,0.8210126,0.36016053,0.42943168,0.29173335,0.39158094,0.068427175
99,0.74809694,0.18730347,0.3145574,0.2003431,0.43353954,-0.013039634
100,0.36083633,0.081629105,0.089149736,0.070095904,0.27168658,0.011533201
101,0.22341828,0.07403836,0.09355892,0.06352975,0.12985936,0.010508604
102,0.104868926,-0.0029793214,0.03608933,0.021019187,0.068779595,-0.023998508
103,0.53277737,0.2516789,0.2718749,0.20269325,0.26090246,0.04898566
104,-0.052089866,0.1136397,0.006302076,0.00039348897,-0.058391944,0.11324621
105,1.0013683,0.27595496,0.3518488,0.26878557,0.64951944,0.0071693957
106,0.36177936,0.047137547,0.16147685,0.0954656,0.20030251,-0.048328053
107,0.7351674,0.23159541,0.21268253,0.15768741,0.52248484,0.073908
108,0.69469523,0.14224762,0.17251518,0.11696714,0.5221801,0.025280476
109,1.0222658,0.24713925,0.4583281,0.2861265,0.56393766,-0.03898725
110,0.60315037,0.13038796,0.13923693,0.10812728,0.46391344,0.02226068
111,1.0163697,0.16652438,0.23296091,0.1616784,0.78340876,0.004845977
112,0.03407948,-0.050656747,0.024335284,0.015156746,0.009744197,-0.0658135
113,1.061925,0.3039154,0.3117927,0.23389068,0.7501323,0.07002473
114,0.71167165,0.2616763,0.28466114,0.19098613,0.4270105,0.070690185
115,0.77639526,0.18334116,0.26238188,0.17579457,0.5140134,0.007546589
116,0.26146078,0.07155049,0.08516208,0.07065866,0.17629871,0.00089182705
117,0.6234986,0.15609391,0.19311926,0.13136908,0.43037936,0.024724826
118,0.8729655,0.30982965,0.4391721,0.33093524,0.43379343,-0.021105587
119,1.2087206,0.34689417,0.47056967,0.3685767,0.7381509,-0.02168253
120,0.009849515,0.12590736,0.026653472,0.013739225,-0.016803958,0.11216813
121,0.67140186,0.19251566,0.28320462,0.1695781,0.38819724,0.022937551
122,0.71946585,0.13363823,0.20858857,0.15172979,0.51087725,-0.01809156
123,1.3885698,0.34347147,0.4088748,0.30997974,0.979695,0.03349173
124,0.22126889,0.15064052,0.09943728,0.06636813,0.12183161,0.084272385
125,0.15168639,0.12582621,0.03726219,0.025802623,0.1144242,0.10002358
126,1.0272491,0.20290913,0.32175,0.23763685,0.7054991,-0.034727722
127,0.5711302,0.18229875,0.22567193,0.17243065,0.34545827,0.0098681
128,0.13113704,0.05083677,0.048011113,0.036823306,0.083125934,0.0140134655
129,0.9599651,0.28989848,0.41866207,0.28839174,0.54130304,0.0015067458
130,1.0031569,0.26126233,0.32761484,0.23317416,0.67554206,0.028088167
131,0.8204716,0.33730435,0.48534155,0.32102284,0.33513004,0.016281515
132,0.54692286,0.2891462,0.26433843,0.1992546,0.28258443,0.08989161
133,0.6703658,0.16619809,0.2619117,0.18788648,0.40845412,-0.021688387
134,0.93804455,0.3317794,0.33088478,0.21576571,0.60715973,0.116013676
135,0.83946794,0.22253604,0.36083397,0.21670744,0.47863397,0.005828604
136,0.28527224,0.100926235,0.11832502,0.079408534,0.16694722,0.021517701
137,1.130547,0.18762048,0.2635385,0.17654955,0.86700857,0.011070922
138,1.3188751,0.36809897,0.4795383,0.3347566,0.83933675,0.03334236
139,1.3103349,0.47134346,0.5546318,0.423093,0.7557031,0.048250467
140,0.2617519,0.11510755,0.092949316,0.0544176,0.16880257,0.060689952
141,0.5950712,0.24606247,0.3568539,0.22450192,0.2382173,0.02156055
142,0.025684794,-0.029981416,0.030996468,0.021015769,-0.0053116735,-0.050997183
143,1.0165852,0.13568576,0.18937166,0.12857512,0.8272136,0.0071106404
144,0.43371025,0.15573145,0.17412558,0.14103213,0.25958467,0.014699325
145,0.055581022,0.054896884,0.044631314,0.038637552,0.0109497085,0.016259331
146,0.250582,0.08881593,0.11878848,0.08699898,0.13179353,0.0018169507
147,0.27004588,0.076487236,0.113692306,0.077732,0.15635356,-0.001244761
148,0.68101114,0.18412456,0.2013875,0.14015606,0.47962365,0.0439685
149,0.875472,0.20321248,0.2746149,0.18641555,0.60085714,0.016796932
150,1.0902798,0.23261993,0.37850732,0.23683307,0.7117725,-0.0042131394
151,0.9032673,0.19937567,0.27944043,0.21462266,0.62382686,-0.015246987
152,0.9830003,0.20821568,0.27303877,0.20446596,0.70996153,0.0037497282
153,0.7324784,0.17428444,0.25628942,0.18565738,0.47618896,-0.011372939
154,1.1077079,0.34326556,0.46957606,0.35694975,0.6381318,-0.013684183
155,0.26340148,0.10276161,0.099064544,0.07415976,0.16433693,0.028601855
156,0.05913355,0.036555156,0.0351941,0.02063128,0.02393945,0.015923876
157,0.83155024,0.28811574,0.378814,0.2827923,0.45273623,0.00532344
158,0.7648725,0.2645467,0.31403714,0.2319775,0.45083535,0.0325692
159,0.82689846,0.438151,0.5357744,0.43812448,0.29112405,2.6524067e-05
160,1.2531828,0.5028976,0.667369,0.495642,0.58581376,0.007255614
161,0.94510263,0.30026093,0.39948064,0.29348683,0.545622,0.0067740977
162,1.07232,0.27327493,0.43320164,0.26746264,0.6391183,0.0058122873
163,0.9914634,0.16308117,0.25054812,0.17731799,0.7409153,-0.014236823
164,0.0023603865,0.145129,0.0538912,0.031099627,-0.051530816,0.11402937
165,1.0745174,0.19650477,0.29870084,0.207812,0.77581656,-0.011307225
166,1.1557391,0.3940327,0.51489806,0.37818253,0.640841,0.015850157
167,0.6574875,0.15053655,0.19422302,0.13935706,0.4632645,0.011179492
168,1.1030643,0.41373807,0.50323784,0.34907967,0.59982646,0.0646584
169,0.19286127,0.14767562,0.097526155,0.06765227,0.09533512,0.08002335
170,1.057318,0.22591712,0.24911997,0.19427927,0.808198,0.031637847
171,0.27183226,0.12316032,0.05554966,0.03746572,0.2162826,0.085694596
172,0.8825829,0.24807213,0.2810751,0.19765162,0.6015078,0.050420508
173,0.014419391,-0.037966162,0.019623684,0.013147278,-0.005204293,-0.05111344
174,1.112064,0.30316052,0.4643324,0.32321066,0.6477316,-0.020050138
175,0.481162,0.103257515,0.15396348,0.101392984,0.32719854,0.0018645301
176,0.30202964,0.11225263,0.09695379,0.06886949,0.20507586,0.043383144
177,0.31448728,0.035153687,0.06965562,0.04690411,0.24483165,-0.011750422
178,0.18389802,0.004765793,0.044268116,0.031289376,0.1396299,-0.026523583
179,0.89721876,0.22719887,0.31292334,0.22920756,0.5842954,-0.0020086914
180,1.1768533,0.30074415,0.3982635,0.28702325,0.7785898,0.0137209
181,0.94360155,0.11778438,0.1919737,0.13957882,0.75162786,-0.021794438
182,1.2889193,0.22512493,0.43560457,0.2681305,0.85331476,-0.043005586
183,0.817185,0.13654561,0.19941962,0.14363988,0.61776537,-0.007094264
184,0.13865982,0.07559294,0.12391479,0.08392502,0.014745027,-0.008332081
185,0.21918994,-0.0045428616,0.053245865,0.030591648,0.16594407,-0.03513451
186,1.3662391,0.31722915,0.32828727,0.24396388,1.0379518,0.07326527
187,1.3413018,0.25832996,0.45396122,0.29679203,0.88734055,-0.038462073
188,0.83443046,0.37563962,0.49205446,0.35395342,0.342376,0.021686196
189,1.1653643,0.25218275,0.37396917,0.24569261,0.79139507,0.006490141
190,0.74937433,0.31035042,0.3792261,0.2806153,0.37014824,0.029735118
191,0.3421242,0.09436926,0.111898124,0.06990559,0.23022607,0.024463676
192,1.0715107,0.28933382,0.3453682,0.24756792,0.72614247,0.0417659
193,0.87321216,0.22400117,0.3216925,0.20567735,0.55151963,0.018323824
194,0.7511133,0.09422804,0.16084549,0.094858184,0.5902678,-0.00063014776
195,0.09859307,-0.0011902727,0.08386515,0.048452698,0.01472792,-0.04964297
196,0.7213539,0.13751552,0.21713302,0.1387591,0.50422084,-0.0012435913
197,0.4618739,0.12559897,0.16285083,0.098541155,0.29902306,0.027057812
198,0.9847185,0.24977124,0.364001,0.21820387,0.6207175,0.031567365
199,0.060943864,0.08092973,0.07990475,0.06393455,-0.018960886,0.016995177
200,0.11703591,-0.0060936958,0.08112441,0.047218196,0.0359115,-0.05331189
201,0.59943396,0.14351201,0.19092576,0.1191432,0.40850818,0.024368808
202,0.27780086,0.08116744,0.10059176,0.077341236,0.17720911,0.003826201
203,0.4274948,0.0860321,0.14366785,0.09357263,0.28382695,-0.0075405315
204,1.046594,0.30671632,0.47065324,0.32511634,0.5759408,-0.018400013
205,0.9652487,0.20347096,0.32127923,0.23975608,0.6439695,-0.036285117
206,0.8332717,0.15625374,0.18572648,0.13232194,0.6475452,0.023931801
207,0.59280765,0.119646154,0.17876372,0.13130763,0.41404393,-0.011661477
208,0.83284503,0.11391149,0.21332021,0.120617345,0.61952484,-0.006705858
209,1.0380298,0.23166944,0.32079154,0.20427021,0.71723825,0.027399227
210,0.75860614,0.10489458,0.1704107,0.10842433,0.58819544,-0.0035297498
211,1.0622481,0.1269885,0.18299742,0.14021622,0.8792507,-0.013227716
212,-0.0022600787,0.13035291,0.004305954,-0.00087205257,-0.006566033,0.13122496
213,1.1088009,0.21271522,0.24767597,0.18768378,0.86112493,0.025031447
214,0.65280545,0.22627586,0.21883085,0.15955321,0.4339746,0.06672265
215,0.2896607,0.01554954,0.08064885,0.053540766,0.20901185,-0.037991226
216,0.8280129,0.2243153,0.27790493,0.19689347,0.55010796,0.027421832
217,0.643539,0.14841208,0.22447462,0.15201542,0.4190644,-0.0036033392
218,0.10902749,0.091847844,0.05996917,0.040994413,0.049058322,0.05085343
219,0.75847954,0.14492458,0.21586454,0.16792348,0.542615,-0.0229989
220,0.30770472,0.06946566,0.11832788,0.094796926,0.18937683,-0.025331266
221,0.908552,0.24245997,0.3224314,0.21408367,0.5861206,0.028376296
222,0.72550666,0.1973842,0.28931314,0.2084091,0.43619353,-0.011024907
223,0.68277186,0.2225455,0.29206842,0.20826903,0.39070344,0.014276475
224,1.151182,0.50914556,0.65892076,0.5176441,0.4922613,-0.008498549
225,0.30411553,0.13395528,0.07359493,0.05776692,0.2305206,0.07618836
226,0.1543257,0.04313769,0.088015735,0.058883615,0.06630996,-0.015745927
227,1.0639343,0.18159328,0.2724689,0.19255194,0.7914654,-0.010958657
228,0.8819691,0.36397222,0.41989642,0.30446288,0.46207267,0.059509337
229,0.15110081,0.016605005,0.06190312,0.039789822,0.089197695,-0.023184817
230,0.8700581,0.2893983,0.44746017,0.2986045,0.42259794,-0.009206176
231,0.09482891,0.02670507,0.08171509,0.045960225,0.013113819,-0.019255156
232,0.6886945,0.08452076,0.15404746,0.10543873,0.534647,-0.020917974
233,0.4358528,0.06726102,0.10342288,0.0658075,0.33242992,0.0014535189
234,1.1647416,0.2331605,0.40481892,0.25921923,0.75992274,-0.026058733
235,0.4304452,0.18389422,0.15026996,0.11425394,0.28017524,0.06964028
236,0.15218554,0.05641896,0.06689307,0.04911959,0.08529247,0.0072993673
237,0.35329065,0.09176493,0.107975364,0.07199524,0.24531528,0.019769683
238,1.4113518,0.16192763,0.21235509,0.1318792,1.1989967,0.03004843
239,0.8613388,0.1617035,0.20272355,0.15159096,0.65861523,0.010112539
240,0.8904367,0.30585253,0.4394288,0.28893924,0.4510079,0.016913295
241,0.8175676,0.17374712,0.25624782,0.16607475,0.56131977,0.0076723695
242,0.8043869,0.17245707,0.20532744,0.14077005,0.59905946,0.03168702
243,1.0182745,0.13305262,0.26584893,0.15238294,0.7524256,-0.019330323
244,0.16561373,0.09893175,0.042604662,0.030225819,0.12300906,0.06870593
245,0.7370723,0.27751824,0.40033713,0.29582155,0.33673516,-0.018303305
246,0.83537966,0.1676907,0.24021201,0.1669762,0.59516764,0.0007144958
247,1.0755997,0.49490255,0.57386863,0.42451048,0.50173104,0.07039207
248,1.0380167,0.26080674,0.2966165,0.23170722,0.7414002,0.029099524
249,0.9744315,0.24835287,0.3082369,0.21919799,0.6661946,0.029154882
250,0.08785489,0.033913612,0.033272732,0.023932766,0.05458216,0.009980846
251,0.13327013,0.02315348,0.08463083,0.060241688,0.048639297,-0.037088208
252,0.15662181,-0.02109715,0.04239515,0.02197783,0.11422667,-0.04307498
253,0.9689768,0.26624152,0.33800846,0.24595967,0.63096833,0.020281851
254,0.09995979,0.052395057,0.04039247,0.032212242,0.05956732,0.020182814
255,0.78387547,0.19324797,0.2606245,0.20060506,0.52325094,-0.0073570907
256,0.17960006,0.052861217,0.13940653,0.09951709,0.040193528,-0.046655875
257,0.4401174,0.11024371,0.096650586,0.07362688,0.34346682,0.036616825
258,0.06451173,-0.00061446545,0.05227961,0.03543974,0.012232121,-0.036054205
259,1.2117801,0.31149417,0.39306316,0.28529343,0.8187169,0.026200742
260,0.36884695,0.030848183,0.09927143,0.057661176,0.26957554,-0.026812993
261,0.17206828,0.035147306,0.05625301,0.03486591,0.115815274,0.00028139725
262,0.046613302,0.013467744,0.00799058,0.006092286,0.038622722,0.007375458
263,1.0056758,0.21058057,0.2373158,0.17717531,0.76836,0.03340526
264,1.0309002,0.30203044,0.44718733,0.30181247,0.58371294,0.00021797419
265,1.2462658,0.25116932,0.36849812,0.249948,0.8777677,0.001221329
266,0.89531326,0.20387748,0.3230834,0.20900714,0.57222986,-0.005129665
267,1.2129802,0.312216,0.5349437,0.3524263,0.67803645,-0.040210277
268,0.9403994,0.29029763,0.3847784,0.28971925,0.555621,0.00057837367
269,0.75307924,0.2274017,0.2550694,0.19848612,0.49800983,0.028915584
270,0.18358009,0.09244296,0.086438514,0.06831519,0.09714157,0.024127766
271,0.08459787,0.08778047,0.03610701,0.028690508,0.04849086,0.05908996
272,0.84346455,0.15779153,0.21203887,0.14245142,0.6314257,0.015340105
273,0.9675281,0.16519202,0.2361325,0.1528074,0.7313956,0.012384623
274,0.7596186,0.19770885,0.2345771,0.1746295,0.52504146,0.02307935
275,0.049378444,-0.008657358,0.051257245,0.034861136,-0.0018788017,-0.043518495
276,0.10170867,0.016608976,0.023482297,0.019180086,0.07822637,-0.0025711097
277,1.0887818,0.107670285,0.1580222,0.10314773,0.93075967,0.0045225546
278,-0.005350726,0.12147948,0.013999039,0.0057773455,-0.019349765,0.11570214
279,0.24779303,0.1386858,0.09216729,0.068386465,0.15562575,0.07029933
280,0.6363072,0.08486398,0.1389457,0.08677296,0.49736148,-0.0019089803
281,0.8032769,0.22333567,0.25411195,0.17322771,0.54916495,0.050107956
282,0.02731761,0.13139719,0.027223814,0.016456226,9.379536e-05,0.11494096
283,0.9792497,0.15491742,0.25241762,0.15966892,0.7268321,-0.0047515035
284,0.79052925,0.14778695,0.22337988,0.13944855,0.5671494,0.008338392
285,0.6731494,0.16489668,0.22108185,0.17215374,0.45206755,-0.007257059
286,0.12466706,0.1506459,0.05687372,0.03713718,0.06779334,0.113508716
287,1.0448854,0.23127358,0.25228435,0.18183675,0.79260105,0.049436823
288,0.66954845,0.19201095,0.24601972,0.16218802,0.42352873,0.02982293
289,0.023539415,0.037890162,0.03906249,0.030806635,-0.015523074,0.0070835277
290,1.2345976,0.27530548,0.43330556,0.31224722,0.801292,-0.036941737
291,0.86209625,0.22646314,0.36625102,0.2573001,0.49584523,-0.03083697
292,0.87490755,0.14165151,0.20418903,0.13045722,0.67071855,0.011194289
293,1.121765,0.18936689,0.29398602,0.17764673,0.827779,0.011720166
294,0.41589803,0.12158854,0.17914088,0.1074146,0.23675714,0.01417394
295,0.7556982,0.23135892,0.3464716,0.23728518,0.4092266,-0.0059262663
296,0.77899235,0.232993,0.27670413,0.18623346,0.5022882,0.046759546
297,0.73793226,0.23047413,0.27486214,0.18676695,0.46307012,0.043707177
298,0.16799499,0.042733178,0.025058478,0.019275574,0.14293651,0.023457604
299,0.15153255,0.033464137,0.08691308,0.06248222,0.06461947,-0.029018082
300,0.7622412,0.18498242,0.20664898,0.13834348,0.5555922,0.046638936
301,0.9814318,0.29672173,0.40511727,0.28303796,0.5763145,0.013683766
302,0.76888525,0.25699425,0.34042946,0.24430692,0.4284558,0.0126873255
303,0.60676765,0.1714232,0.29221576,0.20005135,0.3145519,-0.028628156
304,0.49738058,0.14072256,0.16748717,0.12309092,0.3298934,0.017631635
305,0.95987886,0.32346258,0.48555622,0.33698106,0.47432265,-0.013518482
306,0.60077006,0.2880802,0.35084623,0.23850577,0.24992383,0.04957442
307,0.8525963,0.15874851,0.18208912,0.14074516,0.6705072,0.018003345
308,1.2197373,0.32715696,0.32640034,0.2232542,0.89333695,0.10390276
309,0.46732125,0.23993981,0.1964197,0.13389233,0.27090156,0.10604748
310,0.082264185,0.047789987,0.043352276,0.038290493,0.03891191,0.009499494
311,0.87775695,0.114184014,0.15869734,0.10793922,0.7190596,0.0062447935
312,0.14988674,0.00913898,0.026686382,0.018155701,0.12320036,-0.0090167215
313,0.8039097,0.205911,0.29695505,0.19863659,0.50695467,0.007274404
314,0.25878638,0.028376902,0.08990989,0.067896955,0.1688765,-0.039520055
315,0.20305626,0.044641815,0.065576114,0.04781427,0.13748014,-0.0031724535
316,0.066972055,0.035947688,0.029413516,0.019983953,0.03755854,0.015963735
317,0.88473713,0.33142585,0.3512752,0.25299215,0.5334619,0.07843369
318,0.1057757,0.03610274,0.053574316,0.046207435,0.052201383,-0.010104697
319,0.19698703,0.079246655,0.05506466,0.041316003,0.14192237,0.037930652
320,1.2171352,0.34775972,0.44487077,0.3391303,0.7722644,0.008629411
321,0.73097366,0.14093201,0.18082236,0.1418353,0.5501513,-0.0009032935
322,0.35182112,0.058415473,0.065762855,0.036370598,0.28605828,0.022044875
323,0.48604488,0.15859367,0.14481056,0.10768561,0.34123433,0.05090806
324,0.0124325445,0.012458347,0.026066124,0.01905575,-0.01363358,-0.0065974034
325,0.21778281,0.05092209,0.09594769,0.06623329,0.12183512,-0.015311204
326,0.5040422,0.1534271,0.14596607,0.10223372,0.35807616,0.05119337
327,0.5680415,0.1489061,0.16701663,0.12226267,0.40102488,0.026643425
328,0.17276797,0.06850941,0.047596365,0.03613701,0.1251716,0.032372396
329,1.2116315,0.21031031,0.34504402,0.2345695,0.8665875,-0.024259195
330,-0.030560136,0.1399016,0.00829933,0.0012825571,-0.038859464,0.13861904
331,0.46243992,0.20159851,0.0850033,0.06536044,0.37743664,0.13623807
332,0.12487834,0.08584777,0.04639367,0.03244134,0.07848467,0.053406432
333,0.4690967,0.17963961,0.10701487,0.08579402,0.36208183,0.09384559
334,-0.028201252,0.10721813,0.00705361,0.0023192526,-0.035254862,0.10489888
335,1.2758782,0.27102664,0.40761796,0.29228592,0.86826026,-0.021259278
336,0.78744155,0.2050707,0.27835578,0.16459505,0.5090858,0.04047565
337,0.7000548,0.24083145,0.24608092,0.18181649,0.4539739,0.05901496
338,0.4184329,0.115228236,0.11089848,0.08167912,0.3075344,0.033549115
339,0.13535696,0.049512982,0.05321308,0.03969722,0.08214389,0.009815764
340,0.32588577,0.06993849,0.106391214,0.076695696,0.21949455,-0.006757207
341,0.26706198,0.11322512,0.103402294,0.07736772,0.16365969,0.035857394
342,0.7262702,0.20350333,0.26103663,0.20030499,0.46523356,0.0031983405
343,0.56277764,0.09237652,0.13909364,0.08074801,0.423684,0.011628516
344,0.43352103,0.17630857,0.14547439,0.110218644,0.28804666,0.06608993
345,0.7724995,0.16801172,0.21396418,0.15819688,0.55853534,0.009814844
346,0.77690375,0.211588,0.33862984,0.25329304,0.4382739,-0.041705042
347,0.45056754,0.063481934,0.17851803,0.118400216,0.27204952,-0.05491828
348,0.41386485,0.10404484,0.10780656,0.08321909,0.3060583,0.020825751
349,0.36703318,0.096735224,0.107389554,0.06718248,0.2596436,0.029552743
350,0.12463479,0.008851086,0.061874043,0.041599635,0.06276074,-0.03274855
351,1.66756,0.4325286,0.59542036,0.39260048,1.0721396,0.03992811
352,0.82041115,0.24403846,0.21168295,0.15297116,0.6087282,0.0910673
353,0.84074634,0.23880167,0.3937275,0.2764728,0.44701883,-0.037671134
354,0.36043003,0.1320624,0.17933112,0.12993857,0.18109891,0.0021238327
355,0.8209608,0.14281967,0.18885696,0.14053154,0.63210386,0.002288133
356,1.1019408,0.28448224,0.2934395,0.22492178,0.80850124,0.059560463
357,0.65904105,0.17118216,0.25204438,0.18616988,0.40699667,-0.014987722
358,0.87922186,0.13538125,0.24841504,0.1790373,0.6308068,-0.04365605
359,0.11051883,-0.0130687645,0.03322264,0.0171906,0.07729618,-0.030259363
360,1.0423148,0.23713478,0.3303328,0.24223721,0.711982,-0.005102426
361,0.0724069,-0.004123628,0.058516882,0.041271742,0.013890021,-0.04539537
362,1.2127415,0.21457343,0.2612167,0.21116813,0.9515248,0.0034053028
363,0.8887389,0.18896595,0.25355476,0.16957745,0.6351841,0.019388497
364,0.5120186,0.13554779,0.13783316,0.097421765,0.37418544,0.03812602
365,0.7098385,0.26156843,0.3290786,0.24544077,0.3807599,0.01612766
366,0.96892995,0.17535615,0.2895355,0.19505452,0.6793945,-0.019698367
367,0.936551,0.16451566,0.22649606,0.16455936,0.71005493,-4.3705106e-05
368,0.757834,0.12486709,0.21171565,0.12439879,0.5461184,0.0004682988
369,0.094639726,0.05296499,0.04539878,0.030894142,0.049240947,0.022070847
370,0.6439824,0.29300615,0.26872784,0.19712666,0.37525457,0.095879495
371,0.9328447,0.31506914,0.40911904,0.30227202,0.5237256,0.012797117
372,0.82017726,0.19866024,0.29408178,0.21828115,0.5260955,-0.01962091
373,0.7695465,0.13038865,0.20689484,0.13028657,0.56265163,0.000102072954
374,-0.005199062,0.22946481,0.02796423,0.018744439,-0.033163294,0.21072038
375,0.65188545,0.16590907,0.19836882,0.14247073,0.45351663,0.023438334
376,0.9272542,0.18274829,0.23207486,0.17183001,0.69517934,0.0109182745
377,1.0196888,0.27961123,0.32998013,0.24080725,0.6897087,0.03880398
378,0.14354767,0.033913758,0.07918705,0.0437558,0.06436062,-0.009842042
379,0.7225204,0.16907907,0.26266855,0.1907467,0.45985186,-0.02166763
380,0.89186126,0.34134677,0.45493627,0.29677525,0.436925,0.04457152
381,0.58741796,0.2317787,0.27532366,0.19135162,0.3120943,0.040427074
382,0.119480856,0.051630888,0.050244927,0.034521442,0.06923593,0.017109446
383,1.1427734,0.23618014,0.38984868,0.25146052,0.7529247,-0.015280381
384,0.760835,0.18603596,0.24612942,0.18859448,0.51470554,-0.0025585145
385,0.9434819,0.18699892,0.1747905,0.12765609,0.7686914,0.05934283
386,0.87571293,0.10982017,0.2390256,0.14320421,0.63668734,-0.03338404
387,0.40946046,0.19642702,0.24994794,0.15643951,0.15951252,0.039987504
388,0.8456868,0.14700499,0.25593996,0.15838555,0.58974683,-0.011380553
389,0.06395893,0.0053456905,0.05046319,0.031138103,0.01349574,-0.025792412
390,0.92577565,0.2154412,0.2980646,0.22683486,0.62771106,-0.011393666
391,0.12511021,0.09846628,0.03351877,0.0213116,0.09159144,0.07715468
392,0.28190103,0.12513535,0.102059975,0.072985865,0.17984106,0.052149482
393,0.22688258,0.054306045,0.03441288,0.025746781,0.1924697,0.028559264
394,0.11210291,0.029429086,0.030592874,0.021501077,0.08151004,0.007928008
395,0.21264753,0.07646572,0.059359886,0.04751147,0.15328765,0.028954249
396,0.84294975,0.25572565,0.34876165,0.25421256,0.4941881,0.0015130937
397,0.76552314,0.12753071,0.17679338,0.12173007,0.58872974,0.005800642
398,0.10182338,-0.029026013,0.03411159,0.025533572,0.06771179,-0.054559585
399,0.5959528,0.25270483,0.30145103,0.22372985,0.29450178,0.02897498
400,0.7966356,0.2044867,0.27423838,0.20360169,0.5223973,0.00088500977
401,0.97453994,0.16347988,0.18142034,0.15179554,0.7931196,0.011684343
402,1.1590196,0.14170691,0.24968311,0.16264394,0.90933645,-0.020937026
403,0.6075582,0.21400353,0.22512087,0.16282581,0.38243732,0.051177725
404,0.65930724,0.13217182,0.27036765,0.16501556,0.3889396,-0.03284374
405,1.3215089,0.32659176,0.51613975,0.37808672,0.80536914,-0.051494956
406,0.4453269,0.09336919,0.109770276,0.06949812,0.33555663,0.023871072
407,0.21008764,0.055317953,0.0685516,0.052969314,0.14153604,0.002348639
408,0.43319654,0.20109156,0.2252371,0.16407327,0.20795944,0.037018284
409,0.35481605,0.14652538,0.14928433,0.09691698,0.20553172,0.049608402
410,0.83800644,0.3025325,0.36395788,0.26903003,0.47404855,0.03350246
411,0.5679622,0.18647534,0.27840498,0.19860539,0.28955725,-0.012130052
412,0.11878012,0.09071578,0.06092996,0.042177103,0.05785016,0.048538677
413,0.12127215,0.056657396,0.05989207,0.048699193,0.061380077,0.007958204
414,0.09407964,0.15372883,0.046097796,0.036169283,0.047981847,0.117559545
415,0.5157723,0.15574232,0.1804939,0.13564262,0.3352784,0.0200997
416,0.074382916,0.022242714,0.071214534,0.040828217,0.0031683818,-0.018585503
417,0.10010876,0.05425023,0.050141633,0.036376994,0.049967125,0.017873235
418,0.6667645,0.125303,0.17152397,0.129614,0.4952405,-0.0043109953
419,0.16399515,-0.021478206,0.049194317,0.031357277,0.114800826,-0.052835483
420,-2.9395906e-05,0.020372942,0.006070305,0.0092477705,-0.006099701,0.011125172
421,-0.035687633,-0.023784777,0.013421306,0.010523474,-0.049108937,-0.03430825
422,0.7963278,0.20097947,0.22882462,0.16996042,0.5675032,0.031019047
423,0.71849084,0.19785854,0.26879185,0.17924978,0.44969898,0.018608764
424,0.18724805,0.04745325,0.05884506,0.04720348,0.128403,0.00024976954
425,0.5575002,0.17149892,0.18704745,0.13172717,0.37045273,0.03977175
426,0.012228588,0.009024908,0.04579042,0.02274999,-0.033561833,-0.013725082
427,0.1329351,0.090687014,0.09084542,0.06624945,0.042089686,0.024437562
428,0.25104457,0.059065167,0.087693885,0.06048516,0.16335069,-0.001419995
429,1.2008669,0.30046937,0.4035886,0.3064178,0.79727834,-0.0059484243
430,0.06880824,0.028058711,0.037371732,0.028137434,0.03143651,-7.8722835e-05
431,0.62246466,0.1554626,0.23887427,0.16127059,0.3835904,-0.005807996
432,0.5269915,0.1612172,0.252582,0.17217532,0.27440947,-0.01095812
433,0.05393634,0.035598293,0.041359782,0.024030922,0.012576558,0.011567371
434,0.61077005,0.10274973,0.14464098,0.09428606,0.46612906,0.008463666
435,-0.026559666,-0.057198808,0.006208004,0.00020629578,-0.03276767,-0.057405103
436,0.11401249,0.08339975,0.066392444,0.049483333,0.047620043,0.033916418
437,0.12278874,0.05078346,0.060927093,0.042220544,0.06186165,0.008562915
438,0.12590143,0.13513939,0.037284575,0.01862734,0.088616855,0.11651205
439,1.1417745,0.12659152,0.21275547,0.13282667,0.9290191,-0.0062351525
440,0.9217905,0.17145379,0.2539865,0.18349275,0.667804,-0.012038961
441,0.051536594,0.06530373,0.05857557,0.045804095,-0.007038977,0.019499633
442,0.4728444,0.23801605,0.21791258,0.17186931,0.2549318,0.06614675
443,0.89708674,0.3721851,0.46087486,0.3384728,0.43621188,0.033712298
444,0.93320227,0.23887944,0.35386384,0.25130835,0.57933843,-0.01242891
445,1.2974504,0.25422654,0.43361586,0.29860502,0.86383456,-0.04437849
446,0.23965818,0.046356376,0.045907535,0.03551228,0.19375065,0.010844097
447,0.7831079,0.115358576,0.14344783,0.105335,0.63966006,0.010023579
448,0.048189677,0.040907502,0.035878725,0.026927477,0.012310952,0.013980025
449,0.12975319,-0.042387106,0.062573224,0.043279745,0.06717996,-0.08566685
450,0.2102475,0.05635043,0.050748378,0.037505522,0.15949912,0.018844906
451,0.6668599,0.1468457,0.16283903,0.11992334,0.5040209,0.02692236
452,0.49580547,0.16282536,0.20396027,0.14352013,0.2918452,0.01930523
453,1.0296706,0.18586758,0.2237055,0.17007512,0.80596507,0.01579246
454,0.9433068,0.1778375,0.28226733,0.20569253,0.6610395,-0.027855024
455,0.94686323,0.3280326,0.40075535,0.29526952,0.5461079,0.032763094
456,0.19526768,0.04275456,0.040533118,0.027768005,0.15473455,0.014986556
457,0.8960105,0.29793742,0.39091396,0.2753039,0.50509655,0.022633523
458,0.9668461,0.30257687,0.37187073,0.27352926,0.59497535,0.029047608
459,0.5420058,0.12272746,0.1324371,0.09672314,0.40956867,0.026004322
460,0.10594871,0.032274425,0.020400582,0.015815917,0.085548125,0.016458508
461,1.2772988,0.25735405,0.3919173,0.27140817,0.8853815,-0.01405412
462,0.14289293,0.053250223,0.06647929,0.048401825,0.07641364,0.0048483983
463,1.1745596,0.36803216,0.5283536,0.38061723,0.646206,-0.012585074
464,0.6233875,0.2278987,0.26672915,0.2083805,0.35665837,0.019518197
465,0.13108726,0.11661144,0.04903243,0.033036947,0.08205482,0.083574496
466,0.9988666,0.41339093,0.58595395,0.4256219,0.41291267,-0.0122309625
467,-0.02146513,0.1102372,0.021861967,0.007823126,-0.043327097,0.10241408
468,1.0584781,0.1324669,0.329563,0.17014417,0.7289151,-0.037677273
469,0.75818336,0.15505701,0.20987868,0.15611231,0.5483047,-0.0010553002
470,0.14918104,0.066382185,0.07549912,0.042382292,0.07368192,0.023999892
471,0.19305778,0.05904095,0.07382575,0.04605389,0.11923203,0.012987059
472,0.7323511,0.1829372,0.23685043,0.17116837,0.49550068,0.011768833
473,1.0602862,0.1775059,0.30499047,0.19885504,0.7552957,-0.021349147
474,0.7935496,0.18016078,0.21317963,0.15254766,0.58036995,0.027613118
475,0.14628029,0.041741576,0.048107192,0.037028335,0.0981731,0.004713241
476,0.008781792,0.021929508,0.022443619,0.022233984,-0.013661827,-0.00030447543
477,0.06542347,-0.010010338,0.046399165,0.030508954,0.019024309,-0.040519293
478,0.5815549,0.15446742,0.18555453,0.14753556,0.39600036,0.0069318563
479,0.020610867,-0.05598377,0.009210231,0.0064713163,0.011400636,-0.062455088
480,1.2182707,0.29681805,0.38851142,0.27266958,0.82975924,0.024148464
481,0.8197661,0.21283859,0.25752175,0.1887897,0.56224436,0.024048895
482,0.9028675,0.25009507,0.38880172,0.267678,0.51406574,-0.017582923
483,0.12596516,0.0006895193,0.027166793,0.021996113,0.09879837,-0.021306593
484,0.9841554,0.3453212,0.36449248,0.26349214,0.61966294,0.08182907
485,0.97998184,0.1307217,0.18594912,0.12896797,0.7940327,0.0017537326
486,0.020431407,-0.017159587,0.019870926,0.013430673,0.0005604811,-0.030590259
487,0.922793,0.21518636,0.27012762,0.1746912,0.6526654,0.040495157
488,0.038055282,0.049762588,0.019563586,0.013730769,0.018491697,0.03603182
489,0.849441,0.17296846,0.21574649,0.16391225,0.6336945,0.0090562105
490,-0.017205935,0.12366381,0.05158319,0.033523653,-0.068789124,0.090140164
491,0.28339478,0.06821803,0.12868649,0.07495667,0.1547083,-0.0067386404
492,0.25673878,0.08970558,0.13246106,0.0897664,0.124277726,-6.081909e-05
493,0.050733075,0.0010768106,0.03158533,0.025879746,0.019147746,-0.024802936
494,0.17639919,0.05057543,0.050867878,0.030035391,0.12553132,0.02054004
495,0.7693554,0.2560832,0.37315658,0.2629854,0.39619884,-0.006902218
496,0.1827542,0.09777215,0.08128128,0.06339796,0.10147292,0.034374192
497,1.111148,0.45992813,0.5718528,0.37538028,0.5392952,0.08454785
498,0.028858837,0.19893968,0.05170821,0.038080957,-0.022849374,0.16085872
499,0.8661593,0.36229745,0.41511974,0.2963512,0.45103958,0.06594625
500,0.3460159,0.08646534,0.17253923,0.10536383,0.17347667,-0.018898495
501,0.7986028,0.15372035,0.29699785,0.18286777,0.501605,-0.029147416
502,0.35020292,0.13998824,0.07236089,0.047693767,0.27784204,0.09229448
503,0.84707725,0.17586607,0.2301879,0.16584507,0.61688936,0.010021001
504,0.072735846,-0.0071545816,0.038701165,0.017324641,0.03403468,-0.024479223
505,0.7529292,0.2852215,0.3751653,0.2954362,0.3777639,-0.010214716
506,0.15270987,0.068651155,0.04759948,0.03625724,0.10511039,0.032393914
507,0.06338389,0.13839418,0.04187675,0.035275035,0.021507144,0.10311914
508,0.030762946,0.02696129,0.02820765,0.021874484,0.0025552958,0.0050868057
509,0.08291744,0.08800865,0.01417506,0.01022427,0.06874238,0.07778438
510,1.1364124,0.35539818,0.5148927,0.35230708,0.6215197,0.0030910969
511,0.8707319,0.14397122,0.23735814,0.16703507,0.63337374,-0.023063853
512,-0.007994694,0.19464621,0.049153313,0.019612014,-0.057148006,0.1750342
513,0.3003943,0.022628106,0.07294418,0.05096067,0.22745012,-0.028332565
514,1.2496163,0.63518786,0.7855376,0.61859953,0.46407866,0.01658833
515,0.878827,0.2488371,0.34676233,0.25996593,0.5320647,-0.011128828
516,0.94232935,0.2793787,0.37349913,0.2587158,0.56883025,0.020662904
517,-0.00042147338,0.051663395,0.013201979,0.013440358,-0.013623453,0.038223036
518,0.7219686,0.228507,0.35012802,0.24890599,0.37184057,-0.02039899
519,0.34086674,0.07182518,0.09539254,0.06762039,0.2454742,0.0042047873
520,1.0222112,0.37264702,0.4313233,0.30467588,0.5908879,0.06797114
521,0.093140304,0.016587297,0.08278843,0.05477468,0.010351874,-0.038187385
522,0.88875943,0.19457419,0.26010036,0.16329792,0.62865907,0.03127627
523,1.2470317,0.3381078,0.38999844,0.27266264,0.85703325,0.065445155
524,0.045671333,-0.012190001,0.040843423,0.023343258,0.004827909,-0.035533257
525,0.54770726,0.09678413,0.19529797,0.15218624,0.3524093,-0.055402115
526,0.95295954,0.17612596,0.23738995,0.1729072,0.7155696,0.0032187551
527,0.5142998,0.22827442,0.17935483,0.13322088,0.33494496,0.09505354
528,0.09141428,0.03847078,0.028617745,0.022620056,0.06279653,0.015850723
529,0.537439,0.111545116,0.17454529,0.123964116,0.3628937,-0.012419
530,0.78188044,0.2524427,0.3011662,0.23532574,0.48071423,0.017116949
531,0.16704841,0.017415147,0.082064115,0.05811628,0.084984295,-0.040701132
532,1.3575299,0.2157424,0.5202726,0.32938093,0.83725727,-0.113638535
533,0.93123645,0.35331044,0.5315107,0.34443912,0.39972574,0.008871317
534,0.8942154,0.14717665,0.18768612,0.14939895,0.70652926,-0.0022222996
535,0.7752888,0.31728,0.34474754,0.22547932,0.43054128,0.091800675
536,0.7006038,0.29335713,0.404463,0.2672526,0.2961408,0.02610454
537,0.5164948,0.14809963,0.17104867,0.11777185,0.34544614,0.030327782
538,0.837946,0.23412016,0.28293952,0.21045604,0.5550065,0.023664117
539,0.09901446,0.11556757,0.05262218,0.02885693,0.04639228,0.08671065
540,0.7888391,0.16067202,0.22052605,0.15889803,0.56831306,0.0017739981
541,1.2588353,0.31413463,0.45447087,0.33737913,0.80436444,-0.0232445
542,1.0330831,0.17635676,0.30686632,0.18724447,0.7262168,-0.010887712
543,0.16513637,0.026778407,0.031141102,0.022290763,0.13399526,0.004487645
544,0.7587668,0.21530364,0.23081556,0.16495164,0.52795124,0.050352007
545,1.5297239,0.31440282,0.5093767,0.3686629,1.0203471,-0.054260075
546,0.082015045,0.00036971545,0.044463765,0.031485308,0.03755128,-0.031115593
547,1.0679423,0.17953455,0.24086924,0.15949638,0.82707304,0.020038173
548,0.30884746,0.06489389,0.111692965,0.079019465,0.19715449,-0.014125578
549,0.03810638,-0.019636637,0.014795357,0.01266367,0.02331102,-0.03230031
550,0.8629068,0.28813496,0.3535955,0.26996222,0.5093113,0.018172741
551,0.8200584,0.14488734,0.18634656,0.13427314,0.6337118,0.010614201
552,0.09865401,0.10532261,0.0455601,0.02533048,0.05309391,0.07999213
553,0.5926904,0.1341173,0.17731023,0.12377153,0.41538018,0.010345772
554,0.0651171,-0.020230077,0.033936635,0.020748524,0.031180464,-0.040978603
555,0.29784575,0.154576,0.14652053,0.09452172,0.15132523,0.06005428
556,0.8432171,0.2232411,0.3652595,0.23988247,0.47795758,-0.016641364
557,0.057376154,0.06167341,0.05351156,0.037889518,0.0038645938,0.023783892
558,0.7928796,0.2834221,0.39186126,0.27246577,0.40101832,0.010956347
559,0.8470912,0.23918517,0.35794693,0.24157815,0.48914427,-0.0023929775
560,0.71320796,0.1823377,0.24619898,0.15224919,0.46700898,0.030088514
561,0.71949536,0.20994425,0.26460832,0.2046951,0.45488703,0.0052491426
562,0.27210206,0.034030262,0.13658112,0.075044796,0.13552094,-0.041014533
563,0.08422949,0.027710058,0.041451335,0.023721498,0.042778157,0.0039885603
564,1.0057434,0.22970098,0.43615627,0.23075764,0.5695871,-0.0010566562
565,0.88505185,0.2368242,0.301956,0.19962248,0.58309585,0.037201717
566,1.3808653,0.31650576,0.36242157,0.2698536,1.0184438,0.046652168
567,0.13670985,0.020968711,0.0385148,0.024488244,0.09819505,-0.0035195332
568,0.5725701,0.07924343,0.14158162,0.09489648,0.43098846,-0.015653051
569,0.6979911,0.11381016,0.20824389,0.14569923,0.48974717,-0.031889074
570,0.5068154,0.10451797,0.1386035,0.10141639,0.36821187,0.0031015798
571,0.398157,0.12876926,0.12649676,0.084050834,0.27166024,0.04471843
572,0.20428537,0.28602487,0.16556978,0.118429564,0.038715586,0.1675953
573,1.2275801,0.53052247,0.6197382,0.47186407,0.60784185,0.05865839
574,0.9022412,0.19126445,0.27287886,0.1883711,0.62936234,0.0028933436
575,0.29976833,0.09769038,0.11352501,0.08647037,0.18624333,0.011220008
576,1.3015097,0.2528114,0.33525187,0.22300665,0.96625787,0.029804751
577,0.18157816,0.06887388,0.07293266,0.06215564,0.1086455,0.0067182407
578,1.0521115,0.3232773,0.41314155,0.33062226,0.63896996,-0.007344961
579,1.2788584,0.32500502,0.37668675,0.26313275,0.9021717,0.061872274
580,0.33440807,0.08590271,0.09731685,0.0723346,0.23709121,0.013568111
581,1.1278512,0.2751381,0.45693636,0.30881602,0.6709149,-0.033677906
582,0.9908418,0.15188451,0.23126297,0.15915641,0.7595788,-0.007271901
583,0.1673169,0.049048316,0.04873673,0.033157475,0.11858017,0.01589084
584,0.18581891,0.1859154,0.100225866,0.06576053,0.085593045,0.120154865
585,-0.0009132033,-0.03825841,0.017718088,0.012576973,-0.01863129,-0.050835386
586,0.075190306,0.043961003,0.02876147,0.02431112,0.046428837,0.019649884
587,0.07330824,0.15842669,0.024928939,0.014490388,0.0483793,0.1439363
588,0.9857906,0.23924224,0.39738485,0.25816053,0.5884057,-0.01891829
589,0.8128881,0.26357198,0.2955079,0.19958381,0.5173802,0.063988164
590,0.94748485,0.30205297,0.39040846,0.2905729,0.5570764,0.011480063
591,0.7913074,0.21112604,0.32311255,0.23290499,0.46819484,-0.021778941
592,0.36615276,0.083433576,0.14715037,0.090461254,0.2190024,-0.007027678
593,0.9951396,0.18962589,0.27464035,0.19119339,0.7204993,-0.0015674978
594,0.9299766,0.14324667,0.23343804,0.1487887,0.69653857,-0.00554204
595,0.7145244,0.116047435,0.17483358,0.11687442,0.5396908,-0.00082698464
596,0.67113966,0.10299737,0.13732556,0.099815965,0.5338141,0.0031814054
597,0.2974247,0.19942544,0.21561484,0.16144426,0.08180986,0.037981182
598,0.046593294,0.008707497,0.023405407,0.019705696,0.023187887,-0.010998199
599,0.1947233,0.10756089,0.10946296,0.06845998,0.08526033,0.039100908
600,0.85319525,0.19272894,0.2732296,0.18281071,0.57996565,0.009918228
601,0.13365346,0.04611967,0.043475404,0.021363147,0.09017806,0.024756525
602,0.88464636,0.16812682,0.23896451,0.18479416,0.64568186,-0.016667336
603,0.10280127,0.011199618,0.062954046,0.036944665,0.039847225,-0.025745047
604,0.8079132,0.2575382,0.33289662,0.2420671,0.47501656,0.015471101
605,0.57839733,0.28581646,0.36203852,0.2403351,0.21635881,0.045481354
606,1.2040844,0.29139963,0.4044724,0.3002727,0.799612,-0.008873075
607,0.10833874,0.024350261,0.043225355,0.028588932,0.06511339,-0.0042386707
608,0.88006586,0.2700192,0.39176562,0.28565875,0.48830023,-0.015639544
609,0.71554446,0.2574873,0.33781436,0.23872218,0.3777301,0.018765122
610,0.476341,0.18741345,0.25023228,0.17971875,0.22610873,0.0076947063
611,0.4955899,0.049500935,0.08182566,0.061122984,0.41376424,-0.011622049
612,0.9961896,0.31711817,0.43999934,0.31696922,0.55619025,0.00014895201
613,0.004483427,-0.055640113,0.023192232,0.013467416,-0.018708806,-0.06910753
614,0.65181935,0.24320775,0.32202923,0.22674632,0.32979012,0.016461432
615,1.1719501,0.13572398,0.17742617,0.13003741,0.99452394,0.0056865662
616,0.21640193,0.06017917,0.04676806,0.031974502,0.16963387,0.028204668
617,0.951303,0.18377157,0.23015182,0.185117,0.7211512,-0.0013454407
618,0.5153991,0.23873061,0.34669036,0.24949317,0.16870874,-0.010762557
619,0.07858472,0.04426632,0.029596463,0.022840194,0.04898826,0.021426126
620,-0.0020834836,-0.0022943197,0.021478612,0.015553942,-0.023562096,-0.01784826
621,1.0450623,0.3631889,0.40326905,0.30749384,0.64179325,0.055695057
622,0.91909105,0.14148985,0.3039713,0.19985285,0.61511976,-0.058363006
623,1.407584,0.28662118,0.42062625,0.30237794,0.98695767,-0.015756756
624,0.20235713,0.06431251,0.05053423,0.04431781,0.1518229,0.019994698
625,0.94279313,0.27347794,0.3233828,0.24002644,0.61941034,0.033451498
626,0.16097088,0.0341286,0.050771646,0.031560183,0.110199235,0.0025684163
627,1.1030389,0.27185094,0.27756536,0.19283472,0.82547355,0.07901622
628,1.023478,0.2350041,0.343256,0.2256078,0.68022203,0.0093963
629,0.74876624,0.22004537,0.3591095,0.23545139,0.38965675,-0.015406013
630,0.57793885,0.083700955,0.16333173,0.11704077,0.4146071,-0.033339813
631,0.82733876,0.19694932,0.27974325,0.17890473,0.5475955,0.018044591
632,0.7632045,0.1861683,0.2779267,0.193368,0.4852778,-0.0071997046
633,0.77456075,0.1785106,0.40082002,0.22644301,0.37374073,-0.0479324
634,0.04732694,0.053326327,0.036130004,0.025037969,0.011196937,0.028288359
635,0.8857413,0.181101,0.26053557,0.1734461,0.62520576,0.0076548904
636,1.0959786,0.35187733,0.41901717,0.35179475,0.6769614,8.2582235e-05
637,0.13822703,0.057187583,0.03532387,0.024578381,0.10290316,0.032609202
638,0.09195025,0.03486662,0.056177724,0.033832747,0.03577253,0.0010338724
639,0.29155847,0.028581075,0.10728212,0.062888086,0.18427636,-0.03430701
640,1.2214196,0.4545199,0.58031785,0.43898186,0.6411017,0.015538037
641,0.9319597,0.25118947,0.3262291,0.24212424,0.6057306,0.009065226
642,0.76602125,0.31178442,0.3570897,0.26801434,0.40893155,0.043770075
643,0.07088467,0.04045324,0.029635316,0.022122126,0.04124935,0.018331114
644,1.2272717,0.36687696,0.56475,0.3558858,0.66252166,0.010991156
645,0.2025069,0.0727741,0.08324615,0.064683795,0.11926075,0.008090302
646,0.6503313,0.13532262,0.20616145,0.15556738,0.44416988,-0.020244762
647,1.1878703,0.20073679,0.38141245,0.23025998,0.8064578,-0.029523194
648,0.92182815,0.26597574,0.40545067,0.28644052,0.51637745,-0.020464778
649,0.43021882,0.23322007,0.26931375,0.20014429,0.16090506,0.03307578
650,0.349567,0.064489946,0.08177873,0.05921916,0.26778826,0.0052707866
651,0.5100999,0.18669662,0.2605422,0.18752904,0.24955767,-0.00083242357
652,0.80845314,0.24491128,0.31067848,0.2232465,0.49777466,0.021664783
653,0.95150375,0.21044572,0.33319464,0.20495477,0.61830914,0.005490944
654,0.17625003,0.02233713,0.05970924,0.04866014,0.11654079,-0.026323011
655,1.1334648,0.3003816,0.3477933,0.24764352,0.7856715,0.052738085
656,1.3419759,0.26677173,0.37201566,0.26006842,0.9699603,0.006703317
657,0.9595343,0.39991546,0.57740045,0.40693384,0.38213384,-0.0070183873
658,0.9690489,0.22184187,0.3051649,0.20968509,0.66388404,0.012156785
659,0.18022823,0.0853652,0.0794047,0.053589273,0.10082354,0.031775925
660,0.0009891422,0.020958262,0.017794639,0.009158804,-0.016805496,0.0117994575
661,0.8036551,0.19544642,0.24658617,0.18040426,0.55706894,0.015042156
662,0.2319844,0.039200805,0.054113526,0.039164327,0.17787088,3.6478043e-05
663,0.53777826,0.16549085,0.21625146,0.12867296,0.3215268,0.036817893
664,0.7058801,0.111768685,0.19476132,0.13079742,0.51111877,-0.01902873
665,0.81096566,0.16183765,0.27304462,0.16435799,0.5379211,-0.0025203377
666,1.0502143,0.14246368,0.21515998,0.15665133,0.8350543,-0.014187649
667,0.1181797,0.037633386,0.043612346,0.02909467,0.074567355,0.008538716
668,1.093867,0.39839578,0.42805344,0.32986876,0.6658135,0.06852701
669,0.1495246,0.15651488,0.069857664,0.05256007,0.079666935,0.103954814
670,0.2420159,0.095343664,0.098282866,0.06915653,0.14373302,0.026187137
671,0.69658333,0.2629787,0.2887923,0.20823117,0.40779102,0.054747537
672,0.59989935,0.2806991,0.4182331,0.29676548,0.18166625,-0.016066372
673,0.9678394,0.29154179,0.35950124,0.28188914,0.6083382,0.009652644
674,0.8470052,0.20017621,0.22128019,0.16402155,0.62572503,0.036154658
675,0.6759299,0.23727922,0.34459978,0.24958447,0.33133012,-0.012305245
676,1.0325937,0.13540734,0.2360979,0.16079059,0.7964958,-0.025383249
677,0.5761651,0.18571267,0.27687624,0.19462363,0.29928884,-0.008910969
678,0.92295873,0.27218014,0.3580032,0.24521546,0.56495553,0.02696468
679,0.75656396,0.17072009,0.26145008,0.17799166,0.49511388,-0.007271573
680,0.8146543,0.22975104,0.29271713,0.22613522,0.52193713,0.0036158115
681,0.6813193,0.20285086,0.27732795,0.20148912,0.40399134,0.0013617426
682,0.7792082,0.3140288,0.40432304,0.31667632,0.37488514,-0.002647519
683,0.066576414,0.0046066567,0.028850833,0.018130902,0.037725583,-0.0135242455
684,0.09359385,0.030360268,0.05647413,0.040042236,0.03711972,-0.009681968
685,0.7626435,0.18873297,0.25546986,0.17216024,0.50717366,0.016572729
686,0.18989652,0.012947003,0.053408213,0.03588993,0.13648832,-0.022942927
687,1.1449146,0.2613621,0.33299875,0.23346622,0.8119159,0.027895883
688,0.6220166,0.16320592,0.2411594,0.16473658,0.38085723,-0.0015306622
689,0.73494834,0.1637532,0.17970052,0.11512065,0.5552478,0.048632547
690,0.26560026,0.0887002,0.113836646,0.070519626,0.15176362,0.018180571
691,0.16437672,0.05763577,0.041768715,0.0284894,0.122608006,0.02914637
692,0.8703706,0.35860783,0.37381512,0.27165666,0.4965555,0.08695117
693,0.22231789,0.024078568,0.04082978,0.029195283,0.18148811,-0.005116714
694,0.8087133,0.2253125,0.33992204,0.21460374,0.46879128,0.010708764
695,0.59187484,0.115104064,0.14409235,0.09955191,0.4477825,0.015552156
696,0.70618606,0.124176376,0.17675649,0.12644738,0.52942955,-0.002271004
697,1.1677158,0.32179603,0.46916765,0.329976,0.69854814,-0.008179963
698,0.77422756,0.23340705,0.31497464,0.24179232,0.45925292,-0.008385271
699,0.7359791,0.25502655,0.28402564,0.21062219,0.45195344,0.044404358
700,0.08308476,0.057504885,0.07159733,0.05485604,0.011487432,0.0026488453
701,0.9032301,0.13974175,0.17583863,0.12589642,0.7273914,0.0138453245
702,0.028209705,0.054574423,0.023985237,0.022183124,0.004224468,0.0323913
703,0.13579868,0.052013125,0.040519133,0.0351745,0.095279545,0.016838625
704,0.8989839,0.15893182,0.20853825,0.15552056,0.69044566,0.0034112632
705,0.97150004,0.2258425,0.34097242,0.23325887,0.6305276,-0.0074163675
706,1.0107579,0.29967335,0.443626,0.27558136,0.56713194,0.024091989
707,0.97990566,0.21828385,0.24788675,0.1739091,0.73201895,0.04437475
708,0.4326807,0.15973811,0.24467626,0.18417272,0.18800443,-0.024434611
709,0.931208,0.18371391,0.28670803,0.1903634,0.6445,-0.006649494
710,0.06899245,0.06455946,0.044324763,0.035211746,0.024667688,0.029347714
711,0.6901856,0.14277819,0.28233835,0.17940766,0.40784726,-0.03662947
712,0.87152386,0.22977254,0.26053673,0.20298234,0.6109871,0.026790202
713,0.86328936,0.22391357,0.3842191,0.24367471,0.47907025,-0.019761145
714,0.88946694,0.23851554,0.287523,0.20295434,0.60194397,0.035561204
715,1.2217466,0.21880952,0.26787108,0.18303229,0.9538755,0.035777226
716,0.39270112,0.08433863,0.12765361,0.09573947,0.2650475,-0.011400841
717,0.18993506,-0.014740055,0.052217495,0.032376725,0.13771756,-0.04711678
718,0.48057806,0.13899787,0.14254704,0.09545145,0.33803102,0.043546416
719,1.1494571,0.3008614,0.35249454,0.2461395,0.79696256,0.054721892
720,-0.015082497,-0.05654474,0.01913468,0.01029178,-0.03421718,-0.06683652
721,0.12187802,0.120975666,0.074226804,0.058973253,0.047651216,0.062002413
722,0.69268304,0.32725936,0.3605582,0.2630502,0.33212483,0.06420916
723,0.07608581,0.009199778,0.047372706,0.035466664,0.028713107,-0.026266886
724,0.5937319,0.11487166,0.15335055,0.10118829,0.44038135,0.013683371
725,0.8031729,0.12512752,0.18510832,0.13027239,0.6180646,-0.0051448643
726,0.6803928,0.31487834,0.23528191,0.17795336,0.4451109,0.13692498
727,0.92261374,0.2958123,0.35308737,0.26835555,0.5695264,0.02745676
728,0.91207325,0.26816314,0.30236736,0.2364212,0.6097059,0.031741947
729,0.9341727,0.2021975,0.3208009,0.20109513,0.6133718,0.001102373
730,1.0832964,0.4955468,0.655167,0.48953962,0.42812943,0.0060071647
731,0.83174205,0.25277224,0.35048366,0.22928198,0.4812584,0.023490265
732,0.9118736,0.1838451,0.3179166,0.21072507,0.59395695,-0.026879966
733,1.3000994,0.33313814,0.49070925,0.34602332,0.8093901,-0.012885183
734,0.69537824,0.10777778,0.12780975,0.09888241,0.5675685,0.008895375
735,1.0602437,0.3356194,0.4498376,0.30275863,0.61040616,0.032860756
736,-0.015220436,0.19511737,0.028779412,0.022273045,-0.043999847,0.17284432
737,1.0755855,0.27809787,0.37382928,0.27904883,0.70175624,-0.0009509623
738,-0.01994962,0.13173202,0.02632165,0.01354034,-0.046271272,0.118191674
739,0.3159584,0.21243644,0.09885709,0.075295694,0.21710132,0.13714075
740,0.0965668,0.026847737,0.033424072,0.028614756,0.063142724,-0.0017670188
741,0.23703864,0.07445143,0.14284079,0.10049663,0.094197854,-0.026045196
742,0.16434011,0.06128276,0.08658154,0.053572237,0.077758566,0.007710524
743,0.11800389,0.04661989,0.078214146,0.06631699,0.039789744,-0.019697104
744,1.2793349,0.6109621,0.78708494,0.6139556,0.49224997,-0.002993524
745,0.88529515,0.35816967,0.4626635,0.301043,0.42263165,0.05712667
746,0.02982275,0.10217964,0.038851712,0.02890805,-0.009028962,0.07327159
747,0.15217946,-0.005240223,0.08188728,0.04822173,0.07029218,-0.053461954
748,0.005380587,-0.00043216266,0.023397233,0.015060718,-0.018016646,-0.015492881
749,0.7328723,0.1783991,0.23105817,0.16097179,0.5018141,0.01742731
750,1.0747902,0.25514394,0.36463532,0.255312,0.7101549,-0.0001680553
751,0.6790107,0.21258177,0.2429175,0.17871647,0.4360932,0.033865303
752,0.3450106,0.11753001,0.12493086,0.07762635,0.22007975,0.039903663
753,0.54475933,0.15119864,0.17393522,0.14012265,0.3708241,0.011075988
754,0.47999477,0.14778478,0.14203162,0.09644811,0.33796316,0.051336676
755,0.12626983,-0.018289605,0.03652801,0.025830954,0.089741826,-0.044120558
756,0.54838055,0.16604668,0.25925198,0.18490574,0.28912857,-0.018859059
757,0.094143316,0.050060123,0.034240995,0.027404979,0.05990232,0.022655144
758,0.45370936,0.19559199,0.2431257,0.17035933,0.21058366,0.025232658
759,0.79212874,0.22541332,0.4166077,0.2728221,0.37552103,-0.04740879
760,0.07564005,0.07334012,0.03464479,0.029913327,0.040995263,0.04342679
761,1.2657149,0.38077456,0.53776795,0.40048093,0.72794694,-0.019706368
762,0.43747342,0.1779242,0.17770934,0.13416675,0.25976408,0.043757454
763,0.07963262,0.0424548,0.044397376,0.035904847,0.03523524,0.0065499544
764,0.15396409,0.056097925,0.10162576,0.07057984,0.052338324,-0.014481917
765,0.10609287,0.0062601026,0.04636727,0.031923544,0.0597256,-0.025663441
766,0.12998036,0.012663497,0.055068463,0.03183127,0.07491189,-0.019167772
767,0.35039803,0.061470184,0.068917416,0.05013287,0.2814806,0.011337314
768,-0.007611635,0.12238231,0.01802954,0.009846465,-0.025641177,0.11253585
769,0.56929886,0.16648285,0.27850705,0.19369838,0.2907918,-0.027215526
770,0.45630154,0.11282352,0.22040267,0.1319387,0.23589887,-0.019115172
771,1.2774695,0.23931998,0.42740345,0.26257956,0.85006607,-0.02325958
772,-0.022883868,0.13270116,0.015581356,0.00690489,-0.038465224,0.12579627
773,1.0806971,0.21295913,0.27804178,0.1909761,0.8026553,0.021983027
774,-0.0021863205,0.14595965,0.019530315,0.0124577,-0.021716636,0.13350195
775,0.8433996,0.29441255,0.38530892,0.28480682,0.45809066,0.009605736
776,0.8844029,0.16997689,0.2311467,0.15999016,0.6532562,0.009986728
777,0.6802346,0.1755995,0.21634011,0.16140932,0.4638945,0.014190182
778,0.95136,0.20816037,0.3330883,0.23549946,0.6182717,-0.027339086
779,0.86744225,0.22332212,0.2812745,0.20035622,0.58616775,0.022965908
780,0.4624854,0.25880006,0.2257967,0.16178298,0.2366887,0.09701708
781,0.69533116,0.2731258,0.350349,0.2697448,0.34498215,0.003380984
782,0.087012656,0.14714555,0.030849028,0.023516184,0.056163628,0.12362937
783,0.7313534,0.20045921,0.25503474,0.17620869,0.47631866,0.024250522
784,1.1642026,0.13997722,0.19717285,0.1568083,0.9670297,-0.016831085
785,0.20844033,0.07655599,0.082799576,0.06453185,0.12564075,0.012024142
786,0.112183206,0.0013721078,0.052867137,0.03132406,0.05931607,-0.02995195
787,0.2784612,0.06399589,0.08020535,0.05066794,0.19825584,0.013327949
788,0.34526473,0.0941524,0.16000807,0.09800198,0.18525666,-0.003849581
789,0.25454846,0.06474677,0.094543904,0.058898468,0.16000456,0.0058482997
790,0.16264556,0.046711985,0.084440164,0.05957528,0.0782054,-0.012863293
791,0.12580793,0.029567147,0.044630926,0.030984879,0.081176996,-0.0014177319
792,0.4628419,0.20887926,0.2550239,0.17719895,0.207818,0.031680316
793,0.28323522,0.10607489,0.08990334,0.06840912,0.19333188,0.03766577
794,1.0908858,0.29618666,0.37804693,0.2910476,0.7128388,0.005139053
795,0.19554469,0.21985108,0.06882212,0.040312134,0.12672257,0.17953894
796,0.73209476,0.04825337,0.10059838,0.06792773,0.63149637,-0.019674364
797,0.023867348,0.15077639,0.0213962,0.013401248,0.002471149,0.13737515
798,0.8099103,0.1019426,0.17065835,0.12187952,0.63925195,-0.01993692
799,0.16636582,0.16166174,0.08043765,0.05579822,0.085928164,0.10586353
800,0.062776126,0.0126783885,0.02409177,0.0150944125,0.038684353,-0.002416024
801,0.7983196,0.1643122,0.24729624,0.18758835,0.55102336,-0.02327615
802,1.2152271,0.42061627,0.46115953,0.36721784,0.7540676,0.05339843
803,0.87767905,0.20748642,0.3452031,0.22448234,0.53247595,-0.016995922
804,1.0029497,0.34689265,0.4328262,0.2941493,0.57012355,0.052743345
805,0.8649379,0.21601447,0.29420704,0.21624117,0.57073087,-0.00022669137
806,0.86739147,0.20762528,0.29514045,0.20408599,0.572251,0.003539294
807,0.8397418,0.19413602,0.22048609,0.16234532,0.6192557,0.031790704
808,1.1097437,0.20290017,0.25687104,0.1806597,0.85287267,0.022240475
809,-0.023924388,0.1296523,0.016692095,0.0074769496,-0.040616482,0.12217536
810,0.91601455,0.25477928,0.3581601,0.24960974,0.5578544,0.0051695406
811,0.74739957,0.21926549,0.3196233,0.22190277,0.42777628,-0.002637282
812,0.9576144,0.29152784,0.39671627,0.30198413,0.5608982,-0.010456294
813,0.7078164,0.26388678,0.2803815,0.21097264,0.42743492,0.052914143
814,1.314915,0.21784459,0.38625672,0.2581082,0.92865825,-0.040263608
815,0.061480075,0.029041354,0.050986063,0.03018492,0.010494012,-0.0011435673
816,0.99422246,0.15899947,0.29516664,0.20432329,0.6990558,-0.04532382
817,1.1178178,0.19278018,0.24945256,0.16768076,0.86836517,0.025099427
818,0.059013627,0.03213876,0.018880514,0.01216128,0.04013311,0.01997748
819,0.040161293,0.020693934,0.017750148,0.012976622,0.022411145,0.0077173114
820,0.2526458,0.07832554,0.106216654,0.081086054,0.14642914,-0.0027605146
821,0.03131143,0.0023539716,0.019000422,0.012309964,0.012311008,-0.009955992
822,1.1655335,0.22415565,0.34080797,0.21303746,0.82472557,0.0111181885
823,1.2040669,0.22675149,0.39854318,0.2678631,0.8055237,-0.041111603
824,0.15453993,0.054571085,0.06213864,0.044895224,0.09240129,0.00967586
825,0.84853643,0.3532108,0.46124116,0.3207349,0.38729528,0.03247592
826,0.15525259,0.0709398,0.04447811,0.031101014,0.11077448,0.039838787
827,0.098491974,0.14080797,0.088198684,0.06371913,0.01029329,0.07708884
828,1.1369848,0.21978956,0.2654335,0.19457585,0.87155133,0.025213718
829,0.70504344,0.15204561,0.17417702,0.12476941,0.5308664,0.027276196
830,0.17947179,0.0513939,0.043263927,0.03412081,0.13620786,0.01727309
831,0.8449561,0.1015913,0.17211024,0.11050534,0.67284584,-0.008914046
832,0.66510004,0.20811267,0.2144103,0.15972754,0.45068973,0.04838513
833,0.9303895,0.15442337,0.29770938,0.18845794,0.6326802,-0.034034565
834,0.070578545,-0.004348423,0.041237567,0.028612593,0.029340979,-0.032961015
835,0.8590318,0.3230613,0.3912431,0.27297717,0.4677887,0.050084114
836,0.3828515,0.064976245,0.091742314,0.061743103,0.2911092,0.0032331422
837,0.2665256,0.09145237,0.11299775,0.08487025,0.15352786,0.0065821186
838,0.8749067,0.1696518,0.30833414,0.1974397,0.56657255,-0.027787894
839,0.15122117,0.020289939,0.03369338,0.017871965,0.11752779,0.0024179742
840,0.7057261,0.19381936,0.22423382,0.16899385,0.48149228,0.024825513
841,0.014809008,0.13870744,0.023539644,0.014987369,-0.008730636,0.12372007
842,0.993462,0.28503886,0.37321955,0.28193623,0.6202425,0.0031026304
843,0.57515764,0.17477779,0.20449395,0.136138,0.3706637,0.038639784
844,0.98131084,0.2310588,0.2614257,0.20084612,0.7198851,0.030212685
845,0.20077719,0.08004585,0.074678145,0.06227892,0.12609905,0.01776693
846,0.83338684,0.13919266,0.2140208,0.1641762,0.61936605,-0.02498354
847,0.13402887,0.050931025,0.03467878,0.025955718,0.09935009,0.024975307
848,0.6541177,0.09727601,0.18086782,0.11706767,0.47324988,-0.019791663
849,0.10369639,0.052756965,0.040605783,0.034104757,0.06309061,0.018652208
850,0.086230196,-0.01933539,0.027693417,0.01480435,0.05853678,-0.034139737
851,0.04104013,0.052955925,0.020719796,0.016312134,0.020320334,0.036643792
852,0.9097294,0.20286565,0.32508883,0.22223766,0.5846406,-0.019372016
853,0.119784206,0.020029532,0.05502037,0.03974743,0.06476384,-0.019717896
854,0.09685309,0.037335403,0.04400271,0.030790228,0.05285038,0.006545175
855,0.35742,0.14759655,0.2171659,0.13133363,0.1402541,0.016262919
856,0.8212395,0.18362333,0.32185218,0.19924705,0.4993873,-0.0156237185
857,1.0504184,0.16408049,0.22529845,0.15623067,0.8251199,0.0078498125
858,0.1876691,0.058009062,0.075702325,0.046886194,0.111966774,0.011122867
859,0.6716672,0.048952524,0.11888373,0.080109864,0.5527835,-0.03115734
860,0.9176615,0.21901342,0.3353427,0.23639771,0.5823188,-0.01738429
861,0.6828851,0.15165731,0.27348468,0.17095025,0.40940043,-0.019292936
862,0.03862036,0.051498532,0.019990072,0.015019992,0.018630289,0.03647854
863,0.82950133,0.2126945,0.30070838,0.20552418,0.528793,0.0071703196
864,0.61388636,0.100345924,0.17954083,0.120742604,0.43434554,-0.02039668
865,0.88580406,0.2726637,0.34290728,0.22396736,0.54289675,0.048696354
866,0.7148063,0.1805675,0.27146664,0.18844421,0.44333968,-0.007876709
867,0.16636257,0.06575254,0.07166792,0.04610098,0.09469465,0.019651562
868,0.9139023,0.27121025,0.32597515,0.2374465,0.5879271,0.03376375
869,1.0800871,0.19115527,0.21107717,0.1781496,0.8690099,0.013005674
870,0.15063858,0.056231983,0.055768542,0.044207923,0.09487004,0.01202406
871,0.20612164,-0.0041736066,0.091046415,0.047917318,0.11507522,-0.052090924
872,1.1667323,0.24647316,0.38390276,0.27041548,0.7828295,-0.023942322
873,0.96964353,0.22858185,0.2739187,0.20211354,0.69572484,0.026468307
874,0.8780999,0.16061029,0.2696877,0.16013607,0.6084122,0.00047421455
875,0.13897486,-0.014865502,0.0200927,0.016140077,0.118882164,-0.03100558
876,0.22403643,-0.024774374,0.040619142,0.0315035,0.18341729,-0.05627787
877,0.44756916,0.11390487,0.20054765,0.11654129,0.24702151,-0.0026364177
878,0.33716226,0.19736645,0.22023878,0.1478808,0.11692348,0.049485654
879,1.0949359,0.30997616,0.43034592,0.29623014,0.66459,0.013746023
880,0.26853323,0.1486052,0.07183068,0.04957691,0.19670254,0.09902829
881,0.82891625,0.18805528,0.21440545,0.1456675,0.6145108,0.042387784
882,0.90512544,0.21347375,0.33551064,0.21980529,0.56961477,-0.006331533
883,0.60828686,0.13091142,0.15665029,0.11399299,0.45163655,0.016918436
884,0.77750117,0.27275646,0.3379709,0.2418426,0.43953025,0.03091386
885,0.11953803,0.13476072,0.04635714,0.033039365,0.07318089,0.10172136
886,0.7247968,0.17387186,0.2352316,0.18155083,0.4895652,-0.0076789707
887,0.014804902,0.065487884,0.0073318304,0.0054895496,0.007473071,0.059998333
888,0.1413328,0.013186688,0.10838051,0.06558047,0.032952294,-0.052393787
889,1.0818421,0.24142694,0.29977372,0.20436032,0.7820684,0.037066624
890,0.27027136,0.08116906,0.089001566,0.06822534,0.1812698,0.012943722
891,1.0690546,0.21276636,0.28616482,0.20012608,0.7828898,0.0126402825
892,0.82499045,0.2030555,0.23719147,0.17035809,0.58779895,0.03269741
893,0.15941755,0.043405086,0.082073376,0.049086586,0.07734418,-0.0056815
894,0.055332232,0.06229139,0.03195106,0.028658336,0.023381174,0.033633053
895,0.95558494,0.27598625,0.3737694,0.25815195,0.58181554,0.017834306
896,0.9179179,0.23020332,0.35478696,0.24468198,0.563131,-0.014478669
897,0.833044,0.18163997,0.31183544,0.20408306,0.5212085,-0.022443086
898,0.5894481,0.091329925,0.18265896,0.12634817,0.40678912,-0.035018243
899,0.101770565,0.08950572,0.10806558,0.07836686,-0.006295018,0.011138856
900,1.003288,0.460987,0.6467104,0.48334202,0.35657763,-0.02235502
901,0.25677416,0.08781086,0.08678816,0.06294233,0.169986,0.024868526
902,1.1969521,0.19338284,0.2420799,0.15416893,0.9548722,0.03921391
903,0.81310767,0.20736812,0.27290598,0.19383313,0.54020166,0.013534993
904,0.15924725,0.031386968,0.050792575,0.03810772,0.108454674,-0.0067207515
905,1.2341404,0.28725478,0.3832844,0.26876128,0.850856,0.018493503
906,1.1525115,0.26951778,0.4532017,0.29311207,0.69930977,-0.02359429
907,0.62889105,0.1859661,0.2290025,0.17072354,0.39988855,0.015242562
908,0.15308265,0.060330696,0.059280884,0.043536864,0.09380177,0.016793832
909,0.9712711,0.2878732,0.43059826,0.2856188,0.54067284,0.0022543967
910,0.68983805,0.14138375,0.16800497,0.11754922,0.52183306,0.023834534
911,0.8620616,0.19725166,0.2863219,0.19390722,0.57573974,0.0033444464
912,0.34191734,0.106882185,0.1796725,0.10536945,0.16224484,0.0015127361
913,0.3755182,0.08663819,0.124439254,0.084997244,0.25107896,0.0016409457
914,1.0094767,0.36008263,0.46005917,0.35504347,0.5494175,0.0050391555
915,0.44861695,0.22032963,0.23038068,0.17598712,0.21823627,0.044342503
916,0.78444356,0.23257321,0.2964271,0.19647352,0.48801646,0.036099687
917,0.9978086,0.18976948,0.30617055,0.20156963,0.691638,-0.011800155
918,0.19686317,0.03779903,0.08197526,0.04431358,0.114887916,-0.0065145493
919,1.0144572,0.22030477,0.24842489,0.1754534,0.76603234,0.044851378
920,0.61304414,0.14190206,0.1755015,0.12713207,0.43754265,0.014769986
921,0.21866326,0.042640086,0.08089511,0.05896887,0.13776815,-0.016328786
922,0.5672083,0.07005746,0.13208768,0.08915983,0.4351206,-0.019102372
923,0.43272617,0.12702884,0.1282774,0.09142476,0.30444878,0.035604075
924,0.8725718,0.25200227,0.31617078,0.22868693,0.556401,0.02331534
925,0.7695233,0.16501147,0.2513034,0.16461313,0.51821995,0.00039833784
926,1.0489764,0.36050156,0.4537022,0.327756,0.5952742,0.03274557
927,0.03083067,0.053537212,0.02418837,0.017813476,0.0066423006,0.03572374
928,-0.026766304,0.12067111,0.010167701,0.004161039,-0.036934003,0.11651007
929,1.0325049,0.27366757,0.36225957,0.2526675,0.67024535,0.021000087
930,1.0156624,0.2982572,0.38384753,0.28697005,0.6318149,0.011287153
931,0.27873662,0.045855425,0.11528836,0.058620982,0.16344826,-0.012765557
932,0.16765346,0.12140344,0.1384398,0.10400808,0.029213652,0.017395362
933,0.23043667,0.141818,0.1230322,0.08913341,0.10740447,0.05268459
934,0.08318558,0.070247285,0.04670019,0.026781563,0.036485393,0.043465722
935,1.3477567,0.18412097,0.2178603,0.15467063,1.1298964,0.029450342
936,0.7466018,0.33513677,0.4173151,0.27794456,0.32928672,0.057192206
937,1.1126993,0.2899153,0.39312646,0.28942937,0.7195728,0.00048592687
938,0.06428603,0.045534108,0.030254468,0.020589348,0.034031563,0.02494476
939,0.46945477,0.14018324,0.18266384,0.13797714,0.2867909,0.002206102
940,1.0542737,0.26733115,0.44673967,0.29599413,0.60753405,-0.02866298
941,0.1068216,0.094816506,0.07203393,0.06090324,0.03478767,0.033913266
942,0.7970805,0.102308735,0.21413498,0.13170774,0.5829455,-0.029399008
943,0.042047918,0.054295015,0.045995004,0.033162013,-0.0039470866,0.021133002
944,1.2926489,0.2535642,0.4408217,0.2811278,0.8518272,-0.027563602
945,0.14058772,0.089547776,0.039818592,0.023882002,0.100769125,0.065665774
946,0.006019085,0.12635621,0.034257837,0.017410824,-0.028238751,0.10894539
947,0.44969535,0.09176973,0.14574459,0.097304896,0.30395076,-0.005535163
948,0.16054843,0.057400845,0.043717764,0.034310877,0.11683067,0.023089968
949,0.24329053,0.019052422,0.093529165,0.054057598,0.14976136,-0.035005175
950,0.47267655,0.04108455,0.11414264,0.072973095,0.35853392,-0.031888545
951,1.1375837,0.32772812,0.52200395,0.330384,0.6155798,-0.0026558638
952,1.1354483,0.24321651,0.34271252,0.22307155,0.7927358,0.02014497
953,0.977108,0.24917611,0.308637,0.23494871,0.668471,0.014227405
954,1.047137,0.3549802,0.5343452,0.3240486,0.5127918,0.030931592
955,0.50693595,0.1429334,0.19861689,0.13756858,0.30831906,0.0053648204
956,0.62226677,0.11149242,0.1305569,0.08900307,0.4917099,0.022489347
957,0.8157909,0.1968258,0.32569066,0.21037674,0.49010023,-0.013550937
958,0.7592055,0.13411999,0.16257183,0.1008719,0.5966337,0.03324809
959,0.85774595,0.20398313,0.3570777,0.23479399,0.5006683,-0.030810863
960,0.21953121,0.10321733,0.10983147,0.07701007,0.10969974,0.02620726
961,0.07953788,0.11585206,0.019338505,0.009483467,0.06019938,0.106368594
962,1.1151681,0.15877101,0.26588476,0.18194167,0.84928334,-0.023170665
963,0.16810042,0.0062182085,0.0728214,0.041556403,0.095279016,-0.035338193
964,0.062056124,0.11988048,0.048449673,0.033935536,0.013606451,0.08594495
965,0.50651664,0.13562503,0.19202393,0.13568667,0.3144927,-6.16312e-05
966,0.20853949,0.036751475,0.03737885,0.023969209,0.17116064,0.012782266
967,0.09999833,-0.026665635,0.05543589,0.034722127,0.044562444,-0.061387762
968,1.3206027,0.44279644,0.55190504,0.4096914,0.7686976,0.033105046
969,0.9843375,0.16532399,0.26490298,0.19504601,0.7194345,-0.02972202
970,0.031635195,0.1492191,0.031172007,0.021266205,0.0004631877,0.12795289
971,0.78472733,0.23929387,0.2875201,0.19718446,0.49720722,0.042109415
972,0.9431751,0.20449817,0.273737,0.2105116,0.66943806,-0.006013423
973,0.37580436,0.0754552,0.11239962,0.08616136,0.26340473,-0.0107061565
974,0.14437857,0.13954048,0.080896564,0.06828399,0.06348201,0.07125649
975,0.13397676,0.029614564,0.028695554,0.019250039,0.105281204,0.010364525
976,0.96680033,0.1850483,0.27150434,0.19860405,0.695296,-0.01355575
977,0.030523611,0.058761507,0.03886354,0.033061333,-0.008339928,0.025700174
978,0.9174769,0.18241638,0.21572967,0.15591617,0.70174724,0.02650021
979,0.21338737,0.037281964,0.1132416,0.07419462,0.10014577,-0.036912654
980,1.006896,0.31358078,0.42045707,0.32040238,0.58643895,-0.0068216026
981,0.66671294,0.20860897,0.32983136,0.23296866,0.33688158,-0.024359688
982,0.85154885,0.15965004,0.20834121,0.16078837,0.64320767,-0.0011383295
983,0.047516238,0.07122197,0.04168213,0.0313014,0.0058341064,0.03992057
984,0.10072731,0.1567335,0.052686512,0.045361828,0.0480408,0.111371666
985,0.892323,0.2659806,0.40222892,0.2578367,0.4900941,0.008143902
986,0.98522824,0.28282893,0.4002748,0.2947536,0.5849534,-0.011924684
987,0.055743653,0.014403209,0.029986512,0.019518392,0.025757141,-0.005115183
988,0.73245025,0.22067362,0.29010707,0.22492902,0.44234318,-0.004255399
989,0.40363288,0.1996666,0.13113657,0.081237294,0.2724963,0.11842931
990,0.22139259,0.077528365,0.13862595,0.09735519,0.08276664,-0.019826822
991,0.13129912,0.03671918,0.03684187,0.018924933,0.094457254,0.017794248
992,-0.0021540246,0.04039868,0.015500331,0.014456334,-0.017654356,0.025942346
993,0.4989156,0.1610465,0.22737992,0.14046362,0.2715357,0.020582885
994,1.0272402,0.2917158,0.37061983,0.2875267,0.6566203,0.004189104
995,0.82619154,0.26888803,0.34879956,0.24809675,0.477392,0.020791277
996,0.9621935,0.3255686,0.4232913,0.29976052,0.53890216,0.025808066
997,1.2378594,0.1382891,0.21097441,0.15187785,1.0268849,-0.013588756
998,1.2439582,0.13322337,0.23964858,0.17097166,1.0043097,-0.037748292
999,0.851556,0.3947889,0.46745366,0.37164125,0.38410234,0.023147643
1000,0.63712704,0.21533099,0.29068685,0.21085641,0.3464402,0.0044745803
1001,0.13264889,0.024643458,0.079905584,0.054241322,0.0527433,-0.029597864
1002,0.4812403,0.14943162,0.18369076,0.14109685,0.29754955,0.008334771
1003,0.9496749,0.28221017,0.3410169,0.25611365,0.608658,0.026096523
1004,0.74324566,0.23801833,0.350092,0.25814754,0.39315367,-0.020129204
1005,0.10374007,0.043083668,0.06493441,0.030502263,0.038805656,0.012581404
1006,0.075293995,0.03200569,0.066092506,0.041465826,0.009201489,-0.009460136
1007,0.09782229,0.053527966,0.04893065,0.035769768,0.048891645,0.017758198
1008,0.37781325,0.07154216,0.09366518,0.061618198,0.28414807,0.009923961
1009,0.96855456,0.41726765,0.5007193,0.37584466,0.46783525,0.041422993
1010,0.14693077,-0.028584996,0.04565739,0.025434595,0.10127338,-0.054019593
1011,0.66369516,0.17504519,0.21353722,0.16788487,0.45015794,0.007160321
1012,0.06706958,-0.02889854,0.029952254,0.02022042,0.03711733,-0.04911896
1013,0.248923,0.06291318,0.060065627,0.04806862,0.18885738,0.014844559
1014,0.8318476,0.3081525,0.3706319,0.29596296,0.4612157,0.012189537
1015,0.15172544,0.06959022,0.08737635,0.062269658,0.06434909,0.0073205605
1016,0.22783712,0.09893356,0.10601632,0.077683724,0.12182079,0.021249838
1017,1.1369157,0.19292739,0.32897907,0.21753745,0.8079366,-0.024610057
1018,1.4891309,0.32625794,0.50206715,0.37024593,0.9870637,-0.04398799
1019,0.1613056,0.21374948,0.13717033,0.106365405,0.024135277,0.10738408
1020,0.6298007,0.21590622,0.29973465,0.22166793,0.33006603,-0.005761713
1021,0.7405814,0.22918595,0.27255067,0.1942245,0.46803072,0.034961447
1022,1.2597778,0.1970846,0.2766551,0.215772,0.9831227,-0.018687397
1023,0.8704054,0.24827135,0.39289752,0.28782588,0.47750786,-0.039554536
1024,0.078548074,-0.027064215,0.040474106,0.02259274,0.03807397,-0.049656957
1025,1.1466911,0.278694,0.33383983,0.2371544,0.81285125,0.04153961
1026,0.27456534,0.13278209,0.13471754,0.09818046,0.1398478,0.03460163
1027,0.18308629,0.06787533,0.027244752,0.026382426,0.15584154,0.04149291
1028,0.3298807,0.087176815,0.16552189,0.10426061,0.16435882,-0.017083794
1029,0.046278268,0.048041884,0.036518473,0.024153288,0.009759795,0.023888595
1030,0.13070415,0.036948506,0.032176185,0.025106769,0.09852797,0.011841737
1031,1.1766431,0.25603127,0.35201958,0.27435535,0.8246236,-0.018324077
1032,0.71701425,0.3328746,0.39676747,0.30750155,0.3202468,0.025373042
1033,1.0921221,0.31329536,0.41045418,0.31166294,0.6816679,0.0016324222
1034,1.0030748,0.20244308,0.27688035,0.18848522,0.7261944,0.013957858
1035,1.0699182,0.25702423,0.33184075,0.23566596,0.7380774,0.021358266
1036,0.9525998,0.33321378,0.44409496,0.2923871,0.50850487,0.04082668
1037,0.6662297,0.2150049,0.24765992,0.18858002,0.4185698,0.026424885
1038,0.72539216,0.13033874,0.15040879,0.107624315,0.57498336,0.022714429
1039,0.114533104,0.1481099,0.07895704,0.050808907,0.03557606,0.09730099
1040,1.5314887,0.41919443,0.52348983,0.38362446,1.0079988,0.035569966
1041,0.92200786,0.32846308,0.43552142,0.32510352,0.48648643,0.0033595562
1042,0.9638721,0.22622333,0.34967938,0.22518098,0.6141927,0.0010423511
1043,0.8235749,0.17950548,0.29075035,0.19119091,0.5328245,-0.011685431
1044,0.050670408,0.013534715,0.04181765,0.026684875,0.0088527575,-0.013150159
1045,0.22972178,0.08429017,0.050727032,0.037112582,0.17899475,0.047177587
1046,1.4916295,0.26534444,0.31398135,0.24038608,1.1776481,0.024958357
1047,0.72300524,0.3904737,0.32267833,0.23155697,0.4003269,0.15891673
1048,0.11253,0.1436216,0.07492752,0.050005037,0.037602484,0.09361656
1049,-0.023880845,-0.034755502,0.020897683,0.015199281,-0.044778526,-0.049954783
1050,0.43587294,0.100481115,0.15748449,0.107200444,0.27838844,-0.0067193285
1051,0.10437162,0.038343236,0.03431561,0.024826124,0.070056014,0.013517112
1052,0.1544618,0.08262713,0.04132385,0.03216878,0.113137946,0.050458353
1053,0.6466786,0.2878626,0.2338037,0.15748404,0.41287494,0.13037856
1054,0.021396771,0.014139836,0.021370769,0.012736579,2.6002526e-05,0.0014032563
1055,0.07020639,0.08984183,0.035138227,0.030275619,0.03506816,0.059566207
1056,0.7745145,0.20632075,0.2643608,0.1805182,0.5101537,0.025802553
1057,1.0437044,0.28600872,0.46751928,0.31408447,0.5761851,-0.028075755
1058,0.9996814,0.18183942,0.28127366,0.19046795,0.71840775,-0.008628532
1059,0.97231257,0.25617,0.35818142,0.25392377,0.61413115,0.0022462308
1060,-0.033060707,0.114477195,-0.0016132763,-0.0028994938,-0.03144743,0.117376685
1061,0.13474593,0.048208848,0.08175508,0.059722424,0.052990846,-0.011513576
1062,0.8786953,0.16239792,0.26527315,0.1797028,0.61342216,-0.017304882
1063,0.7058316,0.16717686,0.246025,0.16757493,0.4598066,-0.00039806962
1064,1.0366929,0.1926805,0.32874638,0.22478466,0.7079465,-0.032104164
1065,0.7424811,0.23293526,0.29101843,0.20997176,0.4514627,0.022963509
1066,0.31748137,0.22389007,0.16091451,0.12354962,0.15656686,0.10034045
1067,1.1156459,0.23233193,0.34054542,0.24159293,0.77510047,-0.009260997
1068,0.71311915,0.1674667,0.2562522,0.1703722,0.45686695,-0.002905503
1069,0.7973262,0.15136477,0.20494099,0.14633934,0.59238523,0.0050254315
1070,0.9807664,0.2231581,0.29275262,0.2063903,0.6880138,0.0167678
1071,0.77388686,0.16714352,0.21569116,0.163075,0.5581957,0.0040685236
1072,1.098849,0.2613001,0.3880907,0.2742179,0.7107583,-0.012917817
1073,1.0824084,0.35108334,0.49238253,0.33507246,0.5900259,0.01601088
1074,0.778018,0.2857857,0.26101568,0.18207559,0.51700234,0.103710115
1075,0.7110356,0.20011574,0.21262214,0.15325168,0.49841347,0.046864063
1076,0.9307715,0.08935716,0.14790961,0.11358174,0.78286195,-0.02422458
1077,0.029993225,0.14176895,0.012922697,0.013749401,0.017070528,0.12801954
1078,0.9142967,0.20900133,0.2564723,0.19468004,0.6578244,0.014321297
1079,0.9377001,0.37106213,0.42669392,0.32504135,0.5110062,0.046020776
1080,0.92732203,0.20013806,0.25326395,0.18807939,0.6740581,0.012058675
1081,0.073366575,-0.035737857,0.03139365,0.021605264,0.041972924,-0.05734312
1082,0.15743499,0.030273098,0.063357085,0.050626732,0.0940779,-0.020353634
1083,0.75040925,0.2157124,0.28309995,0.21371889,0.4673093,0.0019935071
1084,0.7849934,0.17929639,0.24785998,0.18313695,0.53713346,-0.0038405657
1085,0.8641961,0.1400261,0.17492089,0.12533414,0.68927526,0.014691964
1086,1.2695601,0.3147433,0.40577215,0.2831474,0.86378795,0.031595916
1087,0.16642492,-0.023056462,0.023438195,0.014332223,0.14298671,-0.037388686
1088,0.85390013,0.19357201,0.25183097,0.16788344,0.60206914,0.025688574
1089,1.172669,0.15475523,0.2115264,0.15561184,0.96114266,-0.00085660815
1090,0.75011617,0.20432849,0.3581973,0.2387518,0.39191887,-0.034423307
1091,0.36517054,0.13609377,0.24210913,0.14883244,0.1230614,-0.012738675
1092,0.07761969,0.033443663,0.035408866,0.026374534,0.04221082,0.0070691295
1093,1.1048647,0.2555127,0.35745868,0.24603443,0.747406,0.009478286
1094,-0.0212511,0.020750096,0.0040643984,0.0065337652,-0.025315497,0.014216331
1095,0.057619017,0.11980802,0.021008188,0.01294197,0.036610827,0.10686605
1096,0.135055,0.076678135,0.0886492,0.059461307,0.046405807,0.017216828
1097,0.13379398,0.033962756,0.033029787,0.023565967,0.10076419,0.01039679
1098,0.27053413,0.09935905,0.11236854,0.07154986,0.15816559,0.027809188
1099,0.12736118,0.03361571,0.10149145,0.07136036,0.025869727,-0.03774465
1100,0.5955421,0.1711821,0.22632162,0.17032361,0.36922044,0.0008584857
1101,0.04428054,-0.033999298,0.02256107,0.010168159,0.02171947,-0.04416746
1102,0.9091295,0.16172317,0.2594933,0.17757088,0.6496362,-0.015847713
1103,0.76896,0.18932311,0.19253527,0.14619403,0.5764247,0.043129086
1104,0.46226045,0.13207541,0.16684231,0.11997942,0.29541814,0.012095995
1105,0.6694457,0.1445774,0.17773661,0.13306078,0.49170908,0.011516616
1106,0.200236,0.0682162,0.09111808,0.065183476,0.10911791,0.0030327216
1107,0.019763151,0.012910774,0.020072065,0.019726923,-0.0003089141,-0.0068161488
1108,1.0743022,0.26325738,0.34247607,0.25305575,0.7318261,0.010201633
1109,1.2470785,0.37218627,0.6047104,0.39809144,0.64236814,-0.025905162
1110,0.6649588,0.13257109,0.20953019,0.1453159,0.4554286,-0.012744814
1111,0.11995039,0.025737898,0.028787086,0.019494202,0.09116331,0.0062436964
1112,0.9184859,0.23683122,0.36904663,0.2713378,0.54943925,-0.03450659
1113,0.09754261,0.03471315,0.039477605,0.030347258,0.058065,0.004365891
1114,0.14972316,-0.030513214,0.03931167,0.028827157,0.11041149,-0.059340373
1115,0.9793083,0.29783997,0.4156174,0.28054163,0.5636909,0.01729834
1116,0.6390947,0.2501692,0.32040638,0.20637211,0.31868833,0.043797076
1117,0.92235214,0.28620172,0.4060389,0.27972397,0.5163132,0.0064777434
1118,0.643296,0.15681548,0.26153442,0.20325842,0.38176158,-0.04644294
1119,0.008270129,-0.029160287,0.017038576,0.013446641,-0.008768448,-0.042606927
1120,0.602838,0.13825962,0.19799808,0.12955886,0.4048399,0.008700758
1121,1.2966356,0.48655793,0.54180044,0.3466621,0.7548352,0.13989583
1122,0.6733229,0.21204932,0.28057268,0.19904622,0.39275023,0.013003096
1123,1.2643261,0.24786079,0.28551486,0.21019821,0.97881126,0.03766258
1124,0.9120803,0.22885829,0.32125297,0.23866527,0.59082735,-0.009806976
1125,0.022352388,0.0008544156,0.014324578,0.00757219,0.00802781,-0.006717774
1126,0.18514778,0.072374865,0.0983595,0.069352634,0.086788274,0.0030222312
1127,0.7346882,0.052909195,0.120504096,0.07902922,0.61418414,-0.026120022
1128,0.7823417,0.18455012,0.26618302,0.18356305,0.5161587,0.0009870678
1129,0.035343915,-0.033000242,0.031154832,0.013510952,0.0041890834,-0.046511196
1130,0.8262195,0.14978917,0.24522658,0.1871628,0.58099294,-0.037373632
1131,0.9995334,0.23881263,0.32584915,0.21639648,0.67368424,0.022416145
1132,0.7807264,0.2676356,0.341805,0.25569022,0.43892136,0.011945397
1133,0.18569681,0.07541733,0.118687905,0.07549866,0.067008905,-8.133054e-05
1134,0.79348356,0.3552493,0.42611545,0.30656958,0.3673681,0.04867971
1135,0.9098216,0.22275762,0.31235486,0.22146913,0.59746677,0.0012884885
1136,0.25856885,0.050948493,0.10862895,0.0759488,0.1499399,-0.025000304
1137,1.0085523,0.16758282,0.28087237,0.18245661,0.72767997,-0.014873788
1138,0.6246681,0.22737636,0.25960472,0.18056032,0.3650634,0.046816036
1139,0.99998724,0.32666817,0.44603267,0.31792238,0.5539546,0.0087457895
1140,0.6360507,0.13535057,0.18047965,0.12518018,0.45557106,0.010170385
1141,0.6267121,0.13639179,0.16278711,0.12705544,0.46392497,0.009336352
1142,1.0355041,0.21302558,0.3075937,0.22461584,0.7279104,-0.011590257
1143,0.8403887,0.3227383,0.46947533,0.36690488,0.3709134,-0.044166595
1144,1.3102053,0.42658412,0.5651444,0.41958636,0.7450609,0.006997764
1145,0.82195526,0.10762551,0.18378899,0.1301773,0.6381663,-0.022551797
1146,1.2422168,0.20866421,0.37678677,0.23188448,0.86543006,-0.02322027
1147,1.2250016,0.1841695,0.32290953,0.23893444,0.90209204,-0.05476494
1148,0.10779126,0.048299443,0.04035771,0.025385965,0.06743355,0.022913478
1149,0.04229054,0.03725295,0.033668198,0.026512891,0.008622341,0.01074006
1150,0.83791643,0.2167694,0.32265228,0.21951933,0.51526415,-0.0027499348
1151,0.105210476,-0.0021376256,0.034609936,0.019255342,0.07060054,-0.021392968
1152,0.3943851,0.0970072,0.08789909,0.05905483,0.306486,0.03795237
1153,0.86259425,0.22518067,0.30954325,0.2229393,0.553051,0.002241373
1154,0.0073222085,0.03960564,0.011910379,0.01033362,-0.0045881704,0.02927202
1155,0.40828004,0.13508166,0.17595407,0.11895199,0.23232597,0.016129673
1156,0.13851972,0.049790956,0.10338016,0.06894384,0.03513956,-0.019152887
1157,0.7012561,0.24081276,0.32489115,0.22543089,0.37636495,0.015381873
1158,0.06382145,0.014976745,0.035690848,0.028688306,0.028130602,-0.013711561
1159,1.0709715,0.29809454,0.41417083,0.3099704,0.6568006,-0.011875868
1160,0.05290652,0.034146905,0.015331564,0.0132730175,0.037574958,0.020873887
1161,0.27151906,0.047214966,0.049935065,0.040838014,0.22158399,0.006376952
1162,1.2653131,0.360255,0.5251274,0.32433623,0.74018574,0.035918772
1163,0.041847244,0.027770331,0.028633874,0.019786535,0.01321337,0.007983796
1164,0.54327637,0.16497841,0.20367356,0.14730091,0.33960283,0.0176775
1165,0.82053477,0.21193604,0.25114933,0.17816113,0.5693854,0.033774912
1166,0.44295946,0.16349015,0.10961707,0.074069306,0.33334237,0.08942084
1167,1.0798663,0.383771,0.4952724,0.33292204,0.5845939,0.05084896
1168,0.33893105,0.12242598,0.13760425,0.098418966,0.2013268,0.024007015
1169,0.65488416,0.2339093,0.28828746,0.20200548,0.3665967,0.03190382
1170,0.58225113,0.2180174,0.21895309,0.15545571,0.36329806,0.06256169
1171,0.21737082,0.18716487,0.13019803,0.09539832,0.08717279,0.09176655
1172,0.8222353,0.14641541,0.23307216,0.16722393,0.5891631,-0.020808518
1173,0.13738973,0.0011107386,0.044609703,0.030578777,0.09278003,-0.029468039
1174,1.0344095,0.22074263,0.31196627,0.21914804,0.7224432,0.0015945882
1175,-0.017166797,0.11631082,0.013581557,0.006657188,-0.030748354,0.10965363
1176,0.091250025,-0.023041936,0.02474684,0.02093007,0.06650318,-0.043972008
1177,0.7053079,0.1562203,0.20492697,0.1426722,0.50038093,0.013548106
1178,0.3534907,0.07013944,0.07280193,0.05301737,0.28068876,0.017122068
1179,0.71700555,0.18056495,0.253397,0.18370333,0.46360856,-0.0031383783
1180,0.18713178,0.053795718,0.079847515,0.055988878,0.10728426,-0.0021931604
1181,1.080347,0.14188959,0.2051522,0.13592644,0.8751947,0.0059631467
1182,0.8170344,0.26682797,0.35568494,0.23355213,0.4613495,0.033275843
1183,0.3193579,0.10204721,0.110214494,0.07031117,0.2091434,0.031736046
1184,0.059565995,0.022658465,0.028616717,0.023249477,0.030949278,-0.0005910117
1185,0.2390733,0.0659571,0.07772468,0.058102854,0.16134863,0.007854246
1186,-0.018538503,0.12360869,0.01501981,0.007340698,-0.033558313,0.116267994
1187,1.012932,0.5469432,0.6537864,0.4710098,0.35914552,0.0759334
1188,1.3726021,0.2801661,0.4664045,0.3015248,0.9061976,-0.021358699
1189,1.041434,0.2729725,0.3333635,0.2421221,0.7080705,0.030850396
1190,1.3551888,0.3865693,0.47565293,0.34032422,0.8795359,0.04624507
1191,0.52169174,0.19040835,0.27959615,0.19975121,0.24209559,-0.009342864
1192,0.75669384,0.25484654,0.30026484,0.22037704,0.456429,0.0344695
1193,1.0598353,0.1885368,0.30267692,0.1995147,0.7571584,-0.010977909
1194,0.65073174,0.15582177,0.20748225,0.14225706,0.4432495,0.013564706
1195,0.8914282,0.34326562,0.43356314,0.31406814,0.45786503,0.029197484
1196,0.39885437,0.17931014,0.19465365,0.13799986,0.20420073,0.04131028
1197,0.27360234,0.0442549,0.106499694,0.06525858,0.16710263,-0.021003678
1198,0.12096483,-0.008706899,0.029968891,0.018150438,0.09099594,-0.026857337
1199,0.1148505,0.03316228,0.020762702,0.0188716,0.094087794,0.014290681
1200,0.19842888,-0.024048679,0.061307855,0.042255223,0.13712102,-0.0663039
1201,0.978418,0.3344083,0.38178992,0.30520743,0.59662807,0.029200882
1202,0.06391355,-0.003648215,0.07215424,0.043297358,-0.008240692,-0.046945572
1203,0.9067863,0.26465982,0.3721272,0.2528048,0.53465915,0.011855036
1204,0.91842484,0.22675538,0.301628,0.23152533,0.61679685,-0.004769951
1205,0.97156465,0.40077206,0.49980512,0.3895192,0.47175953,0.01125285
1206,0.97429156,0.20851552,0.29943317,0.20674396,0.6748584,0.0017715693
1207,0.7054471,0.08195551,0.09629093,0.086857505,0.60915613,-0.0049019977
1208,0.8354193,0.20835295,0.28525192,0.20032477,0.5501674,0.008028179
1209,0.839769,0.19875896,0.2578755,0.18035421,0.5818935,0.018404752
1210,0.68339527,0.18490677,0.2900391,0.1932554,0.39335617,-0.008348629
1211,0.9769843,0.22672074,0.34121305,0.23555438,0.6357713,-0.008833647
1212,0.77335316,0.21201453,0.32821125,0.22987597,0.4451419,-0.01786144
1213,0.7623762,0.17059763,0.21054003,0.1703537,0.55183613,0.00024393201
1214,0.9539909,0.171718,0.23604627,0.16479173,0.7179446,0.0069262683
1215,1.0808549,0.15270586,0.29854876,0.22295316,0.78230613,-0.07024729
1216,0.83574265,0.18782558,0.3267548,0.20413753,0.50898784,-0.016311958
1217,0.7612667,0.18989602,0.30841517,0.22932842,0.45285153,-0.039432406
1218,0.8950848,0.22506325,0.2831449,0.19737223,0.6119399,0.027691022
1219,0.89597887,0.2623022,0.23087034,0.17237343,0.66510856,0.08992876
1220,0.14440572,0.054165654,0.050771933,0.046058714,0.093633786,0.0081069395
1221,0.7946662,0.11705439,0.1885219,0.13929787,0.60614425,-0.022243485
1222,0.054863323,0.061428357,0.060801845,0.047015507,-0.0059385225,0.01441285
1223,0.09046373,0.11864227,0.048577186,0.033769466,0.041886542,0.084872805
1224,0.06725206,0.043322153,0.03128127,0.025280455,0.035970792,0.018041698
1225,1.1687685,0.30498433,0.46001545,0.3061974,0.7087531,-0.0012130737
1226,0.44670677,0.065974236,0.13650067,0.09349655,0.31020612,-0.027522318
1227,0.74041456,0.13274199,0.17213471,0.11706753,0.56827986,0.015674457
1228,0.20302501,0.09689924,0.08607725,0.062373213,0.11694776,0.034526028
1229,0.9025951,0.15042856,0.1525274,0.10882392,0.7500677,0.041604646
1230,0.0816164,0.13156752,0.042138018,0.029964969,0.039478384,0.101602554
1231,0.6086658,0.22882706,0.26615837,0.19674899,0.34250745,0.032078072
1232,0.9984013,0.112282835,0.16742304,0.12415489,0.8309783,-0.011872053
1233,0.09868932,0.08323869,0.066789016,0.05197581,0.0319003,0.031262882
1234,0.16098844,0.038357213,0.07096386,0.047925733,0.090024576,-0.00956852
1235,0.013696863,0.12862223,0.028509572,0.019939423,-0.014812709,0.10868281
1236,0.9152202,0.24480616,0.313366,0.22143634,0.6018542,0.023369819
1237,0.31066492,0.1340588,0.110627316,0.07864382,0.2000376,0.055414982
1238,1.018247,0.2751282,0.34105524,0.2723761,0.67719173,0.0027520955
1239,0.028841777,0.007142306,0.03916031,0.021529129,-0.010318534,-0.014386823
1240,1.2181734,0.3368091,0.5112957,0.34494823,0.7068777,-0.008139133
1241,1.4143761,0.21538155,0.45165557,0.25322157,0.9627206,-0.037840024
1242,0.8010134,0.12086194,0.16447797,0.11023913,0.6365354,0.010622807
1243,0.6424572,0.19258988,0.27450314,0.1890708,0.36795405,0.0035190731
1244,1.0226336,0.20393391,0.3527936,0.21874078,0.66984,-0.014806867
1245,0.46488285,0.067128696,0.13504878,0.08928229,0.32983407,-0.022153594
1246,1.2378296,0.37535515,0.5235175,0.3712408,0.7143121,0.0041143596
1247,0.9015945,0.2341456,0.32483977,0.23277478,0.57675475,0.0013708174
1248,0.04794329,0.06406988,0.027348569,0.01727702,0.020594722,0.046792865
1249,0.8330374,0.22830614,0.2936738,0.22662815,0.53936356,0.00167799
1250,0.9679334,0.32638672,0.41969433,0.3028678,0.5482391,0.02351892
1251,0.16881163,0.07489922,0.10336137,0.06944387,0.065450266,0.0054553524
1252,0.9157642,0.2878395,0.47426748,0.28953362,0.44149673,-0.001694113
1253,0.80892926,0.37068385,0.47099146,0.34910196,0.3379378,0.021581888
1254,0.818829,0.22764884,0.28655538,0.19150774,0.53227365,0.036141098
1255,0.64789593,0.13573515,0.20988512,0.15006323,0.4380108,-0.014328077
1256,1.1453453,0.3662567,0.5050578,0.3592115,0.6402875,0.0070452094
1257,1.1757435,0.29580975,0.39639425,0.28628302,0.7793492,0.00952673
1258,1.0762901,0.3342435,0.48947573,0.32454517,0.5868144,0.009698331
1259,0.8897224,0.18652584,0.25035626,0.18300638,0.63936615,0.0035194606
1260,0.93857783,0.20797555,0.2517057,0.17744395,0.6868721,0.0305316
1261,-0.02236803,0.12671562,0.026635418,0.012306325,-0.04900345,0.11440929
1262,0.7980933,0.15463449,0.20511594,0.14625606,0.5929774,0.008378431
1263,0.32289943,0.14516015,0.19858214,0.14247334,0.12431729,0.0026868135
1264,1.1700662,0.346267,0.44722137,0.36873874,0.72284484,-0.022471726
1265,0.7481869,0.26471788,0.34553513,0.25062957,0.40265176,0.014088303
1266,0.00030098695,0.12776504,0.044761337,0.023294661,-0.04446035,0.10447039
1267,0.036626216,0.11140126,0.032452367,0.017970309,0.004173849,0.09343095
1268,0.7908658,0.23872718,0.2959591,0.22329548,0.4949067,0.015431702
1269,0.82814467,0.21073227,0.26039425,0.19385128,0.56775045,0.01688099
1270,0.84375244,0.37832972,0.4151163,0.27405012,0.42863613,0.10427961
1271,0.72417724,0.20955901,0.2983427,0.21247986,0.42583454,-0.002920851
1272,0.87127066,0.19285639,0.3028078,0.19229534,0.56846285,0.0005610436
1273,0.98088866,0.2399414,0.30853096,0.22410813,0.6723577,0.015833274
1274,0.7977244,0.22246608,0.3017775,0.22148319,0.4959469,0.0009828955
1275,0.7593707,0.14006926,0.22259268,0.15544882,0.536778,-0.015379563
1276,0.092336416,0.15005818,0.05759067,0.044865526,0.034745745,0.105192654
1277,1.017331,0.22271112,0.28881273,0.21774204,0.72851825,0.0049690753
1278,0.44823515,0.2022131,0.25572416,0.18696012,0.19251099,0.015252978
1279,0.87562543,0.2665302,0.28316885,0.2100745,0.5924566,0.056455687
1280,1.2257113,0.43069974,0.55447024,0.37625608,0.6712411,0.054443657
1281,0.8550378,0.21994045,0.3043413,0.21233866,0.5506965,0.0076017976
1282,0.0063722814,-0.06139527,0.01120635,0.0054525086,-0.004834069,-0.06684778
1283,0.68074244,0.14787625,0.13453703,0.10129384,0.5462054,0.04658241
1284,1.4365664,0.48971885,0.74484503,0.49107212,0.6917213,-0.0013532639
1285,0.87526405,0.251731,0.27601218,0.20132974,0.59925187,0.05040127
1286,0.7827241,0.1518552,0.24210253,0.16443025,0.5406215,-0.012575045
1287,0.91797596,0.09747347,0.16104913,0.12490368,0.75692683,-0.027430207
1288,0.7876545,0.23811343,0.1943253,0.13916703,0.5933292,0.09894641
1289,0.20191465,0.023732724,0.07585919,0.048051,0.12605546,-0.024318276
1290,1.3459395,0.19492787,0.255101,0.18283173,1.0908386,0.012096137
1291,0.83306324,0.17126822,0.30351892,0.20928237,0.52954435,-0.038014144
1292,0.7948748,0.14736567,0.29834837,0.17618905,0.49652642,-0.028823376
1293,0.7372962,0.20649466,0.2701325,0.17889829,0.4671637,0.02759637
1294,0.01164435,0.059164405,0.039035298,0.028651249,-0.027390948,0.030513156
1295,1.2703116,0.21540874,0.35265586,0.21876433,0.9176557,-0.0033555925
1296,0.9487783,0.25908202,0.3642741,0.23582694,0.5845041,0.02325508
1297,0.9545078,0.21812549,0.33401972,0.24145111,0.6204881,-0.023325622
1298,0.080960155,0.014674259,0.050646223,0.028267866,0.030313931,-0.013593607
1299,0.97205544,0.26063138,0.308886,0.24175505,0.66316944,0.018876329
1300,0.21473756,0.07572934,0.06865739,0.049397577,0.14608017,0.026331764
1301,0.95137155,0.25059694,0.37488395,0.23624572,0.5764876,0.014351219
1302,0.18574262,0.059622917,0.07932336,0.054922868,0.10641926,0.0047000498
1303,0.02877065,0.21351488,0.05205078,0.03697071,-0.02328013,0.17654417
1304,0.4554225,0.1827441,0.2032679,0.1650368,0.2521546,0.017707303
1305,0.0062322826,-0.02460463,0.030425321,0.017498042,-0.02419304,-0.042102672
1306,0.18685044,0.047496263,0.086665526,0.061695855,0.10018492,-0.014199592
1307,0.9302688,0.24118784,0.33052188,0.24370554,0.59974694,-0.0025177002
1308,0.6574813,0.22030167,0.26131815,0.19160065,0.39616317,0.028701022
1309,1.1046172,0.26572216,0.343147,0.22948487,0.7614702,0.036237285
1310,0.0615283,0.054655325,0.029606342,0.018570293,0.031921957,0.036085032
1311,0.46624544,0.09620504,0.077868484,0.061350413,0.38837695,0.03485463
1312,0.0800451,0.038713492,0.0751853,0.059810244,0.0048597977,-0.021096751
1313,0.8047366,0.14777775,0.21276195,0.14570148,0.5919747,0.0020762682
1314,0.7593202,0.21656634,0.2659717,0.18761943,0.4933485,0.028946906
1315,0.4313966,0.13357167,0.11370112,0.06111307,0.3176955,0.072458595
1316,0.5495587,0.08937044,0.1371788,0.09725861,0.41237992,-0.007888176
1317,0.023034299,0.076514944,0.021949733,0.011883262,0.0010845661,0.064631686
1318,0.9159396,0.295113,0.30862406,0.243337,0.60731554,0.051775992
1319,0.11439719,0.08302223,0.09000866,0.06341985,0.02438853,0.01960238
1320,0.14027676,0.15271792,0.12133223,0.09916981,0.018944532,0.053548105
1321,0.19752723,0.110873945,0.07776762,0.05470259,0.11975961,0.056171354
1322,0.27758765,0.10699384,0.13415687,0.096448645,0.14343078,0.010545194
1323,0.6624288,0.10983986,0.1486264,0.10473965,0.5138024,0.0051002055
1324,1.0363907,0.2757728,0.33530384,0.24146076,0.7010868,0.034312055
1325,0.8583666,0.25687808,0.33783764,0.24660727,0.520529,0.010270804
1326,0.6867919,0.26175854,0.34517646,0.25515905,0.34161544,0.006599486
1327,0.15822986,0.14285009,0.13259628,0.10142448,0.025633574,0.041425608
1328,0.74751365,0.25332654,0.26069024,0.19463876,0.4868234,0.058687776
1329,0.7643976,0.11795699,0.15135674,0.1304347,0.61304086,-0.012477718
1330,0.99801826,0.17648335,0.3183161,0.20592332,0.67970216,-0.02943997
1331,1.0417187,0.30931136,0.45837703,0.33876866,0.5833417,-0.0294573
1332,0.19645815,0.036949992,0.043901328,0.027631074,0.15255682,0.009318918
1333,0.05979034,0.029013932,0.02094423,0.019434381,0.03884611,0.0095795505
1334,0.0145804975,0.0071073743,0.014645601,0.010626949,-6.510317e-05,-0.003519575
1335,0.50612295,0.17000343,0.25612032,0.14609647,0.25000262,0.023906961
1336,1.014273,0.3034328,0.3843974,0.28187528,0.62987566,0.02155751
1337,0.93916726,0.23500787,0.3081418,0.22309443,0.63102543,0.011913434
1338,0.20202227,0.015829112,0.083347,0.04756989,0.11867527,-0.031740777
1339,0.8691169,0.13095665,0.19735715,0.12860654,0.6717597,0.0023501068
1340,1.0177002,0.29865935,0.41116053,0.29627788,0.60653967,0.0023814738
1341,0.9540299,0.20306171,0.28184876,0.18358174,0.6721811,0.019479975
1342,0.9057621,0.13787593,0.16517965,0.1278629,0.7405824,0.010013029
1343,0.13182895,0.032330457,0.03447329,0.024696495,0.097355664,0.0076339617
1344,0.105360046,0.0505655,0.0668638,0.050088,0.03849625,0.00047750026
1345,0.3555081,0.10231429,0.14522544,0.1035282,0.21028265,-0.0012139082
1346,0.09099691,-0.045526877,0.017873323,0.0070714066,0.07312359,-0.052598283
1347,0.8888985,0.14574352,0.18723346,0.13610232,0.70166504,0.0096412
1348,0.8517601,0.20429353,0.30710605,0.22287631,0.544654,-0.018582776
1349,0.65165526,0.16049552,0.23119804,0.15844148,0.4204572,0.0020540357
1350,1.0381767,0.14073831,0.17255269,0.12513551,0.86562395,0.015602797
1351,0.94949687,0.42102826,0.4814896,0.36598393,0.46800727,0.055044323
1352,0.85384816,0.3228902,0.38150638,0.28414994,0.47234178,0.038740247
1353,0.18714555,0.009898911,0.076710954,0.050912686,0.11043459,-0.041013774
1354,0.755846,0.17392413,0.38082567,0.23254451,0.37502035,-0.05862038
1355,1.1476763,0.46781972,0.6480824,0.45467758,0.49959397,0.013142139
1356,0.13634822,0.04274822,0.050963454,0.038499676,0.085384764,0.0042485446
1357,0.48345324,0.1881232,0.21484521,0.14448941,0.26860803,0.04363379
1358,0.96331877,0.20663804,0.24771054,0.18836951,0.71560824,0.018268526
1359,0.13609111,0.051769536,0.06382798,0.048136156,0.07226314,0.00363338
1360,0.63232076,0.23569208,0.31227154,0.22244176,0.32004923,0.013250321
1361,0.94728905,0.31764495,0.33282185,0.24131891,0.6144672,0.07632604
1362,0.80277973,0.16208793,0.21496868,0.15520348,0.58781105,0.0068844557
1363,0.9556832,0.27825892,0.37046713,0.26284945,0.58521605,0.01540947
1364,0.93251544,0.28768322,0.39487684,0.31581187,0.5376386,-0.028128654
1365,1.0698727,0.36161688,0.47634906,0.31548923,0.5935237,0.046127647
1366,0.33978492,0.15317494,0.17684002,0.12872337,0.1629449,0.024451569
1367,0.6420372,0.16056916,0.20273742,0.1474133,0.4392998,0.013155863
1368,0.9057112,0.12187363,0.22845969,0.13749173,0.67725146,-0.015618101
1369,0.86683923,0.23329823,0.3490596,0.25696737,0.5177796,-0.023669139
1370,0.98861927,0.106398515,0.20986068,0.1477031,0.7787586,-0.04130458
1371,1.0057377,0.2836881,0.3432077,0.2600897,0.66252995,0.023598403
1372,0.110971935,0.008689469,0.065608546,0.044693757,0.04536339,-0.03600429
1373,0.059009373,0.006299995,0.01649166,0.008647969,0.042517714,-0.002347974
1374,0.03263715,0.029063629,0.03499838,0.023287792,-0.0023612306,0.005775837
1375,0.06062617,-0.008488991,0.06403728,0.03570998,-0.0034111068,-0.04419897
1376,0.07700586,0.029764755,0.03360421,0.026974607,0.043401655,0.0027901474
1377,1.0369083,0.33426005,0.44446477,0.3185997,0.59244347,0.015660346
1378,0.21705584,0.07666289,0.07934143,0.06731203,0.13771442,0.009350859
1379,0.64737105,0.23873661,0.33969486,0.23721936,0.3076762,0.0015172511
1380,0.97301126,0.20636508,0.29766944,0.21765783,0.67534184,-0.011292756
1381,0.15382165,0.038376134,0.044931147,0.037397947,0.1088905,0.0009781867
1382,0.042942997,0.1351864,0.04837196,0.03254693,-0.0054289624,0.102639474
1383,0.11245689,-0.0069385963,0.0731806,0.039109413,0.039276287,-0.046048008
1384,1.1811244,0.14835346,0.21435575,0.14630002,0.9667687,0.0020534396
1385,0.15836333,0.222761,0.08172786,0.051152,0.076635465,0.17160901
1386,1.1214305,0.17031893,0.33729792,0.23727882,0.7841326,-0.06695989
1387,0.23671074,0.09078225,0.11474446,0.08413883,0.12196628,0.0066434145
1388,0.4996697,0.103381075,0.13156499,0.091917455,0.3681047,0.01146362
1389,1.2181394,0.28787565,0.4060513,0.28522873,0.81208813,0.002646923
1390,0.06256764,0.059295766,0.041820455,0.039306704,0.020747181,0.019989062
1391,1.0513955,0.36618716,0.44588456,0.31494895,0.60551095,0.05123821
1392,0.59346133,0.1923317,0.21873863,0.12685505,0.37472272,0.065476656
1393,0.93055326,0.12012718,0.19415832,0.12944338,0.73639494,-0.0093161985
1394,0.6864139,0.23687637,0.35297912,0.2629142,0.33343476,-0.026037842
1395,0.4793929,0.077169396,0.19009729,0.120614566,0.2892956,-0.04344517
1396,1.0352714,0.34619623,0.4893983,0.32747313,0.5458731,0.0187231
1397,0.10135433,0.16247745,0.051494896,0.037358902,0.049859434,0.12511855
1398,0.7403042,0.2919465,0.36276188,0.27644974,0.3775423,0.015496761
1399,0.7446726,0.18747577,0.22767425,0.16840334,0.51699835,0.019072428
1400,1.1360201,0.31307003,0.43679953,0.3104047,0.69922054,0.002665341
1401,1.0516126,0.46785307,0.6133375,0.42886966,0.4382751,0.038983405
1402,1.2189484,0.26317063,0.41605616,0.2509906,0.8028922,0.01218003
1403,0.1777376,0.036682468,0.05941599,0.03796798,0.118321605,-0.001285512
1404,0.7192558,0.15848702,0.26790902,0.16847494,0.45134678,-0.0099879205
1405,0.73256254,0.2535277,0.23769502,0.15386279,0.4948675,0.09966491
1406,0.15004289,0.07576156,0.054772563,0.03805401,0.09527033,0.037707545
1407,0.060529392,0.13063726,0.041853033,0.033912886,0.01867636,0.096724376
1408,0.95609975,0.17979938,0.26246357,0.18289624,0.6936362,-0.0030968636
1409,0.8167675,0.18446967,0.217218,0.15751438,0.59954953,0.026955292
1410,0.7668533,0.19077682,0.32987356,0.21822348,0.4369797,-0.027446657
1411,0.6501268,0.17308706,0.23201327,0.14989379,0.41811353,0.02319327
1412,0.013487457,0.032202464,0.021349322,0.016225051,-0.007861865,0.015977412
1413,0.58994293,0.12885833,0.1865482,0.13712548,0.40339473,-0.008267149
1414,0.82478076,0.14816938,0.23933756,0.1412859,0.5854432,0.006883487
1415,0.8399179,0.2802261,0.36713925,0.2620439,0.47277865,0.018182218
1416,1.293279,0.13791957,0.18284594,0.13255088,1.1104331,0.0053686947
1417,0.4111309,0.074005045,0.07345452,0.05412991,0.33767638,0.019875135
1418,0.17415908,0.03746385,0.053424083,0.03641137,0.120735,0.0010524802
1419,0.68213606,0.17299457,0.20745078,0.14595966,0.47468528,0.027034909
1420,1.09445,0.39761713,0.41394585,0.30998868,0.68050414,0.087628454
1421,0.68521374,0.21058396,0.30122623,0.20614047,0.38398752,0.0044434816
1422,0.7552766,0.16860878,0.23139568,0.17088643,0.52388096,-0.0022776425
1423,0.27124593,0.12904803,0.06585562,0.04679141,0.2053903,0.08225663
1424,0.4240334,0.13329962,0.15729156,0.119509414,0.26674184,0.013790205
1425,1.0960016,0.28454128,0.34202272,0.23952527,0.7539789,0.045016006
1426,0.30296037,0.1624707,0.12724482,0.09033183,0.17571555,0.07213887
1427,0.11535613,0.10012764,0.0878545,0.06565005,0.027501635,0.034477584
1428,0.1460223,0.044546146,0.044169344,0.033758827,0.10185296,0.010787319
1429,0.5484861,0.15879114,0.1708997,0.118909225,0.37758642,0.039881915
1430,0.73619556,0.3525414,0.39461726,0.3262828,0.3415783,0.026258588
1431,0.4716753,0.25726593,0.23678084,0.15598169,0.23489447,0.101284236
1432,0.9151589,0.13373749,0.23177695,0.14541018,0.683382,-0.0116726905
1433,0.8612173,0.25644088,0.34226337,0.2453722,0.5189539,0.011068672
1434,1.115586,0.25173697,0.31773788,0.22652277,0.79784817,0.025214195
1435,0.3916459,0.10987336,0.15888129,0.09823631,0.23276462,0.011637054
1436,0.73625696,0.21824668,0.23808685,0.16496634,0.4981701,0.05328034
1437,0.045826804,0.13205144,0.036073253,0.023685966,0.009753551,0.108365476
1438,1.0303954,0.2342937,0.36689943,0.23660383,0.66349596,-0.002310127
1439,0.23422821,0.19953574,0.10360181,0.074088715,0.1306264,0.12544703
1440,0.5970666,0.21911623,0.2558174,0.19571564,0.34124917,0.02340059
1441,0.16303469,0.08577332,0.092583954,0.06170065,0.07045074,0.02407267
1442,0.9279176,0.18856065,0.24210265,0.19493371,0.685815,-0.0063730627
1443,0.84929717,0.3712163,0.4270257,0.31709826,0.42227146,0.054118037
1444,0.27446306,0.111824356,0.11673959,0.08281809,0.15772346,0.029006265
1445,0.7657124,0.18786824,0.24734636,0.19114713,0.51836604,-0.0032788962
1446,1.1821558,0.30366573,0.45097542,0.2871717,0.7311804,0.016494036
1447,0.81697685,0.1733564,0.3135503,0.19342755,0.50342655,-0.020071149
1448,1.037227,0.2387931,0.28804168,0.2123365,0.7491853,0.02645661
1449,1.0526774,0.20560893,0.3432201,0.2362053,0.7094573,-0.03059636
1450,0.7114253,0.21943764,0.2818479,0.2042687,0.4295774,0.01516895
1451,0.17841823,0.0493638,0.055129834,0.039298795,0.1232884,0.010065004
1452,0.4045252,0.20082457,0.2550576,0.18676051,0.14946759,0.014064059
1453,0.014324685,-0.0612776,0.04208006,0.025395487,-0.027755376,-0.08667308
1454,0.89179057,0.19175753,0.2782634,0.19949885,0.6135272,-0.007741317
1455,0.068171486,0.027606381,0.037176047,0.030582285,0.03099544,-0.0029759035
1456,0.4824616,0.1232461,0.12505737,0.09312345,0.35740423,0.030122653
1457,0.12734231,-7.52544e-05,0.07121645,0.04628532,0.056125864,-0.046360575
1458,0.5191931,0.24431278,0.21638319,0.1674079,0.30280992,0.07690488
1459,1.1177045,0.43516842,0.51786894,0.40060973,0.5998356,0.034558684
1460,0.8191022,0.14126086,0.22732313,0.16661398,0.5917791,-0.025353119
1461,1.0275618,0.16971023,0.18838534,0.13279255,0.8391764,0.036917686
1462,0.56674963,0.18182929,0.25920582,0.18990304,0.3075438,-0.008073747
1463,0.8853099,0.036370117,0.087018706,0.07313045,0.79829115,-0.036760334
1464,0.8237582,0.19369222,0.22536798,0.16100854,0.5983902,0.032683685
1465,0.85706836,0.19987667,0.25173944,0.18735114,0.6053289,0.012525529
1466,0.16929273,0.06540946,0.06585046,0.046935707,0.103442274,0.018473752
1467,0.7381503,0.2605367,0.33191437,0.25388068,0.40623593,0.006656021
1468,0.0788538,0.028583135,0.03528505,0.027399924,0.043568753,0.0011832118
1469,0.17810993,0.08221931,0.08758552,0.0676014,0.090524405,0.0146179125
1470,0.32961315,0.07278716,0.07276114,0.059266817,0.256852,0.013520341
1471,1.0509189,0.3092614,0.42046562,0.31619978,0.63045335,-0.006938368
1472,0.15431985,0.073988326,0.07116999,0.044425305,0.083149865,0.02956302
1473,1.3176477,0.19818535,0.31856516,0.22534397,0.99908257,-0.027158618
1474,0.11707786,0.046787508,0.023501841,0.018221242,0.093576014,0.028566265
1475,0.5796276,0.19993432,0.25316128,0.17762265,0.3264663,0.022311673
1476,0.025046414,0.01660736,0.019086998,0.020136619,0.005959416,-0.003529258
1477,1.054135,0.3112441,0.38454852,0.2876171,0.6695864,0.023627013
1478,0.15828638,0.025331406,0.032991864,0.02730164,0.1252945,-0.0019702334
1479,1.0997831,0.266944,0.41002503,0.29250598,0.68975806,-0.025561988
1480,0.76695645,0.18723817,0.19638038,0.13474259,0.5705761,0.052495584
1481,0.78852504,0.18242721,0.26301378,0.17147943,0.52551126,0.010947779
1482,0.0039067324,-0.0032786157,0.018749632,0.011068632,-0.0148428995,-0.014347248
1483,0.37995595,0.08136045,0.10300022,0.06833307,0.27695572,0.013027385
1484,1.191978,0.24295233,0.35072738,0.2370036,0.8412506,0.0059487373
1485,1.0954461,0.26923534,0.34492567,0.25897238,0.75052047,0.010262966
1486,0.8204377,0.30931726,0.4258389,0.3048069,0.39459884,0.004510373
1487,0.80531985,0.1966089,0.26799816,0.19455864,0.5373217,0.0020502657
1488,1.0110912,0.15616192,0.23903057,0.16864045,0.77206063,-0.01247853
1489,0.105754085,0.042712945,0.037414543,0.032160364,0.06833954,0.010552581
1490,0.91842455,0.13491791,0.19763757,0.14365838,0.720787,-0.00874047
1491,0.12213496,0.06897961,0.058708627,0.03813857,0.06342633,0.030841045
1492,1.363635,0.20928857,0.3606847,0.2299161,1.0029502,-0.020627528
1493,0.08067893,0.115495,0.061582334,0.034821324,0.019096598,0.08067367
1494,0.8758023,0.24115866,0.31886214,0.25401828,0.55694014,-0.012859613
1495,0.31268087,0.03479483,0.10060199,0.068455406,0.21207887,-0.033660576
1496,0.36983582,0.077674694,0.1093992,0.081016175,0.26043662,-0.003341481
1497,-0.016063696,0.13122468,0.009940433,0.004164033,-0.026004128,0.12706064
1498,0.036108267,-0.0053848755,0.025266495,0.016728844,0.010841772,-0.02211372
1499,0.7173815,0.16458309,0.2589367,0.1898275,0.45844477,-0.025244415
1500,0.42051563,0.11501164,0.14011566,0.09473969,0.28039998,0.02027195
1501,0.6153041,0.17676698,0.18790105,0.13614069,0.42740306,0.040626287
1502,1.0291966,0.16309959,0.2358778,0.16200338,0.7933188,0.0010962039
1503,0.28792748,0.046443995,0.06725714,0.04939425,0.22067034,-0.0029502548
1504,0.28846097,0.056545515,0.111438476,0.067429796,0.17702249,-0.010884281
1505,0.22329384,0.047725797,0.046410207,0.031712946,0.17688364,0.016012851
1506,0.82601464,0.19557604,0.30878332,0.21140537,0.51723135,-0.015829325
1507,0.68259025,0.11965208,0.19866267,0.13646708,0.48392758,-0.016815007
1508,0.10248397,0.004773898,0.07108338,0.045467496,0.03140059,-0.040693596
1509,-0.0018804757,-0.009422018,0.01055208,0.010800542,-0.012432556,-0.02022256
1510,0.4088681,0.19368984,0.24405017,0.16618761,0.16481793,0.027502224
1511,0.19361733,0.046348207,0.046116494,0.028863152,0.14750084,0.017485054
1512,0.07526334,0.034150947,0.02759027,0.022939796,0.04767307,0.011211151
1513,0.24117643,0.07742197,0.0904356,0.06970228,0.15074083,0.007719688
1514,1.0177553,0.137554,0.21406022,0.16155858,0.8036951,-0.024004579
1515,0.6813742,0.19913775,0.32266778,0.22155996,0.3587064,-0.02242221
1516,1.2233827,0.273165,0.31733993,0.23356347,0.9060428,0.03960152
1517,0.7419664,0.23523203,0.21840648,0.16897309,0.5235599,0.06625894
1518,0.3869866,0.12219473,0.12412673,0.09509851,0.26285988,0.02709622
1519,0.97313374,0.20511636,0.315095,0.22232966,0.65803874,-0.0172133
1520,1.0660397,0.1440505,0.2552914,0.1727007,0.8107483,-0.02865021
1521,0.24177495,0.124838494,0.07268153,0.055674724,0.16909342,0.06916377
1522,0.09051983,0.12058535,0.04482299,0.027658755,0.04569684,0.0929266
1523,0.07911128,-0.0013657666,0.07934643,0.04552833,-0.00023515522,-0.046894096
1524,0.12310475,0.068173006,0.07947452,0.067843236,0.043630227,0.00032977015
1525,0.12462458,-0.009198,0.04006833,0.026560849,0.08455625,-0.03575885
1526,0.5679605,0.17279533,0.23227735,0.17596045,0.33568317,-0.0031651258
1527,1.2388777,0.30197945,0.44831496,0.30704826,0.7905627,-0.005068809
1528,0.7697482,0.2640311,0.25995448,0.20333847,0.50979376,0.06069264
1529,0.0959105,0.016040383,0.024633532,0.015611174,0.07127696,0.00042920932
1530,0.16606696,0.08325987,0.10575227,0.061466932,0.060314693,0.02179294
1531,0.08771215,0.045812827,0.05018096,0.039960768,0.037531186,0.0058520585
1532,0.38672253,0.21513686,0.22637522,0.17076795,0.16034731,0.044368908
1533,0.797196,0.272746,0.36272198,0.2664054,0.434474,0.006340593
1534,0.36219528,0.050255682,0.07500158,0.04724581,0.28719372,0.0030098706
1535,0.7464809,0.26356095,0.3885512,0.26723987,0.35792968,-0.003678918
1536,1.2740647,0.25749615,0.3639488,0.24127135,0.91011584,0.016224802
1537,0.79489535,0.14929841,0.18774931,0.13034976,0.607146,0.01894866
1538,1.0485805,0.34522566,0.4678878,0.33530086,0.58069277,0.009924799
1539,0.67942804,0.22738278,0.35850072,0.23144415,0.32092732,-0.004061371
1540,0.7510347,0.34311235,0.4193027,0.30021384,0.33173198,0.042898506
1541,1.0356355,0.24963404,0.38703316,0.2666797,0.6486023,-0.017045662
1542,0.68964285,0.19425516,0.18904713,0.13602915,0.5005957,0.058226004
1543,0.6434349,0.13755745,0.22608392,0.16408122,0.41735095,-0.026523769
1544,0.98708874,0.17031981,0.26871014,0.17665008,0.7183786,-0.0063302666
1545,0.11480872,-0.02826106,0.03979576,0.023678733,0.07501297,-0.051939793
1546,0.79769784,0.15174304,0.2557854,0.18213002,0.54191244,-0.030386984
1547,0.69253576,0.1845563,0.23783788,0.15969847,0.45469788,0.024857834
1548,1.0367271,0.2630024,0.4449834,0.28204018,0.5917437,-0.019037783
1549,0.80838144,0.11638003,0.19850619,0.13745923,0.60987526,-0.021079205
1550,0.24112676,0.077002905,0.12937257,0.086371645,0.111754194,-0.00936874
1551,1.2608792,0.3596265,0.45702663,0.3020769,0.80385256,0.057549596
1552,0.04390438,0.13472642,0.035076868,0.022454465,0.008827511,0.11227196
1553,0.61360586,0.14032494,0.16874525,0.12048964,0.4448606,0.019835293
1554,0.18915708,0.12837072,0.101155736,0.084664725,0.08800135,0.043705992
1555,0.20509544,0.049583916,0.046905402,0.031493142,0.15819004,0.018090773
1556,0.32941538,0.13951133,0.19977342,0.12638237,0.12964197,0.013128966
1557,0.037982706,-0.030240756,0.030966586,0.02084538,0.0070161205,-0.051086135
1558,0.6757788,0.1823364,0.2863338,0.19516417,0.389445,-0.012827769
1559,0.10572071,0.05846772,0.06296752,0.051226623,0.04275319,0.0072410963
1560,-0.017575173,-0.033821043,0.00972307,0.00655597,-0.027298242,-0.040377013
1561,1.0518522,0.32694972,0.37984887,0.29868606,0.6720034,0.028263658
1562,1.0514982,0.30499527,0.437388,0.2844194,0.6141102,0.020575881
1563,0.62775725,0.112630166,0.14026147,0.08958496,0.48749578,0.023045205
1564,-0.026922852,0.11138901,0.0064628734,0.00097143045,-0.033385724,0.11041758
1565,0.17178044,0.019881757,0.09420855,0.06510952,0.077571884,-0.045227766
1566,0.23550782,0.19461223,0.0992339,0.07219418,0.13627392,0.12241805
1567,-0.00062329724,0.063332126,0.019573625,0.016206928,-0.020196922,0.047125198
1568,0.84181434,0.46884108,0.5067375,0.3958428,0.33507687,0.072998285
1569,0.8521434,0.16435266,0.24270551,0.17518386,0.6094379,-0.010831207
1570,0.50877887,0.050496653,0.120900474,0.07765262,0.3878784,-0.027155966
1571,0.0015068981,0.101027064,0.0122682415,0.0032834043,-0.010761343,0.09774366
1572,0.13898055,0.05176019,0.042185117,0.030377507,0.09679544,0.021382682
1573,0.59691733,0.14193995,0.13621092,0.10167979,0.4607064,0.040260166
1574,1.0295604,0.27904838,0.35041615,0.24420103,0.67914426,0.03484735
1575,0.05720716,-0.011504207,0.044036835,0.027529612,0.013170324,-0.03903382
1576,0.1533068,0.040441286,0.045169435,0.03528705,0.10813736,0.005154237
1577,0.44581178,0.04704217,0.10842083,0.068307914,0.33739096,-0.021265745
1578,0.30279458,0.12297387,0.12175739,0.09565607,0.18103719,0.0273178
1579,0.12117547,0.0586591,0.033674553,0.028298106,0.087500915,0.030360993
1580,0.882607,0.13908212,0.1816344,0.11899477,0.70097256,0.020087346
1581,1.0105299,0.15254086,0.20727976,0.16033764,0.80325013,-0.0077967793
1582,0.74972135,0.15069236,0.22146106,0.15651427,0.5282603,-0.0058219135
1583,0.17827739,0.048644815,0.053254217,0.03834136,0.12502317,0.010303456
1584,0.5737458,0.11017178,0.14463255,0.09737604,0.42911324,0.012795739
1585,0.76582545,0.102213,0.16960016,0.1308141,0.59622526,-0.028601103
1586,0.4654505,0.13096496,0.16280308,0.107785895,0.3026474,0.02317907
1587,0.34288085,0.119037926,0.14670573,0.10223459,0.19617511,0.01680334
1588,0.5758856,0.16298316,0.23041134,0.1577508,0.34547424,0.005232364
1589,0.04894877,0.037314393,0.021107148,0.010572886,0.02784162,0.026741507
1590,0.7834458,0.17280936,0.28941298,0.19923644,0.4940328,-0.026427075
1591,1.1970545,0.20263267,0.31459576,0.19812863,0.88245875,0.00450404
1592,0.774103,0.23817247,0.28775796,0.22257212,0.48634502,0.0156003535
1593,0.6813073,0.1357464,0.14137101,0.10626519,0.5399363,0.029481217
1594,0.833776,0.34078863,0.48928422,0.30553156,0.34449178,0.03525707
1595,0.24414404,0.1566638,0.09513193,0.07044925,0.1490121,0.08621456
1596,0.06950517,0.0034243178,0.020961845,0.011452584,0.048543327,-0.008028266
1597,1.080049,0.3180905,0.37928182,0.27884457,0.7007672,0.039245933
1598,0.98753256,0.25306314,0.356626,0.22347704,0.6309066,0.029586107
1599,0.74317545,0.29741266,0.3660973,0.26478302,0.37707815,0.03262964
1600,0.0014004651,-0.0068988176,0.0045398884,0.005629278,-0.0031394232,-0.012528095
1601,0.7882343,0.21969181,0.26644224,0.19024174,0.52179205,0.029450074
1602,0.11205647,0.044993073,0.06321839,0.041543026,0.04883808,0.0034500472
1603,0.31250677,0.04148935,0.053777196,0.03474963,0.25872958,0.0067397207
1604,0.6431034,0.11823801,0.14311838,0.10784292,0.49998504,0.010395087
1605,0.021654584,0.15071395,0.035437893,0.029543608,-0.01378331,0.12117034
1606,0.7125771,0.2255212,0.27141613,0.18863596,0.44116098,0.036885247
1607,0.7107224,0.15479991,0.23725958,0.14989448,0.47346282,0.0049054325
1608,0.8892637,0.18572427,0.26122057,0.18280768,0.6280431,0.0029165894
1609,0.8003567,0.21420658,0.29299942,0.197983,0.50735724,0.01622358
1610,0.48574564,0.21569224,0.251669,0.16462152,0.23407665,0.05107072
1611,0.6951538,0.18218295,0.24140339,0.15940897,0.45375037,0.022773981
1612,0.31540406,0.049266376,0.12883314,0.088648096,0.18657091,-0.03938172
1613,0.7796535,0.093901984,0.14712866,0.10395751,0.63252485,-0.010055527
1614,0.93862,0.38342917,0.5032573,0.35687602,0.4353627,0.026553154
1615,0.81548125,0.20852125,0.32083362,0.21313989,0.49464762,-0.0046186447
1616,1.2214322,0.20832507,0.2611704,0.19224419,0.9602618,0.016080886
1617,0.2378256,0.121466,0.13481747,0.09140909,0.103008136,0.030056916
1618,0.98354185,0.14653698,0.24964933,0.17378663,0.7338925,-0.02724965
1619,0.79281294,0.17234229,0.21981439,0.14786302,0.5729985,0.02447927
1620,0.05473133,0.057783622,0.039812755,0.031270772,0.014918577,0.02651285
1621,1.0812845,0.24888073,0.37882185,0.2638285,0.7024627,-0.014947757
1622,0.7578055,0.18991226,0.23412244,0.16268696,0.5236831,0.0272253
1623,1.0227623,0.33020696,0.469158,0.2999245,0.5536043,0.030282468
1624,1.4718053,0.14762683,0.29029313,0.18914576,1.1815122,-0.041518927
1625,0.9313281,0.23366408,0.35268474,0.24946296,0.5786434,-0.015798882
1626,1.0578203,0.18610017,0.26015598,0.19263668,0.79766434,-0.0065365136
1627,1.0075659,0.2900271,0.40200835,0.29178298,0.6055575,-0.0017558634
1628,0.97651625,0.261169,0.3780231,0.263378,0.59849316,-0.0022090077
1629,0.7666757,0.26990294,0.45140687,0.29230753,0.31526884,-0.022404581
1630,1.1072547,0.25164682,0.34284517,0.24554145,0.76440954,0.0061053634
1631,0.5943853,0.117503904,0.14315794,0.10719041,0.45122737,0.010313496
1632,0.9244852,0.34277475,0.4557879,0.3234983,0.4686973,0.01927644
1633,0.12566084,0.044891756,0.075171575,0.05644412,0.05048926,-0.011552364
1634,0.05351145,0.068958625,0.068368055,0.05107274,-0.014856607,0.017885886
1635,1.0880593,0.32031292,0.41766372,0.3086097,0.6703956,0.011703223
1636,0.78554493,0.209146,0.24737203,0.1653293,0.5381729,0.043816686
1637,0.031290296,0.040962838,0.024509508,0.022741642,0.0067807883,0.018221196
1638,1.0512927,0.27449346,0.3968429,0.26385292,0.65444976,0.010640532
1639,0.78082955,0.14628388,0.19552119,0.14141425,0.5853084,0.004869625
1640,0.062033948,0.07978883,0.05146466,0.039747596,0.010569289,0.04004123
1641,-0.017931556,-0.024947876,0.016710391,0.014354723,-0.034641948,-0.0393026
1642,0.36751562,0.026403321,0.072006345,0.047231115,0.29550928,-0.020827794
1643,1.1689578,0.29698303,0.40428352,0.30263484,0.7646743,-0.005651802
1644,1.1309471,0.2389165,0.27201587,0.20643231,0.85893124,0.03248419
1645,0.8862782,0.18556155,0.2481884,0.18559238,0.6380898,-3.0830503e-05
1646,0.951626,0.19935912,0.29060587,0.20620778,0.66102016,-0.006848663
1647,0.7859714,0.25227764,0.29689145,0.17625256,0.48907995,0.07602508
1648,0.18769367,0.07313707,0.085658215,0.060669612,0.102035455,0.012467455
1649,0.22797917,0.105736606,0.11608938,0.0696179,0.11188979,0.03611871
1650,0.23811986,0.13825646,0.10919066,0.08313846,0.1289292,0.055118002
1651,1.0288794,0.39449087,0.37025335,0.27037108,0.6586261,0.12411979
1652,1.1058266,0.3678234,0.43207413,0.315459,0.6737525,0.05236438
1653,1.0359101,0.26328853,0.36920476,0.24845734,0.66670537,0.014831185
1654,0.8213691,0.27815145,0.37678385,0.26065665,0.44458526,0.017494798
1655,0.22297765,0.068196766,0.038622685,0.030529961,0.18435496,0.037666805
1656,0.017023228,-0.0706703,0.019755036,0.014312042,-0.0027318075,-0.08498234
1657,0.20310025,0.12330577,0.105985686,0.08027966,0.09711456,0.043026105
1658,1.1078926,0.18451518,0.26924008,0.20400119,0.83865255,-0.01948601
1659,0.061093677,0.026493393,0.027173659,0.012866339,0.03392002,0.013627054
1660,0.7703114,0.15502535,0.21519303,0.16565289,0.5551184,-0.010627538
1661,0.17389907,0.10257793,0.13192308,0.09585567,0.04197599,0.006722264
1662,1.026067,0.21843451,0.3180036,0.23157819,0.7080634,-0.013143674
1663,0.3704143,0.10262709,0.119148314,0.08604554,0.25126597,0.01658155
1664,0.16609904,0.05166045,0.05645849,0.04081964,0.10964055,0.010840807
1665,0.9725145,0.1459121,0.22340679,0.15079254,0.7491077,-0.004880443
1666,0.19831754,0.12349398,0.13875522,0.106130704,0.059562325,0.017363273
1667,0.584163,0.113573246,0.17366588,0.1194277,0.41049713,-0.0058544576
1668,1.2258078,0.40879047,0.59671944,0.425299,0.62908834,-0.01650852
1669,0.07554031,0.03934503,0.05435391,0.03425654,0.0211864,0.0050884895
1670,0.10789508,-0.008905901,0.042904075,0.032657467,0.064991,-0.04156337
1671,1.2152793,0.19371976,0.2981072,0.21411297,0.91717213,-0.020393208
1672,0.111332215,0.15910228,0.050636332,0.040256485,0.060695883,0.11884579
1673,0.7366814,0.18907738,0.24238725,0.1852875,0.49429417,0.003789872
1674,0.8256073,0.20830993,0.28789768,0.20012183,0.5377096,0.008188099
1675,1.2162575,0.3147645,0.45559302,0.29037777,0.76066446,0.024386734
1676,0.8620377,0.23781878,0.35317189,0.22736473,0.50886583,0.010454044
1677,0.48235184,0.24613902,0.17021452,0.09578993,0.3121373,0.15034908
1678,0.42127427,0.15028544,0.17154682,0.13394503,0.24972746,0.016340405
1679,0.18094838,-0.027895574,0.057287823,0.03547376,0.12366055,-0.063369334
1680,0.30294386,0.047124185,0.091027185,0.06946591,0.21191667,-0.022341728
1681,1.1016845,0.1924084,0.29214957,0.20122938,0.8095349,-0.008820981
1682,0.4766067,0.0870213,0.17235407,0.10348026,0.30425262,-0.016458958
1683,0.93360925,0.39980456,0.4986062,0.38855797,0.43500304,0.011246592
1684,0.8482337,0.27862278,0.37748694,0.2775954,0.47074676,0.0010273755
1685,0.68664056,0.23656172,0.31531006,0.2211251,0.3713305,0.0154366195
1686,0.5181857,0.20241657,0.21424215,0.14816758,0.3039435,0.05424899
1687,0.7638893,0.108340606,0.19563188,0.11734426,0.56825745,-0.009003654
1688,0.020607602,0.016735045,0.04182903,0.022079501,-0.02122143,-0.005344456
1689,0.19275223,0.05571997,0.049497407,0.037828412,0.14325482,0.01789156
1690,0.6832451,0.17635809,0.25471014,0.17815511,0.42853498,-0.0017970204
1691,0.5823008,0.1892314,0.2432489,0.18793711,0.3390519,0.0012942851
1692,0.6863249,0.1782372,0.20892815,0.15751097,0.47739673,0.020726234
1693,0.42984885,0.14261097,0.1864569,0.12542883,0.24339195,0.017182142
1694,0.9260023,0.20716286,0.30577627,0.21480274,0.620226,-0.007639885
1695,0.88569736,0.18516207,0.2708425,0.19725773,0.6148549,-0.01209566
1696,0.68322086,0.18899968,0.24632232,0.17850937,0.43689853,0.010490313
1697,0.7789002,0.19968247,0.26356763,0.1998854,0.5153326,-0.00020292401
1698,0.4863929,0.1096945,0.14685012,0.101829864,0.33954275,0.007864639
1699,0.44762558,0.12524639,0.14045593,0.10013002,0.30716965,0.02511637
1700,0.6634358,0.30761388,0.32073864,0.21234038,0.34269717,0.095273495
1701,0.18520802,0.144173,0.09667508,0.067858905,0.08853294,0.07631409
1702,0.7794127,0.19673996,0.25955278,0.18429132,0.5198599,0.012448639
1703,1.0501357,0.12089013,0.22577843,0.14925395,0.8243573,-0.028363816
1704,0.014869969,0.017107375,0.0501405,0.04165154,-0.03527053,-0.024544165
1705,0.014159166,0.0342115,0.02245344,0.016852656,-0.008294274,0.017358845
1706,1.1318598,0.26109084,0.4041593,0.27176055,0.7277005,-0.010669708
1707,0.73624927,0.1842692,0.24300566,0.17521608,0.4932436,0.009053126
1708,0.95760727,0.276326,0.392339,0.2917178,0.5652683,-0.015391797
1709,0.3202645,0.09239235,0.10656111,0.07247946,0.21370338,0.019912891
1710,0.14397252,0.021784116,0.08679824,0.052244045,0.057174273,-0.03045993
1711,0.15883727,0.068043664,0.06313511,0.04696449,0.095702164,0.021079175
1712,0.97967106,0.25973228,0.25519776,0.1885222,0.7244733,0.07121007
1713,0.05667982,0.032339115,0.048550468,0.030603508,0.008129351,0.0017356072
1714,0.26801062,0.16486913,0.16156654,0.10352828,0.106444076,0.061340846
1715,0.074955605,0.0421028,0.028261993,0.018659536,0.046693612,0.023443263
1716,0.64031947,0.16875137,0.23593628,0.17121664,0.40438318,-0.002465263
1717,0.42147174,0.09986051,0.15163116,0.104627326,0.2698406,-0.0047668144
1718,0.010575391,0.048577193,0.056685686,0.04462993,-0.046110295,0.0039472617
1719,0.8930399,0.32301474,0.4266089,0.31343532,0.466431,0.00957942
1720,0.12310989,0.13592365,0.045195233,0.03012034,0.077914655,0.10580331
1721,0.2692782,0.075269066,0.12103188,0.08274749,0.14824632,-0.0074784234
1722,0.039814726,0.025172861,0.025708282,0.021062186,0.014106443,0.0041106753
1723,0.8073172,0.34535953,0.47224158,0.37151474,0.33507562,-0.026155204
1724,0.80007535,0.15460287,0.19931385,0.15505329,0.60076153,-0.0004504174
1725,0.8126561,0.23634145,0.3335114,0.22934678,0.4791447,0.0069946647
1726,0.40221193,0.111063756,0.10289087,0.0727085,0.29932106,0.038355254
1727,0.029331548,0.11014956,0.039489213,0.024756905,-0.010157665,0.085392654
1728,0.86071455,0.26018324,0.2971616,0.21095058,0.563553,0.04923266
1729,0.5289328,0.14676952,0.10603911,0.07538673,0.4228937,0.07138279
1730,1.2806939,0.32977763,0.37040424,0.26310334,0.91028965,0.06667429
1731,0.11296493,-0.0058099497,0.068500176,0.042734373,0.044464752,-0.048544325
1732,0.10614036,0.03258892,0.045515556,0.03615618,0.060624804,-0.0035672598
1733,1.1665404,0.09812652,0.15744236,0.11559558,1.009098,-0.017469056
1734,0.97121793,0.36818585,0.5725101,0.38336265,0.3987078,-0.015176803
1735,0.05999012,0.009555727,0.050950777,0.029324014,0.009039342,-0.019768286
1736,1.0027844,0.24502385,0.2880682,0.21144645,0.7147162,0.033577397
1737,0.05852798,0.053665154,0.03851027,0.028484028,0.02001771,0.025181126
1738,0.12211858,0.09753151,0.17595251,0.12773292,-0.05383393,-0.030201405
1739,0.80368483,0.29324412,0.4866801,0.32642156,0.31700474,-0.033177435
1740,0.11146288,0.016185164,0.042124055,0.033375897,0.06933883,-0.017190732
1741,0.8692154,0.1791891,0.2837364,0.1927072,0.585479,-0.013518095
1742,0.048473224,0.050845735,0.04347695,0.026801115,0.0049962737,0.02404462
1743,0.77276003,0.19134165,0.23098703,0.16277102,0.541773,0.028570637
1744,0.21187149,0.09182009,0.064213246,0.0479716,0.14765824,0.043848492
1745,0.07478174,0.09775368,0.045567773,0.030082706,0.029213965,0.06767097
1746,0.4282596,0.11641201,0.18720132,0.13789885,0.24105829,-0.021486841
1747,0.72203404,0.18783693,0.20934196,0.17901754,0.5126921,0.008819386
1748,0.78389525,0.20284405,0.2854988,0.18953839,0.49839646,0.013305664
1749,0.049314365,0.044667587,0.029456157,0.021291353,0.019858208,0.023376234
1750,0.40850967,0.11538034,0.12251234,0.08111061,0.28599733,0.034269728
1751,0.8573164,0.21951102,0.26504007,0.20083871,0.59227633,0.018672302
1752,0.17441426,0.050650675,0.07218826,0.045891967,0.102226004,0.004758708
1753,0.7846349,0.16210784,0.23789445,0.17934743,0.5467404,-0.017239586
1754,0.84317183,0.18871479,0.25742394,0.18603007,0.5857479,0.0026847124
1755,0.27807444,0.181868,0.13491517,0.082194164,0.14315927,0.09967384
1756,0.06261841,0.15369195,0.036013134,0.024576727,0.026605278,0.12911522
1757,0.050765943,-0.027989987,0.034690738,0.023945665,0.016075205,-0.05193565
1758,0.6760923,0.14159432,0.20410685,0.1456502,0.47198546,-0.0040558726
1759,0.65266246,0.13100247,0.17074582,0.11603247,0.48191664,0.014970005
1760,1.1342777,0.36824238,0.5451398,0.3599735,0.5891379,0.008268893
1761,0.014637082,0.05359091,0.028101768,0.022344653,-0.013464686,0.031246256
1762,1.0464948,0.25415882,0.29188615,0.21694061,0.7546087,0.037218213
1763,0.44917637,0.16237907,0.17158473,0.11335073,0.27759165,0.049028344
1764,0.76646435,0.22241679,0.26483756,0.19691136,0.5016268,0.025505424
1765,1.2002777,0.21579315,0.40882683,0.22796395,0.79145086,-0.0121708065
1766,0.32925388,0.15582955,0.12523624,0.093140595,0.20401764,0.062688954
1767,0.54908794,0.11023181,0.13207085,0.0893022,0.4170171,0.020929612
1768,0.05108667,0.021725548,0.020459639,0.019719705,0.030627033,0.0020058434
1769,1.0696139,0.26499996,0.35704106,0.2658508,0.7125729,-0.0008508563
1770,0.7655469,0.121859744,0.19275422,0.14596394,0.5727927,-0.024104193
1771,0.6643484,0.17117484,0.26530758,0.17995332,0.39904085,-0.008778483
1772,0.98536235,0.19193831,0.24162893,0.16385862,0.7437334,0.028079689
1773,0.1730106,0.045177937,0.12040432,0.086244345,0.052606285,-0.04106641
1774,0.6226564,0.11240091,0.22562619,0.14711638,0.39703023,-0.034715466
1775,0.7465811,0.21418056,0.2695045,0.20047164,0.4770766,0.013708919
1776,0.94659436,0.18643236,0.25656876,0.17279768,0.69002557,0.013634682
1777,0.97649014,0.22868143,0.29235166,0.2289054,0.6841385,-0.00022396445
1778,0.074349314,0.17783067,0.07744321,0.043636598,-0.0030938983,0.13419408
1779,0.5538491,0.11049565,0.14804128,0.10170163,0.40580782,0.008794017
1780,0.8119631,0.19871558,0.3227718,0.2098382,0.4891913,-0.011122614
1781,1.3796762,0.4054645,0.40379214,0.2914384,0.9758841,0.1140261
1782,1.0639696,0.31649894,0.45892334,0.3034734,0.6050463,0.013025522
1783,0.22887224,0.09559018,0.16206446,0.108547285,0.06680778,-0.012957104
1784,0.14539844,0.15788953,0.0470594,0.040126655,0.098339036,0.11776288
1785,0.9659974,0.33742684,0.43235683,0.3108701,0.53364056,0.02655673
1786,1.155524,0.4032144,0.59033227,0.43566865,0.56519175,-0.032454252
1787,0.72866285,0.19805191,0.29741508,0.2071774,0.43124777,-0.009125486
1788,0.9738256,0.18883608,0.27314284,0.18874472,0.70068276,9.135902e-05
1789,1.1598908,0.2847891,0.34492013,0.25463223,0.8149706,0.03015685
1790,0.19288743,-0.023319744,0.03457054,0.026537025,0.15831688,-0.049856767
1791,0.42387462,0.08915141,0.09849818,0.077629514,0.32537645,0.011521898
1792,0.95123476,0.16313638,0.26686394,0.17593321,0.6843708,-0.012796834
1793,0.41347048,0.1124563,0.13369489,0.105800904,0.2797756,0.006655395
1794,0.06722042,0.0401706,0.026068753,0.011616634,0.041151665,0.028553965
1795,0.8929946,0.10843647,0.1813533,0.12607571,0.7116413,-0.017639242
1796,0.323963,0.18037893,0.10373996,0.066463105,0.22022302,0.11391582
1797,0.31460983,0.07821736,0.118869305,0.08445506,0.19574052,-0.0062377006
1798,1.1885879,0.36756933,0.42763725,0.31059146,0.7609507,0.056977868
1799,0.8610125,0.29333517,0.37649807,0.2644732,0.48451445,0.02886197
1800,0.7148333,0.13284093,0.20199041,0.13956752,0.5128429,-0.006726593
1801,0.8152336,0.19388214,0.24478193,0.17696205,0.5704517,0.01692009
1802,0.7855923,0.19420147,0.23483641,0.16263287,0.5507559,0.0315686
1803,1.4692405,0.38758802,0.5043333,0.35901386,0.9649072,0.028574169
1804,0.8478734,0.14735685,0.18474337,0.13383296,0.66313004,0.013523892
1805,1.0566459,0.22087815,0.27953306,0.19426571,0.77711284,0.026612446
1806,1.0581826,0.31362095,0.36809173,0.26866537,0.6900909,0.04495558
1807,0.096081994,-0.015289383,0.05656866,0.04115612,0.039513335,-0.0564455
1808,0.048784126,0.038347237,0.023715334,0.016577054,0.025068792,0.021770183
1809,0.87216574,0.25448084,0.3979445,0.27428463,0.47422123,-0.019803792
1810,0.9802543,0.25292155,0.35436854,0.25985083,0.6258857,-0.0069292784
1811,0.8946994,0.3109392,0.4575232,0.29704747,0.4371762,0.013891727
1812,0.29925415,-0.03264967,0.039288104,0.026374897,0.25996605,-0.059024565
1813,0.83717257,0.21411937,0.2320669,0.16650301,0.60510564,0.047616363
1814,0.20389292,0.17846192,0.07993108,0.06112481,0.123961836,0.117337115
1815,0.9965451,0.19775458,0.30669588,0.2080477,0.6898492,-0.010293126
1816,0.031724814,0.069545425,0.03708125,0.029380834,-0.0053564347,0.04016459
1817,0.21302348,0.04390597,0.055889465,0.036127333,0.15713403,0.007778637
1818,0.0002727848,0.034641426,0.024478054,0.01893981,-0.02420527,0.015701616
1819,0.7772488,0.22355565,0.272422,0.20586605,0.5048268,0.0176896
1820,0.85037756,0.14515175,0.2893702,0.17702731,0.5610074,-0.031875566
1821,0.6707338,0.11551533,0.16332865,0.1113646,0.50740516,0.004150726
1822,0.09358945,0.021392519,0.0033752166,0.0060347146,0.09021423,0.015357804
1823,0.777189,0.16213092,0.21034768,0.13643993,0.56684136,0.025690988
1824,0.9683796,0.16241816,0.26003772,0.18208191,0.7083419,-0.019663751
1825,0.1047025,0.03106708,0.07210488,0.054178886,0.032597624,-0.023111805
1826,1.3356887,0.41668203,0.55847144,0.41542888,0.77721727,0.0012531579
1827,0.83309937,0.21052954,0.26561868,0.21472235,0.5674807,-0.004192814
1828,0.61288995,0.14879148,0.14078216,0.1060606,0.47210777,0.042730875
1829,0.060579438,-0.025952796,0.026175905,0.016021008,0.034403533,-0.041973803
1830,0.03427736,0.048175134,0.027071863,0.026342321,0.0072054975,0.021832813
1831,0.058343384,0.07296778,0.034525715,0.024608186,0.02381767,0.048359595
1832,0.41127416,0.11851996,0.12589239,0.08465807,0.2853818,0.03386189
1833,0.49481666,0.10328711,0.1895583,0.13171718,0.30525836,-0.028430067
1834,0.081374474,0.058136363,0.04031507,0.031161005,0.041059405,0.026975358
1835,0.3137169,0.0880358,0.08548341,0.059212197,0.22823349,0.028823603
1836,1.1634287,0.4745688,0.5979323,0.4665072,0.5654964,0.008061618
1837,0.73864394,0.24758704,0.25063044,0.1798136,0.4880135,0.06777345
1838,0.20188913,0.021408396,0.06402055,0.042066302,0.13786858,-0.020657906
1839,0.8645587,0.23666444,0.35907876,0.21620312,0.50547993,0.02046132
1840,0.13354363,0.13262711,0.025697267,0.023230141,0.10784636,0.10939697
1841,0.9585494,0.17937668,0.3362578,0.22044623,0.62229156,-0.041069552
1842,0.78206414,0.3146758,0.40563282,0.3179577,0.37643132,-0.0032818913
1843,0.26823428,0.13120994,0.14362179,0.11110519,0.124612495,0.020104751
1844,0.017299896,0.03998746,0.009466497,0.008867582,0.007833399,0.031119877
1845,0.8746029,0.30655962,0.24827397,0.17540826,0.62632895,0.13115136
1846,0.122670114,0.15441424,0.07087314,0.05084739,0.051796973,0.10356685
1847,0.8663213,0.22637437,0.30862638,0.22589043,0.5576949,0.000483945
1848,0.02813633,0.14172675,0.027462179,0.016845623,0.0006741509,0.124881126
1849,1.058252,0.31520593,0.41572914,0.3076786,0.6425228,0.0075273216
1850,0.6419888,0.17322144,0.2245359,0.15800145,0.41745293,0.015219986
1851,0.8904927,0.16885631,0.2232331,0.16860473,0.6672596,0.0002515763
1852,1.2960738,0.24844484,0.3179477,0.1868777,0.9781261,0.061567143
1853,0.7734104,0.13971034,0.25738454,0.16695514,0.51602584,-0.027244806
1854,1.0638763,0.25019985,0.3684454,0.25758266,0.6954309,-0.00738281
1855,1.3994192,0.38584533,0.51423246,0.35925815,0.88518673,0.026587188
1856,0.4813674,0.22947158,0.2510262,0.19368938,0.2303412,0.035782203
1857,0.6446825,0.14226328,0.2836822,0.16855721,0.36100033,-0.026293933
1858,0.26930082,0.115225956,0.17402105,0.114894666,0.09527977,0.00033129007
1859,0.74302673,0.2125749,0.29995656,0.20671566,0.44307017,0.005859241
1860,0.9022153,0.23289162,0.3141368,0.23035952,0.5880785,0.0025320947
1861,0.1500815,0.1516907,0.09542553,0.054462124,0.05465597,0.09722859
1862,0.3855604,0.15406945,0.1395127,0.09022471,0.24604769,0.06384474
1863,0.10907454,0.07089195,0.07196694,0.053068925,0.0371076,0.017823022
1864,0.07308723,0.024415715,0.04602572,0.02661103,0.02706151,-0.0021953154
1865,1.0518188,0.15980811,0.20740068,0.1389423,0.84441817,0.020865813
1866,0.7361251,0.2188029,0.309345,0.20545273,0.4267801,0.013350174
1867,0.25498536,0.14586125,0.08421508,0.06757138,0.17077029,0.078289874
1868,0.9935015,0.28644955,0.4980566,0.32628134,0.4954449,-0.039831787
1869,0.9609485,0.29548395,0.42086896,0.273774,0.5400796,0.021709949
1870,1.1425883,0.35312277,0.39171624,0.25710094,0.750872,0.09602183
1871,0.036743816,0.09579134,0.0441352,0.024212962,-0.0073913857,0.071578376
1872,0.5833484,0.11174164,0.15195408,0.11010581,0.4313943,0.0016358271
1873,0.58013064,0.0901045,0.11670796,0.092435285,0.4634227,-0.0023307875
1874,1.2292346,0.4434167,0.5298152,0.4174245,0.6994194,0.025992215
1875,0.13189441,0.10511902,0.05854215,0.043333657,0.07335226,0.061785363
1876,0.09175485,0.02469133,0.027719807,0.019143112,0.06403504,0.0055482183
1877,0.5165571,0.23981138,0.17976858,0.13410859,0.33678854,0.10570279
1878,0.0039163562,0.098131396,0.01656133,0.00840296,-0.012644973,0.08972844
1879,0.0794593,0.013032568,0.023451922,0.017626774,0.056007378,-0.004594206
1880,0.24900015,0.042465452,0.060816985,0.039280545,0.18818316,0.0031849071
1881,0.90205896,0.35765257,0.43901986,0.2950408,0.4630391,0.06261179
1882,1.1286201,0.26150572,0.34488714,0.2315546,0.783733,0.029951125
1883,1.0331969,0.2893975,0.4674863,0.3123354,0.56571066,-0.022937894
1884,0.47324792,0.14739762,0.12959237,0.08199856,0.34365553,0.065399066
1885,0.744142,0.20068435,0.26437375,0.17713599,0.47976825,0.023548365
1886,0.8571377,0.113745205,0.16957422,0.1249643,0.6875635,-0.011219092
1887,0.15003236,0.029474812,0.031626992,0.024248302,0.118405364,0.0052265096
1888,1.1716088,0.3219431,0.43065614,0.29492635,0.7409527,0.027016759
1889,0.9069206,0.17827256,0.34080818,0.1825008,0.5661124,-0.0042282343
1890,0.877881,0.21922942,0.30028135,0.1965522,0.57759964,0.022677213
1891,0.8806217,0.24174458,0.3331207,0.23307607,0.54750097,0.008668512
1892,0.40518877,0.13636257,0.20000903,0.14455023,0.20517974,-0.008187667
1893,1.0698545,0.37947896,0.46772903,0.33349362,0.60212547,0.04598534
1894,0.6407,0.13985525,0.21038489,0.15070641,0.43031508,-0.01085116
1895,0.41881648,0.14864585,0.18943247,0.14813739,0.229384,0.0005084574
1896,0.2173931,0.07892737,0.08576387,0.05702759,0.13162923,0.021899778
1897,0.7992925,0.115841314,0.21547051,0.12711722,0.583822,-0.011275902
1898,1.0808983,0.38228735,0.48746237,0.35499534,0.5934359,0.027292013
1899,0.7585063,0.26030502,0.32310954,0.20922604,0.43539676,0.051078975
1900,0.09893612,0.028445926,0.01719309,0.013524853,0.08174303,0.014921073
1901,0.33233675,0.124104954,0.08391913,0.062209595,0.24841762,0.06189536
1902,0.92295074,0.15859105,0.24296781,0.1598064,0.6799829,-0.0012153536
1903,0.49563718,0.16547574,0.25732186,0.19613847,0.23831531,-0.03066273
1904,0.7941496,0.17773914,0.28048134,0.19849996,0.51366824,-0.02076082
1905,0.07710993,0.05773898,0.03250491,0.02672872,0.044605024,0.031010259
1906,0.17120348,0.046659354,0.098687224,0.07015481,0.072516255,-0.023495454
1907,0.107447036,0.1324151,0.04918736,0.03252223,0.058259677,0.09989287
1908,0.22432789,0.11760548,0.11742878,0.093878776,0.10689911,0.023726702
1909,-0.0021394114,0.11274186,0.014204474,0.005930137,-0.016343886,0.10681172
1910,1.3193616,0.32199678,0.41925678,0.31151336,0.90010476,0.010483414
1911,0.3451385,0.072741196,0.10166164,0.06884831,0.24347685,0.0038928837
1912,1.111729,0.24640357,0.33113983,0.23728904,0.7805892,0.009114534
1913,1.4690658,0.43934375,0.5930029,0.43248096,0.87606287,0.0068627894
1914,0.12830392,0.042639922,0.046796,0.030093793,0.081507914,0.0125461295
1915,0.3572854,0.12165312,0.16142236,0.111522615,0.19586305,0.010130502
1916,0.9052447,0.1916738,0.28690478,0.19578505,0.6183399,-0.0041112453
1917,0.1721201,0.10341039,0.084250815,0.060707618,0.08786928,0.042702775
1918,0.7210954,0.22975005,0.24841884,0.18119286,0.47267655,0.048557192
1919,1.1445528,0.6108165,0.70216596,0.56085837,0.44238687,0.04995811
1920,0.07943796,0.027098544,0.059422843,0.037939448,0.02001512,-0.010840904
1921,0.32834607,0.08312472,0.093410455,0.07294034,0.23493561,0.010184377
1922,0.0072980607,0.120890245,0.030248245,0.018378127,-0.022950184,0.10251212
1923,0.42673856,0.09566598,0.1568941,0.10421036,0.26984447,-0.008544385
1924,0.8023528,0.16220589,0.24515879,0.18094581,0.557194,-0.018739924
1925,0.19990647,0.12340841,0.1265463,0.079835296,0.073360175,0.04357311
1926,0.37576142,0.15941964,0.16250435,0.10107551,0.21325707,0.058344133
1927,1.3612508,0.40375566,0.641474,0.38689384,0.71977675,0.016861826
1928,0.81506944,0.15392697,0.20528674,0.15317836,0.6097827,0.00074860454
1929,1.316489,0.40015653,0.4882999,0.38440388,0.8281891,0.015752643
1930,0.72827286,0.16807634,0.2769322,0.1795874,0.45134065,-0.011511058
1931,0.9866538,0.17677647,0.23006566,0.16865644,0.75658816,0.00812003
1932,0.8800975,0.23021409,0.44371575,0.27458125,0.43638176,-0.044367164
1933,0.70283115,0.22386649,0.298623,0.22795418,0.40420815,-0.0040876865
1934,0.13647869,0.11609814,0.07763426,0.054896533,0.058844432,0.06120161
1935,-0.0035995592,-0.008442813,0.03694371,0.022437336,-0.04054327,-0.03088015
1936,0.0826844,0.09050132,0.06464635,0.04838727,0.01803805,0.042114053
1937,0.03665808,-0.015836012,0.034273278,0.017366009,0.0023848005,-0.033202022
1938,0.87629634,0.18205963,0.2323664,0.17130522,0.64392996,0.010754406
1939,0.08831441,0.15269464,0.042210042,0.03337505,0.046104364,0.11931959
1940,0.13137999,-0.026038434,0.04030127,0.015609711,0.09107872,-0.041648146
1941,0.44539103,0.16121925,0.18241653,0.14869125,0.2629745,0.012528002
1942,1.1538154,0.35985154,0.47005144,0.36177602,0.683764,-0.001924485
1943,0.96047753,0.21687163,0.36304313,0.23313534,0.5974344,-0.016263708
1944,0.38052917,0.1363137,0.14905316,0.102108836,0.23147601,0.03420487
1945,-0.0019612166,0.13304658,0.026447821,0.016917374,-0.028409038,0.116129205
1946,1.0841632,0.27544716,0.23953934,0.17564848,0.84462386,0.09979868
1947,0.16899653,0.06465634,0.07494948,0.050890405,0.09404705,0.013765935
1948,0.08667506,0.053837873,0.048709568,0.0359956,0.037965495,0.017842274
1949,0.810941,0.29523447,0.38292724,0.27510577,0.42801374,0.020128697
1950,0.07839527,0.07252908,0.045656495,0.032560848,0.032738775,0.03996823
1951,0.72689337,0.11996905,0.14938012,0.09987786,0.5775132,0.020091191
1952,0.89656866,0.22596778,0.3462632,0.23663923,0.5503055,-0.010671452
1953,1.1090721,0.09995225,0.16067462,0.106277764,0.94839746,-0.006325513
1954,0.04498073,-0.012258639,0.026428353,0.016927745,0.018552378,-0.029186383
1955,0.07147274,0.000394195,0.034332067,0.026973719,0.037140675,-0.026579523
1956,0.1401659,0.021441508,0.027788062,0.019983388,0.11237784,0.0014581196
1957,0.05123194,-0.00452851,0.024519458,0.019743124,0.026712481,-0.024271633
1958,0.24955887,0.16980852,0.088622645,0.06325434,0.16093622,0.10655418
1959,0.86720157,0.14338228,0.21692951,0.14886639,0.6502721,-0.005484104
1960,0.8183315,0.123846546,0.17860238,0.12570445,0.6397291,-0.0018579066
1961,0.14796148,0.08865122,0.0975176,0.074216366,0.05044388,0.014434852
1962,0.07929708,0.057166055,0.032825585,0.024144303,0.046471495,0.03302175
1963,0.16517873,0.08336525,0.08328323,0.06463373,0.0818955,0.01873152
1964,1.1132203,0.30396545,0.43180338,0.3041183,0.681417,-0.00015285611
1965,1.0865333,0.14705089,0.23978408,0.14732039,0.84674925,-0.0002695024
1966,0.9974926,0.25582626,0.41095525,0.26341122,0.58653736,-0.0075849593
1967,0.78425395,0.09328263,0.16515622,0.1128668,0.6190977,-0.019584164
1968,0.005887364,0.11083739,0.010826439,0.0041265637,-0.0049390746,0.10671083
1969,0.6866883,0.1766004,0.20854959,0.15807116,0.47813872,0.018529236
1970,0.26676175,0.045535136,0.0933059,0.060701467,0.17345585,-0.015166331
1971,0.96496415,0.24641077,0.39070752,0.25589386,0.57425666,-0.009483084
1972,0.70257854,0.2322603,0.2392542,0.16970094,0.46332434,0.062559366
1973,0.7105039,0.2336851,0.31175515,0.22301097,0.39874873,0.010674134
1974,0.93573916,0.23687011,0.38719016,0.2749694,0.548549,-0.03809929
1975,0.92478245,0.27324295,0.33126503,0.24044266,0.5935174,0.032800287
1976,0.92034215,0.23378389,0.3021841,0.2141561,0.61815804,0.01962778
1977,0.22335266,0.0565372,0.11682854,0.07637584,0.10652412,-0.019838642
1978,0.5935543,0.15999547,0.19271688,0.14337958,0.40083742,0.016615883
1979,0.023273867,0.018326402,0.017670307,0.011567005,0.0056035593,0.0067593968
1980,0.79229057,0.1794569,0.2891762,0.1699401,0.50311434,0.009516805
1981,0.8918662,0.21210171,0.3358056,0.20951359,0.5560606,0.002588123
1982,0.85674727,0.08986357,0.16712278,0.11253121,0.6896245,-0.022667639
1983,0.7022464,0.21838199,0.32625017,0.22578582,0.37599626,-0.0074038357
1984,0.060334753,-0.040015835,0.019999692,0.014686197,0.04033506,-0.054702032
1985,0.40548164,0.09163081,0.15799955,0.11578196,0.24748209,-0.024151154
1986,0.54394686,0.20030074,0.18470588,0.12929733,0.35924098,0.07100341
1987,0.8169334,0.2377112,0.3384983,0.23640005,0.4784351,0.0013111532
1988,0.55317855,0.1793758,0.29190326,0.22089207,0.2612753,-0.041516274
1989,0.8072858,0.22886387,0.32130453,0.23879066,0.48598126,-0.009926796
1990,0.13633467,0.052142154,0.047175173,0.032628424,0.0891595,0.01951373
1991,0.5701956,0.111433,0.112537816,0.08161311,0.4576578,0.02981989
1992,0.06468407,-0.017075801,0.0497467,0.03734391,0.014937371,-0.05441971
1993,0.25504276,0.09988424,0.06578903,0.046958577,0.18925373,0.052925665
1994,0.8585257,0.14825973,0.30824053,0.17359434,0.55028516,-0.025334612
1995,1.0132822,0.15206532,0.25307286,0.1828087,0.7602093,-0.030743375
1996,0.939911,0.19948153,0.29815802,0.20722398,0.64175296,-0.0077424496
1997,0.8997405,0.11120822,0.18834677,0.12907226,0.7113937,-0.017864041
1998,0.05563508,0.06081812,0.033208583,0.026889894,0.022426497,0.033928227
1999,0.010805609,-0.016951585,0.03336606,0.025953773,-0.022560453,-0.04290536
2000,0.12201536,0.06886052,0.06792201,0.05306989,0.054093346,0.015790634
2001,0.74154544,0.18993059,0.21448597,0.15020081,0.52705944,0.039729774
2002,0.16219065,0.00694189,0.0834798,0.043300048,0.07871085,-0.03635816
2003,0.034462206,-0.02823468,0.029449966,0.01799285,0.0050122403,-0.04622753
2004,1.4818392,0.42020652,0.5972856,0.4011527,0.88455355,0.019053817
2005,0.8483329,0.16540259,0.21493217,0.14840306,0.6334007,0.016999528
2006,0.07169731,-0.04037955,0.020254677,0.014412301,0.05144263,-0.054791853
2007,0.8836711,0.18689403,0.28630185,0.19085446,0.59736925,-0.0039604306
2008,0.19481137,0.16448824,0.09951639,0.060723394,0.09529498,0.10376485
2009,1.2316637,0.23727433,0.37337273,0.23707075,0.858291,0.00020357966
2010,0.86821157,0.27996597,0.3676769,0.24887219,0.50053465,0.031093776
2011,0.85346985,0.15585615,0.18007627,0.1108443,0.6733936,0.04501185
2012,0.7698272,0.27640334,0.37182152,0.26903123,0.39800566,0.007372111
2013,1.2432874,0.2073989,0.36148304,0.24077472,0.8818044,-0.033375815
2014,0.999862,0.18685867,0.24445446,0.19221017,0.7554076,-0.0053514987
2015,0.11531149,0.0020359787,0.03301309,0.026369374,0.0822984,-0.024333395
2016,0.28341138,0.059131224,0.12242676,0.078029566,0.16098462,-0.018898342
2017,0.028551338,0.038563363,0.024692781,0.022843743,0.003858557,0.01571962
2018,1.0150325,0.20537537,0.26564565,0.21185836,0.7493869,-0.0064829886
2019,0.76002485,0.26612806,0.39322898,0.27257213,0.36679587,-0.0064440668
2020,0.043026224,0.014705064,0.006242788,0.0020630702,0.036783434,0.012641993
2021,1.1424676,0.3019655,0.45374936,0.3071838,0.68871826,-0.0052182972
2022,0.31384805,0.104083724,0.08976803,0.07463848,0.22408003,0.029445246
2023,0.551627,0.21434487,0.23917143,0.18892907,0.31245553,0.025415808
2024,0.15613428,0.09294889,0.10942211,0.08162007,0.046712168,0.011328824
2025,0.9446649,0.3053355,0.40599304,0.2970112,0.53867185,0.008324295
2026,0.07909242,0.0013171488,0.056822967,0.035961777,0.022269454,-0.03464463
2027,0.10028917,0.045204215,0.04357066,0.032865524,0.056718513,0.01233869
2028,0.8592377,0.29601365,0.43363705,0.29554743,0.42560062,0.00046622753
2029,0.15396522,0.071603745,0.067123696,0.051432144,0.08684152,0.020171601
2030,0.21777147,0.17287238,0.08883808,0.047548395,0.1289334,0.12532398
2031,0.16592282,0.105108805,0.06145575,0.042897753,0.10446707,0.06221105
2032,-0.040710103,0.066054046,0.042358562,0.032185394,-0.08306867,0.03386865
2033,1.0955179,0.28246003,0.46068317,0.32677728,0.6348347,-0.044317245
2034,0.08655776,0.02902809,0.05811138,0.039553307,0.02844638,-0.010525217
2035,0.14051366,0.07815179,0.033233054,0.021355566,0.107280605,0.056796227
2036,1.1756762,0.18505351,0.25654367,0.19897768,0.9191326,-0.013924167
2037,0.10529968,0.16413087,0.07011943,0.043528676,0.03518025,0.12060219
2038,0.59500426,0.12999772,0.13672392,0.104730204,0.45828032,0.025267512
2039,0.7263139,0.1318813,0.13937524,0.11381371,0.5869386,0.018067583
2040,0.15182689,0.07582731,0.075972125,0.057117783,0.07585476,0.018709525
2041,0.31412402,0.15188159,0.13451876,0.09533827,0.17960526,0.05654332
2042,0.8178317,0.23690888,0.3134373,0.21482441,0.5043944,0.022084475
2043,0.17830083,0.11647741,0.17061421,0.10995154,0.007686615,0.0065258667
2044,0.78907907,0.2792246,0.32019246,0.25538495,0.4688866,0.023839653
2045,0.94914365,0.3487781,0.56586313,0.3849555,0.38328052,-0.036177397
2046,0.80145234,0.07736984,0.1289967,0.087852895,0.67245567,-0.010483056
2047,0.9534981,0.21674214,0.26439974,0.20326087,0.68909836,0.013481274
2048,0.09537896,0.029313793,0.042603217,0.032388892,0.05277574,-0.0030750986
2049,0.083567485,-0.020297736,0.035796233,0.030053426,0.047771253,-0.05035116
2050,0.8494329,0.2670059,0.33251756,0.24789849,0.5169153,0.019107401
2051,0.9123411,0.2385584,0.31904012,0.20857218,0.593301,0.029986218
2052,0.6561535,0.18113555,0.26431656,0.1879213,0.39183694,-0.0067857504
2053,0.44729975,0.20550783,0.2472477,0.18058336,0.20005205,0.024924472
2054,0.17363563,0.09355425,0.07718883,0.06894664,0.096446805,0.024607614
2055,0.74476373,0.20228733,0.25496542,0.19529198,0.4897983,0.00699535
2056,0.26384854,0.07158114,0.0951661,0.06337922,0.16868244,0.0082019195
2057,0.77362543,0.2111673,0.2607091,0.1719542,0.5129163,0.039213106
2058,1.0282298,0.28079885,0.36048132,0.23934045,0.6677485,0.041458398
2059,0.56180924,0.20407726,0.2760049,0.19207886,0.28580433,0.0119984
2060,0.32611862,0.10927296,0.12472501,0.08666867,0.2013936,0.022604287
2061,0.68280363,0.21174441,0.24891785,0.1819468,0.43388578,0.029797614
2062,0.9310432,0.1953028,0.30559286,0.23230132,0.6254504,-0.036998525
2063,0.83753014,0.2190631,0.3258875,0.21682337,0.51164263,0.002239734
2064,1.0296099,0.3130831,0.34820375,0.26791912,0.68140614,0.04516399
2065,0.7011072,0.10144341,0.16640255,0.11903074,0.5347047,-0.017587326
2066,0.4540382,0.14671789,0.17733526,0.1324341,0.27670294,0.014283791
2067,0.75673276,0.16028182,0.26441854,0.17448047,0.49231422,-0.014198646
2068,0.93721265,0.37056935,0.41345626,0.29694661,0.5237564,0.07362273
2069,0.13360837,0.050738882,0.07015656,0.053719454,0.06345181,-0.0029805712
2070,0.123410344,0.054100104,0.0789191,0.052904993,0.044491246,0.0011951104
2071,0.16575348,0.032588176,0.1038249,0.06559866,0.061928585,-0.033010483
2072,0.5875135,0.1536025,0.2153956,0.15133001,0.3721179,0.0022724867
2073,1.0181518,0.08239695,0.17216034,0.11164292,0.84599143,-0.029245973
2074,0.37548536,0.10679679,0.13532618,0.085723326,0.24015918,0.021073468
2075,0.9104232,0.11742412,0.27513954,0.17285106,0.6352837,-0.055426933
2076,1.2103816,0.24645172,0.3736239,0.24306467,0.8367577,0.0033870488
2077,0.834642,0.38872176,0.39390627,0.28284848,0.44073573,0.10587329
2078,0.9516159,0.30133572,0.40395078,0.30716375,0.5476651,-0.005828023
2079,0.9806923,0.33123788,0.39629745,0.30485603,0.5843949,0.02638185
2080,0.19072907,0.05498657,0.0748563,0.048835736,0.11587276,0.0061508343
2081,0.3760239,0.08838462,0.11766156,0.079108156,0.25836232,0.009276465
2082,0.100839995,0.052178442,0.082786195,0.06575591,0.0180538,-0.013577469
2083,0.9579361,0.2104401,0.3610628,0.20688644,0.5968733,0.0035536587
2084,1.0224831,0.3429136,0.4613669,0.32745975,0.5611162,0.015453845
2085,1.1819205,0.20569614,0.35286716,0.25722867,0.8290534,-0.051532537
2086,0.7655454,0.35465938,0.33815098,0.23658304,0.42739445,0.11807634
2087,-0.018554855,-0.03340166,0.01552639,0.011583167,-0.034081243,-0.04498483
2088,1.1714156,0.34032056,0.42794666,0.3131937,0.7434689,0.027126849
2089,0.65246123,0.2604164,0.31854817,0.23679309,0.33391306,0.023623303
2090,0.7898572,0.16316502,0.22549482,0.16282693,0.5643624,0.00033809245
2091,0.6413894,0.21960178,0.26777726,0.19557884,0.37361217,0.024022937
2092,0.86484313,0.3062839,0.41743892,0.2882243,0.4474042,0.018059582
2093,1.0621734,0.21404067,0.34051636,0.23299327,0.72165704,-0.018952608
2094,0.27655557,0.13570039,0.15261826,0.11726977,0.12393731,0.01843062
2095,1.1352426,0.28655693,0.4015588,0.29947573,0.7336838,-0.0129188
2096,0.99225426,0.20207822,0.27812386,0.198046,0.7141304,0.0040322244
2097,0.20968263,0.022741705,0.09734941,0.060918994,0.112333216,-0.03817729
2098,0.14007063,0.017469414,0.058761526,0.034531035,0.08130911,-0.017061621
2099,0.34649014,0.06751746,0.102073215,0.075367235,0.24441692,-0.007849775
2100,0.7013244,0.12730807,0.21048708,0.1402919,0.49083734,-0.012983829
2101,1.1429278,0.23522487,0.27193624,0.1866342,0.8709915,0.048590675
2102,1.0640193,0.23531386,0.3883076,0.2573154,0.67571175,-0.022001535
2103,0.6249509,0.188924,0.25158104,0.17120932,0.37336984,0.01771468
2104,0.42319366,0.07774121,0.1293306,0.079450145,0.29386306,-0.0017089322
2105,0.8596813,0.1884881,0.26269203,0.18504518,0.5969893,0.0034429133
2106,0.08069174,0.0514726,0.045721743,0.026423156,0.034969997,0.025049444
2107,0.109311715,-0.00084667356,0.06834551,0.043254845,0.040966205,-0.044101518
2108,0.124344945,0.06016286,0.052300848,0.03617926,0.0720441,0.023983601
2109,0.4024619,0.07824619,0.22251554,0.13608386,0.17994635,-0.057837665
2110,0.76391286,0.22008555,0.2396512,0.18694589,0.52426165,0.03313966
2111,0.04780898,0.042161185,0.022882089,0.023279592,0.02492689,0.018881593
2112,0.07042447,0.14955229,0.04273988,0.037158962,0.027684588,0.11239332
2113,0.71350443,0.13985781,0.20535524,0.14398022,0.5081492,-0.0041224062
2114,0.40173632,0.13878259,0.16356823,0.122582115,0.23816809,0.016200475
2115,0.7051494,0.124947004,0.19884753,0.12586829,0.5063019,-0.00092128664
2116,0.8151818,0.13725977,0.16737762,0.120394014,0.64780414,0.016865753
2117,0.30248234,-0.002622182,0.056834184,0.027113203,0.24564815,-0.029735385
2118,0.32855,0.104547516,0.117964946,0.080317095,0.21058506,0.02423042
2119,0.3883844,0.13347803,0.18630674,0.11810168,0.20207766,0.015376352
2120,0.7385963,0.20507409,0.3248125,0.22254094,0.41378382,-0.017466858
2121,0.21258534,0.07146712,0.070453316,0.05053397,0.14213203,0.020933148
2122,1.1698651,0.43873844,0.537729,0.37647507,0.6321361,0.06226337
2123,-0.025575671,0.13897444,0.033206634,0.021105198,-0.058782306,0.11786924
2124,1.0298723,0.26759496,0.3745965,0.26565027,0.6552758,0.001944691
2125,0.869083,0.22905536,0.33503968,0.21796063,0.5340433,0.011094734
2126,0.11195833,0.09738706,0.049237616,0.037469883,0.062720716,0.059917178
2127,1.4039493,0.40572128,0.40022755,0.28333753,1.0037217,0.12238374
2128,0.9757043,0.2965579,0.38061893,0.26701602,0.5950854,0.02954188
2129,0.6851958,0.24210654,0.31189552,0.24081056,0.37330028,0.0012959838
2130,0.039046157,-0.027570069,0.015126025,0.010814294,0.023920132,-0.038384363
2131,0.8588028,0.28372455,0.3981925,0.27247933,0.4606103,0.011245221
2132,0.28961107,0.027783647,0.04977231,0.029633055,0.23983876,-0.0018494073
2133,0.05795008,-0.014021169,0.046946924,0.034733344,0.011003155,-0.048754513
2134,0.2924584,0.085086286,0.09206678,0.058944948,0.2003916,0.026141338
2135,0.9837738,0.33092663,0.49041685,0.31787422,0.49335697,0.013052404
2136,0.8328122,0.24379894,0.40203387,0.24533622,0.43077832,-0.0015372783
2137,0.3751191,0.056204174,0.0589808,0.043961007,0.3161383,0.012243167
2138,0.7044645,0.19359186,0.2812326,0.19912189,0.4232319,-0.0055300295
2139,0.056812774,0.06959383,0.042939685,0.037356842,0.013873089,0.03223699
2140,0.80700046,0.18833299,0.25890046,0.17479624,0.5481,0.013536751
2141,0.104014136,0.017295875,0.033691734,0.026178282,0.0703224,-0.008882407
2142,1.0965012,0.2443613,0.36119485,0.25342298,0.7353064,-0.009061679
2143,0.31948808,0.16652508,0.18090953,0.11731176,0.13857855,0.04921332
2144,0.9779552,0.30472034,0.38800234,0.2926421,0.5899529,0.012078255
2145,0.32718062,0.07660632,0.10239099,0.08402759,0.22478963,-0.00742127
2146,0.18369985,0.11771879,0.11819456,0.07980488,0.06550529,0.03791391
2147,0.33839732,0.10617341,0.17594355,0.107569516,0.16245377,-0.0013961047
2148,1.1700262,0.12969051,0.19954838,0.14582348,0.9704778,-0.016132966
2149,0.4720468,0.122521475,0.21275957,0.15157147,0.25928724,-0.029049993
2150,0.93436253,0.23026942,0.29670995,0.21160361,0.6376526,0.018665805
2151,0.6159278,0.17628388,0.20637026,0.15488477,0.40955755,0.02139911
2152,0.7222637,0.13738959,0.15575719,0.10484485,0.5665065,0.032544732
2153,0.81722057,0.09700693,0.23628326,0.16408244,0.5809373,-0.067075506
2154,0.9644202,0.34759605,0.5352137,0.337856,0.4292065,0.009740055
2155,0.6854764,0.1189947,0.17454815,0.1194254,0.5109283,-0.00043070316
2156,0.890804,0.10514952,0.13307306,0.10883293,0.75773096,-0.0036834106
2157,0.9821596,0.33352816,0.32363698,0.24096589,0.6585226,0.09256227
2158,0.10520609,0.119882055,0.027140617,0.023953965,0.07806547,0.09592809
2159,0.22883451,0.1417219,0.09655076,0.060208358,0.13228375,0.08151355
2160,0.9357284,0.19021085,0.3006205,0.21823964,0.6351079,-0.028028786
2161,0.99816495,0.3628475,0.423513,0.2924278,0.57465196,0.0704197
2162,0.006636035,0.012184604,0.01518918,0.015736785,-0.008553145,-0.0035521807
2163,0.059698194,0.036051326,0.028219854,0.02451269,0.031478338,0.011538636
2164,0.2203043,0.28862152,0.15504959,0.11248696,0.0652547,0.17613456
2165,0.4938144,0.14554508,0.19324109,0.14231178,0.30057332,0.0032332987
2166,0.026511556,0.06455106,0.02328498,0.008836085,0.0032265764,0.05571498
2167,0.11146654,0.014984854,0.08510883,0.042543627,0.02635771,-0.027558774
2168,0.94644,0.2456374,0.27621445,0.20595208,0.6702255,0.039685324
2169,0.17498913,0.03170305,0.078643955,0.06243652,0.09634518,-0.03073347
2170,1.2126815,0.37297046,0.47522384,0.3440569,0.7374577,0.028913558
2171,0.5064824,0.13106124,0.20270857,0.1351422,0.30377385,-0.004080966
2172,0.84409016,0.1992562,0.27271214,0.1902546,0.571378,0.009001598
2173,0.875787,0.26650175,0.34498605,0.24363033,0.53080094,0.02287142
2174,0.7362546,0.23636617,0.31223232,0.22573319,0.42402226,0.010632977
2175,0.21165021,0.050146665,0.048176937,0.040499546,0.16347328,0.00964712
2176,0.31749222,0.050803468,0.06392603,0.042713095,0.25356618,0.008090373
2177,0.14074536,0.06299829,0.06951974,0.047872134,0.07122561,0.015126154
2178,0.25479308,0.06572403,0.07287583,0.045586895,0.18191725,0.020137135
2179,0.084238894,-0.020295743,0.026544992,0.016605351,0.057693902,-0.036901094
2180,1.4889672,0.29203227,0.46292037,0.3036573,1.0260468,-0.011625022
2181,1.3901885,0.28242135,0.48191667,0.3270343,0.9082718,-0.044612944
2182,0.43263316,0.10776781,0.27795452,0.1692039,0.15467864,-0.061436094
2183,1.3048317,0.27837944,0.29496974,0.21561567,1.009862,0.062763765
2184,0.011170787,0.028545147,0.034714065,0.026252324,-0.02354328,0.002292823
2185,0.7395713,0.24398558,0.27970853,0.21715958,0.45986274,0.026825994
2186,0.30242532,0.06557761,0.06310308,0.053330503,0.23932225,0.012247108
2187,0.0882026,0.08835796,0.08574512,0.04464351,0.0024574846,0.043714453
2188,0.85731006,0.11252164,0.20551705,0.13945457,0.651793,-0.026932932
2189,0.07519391,0.04807702,0.053384483,0.038751394,0.021809429,0.009325627
2190,0.58685243,0.23412731,0.29616147,0.2035484,0.29069096,0.030578911
2191,0.767073,0.26179254,0.33926043,0.25137082,0.42781255,0.010421723
2192,0.9178493,0.23528247,0.336408,0.23207338,0.5814413,0.0032090843
2193,0.034502413,0.021414552,0.022696411,0.019974498,0.011806002,0.0014400538
2194,0.0056301374,-0.012774232,0.029894093,0.022663618,-0.024263956,-0.03543785
2195,0.6961028,0.16988322,0.24489042,0.16471097,0.45121238,0.0051722527
2196,0.06371228,-0.034765877,0.032210946,0.017242225,0.03150133,-0.0520081
2197,0.82560533,0.26695374,0.39231598,0.28265697,0.43328935,-0.015703231
2198,0.87017226,0.21563333,0.2889965,0.17724846,0.5811758,0.03838487
2199,0.74544144,0.23957801,0.27908334,0.20533434,0.4663581,0.034243673
2200,0.021321774,0.05891469,0.0041438593,0.0063816486,0.017177913,0.05253304
2201,0.0058422475,-0.031183068,0.018147206,0.014615257,-0.012304958,-0.045798324
2202,0.35533658,0.09256,0.15174611,0.10722798,0.20359047,-0.01466798
2203,1.1043572,0.38012192,0.4452694,0.3305896,0.65908784,0.049532324
2204,0.64367175,0.13610235,0.22675435,0.16258839,0.41691738,-0.02648604
2205,0.5131624,0.03336603,0.1380499,0.08560758,0.37511247,-0.052241553
2206,0.83886516,0.15863861,0.23763795,0.1969718,0.6012272,-0.038333192
2207,0.0026789552,0.12275863,0.015937403,0.0091402875,-0.013258448,0.11361834
2208,0.076004006,0.02183529,0.07059376,0.051587034,0.0054102466,-0.029751744
2209,0.5612323,0.16656548,0.14978261,0.11193465,0.41144973,0.05463083
2210,0.23034212,0.046237968,0.14395055,0.09017078,0.08639157,-0.04393281
2211,1.0951563,0.23776278,0.3104553,0.20866379,0.784701,0.029098988
2212,0.1628743,0.17186676,0.06358666,0.045043,0.09928764,0.12682375
2213,0.948816,0.20407209,0.33442765,0.23244481,0.61438835,-0.02837272
2214,0.97188634,0.23166305,0.32688773,0.24881443,0.6449986,-0.017151386
2215,1.3816738,0.2784869,0.39487204,0.28905997,0.98680174,-0.010573059
2216,0.03122027,0.20162934,0.06531711,0.04097452,-0.034096837,0.16065481
2217,0.9511868,0.15047872,0.1794106,0.13678592,0.7717762,0.013692796
2218,0.102473326,0.047657613,0.04828605,0.033807106,0.054187275,0.013850506
2219,0.044613406,-0.0019089914,0.01506195,0.016087871,0.029551456,-0.017996863
2220,0.39752227,0.25137228,0.1329572,0.09636059,0.26456505,0.15501168
2221,0.38252485,0.15295292,0.23598215,0.17566751,0.1465427,-0.022714585
2222,0.39230227,0.23064807,0.2541028,0.1857665,0.13819948,0.044881567
2223,0.42640084,0.073185675,0.15762286,0.088520475,0.26877797,-0.0153348
2224,1.2890689,0.33869767,0.46081582,0.29433757,0.82825315,0.0443601
2225,0.21714446,0.088193074,0.11069872,0.07116075,0.10644574,0.017032325
2226,0.114969,0.19775926,0.0908133,0.06840811,0.024155699,0.12935114
2227,0.17575853,0.053814806,0.03986519,0.02988115,0.13589334,0.023933657
2228,1.0362719,0.25370204,0.4099366,0.264638,0.6263353,-0.010935962
2229,0.92323416,0.25743955,0.37615713,0.27025616,0.54707706,-0.012816608
2230,0.8814239,0.33508122,0.30560955,0.230918,0.57581437,0.104163215
2231,0.0715406,0.0016621427,0.021097455,0.012391888,0.050443146,-0.010729745
2232,0.026827183,0.045993835,0.013694515,0.0097616725,0.013132667,0.036232162
2233,1.2713239,0.22288536,0.36342853,0.24937324,0.9078954,-0.026487887
2234,0.16600747,0.026938297,0.120689854,0.087455474,0.04531762,-0.060517177
2235,0.32769817,0.1711386,0.13650694,0.09041439,0.19119123,0.08072421
2236,0.0897265,0.04376156,0.04206192,0.030025855,0.04766458,0.013735704
2237,0.8359143,0.20745291,0.2934478,0.21042037,0.5424665,-0.002967462
2238,0.7932959,0.3033527,0.37665948,0.2731617,0.41663644,0.030191004
2239,1.0365881,0.27382082,0.3487417,0.23923054,0.68784636,0.034590274
2240,0.31599396,0.049646385,0.13967928,0.08498426,0.17631468,-0.035337873
2241,0.055964276,0.03250396,0.042431958,0.032459088,0.013532318,4.487112e-05
2242,1.052897,0.3332483,0.40942234,0.3077812,0.64347464,0.025467098
2243,1.0270318,0.29166022,0.28432596,0.20631054,0.7427058,0.08534968
2244,0.2991467,0.14577533,0.13029528,0.09057465,0.16885144,0.05520068
2245,1.1229353,0.3526877,0.4464416,0.3183707,0.6764937,0.034316987
2246,1.1257011,0.33819982,0.42820168,0.3435914,0.6974994,-0.005391568
2247,0.478242,0.15117571,0.17635016,0.12333679,0.30189186,0.027838916
2248,0.2420752,0.08814105,0.112402454,0.078694664,0.12967275,0.0094463825
2249,0.7358578,0.12186441,0.17250285,0.12165513,0.56335497,0.00020927936
2250,0.7215709,0.13107558,0.19474442,0.13422164,0.5268265,-0.0031460673
2251,1.0298328,0.3102708,0.4140331,0.2901664,0.6157998,0.020104378
2252,1.1969022,0.3259269,0.37580228,0.25750142,0.8210999,0.06842548
2253,0.85157955,0.12766525,0.18494436,0.13025141,0.66663516,-0.0025861561
2254,0.88857913,0.16243829,0.2781929,0.18307735,0.61038625,-0.020639062
2255,0.16186999,0.16692033,0.047054626,0.03241043,0.11481536,0.1345099
2256,0.1339104,0.041034054,0.05582454,0.04006911,0.07808586,0.0009649433
2257,0.073211156,0.02061089,0.029348945,0.019385342,0.04386221,0.0012255479
2258,0.20771104,0.1426066,0.059634767,0.03764976,0.14807627,0.10495684
2259,1.3727663,0.413678,0.5452289,0.39538306,0.82753736,0.01829493
2260,1.0094378,0.30685684,0.42749643,0.31018192,0.58194137,-0.003325075
2261,0.27627447,0.15124677,0.11115503,0.08301473,0.16511944,0.068232045
2262,0.7824274,0.22881554,0.33470884,0.24248767,0.44771853,-0.013672128
2263,0.25419647,0.081756085,0.12082813,0.08717387,0.13336834,-0.0054177865
2264,0.17096782,0.10145976,0.10514681,0.07191363,0.06582101,0.029546127
2265,1.0620176,0.101393156,0.18415847,0.12476692,0.8778591,-0.023373768
2266,0.74071646,0.2396219,0.3786752,0.27266425,0.36204126,-0.033042356
2267,0.2267954,0.112676434,0.13901564,0.10140723,0.08777976,0.011269204
2268,0.01629008,0.0058267782,0.017196115,0.008690602,-0.0009060353,-0.002863824
2269,1.0550016,0.2591941,0.2883444,0.21360588,0.76665723,0.045588225
2270,0.2355973,0.03493523,0.05238565,0.035602987,0.18321165,-0.0006677583
2271,1.2471635,0.11111337,0.18573593,0.1371611,1.0614276,-0.026047736
2272,0.34096283,0.08183766,0.13497385,0.09053157,0.20598897,-0.008693911
2273,1.152592,0.31144446,0.4106009,0.30266276,0.74199104,0.008781701
2274,1.048971,0.23059006,0.30172133,0.22704566,0.7472497,0.003544405
2275,1.207889,0.2605698,0.34300265,0.24218872,0.8648863,0.018381089
2276,0.030029083,0.006743279,0.023792136,0.021814832,0.006236946,-0.015071554
2277,0.054008175,0.020527326,0.019958228,0.017237993,0.034049947,0.0032893326
2278,1.0075991,0.13637383,0.17270844,0.12231328,0.83489066,0.014060549
2279,0.877325,0.15146503,0.17026356,0.11177591,0.7070614,0.039689116
2280,0.8469901,0.20044117,0.30182618,0.18390593,0.5451639,0.016535237
2281,0.66828847,0.21124887,0.2764657,0.20588705,0.39182276,0.005361825
2282,0.7371205,0.12860063,0.20414193,0.1394178,0.5329786,-0.01081717
2283,0.103493854,0.036927447,0.036369164,0.02682499,0.067124695,0.010102456
2284,0.98788846,0.12276001,0.290523,0.19640365,0.69736546,-0.07364364
2285,1.3519553,0.3657336,0.5211562,0.36161903,0.8307991,0.0041145682
2286,0.70895535,0.1789701,0.23870277,0.17365476,0.47025257,0.0053153336
2287,0.25403205,0.072152,0.05053135,0.032485817,0.20350069,0.039666187
2288,0.98769397,0.155801,0.28698993,0.20160553,0.70070404,-0.04580453
2289,0.72791284,0.17830576,0.29530215,0.19571069,0.4326107,-0.017404929
2290,1.1149104,0.25909635,0.26893836,0.19864354,0.845972,0.06045282
2291,0.9241893,0.27605158,0.32566696,0.22441001,0.59852237,0.05164157
2292,0.3621804,0.20481476,0.16596481,0.12714353,0.1962156,0.07767123
2293,0.22443081,0.11622298,0.13113557,0.07120512,0.09329525,0.04501786
2294,0.027107546,0.028107198,0.036988944,0.027853865,-0.009881398,0.00025333278
2295,0.75952816,0.20401141,0.31753737,0.21008882,0.4419908,-0.006077409
2296,0.90600425,0.13758165,0.13914345,0.10606657,0.7668608,0.031515077
2297,0.85624534,0.21877359,0.34966075,0.22481981,0.5065846,-0.0060462207
2298,0.612016,0.19574018,0.22920588,0.16091964,0.38281015,0.03482054
2299,0.07727818,-0.017926687,0.05953623,0.03828242,0.017741952,-0.05620911
2300,0.89009047,0.28775668,0.37290382,0.26262915,0.51718664,0.02512753
2301,0.15132102,0.05977656,0.07727244,0.060445346,0.074048586,-0.00066878647
2302,0.33509883,0.11056844,0.11567749,0.09117477,0.21942134,0.019393675
2303,1.1925182,0.28906724,0.3681851,0.24573484,0.82433313,0.043332398
2304,0.8286435,0.19707821,0.24367683,0.1709887,0.58496666,0.02608952
2305,0.03820129,0.024233267,0.015048118,0.014317428,0.023153173,0.009915839
2306,0.086804524,0.0028016174,0.054070156,0.040147845,0.032734368,-0.03734623
2307,0.29533944,0.111750856,0.1340492,0.09405389,0.16129023,0.01769697
2308,0.123844564,0.03646415,0.07816638,0.046117716,0.045678183,-0.009653565
2309,0.8951871,0.17505947,0.24860713,0.1790113,0.64658,-0.0039518327
2310,0.8055028,0.16061158,0.19997017,0.14957607,0.6055326,0.011035517
2311,0.3660246,0.06898433,0.11960991,0.07532109,0.2464147,-0.0063367635
2312,0.18376602,0.087309055,0.05461126,0.043103654,0.12915477,0.0442054
2313,0.15976158,0.050626256,0.07974003,0.05765342,0.080021545,-0.007027164
2314,0.08856778,-0.038341425,0.023519337,0.013312878,0.06504844,-0.0516543
2315,0.032849856,-0.0005066614,0.047451172,0.028881976,-0.014601316,-0.029388638
2316,0.2112505,0.061793692,0.056987714,0.04540048,0.15426278,0.01639321
2317,1.229043,0.28257123,0.33267274,0.23426338,0.8963703,0.04830785
2318,0.26511768,0.071016975,0.078133546,0.060134977,0.18698412,0.010881998
2319,0.07043464,0.05186997,0.038998947,0.026051804,0.03143569,0.025818165
2320,0.017163008,0.0073152953,0.011011663,0.014359275,0.0061513456,-0.0070439796
2321,0.19805843,0.08357506,0.09001447,0.0673918,0.108043954,0.016183265
2322,0.79428416,0.23323871,0.33488756,0.24133794,0.4593966,-0.008099228
2323,0.27888393,0.06501287,0.091776356,0.05974819,0.18710758,0.005264681
2324,0.09241141,0.08762281,0.061395906,0.047525514,0.0310155,0.040097293
2325,0.2541726,0.13548397,0.13892125,0.09032362,0.11525135,0.045160346
2326,0.08444988,-0.00559049,0.0702469,0.03811135,0.014202982,-0.043701842
2327,0.350272,0.15527514,0.14652494,0.112780415,0.20374706,0.04249472
2328,0.09441638,0.041776966,0.064745545,0.04790896,0.029670835,-0.0061319955
2329,0.48078784,0.11746454,0.15970208,0.119656935,0.32108575,-0.002192393
2330,0.10436675,0.045356926,0.04463605,0.029375115,0.0597307,0.01598181
2331,0.6265691,0.037207413,0.11840925,0.08830155,0.5081598,-0.051094133
2332,0.62442625,0.19250998,0.2365303,0.17907117,0.38789594,0.013438806
2333,1.085237,0.16230789,0.2424099,0.17465967,0.84282714,-0.012351781
2334,0.62798685,0.13925129,0.20999679,0.15846816,0.41799006,-0.019216865
2335,0.993151,0.20806243,0.26246685,0.20166695,0.73068416,0.006395474
2336,0.08696999,-0.0025606456,0.06294746,0.045505233,0.024022527,-0.04806588
2337,0.5924904,0.19265391,0.28941363,0.19869347,0.30307674,-0.00603956
2338,0.9653243,0.15939835,0.26805478,0.18447295,0.6972695,-0.025074601
2339,0.5329219,0.17223436,0.23039012,0.16311797,0.30253178,0.009116381
2340,0.043081995,-0.027917586,0.05108062,0.02691849,-0.007998627,-0.054836076
2341,0.079888664,0.0178101,0.03341133,0.01694503,0.046477333,0.00086507015
2342,0.48961556,0.19551386,0.24174091,0.14709035,0.24787465,0.048423514
2343,0.887781,0.2768518,0.38773796,0.2570117,0.50004303,0.019840091
2344,0.7145992,0.1744249,0.23652014,0.16819076,0.47807905,0.006234139
2345,0.27879655,0.054849967,0.09251054,0.06524614,0.18628602,-0.010396175
2346,0.474509,0.17576088,0.17240293,0.11784937,0.30210608,0.057911508
2347,0.9077589,0.24163945,0.33994117,0.2120626,0.5678177,0.029576853
2348,1.414285,0.29036713,0.4299818,0.32030588,0.9843031,-0.029938757
2349,0.0709702,0.060334,0.043066222,0.03853661,0.027903978,0.021797393
2350,0.500312,0.11243582,0.19098608,0.13137001,0.30932587,-0.01893419
2351,0.1375989,0.036061782,0.061799377,0.04229314,0.075799525,-0.0062313564
2352,0.9040569,0.3296355,0.39522094,0.28602365,0.508836,0.043611854
2353,0.21826155,0.066198476,0.0680625,0.056542806,0.15019906,0.009655669
2354,1.0358547,0.24146679,0.3086314,0.21494135,0.7272233,0.026525438
2355,0.6232542,0.17402226,0.19000052,0.13994363,0.43325365,0.034078628
2356,0.8694899,0.22332674,0.34999752,0.24971513,0.5194924,-0.026388392
2357,0.4409421,0.034485795,0.15512593,0.10235491,0.2858162,-0.06786911
2358,0.6484549,0.14270633,0.20074184,0.15650891,0.44771308,-0.013802573
2359,0.11938266,0.017601192,0.10334547,0.0649291,0.016037188,-0.047327906
2360,0.1755715,0.03413941,0.026669655,0.018589314,0.14890185,0.015550096
2361,0.7137633,0.1073583,0.17041421,0.11142214,0.5433491,-0.004063837
2362,1.0656968,0.32212272,0.44714683,0.3270086,0.61855,-0.004885882
2363,0.9017093,0.18522805,0.27920237,0.1865602,0.622507,-0.0013321489
2364,0.7024925,0.16381228,0.17364092,0.14738972,0.52885157,0.016422555
2365,1.3107069,0.2755059,0.3829627,0.2596992,0.92774415,0.015806705
2366,1.1914827,0.15055643,0.22498457,0.16260163,0.9664981,-0.012045205
2367,0.461993,0.17121515,0.23958877,0.1660277,0.22240424,0.005187452
2368,0.7259647,0.22340406,0.27428216,0.21180198,0.45168257,0.011602089
2369,0.90342826,0.24930017,0.29346132,0.20426929,0.60996693,0.045030877
2370,0.06602634,0.022050288,0.022187289,0.016399022,0.04383905,0.0056512654
2371,0.20225383,0.026557462,0.056690354,0.0391626,0.14556348,-0.012605136
2372,1.167853,0.27009574,0.3280735,0.24864054,0.8397795,0.021455199
2373,0.08027811,0.062815696,0.06431432,0.051103324,0.015963793,0.011712372
2374,0.038362507,0.12596221,0.027830247,0.02112782,0.01053226,0.10483439
2375,0.12832056,0.051578086,0.05247914,0.045818888,0.07584142,0.005759198
2376,0.08857039,0.061781082,0.0344635,0.026143769,0.054106895,0.03563731
2377,0.5626351,0.19676721,0.28567368,0.17749873,0.27696145,0.019268483
2378,1.106922,0.32916212,0.43103495,0.28464448,0.6758871,0.044517636
2379,0.23951425,-0.009695255,0.06635107,0.040556926,0.17316318,-0.05025218
2380,0.6731894,0.19796285,0.22985034,0.16904798,0.44333905,0.028914869
2381,0.83134854,0.23152599,0.30650836,0.21012981,0.5248402,0.021396175
2382,0.12387964,0.05811523,0.0506446,0.03192828,0.07323504,0.02618695
2383,0.4451939,0.08747873,0.13756119,0.09563099,0.30763268,-0.008152261
2384,1.2031093,0.3496862,0.5246544,0.34702742,0.6784549,0.0026587844
2385,1.0373585,0.29710618,0.3934179,0.27003387,0.6439406,0.02707231
2386,0.6755023,0.18815511,0.2631158,0.17468143,0.4123865,0.01347369
2387,0.92806983,0.19944371,0.2669672,0.17973138,0.66110265,0.019712329
2388,0.4437415,0.112705626,0.1197203,0.07901392,0.3240212,0.033691704
2389,0.6267978,0.16302364,0.19359982,0.12461133,0.43319798,0.038412303
2390,0.5622233,0.18357103,0.22618875,0.16089974,0.33603457,0.022671282
2391,0.91944885,0.18091697,0.2518247,0.17660485,0.6676241,0.004312113
2392,0.759991,0.18502273,0.2496799,0.19535618,0.5103111,-0.010333449
2393,0.09374613,0.14699887,0.07151194,0.053449374,0.022234194,0.09354949
2394,0.95527196,0.278704,0.37294117,0.26470968,0.5823308,0.013994306
2395,1.0140669,0.1716681,0.26162893,0.17644772,0.752438,-0.004779622
2396,-0.009380349,0.11413647,0.0070962072,0.0028642307,-0.016476557,0.11127224
2397,0.13740937,0.17245777,0.06668374,0.042794257,0.070725635,0.12966351
2398,0.16898768,0.038440444,0.07059674,0.04473068,0.09839094,-0.0062902346
2399,0.87103534,0.23861927,0.25713426,0.19765481,0.6139011,0.040964454
2400,0.34642953,0.121174544,0.106095314,0.06837902,0.24033421,0.052795522
2401,1.0852698,0.16860133,0.19394852,0.14090058,0.8913213,0.027700752
2402,0.08680359,0.02857206,0.026661852,0.02242944,0.060141742,0.00614262
2403,0.053387936,0.16751465,0.032615114,0.021714926,0.020772822,0.14579973
2404,0.05893134,0.05911144,0.033852886,0.027862946,0.025078453,0.031248493
2405,0.2633069,0.052523047,0.08282496,0.05823343,0.18048193,-0.005710382
2406,0.07014344,0.047360998,0.048011936,0.038349926,0.022131503,0.009011071
2407,0.8305239,0.27713764,0.40515295,0.29379195,0.42537096,-0.016654313
2408,0.3069163,0.1480024,0.2242947,0.14740673,0.08262159,0.0005956739
2409,0.05223802,0.0042751706,0.008635862,0.005209381,0.04360216,-0.0009342106
2410,0.06553765,-0.005686673,0.036780685,0.022276884,0.028756961,-0.027963556
2411,0.20621277,-0.021998134,0.07007085,0.043607622,0.13614193,-0.06560576
2412,0.88554287,0.2556606,0.33196297,0.25597867,0.5535799,-0.0003180802
2413,0.7337744,0.14245154,0.25857562,0.1709476,0.4751988,-0.028496057
2414,0.94638985,0.33455712,0.45715433,0.33509794,0.48923552,-0.00054082274
2415,0.06609678,0.07242236,0.07012884,0.056007244,-0.0040320605,0.01641512
2416,0.34260702,0.09330956,0.23325375,0.123058,0.109353274,-0.02974844
2417,0.30525163,0.079446875,0.115413204,0.08461188,0.18983842,-0.0051650032
2418,0.94067734,0.23944011,0.27773046,0.20891468,0.6629469,0.030525431
2419,0.8937127,0.12377306,0.15920788,0.11213859,0.7345048,0.011634469
2420,0.89239234,0.11835326,0.17504485,0.12335622,0.7173475,-0.0050029606
2421,0.7347072,0.18473211,0.26216573,0.18956596,0.47254145,-0.0048338473
2422,0.78010595,0.25164267,0.33907634,0.24979141,0.4410296,0.0018512607
2423,0.76181316,0.24222395,0.23387234,0.16537176,0.5279408,0.07685219
2424,0.84235364,0.11910053,0.22587283,0.13257004,0.6164808,-0.01346951
2425,0.9173382,0.2557896,0.36050335,0.25177634,0.5568348,0.00401327
2426,0.5554367,0.2078796,0.25314742,0.16637525,0.30228925,0.041504353
2427,0.25954124,0.070441484,0.09964578,0.06356665,0.15989546,0.006874837
2428,0.81857896,0.33289334,0.3761972,0.28404555,0.44238177,0.048847795
2429,0.610673,0.12462175,0.13077407,0.09763764,0.47989893,0.02698411
2430,0.79299414,0.18052036,0.29356742,0.19834559,0.49942672,-0.017825231
2431,0.37872362,0.10897649,0.11841892,0.09023125,0.2603047,0.018745244
2432,0.53530633,0.17207003,0.24797301,0.16009392,0.2873333,0.011976108
2433,-0.04420622,0.13481538,0.043356128,0.03245352,-0.08756235,0.10236186
2434,0.45235324,0.034012035,0.10007659,0.07639901,0.35227665,-0.04238698
2435,0.17992398,0.056293588,0.07069478,0.0561957,0.1092292,9.788945e-05
2436,0.06482213,0.021673342,0.05000503,0.037002042,0.0148171,-0.0153287
2437,1.037111,0.15461466,0.29316503,0.18886045,0.743946,-0.03424579
2438,1.2648635,0.2088925,0.34835055,0.24140844,0.91651297,-0.032515943
2439,0.749152,0.1874401,0.22827597,0.15982674,0.52087605,0.027613357
2440,0.031531136,0.13426141,0.073781624,0.050011463,-0.042250488,0.08424995
2441,1.191686,0.21276492,0.3117157,0.23812953,0.8799703,-0.025364608
2442,1.2746902,0.26835197,0.47175318,0.28609285,0.802937,-0.017740875
2443,1.0085582,0.19107778,0.23602423,0.18457505,0.7725339,0.0065027326
2444,0.6551748,0.13660504,0.20244665,0.14778176,0.45272815,-0.01117672
2445,0.6890602,0.1460007,0.24121578,0.17150472,0.44784445,-0.025504023
2446,0.241254,0.055010576,0.09535535,0.059473746,0.14589866,-0.0044631697
2447,0.10056938,0.013170332,0.03378036,0.02207945,0.06678902,-0.008909117
2448,-0.019880703,0.11649759,0.019272622,0.007416074,-0.039153323,0.109081514
2449,0.5928527,0.14276108,0.21127781,0.13956091,0.3815749,0.0032001734
2450,0.7262069,0.30015108,0.36359197,0.2814506,0.36261493,0.01870048
2451,0.8916739,0.16919427,0.30888012,0.2145365,0.58279383,-0.045342237
2452,0.70465493,0.110673055,0.19216898,0.1407122,0.512486,-0.030039147
2453,1.1899322,0.16530071,0.20219727,0.14121583,0.987735,0.024084881
2454,-0.018459477,0.11778785,0.016298879,0.0073095523,-0.034758355,0.1104783
2455,0.19441609,0.1311687,0.08526162,0.05420453,0.10915447,0.07696416
2456,1.2545024,0.18065298,0.2911056,0.19694534,0.9633968,-0.016292363
2457,0.2590009,0.014598973,0.1472139,0.0834646,0.11178699,-0.06886563
2458,0.798503,0.20934941,0.2834012,0.21106084,0.5151018,-0.0017114282
2459,0.8768072,0.12505528,0.19143459,0.13555765,0.6853726,-0.010502368
2460,0.8315545,0.2307353,0.35757694,0.23427269,0.47397754,-0.0035373867
2461,0.4556613,0.12775657,0.17457744,0.1235263,0.28108385,0.0042302683
2462,0.62704504,0.14129874,0.17564473,0.13030294,0.4514003,0.010995805
2463,0.1599784,0.13811898,0.07064124,0.04488737,0.08933716,0.09323161
2464,1.0326666,0.1991444,0.224297,0.15321857,0.8083696,0.045925826
2465,0.09175816,0.056712735,0.032743867,0.026734998,0.059014294,0.029977737
2466,0.9614306,0.20905638,0.30431408,0.22954051,0.65711653,-0.020484135
2467,0.2154439,0.09637822,0.07634799,0.0659459,0.1390959,0.030432321
2468,1.0612272,0.23574694,0.38295808,0.24602053,0.67826915,-0.010273591
2469,0.6646967,0.07896191,0.15292698,0.10471207,0.5117697,-0.02575016
2470,0.22441731,0.05149714,0.07919994,0.05811236,0.14521737,-0.0066152215
2471,0.30759838,0.06763312,0.16285148,0.103303,0.1447469,-0.035669878
2472,0.7900634,0.23288709,0.2877666,0.21290049,0.5022968,0.0199866
2473,0.23519646,0.00030061722,0.05351325,0.043233808,0.18168321,-0.042933192
2474,0.89517987,0.17038138,0.23144102,0.15785114,0.66373885,0.012530237
2475,0.66978836,0.1840733,0.24960916,0.1766561,0.4201792,0.007417202
2476,0.653703,0.2451087,0.31316,0.21826291,0.34054297,0.026845783
2477,0.96666706,0.2353356,0.30910215,0.21082811,0.6575649,0.024507493
2478,0.78489935,0.1974556,0.2586115,0.20326908,0.52628785,-0.0058134794
2479,0.60739064,0.15379778,0.19569899,0.14278266,0.41169167,0.011015117
2480,1.0945486,0.21206146,0.3370183,0.2345483,0.7575303,-0.022486836
2481,0.7690969,0.2589058,0.367256,0.26763192,0.40184093,-0.00872612
2482,0.12387523,0.062968105,0.048694845,0.038404193,0.07518038,0.024563912
2483,0.21157777,0.021876812,0.02291756,0.015776848,0.18866022,0.0060999636
2484,0.11550924,0.0495204,0.043829534,0.032383952,0.07167971,0.017136447
2485,1.3393047,0.37481934,0.6428532,0.4060418,0.6964515,-0.031222463
2486,1.085523,0.33081713,0.44237548,0.31444937,0.6431475,0.016367763
2487,0.531205,0.1869561,0.22862463,0.17195044,0.30258036,0.015005648
2488,-0.027636072,-0.0258249,0.008538237,0.007970182,-0.03617431,-0.03379508
2489,0.43651396,0.08568491,0.13909546,0.0981034,0.2974185,-0.012418486
2490,0.8967846,0.27032208,0.3766562,0.26404923,0.52012837,0.0062728524
2491,0.8621983,0.24153239,0.292281,0.2191402,0.5699173,0.022392184
2492,1.3842516,0.2911786,0.45916986,0.2919718,0.92508173,-0.0007931888
2493,0.93639386,0.16148417,0.19657099,0.13072565,0.73982286,0.030758515
2494,0.88046783,0.18837947,0.29655927,0.18657878,0.58390856,0.0018006861
2495,0.20264144,0.20470156,0.124306,0.10053755,0.07833544,0.104164004
2496,0.01472157,0.012606391,0.039984964,0.019893091,-0.025263395,-0.0072867004
2497,0.13233395,-0.0058520874,0.059241064,0.031879112,0.073092885,-0.0377312
2498,0.7829362,0.1419118,0.23694329,0.1445541,0.5459929,-0.0026422888
2499,-0.0029135237,0.022575678,0.0048350208,0.0069982014,-0.007748544,0.0155774765
2500,0.6630562,0.15971506,0.21768126,0.15560894,0.44537494,0.0041061193
2501,0.47738898,0.19539973,0.20188609,0.14805111,0.2755029,0.04734862
2502,0.18954885,0.06864148,0.13120738,0.084436744,0.058341473,-0.015795268
2503,0.9550234,0.22474995,0.29369769,0.20872188,0.6613257,0.016028076
2504,0.21864143,0.06312437,0.073763095,0.055860467,0.14487833,0.0072639063
2505,0.76356184,0.28297114,0.3354291,0.23420362,0.42813274,0.048767522
2506,1.0029659,0.17644182,0.22946215,0.15857102,0.7735038,0.017870799
2507,0.34521815,0.13418269,0.16410694,0.12358876,0.18111122,0.010593928
2508,1.3125846,0.3308196,0.48723006,0.33259445,0.8253546,-0.0017748475
2509,0.18707539,0.1771108,0.07134189,0.05696869,0.115733504,0.12014212
2510,0.80417913,0.16141754,0.20088086,0.14407904,0.6032983,0.0173385
2511,0.32080305,0.13438109,0.12146841,0.08433787,0.19933464,0.050043218
2512,1.137135,0.2755024,0.3870221,0.24919243,0.7501129,0.026309982
2513,0.55658835,0.086291924,0.117443465,0.08438884,0.43914488,0.0019030869
2514,0.31890777,0.15652137,0.103654124,0.07526816,0.21525365,0.08125321
2515,0.06485072,-0.018834952,0.034666114,0.02399834,0.030184604,-0.04283329
2516,0.25927258,0.03825487,0.04451404,0.03381807,0.21475853,0.0044367984
2517,0.6996108,0.2202958,0.25078526,0.1744468,0.44882557,0.045848995
2518,0.8975857,0.31465423,0.45138773,0.3387405,0.44619796,-0.024086267
2519,0.9125705,0.17693247,0.24792266,0.1736428,0.6646478,0.0032896698
2520,1.1694026,0.3941587,0.474799,0.3588386,0.69460356,0.035320103
2521,0.10314798,0.013929008,0.048022997,0.034349117,0.055124987,-0.02042011
2522,0.6251826,0.18117522,0.24639907,0.16925927,0.37878355,0.011915952
2523,0.7438168,0.25879207,0.37560847,0.24763314,0.36820832,0.011158928
2524,0.28995168,0.030545486,0.08343076,0.055807732,0.20652092,-0.025262246
2525,-0.037080277,-0.041104082,0.026244905,0.012812826,-0.06332518,-0.05391691
2526,1.0270942,0.24136488,0.38607922,0.2685649,0.64101505,-0.027200028
2527,0.8581588,0.18098946,0.25125632,0.17791411,0.6069025,0.0030753464
2528,0.83031946,0.18709323,0.3558315,0.2376194,0.47448796,-0.050526172
2529,0.78187287,0.32034755,0.42129612,0.29400828,0.36057675,0.026339263
2530,0.20568913,0.115999185,0.13719495,0.09798181,0.068494186,0.018017374
2531,0.2965429,0.1417088,0.20301187,0.13188747,0.09353104,0.00982134
2532,0.081245095,-0.0045376387,0.027317787,0.019778337,0.05392731,-0.024315976
2533,0.25377497,0.11261371,0.10652163,0.073470294,0.14725333,0.039143413
2534,1.2331113,0.26329726,0.37943134,0.27968603,0.8536799,-0.016388774
2535,0.17465769,0.02578233,0.098365225,0.0579333,0.07629246,-0.03215097
2536,0.27140313,0.0767282,0.06560442,0.043901995,0.20579872,0.032826208
2537,0.7005105,0.22602907,0.26363546,0.19703764,0.43687505,0.028991431
2538,0.32143992,0.047750767,0.15807961,0.10391259,0.16336031,-0.056161825
2539,0.2891643,0.07682791,0.102200076,0.07213704,0.18696423,0.0046908706
2540,0.49189013,0.13826121,0.23036973,0.13966183,0.2615204,-0.0014006197
2541,0.50977695,0.19031845,0.21740672,0.15773301,0.29237023,0.032585442
2542,0.03290984,0.12089498,0.073869295,0.0570288,-0.040959455,0.06386618
2543,0.15919873,0.0776183,0.049387604,0.04116804,0.10981113,0.03645026
2544,0.07192487,0.022620622,0.026574638,0.022445956,0.045350235,0.00017466582
2545,0.79051,0.19037104,0.24173951,0.17282021,0.5487705,0.017550826
2546,0.97663987,0.1423302,0.23391202,0.16929713,0.7427279,-0.02696693
2547,0.9163047,0.28195873,0.32059604,0.25281316,0.59570867,0.029145569
2548,1.2508982,0.20371346,0.31361374,0.2065428,0.93728447,-0.002829343
2549,0.95083696,0.19595855,0.26472402,0.16335897,0.68611294,0.032599583
2550,0.5286696,0.06120442,0.082495846,0.05677735,0.44617376,0.004427068
2551,1.0722902,0.14009528,0.22570379,0.15991324,0.8465864,-0.019817963
2552,0.76517546,0.2419935,0.3041581,0.22111452,0.46101737,0.020878986
2553,0.7478914,0.17153735,0.11246015,0.09094721,0.6354313,0.080590144
2554,1.225585,0.18306144,0.26693973,0.19307181,0.9586452,-0.010010377
2555,0.74637496,0.08644746,0.16827358,0.11634777,0.5781014,-0.029900305
2556,0.07793614,0.05247418,0.052956652,0.04093895,0.02497949,0.011535227
2557,0.16997163,0.060019072,0.0716862,0.049468424,0.09828543,0.010550648
2558,0.47504345,0.15195133,0.18442386,0.13235828,0.29061958,0.019593045
2559,0.19212873,0.07365106,0.075867996,0.053832643,0.11626074,0.019818418
